{"type":"FeatureCollection","features":[{"type":"Feature","properties":{"std_name":"Puerto Rico and Island Areas Division","std_geoid":"0","pen":"statisticians","std_note":null},"geometry":{"type":"MultiPolygon","coordinates":[[[[-168.21869,-14.51237],[-168.19953,-14.49013],[-168.18678,-14.48325],[-168.15223,-14.47785],[-168.13489,-14.48457],[-168.11594,-14.50023],[-168.10469,-14.52482],[-168.10223,-14.55403],[-168.1104,-14.57917],[-168.11614,-14.58705],[-168.1358,-14.59968],[-168.17354,-14.60134],[-168.19511,-14.59707],[-168.20676,-14.59009],[-168.21799,-14.57513],[-168.226,-14.54704],[-168.22453,-14.52451],[-168.21869,-14.51237]]],[[[-170.57283,-14.33674],[-170.5865,-14.33103],[-170.63746,-14.33691],[-170.64818,-14.34745],[-170.65449,-14.36425],[-170.66039,-14.37138],[-170.72575,-14.41594],[-170.73902,-14.41995],[-170.75985,-14.41814],[-170.77434,-14.41314],[-170.78587,-14.40052],[-170.80396,-14.39575],[-170.81227,-14.38878],[-170.8231,-14.37179],[-170.85233,-14.36635],[-170.86594,-14.35858],[-170.8837,-14.34269],[-170.88925,-14.3309],[-170.89029,-14.31719],[-170.875,-14.2876],[-170.84027,-14.25802],[-170.8295,-14.25769],[-170.82326,-14.25],[-170.81678,-14.24765],[-170.75,-14.24123],[-170.7416,-14.2293],[-170.72629,-14.22268],[-170.72033,-14.21473],[-170.70392,-14.20337],[-170.7028,-14.19686],[-170.68709,-14.18224],[-170.65532,-14.17554],[-170.63663,-14.17874],[-170.60223,-14.20037],[-170.58166,-14.1964],[-170.53678,-14.20434],[-170.5106,-14.23213],[-170.50646,-14.2543],[-170.49472,-14.26596],[-170.49034,-14.28247],[-170.49149,-14.30169],[-170.5,-14.31762],[-170.50944,-14.32876],[-170.51968,-14.33316],[-170.55954,-14.33805],[-170.57283,-14.33674]]],[[[-169.47324,-14.31636],[-169.48269,-14.31725],[-169.5134,-14.30779],[-169.5329,-14.27401],[-169.55887,-14.25892],[-169.56381,-14.25],[-169.56685,-14.22148],[-169.58833,-14.23377],[-169.60865,-14.23791],[-169.62282,-14.23569],[-169.63135,-14.22797],[-169.64673,-14.23258],[-169.67267,-14.23289],[-169.69284,-14.2216],[-169.71419,-14.20073],[-169.7258,-14.18097],[-169.72527,-14.15562],[-169.71732,-14.13331],[-169.70232,-14.12035],[-169.67802,-14.11152],[-169.66149,-14.1089],[-169.63049,-14.11371],[-169.61508,-14.10681],[-169.59924,-14.10539],[-169.57571,-14.11359],[-169.56237,-14.125],[-169.54762,-14.16358],[-169.54701,-14.18433],[-169.54255,-14.17978],[-169.5,-14.16605],[-169.43212,-14.17126],[-169.4121,-14.16864],[-169.39518,-14.17001],[-169.38564,-14.17461],[-169.37721,-14.18126],[-169.3669,-14.20208],[-169.36752,-14.2613],[-169.375,-14.28849],[-169.3974,-14.30718],[-169.4195,-14.31142],[-169.44597,-14.30483],[-169.47324,-14.31636]]],[[[-171.09488,-10.9978],[-171.07463,-10.9972],[-171.03634,-11.00291],[-171.01928,-11.01225],[-171.01407,-11.0237],[-171.01138,-11.07814],[-171.01963,-11.09463],[-171.03217,-11.10509],[-171.04887,-11.10929],[-171.09834,-11.10787],[-171.12063,-11.10091],[-171.13387,-11.09053],[-171.14115,-11.07382],[-171.14116,-11.04622],[-171.13745,-11.03009],[-171.1114,-11.00379],[-171.09488,-10.9978]]],[[[144.56545,13.46039],[144.57199,13.47451],[144.58534,13.49046],[144.61657,13.51308],[144.63743,13.51755],[144.66312,13.51523],[144.69301,13.52902],[144.72547,13.53174],[144.73748,13.54428],[144.75,13.55189],[144.76471,13.58264],[144.77742,13.59862],[144.78111,13.625],[144.7896,13.65331],[144.81192,13.68442],[144.83847,13.70269],[144.86044,13.70588],[144.88915,13.69822],[144.91255,13.68303],[144.94051,13.65057],[144.96178,13.64877],[144.98158,13.64121],[145.00311,13.61814],[145.00879,13.59589],[145.00821,13.58624],[144.98947,13.54719],[144.97204,13.5],[144.95405,13.47891],[144.93228,13.46936],[144.91721,13.45237],[144.89888,13.44264],[144.88222,13.42486],[144.87027,13.41819],[144.85708,13.40383],[144.82659,13.38145],[144.82082,13.33365],[144.82165,13.2988],[144.81799,13.28045],[144.80468,13.26018],[144.80273,13.25118],[144.78315,13.23511],[144.77074,13.21573],[144.75649,13.20326],[144.74056,13.19519],[144.68833,13.19103],[144.6358,13.18245],[144.61522,13.18897],[144.59621,13.2077],[144.59034,13.22388],[144.59087,13.23933],[144.59342,13.25],[144.60837,13.27061],[144.60397,13.28097],[144.60299,13.29515],[144.58473,13.3125],[144.57857,13.32858],[144.57818,13.34929],[144.5846,13.37641],[144.59304,13.39242],[144.5739,13.41117],[144.56816,13.42226],[144.56397,13.4389],[144.56545,13.46039]]],[[[-64.94793,17.70634],[-64.93894,17.71753],[-64.94681,17.74803],[-64.9436,17.76261],[-64.93154,17.78897],[-64.91634,17.80454],[-64.8993,17.81546],[-64.88273,17.82034],[-64.86157,17.821],[-64.84214,17.81475],[-64.81941,17.82809],[-64.78964,17.83417],[-64.76766,17.83264],[-64.74707,17.83518],[-64.73355,17.83284],[-64.71851,17.82592],[-64.69752,17.80876],[-64.68617,17.81509],[-64.67328,17.83151],[-64.65235,17.84238],[-64.63228,17.84495],[-64.60215,17.84086],[-64.56712,17.82279],[-64.55619,17.81055],[-64.52982,17.793],[-64.51601,17.77144],[-64.51267,17.75714],[-64.51686,17.73868],[-64.52472,17.7227],[-64.54875,17.70304],[-64.57699,17.69452],[-64.60682,17.67711],[-64.64684,17.66024],[-64.66119,17.65931],[-64.70814,17.64754],[-64.75644,17.63065],[-64.7946,17.62504],[-64.81153,17.62569],[-64.8257,17.63154],[-64.85131,17.63117],[-64.86556,17.63533],[-64.89253,17.62423],[-64.90802,17.62396],[-64.92584,17.62904],[-64.94358,17.6441],[-64.95503,17.66661],[-64.95638,17.68365],[-64.94793,17.70634]]],[[[-67.98254,18.19748],[-67.95592,18.21023],[-67.93694,18.20937],[-67.91617,18.2001],[-67.90876,18.19311],[-67.90149,18.18406],[-67.89493,18.16667],[-67.88556,18.16384],[-67.87463,18.16878],[-67.85244,18.17011],[-67.83441,18.16365],[-67.81126,18.14389],[-67.79946,18.12806],[-67.79199,18.10746],[-67.79151,18.07467],[-67.80284,18.05074],[-67.83006,18.0196],[-67.87139,18.00031],[-67.90089,17.99948],[-67.92293,18.00608],[-67.94583,18.01754],[-67.98284,18.04581],[-67.99342,18.06241],[-67.9983,18.08376],[-67.99591,18.09491],[-67.98692,18.1093],[-67.98615,18.11919],[-67.99514,18.12921],[-67.99875,18.15903],[-67.99724,18.1799],[-67.98254,18.19748]]],[[[-66.31648,17.87824],[-66.35851,17.87632],[-66.37265,17.86995],[-66.39415,17.86954],[-66.41111,17.87384],[-66.42449,17.88199],[-66.44167,17.87153],[-66.46174,17.86967],[-66.47939,17.85202],[-66.51331,17.83542],[-66.53094,17.83151],[-66.54856,17.83325],[-66.5642,17.8401],[-66.58308,17.86216],[-66.5868,17.87479],[-66.58574,17.8885],[-66.57407,17.91314],[-66.59167,17.90872],[-66.61427,17.91531],[-66.64167,17.91197],[-66.65935,17.90136],[-66.67706,17.89676],[-66.69333,17.90099],[-66.7134,17.91285],[-66.76189,17.91788],[-66.773,17.91484],[-66.78815,17.91606],[-66.80501,17.90648],[-66.82531,17.90045],[-66.872,17.89141],[-66.89056,17.89371],[-66.90273,17.88191],[-66.921,17.87518],[-66.93833,17.87847],[-66.95402,17.8765],[-66.97692,17.87873],[-67.00602,17.8858],[-67.01991,17.88435],[-67.05805,17.89198],[-67.12106,17.89618],[-67.14279,17.90057],[-67.15907,17.88804],[-67.17635,17.88252],[-67.1945,17.88174],[-67.21705,17.8883],[-67.23348,17.89951],[-67.24104,17.91037],[-67.24962,17.91404],[-67.26068,17.92854],[-67.266,17.94418],[-67.26749,17.98307],[-67.25992,18.01313],[-67.26133,18.0387],[-67.25536,18.05767],[-67.2606,18.07521],[-67.26017,18.0848],[-67.24962,18.1102],[-67.23537,18.12015],[-67.23902,18.14187],[-67.2359,18.1757],[-67.23003,18.19029],[-67.21424,18.21135],[-67.22506,18.22865],[-67.23046,18.24656],[-67.24962,18.25069],[-67.26973,18.26139],[-67.28596,18.28216],[-67.31991,18.34319],[-67.32325,18.36388],[-67.31869,18.38103],[-67.30272,18.40156],[-67.28049,18.41206],[-67.24963,18.41857],[-67.20794,18.44228],[-67.22134,18.47616],[-67.22163,18.498],[-67.21649,18.498],[-67.20574,18.51713],[-67.17551,18.54371],[-67.16047,18.55254],[-67.13916,18.55895],[-67.08827,18.568],[-67.01709,18.56264],[-66.99962,18.55844],[-66.99962,18.5562],[-66.96866,18.54299],[-66.9081,18.5333],[-66.90209,18.53524],[-66.90211,18.53842],[-66.88387,18.54166],[-66.83669,18.54021],[-66.80422,18.54378],[-66.77044,18.54003],[-66.73461,18.52601],[-66.68799,18.53833],[-66.64233,18.54353],[-66.60752,18.54384],[-66.58709,18.53995],[-66.5566,18.54025],[-66.47856,18.52442],[-66.45295,18.53896],[-66.39965,18.54376],[-66.37851,18.54057],[-66.33881,18.54038],[-66.30246,18.52828],[-66.26007,18.52944],[-66.21211,18.52184],[-66.19407,18.52651],[-66.12935,18.52451],[-66.10765,18.51921],[-66.04599,18.51767],[-66.02155,18.51172],[-65.9934,18.5166],[-65.96545,18.51015],[-65.94814,18.50265],[-65.93259,18.50104],[-65.90796,18.50537],[-65.89013,18.50329],[-65.87699,18.49955],[-65.85772,18.48725],[-65.8327,18.4862],[-65.80531,18.47825],[-65.7572,18.4732],[-65.74961,18.46951],[-65.74961,18.4647],[-65.72366,18.45445],[-65.70981,18.43843],[-65.69138,18.43074],[-65.67861,18.41853],[-65.65792,18.42891],[-65.64608,18.44222],[-65.62461,18.45126],[-65.58668,18.44333],[-65.46398,18.39348],[-65.42433,18.39087],[-65.40824,18.41126],[-65.3929,18.41895],[-65.37666,18.42148],[-65.35639,18.41749],[-65.32263,18.40329],[-65.30292,18.3875],[-65.28638,18.38734],[-65.2442,18.39749],[-65.22094,18.39527],[-65.20848,18.38937],[-65.19514,18.37768],[-65.18176,18.35773],[-65.17163,18.33344],[-65.1685,18.31335],[-65.17167,18.29421],[-65.19493,18.25384],[-65.21149,18.24128],[-65.22758,18.23577],[-65.25293,18.23802],[-65.27339,18.2282],[-65.29722,18.2274],[-65.31558,18.23449],[-65.32594,18.2446],[-65.34122,18.24513],[-65.3604,18.25344],[-65.37805,18.26727],[-65.40391,18.27643],[-65.42377,18.29138],[-65.46154,18.2933],[-65.45704,18.26814],[-65.46537,18.24368],[-65.47443,18.2334],[-65.48938,18.2253],[-65.53384,18.21836],[-65.54174,18.21037],[-65.55464,18.18477],[-65.52424,18.20851],[-65.51063,18.21391],[-65.46443,18.22221],[-65.44876,18.21915],[-65.4315,18.20867],[-65.39474,18.21174],[-65.34786,18.20592],[-65.32878,18.19993],[-65.27199,18.19624],[-65.25279,18.18717],[-65.23201,18.17084],[-65.22291,18.16039],[-65.21626,18.14355],[-65.21619,18.12302],[-65.22325,18.10522],[-65.2496,18.08431],[-65.27239,18.0804],[-65.29607,18.0718],[-65.31222,18.07114],[-65.33391,18.06219],[-65.3505,18.06204],[-65.3746,18.05559],[-65.391,18.05639],[-65.4016,18.04896],[-65.4403,18.03717],[-65.47823,18.03687],[-65.49586,18.04202],[-65.52433,18.0297],[-65.5497,18.02845],[-65.5948,18.04508],[-65.61053,18.05808],[-65.6246,18.07747],[-65.63068,18.09867],[-65.63097,18.12302],[-65.62859,18.13408],[-65.61805,18.15418],[-65.66653,18.12774],[-65.68942,18.1264],[-65.70392,18.11231],[-65.7161,18.10627],[-65.72366,18.08504],[-65.73911,18.07078],[-65.74961,18.03879],[-65.76107,18.02753],[-65.78238,18.019],[-65.78221,18.00298],[-65.79764,17.97698],[-65.81098,17.96745],[-65.82785,17.9624],[-65.85253,17.94149],[-65.87793,17.93763],[-65.89932,17.92799],[-65.92175,17.92261],[-65.94461,17.92057],[-65.97288,17.92325],[-65.99961,17.9001],[-66.01889,17.89413],[-66.0498,17.89775],[-66.07672,17.91067],[-66.10369,17.88923],[-66.1223,17.87946],[-66.1485,17.87793],[-66.17971,17.88256],[-66.19365,17.87304],[-66.2203,17.86289],[-66.25737,17.86559],[-66.28281,17.87838],[-66.30309,17.88211],[-66.31648,17.87824]]],[[[-64.77342,18.26051],[-64.80129,18.24511],[-64.79926,18.22932],[-64.80277,18.21337],[-64.81852,18.19206],[-64.83335,18.18346],[-64.85804,18.17959],[-64.87253,18.18348],[-64.88975,18.19424],[-64.89978,18.20652],[-64.90615,18.22419],[-64.92103,18.22884],[-64.93371,18.23797],[-64.94647,18.25722],[-65.01982,18.25236],[-65.03157,18.25628],[-65.05019,18.26913],[-65.05775,18.25416],[-65.0768,18.2382],[-65.10083,18.23263],[-65.11727,18.23477],[-65.14262,18.25079],[-65.15412,18.27743],[-65.15364,18.29314],[-65.1507,18.30285],[-65.13769,18.32056],[-65.13994,18.33629],[-65.13514,18.35085],[-65.11743,18.38023],[-65.11306,18.39576],[-65.11222,18.41883],[-65.10041,18.43954],[-65.09179,18.4471],[-65.06067,18.45975],[-65.04152,18.4591],[-65.0173,18.44932],[-65.00777,18.4407],[-64.98239,18.45071],[-64.96918,18.45095],[-64.95046,18.44629],[-64.94269,18.45416],[-64.92764,18.46195],[-64.89986,18.46447],[-64.89103,18.46216],[-64.87391,18.40626],[-64.86498,18.39593],[-64.83062,18.3952],[-64.80033,18.4076],[-64.785,18.4038],[-64.778,18.38621],[-64.75692,18.37669],[-64.72983,18.37795],[-64.72702,18.37473],[-64.7082,18.37374],[-64.7016,18.37064],[-64.68329,18.37257],[-64.66848,18.36558],[-64.64044,18.364],[-64.63914,18.35519],[-64.64369,18.34411],[-64.63774,18.31976],[-64.66385,18.28538],[-64.6613,18.26736],[-64.66426,18.26127],[-64.67823,18.25232],[-64.69449,18.24876],[-64.72017,18.25069],[-64.74874,18.26306],[-64.77342,18.26051]]],[[[-67.51536,18.42756],[-67.49186,18.4373],[-67.47302,18.43813],[-67.45164,18.43059],[-67.43409,18.41716],[-67.4213,18.39851],[-67.41757,18.38013],[-67.42197,18.36175],[-67.43157,18.34733],[-67.454,18.33126],[-67.4809,18.32599],[-67.5023,18.33116],[-67.52832,18.34913],[-67.54053,18.36877],[-67.54303,18.38612],[-67.53749,18.40634],[-67.51536,18.42756]]],[[[144.86329,20.613],[144.89913,20.61656],[144.92304,20.61437],[144.94141,20.60832],[144.97109,20.58119],[144.97749,20.56226],[144.97915,20.52586],[144.96385,20.5],[144.92643,20.47009],[144.89867,20.46412],[144.87852,20.46347],[144.84506,20.47407],[144.82676,20.49177],[144.82613,20.5],[144.81604,20.5233],[144.81334,20.54476],[144.81544,20.56282],[144.82107,20.5781],[144.83343,20.59514],[144.8461,20.60516],[144.86329,20.613]]],[[[145.09146,14.16874],[145.08937,14.17904],[145.09194,14.19363],[145.11431,14.21691],[145.14309,14.23132],[145.15699,14.23515],[145.17833,14.23502],[145.20139,14.25375],[145.21679,14.26192],[145.23562,14.2666],[145.26381,14.2662],[145.27106,14.26232],[145.27659,14.25431],[145.30453,14.25629],[145.3517,14.24441],[145.365,14.22661],[145.37448,14.20083],[145.37141,14.17013],[145.34918,14.13641],[145.35149,14.125],[145.33964,14.10828],[145.32556,14.0989],[145.29914,14.09194],[145.28456,14.07111],[145.27392,14.064],[145.23302,14.05253],[145.21956,14.05598],[145.19725,14.04274],[145.17799,14.03656],[145.15973,14.04303],[145.13334,14.03935],[145.12733,14.04411],[145.09691,14.04705],[145.07775,14.06041],[145.06541,14.07863],[145.0596,14.09907],[145.05897,14.125],[145.07524,14.15911],[145.09146,14.16874]]],[[[145.64915,15.14079],[145.6693,15.16196],[145.68697,15.19736],[145.68844,15.23628],[145.6917,15.24701],[145.70851,15.27527],[145.73543,15.31265],[145.78181,15.34835],[145.80285,15.35783],[145.85281,15.35189],[145.87598,15.3345],[145.89635,15.30873],[145.90937,15.27408],[145.89189,15.21991],[145.87985,15.19326],[145.875,15.15024],[145.87916,15.1451],[145.87598,15.13544],[145.86493,15.13019],[145.85976,15.12376],[145.83741,15.12007],[145.83872,15.11599],[145.83389,15.10194],[145.8258,15.0924],[145.80268,15.07562],[145.75007,15.0666],[145.74269,15.01422],[145.74775,14.97122],[145.73076,14.9173],[145.69467,14.87313],[145.68374,14.86423],[145.65313,14.85737],[145.63269,14.81907],[145.61647,14.80084],[145.59172,14.78143],[145.56206,14.7738],[145.53262,14.77269],[145.50773,14.77937],[145.48268,14.79921],[145.47256,14.81915],[145.46785,14.83709],[145.4702,14.86488],[145.48935,14.8987],[145.55224,14.93272],[145.56289,14.93428],[145.54101,14.94959],[145.52477,14.97146],[145.51559,14.99149],[145.5136,15.02683],[145.51832,15.05628],[145.53502,15.08921],[145.5726,15.12502],[145.64915,15.14079]]],[[[146.05077,16.09337],[146.09403,16.09728],[146.125,16.08548],[146.13818,16.07465],[146.15192,16.05187],[146.15442,16.02277],[146.15067,16.00632],[146.13316,15.98102],[146.08816,15.95295],[146.04444,15.94789],[146.01071,15.97067],[146.00322,16.0],[146.00199,16.02878],[146.01425,16.05744],[146.03037,16.07723],[146.05077,16.09337]]],[[[145.64964,16.44965],[145.67571,16.45235],[145.72075,16.44828],[145.75,16.43765],[145.77088,16.41228],[145.78012,16.3835],[145.78282,16.35992],[145.76764,16.32397],[145.73291,16.29331],[145.6932,16.27399],[145.64991,16.27377],[145.6038,16.28936],[145.57507,16.30581],[145.56008,16.34125],[145.55884,16.37415],[145.57133,16.40199],[145.625,16.4425],[145.64964,16.44965]]],[[[145.7083,16.75],[145.73074,16.76988],[145.76977,16.78775],[145.79239,16.79197],[145.82319,16.78212],[145.8679,16.74176],[145.86763,16.69052],[145.85494,16.66013],[145.84208,16.64792],[145.82191,16.63706],[145.78123,16.63047],[145.76296,16.63224],[145.75,16.63922],[145.73831,16.64095],[145.72185,16.65185],[145.71175,16.66568],[145.70003,16.7109],[145.70217,16.73571],[145.7083,16.75]]],[[[145.76906,17.35272],[145.80157,17.38699],[145.85054,17.40119],[145.875,17.39157],[145.89641,17.38839],[145.90453,17.375],[145.9161,17.37208],[145.92155,17.36675],[145.93655,17.34037],[145.92601,17.33329],[145.92582,17.29713],[145.91831,17.27982],[145.90371,17.26083],[145.89564,17.2564],[145.89072,17.24331],[145.86561,17.23072],[145.84682,17.22527],[145.82738,17.22868],[145.79361,17.25],[145.77421,17.27308],[145.76605,17.29062],[145.76338,17.30586],[145.76239,17.32467],[145.76475,17.32975],[145.76131,17.33631],[145.76906,17.35272]]],[[[145.74666,17.59937],[145.78544,17.66852],[145.80011,17.68409],[145.82812,17.69082],[145.85687,17.69055],[145.89393,17.6803],[145.91084,17.66766],[145.9177,17.65463],[145.92445,17.59912],[145.91833,17.56724],[145.90955,17.54796],[145.89666,17.53354],[145.875,17.52047],[145.83236,17.51292],[145.80113,17.52051],[145.77673,17.53597],[145.75884,17.55195],[145.75,17.56426],[145.74678,17.57681],[145.74666,17.59937]]],[[[145.65449,18.09766],[145.66846,18.13721],[145.68549,18.15362],[145.68478,18.17112],[145.69535,18.19487],[145.73967,18.23022],[145.75952,18.24109],[145.79405,18.24307],[145.84002,18.23383],[145.85599,18.2232],[145.88029,18.18637],[145.88714,18.16851],[145.89065,18.15507],[145.88347,18.10933],[145.875,18.08659],[145.86422,18.06863],[145.84424,18.04554],[145.80925,18.02952],[145.77786,18.00343],[145.7441,17.98604],[145.69539,17.98984],[145.66402,18.00925],[145.6456,18.0457],[145.64375,18.05795],[145.65475,18.09094],[145.65449,18.09766]]],[[[145.60019,18.85878],[145.625,18.875],[145.64675,18.87961],[145.67609,18.88055],[145.70419,18.875],[145.72572,18.85983],[145.75,18.82709],[145.76492,18.79557],[145.76893,18.77813],[145.7698,18.75],[145.76433,18.73163],[145.73662,18.68791],[145.70029,18.66428],[145.6827,18.65753],[145.6612,18.65917],[145.625,18.67266],[145.60861,18.68228],[145.59226,18.70248],[145.57689,18.72965],[145.56313,18.77869],[145.56408,18.7924],[145.5754,18.82043],[145.60019,18.85878]]],[[[145.3159,19.71404],[145.35969,19.75641],[145.38497,19.76412],[145.42433,19.76015],[145.43528,19.75561],[145.47271,19.72673],[145.48984,19.70358],[145.49562,19.67992],[145.49057,19.6707],[145.48841,19.65698],[145.45498,19.60488],[145.4275,19.59096],[145.40002,19.58843],[145.36914,19.59671],[145.33033,19.615],[145.31296,19.65369],[145.30487,19.68453],[145.30633,19.69841],[145.3159,19.71404]]],[[[145.2032,20.1018],[145.23361,20.10267],[145.26515,20.09536],[145.28557,20.08194],[145.29972,20.06584],[145.31497,20.03296],[145.30415,20.00358],[145.30568,20.0],[145.29254,19.9793],[145.27222,19.96152],[145.25,19.94855],[145.21214,19.94734],[145.18312,19.95191],[145.1426,19.98625],[145.13189,20.03956],[145.14617,20.07639],[145.17865,20.09651],[145.2032,20.1018]]]]}},{"type":"Feature","properties":{"std_name":"New England Division","std_geoid":"1","pen":"statisticians","std_note":null},"geometry":{"type":"MultiPolygon","coordinates":[[[[-71.6783,41.1489],[-71.66786,41.20063],[-71.64301,41.23132],[-71.64084,41.2501],[-71.63497,41.26368],[-71.6245,41.27413],[-71.59159,41.28932],[-71.55757,41.29402],[-71.53598,41.28618],[-71.51635,41.27155],[-71.4922,41.24088],[-71.48458,41.21749],[-71.48984,41.1947],[-71.4786,41.17579],[-71.47702,41.15566],[-71.49143,41.1251],[-71.51754,41.10708],[-71.5693,41.09718],[-71.61167,41.09741],[-71.64034,41.10843],[-71.66835,41.12825],[-71.6783,41.1489]]],[[[-72.08179,41.26224],[-72.99955,41.08711],[-73.24956,41.02587],[-73.61289,40.95094],[-73.65967,40.98791],[-73.65723,40.99091],[-73.66027,41.00048],[-73.65525,41.01225],[-73.72777,41.1007],[-73.4827,41.21277],[-73.55096,41.29542],[-73.48962,42.00009],[-73.48732,42.04953],[-73.49702,42.04962],[-73.50821,42.08613],[-73.26483,42.74585],[-73.27642,42.74602],[-73.29094,42.80192],[-73.28369,42.81386],[-73.28706,42.82014],[-73.28539,42.83409],[-73.27867,42.83341],[-73.27831,42.83756],[-73.25647,43.26009],[-73.2477,43.52317],[-73.24189,43.52942],[-73.24158,43.53496],[-73.25013,43.54343],[-73.24782,43.54505],[-73.25041,43.55043],[-73.24864,43.55386],[-73.25449,43.5556],[-73.2526,43.55685],[-73.25863,43.56495],[-73.26899,43.56993],[-73.26793,43.57225],[-73.28086,43.57358],[-73.28491,43.57927],[-73.29529,43.57678],[-73.29732,43.57937],[-73.29211,43.58454],[-73.29694,43.58731],[-73.29102,43.59924],[-73.29802,43.61003],[-73.30277,43.60978],[-73.30038,43.6178],[-73.30255,43.62571],[-73.30644,43.62833],[-73.31117,43.62409],[-73.31785,43.6285],[-73.3277,43.62591],[-73.33419,43.62799],[-73.34007,43.62465],[-73.34451,43.62628],[-73.34875,43.62146],[-73.35427,43.62619],[-73.37189,43.62449],[-73.36984,43.61939],[-73.37639,43.60882],[-73.37247,43.60485],[-73.37737,43.5984],[-73.38349,43.59737],[-73.38214,43.59182],[-73.3869,43.59077],[-73.38246,43.58658],[-73.38525,43.58326],[-73.38329,43.5772],[-73.39577,43.56809],[-73.42864,43.58399],[-73.43123,43.58828],[-73.42162,43.60302],[-73.42371,43.61236],[-73.41767,43.62169],[-73.42842,43.63545],[-73.42646,43.6426],[-73.41551,43.65245],[-73.40413,43.68134],[-73.40474,43.69021],[-73.39552,43.69683],[-73.38588,43.71134],[-73.37061,43.72533],[-73.36994,43.74386],[-73.35076,43.77139],[-73.35815,43.78648],[-73.37679,43.79916],[-73.38072,43.81082],[-73.39252,43.82134],[-73.38819,43.83266],[-73.37666,43.83943],[-73.37259,43.84535],[-73.38231,43.85606],[-73.37416,43.87624],[-73.38369,43.89128],[-73.39618,43.90326],[-73.40855,43.93189],[-73.40574,43.95593],[-73.41251,43.98222],[-73.40601,44.01142],[-73.40765,44.02111],[-73.41251,44.02835],[-73.42288,44.03255],[-73.43791,44.04512],[-73.42972,44.07859],[-73.41151,44.11195],[-73.41614,44.13235],[-73.40305,44.14498],[-73.39581,44.16627],[-73.39717,44.17384],[-73.38982,44.18176],[-73.39062,44.19107],[-73.36227,44.20852],[-73.35048,44.22989],[-73.34283,44.23445],[-73.34338,44.23819],[-73.33038,44.24431],[-73.32372,44.24416],[-73.31274,44.26541],[-73.31221,44.28007],[-73.3242,44.31003],[-73.32402,44.33384],[-73.33465,44.35688],[-73.33495,44.36444],[-73.33361,44.3723],[-73.31504,44.38853],[-73.29363,44.4389],[-73.30012,44.45471],[-73.29916,44.47291],[-73.30671,44.50033],[-73.32085,44.51363],[-73.32204,44.52529],[-73.32975,44.52956],[-73.33161,44.53592],[-73.33901,44.5433],[-73.33875,44.54805],[-73.35679,44.55792],[-73.37495,44.57582],[-73.37567,44.58204],[-73.38185,44.58932],[-73.37685,44.5996],[-73.38293,44.61218],[-73.39023,44.61835],[-73.3865,44.62692],[-73.38678,44.63637],[-73.37856,44.64148],[-73.38448,44.64668],[-73.37832,44.65216],[-73.37907,44.65677],[-73.37458,44.66189],[-73.36967,44.66348],[-73.37272,44.66874],[-73.37184,44.67696],[-73.36721,44.67851],[-73.37014,44.68485],[-73.36131,44.69452],[-73.36598,44.69756],[-73.36556,44.74179],[-73.35436,44.7553],[-73.34709,44.77298],[-73.33571,44.78209],[-73.33315,44.78876],[-73.33504,44.80411],[-73.37945,44.83801],[-73.38159,44.84935],[-73.37982,44.85704],[-73.3691,44.86668],[-73.35622,44.90449],[-73.33898,44.91768],[-73.33824,44.96475],[-73.35022,44.97622],[-73.35463,44.98735],[-73.34318,45.01071],[-72.84699,45.01666],[-72.63466,45.01469],[-72.55538,45.00802],[-72.45043,45.00856],[-72.31195,45.00379],[-71.50102,45.01344],[-71.50016,45.02349],[-71.49711,45.0236],[-71.50014,45.02608],[-71.49255,45.03355],[-71.49092,45.04264],[-71.49328,45.04577],[-71.50661,45.04756],[-71.50439,45.05237],[-71.4972,45.0558],[-71.50127,45.05873],[-71.4971,45.06012],[-71.49567,45.06475],[-71.49804,45.07019],[-71.48776,45.07137],[-71.48729,45.07867],[-71.48263,45.079],[-71.47812,45.08434],[-71.46788,45.08365],[-71.46439,45.09335],[-71.45835,45.09516],[-71.45845,45.09883],[-71.44929,45.10447],[-71.44879,45.11257],[-71.44033,45.11369],[-71.42839,45.12367],[-71.4261,45.12947],[-71.4376,45.14188],[-71.4264,45.15268],[-71.42349,45.16067],[-71.42493,45.16584],[-71.41845,45.17053],[-71.41442,45.18479],[-71.40694,45.18995],[-71.4042,45.19497],[-71.40586,45.1977],[-71.39734,45.20352],[-71.40312,45.2153],[-71.41581,45.21836],[-71.42074,45.22385],[-71.44351,45.2348],[-71.44282,45.23829],[-71.43422,45.23842],[-71.42105,45.2322],[-71.40215,45.2426],[-71.38414,45.23351],[-71.37834,45.24349],[-71.36277,45.2483],[-71.35654,45.2539],[-71.36321,45.26674],[-71.36028,45.27033],[-71.35345,45.26861],[-71.33641,45.27274],[-71.3308,45.28028],[-71.30759,45.28748],[-71.29623,45.29914],[-71.28422,45.30236],[-71.28052,45.29459],[-71.27269,45.29657],[-71.26495,45.29379],[-71.26297,45.27743],[-71.25939,45.27203],[-71.24562,45.2688],[-71.23559,45.26091],[-71.23061,45.24942],[-71.2221,45.25336],[-71.22063,45.25073],[-71.21266,45.25012],[-71.19643,45.25405],[-71.1801,45.23994],[-71.1732,45.24632],[-71.16233,45.25035],[-71.14857,45.24287],[-71.14756,45.23944],[-71.13291,45.24451],[-71.12794,45.25369],[-71.12412,45.25514],[-71.11631,45.27408],[-71.10719,45.27835],[-71.10544,45.2828],[-71.11099,45.28438],[-71.0982,45.30167],[-71.0591,45.31384],[-71.03372,45.31002],[-71.02709,45.31469],[-71.00852,45.31924],[-71.00187,45.32843],[-71.01212,45.33387],[-71.013,45.34423],[-71.01037,45.34766],[-70.99085,45.3381],[-70.98498,45.33191],[-70.96732,45.33222],[-70.95238,45.33912],[-70.94949,45.33132],[-70.93889,45.31998],[-70.92997,45.31881],[-70.92716,45.31485],[-70.91783,45.31172],[-70.91961,45.30526],[-70.912,45.29631],[-70.92133,45.27923],[-70.9075,45.26844],[-70.9059,45.26083],[-70.89851,45.25833],[-70.89515,45.25226],[-70.89825,45.24408],[-70.89505,45.24032],[-70.88284,45.23425],[-70.85819,45.22915],[-70.83807,45.23462],[-70.83664,45.2373],[-70.84863,45.24518],[-70.84653,45.25301],[-70.84962,45.25591],[-70.84894,45.26309],[-70.84125,45.26701],[-70.8319,45.27891],[-70.82994,45.29018],[-70.83546,45.29396],[-70.81629,45.29818],[-70.81154,45.30377],[-70.81463,45.30816],[-70.80843,45.31182],[-70.80609,45.32158],[-70.80758,45.32766],[-70.81808,45.33259],[-70.8199,45.3402],[-70.8098,45.34867],[-70.81447,45.35668],[-70.80253,45.36568],[-70.81377,45.38776],[-70.82393,45.39102],[-70.82574,45.40026],[-70.81282,45.41141],[-70.81133,45.41617],[-70.80251,45.41794],[-70.7981,45.42652],[-70.78758,45.42647],[-70.78144,45.43123],[-70.7644,45.42593],[-70.75458,45.42831],[-70.74401,45.42117],[-70.74357,45.41186],[-70.73038,45.40438],[-70.72965,45.3991],[-70.72385,45.39557],[-70.71201,45.39048],[-70.6995,45.39454],[-70.69616,45.39242],[-70.67817,45.39427],[-70.66166,45.38631],[-70.65877,45.37767],[-70.65044,45.37719],[-70.63489,45.38342],[-70.63888,45.38882],[-70.63632,45.39523],[-70.62127,45.40274],[-70.63505,45.41107],[-70.6355,45.41489],[-70.63115,45.41589],[-70.62787,45.4226],[-70.63048,45.42677],[-70.64045,45.43078],[-70.65073,45.44494],[-70.68111,45.45218],[-70.68182,45.46169],[-70.69287,45.46636],[-70.69172,45.47427],[-70.7164,45.48647],[-70.71784,45.49023],[-70.7116,45.50181],[-70.72269,45.50651],[-70.72257,45.51367],[-70.71112,45.51953],[-70.70646,45.52792],[-70.6991,45.53013],[-70.70092,45.53249],[-70.69652,45.54],[-70.68698,45.54931],[-70.6771,45.55221],[-70.68919,45.56218],[-70.68512,45.56657],[-70.68769,45.56942],[-70.67809,45.5705],[-70.65396,45.59281],[-70.64457,45.60699],[-70.61915,45.61202],[-70.60704,45.62565],[-70.59087,45.63046],[-70.58357,45.6424],[-70.56494,45.65481],[-70.56371,45.66274],[-70.55859,45.66648],[-70.54239,45.66646],[-70.53391,45.67101],[-70.52639,45.66636],[-70.51991,45.66907],[-70.51078,45.67916],[-70.47606,45.69692],[-70.46547,45.70653],[-70.43916,45.70387],[-70.42541,45.70752],[-70.4292,45.71039],[-70.40035,45.71972],[-70.39651,45.72908],[-70.3901,45.7285],[-70.38384,45.73455],[-70.39389,45.74009],[-70.39451,45.74359],[-70.38842,45.75021],[-70.40703,45.76253],[-70.40562,45.77652],[-70.41018,45.78424],[-70.41574,45.78535],[-70.41687,45.79554],[-70.39616,45.79866],[-70.39669,45.8081],[-70.38779,45.81435],[-70.38803,45.8188],[-70.37224,45.828],[-70.36934,45.83117],[-70.37082,45.8352],[-70.35943,45.83545],[-70.34194,45.85234],[-70.30781,45.85885],[-70.28446,45.8717],[-70.25882,45.89117],[-70.26572,45.89375],[-70.25387,45.90248],[-70.25339,45.90737],[-70.25953,45.90976],[-70.25718,45.91764],[-70.26235,45.92004],[-70.26309,45.92399],[-70.23963,45.93964],[-70.23914,45.94394],[-70.24428,45.94468],[-70.24232,45.94664],[-70.25279,45.9554],[-70.26053,45.95229],[-70.25802,45.95898],[-70.26571,45.96421],[-70.27448,45.96138],[-70.27269,45.96437],[-70.277,45.96725],[-70.28339,45.96378],[-70.31586,45.96299],[-70.31157,45.96636],[-70.31193,45.97452],[-70.30703,45.97835],[-70.30699,45.98269],[-70.29467,45.98616],[-70.28394,45.99549],[-70.28863,45.99401],[-70.29192,45.99736],[-70.30237,45.99868],[-70.30612,46.00977],[-70.318,46.01908],[-70.30137,46.02762],[-70.29846,46.03088],[-70.30185,46.03334],[-70.29736,46.04071],[-70.28105,46.05065],[-70.27832,46.05629],[-70.27894,46.06084],[-70.28425,46.06272],[-70.30038,46.06059],[-70.31096,46.06418],[-70.30253,46.07036],[-70.30503,46.0718],[-70.29998,46.07841],[-70.30191,46.08236],[-70.29202,46.08679],[-70.28971,46.09457],[-70.28418,46.09789],[-70.28594,46.09983],[-70.27253,46.10209],[-70.25311,46.10012],[-70.25453,46.1137],[-70.23628,46.14523],[-70.24059,46.15097],[-70.24823,46.15181],[-70.26657,46.16933],[-70.27759,46.17457],[-70.28594,46.18463],[-70.29061,46.18514],[-70.29269,46.19146],[-70.27107,46.21082],[-70.27365,46.21683],[-70.26748,46.21941],[-70.26734,46.22502],[-70.26037,46.23023],[-70.2592,46.23892],[-70.25089,46.24911],[-70.25468,46.25421],[-70.25307,46.25883],[-70.24866,46.26708],[-70.24067,46.27295],[-70.23988,46.27915],[-70.23253,46.28471],[-70.23163,46.29103],[-70.20588,46.29973],[-70.2061,46.30986],[-70.20298,46.31436],[-70.20729,46.31955],[-70.20605,46.32474],[-70.20894,46.32949],[-70.1957,46.34083],[-70.19119,46.35022],[-70.18169,46.35218],[-70.17289,46.35919],[-70.16656,46.35736],[-70.15643,46.36145],[-70.14809,46.35899],[-70.14109,46.36252],[-70.13644,46.36987],[-70.12699,46.37081],[-70.12703,46.3804],[-70.11621,46.38592],[-70.11665,46.38822],[-70.11421,46.3852],[-70.11076,46.38611],[-70.11232,46.38809],[-70.10776,46.38772],[-70.10988,46.39027],[-70.09878,46.40107],[-70.10042,46.40315],[-70.09777,46.40424],[-70.10094,46.40526],[-70.09517,46.40642],[-70.09694,46.40948],[-70.07645,46.40954],[-70.0565,46.41558],[-69.99711,46.69552],[-69.61285,47.07903],[-69.22446,47.45983],[-69.2052,47.45195],[-69.1789,47.45738],[-69.16493,47.45152],[-69.16226,47.44743],[-69.1565,47.45164],[-69.14561,47.44859],[-69.14106,47.444],[-69.1393,47.44664],[-69.12361,47.44069],[-69.12202,47.4427],[-69.10779,47.43538],[-69.10774,47.42768],[-69.09888,47.43145],[-69.09785,47.42689],[-69.09127,47.42683],[-69.09014,47.42414],[-69.06839,47.42741],[-69.06191,47.43059],[-69.06355,47.43406],[-69.05212,47.43001],[-69.04855,47.42419],[-69.05215,47.42214],[-69.04655,47.42427],[-69.04743,47.42774],[-69.04322,47.42678],[-69.0392,47.41965],[-69.04225,47.41571],[-69.03452,47.41457],[-69.0366,47.40768],[-69.0306,47.40742],[-69.03238,47.40222],[-69.04249,47.40475],[-69.03524,47.4018],[-69.04273,47.40197],[-69.04185,47.39823],[-69.03757,47.39684],[-69.04377,47.39743],[-69.04541,47.39299],[-69.03964,47.38421],[-69.04748,47.38342],[-69.05003,47.37855],[-69.05488,47.37772],[-69.05487,47.31533],[-69.04924,47.30585],[-69.05347,47.29718],[-69.0497,47.28928],[-69.05078,47.27847],[-69.04684,47.27159],[-69.05075,47.25648],[-69.03377,47.2404],[-68.9804,47.22011],[-68.96528,47.21252],[-68.96119,47.20569],[-68.95285,47.20689],[-68.95078,47.202],[-68.94106,47.20608],[-68.92844,47.1966],[-68.92374,47.19738],[-68.91995,47.19483],[-68.91978,47.18993],[-68.90844,47.18634],[-68.90003,47.17774],[-68.89552,47.18243],[-68.88215,47.18291],[-68.87103,47.18907],[-68.85744,47.19034],[-68.81153,47.21513],[-68.76435,47.22204],[-68.71702,47.24054],[-68.70511,47.23787],[-68.68715,47.24441],[-68.65985,47.23612],[-68.61751,47.24337],[-68.60752,47.24698],[-68.59355,47.25877],[-68.59767,47.27016],[-68.58005,47.28712],[-68.5498,47.28214],[-68.51677,47.29609],[-68.49016,47.29386],[-68.47503,47.29714],[-68.46562,47.29461],[-68.45849,47.28437],[-68.44877,47.28201],[-68.42981,47.28126],[-68.40985,47.28801],[-68.37786,47.28737],[-68.37472,47.29102],[-68.37632,47.29518],[-68.38479,47.30366],[-68.38084,47.30823],[-68.38471,47.32408],[-68.37772,47.34355],[-68.36313,47.35466],[-68.33219,47.35997],[-68.30326,47.35524],[-68.2848,47.36029],[-68.26491,47.35222],[-68.23447,47.3553],[-68.22812,47.35336],[-68.22372,47.3447],[-68.21453,47.33961],[-68.20235,47.33942],[-68.17605,47.32887],[-68.15468,47.32518],[-68.15221,47.30967],[-68.13589,47.29565],[-68.08194,47.27099],[-68.07399,47.25916],[-68.01967,47.2385],[-67.9897,47.21002],[-67.95722,47.19962],[-67.95194,47.19453],[-67.95146,47.18346],[-67.92866,47.15622],[-67.90983,47.14722],[-67.90349,47.13649],[-67.89086,47.12656],[-67.88817,47.10981],[-67.88292,47.1044],[-67.82111,47.08341],[-67.7902,47.06722],[-67.78125,45.94345],[-67.77784,45.93421],[-67.77347,45.93482],[-67.76594,45.93054],[-67.76624,45.92803],[-67.75856,45.92638],[-67.75063,45.91764],[-67.75537,45.91166],[-67.76532,45.90975],[-67.76953,45.90081],[-67.76805,45.89811],[-67.78751,45.89468],[-67.80391,45.8829],[-67.80455,45.86938],[-67.79615,45.86524],[-67.7985,45.86405],[-67.79711,45.86003],[-67.78728,45.84955],[-67.7688,45.839],[-67.76377,45.82884],[-67.75532,45.82335],[-67.76564,45.81853],[-67.78069,45.81776],[-67.80212,45.80303],[-67.80648,45.7944],[-67.80385,45.7811],[-67.80551,45.76954],[-67.80931,45.76736],[-67.80627,45.75524],[-67.79288,45.75008],[-67.7818,45.73112],[-67.80962,45.72957],[-67.80293,45.69609],[-67.81801,45.69382],[-67.80363,45.67765],[-67.76872,45.67749],[-67.7543,45.66757],[-67.74442,45.67292],[-67.73247,45.66338],[-67.72723,45.66264],[-67.72007,45.66226],[-67.71794,45.66766],[-67.72995,45.67668],[-67.73455,45.68892],[-67.72825,45.68924],[-67.71781,45.67941],[-67.70957,45.68133],[-67.69794,45.65955],[-67.69131,45.65353],[-67.6923,45.65009],[-67.67523,45.63074],[-67.64557,45.61334],[-67.63978,45.61608],[-67.64396,45.62315],[-67.6391,45.62512],[-67.60837,45.60615],[-67.58986,45.60678],[-67.56169,45.59469],[-67.548,45.59785],[-67.51922,45.58757],[-67.49902,45.58665],[-67.48796,45.59582],[-67.49411,45.59894],[-67.49329,45.60134],[-67.47718,45.60391],[-67.47249,45.60052],[-67.4567,45.60434],[-67.45002,45.60247],[-67.44733,45.59661],[-67.42553,45.57843],[-67.42319,45.57159],[-67.42887,45.56834],[-67.42067,45.54968],[-67.42508,45.54026],[-67.43247,45.54041],[-67.43486,45.52814],[-67.4327,45.51978],[-67.42093,45.51179],[-67.41621,45.50129],[-67.42282,45.5055],[-67.43011,45.50102],[-67.45014,45.51027],[-67.45346,45.50885],[-67.44892,45.50213],[-67.45159,45.49907],[-67.4636,45.50838],[-67.46989,45.50583],[-67.47124,45.50085],[-67.46373,45.49706],[-67.4776,45.49705],[-67.48169,45.49381],[-67.48549,45.4956],[-67.48953,45.48915],[-67.50007,45.4909],[-67.50371,45.4867],[-67.50095,45.47894],[-67.48723,45.46773],[-67.48211,45.4594],[-67.48503,45.45276],[-67.47647,45.44332],[-67.48039,45.44094],[-67.47268,45.42322],[-67.46124,45.42223],[-67.45273,45.40968],[-67.42764,45.39102],[-67.41924,45.3771],[-67.42113,45.37357],[-67.43017,45.37162],[-67.43453,45.36496],[-67.43355,45.36082],[-67.42535,45.35742],[-67.43146,45.34976],[-67.42888,45.34439],[-67.43123,45.34107],[-67.44061,45.33604],[-67.4436,45.33087],[-67.45691,45.32525],[-67.45184,45.31768],[-67.46031,45.30002],[-67.46807,45.29899],[-67.46613,45.29386],[-67.47472,45.29168],[-67.47611,45.28863],[-67.48508,45.29115],[-67.48966,45.28213],[-67.4835,45.27945],[-67.48203,45.27537],[-67.47642,45.2754],[-67.47311,45.25864],[-67.4642,45.24511],[-67.45385,45.24124],[-67.43699,45.22274],[-67.42797,45.20179],[-67.42927,45.19347],[-67.41811,45.19],[-67.40654,45.1789],[-67.40052,45.17767],[-67.3992,45.16895],[-67.40477,45.16678],[-67.40503,45.16006],[-67.38072,45.15214],[-67.35344,45.12917],[-67.34085,45.12504],[-67.33051,45.1318],[-67.32082,45.13133],[-67.3177,45.13802],[-67.32001,45.1424],[-67.29597,45.14784],[-67.29422,45.15363],[-67.30163,45.157],[-67.30269,45.16071],[-67.29934,45.16918],[-67.29143,45.17104],[-67.29405,45.17717],[-67.29099,45.18757],[-67.28336,45.19186],[-67.26922,45.19051],[-67.24743,45.18089],[-67.24281,45.17244],[-67.22728,45.16343],[-67.20508,45.17141],[-67.19089,45.16571],[-67.15887,45.16204],[-67.11256,45.11258],[-67.09455,45.07451],[-67.02166,44.95391],[-66.99685,44.92837],[-66.96871,44.91039],[-66.98213,44.86726],[-66.97477,44.85097],[-66.97486,44.84161],[-66.9653,44.8289],[-66.93256,44.82551],[-66.88544,44.79421],[-66.90256,44.77656],[-66.95227,44.76042],[-66.97752,44.73124],[-67.01077,44.71732],[-67.02397,44.70509],[-67.03928,44.69697],[-67.05021,44.68105],[-67.08828,44.65273],[-67.09671,44.63919],[-67.11059,44.6288],[-67.12745,44.62142],[-67.14085,44.60827],[-67.17432,44.5947],[-67.19149,44.57954],[-67.23587,44.55814],[-67.27923,44.55032],[-67.30082,44.54986],[-67.31548,44.53327],[-67.33598,44.5227],[-67.35678,44.51809],[-67.3882,44.5204],[-67.41388,44.50964],[-67.4434,44.50528],[-67.44126,44.50008],[-67.44423,44.48113],[-67.45524,44.46487],[-67.46688,44.45732],[-67.47303,44.44834],[-67.49943,44.42755],[-67.56758,44.39721],[-67.62741,44.38347],[-67.65498,44.38671],[-67.67464,44.39463],[-67.69582,44.3877],[-67.71533,44.3865],[-67.74174,44.39083],[-67.75857,44.39826],[-67.77475,44.41131],[-67.79899,44.39836],[-67.80557,44.39102],[-67.79604,44.37952],[-67.79526,44.36116],[-67.8008,44.34748],[-67.80969,44.33651],[-67.82373,44.32704],[-67.85834,44.31702],[-67.87444,44.31692],[-67.89815,44.32213],[-67.92518,44.34143],[-67.94241,44.32607],[-67.96078,44.31927],[-67.96558,44.306],[-67.97365,44.29516],[-67.99945,44.2802],[-68.02784,44.27421],[-68.06096,44.27826],[-68.12828,44.26425],[-68.12066,44.24432],[-68.12263,44.22604],[-68.13758,44.20686],[-68.15649,44.19484],[-68.17075,44.19011],[-68.16839,44.17291],[-68.17586,44.12508],[-68.18581,44.11196],[-68.20336,44.09959],[-68.23024,44.0905],[-68.26314,44.09062],[-68.27921,44.06994],[-68.31139,44.05343],[-68.3688,44.04522],[-68.43684,44.05323],[-68.44656,44.04258],[-68.46301,44.03211],[-68.48494,44.02831],[-68.48741,44.01778],[-68.49311,44.01056],[-68.53072,43.98662],[-68.54728,43.96862],[-68.56839,43.95797],[-68.59416,43.95373],[-68.61873,43.95589],[-68.64101,43.94936],[-68.65959,43.94799],[-68.68968,43.9542],[-68.70719,43.96383],[-68.72148,43.96194],[-68.74265,43.94315],[-68.7262,43.94338],[-68.707,43.93918],[-68.67926,43.92345],[-68.66872,43.90883],[-68.66379,43.89393],[-68.66943,43.86958],[-68.68466,43.85465],[-68.71275,43.8384],[-68.74947,43.83253],[-68.78532,43.80434],[-68.78122,43.78514],[-68.78614,43.76836],[-68.80056,43.75009],[-68.81723,43.73965],[-68.83617,43.73358],[-68.86145,43.73251],[-68.92017,43.74739],[-68.93817,43.76034],[-68.94984,43.78017],[-68.98116,43.78379],[-69.00992,43.79844],[-69.02429,43.81984],[-69.02278,43.84251],[-69.05589,43.85891],[-69.06494,43.84191],[-69.083,43.82565],[-69.14983,43.79574],[-69.17104,43.79319],[-69.1972,43.79599],[-69.22656,43.8122],[-69.23655,43.82563],[-69.26234,43.81537],[-69.24254,43.79976],[-69.23328,43.78096],[-69.23338,43.76232],[-69.2381,43.75008],[-69.26203,43.72543],[-69.28295,43.71377],[-69.30895,43.70501],[-69.33509,43.70448],[-69.35638,43.71088],[-69.38759,43.73611],[-69.39721,43.76337],[-69.39531,43.78026],[-69.38728,43.79902],[-69.40927,43.81082],[-69.46987,43.7939],[-69.50579,43.77846],[-69.51583,43.76098],[-69.51416,43.75008],[-69.51909,43.73212],[-69.53531,43.71453],[-69.55094,43.70714],[-69.56662,43.70283],[-69.5967,43.70329],[-69.61729,43.69981],[-69.64405,43.70358],[-69.66474,43.71175],[-69.68633,43.6982],[-69.69339,43.68338],[-69.70834,43.66822],[-69.7304,43.65727],[-69.74949,43.65398],[-69.78658,43.65813],[-69.80883,43.64734],[-69.82752,43.64496],[-69.85521,43.64695],[-70.15599,43.52444],[-70.26843,43.42635],[-70.2804,43.40874],[-70.31895,43.39014],[-70.34619,43.35818],[-70.35164,43.3391],[-70.3674,43.32332],[-70.39671,43.31247],[-70.42181,43.29749],[-70.45531,43.29035],[-70.47327,43.291],[-70.49323,43.28683],[-70.50219,43.26812],[-70.52083,43.2521],[-70.51238,43.24271],[-70.50632,43.21883],[-70.51118,43.20121],[-70.51967,43.19102],[-70.52292,43.17889],[-70.52168,43.15488],[-70.49949,43.16685],[-70.48636,43.17026],[-70.46494,43.1708],[-70.44094,43.16664],[-70.41964,43.15255],[-70.40723,43.13844],[-70.40305,43.11952],[-70.40624,43.10209],[-70.42108,43.08665],[-70.43977,43.07654],[-70.46899,43.07073],[-70.49301,43.07304],[-70.51043,43.08012],[-70.5302,43.09373],[-70.53742,43.10585],[-70.54013,43.13055],[-70.55303,43.12358],[-70.56539,43.10659],[-70.58216,43.09549],[-70.59063,43.06736],[-70.59966,43.05694],[-70.57307,43.05289],[-70.55835,43.04726],[-70.54218,43.03404],[-70.53254,43.01999],[-70.52888,43.00577],[-70.53475,42.98848],[-70.53599,42.95617],[-70.54459,42.93768],[-70.55298,42.92925],[-70.57349,42.91765],[-70.59288,42.913],[-70.61409,42.91286],[-70.6504,42.92061],[-70.66778,42.92746],[-70.68442,42.94027],[-70.6944,42.95675],[-70.70899,42.93815],[-70.72602,42.92852],[-70.72797,42.89094],[-70.73501,42.87468],[-70.74883,42.85883],[-70.74552,42.84444],[-70.73487,42.82448],[-70.73365,42.80366],[-70.73722,42.78796],[-70.72585,42.75902],[-70.71927,42.7501],[-70.71432,42.73191],[-70.70258,42.72416],[-70.66131,42.73661],[-70.62594,42.73972],[-70.54931,42.72416],[-70.52966,42.70705],[-70.51393,42.68059],[-70.50214,42.63547],[-70.50214,42.62458],[-70.52179,42.59346],[-70.54537,42.57012],[-70.58271,42.553],[-70.60629,42.53122],[-70.69039,42.279],[-70.6887,42.26347],[-70.68406,42.25384],[-70.64862,42.23736],[-70.64011,42.22837],[-70.63633,42.2029],[-70.64295,42.17818],[-70.60838,42.13848],[-70.27743,42.11435],[-70.24947,42.12693],[-70.22917,42.13119],[-70.17254,42.13452],[-70.12069,42.1251],[-70.0671,42.10533],[-70.01159,42.07338],[-69.96948,42.02925],[-69.92911,41.97848],[-69.90918,41.94206],[-69.86652,41.81701],[-69.86006,41.7585],[-69.85895,41.70692],[-69.86288,41.67315],[-69.86813,41.65679],[-69.89856,41.6061],[-69.9154,41.58924],[-69.92152,41.5709],[-69.92463,41.54465],[-69.9364,41.52194],[-69.95817,41.50466],[-69.97129,41.49887],[-69.99817,41.4934],[-70.01386,41.47744],[-70.04031,41.46596],[-70.07374,41.46502],[-70.10151,41.47444],[-70.11439,41.48408],[-70.12668,41.5037],[-70.12855,41.52473],[-70.12256,41.53783],[-70.10203,41.55635],[-70.08032,41.56445],[-70.06335,41.59017],[-70.06857,41.6107],[-70.07793,41.61253],[-70.12695,41.6002],[-70.16036,41.59937],[-70.1815,41.59355],[-70.20804,41.58415],[-70.22556,41.56856],[-70.24946,41.56015],[-70.2789,41.55932],[-70.31125,41.57106],[-70.34634,41.56845],[-70.39516,41.55672],[-70.4239,41.52873],[-70.44857,41.51309],[-70.46644,41.50616],[-70.5086,41.49896],[-70.49494,41.47963],[-70.48969,41.46298],[-70.46395,41.468],[-70.43645,41.46892],[-70.40593,41.45701],[-70.39289,41.44548],[-70.38587,41.43372],[-70.38081,41.412],[-70.38345,41.36993],[-70.37011,41.36877],[-70.35308,41.38146],[-70.32359,41.39161],[-70.30244,41.38963],[-70.26728,41.39343],[-70.23814,41.3862],[-70.22162,41.37177],[-70.21511,41.36028],[-70.17491,41.35729],[-70.1487,41.34522],[-70.13794,41.34637],[-70.11934,41.35264],[-70.09784,41.35358],[-70.11133,41.37039],[-70.11654,41.39513],[-70.10582,41.41987],[-70.09441,41.43081],[-70.06517,41.44269],[-70.04427,41.4438],[-70.0259,41.44108],[-70.00647,41.4339],[-69.96963,41.40351],[-69.91009,41.31726],[-69.89489,41.29037],[-69.89221,41.27132],[-69.89901,41.24554],[-69.91032,41.22685],[-69.93095,41.21054],[-69.95359,41.19967],[-69.99946,41.1883],[-70.0257,41.1871],[-70.07267,41.19163],[-70.10968,41.1898],[-70.17885,41.20453],[-70.23998,41.22846],[-70.28574,41.24235],[-70.34408,41.27615],[-70.37447,41.26946],[-70.40873,41.27729],[-70.42907,41.26865],[-70.45985,41.26525],[-70.49331,41.27998],[-70.5122,41.29831],[-70.57185,41.30009],[-70.65509,41.29617],[-70.70311,41.28904],[-70.7165,41.26945],[-70.73484,41.25923],[-70.73367,41.25012],[-70.73891,41.23643],[-70.75419,41.21609],[-70.76784,41.20649],[-70.78358,41.20122],[-70.80595,41.19874],[-70.82364,41.20065],[-70.84775,41.20581],[-70.86634,41.2154],[-70.87733,41.22414],[-70.89054,41.24309],[-70.8942,41.25944],[-70.89034,41.27736],[-70.88568,41.28507],[-70.87003,41.29707],[-70.88447,41.31016],[-70.901,41.33461],[-70.90374,41.35508],[-70.89602,41.37015],[-70.95575,41.35016],[-70.97923,41.34964],[-70.99948,41.3541],[-71.0148,41.36202],[-71.0327,41.38027],[-71.03992,41.39826],[-71.0336,41.41409],[-71.05345,41.41696],[-71.08504,41.43347],[-71.12459,41.41147],[-71.24996,41.37771],[-71.37449,41.33901],[-71.4948,41.30736],[-71.52659,41.3088],[-71.57525,41.32095],[-71.65957,41.29665],[-71.6726,41.28908],[-71.69504,41.28265],[-71.71999,41.28115],[-71.73956,41.27545],[-71.77843,41.27511],[-71.79148,41.27217],[-71.79097,41.1841],[-71.90726,41.30448],[-71.92945,41.31039],[-72.01921,41.29059],[-72.08179,41.26224]]]]}},{"type":"Feature","properties":{"std_name":"Middle Atlantic Division","std_geoid":"2","pen":"statisticians","std_note":null},"geometry":{"type":"Polygon","coordinates":[[[-74.47731,39.28869],[-74.49082,39.27395],[-74.50847,39.26097],[-74.52396,39.24026],[-74.56524,39.21064],[-74.58374,39.18722],[-74.59535,39.17775],[-74.6036,39.16295],[-74.6246,39.14358],[-74.64428,39.11482],[-74.63987,39.09465],[-74.64687,39.07621],[-74.66161,39.06128],[-74.68219,39.04982],[-74.71557,39.00922],[-74.7284,38.97425],[-74.73342,38.96766],[-74.74961,38.95406],[-74.77394,38.94279],[-74.80068,38.92058],[-74.80939,38.90696],[-74.82433,38.89626],[-74.8408,38.8901],[-74.87216,38.88779],[-74.90799,38.87932],[-75.01512,38.78866],[-75.16846,39.05618],[-75.19167,39.079],[-75.24902,39.15895],[-75.32102,39.25138],[-75.46944,39.37315],[-75.48136,39.38755],[-75.56054,39.45564],[-75.56359,39.48305],[-75.55909,39.49581],[-75.52697,39.49917],[-75.53014,39.50537],[-75.52679,39.53144],[-75.53401,39.5407],[-75.51907,39.55543],[-75.51196,39.56729],[-75.51475,39.58088],[-75.52769,39.58411],[-75.5375,39.59363],[-75.55351,39.60182],[-75.55737,39.60912],[-75.55877,39.62999],[-75.54198,39.64543],[-75.53352,39.64756],[-75.51553,39.66633],[-75.51037,39.67793],[-75.50987,39.69391],[-75.49631,39.70096],[-75.48838,39.71471],[-75.47936,39.71371],[-75.47644,39.7162],[-75.47569,39.73366],[-75.4622,39.7632],[-75.45234,39.76901],[-75.45069,39.77506],[-75.4383,39.7844],[-75.40541,39.7964],[-75.45404,39.82067],[-75.50823,39.83521],[-75.55021,39.83937],[-75.59252,39.83779],[-75.63444,39.83035],[-75.67202,39.81773],[-75.70592,39.79987],[-75.73472,39.77751],[-75.75769,39.75123],[-75.77379,39.7222],[-76.9909,39.7198],[-78.31514,39.72288],[-80.51934,39.7214],[-80.51985,42.32713],[-80.08022,42.39416],[-78.99976,42.80437],[-78.93056,42.8501],[-78.90576,42.89996],[-78.90566,42.92336],[-78.90916,42.93326],[-78.91886,42.94686],[-78.93236,42.95586],[-78.96176,42.95776],[-78.97506,42.96876],[-79.01156,42.98526],[-79.01996,42.99476],[-79.02326,43.01636],[-79.01175,43.02896],[-78.99944,43.05606],[-79.00713,43.06576],[-79.07446,43.07786],[-79.07537,43.08136],[-79.06596,43.09105],[-79.05796,43.10696],[-79.0601,43.11387],[-79.06965,43.12032],[-79.05412,43.12937],[-79.04367,43.13841],[-79.0423,43.14366],[-79.04663,43.16237],[-79.0533,43.1739],[-79.04869,43.20016],[-79.05656,43.21032],[-79.05305,43.22346],[-79.05593,43.25467],[-79.07045,43.26246],[-79.20094,43.45042],[-78.74976,43.60926],[-78.68829,43.63474],[-78.12474,43.63117],[-76.77623,43.62953],[-76.75354,43.68427],[-76.49893,44.00006],[-76.43829,44.09417],[-76.35268,44.13474],[-76.31264,44.19904],[-76.28655,44.20377],[-76.24549,44.20366],[-76.20677,44.21454],[-76.19132,44.22124],[-76.16426,44.2396],[-76.16182,44.28078],[-76.13117,44.29637],[-76.11818,44.29492],[-76.09697,44.29971],[-76.04551,44.33179],[-76.00111,44.34787],[-75.98193,44.34746],[-75.97018,44.34253],[-75.92951,44.35929],[-75.92166,44.36876],[-75.91283,44.3678],[-75.82138,44.43204],[-75.80758,44.47171],[-75.76694,44.51527],[-75.66237,44.59193],[-75.62002,44.61872],[-75.50493,44.70535],[-75.47612,44.72077],[-75.42365,44.7561],[-75.41373,44.77218],[-75.39653,44.7735],[-75.38787,44.77958],[-75.36995,44.78288],[-75.36983,44.78807],[-75.34454,44.80914],[-75.33374,44.80638],[-75.30188,44.82648],[-75.30762,44.83681],[-75.28313,44.84915],[-75.25607,44.85734],[-75.24103,44.86715],[-75.22824,44.86833],[-75.21838,44.87777],[-75.20289,44.87785],[-75.16497,44.89355],[-75.13999,44.89695],[-75.13442,44.9151],[-75.11758,44.92134],[-75.10509,44.91954],[-75.09666,44.92707],[-75.06483,44.92945],[-75.05997,44.93457],[-75.02712,44.94657],[-75.00515,44.95841],[-74.99926,44.96611],[-74.99927,44.97164],[-74.99273,44.97747],[-74.97242,44.98341],[-74.90795,44.98337],[-74.90072,44.99276],[-74.88784,45.00005],[-74.86664,45.00054],[-74.86264,45.00459],[-74.82658,45.01586],[-74.81719,45.01173],[-74.80164,45.01457],[-74.79315,45.00464],[-74.76341,45.00561],[-74.76022,44.99495],[-74.7313,44.99042],[-74.72257,44.99806],[-74.70202,45.00332],[-74.68397,44.99969],[-74.67327,45.00084],[-74.67053,45.00629],[-74.66306,44.99892],[-74.46537,44.99722],[-74.33655,44.99202],[-74.15014,44.99136],[-73.84141,45.00214],[-73.65025,45.003],[-73.34318,45.01071],[-73.35463,44.98735],[-73.35022,44.97622],[-73.33824,44.96475],[-73.33898,44.91768],[-73.35622,44.90449],[-73.3691,44.86668],[-73.37982,44.85704],[-73.38159,44.84935],[-73.37945,44.83801],[-73.33504,44.80411],[-73.33315,44.78876],[-73.33571,44.78209],[-73.34709,44.77298],[-73.35436,44.7553],[-73.36556,44.74179],[-73.36598,44.69756],[-73.36131,44.69452],[-73.37014,44.68485],[-73.36721,44.67851],[-73.37184,44.67696],[-73.37272,44.66874],[-73.36967,44.66348],[-73.37458,44.66189],[-73.37907,44.65677],[-73.37832,44.65216],[-73.38448,44.64668],[-73.37856,44.64148],[-73.38678,44.63637],[-73.3865,44.62692],[-73.39023,44.61835],[-73.38293,44.61218],[-73.37685,44.5996],[-73.38185,44.58932],[-73.37567,44.58204],[-73.37495,44.57582],[-73.35679,44.55792],[-73.33875,44.54805],[-73.33901,44.5433],[-73.33161,44.53592],[-73.32975,44.52956],[-73.32204,44.52529],[-73.32085,44.51363],[-73.30671,44.50033],[-73.29916,44.47291],[-73.30012,44.45471],[-73.29363,44.4389],[-73.31504,44.38853],[-73.33361,44.3723],[-73.33495,44.36444],[-73.33465,44.35688],[-73.32402,44.33384],[-73.3242,44.31003],[-73.31221,44.28007],[-73.31274,44.26541],[-73.32372,44.24416],[-73.33038,44.24431],[-73.34338,44.23819],[-73.34283,44.23445],[-73.35048,44.22989],[-73.36227,44.20852],[-73.39062,44.19107],[-73.38982,44.18176],[-73.39717,44.17384],[-73.39581,44.16627],[-73.40305,44.14498],[-73.41614,44.13235],[-73.41151,44.11195],[-73.42972,44.07859],[-73.43791,44.04512],[-73.42288,44.03255],[-73.41251,44.02835],[-73.40765,44.02111],[-73.40601,44.01142],[-73.41251,43.98222],[-73.40574,43.95593],[-73.40855,43.93189],[-73.39618,43.90326],[-73.38369,43.89128],[-73.37416,43.87624],[-73.38231,43.85606],[-73.37259,43.84535],[-73.37666,43.83943],[-73.38819,43.83266],[-73.39252,43.82134],[-73.38072,43.81082],[-73.37679,43.79916],[-73.35815,43.78648],[-73.35076,43.77139],[-73.36994,43.74386],[-73.37061,43.72533],[-73.38588,43.71134],[-73.39552,43.69683],[-73.40474,43.69021],[-73.40413,43.68134],[-73.41551,43.65245],[-73.42646,43.6426],[-73.42842,43.63545],[-73.41767,43.62169],[-73.42371,43.61236],[-73.42162,43.60302],[-73.43123,43.58828],[-73.42864,43.58399],[-73.39577,43.56809],[-73.38329,43.5772],[-73.38525,43.58326],[-73.38246,43.58658],[-73.3869,43.59077],[-73.38214,43.59182],[-73.38349,43.59737],[-73.37737,43.5984],[-73.37247,43.60485],[-73.37639,43.60882],[-73.36984,43.61939],[-73.37189,43.62449],[-73.35427,43.62619],[-73.34875,43.62146],[-73.34451,43.62628],[-73.34007,43.62465],[-73.33419,43.62799],[-73.3277,43.62591],[-73.31785,43.6285],[-73.31117,43.62409],[-73.30644,43.62833],[-73.30255,43.62571],[-73.30038,43.6178],[-73.30277,43.60978],[-73.29802,43.61003],[-73.29102,43.59924],[-73.29694,43.58731],[-73.29211,43.58454],[-73.29732,43.57937],[-73.29529,43.57678],[-73.28491,43.57927],[-73.28086,43.57358],[-73.26793,43.57225],[-73.26899,43.56993],[-73.25863,43.56495],[-73.2526,43.55685],[-73.25449,43.5556],[-73.24864,43.55386],[-73.25041,43.55043],[-73.24782,43.54505],[-73.25013,43.54343],[-73.24158,43.53496],[-73.24189,43.52942],[-73.2477,43.52317],[-73.25647,43.26009],[-73.27831,42.83756],[-73.27867,42.83341],[-73.28539,42.83409],[-73.28706,42.82014],[-73.28369,42.81386],[-73.29094,42.80192],[-73.27642,42.74602],[-73.26483,42.74585],[-73.50821,42.08613],[-73.49702,42.04962],[-73.48732,42.04953],[-73.48962,42.00009],[-73.55096,41.29542],[-73.4827,41.21277],[-73.72777,41.1007],[-73.65525,41.01225],[-73.66027,41.00048],[-73.65723,40.99091],[-73.65967,40.98791],[-73.61289,40.95094],[-73.24956,41.02587],[-72.99955,41.08711],[-72.08185,41.26222],[-72.01921,41.29059],[-71.92945,41.31039],[-71.90726,41.30448],[-71.79097,41.1841],[-71.79063,41.10184],[-71.78187,41.0962],[-71.77749,41.06729],[-71.79414,41.03698],[-71.83709,41.01089],[-71.87014,40.99697],[-71.9317,40.9825],[-72.37453,40.8186],[-72.62454,40.74557],[-72.74954,40.71341],[-72.82861,40.6869],[-72.87454,40.67502],[-73.014,40.6251],[-73.12456,40.59837],[-73.24964,40.56256],[-73.27402,40.55131],[-73.32627,40.55692],[-73.4865,40.5205],[-73.62457,40.53451],[-73.76878,40.53375],[-73.82616,40.52287],[-73.87678,40.50113],[-73.88965,40.48651],[-73.88506,40.45278],[-73.88708,40.34501],[-73.89821,40.27435],[-73.96528,40.11295],[-73.96614,40.09058],[-73.97329,40.07514],[-73.99958,39.9768],[-74.0199,39.87512],[-74.03462,39.76243],[-74.04949,39.72378],[-74.09653,39.64995],[-74.18319,39.53299],[-74.24958,39.4526],[-74.26592,39.42242],[-74.28727,39.39825],[-74.32542,39.36234],[-74.35005,39.34577],[-74.35466,39.33541],[-74.36875,39.32068],[-74.3922,39.31229],[-74.45771,39.30241],[-74.47731,39.28869]]]}},{"type":"Feature","properties":{"std_name":"East North Central Division","std_geoid":"3","pen":"statisticians","std_note":null},"geometry":{"type":"Polygon","coordinates":[[[-88.02892,37.79873],[-88.03632,37.79116],[-88.04458,37.76312],[-88.05933,37.74297],[-88.07031,37.73332],[-88.12152,37.71024],[-88.13421,37.69154],[-88.15055,37.67675],[-88.15999,37.65971],[-88.15707,37.63327],[-88.14186,37.60325],[-88.14238,37.59243],[-88.13649,37.57731],[-88.10574,37.55659],[-88.08944,37.53637],[-88.0721,37.52881],[-88.06283,37.51486],[-88.06123,37.50233],[-88.06543,37.48876],[-88.07312,37.48569],[-88.08089,37.47391],[-88.08623,37.47149],[-88.09388,37.4738],[-88.13516,37.47175],[-88.19654,37.4607],[-88.28163,37.45273],[-88.32363,37.43399],[-88.34889,37.41057],[-88.36503,37.40165],[-88.37214,37.40311],[-88.37715,37.40964],[-88.39377,37.41982],[-88.41211,37.42506],[-88.45281,37.41094],[-88.47528,37.38986],[-88.48468,37.34523],[-88.51243,37.29662],[-88.5159,37.28409],[-88.50673,37.26499],[-88.50394,37.26479],[-88.50916,37.26208],[-88.51215,37.26379],[-88.51141,37.26148],[-88.48744,37.24429],[-88.47217,37.22031],[-88.45852,37.21335],[-88.44804,37.20364],[-88.43306,37.16264],[-88.42466,37.15229],[-88.44298,37.11192],[-88.44342,37.10869],[-88.44063,37.1086],[-88.44578,37.09968],[-88.44561,37.09333],[-88.45994,37.07463],[-88.48262,37.06726],[-88.5112,37.06535],[-88.53558,37.06818],[-88.5657,37.07767],[-88.56606,37.07524],[-88.58987,37.09978],[-88.61553,37.11537],[-88.64404,37.12239],[-88.69261,37.14111],[-88.70437,37.14297],[-88.71946,37.14075],[-88.73302,37.14414],[-88.80363,37.18816],[-88.91618,37.22399],[-88.94159,37.22882],[-88.93268,37.22526],[-88.9545,37.22492],[-88.97295,37.22847],[-88.96598,37.22967],[-88.97001,37.23],[-88.99929,37.22503],[-89.01315,37.21648],[-89.02947,37.2113],[-89.07613,37.17501],[-89.09275,37.15676],[-89.1095,37.12309],[-89.12585,37.10848],[-89.14818,37.09842],[-89.15058,37.0937],[-89.14607,37.091],[-89.15565,37.08773],[-89.17382,37.06631],[-89.18247,37.03916],[-89.17935,37.02181],[-89.17017,37.00707],[-89.13291,36.98206],[-89.13609,36.98038],[-89.17001,36.9703],[-89.18549,36.97352],[-89.1921,36.98],[-89.20079,37.01616],[-89.23405,37.03728],[-89.25493,37.07201],[-89.25993,37.06407],[-89.30829,37.06837],[-89.31082,37.0579],[-89.30475,37.04756],[-89.27772,37.03614],[-89.26,37.02329],[-89.25761,37.0155],[-89.26353,37.00005],[-89.27863,36.98867],[-89.29213,36.99219],[-89.32298,37.01609],[-89.36795,37.03324],[-89.37961,37.04067],[-89.38468,37.04825],[-89.38519,37.05775],[-89.37554,37.08183],[-89.37871,37.09459],[-89.38805,37.10748],[-89.41173,37.12251],[-89.42558,37.13824],[-89.46186,37.19952],[-89.4675,37.22184],[-89.4583,37.24037],[-89.45883,37.24866],[-89.47052,37.25336],[-89.48991,37.25131],[-89.50926,37.27137],[-89.51834,37.2855],[-89.51076,37.31274],[-89.48901,37.33337],[-89.47457,37.33816],[-89.44756,37.34047],[-89.43284,37.34706],[-89.42054,37.38801],[-89.42652,37.409],[-89.43977,37.4372],[-89.47553,37.47139],[-89.51705,37.53728],[-89.52192,37.56074],[-89.51981,37.58275],[-89.51394,37.58481],[-89.48606,37.58085],[-89.47755,37.58588],[-89.47593,37.593],[-89.48579,37.60716],[-89.50656,37.62505],[-89.51772,37.64122],[-89.51615,37.66797],[-89.51204,37.68098],[-89.51426,37.68992],[-89.52573,37.69844],[-89.58332,37.71326],[-89.59748,37.73348],[-89.61574,37.74273],[-89.61728,37.74972],[-89.64953,37.7455],[-89.66335,37.75005],[-89.66799,37.75948],[-89.66119,37.77573],[-89.66038,37.7863],[-89.66964,37.79992],[-89.71744,37.82572],[-89.73987,37.84692],[-89.7541,37.84635],[-89.78199,37.85505],[-89.78633,37.85169],[-89.79754,37.86213],[-89.80035,37.86863],[-89.7977,37.87439],[-89.79933,37.88152],[-89.84264,37.9052],[-89.86188,37.89768],[-89.87969,37.88074],[-89.90238,37.86974],[-89.92337,37.8707],[-89.94776,37.87985],[-89.96528,37.9023],[-89.97376,37.91802],[-89.97465,37.92707],[-89.96206,37.93392],[-89.95977,37.94008],[-89.94732,37.94028],[-89.93127,37.94828],[-89.92485,37.95491],[-89.9246,37.95985],[-89.93588,37.95958],[-89.94069,37.97087],[-89.96505,37.96439],[-89.99685,37.96322],[-90.00794,37.97011],[-90.0318,37.99513],[-90.05194,38.00543],[-90.05937,38.01554],[-90.08826,38.01577],[-90.11052,38.02655],[-90.1262,38.04071],[-90.1264,38.0549],[-90.13079,38.06234],[-90.15827,38.07495],[-90.17604,38.07066],[-90.21702,38.09347],[-90.24071,38.11037],[-90.27484,38.15756],[-90.29063,38.17036],[-90.33017,38.18652],[-90.35236,38.21183],[-90.36014,38.22566],[-90.37242,38.28372],[-90.37082,38.33355],[-90.34152,38.38834],[-90.29108,38.43089],[-90.27784,38.47991],[-90.25778,38.53201],[-90.2242,38.57508],[-90.196,38.59448],[-90.1845,38.61158],[-90.178,38.63378],[-90.1811,38.65958],[-90.1864,38.67478],[-90.2092,38.70278],[-90.21141,38.72135],[-90.20518,38.7322],[-90.1763,38.75448],[-90.16636,38.77267],[-90.13627,38.78832],[-90.11942,38.80181],[-90.10911,38.83745],[-90.11333,38.84931],[-90.16641,38.87635],[-90.19761,38.88765],[-90.22304,38.90739],[-90.25025,38.91934],[-90.27747,38.92372],[-90.30945,38.92412],[-90.39272,38.95907],[-90.43994,38.96738],[-90.45128,38.96773],[-90.47173,38.95919],[-90.48307,38.94307],[-90.48273,38.93471],[-90.48706,38.92586],[-90.49967,38.9106],[-90.54892,38.87294],[-90.58226,38.86879],[-90.62336,38.88715],[-90.63699,38.90512],[-90.66302,38.92628],[-90.66342,38.93555],[-90.67595,38.96214],[-90.67819,38.99185],[-90.71273,39.04974],[-90.71254,39.05706],[-90.68274,39.08835],[-90.68109,39.10059],[-90.68605,39.11778],[-90.70292,39.13875],[-90.7079,39.15086],[-90.71048,39.17637],[-90.7174,39.19741],[-90.71711,39.21391],[-90.72996,39.25589],[-90.7516,39.26543],[-90.76765,39.28003],[-90.77567,39.29281],[-90.79067,39.30291],[-90.79346,39.3095],[-90.81685,39.3205],[-90.8475,39.34527],[-90.89378,39.36734],[-90.90486,39.3794],[-90.92875,39.38754],[-90.94077,39.40398],[-90.99379,39.42296],[-91.03827,39.44844],[-91.05944,39.46886],[-91.06431,39.49464],[-91.07977,39.50773],[-91.10031,39.53869],[-91.15363,39.54825],[-91.16842,39.56493],[-91.17465,39.59331],[-91.18194,39.60268],[-91.22932,39.62085],[-91.27614,39.66576],[-91.3016,39.67907],[-91.34725,39.71048],[-91.36939,39.73116],[-91.36995,39.74504],[-91.36528,39.75772],[-91.36239,39.79048],[-91.37649,39.81003],[-91.42847,39.83763],[-91.43554,39.84507],[-91.44669,39.87164],[-91.44692,39.88303],[-91.44351,39.89358],[-91.42088,39.91486],[-91.41936,39.92772],[-91.42578,39.93776],[-91.44156,39.9513],[-91.45885,39.97901],[-91.46532,39.984],[-91.46925,39.99533],[-91.49488,40.03645],[-91.48961,40.05743],[-91.5106,40.12505],[-91.51168,40.13923],[-91.50822,40.15767],[-91.51297,40.18106],[-91.50448,40.19826],[-91.50727,40.20934],[-91.50428,40.2243],[-91.5065,40.2363],[-91.49052,40.2595],[-91.49306,40.27526],[-91.48987,40.28605],[-91.47183,40.31734],[-91.46397,40.3396],[-91.44631,40.36182],[-91.42663,40.37199],[-91.41505,40.38175],[-91.3842,40.38643],[-91.37571,40.39193],[-91.37292,40.39911],[-91.37283,40.41428],[-91.38177,40.44255],[-91.37814,40.45639],[-91.36646,40.47887],[-91.36421,40.50004],[-91.36906,40.51253],[-91.38453,40.53095],[-91.40412,40.53913],[-91.40637,40.55183],[-91.40148,40.55946],[-91.37975,40.57445],[-91.35987,40.6018],[-91.33972,40.61349],[-91.30657,40.62622],[-91.25307,40.63796],[-91.18698,40.6373],[-91.12393,40.66915],[-91.11194,40.69702],[-91.1111,40.70828],[-91.11574,40.72517],[-91.11042,40.74553],[-91.09811,40.76323],[-91.0917,40.77971],[-91.09226,40.79291],[-91.09765,40.80557],[-91.09299,40.82108],[-91.05643,40.84839],[-91.04465,40.86836],[-91.02156,40.88402],[-91.00954,40.90057],[-90.9985,40.90812],[-90.969,40.91913],[-90.96256,40.92583],[-90.95223,40.95405],[-90.95814,40.97977],[-90.94595,41.0065],[-90.94225,41.0347],[-90.94939,41.07278],[-90.94662,41.09663],[-90.99496,41.16063],[-91.00759,41.16619],[-91.02723,41.16338],[-91.04156,41.16616],[-91.07298,41.20715],[-91.11366,41.2414],[-91.11419,41.25003],[-91.10114,41.26717],[-91.09203,41.28691],[-91.07484,41.30558],[-91.06623,41.36637],[-91.05158,41.38528],[-91.04764,41.41131],[-91.03987,41.41852],[-91.02779,41.4236],[-91.00585,41.42614],[-90.98291,41.43417],[-90.97419,41.43371],[-90.94979,41.42416],[-90.92925,41.42154],[-90.84656,41.45514],[-90.74595,41.44973],[-90.65584,41.46213],[-90.60594,41.49423],[-90.60214,41.50603],[-90.59104,41.51283],[-90.56724,41.51753],[-90.55624,41.52423],[-90.54094,41.52613],[-90.50063,41.51803],[-90.46143,41.52353],[-90.43273,41.54953],[-90.42223,41.55423],[-90.41282,41.56533],[-90.34323,41.58783],[-90.33953,41.59863],[-90.34345,41.64696],[-90.33452,41.67956],[-90.31731,41.69167],[-90.31343,41.69808],[-90.31289,41.70753],[-90.31767,41.72269],[-90.31088,41.74233],[-90.27863,41.76736],[-90.26329,41.77211],[-90.21689,41.79534],[-90.18797,41.80316],[-90.18095,41.80935],[-90.18397,41.83307],[-90.1819,41.84322],[-90.17301,41.85739],[-90.17004,41.87644],[-90.15358,41.90661],[-90.1516,41.931],[-90.16385,41.94493],[-90.16414,41.95618],[-90.15383,41.97412],[-90.14623,41.98133],[-90.14006,42.00325],[-90.15158,42.03063],[-90.16448,42.0421],[-90.16836,42.07578],[-90.16262,42.09099],[-90.16188,42.11378],[-90.17041,42.12502],[-90.19045,42.12578],[-90.2014,42.13094],[-90.20826,42.15099],[-90.21611,42.15673],[-90.25013,42.17147],[-90.28217,42.17885],[-90.32827,42.20105],[-90.35696,42.20544],[-90.39315,42.22719],[-90.40065,42.23929],[-90.41933,42.25447],[-90.43088,42.27823],[-90.43073,42.28421],[-90.41891,42.30833],[-90.42105,42.31611],[-90.41594,42.3227],[-90.44387,42.35522],[-90.46262,42.36725],[-90.47728,42.38379],[-90.48715,42.38514],[-90.50683,42.39879],[-90.55502,42.41614],[-90.56044,42.4329],[-90.56797,42.44039],[-90.62433,42.4589],[-90.64607,42.47109],[-90.6545,42.47921],[-90.65628,42.49137],[-90.63598,42.51871],[-90.64469,42.54132],[-90.65413,42.5499],[-90.66153,42.568],[-90.67794,42.58003],[-90.68698,42.59177],[-90.69203,42.61037],[-90.7063,42.63417],[-90.73113,42.64344],[-90.88743,42.67247],[-90.92115,42.68541],[-90.93704,42.6834],[-90.94921,42.68557],[-90.97773,42.69682],[-91.00013,42.71619],[-91.02679,42.72423],[-91.03542,42.73734],[-91.05373,42.73824],[-91.0563,42.74734],[-91.06506,42.75134],[-91.06549,42.75708],[-91.06143,42.75797],[-91.06026,42.76185],[-91.06955,42.76963],[-91.0781,42.80653],[-91.07867,42.82768],[-91.09406,42.83081],[-91.0914,42.84986],[-91.09766,42.85987],[-91.10057,42.88308],[-91.11741,42.89584],[-91.14349,42.9047],[-91.14562,42.90801],[-91.1438,42.92288],[-91.14988,42.94196],[-91.14593,42.96077],[-91.15656,42.97823],[-91.15749,42.99148],[-91.17469,43.03871],[-91.17946,43.06743],[-91.17519,43.10377],[-91.17825,43.12498],[-91.17525,43.13466],[-91.1562,43.14294],[-91.1462,43.15241],[-91.13865,43.16999],[-91.12443,43.18789],[-91.12217,43.19725],[-91.0664,43.23929],[-91.05792,43.25537],[-91.05975,43.25907],[-91.07265,43.26213],[-91.07371,43.27475],[-91.08565,43.29187],[-91.10724,43.31365],[-91.13734,43.32976],[-91.18112,43.34593],[-91.20396,43.34985],[-91.21477,43.36587],[-91.20607,43.37498],[-91.19767,43.39533],[-91.20314,43.4198],[-91.22875,43.44554],[-91.23337,43.45517],[-91.21604,43.48114],[-91.21735,43.51247],[-91.23294,43.52397],[-91.24318,43.54031],[-91.24321,43.55072],[-91.23281,43.56484],[-91.23186,43.58182],[-91.26163,43.60618],[-91.26875,43.61535],[-91.26846,43.62735],[-91.2624,43.64176],[-91.26386,43.64766],[-91.27175,43.65493],[-91.27325,43.66662],[-91.26779,43.69565],[-91.26846,43.70982],[-91.25593,43.72985],[-91.25543,43.74488],[-91.24413,43.77467],[-91.26243,43.79217],[-91.27204,43.81377],[-91.27769,43.83774],[-91.28414,43.84707],[-91.31099,43.86738],[-91.31531,43.88181],[-91.32061,43.88849],[-91.33814,43.89766],[-91.34774,43.91196],[-91.35743,43.91723],[-91.36664,43.93746],[-91.3858,43.95424],[-91.40601,43.96393],[-91.42413,43.98263],[-91.4312,43.99544],[-91.43927,44.00099],[-91.46352,44.00904],[-91.48087,44.00814],[-91.50712,44.01898],[-91.58002,44.02692],[-91.59207,44.03137],[-91.61049,44.04931],[-91.6279,44.0558],[-91.63814,44.06329],[-91.64787,44.06411],[-91.65951,44.0742],[-91.66701,44.08696],[-91.68153,44.0974],[-91.69531,44.09857],[-91.70749,44.10391],[-91.7106,44.12048],[-91.72155,44.13034],[-91.75175,44.13479],[-91.77449,44.14754],[-91.80806,44.15926],[-91.8173,44.16423],[-91.82917,44.17835],[-91.87516,44.20058],[-91.87743,44.21292],[-91.8927,44.2311],[-91.88704,44.25177],[-91.89601,44.26287],[-91.89639,44.27469],[-91.90579,44.28161],[-91.92028,44.2865],[-91.92461,44.29181],[-91.9241,44.29709],[-91.91357,44.31039],[-91.91863,44.32267],[-91.92559,44.33355],[-91.94131,44.34098],[-91.96681,44.36399],[-92.03815,44.38873],[-92.05649,44.40273],[-92.0786,44.40487],[-92.11231,44.41433],[-92.12451,44.42211],[-92.19538,44.43379],[-92.23086,44.4445],[-92.24488,44.45684],[-92.27398,44.47188],[-92.291,44.48546],[-92.30222,44.5003],[-92.30305,44.51865],[-92.31407,44.53801],[-92.32234,44.54678],[-92.33611,44.554],[-92.36152,44.55893],[-92.39154,44.55764],[-92.41567,44.56051],[-92.43863,44.55264],[-92.4589,44.56274],[-92.48099,44.56845],[-92.49372,44.56605],[-92.51922,44.57527],[-92.54102,44.56713],[-92.54889,44.56825],[-92.55157,44.57221],[-92.54983,44.5811],[-92.56895,44.60337],[-92.57716,44.60504],[-92.58622,44.60009],[-92.59049,44.60594],[-92.60161,44.61204],[-92.61471,44.61166],[-92.62164,44.61493],[-92.62357,44.62064],[-92.62022,44.63419],[-92.63202,44.64919],[-92.66099,44.6609],[-92.69432,44.68861],[-92.73204,44.71435],[-92.79234,44.73936],[-92.80824,44.75108],[-92.80445,44.77076],[-92.78562,44.79189],[-92.78075,44.8123],[-92.76593,44.83563],[-92.7695,44.862],[-92.76341,44.87414],[-92.77395,44.89],[-92.77457,44.89808],[-92.7587,44.90898],[-92.75065,44.9373],[-92.7546,44.95577],[-92.76945,44.97215],[-92.77123,45.00138],[-92.76206,45.02432],[-92.77036,45.0338],[-92.79559,45.04924],[-92.80312,45.06157],[-92.80152,45.06862],[-92.79266,45.07876],[-92.74675,45.10705],[-92.73958,45.1156],[-92.7457,45.12313],[-92.7522,45.14249],[-92.74905,45.14867],[-92.7524,45.17392],[-92.76681,45.18547],[-92.76391,45.20487],[-92.75401,45.21277],[-92.75171,45.21867],[-92.75746,45.23053],[-92.76026,45.25172],[-92.75192,45.26588],[-92.76061,45.27883],[-92.762,45.28821],[-92.73712,45.30046],[-92.70867,45.32252],[-92.69897,45.33637],[-92.70405,45.35366],[-92.70272,45.35847],[-92.67919,45.37271],[-92.67696,45.38014],[-92.6641,45.39331],[-92.65042,45.39851],[-92.64668,45.41323],[-92.65027,45.41917],[-92.6466,45.44163],[-92.65355,45.45535],[-92.68023,45.46434],[-92.71286,45.50485],[-92.72668,45.51446],[-92.72608,45.54111],[-92.77022,45.56694],[-92.78574,45.56789],[-92.8015,45.56285],[-92.82331,45.56093],[-92.84645,45.56652],[-92.87108,45.56758],[-92.88375,45.57548],[-92.88328,45.58983],[-92.88644,45.59868],[-92.88253,45.61022],[-92.88804,45.62496],[-92.88686,45.63572],[-92.88943,45.64065],[-92.87893,45.66561],[-92.87549,45.68901],[-92.87014,45.69676],[-92.86919,45.71757],[-92.80984,45.74417],[-92.78462,45.7642],[-92.77648,45.79],[-92.75781,45.80657],[-92.76515,45.83018],[-92.73999,45.84628],[-92.73612,45.85913],[-92.73822,45.86203],[-92.7125,45.89171],[-92.67735,45.90582],[-92.67617,45.91207],[-92.65955,45.92294],[-92.63912,45.92456],[-92.63882,45.93417],[-92.61431,45.93453],[-92.60246,45.94082],[-92.55193,45.95165],[-92.54981,45.96799],[-92.52705,45.98324],[-92.46976,45.97357],[-92.46158,45.97889],[-92.46451,45.98504],[-92.45337,45.99291],[-92.44226,46.01618],[-92.42856,46.02424],[-92.4119,46.02748],[-92.37272,46.0142],[-92.35176,46.01568],[-92.34928,46.02362],[-92.34374,46.02853],[-92.34346,46.04299],[-92.33291,46.0627],[-92.31933,46.06929],[-92.29403,46.07438],[-92.29129,46.66814],[-92.28739,46.66734],[-92.28619,46.66034],[-92.27439,46.65744],[-92.27059,46.65074],[-92.26599,46.65104],[-92.25659,46.65874],[-92.24249,46.64924],[-92.22849,46.65294],[-92.21639,46.64984],[-92.20709,46.65194],[-92.20159,46.65664],[-92.20409,46.66694],[-92.17588,46.68647],[-92.17626,46.69047],[-92.183,46.69565],[-92.20519,46.69834],[-92.20469,46.70404],[-92.19739,46.70764],[-92.18909,46.71754],[-92.16729,46.71994],[-92.14673,46.71579],[-92.14152,46.72528],[-92.14329,46.73464],[-92.11659,46.74864],[-92.08949,46.74924],[-92.03399,46.70894],[-92.02029,46.70404],[-91.98134,46.72309],[-91.50018,46.91332],[-90.65466,47.30982],[-89.9571,47.2911],[-89.48338,48.01372],[-89.33755,47.97426],[-88.67744,48.2454],[-88.36986,48.30606],[-88.00008,48.16405],[-88.00008,48.15588],[-87.87508,48.11473],[-87.75009,48.06625],[-87.75009,48.06388],[-87.62509,48.02111],[-87.5001,47.96811],[-87.0631,47.79999],[-86.94062,47.7499],[-86.94923,47.7499],[-86.75012,47.67196],[-86.75012,47.67491],[-86.63132,47.62492],[-86.63434,47.62492],[-86.62512,47.61777],[-86.62512,47.62001],[-86.50013,47.56832],[-86.25014,47.4779],[-86.25014,47.47445],[-86.12514,47.42347],[-86.12514,47.41674],[-86.02003,47.37496],[-86.02734,47.37496],[-86.00015,47.36188],[-86.00014,47.36728],[-85.87514,47.31626],[-85.87514,47.31402],[-85.75014,47.26139],[-85.75014,47.26428],[-85.72221,47.24999],[-85.25011,47.05654],[-85.12552,47.00002],[-84.85934,46.88884],[-84.76296,46.63432],[-84.55696,46.46064],[-84.47559,46.45286],[-84.44515,46.48902],[-84.42027,46.50108],[-84.39472,46.49924],[-84.37399,46.5091],[-84.34196,46.50751],[-84.32537,46.50002],[-84.29302,46.4928],[-84.27581,46.49282],[-84.26554,46.4944],[-84.25486,46.50079],[-84.22613,46.53392],[-84.19402,46.54015],[-84.17743,46.52692],[-84.16603,46.52622],[-84.13943,46.53222],[-84.12892,46.53012],[-84.11792,46.51762],[-84.11123,46.50412],[-84.14617,46.41852],[-84.13891,46.37222],[-84.11912,46.33701],[-84.10625,46.32196],[-84.11963,46.31501],[-84.11556,46.26823],[-84.09777,46.25651],[-84.10809,46.24124],[-84.08579,46.20999],[-84.07703,46.18756],[-84.00568,46.14955],[-84.00587,46.11847],[-83.97613,46.10255],[-83.95542,46.05719],[-83.90347,46.06091],[-83.82624,46.11929],[-83.75953,46.10317],[-83.65465,46.12206],[-83.57147,46.106],[-83.43356,45.99889],[-83.63687,45.77394],[-83.48397,45.77194],[-82.99996,45.55638],[-82.52064,45.3359],[-82.38284,44.75002],[-82.3855,44.75002],[-82.37493,44.71644],[-82.12297,43.59083],[-82.38997,43.06224],[-82.411,43.01132],[-82.42372,42.99852],[-82.42305,42.98844],[-82.41347,42.97689],[-82.4167,42.96642],[-82.45603,42.92581],[-82.46968,42.88755],[-82.46868,42.85205],[-82.48257,42.80864],[-82.47059,42.7837],[-82.46767,42.76191],[-82.48338,42.73346],[-82.48396,42.71794],[-82.51085,42.66499],[-82.51004,42.63679],[-82.52343,42.60734],[-82.54814,42.59175],[-82.57881,42.56603],[-82.58407,42.55405],[-82.58998,42.55098],[-82.60697,42.54828],[-82.62433,42.55713],[-82.63372,42.5568],[-82.64307,42.55432],[-82.66189,42.54175],[-82.71158,42.48914],[-82.83025,42.37349],[-82.94549,42.3474],[-82.95975,42.34003],[-82.9892,42.33248],[-83.02623,42.32891],[-83.06364,42.31686],[-83.08002,42.30717],[-83.0977,42.28968],[-83.11163,42.26014],[-83.128,42.23869],[-83.13394,42.1748],[-83.1217,42.12543],[-83.14945,42.04026],[-83.06931,41.86422],[-82.68112,41.67633],[-82.39835,41.67652],[-81.7092,42.00004],[-81.68645,42.00004],[-81.24983,42.21641],[-80.51985,42.32713],[-80.51899,40.6388],[-80.55113,40.62885],[-80.5767,40.61422],[-80.59876,40.62526],[-80.62717,40.61994],[-80.66354,40.59077],[-80.66781,40.58354],[-80.66437,40.57002],[-80.65244,40.56254],[-80.63311,40.53871],[-80.62751,40.53579],[-80.618,40.50205],[-80.5954,40.47532],[-80.59595,40.46335],[-80.61219,40.43484],[-80.61232,40.40276],[-80.6322,40.39367],[-80.63273,40.3905],[-80.63139,40.3857],[-80.6191,40.38186],[-80.60969,40.37495],[-80.60759,40.36956],[-80.6128,40.34767],[-80.5999,40.31767],[-80.6029,40.30707],[-80.61489,40.29197],[-80.6193,40.26517],[-80.6521,40.24497],[-80.66154,40.22981],[-80.66808,40.19969],[-80.68608,40.18164],[-80.70561,40.15348],[-80.71017,40.13831],[-80.70709,40.1111],[-80.70955,40.1003],[-80.7313,40.08643],[-80.73818,40.07861],[-80.73816,40.06653],[-80.73333,40.05864],[-80.73102,40.04429],[-80.74217,40.00858],[-80.73888,39.98558],[-80.74014,39.9708],[-80.75792,39.95971],[-80.76427,39.94996],[-80.75611,39.9134],[-80.7634,39.90862],[-80.78704,39.91835],[-80.79968,39.91958],[-80.80678,39.91631],[-80.80917,39.90394],[-80.79399,39.88278],[-80.79076,39.86728],[-80.7999,39.85891],[-80.82428,39.84716],[-80.82696,39.84166],[-80.82218,39.81171],[-80.82608,39.79858],[-80.86305,39.7752],[-80.87032,39.76318],[-80.86534,39.75325],[-80.85274,39.74104],[-80.84596,39.73867],[-80.83155,39.71948],[-80.83083,39.70783],[-80.83388,39.7035],[-80.852,39.69856],[-80.8637,39.69172],[-80.86665,39.65262],[-80.88036,39.62071],[-80.89221,39.61676],[-80.91762,39.6187],[-80.92835,39.61655],[-80.97348,39.58845],[-81.07103,39.51561],[-81.10083,39.48718],[-81.11473,39.46558],[-81.13253,39.44627],[-81.16759,39.44006],[-81.18515,39.43148],[-81.20823,39.40715],[-81.21165,39.39298],[-81.21731,39.38759],[-81.22358,39.38606],[-81.24436,39.39041],[-81.27029,39.38605],[-81.30177,39.37223],[-81.34493,39.34679],[-81.37596,39.3417],[-81.38456,39.34345],[-81.39379,39.35171],[-81.40669,39.38809],[-81.41271,39.39462],[-81.43564,39.40847],[-81.45614,39.40927],[-81.47319,39.40017],[-81.50319,39.37324],[-81.54235,39.35287],[-81.55755,39.33877],[-81.56525,39.27618],[-81.57025,39.26767],[-81.58556,39.26875],[-81.60582,39.27585],[-81.62219,39.27367],[-81.64534,39.27734],[-81.67019,39.27596],[-81.68476,39.27003],[-81.69662,39.25614],[-81.69191,39.22704],[-81.70091,39.22084],[-81.72562,39.2159],[-81.73687,39.19263],[-81.75121,39.18604],[-81.75618,39.18046],[-81.74277,39.14267],[-81.74519,39.13824],[-81.74235,39.11128],[-81.74605,39.09698],[-81.76075,39.08408],[-81.77555,39.07838],[-81.80665,39.08408],[-81.81385,39.07968],[-81.81235,39.06128],[-81.80805,39.05378],[-81.80035,39.04498],[-81.77285,39.02618],[-81.76425,39.01528],[-81.76515,39.00258],[-81.77406,38.99368],[-81.78182,38.96493],[-81.77885,38.95589],[-81.75697,38.93715],[-81.75706,38.93123],[-81.76266,38.92412],[-81.77411,38.92296],[-81.78565,38.92619],[-81.81116,38.94472],[-81.82735,38.9459],[-81.84449,38.92875],[-81.84531,38.91009],[-81.85597,38.89273],[-81.88923,38.87428],[-81.90297,38.87609],[-81.928,38.89349],[-81.92667,38.90131],[-81.89847,38.9296],[-81.90059,38.93767],[-81.93319,38.98766],[-81.95145,38.99603],[-81.97937,38.99319],[-81.99136,39.01838],[-82.0045,39.02889],[-82.02188,39.02949],[-82.03775,39.02387],[-82.05156,38.99438],[-82.09157,38.97378],[-82.09486,38.96458],[-82.10907,38.94558],[-82.11087,38.94038],[-82.11056,38.93528],[-82.11167,38.93258],[-82.11117,38.93658],[-82.12937,38.90788],[-82.14317,38.89808],[-82.14537,38.88418],[-82.13922,38.86502],[-82.14547,38.83968],[-82.1636,38.82342],[-82.19117,38.81514],[-82.21144,38.80122],[-82.22157,38.78719],[-82.21964,38.77228],[-82.19888,38.75773],[-82.18797,38.73308],[-82.18687,38.72228],[-82.1931,38.73772],[-82.18247,38.70878],[-82.19087,38.68038],[-82.17247,38.62878],[-82.17527,38.60708],[-82.18877,38.59498],[-82.201,38.59205],[-82.22147,38.59128],[-82.24666,38.59857],[-82.26207,38.59818],[-82.27427,38.59368],[-82.29127,38.57898],[-82.29567,38.53848],[-82.30397,38.51768],[-82.30422,38.49631],[-82.31811,38.45788],[-82.33034,38.4445],[-82.38177,38.43478],[-82.40488,38.43935],[-82.53823,38.40408],[-82.57057,38.40496],[-82.58338,38.40997],[-82.59348,38.41825],[-82.60097,38.43911],[-82.60365,38.45922],[-82.61081,38.47195],[-82.65359,38.49384],[-82.69828,38.54377],[-82.72791,38.55887],[-82.79587,38.56181],[-82.82121,38.57339],[-82.84247,38.58891],[-82.85446,38.61377],[-82.86038,38.66288],[-82.87749,38.68946],[-82.86988,38.72727],[-82.87177,38.73943],[-82.87954,38.7513],[-82.89043,38.75626],[-82.93468,38.74666],[-82.97149,38.7272],[-83.00878,38.72999],[-83.0305,38.72584],[-83.05402,38.69507],[-83.06287,38.68931],[-83.11238,38.67162],[-83.12207,38.6601],[-83.12669,38.64439],[-83.13475,38.63201],[-83.15324,38.61898],[-83.20436,38.61677],[-83.23089,38.6271],[-83.24566,38.62856],[-83.26426,38.6214],[-83.28188,38.60321],[-83.29318,38.59671],[-83.30522,38.59941],[-83.31659,38.608],[-83.32215,38.63008],[-83.32774,38.63783],[-83.36277,38.65722],[-83.38486,38.66311],[-83.4454,38.66999],[-83.46771,38.67535],[-83.49364,38.69452],[-83.52088,38.70306],[-83.54522,38.69993],[-83.60186,38.68398],[-83.61152,38.68465],[-83.62602,38.67861],[-83.63649,38.66735],[-83.64548,38.63556],[-83.65949,38.62738],[-83.6684,38.62645],[-83.68152,38.63033],[-83.72086,38.64667],[-83.76419,38.65252],[-83.77363,38.66106],[-83.78446,38.69672],[-83.79207,38.7023],[-83.82189,38.70954],[-83.83676,38.71772],[-83.84156,38.72392],[-83.84889,38.74748],[-83.85832,38.75632],[-83.86941,38.7613],[-83.92566,38.77121],[-83.94321,38.78318],[-83.96237,38.78752],[-83.97809,38.78736],[-84.04375,38.77067],[-84.07078,38.77041],[-84.09246,38.77442],[-84.14721,38.79286],[-84.21312,38.80584],[-84.2253,38.81746],[-84.23186,38.83272],[-84.23434,38.89326],[-84.25704,38.92265],[-84.28878,38.95564],[-84.2958,38.96921],[-84.29773,38.98974],[-84.30607,39.00775],[-84.32662,39.02726],[-84.3476,39.03758],[-84.37691,39.04416],[-84.40805,39.04593],[-84.42639,39.05313],[-84.42856,39.05558],[-84.42387,39.05286],[-84.43056,39.05874],[-84.43273,39.06683],[-84.43516,39.10036],[-84.44322,39.11217],[-84.45253,39.11924],[-84.46456,39.12202],[-84.4758,39.11994],[-84.49702,39.10036],[-84.51034,39.09387],[-84.52563,39.09248],[-84.54066,39.0991],[-84.55082,39.09955],[-84.57191,39.08243],[-84.60385,39.07373],[-84.61834,39.0733],[-84.63253,39.07663],[-84.65852,39.09581],[-84.68648,39.10111],[-84.7199,39.13789],[-84.73456,39.14535],[-84.75055,39.14767],[-84.76618,39.13915],[-84.78777,39.11531],[-84.83244,39.10049],[-84.86102,39.07799],[-84.88906,39.06613],[-84.89737,39.0574],[-84.88577,39.03766],[-84.87182,39.02776],[-84.83858,38.9899],[-84.83005,38.97256],[-84.83425,38.95877],[-84.87692,38.92167],[-84.87931,38.9161],[-84.87725,38.90941],[-84.86664,38.89881],[-84.81216,38.89498],[-84.79316,38.88742],[-84.78527,38.88043],[-84.78574,38.86996],[-84.79152,38.85997],[-84.82364,38.83892],[-84.83004,38.83014],[-84.82702,38.81853],[-84.81399,38.80022],[-84.8116,38.79196],[-84.81382,38.78507],[-84.82886,38.78327],[-84.88742,38.79483],[-84.94112,38.77569],[-84.99192,38.77828],[-85.01225,38.76598],[-85.10201,38.7263],[-85.13741,38.69987],[-85.17316,38.68801],[-85.18887,38.68758],[-85.21305,38.69545],[-85.22642,38.70599],[-85.24645,38.73175],[-85.27238,38.74074],[-85.3061,38.74153],[-85.36445,38.73043],[-85.41414,38.73686],[-85.43595,38.72871],[-85.45154,38.7079],[-85.45178,38.71015],[-85.45672,38.68636],[-85.43863,38.65889],[-85.43804,38.60455],[-85.41565,38.56321],[-85.41555,38.54497],[-85.41953,38.53533],[-85.43423,38.52326],[-85.46969,38.50801],[-85.48889,38.47765],[-85.50571,38.46472],[-85.53435,38.45578],[-85.58275,38.45104],[-85.60695,38.43857],[-85.62034,38.42341],[-85.63183,38.39843],[-85.63745,38.38222],[-85.63939,38.36111],[-85.65226,38.32879],[-85.67996,38.29758],[-85.74348,38.26729],[-85.76092,38.27191],[-85.76691,38.27659],[-85.76639,38.28055],[-85.78119,38.28831],[-85.8184,38.28217],[-85.82906,38.27655],[-85.83659,38.26407],[-85.83892,38.24033],[-85.8436,38.23218],[-85.85204,38.2223],[-85.88267,38.20085],[-85.90618,38.16791],[-85.9091,38.14234],[-85.90505,38.08996],[-85.91387,38.07185],[-85.92065,38.03231],[-85.92565,38.02178],[-85.94651,38.00523],[-86.00947,37.99839],[-86.03036,37.99206],[-86.035,37.98429],[-86.03411,37.9654],[-86.03891,37.95899],[-86.05111,37.96126],[-86.06374,37.97425],[-86.07728,37.99739],[-86.07386,37.99551],[-86.0946,38.00881],[-86.12533,38.01624],[-86.14893,38.01466],[-86.16319,38.01006],[-86.17818,38.01056],[-86.22024,38.02796],[-86.23334,38.03963],[-86.2646,38.05477],[-86.27277,38.06482],[-86.27855,38.08642],[-86.27912,38.10094],[-86.2704,38.1289],[-86.27285,38.14084],[-86.29282,38.16248],[-86.31883,38.17379],[-86.3474,38.19511],[-86.36171,38.1987],[-86.37207,38.19496],[-86.37671,38.18939],[-86.37673,38.16974],[-86.36534,38.16137],[-86.32587,38.15403],[-86.32113,38.14659],[-86.32512,38.13634],[-86.33867,38.12788],[-86.38077,38.12902],[-86.38932,38.12229],[-86.39646,38.10689],[-86.40188,38.10433],[-86.43234,38.12634],[-86.44899,38.12732],[-86.46124,38.12093],[-86.46635,38.11347],[-86.46468,38.10251],[-86.45741,38.09502],[-86.43233,38.0848],[-86.43052,38.07556],[-86.43392,38.06571],[-86.4479,38.05317],[-86.45977,38.04813],[-86.51591,38.0431],[-86.52171,38.03962],[-86.52514,38.02873],[-86.52494,37.9665],[-86.52018,37.95383],[-86.50932,37.9423],[-86.50734,37.9295],[-86.53384,37.91715],[-86.57942,37.92318],[-86.58869,37.92109],[-86.59723,37.91292],[-86.60013,37.90517],[-86.59819,37.86716],[-86.60865,37.8557],[-86.63768,37.84283],[-86.65523,37.84248],[-86.66205,37.85153],[-86.66065,37.86425],[-86.64426,37.89652],[-86.64785,37.90939],[-86.68079,37.91504],[-86.71744,37.8935],[-86.73255,37.89477],[-86.75112,37.91336],[-86.77784,37.95169],[-86.79497,37.98921],[-86.81601,37.99902],[-86.82435,37.99875],[-86.85981,37.98503],[-86.90198,37.94645],[-86.91892,37.93684],[-86.97618,37.93111],[-87.00997,37.91989],[-87.03417,37.90626],[-87.04588,37.89265],[-87.04324,37.86837],[-87.06541,37.80761],[-87.07153,37.79982],[-87.08928,37.78786],[-87.1121,37.78234],[-87.13007,37.78678],[-87.14111,37.81552],[-87.1617,37.83976],[-87.22026,37.84897],[-87.2555,37.8678],[-87.29761,37.8956],[-87.31998,37.90567],[-87.34436,37.91099],[-87.36317,37.92197],[-87.37169,37.93119],[-87.38618,37.9378],[-87.41413,37.94477],[-87.44913,37.94185],[-87.49763,37.9107],[-87.51057,37.90608],[-87.5609,37.93211],[-87.57357,37.95172],[-87.57751,37.95166],[-87.57423,37.96115],[-87.57664,37.96878],[-87.59173,37.97532],[-87.60139,37.97131],[-87.60581,37.94961],[-87.62235,37.9363],[-87.6174,37.93827],[-87.62727,37.92484],[-87.62037,37.90736],[-87.59294,37.88984],[-87.58374,37.87808],[-87.59027,37.85859],[-87.61535,37.83188],[-87.6531,37.82604],[-87.67034,37.82796],[-87.67772,37.83416],[-87.6821,37.84678],[-87.68168,37.85627],[-87.66403,37.88748],[-87.66684,37.89576],[-87.67501,37.90164],[-87.68441,37.90366],[-87.71821,37.8926],[-87.73735,37.89473],[-87.75924,37.89166],[-87.79143,37.87566],[-87.82977,37.87642],[-87.83967,37.88078],[-87.84644,37.88799],[-87.84649,37.89353],[-87.85679,37.90019],[-87.86378,37.9124],[-87.87502,37.92286],[-87.89538,37.92802],[-87.90859,37.92169],[-87.93731,37.89207],[-87.94074,37.8845],[-87.93688,37.86872],[-87.90997,37.84303],[-87.90365,37.81679],[-87.90738,37.80713],[-87.93413,37.79641],[-87.94486,37.77481],[-87.95184,37.7717],[-87.95983,37.77313],[-87.97285,37.78537],[-88.00472,37.8001],[-88.01629,37.80197],[-88.02892,37.79873]]]}},{"type":"Feature","properties":{"std_name":"West North Central Division","std_geoid":"4","pen":"statisticians","std_note":null},"geometry":{"type":"Polygon","coordinates":[[[-91.41301,40.38228],[-91.44486,40.36314],[-91.46214,40.34241],[-91.47183,40.31734],[-91.49097,40.28336],[-91.49306,40.27526],[-91.49052,40.2595],[-91.5065,40.2363],[-91.50428,40.2243],[-91.50727,40.20934],[-91.50448,40.19826],[-91.51107,40.18879],[-91.51308,40.17854],[-91.50822,40.15767],[-91.51159,40.14927],[-91.51084,40.12614],[-91.48961,40.05743],[-91.49488,40.03645],[-91.46925,39.99533],[-91.46532,39.984],[-91.45885,39.97901],[-91.44156,39.9513],[-91.42578,39.93776],[-91.41936,39.92772],[-91.42088,39.91486],[-91.44351,39.89358],[-91.44692,39.88303],[-91.44669,39.87164],[-91.43653,39.84708],[-91.42847,39.83763],[-91.37649,39.81003],[-91.36239,39.79048],[-91.36528,39.75772],[-91.36995,39.74504],[-91.36842,39.72974],[-91.34725,39.71048],[-91.3016,39.67907],[-91.27614,39.66576],[-91.22932,39.62085],[-91.18194,39.60268],[-91.17465,39.59331],[-91.16842,39.56493],[-91.15363,39.54825],[-91.10031,39.53869],[-91.07977,39.50773],[-91.06431,39.49464],[-91.05944,39.46886],[-91.03827,39.44844],[-90.99379,39.42296],[-90.94077,39.40398],[-90.92875,39.38754],[-90.90486,39.3794],[-90.89378,39.36734],[-90.8475,39.34527],[-90.81685,39.3205],[-90.79346,39.3095],[-90.79067,39.30291],[-90.77567,39.29281],[-90.76765,39.28003],[-90.7516,39.26543],[-90.72996,39.25589],[-90.71711,39.21391],[-90.7174,39.19741],[-90.71048,39.17637],[-90.7079,39.15086],[-90.70292,39.13875],[-90.68605,39.11778],[-90.68109,39.10059],[-90.68274,39.08835],[-90.71254,39.05706],[-90.71273,39.04974],[-90.67819,38.99185],[-90.67595,38.96214],[-90.66342,38.93555],[-90.66302,38.92628],[-90.63699,38.90512],[-90.62336,38.88715],[-90.58226,38.86879],[-90.54892,38.87294],[-90.49967,38.9106],[-90.48706,38.92586],[-90.48273,38.93471],[-90.48307,38.94307],[-90.47173,38.95919],[-90.45128,38.96773],[-90.43994,38.96738],[-90.39272,38.95907],[-90.30945,38.92412],[-90.27747,38.92372],[-90.25025,38.91934],[-90.22304,38.90739],[-90.19761,38.88765],[-90.16641,38.87635],[-90.11333,38.84931],[-90.10941,38.84355],[-90.11942,38.80181],[-90.13627,38.78832],[-90.16636,38.77267],[-90.1763,38.75448],[-90.20991,38.72605],[-90.212,38.71178],[-90.2092,38.70278],[-90.1864,38.67478],[-90.1811,38.65958],[-90.178,38.63378],[-90.1845,38.61158],[-90.196,38.59448],[-90.2242,38.57508],[-90.25778,38.53201],[-90.27784,38.47991],[-90.29108,38.43089],[-90.34152,38.38834],[-90.37082,38.33355],[-90.37242,38.28372],[-90.36514,38.24072],[-90.35341,38.21321],[-90.32722,38.18431],[-90.29063,38.17036],[-90.27484,38.15756],[-90.24257,38.11212],[-90.21702,38.09347],[-90.17604,38.07066],[-90.15827,38.07495],[-90.1296,38.06144],[-90.1263,38.05443],[-90.1262,38.04071],[-90.11052,38.02655],[-90.08826,38.01577],[-90.05937,38.01554],[-90.05194,38.00543],[-90.0318,37.99513],[-90.00794,37.97011],[-89.99685,37.96322],[-89.96505,37.96439],[-89.94069,37.97087],[-89.93588,37.95958],[-89.9246,37.95985],[-89.92485,37.95491],[-89.93127,37.94828],[-89.94732,37.94028],[-89.95977,37.94008],[-89.96206,37.93392],[-89.97465,37.92707],[-89.97376,37.91802],[-89.96528,37.9023],[-89.94776,37.87985],[-89.92337,37.8707],[-89.90238,37.86974],[-89.87969,37.88074],[-89.86188,37.89768],[-89.84264,37.9052],[-89.79933,37.88152],[-89.7977,37.87439],[-89.80035,37.86863],[-89.79754,37.86213],[-89.78633,37.85169],[-89.78199,37.85505],[-89.7541,37.84635],[-89.73987,37.84692],[-89.71744,37.82572],[-89.66964,37.79992],[-89.66038,37.7863],[-89.66119,37.77573],[-89.66799,37.75948],[-89.66335,37.75005],[-89.64953,37.7455],[-89.61728,37.74972],[-89.61574,37.74273],[-89.59748,37.73348],[-89.58332,37.71326],[-89.53143,37.70033],[-89.51668,37.69276],[-89.51204,37.68098],[-89.51615,37.66797],[-89.51772,37.64122],[-89.50656,37.62505],[-89.48579,37.60716],[-89.47593,37.593],[-89.47755,37.58588],[-89.48606,37.58085],[-89.51394,37.58481],[-89.51981,37.58275],[-89.52192,37.56074],[-89.51705,37.53728],[-89.47553,37.47139],[-89.43977,37.4372],[-89.42652,37.409],[-89.42054,37.38801],[-89.43284,37.34706],[-89.44756,37.34047],[-89.47457,37.33816],[-89.48901,37.33337],[-89.51076,37.31274],[-89.51834,37.2855],[-89.50926,37.27137],[-89.48991,37.25131],[-89.47052,37.25336],[-89.45883,37.24866],[-89.4583,37.24037],[-89.46763,37.2182],[-89.4561,37.18812],[-89.42558,37.13824],[-89.41173,37.12251],[-89.38805,37.10748],[-89.37711,37.09076],[-89.37571,37.08051],[-89.38519,37.05775],[-89.38394,37.04644],[-89.37828,37.03961],[-89.3624,37.03016],[-89.32298,37.01609],[-89.29213,36.99219],[-89.27863,36.98867],[-89.26353,37.00005],[-89.25761,37.0155],[-89.26,37.02329],[-89.27772,37.03614],[-89.30475,37.04756],[-89.31082,37.0579],[-89.30829,37.06837],[-89.25993,37.06407],[-89.25493,37.07201],[-89.23405,37.03728],[-89.20079,37.01616],[-89.1921,36.98],[-89.18549,36.97352],[-89.17001,36.9703],[-89.12535,36.98353],[-89.11095,36.9778],[-89.0998,36.96467],[-89.10092,36.94374],[-89.11711,36.88869],[-89.13193,36.8576],[-89.13811,36.84732],[-89.15268,36.8471],[-89.159,36.84273],[-89.1719,36.84111],[-89.1792,36.8299],[-89.17913,36.81089],[-89.17056,36.79754],[-89.15714,36.78957],[-89.12438,36.78583],[-89.11657,36.77451],[-89.11708,36.76577],[-89.12597,36.75181],[-89.16979,36.75964],[-89.18532,36.75335],[-89.19786,36.73977],[-89.2014,36.72588],[-89.19931,36.71562],[-89.17046,36.69005],[-89.16797,36.67909],[-89.17188,36.6726],[-89.15912,36.66635],[-89.19775,36.62897],[-89.20277,36.60166],[-89.21118,36.58406],[-89.21904,36.57506],[-89.23631,36.56688],[-89.26349,36.56627],[-89.29467,36.59378],[-89.31466,36.62184],[-89.32464,36.63102],[-89.3439,36.63189],[-89.3658,36.62513],[-89.37614,36.61413],[-89.38271,36.58372],[-89.39583,36.55933],[-89.39863,36.54228],[-89.41728,36.49901],[-89.44374,36.46916],[-89.46443,36.45775],[-89.48619,36.46211],[-89.49395,36.47356],[-89.48669,36.49499],[-89.47326,36.51242],[-89.46591,36.53001],[-89.46782,36.54697],[-89.47993,36.56909],[-89.53064,36.58171],[-89.55112,36.57807],[-89.567,36.56505],[-89.57103,36.5502],[-89.56041,36.52441],[-89.51992,36.47705],[-89.52343,36.45657],[-89.54341,36.43877],[-89.54525,36.42708],[-89.51396,36.38489],[-89.50972,36.37363],[-89.519,36.3486],[-89.53182,36.33925],[-89.54501,36.33681],[-89.58164,36.34236],[-89.60567,36.34223],[-89.61584,36.33608],[-89.62026,36.32301],[-89.61182,36.30909],[-89.57849,36.28832],[-89.5543,36.27775],[-89.5448,36.28046],[-89.53949,36.27737],[-89.53644,36.27283],[-89.53468,36.25277],[-89.54474,36.24748],[-89.56221,36.25091],[-89.57754,36.24226],[-89.60237,36.23811],[-89.65141,36.25068],[-89.67804,36.24829],[-89.69523,36.25277],[-89.70182,36.246],[-89.70525,36.23657],[-89.69263,36.22496],[-89.607,36.17118],[-89.59358,36.154],[-89.59163,36.14214],[-89.59355,36.12814],[-89.60194,36.11947],[-89.6283,36.10685],[-89.6666,36.0958],[-89.67882,36.08464],[-89.68858,36.02924],[-89.70693,36.00098],[-90.3779,35.99574],[-90.35178,36.02506],[-90.35428,36.03032],[-90.34828,36.03505],[-90.34821,36.04157],[-90.33687,36.04724],[-90.33334,36.06748],[-90.32062,36.07132],[-90.31824,36.07613],[-90.31961,36.08957],[-90.30018,36.09772],[-90.29306,36.11443],[-90.27298,36.11681],[-90.26086,36.12726],[-90.25327,36.12731],[-90.24556,36.13619],[-90.23544,36.1394],[-90.23123,36.15359],[-90.23535,36.15954],[-90.23121,36.16376],[-90.22961,36.17316],[-90.22035,36.18454],[-90.21136,36.1831],[-90.20441,36.18686],[-90.20024,36.19646],[-90.19646,36.19637],[-90.18813,36.20546],[-90.17763,36.20727],[-90.16947,36.21412],[-90.15572,36.21382],[-90.14902,36.22179],[-90.14572,36.22085],[-90.14185,36.22765],[-90.13241,36.22643],[-90.12626,36.22921],[-90.1248,36.23526],[-90.13088,36.24137],[-90.124,36.24314],[-90.11837,36.25327],[-90.11707,36.26349],[-90.0963,36.2713],[-90.08353,36.27212],[-90.07572,36.28105],[-90.07901,36.28987],[-90.0715,36.29321],[-90.06419,36.3025],[-90.06949,36.31325],[-90.08238,36.322],[-90.07546,36.33434],[-90.07832,36.33771],[-90.07419,36.34337],[-90.07803,36.34929],[-90.06804,36.35654],[-90.06347,36.36708],[-90.06278,36.37716],[-90.06674,36.37801],[-90.0635,36.38408],[-90.06813,36.38515],[-90.06585,36.38745],[-90.069,36.38823],[-90.07054,36.39352],[-90.07419,36.39299],[-90.08152,36.4011],[-90.09843,36.40401],[-90.10155,36.40197],[-90.10434,36.40543],[-90.11032,36.40416],[-90.11083,36.40774],[-90.1156,36.40582],[-90.11365,36.40956],[-90.1185,36.40943],[-90.11889,36.41251],[-90.12874,36.41145],[-90.1274,36.41674],[-90.1385,36.41373],[-90.1344,36.42288],[-90.1393,36.42132],[-90.14431,36.42602],[-90.14301,36.43095],[-90.13795,36.43156],[-90.1389,36.43511],[-90.13426,36.43645],[-90.13727,36.45019],[-90.13395,36.45378],[-90.14096,36.45854],[-90.14301,36.46796],[-90.14503,36.46285],[-90.1505,36.46546],[-90.15541,36.46379],[-90.15299,36.47077],[-90.14566,36.46905],[-90.14239,36.4714],[-90.14418,36.4762],[-90.15954,36.48024],[-90.15721,36.48431],[-90.1601,36.4875],[-90.15615,36.4891],[-90.16007,36.49438],[-90.15345,36.49305],[-90.15231,36.49798],[-94.61786,36.49943],[-94.61796,36.99891],[-98.30047,36.99768],[-100.10789,37.00231],[-102.04209,36.99302],[-102.04535,38.8569],[-102.05167,39.84769],[-102.05172,41.00236],[-104.05325,41.00141],[-104.05258,42.65019],[-104.05788,44.99761],[-104.03969,44.99807],[-104.0426,45.74994],[-104.04683,46.01751],[-104.04575,47.26165],[-104.04142,47.86268],[-104.0455,48.15738],[-104.04869,48.9999],[-95.15319,48.99887],[-95.1534,49.38448],[-95.12871,49.37045],[-95.0583,49.35325],[-95.0142,49.35648],[-94.989,49.36894],[-94.95739,49.3702],[-94.85406,49.32434],[-94.81626,49.3214],[-94.82435,49.30895],[-94.82554,49.29435],[-94.79733,49.21435],[-94.79798,49.19786],[-94.77278,49.12051],[-94.74965,49.09874],[-94.68346,48.88412],[-94.6843,48.87235],[-94.6924,48.86901],[-94.69021,48.86355],[-94.69306,48.85342],[-94.68558,48.84005],[-94.70201,48.83182],[-94.70429,48.82422],[-94.69512,48.80915],[-94.6944,48.78944],[-94.6909,48.778],[-94.65202,48.75614],[-94.64129,48.74122],[-94.61916,48.73726],[-94.58765,48.71758],[-94.54904,48.71474],[-94.53852,48.7027],[-94.53295,48.70122],[-94.47066,48.69658],[-94.45238,48.6924],[-94.43883,48.69483],[-94.41583,48.71097],[-94.38407,48.71182],[-94.36879,48.70647],[-94.34314,48.7034],[-94.30882,48.71027],[-94.29119,48.70781],[-94.27457,48.69987],[-94.26449,48.69899],[-94.25297,48.68634],[-94.25074,48.67812],[-94.25467,48.66144],[-94.25095,48.6569],[-94.2242,48.64946],[-94.18864,48.65038],[-94.12607,48.64434],[-94.06588,48.64614],[-94.06428,48.64372],[-94.03562,48.64104],[-94.00696,48.64328],[-93.95302,48.63413],[-93.91696,48.63285],[-93.91349,48.63523],[-93.84435,48.63022],[-93.83344,48.62559],[-93.82143,48.60916],[-93.81309,48.58797],[-93.80635,48.57951],[-93.80416,48.57021],[-93.81199,48.55029],[-93.81099,48.54092],[-93.81849,48.53141],[-93.81112,48.52465],[-93.79337,48.51631],[-93.71085,48.51855],[-93.69304,48.51519],[-93.65931,48.51641],[-93.64336,48.51896],[-93.63576,48.52841],[-93.62846,48.53187],[-93.61226,48.5224],[-93.59013,48.5304],[-93.5762,48.52699],[-93.5425,48.52998],[-93.51716,48.53479],[-93.5011,48.54133],[-93.46738,48.54645],[-93.45768,48.55972],[-93.45754,48.56713],[-93.46717,48.5884],[-93.46547,48.59163],[-93.43984,48.59368],[-93.40566,48.60983],[-93.39538,48.60379],[-93.37145,48.60585],[-93.36199,48.61403],[-93.35508,48.6114],[-93.35269,48.61348],[-93.34866,48.62645],[-93.25465,48.64281],[-93.20753,48.6425],[-93.17838,48.62326],[-93.09034,48.62778],[-92.98457,48.62382],[-92.95479,48.63154],[-92.94979,48.63033],[-92.95001,48.60835],[-92.92956,48.60693],[-92.91007,48.59639],[-92.8945,48.59498],[-92.72841,48.53937],[-92.65785,48.54622],[-92.63489,48.54256],[-92.62552,48.51789],[-92.62507,48.51291],[-92.63192,48.50671],[-92.62701,48.50327],[-92.6371,48.49933],[-92.6541,48.50169],[-92.66147,48.49631],[-92.68576,48.4974],[-92.69867,48.49484],[-92.71268,48.46298],[-92.68812,48.44371],[-92.65622,48.43647],[-92.57654,48.4406],[-92.53695,48.44774],[-92.50747,48.44798],[-92.48935,48.43026],[-92.48201,48.42829],[-92.47545,48.41862],[-92.45643,48.41408],[-92.4564,48.40111],[-92.4765,48.37191],[-92.46977,48.35209],[-92.43671,48.3089],[-92.42563,48.30462],[-92.41563,48.29509],[-92.38919,48.25368],[-92.39236,48.25116],[-92.3859,48.25133],[-92.38726,48.24433],[-92.38382,48.24456],[-92.37838,48.23033],[-92.36992,48.22028],[-92.36805,48.22407],[-92.3622,48.22267],[-92.35355,48.23008],[-92.3419,48.2317],[-92.33657,48.23566],[-92.3321,48.23391],[-92.31489,48.2405],[-92.26958,48.24818],[-92.27364,48.25652],[-92.29018,48.26506],[-92.29456,48.27121],[-92.29317,48.27598],[-92.30143,48.2883],[-92.29455,48.30622],[-92.30617,48.31625],[-92.30448,48.32283],[-92.29544,48.32385],[-92.28884,48.34281],[-92.26255,48.35491],[-92.22161,48.34886],[-92.21696,48.34496],[-92.20672,48.34565],[-92.2039,48.35184],[-92.19281,48.34872],[-92.17853,48.3518],[-92.17741,48.35714],[-92.162,48.3633],[-92.14489,48.36569],[-92.1437,48.35602],[-92.08355,48.35371],[-92.07816,48.35802],[-92.05522,48.35936],[-92.04511,48.34573],[-92.04784,48.34359],[-92.04694,48.33477],[-92.03767,48.33306],[-92.03079,48.3257],[-92.00011,48.3211],[-92.01299,48.29744],[-92.01202,48.287],[-92.00726,48.28055],[-92.00652,48.26541],[-91.98915,48.26028],[-91.97564,48.24432],[-91.97041,48.2478],[-91.97247,48.25059],[-91.96998,48.25377],[-91.9541,48.25226],[-91.94803,48.24593],[-91.95829,48.24384],[-91.95835,48.23313],[-91.94208,48.23036],[-91.93758,48.23421],[-91.91488,48.23892],[-91.89311,48.23798],[-91.88432,48.22742],[-91.86757,48.21918],[-91.86436,48.20695],[-91.81545,48.21181],[-91.80945,48.20627],[-91.79108,48.20251],[-91.78865,48.19634],[-91.78067,48.20074],[-91.76421,48.20062],[-91.75591,48.206],[-91.75352,48.20086],[-91.7484,48.19868],[-91.74154,48.19933],[-91.74208,48.20462],[-91.71536,48.1995],[-91.71037,48.19254],[-91.72134,48.18026],[-91.72436,48.17053],[-91.70939,48.1729],[-91.70483,48.17071],[-91.70467,48.16004],[-91.70812,48.153],[-91.69778,48.1416],[-91.69952,48.13196],[-91.71175,48.11465],[-91.70335,48.11372],[-91.68211,48.1225],[-91.68757,48.1119],[-91.68089,48.10831],[-91.66508,48.10715],[-91.66186,48.11192],[-91.65181,48.11396],[-91.6531,48.1098],[-91.63992,48.09711],[-91.55911,48.10859],[-91.55283,48.10324],[-91.56944,48.09369],[-91.57538,48.06671],[-91.57272,48.05739],[-91.57546,48.04894],[-91.56751,48.04379],[-91.48818,48.06838],[-91.45,48.06907],[-91.44622,48.06775],[-91.44664,48.06304],[-91.43859,48.05033],[-91.42957,48.04865],[-91.39088,48.05716],[-91.37083,48.06973],[-91.36498,48.06712],[-91.33998,48.07356],[-91.33636,48.06969],[-91.33128,48.06962],[-91.32447,48.07294],[-91.28973,48.07418],[-91.26677,48.07883],[-91.2497,48.08409],[-91.23489,48.09614],[-91.2149,48.10286],[-91.19005,48.12511],[-91.18288,48.12219],[-91.1563,48.14051],[-91.13733,48.14925],[-91.1426,48.15461],[-91.11986,48.16068],[-91.11474,48.16649],[-91.09196,48.17366],[-91.08247,48.18115],[-91.06548,48.1814],[-91.05543,48.18831],[-91.0237,48.19043],[-91.0123,48.19846],[-91.00282,48.20073],[-91.0041,48.20302],[-90.97698,48.21955],[-90.91509,48.23075],[-90.90685,48.23749],[-90.88576,48.24595],[-90.87509,48.23784],[-90.84768,48.24453],[-90.8393,48.23956],[-90.83484,48.2018],[-90.8364,48.17703],[-90.83254,48.17351],[-90.8247,48.17684],[-90.82577,48.18357],[-90.82102,48.18468],[-90.81753,48.1794],[-90.80408,48.17782],[-90.80115,48.16408],[-90.79643,48.15921],[-90.77793,48.16384],[-90.77784,48.14829],[-90.79822,48.13689],[-90.78222,48.13586],[-90.78979,48.13014],[-90.7764,48.12399],[-90.77412,48.11864],[-90.76875,48.11659],[-90.7614,48.09838],[-90.75158,48.09099],[-90.74146,48.09456],[-90.6415,48.10352],[-90.62706,48.11177],[-90.59128,48.11745],[-90.57968,48.1238],[-90.57576,48.12062],[-90.5591,48.12173],[-90.55551,48.11692],[-90.56974,48.10683],[-90.56446,48.09881],[-90.5567,48.09593],[-90.51694,48.09931],[-90.51032,48.09729],[-90.49611,48.0986],[-90.4936,48.10136],[-90.48669,48.09905],[-90.46739,48.10874],[-90.43845,48.09868],[-90.40315,48.10509],[-90.37429,48.09092],[-90.37343,48.09402],[-90.36745,48.0947],[-90.34431,48.09431],[-90.33006,48.10229],[-90.31005,48.10556],[-90.28925,48.09907],[-90.22517,48.10822],[-90.21068,48.10635],[-90.18862,48.10803],[-90.17649,48.11239],[-90.16427,48.10971],[-90.14083,48.11256],[-90.11599,48.10416],[-90.09161,48.1046],[-90.07411,48.10122],[-90.02333,48.08475],[-90.01484,48.06714],[-90.00873,48.06855],[-89.9981,48.05793],[-89.99384,48.0493],[-89.9971,48.03532],[-89.99383,48.02809],[-89.97471,48.02312],[-89.96826,48.01467],[-89.95311,48.01082],[-89.95061,48.01623],[-89.93458,48.01582],[-89.93151,48.00891],[-89.92586,48.00631],[-89.92807,48.00219],[-89.92185,48.00011],[-89.92213,47.99717],[-89.8955,47.98732],[-89.87189,47.98552],[-89.86821,47.99019],[-89.84721,47.99263],[-89.84247,47.99725],[-89.84209,48.00167],[-89.84481,48.00307],[-89.83132,47.9996],[-89.81994,48.01552],[-89.80737,48.01759],[-89.80616,48.01426],[-89.79685,48.01486],[-89.79241,48.01837],[-89.77909,48.0185],[-89.77536,48.02286],[-89.77371,48.02048],[-89.75007,48.02356],[-89.74267,48.02001],[-89.7237,48.02079],[-89.7195,48.01848],[-89.72395,48.01716],[-89.72418,48.01376],[-89.71624,48.01687],[-89.71613,48.00945],[-89.70803,48.01043],[-89.70241,48.00636],[-89.68811,48.0109],[-89.67291,48.01157],[-89.66679,48.00729],[-89.66195,48.01077],[-89.65681,48.00987],[-89.65087,48.00362],[-89.64588,48.00626],[-89.63706,48.00414],[-89.63803,48.00912],[-89.61843,48.01088],[-89.6107,48.01793],[-89.60815,48.00693],[-89.5855,48.00176],[-89.58097,47.99594],[-89.56429,48.00293],[-89.48338,48.01372],[-89.9571,47.2911],[-90.65466,47.30982],[-91.50018,46.91332],[-91.98134,46.72309],[-92.02029,46.70404],[-92.03399,46.70894],[-92.08949,46.74924],[-92.11659,46.74864],[-92.14329,46.73464],[-92.14152,46.72528],[-92.14673,46.71579],[-92.16729,46.71994],[-92.18909,46.71754],[-92.19739,46.70764],[-92.20469,46.70404],[-92.20519,46.69834],[-92.183,46.69565],[-92.17626,46.69047],[-92.17588,46.68647],[-92.20409,46.66694],[-92.20159,46.65664],[-92.20709,46.65194],[-92.21639,46.64984],[-92.22849,46.65294],[-92.24249,46.64924],[-92.25659,46.65874],[-92.26599,46.65104],[-92.27059,46.65074],[-92.27439,46.65744],[-92.28619,46.66034],[-92.28739,46.66734],[-92.29129,46.66814],[-92.29403,46.07438],[-92.31933,46.06929],[-92.33291,46.0627],[-92.34346,46.04299],[-92.34374,46.02853],[-92.34928,46.02362],[-92.35176,46.01568],[-92.37272,46.0142],[-92.4119,46.02748],[-92.42856,46.02424],[-92.44226,46.01618],[-92.45337,45.99291],[-92.46451,45.98504],[-92.46158,45.97889],[-92.46976,45.97357],[-92.52705,45.98324],[-92.54981,45.96799],[-92.55193,45.95165],[-92.60246,45.94082],[-92.61431,45.93453],[-92.63882,45.93417],[-92.63912,45.92456],[-92.65955,45.92294],[-92.67617,45.91207],[-92.67735,45.90582],[-92.7125,45.89171],[-92.73822,45.86203],[-92.73612,45.85913],[-92.73999,45.84628],[-92.76515,45.83018],[-92.75781,45.80657],[-92.77648,45.79],[-92.78462,45.7642],[-92.80984,45.74417],[-92.86919,45.71757],[-92.87014,45.69676],[-92.87549,45.68901],[-92.87893,45.66561],[-92.88943,45.6412],[-92.88686,45.63572],[-92.88804,45.62496],[-92.88253,45.61022],[-92.88644,45.59868],[-92.88328,45.58983],[-92.88375,45.57548],[-92.87108,45.56758],[-92.84645,45.56652],[-92.82331,45.56093],[-92.8015,45.56285],[-92.78574,45.56789],[-92.77022,45.56694],[-92.72608,45.54111],[-92.72668,45.51446],[-92.71286,45.50485],[-92.68023,45.46434],[-92.65355,45.45535],[-92.6466,45.44163],[-92.65027,45.41917],[-92.64668,45.41323],[-92.65042,45.39851],[-92.6641,45.39331],[-92.67696,45.38014],[-92.67919,45.37271],[-92.70272,45.35847],[-92.70405,45.35366],[-92.69897,45.33637],[-92.70867,45.32252],[-92.73712,45.30046],[-92.762,45.28821],[-92.76061,45.27883],[-92.75192,45.26588],[-92.76026,45.25172],[-92.75746,45.23053],[-92.75171,45.21867],[-92.75401,45.21277],[-92.76391,45.20487],[-92.76681,45.18547],[-92.7524,45.17392],[-92.74905,45.14867],[-92.7522,45.14249],[-92.7457,45.12313],[-92.73958,45.1156],[-92.74675,45.10705],[-92.79266,45.07876],[-92.80152,45.06862],[-92.80312,45.06157],[-92.79559,45.04924],[-92.77036,45.0338],[-92.76206,45.02432],[-92.77123,45.00138],[-92.76945,44.97215],[-92.7546,44.95577],[-92.75065,44.9373],[-92.7587,44.90898],[-92.77457,44.89808],[-92.77395,44.89],[-92.76341,44.87414],[-92.7695,44.862],[-92.76593,44.83563],[-92.78075,44.8123],[-92.78562,44.79189],[-92.80445,44.77076],[-92.80824,44.75108],[-92.79234,44.73936],[-92.73204,44.71435],[-92.69432,44.68861],[-92.66099,44.6609],[-92.63202,44.64919],[-92.62022,44.63419],[-92.62357,44.62064],[-92.62164,44.61493],[-92.61471,44.61166],[-92.60161,44.61204],[-92.59049,44.60594],[-92.58622,44.60009],[-92.57716,44.60504],[-92.56895,44.60337],[-92.54983,44.5811],[-92.55157,44.57221],[-92.54889,44.56825],[-92.54102,44.56713],[-92.51922,44.57527],[-92.49372,44.56605],[-92.48099,44.56845],[-92.4589,44.56274],[-92.43863,44.55264],[-92.41567,44.56051],[-92.39154,44.55764],[-92.36152,44.55893],[-92.33611,44.554],[-92.32234,44.54678],[-92.31407,44.53801],[-92.30305,44.51865],[-92.30222,44.5003],[-92.291,44.48546],[-92.27398,44.47188],[-92.24488,44.45684],[-92.23086,44.4445],[-92.19538,44.43379],[-92.12451,44.42211],[-92.11231,44.41433],[-92.0786,44.40487],[-92.05649,44.40273],[-92.03815,44.38873],[-91.96681,44.36399],[-91.94131,44.34098],[-91.92559,44.33355],[-91.91863,44.32267],[-91.91357,44.31039],[-91.9241,44.29709],[-91.92461,44.29181],[-91.92028,44.2865],[-91.90579,44.28161],[-91.89639,44.27469],[-91.89601,44.26287],[-91.88704,44.25177],[-91.8927,44.2311],[-91.87743,44.21292],[-91.87516,44.20058],[-91.82917,44.17835],[-91.8173,44.16423],[-91.80806,44.15926],[-91.77449,44.14754],[-91.75175,44.13479],[-91.72155,44.13034],[-91.7106,44.12048],[-91.70749,44.10391],[-91.69531,44.09857],[-91.68153,44.0974],[-91.66701,44.08696],[-91.65951,44.0742],[-91.64787,44.06411],[-91.63814,44.06329],[-91.6279,44.0558],[-91.61049,44.04931],[-91.59207,44.03137],[-91.58002,44.02692],[-91.50712,44.01898],[-91.48087,44.00814],[-91.46352,44.00904],[-91.43927,44.00099],[-91.4312,43.99544],[-91.42413,43.98263],[-91.40601,43.96393],[-91.3858,43.95424],[-91.36664,43.93746],[-91.35743,43.91723],[-91.34774,43.91196],[-91.33814,43.89766],[-91.32061,43.88849],[-91.31531,43.88181],[-91.31099,43.86738],[-91.28414,43.84707],[-91.27769,43.83774],[-91.27204,43.81377],[-91.26243,43.79217],[-91.24413,43.77467],[-91.25543,43.74488],[-91.25593,43.72985],[-91.26846,43.70982],[-91.26779,43.69565],[-91.27325,43.66662],[-91.27175,43.65493],[-91.26386,43.64766],[-91.2624,43.64176],[-91.26846,43.62735],[-91.26875,43.61535],[-91.26163,43.60618],[-91.23186,43.58182],[-91.23281,43.56484],[-91.24321,43.55072],[-91.24318,43.54031],[-91.23294,43.52397],[-91.21735,43.51247],[-91.21604,43.48114],[-91.23337,43.45517],[-91.22875,43.44554],[-91.20314,43.4198],[-91.19767,43.39533],[-91.20607,43.37498],[-91.21477,43.36587],[-91.20396,43.34985],[-91.18112,43.34593],[-91.13734,43.32976],[-91.10724,43.31365],[-91.08565,43.29187],[-91.07371,43.27475],[-91.07265,43.26213],[-91.05975,43.25907],[-91.05792,43.25537],[-91.0664,43.23929],[-91.12217,43.19725],[-91.12443,43.18789],[-91.13865,43.16999],[-91.1462,43.15241],[-91.1562,43.14294],[-91.17525,43.13466],[-91.17825,43.12498],[-91.17519,43.10377],[-91.17946,43.06743],[-91.17469,43.03871],[-91.15749,42.99148],[-91.15656,42.97823],[-91.14593,42.96077],[-91.14988,42.94196],[-91.1438,42.92288],[-91.14562,42.90801],[-91.14349,42.9047],[-91.11741,42.89584],[-91.10057,42.88308],[-91.09766,42.85987],[-91.0914,42.84986],[-91.09406,42.83081],[-91.07867,42.82768],[-91.0781,42.80653],[-91.06955,42.76963],[-91.06026,42.76185],[-91.06143,42.75797],[-91.06549,42.75708],[-91.06506,42.75134],[-91.0563,42.74734],[-91.05373,42.73824],[-91.03542,42.73734],[-91.02679,42.72423],[-91.00013,42.71619],[-90.97773,42.69682],[-90.94921,42.68557],[-90.93704,42.6834],[-90.92115,42.68541],[-90.88743,42.67247],[-90.73113,42.64344],[-90.7063,42.63417],[-90.69203,42.61037],[-90.68698,42.59177],[-90.67794,42.58003],[-90.66153,42.568],[-90.65413,42.5499],[-90.64469,42.54132],[-90.63598,42.51871],[-90.65628,42.49137],[-90.6545,42.47921],[-90.64607,42.47109],[-90.62433,42.4589],[-90.56797,42.44039],[-90.56044,42.4329],[-90.55502,42.41614],[-90.50683,42.39879],[-90.48715,42.38514],[-90.47728,42.38379],[-90.46262,42.36725],[-90.44387,42.35522],[-90.41594,42.3227],[-90.42105,42.31611],[-90.41891,42.30833],[-90.43073,42.28421],[-90.43088,42.27823],[-90.41933,42.25447],[-90.40065,42.23929],[-90.39315,42.22719],[-90.35696,42.20544],[-90.32827,42.20105],[-90.28217,42.17885],[-90.25013,42.17147],[-90.21611,42.15673],[-90.20826,42.15099],[-90.2014,42.13094],[-90.19045,42.12578],[-90.17041,42.12502],[-90.16188,42.11378],[-90.16262,42.09099],[-90.16836,42.07578],[-90.16448,42.0421],[-90.15158,42.03063],[-90.14006,42.00325],[-90.14623,41.98133],[-90.15383,41.97412],[-90.16414,41.95618],[-90.16385,41.94493],[-90.1516,41.931],[-90.15358,41.90661],[-90.17004,41.87644],[-90.17301,41.85739],[-90.1819,41.84322],[-90.18397,41.83307],[-90.18095,41.80935],[-90.18797,41.80316],[-90.21689,41.79534],[-90.26329,41.77211],[-90.27863,41.76736],[-90.31088,41.74233],[-90.31767,41.72269],[-90.31289,41.70753],[-90.31343,41.69808],[-90.31731,41.69167],[-90.33452,41.67956],[-90.34345,41.64696],[-90.33953,41.59863],[-90.34323,41.58783],[-90.41282,41.56533],[-90.42223,41.55423],[-90.43273,41.54953],[-90.46143,41.52353],[-90.50063,41.51803],[-90.54094,41.52613],[-90.55624,41.52423],[-90.56724,41.51753],[-90.59104,41.51283],[-90.60214,41.50603],[-90.60594,41.49423],[-90.65584,41.46213],[-90.74595,41.44973],[-90.84656,41.45514],[-90.92925,41.42154],[-90.94979,41.42416],[-90.97419,41.43371],[-90.98291,41.43417],[-91.00585,41.42614],[-91.02779,41.4236],[-91.04589,41.41409],[-91.05158,41.38528],[-91.06623,41.36637],[-91.07484,41.30558],[-91.09203,41.28691],[-91.10114,41.26717],[-91.11419,41.25003],[-91.11366,41.2414],[-91.07298,41.20715],[-91.04156,41.16616],[-91.02723,41.16338],[-91.00759,41.16619],[-90.99496,41.16063],[-90.94662,41.09663],[-90.94939,41.07278],[-90.94225,41.0347],[-90.94595,41.0065],[-90.95814,40.97977],[-90.95223,40.95405],[-90.96534,40.92163],[-90.9985,40.90812],[-91.00954,40.90057],[-91.02156,40.88402],[-91.04465,40.86836],[-91.05643,40.84839],[-91.09299,40.82108],[-91.09765,40.80557],[-91.09226,40.79291],[-91.0917,40.77971],[-91.09811,40.76323],[-91.11042,40.74553],[-91.11574,40.72517],[-91.1111,40.70828],[-91.11194,40.69702],[-91.12393,40.66915],[-91.18698,40.6373],[-91.25307,40.63796],[-91.30657,40.62622],[-91.33972,40.61349],[-91.35987,40.6018],[-91.37975,40.57445],[-91.40148,40.55946],[-91.40637,40.55183],[-91.40412,40.53913],[-91.38453,40.53095],[-91.36906,40.51253],[-91.36421,40.50004],[-91.36646,40.47887],[-91.37814,40.45639],[-91.38177,40.44255],[-91.37328,40.4165],[-91.37255,40.4012],[-91.37571,40.39193],[-91.3842,40.38643],[-91.41301,40.38228]]]}},{"type":"Feature","properties":{"std_name":"South Atlantic Division","std_geoid":"5","pen":"statisticians","std_note":null},"geometry":{"type":"MultiPolygon","coordinates":[[[[-83.09919,24.67053],[-83.08845,24.69205],[-83.06676,24.71983],[-83.02066,24.75482],[-82.99074,24.77138],[-82.96097,24.78165],[-82.86889,24.79809],[-82.78993,24.79991],[-82.7561,24.79385],[-82.7219,24.7802],[-82.69621,24.7634],[-82.67998,24.74851],[-82.65508,24.71332],[-82.64533,24.68864],[-82.64007,24.64178],[-82.64415,24.61581],[-82.65668,24.58371],[-82.82818,24.58376],[-82.84849,24.5676],[-82.87207,24.56222],[-82.89587,24.56667],[-82.91412,24.57597],[-82.94329,24.56893],[-82.96026,24.57146],[-82.98201,24.58376],[-82.99974,24.58392],[-82.99988,24.47698],[-83.02926,24.48974],[-83.05249,24.50519],[-83.07421,24.52617],[-83.0937,24.55527],[-83.10353,24.57996],[-83.10891,24.61109],[-83.10711,24.64255],[-83.09919,24.67053]]],[[[-80.17656,25.36687],[-80.19222,25.32349],[-80.22495,25.28432],[-80.23894,25.25547],[-80.25966,25.23055],[-80.29483,25.17167],[-80.29531,25.16213],[-80.3029,25.14492],[-80.33332,25.0992],[-80.35778,25.0729],[-80.39043,25.05719],[-80.39162,25.0394],[-80.39966,25.02358],[-80.41502,25.00862],[-80.4391,24.99799],[-80.44018,24.98567],[-80.44552,24.97342],[-80.46289,24.95594],[-80.47808,24.94843],[-80.51434,24.94063],[-80.52528,24.92353],[-80.53816,24.91273],[-80.58545,24.88933],[-80.59676,24.875],[-80.64043,24.83843],[-80.65234,24.8314],[-80.67481,24.82561],[-80.70881,24.80469],[-80.74511,24.78888],[-80.75647,24.77615],[-80.77109,24.76595],[-80.79297,24.7597],[-80.81247,24.76121],[-80.83704,24.75],[-80.85223,24.74893],[-80.88696,24.71968],[-80.90559,24.71347],[-80.91891,24.71307],[-80.93392,24.7022],[-80.95711,24.69284],[-80.99979,24.66891],[-81.02258,24.66528],[-81.03863,24.64653],[-81.05974,24.63586],[-81.08723,24.63292],[-81.12062,24.63568],[-81.14085,24.64306],[-81.14769,24.64906],[-81.16939,24.63462],[-81.20426,24.63119],[-81.22065,24.62155],[-81.23991,24.61706],[-81.2498,24.60656],[-81.26463,24.59923],[-81.29345,24.59672],[-81.35584,24.57965],[-81.3748,24.57149],[-81.42064,24.57057],[-81.43717,24.56093],[-81.46509,24.55285],[-81.48337,24.55555],[-81.49465,24.56253],[-81.51462,24.56476],[-81.52785,24.55328],[-81.51937,24.53061],[-81.51988,24.51255],[-81.52567,24.50043],[-81.52856,24.50043],[-81.53992,24.48603],[-81.56496,24.47278],[-81.58583,24.47109],[-81.59684,24.46106],[-81.61026,24.45431],[-81.63242,24.45115],[-81.6972,24.43231],[-81.73011,24.4307],[-81.74981,24.43845],[-81.76287,24.44964],[-81.77369,24.47274],[-81.77081,24.49687],[-81.79236,24.49561],[-81.78331,24.4787],[-81.78181,24.46093],[-81.78898,24.43948],[-81.8007,24.42714],[-81.81352,24.41764],[-81.84105,24.40761],[-81.87481,24.40314],[-81.89426,24.40574],[-81.92056,24.39631],[-81.94644,24.39935],[-81.96732,24.41196],[-81.97447,24.42082],[-81.98205,24.44545],[-81.98092,24.45697],[-81.97441,24.47121],[-82.02348,24.47786],[-82.03427,24.4825],[-82.05107,24.49684],[-82.05818,24.51436],[-82.06717,24.52371],[-82.07932,24.51159],[-82.10033,24.5],[-82.1541,24.4961],[-82.16949,24.4977],[-82.19491,24.507],[-82.21417,24.52742],[-82.22229,24.557],[-82.22089,24.57088],[-82.21545,24.58376],[-82.3265,24.58373],[-82.31146,24.63007],[-82.28243,24.67624],[-82.24395,24.71564],[-82.20073,24.73817],[-82.15502,24.74694],[-82.10976,24.74711],[-82.0653,24.73938],[-82.02695,24.72572],[-82.00055,24.7405],[-81.96754,24.75278],[-81.92267,24.7615],[-81.89429,24.76365],[-81.81421,24.80639],[-81.77824,24.81538],[-81.76188,24.82875],[-81.70079,24.85783],[-81.66013,24.88329],[-81.62159,24.89722],[-81.58131,24.92376],[-81.51559,24.95629],[-81.48849,24.96635],[-81.40548,24.9785],[-81.37621,24.9766],[-81.35038,24.97048],[-81.32347,24.97338],[-81.28737,24.98402],[-81.25758,24.9866],[-81.21719,24.9817],[-81.17035,24.96214],[-81.17055,24.96577],[-81.1738,24.97488],[-81.18858,24.9948],[-81.21427,25.01918],[-81.24358,25.0355],[-81.26785,25.05657],[-81.28262,25.07513],[-81.29506,25.09793],[-81.3048,25.13242],[-81.32854,25.17641],[-81.3423,25.22483],[-81.34024,25.26405],[-81.31491,25.35155],[-81.3252,25.39062],[-81.34315,25.40758],[-81.358,25.42755],[-81.36887,25.44965],[-81.38477,25.49701],[-81.40697,25.52231],[-81.42541,25.5516],[-81.45983,25.5683],[-81.4876,25.59205],[-81.50869,25.62361],[-81.51902,25.65694],[-81.54863,25.66964],[-81.57623,25.68604],[-81.62016,25.67364],[-81.68273,25.67277],[-81.72672,25.68151],[-81.76672,25.70025],[-81.78767,25.71578],[-81.80747,25.7363],[-81.84202,25.79451],[-81.87372,25.83412],[-81.89038,25.87148],[-81.90773,25.9004],[-81.91583,25.92737],[-81.91843,25.95273],[-81.96444,26.05361],[-81.97343,26.12675],[-81.98086,26.15752],[-81.98529,26.21318],[-81.99726,26.26434],[-82.00546,26.28443],[-82.04611,26.27395],[-82.08688,26.27195],[-82.12752,26.27623],[-82.16932,26.28846],[-82.2185,26.31085],[-82.27636,26.35102],[-82.30141,26.37274],[-82.32065,26.39675],[-82.34464,26.44282],[-82.35922,26.50157],[-82.37959,26.53686],[-82.3903,26.57525],[-82.40873,26.60118],[-82.42578,26.63809],[-82.43304,26.67521],[-82.43157,26.73615],[-82.44505,26.76463],[-82.49716,26.83327],[-82.59439,26.99023],[-82.62638,27.05869],[-82.63531,27.08773],[-82.67054,27.15444],[-82.69518,27.17647],[-82.71397,27.19913],[-82.72602,27.22081],[-82.73465,27.24682],[-82.76014,27.27419],[-82.78629,27.31066],[-82.81435,27.33468],[-82.8323,27.35572],[-82.84661,27.38091],[-82.86162,27.42373],[-82.88416,27.44863],[-82.90265,27.48104],[-82.90987,27.50345],[-82.92878,27.54335],[-82.93493,27.5837],[-82.93284,27.61653],[-82.91739,27.66282],[-82.91522,27.68413],[-82.9655,27.73391],[-82.99389,27.77767],[-83.01181,27.82055],[-83.02054,27.87831],[-83.01474,27.92968],[-82.99845,27.99026],[-82.99746,28.01275],[-83.00819,28.06194],[-83.01251,28.13374],[-83.02205,28.19891],[-83.01698,28.24645],[-83.00099,28.28334],[-82.97418,28.31574],[-82.94072,28.33956],[-82.89736,28.35701],[-82.87761,28.41268],[-82.87094,28.44526],[-82.85543,28.47721],[-82.85818,28.49903],[-82.85645,28.52774],[-82.84955,28.55294],[-82.83914,28.57458],[-82.85763,28.59708],[-82.87086,28.6216],[-82.89042,28.7],[-82.90475,28.72278],[-82.9235,28.76713],[-82.92743,28.8107],[-82.9158,28.8565],[-82.93171,28.88145],[-82.94177,28.90683],[-82.94688,28.93477],[-82.94557,28.96375],[-82.97255,28.95345],[-83.00568,28.9468],[-83.0939,28.94744],[-83.12217,28.95325],[-83.15075,28.964],[-83.19827,28.99505],[-83.22465,29.02539],[-83.24273,29.0538],[-83.25588,29.08179],[-83.26431,29.11915],[-83.26208,29.15572],[-83.29873,29.17803],[-83.33042,29.21186],[-83.34747,29.2454],[-83.35723,29.2917],[-83.40251,29.31692],[-83.43566,29.3497],[-83.50493,29.38423],[-83.53876,29.41449],[-83.55426,29.43679],[-83.56633,29.46484],[-83.58207,29.56332],[-83.6144,29.58842],[-83.67142,29.61442],[-83.70578,29.64405],[-83.74168,29.69817],[-83.75138,29.72211],[-83.75747,29.75321],[-83.7809,29.79004],[-83.79534,29.80193],[-83.83029,29.81972],[-83.87878,29.82624],[-83.919,29.84194],[-83.94995,29.86281],[-83.97264,29.88642],[-84.03015,29.91312],[-84.06492,29.94008],[-84.1205,29.9255],[-84.1608,29.92127],[-84.17024,29.87133],[-84.18998,29.83038],[-84.21794,29.7966],[-84.25923,29.76815],[-84.28671,29.75674],[-84.32327,29.74809],[-84.38008,29.74293],[-84.41995,29.74696],[-84.4428,29.71515],[-84.47452,29.68773],[-84.54529,29.65452],[-84.58868,29.64074],[-84.65943,29.58064],[-84.71055,29.55206],[-84.79732,29.52205],[-84.87275,29.48095],[-84.89636,29.47121],[-85.00078,29.44168],[-85.06032,29.43622],[-85.09684,29.44166],[-85.12957,29.45328],[-85.15391,29.46701],[-85.17712,29.48516],[-85.21879,29.50041],[-85.25967,29.52481],[-85.30839,29.50889],[-85.35451,29.50537],[-85.40346,29.51399],[-85.44822,29.53443],[-85.47088,29.55141],[-85.49361,29.57431],[-85.52265,29.61313],[-85.54274,29.64934],[-85.56475,29.70404],[-85.57717,29.74594],[-85.58648,29.79091],[-85.58962,29.83756],[-85.64587,29.87591],[-85.70979,29.93584],[-85.77035,29.9605],[-85.80356,29.97816],[-85.8502,30.0092],[-85.87394,30.0317],[-85.8935,30.04529],[-86.0055,30.10606],[-86.1498,30.16291],[-86.30638,30.2094],[-86.37392,30.22341],[-86.4456,30.23231],[-86.52389,30.23158],[-86.5913,30.24282],[-86.63841,30.24629],[-86.71348,30.24363],[-86.8556,30.22792],[-87.17692,30.17281],[-87.25829,30.16542],[-87.30281,30.1683],[-87.51837,30.12553],[-87.51838,30.2839],[-87.45238,30.3002],[-87.45008,30.3111],[-87.48368,30.3048],[-87.49998,30.3062],[-87.50558,30.3111],[-87.5047,30.32404],[-87.49818,30.3295],[-87.46108,30.3353],[-87.45108,30.3456],[-87.45138,30.3672],[-87.43868,30.3808],[-87.44068,30.3915],[-87.42958,30.4065],[-87.42268,30.4101],[-87.40298,30.4104],[-87.39568,30.4176],[-87.37117,30.43049],[-87.36659,30.43665],[-87.37077,30.44686],[-87.39988,30.451],[-87.42508,30.4656],[-87.43558,30.4805],[-87.43388,30.4877],[-87.42838,30.4885],[-87.43168,30.4929],[-87.43098,30.49829],[-87.45037,30.51446],[-87.44452,30.51425],[-87.44727,30.51504],[-87.44728,30.52197],[-87.44381,30.52395],[-87.44798,30.52661],[-87.44365,30.52814],[-87.4439,30.53148],[-87.43896,30.53029],[-87.44157,30.53745],[-87.43532,30.54287],[-87.43512,30.54909],[-87.42755,30.55368],[-87.42536,30.56031],[-87.41801,30.56211],[-87.41614,30.56614],[-87.41852,30.57013],[-87.41195,30.57417],[-87.40545,30.59742],[-87.40759,30.60086],[-87.39665,30.60888],[-87.39603,30.62413],[-87.39329,30.62722],[-87.39566,30.63298],[-87.39434,30.64561],[-87.39682,30.65485],[-87.4031,30.65748],[-87.40647,30.67515],[-87.41904,30.67853],[-87.43014,30.68826],[-87.44038,30.69036],[-87.44957,30.69896],[-87.45801,30.6964],[-87.46219,30.70019],[-87.46809,30.70021],[-87.46981,30.70502],[-87.4758,30.70525],[-87.47517,30.70906],[-87.47931,30.7096],[-87.47799,30.71328],[-87.48128,30.717],[-87.48362,30.71531],[-87.49209,30.72039],[-87.50243,30.72152],[-87.51063,30.73291],[-87.53256,30.7432],[-87.53598,30.76119],[-87.54605,30.77206],[-87.54543,30.77939],[-87.56825,30.80011],[-87.57175,30.8002],[-87.57957,30.81089],[-87.6001,30.82051],[-87.60431,30.83142],[-87.61525,30.83421],[-87.61707,30.84033],[-87.62698,30.84783],[-87.62601,30.85744],[-87.6349,30.86626],[-87.6291,30.88042],[-87.62027,30.8874],[-87.62181,30.89772],[-87.61569,30.90164],[-87.60705,30.92512],[-87.59093,30.95351],[-87.58886,30.96579],[-87.59883,30.99745],[-87.23768,30.99639],[-87.04023,30.99955],[-86.5202,30.99326],[-85.99861,30.99287],[-85.24363,31.00088],[-85.0025,31.00069],[-84.99943,31.01384],[-85.00941,31.03238],[-85.00882,31.04557],[-85.01264,31.0554],[-85.02857,31.07458],[-85.02607,31.08418],[-85.03562,31.10819],[-85.05468,31.12082],[-85.06403,31.1425],[-85.07663,31.15693],[-85.09211,31.16029],[-85.10021,31.16549],[-85.09851,31.18015],[-85.10768,31.18744],[-85.10696,31.20269],[-85.0987,31.21129],[-85.09676,31.22565],[-85.11235,31.25958],[-85.1119,31.27248],[-85.1146,31.27733],[-85.11036,31.28175],[-85.09871,31.28446],[-85.08977,31.29503],[-85.0837,31.32385],[-85.08942,31.33603],[-85.08592,31.35315],[-85.09179,31.35521],[-85.09233,31.36405],[-85.07763,31.39888],[-85.07998,31.41047],[-85.07589,31.42493],[-85.0737,31.42896],[-85.06855,31.42731],[-85.06601,31.43053],[-85.07162,31.46838],[-85.06526,31.48492],[-85.04499,31.51823],[-85.04826,31.52601],[-85.04136,31.54249],[-85.05796,31.57084],[-85.05528,31.5776],[-85.05844,31.58369],[-85.05598,31.60517],[-85.06055,31.60822],[-85.05817,31.62023],[-85.08623,31.63857],[-85.08263,31.65027],[-85.07803,31.65157],[-85.07913,31.65477],[-85.09243,31.65997],[-85.10943,31.67747],[-85.11393,31.68687],[-85.12553,31.69496],[-85.12653,31.71676],[-85.11893,31.73266],[-85.12923,31.75866],[-85.12553,31.76786],[-85.14183,31.78126],[-85.13243,31.79346],[-85.13123,31.81526],[-85.13453,31.82496],[-85.13213,31.82796],[-85.14183,31.83926],[-85.13773,31.84586],[-85.14073,31.85746],[-85.12843,31.87756],[-85.13413,31.89216],[-85.11203,31.89476],[-85.11223,31.90276],[-85.10803,31.90516],[-85.11313,31.91186],[-85.10243,31.91736],[-85.09953,31.92526],[-85.07893,31.94016],[-85.08673,31.95916],[-85.06783,31.96736],[-85.06593,31.97246],[-85.07093,31.98166],[-85.06733,31.99556],[-85.06344,32.00414],[-85.05508,32.01071],[-85.05367,32.02066],[-85.04882,32.0217],[-85.05712,32.02992],[-85.05803,32.03361],[-85.05347,32.03782],[-85.05883,32.04696],[-85.05418,32.06799],[-85.05581,32.07444],[-85.05323,32.0806],[-85.04476,32.08584],[-85.0616,32.13341],[-85.04559,32.14376],[-85.01127,32.18049],[-84.96373,32.19585],[-84.96173,32.19875],[-84.96463,32.20355],[-84.97443,32.20355],[-84.98023,32.20775],[-84.97333,32.21765],[-84.92823,32.21985],[-84.91273,32.24335],[-84.91543,32.24605],[-84.92323,32.24465],[-84.92443,32.25015],[-84.90723,32.24905],[-84.90119,32.25837],[-84.88825,32.25967],[-84.92287,32.28533],[-84.93465,32.29892],[-85.00034,32.32142],[-85.0064,32.32676],[-85.0081,32.33668],[-85.00458,32.3452],[-84.98387,32.36239],[-84.98532,32.37251],[-84.97215,32.37691],[-84.97481,32.38026],[-84.98628,32.38034],[-84.98841,32.38522],[-84.983,32.39195],[-84.96873,32.39146],[-84.9799,32.4001],[-84.98095,32.40606],[-84.97943,32.41224],[-84.96303,32.42424],[-84.97183,32.44284],[-84.98383,32.44564],[-84.99533,32.45324],[-84.99853,32.46874],[-84.99493,32.48014],[-84.99883,32.49704],[-84.99653,32.50164],[-85.0071,32.52387],[-85.01526,32.52768],[-85.02088,32.53585],[-85.0208,32.54276],[-85.03139,32.54417],[-85.03573,32.55396],[-85.04366,32.55652],[-85.0579,32.57465],[-85.06754,32.57955],[-85.07897,32.60017],[-85.08224,32.61626],[-85.09089,32.62514],[-85.08312,32.63616],[-85.10009,32.63458],[-85.0989,32.63694],[-85.10453,32.64101],[-85.10434,32.64643],[-85.08848,32.65776],[-85.09354,32.66973],[-85.11264,32.68343],[-85.11704,32.69203],[-85.12004,32.70653],[-85.11814,32.70943],[-85.12274,32.71603],[-85.11333,32.73575],[-85.11855,32.74082],[-85.13314,32.74463],[-85.14299,32.75993],[-85.13669,32.77117],[-85.13088,32.76956],[-85.12233,32.77438],[-85.12622,32.77919],[-85.13966,32.78515],[-85.14218,32.79214],[-85.15202,32.79418],[-85.16805,32.81184],[-85.16484,32.81979],[-85.16834,32.82852],[-85.16411,32.8353],[-85.15401,32.84074],[-85.15629,32.85052],[-85.16231,32.85648],[-85.16869,32.85259],[-85.17713,32.85389],[-85.1844,32.86132],[-85.18413,32.87053],[-85.42947,34.1251],[-85.56142,34.75008],[-85.60516,34.98468],[-85.39484,34.98295],[-84.95277,34.98794],[-84.32182,34.98841],[-84.29021,35.22543],[-84.2833,35.22646],[-84.22412,35.26899],[-84.21139,35.26562],[-84.20298,35.25529],[-84.19952,35.24385],[-84.19338,35.24478],[-84.18896,35.24022],[-84.18351,35.24],[-84.17003,35.24646],[-84.16146,35.24352],[-84.14776,35.24686],[-84.12711,35.24077],[-84.12522,35.24987],[-84.11993,35.25205],[-84.11355,35.24898],[-84.10648,35.25149],[-84.0975,35.2476],[-84.08253,35.25629],[-84.08085,35.26125],[-84.05254,35.27019],[-84.04082,35.2796],[-84.03624,35.28842],[-84.02338,35.29631],[-84.02142,35.3014],[-84.02697,35.30967],[-84.03588,35.31321],[-84.02926,35.3331],[-84.0362,35.33766],[-84.034,35.34328],[-84.03888,35.34821],[-84.03808,35.35118],[-84.02333,35.35431],[-84.00739,35.37165],[-84.0114,35.3846],[-84.00822,35.39057],[-84.01871,35.4],[-84.02343,35.41158],[-84.01444,35.41235],[-84.00128,35.42339],[-83.99796,35.43073],[-83.99959,35.43389],[-83.99471,35.43518],[-83.992,35.44052],[-83.98443,35.44015],[-83.97976,35.44826],[-83.97266,35.4473],[-83.97186,35.45485],[-83.96462,35.45411],[-83.96108,35.46414],[-83.94965,35.46094],[-83.93672,35.47155],[-83.91187,35.47607],[-83.90578,35.48869],[-83.90036,35.49303],[-83.90147,35.49655],[-83.88993,35.50466],[-83.87985,35.51905],[-83.85718,35.52157],[-83.84914,35.51863],[-83.82047,35.52565],[-83.8028,35.54149],[-83.78018,35.55063],[-83.77189,35.56139],[-83.75499,35.56462],[-83.74716,35.56031],[-83.73614,35.56552],[-83.72277,35.5623],[-83.69561,35.57032],[-83.6877,35.5682],[-83.65601,35.57001],[-83.64013,35.56616],[-83.63386,35.57067],[-83.62931,35.56817],[-83.61857,35.57225],[-83.60834,35.58002],[-83.59612,35.575],[-83.58437,35.5627],[-83.56498,35.56609],[-83.4984,35.56293],[-83.48536,35.56847],[-83.47907,35.58322],[-83.45659,35.59719],[-83.44568,35.61175],[-83.42204,35.61105],[-83.39615,35.62287],[-83.38873,35.63362],[-83.37809,35.63456],[-83.37183,35.63916],[-83.3678,35.63784],[-83.35827,35.647],[-83.35082,35.66054],[-83.33466,35.66566],[-83.32162,35.66305],[-83.31208,35.65461],[-83.29824,35.65725],[-83.29354,35.66188],[-83.29031,35.6735],[-83.27447,35.67908],[-83.27068,35.68683],[-83.25929,35.69037],[-83.25432,35.69544],[-83.25743,35.70512],[-83.25157,35.70897],[-83.25536,35.71524],[-83.25151,35.71975],[-83.24325,35.72252],[-83.24083,35.72686],[-83.2142,35.72411],[-83.19774,35.72525],[-83.18591,35.7301],[-83.17779,35.74438],[-83.17029,35.74603],[-83.16479,35.75399],[-83.16497,35.75968],[-83.15959,35.76465],[-83.12061,35.76643],[-83.11824,35.76978],[-83.09675,35.77635],[-83.0785,35.78968],[-83.06375,35.78691],[-83.05282,35.7897],[-83.04306,35.78541],[-83.03604,35.7875],[-82.99599,35.77308],[-82.98392,35.77809],[-82.9697,35.78963],[-82.96303,35.78999],[-82.96181,35.80037],[-82.94585,35.82438],[-82.93604,35.82552],[-82.93407,35.83666],[-82.91634,35.84166],[-82.92103,35.85095],[-82.91821,35.85927],[-82.92143,35.8631],[-82.92083,35.86818],[-82.90655,35.87018],[-82.89608,35.87954],[-82.90682,35.88391],[-82.90104,35.89279],[-82.90811,35.9042],[-82.90803,35.91131],[-82.91439,35.91515],[-82.91162,35.91681],[-82.91353,35.92426],[-82.91994,35.9288],[-82.90182,35.92696],[-82.89889,35.92988],[-82.90178,35.93785],[-82.89818,35.94523],[-82.87429,35.95283],[-82.86065,35.94748],[-82.85173,35.94934],[-82.84604,35.94617],[-82.83864,35.93727],[-82.8281,35.93241],[-82.82195,35.92183],[-82.80509,35.92714],[-82.80267,35.92957],[-82.80617,35.93776],[-82.78756,35.95201],[-82.78504,35.96248],[-82.77509,35.97183],[-82.78569,35.97784],[-82.78528,35.98854],[-82.77921,35.99229],[-82.77576,36.00105],[-82.75455,36.00435],[-82.73912,36.01498],[-82.71647,36.02241],[-82.71514,36.02864],[-82.68959,36.03816],[-82.68407,36.04579],[-82.67056,36.05298],[-82.63261,36.06591],[-82.61795,36.05591],[-82.61838,36.04692],[-82.60866,36.04441],[-82.60166,36.03605],[-82.59145,36.03557],[-82.591,36.03157],[-82.60292,36.02337],[-82.60284,36.01776],[-82.60776,36.01575],[-82.60944,36.01104],[-82.60688,36.01043],[-82.61493,36.00205],[-82.6129,35.99361],[-82.60713,35.99236],[-82.60441,35.98746],[-82.61094,35.97438],[-82.6107,35.9672],[-82.58046,35.96525],[-82.57617,35.95872],[-82.55787,35.9539],[-82.54969,35.96405],[-82.53069,35.97223],[-82.52503,35.97105],[-82.51708,35.97583],[-82.50518,35.97755],[-82.50332,35.98216],[-82.48417,35.9933],[-82.48159,35.99803],[-82.47594,35.99822],[-82.46058,36.00772],[-82.4098,36.08302],[-82.38922,36.0971],[-82.38048,36.09935],[-82.37522,36.10586],[-82.36454,36.10752],[-82.35536,36.11537],[-82.33614,36.11467],[-82.28982,36.1356],[-82.28001,36.12909],[-82.26678,36.127],[-82.25433,36.13606],[-82.25107,36.13205],[-82.2451,36.13125],[-82.24188,36.13712],[-82.22954,36.14459],[-82.22214,36.15692],[-82.21243,36.15904],[-82.20173,36.15638],[-82.19275,36.14904],[-82.18758,36.151],[-82.18363,36.14391],[-82.17722,36.14237],[-82.17293,36.1465],[-82.16565,36.14497],[-82.14858,36.14986],[-82.13699,36.12904],[-82.13786,36.11951],[-82.12981,36.10431],[-82.10542,36.10784],[-82.08108,36.10317],[-82.08003,36.10643],[-82.06187,36.11306],[-82.05432,36.12662],[-82.03384,36.12047],[-82.03007,36.12339],[-81.90817,36.30197],[-81.87952,36.31379],[-81.85499,36.33721],[-81.83305,36.34733],[-81.81028,36.35185],[-81.79309,36.36241],[-81.78973,36.34833],[-81.77889,36.34857],[-81.76495,36.33872],[-81.74573,36.33759],[-81.73603,36.34297],[-81.71849,36.33612],[-81.70748,36.33523],[-81.70611,36.34372],[-81.72152,36.3513],[-81.72607,36.36879],[-81.73466,36.37944],[-81.7295,36.38544],[-81.72881,36.39155],[-81.73196,36.39493],[-81.73937,36.39559],[-81.7417,36.41242],[-81.73452,36.4125],[-81.72073,36.42265],[-81.71785,36.42986],[-81.72132,36.4339],[-81.7148,36.43723],[-81.71783,36.44502],[-81.71379,36.44717],[-81.7168,36.45667],[-81.69503,36.46746],[-81.69792,36.48895],[-81.69595,36.49162],[-81.70025,36.49846],[-81.69709,36.50592],[-81.70297,36.52114],[-81.7081,36.52411],[-81.70802,36.53583],[-81.69979,36.53673],[-81.69336,36.551],[-81.69022,36.55169],[-81.69129,36.56772],[-81.67705,36.57075],[-81.67921,36.57867],[-81.67698,36.58112],[-81.68001,36.58582],[-81.6469,36.61192],[-81.92264,36.61621],[-81.93414,36.59421],[-83.24893,36.59383],[-83.2763,36.59819],[-83.55692,36.59739],[-83.67539,36.60078],[-83.6732,36.60464],[-83.66355,36.60693],[-83.64931,36.61677],[-83.64512,36.62431],[-83.63471,36.62289],[-83.62402,36.62551],[-83.6139,36.63485],[-83.58645,36.64386],[-83.57761,36.64139],[-83.56243,36.65125],[-83.53705,36.65893],[-83.53015,36.66605],[-83.49922,36.67044],[-83.46661,36.66471],[-83.42471,36.66734],[-83.39648,36.6769],[-83.38681,36.68661],[-83.30971,36.71064],[-83.2883,36.71371],[-83.19484,36.73945],[-83.13512,36.74263],[-83.13442,36.74936],[-83.12798,36.75064],[-83.12864,36.75966],[-83.12557,36.76162],[-83.13254,36.7644],[-83.12957,36.77019],[-83.13308,36.77168],[-83.12899,36.77578],[-83.13323,36.78458],[-83.12316,36.78669],[-83.10433,36.804],[-83.10256,36.81127],[-83.09848,36.81352],[-83.09851,36.8238],[-83.10194,36.82824],[-83.08746,36.83822],[-83.07517,36.84073],[-83.07585,36.85069],[-83.07284,36.85446],[-83.0478,36.85168],[-83.04138,36.85496],[-83.02661,36.85556],[-83.02208,36.84994],[-83.00658,36.84764],[-82.99859,36.85657],[-82.97858,36.85981],[-82.97079,36.85764],[-82.95158,36.86619],[-82.90782,36.87476],[-82.90739,36.8793],[-82.87868,36.88953],[-82.87741,36.89551],[-82.86798,36.90005],[-82.87738,36.90847],[-82.85766,36.92867],[-82.8623,36.94134],[-82.85573,36.95382],[-82.86594,36.95834],[-82.87011,36.96498],[-82.86747,36.97805],[-82.85698,36.97885],[-82.85358,36.9853],[-82.84524,36.98376],[-82.83728,36.98728],[-82.83018,36.99436],[-82.82872,37.0058],[-82.82252,37.00411],[-82.81686,37.00743],[-82.81346,37.00563],[-82.79788,37.00956],[-82.79367,37.00547],[-82.7885,37.00867],[-82.78286,37.00782],[-82.77716,37.01602],[-82.77185,37.01571],[-82.75948,37.02725],[-82.74786,37.02443],[-82.74276,37.0428],[-82.73351,37.04452],[-82.72582,37.04225],[-82.72243,37.04495],[-82.7222,37.05794],[-82.72674,37.07304],[-82.71666,37.07741],[-82.72502,37.09182],[-82.72168,37.10101],[-82.72669,37.11479],[-82.72141,37.12083],[-82.68289,37.13695],[-82.67669,37.13492],[-82.66766,37.14189],[-82.65672,37.14472],[-82.6533,37.15119],[-82.63338,37.15442],[-82.62361,37.16444],[-82.59746,37.17704],[-82.59226,37.18304],[-82.55079,37.2045],[-82.5329,37.20666],[-82.53041,37.21324],[-82.52477,37.21499],[-82.52091,37.21217],[-82.49876,37.22703],[-82.49149,37.22505],[-82.48655,37.23119],[-82.4574,37.23829],[-82.43969,37.24712],[-82.43049,37.24686],[-82.349,37.26797],[-82.34904,37.27195],[-82.34213,37.27405],[-82.34384,37.28074],[-82.32473,37.28304],[-82.31575,37.29503],[-81.96514,37.54135],[-81.96884,37.54617],[-81.97324,37.54658],[-81.98124,37.54225],[-81.98911,37.54278],[-81.99415,37.53775],[-81.99821,37.54332],[-82.01117,37.53288],[-82.01601,37.53395],[-82.01855,37.54036],[-82.02964,37.53785],[-82.04232,37.54823],[-82.04505,37.54568],[-82.042,37.53419],[-82.04615,37.52794],[-82.0503,37.53544],[-82.06484,37.5372],[-82.06391,37.54313],[-82.07518,37.55585],[-82.10403,37.55287],[-82.10196,37.55842],[-82.10481,37.56019],[-82.118,37.55899],[-82.12341,37.55153],[-82.13209,37.55237],[-82.13532,37.55735],[-82.13442,37.56293],[-82.14491,37.56766],[-82.14176,37.57109],[-82.12624,37.57374],[-82.12442,37.57736],[-82.12734,37.58655],[-82.13129,37.59271],[-82.13989,37.59497],[-82.14838,37.59072],[-82.15685,37.59272],[-82.15668,37.60897],[-82.16877,37.60908],[-82.16961,37.61303],[-82.16425,37.62029],[-82.16898,37.62191],[-82.17673,37.61815],[-82.1812,37.62151],[-82.18169,37.62715],[-82.17241,37.63263],[-82.17764,37.64085],[-82.17508,37.64783],[-82.18581,37.6486],[-82.19112,37.64459],[-82.1867,37.63514],[-82.18723,37.62698],[-82.2145,37.6254],[-82.2205,37.63477],[-82.21685,37.6416],[-82.22415,37.64471],[-82.22616,37.65291],[-82.23607,37.65963],[-82.24089,37.66153],[-82.25807,37.65688],[-82.27131,37.66362],[-82.28249,37.67592],[-82.28812,37.66811],[-82.29456,37.67043],[-82.29503,37.67805],[-82.30431,37.67609],[-82.29592,37.68618],[-82.30294,37.69361],[-82.29637,37.70219],[-82.30768,37.70801],[-82.31142,37.71847],[-82.3161,37.72108],[-82.31885,37.73369],[-82.33417,37.74277],[-82.32129,37.75156],[-82.31965,37.75829],[-82.31098,37.76124],[-82.31154,37.76458],[-82.32852,37.76212],[-82.33338,37.76441],[-82.33361,37.76715],[-82.32306,37.77268],[-82.32389,37.77499],[-82.33746,37.77491],[-82.34009,37.78563],[-82.34903,37.78693],[-82.35505,37.79335],[-82.36389,37.795],[-82.36904,37.80126],[-82.37664,37.80221],[-82.38672,37.81822],[-82.39662,37.80893],[-82.40132,37.80951],[-82.39935,37.82952],[-82.40866,37.83607],[-82.41294,37.8448],[-82.42049,37.84643],[-82.41471,37.85597],[-82.42462,37.86145],[-82.40751,37.8673],[-82.41756,37.87028],[-82.41993,37.88487],[-82.43203,37.88988],[-82.43757,37.89979],[-82.4519,37.90855],[-82.45999,37.90954],[-82.46299,37.91482],[-82.46797,37.91393],[-82.46838,37.90321],[-82.47139,37.89909],[-82.47441,37.89995],[-82.47557,37.91184],[-82.48835,37.91772],[-82.48066,37.92617],[-82.49594,37.92695],[-82.5022,37.93305],[-82.49995,37.93682],[-82.49134,37.93574],[-82.48928,37.93822],[-82.49697,37.94202],[-82.49757,37.94595],[-82.48556,37.94581],[-82.47177,37.95874],[-82.48446,37.96358],[-82.48443,37.97092],[-82.46885,37.97323],[-82.46456,37.97744],[-82.46457,37.98388],[-82.47219,37.98671],[-82.48359,37.98384],[-82.48865,37.99891],[-82.51919,38.00113],[-82.51555,38.00661],[-82.51976,38.00838],[-82.52507,38.0175],[-82.52632,38.02697],[-82.53872,38.0374],[-82.5371,38.04465],[-82.54416,38.05259],[-82.54985,38.06945],[-82.55963,38.07278],[-82.56599,38.081],[-82.57385,38.08192],[-82.58336,38.09003],[-82.58701,38.10866],[-82.60616,38.12078],[-82.61923,38.12054],[-82.62184,38.13329],[-82.63657,38.13802],[-82.63863,38.15592],[-82.64454,38.16525],[-82.63886,38.17115],[-82.61937,38.16888],[-82.6116,38.17134],[-82.59914,38.1972],[-82.59829,38.21736],[-82.60862,38.2235],[-82.61222,38.2363],[-82.60462,38.24766],[-82.58332,38.24679],[-82.57462,38.26394],[-82.5741,38.27464],[-82.58303,38.29681],[-82.57176,38.31719],[-82.57672,38.32852],[-82.59812,38.34593],[-82.59759,38.36491],[-82.59276,38.37556],[-82.5995,38.38997],[-82.59455,38.39827],[-82.59597,38.41788],[-82.59348,38.42182],[-82.5888,38.41363],[-82.57161,38.40514],[-82.53966,38.40393],[-82.40488,38.43935],[-82.38177,38.43478],[-82.33034,38.4445],[-82.31811,38.45788],[-82.30422,38.49631],[-82.30397,38.51768],[-82.29567,38.53848],[-82.29127,38.57898],[-82.27427,38.59368],[-82.26207,38.59818],[-82.24666,38.59857],[-82.22147,38.59128],[-82.20517,38.59172],[-82.18877,38.59498],[-82.17727,38.60378],[-82.17317,38.61238],[-82.17217,38.62718],[-82.19087,38.68038],[-82.18247,38.70878],[-82.19128,38.7272],[-82.1931,38.73772],[-82.18687,38.72228],[-82.18797,38.73308],[-82.19888,38.75773],[-82.21964,38.77228],[-82.22157,38.78719],[-82.21144,38.80122],[-82.19117,38.81514],[-82.1636,38.82342],[-82.14547,38.83968],[-82.13922,38.86502],[-82.14537,38.88418],[-82.14317,38.89808],[-82.12937,38.90788],[-82.11117,38.93658],[-82.11167,38.93258],[-82.10907,38.94558],[-82.09486,38.96458],[-82.09157,38.97378],[-82.05156,38.99438],[-82.03775,39.02387],[-82.02188,39.02949],[-82.0045,39.02889],[-81.99136,39.01838],[-81.97937,38.99319],[-81.95145,38.99603],[-81.93319,38.98766],[-81.90059,38.93767],[-81.89847,38.9296],[-81.92667,38.90131],[-81.928,38.89349],[-81.90297,38.87609],[-81.88923,38.87428],[-81.85597,38.89273],[-81.84531,38.91009],[-81.84449,38.92875],[-81.82735,38.9459],[-81.81116,38.94472],[-81.78565,38.92619],[-81.77411,38.92296],[-81.76266,38.92412],[-81.75706,38.93123],[-81.75697,38.93715],[-81.77885,38.95589],[-81.78182,38.96493],[-81.77406,38.99368],[-81.76515,39.00258],[-81.76425,39.01528],[-81.77285,39.02618],[-81.80035,39.04498],[-81.80805,39.05378],[-81.81235,39.06128],[-81.81385,39.07968],[-81.80665,39.08408],[-81.77555,39.07838],[-81.76075,39.08408],[-81.74605,39.09698],[-81.74235,39.11128],[-81.74519,39.13824],[-81.74277,39.14267],[-81.75618,39.18046],[-81.75121,39.18604],[-81.73687,39.19263],[-81.72562,39.2159],[-81.70091,39.22084],[-81.69191,39.22704],[-81.69662,39.25614],[-81.68361,39.27095],[-81.67019,39.27596],[-81.64534,39.27734],[-81.62219,39.27367],[-81.60582,39.27585],[-81.58556,39.26875],[-81.57025,39.26767],[-81.56525,39.27618],[-81.55755,39.33877],[-81.54235,39.35287],[-81.50319,39.37324],[-81.47319,39.40017],[-81.45614,39.40927],[-81.43564,39.40847],[-81.41271,39.39462],[-81.40669,39.38809],[-81.39379,39.35171],[-81.38456,39.34345],[-81.37596,39.3417],[-81.34493,39.34679],[-81.30177,39.37223],[-81.27029,39.38605],[-81.24436,39.39041],[-81.22358,39.38606],[-81.21731,39.38759],[-81.21165,39.39298],[-81.20823,39.40715],[-81.18515,39.43148],[-81.16759,39.44006],[-81.13253,39.44627],[-81.11473,39.46558],[-81.10083,39.48718],[-81.07103,39.51561],[-80.97348,39.58845],[-80.92835,39.61655],[-80.91762,39.6187],[-80.89221,39.61676],[-80.88036,39.62071],[-80.86665,39.65262],[-80.8637,39.69172],[-80.852,39.69856],[-80.83388,39.7035],[-80.82976,39.71184],[-80.83155,39.71948],[-80.84596,39.73867],[-80.85274,39.74104],[-80.86534,39.75325],[-80.87032,39.76318],[-80.86909,39.76636],[-80.86305,39.7752],[-80.82608,39.79858],[-80.82218,39.81171],[-80.82612,39.84424],[-80.82128,39.84998],[-80.7999,39.85891],[-80.79076,39.86728],[-80.79399,39.88278],[-80.80917,39.90394],[-80.80678,39.91631],[-80.79968,39.91958],[-80.78704,39.91835],[-80.7634,39.90862],[-80.75611,39.9134],[-80.76427,39.94996],[-80.75792,39.95971],[-80.74014,39.9708],[-80.73888,39.98558],[-80.74217,40.00858],[-80.73102,40.04429],[-80.73333,40.05864],[-80.73816,40.06653],[-80.73818,40.07861],[-80.7313,40.08643],[-80.70955,40.1003],[-80.70709,40.1111],[-80.71017,40.13831],[-80.70561,40.15348],[-80.68608,40.18164],[-80.66808,40.19969],[-80.66154,40.22981],[-80.6521,40.24497],[-80.6193,40.26517],[-80.61489,40.29197],[-80.6029,40.30707],[-80.5999,40.31767],[-80.6128,40.34767],[-80.60759,40.36956],[-80.60969,40.37495],[-80.6191,40.38186],[-80.63139,40.3857],[-80.63273,40.3905],[-80.6322,40.39367],[-80.61232,40.40276],[-80.61219,40.43484],[-80.59595,40.46335],[-80.5954,40.47532],[-80.618,40.50205],[-80.62751,40.53579],[-80.63311,40.53871],[-80.65244,40.56254],[-80.66437,40.57002],[-80.66781,40.58354],[-80.66354,40.59077],[-80.62717,40.61994],[-80.59876,40.62526],[-80.5767,40.61422],[-80.55113,40.62885],[-80.51899,40.6388],[-80.51934,39.7214],[-78.31514,39.72288],[-76.9909,39.7198],[-75.77379,39.7222],[-75.75436,39.75577],[-75.72554,39.78558],[-75.68936,39.8095],[-75.64664,39.82695],[-75.59849,39.83709],[-75.54801,39.83929],[-75.49835,39.83338],[-75.45188,39.81984],[-75.40541,39.7964],[-75.4383,39.7844],[-75.45069,39.77506],[-75.45234,39.76901],[-75.4622,39.7632],[-75.47569,39.73366],[-75.47644,39.7162],[-75.47936,39.71371],[-75.48838,39.71471],[-75.49631,39.70096],[-75.50987,39.69391],[-75.51037,39.67793],[-75.51553,39.66633],[-75.53352,39.64756],[-75.54198,39.64543],[-75.55877,39.62999],[-75.55737,39.60912],[-75.55351,39.60182],[-75.5375,39.59363],[-75.52769,39.58411],[-75.51475,39.58088],[-75.51196,39.56729],[-75.51907,39.55543],[-75.53401,39.5407],[-75.52679,39.53144],[-75.53014,39.50537],[-75.52697,39.49917],[-75.55909,39.49581],[-75.56359,39.48305],[-75.56054,39.45564],[-75.48136,39.38755],[-75.46944,39.37315],[-75.32102,39.25138],[-75.24902,39.15895],[-75.19167,39.079],[-75.16846,39.05618],[-75.01512,38.78866],[-75.01737,38.78664],[-75.01339,38.77235],[-75.01421,38.74504],[-75.00302,38.68596],[-75.00197,38.63168],[-74.99352,38.6125],[-74.98417,38.50011],[-74.98794,38.43663],[-74.99962,38.38297],[-74.99962,38.37167],[-75.01909,38.32142],[-75.0208,38.30976],[-75.0313,38.29474],[-75.04146,38.28701],[-75.0714,38.22593],[-75.12462,38.0939],[-75.1352,38.07447],[-75.17708,38.01342],[-75.24176,37.93153],[-75.27498,37.87512],[-75.30313,37.83817],[-75.33798,37.81523],[-75.36012,37.81019],[-75.38017,37.8104],[-75.40928,37.82092],[-75.41707,37.82105],[-75.46093,37.77136],[-75.47441,37.73919],[-75.48722,37.72488],[-75.50775,37.68865],[-75.51596,37.67154],[-75.51846,37.64943],[-75.53318,37.62988],[-75.54178,37.60614],[-75.52845,37.58488],[-75.52691,37.57108],[-75.5299,37.55672],[-75.54081,37.53895],[-75.55506,37.52668],[-75.57964,37.49464],[-75.58911,37.47786],[-75.59564,37.46558],[-75.60403,37.42202],[-75.64346,37.37286],[-75.64032,37.36386],[-75.64439,37.34227],[-75.65659,37.32391],[-75.67896,37.31258],[-75.71551,37.27569],[-75.71538,37.26997],[-75.73228,37.24569],[-75.72837,37.23562],[-75.72927,37.2169],[-75.74283,37.19291],[-75.74464,37.18235],[-75.76605,37.15493],[-75.80591,37.11606],[-75.82415,37.11012],[-75.83563,37.09501],[-75.85455,37.07935],[-75.86941,37.07395],[-75.88968,37.05452],[-75.92831,36.93818],[-75.87465,36.7443],[-75.81982,36.62515],[-75.80043,36.56274],[-75.79056,36.50016],[-75.74963,36.35361],[-75.71132,36.25016],[-75.66625,36.14892],[-75.56605,35.97561],[-75.4805,35.81421],[-75.46624,35.80132],[-75.46081,35.78452],[-75.43762,35.74696],[-75.41782,35.68608],[-75.40039,35.59351],[-75.40242,35.54421],[-75.41509,35.50018],[-75.42733,35.38172],[-75.44775,35.30979],[-75.45933,35.24655],[-75.46848,35.21519],[-75.48457,35.18758],[-75.50506,35.17443],[-75.53218,35.16715],[-75.55758,35.17054],[-75.58111,35.18378],[-75.59537,35.18283],[-75.63622,35.1722],[-75.70737,35.14611],[-75.74985,35.13621],[-75.81204,35.11424],[-75.88396,35.08397],[-75.9281,35.05952],[-75.98535,35.01398],[-75.99962,35.00706],[-76.02443,35.00536],[-76.14298,34.91883],[-76.24963,34.83463],[-76.31573,34.77603],[-76.37464,34.71599],[-76.439,34.64029],[-76.46634,34.59574],[-76.48318,34.55636],[-76.49199,34.54653],[-76.51487,34.53514],[-76.52438,34.53216],[-76.54787,34.53284],[-76.57207,34.54254],[-76.58372,34.55262],[-76.59548,34.57784],[-76.61234,34.60013],[-76.61472,34.61828],[-76.67723,34.6343],[-76.6928,34.64295],[-76.74966,34.64767],[-76.81894,34.64325],[-76.90463,34.63234],[-76.99967,34.61701],[-77.07921,34.59597],[-77.09431,34.58859],[-77.123,34.58438],[-77.16058,34.56903],[-77.21918,34.53966],[-77.29508,34.48897],[-77.34127,34.47166],[-77.41883,34.43592],[-77.51616,34.38244],[-77.55673,34.35365],[-77.60859,34.31014],[-77.62358,34.30316],[-77.65583,34.274],[-77.66845,34.2583],[-77.69109,34.24574],[-77.70929,34.22181],[-77.72295,34.21],[-77.73076,34.18979],[-77.74742,34.17559],[-77.7497,34.16121],[-77.75379,34.15502],[-77.77497,34.13867],[-77.78556,34.12517],[-77.83021,34.03028],[-77.85525,33.9601],[-77.86217,33.94861],[-77.86353,33.93467],[-77.88452,33.90367],[-77.88611,33.8912],[-77.89425,33.87866],[-77.89897,33.85464],[-77.89369,33.8047],[-77.89666,33.78755],[-77.91469,33.76603],[-77.92928,33.75798],[-77.94306,33.75377],[-77.96405,33.7529],[-77.99971,33.76713],[-78.00903,33.78173],[-78.01286,33.80386],[-78.0529,33.82743],[-78.06658,33.84799],[-78.14535,33.86273],[-78.27076,33.86278],[-78.36712,33.8516],[-78.50369,33.81206],[-78.52295,33.80219],[-78.56484,33.79662],[-78.61055,33.7849],[-78.69138,33.75529],[-78.77241,33.70797],[-78.82206,33.67024],[-78.91054,33.58935],[-78.957,33.53872],[-78.97626,33.50868],[-78.99303,33.48899],[-79.0345,33.45683],[-79.07124,33.40097],[-79.08758,33.36929],[-79.09113,33.35636],[-79.08918,33.33364],[-79.09331,33.30495],[-79.10892,33.28316],[-79.12022,33.24693],[-79.10801,33.23893],[-79.08163,33.20733],[-79.07761,33.18865],[-79.08223,33.17133],[-79.10439,33.14851],[-79.11587,33.14327],[-79.14052,33.13962],[-79.15314,33.12517],[-79.18087,33.10753],[-79.18516,33.09286],[-79.20296,33.07171],[-79.21554,33.06425],[-79.24196,33.06118],[-79.25605,33.05159],[-79.27337,33.04656],[-79.27898,33.02846],[-79.2995,33.00017],[-79.30231,32.98004],[-79.31338,32.96328],[-79.33756,32.94951],[-79.36836,32.94582],[-79.40918,32.94971],[-79.44018,32.95892],[-79.44836,32.94894],[-79.46616,32.93682],[-79.49595,32.93157],[-79.50445,32.91517],[-79.51666,32.90303],[-79.52264,32.88314],[-79.53469,32.87001],[-79.56086,32.85697],[-79.58539,32.85086],[-79.59565,32.83531],[-79.60792,32.82574],[-79.63782,32.81638],[-79.66225,32.78312],[-79.69189,32.75924],[-79.71726,32.75066],[-79.72816,32.75018],[-79.76007,32.73826],[-79.76659,32.71154],[-79.77963,32.6915],[-79.79825,32.67563],[-79.82806,32.66478],[-79.83644,32.65142],[-79.85506,32.63639],[-79.91834,32.60726],[-79.92983,32.5953],[-79.94723,32.58577],[-79.96291,32.56681],[-79.979,32.55807],[-80.00572,32.55439],[-80.03077,32.55996],[-80.08888,32.54903],[-80.095,32.52387],[-80.12146,32.49919],[-80.16695,32.49109],[-80.19884,32.49624],[-80.21102,32.48739],[-80.24307,32.47245],[-80.24576,32.4543],[-80.25728,32.43517],[-80.27198,32.42504],[-80.29408,32.41852],[-80.2982,32.40639],[-80.30616,32.3971],[-80.32185,32.3862],[-80.33672,32.38075],[-80.34205,32.36612],[-80.35067,32.35591],[-80.37483,32.34245],[-80.37132,32.32858],[-80.37404,32.30939],[-80.38452,32.28895],[-80.39901,32.27493],[-80.43154,32.26138],[-80.45933,32.26222],[-80.47795,32.25336],[-80.49681,32.2502],[-80.4939,32.2502],[-80.52382,32.23459],[-80.52794,32.22601],[-80.54455,32.21122],[-80.54893,32.19205],[-80.56645,32.17237],[-80.58499,32.16259],[-80.60845,32.16229],[-80.61685,32.15319],[-80.63147,32.14586],[-80.66472,32.14261],[-80.67987,32.12521],[-80.70522,32.10519],[-80.7482,32.08449],[-80.74167,32.06437],[-80.74296,32.04953],[-80.75803,32.02598],[-80.78069,32.01137],[-80.78668,31.97561],[-80.79627,31.95346],[-80.82922,31.92658],[-80.85534,31.91081],[-80.89699,31.85281],[-80.91682,31.83838],[-80.92859,31.81698],[-80.94963,31.80305],[-80.97073,31.79835],[-80.97695,31.78088],[-80.99617,31.76213],[-80.9972,31.7485],[-81.01381,31.72864],[-81.02582,31.72023],[-81.05662,31.71487],[-81.05152,31.7052],[-81.04979,31.68863],[-81.05901,31.66601],[-81.06664,31.65733],[-81.06963,31.64241],[-81.06583,31.62523],[-81.07668,31.59795],[-81.08707,31.52916],[-81.09969,31.51853],[-81.10714,31.49663],[-81.115,31.48701],[-81.12543,31.47754],[-81.14384,31.47152],[-81.15015,31.45804],[-81.16355,31.44203],[-81.16694,31.42345],[-81.18219,31.40532],[-81.19076,31.39988],[-81.17561,31.38248],[-81.17109,31.37032],[-81.17712,31.33928],[-81.18612,31.3268],[-81.18256,31.26899],[-81.18767,31.24626],[-81.20245,31.22768],[-81.21626,31.20465],[-81.22216,31.18797],[-81.23434,31.17026],[-81.24791,31.16081],[-81.29215,31.15542],[-81.29642,31.15188],[-81.28588,31.10944],[-81.28746,31.09921],[-81.29787,31.08095],[-81.31805,31.06577],[-81.34531,31.05936],[-81.35342,31.03712],[-81.3445,31.01811],[-81.32394,31.00881],[-81.31071,30.99733],[-81.30478,30.98571],[-81.30483,30.97077],[-81.3073,30.96223],[-81.31754,30.9485],[-81.34521,30.9315],[-81.3502,30.88911],[-81.35886,30.86751],[-81.36268,30.84593],[-81.37481,30.81738],[-81.38633,30.80137],[-81.40048,30.76643],[-81.37481,30.75748],[-81.35915,30.74431],[-81.35139,30.73088],[-81.3468,30.71109],[-81.3472,30.6968],[-81.35155,30.68567],[-81.3734,30.66278],[-81.38201,30.61591],[-81.38028,30.56322],[-81.375,30.53276],[-81.35804,30.50024],[-81.35245,30.48212],[-81.35357,30.44666],[-81.33229,30.43304],[-81.3198,30.41646],[-81.3169,30.40772],[-81.32156,30.37857],[-81.33538,30.36129],[-81.33063,30.29948],[-81.25513,30.00024],[-81.23517,29.94227],[-81.22385,29.92156],[-81.20927,29.87525],[-81.20518,29.82243],[-81.19277,29.77833],[-81.1674,29.7231],[-81.14914,29.66614],[-81.12257,29.60279],[-81.0722,29.50151],[-81.04192,29.43289],[-81.04571,29.43246],[-80.90684,29.14471],[-80.87481,29.10597],[-80.63557,28.75027],[-80.52297,28.60824],[-80.51135,28.57523],[-80.50359,28.54036],[-80.47805,28.49245],[-80.4686,28.46308],[-80.47234,28.44341],[-80.48121,28.42551],[-80.51943,28.39108],[-80.53417,28.3357],[-80.544,28.27109],[-80.49977,28.07723],[-80.33253,27.76116],[-80.29887,27.66209],[-80.29493,27.63928],[-80.28135,27.62117],[-80.26855,27.5729],[-80.24977,27.51899],[-80.2293,27.48563],[-80.22796,27.463],[-80.2224,27.44696],[-80.1271,27.23937],[-80.09541,27.18064],[-80.09409,27.16374],[-80.08096,27.12533],[-80.06338,27.0916],[-80.0391,27.02985],[-79.99391,26.87534],[-79.97543,26.80025],[-79.97556,26.76499],[-79.97965,26.75034],[-79.97473,26.7026],[-79.98088,26.66363],[-79.98248,26.56925],[-80.00615,26.43281],[-80.01436,26.36224],[-80.01528,26.32096],[-80.02208,26.28878],[-80.02505,26.24787],[-80.03811,26.19674],[-80.03787,26.18329],[-80.04721,26.13295],[-80.04978,26.08823],[-80.05453,26.07312],[-80.06335,25.9744],[-80.06572,25.88124],[-80.06285,25.84827],[-80.06696,25.80239],[-80.07262,25.77928],[-80.06943,25.75736],[-80.0761,25.73733],[-80.09178,25.72111],[-80.10777,25.60663],[-80.104,25.56187],[-80.11557,25.52666],[-80.09787,25.50192],[-80.09456,25.47567],[-80.09838,25.46309],[-80.10892,25.44834],[-80.12437,25.43776],[-80.1391,25.4331],[-80.15291,25.39466],[-80.16241,25.37994],[-80.17656,25.36687]]]]}},{"type":"Feature","properties":{"std_name":"East South Central Division","std_geoid":"6","pen":"statisticians","std_note":null},"geometry":{"type":"Polygon","coordinates":[[[-88.39593,30.15468],[-88.43351,30.14722],[-88.46128,30.14669],[-88.50979,30.15794],[-88.54586,30.17665],[-88.56788,30.17045],[-88.58663,30.16911],[-88.67743,30.17971],[-88.71739,30.19087],[-88.7539,30.1882],[-88.79521,30.20002],[-88.82139,30.21737],[-88.85039,30.19228],[-88.87503,30.179],[-88.90033,30.16998],[-88.88903,30.13985],[-89.09648,30.16583],[-89.18367,30.21215],[-89.26098,30.182],[-89.30613,30.17794],[-89.41671,30.17764],[-89.45395,30.16623],[-89.49497,30.16075],[-89.51477,30.16176],[-89.52794,30.18877],[-89.53484,30.19538],[-89.54484,30.1943],[-89.55463,30.18591],[-89.56611,30.18122],[-89.5768,30.18323],[-89.58569,30.19224],[-89.59657,30.21196],[-89.61574,30.22337],[-89.61404,30.24477],[-89.63161,30.25701],[-89.63105,30.2618],[-89.6253,30.26353],[-89.63232,30.2686],[-89.63129,30.27977],[-89.6385,30.28812],[-89.64718,30.28937],[-89.64043,30.2955],[-89.64034,30.30678],[-89.62619,30.31429],[-89.63396,30.3213],[-89.6296,30.32156],[-89.62881,30.32642],[-89.6327,30.32796],[-89.62959,30.33896],[-89.63693,30.34762],[-89.6413,30.34615],[-89.65152,30.35613],[-89.65725,30.35663],[-89.66112,30.36423],[-89.6588,30.36958],[-89.66261,30.37144],[-89.66018,30.37342],[-89.67006,30.3822],[-89.67915,30.40236],[-89.68384,30.40582],[-89.68445,30.41229],[-89.67999,30.41165],[-89.67748,30.41796],[-89.68104,30.42339],[-89.68031,30.43337],[-89.68398,30.43394],[-89.68503,30.43945],[-89.6834,30.45154],[-89.68634,30.45475],[-89.69008,30.45323],[-89.69003,30.45933],[-89.69528,30.46287],[-89.70585,30.46495],[-89.70501,30.47087],[-89.70991,30.47822],[-89.71555,30.47769],[-89.7192,30.48307],[-89.72358,30.4823],[-89.72083,30.48702],[-89.72482,30.49213],[-89.72965,30.49002],[-89.7331,30.496],[-89.74733,30.49272],[-89.74215,30.49731],[-89.74553,30.49824],[-89.7467,30.50295],[-89.75748,30.49955],[-89.75264,30.50243],[-89.75281,30.5077],[-89.75856,30.506],[-89.75445,30.50977],[-89.76067,30.51202],[-89.75746,30.5186],[-89.76781,30.51319],[-89.7688,30.51837],[-89.77309,30.52079],[-89.7702,30.52148],[-89.77168,30.52638],[-89.76905,30.52918],[-89.77737,30.53299],[-89.77408,30.53779],[-89.77916,30.54403],[-89.78968,30.54466],[-89.80392,30.54935],[-89.7922,30.54835],[-89.79446,30.55655],[-89.80303,30.55789],[-89.80398,30.56052],[-89.80167,30.56374],[-89.79166,30.56261],[-89.78687,30.56905],[-89.79123,30.56995],[-89.79301,30.56415],[-89.79533,30.57009],[-89.80795,30.56765],[-89.80934,30.58004],[-89.8157,30.58554],[-89.80702,30.5871],[-89.81143,30.58664],[-89.81235,30.59217],[-89.81877,30.59288],[-89.8198,30.59678],[-89.81404,30.59859],[-89.82256,30.60524],[-89.81392,30.60772],[-89.82326,30.60771],[-89.82143,30.61979],[-89.83071,30.61722],[-89.83018,30.62208],[-89.82367,30.62222],[-89.82007,30.63281],[-89.814,30.63825],[-89.82295,30.63908],[-89.82066,30.64609],[-89.82574,30.64527],[-89.82471,30.64903],[-89.83031,30.65077],[-89.83321,30.65751],[-89.84072,30.65217],[-89.84084,30.66082],[-89.8522,30.66168],[-89.84932,30.6654],[-89.84325,30.66374],[-89.83783,30.67192],[-89.83959,30.67396],[-89.84322,30.66898],[-89.8472,30.67004],[-89.83712,30.6779],[-89.84226,30.68028],[-89.83736,30.6878],[-89.84489,30.68703],[-89.84502,30.69063],[-89.83529,30.69179],[-89.83832,30.69512],[-89.83585,30.69907],[-89.83807,30.70404],[-89.8436,30.70251],[-89.84665,30.70573],[-89.84011,30.71182],[-89.84253,30.72042],[-89.83098,30.71553],[-89.83127,30.72259],[-89.82563,30.72737],[-89.83633,30.7272],[-89.82746,30.73212],[-89.83619,30.73251],[-89.83694,30.73491],[-89.83401,30.73691],[-89.82063,30.73666],[-89.81607,30.73891],[-89.82029,30.74069],[-89.82862,30.73735],[-89.82246,30.75463],[-89.82935,30.75132],[-89.83317,30.75331],[-89.82564,30.75839],[-89.83512,30.77109],[-89.83154,30.76761],[-89.82876,30.76874],[-89.83011,30.78136],[-89.82739,30.78334],[-89.82438,30.77962],[-89.82009,30.78239],[-89.82148,30.79116],[-89.81915,30.79523],[-89.81289,30.79365],[-89.81157,30.78749],[-89.80347,30.79114],[-89.80354,30.79455],[-89.80845,30.79184],[-89.80814,30.79643],[-89.81574,30.80335],[-89.81031,30.80018],[-89.80463,30.80251],[-89.80405,30.80744],[-89.79716,30.81175],[-89.79999,30.8162],[-89.79865,30.82086],[-89.79571,30.82109],[-89.79533,30.81723],[-89.79175,30.82039],[-89.78621,30.81599],[-89.7815,30.81894],[-89.78764,30.82347],[-89.78235,30.83255],[-89.79075,30.83177],[-89.7875,30.84411],[-89.79247,30.85039],[-89.78951,30.85138],[-89.78163,30.84527],[-89.78338,30.85602],[-89.77172,30.85468],[-89.77258,30.85964],[-89.76779,30.86558],[-89.77925,30.87601],[-89.77711,30.88109],[-89.76958,30.88115],[-89.77356,30.88637],[-89.77341,30.89769],[-89.75872,30.89732],[-89.75667,30.90107],[-89.7642,30.91191],[-89.7594,30.91513],[-89.75007,30.91293],[-89.74479,30.91893],[-89.74516,30.92242],[-89.75281,30.92541],[-89.7489,30.93389],[-89.75651,30.94286],[-89.73569,30.96657],[-89.72707,30.96739],[-89.73715,30.97608],[-89.7305,30.97971],[-89.7277,30.99333],[-89.73482,30.9965],[-89.73554,30.99971],[-89.72813,31.00096],[-89.73167,31.00482],[-89.73607,31.00123],[-89.74099,31.00359],[-89.75048,30.99942],[-89.75264,31.00185],[-89.81583,31.00208],[-91.63694,30.99942],[-91.57841,31.02403],[-91.5644,31.03897],[-91.55991,31.05412],[-91.56415,31.06683],[-91.61321,31.10352],[-91.62686,31.11877],[-91.6283,31.12461],[-91.62422,31.13373],[-91.59973,31.15959],[-91.5915,31.17312],[-91.58894,31.18896],[-91.60162,31.20857],[-91.62512,31.22607],[-91.64436,31.23441],[-91.65202,31.24269],[-91.65403,31.25575],[-91.64867,31.26224],[-91.63767,31.26768],[-91.56419,31.26163],[-91.53773,31.26737],[-91.51561,31.27821],[-91.50886,31.29164],[-91.50866,31.31513],[-91.54821,31.34608],[-91.551,31.36365],[-91.55005,31.37538],[-91.54606,31.38222],[-91.55568,31.38641],[-91.56895,31.37763],[-91.57833,31.39907],[-91.57627,31.4105],[-91.56518,31.42345],[-91.54846,31.43267],[-91.54337,31.43261],[-91.53714,31.42416],[-91.53946,31.41402],[-91.53234,31.39027],[-91.52184,31.37517],[-91.50476,31.36498],[-91.47885,31.36495],[-91.47481,31.36865],[-91.47098,31.37624],[-91.47207,31.39708],[-91.47765,31.3979],[-91.48002,31.4042],[-91.49981,31.4201],[-91.51513,31.44921],[-91.51815,31.48348],[-91.51492,31.51011],[-91.5207,31.51339],[-91.52254,31.52208],[-91.51345,31.53203],[-91.48962,31.53427],[-91.47972,31.53037],[-91.44762,31.54067],[-91.41491,31.56217],[-91.40542,31.57647],[-91.40391,31.58977],[-91.41882,31.59656],[-91.43262,31.59606],[-91.46632,31.58607],[-91.48322,31.58577],[-91.49292,31.58957],[-91.50278,31.59573],[-91.51657,31.61182],[-91.51546,31.63037],[-91.49613,31.64531],[-91.47432,31.62536],[-91.43622,31.61247],[-91.42112,31.61156],[-91.40102,31.62036],[-91.39571,31.64417],[-91.40011,31.68726],[-91.39791,31.70936],[-91.36938,31.7469],[-91.32091,31.75006],[-91.27711,31.74488],[-91.26311,31.75476],[-91.25951,31.76016],[-91.26251,31.76656],[-91.28121,31.77226],[-91.34561,31.75846],[-91.36561,31.76076],[-91.36051,31.79576],[-91.34521,31.84386],[-91.33381,31.85326],[-91.29401,31.86046],[-91.28931,31.84686],[-91.28941,31.82866],[-91.28321,31.81576],[-91.26921,31.80916],[-91.25431,31.81366],[-91.24662,31.82343],[-91.245,31.83219],[-91.26761,31.85236],[-91.26771,31.86266],[-91.2349,31.87686],[-91.20281,31.90796],[-91.18228,31.91581],[-91.18041,31.91856],[-91.18491,31.92376],[-91.18381,31.93356],[-91.19321,31.93566],[-91.18881,31.95936],[-91.18481,31.96556],[-91.16441,31.98256],[-91.10281,31.99096],[-91.0901,32.00016],[-91.07591,32.01683],[-91.07993,32.01832],[-91.08441,32.03146],[-91.09141,32.03605],[-91.14511,32.04655],[-91.15381,32.05065],[-91.16201,32.06186],[-91.15851,32.07285],[-91.14881,32.08015],[-91.13571,32.08065],[-91.10371,32.05025],[-91.08091,32.04785],[-91.08111,32.07835],[-91.03521,32.10045],[-91.03051,32.10815],[-91.03089,32.12056],[-91.01581,32.12675],[-91.00411,32.14615],[-91.00291,32.16205],[-91.02501,32.16255],[-91.04181,32.17455],[-91.05831,32.18095],[-91.05891,32.17125],[-91.04971,32.15735],[-91.04851,32.15015],[-91.05356,32.12441],[-91.08163,32.13399],[-91.10118,32.13114],[-91.11099,32.12464],[-91.16282,32.13269],[-91.1717,32.14425],[-91.17455,32.15498],[-91.16417,32.19689],[-91.13359,32.21343],[-91.11727,32.20667],[-91.10851,32.20815],[-91.10041,32.21785],[-91.08371,32.22645],[-91.07111,32.22605],[-91.06141,32.21865],[-91.05311,32.22795],[-91.05031,32.23795],[-91.03901,32.24235],[-91.02154,32.23616],[-91.00291,32.22305],[-91.00321,32.19805],[-90.9997,32.1911],[-90.99494,32.19314],[-90.98338,32.21177],[-90.98029,32.2436],[-90.9694,32.25252],[-90.98298,32.27029],[-90.98408,32.27995],[-90.97947,32.2937],[-90.9746,32.29712],[-90.96415,32.29687],[-90.94978,32.28306],[-90.92223,32.29864],[-90.90285,32.31912],[-90.90072,32.33038],[-90.88572,32.35087],[-90.87564,32.37173],[-90.8786,32.37464],[-90.89071,32.37225],[-90.89718,32.35518],[-90.91236,32.33945],[-90.99362,32.35405],[-91.00451,32.36474],[-91.00141,32.37944],[-90.99469,32.39228],[-90.99408,32.40386],[-90.97534,32.41095],[-90.96599,32.42065],[-90.96644,32.43387],[-90.96959,32.43949],[-90.98001,32.44784],[-90.99549,32.45088],[-91.02821,32.43374],[-91.05141,32.43784],[-91.09351,32.45744],[-91.11601,32.48314],[-91.11671,32.50014],[-91.1013,32.5256],[-91.09788,32.54475],[-91.09374,32.54913],[-91.07484,32.53349],[-91.05091,32.50014],[-91.03811,32.49044],[-91.02091,32.48454],[-91.00051,32.48224],[-90.99009,32.48856],[-90.9872,32.49566],[-90.99487,32.50861],[-91.00113,32.51295],[-91.05771,32.53378],[-91.0754,32.54674],[-91.08041,32.55647],[-91.03617,32.57955],[-91.00825,32.60424],[-91.00355,32.61227],[-91.00296,32.62255],[-91.0158,32.64164],[-91.02577,32.64657],[-91.03718,32.63786],[-91.0498,32.60719],[-91.07951,32.60068],[-91.10724,32.59025],[-91.11566,32.591],[-91.11985,32.58479],[-91.12791,32.58649],[-91.14278,32.5989],[-91.15249,32.62032],[-91.15374,32.63523],[-91.14975,32.64404],[-91.13764,32.65062],[-91.11826,32.67408],[-91.06884,32.69892],[-91.05475,32.71923],[-91.05448,32.72226],[-91.06077,32.72749],[-91.09057,32.7361],[-91.12465,32.74316],[-91.15861,32.74345],[-91.1657,32.7534],[-91.1644,32.76349],[-91.15548,32.77991],[-91.1644,32.78582],[-91.16167,32.81247],[-91.145,32.84287],[-91.12789,32.85506],[-91.10563,32.8584],[-91.0706,32.88866],[-91.06445,32.90106],[-91.06397,32.92411],[-91.07055,32.93604],[-91.08262,32.94623],[-91.07912,32.95507],[-91.0868,32.97627],[-91.09693,32.98641],[-91.10658,32.98894],[-91.13552,32.97966],[-91.13859,32.97135],[-91.13072,32.96226],[-91.13786,32.95276],[-91.13162,32.92523],[-91.13705,32.91398],[-91.15169,32.90194],[-91.17024,32.89939],[-91.19679,32.90678],[-91.20826,32.91535],[-91.21397,32.9272],[-91.21071,32.93984],[-91.2023,32.9497],[-91.19834,32.95021],[-91.20184,32.96121],[-91.16897,32.99213],[-91.16289,33.01846],[-91.12833,33.03428],[-91.12029,33.05492],[-91.12503,33.06464],[-91.14995,33.08196],[-91.17292,33.08855],[-91.18162,33.09882],[-91.19992,33.10675],[-91.20075,33.12647],[-91.19239,33.13728],[-91.18266,33.14185],[-91.16311,33.14219],[-91.15047,33.13088],[-91.13394,33.12913],[-91.1027,33.13037],[-91.08602,33.13628],[-91.08104,33.15783],[-91.0804,33.18009],[-91.10026,33.21943],[-91.08259,33.22183],[-91.07842,33.22725],[-91.0708,33.2274],[-91.06948,33.23253],[-91.06563,33.23316],[-91.0511,33.25018],[-91.04463,33.26722],[-91.04427,33.27693],[-91.05135,33.28498],[-91.06541,33.28729],[-91.07734,33.284],[-91.08495,33.27638],[-91.09066,33.25624],[-91.10082,33.23827],[-91.11074,33.24614],[-91.11786,33.26141],[-91.12806,33.26856],[-91.12551,33.28015],[-91.14164,33.30007],[-91.14196,33.34973],[-91.12076,33.36335],[-91.10317,33.38558],[-91.06625,33.41636],[-91.05817,33.42889],[-91.05811,33.44691],[-91.06913,33.45567],[-91.0869,33.45139],[-91.09646,33.43794],[-91.09525,33.41786],[-91.10003,33.40658],[-91.12013,33.389],[-91.14811,33.37879],[-91.16851,33.38006],[-91.17995,33.38401],[-91.20415,33.39833],[-91.20932,33.4065],[-91.1996,33.41819],[-91.1753,33.41713],[-91.13188,33.43026],[-91.11895,33.44621],[-91.11692,33.45374],[-91.1229,33.47064],[-91.1344,33.48316],[-91.16161,33.49748],[-91.17031,33.49785],[-91.17753,33.48299],[-91.16947,33.45257],[-91.17717,33.44394],[-91.20647,33.43392],[-91.2357,33.43943],[-91.23169,33.45686],[-91.20748,33.46951],[-91.19676,33.48689],[-91.18249,33.49983],[-91.18542,33.50753],[-91.21884,33.52938],[-91.23341,33.55346],[-91.23339,33.56275],[-91.22011,33.56882],[-91.18138,33.56716],[-91.16406,33.5705],[-91.13619,33.59087],[-91.12867,33.60678],[-91.13685,33.62623],[-91.1622,33.64427],[-91.18066,33.653],[-91.20881,33.6561],[-91.22006,33.66101],[-91.22961,33.67274],[-91.22942,33.68582],[-91.22348,33.69414],[-91.21374,33.69964],[-91.1731,33.70208],[-91.16037,33.7066],[-91.1309,33.67493],[-91.09305,33.65818],[-91.07945,33.65812],[-91.03371,33.67384],[-91.03024,33.68758],[-91.03606,33.68941],[-91.04516,33.70466],[-91.05917,33.71452],[-91.06877,33.71611],[-91.09641,33.7058],[-91.11764,33.7053],[-91.12977,33.71204],[-91.14881,33.73136],[-91.14101,33.7581],[-91.14489,33.76834],[-91.13306,33.78332],[-91.12344,33.78195],[-91.10866,33.77167],[-91.05339,33.77828],[-91.02902,33.76575],[-91.01937,33.76412],[-90.99981,33.76933],[-90.99227,33.77545],[-90.98881,33.78308],[-90.99157,33.7923],[-91.00047,33.79948],[-91.03193,33.80779],[-91.04908,33.81603],[-91.06938,33.84331],[-91.07321,33.86094],[-91.07131,33.87081],[-91.03302,33.89982],[-91.01317,33.92311],[-91.01025,33.93217],[-91.01913,33.94208],[-91.08646,33.9578],[-91.08969,33.9645],[-91.09066,33.98873],[-91.08697,34.00496],[-91.08287,34.00903],[-91.07339,34.00872],[-91.04667,33.99243],[-91.03633,33.99405],[-91.01895,34.00323],[-90.99895,33.9656],[-90.9832,33.96017],[-90.96617,33.96466],[-90.96141,33.97925],[-90.97091,33.99178],[-90.97989,33.9979],[-90.98818,34.01921],[-90.96462,34.0268],[-90.91951,34.02135],[-90.894,34.02621],[-90.88652,34.03773],[-90.888,34.05494],[-90.87112,34.08025],[-90.87282,34.0879],[-90.88313,34.09673],[-90.89273,34.09787],[-90.91886,34.09284],[-90.94564,34.10797],[-90.9586,34.12244],[-90.96104,34.13051],[-90.95864,34.13548],[-90.90996,34.16551],[-90.89445,34.16106],[-90.86458,34.14055],[-90.84528,34.13689],[-90.82259,34.14405],[-90.80722,34.16371],[-90.80946,34.17774],[-90.81749,34.1832],[-90.85441,34.18683],[-90.88675,34.1825],[-90.90821,34.19207],[-90.93454,34.21785],[-90.93555,34.23785],[-90.92292,34.24654],[-90.90633,34.24438],[-90.89958,34.22895],[-90.89228,34.22289],[-90.8768,34.21439],[-90.85641,34.21132],[-90.84715,34.20613],[-90.83813,34.22],[-90.84054,34.23803],[-90.83177,34.27694],[-90.81674,34.28065],[-90.76562,34.26951],[-90.75293,34.27461],[-90.73802,34.28928],[-90.7364,34.31207],[-90.76869,34.34778],[-90.76977,34.35691],[-90.76439,34.36368],[-90.74964,34.36815],[-90.7158,34.36033],[-90.6763,34.37126],[-90.6815,34.3526],[-90.6915,34.33864],[-90.69313,34.32257],[-90.686,34.31577],[-90.66934,34.31309],[-90.66151,34.31521],[-90.65749,34.32223],[-90.66685,34.35577],[-90.65535,34.37184],[-90.65714,34.3774],[-90.64091,34.38886],[-90.6096,34.39159],[-90.58623,34.40917],[-90.57769,34.43245],[-90.58738,34.45483],[-90.59371,34.48135],[-90.59266,34.49058],[-90.57932,34.51803],[-90.54408,34.53774],[-90.53962,34.55392],[-90.54936,34.56925],[-90.57376,34.59213],[-90.59159,34.62101],[-90.58317,34.65196],[-90.56841,34.66888],[-90.5701,34.69343],[-90.55623,34.69358],[-90.54193,34.68386],[-90.54009,34.67643],[-90.55263,34.65933],[-90.55488,34.64517],[-90.54654,34.63102],[-90.53421,34.62746],[-90.51944,34.62992],[-90.50604,34.63824],[-90.47086,34.66768],[-90.46288,34.6838],[-90.46618,34.69911],[-90.47417,34.70528],[-90.51667,34.69555],[-90.52956,34.69583],[-90.5425,34.7],[-90.55944,34.71083],[-90.57194,34.71278],[-90.56667,34.735],[-90.55833,34.73917],[-90.54556,34.73889],[-90.53979,34.7543],[-90.54778,34.78333],[-90.54417,34.79167],[-90.53333,34.8],[-90.51389,34.8],[-90.51111,34.79829],[-90.51139,34.79],[-90.49278,34.7725],[-90.49415,34.75757],[-90.50972,34.74778],[-90.52417,34.73139],[-90.51667,34.72722],[-90.5,34.72167],[-90.48333,34.72222],[-90.4602,34.72951],[-90.44817,34.7401],[-90.45179,34.75423],[-90.47658,34.794],[-90.47037,34.81155],[-90.45538,34.82079],[-90.4835,34.86046],[-90.48469,34.87285],[-90.48032,34.88236],[-90.46227,34.89174],[-90.44966,34.88976],[-90.43656,34.88273],[-90.42941,34.86641],[-90.44969,34.83992],[-90.43873,34.82525],[-90.41164,34.82606],[-90.38939,34.83067],[-90.36226,34.84276],[-90.33845,34.85852],[-90.32242,34.84612],[-90.30849,34.84549],[-90.30288,34.85753],[-90.30578,34.86167],[-90.31505,34.86406],[-90.31774,34.87106],[-90.25786,34.89339],[-90.24647,34.90339],[-90.24133,34.91903],[-90.24518,34.9479],[-90.26831,34.95738],[-90.29516,34.97563],[-90.30782,34.9929],[-90.31018,35.00696],[-90.29661,35.03867],[-90.29033,35.04162],[-90.26554,35.04058],[-90.2518,35.03161],[-90.23783,35.0323],[-90.207,35.02585],[-90.18116,35.05394],[-90.17931,35.0678],[-90.18779,35.07322],[-90.17405,35.11428],[-90.1679,35.12113],[-90.15599,35.12762],[-90.13867,35.13152],[-90.10531,35.11964],[-90.09191,35.11946],[-90.07566,35.12854],[-90.06675,35.13805],[-90.06452,35.14897],[-90.06824,35.15567],[-90.10068,35.17058],[-90.10814,35.18157],[-90.11719,35.1883],[-90.1159,35.19874],[-90.10807,35.19916],[-90.0968,35.19478],[-90.0888,35.2122],[-90.08026,35.20851],[-90.07584,35.21309],[-90.07545,35.22018],[-90.09109,35.245],[-90.10841,35.25528],[-90.13819,35.25231],[-90.14886,35.25427],[-90.15972,35.26399],[-90.16892,35.27971],[-90.1641,35.29551],[-90.15733,35.30149],[-90.14959,35.30313],[-90.13865,35.29901],[-90.12357,35.30445],[-90.10997,35.30499],[-90.09536,35.35069],[-90.07826,35.37493],[-90.07916,35.38247],[-90.11311,35.4106],[-90.13223,35.41366],[-90.14197,35.40834],[-90.14614,35.39979],[-90.14384,35.38835],[-90.13568,35.3767],[-90.16528,35.37398],[-90.17934,35.38531],[-90.17061,35.41828],[-90.16888,35.42188],[-90.12944,35.44212],[-90.11903,35.46804],[-90.10784,35.47684],[-90.10112,35.47807],[-90.07901,35.47687],[-90.06827,35.46707],[-90.06724,35.46095],[-90.0741,35.43414],[-90.07062,35.4235],[-90.06202,35.41518],[-90.06953,35.40813],[-90.05432,35.38928],[-90.04156,35.39662],[-90.05678,35.40386],[-90.04809,35.41174],[-90.02119,35.42023],[-90.00267,35.42999],[-90.0058,35.45023],[-90.01253,35.46367],[-90.01981,35.47328],[-90.03618,35.48373],[-90.04824,35.50385],[-90.04955,35.52025],[-90.03968,35.54772],[-90.02564,35.55609],[-89.99944,35.56119],[-89.98967,35.56022],[-89.95809,35.54123],[-89.95564,35.53408],[-89.95875,35.52384],[-89.92654,35.51161],[-89.90893,35.51424],[-89.90213,35.52812],[-89.90512,35.53651],[-89.91336,35.53594],[-89.91068,35.54745],[-89.9421,35.557],[-89.95447,35.57619],[-89.95757,35.58853],[-89.94692,35.60081],[-89.91128,35.61759],[-89.89213,35.61572],[-89.85857,35.63318],[-89.85113,35.64745],[-89.85215,35.66027],[-89.8617,35.67034],[-89.87645,35.66673],[-89.8853,35.65474],[-89.89892,35.6509],[-89.91929,35.6553],[-89.93021,35.66135],[-89.95584,35.6904],[-89.95761,35.72765],[-89.94129,35.73808],[-89.93792,35.74417],[-89.90746,35.75929],[-89.89284,35.75059],[-89.86306,35.75713],[-89.85236,35.75543],[-89.85035,35.74649],[-89.84419,35.74309],[-89.82545,35.74519],[-89.79942,35.75811],[-89.79692,35.78137],[-89.79957,35.78833],[-89.78166,35.80523],[-89.76539,35.81121],[-89.72868,35.8026],[-89.69864,35.81871],[-89.69398,35.82521],[-89.69553,35.83567],[-89.76211,35.85717],[-89.7729,35.86563],[-89.77362,35.87571],[-89.76868,35.88882],[-89.74455,35.9107],[-89.73055,35.9117],[-89.71635,35.90706],[-89.6731,35.87537],[-89.66069,35.87547],[-89.64461,35.88742],[-89.641,35.90355],[-89.64431,35.92094],[-89.65403,35.93018],[-89.7185,35.96312],[-89.72319,35.97416],[-89.72292,35.98906],[-89.73306,36.00081],[-89.70693,36.00098],[-89.69244,36.02051],[-89.68725,36.03405],[-89.68003,36.08249],[-89.67246,36.09184],[-89.65771,36.09913],[-89.6283,36.10685],[-89.60194,36.11947],[-89.594,36.12719],[-89.5921,36.13564],[-89.59358,36.154],[-89.607,36.17118],[-89.67955,36.21591],[-89.70446,36.23547],[-89.70533,36.2399],[-89.69857,36.25059],[-89.69523,36.25277],[-89.67804,36.24829],[-89.6459,36.25007],[-89.60237,36.23811],[-89.57754,36.24226],[-89.56221,36.25091],[-89.54474,36.24748],[-89.53468,36.25277],[-89.53644,36.27283],[-89.53949,36.27737],[-89.5448,36.28046],[-89.5543,36.27775],[-89.57849,36.28832],[-89.61182,36.30909],[-89.62026,36.32301],[-89.61584,36.33608],[-89.60567,36.34223],[-89.58164,36.34236],[-89.54501,36.33681],[-89.53182,36.33925],[-89.519,36.3486],[-89.50972,36.37363],[-89.51396,36.38489],[-89.54525,36.42708],[-89.54341,36.43877],[-89.52343,36.45657],[-89.51992,36.47705],[-89.56041,36.52441],[-89.57103,36.5502],[-89.567,36.56505],[-89.55112,36.57807],[-89.53064,36.58171],[-89.47993,36.56909],[-89.46782,36.54697],[-89.46591,36.53001],[-89.47326,36.51242],[-89.48669,36.49499],[-89.49395,36.47356],[-89.48619,36.46211],[-89.46443,36.45775],[-89.44374,36.46916],[-89.41728,36.49901],[-89.39863,36.54228],[-89.39583,36.55933],[-89.38271,36.58372],[-89.37614,36.61413],[-89.3658,36.62513],[-89.3439,36.63189],[-89.32464,36.63102],[-89.288,36.58686],[-89.27333,36.57267],[-89.26086,36.5654],[-89.22976,36.56862],[-89.21387,36.57991],[-89.20277,36.60166],[-89.19775,36.62897],[-89.15912,36.66635],[-89.17188,36.6726],[-89.16797,36.67909],[-89.17046,36.69005],[-89.19931,36.71562],[-89.2014,36.72588],[-89.19786,36.73977],[-89.18532,36.75335],[-89.16979,36.75964],[-89.12597,36.75181],[-89.11646,36.76867],[-89.11778,36.77725],[-89.12504,36.78621],[-89.15714,36.78957],[-89.17056,36.79754],[-89.17925,36.81137],[-89.17885,36.83334],[-89.17044,36.84184],[-89.159,36.84273],[-89.15268,36.8471],[-89.13811,36.84732],[-89.11711,36.88869],[-89.09897,36.95607],[-89.10028,36.96577],[-89.11095,36.9778],[-89.12344,36.98319],[-89.13656,36.98376],[-89.17017,37.00707],[-89.18087,37.02607],[-89.18247,37.03916],[-89.17938,37.05325],[-89.16511,37.07765],[-89.1524,37.09009],[-89.14607,37.091],[-89.15058,37.0937],[-89.14818,37.09842],[-89.12585,37.10848],[-89.1095,37.12309],[-89.08671,37.16545],[-89.02947,37.2113],[-89.01315,37.21648],[-89.00007,37.22476],[-88.97737,37.22944],[-88.96629,37.23009],[-88.97296,37.22849],[-88.9545,37.22492],[-88.93268,37.22526],[-88.94159,37.22882],[-88.91618,37.22399],[-88.80261,37.18774],[-88.7615,37.15961],[-88.7325,37.14395],[-88.71946,37.14075],[-88.70437,37.14297],[-88.69261,37.14111],[-88.64404,37.12239],[-88.61869,37.11677],[-88.58987,37.09978],[-88.56651,37.07537],[-88.5657,37.07767],[-88.54693,37.07082],[-88.51669,37.06538],[-88.48262,37.06726],[-88.45994,37.07463],[-88.44561,37.09333],[-88.44578,37.09968],[-88.44063,37.1086],[-88.44342,37.10869],[-88.44298,37.11192],[-88.42466,37.15229],[-88.43306,37.16264],[-88.44804,37.20364],[-88.45852,37.21335],[-88.47217,37.22031],[-88.48744,37.24429],[-88.51141,37.26148],[-88.51215,37.26379],[-88.50916,37.26208],[-88.50394,37.26479],[-88.50673,37.26499],[-88.5159,37.28409],[-88.51243,37.29662],[-88.48468,37.34523],[-88.47528,37.38986],[-88.45281,37.41094],[-88.41211,37.42506],[-88.39522,37.42053],[-88.37715,37.40964],[-88.37214,37.40311],[-88.36446,37.40174],[-88.3484,37.41096],[-88.32363,37.43399],[-88.28163,37.45273],[-88.19654,37.4607],[-88.13516,37.47175],[-88.09388,37.4738],[-88.08546,37.47156],[-88.07312,37.48569],[-88.06784,37.48587],[-88.06111,37.50412],[-88.06283,37.51486],[-88.06901,37.5254],[-88.08944,37.53637],[-88.10574,37.55659],[-88.13428,37.57464],[-88.14059,37.58483],[-88.14078,37.60026],[-88.15799,37.63695],[-88.15916,37.66261],[-88.15055,37.67675],[-88.13421,37.69154],[-88.12152,37.71024],[-88.07031,37.73332],[-88.05933,37.74297],[-88.04458,37.76312],[-88.03632,37.79116],[-88.02985,37.79825],[-88.01629,37.80197],[-88.00472,37.8001],[-87.97285,37.78537],[-87.95983,37.77313],[-87.95184,37.7717],[-87.94486,37.77481],[-87.93413,37.79641],[-87.90738,37.80713],[-87.90365,37.81679],[-87.90997,37.84303],[-87.93556,37.86711],[-87.94098,37.87947],[-87.93816,37.89106],[-87.9027,37.92602],[-87.89226,37.92792],[-87.87502,37.92286],[-87.86378,37.9124],[-87.85679,37.90019],[-87.84649,37.89353],[-87.84644,37.88799],[-87.83967,37.88078],[-87.82977,37.87642],[-87.79143,37.87566],[-87.75924,37.89166],[-87.73735,37.89473],[-87.71821,37.8926],[-87.68441,37.90366],[-87.67501,37.90164],[-87.66684,37.89576],[-87.66403,37.88748],[-87.68168,37.85627],[-87.67941,37.83653],[-87.67034,37.82796],[-87.64416,37.82619],[-87.61245,37.83361],[-87.59753,37.84805],[-87.59027,37.85859],[-87.5863,37.87249],[-87.58392,37.87248],[-87.58714,37.88486],[-87.61982,37.90685],[-87.62732,37.9204],[-87.62641,37.92793],[-87.6174,37.93827],[-87.62243,37.9362],[-87.60581,37.94961],[-87.60316,37.96765],[-87.59776,37.9739],[-87.58741,37.97528],[-87.57781,37.9702],[-87.57423,37.96115],[-87.57751,37.95166],[-87.57357,37.95172],[-87.56702,37.93874],[-87.55604,37.92817],[-87.51057,37.90608],[-87.49763,37.9107],[-87.44913,37.94185],[-87.41199,37.9445],[-87.37169,37.93119],[-87.36208,37.92121],[-87.33879,37.90848],[-87.31998,37.90567],[-87.29865,37.89613],[-87.2555,37.8678],[-87.22026,37.84897],[-87.1617,37.83976],[-87.14111,37.81552],[-87.13007,37.78678],[-87.11073,37.78242],[-87.08928,37.78786],[-87.07153,37.79982],[-87.06541,37.80761],[-87.04324,37.86837],[-87.04588,37.89265],[-87.03417,37.90626],[-87.00997,37.91989],[-86.97618,37.93111],[-86.91892,37.93684],[-86.90198,37.94645],[-86.86091,37.98437],[-86.81969,37.99942],[-86.79497,37.98921],[-86.77784,37.95169],[-86.75112,37.91336],[-86.73255,37.89477],[-86.71744,37.8935],[-86.68079,37.91504],[-86.64785,37.90939],[-86.64426,37.89652],[-86.66065,37.86425],[-86.66224,37.85285],[-86.65523,37.84248],[-86.63828,37.84269],[-86.60865,37.8557],[-86.59819,37.86716],[-86.60013,37.90517],[-86.59723,37.91292],[-86.58869,37.92109],[-86.57942,37.92318],[-86.53384,37.91715],[-86.50734,37.9295],[-86.50932,37.9423],[-86.52018,37.95383],[-86.52494,37.9665],[-86.52514,38.02873],[-86.52171,38.03962],[-86.51591,38.0431],[-86.45977,38.04813],[-86.4479,38.05317],[-86.43392,38.06571],[-86.43052,38.07556],[-86.43233,38.0848],[-86.45741,38.09502],[-86.46468,38.10251],[-86.46635,38.11347],[-86.46124,38.12093],[-86.44899,38.12732],[-86.43234,38.12634],[-86.40188,38.10433],[-86.39646,38.10689],[-86.38932,38.12229],[-86.38077,38.12902],[-86.33867,38.12788],[-86.32512,38.13634],[-86.32113,38.14659],[-86.32587,38.15403],[-86.36534,38.16137],[-86.37673,38.16974],[-86.37847,38.1816],[-86.37601,38.19066],[-86.37095,38.19557],[-86.35977,38.19884],[-86.3474,38.19511],[-86.31883,38.17379],[-86.29282,38.16248],[-86.27638,38.14541],[-86.27024,38.13065],[-86.27912,38.10094],[-86.27855,38.08642],[-86.27148,38.06199],[-86.25818,38.05049],[-86.23334,38.03963],[-86.21927,38.02751],[-86.17572,38.01005],[-86.12533,38.01624],[-86.09994,38.01095],[-86.07413,37.99579],[-86.07728,37.99739],[-86.0628,37.97304],[-86.05111,37.96126],[-86.04378,37.95821],[-86.03506,37.9629],[-86.035,37.98429],[-86.02655,37.99402],[-85.94305,38.0066],[-85.92343,38.02525],[-85.91514,38.06764],[-85.90531,38.08884],[-85.90439,38.10622],[-85.9091,38.14234],[-85.90552,38.16953],[-85.88267,38.20085],[-85.85204,38.2223],[-85.8436,38.23218],[-85.83892,38.24033],[-85.83659,38.26407],[-85.82906,38.27655],[-85.8184,38.28217],[-85.78119,38.28831],[-85.76639,38.28055],[-85.76691,38.27659],[-85.76092,38.27191],[-85.74348,38.26729],[-85.67996,38.29758],[-85.65226,38.32879],[-85.63939,38.36111],[-85.63745,38.38222],[-85.63183,38.39843],[-85.62034,38.42341],[-85.60695,38.43857],[-85.58275,38.45104],[-85.53435,38.45578],[-85.50571,38.46472],[-85.48889,38.47765],[-85.46969,38.50801],[-85.43423,38.52326],[-85.41953,38.53533],[-85.41555,38.54497],[-85.41565,38.56321],[-85.43804,38.60455],[-85.43863,38.65889],[-85.45672,38.68636],[-85.45178,38.71015],[-85.45154,38.7079],[-85.43595,38.72871],[-85.41414,38.73686],[-85.36445,38.73043],[-85.3061,38.74153],[-85.27238,38.74074],[-85.24645,38.73175],[-85.22642,38.70599],[-85.21305,38.69545],[-85.18887,38.68758],[-85.17316,38.68801],[-85.13741,38.69987],[-85.10201,38.7263],[-85.01225,38.76598],[-84.99192,38.77828],[-84.94112,38.77569],[-84.88742,38.79483],[-84.82886,38.78327],[-84.81361,38.78527],[-84.8116,38.79196],[-84.81399,38.80022],[-84.82702,38.81853],[-84.83004,38.83014],[-84.82364,38.83892],[-84.79152,38.85997],[-84.78574,38.86996],[-84.78527,38.88043],[-84.79316,38.88742],[-84.81216,38.89498],[-84.86664,38.89881],[-84.87725,38.90941],[-84.87931,38.9161],[-84.87692,38.92167],[-84.83425,38.95877],[-84.83005,38.97256],[-84.83858,38.9899],[-84.87182,39.02776],[-84.88577,39.03766],[-84.89737,39.0574],[-84.88906,39.06613],[-84.86102,39.07799],[-84.83244,39.10049],[-84.78777,39.11531],[-84.76828,39.13731],[-84.7534,39.14711],[-84.74335,39.14758],[-84.72746,39.14273],[-84.7151,39.13372],[-84.68723,39.10156],[-84.65852,39.09581],[-84.63253,39.07663],[-84.61834,39.0733],[-84.60385,39.07373],[-84.57191,39.08243],[-84.55082,39.09955],[-84.54066,39.0991],[-84.52563,39.09248],[-84.51034,39.09387],[-84.49702,39.10036],[-84.4758,39.11994],[-84.46456,39.12202],[-84.45253,39.11924],[-84.44322,39.11217],[-84.43516,39.10036],[-84.43273,39.06683],[-84.43056,39.05874],[-84.42387,39.05286],[-84.42856,39.05558],[-84.42639,39.05313],[-84.40805,39.04593],[-84.37691,39.04416],[-84.3476,39.03758],[-84.32662,39.02726],[-84.30607,39.00775],[-84.29773,38.98974],[-84.2958,38.96921],[-84.28878,38.95564],[-84.25704,38.92265],[-84.23434,38.89326],[-84.23186,38.83272],[-84.2253,38.81746],[-84.21312,38.80584],[-84.14721,38.79286],[-84.09246,38.77442],[-84.07078,38.77041],[-84.04375,38.77067],[-83.97809,38.78736],[-83.96237,38.78752],[-83.94321,38.78318],[-83.92566,38.77121],[-83.86941,38.7613],[-83.85832,38.75632],[-83.84889,38.74748],[-83.84156,38.72392],[-83.83676,38.71772],[-83.82189,38.70954],[-83.79207,38.7023],[-83.78446,38.69672],[-83.77573,38.66671],[-83.76912,38.65507],[-83.74825,38.64927],[-83.72086,38.64667],[-83.6684,38.62645],[-83.64784,38.6324],[-83.64159,38.64407],[-83.63621,38.66793],[-83.62553,38.67888],[-83.61152,38.68465],[-83.60186,38.68398],[-83.54522,38.69993],[-83.52088,38.70306],[-83.49364,38.69452],[-83.46771,38.67535],[-83.4454,38.66999],[-83.38486,38.66311],[-83.36277,38.65722],[-83.32774,38.63783],[-83.32215,38.63008],[-83.31659,38.608],[-83.30522,38.59941],[-83.29318,38.59671],[-83.28188,38.60321],[-83.26426,38.6214],[-83.24566,38.62856],[-83.23089,38.6271],[-83.20436,38.61677],[-83.15098,38.61998],[-83.13475,38.63201],[-83.12669,38.64439],[-83.12207,38.6601],[-83.11238,38.67162],[-83.06218,38.68967],[-83.05249,38.69634],[-83.02771,38.72716],[-83.00785,38.73],[-82.97737,38.72619],[-82.92092,38.75092],[-82.89468,38.75653],[-82.87967,38.7514],[-82.873,38.74315],[-82.86987,38.72777],[-82.87749,38.68946],[-82.86038,38.66288],[-82.85446,38.61377],[-82.84247,38.58891],[-82.82121,38.57339],[-82.79587,38.56181],[-82.72791,38.55887],[-82.69828,38.54377],[-82.65769,38.49743],[-82.63922,38.48534],[-82.6126,38.47356],[-82.60365,38.45922],[-82.60054,38.43746],[-82.59341,38.42188],[-82.59705,38.41121],[-82.59455,38.39827],[-82.59946,38.39078],[-82.59274,38.37681],[-82.59759,38.36491],[-82.59812,38.34593],[-82.57672,38.32852],[-82.57176,38.31719],[-82.58303,38.29681],[-82.5741,38.27464],[-82.57452,38.2645],[-82.58332,38.24679],[-82.60462,38.24766],[-82.61222,38.2363],[-82.60862,38.2235],[-82.59829,38.21736],[-82.59914,38.1972],[-82.6116,38.17134],[-82.61937,38.16888],[-82.63886,38.17115],[-82.64454,38.16525],[-82.63863,38.15592],[-82.63657,38.13802],[-82.62184,38.13329],[-82.61923,38.12054],[-82.60616,38.12078],[-82.58701,38.10866],[-82.58336,38.09003],[-82.57385,38.08192],[-82.56599,38.081],[-82.55963,38.07278],[-82.54985,38.06945],[-82.54416,38.05259],[-82.5371,38.04465],[-82.53872,38.0374],[-82.52632,38.02697],[-82.52507,38.0175],[-82.51976,38.00838],[-82.51555,38.00661],[-82.51919,38.00113],[-82.48865,37.99891],[-82.48359,37.98384],[-82.47219,37.98671],[-82.46457,37.98388],[-82.46456,37.97744],[-82.46885,37.97323],[-82.48443,37.97092],[-82.48446,37.96358],[-82.47177,37.95874],[-82.48556,37.94581],[-82.49757,37.94595],[-82.49697,37.94202],[-82.48928,37.93822],[-82.49134,37.93574],[-82.49995,37.93682],[-82.5022,37.93305],[-82.49594,37.92695],[-82.48066,37.92617],[-82.48835,37.91772],[-82.47557,37.91184],[-82.47441,37.89995],[-82.47139,37.89909],[-82.46838,37.90321],[-82.46797,37.91393],[-82.46299,37.91482],[-82.45999,37.90954],[-82.4519,37.90855],[-82.43757,37.89979],[-82.43203,37.88988],[-82.41993,37.88487],[-82.41756,37.87028],[-82.40751,37.8673],[-82.42462,37.86145],[-82.41471,37.85597],[-82.42049,37.84643],[-82.41294,37.8448],[-82.40866,37.83607],[-82.39935,37.82952],[-82.40132,37.80951],[-82.39662,37.80893],[-82.38672,37.81822],[-82.37664,37.80221],[-82.36904,37.80126],[-82.36389,37.795],[-82.35505,37.79335],[-82.34903,37.78693],[-82.34009,37.78563],[-82.33746,37.77491],[-82.32389,37.77499],[-82.32306,37.77268],[-82.33361,37.76715],[-82.33338,37.76441],[-82.32852,37.76212],[-82.31154,37.76458],[-82.31098,37.76124],[-82.31965,37.75829],[-82.32129,37.75156],[-82.33417,37.74277],[-82.31885,37.73369],[-82.3161,37.72108],[-82.31142,37.71847],[-82.30768,37.70801],[-82.29637,37.70219],[-82.30294,37.69361],[-82.29592,37.68618],[-82.30431,37.67609],[-82.29503,37.67805],[-82.29456,37.67043],[-82.28812,37.66811],[-82.28249,37.67592],[-82.27131,37.66362],[-82.25807,37.65688],[-82.24089,37.66153],[-82.23607,37.65963],[-82.22616,37.65291],[-82.22415,37.64471],[-82.21685,37.6416],[-82.2205,37.63477],[-82.2145,37.6254],[-82.18723,37.62698],[-82.1867,37.63514],[-82.19112,37.64459],[-82.18581,37.6486],[-82.17508,37.64783],[-82.17764,37.64085],[-82.17241,37.63263],[-82.18169,37.62715],[-82.1812,37.62151],[-82.17673,37.61815],[-82.16898,37.62191],[-82.16425,37.62029],[-82.16961,37.61303],[-82.16877,37.60908],[-82.15668,37.60897],[-82.15685,37.59272],[-82.14838,37.59072],[-82.13989,37.59497],[-82.13129,37.59271],[-82.12734,37.58655],[-82.12442,37.57736],[-82.12624,37.57374],[-82.14176,37.57109],[-82.14491,37.56766],[-82.13442,37.56293],[-82.13532,37.55735],[-82.13209,37.55237],[-82.12341,37.55153],[-82.118,37.55899],[-82.10481,37.56019],[-82.10196,37.55842],[-82.10403,37.55287],[-82.07518,37.55585],[-82.06391,37.54313],[-82.06484,37.5372],[-82.0503,37.53544],[-82.04615,37.52794],[-82.042,37.53419],[-82.04505,37.54568],[-82.04232,37.54823],[-82.02964,37.53785],[-82.01855,37.54036],[-82.01601,37.53395],[-82.01117,37.53288],[-81.99821,37.54332],[-81.99415,37.53775],[-81.98911,37.54278],[-81.98124,37.54225],[-81.97324,37.54658],[-81.9649,37.54174],[-82.31575,37.29503],[-82.32473,37.28304],[-82.34384,37.28074],[-82.34213,37.27405],[-82.34904,37.27195],[-82.349,37.26797],[-82.43049,37.24686],[-82.43969,37.24712],[-82.4574,37.23829],[-82.48655,37.23119],[-82.49149,37.22505],[-82.49876,37.22703],[-82.52091,37.21217],[-82.52477,37.21499],[-82.53041,37.21324],[-82.5329,37.20666],[-82.55079,37.2045],[-82.59226,37.18304],[-82.59746,37.17704],[-82.62361,37.16444],[-82.63338,37.15442],[-82.6533,37.15119],[-82.65672,37.14472],[-82.66766,37.14189],[-82.67669,37.13492],[-82.68289,37.13695],[-82.72141,37.12083],[-82.72669,37.11479],[-82.72168,37.10101],[-82.72502,37.09182],[-82.71666,37.07741],[-82.72674,37.07304],[-82.7222,37.05794],[-82.72243,37.04495],[-82.72582,37.04225],[-82.73351,37.04452],[-82.74276,37.0428],[-82.74786,37.02443],[-82.75948,37.02725],[-82.77185,37.01571],[-82.77716,37.01602],[-82.78286,37.00782],[-82.7885,37.00867],[-82.79367,37.00547],[-82.79788,37.00956],[-82.81346,37.00563],[-82.81686,37.00743],[-82.82252,37.00411],[-82.82872,37.0058],[-82.83018,36.99436],[-82.83728,36.98728],[-82.84524,36.98376],[-82.85358,36.9853],[-82.85698,36.97885],[-82.86747,36.97805],[-82.87011,36.96498],[-82.86594,36.95834],[-82.85573,36.95382],[-82.8623,36.94134],[-82.85766,36.92867],[-82.87738,36.90847],[-82.86798,36.90005],[-82.87741,36.89551],[-82.87868,36.88953],[-82.90739,36.8793],[-82.90782,36.87476],[-82.95158,36.86619],[-82.97079,36.85764],[-82.97858,36.85981],[-82.99859,36.85657],[-83.00658,36.84764],[-83.02208,36.84994],[-83.02661,36.85556],[-83.04138,36.85496],[-83.0478,36.85168],[-83.07284,36.85446],[-83.07585,36.85069],[-83.07517,36.84073],[-83.08746,36.83822],[-83.10194,36.82824],[-83.09851,36.8238],[-83.09848,36.81352],[-83.10256,36.81127],[-83.10433,36.804],[-83.12316,36.78669],[-83.13323,36.78458],[-83.12899,36.77578],[-83.13308,36.77168],[-83.12957,36.77019],[-83.13254,36.7644],[-83.12557,36.76162],[-83.12864,36.75966],[-83.12798,36.75064],[-83.13442,36.74936],[-83.13512,36.74263],[-83.19484,36.73945],[-83.2883,36.71371],[-83.30971,36.71064],[-83.38681,36.68661],[-83.39648,36.6769],[-83.42471,36.66734],[-83.46661,36.66471],[-83.49922,36.67044],[-83.53015,36.66605],[-83.53705,36.65893],[-83.56243,36.65125],[-83.57761,36.64139],[-83.58645,36.64386],[-83.6139,36.63485],[-83.62402,36.62551],[-83.63471,36.62289],[-83.64512,36.62431],[-83.64931,36.61677],[-83.66355,36.60693],[-83.6732,36.60464],[-83.67539,36.60078],[-83.55692,36.59739],[-83.2763,36.59819],[-83.24893,36.59383],[-81.93414,36.59421],[-81.92264,36.61621],[-81.6469,36.61192],[-81.68001,36.58582],[-81.67698,36.58112],[-81.67921,36.57867],[-81.67705,36.57075],[-81.69129,36.56772],[-81.69022,36.55169],[-81.69336,36.551],[-81.69979,36.53673],[-81.70802,36.53583],[-81.7081,36.52411],[-81.70297,36.52114],[-81.69709,36.50592],[-81.70025,36.49846],[-81.69595,36.49162],[-81.69792,36.48895],[-81.69503,36.46746],[-81.7168,36.45667],[-81.71379,36.44717],[-81.71783,36.44502],[-81.7148,36.43723],[-81.72132,36.4339],[-81.71785,36.42986],[-81.72073,36.42265],[-81.73452,36.4125],[-81.7417,36.41242],[-81.73937,36.39559],[-81.72886,36.39171],[-81.7295,36.38544],[-81.7347,36.37958],[-81.72607,36.36879],[-81.72246,36.35274],[-81.71715,36.34773],[-81.70794,36.34614],[-81.70588,36.3389],[-81.70748,36.33523],[-81.71833,36.3361],[-81.73603,36.34297],[-81.74573,36.33759],[-81.76495,36.33872],[-81.77889,36.34857],[-81.78973,36.34833],[-81.79309,36.36241],[-81.81028,36.35185],[-81.83305,36.34733],[-81.85499,36.33721],[-81.87952,36.31379],[-81.90817,36.30197],[-82.03384,36.12047],[-82.05414,36.12666],[-82.06187,36.11306],[-82.08003,36.10643],[-82.08108,36.10317],[-82.10542,36.10784],[-82.1292,36.1041],[-82.13786,36.11951],[-82.13678,36.1281],[-82.14099,36.13867],[-82.14858,36.14986],[-82.16565,36.14497],[-82.17293,36.1465],[-82.17722,36.14237],[-82.18363,36.14391],[-82.18758,36.151],[-82.19275,36.14904],[-82.20173,36.15638],[-82.21321,36.15906],[-82.22214,36.15692],[-82.22954,36.14459],[-82.24188,36.13712],[-82.2451,36.13125],[-82.25107,36.13205],[-82.25433,36.13606],[-82.26678,36.127],[-82.28001,36.12909],[-82.28982,36.1356],[-82.33614,36.11467],[-82.35276,36.11645],[-82.36454,36.10752],[-82.37522,36.10586],[-82.38048,36.09935],[-82.38922,36.0971],[-82.4098,36.08302],[-82.46058,36.00772],[-82.47594,35.99822],[-82.48159,35.99803],[-82.48417,35.9933],[-82.50332,35.98216],[-82.50518,35.97755],[-82.51708,35.97583],[-82.52503,35.97105],[-82.53069,35.97223],[-82.54969,35.96405],[-82.55787,35.9539],[-82.57617,35.95872],[-82.58046,35.96525],[-82.6107,35.9672],[-82.61094,35.97438],[-82.60441,35.98746],[-82.60713,35.99236],[-82.6129,35.99361],[-82.61493,36.00205],[-82.60688,36.01043],[-82.60944,36.01104],[-82.60776,36.01575],[-82.60284,36.01776],[-82.60292,36.02337],[-82.591,36.03157],[-82.59145,36.03557],[-82.60166,36.03605],[-82.60866,36.04441],[-82.61838,36.04692],[-82.61795,36.05591],[-82.63261,36.06591],[-82.67056,36.05298],[-82.68407,36.04579],[-82.68959,36.03816],[-82.71514,36.02864],[-82.71647,36.02241],[-82.73912,36.01498],[-82.75455,36.00435],[-82.77576,36.00105],[-82.77921,35.99229],[-82.78528,35.98854],[-82.78569,35.97784],[-82.77509,35.97183],[-82.78504,35.96248],[-82.78756,35.95201],[-82.80617,35.93776],[-82.80267,35.92957],[-82.80509,35.92714],[-82.82195,35.92183],[-82.8281,35.93241],[-82.83864,35.93727],[-82.84604,35.94617],[-82.85173,35.94934],[-82.86065,35.94748],[-82.87429,35.95283],[-82.89818,35.94523],[-82.90178,35.93785],[-82.89889,35.92988],[-82.90182,35.92696],[-82.91994,35.9288],[-82.91353,35.92426],[-82.91162,35.91681],[-82.91439,35.91515],[-82.90803,35.91131],[-82.90811,35.9042],[-82.90104,35.89279],[-82.90682,35.88391],[-82.89608,35.87954],[-82.90655,35.87018],[-82.92083,35.86818],[-82.92143,35.8631],[-82.91821,35.85927],[-82.92103,35.85095],[-82.91634,35.84166],[-82.93407,35.83666],[-82.93604,35.82552],[-82.94585,35.82438],[-82.96181,35.80037],[-82.96303,35.78999],[-82.9697,35.78963],[-82.98392,35.77809],[-82.99599,35.77308],[-83.03604,35.7875],[-83.04306,35.78541],[-83.05282,35.7897],[-83.06375,35.78691],[-83.0785,35.78968],[-83.09675,35.77635],[-83.11824,35.76978],[-83.12061,35.76643],[-83.15959,35.76465],[-83.16497,35.75968],[-83.16479,35.75399],[-83.17029,35.74603],[-83.17779,35.74438],[-83.18591,35.7301],[-83.19774,35.72525],[-83.2142,35.72411],[-83.24083,35.72686],[-83.24325,35.72252],[-83.25151,35.71975],[-83.25536,35.71524],[-83.25157,35.70897],[-83.25743,35.70512],[-83.25432,35.69544],[-83.25929,35.69037],[-83.27068,35.68683],[-83.27447,35.67908],[-83.29031,35.6735],[-83.29354,35.66188],[-83.29824,35.65725],[-83.31208,35.65461],[-83.32162,35.66305],[-83.33466,35.66566],[-83.35082,35.66054],[-83.35827,35.647],[-83.3678,35.63784],[-83.37183,35.63916],[-83.37809,35.63456],[-83.38873,35.63362],[-83.39615,35.62287],[-83.42204,35.61105],[-83.44568,35.61175],[-83.45659,35.59719],[-83.47907,35.58322],[-83.48536,35.56847],[-83.4984,35.56293],[-83.56498,35.56609],[-83.58437,35.5627],[-83.59612,35.575],[-83.60834,35.58002],[-83.61857,35.57225],[-83.62931,35.56817],[-83.63386,35.57067],[-83.64013,35.56616],[-83.65601,35.57001],[-83.6877,35.5682],[-83.69561,35.57032],[-83.72277,35.5623],[-83.73614,35.56552],[-83.74716,35.56031],[-83.75499,35.56462],[-83.77189,35.56139],[-83.78018,35.55063],[-83.8028,35.54149],[-83.82047,35.52565],[-83.84914,35.51863],[-83.85718,35.52157],[-83.87985,35.51905],[-83.88993,35.50466],[-83.90147,35.49655],[-83.90036,35.49303],[-83.90578,35.48869],[-83.91187,35.47607],[-83.93672,35.47155],[-83.94965,35.46094],[-83.96108,35.46414],[-83.96462,35.45411],[-83.97186,35.45485],[-83.97266,35.4473],[-83.97976,35.44826],[-83.98443,35.44015],[-83.992,35.44052],[-83.99471,35.43518],[-83.99959,35.43389],[-83.99796,35.43073],[-84.00128,35.42339],[-84.01444,35.41235],[-84.02343,35.41158],[-84.01871,35.4],[-84.00822,35.39057],[-84.0114,35.3846],[-84.00739,35.37165],[-84.02333,35.35431],[-84.03808,35.35118],[-84.03888,35.34821],[-84.034,35.34328],[-84.0362,35.33766],[-84.02926,35.3331],[-84.03588,35.31321],[-84.02697,35.30967],[-84.02142,35.3014],[-84.02338,35.29631],[-84.03624,35.28842],[-84.04082,35.2796],[-84.05254,35.27019],[-84.08085,35.26125],[-84.08253,35.25629],[-84.0975,35.2476],[-84.10648,35.25149],[-84.11355,35.24898],[-84.11993,35.25205],[-84.12522,35.24987],[-84.12711,35.24077],[-84.14776,35.24686],[-84.16146,35.24352],[-84.17003,35.24646],[-84.18351,35.24],[-84.18896,35.24022],[-84.19338,35.24478],[-84.19952,35.24385],[-84.20298,35.25529],[-84.21139,35.26562],[-84.22412,35.26899],[-84.2833,35.22646],[-84.29021,35.22543],[-84.32182,34.98841],[-84.95277,34.98794],[-85.39484,34.98295],[-85.60516,34.98468],[-85.56142,34.75008],[-85.42947,34.1251],[-85.18413,32.87053],[-85.1844,32.86132],[-85.17713,32.85389],[-85.16869,32.85259],[-85.16231,32.85648],[-85.15629,32.85052],[-85.15401,32.84074],[-85.16411,32.8353],[-85.16834,32.82852],[-85.16484,32.81979],[-85.16805,32.81184],[-85.15202,32.79418],[-85.14218,32.79214],[-85.13966,32.78515],[-85.12622,32.77919],[-85.12233,32.77438],[-85.13088,32.76956],[-85.13669,32.77117],[-85.14299,32.75993],[-85.13314,32.74463],[-85.11855,32.74082],[-85.11333,32.73575],[-85.12274,32.71603],[-85.11814,32.70943],[-85.12004,32.70653],[-85.11704,32.69203],[-85.11264,32.68343],[-85.09354,32.66973],[-85.08848,32.65776],[-85.10434,32.64643],[-85.10453,32.64101],[-85.0989,32.63694],[-85.10009,32.63458],[-85.08312,32.63616],[-85.09089,32.62514],[-85.08224,32.61626],[-85.07897,32.60017],[-85.06754,32.57955],[-85.0579,32.57465],[-85.04366,32.55652],[-85.03573,32.55396],[-85.03139,32.54417],[-85.0208,32.54276],[-85.02088,32.53585],[-85.01526,32.52768],[-85.0071,32.52387],[-84.99653,32.50164],[-84.99883,32.49704],[-84.99493,32.48014],[-84.99853,32.46874],[-84.99533,32.45324],[-84.98383,32.44564],[-84.97183,32.44284],[-84.96303,32.42424],[-84.97943,32.41224],[-84.98095,32.40606],[-84.9799,32.4001],[-84.96873,32.39146],[-84.983,32.39195],[-84.98841,32.38522],[-84.98628,32.38034],[-84.97481,32.38026],[-84.97215,32.37691],[-84.98532,32.37251],[-84.98387,32.36239],[-85.00458,32.3452],[-85.0081,32.33668],[-85.0064,32.32676],[-85.00034,32.32142],[-84.93465,32.29892],[-84.92287,32.28533],[-84.88825,32.25967],[-84.90119,32.25837],[-84.90723,32.24905],[-84.92443,32.25015],[-84.92323,32.24465],[-84.91543,32.24605],[-84.91273,32.24335],[-84.92823,32.21985],[-84.97333,32.21765],[-84.98023,32.20775],[-84.97443,32.20355],[-84.96463,32.20355],[-84.96173,32.19875],[-84.96373,32.19585],[-85.01127,32.18049],[-85.04559,32.14376],[-85.0616,32.13341],[-85.04476,32.08584],[-85.05323,32.0806],[-85.05581,32.07444],[-85.05418,32.06799],[-85.05883,32.04696],[-85.05347,32.03782],[-85.05803,32.03361],[-85.05712,32.02992],[-85.04882,32.0217],[-85.05367,32.02066],[-85.05508,32.01071],[-85.06344,32.00414],[-85.06733,31.99556],[-85.07093,31.98166],[-85.06593,31.97246],[-85.06783,31.96736],[-85.08673,31.95916],[-85.07893,31.94016],[-85.09953,31.92526],[-85.10243,31.91736],[-85.11313,31.91186],[-85.10803,31.90516],[-85.11223,31.90276],[-85.11203,31.89476],[-85.13413,31.89216],[-85.12843,31.87756],[-85.14073,31.85746],[-85.13773,31.84586],[-85.14183,31.83926],[-85.13213,31.82796],[-85.13453,31.82496],[-85.13123,31.81526],[-85.13243,31.79346],[-85.14183,31.78126],[-85.12553,31.76786],[-85.12923,31.75866],[-85.11893,31.73266],[-85.12653,31.71676],[-85.12553,31.69496],[-85.11393,31.68687],[-85.10943,31.67747],[-85.09243,31.65997],[-85.07913,31.65477],[-85.07803,31.65157],[-85.08263,31.65027],[-85.08623,31.63857],[-85.05817,31.62023],[-85.06055,31.60822],[-85.05598,31.60517],[-85.05844,31.58369],[-85.05528,31.5776],[-85.05796,31.57084],[-85.04136,31.54249],[-85.04826,31.52601],[-85.04499,31.51823],[-85.06526,31.48492],[-85.07162,31.46838],[-85.06601,31.43053],[-85.06855,31.42731],[-85.0737,31.42896],[-85.07589,31.42493],[-85.07998,31.41047],[-85.07763,31.39888],[-85.09233,31.36405],[-85.09179,31.35521],[-85.08592,31.35315],[-85.08942,31.33603],[-85.0837,31.32385],[-85.08977,31.29503],[-85.09871,31.28446],[-85.11036,31.28175],[-85.1146,31.27733],[-85.1119,31.27248],[-85.11235,31.25958],[-85.09676,31.22565],[-85.0987,31.21129],[-85.10696,31.20269],[-85.10768,31.18744],[-85.09851,31.18015],[-85.10021,31.16549],[-85.09211,31.16029],[-85.07663,31.15693],[-85.06403,31.1425],[-85.05468,31.12082],[-85.03562,31.10819],[-85.02607,31.08418],[-85.02857,31.07458],[-85.01264,31.0554],[-85.00882,31.04557],[-85.00941,31.03238],[-84.99943,31.01384],[-85.0025,31.00069],[-85.24363,31.00088],[-85.99861,30.99287],[-86.5202,30.99326],[-87.04023,30.99955],[-87.23768,30.99639],[-87.59883,30.99745],[-87.58886,30.96579],[-87.59093,30.95351],[-87.60705,30.92512],[-87.61569,30.90164],[-87.62181,30.89772],[-87.62027,30.8874],[-87.6291,30.88042],[-87.63474,30.86561],[-87.62601,30.85744],[-87.62698,30.84783],[-87.61707,30.84033],[-87.61525,30.83421],[-87.60431,30.83142],[-87.6001,30.82051],[-87.57957,30.81089],[-87.57175,30.8002],[-87.56825,30.80011],[-87.54543,30.77939],[-87.54605,30.77206],[-87.53598,30.76119],[-87.53534,30.75],[-87.52998,30.74095],[-87.51063,30.73291],[-87.50194,30.72127],[-87.49209,30.72039],[-87.48362,30.71531],[-87.48128,30.717],[-87.47799,30.71328],[-87.47931,30.7096],[-87.47517,30.70906],[-87.4758,30.70525],[-87.46981,30.70502],[-87.46809,30.70021],[-87.46219,30.70019],[-87.45801,30.6964],[-87.44957,30.69896],[-87.44038,30.69036],[-87.43014,30.68826],[-87.41904,30.67853],[-87.40647,30.67515],[-87.4031,30.65748],[-87.39682,30.65485],[-87.39434,30.64561],[-87.39491,30.61427],[-87.39877,30.6054],[-87.40329,30.60536],[-87.40759,30.60086],[-87.4053,30.59869],[-87.40802,30.5837],[-87.41219,30.57372],[-87.41852,30.57013],[-87.41615,30.56629],[-87.41792,30.56225],[-87.42536,30.56031],[-87.42755,30.55368],[-87.43488,30.54943],[-87.43532,30.54287],[-87.44157,30.53745],[-87.43896,30.53029],[-87.4439,30.53148],[-87.44365,30.52814],[-87.44798,30.52661],[-87.44381,30.52395],[-87.44728,30.52197],[-87.44727,30.51504],[-87.44452,30.51425],[-87.44912,30.5153],[-87.45037,30.51446],[-87.43098,30.49829],[-87.43168,30.4929],[-87.42838,30.4885],[-87.43388,30.4877],[-87.43558,30.4805],[-87.42508,30.4656],[-87.39988,30.451],[-87.37077,30.44686],[-87.36694,30.44048],[-87.36938,30.43195],[-87.39568,30.4176],[-87.40298,30.4104],[-87.42268,30.4101],[-87.42958,30.4065],[-87.44068,30.3915],[-87.43868,30.3808],[-87.45138,30.3672],[-87.45108,30.3456],[-87.46108,30.3353],[-87.50257,30.3274],[-87.50578,30.3125],[-87.49998,30.3062],[-87.48368,30.3048],[-87.45008,30.3111],[-87.45238,30.3002],[-87.51838,30.2839],[-87.51835,30.22951],[-87.64782,30.19921],[-87.718,30.19176],[-87.80715,30.17738],[-87.98741,30.17789],[-88.00362,30.17342],[-88.02077,30.15522],[-88.0461,30.14469],[-88.07487,30.14715],[-88.09022,30.15452],[-88.10342,30.16638],[-88.1285,30.17208],[-88.16202,30.20009],[-88.30302,30.17796],[-88.32493,30.18024],[-88.34772,30.19009],[-88.35976,30.17454],[-88.37116,30.16561],[-88.39593,30.15468]]]}},{"type":"Feature","properties":{"std_name":"West South Central Division","std_geoid":"7","pen":"statisticians","std_note":null},"geometry":{"type":"Polygon","coordinates":[[[-91.16607,33.00411],[-91.17331,32.98609],[-91.20184,32.96121],[-91.19834,32.95021],[-91.20744,32.94439],[-91.21403,32.93032],[-91.21284,32.9221],[-91.20705,32.91409],[-91.19679,32.90678],[-91.1754,32.9],[-91.15998,32.89988],[-91.14508,32.90549],[-91.13404,32.91768],[-91.1313,32.92692],[-91.13786,32.95276],[-91.13072,32.96226],[-91.13859,32.97135],[-91.13552,32.97966],[-91.10658,32.98894],[-91.09693,32.98641],[-91.0868,32.97627],[-91.07912,32.95507],[-91.08262,32.94623],[-91.07207,32.93783],[-91.0648,32.92646],[-91.06368,32.90636],[-91.0706,32.88866],[-91.10563,32.8584],[-91.12789,32.85506],[-91.145,32.84287],[-91.16167,32.81247],[-91.1644,32.78582],[-91.15548,32.77991],[-91.16497,32.76198],[-91.16533,32.7513],[-91.16339,32.74701],[-91.15446,32.74234],[-91.12377,32.743],[-91.07718,32.73253],[-91.06077,32.72749],[-91.05448,32.72226],[-91.06395,32.70293],[-91.07606,32.69375],[-91.11826,32.67408],[-91.13764,32.65062],[-91.15208,32.64151],[-91.15382,32.63128],[-91.15132,32.61592],[-91.14115,32.59721],[-91.12791,32.58649],[-91.11985,32.58479],[-91.11566,32.591],[-91.10724,32.59025],[-91.07951,32.60068],[-91.0498,32.60719],[-91.03718,32.63786],[-91.02577,32.64657],[-91.0158,32.64164],[-91.00296,32.62255],[-91.00355,32.61227],[-91.00825,32.60424],[-91.03617,32.57955],[-91.08041,32.55647],[-91.0754,32.54674],[-91.05771,32.53378],[-91.00113,32.51295],[-90.99487,32.50861],[-90.9872,32.49566],[-90.99009,32.48856],[-91.00051,32.48224],[-91.02091,32.48454],[-91.03811,32.49044],[-91.05091,32.50014],[-91.07484,32.53349],[-91.09374,32.54913],[-91.09788,32.54475],[-91.1013,32.5256],[-91.11671,32.50014],[-91.11571,32.48234],[-91.09351,32.45744],[-91.05141,32.43784],[-91.02821,32.43374],[-90.99549,32.45088],[-90.98001,32.44784],[-90.96959,32.43949],[-90.96644,32.43387],[-90.96599,32.42065],[-90.97534,32.41095],[-90.99408,32.40386],[-90.99469,32.39228],[-91.00141,32.37944],[-91.00451,32.36474],[-90.99362,32.35405],[-90.91236,32.33945],[-90.89718,32.35518],[-90.89071,32.37225],[-90.8786,32.37464],[-90.87564,32.37173],[-90.88572,32.35087],[-90.90072,32.33038],[-90.90285,32.31912],[-90.92223,32.29864],[-90.94978,32.28306],[-90.96415,32.29687],[-90.9746,32.29712],[-90.97947,32.2937],[-90.98408,32.27995],[-90.98298,32.27029],[-90.9694,32.25252],[-90.98029,32.2436],[-90.98338,32.21177],[-90.99494,32.19314],[-90.9997,32.1911],[-91.00321,32.19805],[-91.00291,32.22305],[-91.02154,32.23616],[-91.03901,32.24235],[-91.05031,32.23795],[-91.05311,32.22795],[-91.06141,32.21865],[-91.07111,32.22605],[-91.08371,32.22645],[-91.10041,32.21785],[-91.10851,32.20815],[-91.11727,32.20667],[-91.13359,32.21343],[-91.16417,32.19689],[-91.17455,32.15498],[-91.1717,32.14425],[-91.16282,32.13269],[-91.11099,32.12464],[-91.10118,32.13114],[-91.08163,32.13399],[-91.05356,32.12441],[-91.04851,32.15015],[-91.04971,32.15735],[-91.05891,32.17125],[-91.05831,32.18095],[-91.04181,32.17455],[-91.02501,32.16255],[-91.00291,32.16205],[-91.00411,32.14615],[-91.01581,32.12675],[-91.03089,32.12056],[-91.03051,32.10815],[-91.03521,32.10045],[-91.08111,32.07835],[-91.08091,32.04785],[-91.10371,32.05025],[-91.13571,32.08065],[-91.14881,32.08015],[-91.15851,32.07285],[-91.16201,32.06186],[-91.15381,32.05065],[-91.14511,32.04655],[-91.09141,32.03605],[-91.08441,32.03146],[-91.07993,32.01832],[-91.07591,32.01683],[-91.0901,32.00016],[-91.10281,31.99096],[-91.16441,31.98256],[-91.18481,31.96556],[-91.18881,31.95936],[-91.19321,31.93566],[-91.18381,31.93356],[-91.18491,31.92376],[-91.18041,31.91856],[-91.18228,31.91581],[-91.20281,31.90796],[-91.2349,31.87686],[-91.26771,31.86266],[-91.26761,31.85236],[-91.245,31.83219],[-91.24662,31.82343],[-91.25431,31.81366],[-91.26921,31.80916],[-91.28321,31.81576],[-91.28941,31.82866],[-91.28931,31.84686],[-91.29401,31.86046],[-91.33381,31.85326],[-91.34521,31.84386],[-91.36051,31.79576],[-91.36561,31.76076],[-91.34561,31.75846],[-91.28121,31.77226],[-91.26251,31.76656],[-91.25951,31.76016],[-91.26311,31.75476],[-91.27711,31.74488],[-91.32091,31.75006],[-91.36938,31.7469],[-91.39791,31.70936],[-91.40011,31.68726],[-91.39571,31.64417],[-91.40102,31.62036],[-91.42112,31.61156],[-91.43622,31.61247],[-91.47432,31.62536],[-91.49613,31.64531],[-91.51546,31.63037],[-91.51657,31.61182],[-91.50278,31.59573],[-91.49292,31.58957],[-91.48322,31.58577],[-91.46632,31.58607],[-91.43262,31.59606],[-91.41882,31.59656],[-91.40391,31.58977],[-91.40542,31.57647],[-91.41491,31.56217],[-91.44762,31.54067],[-91.47972,31.53037],[-91.48962,31.53427],[-91.51345,31.53203],[-91.52254,31.52208],[-91.5207,31.51339],[-91.51492,31.51011],[-91.51815,31.48348],[-91.51513,31.44921],[-91.49981,31.4201],[-91.48002,31.4042],[-91.47765,31.3979],[-91.47207,31.39708],[-91.47098,31.37624],[-91.47481,31.36865],[-91.47885,31.36495],[-91.50476,31.36498],[-91.52184,31.37517],[-91.53234,31.39027],[-91.53946,31.41402],[-91.53714,31.42416],[-91.54337,31.43261],[-91.54846,31.43267],[-91.56518,31.42345],[-91.57627,31.4105],[-91.57833,31.39907],[-91.56895,31.37763],[-91.55568,31.38641],[-91.54606,31.38222],[-91.55005,31.37538],[-91.551,31.36365],[-91.54821,31.34608],[-91.50866,31.31513],[-91.50886,31.29164],[-91.51561,31.27821],[-91.53773,31.26737],[-91.56419,31.26163],[-91.63767,31.26768],[-91.64867,31.26224],[-91.65403,31.25575],[-91.65202,31.24269],[-91.64436,31.23441],[-91.62512,31.22607],[-91.60162,31.20857],[-91.58894,31.18896],[-91.5915,31.17312],[-91.59973,31.15959],[-91.62422,31.13373],[-91.6283,31.12461],[-91.62686,31.11877],[-91.61321,31.10352],[-91.56415,31.06683],[-91.55991,31.05412],[-91.5644,31.03897],[-91.57841,31.02403],[-91.63694,30.99942],[-89.81583,31.00208],[-89.75264,31.00185],[-89.75048,30.99942],[-89.74182,31.00344],[-89.73607,31.00123],[-89.73357,31.00454],[-89.72962,31.00393],[-89.72867,31.0004],[-89.73554,30.99971],[-89.73423,30.9956],[-89.72778,30.9939],[-89.73008,30.98085],[-89.73715,30.97608],[-89.72707,30.96739],[-89.73569,30.96657],[-89.75651,30.94286],[-89.7489,30.93389],[-89.75281,30.92541],[-89.74516,30.92242],[-89.74479,30.91893],[-89.75007,30.91293],[-89.7594,30.91513],[-89.7642,30.91191],[-89.75667,30.90107],[-89.75872,30.89732],[-89.77341,30.89769],[-89.77356,30.88637],[-89.76958,30.88115],[-89.77711,30.88109],[-89.77925,30.87601],[-89.76779,30.86558],[-89.77258,30.85964],[-89.77172,30.85468],[-89.78338,30.85602],[-89.78163,30.84527],[-89.78951,30.85138],[-89.79247,30.85039],[-89.7875,30.84411],[-89.79075,30.83177],[-89.78235,30.83255],[-89.78764,30.82347],[-89.7815,30.81894],[-89.78621,30.81599],[-89.79175,30.82039],[-89.79533,30.81723],[-89.79571,30.82109],[-89.79865,30.82086],[-89.79999,30.8162],[-89.79716,30.81175],[-89.80405,30.80744],[-89.80463,30.80251],[-89.81031,30.80018],[-89.81574,30.80335],[-89.80814,30.79643],[-89.80845,30.79184],[-89.80354,30.79455],[-89.80347,30.79114],[-89.81157,30.78749],[-89.81289,30.79365],[-89.81915,30.79523],[-89.82148,30.79116],[-89.82009,30.78239],[-89.82438,30.77962],[-89.82739,30.78334],[-89.83011,30.78136],[-89.82876,30.76874],[-89.83154,30.76761],[-89.83512,30.77109],[-89.82564,30.75839],[-89.83317,30.75331],[-89.82935,30.75132],[-89.82246,30.75463],[-89.82862,30.73735],[-89.82029,30.74069],[-89.81607,30.73891],[-89.83694,30.73491],[-89.83619,30.73251],[-89.82746,30.73212],[-89.83633,30.7272],[-89.82563,30.72737],[-89.83127,30.72259],[-89.83098,30.71553],[-89.84253,30.72042],[-89.84011,30.71182],[-89.84665,30.70573],[-89.8436,30.70251],[-89.83807,30.70404],[-89.83585,30.69907],[-89.83832,30.69512],[-89.83529,30.69179],[-89.84502,30.69063],[-89.84489,30.68703],[-89.83736,30.6878],[-89.84226,30.68028],[-89.83712,30.6779],[-89.8472,30.67004],[-89.84322,30.66898],[-89.83959,30.67396],[-89.83783,30.67192],[-89.84325,30.66374],[-89.84932,30.6654],[-89.8522,30.66168],[-89.84084,30.66082],[-89.84072,30.65217],[-89.83321,30.65751],[-89.83031,30.65077],[-89.82471,30.64903],[-89.82574,30.64527],[-89.82066,30.64609],[-89.82295,30.63908],[-89.814,30.63825],[-89.82007,30.63281],[-89.82367,30.62222],[-89.83018,30.62208],[-89.83071,30.61722],[-89.82143,30.61979],[-89.82326,30.60771],[-89.81392,30.60772],[-89.82256,30.60524],[-89.81404,30.59859],[-89.8198,30.59678],[-89.81877,30.59288],[-89.81235,30.59217],[-89.81143,30.58664],[-89.80702,30.5871],[-89.8157,30.58554],[-89.80934,30.58004],[-89.80795,30.56765],[-89.79533,30.57009],[-89.79301,30.56415],[-89.79123,30.56995],[-89.78687,30.56905],[-89.79166,30.56261],[-89.80167,30.56374],[-89.80398,30.56052],[-89.80303,30.55789],[-89.79446,30.55655],[-89.7922,30.54835],[-89.80392,30.54935],[-89.77916,30.54403],[-89.77408,30.53779],[-89.77737,30.53299],[-89.76905,30.52918],[-89.77168,30.52638],[-89.7702,30.52148],[-89.77309,30.52079],[-89.7688,30.51837],[-89.76781,30.51319],[-89.75746,30.5186],[-89.76067,30.51202],[-89.75445,30.50977],[-89.75856,30.506],[-89.75281,30.5077],[-89.75264,30.50243],[-89.75748,30.49955],[-89.7467,30.50295],[-89.74553,30.49824],[-89.74215,30.49731],[-89.74733,30.49272],[-89.7331,30.496],[-89.72965,30.49002],[-89.72482,30.49213],[-89.72083,30.48702],[-89.72358,30.4823],[-89.7192,30.48307],[-89.71555,30.47769],[-89.70991,30.47822],[-89.70501,30.47087],[-89.70585,30.46495],[-89.69528,30.46287],[-89.69003,30.45933],[-89.69008,30.45323],[-89.68634,30.45475],[-89.6834,30.45154],[-89.68503,30.43945],[-89.68398,30.43394],[-89.68031,30.43337],[-89.68104,30.42339],[-89.67748,30.41796],[-89.67999,30.41165],[-89.68445,30.41229],[-89.68384,30.40582],[-89.67915,30.40236],[-89.67006,30.3822],[-89.66018,30.37342],[-89.66261,30.37144],[-89.6588,30.36958],[-89.66112,30.36423],[-89.65725,30.35663],[-89.65152,30.35613],[-89.6413,30.34615],[-89.63693,30.34762],[-89.62959,30.33896],[-89.6327,30.32796],[-89.62881,30.32642],[-89.6296,30.32156],[-89.63396,30.3213],[-89.62619,30.31429],[-89.64034,30.30678],[-89.64043,30.2955],[-89.64718,30.28937],[-89.6385,30.28812],[-89.63129,30.27977],[-89.63232,30.2686],[-89.6253,30.26353],[-89.63105,30.2618],[-89.63161,30.25701],[-89.61404,30.24477],[-89.61574,30.22337],[-89.59657,30.21196],[-89.5807,30.18633],[-89.56921,30.18052],[-89.55463,30.18591],[-89.54484,30.1943],[-89.53484,30.19538],[-89.52794,30.18877],[-89.51477,30.16176],[-89.49497,30.16075],[-89.45395,30.16623],[-89.41671,30.17764],[-89.30613,30.17794],[-89.26098,30.182],[-89.18367,30.21215],[-89.09648,30.16583],[-88.85491,30.13553],[-88.83435,30.09071],[-88.80852,30.06548],[-88.77823,30.01407],[-88.76449,29.97194],[-88.76015,29.94455],[-88.75839,29.91827],[-88.76272,29.86699],[-88.77471,29.81814],[-88.79729,29.75967],[-88.8106,29.73457],[-88.86994,29.6571],[-88.91266,29.61178],[-88.9602,29.5771],[-89.00004,29.53248],[-89.01736,29.51903],[-89.03887,29.49223],[-89.06178,29.475],[-89.11945,29.45807],[-89.14207,29.42947],[-89.13761,29.38143],[-89.12162,29.3665],[-89.11216,29.33967],[-89.09453,29.32893],[-89.08532,29.31861],[-89.07723,29.3011],[-89.06943,29.2943],[-89.02262,29.27446],[-89.00005,29.27148],[-88.98242,29.26321],[-88.96749,29.26262],[-88.94205,29.25374],[-88.91831,29.23628],[-88.91017,29.22029],[-88.90915,29.20016],[-88.91765,29.17944],[-88.91392,29.16553],[-88.9146,29.14362],[-88.91731,29.13356],[-88.92781,29.11727],[-88.9566,29.09862],[-88.98539,29.09418],[-88.9969,29.0853],[-89.00291,29.0488],[-89.01269,29.02768],[-89.02591,29.01561],[-89.04564,29.00694],[-89.08883,28.96115],[-89.09606,28.94249],[-89.11485,28.92637],[-89.13328,28.91973],[-89.15099,28.9191],[-89.16907,28.92257],[-89.18533,28.93048],[-89.19654,28.93996],[-89.20485,28.95293],[-89.20958,28.9702],[-89.22437,28.97749],[-89.2349,28.98715],[-89.2796,28.97778],[-89.30515,28.95609],[-89.3241,28.93071],[-89.38473,28.8715],[-89.40099,28.86063],[-89.4257,28.85513],[-89.44946,28.85815],[-89.46731,28.86651],[-89.4835,28.88097],[-89.49208,28.90149],[-89.49023,28.92443],[-89.46941,28.95618],[-89.46574,28.97444],[-89.46342,29.08282],[-89.46867,29.10746],[-89.48121,29.1222],[-89.48614,29.13722],[-89.51032,29.16531],[-89.55365,29.18598],[-89.59916,29.19788],[-89.61043,29.19863],[-90.03233,29.13504],[-90.05557,29.12196],[-90.12514,29.06986],[-90.16266,29.05125],[-90.21008,29.03308],[-90.23906,29.0331],[-90.34432,29.00318],[-90.36841,29.00343],[-90.38493,28.99807],[-90.40938,28.99534],[-90.49182,29.0118],[-90.55255,29.03681],[-90.70719,28.99576],[-90.74686,28.9886],[-90.82265,28.98591],[-90.86456,28.99159],[-90.92045,28.99252],[-90.97029,29.00503],[-90.99345,29.01497],[-91.00876,29.0269],[-91.02076,29.04606],[-91.02303,29.0674],[-91.01207,29.09054],[-90.9894,29.10645],[-90.96037,29.11106],[-90.97492,29.12151],[-91.02001,29.12177],[-91.1033,29.13838],[-91.12543,29.14646],[-91.14594,29.16297],[-91.15982,29.16842],[-91.20785,29.17116],[-91.23726,29.17774],[-91.29268,29.19618],[-91.3187,29.20836],[-91.3417,29.22745],[-91.37691,29.26259],[-91.39165,29.28187],[-91.40502,29.28806],[-91.42113,29.30283],[-91.52974,29.34445],[-91.5447,29.34288],[-91.56075,29.3454],[-91.59426,29.36031],[-91.6247,29.36385],[-91.64404,29.37555],[-91.66253,29.37459],[-91.6889,29.36159],[-91.71219,29.36063],[-91.73672,29.36965],[-91.74904,29.38071],[-91.76292,29.38575],[-91.77749,29.39608],[-91.79318,29.38254],[-91.83277,29.36256],[-91.85984,29.35894],[-91.87691,29.36269],[-91.89642,29.37409],[-91.90635,29.3874],[-91.91301,29.40568],[-91.91321,29.42021],[-91.96483,29.43939],[-91.98387,29.46071],[-92.00731,29.46337],[-92.02275,29.47064],[-92.03653,29.48334],[-92.04562,29.50581],[-92.07805,29.53149],[-92.10008,29.53167],[-92.11414,29.53514],[-92.14667,29.53204],[-92.18332,29.51833],[-92.23166,29.49189],[-92.26398,29.48415],[-92.29367,29.4815],[-92.35366,29.48872],[-92.40502,29.50029],[-92.62497,29.52833],[-92.6867,29.54412],[-92.7676,29.57093],[-92.96452,29.65454],[-93.02911,29.67786],[-93.12515,29.70621],[-93.22352,29.72642],[-93.26848,29.72744],[-93.28735,29.72433],[-93.29826,29.71034],[-93.31079,29.702],[-93.33929,29.69508],[-93.3655,29.69942],[-93.38725,29.71377],[-93.43276,29.71853],[-93.51459,29.71512],[-93.71155,29.69035],[-93.75,29.67973],[-93.77015,29.67083],[-93.76546,29.64413],[-93.77036,29.62392],[-93.78593,29.60594],[-93.80661,29.59686],[-93.82579,29.59583],[-93.84859,29.60026],[-93.86653,29.61183],[-93.87501,29.62143],[-93.90604,29.625],[-94.03356,29.625],[-94.12518,29.59556],[-94.41925,29.48345],[-94.49945,29.45234],[-94.62519,29.39766],[-94.65031,29.38282],[-94.63605,29.37064],[-94.6239,29.34314],[-94.62903,29.32164],[-94.65036,29.29189],[-94.66622,29.28105],[-94.6803,29.2776],[-94.69231,29.27705],[-94.71331,29.28252],[-94.74117,29.25958],[-94.75074,29.24693],[-94.77269,29.23172],[-94.91217,29.15932],[-95.0002,29.10445],[-95.0864,29.06824],[-95.09162,29.06274],[-95.08726,29.058],[-95.0938,29.03333],[-95.10653,29.01494],[-95.13947,28.9917],[-95.18084,28.94893],[-95.22723,28.91038],[-95.30812,28.85883],[-95.31542,28.84221],[-95.32985,28.8287],[-95.37799,28.81028],[-95.42007,28.80562],[-95.49389,28.76534],[-95.53378,28.75026],[-95.77784,28.62527],[-96.07833,28.5],[-96.19938,28.44228],[-96.25819,28.40787],[-96.26707,28.38823],[-96.28231,28.375],[-96.30353,28.36502],[-96.32076,28.36287],[-96.32874,28.35205],[-96.34181,28.34238],[-96.34473,28.32599],[-96.35269,28.31292],[-96.37525,28.29076],[-96.531,28.22116],[-96.64075,28.15539],[-96.73068,28.09127],[-96.8442,28.0003],[-96.93855,27.9012],[-96.9595,27.8753],[-96.98428,27.80378],[-97.0089,27.78679],[-97.02186,27.78336],[-97.05022,27.75031],[-97.12526,27.6406],[-97.19982,27.50032],[-97.25026,27.39231],[-97.28834,27.27758],[-97.30936,27.19611],[-97.31982,27.11002],[-97.32322,27.01026],[-97.31388,26.91313],[-97.30042,26.83461],[-97.28272,26.76342],[-97.25171,26.66187],[-97.21406,26.57677],[-97.21255,26.56165],[-97.18457,26.47585],[-97.1565,26.37535],[-97.12525,26.24828],[-97.1107,26.14537],[-97.1083,26.10451],[-97.09739,26.09351],[-97.08999,26.07534],[-97.09129,26.0516],[-97.09786,26.03862],[-97.08968,25.96084],[-97.14631,25.95663],[-97.15806,25.94882],[-97.16043,25.95082],[-97.15817,25.96168],[-97.16869,25.96081],[-97.17539,25.96598],[-97.17822,25.96157],[-97.18689,25.95859],[-97.18837,25.95392],[-97.20506,25.95811],[-97.20874,25.96395],[-97.22071,25.95714],[-97.2262,25.95939],[-97.23967,25.95533],[-97.24719,25.94816],[-97.27643,25.95212],[-97.28454,25.95928],[-97.28955,25.95438],[-97.27834,25.9475],[-97.28102,25.94433],[-97.27704,25.93509],[-97.29152,25.93649],[-97.29597,25.93323],[-97.30291,25.93731],[-97.30532,25.92768],[-97.30997,25.92638],[-97.31359,25.931],[-97.31798,25.9313],[-97.32448,25.92517],[-97.3261,25.91756],[-97.33115,25.91839],[-97.33286,25.9261],[-97.33439,25.92],[-97.33789,25.92038],[-97.33683,25.92966],[-97.3479,25.93133],[-97.35434,25.91999],[-97.36887,25.9153],[-97.36825,25.90984],[-97.37517,25.90682],[-97.36605,25.90268],[-97.36637,25.89061],[-97.35642,25.88778],[-97.3681,25.88453],[-97.3743,25.87893],[-97.35933,25.87978],[-97.35659,25.86732],[-97.35883,25.86561],[-97.36149,25.86943],[-97.36894,25.8584],[-97.37601,25.85596],[-97.36394,25.85045],[-97.37126,25.84931],[-97.37288,25.83995],[-97.38198,25.8396],[-97.38688,25.84389],[-97.39421,25.83705],[-97.40675,25.83835],[-97.40054,25.84147],[-97.39869,25.85027],[-97.4023,25.85202],[-97.40559,25.84529],[-97.40829,25.84554],[-97.41061,25.84983],[-97.40858,25.86214],[-97.41406,25.85655],[-97.41316,25.84073],[-97.42577,25.8407],[-97.43599,25.8499],[-97.44356,25.84822],[-97.44523,25.85638],[-97.45385,25.85391],[-97.4446,25.86747],[-97.44879,25.87226],[-97.45347,25.86738],[-97.45659,25.86835],[-97.45563,25.88416],[-97.46399,25.88203],[-97.47025,25.87534],[-97.47479,25.87951],[-97.46871,25.88341],[-97.46882,25.88884],[-97.48551,25.87839],[-97.48783,25.88543],[-97.4968,25.87968],[-97.49815,25.89907],[-97.51044,25.88771],[-97.52227,25.88695],[-97.52374,25.89896],[-97.52869,25.90691],[-97.53332,25.90824],[-97.53012,25.91997],[-97.54303,25.91998],[-97.53722,25.93075],[-97.54371,25.92338],[-97.546,25.93381],[-97.55215,25.93708],[-97.55724,25.93591],[-97.56154,25.92566],[-97.56797,25.92762],[-97.56712,25.93379],[-97.58293,25.93301],[-97.58209,25.93862],[-97.56625,25.94494],[-97.56787,25.95243],[-97.57449,25.95397],[-97.5728,25.94646],[-97.578,25.9421],[-97.58312,25.95487],[-97.5821,25.96243],[-97.59382,25.96174],[-97.59811,25.95693],[-97.60189,25.95718],[-97.61061,25.96619],[-97.60778,25.97671],[-97.61738,25.97986],[-97.62164,25.98919],[-97.63145,25.98803],[-97.63456,25.99037],[-97.63106,25.99646],[-97.62316,25.99157],[-97.61998,25.99265],[-97.6186,26.00266],[-97.62742,25.99662],[-97.62676,26.00601],[-97.63501,25.99999],[-97.64938,26.01083],[-97.63726,26.01446],[-97.64035,26.02445],[-97.64661,26.02718],[-97.65043,26.02361],[-97.65154,26.01586],[-97.65863,26.02019],[-97.66794,26.01926],[-97.66713,26.02477],[-97.66049,26.03148],[-97.66256,26.03811],[-97.66754,26.02883],[-97.67095,26.03404],[-97.67474,26.03296],[-97.67623,26.03005],[-97.67328,26.02786],[-97.67554,26.02591],[-97.68738,26.02728],[-97.6932,26.03251],[-97.69124,26.01892],[-97.69767,26.02403],[-97.69731,26.03106],[-97.70225,26.03092],[-97.70725,26.03784],[-97.70964,26.02608],[-97.72117,26.02329],[-97.71939,26.03089],[-97.73478,26.03211],[-97.73507,26.02836],[-97.7277,26.02799],[-97.72528,26.02488],[-97.7371,26.02149],[-97.73828,26.02906],[-97.7429,26.02989],[-97.74823,26.0263],[-97.75212,26.03165],[-97.75933,26.02609],[-97.76318,26.0267],[-97.76253,26.04101],[-97.76793,26.04747],[-97.77671,26.04448],[-97.77626,26.0403],[-97.76923,26.0362],[-97.7768,26.02928],[-97.7823,26.03406],[-97.79206,26.03403],[-97.79783,26.04257],[-97.79529,26.04726],[-97.78879,26.04958],[-97.79303,26.05344],[-97.79882,26.05283],[-97.8011,26.06024],[-97.81119,26.05544],[-97.81102,26.04551],[-97.8134,26.04404],[-97.81663,26.04588],[-97.81467,26.05308],[-97.8183,26.05659],[-97.82594,26.05603],[-97.83383,26.04569],[-97.83911,26.0532],[-97.86065,26.05277],[-97.86139,26.07014],[-97.869,26.05684],[-97.87656,26.06452],[-97.88717,26.06666],[-97.89104,26.06037],[-97.90127,26.06123],[-97.91075,26.05646],[-97.91901,26.05821],[-97.92697,26.05487],[-97.93343,26.06563],[-97.93728,26.06233],[-97.9312,26.05714],[-97.93327,26.05298],[-97.95173,26.06217],[-97.96547,26.05169],[-97.97854,26.05863],[-97.98037,26.06737],[-97.98793,26.06584],[-97.99187,26.05825],[-97.99731,26.0648],[-98.0033,26.06474],[-98.01201,26.05608],[-98.01211,26.06614],[-98.02089,26.05863],[-98.02802,26.06696],[-98.03287,26.06228],[-98.03881,26.04126],[-98.06108,26.0464],[-98.0709,26.03701],[-98.07646,26.03627],[-98.08013,26.04173],[-98.07264,26.04374],[-98.07,26.05048],[-98.08035,26.0711],[-98.0859,26.06945],[-98.08163,26.06406],[-98.09353,26.05859],[-98.10519,26.06768],[-98.12541,26.0618],[-98.12997,26.06313],[-98.12821,26.07259],[-98.13211,26.07419],[-98.13663,26.07075],[-98.13772,26.06047],[-98.14646,26.04904],[-98.15129,26.05815],[-98.16176,26.0539],[-98.15796,26.06339],[-98.16793,26.06298],[-98.17678,26.07523],[-98.17978,26.07334],[-98.18063,26.06626],[-98.17699,26.06073],[-98.18727,26.06427],[-98.19432,26.05319],[-98.19903,26.05588],[-98.20466,26.06632],[-98.21285,26.069],[-98.22081,26.07643],[-98.23062,26.07706],[-98.24935,26.07214],[-98.25151,26.07864],[-98.26432,26.08507],[-98.26736,26.0923],[-98.28821,26.10446],[-98.28263,26.10775],[-98.27039,26.10652],[-98.27195,26.11344],[-98.26608,26.11664],[-98.26604,26.12076],[-98.27484,26.11576],[-98.29665,26.12026],[-98.3036,26.10999],[-98.29767,26.10329],[-98.3057,26.10314],[-98.30974,26.11397],[-98.32202,26.11899],[-98.33557,26.13841],[-98.33434,26.14134],[-98.32674,26.14289],[-98.33798,26.14944],[-98.33323,26.15937],[-98.33574,26.16589],[-98.34619,26.16597],[-98.35176,26.15115],[-98.35837,26.15893],[-98.35966,26.17252],[-98.36723,26.16861],[-98.3642,26.16204],[-98.36563,26.15809],[-98.38686,26.15789],[-98.39278,26.16721],[-98.40191,26.17109],[-98.40263,26.18139],[-98.4166,26.18376],[-98.42771,26.19301],[-98.44402,26.2006],[-98.43868,26.21266],[-98.44393,26.22418],[-98.45,26.22301],[-98.45451,26.21669],[-98.46025,26.2263],[-98.47158,26.2206],[-98.48127,26.21988],[-98.48314,26.21495],[-98.47751,26.2035],[-98.4818,26.20085],[-98.48179,26.20869],[-98.48538,26.21271],[-98.50702,26.20922],[-98.50103,26.22256],[-98.5137,26.22724],[-98.52409,26.22089],[-98.52708,26.22675],[-98.52182,26.23191],[-98.52216,26.23562],[-98.53487,26.22539],[-98.5438,26.24382],[-98.5566,26.248],[-98.55821,26.24435],[-98.54709,26.2418],[-98.5457,26.2372],[-98.55584,26.23191],[-98.56206,26.22418],[-98.56593,26.24147],[-98.57323,26.23948],[-98.57675,26.23376],[-98.58,26.23523],[-98.58512,26.24461],[-98.57922,26.25111],[-98.58309,26.2567],[-98.59944,26.25763],[-98.61195,26.25318],[-98.61665,26.24643],[-98.623,26.25992],[-98.63217,26.25219],[-98.63455,26.24234],[-98.65592,26.23576],[-98.67067,26.23701],[-98.6786,26.24458],[-98.67771,26.25661],[-98.68066,26.26255],[-98.71988,26.27259],[-98.71729,26.27805],[-98.70096,26.27796],[-98.70254,26.28696],[-98.70935,26.28919],[-98.71617,26.2862],[-98.72777,26.29877],[-98.74262,26.2942],[-98.75097,26.29632],[-98.75612,26.30425],[-98.75422,26.30793],[-98.74042,26.30278],[-98.73616,26.3092],[-98.73846,26.31365],[-98.74582,26.31685],[-98.75113,26.33158],[-98.77132,26.32508],[-98.78896,26.33043],[-98.78831,26.33834],[-98.79625,26.3491],[-98.79821,26.36017],[-98.80735,26.36942],[-98.814,26.36629],[-98.82457,26.37083],[-98.84412,26.35873],[-98.85341,26.36502],[-98.86191,26.36599],[-98.89673,26.35333],[-98.90089,26.3594],[-98.90168,26.37123],[-98.91738,26.37447],[-98.9234,26.38137],[-98.92588,26.39436],[-98.93564,26.38505],[-98.93513,26.37297],[-98.94215,26.36969],[-98.95602,26.37726],[-98.95308,26.38634],[-98.9545,26.39437],[-98.97416,26.40115],[-98.98909,26.39167],[-99.01064,26.39213],[-99.02193,26.4079],[-99.03706,26.4136],[-99.06211,26.39738],[-99.08513,26.39878],[-99.08941,26.4081],[-99.11085,26.42628],[-99.11355,26.43253],[-99.10238,26.44273],[-99.10036,26.45875],[-99.09198,26.47238],[-99.09196,26.47791],[-99.10485,26.50038],[-99.12778,26.5252],[-99.16674,26.53608],[-99.17123,26.54197],[-99.16741,26.56],[-99.17806,26.62055],[-99.20052,26.65644],[-99.20995,26.69394],[-99.20891,26.72476],[-99.24002,26.74585],[-99.24244,26.78826],[-99.26221,26.81567],[-99.26861,26.84321],[-99.28047,26.85805],[-99.29515,26.86544],[-99.31675,26.86583],[-99.32862,26.87859],[-99.32182,26.90685],[-99.32468,26.91597],[-99.3373,26.92276],[-99.37337,26.93126],[-99.38825,26.94422],[-99.39295,26.9638],[-99.37731,26.97382],[-99.37843,26.98003],[-99.38737,26.9824],[-99.40369,26.99736],[-99.40851,27.00952],[-99.41548,27.01724],[-99.43215,27.0107],[-99.44566,27.02176],[-99.44428,27.0384],[-99.45232,27.06267],[-99.45028,27.06771],[-99.43447,27.07852],[-99.42921,27.09098],[-99.44213,27.10686],[-99.43058,27.12661],[-99.43135,27.13758],[-99.43997,27.15107],[-99.42998,27.15915],[-99.42635,27.17626],[-99.43259,27.2097],[-99.44524,27.22334],[-99.44155,27.24992],[-99.45239,27.26405],[-99.46148,27.26817],[-99.48119,27.25983],[-99.48906,27.26148],[-99.49669,27.27244],[-99.48759,27.2896],[-99.49202,27.30067],[-99.50095,27.30601],[-99.52847,27.30542],[-99.53803,27.31696],[-99.53138,27.32381],[-99.51891,27.32631],[-99.50458,27.33874],[-99.50778,27.35425],[-99.49908,27.37314],[-99.49214,27.38052],[-99.49271,27.39195],[-99.48752,27.41157],[-99.4957,27.43888],[-99.4951,27.45152],[-99.4854,27.46407],[-99.47925,27.47864],[-99.48129,27.48847],[-99.49683,27.50011],[-99.51985,27.49676],[-99.52839,27.49855],[-99.52192,27.54409],[-99.51882,27.55319],[-99.51402,27.55684],[-99.51213,27.56829],[-99.52971,27.57976],[-99.53972,27.60328],[-99.55495,27.61446],[-99.56123,27.60757],[-99.57863,27.60229],[-99.58484,27.6039],[-99.57718,27.6113],[-99.57764,27.6186],[-99.59137,27.62746],[-99.59623,27.63986],[-99.60353,27.64199],[-99.61607,27.63768],[-99.62431,27.644],[-99.62706,27.64078],[-99.62325,27.63464],[-99.62511,27.63138],[-99.63893,27.62676],[-99.65885,27.63114],[-99.66611,27.63609],[-99.65829,27.65016],[-99.66894,27.65997],[-99.68581,27.66101],[-99.69016,27.66886],[-99.69706,27.66248],[-99.69936,27.65542],[-99.71151,27.65836],[-99.72152,27.66615],[-99.73245,27.68542],[-99.75764,27.71211],[-99.76162,27.72206],[-99.77074,27.73213],[-99.78884,27.73072],[-99.79634,27.73559],[-99.80165,27.74177],[-99.81312,27.774],[-99.81909,27.77602],[-99.82602,27.76433],[-99.83879,27.76418],[-99.84297,27.76852],[-99.85088,27.79397],[-99.87007,27.79463],[-99.87676,27.79784],[-99.87378,27.81301],[-99.87789,27.82535],[-99.8772,27.84218],[-99.88201,27.85039],[-99.90149,27.86416],[-99.90439,27.87528],[-99.89409,27.89295],[-99.89346,27.89921],[-99.90008,27.91214],[-99.91746,27.91797],[-99.92603,27.92748],[-99.92413,27.93138],[-99.92655,27.9357],[-99.93714,27.94054],[-99.93854,27.95406],[-99.93216,27.96771],[-99.93181,27.98097],[-99.96277,27.98354],[-99.99145,27.99456],[-100.00863,28.02396],[-100.01791,28.06479],[-100.05312,28.08473],[-100.05698,28.09421],[-100.05649,28.10419],[-100.07547,28.12488],[-100.08433,28.14482],[-100.11963,28.15559],[-100.1411,28.16815],[-100.16059,28.16816],[-100.18569,28.18578],[-100.1965,28.19022],[-100.20806,28.19038],[-100.2121,28.19651],[-100.22029,28.23221],[-100.22757,28.23586],[-100.24621,28.23409],[-100.25164,28.23618],[-100.2676,28.25027],[-100.28318,28.27063],[-100.2914,28.2754],[-100.2943,28.28438],[-100.28648,28.31229],[-100.3142,28.34586],[-100.32039,28.36212],[-100.3444,28.38966],[-100.34959,28.4026],[-100.33706,28.42715],[-100.3378,28.44296],[-100.36829,28.4772],[-100.36598,28.48112],[-100.34418,28.48625],[-100.33714,28.49173],[-100.33381,28.49925],[-100.38826,28.51486],[-100.39499,28.52836],[-100.40506,28.53578],[-100.41127,28.55071],[-100.3973,28.57558],[-100.39846,28.58517],[-100.42986,28.59644],[-100.43362,28.60612],[-100.44732,28.60932],[-100.44709,28.6422],[-100.46287,28.64136],[-100.47449,28.64707],[-100.47964,28.65523],[-100.50035,28.66196],[-100.512,28.70535],[-100.5067,28.71674],[-100.50761,28.7406],[-100.51516,28.74295],[-100.5144,28.75025],[-100.51923,28.75616],[-100.53341,28.75921],[-100.53005,28.77042],[-100.53777,28.78078],[-100.53243,28.79106],[-100.53544,28.8052],[-100.5452,28.81208],[-100.54732,28.82582],[-100.56144,28.82917],[-100.57048,28.82604],[-100.57473,28.82879],[-100.57685,28.83617],[-100.57288,28.84821],[-100.59104,28.86305],[-100.59077,28.8727],[-100.59888,28.87559],[-100.59794,28.88015],[-100.5895,28.88636],[-100.5925,28.88945],[-100.60301,28.88723],[-100.60109,28.90129],[-100.61422,28.90172],[-100.61822,28.90852],[-100.62244,28.90977],[-100.62541,28.9049],[-100.63161,28.90284],[-100.64057,28.91421],[-100.63106,28.91691],[-100.62971,28.92115],[-100.63886,28.92762],[-100.64375,28.93753],[-100.65151,28.94343],[-100.64699,28.95708],[-100.65032,28.96234],[-100.64664,28.96693],[-100.64865,28.97742],[-100.64604,28.98798],[-100.66021,29.0315],[-100.66402,29.07416],[-100.6752,29.10074],[-100.69179,29.11485],[-100.70997,29.11968],[-100.72746,29.12912],[-100.7378,29.13908],[-100.73968,29.15049],[-100.75973,29.15715],[-100.76368,29.16484],[-100.7726,29.16837],[-100.7759,29.17334],[-100.766,29.18585],[-100.76706,29.19529],[-100.77625,29.20093],[-100.77463,29.21063],[-100.78552,29.22814],[-100.79568,29.22773],[-100.79463,29.24161],[-100.79762,29.24678],[-100.81628,29.25386],[-100.81396,29.26314],[-100.83404,29.2614],[-100.85584,29.27555],[-100.87605,29.27959],[-100.88684,29.30785],[-100.90473,29.31214],[-100.90946,29.31761],[-100.91663,29.3192],[-100.9195,29.32532],[-100.94062,29.33311],[-100.9432,29.34199],[-100.94897,29.34725],[-100.96433,29.34734],[-100.97292,29.35451],[-101.00998,29.36827],[-101.01926,29.39091],[-101.0366,29.40611],[-101.04336,29.42988],[-101.05696,29.44077],[-101.06015,29.45866],[-101.08715,29.46941],[-101.11525,29.46846],[-101.13004,29.47842],[-101.1375,29.47354],[-101.1468,29.47419],[-101.15188,29.477],[-101.17166,29.50395],[-101.17382,29.51457],[-101.19272,29.52029],[-101.23527,29.52485],[-101.2549,29.52034],[-101.26084,29.52993],[-101.26118,29.53678],[-101.25038,29.55662],[-101.24103,29.56503],[-101.2523,29.60417],[-101.24733,29.61848],[-101.25038,29.62417],[-101.26223,29.63061],[-101.2691,29.63013],[-101.28049,29.61518],[-101.27744,29.60659],[-101.27788,29.59081],[-101.29096,29.57154],[-101.30553,29.57793],[-101.312,29.58606],[-101.31337,29.60226],[-101.31171,29.61537],[-101.30003,29.6407],[-101.30252,29.65042],[-101.31413,29.65905],[-101.34602,29.66224],[-101.35033,29.66066],[-101.35714,29.64927],[-101.36131,29.65006],[-101.3671,29.6709],[-101.3727,29.67806],[-101.37277,29.69943],[-101.39695,29.71395],[-101.39701,29.73396],[-101.41558,29.74653],[-101.41459,29.75242],[-101.39898,29.76217],[-101.40232,29.77119],[-101.41093,29.77015],[-101.43815,29.75092],[-101.44888,29.7507],[-101.45522,29.77187],[-101.45281,29.78379],[-101.46091,29.78966],[-101.47886,29.78409],[-101.48709,29.77387],[-101.50322,29.76458],[-101.51758,29.765],[-101.536,29.75895],[-101.53943,29.76642],[-101.53501,29.79768],[-101.54477,29.81187],[-101.55249,29.80423],[-101.56775,29.79873],[-101.57412,29.78822],[-101.57222,29.77332],[-101.57581,29.76932],[-101.60368,29.7744],[-101.61791,29.76993],[-101.6269,29.77076],[-101.63546,29.75836],[-101.64457,29.75423],[-101.65076,29.75709],[-101.65446,29.76512],[-101.66172,29.77086],[-101.67062,29.76893],[-101.6778,29.76029],[-101.68144,29.76078],[-101.68963,29.77104],[-101.70887,29.76164],[-101.71973,29.77574],[-101.73335,29.77118],[-101.73869,29.77298],[-101.74134,29.77828],[-101.75388,29.77733],[-101.77383,29.78868],[-101.7849,29.78865],[-101.78853,29.77927],[-101.80511,29.78035],[-101.81081,29.78363],[-101.81398,29.79233],[-101.80361,29.80345],[-101.81778,29.81163],[-101.82561,29.80705],[-101.81869,29.7915],[-101.82366,29.7874],[-101.83759,29.79336],[-101.85272,29.80779],[-101.87577,29.7938],[-101.9116,29.79804],[-101.92225,29.78603],[-101.92932,29.78258],[-101.93353,29.78519],[-101.93561,29.79956],[-101.94589,29.80175],[-101.95752,29.79577],[-101.96338,29.80015],[-101.96674,29.8127],[-101.97626,29.81604],[-101.98157,29.81502],[-101.98181,29.80617],[-101.98731,29.79684],[-101.99702,29.80611],[-102.01523,29.79749],[-102.02191,29.80247],[-102.03582,29.80406],[-102.04119,29.79906],[-102.03863,29.79162],[-102.04629,29.78994],[-102.04965,29.78528],[-102.07319,29.78652],[-102.07711,29.79205],[-102.08438,29.79506],[-102.09468,29.79124],[-102.10138,29.79361],[-102.11571,29.7923],[-102.11975,29.80248],[-102.1289,29.79853],[-102.14357,29.80332],[-102.15089,29.81159],[-102.1598,29.81469],[-102.16644,29.82539],[-102.17996,29.82637],[-102.17851,29.83945],[-102.18703,29.84866],[-102.19165,29.84664],[-102.19609,29.83658],[-102.20994,29.84436],[-102.22353,29.84053],[-102.23179,29.84825],[-102.24489,29.84895],[-102.24322,29.85841],[-102.24646,29.86413],[-102.24977,29.86329],[-102.25318,29.85307],[-102.26149,29.85324],[-102.26427,29.85563],[-102.26188,29.86357],[-102.26484,29.8675],[-102.28089,29.86282],[-102.28687,29.8712],[-102.30056,29.8776],[-102.3123,29.87712],[-102.31594,29.87999],[-102.32119,29.87869],[-102.32434,29.87371],[-102.32346,29.86392],[-102.33193,29.86282],[-102.33331,29.86807],[-102.34092,29.86937],[-102.34968,29.86263],[-102.35227,29.85276],[-102.36456,29.84533],[-102.36293,29.83149],[-102.37751,29.8],[-102.3772,29.78989],[-102.39004,29.78192],[-102.38504,29.77174],[-102.38723,29.76139],[-102.39481,29.76916],[-102.40898,29.76453],[-102.43367,29.77685],[-102.4393,29.77326],[-102.44738,29.7775],[-102.45769,29.77458],[-102.46545,29.78339],[-102.47199,29.77639],[-102.48067,29.77607],[-102.48177,29.78284],[-102.48725,29.78658],[-102.49799,29.78145],[-102.51762,29.78358],[-102.51838,29.77866],[-102.51073,29.77388],[-102.5135,29.76544],[-102.54798,29.74464],[-102.55467,29.74873],[-102.55518,29.75586],[-102.56766,29.77146],[-102.57408,29.76736],[-102.5738,29.7549],[-102.58034,29.75499],[-102.58921,29.74907],[-102.59762,29.75142],[-102.61243,29.74827],[-102.62279,29.73634],[-102.63041,29.73418],[-102.66025,29.73563],[-102.66715,29.73913],[-102.6684,29.74593],[-102.674,29.74457],[-102.68176,29.72807],[-102.69137,29.72137],[-102.68904,29.70504],[-102.69703,29.69878],[-102.69967,29.68629],[-102.69364,29.67668],[-102.69672,29.67196],[-102.70408,29.67134],[-102.71521,29.6564],[-102.72574,29.65142],[-102.72591,29.64324],[-102.72978,29.64065],[-102.73657,29.64183],[-102.74195,29.63319],[-102.73856,29.61818],[-102.74054,29.5975],[-102.74633,29.59265],[-102.76032,29.5986],[-102.7683,29.59521],[-102.76226,29.57975],[-102.7662,29.57221],[-102.77387,29.57312],[-102.77342,29.56686],[-102.77777,29.56098],[-102.77734,29.55475],[-102.77123,29.5484],[-102.78027,29.54247],[-102.79145,29.54282],[-102.79201,29.533],[-102.79844,29.52667],[-102.80832,29.52293],[-102.80747,29.50385],[-102.80434,29.50118],[-102.80727,29.4943],[-102.80067,29.48624],[-102.81425,29.4824],[-102.814,29.4714],[-102.82564,29.45794],[-102.82395,29.45211],[-102.81953,29.45072],[-102.83105,29.44425],[-102.83248,29.43243],[-102.82693,29.4177],[-102.83344,29.4105],[-102.82652,29.40756],[-102.82586,29.40254],[-102.819,29.4036],[-102.81238,29.40052],[-102.81586,29.39702],[-102.82561,29.39695],[-102.83306,29.38809],[-102.83402,29.37906],[-102.84502,29.37444],[-102.84532,29.36473],[-102.83938,29.35892],[-102.86213,29.35134],[-102.8775,29.35489],[-102.88437,29.34795],[-102.87987,29.33915],[-102.88734,29.31163],[-102.89304,29.30891],[-102.88818,29.29336],[-102.89047,29.28798],[-102.90298,29.27923],[-102.89929,29.26909],[-102.90638,29.26008],[-102.90307,29.25434],[-102.89663,29.25411],[-102.88782,29.2458],[-102.88028,29.24607],[-102.87175,29.24178],[-102.87172,29.23172],[-102.86676,29.22774],[-102.86747,29.22388],[-102.87882,29.21363],[-102.8951,29.20852],[-102.89949,29.20946],[-102.90865,29.21966],[-102.91232,29.21942],[-102.91608,29.21574],[-102.91273,29.20673],[-102.9142,29.20014],[-102.91894,29.19903],[-102.91782,29.19089],[-102.93251,29.19474],[-102.93827,29.1882],[-102.94338,29.19141],[-102.95089,29.17362],[-102.97553,29.1863],[-102.98999,29.18347],[-102.99562,29.17929],[-102.99812,29.17377],[-102.99627,29.16022],[-103.00251,29.14996],[-103.00811,29.14838],[-103.0088,29.13757],[-103.01565,29.13399],[-103.01209,29.12619],[-103.02047,29.12563],[-103.02759,29.11602],[-103.03701,29.1129],[-103.03211,29.10683],[-103.03388,29.10097],[-103.04543,29.09543],[-103.05425,29.1008],[-103.06418,29.09148],[-103.06999,29.09371],[-103.07582,29.09154],[-103.08018,29.08744],[-103.07702,29.07602],[-103.08742,29.06711],[-103.0859,29.05374],[-103.09054,29.0541],[-103.09239,29.0647],[-103.10063,29.06032],[-103.10044,29.05138],[-103.10651,29.03818],[-103.09799,29.02626],[-103.1015,29.0181],[-103.10848,29.01333],[-103.11719,29.00048],[-103.11381,28.9886],[-103.11681,28.98442],[-103.13455,28.98375],[-103.1539,28.97161],[-103.16393,28.9722],[-103.17032,28.98042],[-103.17628,28.9778],[-103.18084,28.9824],[-103.20241,28.98719],[-103.21478,28.98773],[-103.21985,28.98332],[-103.22789,28.99186],[-103.23763,28.98186],[-103.25042,28.98043],[-103.25339,28.98702],[-103.26733,28.99607],[-103.27139,28.98536],[-103.27934,28.977],[-103.28699,28.97817],[-103.2883,28.98138],[-103.28301,28.98297],[-103.28155,28.9877],[-103.28694,29.00127],[-103.30166,29.00843],[-103.30866,29.00343],[-103.31616,29.01069],[-103.30863,29.01786],[-103.30766,29.02454],[-103.31434,29.02606],[-103.32636,29.01631],[-103.33875,29.02028],[-103.34201,29.02844],[-103.33611,29.0274],[-103.32725,29.03272],[-103.33061,29.04322],[-103.34433,29.04595],[-103.3535,29.02289],[-103.3596,29.01864],[-103.3746,29.0237],[-103.38296,29.02451],[-103.3865,29.02165],[-103.38864,29.03397],[-103.40105,29.03106],[-103.40508,29.03958],[-103.41541,29.03788],[-103.419,29.04232],[-103.4321,29.04336],[-103.42889,29.04945],[-103.43371,29.0522],[-103.43422,29.05729],[-103.44108,29.0579],[-103.44967,29.06509],[-103.44993,29.07271],[-103.46169,29.0726],[-103.45968,29.06705],[-103.47135,29.06673],[-103.47393,29.07032],[-103.46994,29.08532],[-103.4762,29.08781],[-103.47649,29.09167],[-103.48341,29.0935],[-103.49364,29.10795],[-103.49876,29.10854],[-103.50038,29.1162],[-103.50588,29.11605],[-103.51285,29.12126],[-103.52385,29.12125],[-103.52483,29.13712],[-103.53981,29.14622],[-103.55021,29.14364],[-103.55297,29.14866],[-103.55037,29.15551],[-103.55369,29.158],[-103.57368,29.15382],[-103.58001,29.14952],[-103.59224,29.15007],[-103.61223,29.16537],[-103.62838,29.16307],[-103.63366,29.15858],[-103.64074,29.16114],[-103.65059,29.15648],[-103.65129,29.16198],[-103.65962,29.17057],[-103.68857,29.17857],[-103.69816,29.17747],[-103.70516,29.18497],[-103.71296,29.18522],[-103.71856,29.18083],[-103.72495,29.19199],[-103.74255,29.20901],[-103.74225,29.22169],[-103.75736,29.22067],[-103.75426,29.22689],[-103.75855,29.23294],[-103.76839,29.22758],[-103.76971,29.22022],[-103.77715,29.22051],[-103.78203,29.22726],[-103.78168,29.24128],[-103.77625,29.24347],[-103.77507,29.24795],[-103.78363,29.26532],[-103.78861,29.26538],[-103.79936,29.25844],[-103.80637,29.26109],[-103.80917,29.26594],[-103.80761,29.27016],[-103.81352,29.27403],[-103.82621,29.2692],[-103.83549,29.27269],[-103.83764,29.27825],[-103.85431,29.28147],[-103.86318,29.2792],[-103.88012,29.28515],[-103.88449,29.2847],[-103.88939,29.27882],[-103.89929,29.28741],[-103.91889,29.28484],[-103.91829,29.28982],[-103.92572,29.29437],[-103.93701,29.29271],[-103.96765,29.30003],[-103.97581,29.29625],[-104.0375,29.31971],[-104.05517,29.33044],[-104.0561,29.33773],[-104.07353,29.34656],[-104.08226,29.34606],[-104.09091,29.35353],[-104.09002,29.35922],[-104.09775,29.36164],[-104.0982,29.36655],[-104.10658,29.37331],[-104.12132,29.37142],[-104.12294,29.38031],[-104.12945,29.37859],[-104.13492,29.38422],[-104.14116,29.37782],[-104.14334,29.38827],[-104.14837,29.3851],[-104.1552,29.39457],[-104.16038,29.38983],[-104.16744,29.39474],[-104.16477,29.40152],[-104.17036,29.40265],[-104.16967,29.40816],[-104.17944,29.4104],[-104.18389,29.4172],[-104.18107,29.42646],[-104.19292,29.43527],[-104.19414,29.44168],[-104.21008,29.44884],[-104.2177,29.45656],[-104.21243,29.46493],[-104.21004,29.48224],[-104.21553,29.48476],[-104.2307,29.47867],[-104.23713,29.49756],[-104.25429,29.50671],[-104.26066,29.50667],[-104.26217,29.5135],[-104.29193,29.51946],[-104.29679,29.52413],[-104.31148,29.5232],[-104.31095,29.52879],[-104.31548,29.53275],[-104.3209,29.52954],[-104.32149,29.52186],[-104.3382,29.52018],[-104.37042,29.54314],[-104.38156,29.54337],[-104.39427,29.55518],[-104.39892,29.5719],[-104.45203,29.60353],[-104.45637,29.60873],[-104.46655,29.60922],[-104.4654,29.61821],[-104.4734,29.61789],[-104.47599,29.62798],[-104.48614,29.62866],[-104.48718,29.63369],[-104.49493,29.63383],[-104.498,29.63969],[-104.50692,29.63701],[-104.50563,29.63404],[-104.50846,29.6327],[-104.51589,29.64096],[-104.50988,29.64421],[-104.5176,29.64739],[-104.51658,29.65242],[-104.52468,29.65924],[-104.5254,29.66784],[-104.5312,29.67077],[-104.53557,29.66655],[-104.53586,29.67435],[-104.5441,29.68069],[-104.53021,29.69046],[-104.54383,29.6963],[-104.54625,29.709],[-104.54391,29.71119],[-104.54753,29.71425],[-104.54488,29.7161],[-104.55229,29.71734],[-104.54916,29.72018],[-104.55245,29.72371],[-104.54933,29.73057],[-104.56043,29.73519],[-104.55893,29.73806],[-104.55033,29.73801],[-104.54985,29.74089],[-104.56994,29.7526],[-104.56961,29.75709],[-104.56388,29.76128],[-104.56852,29.76618],[-104.56593,29.77147],[-104.57047,29.77834],[-104.57892,29.78283],[-104.58151,29.79511],[-104.59091,29.79811],[-104.58601,29.80204],[-104.59135,29.80981],[-104.59493,29.80533],[-104.60117,29.81618],[-104.61008,29.81936],[-104.60849,29.82795],[-104.61964,29.83022],[-104.62026,29.83308],[-104.61394,29.83394],[-104.60944,29.83975],[-104.61537,29.84657],[-104.61949,29.84172],[-104.62475,29.84278],[-104.62158,29.84956],[-104.62927,29.8522],[-104.63342,29.87076],[-104.64611,29.87854],[-104.64652,29.88354],[-104.65264,29.88894],[-104.65166,29.89238],[-104.65585,29.88921],[-104.65826,29.8908],[-104.65901,29.90119],[-104.65509,29.9054],[-104.6623,29.90539],[-104.66182,29.90219],[-104.66559,29.90171],[-104.66561,29.90888],[-104.67717,29.91304],[-104.6785,29.92662],[-104.68327,29.92911],[-104.6793,29.93288],[-104.68263,29.93538],[-104.68232,29.93969],[-104.67895,29.93813],[-104.67779,29.94043],[-104.68073,29.94733],[-104.67817,29.95169],[-104.67429,29.95079],[-104.67318,29.95497],[-104.68525,29.95673],[-104.68185,29.96907],[-104.6855,29.97084],[-104.68015,29.977],[-104.68764,29.97392],[-104.69313,29.97553],[-104.68574,29.98714],[-104.68567,29.99045],[-104.69318,29.99353],[-104.68753,29.99567],[-104.6888,30.00223],[-104.6941,30.00252],[-104.68955,30.0151],[-104.70382,30.02342],[-104.7009,30.03564],[-104.69567,30.03766],[-104.70726,30.04987],[-104.70221,30.06019],[-104.70366,30.0642],[-104.69103,30.0705],[-104.69316,30.07401],[-104.68799,30.07377],[-104.6866,30.07658],[-104.69077,30.07802],[-104.68497,30.0853],[-104.6873,30.0875],[-104.68922,30.08538],[-104.68987,30.08934],[-104.68554,30.09321],[-104.68507,30.09985],[-104.68895,30.09526],[-104.6944,30.10198],[-104.69174,30.10872],[-104.68713,30.10587],[-104.68547,30.11003],[-104.69157,30.11122],[-104.68995,30.11702],[-104.69508,30.11781],[-104.69671,30.13446],[-104.6919,30.13885],[-104.68907,30.13772],[-104.68963,30.14094],[-104.68531,30.14473],[-104.68933,30.14563],[-104.69011,30.14923],[-104.68689,30.15214],[-104.68956,30.15427],[-104.68633,30.17328],[-104.68708,30.17934],[-104.69714,30.19157],[-104.70033,30.2053],[-104.70507,30.20838],[-104.70248,30.21278],[-104.71127,30.22308],[-104.70625,30.23481],[-104.71319,30.23763],[-104.73372,30.2614],[-104.7375,30.26129],[-104.73664,30.2559],[-104.75071,30.26223],[-104.75159,30.26442],[-104.74958,30.26697],[-104.74786,30.27316],[-104.74859,30.27441],[-104.75077,30.27154],[-104.7511,30.27388],[-104.75472,30.27174],[-104.75718,30.27434],[-104.75848,30.27139],[-104.76318,30.27484],[-104.75814,30.28641],[-104.76129,30.30061],[-104.76669,30.306],[-104.77932,30.30327],[-104.77681,30.3103],[-104.78849,30.31789],[-104.7914,30.32552],[-104.79744,30.33044],[-104.81158,30.33281],[-104.81,30.34151],[-104.82258,30.35062],[-104.81413,30.35369],[-104.81099,30.36247],[-104.81136,30.3667],[-104.81967,30.36872],[-104.81642,30.37519],[-104.83744,30.37385],[-104.8593,30.39025],[-104.85428,30.40037],[-104.85718,30.40887],[-104.84768,30.4138],[-104.84783,30.41978],[-104.84942,30.42155],[-104.85215,30.41874],[-104.86131,30.42612],[-104.85833,30.43764],[-104.86805,30.44141],[-104.86444,30.45055],[-104.86964,30.4592],[-104.86588,30.46689],[-104.87167,30.48034],[-104.86717,30.48507],[-104.86663,30.4945],[-104.87392,30.49526],[-104.87195,30.51109],[-104.87372,30.51374],[-104.87704,30.5112],[-104.87926,30.51781],[-104.8857,30.51827],[-104.88102,30.52098],[-104.88588,30.52452],[-104.88141,30.52396],[-104.88056,30.52893],[-104.88927,30.53538],[-104.89079,30.54101],[-104.8877,30.54673],[-104.89025,30.54604],[-104.8929,30.55292],[-104.89795,30.55455],[-104.89584,30.56227],[-104.89884,30.57047],[-104.90689,30.57716],[-104.90955,30.58514],[-104.91993,30.58728],[-104.91855,30.59704],[-104.92268,30.60369],[-104.92652,30.60521],[-104.93098,30.59907],[-104.93842,30.60363],[-104.95082,30.60405],[-104.95503,30.60936],[-104.97166,30.61001],[-104.98021,30.62195],[-104.9795,30.6286],[-104.9839,30.63502],[-104.98611,30.66277],[-105.00154,30.6727],[-105.00204,30.68088],[-105.00658,30.68606],[-105.0132,30.68256],[-105.01788,30.68509],[-105.02733,30.67888],[-105.04082,30.68894],[-105.04716,30.68807],[-105.04568,30.67992],[-105.05531,30.68216],[-105.0567,30.68786],[-105.06176,30.68585],[-105.06255,30.6985],[-105.06688,30.69926],[-105.06823,30.7037],[-105.08094,30.69985],[-105.08023,30.70772],[-105.08746,30.70988],[-105.08761,30.71549],[-105.09818,30.71648],[-105.09962,30.72195],[-105.10555,30.72381],[-105.10337,30.72913],[-105.11182,30.73326],[-105.11094,30.74355],[-105.11393,30.74598],[-105.12044,30.74385],[-105.1183,30.74973],[-105.12766,30.74785],[-105.14377,30.75521],[-105.15198,30.75146],[-105.15685,30.75397],[-105.16139,30.75213],[-105.15619,30.76977],[-105.16281,30.77072],[-105.16708,30.77659],[-105.17399,30.76753],[-105.1766,30.76797],[-105.1849,30.77696],[-105.186,30.78455],[-105.19074,30.7857],[-105.19519,30.7923],[-105.20909,30.78265],[-105.21674,30.78338],[-105.22005,30.7889],[-105.2096,30.79763],[-105.21502,30.80589],[-105.22744,30.79919],[-105.23002,30.80383],[-105.23818,30.80366],[-105.25716,30.79435],[-105.26415,30.80034],[-105.26684,30.80848],[-105.2758,30.807],[-105.2794,30.8157],[-105.28795,30.81788],[-105.29179,30.82619],[-105.30014,30.82477],[-105.30615,30.80984],[-105.30947,30.817],[-105.31675,30.81082],[-105.31925,30.81224],[-105.31613,30.81855],[-105.31857,30.82828],[-105.3295,30.82504],[-105.32801,30.83134],[-105.33714,30.83344],[-105.3392,30.84039],[-105.34579,30.84055],[-105.35188,30.83556],[-105.35444,30.83778],[-105.35318,30.84202],[-105.36159,30.85055],[-105.37021,30.84749],[-105.37763,30.84881],[-105.37707,30.85126],[-105.3847,30.8505],[-105.38732,30.85373],[-105.39462,30.84902],[-105.39984,30.85208],[-105.40164,30.85466],[-105.39495,30.85976],[-105.39497,30.87123],[-105.39133,30.87383],[-105.40427,30.87958],[-105.39913,30.88428],[-105.40028,30.88951],[-105.40383,30.89211],[-105.41218,30.88862],[-105.41053,30.89204],[-105.41369,30.8995],[-105.4257,30.90039],[-105.43,30.90557],[-105.4414,30.90857],[-105.44636,30.91927],[-105.45319,30.91615],[-105.45157,30.9248],[-105.46676,30.92423],[-105.4709,30.93376],[-105.47599,30.93392],[-105.48192,30.94091],[-105.49167,30.94244],[-105.48811,30.94366],[-105.49883,30.95031],[-105.49391,30.95631],[-105.50204,30.9678],[-105.5158,30.96489],[-105.52194,30.97647],[-105.53259,30.98467],[-105.54329,30.98468],[-105.55785,30.99041],[-105.57006,31.00813],[-105.56924,31.01609],[-105.57754,31.01973],[-105.58123,31.0267],[-105.57949,31.03575],[-105.58509,31.05729],[-105.59571,31.06489],[-105.60438,31.08369],[-105.6271,31.0984],[-105.64183,31.09833],[-105.64875,31.11586],[-105.71062,31.13702],[-105.71694,31.14129],[-105.71941,31.14903],[-105.74231,31.16482],[-105.773,31.16679],[-105.78315,31.19802],[-105.79436,31.20241],[-105.83662,31.24806],[-105.86941,31.28904],[-105.87611,31.29169],[-105.89392,31.29062],[-105.90739,31.31226],[-105.93138,31.31275],[-105.93813,31.31821],[-105.94791,31.33981],[-105.94564,31.35254],[-105.95392,31.36488],[-105.97046,31.36617],[-106.00523,31.39262],[-106.08056,31.39865],[-106.10778,31.42238],[-106.13247,31.42501],[-106.15742,31.43771],[-106.17511,31.45528],[-106.20664,31.46625],[-106.2194,31.48096],[-106.22516,31.50154],[-106.2372,31.51374],[-106.24648,31.54161],[-106.28087,31.56232],[-106.28906,31.5878],[-106.30237,31.60992],[-106.30335,31.62217],[-106.33415,31.66293],[-106.3491,31.69603],[-106.37231,31.71245],[-106.38,31.73113],[-106.41532,31.75075],[-106.43502,31.75507],[-106.45206,31.76452],[-106.46689,31.75961],[-106.47353,31.75032],[-106.49116,31.7493],[-106.51017,31.76135],[-106.51363,31.77068],[-106.52852,31.78143],[-106.5274,31.79001],[-106.54714,31.8073],[-106.56647,31.81343],[-106.57724,31.81041],[-106.58906,31.82271],[-106.60281,31.82502],[-106.6053,31.82772],[-106.6017,31.84437],[-106.61479,31.84641],[-106.63592,31.86623],[-106.62919,31.8837],[-106.64565,31.89565],[-106.64006,31.90527],[-106.61286,31.92037],[-106.62393,31.92533],[-106.62865,31.92361],[-106.62974,31.92657],[-106.62253,31.93486],[-106.62366,31.94551],[-106.61432,31.95162],[-106.61437,31.95599],[-106.62512,31.95453],[-106.6243,31.96106],[-106.61937,31.96478],[-106.61957,31.97158],[-106.6301,31.97126],[-106.63954,31.98034],[-106.63119,31.98981],[-106.61945,31.99473],[-106.61849,32.0005],[-106.0829,32.00265],[-104.84774,32.00041],[-104.77211,31.99749],[-104.75479,31.99777],[-104.75456,32.00053],[-104.7505,32.00054],[-103.06451,32.00042],[-103.06463,32.9999],[-103.04365,34.00364],[-103.04172,36.50036],[-103.00229,36.50089],[-103.00233,37.00015],[-102.81507,36.99977],[-102.69814,36.99515],[-102.04209,36.99302],[-100.10789,37.00231],[-98.30047,36.99768],[-94.61796,36.99891],[-94.61786,36.49943],[-90.15231,36.49798],[-90.15345,36.49305],[-90.16007,36.49438],[-90.15615,36.4891],[-90.1601,36.4875],[-90.15721,36.48431],[-90.15954,36.48024],[-90.14418,36.4762],[-90.14239,36.4714],[-90.14566,36.46905],[-90.15299,36.47077],[-90.15541,36.46379],[-90.1505,36.46546],[-90.14503,36.46285],[-90.14301,36.46796],[-90.14096,36.45854],[-90.13395,36.45378],[-90.13727,36.45019],[-90.13426,36.43645],[-90.1389,36.43511],[-90.13795,36.43156],[-90.14301,36.43095],[-90.14431,36.42602],[-90.1393,36.42132],[-90.1344,36.42288],[-90.1385,36.41373],[-90.1274,36.41674],[-90.12874,36.41145],[-90.11889,36.41251],[-90.1185,36.40943],[-90.11365,36.40956],[-90.1156,36.40582],[-90.11083,36.40774],[-90.11032,36.40416],[-90.10434,36.40543],[-90.10155,36.40197],[-90.09843,36.40401],[-90.08152,36.4011],[-90.07419,36.39299],[-90.07054,36.39352],[-90.069,36.38823],[-90.06585,36.38745],[-90.06813,36.38515],[-90.0635,36.38408],[-90.06674,36.37801],[-90.06278,36.37716],[-90.06347,36.36708],[-90.06804,36.35654],[-90.07803,36.34929],[-90.07419,36.34337],[-90.07832,36.33771],[-90.07546,36.33434],[-90.08238,36.322],[-90.06949,36.31325],[-90.06419,36.3025],[-90.0715,36.29321],[-90.07901,36.28987],[-90.07572,36.28105],[-90.08353,36.27212],[-90.0963,36.2713],[-90.11707,36.26349],[-90.11837,36.25327],[-90.124,36.24314],[-90.13088,36.24137],[-90.1248,36.23526],[-90.12626,36.22921],[-90.13241,36.22643],[-90.14185,36.22765],[-90.14572,36.22085],[-90.14902,36.22179],[-90.15572,36.21382],[-90.16947,36.21412],[-90.17763,36.20727],[-90.18813,36.20546],[-90.19646,36.19637],[-90.20024,36.19646],[-90.20441,36.18686],[-90.21136,36.1831],[-90.22035,36.18454],[-90.22961,36.17316],[-90.23121,36.16376],[-90.23535,36.15954],[-90.23123,36.15359],[-90.23544,36.1394],[-90.24556,36.13619],[-90.25327,36.12731],[-90.26086,36.12726],[-90.27298,36.11681],[-90.29306,36.11443],[-90.30018,36.09772],[-90.31961,36.08957],[-90.31824,36.07613],[-90.32062,36.07132],[-90.33334,36.06748],[-90.33687,36.04724],[-90.34821,36.04157],[-90.34828,36.03505],[-90.35428,36.03032],[-90.35178,36.02506],[-90.3779,35.99574],[-89.73306,36.00081],[-89.72292,35.98906],[-89.72319,35.97416],[-89.7185,35.96312],[-89.65403,35.93018],[-89.6465,35.92374],[-89.641,35.90699],[-89.64359,35.88974],[-89.65401,35.87886],[-89.66908,35.87451],[-89.67638,35.8767],[-89.71635,35.90706],[-89.73055,35.9117],[-89.74455,35.9107],[-89.76868,35.88882],[-89.77362,35.87571],[-89.7729,35.86563],[-89.76211,35.85717],[-89.69553,35.83567],[-89.69398,35.82521],[-89.69864,35.81871],[-89.72868,35.8026],[-89.76539,35.81121],[-89.78166,35.80523],[-89.79957,35.78833],[-89.79692,35.78137],[-89.79942,35.75811],[-89.82545,35.74519],[-89.84419,35.74309],[-89.85035,35.74649],[-89.85236,35.75543],[-89.86306,35.75713],[-89.89284,35.75059],[-89.90746,35.75929],[-89.93792,35.74417],[-89.94129,35.73808],[-89.95761,35.72765],[-89.95584,35.6904],[-89.93021,35.66135],[-89.91929,35.6553],[-89.89892,35.6509],[-89.8853,35.65474],[-89.87645,35.66673],[-89.8617,35.67034],[-89.85215,35.66027],[-89.85113,35.64745],[-89.85857,35.63318],[-89.89213,35.61572],[-89.91128,35.61759],[-89.94692,35.60081],[-89.95757,35.58853],[-89.95447,35.57619],[-89.9421,35.557],[-89.91068,35.54745],[-89.91336,35.53594],[-89.90512,35.53651],[-89.90213,35.52812],[-89.90893,35.51424],[-89.92654,35.51161],[-89.95875,35.52384],[-89.95564,35.53408],[-89.95809,35.54123],[-89.98967,35.56022],[-89.99944,35.56119],[-90.02564,35.55609],[-90.03968,35.54772],[-90.04955,35.52025],[-90.04824,35.50385],[-90.03618,35.48373],[-90.01981,35.47328],[-90.01253,35.46367],[-90.0058,35.45023],[-90.00267,35.42999],[-90.02119,35.42023],[-90.04809,35.41174],[-90.05678,35.40386],[-90.04156,35.39662],[-90.05432,35.38928],[-90.06953,35.40813],[-90.06202,35.41518],[-90.07062,35.4235],[-90.0741,35.43414],[-90.06724,35.46095],[-90.06827,35.46707],[-90.07901,35.47687],[-90.10112,35.47807],[-90.10784,35.47684],[-90.11903,35.46804],[-90.12944,35.44212],[-90.16888,35.42188],[-90.17934,35.38531],[-90.16528,35.37398],[-90.13568,35.3767],[-90.14384,35.38835],[-90.14614,35.39979],[-90.14197,35.40834],[-90.13223,35.41366],[-90.11311,35.4106],[-90.07916,35.38247],[-90.07826,35.37493],[-90.09536,35.35069],[-90.10997,35.30499],[-90.12357,35.30445],[-90.13865,35.29901],[-90.14959,35.30313],[-90.15733,35.30149],[-90.1641,35.29551],[-90.16892,35.27971],[-90.15972,35.26399],[-90.14886,35.25427],[-90.13819,35.25231],[-90.10841,35.25528],[-90.09109,35.245],[-90.07545,35.22018],[-90.07584,35.21309],[-90.08026,35.20851],[-90.0888,35.2122],[-90.0968,35.19478],[-90.10807,35.19916],[-90.1159,35.19874],[-90.11719,35.1883],[-90.10814,35.18157],[-90.10068,35.17058],[-90.06824,35.15567],[-90.06452,35.14897],[-90.06621,35.13922],[-90.07566,35.12854],[-90.09191,35.11946],[-90.10531,35.11964],[-90.13867,35.13152],[-90.15599,35.12762],[-90.1679,35.12113],[-90.17405,35.11428],[-90.18779,35.07322],[-90.17931,35.0678],[-90.18116,35.05394],[-90.207,35.02585],[-90.23783,35.0323],[-90.2518,35.03161],[-90.26554,35.04058],[-90.29033,35.04162],[-90.29661,35.03867],[-90.31018,35.00696],[-90.30782,34.9929],[-90.29516,34.97563],[-90.26831,34.95738],[-90.24518,34.9479],[-90.24133,34.91903],[-90.24647,34.90339],[-90.25786,34.89339],[-90.31774,34.87106],[-90.31505,34.86406],[-90.30578,34.86167],[-90.30288,34.85753],[-90.30849,34.84549],[-90.32242,34.84612],[-90.33845,34.85852],[-90.36226,34.84276],[-90.38939,34.83067],[-90.41164,34.82606],[-90.43873,34.82525],[-90.44969,34.83992],[-90.42941,34.86641],[-90.43656,34.88273],[-90.44966,34.88976],[-90.46227,34.89174],[-90.48091,34.88159],[-90.48469,34.87285],[-90.4835,34.86046],[-90.45538,34.82079],[-90.47037,34.81155],[-90.47658,34.794],[-90.45179,34.75423],[-90.44817,34.7401],[-90.4602,34.72951],[-90.48333,34.72222],[-90.5,34.72167],[-90.51667,34.72722],[-90.52417,34.73139],[-90.50972,34.74778],[-90.49415,34.75757],[-90.49278,34.7725],[-90.51139,34.79],[-90.51111,34.79829],[-90.51389,34.8],[-90.53333,34.8],[-90.54417,34.79167],[-90.54778,34.78333],[-90.53979,34.7543],[-90.54556,34.73889],[-90.55833,34.73917],[-90.56667,34.735],[-90.57194,34.71278],[-90.55944,34.71083],[-90.5425,34.7],[-90.52956,34.69583],[-90.51667,34.69555],[-90.47417,34.70528],[-90.46618,34.69911],[-90.46288,34.6838],[-90.47086,34.66768],[-90.50604,34.63824],[-90.51944,34.62992],[-90.53421,34.62746],[-90.54654,34.63102],[-90.55488,34.64517],[-90.55263,34.65933],[-90.54009,34.67643],[-90.54193,34.68386],[-90.55623,34.69358],[-90.5701,34.69343],[-90.56841,34.66888],[-90.58317,34.65196],[-90.59159,34.62101],[-90.57376,34.59213],[-90.54936,34.56925],[-90.53962,34.55392],[-90.54408,34.53774],[-90.57932,34.51803],[-90.59266,34.49058],[-90.59371,34.48135],[-90.58738,34.45483],[-90.57769,34.43245],[-90.58623,34.40917],[-90.6096,34.39159],[-90.64091,34.38886],[-90.65714,34.3774],[-90.65535,34.37184],[-90.66685,34.35577],[-90.65749,34.32223],[-90.66151,34.31521],[-90.66934,34.31309],[-90.686,34.31577],[-90.69313,34.32257],[-90.6915,34.33864],[-90.6815,34.3526],[-90.6763,34.37126],[-90.7158,34.36033],[-90.74964,34.36815],[-90.76439,34.36368],[-90.76977,34.35691],[-90.76869,34.34778],[-90.7364,34.31207],[-90.73802,34.28928],[-90.75293,34.27461],[-90.76562,34.26951],[-90.81674,34.28065],[-90.83177,34.27694],[-90.84054,34.23803],[-90.83813,34.22],[-90.84715,34.20613],[-90.85641,34.21132],[-90.8768,34.21439],[-90.89228,34.22289],[-90.89958,34.22895],[-90.90633,34.24438],[-90.92292,34.24654],[-90.93555,34.23785],[-90.93454,34.21785],[-90.90821,34.19207],[-90.88675,34.1825],[-90.85441,34.18683],[-90.81749,34.1832],[-90.80946,34.17774],[-90.80722,34.16371],[-90.82259,34.14405],[-90.84528,34.13689],[-90.86458,34.14055],[-90.89445,34.16106],[-90.90996,34.16551],[-90.95864,34.13548],[-90.96104,34.13051],[-90.9586,34.12244],[-90.94564,34.10797],[-90.91886,34.09284],[-90.89273,34.09787],[-90.88313,34.09673],[-90.87282,34.0879],[-90.87112,34.08025],[-90.888,34.05494],[-90.88652,34.03773],[-90.894,34.02621],[-90.91951,34.02135],[-90.96462,34.0268],[-90.98818,34.01921],[-90.97989,33.9979],[-90.97091,33.99178],[-90.96141,33.97925],[-90.96617,33.96466],[-90.9832,33.96017],[-90.99895,33.9656],[-91.01895,34.00323],[-91.03633,33.99405],[-91.04667,33.99243],[-91.0731,34.00862],[-91.08242,34.00913],[-91.08639,34.00613],[-91.09066,33.98873],[-91.08969,33.9645],[-91.08646,33.9578],[-91.01913,33.94208],[-91.01025,33.93217],[-91.01317,33.92311],[-91.03302,33.89982],[-91.07131,33.87081],[-91.07321,33.86094],[-91.06938,33.84331],[-91.04908,33.81603],[-91.03193,33.80779],[-91.00047,33.79948],[-90.99157,33.7923],[-90.98881,33.78308],[-90.99227,33.77545],[-90.99981,33.76933],[-91.01937,33.76412],[-91.02902,33.76575],[-91.05339,33.77828],[-91.10866,33.77167],[-91.12344,33.78195],[-91.13306,33.78332],[-91.14489,33.76834],[-91.14101,33.7581],[-91.14881,33.73136],[-91.12977,33.71204],[-91.11764,33.7053],[-91.09641,33.7058],[-91.06877,33.71611],[-91.05917,33.71452],[-91.04516,33.70466],[-91.03606,33.68941],[-91.03033,33.68772],[-91.03194,33.67697],[-91.04089,33.66986],[-91.05876,33.66655],[-91.07978,33.65804],[-91.09135,33.65776],[-91.1309,33.67493],[-91.16037,33.7066],[-91.17247,33.70217],[-91.21543,33.69906],[-91.22627,33.69125],[-91.23068,33.68008],[-91.22802,33.66964],[-91.21672,33.65882],[-91.17916,33.65254],[-91.15253,33.63808],[-91.13646,33.62577],[-91.12873,33.6092],[-91.13451,33.59267],[-91.16275,33.57107],[-91.17995,33.56721],[-91.22162,33.56862],[-91.2299,33.56616],[-91.23406,33.56141],[-91.23241,33.55126],[-91.21884,33.52938],[-91.18542,33.50753],[-91.18249,33.49983],[-91.19676,33.48689],[-91.20748,33.46951],[-91.23169,33.45686],[-91.23554,33.43924],[-91.20647,33.43392],[-91.17717,33.44394],[-91.16947,33.45294],[-91.17724,33.48592],[-91.16892,33.49821],[-91.15112,33.49291],[-91.13088,33.48055],[-91.12192,33.46891],[-91.11705,33.45498],[-91.11877,33.44649],[-91.13275,33.42962],[-91.1753,33.41713],[-91.20004,33.41806],[-91.2082,33.40986],[-91.20803,33.40173],[-91.17251,33.38123],[-91.14296,33.37969],[-91.11676,33.39106],[-91.09972,33.40696],[-91.09523,33.41802],[-91.09646,33.43794],[-91.08703,33.45129],[-91.06913,33.45567],[-91.05811,33.44691],[-91.05814,33.42901],[-91.0647,33.41816],[-91.07871,33.40345],[-91.10317,33.38558],[-91.12076,33.36335],[-91.14222,33.34899],[-91.14138,33.29882],[-91.12551,33.28015],[-91.12806,33.26856],[-91.11766,33.26119],[-91.10579,33.24153],[-91.09852,33.23869],[-91.08559,33.27503],[-91.07805,33.28363],[-91.06648,33.28722],[-91.05518,33.28631],[-91.04754,33.28215],[-91.04386,33.27578],[-91.05051,33.25124],[-91.06563,33.23316],[-91.06948,33.23253],[-91.0708,33.2274],[-91.07842,33.22725],[-91.08259,33.22183],[-91.10026,33.21943],[-91.0804,33.18009],[-91.08104,33.15783],[-91.08602,33.13628],[-91.1027,33.13037],[-91.13394,33.12913],[-91.15047,33.13088],[-91.16311,33.14219],[-91.18322,33.1418],[-91.19239,33.13728],[-91.20181,33.12404],[-91.19992,33.10675],[-91.18162,33.09882],[-91.17292,33.08855],[-91.15022,33.08213],[-91.12503,33.06464],[-91.12067,33.0577],[-91.12763,33.03496],[-91.16076,33.02081],[-91.16618,33.01132],[-91.16607,33.00411]]]}},{"type":"Feature","properties":{"std_name":"Mountain Division","std_geoid":"8","pen":"statisticians","std_note":null},"geometry":{"type":"Polygon","coordinates":[[[-103.06463,32.9999],[-103.06451,32.00042],[-104.7505,32.00054],[-104.75456,32.00053],[-104.75479,31.99777],[-104.77211,31.99749],[-104.84774,32.00041],[-106.0829,32.00265],[-106.61849,32.0005],[-106.61945,31.99473],[-106.63119,31.98981],[-106.63954,31.98034],[-106.6301,31.97126],[-106.61957,31.97158],[-106.61937,31.96478],[-106.6243,31.96106],[-106.62512,31.95453],[-106.61437,31.95599],[-106.61432,31.95162],[-106.62366,31.94551],[-106.62253,31.93486],[-106.62974,31.92657],[-106.62865,31.92361],[-106.62393,31.92533],[-106.61286,31.92037],[-106.63367,31.90979],[-106.64548,31.89867],[-106.6453,31.89486],[-106.62919,31.8837],[-106.63592,31.86623],[-106.61479,31.84641],[-106.6017,31.84437],[-106.6053,31.82772],[-106.60281,31.82502],[-106.58906,31.82271],[-106.57724,31.81041],[-106.56647,31.81343],[-106.54714,31.8073],[-106.5274,31.79001],[-106.52794,31.78389],[-108.20848,31.7837],[-108.20847,31.33337],[-111.07498,31.33234],[-112.23805,31.70138],[-113.15533,31.98251],[-114.08692,32.27355],[-114.81369,32.49407],[-114.81239,32.50034],[-114.81616,32.50829],[-114.80748,32.50889],[-114.802,32.51362],[-114.81022,32.51831],[-114.81317,32.5245],[-114.80198,32.53632],[-114.80568,32.54633],[-114.79393,32.55199],[-114.79141,32.55646],[-114.79281,32.56952],[-114.80649,32.55924],[-114.81393,32.56221],[-114.81292,32.56885],[-114.80155,32.57641],[-114.80395,32.58199],[-114.7994,32.59262],[-114.80175,32.59936],[-114.80783,32.60322],[-114.80844,32.61943],[-114.79975,32.62529],[-114.79171,32.62197],[-114.78272,32.62434],[-114.78058,32.63215],[-114.76378,32.6434],[-114.76455,32.64983],[-114.7486,32.66304],[-114.7445,32.67847],[-114.73179,32.69544],[-114.72975,32.70471],[-114.72211,32.71367],[-114.71452,32.73039],[-114.70294,32.74479],[-114.68823,32.73753],[-114.6174,32.72826],[-114.61511,32.73452],[-114.58178,32.73495],[-114.58174,32.74232],[-114.56451,32.74227],[-114.56445,32.74955],[-114.53922,32.74981],[-114.53909,32.75695],[-114.52686,32.75709],[-114.53243,32.77692],[-114.52963,32.79548],[-114.51033,32.81649],[-114.49412,32.82329],[-114.46897,32.84515],[-114.46293,32.90794],[-114.46445,32.91313],[-114.47664,32.92363],[-114.48092,32.93628],[-114.46854,32.95392],[-114.46838,32.97075],[-114.47539,32.97516],[-114.48862,32.96995],[-114.49294,32.97178],[-114.4998,33.00391],[-114.51134,33.02345],[-114.52358,33.03096],[-114.57165,33.03662],[-114.57829,33.03538],[-114.58978,33.02623],[-114.61879,33.0272],[-114.62829,33.03105],[-114.63955,33.04529],[-114.64598,33.0489],[-114.65783,33.03382],[-114.66232,33.03267],[-114.67366,33.0419],[-114.6743,33.05717],[-114.68699,33.07097],[-114.68902,33.08404],[-114.70649,33.08816],[-114.7079,33.09743],[-114.70368,33.11377],[-114.69691,33.13112],[-114.6874,33.14198],[-114.67995,33.15906],[-114.68089,33.16907],[-114.67536,33.18549],[-114.67875,33.20345],[-114.67363,33.22312],[-114.68954,33.24643],[-114.67209,33.2585],[-114.68051,33.27358],[-114.72167,33.28698],[-114.73122,33.30243],[-114.72362,33.31211],[-114.70787,33.32332],[-114.70094,33.33701],[-114.69804,33.35244],[-114.70731,33.38254],[-114.72425,33.40042],[-114.72528,33.40505],[-114.72007,33.40789],[-114.70179,33.40838],[-114.69566,33.41513],[-114.68795,33.41793],[-114.67369,33.41916],[-114.65673,33.41281],[-114.6433,33.41675],[-114.62964,33.42814],[-114.62228,33.44756],[-114.62292,33.45656],[-114.60169,33.4814],[-114.59237,33.49867],[-114.58047,33.50646],[-114.56953,33.50922],[-114.56096,33.51674],[-114.5589,33.53182],[-114.52421,33.55307],[-114.53678,33.57096],[-114.54062,33.59141],[-114.52184,33.61254],[-114.53122,33.62391],[-114.53103,33.62821],[-114.5238,33.6347],[-114.53319,33.65166],[-114.51834,33.65593],[-114.51406,33.66018],[-114.53027,33.66682],[-114.53152,33.67511],[-114.52396,33.68588],[-114.49649,33.6969],[-114.4942,33.70792],[-114.49657,33.71916],[-114.51235,33.73421],[-114.50448,33.751],[-114.50486,33.76047],[-114.52805,33.81496],[-114.51997,33.82538],[-114.5296,33.84806],[-114.52988,33.85756],[-114.52429,33.86013],[-114.51467,33.85864],[-114.50302,33.868],[-114.50434,33.87688],[-114.52277,33.89258],[-114.52587,33.90101],[-114.51372,33.89796],[-114.50792,33.90381],[-114.51843,33.91752],[-114.53495,33.9257],[-114.53548,33.93465],[-114.522,33.95562],[-114.49988,33.96179],[-114.46793,33.99288],[-114.45926,33.99471],[-114.45918,34.00002],[-114.46731,34.00519],[-114.46587,34.01099],[-114.45021,34.01257],[-114.43827,34.02261],[-114.43495,34.03778],[-114.43934,34.05789],[-114.43418,34.08738],[-114.41591,34.10764],[-114.40592,34.11147],[-114.39056,34.11008],[-114.36652,34.11858],[-114.35303,34.13312],[-114.32078,34.13864],[-114.28729,34.17053],[-114.25703,34.17284],[-114.22971,34.18693],[-114.22494,34.1939],[-114.22519,34.20364],[-114.17805,34.23997],[-114.1746,34.2473],[-114.16612,34.25001],[-114.16465,34.2597],[-114.13545,34.25789],[-114.13121,34.26273],[-114.13667,34.27438],[-114.13828,34.30323],[-114.15721,34.31786],[-114.17691,34.34931],[-114.19948,34.36137],[-114.22611,34.36592],[-114.23427,34.37666],[-114.26432,34.40133],[-114.28866,34.40662],[-114.29484,34.42139],[-114.31225,34.43273],[-114.32613,34.43725],[-114.33537,34.45004],[-114.37372,34.44694],[-114.3867,34.45791],[-114.3817,34.47604],[-114.38236,34.49576],[-114.37812,34.50729],[-114.38084,34.52972],[-114.40523,34.56964],[-114.42238,34.58071],[-114.43681,34.59607],[-114.42534,34.60084],[-114.4242,34.61045],[-114.43874,34.62145],[-114.44146,34.64253],[-114.45798,34.65711],[-114.45051,34.66684],[-114.46525,34.6912],[-114.47048,34.71137],[-114.48751,34.71663],[-114.49202,34.7257],[-114.51662,34.73674],[-114.52962,34.75082],[-114.55268,34.76687],[-114.57101,34.79429],[-114.57645,34.8153],[-114.58684,34.83567],[-114.60065,34.84736],[-114.62394,34.85974],[-114.63438,34.87289],[-114.63672,34.88911],[-114.63088,34.90726],[-114.63325,34.92461],[-114.62977,34.94304],[-114.63524,34.96515],[-114.62913,34.98613],[-114.63349,35.00186],[-115.25972,35.50354],[-116.09417,36.15626],[-116.87425,36.75208],[-117.50012,37.22038],[-117.87593,37.49727],[-118.7142,38.10211],[-119.45382,38.62243],[-120.00101,38.99957],[-120.00647,39.27288],[-120.00082,39.60683],[-119.99571,40.37583],[-119.99988,40.99989],[-119.99923,41.99494],[-119.81004,41.99744],[-118.70789,41.99208],[-118.22319,41.99725],[-117.0262,41.99989],[-117.02683,43.73367],[-117.02663,43.80811],[-117.02155,43.8194],[-117.03258,43.83018],[-117.02516,43.84133],[-117.01158,43.84105],[-117.0107,43.84975],[-117.02012,43.85396],[-117.02003,43.85896],[-116.98294,43.86771],[-116.98386,43.88079],[-116.97603,43.89555],[-116.98114,43.91369],[-116.96153,43.91839],[-116.95933,43.92932],[-116.96914,43.93886],[-116.96048,43.9551],[-116.97243,43.95799],[-116.95921,43.96636],[-116.97088,43.9683],[-116.97604,43.97506],[-116.96641,43.9773],[-116.96083,43.98282],[-116.94002,43.98445],[-116.9353,43.98862],[-116.94494,44.00278],[-116.93686,44.0105],[-116.93613,44.02714],[-116.942,44.0346],[-116.95668,44.04415],[-116.97319,44.04942],[-116.97735,44.08536],[-116.9672,44.09094],[-116.94313,44.09406],[-116.9337,44.10004],[-116.9283,44.10733],[-116.92856,44.11516],[-116.91424,44.1273],[-116.91122,44.13999],[-116.90241,44.14517],[-116.8942,44.16232],[-116.89576,44.17127],[-116.90275,44.17947],[-116.91574,44.18315],[-116.92539,44.19154],[-116.93544,44.19396],[-116.94759,44.19126],[-116.97168,44.19726],[-116.9737,44.20802],[-116.97025,44.22084],[-116.97395,44.22593],[-116.97196,44.23568],[-116.97598,44.24287],[-117.03186,44.24864],[-117.04228,44.24278],[-117.04615,44.23067],[-117.05143,44.22875],[-117.06728,44.24401],[-117.0895,44.25823],[-117.09457,44.27098],[-117.10421,44.27994],[-117.11986,44.27827],[-117.13677,44.26039],[-117.14622,44.25803],[-117.17034,44.25889],[-117.19815,44.27383],[-117.21697,44.28836],[-117.22274,44.29833],[-117.2168,44.30824],[-117.20332,44.31302],[-117.18977,44.33658],[-117.19734,44.34741],[-117.23512,44.37385],[-117.24287,44.39556],[-117.22726,44.40524],[-117.21507,44.42716],[-117.21525,44.45215],[-117.22537,44.47548],[-117.22508,44.48235],[-117.20894,44.48566],[-117.20024,44.49203],[-117.18976,44.51338],[-117.18158,44.52296],[-117.16103,44.52517],[-117.14924,44.53615],[-117.14416,44.54565],[-117.14293,44.55724],[-117.14826,44.56437],[-117.12475,44.58383],[-117.12052,44.61466],[-117.11475,44.62488],[-117.10823,44.62711],[-117.09822,44.64069],[-117.09497,44.65201],[-117.09587,44.66474],[-117.0808,44.67377],[-117.07912,44.69217],[-117.0618,44.70665],[-117.06227,44.72714],[-117.05021,44.73257],[-117.04782,44.74153],[-117.03827,44.74818],[-117.02,44.75102],[-117.0138,44.75684],[-116.9989,44.75638],[-116.9709,44.77388],[-116.9347,44.78388],[-116.9307,44.78988],[-116.9338,44.79678],[-116.9311,44.80478],[-116.9221,44.81188],[-116.90577,44.83479],[-116.90015,44.83667],[-116.89625,44.84833],[-116.89862,44.85374],[-116.88775,44.8558],[-116.87714,44.86605],[-116.86534,44.8706],[-116.85243,44.88758],[-116.84889,44.90072],[-116.83199,44.93301],[-116.85098,44.96156],[-116.83645,44.96924],[-116.82627,44.98249],[-116.83974,44.98306],[-116.84857,44.97172],[-116.85798,44.97732],[-116.85675,44.9843],[-116.84462,45.00144],[-116.84794,45.0226],[-116.84131,45.03091],[-116.82513,45.03784],[-116.79733,45.06027],[-116.78371,45.07697],[-116.78354,45.0936],[-116.77485,45.10554],[-116.75464,45.11397],[-116.75284,45.12177],[-116.74686,45.12422],[-116.74554,45.13304],[-116.72961,45.14209],[-116.7242,45.1715],[-116.70954,45.20302],[-116.70975,45.21724],[-116.70411,45.22815],[-116.7037,45.2401],[-116.69876,45.24518],[-116.69139,45.26374],[-116.67449,45.27635],[-116.67216,45.28894],[-116.67379,45.32151],[-116.63234,45.37741],[-116.62338,45.39396],[-116.59745,45.41277],[-116.58819,45.44292],[-116.56397,45.46023],[-116.55483,45.46293],[-116.55881,45.48119],[-116.55309,45.49621],[-116.55746,45.50417],[-116.54384,45.51419],[-116.53548,45.52508],[-116.53173,45.53668],[-116.52344,45.54656],[-116.52832,45.55151],[-116.52074,45.5562],[-116.50697,45.55843],[-116.50276,45.56661],[-116.48242,45.57745],[-116.48267,45.58596],[-116.46472,45.60096],[-116.46326,45.61093],[-116.46424,45.61706],[-116.47288,45.62488],[-116.4721,45.6292],[-116.48281,45.63359],[-116.4825,45.63992],[-116.48773,45.64396],[-116.48882,45.6508],[-116.52396,45.67764],[-116.5354,45.69173],[-116.5382,45.71616],[-116.5357,45.73423],[-116.54809,45.75236],[-116.55944,45.75519],[-116.59421,45.77908],[-116.63203,45.78498],[-116.64634,45.77981],[-116.66527,45.78206],[-116.68082,45.79439],[-116.69719,45.82014],[-116.70975,45.82573],[-116.73578,45.82636],[-116.75979,45.81617],[-116.78214,45.82512],[-116.78907,45.83347],[-116.78779,45.84427],[-116.79646,45.86122],[-116.8049,45.86581],[-116.81592,45.879],[-116.84355,45.89227],[-116.8598,45.90726],[-116.86965,45.9238],[-116.87598,45.95477],[-116.8913,45.96033],[-116.89491,45.96892],[-116.89361,45.97758],[-116.91147,45.98905],[-116.91892,45.99871],[-116.92172,46.01594],[-116.92994,46.02365],[-116.92982,46.03568],[-116.94028,46.04669],[-116.94279,46.06112],[-116.95787,46.07546],[-116.97682,46.07904],[-116.98195,46.08485],[-116.98247,46.09193],[-116.97885,46.09585],[-116.95542,46.10186],[-116.94985,46.12449],[-116.93473,46.13729],[-116.93499,46.15353],[-116.92316,46.16036],[-116.92234,46.16877],[-116.93596,46.17523],[-116.94143,46.18468],[-116.96538,46.20312],[-116.96631,46.2092],[-116.95548,46.23098],[-116.9678,46.25847],[-116.9912,46.27696],[-116.9853,46.28919],[-116.98622,46.29595],[-116.99085,46.30023],[-117.00738,46.30524],[-117.02058,46.31479],[-117.0243,46.33628],[-117.03348,46.34124],[-117.05665,46.34581],[-117.06279,46.35361],[-117.06278,46.36518],[-117.04689,46.37962],[-117.03463,46.41784],[-117.03977,46.42589],[-117.04231,47.96229],[-117.03518,48.37088],[-117.03235,48.9992],[-114.36192,49.00111],[-113.69477,48.9975],[-111.57569,48.99668],[-109.42062,49.00043],[-104.04869,48.9999],[-104.0455,48.15738],[-104.04142,47.86268],[-104.04575,47.26165],[-104.04683,46.01751],[-104.0426,45.74994],[-104.03969,44.99807],[-104.05788,44.99761],[-104.05258,42.65019],[-104.05325,41.00141],[-102.05166,41.00177],[-102.05167,39.84769],[-102.04535,38.8569],[-102.04209,36.99302],[-102.69814,36.99515],[-102.81507,36.99977],[-103.00233,37.00015],[-103.00229,36.50089],[-103.04172,36.50036],[-103.04365,34.00364],[-103.06463,32.9999]]]}},{"type":"Feature","properties":{"std_name":"Pacific Division","std_geoid":"9","pen":"statisticians","std_note":null},"geometry":{"type":"MultiPolygon","coordinates":[[[[-170.68245,25.52064],[-170.6729,25.53766],[-170.65675,25.55044],[-170.636,25.55674],[-170.61496,25.55548],[-170.59653,25.54762],[-170.58202,25.53368],[-170.57425,25.51631],[-170.57446,25.49518],[-170.58438,25.4758],[-170.60077,25.4626],[-170.62128,25.45622],[-170.64209,25.45719],[-170.6622,25.46583],[-170.67703,25.48108],[-170.68413,25.49994],[-170.68245,25.52064]]],[[[-171.76812,25.83368],[-171.75,25.83794],[-171.75,25.83347],[-171.71062,25.83321],[-171.68828,25.82377],[-171.67663,25.81091],[-171.66936,25.79391],[-171.66792,25.78122],[-171.67768,25.75],[-171.67407,25.75],[-171.68686,25.72788],[-171.69985,25.71686],[-171.71843,25.7095],[-171.73749,25.70653],[-171.75,25.70919],[-171.77015,25.7182],[-171.79703,25.74054],[-171.80963,25.78135],[-171.80646,25.79336],[-171.78698,25.8223],[-171.76812,25.83368]]],[[[-174.04962,26.11658],[-174.03111,26.12907],[-174.00711,26.13705],[-173.98143,26.13322],[-173.95792,26.13569],[-173.9361,26.125],[-173.9389,26.125],[-173.92909,26.12014],[-173.91857,26.10974],[-173.90383,26.06676],[-173.90336,26.06006],[-173.91314,26.036],[-173.92597,26.01963],[-173.94276,26.01071],[-173.96492,26.00664],[-174.0,25.99288],[-174.0,25.99021],[-174.02721,25.99328],[-174.03754,26.0],[-174.04311,26.0],[-174.05918,26.02072],[-174.06746,26.05248],[-174.05912,26.09415],[-174.04962,26.11658]]],[[[-176.02502,27.82158],[-176.0,27.83534],[-176.0,27.83053],[-175.99069,27.83258],[-175.97456,27.83025],[-175.9243,27.81371],[-175.92103,27.82144],[-175.95576,27.83306],[-175.97816,27.84798],[-175.98887,27.8619],[-175.99066,27.875],[-175.99375,27.875],[-175.99214,27.8895],[-175.98144,27.91322],[-175.96633,27.92991],[-175.93565,27.94058],[-175.875,27.97591],[-175.875,27.9733],[-175.80673,28.00719],[-175.76968,28.00747],[-175.73493,28.0],[-175.70435,27.98274],[-175.68153,27.95856],[-175.67013,27.9416],[-175.66479,27.91442],[-175.66559,27.875],[-175.67662,27.84677],[-175.72616,27.75],[-175.73413,27.73886],[-175.74612,27.73272],[-175.80294,27.72349],[-175.81752,27.72297],[-175.84505,27.72846],[-175.875,27.70841],[-175.89519,27.69921],[-175.93949,27.68823],[-175.9696,27.6934],[-176.0,27.70931],[-176.0,27.71609],[-176.02493,27.73804],[-176.03963,27.75824],[-176.04259,27.79807],[-176.02502,27.82158]]],[[[-178.3939,28.5],[-178.38643,28.5],[-178.375,28.51008],[-178.36063,28.51382],[-178.34054,28.51727],[-178.31512,28.51633],[-178.29152,28.50721],[-178.28107,28.5],[-178.28883,28.5],[-178.25704,28.47653],[-178.23847,28.45615],[-178.23222,28.42733],[-178.2305,28.3977],[-178.23707,28.375],[-178.23302,28.375],[-178.25,28.34715],[-178.25,28.34942],[-178.27026,28.33589],[-178.28889,28.32881],[-178.3014,28.32834],[-178.375,28.33754],[-178.375,28.33536],[-178.39561,28.3419],[-178.41148,28.36066],[-178.41588,28.38009],[-178.44049,28.40517],[-178.44359,28.41899],[-178.43834,28.44409],[-178.42758,28.4661],[-178.3939,28.5]]],[[[-179.17375,51.34304],[-179.1309,51.35376],[-179.1076,51.35368],[-179.10673,51.36518],[-179.09324,51.39094],[-179.07755,51.39901],[-179.04987,51.42845],[-179.00504,51.45266],[-178.97785,51.45744],[-178.91391,51.44422],[-178.86309,51.41902],[-178.83522,51.39082],[-178.82402,51.35808],[-178.83281,51.3236],[-178.85649,51.30491],[-178.88789,51.29385],[-178.89958,51.29338],[-178.90806,51.2818],[-178.91951,51.27468],[-178.95796,51.25912],[-178.97887,51.25525],[-178.97738,51.25297],[-178.99506,51.2351],[-179.02419,51.20983],[-179.0736,51.17904],[-179.13694,51.17509],[-179.18382,51.18378],[-179.20789,51.20272],[-179.22056,51.22799],[-179.23109,51.26753],[-179.22569,51.29927],[-179.21656,51.31143],[-179.19648,51.32982],[-179.17375,51.34304]]],[[[-178.35998,51.53748],[-178.33276,51.53839],[-178.32213,51.53533],[-178.31061,51.54053],[-178.27896,51.54199],[-178.23862,51.5299],[-178.20227,51.50391],[-178.18762,51.48224],[-178.19097,51.45646],[-178.19841,51.44366],[-178.21813,51.4315],[-178.24865,51.42318],[-178.27895,51.41988],[-178.30434,51.42135],[-178.33182,51.43082],[-178.35408,51.42969],[-178.38741,51.43682],[-178.4157,51.45542],[-178.43088,51.47659],[-178.43118,51.48913],[-178.42294,51.509],[-178.40515,51.52239],[-178.35998,51.53748]]],[[[-179.08423,51.64231],[-179.05603,51.64598],[-179.02005,51.6393],[-179.00082,51.63171],[-178.95461,51.59853],[-178.94861,51.58731],[-178.94417,51.59606],[-178.9341,51.60481],[-178.89076,51.62854],[-178.84458,51.63763],[-178.82752,51.63542],[-178.78498,51.61937],[-178.7683,51.61662],[-178.75232,51.63598],[-178.72589,51.65267],[-178.66012,51.66589],[-178.6343,51.66649],[-178.59298,51.65623],[-178.57811,51.65949],[-178.55931,51.65801],[-178.53981,51.65234],[-178.50447,51.63354],[-178.4899,51.63367],[-178.45221,51.62101],[-178.43612,51.60972],[-178.42968,51.60081],[-178.42168,51.58729],[-178.42238,51.57432],[-178.42668,51.56181],[-178.44062,51.55087],[-178.45616,51.5434],[-178.50125,51.53272],[-178.51769,51.52063],[-178.55019,51.50849],[-178.57446,51.50754],[-178.59656,51.51084],[-178.63642,51.5248],[-178.66527,51.51802],[-178.67305,51.50977],[-178.69081,51.50075],[-178.73308,51.49075],[-178.77483,51.49045],[-178.80019,51.48587],[-178.83642,51.49205],[-178.85504,51.50103],[-178.8689,51.51311],[-178.87607,51.51199],[-178.88816,51.51625],[-178.92561,51.53809],[-178.95031,51.56481],[-178.96153,51.5468],[-178.99012,51.52608],[-179.05412,51.51141],[-179.08675,51.51026],[-179.12725,51.52343],[-179.14111,51.53804],[-179.14889,51.55424],[-179.15051,51.56649],[-179.14987,51.59537],[-179.14124,51.60957],[-179.124,51.62627],[-179.11334,51.6324],[-179.08423,51.64231]]],[[[-178.91532,51.85809],[-178.89036,51.87311],[-178.8451,51.88795],[-178.78653,51.88789],[-178.76833,51.88414],[-178.70565,51.85873],[-178.69033,51.84954],[-178.66972,51.82558],[-178.65861,51.80714],[-178.64665,51.7994],[-178.6468,51.79031],[-178.66349,51.74737],[-178.7009,51.71655],[-178.7494,51.70016],[-178.79619,51.6934],[-178.8159,51.6936],[-178.84108,51.69826],[-178.85317,51.70385],[-178.88036,51.72151],[-178.9151,51.73714],[-178.94174,51.75336],[-178.95423,51.76842],[-178.95728,51.78081],[-178.93955,51.83361],[-178.91532,51.85809]]],[[[-177.54292,51.93514],[-177.49364,51.97464],[-177.45955,51.98289],[-177.42219,51.97645],[-177.37437,51.96262],[-177.35621,51.95036],[-177.33927,51.92716],[-177.33258,51.90078],[-177.33633,51.88899],[-177.36194,51.86429],[-177.40323,51.84724],[-177.43954,51.84036],[-177.46896,51.83987],[-177.48673,51.84366],[-177.53257,51.873],[-177.54917,51.89542],[-177.55198,51.90816],[-177.54967,51.92423],[-177.54292,51.93514]]],[[[-178.29885,51.90371],[-178.24738,51.95017],[-178.22844,51.95688],[-178.10724,51.97651],[-178.08688,51.97545],[-178.06496,51.96478],[-178.05035,51.97049],[-178.03243,51.97266],[-178.00744,51.96979],[-178.00225,51.96568],[-177.98174,51.97076],[-177.947,51.97132],[-177.91325,51.96437],[-177.88993,51.95258],[-177.87067,51.93578],[-177.86553,51.92578],[-177.84671,51.92249],[-177.8345,51.91408],[-177.82681,51.89642],[-177.81193,51.89078],[-177.77343,51.89572],[-177.73543,51.88842],[-177.70394,51.89718],[-177.66167,51.90223],[-177.63771,51.90096],[-177.61491,51.90501],[-177.57707,51.9012],[-177.55754,51.89189],[-177.53837,51.87314],[-177.53486,51.86596],[-177.53309,51.84236],[-177.53592,51.83657],[-177.54201,51.83319],[-177.53827,51.82094],[-177.55386,51.80055],[-177.5643,51.79599],[-177.54846,51.79264],[-177.54205,51.78828],[-177.51532,51.79198],[-177.48871,51.80488],[-177.4457,51.80949],[-177.42364,51.82867],[-177.40622,51.83624],[-177.36373,51.83805],[-177.34164,51.83226],[-177.32449,51.8321],[-177.3089,51.8368],[-177.2983,51.85622],[-177.28289,51.86308],[-177.28436,51.91316],[-177.27561,51.94332],[-177.26746,51.95964],[-177.24893,51.97348],[-177.20621,51.99312],[-177.16806,51.99952],[-177.09646,51.99015],[-177.03988,51.97489],[-177.0169,51.96504],[-177.00419,51.95062],[-176.98369,51.94028],[-176.97005,51.92451],[-176.96724,51.88947],[-176.97524,51.87614],[-176.97099,51.86112],[-176.95482,51.87474],[-176.9387,51.88276],[-176.91887,51.88214],[-176.9102,51.88964],[-176.89741,51.90702],[-176.87553,51.95968],[-176.84782,51.99552],[-176.82701,52.00914],[-176.80247,52.01668],[-176.73863,52.02081],[-176.69149,52.01773],[-176.68187,52.02858],[-176.66192,52.0401],[-176.60128,52.05657],[-176.54119,52.05089],[-176.51006,52.03937],[-176.48848,52.02605],[-176.48149,52.0182],[-176.46956,51.98123],[-176.47291,51.96357],[-176.45283,51.94402],[-176.44895,51.93332],[-176.44785,51.92119],[-176.45277,51.90794],[-176.42914,51.91536],[-176.36566,51.91844],[-176.3399,51.91627],[-176.32599,51.92238],[-176.26931,51.91897],[-176.24287,51.92675],[-176.25198,51.94833],[-176.25296,51.95799],[-176.24713,51.96534],[-176.26554,51.98733],[-176.26748,52.00545],[-176.27991,52.02341],[-176.28108,52.04337],[-176.29142,52.05336],[-176.29313,52.06543],[-176.28538,52.09409],[-176.22444,52.15313],[-176.16913,52.16958],[-176.14838,52.17147],[-176.11615,52.16522],[-176.09314,52.16456],[-176.0806,52.15905],[-176.03989,52.16221],[-175.99192,52.14968],[-175.97709,52.14129],[-175.9672,52.12674],[-175.96686,52.12143],[-175.93533,52.10492],[-175.93008,52.09959],[-175.92777,52.09108],[-175.8952,52.09694],[-175.85366,52.09653],[-175.83029,52.0854],[-175.812,52.04796],[-175.80646,52.04368],[-175.79534,52.04501],[-175.77824,52.04013],[-175.73933,52.02131],[-175.71321,52.02631],[-175.68644,52.0233],[-175.67759,52.01931],[-175.64768,52.02216],[-175.63608,52.01752],[-175.61148,52.01822],[-175.59888,52.01254],[-175.57232,52.01454],[-175.54914,52.00989],[-175.5177,52.02839],[-175.47036,52.04284],[-175.44122,52.04313],[-175.41243,52.03599],[-175.40182,52.04973],[-175.38433,52.0633],[-175.36446,52.07205],[-175.34102,52.07751],[-175.32668,52.07584],[-175.29662,52.08883],[-175.27315,52.09215],[-175.23163,52.0902],[-175.22108,52.09658],[-175.1931,52.10437],[-175.15513,52.10946],[-175.10237,52.10863],[-175.08393,52.12569],[-175.05943,52.13662],[-174.99322,52.13642],[-174.96454,52.15433],[-174.92524,52.16392],[-174.86609,52.16564],[-174.85373,52.16217],[-174.84985,52.15544],[-174.82712,52.15982],[-174.79663,52.15348],[-174.79471,52.15022],[-174.75982,52.16716],[-174.73156,52.17145],[-174.71856,52.19013],[-174.69613,52.20937],[-174.66851,52.22521],[-174.61776,52.23338],[-174.589,52.22873],[-174.55349,52.2595],[-174.52459,52.26763],[-174.4944,52.26534],[-174.51781,52.2845],[-174.53765,52.31704],[-174.53689,52.32887],[-174.52487,52.34817],[-174.49471,52.36696],[-174.46883,52.37295],[-174.4107,52.37644],[-174.40639,52.3908],[-174.39077,52.40992],[-174.37582,52.42178],[-174.35573,52.42647],[-174.32885,52.45071],[-174.31274,52.45672],[-174.2662,52.4583],[-174.245,52.45485],[-174.18642,52.47167],[-174.15786,52.47303],[-174.11059,52.46833],[-174.079,52.4536],[-174.06575,52.44566],[-174.0654,52.44265],[-174.05553,52.44382],[-174.03087,52.43939],[-173.99541,52.42432],[-173.98723,52.41863],[-173.98595,52.41212],[-173.96425,52.40724],[-173.94023,52.39626],[-173.92292,52.37807],[-173.91816,52.36291],[-173.92179,52.34746],[-173.90833,52.3323],[-173.90284,52.31924],[-173.90464,52.29367],[-173.92178,52.26784],[-173.9556,52.23997],[-173.96466,52.22396],[-173.9805,52.21163],[-173.99048,52.18315],[-173.98132,52.18083],[-173.9364,52.18457],[-173.89859,52.19902],[-173.87182,52.2029],[-173.8406,52.20133],[-173.78507,52.18556],[-173.73211,52.18326],[-173.60168,52.21254],[-173.58733,52.21223],[-173.56514,52.20367],[-173.50631,52.21315],[-173.47899,52.20711],[-173.45571,52.19169],[-173.44077,52.16877],[-173.34298,52.16653],[-173.30977,52.15501],[-173.28316,52.16127],[-173.25716,52.16135],[-173.22407,52.15568],[-173.17782,52.16182],[-173.15152,52.1616],[-172.94368,52.14659],[-172.92518,52.15522],[-172.89487,52.15551],[-172.86664,52.14894],[-172.8425,52.13636],[-172.8288,52.12344],[-172.81992,52.10498],[-172.82578,52.0901],[-172.83923,52.07157],[-172.86688,52.05641],[-172.87653,52.05595],[-172.8847,52.04336],[-172.90259,52.03197],[-172.92306,52.02417],[-172.94976,52.01916],[-172.97604,52.02028],[-173.00328,52.02799],[-173.04876,52.02243],[-173.07,52.026],[-173.08027,52.01859],[-173.07812,51.99346],[-173.08517,51.97494],[-173.10323,51.95948],[-173.12926,51.95052],[-173.15126,51.94715],[-173.17607,51.94889],[-173.20357,51.96033],[-173.22487,51.97461],[-173.23717,51.98835],[-173.23887,52.00868],[-173.24318,52.00941],[-173.25582,52.00531],[-173.30453,52.00543],[-173.30993,51.99901],[-173.34423,51.9834],[-173.35668,51.98083],[-173.39315,51.9797],[-173.42787,51.98488],[-173.44799,51.97819],[-173.48732,51.97119],[-173.5186,51.97166],[-173.53069,51.9765],[-173.55144,51.97673],[-173.58492,51.98247],[-173.6071,51.99239],[-173.61742,52.00096],[-173.63787,52.00367],[-173.64501,52.00106],[-173.68019,52.00088],[-173.71004,52.00685],[-173.73488,51.99889],[-173.77367,52.00289],[-173.77653,51.99858],[-173.81523,51.98982],[-173.85396,51.99127],[-173.87936,51.99875],[-173.93516,52.00445],[-173.97069,52.01424],[-174.00217,52.02875],[-174.02638,52.04722],[-174.04228,52.04995],[-174.04987,52.05525],[-174.07662,52.04897],[-174.11211,52.04645],[-174.12426,52.04856],[-174.15099,52.04322],[-174.18114,52.04739],[-174.25033,52.03933],[-174.27716,52.04541],[-174.31398,52.03623],[-174.31576,52.02387],[-174.32333,52.01017],[-174.33593,52.00033],[-174.3504,51.98034],[-174.37857,51.96853],[-174.42306,51.96185],[-174.4425,51.96388],[-174.48089,51.95251],[-174.55066,51.96138],[-174.57556,51.96879],[-174.59428,51.97842],[-174.63145,51.96872],[-174.64606,51.96922],[-174.68794,51.95753],[-174.74507,51.95565],[-174.8058,51.97299],[-174.83248,51.97272],[-174.86126,51.98006],[-174.86931,51.98911],[-174.93331,51.9753],[-174.9515,51.96673],[-175.00033,51.9545],[-175.02932,51.95146],[-175.04071,51.9541],[-175.05636,51.94817],[-175.10016,51.94904],[-175.16446,51.95784],[-175.20389,51.9552],[-175.2371,51.96153],[-175.25626,51.96142],[-175.27589,51.95469],[-175.30686,51.95235],[-175.34872,51.96259],[-175.37284,51.94652],[-175.40998,51.93019],[-175.43095,51.92774],[-175.44624,51.9306],[-175.46995,51.92181],[-175.49873,51.92156],[-175.51308,51.92681],[-175.52568,51.91536],[-175.58538,51.90491],[-175.61525,51.9043],[-175.63593,51.91118],[-175.6451,51.90792],[-175.6556,51.89769],[-175.69216,51.88585],[-175.71194,51.87322],[-175.75256,51.86384],[-175.79065,51.86254],[-175.80594,51.86647],[-175.79864,51.83909],[-175.81463,51.81528],[-175.82711,51.80545],[-175.84976,51.7955],[-175.88198,51.79392],[-175.91304,51.80036],[-175.91473,51.79262],[-175.9266,51.77604],[-175.94204,51.76473],[-175.96472,51.75543],[-176.00264,51.74846],[-176.0187,51.7493],[-176.04184,51.75586],[-176.05835,51.74471],[-176.07876,51.73907],[-176.0906,51.74092],[-176.11557,51.72673],[-176.13321,51.72164],[-176.16302,51.71999],[-176.18973,51.72425],[-176.21134,51.73315],[-176.22998,51.71132],[-176.25519,51.69538],[-176.33896,51.67874],[-176.36875,51.67887],[-176.40314,51.68392],[-176.44794,51.67419],[-176.45655,51.67643],[-176.47711,51.66771],[-176.49307,51.65575],[-176.51526,51.64781],[-176.53977,51.64845],[-176.57828,51.62236],[-176.60153,51.61172],[-176.62476,51.60491],[-176.65124,51.60392],[-176.66296,51.59411],[-176.69873,51.57844],[-176.7345,51.57418],[-176.74732,51.57774],[-176.8014,51.55942],[-176.82972,51.55879],[-176.84876,51.56302],[-176.86215,51.57041],[-176.86701,51.56359],[-176.89399,51.54683],[-176.91789,51.53848],[-176.94279,51.53708],[-176.96962,51.53899],[-176.99803,51.54548],[-177.04256,51.5661],[-177.05886,51.57847],[-177.06866,51.5928],[-177.06876,51.6097],[-177.07433,51.62092],[-177.07272,51.64241],[-177.06533,51.64894],[-177.06375,51.66466],[-177.04544,51.69071],[-177.03394,51.70399],[-177.01267,51.71454],[-176.9903,51.73401],[-176.97022,51.7437],[-176.96837,51.74811],[-176.9943,51.76224],[-177.00144,51.77373],[-177.00416,51.78779],[-177.00147,51.80271],[-176.98304,51.82577],[-176.98368,51.83381],[-176.99705,51.82255],[-177.02443,51.80959],[-177.04028,51.80771],[-177.0345,51.79671],[-177.03608,51.78181],[-177.02833,51.77431],[-177.02762,51.76706],[-177.03635,51.74629],[-177.03409,51.73275],[-177.04685,51.71295],[-177.05972,51.69737],[-177.06527,51.69551],[-177.06757,51.68758],[-177.07999,51.67424],[-177.09799,51.66334],[-177.12686,51.65338],[-177.16302,51.65277],[-177.18366,51.64859],[-177.22864,51.63204],[-177.2811,51.62762],[-177.30435,51.6309],[-177.31763,51.63605],[-177.35029,51.63505],[-177.37229,51.64158],[-177.40298,51.67039],[-177.41993,51.66251],[-177.45203,51.64021],[-177.481,51.63217],[-177.51286,51.63193],[-177.53865,51.63737],[-177.54138,51.64118],[-177.55379,51.63978],[-177.56273,51.62293],[-177.58116,51.61327],[-177.60243,51.60701],[-177.65769,51.59867],[-177.69967,51.60232],[-177.72771,51.61097],[-177.75027,51.62772],[-177.75195,51.63736],[-177.7834,51.64787],[-177.8104,51.63306],[-177.82491,51.63106],[-177.8187,51.61875],[-177.82049,51.58443],[-177.83053,51.57005],[-177.84381,51.55856],[-177.87827,51.54333],[-177.89936,51.54023],[-177.92826,51.5419],[-177.97129,51.5524],[-178.00212,51.56695],[-178.01082,51.57583],[-178.0269,51.5742],[-178.05071,51.57992],[-178.08343,51.59513],[-178.09023,51.60375],[-178.13177,51.60992],[-178.15097,51.61656],[-178.18937,51.63368],[-178.19557,51.6414],[-178.2032,51.66133],[-178.20598,51.67935],[-178.20372,51.69252],[-178.19225,51.70386],[-178.19234,51.72086],[-178.18453,51.73221],[-178.16448,51.74689],[-178.13205,51.75786],[-178.1603,51.7789],[-178.23349,51.8019],[-178.25605,51.81203],[-178.29765,51.84524],[-178.30705,51.85845],[-178.30948,51.87107],[-178.30779,51.88162],[-178.29885,51.90371]]],[[[-175.53279,52.23661],[-175.49205,52.23758],[-175.45646,52.22748],[-175.41907,52.20548],[-175.41071,52.19678],[-175.40374,52.182],[-175.40427,52.17164],[-175.43701,52.13281],[-175.47248,52.11314],[-175.51236,52.10738],[-175.56126,52.12258],[-175.59865,52.14669],[-175.60912,52.16741],[-175.60976,52.18301],[-175.60402,52.19869],[-175.5793,52.22025],[-175.5533,52.23116],[-175.53279,52.23661]]],[[[-175.11221,52.2791],[-175.0707,52.26293],[-175.05358,52.25131],[-175.03653,52.22902],[-175.03633,52.21764],[-175.06419,52.18611],[-175.10233,52.16801],[-175.15254,52.16299],[-175.17653,52.17066],[-175.20531,52.19124],[-175.22299,52.22061],[-175.22482,52.23297],[-175.20465,52.25912],[-175.17511,52.27157],[-175.14358,52.27823],[-175.11221,52.2791]]],[[[-172.68035,52.33234],[-172.63324,52.38787],[-172.60608,52.39941],[-172.54772,52.413],[-172.50754,52.42936],[-172.46488,52.44092],[-172.44831,52.4431],[-172.4271,52.44022],[-172.41761,52.44412],[-172.3993,52.4445],[-172.35602,52.43329],[-172.33237,52.41992],[-172.29654,52.41387],[-172.24966,52.39345],[-172.23129,52.37993],[-172.22433,52.36943],[-172.22356,52.3592],[-172.2263,52.35491],[-172.21053,52.32712],[-172.21071,52.31627],[-172.22844,52.29619],[-172.25017,52.28408],[-172.26604,52.28183],[-172.28771,52.26565],[-172.335,52.2523],[-172.35481,52.23832],[-172.37792,52.22836],[-172.40767,52.22449],[-172.4272,52.22542],[-172.45006,52.21733],[-172.47493,52.21509],[-172.49421,52.20412],[-172.5106,52.19995],[-172.54439,52.19805],[-172.576,52.2022],[-172.61617,52.1991],[-172.6523,52.20626],[-172.65953,52.21113],[-172.67601,52.21058],[-172.68871,52.21672],[-172.70751,52.23423],[-172.71834,52.25311],[-172.72069,52.26437],[-172.7126,52.2763],[-172.71728,52.28151],[-172.71435,52.29476],[-172.70129,52.31463],[-172.68035,52.33234]]],[[[-171.31242,52.57075],[-171.28047,52.5798],[-171.24856,52.58086],[-171.20594,52.62493],[-171.17916,52.63866],[-171.15919,52.6401],[-171.10984,52.63632],[-171.06974,52.62706],[-171.03836,52.61435],[-171.02243,52.60372],[-171.01882,52.58579],[-171.03356,52.54852],[-171.04952,52.53104],[-171.0646,52.52125],[-171.10201,52.5083],[-171.11184,52.50756],[-171.11486,52.48277],[-171.12405,52.46441],[-171.1365,52.44567],[-171.15862,52.42543],[-171.20626,52.39889],[-171.22662,52.3937],[-171.26431,52.39123],[-171.29431,52.39313],[-171.35835,52.41255],[-171.37726,52.43138],[-171.39372,52.46813],[-171.39296,52.4912],[-171.38707,52.51482],[-171.37443,52.53712],[-171.34407,52.55597],[-171.31242,52.57075]]],[[[-170.88891,52.64927],[-170.86545,52.66906],[-170.83414,52.68428],[-170.81875,52.68848],[-170.80472,52.70146],[-170.77039,52.72109],[-170.73205,52.72978],[-170.68045,52.74959],[-170.6304,52.75159],[-170.56411,52.7422],[-170.54324,52.73189],[-170.52632,52.72921],[-170.50831,52.72116],[-170.48099,52.69041],[-170.47471,52.6738],[-170.47278,52.64349],[-170.4754,52.6366],[-170.49368,52.61894],[-170.50919,52.59774],[-170.53613,52.57385],[-170.57568,52.55487],[-170.65201,52.54062],[-170.67443,52.53988],[-170.73823,52.50011],[-170.76383,52.48981],[-170.79377,52.4871],[-170.82832,52.49193],[-170.84843,52.50517],[-170.88759,52.51383],[-170.91292,52.53029],[-170.92739,52.54989],[-170.92351,52.57499],[-170.91271,52.5912],[-170.90319,52.62241],[-170.88891,52.64927]]],[[[-170.24702,52.77888],[-170.2226,52.81064],[-170.20676,52.82276],[-170.18641,52.83052],[-170.15279,52.83582],[-170.19013,52.86283],[-170.19969,52.88009],[-170.20338,52.89765],[-170.19859,52.91643],[-170.17689,52.93514],[-170.11652,52.96313],[-170.08658,52.97121],[-170.04611,52.97312],[-170.02495,52.97115],[-170.00227,52.96475],[-169.99553,52.96653],[-169.96342,52.96322],[-169.94175,52.95878],[-169.92975,52.95158],[-169.91049,52.93521],[-169.90816,52.92255],[-169.88549,52.93258],[-169.8319,52.93554],[-169.82775,52.93279],[-169.81775,52.93735],[-169.82754,52.94537],[-169.84289,52.96952],[-169.84332,52.97838],[-169.83295,53.00997],[-169.85211,53.01586],[-169.86508,53.02437],[-169.8794,53.0393],[-169.88343,53.05145],[-169.88062,53.0675],[-169.87206,53.08197],[-169.87296,53.08919],[-169.86075,53.10501],[-169.81409,53.12664],[-169.78616,53.13261],[-169.75915,53.13405],[-169.73073,53.12781],[-169.70064,53.11645],[-169.68553,53.10909],[-169.66423,53.08568],[-169.63104,53.0775],[-169.61407,53.06981],[-169.60445,53.06203],[-169.58064,53.03216],[-169.58,53.01511],[-169.57511,53.00177],[-169.58037,52.98239],[-169.58748,52.96996],[-169.59578,52.96324],[-169.6071,52.95957],[-169.61259,52.9443],[-169.61998,52.93615],[-169.63361,52.92906],[-169.62782,52.92674],[-169.61488,52.91208],[-169.61564,52.90333],[-169.60755,52.90193],[-169.59339,52.88952],[-169.58786,52.87288],[-169.58822,52.83978],[-169.59289,52.83155],[-169.58886,52.8268],[-169.5866,52.81414],[-169.58861,52.80056],[-169.61879,52.78064],[-169.61706,52.77595],[-169.62746,52.75068],[-169.63909,52.73676],[-169.65972,52.72623],[-169.70306,52.7161],[-169.73804,52.72099],[-169.78499,52.73673],[-169.80434,52.7462],[-169.82032,52.75943],[-169.82626,52.75815],[-169.84875,52.76311],[-169.87632,52.74673],[-169.90385,52.74057],[-169.97555,52.73812],[-169.97737,52.719],[-169.9818,52.71202],[-170.01931,52.68237],[-170.0484,52.67062],[-170.08658,52.66262],[-170.17375,52.66289],[-170.23187,52.67392],[-170.25006,52.68109],[-170.26359,52.69732],[-170.2674,52.72476],[-170.27491,52.73763],[-170.27299,52.74851],[-170.26728,52.76425],[-170.25779,52.77369],[-170.24702,52.77888]]],[[[-169.82938,56.66982],[-169.80253,56.67397],[-169.74735,56.67504],[-169.62191,56.66134],[-169.53869,56.66844],[-169.50926,56.66747],[-169.47416,56.6561],[-169.43867,56.6537],[-169.42225,56.64881],[-169.40164,56.63655],[-169.38225,56.61475],[-169.37754,56.58773],[-169.38395,56.57816],[-169.42047,56.54926],[-169.47941,56.52685],[-169.52664,56.49298],[-169.58126,56.48323],[-169.67609,56.49623],[-169.72752,56.51464],[-169.76373,56.54072],[-169.80478,56.54737],[-169.83039,56.56033],[-169.83817,56.57119],[-169.86824,56.58703],[-169.88024,56.60203],[-169.87759,56.63054],[-169.87146,56.64305],[-169.86255,56.652],[-169.82938,56.66982]]],[[[-170.43819,57.25488],[-170.39533,57.25795],[-170.36406,57.26873],[-170.33446,57.27237],[-170.29082,57.27059],[-170.2617,57.26413],[-170.22293,57.27516],[-170.20692,57.2907],[-170.19102,57.29735],[-170.15889,57.30437],[-170.10948,57.30527],[-170.06538,57.29793],[-170.01651,57.26658],[-170.01236,57.25409],[-170.01849,57.23673],[-170.02978,57.22086],[-170.06386,57.19762],[-170.0808,57.19227],[-170.07725,57.17935],[-170.07831,57.16946],[-170.11178,57.13671],[-170.13708,57.12213],[-170.14768,57.12146],[-170.16527,57.11344],[-170.22325,57.0766],[-170.25892,57.06213],[-170.30537,57.05674],[-170.30097,57.04176],[-170.3061,57.02952],[-170.35413,57.00232],[-170.39946,56.99577],[-170.44414,56.99613],[-170.4783,57.0072],[-170.48728,57.01252],[-170.50849,57.0464],[-170.50837,57.06237],[-170.49204,57.08018],[-170.46952,57.09277],[-170.44267,57.10226],[-170.4148,57.10473],[-170.47066,57.11365],[-170.49526,57.12831],[-170.50988,57.14382],[-170.51947,57.16218],[-170.5108,57.17426],[-170.5163,57.17598],[-170.52094,57.18221],[-170.52271,57.19337],[-170.50992,57.20831],[-170.49009,57.22554],[-170.47041,57.23709],[-170.46023,57.23874],[-170.4496,57.24933],[-170.43819,57.25488]]],[[[-169.96041,57.23742],[-169.92311,57.23842],[-169.88368,57.2284],[-169.87123,57.22154],[-169.84931,57.19001],[-169.84903,57.17616],[-169.88687,57.14544],[-169.93026,57.13212],[-169.95559,57.12823],[-169.97949,57.12895],[-170.00372,57.13504],[-170.02246,57.14433],[-170.04401,57.16505],[-170.0505,57.18688],[-170.04912,57.19568],[-170.04222,57.20505],[-170.00798,57.2253],[-169.96041,57.23742]]],[[[-172.77359,60.25549],[-172.73155,60.26216],[-172.69857,60.25837],[-172.67341,60.24978],[-172.64922,60.23689],[-172.63748,60.21929],[-172.63432,60.20074],[-172.6557,60.17848],[-172.68066,60.15991],[-172.69419,60.15461],[-172.76179,60.14068],[-172.79954,60.1388],[-172.82963,60.14211],[-172.84832,60.14878],[-172.88102,60.16878],[-172.89036,60.18212],[-172.88569,60.2088],[-172.86701,60.22214],[-172.77359,60.25549]]],[[[-173.15863,60.72877],[-173.10041,60.74517],[-173.05907,60.74775],[-173.01247,60.74037],[-172.98976,60.73181],[-172.96225,60.70981],[-172.95305,60.69448],[-172.94385,60.6507],[-172.88865,60.64413],[-172.86104,60.63757],[-172.82884,60.62225],[-172.81964,60.61349],[-172.81504,60.60254],[-172.81964,60.59598],[-172.81533,60.55785],[-172.79575,60.53865],[-172.76026,60.51418],[-172.68784,60.48012],[-172.53002,60.43574],[-172.49948,60.43211],[-172.4626,60.43869],[-172.39357,60.43651],[-172.34754,60.42775],[-172.31993,60.4168],[-172.27851,60.38833],[-172.2601,60.37957],[-172.22328,60.36424],[-172.14504,60.34015],[-172.12203,60.32701],[-172.10909,60.31401],[-172.10877,60.30343],[-172.12038,60.28734],[-172.14352,60.27145],[-172.18949,60.25082],[-172.24671,60.24123],[-172.26753,60.2445],[-172.29551,60.23883],[-172.36158,60.25201],[-172.37919,60.26071],[-172.3884,60.2755],[-172.40753,60.27876],[-172.45384,60.27061],[-172.49604,60.27422],[-172.52296,60.2711],[-172.53423,60.26526],[-172.56501,60.25809],[-172.59613,60.25862],[-172.65248,60.26975],[-172.67936,60.27803],[-172.71537,60.29622],[-172.74442,60.30103],[-172.80238,60.31865],[-172.82013,60.31615],[-172.84795,60.31838],[-172.87777,60.32631],[-172.91023,60.33962],[-172.92536,60.35258],[-172.93097,60.37053],[-172.93145,60.38968],[-173.06739,60.43991],[-173.09529,60.44179],[-173.14487,60.4571],[-173.15827,60.46749],[-173.16782,60.48108],[-173.17052,60.49648],[-173.16526,60.51429],[-173.15646,60.52214],[-173.16322,60.53832],[-173.15402,60.56459],[-173.14022,60.57553],[-173.14482,60.5821],[-173.16782,60.59304],[-173.18163,60.60618],[-173.23223,60.63683],[-173.23683,60.64558],[-173.21843,60.67623],[-173.19083,60.68937],[-173.19083,60.70688],[-173.17703,60.72001],[-173.15863,60.72877]]],[[[-171.89003,63.65581],[-171.8602,63.67474],[-171.86517,63.68893],[-171.86517,63.7055],[-171.84528,63.72679],[-171.83533,63.74336],[-171.84031,63.75283],[-171.84031,63.76939],[-171.85593,63.78567],[-171.84598,63.79987],[-171.81615,63.82116],[-171.77637,63.83772],[-171.71467,63.83606],[-171.70572,63.84039],[-171.67473,63.84368],[-171.64747,63.84095],[-171.6175,63.83364],[-171.59788,63.82457],[-171.54883,63.80046],[-171.52703,63.77652],[-171.52068,63.75024],[-171.5356,63.72187],[-171.25132,63.66744],[-171.16504,63.65899],[-170.95916,63.62589],[-170.91094,63.63787],[-170.84717,63.66613],[-170.70515,63.71308],[-170.6567,63.72355],[-170.61993,63.72346],[-170.50403,63.7534],[-170.29685,63.75557],[-170.24319,63.74539],[-170.16807,63.71989],[-170.10368,63.68418],[-170.02856,63.64847],[-169.98563,63.62296],[-169.96415,63.58212],[-169.9266,63.52674],[-169.79299,63.49074],[-169.60228,63.48063],[-169.56942,63.47286],[-169.54388,63.45944],[-169.4838,63.43563],[-169.45554,63.41502],[-169.23455,63.39073],[-169.035,63.38745],[-168.7047,63.35471],[-168.64277,63.34488],[-168.60836,63.33505],[-168.58772,63.32523],[-168.57862,63.30867],[-168.58669,63.27247],[-168.60428,63.25159],[-168.60926,63.22936],[-168.63597,63.20464],[-168.66659,63.18597],[-168.69277,63.15894],[-168.73346,63.13155],[-168.69666,63.10922],[-168.68279,63.08467],[-168.70073,63.05692],[-168.76409,63.02762],[-168.80323,63.01765],[-168.83733,63.01617],[-168.86855,63.01979],[-168.91749,63.03112],[-168.94036,63.04633],[-168.9487,63.06247],[-168.94661,63.07445],[-168.92278,63.09957],[-169.02779,63.12453],[-169.06671,63.12821],[-169.14255,63.1278],[-169.23064,63.1235],[-169.26379,63.11847],[-169.28233,63.1144],[-169.32436,63.08574],[-169.36797,63.06108],[-169.40652,63.04751],[-169.45108,63.03855],[-169.42726,63.00026],[-169.41986,62.97386],[-169.43632,62.94744],[-169.46155,62.93284],[-169.49323,62.92661],[-169.52534,62.92466],[-169.5521,62.90291],[-169.59104,62.88787],[-169.6388,62.88491],[-169.72789,62.89633],[-169.81481,62.91739],[-169.83895,62.92589],[-169.8646,62.9447],[-169.86326,62.98014],[-169.87773,62.99714],[-169.88378,63.02007],[-169.90141,63.03737],[-169.95276,63.06407],[-170.0318,63.09552],[-170.08116,63.1113],[-170.11542,63.12725],[-170.14013,63.12426],[-170.17673,63.12534],[-170.20184,63.1312],[-170.24857,63.13203],[-170.25983,63.13666],[-170.29082,63.13511],[-170.32802,63.13872],[-170.35942,63.14774],[-170.39436,63.17106],[-170.40046,63.18223],[-170.40088,63.19367],[-170.38345,63.21075],[-170.43908,63.2516],[-170.51528,63.28791],[-170.59689,63.31162],[-170.8166,63.35498],[-170.90825,63.36995],[-170.99359,63.37484],[-171.06684,63.37111],[-171.10052,63.35651],[-171.12787,63.3502],[-171.16605,63.34816],[-171.17359,63.33643],[-171.1913,63.32469],[-171.21412,63.31578],[-171.22738,63.30404],[-171.2514,63.29257],[-171.28055,63.28565],[-171.32623,63.2827],[-171.36223,63.26803],[-171.39889,63.25764],[-171.4356,63.25267],[-171.48193,63.25453],[-171.53356,63.26664],[-171.56019,63.26511],[-171.59455,63.26955],[-171.62201,63.27715],[-171.65155,63.29104],[-171.69112,63.29801],[-171.74427,63.31318],[-171.77228,63.31533],[-171.81082,63.32855],[-171.83924,63.34268],[-171.85572,63.36118],[-171.88489,63.37759],[-171.93111,63.42563],[-171.94423,63.45471],[-171.95423,63.46637],[-171.96532,63.47287],[-171.94473,63.57062],[-171.92484,63.61085],[-171.90992,63.61795],[-171.90495,63.63924],[-171.89003,63.65581]]],[[[-168.20791,65.00329],[-168.15616,65.02917],[-168.07611,65.04329],[-168.00487,65.0389],[-167.95308,65.02348],[-167.9243,65.00273],[-167.91645,64.98862],[-167.91383,64.96994],[-167.91906,64.96081],[-167.95309,64.93299],[-167.97615,64.92287],[-168.00256,64.91624],[-168.03703,64.90928],[-168.09088,64.91111],[-168.13703,64.91843],[-168.18704,64.9349],[-168.21011,64.95137],[-168.21396,64.98432],[-168.20791,65.00329]]],[[[-168.79462,65.67122],[-168.71059,65.67314],[-168.67763,65.66415],[-168.6533,65.6521],[-168.63791,65.63986],[-168.62852,65.62578],[-168.62681,65.61237],[-168.63368,65.60136],[-168.65231,65.59094],[-168.71434,65.57554],[-168.74818,65.57133],[-168.78996,65.57495],[-168.82914,65.58461],[-168.84606,65.59251],[-168.86592,65.60692],[-168.86954,65.61313],[-168.86923,65.62085],[-168.85674,65.6406],[-168.82007,65.66519],[-168.79462,65.67122]]],[[[-168.97103,65.81464],[-168.92696,65.82226],[-168.89278,65.82135],[-168.86101,65.81781],[-168.83571,65.81068],[-168.80098,65.79517],[-168.78706,65.78462],[-168.78143,65.77361],[-168.78088,65.76447],[-168.76247,65.75117],[-168.76166,65.74003],[-168.76735,65.73075],[-168.78549,65.71632],[-168.85609,65.69124],[-168.88093,65.68579],[-168.91806,65.68433],[-168.9719,65.68877],[-168.97103,65.81464]]],[[[-155.02553,19.79014],[-154.99472,19.78892],[-154.97785,19.7814],[-154.95243,19.75678],[-154.92811,19.70453],[-154.92614,19.69166],[-154.92894,19.6736],[-154.91146,19.66203],[-154.8843,19.625],[-154.88679,19.625],[-154.875,19.61616],[-154.82223,19.59331],[-154.81151,19.58259],[-154.79755,19.57566],[-154.7783,19.55989],[-154.75934,19.53646],[-154.75584,19.52078],[-154.75788,19.5],[-154.77576,19.45711],[-154.78614,19.44037],[-154.81032,19.41605],[-154.84792,19.38515],[-154.88903,19.36039],[-154.93967,19.31283],[-155.0,19.28203],[-155.0,19.28438],[-155.04916,19.26725],[-155.06754,19.25532],[-155.07934,19.25408],[-155.08319,19.25],[-155.07904,19.24896],[-155.10551,19.23427],[-155.16131,19.21837],[-155.17562,19.21138],[-155.19656,19.20968],[-155.23006,19.21285],[-155.25802,19.22217],[-155.26841,19.21949],[-155.27318,19.21375],[-155.29786,19.19945],[-155.30157,19.19249],[-155.32538,19.17128],[-155.34816,19.15877],[-155.39144,19.14436],[-155.40652,19.12458],[-155.41883,19.11419],[-155.43922,19.10288],[-155.4661,19.09535],[-155.49488,19.07158],[-155.50139,19.06083],[-155.50331,19.04648],[-155.51656,19.01148],[-155.53737,18.98905],[-155.54179,18.98129],[-155.54536,18.96185],[-155.55747,18.94344],[-155.61606,18.89024],[-155.64905,18.8705],[-155.67836,18.86546],[-155.70598,18.8703],[-155.7229,18.88252],[-155.73998,18.91689],[-155.78173,18.93341],[-155.82824,18.96654],[-155.85076,18.96923],[-155.875,18.97643],[-155.92594,19.00815],[-155.94043,19.03609],[-155.95407,19.05362],[-155.97448,19.11274],[-155.97389,19.14257],[-155.95673,19.23095],[-155.9562,19.25995],[-155.94511,19.29668],[-155.94322,19.34422],[-155.96362,19.38651],[-155.97811,19.4458],[-155.99914,19.46618],[-156.01287,19.5],[-156.023,19.56363],[-156.03028,19.58747],[-156.03894,19.60094],[-156.06321,19.61182],[-156.0786,19.625],[-156.08763,19.64608],[-156.08882,19.6614],[-156.11518,19.71068],[-156.12001,19.72717],[-156.11792,19.74457],[-156.10917,19.76951],[-156.10552,19.79726],[-156.09568,19.81501],[-156.07952,19.83113],[-156.05355,19.84353],[-156.0124,19.88975],[-155.9861,19.90266],[-155.96243,19.90915],[-155.95039,19.94207],[-155.93889,19.96151],[-155.88432,20.01832],[-155.93228,20.08344],[-155.93789,20.10415],[-155.94799,20.12378],[-155.95772,20.16761],[-155.96082,20.19772],[-155.95767,20.23497],[-155.94239,20.27162],[-155.91765,20.2997],[-155.88799,20.31388],[-155.85164,20.3214],[-155.82947,20.3199],[-155.79289,20.30927],[-155.77482,20.29864],[-155.75548,20.29576],[-155.7404,20.28892],[-155.71797,20.27008],[-155.70222,20.2616],[-155.68885,20.24477],[-155.67773,20.24123],[-155.65873,20.22538],[-155.63052,20.21349],[-155.6064,20.19394],[-155.58209,20.18131],[-155.56174,20.18364],[-155.54075,20.18024],[-155.44139,20.15009],[-155.39755,20.13283],[-155.36971,20.11595],[-155.29831,20.08151],[-155.2524,20.06344],[-155.21177,20.03846],[-155.15749,19.9976],[-155.14033,19.98948],[-155.08605,19.94174],[-155.07085,19.91842],[-155.04682,19.8977],[-155.03162,19.875],[-155.03462,19.875],[-155.0303,19.84899],[-155.03471,19.82206],[-155.03332,19.79342],[-155.02553,19.79014]]],[[[-156.45109,20.96875],[-156.40491,20.97418],[-156.37761,20.98982],[-156.35479,20.9938],[-156.33922,21.00419],[-156.32048,21.00623],[-156.29449,21.00102],[-156.26858,21.00375],[-156.23759,20.98971],[-156.21435,20.98308],[-156.1953,20.9715],[-156.13636,20.91743],[-156.125,20.915],[-156.09593,20.89848],[-156.0817,20.88072],[-156.04963,20.87054],[-156.03229,20.85985],[-156.0,20.85212],[-156.0,20.875],[-155.959,20.875],[-155.93913,20.83659],[-155.92679,20.78173],[-155.92811,20.72479],[-155.94965,20.67683],[-155.9696,20.65212],[-156.0,20.62597],[-156.0,20.63186],[-156.00602,20.621],[-156.02592,20.60626],[-156.05427,20.59725],[-156.07328,20.5984],[-156.13527,20.56984],[-156.17717,20.57247],[-156.19561,20.57715],[-156.25,20.55033],[-156.25,20.55413],[-156.29048,20.53689],[-156.3511,20.5344],[-156.375,20.52898],[-156.375,20.53142],[-156.4205,20.5366],[-156.43739,20.54392],[-156.45987,20.55766],[-156.48451,20.57908],[-156.48838,20.55854],[-156.48059,20.54111],[-156.47956,20.52957],[-156.48336,20.51316],[-156.48937,20.5],[-156.5122,20.47478],[-156.53346,20.46298],[-156.54607,20.46084],[-156.5639,20.46283],[-156.58393,20.45816],[-156.60131,20.46098],[-156.70512,20.45414],[-156.75001,20.45433],[-156.75,20.49998],[-156.74427,20.49999],[-156.75518,20.52015],[-156.75575,20.53527],[-156.75001,20.55645],[-156.75001,20.55383],[-156.73365,20.58184],[-156.70445,20.60459],[-156.69112,20.61156],[-156.67423,20.61537],[-156.62501,20.64509],[-156.59774,20.65787],[-156.54963,20.65803],[-156.53166,20.67922],[-156.49573,20.69158],[-156.51187,20.73538],[-156.54682,20.73248],[-156.57759,20.74325],[-156.58694,20.75],[-156.62501,20.75],[-156.62501,20.76308],[-156.64009,20.7651],[-156.65986,20.77841],[-156.72862,20.85169],[-156.73754,20.86791],[-156.73942,20.8888],[-156.75001,20.90512],[-156.75236,20.92413],[-156.75001,20.96077],[-156.73502,21.00572],[-156.72843,21.01732],[-156.70849,21.04323],[-156.6909,21.05347],[-156.67043,21.07669],[-156.65595,21.08182],[-156.63359,21.08334],[-156.61814,21.09049],[-156.59104,21.09241],[-156.55952,21.08233],[-156.49073,21.03543],[-156.47539,21.0192],[-156.46344,20.97955],[-156.45109,20.96875]]],[[[-157.08884,20.95839],[-157.03527,20.9833],[-156.98234,20.98458],[-156.91333,20.97796],[-156.86848,20.96437],[-156.84757,20.95123],[-156.82333,20.9308],[-156.79096,20.89495],[-156.75746,20.85077],[-156.75001,20.82671],[-156.75001,20.8076],[-156.78231,20.75],[-156.79537,20.73525],[-156.817,20.71979],[-156.84542,20.71167],[-156.87501,20.69096],[-156.88782,20.68883],[-156.9106,20.69331],[-156.9359,20.69222],[-156.96284,20.68545],[-156.98597,20.69044],[-157.00001,20.69689],[-157.02728,20.72873],[-157.03815,20.75],[-157.04519,20.77046],[-157.04761,20.79005],[-157.04395,20.81002],[-157.04807,20.82054],[-157.07521,20.82729],[-157.08569,20.83668],[-157.11014,20.86946],[-157.11725,20.89169],[-157.11123,20.93123],[-157.09994,20.9486],[-157.08884,20.95839]]],[[[-156.84087,21.22319],[-156.80153,21.23391],[-156.77107,21.23286],[-156.72208,21.22606],[-156.68651,21.21051],[-156.67583,21.2024],[-156.65957,21.1819],[-156.65053,21.13427],[-156.65771,21.1149],[-156.67259,21.09571],[-156.694,21.08779],[-156.70806,21.0722],[-156.75001,21.04383],[-156.75001,21.04699],[-156.7853,21.02454],[-156.80162,21.02196],[-156.83696,21.0],[-156.87501,21.0],[-156.87501,20.99369],[-156.87793,20.99336],[-156.91454,20.99758],[-156.93536,21.00677],[-156.96314,21.01287],[-156.9739,21.02182],[-157.00001,21.02931],[-157.01056,21.03548],[-157.03873,21.03852],[-157.05024,21.0427],[-157.07215,21.05759],[-157.07756,21.05835],[-157.10276,21.05795],[-157.12501,21.05249],[-157.12955,21.04855],[-157.23144,21.04309],[-157.32125,21.05067],[-157.34913,21.07224],[-157.36379,21.09235],[-157.36655,21.10095],[-157.36349,21.125],[-157.36567,21.125],[-157.3499,21.15708],[-157.32882,21.18781],[-157.31168,21.20412],[-157.31447,21.23043],[-157.31053,21.24452],[-157.2923,21.26563],[-157.27219,21.27656],[-157.25001,21.28034],[-157.23126,21.27566],[-157.21425,21.27861],[-157.18395,21.27146],[-157.159,21.25789],[-157.13521,21.25516],[-157.12501,21.25714],[-157.0574,21.24418],[-157.03017,21.24395],[-157.00909,21.26594],[-156.99035,21.27353],[-156.97129,21.27436],[-156.95217,21.26932],[-156.92741,21.25657],[-156.91028,21.22957],[-156.88612,21.23434],[-156.87437,21.23309],[-156.85352,21.2227],[-156.84087,21.22319]]],[[[-158.32425,21.61567],[-158.31195,21.62178],[-158.27816,21.62784],[-158.19961,21.63447],[-158.17501,21.632],[-158.14885,21.64199],[-158.13416,21.65798],[-158.12225,21.66569],[-158.12023,21.6573],[-158.09555,21.70299],[-158.07195,21.71919],[-158.05015,21.73988],[-158.03095,21.74308],[-157.99175,21.76296],[-157.97832,21.76299],[-157.94179,21.75457],[-157.92422,21.74345],[-157.88145,21.70518],[-157.86022,21.66554],[-157.84415,21.6218],[-157.83725,21.6137],[-157.80205,21.59009],[-157.78096,21.5446],[-157.76194,21.52638],[-157.74726,21.5153],[-157.72773,21.51978],[-157.70262,21.5187],[-157.67778,21.50185],[-157.66095,21.49678],[-157.65055,21.48509],[-157.64075,21.46269],[-157.65216,21.4391],[-157.63856,21.4178],[-157.62846,21.37661],[-157.62226,21.37271],[-157.6023,21.34152],[-157.59729,21.31066],[-157.60093,21.28291],[-157.6077,21.26913],[-157.61614,21.26042],[-157.64587,21.24057],[-157.65348,21.22911],[-157.67578,21.2138],[-157.68938,21.20918],[-157.71971,21.20948],[-157.73091,21.21245],[-157.74532,21.22167],[-157.77141,21.20783],[-157.81023,21.19923],[-157.8291,21.20094],[-157.85907,21.21313],[-157.88133,21.23935],[-157.89866,21.24993],[-157.93146,21.24833],[-157.96356,21.25773],[-157.98336,21.25013],[-158.02566,21.24833],[-158.03905,21.24323],[-158.07248,21.24192],[-158.09159,21.23786],[-158.11008,21.23707],[-158.13477,21.24239],[-158.14926,21.25173],[-158.16436,21.27233],[-158.18326,21.34593],[-158.18876,21.35353],[-158.21776,21.36453],[-158.22886,21.37563],[-158.23556,21.38943],[-158.24006,21.41153],[-158.25765,21.42553],[-158.28594,21.46516],[-158.29027,21.47596],[-158.29017,21.49682],[-158.30136,21.49681],[-158.29866,21.52471],[-158.32866,21.546],[-158.34216,21.56428],[-158.34466,21.58317],[-158.34215,21.59117],[-158.33505,21.60457],[-158.32425,21.61567]]],[[[-160.55031,21.71206],[-160.53175,21.71199],[-160.5088,21.70323],[-160.49415,21.69053],[-160.4832,21.66518],[-160.48493,21.63243],[-160.49625,21.61885],[-160.53083,21.60106],[-160.54622,21.60038],[-160.57073,21.60666],[-160.59075,21.625],[-160.60037,21.64926],[-160.59977,21.66765],[-160.59187,21.68585],[-160.57827,21.70025],[-160.55031,21.71206]]],[[[-160.29729,21.875],[-160.29037,21.88917],[-160.2859,21.90867],[-160.27257,21.92874],[-160.26473,21.93589],[-160.24267,21.94386],[-160.22273,21.96455],[-160.19951,21.98127],[-160.17402,21.99147],[-160.15144,22.06051],[-160.14042,22.07332],[-160.12501,22.08113],[-160.10031,22.08249],[-160.07515,22.07699],[-160.05673,22.06834],[-160.04222,22.04953],[-160.01829,22.03001],[-159.99721,21.99251],[-159.99563,21.98214],[-160.0,21.9681],[-160.02751,21.93121],[-160.02243,21.91157],[-160.02291,21.89645],[-160.03104,21.86936],[-160.05941,21.84559],[-160.09299,21.82989],[-160.12202,21.82496],[-160.14194,21.79902],[-160.15528,21.75715],[-160.17032,21.73955],[-160.17733,21.73555],[-160.198,21.72982],[-160.21831,21.72879],[-160.25894,21.74283],[-160.27822,21.75778],[-160.29346,21.77997],[-160.30154,21.80415],[-160.30501,21.84592],[-160.29729,21.875]]],[[[-159.28372,22.0185],[-159.2801,21.95622],[-159.28436,21.94063],[-159.30798,21.90867],[-159.33976,21.88644],[-159.34234,21.88019],[-159.35778,21.86569],[-159.40391,21.83495],[-159.43286,21.82077],[-159.45374,21.8178],[-159.49349,21.82918],[-159.50001,21.83356],[-159.53766,21.83427],[-159.58791,21.84547],[-159.62477,21.84387],[-159.67295,21.875],[-159.68789,21.89095],[-159.71172,21.90755],[-159.73585,21.91216],[-159.76208,21.92759],[-159.77528,21.93045],[-159.79361,21.93978],[-159.80861,21.9529],[-159.83859,22.0],[-159.84361,22.0],[-159.84776,22.00852],[-159.85096,22.02714],[-159.84713,22.05287],[-159.84813,22.07607],[-159.83773,22.09422],[-159.8049,22.125],[-159.80112,22.125],[-159.79401,22.13462],[-159.78883,22.1601],[-159.76342,22.18975],[-159.75001,22.19945],[-159.708,22.21318],[-159.67726,22.2271],[-159.65346,22.24456],[-159.64001,22.25],[-159.61296,22.27223],[-159.57489,22.28295],[-159.54745,22.28307],[-159.52466,22.27549],[-159.50683,22.28247],[-159.48405,22.28591],[-159.43978,22.28186],[-159.43276,22.27803],[-159.41242,22.28884],[-159.40293,22.29047],[-159.37979,22.28329],[-159.35569,22.26965],[-159.33426,22.26647],[-159.3088,22.25],[-159.26552,22.20391],[-159.24578,22.1668],[-159.24183,22.125],[-159.24503,22.10165],[-159.25001,22.08414],[-159.25902,22.07293],[-159.27037,22.04111],[-159.28372,22.0185]]],[[[-161.88758,23.11038],[-161.87501,23.10163],[-161.87501,23.09754],[-161.86301,23.08518],[-161.85889,23.06812],[-161.86077,23.04437],[-161.87501,23.01924],[-161.89423,23.00943],[-161.9319,23.00531],[-161.95518,23.00917],[-161.97607,23.02556],[-161.98545,23.04113],[-161.98725,23.05673],[-161.98756,23.06992],[-161.98253,23.09127],[-161.96546,23.10498],[-161.94467,23.11189],[-161.91945,23.11398],[-161.88758,23.11038]]],[[[-164.75379,23.60352],[-164.74006,23.61439],[-164.72463,23.62107],[-164.70979,23.62323],[-164.68263,23.62281],[-164.65408,23.60707],[-164.64461,23.59454],[-164.64002,23.57611],[-164.64535,23.55151],[-164.65402,23.53522],[-164.67332,23.52108],[-164.68522,23.51715],[-164.7013,23.517],[-164.72304,23.52176],[-164.75,23.53615],[-164.75,23.54107],[-164.76261,23.55851],[-164.76473,23.56638],[-164.76345,23.5867],[-164.75379,23.60352]]],[[[-166.38046,23.88398],[-166.35137,23.90286],[-166.33005,23.90829],[-166.32474,23.91795],[-166.28837,23.92898],[-166.28801,23.92417],[-166.25,23.92886],[-166.25,23.93243],[-166.23306,23.92849],[-166.20428,23.91721],[-166.18235,23.90233],[-166.17045,23.88845],[-166.16594,23.875],[-166.1683,23.875],[-166.16484,23.85102],[-166.16974,23.83742],[-166.16486,23.83541],[-166.15348,23.81894],[-166.14817,23.78548],[-166.14259,23.78437],[-166.125,23.76611],[-166.125,23.77291],[-166.1185,23.76667],[-166.11666,23.75422],[-166.10678,23.74252],[-166.10588,23.71354],[-166.11349,23.69715],[-166.125,23.6861],[-166.125,23.69014],[-166.13295,23.6847],[-166.125,23.67073],[-166.11769,23.6646],[-166.11384,23.65234],[-166.11313,23.63698],[-166.11714,23.625],[-166.11068,23.625],[-166.11678,23.61125],[-166.125,23.60711],[-166.125,23.60928],[-166.15115,23.59046],[-166.17222,23.58709],[-166.19441,23.58953],[-166.21106,23.59981],[-166.22424,23.61479],[-166.22886,23.625],[-166.22484,23.625],[-166.23228,23.64158],[-166.22396,23.67253],[-166.20541,23.6916],[-166.22283,23.70488],[-166.22678,23.72744],[-166.25,23.71817],[-166.25,23.7139],[-166.26559,23.71314],[-166.28599,23.71812],[-166.31582,23.74012],[-166.32374,23.77097],[-166.31357,23.80374],[-166.32257,23.79905],[-166.33682,23.79964],[-166.35634,23.80595],[-166.36923,23.81554],[-166.375,23.82462],[-166.375,23.82164],[-166.37884,23.82363],[-166.38448,23.83199],[-166.38653,23.84636],[-166.38046,23.88398]]],[[[-168.04658,25.03127],[-168.02699,25.0448],[-168.0,25.05224],[-167.97253,25.04122],[-167.95245,25.02354],[-167.94459,25.0],[-167.9442,24.98981],[-167.95369,24.96439],[-167.96677,24.95489],[-167.98354,24.94927],[-168.0,24.94811],[-168.0,24.9507],[-168.03775,24.95971],[-168.05839,24.98788],[-168.05619,25.0105],[-168.04658,25.03127]]],[[[-165.93034,53.81887],[-165.97636,53.77106],[-166.00213,53.75706],[-166.02795,53.75259],[-166.0358,53.74678],[-166.04623,53.74584],[-166.06408,53.73243],[-166.08152,53.72546],[-166.08919,53.70983],[-166.09862,53.69965],[-166.12474,53.69101],[-166.13109,53.68306],[-166.14845,53.6719],[-166.17494,53.65978],[-166.21012,53.65464],[-166.22111,53.64533],[-166.27161,53.62966],[-166.29559,53.62625],[-166.33014,53.61469],[-166.34445,53.61462],[-166.36047,53.60558],[-166.37866,53.60214],[-166.52229,53.49329],[-166.54213,53.48238],[-166.58118,53.47254],[-166.58079,53.46505],[-166.58922,53.45716],[-166.70179,53.40203],[-166.7248,53.3942],[-166.74122,53.39172],[-166.76027,53.39474],[-166.78867,53.38389],[-166.80353,53.38155],[-166.8201,53.38481],[-166.8829,53.37757],[-166.92736,53.38513],[-166.95594,53.37526],[-166.98956,53.37325],[-167.01609,53.37579],[-167.03626,53.38176],[-167.05503,53.37242],[-167.07249,53.37274],[-167.09073,53.36714],[-167.10676,53.36699],[-167.21988,53.32551],[-167.2191,53.32128],[-167.22573,53.31083],[-167.25514,53.28733],[-167.28737,53.27595],[-167.32817,53.27159],[-167.36438,53.27651],[-167.38637,53.26094],[-167.39681,53.25676],[-167.40418,53.258],[-167.4064,53.2498],[-167.44858,53.21392],[-167.52214,53.18601],[-167.59251,53.17405],[-167.66928,53.17205],[-167.76844,53.18201],[-167.82921,53.19198],[-167.87079,53.20593],[-168.01052,53.22027],[-168.02627,53.22614],[-168.04405,53.24419],[-168.06894,53.2297],[-168.13216,53.21928],[-168.13682,53.21383],[-168.15696,53.20431],[-168.15107,53.19051],[-168.15522,53.17724],[-168.1699,53.15859],[-168.21633,53.14137],[-168.25124,53.13869],[-168.25771,53.14189],[-168.27243,53.1255],[-168.28167,53.12141],[-168.2915,53.10525],[-168.30249,53.09615],[-168.32001,53.0859],[-168.33399,53.08319],[-168.32217,53.06864],[-168.32049,53.05007],[-168.3295,53.03727],[-168.34088,53.03005],[-168.31927,53.00924],[-168.31259,52.98895],[-168.31484,52.98215],[-168.32534,52.96654],[-168.33715,52.95692],[-168.35357,52.94817],[-168.37308,52.94703],[-168.37643,52.94146],[-168.40268,52.92925],[-168.43092,52.92184],[-168.45521,52.92341],[-168.47627,52.91948],[-168.52203,52.93373],[-168.5448,52.94671],[-168.55711,52.95822],[-168.5647,52.95146],[-168.58518,52.9465],[-168.59201,52.93745],[-168.60442,52.93541],[-168.60248,52.92341],[-168.60969,52.91573],[-168.64829,52.89869],[-168.67583,52.89476],[-168.67326,52.89192],[-168.6765,52.88642],[-168.68999,52.87574],[-168.743,52.85473],[-168.76922,52.85268],[-168.82705,52.85839],[-168.84946,52.84092],[-168.87516,52.83062],[-168.90358,52.82721],[-168.95138,52.8075],[-168.97766,52.80563],[-169.00622,52.78556],[-169.03006,52.7794],[-169.06608,52.77602],[-169.07939,52.77797],[-169.0817,52.77123],[-169.14073,52.74101],[-169.18884,52.7247],[-169.22806,52.71461],[-169.26762,52.71628],[-169.29146,52.72265],[-169.31072,52.73285],[-169.31966,52.73954],[-169.32659,52.75354],[-169.32632,52.76538],[-169.32055,52.78372],[-169.312,52.79649],[-169.29427,52.81163],[-169.26351,52.82601],[-169.18821,52.85067],[-169.22676,52.86118],[-169.24315,52.8714],[-169.25542,52.8845],[-169.25949,52.89972],[-169.25885,52.91328],[-169.25409,52.92429],[-169.23388,52.9459],[-169.19713,52.96488],[-169.12952,52.96289],[-169.10941,52.95839],[-169.09485,52.96931],[-169.06573,52.98129],[-169.02334,52.98705],[-169.00009,52.9828],[-169.00335,52.99655],[-168.99947,53.01061],[-168.99215,53.02409],[-168.96535,53.05075],[-168.95281,53.05821],[-168.92818,53.06601],[-168.90559,53.06553],[-168.87278,53.08172],[-168.8907,53.10855],[-168.89058,53.12388],[-168.8806,53.14095],[-168.88307,53.15017],[-168.85945,53.18815],[-168.83207,53.20739],[-168.81943,53.22168],[-168.80646,53.23061],[-168.78137,53.24065],[-168.7398,53.27148],[-168.7176,53.27985],[-168.69905,53.28037],[-168.68934,53.30327],[-168.66687,53.31522],[-168.5043,53.36289],[-168.48845,53.37542],[-168.4776,53.37869],[-168.48684,53.39014],[-168.49636,53.42108],[-168.47667,53.4506],[-168.45637,53.46809],[-168.42524,53.48631],[-168.41526,53.50945],[-168.39637,53.5194],[-168.36401,53.53033],[-168.35171,53.53026],[-168.33443,53.53867],[-168.31817,53.5395],[-168.30913,53.55561],[-168.28401,53.57114],[-168.25028,53.5777],[-168.1854,53.59865],[-168.1629,53.59787],[-168.15152,53.60393],[-168.08034,53.62049],[-168.06276,53.61861],[-168.04033,53.61028],[-167.99235,53.61496],[-167.94835,53.61039],[-167.92564,53.60195],[-167.90135,53.58748],[-167.88514,53.57142],[-167.87504,53.56905],[-167.80424,53.57181],[-167.76231,53.56802],[-167.7309,53.55643],[-167.71823,53.54862],[-167.69821,53.52422],[-167.69599,53.51461],[-167.70114,53.48763],[-167.71054,53.47312],[-167.73063,53.45087],[-167.76123,53.43161],[-167.75243,53.42151],[-167.72772,53.43403],[-167.64812,53.44209],[-167.60802,53.45806],[-167.58177,53.45923],[-167.5552,53.46542],[-167.55418,53.46933],[-167.54209,53.47853],[-167.50266,53.49532],[-167.48273,53.49762],[-167.44415,53.49333],[-167.42239,53.49813],[-167.41183,53.51533],[-167.39267,53.52826],[-167.36047,53.54007],[-167.34115,53.5436],[-167.29628,53.53973],[-167.23038,53.56673],[-167.23937,53.58325],[-167.24703,53.61469],[-167.24438,53.62942],[-167.23385,53.64411],[-167.21523,53.6582],[-167.15568,53.67834],[-167.15679,53.68726],[-167.15392,53.69362],[-167.1382,53.70942],[-167.16488,53.77384],[-167.21808,53.80178],[-167.23407,53.81424],[-167.23355,53.82579],[-167.2435,53.84262],[-167.24289,53.85467],[-167.23008,53.88825],[-167.21207,53.90058],[-167.1763,53.91185],[-167.17417,53.93212],[-167.16074,53.9539],[-167.14463,53.96321],[-167.10602,53.97526],[-167.0957,53.97585],[-167.09153,53.98594],[-167.07664,53.99832],[-167.05399,54.00861],[-167.0247,54.01488],[-167.0091,54.01505],[-167.00181,54.02107],[-166.98868,54.02395],[-166.93653,54.02716],[-166.91041,54.04002],[-166.88004,54.04499],[-166.8202,54.04804],[-166.81486,54.05345],[-166.78519,54.06598],[-166.75581,54.06882],[-166.51115,54.05779],[-166.35444,54.06111],[-166.30507,54.05106],[-166.28728,54.03822],[-166.28641,54.03373],[-166.26156,54.03507],[-166.24322,54.03023],[-166.22565,54.04199],[-166.20807,54.04797],[-166.18079,54.05088],[-166.14083,54.04693],[-166.14053,54.05713],[-166.17225,54.07519],[-166.18211,54.0905],[-166.19901,54.10351],[-166.20243,54.11982],[-166.19907,54.13554],[-166.19267,54.14547],[-166.18413,54.15093],[-166.18376,54.16113],[-166.17351,54.17334],[-166.17183,54.18487],[-166.16512,54.19509],[-166.13754,54.21425],[-166.12066,54.22314],[-166.06846,54.23992],[-166.06106,54.24943],[-166.03394,54.26095],[-166.00277,54.26483],[-165.98766,54.2708],[-165.93722,54.27699],[-165.90805,54.27445],[-165.88815,54.26741],[-165.83664,54.25822],[-165.78915,54.23914],[-165.769,54.23918],[-165.76731,54.25523],[-165.74335,54.28889],[-165.72516,54.30627],[-165.69617,54.33223],[-165.68256,54.33935],[-165.65555,54.34705],[-165.62403,54.34936],[-165.59421,54.34656],[-165.57869,54.34144],[-165.54202,54.34871],[-165.49896,54.34912],[-165.46249,54.34682],[-165.43133,54.34069],[-165.40677,54.32668],[-165.38909,54.29933],[-165.38635,54.29146],[-165.38848,54.28813],[-165.35864,54.26605],[-165.34518,54.25103],[-165.26302,54.23654],[-165.24142,54.22586],[-165.23207,54.21652],[-165.23204,54.1957],[-165.24282,54.17787],[-165.2589,54.16683],[-165.27913,54.15841],[-165.31902,54.14919],[-165.32097,54.14453],[-165.27117,54.14413],[-165.24382,54.15929],[-165.20394,54.16596],[-165.18657,54.17432],[-165.15026,54.18052],[-165.06687,54.18009],[-165.06349,54.18673],[-165.03151,54.20888],[-164.97497,54.21488],[-164.9662,54.22643],[-164.91124,54.25469],[-164.80537,54.28239],[-164.75853,54.27818],[-164.72926,54.27194],[-164.70891,54.26402],[-164.68776,54.25012],[-164.68064,54.23217],[-164.68238,54.20186],[-164.69206,54.18218],[-164.71448,54.16612],[-164.75396,54.15489],[-164.76295,54.14355],[-164.77619,54.13585],[-164.81736,54.13339],[-164.82194,54.13081],[-164.83103,54.11022],[-164.83674,54.10465],[-164.84119,54.09024],[-164.84605,54.08325],[-164.86556,54.07529],[-164.86869,54.07131],[-164.86762,54.06424],[-164.88105,54.04343],[-164.9228,54.02848],[-164.96445,54.02507],[-165.02726,54.01294],[-165.05156,54.01479],[-165.08213,54.01183],[-165.15995,54.01916],[-165.18446,54.01701],[-165.19721,54.00913],[-165.22106,54.00302],[-165.26963,53.98073],[-165.30288,53.98074],[-165.35736,54.00283],[-165.38097,54.01644],[-165.40307,54.01714],[-165.41325,54.00831],[-165.46862,53.9864],[-165.51977,53.97206],[-165.56324,53.96728],[-165.60671,53.97684],[-165.63229,53.99756],[-165.64718,54.01697],[-165.65717,54.03634],[-165.70267,54.03414],[-165.71752,54.02509],[-165.75011,54.01661],[-165.78897,54.01624],[-165.82807,53.97823],[-165.88688,53.97026],[-165.96109,53.91624],[-165.95592,53.90174],[-165.93801,53.88421],[-165.92267,53.84596],[-165.93034,53.81887]]],[[[-168.11097,53.98156],[-168.08296,53.99244],[-168.04917,53.99496],[-168.02258,53.99412],[-168.00225,53.98804],[-167.99765,53.99069],[-167.98956,53.98931],[-167.97,53.97739],[-167.95904,53.9637],[-167.95312,53.93202],[-167.95611,53.91273],[-167.96319,53.90134],[-167.97628,53.89118],[-168.00851,53.87765],[-168.03503,53.87423],[-168.08304,53.88296],[-168.11637,53.90551],[-168.13249,53.92742],[-168.13585,53.94673],[-168.13334,53.95658],[-168.11097,53.98156]]],[[[-162.96319,54.43132],[-162.96459,54.44625],[-162.94937,54.46737],[-162.93558,54.47772],[-162.94024,54.48433],[-162.94482,54.50538],[-162.93884,54.52114],[-162.92499,54.53358],[-162.90683,54.544],[-162.88071,54.55321],[-162.84433,54.55308],[-162.82449,54.54925],[-162.79958,54.53952],[-162.77002,54.53785],[-162.73309,54.52659],[-162.72253,54.52981],[-162.69158,54.52639],[-162.66375,54.51279],[-162.63595,54.51182],[-162.61057,54.50042],[-162.60009,54.50545],[-162.58269,54.50577],[-162.54518,54.49703],[-162.50792,54.48198],[-162.50572,54.47802],[-162.47606,54.47913],[-162.44194,54.47534],[-162.42283,54.46848],[-162.41167,54.45913],[-162.39561,54.46426],[-162.35435,54.45669],[-162.27775,54.41937],[-162.24821,54.39926],[-162.24146,54.38858],[-162.23838,54.36992],[-162.25016,54.34674],[-162.26209,54.33843],[-162.2822,54.33096],[-162.33741,54.32573],[-162.35896,54.32852],[-162.4043,54.30579],[-162.42936,54.29851],[-162.46262,54.29647],[-162.47706,54.29892],[-162.49229,54.29383],[-162.52659,54.25798],[-162.54694,54.24802],[-162.56315,54.24358],[-162.59184,54.244],[-162.62336,54.25252],[-162.63044,54.24925],[-162.65211,54.24826],[-162.65989,54.24228],[-162.70008,54.23797],[-162.72648,54.24206],[-162.74659,54.25265],[-162.7682,54.27044],[-162.77997,54.29321],[-162.79842,54.29825],[-162.81792,54.31482],[-162.85073,54.3225],[-162.87517,54.33902],[-162.89007,54.33077],[-162.92199,54.32602],[-162.95263,54.32573],[-162.98327,54.33778],[-163.00475,54.35158],[-163.01397,54.36708],[-163.01369,54.38509],[-163.00845,54.40017],[-162.99505,54.41479],[-162.95988,54.42802],[-162.96319,54.43132]]],[[[-159.83703,54.87029],[-159.76105,54.89132],[-159.72929,54.89416],[-159.68133,54.88743],[-159.6363,54.8718],[-159.6019,54.88189],[-159.57263,54.88373],[-159.55612,54.88026],[-159.4976,54.85546],[-159.44065,54.81754],[-159.41677,54.7922],[-159.41644,54.782],[-159.42523,54.76],[-159.44287,54.7384],[-159.46929,54.72097],[-159.5029,54.709],[-159.54787,54.6993],[-159.5661,54.70349],[-159.60043,54.70396],[-159.62476,54.70792],[-159.65243,54.71778],[-159.66919,54.73352],[-159.68858,54.7656],[-159.74679,54.74267],[-159.7654,54.73977],[-159.8135,54.74042],[-159.83508,54.74546],[-159.85522,54.7577],[-159.89962,54.79431],[-159.91167,54.80929],[-159.90579,54.82278],[-159.88583,54.84719],[-159.87207,54.85663],[-159.83703,54.87029]]],[[[-162.7634,54.85522],[-162.7432,54.85785],[-162.71528,54.85668],[-162.68269,54.84852],[-162.66175,54.83557],[-162.64243,54.81293],[-162.63769,54.80112],[-162.64405,54.7891],[-162.6778,54.76272],[-162.70676,54.75499],[-162.74018,54.7531],[-162.78345,54.76528],[-162.80741,54.77987],[-162.81782,54.79944],[-162.81901,54.81116],[-162.80696,54.82952],[-162.78074,54.84774],[-162.7634,54.85522]]],[[[-161.13979,55.20403],[-161.09164,55.20818],[-161.06275,55.2068],[-161.04386,55.20109],[-161.0075,55.1706],[-161.00542,55.16347],[-161.00856,55.15091],[-161.01997,55.12924],[-161.05893,55.11177],[-161.08441,55.10477],[-161.11269,55.105],[-161.15156,55.11513],[-161.17701,55.13065],[-161.18898,55.1454],[-161.19453,55.159],[-161.1927,55.16469],[-161.17501,55.18438],[-161.13979,55.20403]]],[[[-163.26713,55.46678],[-163.2715,55.47702],[-163.26573,55.49918],[-163.24251,55.51772],[-163.19042,55.53056],[-163.15661,55.53105],[-163.13653,55.52502],[-163.10137,55.50607],[-163.09401,55.49707],[-163.07601,55.48869],[-163.03316,55.44277],[-163.02794,55.42083],[-163.0345,55.4037],[-163.04921,55.38195],[-163.07096,55.36133],[-163.10688,55.34883],[-163.132,55.34379],[-163.15394,55.34312],[-163.17979,55.34732],[-163.23536,55.36611],[-163.24705,55.3745],[-163.26237,55.3942],[-163.27192,55.42385],[-163.27089,55.43172],[-163.25908,55.44952],[-163.25213,55.45382],[-163.26713,55.46678]]],[[[-155.60688,55.93068],[-155.53824,55.92547],[-155.47435,55.91359],[-155.45312,55.88392],[-155.4745,55.8483],[-155.48522,55.81862],[-155.47467,55.77707],[-155.47475,55.74146],[-155.52809,55.70585],[-155.58137,55.69991],[-155.71982,55.71179],[-155.79435,55.72959],[-155.82624,55.75927],[-155.83684,55.78301],[-155.8368,55.80082],[-155.82611,55.81863],[-155.80476,55.83644],[-155.75146,55.85424],[-155.67676,55.90766],[-155.6341,55.92547],[-155.60688,55.93068]]],[[[-156.87804,56.2233],[-156.88071,56.23229],[-156.87223,56.24702],[-156.84199,56.27008],[-156.81998,56.27652],[-156.77023,56.27979],[-156.72891,56.27398],[-156.70739,56.26743],[-156.69063,56.25725],[-156.67801,56.23988],[-156.67325,56.22408],[-156.6601,56.21499],[-156.65111,56.20096],[-156.64939,56.1842],[-156.65377,56.16759],[-156.67587,56.1525],[-156.67196,56.14835],[-156.62681,56.14019],[-156.60985,56.13215],[-156.60229,56.12697],[-156.58933,56.10927],[-156.55605,56.09016],[-156.55015,56.07664],[-156.55029,56.0643],[-156.55343,56.05841],[-156.54742,56.04864],[-156.54804,56.03862],[-156.55332,56.02708],[-156.61196,55.98292],[-156.64778,55.9623],[-156.67543,55.95677],[-156.764,55.953],[-156.79307,55.95579],[-156.82221,55.96756],[-156.83339,55.98421],[-156.83209,55.99615],[-156.82641,56.00758],[-156.83812,56.01268],[-156.84491,56.02211],[-156.84653,56.03023],[-156.84537,56.04027],[-156.83535,56.06024],[-156.82008,56.07056],[-156.82106,56.08818],[-156.81717,56.1041],[-156.85286,56.10937],[-156.8836,56.12284],[-156.89739,56.1377],[-156.90315,56.15505],[-156.90203,56.16544],[-156.89677,56.17352],[-156.90016,56.19161],[-156.898,56.20166],[-156.89117,56.21256],[-156.87804,56.2233]]],[[[-160.04967,58.65148],[-160.00465,58.6656],[-159.9142,58.65023],[-159.89462,58.63993],[-159.86768,58.61052],[-159.86288,58.59424],[-159.86345,58.57869],[-159.88046,58.56297],[-159.89653,58.55372],[-159.92132,58.54396],[-159.9524,58.53848],[-160.00456,58.53726],[-160.00853,58.53468],[-160.05905,58.54783],[-160.08937,58.57896],[-160.09759,58.59991],[-160.08819,58.62169],[-160.07488,58.63989],[-160.04967,58.65148]]],[[[-160.52579,58.73024],[-160.5043,58.76143],[-160.49037,58.77363],[-160.47205,58.78369],[-160.45223,58.79185],[-160.41604,58.79845],[-160.39243,58.79711],[-160.34939,58.78881],[-160.32324,58.77506],[-160.28239,58.77497],[-160.2377,58.76605],[-160.21408,58.75548],[-160.18767,58.75628],[-160.13762,58.7489],[-160.11656,58.73902],[-160.10191,58.72481],[-160.09626,58.70534],[-160.09697,58.69728],[-160.11031,58.6816],[-160.15273,58.6582],[-160.15409,58.63711],[-160.16115,58.62604],[-160.17982,58.61002],[-160.21216,58.59505],[-160.21544,58.57831],[-160.2256,58.56554],[-160.23871,58.55615],[-160.25876,58.54457],[-160.30103,58.53576],[-160.33361,58.53568],[-160.36762,58.54199],[-160.39686,58.55392],[-160.40777,58.56731],[-160.41429,58.58693],[-160.40112,58.61257],[-160.38763,58.62765],[-160.4331,58.62225],[-160.47534,58.62719],[-160.50912,58.64238],[-160.53948,58.66434],[-160.54432,58.67433],[-160.54406,58.68784],[-160.53749,58.70027],[-160.52543,58.70857],[-160.52579,58.73024]]],[[[-167.50807,60.26311],[-167.4377,60.26285],[-167.41178,60.27159],[-167.37112,60.27569],[-167.33672,60.28743],[-167.30983,60.29072],[-167.27681,60.28893],[-167.25511,60.28382],[-167.20519,60.28828],[-167.15346,60.28243],[-167.12055,60.29122],[-167.10258,60.29004],[-167.04472,60.27792],[-167.01807,60.26624],[-166.96798,60.2775],[-166.94378,60.2781],[-166.91872,60.30453],[-166.88595,60.31755],[-166.87341,60.3312],[-166.84468,60.34503],[-166.8126,60.35058],[-166.80052,60.36276],[-166.7633,60.38128],[-166.73934,60.38786],[-166.70119,60.38914],[-166.66631,60.38578],[-166.64055,60.40384],[-166.62012,60.41295],[-166.57019,60.42292],[-166.52884,60.44427],[-166.50579,60.44764],[-166.47801,60.44876],[-166.44362,60.44448],[-166.4172,60.43611],[-166.40287,60.42619],[-166.38783,60.42661],[-166.34982,60.41774],[-166.31645,60.43897],[-166.29763,60.44743],[-166.27633,60.45161],[-166.27582,60.46912],[-166.27093,60.47862],[-166.24933,60.49113],[-166.20859,60.50519],[-166.15243,60.51075],[-166.08488,60.48594],[-166.05419,60.46949],[-166.03069,60.43894],[-166.0058,60.41957],[-165.99977,60.41128],[-165.99831,60.4004],[-166.00953,60.3877],[-165.98137,60.37409],[-165.96097,60.3897],[-165.9495,60.39378],[-165.89938,60.4032],[-165.84774,60.39857],[-165.82845,60.39005],[-165.81642,60.39612],[-165.78247,60.40487],[-165.73846,60.40561],[-165.69308,60.39315],[-165.67148,60.38346],[-165.65393,60.37176],[-165.64739,60.36231],[-165.64948,60.34882],[-165.61705,60.3449],[-165.6002,60.33893],[-165.58619,60.32978],[-165.57451,60.3212],[-165.56152,60.30173],[-165.56138,60.29226],[-165.56529,60.28307],[-165.57438,60.2733],[-165.57071,60.25896],[-165.5883,60.24141],[-165.57549,60.23169],[-165.5666,60.21565],[-165.57037,60.19785],[-165.5885,60.17888],[-165.57623,60.16571],[-165.57716,60.15078],[-165.56206,60.14021],[-165.55968,60.13333],[-165.56397,60.11266],[-165.55746,60.09919],[-165.56019,60.08944],[-165.57317,60.07506],[-165.56736,60.0702],[-165.56662,60.05873],[-165.55338,60.05416],[-165.53937,60.03498],[-165.4975,60.02789],[-165.47968,60.02161],[-165.46236,60.00959],[-165.45322,59.99921],[-165.45188,59.99042],[-165.40246,59.97045],[-165.40254,59.96786],[-165.412,59.95414],[-165.43913,59.93604],[-165.44519,59.91644],[-165.46091,59.895],[-165.49547,59.87018],[-165.56038,59.85287],[-165.62526,59.8464],[-165.65782,59.83626],[-165.69903,59.83508],[-165.73902,59.84135],[-165.77327,59.82046],[-165.80304,59.8091],[-165.82486,59.80675],[-165.96482,59.72297],[-166.01245,59.70538],[-166.05789,59.69553],[-166.09972,59.69405],[-166.17695,59.69982],[-166.24211,59.7171],[-166.27387,59.73385],[-166.29125,59.7472],[-166.30058,59.76007],[-166.32185,59.77314],[-166.3664,59.77966],[-166.42967,59.80164],[-166.46171,59.79593],[-166.50797,59.79875],[-166.56422,59.79611],[-166.62613,59.79706],[-166.65434,59.80239],[-166.73678,59.8383],[-166.78651,59.84266],[-166.8289,59.85233],[-166.85085,59.87106],[-166.86813,59.88126],[-166.94062,59.91191],[-167.04204,59.93576],[-167.10291,59.93695],[-167.13784,59.94403],[-167.22273,59.99385],[-167.29341,59.99919],[-167.3108,60.00747],[-167.32415,60.01846],[-167.35848,60.01849],[-167.38558,60.02121],[-167.40082,60.02612],[-167.43483,60.04566],[-167.44077,60.05646],[-167.44297,60.09545],[-167.43645,60.10876],[-167.46458,60.12465],[-167.47173,60.13602],[-167.47324,60.1489],[-167.50544,60.15697],[-167.51517,60.16426],[-167.51696,60.17284],[-167.53635,60.17824],[-167.5603,60.20596],[-167.55823,60.22436],[-167.5508,60.24055],[-167.5294,60.25528],[-167.50807,60.26311]]],[[[-161.77997,63.65284],[-161.71475,63.65254],[-161.67714,63.64265],[-161.64948,63.62764],[-161.63957,63.61775],[-161.63397,63.60432],[-161.64154,63.5885],[-161.65166,63.57966],[-161.69408,63.55923],[-161.72105,63.55374],[-161.78447,63.55379],[-161.8124,63.55994],[-161.84981,63.57736],[-161.85703,63.58798],[-161.85929,63.61091],[-161.85585,63.62163],[-161.84032,63.63512],[-161.82623,63.64249],[-161.77997,63.65284]]],[[[-161.22355,64.17643],[-161.19702,64.16398],[-161.17666,64.14686],[-161.17678,64.14028],[-161.18544,64.12616],[-161.18448,64.10616],[-161.19638,64.09197],[-161.22175,64.07529],[-161.25227,64.06596],[-161.30603,64.06197],[-161.37318,64.06974],[-161.41444,64.08677],[-161.43242,64.10534],[-161.43692,64.13355],[-161.4202,64.15842],[-161.39329,64.17201],[-161.35571,64.18378],[-161.31036,64.18937],[-161.26481,64.18466],[-161.22355,64.17643]]],[[[-118.63264,33.08454],[-118.57834,33.08624],[-118.5421,33.07379],[-118.52373,33.05997],[-118.49558,33.02634],[-118.4895,33.01063],[-118.44886,32.96175],[-118.42334,32.94648],[-118.39079,32.91784],[-118.3289,32.87504],[-118.29725,32.84509],[-118.28989,32.82938],[-118.28895,32.81615],[-118.29281,32.8038],[-118.30285,32.78885],[-118.32382,32.77351],[-118.34319,32.76706],[-118.3591,32.76616],[-118.37838,32.77023],[-118.39256,32.7585],[-118.40414,32.7533],[-118.43654,32.75004],[-118.46471,32.76018],[-118.50091,32.79203],[-118.5425,32.81657],[-118.55319,32.8288],[-118.56253,32.84944],[-118.59693,32.89047],[-118.60529,32.90854],[-118.6088,32.92769],[-118.62212,32.94143],[-118.63552,32.9656],[-118.64473,33.00003],[-118.67017,33.00003],[-118.67484,33.01214],[-118.6782,33.03973],[-118.67078,33.05797],[-118.65436,33.07495],[-118.63264,33.08454]]],[[[-119.62594,33.30504],[-119.59252,33.32582],[-119.56493,33.32764],[-119.54354,33.33416],[-119.52531,33.33486],[-119.49512,33.32715],[-119.43,33.30103],[-119.37594,33.26476],[-119.36093,33.24206],[-119.36244,33.21482],[-119.37594,33.19219],[-119.39454,33.18084],[-119.44497,33.16527],[-119.47649,33.16349],[-119.51025,33.16742],[-119.56932,33.18462],[-119.61147,33.21273],[-119.63128,33.24497],[-119.63607,33.28071],[-119.62594,33.30504]]],[[[-118.65574,33.51082],[-118.6384,33.52403],[-118.61216,33.53185],[-118.58972,33.53198],[-118.57914,33.52841],[-118.52938,33.53118],[-118.50676,33.52491],[-118.49334,33.51573],[-118.47728,33.51543],[-118.46285,33.51043],[-118.43684,33.48944],[-118.42709,33.48716],[-118.42084,33.48178],[-118.40323,33.47927],[-118.35939,33.46492],[-118.31635,33.43414],[-118.3041,33.40363],[-118.26275,33.37044],[-118.25138,33.3534],[-118.2451,33.33834],[-118.24105,33.31303],[-118.2509,33.28046],[-118.26918,33.26568],[-118.29246,33.25408],[-118.32799,33.24808],[-118.36331,33.25507],[-118.38559,33.26536],[-118.45507,33.26902],[-118.48669,33.2769],[-118.50368,33.28531],[-118.51804,33.29665],[-118.54085,33.32509],[-118.54961,33.35065],[-118.55119,33.36935],[-118.54793,33.3768],[-118.5732,33.38348],[-118.60723,33.39829],[-118.61857,33.40619],[-118.63073,33.4232],[-118.65506,33.44531],[-118.66592,33.46733],[-118.6682,33.48594],[-118.66371,33.50003],[-118.65574,33.51082]]],[[[-119.08374,33.53291],[-119.02394,33.54],[-119.00093,33.53589],[-118.98215,33.52426],[-118.96831,33.50556],[-118.96276,33.48521],[-118.96375,33.46683],[-118.98051,33.42859],[-119.00093,33.41849],[-119.00093,33.4213],[-119.02704,33.41287],[-119.05307,33.41102],[-119.07189,33.4138],[-119.09413,33.42687],[-119.10888,33.45115],[-119.10721,33.50002],[-119.11895,33.50002],[-119.10872,33.51926],[-119.08374,33.53291]]],[[[-119.53283,33.94987],[-119.60209,33.93677],[-119.63673,33.93828],[-119.6876,33.91564],[-119.70749,33.91039],[-119.77283,33.91241],[-119.82321,33.89939],[-119.85522,33.90749],[-119.90476,33.93967],[-119.91102,33.9239],[-119.91893,33.91435],[-119.93919,33.89864],[-119.96268,33.89244],[-119.98084,33.89232],[-120.00096,33.88525],[-120.02781,33.86651],[-120.07065,33.85649],[-120.09046,33.84632],[-120.10409,33.8424],[-120.12596,33.84235],[-120.14955,33.84796],[-120.22113,33.88419],[-120.23872,33.90411],[-120.25097,33.90844],[-120.26449,33.91892],[-120.2731,33.92958],[-120.28003,33.95394],[-120.29897,33.96846],[-120.31739,33.96637],[-120.33225,33.96843],[-120.36707,33.96104],[-120.39564,33.96743],[-120.41177,33.97704],[-120.46678,33.97612],[-120.48815,33.98428],[-120.51878,34.01408],[-120.52585,34.03299],[-120.52339,34.05113],[-120.55005,34.05729],[-120.567,34.06864],[-120.58155,34.09149],[-120.58226,34.10752],[-120.57509,34.12647],[-120.56785,34.13562],[-120.53812,34.15034],[-120.51604,34.1528],[-120.49738,34.14989],[-120.47165,34.1341],[-120.44907,34.15059],[-120.41879,34.16057],[-120.36875,34.15104],[-120.35516,34.14502],[-120.34271,34.1315],[-120.33856,34.12169],[-120.32109,34.11045],[-120.29779,34.10412],[-120.28465,34.09475],[-120.27158,34.07414],[-120.25285,34.05803],[-120.22488,34.06131],[-120.19758,34.05815],[-120.17113,34.07332],[-120.13501,34.07881],[-120.12013,34.07894],[-120.10292,34.07449],[-120.08029,34.0864],[-120.04515,34.09061],[-120.01021,34.08404],[-120.00096,34.07867],[-119.99164,34.06487],[-119.98195,34.08938],[-119.96547,34.11256],[-119.94783,34.125],[-119.92879,34.1299],[-119.87599,34.12623],[-119.82922,34.1187],[-119.7926,34.10637],[-119.76903,34.11194],[-119.75098,34.11258],[-119.72597,34.10209],[-119.70946,34.10066],[-119.69301,34.09485],[-119.65493,34.07122],[-119.61427,34.09943],[-119.59056,34.10564],[-119.55743,34.1086],[-119.53842,34.10541],[-119.51211,34.09346],[-119.46784,34.06293],[-119.43732,34.06772],[-119.39701,34.06379],[-119.36788,34.07042],[-119.34246,34.06896],[-119.31209,34.05439],[-119.29764,34.03658],[-119.2944,34.0275],[-119.29624,33.99724],[-119.31162,33.98002],[-119.33279,33.96772],[-119.35186,33.96445],[-119.38046,33.95361],[-119.42289,33.95411],[-119.46519,33.96743],[-119.49229,33.98322],[-119.50576,33.96733],[-119.53283,33.94987]]],[[[-119.99981,41.16542],[-119.99571,40.37583],[-120.00082,39.60683],[-120.00647,39.27288],[-120.00101,38.99957],[-119.45382,38.62243],[-118.7142,38.10211],[-117.87593,37.49727],[-117.50012,37.22038],[-116.87425,36.75208],[-116.09417,36.15626],[-115.25972,35.50354],[-114.63349,35.00186],[-114.62913,34.98613],[-114.63524,34.96515],[-114.62977,34.94304],[-114.63325,34.92461],[-114.63088,34.90726],[-114.63672,34.88911],[-114.63438,34.87289],[-114.62394,34.85974],[-114.60065,34.84736],[-114.58684,34.83567],[-114.57645,34.8153],[-114.57101,34.79429],[-114.55268,34.76687],[-114.52962,34.75082],[-114.51662,34.73674],[-114.49202,34.7257],[-114.48751,34.71663],[-114.47048,34.71137],[-114.46525,34.6912],[-114.45051,34.66684],[-114.45798,34.65711],[-114.44146,34.64253],[-114.43874,34.62145],[-114.4242,34.61045],[-114.42534,34.60084],[-114.43681,34.59607],[-114.42238,34.58071],[-114.40523,34.56964],[-114.38084,34.52972],[-114.37812,34.50729],[-114.38236,34.49576],[-114.3817,34.47604],[-114.3867,34.45791],[-114.37372,34.44694],[-114.33537,34.45004],[-114.32613,34.43725],[-114.31225,34.43273],[-114.29484,34.42139],[-114.28866,34.40662],[-114.26432,34.40133],[-114.23427,34.37666],[-114.22611,34.36592],[-114.19948,34.36137],[-114.17691,34.34931],[-114.15721,34.31786],[-114.13828,34.30323],[-114.13667,34.27438],[-114.13121,34.26273],[-114.13545,34.25789],[-114.16465,34.2597],[-114.16612,34.25001],[-114.1746,34.2473],[-114.17805,34.23997],[-114.22519,34.20364],[-114.22494,34.1939],[-114.22971,34.18693],[-114.25703,34.17284],[-114.28729,34.17053],[-114.32078,34.13864],[-114.35303,34.13312],[-114.36652,34.11858],[-114.39056,34.11008],[-114.41168,34.11003],[-114.43418,34.08738],[-114.43934,34.05789],[-114.43495,34.03778],[-114.43827,34.02261],[-114.45021,34.01257],[-114.46587,34.01099],[-114.46731,34.00519],[-114.45918,34.00002],[-114.45926,33.99471],[-114.46793,33.99288],[-114.49988,33.96179],[-114.52273,33.95504],[-114.53568,33.93355],[-114.53495,33.9257],[-114.51843,33.91752],[-114.50792,33.90381],[-114.51372,33.89796],[-114.52587,33.90101],[-114.52277,33.89258],[-114.50434,33.87688],[-114.50302,33.868],[-114.51467,33.85864],[-114.52429,33.86013],[-114.52988,33.85756],[-114.5296,33.84806],[-114.51997,33.82538],[-114.52805,33.81496],[-114.50486,33.76047],[-114.50448,33.751],[-114.51235,33.73421],[-114.49657,33.71916],[-114.4942,33.70792],[-114.49649,33.6969],[-114.52396,33.68588],[-114.53152,33.67511],[-114.53027,33.66682],[-114.51406,33.66018],[-114.51834,33.65593],[-114.53319,33.65166],[-114.5238,33.6347],[-114.53103,33.62821],[-114.53122,33.62391],[-114.52184,33.61254],[-114.54062,33.59141],[-114.53678,33.57096],[-114.52421,33.55307],[-114.5589,33.53182],[-114.56096,33.51674],[-114.56953,33.50922],[-114.58047,33.50646],[-114.59237,33.49867],[-114.60169,33.4814],[-114.62292,33.45656],[-114.62228,33.44756],[-114.62964,33.42814],[-114.6433,33.41675],[-114.65673,33.41281],[-114.67369,33.41916],[-114.68795,33.41793],[-114.69566,33.41513],[-114.70179,33.40838],[-114.72007,33.40789],[-114.72528,33.40505],[-114.72425,33.40042],[-114.70731,33.38254],[-114.69804,33.35244],[-114.70094,33.33701],[-114.70787,33.32332],[-114.72362,33.31211],[-114.73122,33.30243],[-114.72167,33.28698],[-114.68051,33.27358],[-114.67209,33.2585],[-114.68954,33.24643],[-114.67363,33.22312],[-114.67875,33.20345],[-114.67536,33.18549],[-114.68089,33.16907],[-114.67995,33.15906],[-114.6874,33.14198],[-114.69691,33.13112],[-114.70368,33.11377],[-114.7079,33.09743],[-114.70649,33.08816],[-114.68902,33.08404],[-114.68699,33.07097],[-114.6743,33.05717],[-114.67366,33.0419],[-114.66506,33.03391],[-114.65783,33.03382],[-114.64598,33.0489],[-114.63955,33.04529],[-114.62829,33.03105],[-114.61879,33.0272],[-114.58978,33.02623],[-114.57516,33.03654],[-114.52013,33.02998],[-114.51134,33.02345],[-114.50287,33.01115],[-114.49294,32.97178],[-114.48862,32.96995],[-114.47539,32.97516],[-114.4686,32.97165],[-114.46806,32.95526],[-114.48092,32.93628],[-114.47664,32.92363],[-114.46445,32.91313],[-114.46293,32.90794],[-114.46897,32.84515],[-114.49412,32.82329],[-114.51033,32.81649],[-114.52963,32.79548],[-114.53243,32.77692],[-114.52686,32.75709],[-114.53909,32.75695],[-114.53922,32.74981],[-114.56445,32.74955],[-114.56451,32.74227],[-114.58174,32.74232],[-114.58178,32.73495],[-114.61511,32.73452],[-114.6174,32.72826],[-114.68823,32.73753],[-114.70158,32.74563],[-114.71452,32.73039],[-114.7195,32.71874],[-115.81716,32.64083],[-117.20505,32.52951],[-117.21411,32.59478],[-117.2233,32.62124],[-117.24679,32.61485],[-117.26879,32.61941],[-117.29754,32.64177],[-117.30924,32.6564],[-117.32094,32.68985],[-117.3303,32.80482],[-117.342,32.84035],[-117.33966,32.85917],[-117.32328,32.90306],[-117.37587,33.07522],[-117.43556,33.17751],[-117.46787,33.21249],[-117.50087,33.24215],[-117.521,33.26887],[-117.57153,33.3123],[-117.62588,33.34211],[-117.6362,33.34913],[-117.64786,33.36364],[-117.6538,33.36482],[-117.71357,33.40878],[-117.73534,33.40744],[-117.74141,33.41012],[-117.76514,33.43154],[-117.79048,33.46124],[-117.79326,33.46978],[-117.81128,33.48202],[-117.81636,33.49087],[-117.93405,33.54925],[-118.00088,33.59316],[-118.04985,33.62002],[-118.09647,33.65365],[-118.1259,33.69715],[-118.16583,33.69156],[-118.23701,33.6906],[-118.25453,33.67507],[-118.27424,33.66343],[-118.31914,33.65955],[-118.34542,33.66343],[-118.37717,33.67895],[-118.38593,33.68671],[-118.42864,33.70127],[-118.46696,33.72552],[-118.48558,33.75366],[-118.48777,33.77987],[-118.48448,33.80315],[-118.44397,33.83906],[-118.44725,33.84876],[-118.50091,33.91862],[-118.52345,33.95305],[-118.55736,33.98767],[-118.64835,33.98673],[-118.66651,33.98056],[-118.70457,33.97784],[-118.72746,33.98031],[-118.74639,33.9755],[-118.75441,33.96779],[-118.78653,33.95143],[-118.81475,33.94721],[-118.84112,33.95537],[-118.85685,33.96597],[-118.874,33.98331],[-118.8873,33.98722],[-118.95243,33.99296],[-118.98531,34.00001],[-119.02741,34.01492],[-119.1168,34.02982],[-119.15896,34.04025],[-119.21799,34.06249],[-119.25094,34.1062],[-119.28574,34.14081],[-119.33489,34.23687],[-119.37593,34.24988],[-119.40199,34.27226],[-119.42862,34.27778],[-119.46699,34.29366],[-119.48422,34.30678],[-119.50095,34.32692],[-119.51947,34.33607],[-119.55583,34.34502],[-119.58479,34.36166],[-119.61746,34.36873],[-119.62596,34.36622],[-119.65136,34.36671],[-119.66611,34.35446],[-119.71613,34.33611],[-119.73202,34.3397],[-119.79707,34.36533],[-119.80581,34.36534],[-119.82315,34.35705],[-119.83792,34.35432],[-119.89152,34.35746],[-119.91653,34.37261],[-120.00942,34.40154],[-120.02436,34.40934],[-120.04481,34.41245],[-120.09067,34.40929],[-120.13512,34.42206],[-120.19175,34.41999],[-120.20283,34.42221],[-120.2406,34.41746],[-120.28713,34.41761],[-120.32451,34.40975],[-120.38692,34.40565],[-120.39798,34.40102],[-120.451,34.39118],[-120.501,34.40314],[-120.52365,34.41951],[-120.53019,34.42888],[-120.53557,34.43952],[-120.53566,34.45269],[-120.55311,34.47101],[-120.55944,34.48847],[-120.59433,34.50407],[-120.63258,34.50269],[-120.65606,34.5086],[-120.68878,34.53135],[-120.70645,34.55191],[-120.71276,34.5683],[-120.70531,34.62141],[-120.70128,34.63001],[-120.68648,34.64502],[-120.66469,34.69634],[-120.69323,34.73004],[-120.70209,34.74833],[-120.69979,34.77086],[-120.68442,34.80366],[-120.67328,34.83862],[-120.72032,34.86924],[-120.73068,34.88643],[-120.73438,34.9015],[-120.72723,34.92332],[-120.72675,34.9438],[-120.71444,34.96354],[-120.69472,35.02884],[-120.6878,35.07749],[-120.68961,35.09883],[-120.7255,35.11358],[-120.75243,35.10946],[-120.80041,35.11658],[-120.82199,35.13144],[-120.83942,35.13465],[-120.85693,35.14281],[-120.87601,35.15972],[-120.91779,35.18738],[-120.9302,35.20464],[-120.93735,35.20805],[-120.94903,35.22102],[-120.96125,35.24997],[-120.95333,35.28485],[-120.9286,35.33071],[-120.92343,35.34841],[-120.9308,35.37497],[-120.92829,35.38684],[-120.93329,35.39275],[-120.95967,35.39649],[-120.98963,35.41114],[-121.01501,35.41063],[-121.04163,35.41999],[-121.06906,35.44725],[-121.10014,35.47088],[-121.11817,35.4906],[-121.12827,35.49561],[-121.15106,35.51641],[-121.17776,35.56126],[-121.20155,35.58369],[-121.22012,35.58687],[-121.24659,35.60036],[-121.28604,35.60844],[-121.32351,35.62497],[-121.33965,35.64243],[-121.34772,35.66498],[-121.36636,35.68042],[-121.37896,35.70603],[-121.37933,35.72696],[-121.39374,35.74997],[-121.39346,35.7634],[-121.4285,35.7859],[-121.4561,35.81771],[-121.48161,35.82935],[-121.50105,35.84275],[-121.51919,35.8634],[-121.53201,35.8848],[-121.56146,35.94382],[-121.58928,35.95927],[-121.62037,35.96911],[-121.63182,35.97895],[-121.64818,35.99862],[-121.67436,36.06466],[-121.70872,36.1026],[-121.72781,36.12901],[-121.77069,36.16201],[-121.78797,36.16847],[-121.80235,36.1783],[-121.8464,36.19034],[-121.88019,36.21031],[-121.89352,36.22429],[-121.90116,36.23965],[-121.9442,36.2696],[-121.95905,36.28711],[-121.96461,36.30698],[-121.96287,36.32273],[-121.97188,36.35783],[-121.97039,36.38337],[-121.97564,36.39257],[-121.98143,36.42087],[-121.99793,36.44327],[-122.00084,36.45568],[-121.99947,36.46645],[-122.00897,36.47533],[-122.022,36.50891],[-122.02271,36.52223],[-122.01745,36.5374],[-122.03746,36.56038],[-122.04405,36.57825],[-122.04415,36.59135],[-122.04073,36.60012],[-122.02013,36.6228],[-122.01417,36.63668],[-122.00112,36.6477],[-122.0764,36.9102],[-122.13057,36.92534],[-122.17202,36.94268],[-122.25108,36.98583],[-122.26565,37.00012],[-122.27638,37.02483],[-122.29031,37.03209],[-122.3139,37.05476],[-122.34821,37.05567],[-122.37609,37.06565],[-122.39313,37.08716],[-122.39692,37.10989],[-122.41336,37.12179],[-122.42135,37.13508],[-122.44563,37.15004],[-122.46412,37.17785],[-122.47223,37.21221],[-122.4817,37.22915],[-122.48405,37.24994],[-122.46587,37.34124],[-122.46701,37.34989],[-122.50354,37.4119],[-122.50989,37.44155],[-122.5276,37.4461],[-122.547,37.45786],[-122.56809,37.47921],[-122.57496,37.49994],[-122.57956,37.54588],[-122.58645,37.56191],[-122.58818,37.57941],[-122.58645,37.59253],[-122.5675,37.63918],[-122.58128,37.7602],[-122.58817,37.78936],[-122.61228,37.81522],[-122.63247,37.82781],[-122.66742,37.84173],[-122.67565,37.84852],[-122.69199,37.84501],[-122.71585,37.84562],[-122.75247,37.8577],[-122.76677,37.8658],[-122.77914,37.87613],[-122.78903,37.89376],[-122.81413,37.90108],[-122.8298,37.91033],[-122.84213,37.92332],[-122.85046,37.94559],[-122.88929,37.97411],[-122.90228,37.97739],[-122.90924,37.96464],[-122.91917,37.95484],[-122.93193,37.94667],[-122.95322,37.94109],[-123.02251,37.94206],[-123.05008,37.94802],[-123.06797,37.95867],[-123.07939,37.97194],[-123.08388,37.98337],[-123.08513,38.00843],[-123.0812,38.01897],[-123.0638,38.03649],[-123.01482,38.14913],[-123.02721,38.16417],[-123.03134,38.18146],[-123.04962,38.21429],[-123.10096,38.26136],[-123.11097,38.26726],[-123.13452,38.29626],[-123.14133,38.31134],[-123.141,38.32745],[-123.13431,38.34579],[-123.15574,38.3684],[-123.16476,38.38834],[-123.19616,38.41011],[-123.20407,38.4239],[-123.22022,38.44195],[-123.23639,38.45043],[-123.26919,38.45757],[-123.30674,38.47868],[-123.32381,38.49861],[-123.36093,38.5102],[-123.38457,38.53702],[-123.39416,38.55394],[-123.44839,38.60629],[-123.47052,38.63858],[-123.48854,38.65147],[-123.49867,38.66894],[-123.51058,38.68089],[-123.56609,38.70902],[-123.58692,38.72807],[-123.59196,38.74023],[-123.62612,38.75465],[-123.64125,38.76439],[-123.66004,38.78426],[-123.6827,38.79702],[-123.69259,38.81032],[-123.71781,38.82792],[-123.7253,38.84412],[-123.73792,38.85744],[-123.78468,38.89373],[-123.80651,38.94046],[-123.80986,38.96122],[-123.80607,38.97704],[-123.79722,38.98986],[-123.77661,39.00502],[-123.76315,39.00869],[-123.76197,39.04109],[-123.77831,39.06973],[-123.78611,39.09214],[-123.80746,39.12723],[-123.80921,39.14104],[-123.84077,39.18733],[-123.84602,39.1998],[-123.85009,39.2314],[-123.86341,39.25476],[-123.88018,39.3042],[-123.88102,39.31935],[-123.89308,39.33749],[-123.89494,39.34835],[-123.89681,39.37489],[-123.89045,39.3901],[-123.89245,39.40704],[-123.8871,39.42576],[-123.8889,39.44394],[-123.87438,39.48256],[-123.87513,39.49418],[-123.86783,39.50831],[-123.85265,39.51485],[-123.83465,39.54919],[-123.84939,39.57829],[-123.85252,39.59237],[-123.85192,39.64276],[-123.85718,39.67469],[-123.88031,39.68909],[-123.89037,39.70001],[-123.89574,39.71141],[-123.90402,39.75708],[-123.90097,39.78047],[-123.91053,39.79957],[-123.93859,39.81494],[-123.9536,39.82699],[-123.97348,39.85356],[-123.98295,39.87678],[-124.00545,39.88929],[-124.03535,39.93107],[-124.0786,39.97226],[-124.10858,39.97884],[-124.13326,39.99986],[-124.1441,40.01817],[-124.1441,40.0524],[-124.15376,40.06354],[-124.2312,40.09338],[-124.2721,40.13365],[-124.28783,40.13768],[-124.33369,40.16718],[-124.41103,40.22528],[-124.42129,40.2371],[-124.42822,40.25812],[-124.4279,40.2888],[-124.41828,40.31429],[-124.42794,40.33882],[-124.42806,40.36178],[-124.44471,40.37641],[-124.47244,40.41282],[-124.47862,40.4221],[-124.482,40.44032],[-124.47589,40.45976],[-124.45595,40.48405],[-124.44768,40.52971],[-124.42719,40.56209],[-124.40337,40.61317],[-124.3429,40.70883],[-124.29933,40.76848],[-124.29266,40.78809],[-124.28018,40.79993],[-124.23262,40.86929],[-124.19762,40.95053],[-124.18269,41.00131],[-124.20498,41.01364],[-124.22708,41.04662],[-124.2312,41.0655],[-124.24959,41.09902],[-124.24916,41.12016],[-124.25247,41.13408],[-124.24724,41.15282],[-124.23762,41.16596],[-124.21942,41.17769],[-124.19553,41.18458],[-124.17637,41.23715],[-124.17332,41.261],[-124.1607,41.28929],[-124.1634,41.29317],[-124.19233,41.29199],[-124.22003,41.30299],[-124.23821,41.32145],[-124.24242,41.3433],[-124.23819,41.35871],[-124.23109,41.36886],[-124.20651,41.38472],[-124.17656,41.39035],[-124.1542,41.38763],[-124.13997,41.38182],[-124.13323,41.43231],[-124.13691,41.44682],[-124.1365,41.46426],[-124.15794,41.51896],[-124.16049,41.54341],[-124.17227,41.55098],[-124.18499,41.56577],[-124.18834,41.574],[-124.19011,41.60819],[-124.20134,41.6194],[-124.20978,41.6352],[-124.21178,41.66191],[-124.20855,41.67382],[-124.21171,41.68119],[-124.23686,41.69464],[-124.26242,41.70186],[-124.3003,41.72415],[-124.33061,41.73379],[-124.36919,41.76341],[-124.39205,41.77238],[-124.41076,41.78831],[-124.43891,41.8245],[-124.44071,41.83874],[-124.43502,41.85651],[-124.41132,41.88206],[-124.38879,41.88676],[-124.35656,41.88515],[-124.33298,41.877],[-124.31194,41.85879],[-124.28503,41.85949],[-124.27965,41.87484],[-124.27612,41.90305],[-124.28569,41.91292],[-124.29194,41.9285],[-124.28993,41.94543],[-124.28477,41.95683],[-124.28858,41.96956],[-124.307,41.99291],[-124.33866,42.00326],[-124.34917,42.01639],[-124.37505,42.02923],[-124.39035,42.05017],[-124.40481,42.05942],[-124.41627,42.07485],[-124.42599,42.11791],[-124.43246,42.13185],[-124.43533,42.14986],[-124.43351,42.16483],[-124.45196,42.18784],[-124.47136,42.20372],[-124.48367,42.22961],[-124.48568,42.24984],[-124.47826,42.278],[-124.49033,42.29065],[-124.4949,42.30575],[-124.49407,42.32588],[-124.48654,42.33828],[-124.49533,42.34959],[-124.50001,42.3651],[-124.50032,42.38007],[-124.49415,42.39609],[-124.52709,42.40555],[-124.5427,42.41525],[-124.56176,42.43828],[-124.56951,42.45459],[-124.56722,42.47779],[-124.55465,42.49414],[-124.54752,42.49983],[-124.51869,42.51108],[-124.51216,42.52434],[-124.50122,42.53539],[-124.46535,42.55303],[-124.47407,42.5628],[-124.48084,42.58158],[-124.47355,42.61473],[-124.50849,42.61956],[-124.53031,42.63228],[-124.54059,42.64449],[-124.54572,42.65717],[-124.54743,42.6724],[-124.54413,42.68382],[-124.56123,42.69275],[-124.58469,42.7193],[-124.64213,42.71611],[-124.66464,42.72048],[-124.69071,42.73825],[-124.70034,42.75253],[-124.70354,42.77037],[-124.69581,42.79113],[-124.68063,42.80425],[-124.67176,42.82558],[-124.65512,42.84002],[-124.65246,42.85069],[-124.64515,42.86189],[-124.62213,42.8772],[-124.61596,42.89288],[-124.60686,42.90353],[-124.59183,42.91472],[-124.57235,42.92251],[-124.55351,42.95171],[-124.53061,42.99983],[-124.53299,42.99983],[-124.50533,43.06795],[-124.51636,43.10254],[-124.51584,43.12483],[-124.50597,43.14338],[-124.48161,43.15944],[-124.46524,43.20031],[-124.47126,43.21951],[-124.47033,43.2455],[-124.46501,43.25747],[-124.4555,43.26823],[-124.47485,43.28857],[-124.478,43.30346],[-124.47695,43.32937],[-124.46142,43.35012],[-124.4467,43.35816],[-124.44107,43.37288],[-124.42564,43.38589],[-124.38027,43.40285],[-124.34384,43.46501],[-124.29677,43.58596],[-124.28033,43.64839],[-124.28493,43.65987],[-124.2853,43.67273],[-124.27963,43.68715],[-124.2657,43.70156],[-124.24366,43.79166],[-124.20789,44.00213],[-124.21254,44.01412],[-124.21272,44.02457],[-124.20517,44.04064],[-124.19538,44.09746],[-124.19932,44.11125],[-124.20098,44.13952],[-124.18901,44.16422],[-124.18676,44.17648],[-124.18824,44.19153],[-124.18283,44.23095],[-124.18679,44.24466],[-124.18432,44.25798],[-124.18811,44.27097],[-124.18765,44.28856],[-124.16352,44.37484],[-124.15859,44.40608],[-124.15343,44.46504],[-124.16391,44.48841],[-124.16456,44.49984],[-124.15967,44.52341],[-124.14609,44.54022],[-124.14266,44.56327],[-124.13431,44.58318],[-124.14839,44.59835],[-124.15233,44.60934],[-124.14908,44.62484],[-124.13744,44.641],[-124.15201,44.6632],[-124.15396,44.67533],[-124.15104,44.69032],[-124.13912,44.71054],[-124.1483,44.74039],[-124.14531,44.75751],[-124.14776,44.77357],[-124.14372,44.80322],[-124.13955,44.81158],[-124.14156,44.83344],[-124.13621,44.84924],[-124.11657,44.86633],[-124.09793,44.92966],[-124.09848,44.94542],[-124.09063,44.96591],[-124.08621,45.00286],[-124.09748,45.02736],[-124.09356,45.05417],[-124.08142,45.08546],[-124.05581,45.12483],[-124.04479,45.166],[-124.04508,45.17979],[-124.05704,45.19884],[-124.05983,45.2156],[-124.05484,45.2302],[-124.04332,45.24517],[-124.04026,45.26883],[-124.04236,45.28218],[-124.04655,45.29317],[-124.07383,45.31751],[-124.07698,45.34185],[-124.06649,45.36697],[-124.05816,45.37641],[-124.04331,45.38406],[-124.0365,45.41334],[-124.03582,45.42205],[-124.05316,45.43574],[-124.06395,45.45151],[-124.06455,45.46757],[-124.05478,45.4887],[-124.05643,45.50215],[-124.05312,45.51423],[-124.0391,45.53024],[-124.02666,45.53788],[-124.02693,45.54601],[-124.03623,45.56303],[-124.03711,45.57172],[-124.03037,45.59249],[-124.02932,45.61246],[-124.01665,45.63212],[-124.01081,45.70828],[-124.01912,45.71273],[-124.02481,45.72023],[-124.0438,45.72731],[-124.06002,45.73954],[-124.06797,45.75032],[-124.06896,45.77272],[-124.06206,45.78974],[-124.05412,45.79753],[-124.05565,45.81649],[-124.05139,45.82684],[-124.0377,45.84161],[-124.042,45.84855],[-124.04335,45.88709],[-124.08016,45.90826],[-124.09057,45.92575],[-124.09192,45.94346],[-124.0849,45.96014],[-124.07082,45.97394],[-124.03954,45.98594],[-124.00813,46.00994],[-124.00278,46.02754],[-124.0098,46.08197],[-124.02306,46.11627],[-124.05066,46.16391],[-124.06731,46.18385],[-124.11128,46.1959],[-124.13354,46.21171],[-124.14703,46.22886],[-124.16234,46.2681],[-124.15943,46.28645],[-124.13521,46.34937],[-124.13053,46.40832],[-124.1353,46.5423],[-124.14195,46.58696],[-124.14329,46.63116],[-124.14967,46.65008],[-124.14526,46.67047],[-124.16851,46.73042],[-124.17513,46.79373],[-124.1812,46.79374],[-124.19458,46.84409],[-124.20947,46.87481],[-124.23439,46.89119],[-124.24664,46.91781],[-124.24971,46.95629],[-124.24154,46.99981],[-124.24413,47.05865],[-124.25129,47.09665],[-124.27366,47.14813],[-124.27366,47.16507],[-124.29586,47.21251],[-124.30637,47.24808],[-124.33605,47.26161],[-124.3513,47.27639],[-124.35907,47.29279],[-124.35964,47.30934],[-124.39135,47.32977],[-124.41355,47.36873],[-124.42173,47.39329],[-124.42173,47.40684],[-124.41939,47.41447],[-124.40654,47.42802],[-124.42056,47.45597],[-124.42173,47.46868],[-124.41706,47.48154],[-124.44002,47.56904],[-124.45316,47.58673],[-124.45512,47.60661],[-124.4614,47.62496],[-124.48696,47.6212],[-124.51492,47.62371],[-124.53758,47.63186],[-124.55591,47.64576],[-124.56554,47.66185],[-124.56655,47.68024],[-124.55941,47.69578],[-124.5403,47.71645],[-124.55619,47.72904],[-124.57591,47.75642],[-124.59905,47.77164],[-124.60809,47.78485],[-124.63321,47.80679],[-124.64184,47.81942],[-124.69059,47.84427],[-124.70418,47.85474],[-124.71216,47.86567],[-124.71715,47.879],[-124.7144,47.87902],[-124.72086,47.8883],[-124.73966,47.89755],[-124.75379,47.91052],[-124.76061,47.92728],[-124.75818,47.94398],[-124.79116,47.96171],[-124.80142,47.97918],[-124.80276,47.99979],[-124.797,48.01794],[-124.80115,48.03781],[-124.79664,48.04947],[-124.7861,48.06133],[-124.788,48.07597],[-124.78519,48.08711],[-124.79492,48.09698],[-124.80391,48.11429],[-124.82405,48.12931],[-124.83267,48.14772],[-124.84313,48.15843],[-124.84897,48.18137],[-124.84567,48.19489],[-124.82768,48.21383],[-124.80501,48.22432],[-124.7805,48.22858],[-124.79024,48.24636],[-124.78874,48.26637],[-124.77691,48.28359],[-124.76139,48.29569],[-124.77123,48.31604],[-124.77044,48.32354],[-124.78614,48.33188],[-124.79664,48.34413],[-124.81791,48.391],[-124.81251,48.41064],[-124.80118,48.42324],[-124.77357,48.43852],[-124.74584,48.44566],[-124.76528,48.46056],[-124.77226,48.47381],[-124.77018,48.49195],[-124.76303,48.49978],[-124.74971,48.49977],[-124.01206,48.29667],[-123.67906,48.24],[-123.54122,48.22455],[-123.24844,48.28402],[-123.11514,48.42283],[-123.15987,48.45351],[-123.21893,48.54871],[-123.26788,48.69399],[-123.00849,48.7671],[-123.00848,48.83122],[-123.32224,49.00207],[-122.09805,49.00242],[-121.75957,48.9973],[-121.33485,49.00092],[-117.03235,48.9992],[-117.03518,48.37088],[-117.04231,47.96229],[-117.03977,46.42589],[-117.03463,46.41784],[-117.04689,46.37962],[-117.06278,46.36518],[-117.06279,46.35361],[-117.05665,46.34581],[-117.03348,46.34124],[-117.0243,46.33628],[-117.02058,46.31479],[-117.00738,46.30524],[-116.99085,46.30023],[-116.98622,46.29595],[-116.9853,46.28919],[-116.9912,46.27696],[-116.9678,46.25847],[-116.95548,46.23098],[-116.96631,46.2092],[-116.96538,46.20312],[-116.94143,46.18468],[-116.93596,46.17523],[-116.92234,46.16877],[-116.92316,46.16036],[-116.93499,46.15353],[-116.93473,46.13729],[-116.94985,46.12449],[-116.95542,46.10186],[-116.97885,46.09585],[-116.98247,46.09193],[-116.98195,46.08485],[-116.97682,46.07904],[-116.95787,46.07546],[-116.94279,46.06112],[-116.94028,46.04669],[-116.92982,46.03568],[-116.92994,46.02365],[-116.92172,46.01594],[-116.91892,45.99871],[-116.91147,45.98905],[-116.89361,45.97758],[-116.89491,45.96892],[-116.8913,45.96033],[-116.87598,45.95477],[-116.86965,45.9238],[-116.8598,45.90726],[-116.84355,45.89227],[-116.81592,45.879],[-116.8049,45.86581],[-116.79646,45.86122],[-116.78779,45.84427],[-116.78907,45.83347],[-116.78214,45.82512],[-116.75979,45.81617],[-116.73578,45.82636],[-116.70975,45.82573],[-116.69719,45.82014],[-116.68082,45.79439],[-116.66527,45.78206],[-116.64634,45.77981],[-116.63203,45.78498],[-116.59421,45.77908],[-116.55944,45.75519],[-116.54809,45.75236],[-116.5357,45.73423],[-116.5382,45.71616],[-116.5354,45.69173],[-116.52396,45.67764],[-116.48882,45.6508],[-116.48773,45.64396],[-116.4825,45.63992],[-116.48281,45.63359],[-116.4721,45.6292],[-116.47288,45.62488],[-116.46424,45.61706],[-116.46326,45.61093],[-116.46472,45.60096],[-116.48267,45.58596],[-116.48242,45.57745],[-116.50276,45.56661],[-116.50697,45.55843],[-116.52074,45.5562],[-116.52832,45.55151],[-116.52344,45.54656],[-116.53173,45.53668],[-116.53548,45.52508],[-116.54384,45.51419],[-116.55746,45.50417],[-116.55309,45.49621],[-116.55881,45.48119],[-116.55483,45.46293],[-116.56397,45.46023],[-116.58819,45.44292],[-116.59745,45.41277],[-116.62338,45.39396],[-116.63234,45.37741],[-116.67379,45.32151],[-116.67216,45.28894],[-116.67449,45.27635],[-116.69139,45.26374],[-116.69876,45.24518],[-116.7037,45.2401],[-116.70411,45.22815],[-116.70975,45.21724],[-116.70954,45.20302],[-116.7242,45.1715],[-116.72961,45.14209],[-116.74554,45.13304],[-116.74686,45.12422],[-116.75284,45.12177],[-116.75464,45.11397],[-116.77485,45.10554],[-116.78354,45.0936],[-116.78371,45.07697],[-116.79733,45.06027],[-116.82513,45.03784],[-116.84131,45.03091],[-116.84794,45.0226],[-116.84462,45.00144],[-116.85675,44.9843],[-116.85798,44.97732],[-116.84857,44.97172],[-116.83974,44.98306],[-116.82627,44.98249],[-116.83645,44.96924],[-116.85098,44.96156],[-116.83199,44.93301],[-116.84889,44.90072],[-116.85243,44.88758],[-116.86534,44.8706],[-116.87714,44.86605],[-116.88775,44.8558],[-116.89862,44.85374],[-116.89625,44.84833],[-116.90015,44.83667],[-116.90577,44.83479],[-116.9221,44.81188],[-116.9311,44.80478],[-116.9338,44.79678],[-116.9307,44.78988],[-116.9347,44.78388],[-116.9709,44.77388],[-116.9989,44.75638],[-117.0138,44.75684],[-117.02,44.75102],[-117.03827,44.74818],[-117.04782,44.74153],[-117.05021,44.73257],[-117.06227,44.72714],[-117.0618,44.70665],[-117.07912,44.69217],[-117.0808,44.67377],[-117.09587,44.66474],[-117.09497,44.65201],[-117.09822,44.64069],[-117.10823,44.62711],[-117.11475,44.62488],[-117.12052,44.61466],[-117.12475,44.58383],[-117.14826,44.56437],[-117.14293,44.55724],[-117.14416,44.54565],[-117.14924,44.53615],[-117.16103,44.52517],[-117.18158,44.52296],[-117.18976,44.51338],[-117.20024,44.49203],[-117.20894,44.48566],[-117.22508,44.48235],[-117.22537,44.47548],[-117.21525,44.45215],[-117.21507,44.42716],[-117.22726,44.40524],[-117.24287,44.39556],[-117.23512,44.37385],[-117.19734,44.34741],[-117.18977,44.33658],[-117.20332,44.31302],[-117.2168,44.30824],[-117.22274,44.29833],[-117.21697,44.28836],[-117.19815,44.27383],[-117.17034,44.25889],[-117.14622,44.25803],[-117.13677,44.26039],[-117.11986,44.27827],[-117.10421,44.27994],[-117.09457,44.27098],[-117.0895,44.25823],[-117.06728,44.24401],[-117.05143,44.22875],[-117.04615,44.23067],[-117.04228,44.24278],[-117.03186,44.24864],[-116.97598,44.24287],[-116.97196,44.23568],[-116.97395,44.22593],[-116.97025,44.22084],[-116.9737,44.20802],[-116.97168,44.19726],[-116.94759,44.19126],[-116.93544,44.19396],[-116.92539,44.19154],[-116.91574,44.18315],[-116.90275,44.17947],[-116.89576,44.17127],[-116.8942,44.16232],[-116.90241,44.14517],[-116.91122,44.13999],[-116.91424,44.1273],[-116.92856,44.11516],[-116.9283,44.10733],[-116.9337,44.10004],[-116.94313,44.09406],[-116.9672,44.09094],[-116.97735,44.08536],[-116.97319,44.04942],[-116.95668,44.04415],[-116.942,44.0346],[-116.93613,44.02714],[-116.93686,44.0105],[-116.94494,44.00278],[-116.9353,43.98862],[-116.94002,43.98445],[-116.96083,43.98282],[-116.96641,43.9773],[-116.97604,43.97506],[-116.97088,43.9683],[-116.95921,43.96636],[-116.97243,43.95799],[-116.96048,43.9551],[-116.96914,43.93886],[-116.95933,43.92932],[-116.96153,43.91839],[-116.98114,43.91369],[-116.97603,43.89555],[-116.98386,43.88079],[-116.98294,43.86771],[-117.02003,43.85896],[-117.02012,43.85396],[-117.0107,43.84975],[-117.01158,43.84105],[-117.02516,43.84133],[-117.03258,43.83018],[-117.02155,43.8194],[-117.02663,43.80811],[-117.02683,43.73367],[-117.0262,41.99989],[-118.22319,41.99725],[-118.70789,41.99208],[-119.81004,41.99744],[-119.99923,41.99494],[-119.99981,41.16542]]],[[[-123.15333,37.80744],[-123.12611,37.82166],[-123.09526,37.82188],[-123.07049,37.81383],[-123.04882,37.79982],[-123.03873,37.78888],[-123.03384,37.77837],[-123.00111,37.77205],[-122.98741,37.76387],[-122.97326,37.74865],[-122.94998,37.73219],[-122.93971,37.71535],[-122.93571,37.69762],[-122.94136,37.67658],[-122.94907,37.66338],[-122.97301,37.64658],[-123.00111,37.63983],[-123.02715,37.64522],[-123.05358,37.65865],[-123.06859,37.67304],[-123.07492,37.69007],[-123.08606,37.70075],[-123.09285,37.71369],[-123.11558,37.71404],[-123.1326,37.71939],[-123.16275,37.74353],[-123.17293,37.7636],[-123.17382,37.77573],[-123.16911,37.79236],[-123.15333,37.80744]]],[[[178.60729,51.71653],[178.69878,51.70957],[178.73702,51.69495],[178.76993,51.69782],[178.81006,51.68691],[178.82703,51.68701],[178.86567,51.67562],[178.89347,51.67444],[178.92207,51.66864],[178.97243,51.64645],[178.98416,51.64732],[178.99951,51.64249],[179.01517,51.64558],[179.06062,51.63252],[179.07793,51.62112],[179.08886,51.60621],[179.08744,51.58354],[179.09475,51.57604],[179.11648,51.56918],[179.15055,51.5373],[179.17033,51.52304],[179.18716,51.51693],[179.19743,51.51814],[179.22682,51.51294],[179.26457,51.49231],[179.27467,51.47876],[179.28707,51.46983],[179.33189,51.46678],[179.35557,51.45814],[179.37108,51.4652],[179.42522,51.46283],[179.45214,51.45069],[179.47766,51.43109],[179.49249,51.42962],[179.52252,51.41916],[179.53537,51.40653],[179.55319,51.40002],[179.57691,51.37682],[179.57841,51.35435],[179.568,51.33938],[179.54368,51.31916],[179.51087,51.30827],[179.45939,51.31603],[179.40308,51.30686],[179.37167,51.30705],[179.35698,51.31073],[179.35824,51.30592],[179.33822,51.30506],[179.30929,51.3063],[179.29808,51.31103],[179.29678,51.30671],[179.28207,51.29982],[179.25552,51.29368],[179.2182,51.29498],[179.15066,51.31635],[179.12999,51.33341],[179.12203,51.35321],[179.10194,51.3661],[179.03273,51.39944],[178.9957,51.42205],[178.96936,51.42878],[178.95022,51.44506],[178.94542,51.46064],[178.89601,51.49254],[178.87267,51.48971],[178.86201,51.49414],[178.82354,51.4876],[178.79024,51.49247],[178.76201,51.50759],[178.74074,51.52355],[178.708,51.5374],[178.66723,51.54275],[178.64122,51.55584],[178.62456,51.56905],[178.59349,51.57826],[178.57692,51.58724],[178.56321,51.59984],[178.55177,51.59986],[178.53062,51.62474],[178.53181,51.6497],[178.54331,51.68234],[178.55949,51.70166],[178.58461,51.71189],[178.60729,51.71653]]],[[[178.22008,51.88874],[178.27008,51.87765],[178.29345,51.87859],[178.33218,51.87086],[178.36843,51.86055],[178.38635,51.84914],[178.40823,51.84157],[178.43115,51.82698],[178.44135,51.80933],[178.47904,51.78998],[178.49277,51.7769],[178.49799,51.76374],[178.49635,51.74453],[178.46922,51.71872],[178.40046,51.70362],[178.37043,51.70405],[178.32837,51.71924],[178.30747,51.71883],[178.2979,51.72364],[178.29371,51.72055],[178.24988,51.72448],[178.22785,51.7326],[178.20712,51.74675],[178.19729,51.76734],[178.18481,51.7702],[178.14053,51.79654],[178.12506,51.81402],[178.12093,51.83252],[178.12383,51.84399],[178.13158,51.85584],[178.15551,51.87533],[178.17583,51.8846],[178.19795,51.88887],[178.22008,51.88874]]],[[[177.94554,51.89563],[177.97441,51.91464],[177.99698,51.92204],[178.03435,51.92261],[178.06899,51.91449],[178.09371,51.89451],[178.10138,51.86714],[178.09795,51.8507],[178.08404,51.83535],[178.04488,51.82151],[177.99719,51.82204],[177.98272,51.82733],[177.96023,51.83705],[177.93547,51.8611],[177.93428,51.87577],[177.94554,51.89563]]],[[[179.45032,52.03133],[179.50831,52.03972],[179.52091,52.05417],[179.54087,52.06417],[179.65838,52.07828],[179.67904,52.07532],[179.70403,52.06371],[179.71845,52.05338],[179.75344,52.04716],[179.77102,52.04084],[179.78219,52.03344],[179.78878,52.02557],[179.79028,52.01838],[179.81921,52.01001],[179.84708,51.99248],[179.85706,51.97762],[179.85968,51.96037],[179.85102,51.93589],[179.83586,51.91748],[179.83573,51.91016],[179.82502,51.89203],[179.78507,51.86265],[179.75724,51.8548],[179.73526,51.85498],[179.71748,51.84096],[179.67167,51.82567],[179.62321,51.819],[179.57487,51.82683],[179.54837,51.83607],[179.48461,51.84804],[179.4568,51.8599],[179.44289,51.87589],[179.42354,51.88581],[179.4055,51.90952],[179.38969,51.9238],[179.38874,51.94193],[179.40456,51.96837],[179.40138,51.97309],[179.40873,52.00536],[179.4296,52.02359],[179.45032,52.03133]]],[[[177.22459,51.96981],[177.26002,51.97873],[177.27202,51.99399],[177.28743,52.00546],[177.32085,52.02124],[177.34829,52.02839],[177.38208,52.02926],[177.41643,52.03814],[177.41425,52.05319],[177.41803,52.06657],[177.426,52.07779],[177.45151,52.09398],[177.46064,52.09464],[177.45905,52.09857],[177.46918,52.12403],[177.49808,52.15164],[177.53064,52.17068],[177.57325,52.18716],[177.60777,52.18945],[177.64399,52.18443],[177.70378,52.16303],[177.74566,52.14161],[177.76461,52.12098],[177.76956,52.09785],[177.76791,52.07651],[177.76043,52.06118],[177.73462,52.03813],[177.72638,52.03603],[177.70831,52.00986],[177.70316,52.00704],[177.74176,51.99554],[177.77054,52.00146],[177.7934,51.99957],[177.84571,51.98379],[177.86927,51.96304],[177.874,51.95611],[177.87409,51.94396],[177.85145,51.91197],[177.83708,51.90228],[177.81919,51.89536],[177.7906,51.8924],[177.76261,51.89504],[177.73597,51.90214],[177.72174,51.89716],[177.68726,51.89543],[177.66922,51.88145],[177.63547,51.87071],[177.5986,51.87321],[177.57061,51.86394],[177.54641,51.86162],[177.51925,51.86693],[177.50435,51.86288],[177.45549,51.86136],[177.41624,51.87123],[177.41004,51.83372],[177.41936,51.82675],[177.4203,51.81902],[177.41521,51.79105],[177.39622,51.77389],[177.37162,51.76187],[177.34532,51.75775],[177.32688,51.75838],[177.29862,51.7629],[177.26175,51.78242],[177.25493,51.78972],[177.24234,51.79055],[177.2308,51.7984],[177.21346,51.81773],[177.20032,51.82442],[177.1772,51.82697],[177.15834,51.83359],[177.12901,51.84999],[177.11961,51.85874],[177.11201,51.87967],[177.11198,51.89055],[177.12134,51.91788],[177.13962,51.9356],[177.16596,51.94904],[177.22459,51.96981]]],[[[178.16272,52.10666],[178.18884,52.09868],[178.21156,52.08406],[178.22558,52.08038],[178.24737,52.06754],[178.26716,52.03746],[178.37846,52.02888],[178.40266,52.02171],[178.44042,52.03548],[178.4688,52.04119],[178.51241,52.04344],[178.61658,52.00938],[178.64332,51.99761],[178.66395,51.98285],[178.67131,51.95989],[178.6669,51.93026],[178.62568,51.88845],[178.58073,51.85956],[178.53159,51.84672],[178.5021,51.84695],[178.4773,51.85222],[178.41299,51.87537],[178.38381,51.89103],[178.37109,51.90685],[178.33092,51.89856],[178.28926,51.90086],[178.26054,51.91016],[178.25047,51.91964],[178.22898,51.92651],[178.19587,51.94885],[178.14281,51.93933],[178.10057,51.93991],[178.05968,51.94812],[178.03856,51.96037],[178.01631,51.97871],[178.01057,52.00067],[178.01507,52.01505],[178.00614,52.02145],[178.0004,52.03333],[178.00345,52.0496],[178.02057,52.07187],[178.04623,52.08861],[178.0769,52.10001],[178.10906,52.10275],[178.12198,52.10743],[178.16272,52.10666]]],[[[177.31541,52.16098],[177.34053,52.17033],[177.36736,52.17531],[177.40884,52.16764],[177.42578,52.15721],[177.44247,52.14146],[177.44598,52.13514],[177.44593,52.11134],[177.4288,52.09175],[177.40204,52.07968],[177.35522,52.0714],[177.33263,52.07522],[177.30519,52.09033],[177.2906,52.10216],[177.28135,52.11985],[177.28016,52.12759],[177.28361,52.1385],[177.31541,52.16098]]],[[[175.81133,52.43267],[175.85629,52.44039],[175.87478,52.43972],[175.89857,52.43195],[175.9179,52.43435],[175.95532,52.424],[175.96858,52.41615],[175.97861,52.41684],[176.00491,52.40951],[176.03104,52.39782],[176.04918,52.38565],[176.06452,52.36338],[176.06287,52.3502],[176.05402,52.33676],[176.03739,52.32127],[176.02439,52.31574],[176.01692,52.30408],[175.99775,52.29583],[175.9709,52.2887],[175.92008,52.28136],[175.89661,52.28127],[175.86246,52.28959],[175.83139,52.30558],[175.80136,52.33989],[175.78992,52.34801],[175.76348,52.38075],[175.77478,52.40768],[175.78253,52.41725],[175.81133,52.43267]]],[[[173.29812,52.4417],[173.30731,52.45804],[173.33669,52.47616],[173.37002,52.48296],[173.39367,52.49976],[173.43129,52.50867],[173.4805,52.50257],[173.4987,52.51693],[173.53474,52.52834],[173.54854,52.54168],[173.55903,52.54711],[173.60826,52.55988],[173.63909,52.55688],[173.65672,52.56412],[173.69224,52.5614],[173.77814,52.56611],[173.80417,52.56098],[173.82565,52.54607],[173.84778,52.53719],[173.85559,52.52834],[173.85492,52.51386],[173.84461,52.48888],[173.81245,52.46279],[173.79264,52.45266],[173.78059,52.45079],[173.7946,52.43328],[173.79817,52.39246],[173.80174,52.3781],[173.81408,52.35335],[173.79427,52.32502],[173.76656,52.30675],[173.74771,52.29998],[173.71371,52.29811],[173.6924,52.30188],[173.6726,52.29248],[173.63864,52.29426],[173.59744,52.30801],[173.58108,52.31916],[173.54827,52.32489],[173.5337,52.33178],[173.48159,52.32668],[173.46228,52.3277],[173.43576,52.33465],[173.37955,52.33815],[173.34912,52.34918],[173.31381,52.35227],[173.30405,52.35646],[173.28357,52.37402],[173.27258,52.39748],[173.27441,52.41664],[173.29812,52.4417]]],[[[173.82645,52.82733],[173.87064,52.8348],[173.90613,52.83134],[173.96479,52.81154],[173.98874,52.81236],[174.03788,52.79662],[174.05015,52.78909],[174.06839,52.79623],[174.11444,52.80336],[174.18335,52.78521],[174.20877,52.77566],[174.23273,52.7573],[174.23835,52.73882],[174.23783,52.70327],[174.22401,52.68342],[174.21176,52.6742],[174.16252,52.65674],[174.14674,52.65599],[174.10832,52.66449],[174.07933,52.66332],[174.05716,52.67169],[174.01799,52.67185],[173.95158,52.68573],[173.91615,52.69968],[173.85722,52.70928],[173.83797,52.71603],[173.80025,52.74034],[173.78871,52.74973],[173.77321,52.77336],[173.77608,52.79176],[173.78907,52.81035],[173.80201,52.81967],[173.82645,52.82733]]],[[[172.42554,52.97157],[172.46585,52.99383],[172.49575,53.00443],[172.52773,53.02333],[172.56228,53.03064],[172.58617,53.04387],[172.62316,53.05316],[172.68279,53.05494],[172.73442,53.06365],[172.76363,53.06526],[172.78795,53.06301],[172.83659,53.05104],[172.88835,53.05414],[172.91301,53.05076],[172.95416,53.03896],[172.99431,53.04755],[173.06184,53.0418],[173.10221,53.04588],[173.13221,53.04397],[173.21589,53.02036],[173.22917,53.01217],[173.23836,52.99977],[173.27891,53.00173],[173.32194,52.99213],[173.37141,52.96035],[173.38383,52.94116],[173.3926,52.90746],[173.40037,52.90677],[173.41805,52.91605],[173.43166,52.9175],[173.47408,52.90763],[173.48955,52.90012],[173.50255,52.89155],[173.51617,52.87398],[173.53753,52.8668],[173.56762,52.84187],[173.57708,52.83036],[173.58065,52.81549],[173.56939,52.79897],[173.55136,52.78489],[173.52606,52.77449],[173.46875,52.775],[173.44827,52.78125],[173.40338,52.77757],[173.40573,52.77148],[173.42169,52.75562],[173.41434,52.72816],[173.39854,52.71048],[173.36198,52.69576],[173.33024,52.69284],[173.30634,52.69887],[173.28742,52.70673],[173.26771,52.71998],[173.20963,52.73966],[173.1825,52.73842],[173.13276,52.73023],[173.10331,52.7298],[173.06272,52.74032],[173.04578,52.74886],[173.04417,52.73819],[173.03602,52.72847],[172.94309,52.68885],[172.90147,52.68161],[172.88298,52.68477],[172.85734,52.69575],[172.83561,52.70997],[172.81439,52.73085],[172.7877,52.72709],[172.76017,52.72742],[172.73695,52.72789],[172.71607,52.73242],[172.68015,52.74863],[172.63959,52.77979],[172.58732,52.80915],[172.47908,52.85524],[172.45045,52.85245],[172.42796,52.85613],[172.36259,52.88702],[172.35392,52.89499],[172.34785,52.90669],[172.35389,52.9358],[172.36582,52.95174],[172.37641,52.95962],[172.3996,52.96877],[172.42554,52.97157]]],[[[-154.91556,57.34987],[-154.88863,57.38192],[-154.8154,57.41279],[-154.81693,57.42425],[-154.79016,57.46142],[-154.76588,57.48095],[-154.75278,57.48718],[-154.74567,57.50711],[-154.72297,57.52795],[-154.70315,57.54202],[-154.67157,57.55715],[-154.62518,57.5729],[-154.61634,57.59377],[-154.60688,57.60325],[-154.57273,57.62059],[-154.51051,57.63203],[-154.48094,57.63186],[-154.4391,57.66849],[-154.40701,57.69053],[-154.32974,57.69318],[-154.26624,57.71595],[-154.24006,57.71547],[-154.12842,57.77067],[-154.1059,57.78857],[-154.00379,57.85025],[-153.97825,57.86147],[-153.96859,57.8749],[-153.94345,57.88567],[-153.9415,57.90043],[-153.93228,57.9092],[-153.91713,57.91656],[-153.87057,57.92878],[-153.82459,57.92701],[-153.78662,57.91771],[-153.74488,57.94001],[-153.63435,57.97137],[-153.55446,58.00282],[-153.48019,58.01884],[-153.4967,58.02775],[-153.50476,58.04033],[-153.50658,58.06623],[-153.50014,58.07955],[-153.4702,58.1087],[-153.43101,58.12819],[-153.40642,58.15146],[-153.36747,58.17929],[-153.31467,58.19301],[-153.28821,58.22553],[-153.27135,58.23849],[-153.20004,58.26625],[-153.18532,58.28297],[-153.12307,58.33022],[-152.92228,58.47219],[-152.9007,58.48399],[-152.88086,58.48979],[-152.86175,58.52005],[-152.8469,58.5315],[-152.81969,58.54268],[-152.77512,58.54941],[-152.77307,58.57422],[-152.76755,58.5866],[-152.73463,58.61109],[-152.73294,58.62244],[-152.71908,58.63538],[-152.69841,58.64864],[-152.61001,58.69228],[-152.5746,58.72533],[-152.54557,58.74245],[-152.49731,58.75532],[-152.47357,58.75726],[-152.43454,58.75078],[-152.40918,58.74186],[-152.39299,58.73046],[-152.38077,58.71127],[-152.3848,58.69042],[-152.34263,58.70138],[-152.31259,58.70045],[-152.24771,58.68073],[-152.21294,58.64863],[-152.21163,58.63723],[-152.18932,58.62026],[-152.18086,58.60583],[-152.17903,58.59344],[-152.18283,58.57397],[-152.15366,58.57335],[-152.11348,58.56166],[-152.09247,58.5491],[-152.06549,58.52676],[-152.06088,58.50083],[-152.06781,58.48861],[-152.07982,58.47859],[-152.11625,58.46271],[-152.14436,58.45771],[-152.18193,58.45786],[-152.18205,58.45195],[-152.10331,58.44721],[-152.07191,58.44003],[-152.05198,58.43126],[-152.02426,58.41262],[-151.96248,58.4],[-151.93229,58.39067],[-151.89522,58.3717],[-151.85453,58.39145],[-151.82397,58.39888],[-151.795,58.4006],[-151.75049,58.39466],[-151.72869,58.38621],[-151.7128,58.37398],[-151.70403,58.35734],[-151.70227,58.3415],[-151.70729,58.33134],[-151.73604,58.31182],[-151.75518,58.3034],[-151.72524,58.28754],[-151.69658,58.25977],[-151.69051,58.23513],[-151.70143,58.22251],[-151.69831,58.21543],[-151.7066,58.18782],[-151.73463,58.15678],[-151.76402,58.13663],[-151.78217,58.12876],[-151.84167,58.11314],[-151.86105,58.1106],[-151.88418,58.11296],[-151.93399,58.12572],[-151.94537,58.13244],[-151.96639,58.15374],[-152.03352,58.11178],[-152.05527,58.10453],[-152.26074,58.07336],[-152.2926,58.05585],[-152.31231,58.04964],[-152.34495,58.048],[-152.38257,58.05239],[-152.40423,58.05924],[-152.45335,58.05929],[-152.47452,58.04543],[-152.4589,58.0463],[-152.41445,58.03658],[-152.38017,58.01845],[-152.35871,58.01401],[-152.33342,58.00187],[-152.31171,57.97657],[-152.29709,57.97237],[-152.28164,57.97492],[-152.26563,57.97114],[-152.23558,57.94994],[-152.22021,57.93022],[-152.22887,57.90448],[-152.2559,57.86929],[-152.25523,57.86627],[-152.22655,57.85732],[-152.18238,57.84995],[-152.16112,57.84296],[-152.13795,57.82981],[-152.12101,57.80457],[-152.07979,57.6863],[-152.0461,57.66536],[-152.03486,57.65332],[-152.03101,57.62863],[-152.05348,57.60365],[-152.05126,57.59544],[-152.05642,57.57951],[-152.0635,57.5712],[-152.09626,57.55255],[-152.12512,57.53136],[-152.15264,57.51861],[-152.22244,57.4753],[-152.21649,57.43823],[-152.18237,57.4248],[-152.15652,57.40586],[-152.1597,57.38041],[-152.18634,57.35318],[-152.22739,57.33204],[-152.25848,57.32343],[-152.31492,57.31858],[-152.33768,57.32158],[-152.38315,57.33541],[-152.39549,57.34552],[-152.40209,57.3563],[-152.40209,57.38034],[-152.41558,57.38447],[-152.52601,57.32937],[-152.53767,57.30075],[-152.64272,57.23537],[-152.67655,57.22727],[-152.70182,57.22489],[-152.83563,57.21737],[-152.79884,57.20181],[-152.78521,57.19246],[-152.77917,57.18217],[-152.77437,57.16056],[-152.77738,57.14145],[-152.79295,57.12288],[-152.83416,57.09443],[-152.87686,57.07884],[-152.90434,57.07238],[-152.938,57.06617],[-153.00122,57.0644],[-153.09829,57.04031],[-153.10463,57.02811],[-153.11142,57.02251],[-153.11045,57.01158],[-153.12152,57.00153],[-153.14683,56.98748],[-153.16913,56.96703],[-153.20555,56.95322],[-153.23878,56.95232],[-153.27432,56.94273],[-153.32,56.94094],[-153.35771,56.94996],[-153.38797,56.94828],[-153.40453,56.95077],[-153.43919,56.96396],[-153.44909,56.97081],[-153.45905,56.9638],[-153.45768,56.956],[-153.46284,56.94774],[-153.47686,56.94132],[-153.45462,56.92643],[-153.44943,56.9134],[-153.45095,56.90034],[-153.46257,56.8855],[-153.4887,56.86367],[-153.50132,56.85667],[-153.5231,56.85252],[-153.54454,56.84237],[-153.59958,56.83393],[-153.61518,56.83438],[-153.64865,56.80418],[-153.66604,56.79484],[-153.69455,56.78564],[-153.71909,56.77871],[-153.76042,56.77647],[-153.74965,56.75908],[-153.74755,56.74504],[-153.76979,56.71181],[-153.78354,56.69756],[-153.80043,56.68993],[-153.83495,56.68805],[-153.85742,56.67641],[-153.89007,56.67171],[-153.90264,56.65334],[-153.91992,56.64254],[-153.95705,56.63332],[-153.99976,56.63495],[-153.98632,56.62587],[-153.98212,56.60901],[-153.90513,56.61158],[-153.88336,56.61868],[-153.84211,56.62056],[-153.7909,56.6101],[-153.76494,56.58808],[-153.75823,56.56849],[-153.76243,56.55674],[-153.8066,56.50936],[-153.82471,56.49713],[-153.84885,56.48605],[-153.88121,56.47748],[-153.90467,56.46198],[-153.91908,56.45699],[-153.93628,56.45346],[-153.95964,56.45515],[-153.981,56.45109],[-154.05788,56.44843],[-154.08145,56.45196],[-154.1054,56.45008],[-154.15334,56.46005],[-154.18819,56.44896],[-154.23361,56.44347],[-154.27504,56.44663],[-154.34056,56.4644],[-154.35601,56.45395],[-154.37834,56.44609],[-154.40318,56.44167],[-154.42988,56.44114],[-154.4526,56.44324],[-154.49821,56.45578],[-154.58199,56.42681],[-154.62888,56.38609],[-154.6571,56.37323],[-154.68904,56.3627],[-154.72573,56.35522],[-154.7633,56.35469],[-154.79493,56.35929],[-154.86294,56.38385],[-154.87301,56.39256],[-154.8817,56.4014],[-154.89309,56.42286],[-154.89385,56.44472],[-154.88669,56.45574],[-154.86138,56.47535],[-154.85457,56.48699],[-154.8209,56.51154],[-154.81237,56.52383],[-154.75811,56.55982],[-154.6687,56.59783],[-154.59748,56.63603],[-154.5405,56.65584],[-154.50752,56.65884],[-154.45894,56.65308],[-154.42998,56.65463],[-154.35211,56.63254],[-154.30538,56.65201],[-154.23667,56.66757],[-154.2393,56.69286],[-154.2336,56.70363],[-154.21783,56.72047],[-154.38552,56.83027],[-154.39276,56.83972],[-154.3932,56.84903],[-154.38772,56.89562],[-154.44006,56.9236],[-154.50244,56.94079],[-154.57748,56.95277],[-154.60861,56.97028],[-154.62397,56.99089],[-154.62854,57.00201],[-154.60113,57.03638],[-154.61978,57.16236],[-154.65028,57.17789],[-154.67976,57.19808],[-154.68577,57.21422],[-154.76709,57.21451],[-154.79861,57.22753],[-154.80703,57.22565],[-154.8311,57.23064],[-154.91403,57.26673],[-154.93122,57.28237],[-154.93369,57.29468],[-154.92646,57.31642],[-154.91033,57.33506],[-154.91556,57.34987]]],[[[-152.43749,58.94842],[-152.4409,58.96609],[-152.43737,58.97353],[-152.41402,58.99224],[-152.39386,58.99396],[-152.35275,59.00487],[-152.29471,59.00663],[-152.27273,59.0032],[-152.24565,58.99346],[-152.18822,59.01614],[-152.12905,59.01675],[-152.08337,59.00502],[-152.06567,59.01084],[-152.04039,59.01289],[-152.00211,59.00692],[-151.96492,58.99234],[-151.93718,58.9883],[-151.86778,58.94641],[-151.85759,58.93596],[-151.85164,58.91735],[-151.86067,58.89994],[-151.8832,58.88068],[-151.91205,58.87041],[-151.93639,58.86738],[-151.95157,58.85219],[-151.96488,58.84478],[-151.98158,58.83728],[-152.01717,58.82852],[-152.03653,58.82784],[-152.06678,58.83301],[-152.10859,58.84461],[-152.13407,58.85812],[-152.19536,58.84063],[-152.24964,58.84067],[-152.27553,58.82727],[-152.29291,58.82265],[-152.34071,58.82039],[-152.38329,58.82829],[-152.40145,58.83667],[-152.41375,58.84761],[-152.42595,58.87337],[-152.45258,58.88487],[-152.4607,58.89545],[-152.46543,58.90634],[-152.46486,58.92422],[-152.45207,58.93948],[-152.43749,58.94842]]],[[[-146.50736,59.3968],[-146.49438,59.41992],[-146.4622,59.44883],[-146.44666,59.45917],[-146.42783,59.46667],[-146.43392,59.47684],[-146.43574,59.48722],[-146.43199,59.5001],[-146.42064,59.51356],[-146.42906,59.52389],[-146.43276,59.53502],[-146.43144,59.54629],[-146.4258,59.55632],[-146.41422,59.56696],[-146.3979,59.57586],[-146.35515,59.58645],[-146.32613,59.58735],[-146.29786,59.5839],[-146.27417,59.57695],[-146.25419,59.56625],[-146.24297,59.55551],[-146.23721,59.54371],[-146.23725,59.53155],[-146.24292,59.51995],[-146.20605,59.5097],[-146.17944,59.4917],[-146.16885,59.47797],[-146.16667,59.46297],[-146.15167,59.44963],[-146.14534,59.43436],[-146.14953,59.41718],[-146.16398,59.40245],[-146.18844,59.39043],[-146.21853,59.38352],[-146.25354,59.35767],[-146.28232,59.34851],[-146.32233,59.34491],[-146.36523,59.33509],[-146.41407,59.33618],[-146.4733,59.35167],[-146.48955,59.36055],[-146.50175,59.37199],[-146.50774,59.38464],[-146.50736,59.3968]]],[[[-136.46466,57.83729],[-136.55296,57.85154],[-136.61666,57.86922],[-136.64462,57.88377],[-136.65857,57.90145],[-136.66212,57.92031],[-136.6605,57.93887],[-136.64846,57.95832],[-136.65622,57.97847],[-136.65113,57.99378],[-136.66938,57.99855],[-136.67915,58.01427],[-136.67889,58.03629],[-136.66859,58.04851],[-136.66149,58.06382],[-136.65024,58.10263],[-136.61516,58.12071],[-136.51027,58.15346],[-136.51543,58.18058],[-136.54476,58.16445],[-136.59059,58.15197],[-136.61634,58.14723],[-136.65839,58.14565],[-136.71155,58.15567],[-136.73894,58.16606],[-136.76199,58.17941],[-136.81441,58.18879],[-136.84398,58.20676],[-136.85323,58.21916],[-136.85521,58.23085],[-136.88074,58.25078],[-136.89777,58.25952],[-136.93783,58.2686],[-136.97484,58.29604],[-137.00866,58.33315],[-137.0145,58.34431],[-137.04513,58.33014],[-137.07235,58.32362],[-137.1203,58.32966],[-137.14959,58.34131],[-137.24753,58.39285],[-137.31583,58.41011],[-137.35915,58.43038],[-137.37417,58.44091],[-137.41481,58.45114],[-137.45046,58.46432],[-137.53352,58.50939],[-137.57973,58.52801],[-137.60256,58.54175],[-137.67505,58.55484],[-137.72061,58.57086],[-137.76222,58.5965],[-137.76843,58.62716],[-137.77594,58.64075],[-137.86955,58.69156],[-137.99604,58.7495],[-138.01713,58.77127],[-138.02161,58.79002],[-138.02929,58.8055],[-138.02711,58.81864],[-138.01152,58.83868],[-138.02147,58.86145],[-138.11538,58.91976],[-138.22408,58.96885],[-138.25251,58.98944],[-138.34993,59.02236],[-138.47141,59.0491],[-138.6377,59.07964],[-138.75855,59.12653],[-138.8739,59.18017],[-138.96701,59.21155],[-139.05104,59.23365],[-139.26195,59.28163],[-139.39027,59.31738],[-139.58189,59.37838],[-139.71637,59.43431],[-139.90284,59.49798],[-140.4251,59.65703],[-140.67611,59.66894],[-140.91287,59.69846],[-141.05222,59.73785],[-141.4061,59.82381],[-141.75502,59.91874],[-141.9139,59.95827],[-142.00184,59.9746],[-142.13809,59.98748],[-142.29727,60.01183],[-142.40847,60.02032],[-142.45365,60.02027],[-142.49549,60.03306],[-142.57799,60.04352],[-142.75738,60.05223],[-142.82604,60.0511],[-143.11704,60.0195],[-143.53945,59.99994],[-143.6427,59.98882],[-143.75895,59.96606],[-143.84198,59.94521],[-143.89521,59.94265],[-143.94668,59.93083],[-144.03359,59.91967],[-144.14408,59.91945],[-144.41051,59.74627],[-144.54218,59.71932],[-144.67677,59.7274],[-144.7781,59.77856],[-144.7778,59.82993],[-144.64173,59.92439],[-144.53968,60.01015],[-144.60728,60.07835],[-144.77602,60.12959],[-145.09797,60.14611],[-145.31769,60.17969],[-145.62169,60.2558],[-145.82432,60.31512],[-145.97657,60.31465],[-146.17931,60.28006],[-146.46571,60.2125],[-146.73431,60.15414],[-146.93928,60.10385],[-147.00257,60.09754],[-147.10194,60.08134],[-147.16157,60.05299],[-147.24174,59.99832],[-147.27113,59.96344],[-147.28094,59.92357],[-147.28096,59.87873],[-147.33483,59.83387],[-147.52085,59.77408],[-147.68724,59.74168],[-147.81938,59.73667],[-147.95644,59.74413],[-148.03966,59.76905],[-148.10075,59.8157],[-148.21851,59.87564],[-148.43722,59.89281],[-148.60548,59.8843],[-148.9802,59.89372],[-149.26962,59.84542],[-149.4675,59.73377],[-149.6213,59.52752],[-150.45646,59.30869],[-150.80106,59.23183],[-150.99219,59.18084],[-151.25529,59.13776],[-151.37472,59.11067],[-151.44417,59.09969],[-151.85538,59.07762],[-153.02118,59.00245],[-153.18409,58.90573],[-153.16514,58.89271],[-153.15284,58.86902],[-153.15165,58.85756],[-153.15235,58.84758],[-153.16703,58.82302],[-153.18637,58.80762],[-153.2025,58.80133],[-153.17664,58.78466],[-153.16592,58.76498],[-153.16685,58.75518],[-153.18696,58.72935],[-153.21407,58.71638],[-153.2448,58.70747],[-153.27803,58.7069],[-153.30723,58.70916],[-153.31802,58.71296],[-153.37158,58.67327],[-153.47878,58.64169],[-153.4579,58.62346],[-153.44702,58.59841],[-153.45184,58.58497],[-153.46148,58.57261],[-153.4918,58.5555],[-153.51515,58.5484],[-153.59267,58.54225],[-153.6098,58.51975],[-153.628,58.5083],[-153.6541,58.4996],[-153.69236,58.49351],[-153.77841,58.50404],[-153.79948,58.50922],[-153.81066,58.51539],[-153.82107,58.4878],[-153.84442,58.47226],[-153.88179,58.4565],[-153.8839,58.43855],[-153.87672,58.43076],[-153.8726,58.41514],[-153.86417,58.40878],[-153.85852,58.3976],[-153.85856,58.37427],[-153.90933,58.3291],[-153.92599,58.31979],[-153.97004,58.31272],[-154.03904,58.23036],[-154.05246,58.20118],[-154.05292,58.1892],[-154.05897,58.17521],[-154.07009,58.16236],[-154.08282,58.15401],[-154.10892,58.14601],[-154.11041,58.13139],[-154.11956,58.11323],[-154.13365,58.10014],[-154.15519,58.09098],[-154.2118,58.08029],[-154.22047,58.06617],[-154.26552,58.03823],[-154.28818,58.03082],[-154.33513,58.02671],[-154.39074,57.9993],[-154.53959,57.9882],[-154.58913,57.98978],[-154.70899,57.9823],[-154.74775,57.96919],[-154.80093,57.95915],[-154.84037,57.96222],[-154.8653,57.96764],[-154.8938,57.98354],[-154.94074,57.97507],[-154.96969,57.92785],[-154.99402,57.86319],[-155.04352,57.81239],[-155.07888,57.79534],[-155.09942,57.79124],[-155.12902,57.78795],[-155.16086,57.79059],[-155.15071,57.77196],[-155.15006,57.75002],[-155.20996,57.71626],[-155.24579,57.6816],[-155.277,57.67611],[-155.2762,57.66995],[-155.28095,57.65683],[-155.3004,57.64289],[-155.36091,57.62503],[-155.45986,57.63765],[-155.58911,57.60828],[-155.60103,57.61084],[-155.63949,57.60227],[-155.63257,57.58681],[-155.6455,57.52236],[-155.66796,57.50835],[-155.71926,57.49742],[-155.84448,57.49751],[-155.85079,57.48838],[-155.91981,57.43303],[-155.93976,57.41287],[-155.97892,57.3959],[-156.09835,57.37985],[-156.14183,57.35363],[-156.1672,57.34585],[-156.17105,57.33407],[-156.18416,57.31723],[-156.1967,57.3102],[-156.24704,57.24378],[-156.24176,57.23218],[-156.22539,57.21731],[-156.21451,57.19518],[-156.22781,57.16246],[-156.26276,57.1336],[-156.31648,57.1055],[-156.31167,57.06792],[-156.3307,57.05084],[-156.33071,56.74928],[-157.12976,56.2687],[-157.09871,56.23831],[-158.0,55.63944],[-159.44687,55.63853],[-159.4691,55.61925],[-159.48881,55.60894],[-159.52152,55.60089],[-159.51084,55.58622],[-159.50398,55.56735],[-159.50505,55.55811],[-159.51145,55.54962],[-159.53815,55.53201],[-159.58466,55.52426],[-159.63339,55.52361],[-159.6553,55.52889],[-159.95114,55.50758],[-159.9519,55.50223],[-159.96325,55.48968],[-159.99515,55.46847],[-160.00205,55.45908],[-160.01826,55.45231],[-160.04116,55.44888],[-160.0593,55.41621],[-160.05289,55.40711],[-160.05528,55.39948],[-160.05054,55.39578],[-160.00188,55.38838],[-159.99637,55.39019],[-159.96192,55.36866],[-159.93258,55.33698],[-159.88356,55.3452],[-159.8433,55.34005],[-159.80421,55.32397],[-159.7925,55.31715],[-159.7668,55.29308],[-159.75789,55.27568],[-159.74843,55.24263],[-159.73789,55.22229],[-159.73598,55.22611],[-159.70427,55.23987],[-159.68703,55.2433],[-159.66021,55.24291],[-159.64342,55.25467],[-159.60906,55.26779],[-159.57302,55.31214],[-159.54433,55.32841],[-159.52197,55.33419],[-159.4826,55.33629],[-159.44781,55.3291],[-159.41531,55.31538],[-159.40179,55.30221],[-159.39739,55.28041],[-159.39949,55.25979],[-159.41979,55.2499],[-159.42027,55.22304],[-159.42604,55.21234],[-159.42708,55.20115],[-159.4081,55.1744],[-159.40467,55.15974],[-159.40586,55.13741],[-159.41089,55.1235],[-159.37614,55.12321],[-159.34848,55.1129],[-159.32199,55.11825],[-159.30363,55.11649],[-159.25283,55.10617],[-159.23342,55.09864],[-159.21658,55.08744],[-159.20919,55.07725],[-159.20431,55.06601],[-159.2032,55.04334],[-159.2123,55.02584],[-159.25506,55.0062],[-159.25014,54.9981],[-159.21361,54.98425],[-159.17943,54.97676],[-159.14161,54.96054],[-159.12601,54.94971],[-159.11326,54.93033],[-159.11179,54.91569],[-159.1327,54.88553],[-159.20152,54.83367],[-159.2266,54.82068],[-159.27736,54.81121],[-159.3337,54.81862],[-159.3623,54.82832],[-159.38064,54.84039],[-159.39539,54.85821],[-159.4169,54.87225],[-159.43178,54.8942],[-159.43928,54.896],[-159.45741,54.89252],[-159.50326,54.90075],[-159.54144,54.92395],[-159.5466,54.93358],[-159.54078,54.96012],[-159.54325,54.97637],[-159.56482,54.99139],[-159.58034,54.9876],[-159.67656,54.98724],[-159.70704,54.99749],[-159.70351,54.99979],[-159.7245,55.01779],[-159.7284,54.99999],[-159.73474,54.99025],[-159.76088,54.97183],[-159.77399,54.96849],[-159.76756,54.95661],[-159.77573,54.93784],[-159.78888,54.92566],[-159.81604,54.90953],[-159.8461,54.90243],[-159.87503,54.90424],[-159.90692,54.90947],[-159.93698,54.91905],[-159.95298,54.92938],[-159.95386,54.92001],[-159.9588,54.91322],[-159.97128,54.9005],[-159.98682,54.89122],[-160.03449,54.8796],[-160.06592,54.88108],[-160.09398,54.89038],[-160.09802,54.88542],[-160.10117,54.86948],[-160.11304,54.85492],[-160.15542,54.82902],[-160.20773,54.80734],[-160.24196,54.80347],[-160.25811,54.80689],[-160.30281,54.82975],[-160.31578,54.84329],[-160.32371,54.85557],[-160.32336,54.85977],[-160.32988,54.86391],[-160.3372,54.87728],[-160.34318,54.89436],[-160.34339,54.93088],[-160.33607,54.94991],[-160.32685,54.95969],[-160.29766,54.97647],[-160.3018,54.98147],[-160.3014,54.98633],[-160.29286,55.00067],[-160.24436,55.02258],[-160.25652,55.02879],[-160.26192,55.0352],[-160.265,55.0507],[-160.26271,55.07285],[-160.27781,55.08886],[-160.28852,55.11162],[-160.28532,55.12456],[-160.27095,55.13887],[-160.24563,55.15238],[-160.21459,55.16012],[-160.20618,55.17219],[-160.19025,55.18535],[-160.14968,55.19638],[-160.14957,55.21017],[-160.13009,55.23868],[-160.15599,55.25381],[-160.16728,55.27253],[-160.16765,55.27985],[-160.18199,55.2886],[-160.19077,55.31538],[-160.2005,55.32316],[-160.20358,55.33577],[-160.2257,55.34672],[-160.23897,55.34027],[-160.2193,55.32246],[-160.21579,55.30828],[-160.22135,55.28923],[-160.23823,55.27252],[-160.23411,55.25685],[-160.24254,55.24106],[-160.27837,55.20507],[-160.29274,55.198],[-160.32117,55.19346],[-160.36683,55.19647],[-160.36784,55.18442],[-160.37691,55.16542],[-160.41152,55.14628],[-160.41792,55.13228],[-160.43937,55.11966],[-160.44692,55.10817],[-160.43177,55.09467],[-160.4272,55.07614],[-160.43093,55.06486],[-160.46084,55.03585],[-160.47834,55.02947],[-160.51947,55.02512],[-160.57326,55.03698],[-160.59173,55.05277],[-160.59842,55.06402],[-160.60248,55.08318],[-160.59869,55.09406],[-160.60768,55.09836],[-160.61249,55.0955],[-160.64897,55.09629],[-160.67827,55.10739],[-160.69917,55.10754],[-160.70969,55.11205],[-160.72338,55.09982],[-160.78636,55.07082],[-160.83677,55.06815],[-160.8677,55.07556],[-160.89968,55.09535],[-160.90773,55.11304],[-160.90721,55.12391],[-160.90146,55.13555],[-160.90615,55.15259],[-160.90506,55.15945],[-160.93559,55.17823],[-160.94148,55.18849],[-160.9427,55.20233],[-160.93306,55.22413],[-160.92236,55.23806],[-160.93864,55.25265],[-160.94395,55.26382],[-160.93864,55.29176],[-160.94945,55.31122],[-160.95342,55.32537],[-160.94434,55.34157],[-160.93109,55.35652],[-160.89965,55.37861],[-160.8924,55.38067],[-160.88766,55.39664],[-160.85901,55.41987],[-160.9079,55.42037],[-160.93282,55.40565],[-160.9959,55.38124],[-161.1388,55.33747],[-161.15374,55.32379],[-161.19299,55.30814],[-161.23952,55.29846],[-161.23871,55.29605],[-161.18561,55.28576],[-161.17282,55.29538],[-161.12859,55.31339],[-161.08999,55.31665],[-161.069,55.31239],[-161.0311,55.29474],[-161.01972,55.28466],[-161.01292,55.26299],[-161.01604,55.25142],[-161.02653,55.23911],[-161.05863,55.22013],[-161.08038,55.21436],[-161.10659,55.21229],[-161.13167,55.21394],[-161.15551,55.22246],[-161.16787,55.21092],[-161.18136,55.20423],[-161.20498,55.19832],[-161.24851,55.19326],[-161.25317,55.18671],[-161.24444,55.17305],[-161.24321,55.1635],[-161.2512,55.14646],[-161.2465,55.12698],[-161.25468,55.1134],[-161.27226,55.10009],[-161.31357,55.08662],[-161.34574,55.08524],[-161.37539,55.08916],[-161.39872,55.07204],[-161.41773,55.06682],[-161.41759,55.06206],[-161.38992,55.05455],[-161.37372,55.04596],[-161.36123,55.03383],[-161.35315,55.0196],[-161.3526,55.00998],[-161.35952,54.99145],[-161.38488,54.97396],[-161.3941,54.96849],[-161.41699,54.96315],[-161.44078,54.96375],[-161.45132,54.95497],[-161.47009,54.94973],[-161.49301,54.95454],[-161.52587,54.95159],[-161.55346,54.95446],[-161.56756,54.95749],[-161.58458,54.96795],[-161.59137,54.96367],[-161.62777,54.95749],[-161.65948,54.95638],[-161.67228,54.95925],[-161.66693,54.94293],[-161.66668,54.92812],[-161.68807,54.90757],[-161.71728,54.89574],[-161.71001,54.89159],[-161.66759,54.88287],[-161.6524,54.87504],[-161.64104,54.86369],[-161.63007,54.84035],[-161.61571,54.83892],[-161.57674,54.81421],[-161.56474,54.7972],[-161.56633,54.78475],[-161.57655,54.76071],[-161.59031,54.74985],[-161.60493,54.74242],[-161.63984,54.73616],[-161.6728,54.73781],[-161.69837,54.74744],[-161.71019,54.73915],[-161.75367,54.72759],[-161.76577,54.72774],[-161.76506,54.72446],[-161.78273,54.70676],[-161.80937,54.69293],[-161.84102,54.68452],[-161.86195,54.68982],[-161.87462,54.68646],[-161.88911,54.68695],[-161.93584,54.69524],[-161.95705,54.70825],[-161.96467,54.71693],[-161.98329,54.71209],[-162.01186,54.71842],[-162.04558,54.70568],[-162.05657,54.70453],[-162.03325,54.68106],[-162.02852,54.65912],[-162.03465,54.64478],[-162.04802,54.63191],[-162.06288,54.62518],[-162.10485,54.61829],[-162.16109,54.62651],[-162.18728,54.63958],[-162.20592,54.63497],[-162.2314,54.63682],[-162.24047,54.64053],[-162.2423,54.61667],[-162.25273,54.60337],[-162.2794,54.58235],[-162.30928,54.57512],[-162.32187,54.57583],[-162.31731,54.57243],[-162.31511,54.54572],[-162.32179,54.53193],[-162.33781,54.5178],[-162.36504,54.50769],[-162.39192,54.50489],[-162.42851,54.50767],[-162.46514,54.52485],[-162.47982,54.54093],[-162.48375,54.5585],[-162.47835,54.57562],[-162.46417,54.58752],[-162.47753,54.59522],[-162.48791,54.61025],[-162.49035,54.62238],[-162.48363,54.64006],[-162.45988,54.66652],[-162.47723,54.67026],[-162.50701,54.6827],[-162.52624,54.69469],[-162.53936,54.70721],[-162.54965,54.72537],[-162.55493,54.74934],[-162.54697,54.76456],[-162.53314,54.77661],[-162.51273,54.78537],[-162.48308,54.79272],[-162.51261,54.81149],[-162.53845,54.81098],[-162.56937,54.81513],[-162.59998,54.82681],[-162.61893,54.84523],[-162.6146,54.8779],[-162.60642,54.89021],[-162.57889,54.90852],[-162.59138,54.90695],[-162.61332,54.91344],[-162.643,54.93332],[-162.65111,54.92216],[-162.69386,54.90815],[-162.70683,54.90916],[-162.73259,54.89576],[-162.76189,54.88974],[-162.7908,54.88882],[-162.79146,54.87834],[-162.80424,54.86637],[-162.82206,54.85659],[-162.84681,54.84843],[-162.8939,54.84424],[-162.93074,54.85911],[-162.9678,54.88252],[-163.0632,54.87952],[-163.06288,54.8696],[-163.07939,54.85384],[-163.09703,54.84687],[-163.11009,54.84619],[-163.12053,54.8355],[-163.1373,54.82982],[-163.14174,54.82025],[-163.1272,54.81271],[-163.11531,54.81321],[-163.10494,54.80938],[-163.07085,54.78874],[-163.0578,54.77341],[-163.02824,54.75722],[-163.01222,54.7391],[-162.98432,54.72306],[-162.96861,54.7087],[-162.96204,54.68206],[-162.95189,54.66602],[-162.95478,54.65982],[-162.98602,54.63769],[-162.99979,54.62353],[-163.02563,54.61115],[-163.05914,54.6062],[-163.10977,54.61131],[-163.12618,54.61582],[-163.14077,54.61332],[-163.2251,54.61729],[-163.30612,54.60794],[-163.41394,54.60038],[-163.43588,54.60281],[-163.46621,54.58687],[-163.50108,54.58201],[-163.50403,54.57493],[-163.52618,54.55166],[-163.56405,54.53959],[-163.59356,54.54114],[-163.7128,54.57019],[-163.75787,54.57203],[-163.95294,54.56844],[-164.00178,54.5636],[-164.05617,54.56365],[-164.12267,54.55612],[-164.22786,54.52366],[-164.23957,54.5137],[-164.23662,54.49991],[-164.24916,54.47802],[-164.25001,54.46793],[-164.27668,54.43721],[-164.31629,54.41143],[-164.34687,54.39657],[-164.38609,54.38473],[-164.41499,54.36882],[-164.45722,54.364],[-164.48706,54.3696],[-164.50221,54.36322],[-164.61711,54.33887],[-164.66334,54.33754],[-164.70597,54.3442],[-164.74062,54.33726],[-164.77645,54.33908],[-164.80538,54.34554],[-164.9013,54.37465],[-164.92489,54.39166],[-164.96191,54.42666],[-164.97258,54.44089],[-164.98281,54.44462],[-164.99563,54.45731],[-165.00827,54.49138],[-165.02697,54.52077],[-165.03113,54.5531],[-165.03677,54.56189],[-165.03616,54.5766],[-165.01962,54.6067],[-164.99948,54.62625],[-164.87686,54.67543],[-164.86368,54.67612],[-164.83517,54.68734],[-164.78278,54.6917],[-164.70608,54.77348],[-164.69851,54.80154],[-164.65118,54.8442],[-164.64404,54.88542],[-164.63754,54.90076],[-164.62774,54.91153],[-164.61426,54.92388],[-164.60126,54.93064],[-164.58248,54.93452],[-164.57217,54.94391],[-164.55282,54.95045],[-164.52118,54.96912],[-164.47525,54.97627],[-164.41815,54.97956],[-164.36096,54.9691],[-164.30752,54.95146],[-164.29788,54.95264],[-164.26776,54.96418],[-164.22657,54.99033],[-164.20409,55.00062],[-164.15787,55.01565],[-164.10968,55.01816],[-164.08559,55.01565],[-164.04745,55.02066],[-164.01533,55.03692],[-163.95018,55.07881],[-163.9127,55.09058],[-163.85866,55.08898],[-163.80391,55.10579],[-163.7703,55.10883],[-163.66609,55.09455],[-163.63069,55.09323],[-163.56795,55.10016],[-163.45894,55.12814],[-163.35638,55.16568],[-163.29068,55.1934],[-163.20752,55.21967],[-163.14133,55.23196],[-162.9828,55.33562],[-162.94987,55.36042],[-162.93516,55.38205],[-162.90516,55.39477],[-162.86998,55.41526],[-162.83018,55.42943],[-162.72697,55.45887],[-162.68156,55.46318],[-162.64504,55.4885],[-162.60835,55.49777],[-162.57088,55.51582],[-162.54723,55.52875],[-162.50023,55.57285],[-162.41509,55.62661],[-162.32049,55.70472],[-162.28979,55.72487],[-162.17227,55.77353],[-162.13419,55.80906],[-162.10364,55.81948],[-162.06082,55.82514],[-162.04358,55.83203],[-162.03287,55.84426],[-162.01135,55.85115],[-162.00225,55.84875],[-161.98102,55.85942],[-161.90619,55.9122],[-161.85825,55.9325],[-161.82575,55.94266],[-161.7295,55.95487],[-161.60041,55.98672],[-161.42866,56.01157],[-161.21111,56.06741],[-161.15992,56.0714],[-161.04474,56.0714],[-160.92957,56.07938],[-160.86559,56.07938],[-160.75041,56.07141],[-160.65443,56.07141],[-160.61604,56.06742],[-160.58404,56.07939],[-160.55845,56.09933],[-160.54566,56.11528],[-160.53286,56.15516],[-160.52007,56.17909],[-160.51367,56.20302],[-160.47874,56.23584],[-160.43943,56.29881],[-160.41316,56.32173],[-160.38679,56.33477],[-160.33015,56.35574],[-160.30558,56.36921],[-160.26137,56.40807],[-160.22542,56.4336],[-160.1642,56.45496],[-160.11153,56.4656],[-160.06914,56.48028],[-159.99406,56.51641],[-159.96065,56.54345],[-159.90514,56.57818],[-159.87017,56.59086],[-159.58098,56.67292],[-159.50228,56.7028],[-159.42574,56.74019],[-159.37636,56.75397],[-159.35122,56.75772],[-159.17391,56.81445],[-159.08157,56.85289],[-158.98157,56.91113],[-158.9194,56.93822],[-158.89359,56.94506],[-158.89348,56.99984],[-158.06982,58.49032],[-158.14787,58.54378],[-158.18942,58.54049],[-158.21303,58.5426],[-158.60523,58.45559],[-158.60467,58.44633],[-158.61435,58.43371],[-158.62473,58.42203],[-158.63821,58.41325],[-158.65449,58.40729],[-158.68954,58.40168],[-158.70224,58.38838],[-158.72011,58.37606],[-158.74472,58.36373],[-158.77268,58.35493],[-158.81033,58.34715],[-158.87667,58.34193],[-158.91168,58.34291],[-158.96551,58.3528],[-158.99191,58.3406],[-159.01872,58.33414],[-159.04767,58.33434],[-159.07885,58.33926],[-159.10788,58.34754],[-159.14839,58.3703],[-159.15984,58.38519],[-159.16238,58.39523],[-159.16218,58.40356],[-159.15139,58.41577],[-159.40473,58.66596],[-159.54468,58.77842],[-159.64693,58.78608],[-159.70169,58.7964],[-159.71886,58.77667],[-159.7481,58.76031],[-159.81172,58.73545],[-159.89386,58.71504],[-159.93908,58.71791],[-160.00437,58.74461],[-160.01443,58.75979],[-160.02821,58.76407],[-160.05279,58.78397],[-160.08915,58.8063],[-160.11301,58.78661],[-160.12715,58.78007],[-160.15077,58.772],[-160.17224,58.76933],[-160.234,58.77396],[-160.27345,58.78873],[-160.2976,58.79915],[-160.31053,58.81263],[-160.33368,58.84831],[-160.32693,58.85842],[-160.34309,58.88054],[-160.60871,58.84362],[-160.59809,58.83424],[-160.5935,58.82173],[-160.60163,58.79332],[-160.62658,58.76081],[-160.68914,58.69026],[-160.70003,58.67207],[-160.78727,58.58157],[-160.78977,58.56442],[-160.7933,58.5601],[-160.81841,58.53955],[-160.87415,58.51007],[-160.93344,58.49611],[-160.96483,58.49569],[-161.0156,58.50306],[-161.06753,58.48981],[-161.09579,58.49003],[-161.14096,58.50334],[-161.15892,58.51238],[-161.17734,58.54257],[-161.18677,58.5733],[-161.18493,58.58753],[-161.17704,58.60707],[-161.23398,58.64345],[-161.32204,58.6116],[-161.35346,58.60359],[-161.41836,58.59598],[-161.45783,58.58597],[-161.46886,58.57435],[-161.48987,58.56189],[-161.52135,58.55164],[-161.5715,58.54375],[-161.57235,58.53524],[-161.58698,58.51842],[-161.61702,58.50677],[-161.70423,58.49691],[-161.76716,58.49694],[-161.81757,58.50573],[-161.84464,58.52332],[-161.86092,58.53909],[-161.86429,58.54584],[-161.86364,58.56873],[-161.87072,58.57041],[-161.90905,58.57274],[-161.93017,58.56627],[-161.97154,58.56774],[-161.99861,58.56108],[-162.01736,58.56167],[-162.04308,58.56833],[-162.08176,58.5649],[-162.13222,58.57138],[-162.14921,58.57611],[-162.17174,58.58994],[-162.19898,58.58998],[-162.23029,58.59855],[-162.27041,58.62213],[-162.27765,58.63288],[-162.28073,58.6463],[-162.26898,58.66756],[-162.25976,58.67267],[-162.22628,58.68554],[-162.21542,58.69503],[-162.16852,58.71028],[-162.12848,58.71307],[-162.07314,58.72441],[-162.038,58.7221],[-162.00198,58.7271],[-161.94917,58.72433],[-161.94825,58.73247],[-161.93316,58.74827],[-161.92298,58.75456],[-161.89784,58.76204],[-161.89823,58.76814],[-161.88916,58.7843],[-161.8512,58.80798],[-161.85659,58.81521],[-161.85753,58.83043],[-161.88179,58.8575],[-161.8872,58.87128],[-161.88811,58.89773],[-161.88177,58.94415],[-161.90247,58.9776],[-161.92707,59.0008],[-161.95335,59.0327],[-162.00113,59.07023],[-162.00768,59.05529],[-162.01682,59.06024],[-162.07308,59.09998],[-162.1022,59.12875],[-162.16381,59.22446],[-162.17101,59.24757],[-162.1666,59.27508],[-162.13211,59.3062],[-162.11156,59.33293],[-162.06475,59.36003],[-162.06132,59.39796],[-162.05361,59.40899],[-162.00195,59.43745],[-161.95854,59.44781],[-161.91445,59.46929],[-161.89478,59.50756],[-161.87127,59.52479],[-162.00306,59.64465],[-162.0127,59.64565],[-162.04261,59.67073],[-162.06488,59.70003],[-162.06832,59.71643],[-162.07489,59.71764],[-162.09824,59.73371],[-162.10686,59.75421],[-162.11499,59.75615],[-162.13851,59.77239],[-162.16065,59.7998],[-162.17833,59.81484],[-162.18666,59.81891],[-162.19443,59.81219],[-162.22784,59.8065],[-162.25732,59.80619],[-162.31762,59.81249],[-162.36434,59.81087],[-162.41138,59.82326],[-162.44166,59.84408],[-162.45198,59.87634],[-162.44985,59.88462],[-162.56264,59.89683],[-162.60641,59.8883],[-162.69837,59.89182],[-162.70756,59.88018],[-162.76254,59.85746],[-162.81805,59.84028],[-162.81589,59.81283],[-162.82609,59.80066],[-162.86866,59.78038],[-162.94722,59.76829],[-162.97478,59.77283],[-162.98599,59.76941],[-163.02559,59.76754],[-163.10567,59.77824],[-163.14586,59.79564],[-163.33003,59.76966],[-163.58202,59.75164],[-163.64742,59.74361],[-163.7077,59.74113],[-163.78437,59.74057],[-163.99371,59.76376],[-163.99974,59.75496],[-163.966,59.74712],[-163.95286,59.73592],[-163.92035,59.72632],[-163.89689,59.71464],[-163.84733,59.71845],[-163.81367,59.71694],[-163.7878,59.70919],[-163.7489,59.68642],[-163.73995,59.66865],[-163.74463,59.65478],[-163.76096,59.63972],[-163.81195,59.62083],[-163.84707,59.61793],[-163.91972,59.64046],[-163.97625,59.63433],[-164.0133,59.63776],[-164.08078,59.67051],[-164.11107,59.69408],[-164.1248,59.71628],[-164.19323,59.7373],[-164.23096,59.75306],[-164.27463,59.77831],[-164.31315,59.80629],[-164.33668,59.8296],[-164.34654,59.84835],[-164.4157,59.88487],[-164.4208,59.90697],[-164.44966,59.95334],[-164.43486,59.96891],[-164.42027,59.9781],[-164.36433,59.99922],[-164.34283,60.00293],[-164.39007,60.01085],[-164.42863,60.02787],[-164.43208,60.02617],[-164.44574,60.03051],[-164.48823,60.05496],[-164.52145,60.09197],[-164.57474,60.13301],[-164.59739,60.15824],[-164.6586,60.17553],[-164.71112,60.20794],[-164.74881,60.24031],[-164.85113,60.24899],[-164.97192,60.27702],[-165.00171,60.29382],[-165.09866,60.33471],[-165.14145,60.35798],[-165.23541,60.42515],[-165.23956,60.44323],[-165.28823,60.44264],[-165.33357,60.45927],[-165.38752,60.45951],[-165.42653,60.47438],[-165.44346,60.48469],[-165.44822,60.495],[-165.46746,60.50272],[-165.50145,60.52618],[-165.51383,60.53964],[-165.52039,60.55197],[-165.51826,60.56602],[-165.47907,60.59765],[-165.4751,60.60655],[-165.46411,60.61374],[-165.44558,60.62352],[-165.4107,60.63217],[-165.34019,60.63827],[-165.32279,60.65175],[-165.29137,60.66554],[-165.2459,60.675],[-165.24243,60.68333],[-165.22205,60.69537],[-165.16424,60.70768],[-165.16017,60.71485],[-165.14675,60.72545],[-165.12337,60.73663],[-165.13918,60.75012],[-165.14388,60.75873],[-165.14097,60.76618],[-165.15914,60.77652],[-165.17618,60.79633],[-165.17563,60.80723],[-165.15751,60.8293],[-165.17749,60.84797],[-165.17753,60.85887],[-165.17052,60.87693],[-165.22348,60.89645],[-165.23707,60.91051],[-165.2465,60.9128],[-165.26303,60.92313],[-165.27605,60.93776],[-165.27435,60.94636],[-165.29323,60.95439],[-165.30215,60.96644],[-165.30114,60.99024],[-165.29354,60.99971],[-165.2618,61.02151],[-165.25479,61.03465],[-165.23656,61.05009],[-165.24601,61.05351],[-165.25838,61.05064],[-165.29015,61.03406],[-165.3466,61.01544],[-165.41667,61.01248],[-165.53878,61.02678],[-165.60676,61.04001],[-165.66365,61.05781],[-165.71685,61.09645],[-165.74339,61.12519],[-165.78688,61.19812],[-165.8018,61.20319],[-165.82286,61.21708],[-165.83375,61.22703],[-165.83756,61.23872],[-165.92306,61.26484],[-165.93996,61.27588],[-165.95351,61.29409],[-165.99039,61.31643],[-165.99863,61.33552],[-166.02376,61.36107],[-166.0326,61.37844],[-166.0313,61.3953],[-166.19449,61.45987],[-166.25409,61.52225],[-166.28075,61.56288],[-166.28861,61.58081],[-166.28643,61.6031],[-166.27993,61.62201],[-166.26024,61.65872],[-166.26213,61.69326],[-166.25729,61.70958],[-166.23795,61.74086],[-166.23515,61.7643],[-166.23755,61.78057],[-166.22973,61.79833],[-166.19776,61.83427],[-166.17176,61.85217],[-166.11251,61.87314],[-166.1069,61.90574],[-166.09485,61.94666],[-166.08203,61.96359],[-166.07595,61.98305],[-166.09649,61.99834],[-166.11831,62.0097],[-166.12982,62.0253],[-166.12605,62.03872],[-166.09622,62.07345],[-166.04921,62.10802],[-166.00577,62.12344],[-165.98568,62.12614],[-165.94839,62.12468],[-165.90181,62.11928],[-165.89259,62.13815],[-165.87458,62.15023],[-165.84859,62.16093],[-165.8206,62.16623],[-165.81353,62.17624],[-165.79247,62.19032],[-165.77064,62.19843],[-165.73957,62.20485],[-165.72161,62.22262],[-165.6689,62.25081],[-165.65938,62.26425],[-165.62127,62.29178],[-165.52588,62.35344],[-165.44887,62.39102],[-165.43869,62.41187],[-165.41873,62.44043],[-165.37958,62.46961],[-165.38841,62.48526],[-165.38361,62.49696],[-165.34621,62.5267],[-165.35077,62.54779],[-165.33869,62.57604],[-165.31161,62.59547],[-165.27697,62.60921],[-165.21309,62.61443],[-165.2393,62.63408],[-165.2481,62.64803],[-165.24572,62.66229],[-165.25513,62.67225],[-165.25902,62.6922],[-165.24732,62.70989],[-165.22189,62.72247],[-165.16525,62.73594],[-165.126,62.74052],[-165.09046,62.7394],[-165.06302,62.73398],[-165.05305,62.74225],[-165.02189,62.75621],[-164.9867,62.76074],[-165.01689,62.78444],[-165.01876,62.79241],[-165.01502,62.8004],[-165.02314,62.80411],[-165.03814,62.82065],[-165.03377,62.83661],[-165.01939,62.85199],[-164.99653,62.86658],[-164.93927,62.87752],[-164.93689,62.88617],[-164.91588,62.90261],[-164.92213,62.9125],[-164.918,62.92825],[-164.89553,62.94864],[-164.90294,62.957],[-164.90053,62.97355],[-164.89663,62.9795],[-164.90705,62.9842],[-164.91252,63.00001],[-164.91061,63.00516],[-164.89297,63.01914],[-164.903,63.03317],[-164.90674,63.04489],[-164.88022,63.06544],[-164.83032,63.08225],[-164.7438,63.09323],[-164.74682,63.1104],[-164.72774,63.12465],[-164.60928,63.19952],[-164.49567,63.25116],[-164.39546,63.27989],[-164.25005,63.30345],[-164.12891,63.3153],[-164.05126,63.31735],[-163.93294,63.30017],[-163.87062,63.28423],[-163.85974,63.28614],[-163.82362,63.28384],[-163.77185,63.27623],[-163.6581,63.24972],[-163.6134,63.22868],[-163.58471,63.2058],[-163.45517,63.17495],[-163.34982,63.12369],[-163.25248,63.09245],[-163.1187,63.10156],[-163.10279,63.11306],[-163.02618,63.15347],[-162.97786,63.16592],[-162.95813,63.17679],[-162.95468,63.18989],[-162.9377,63.2151],[-162.91691,63.2308],[-162.87086,63.25356],[-162.80644,63.26599],[-162.73952,63.26893],[-162.70029,63.29118],[-162.43777,63.49199],[-162.46832,63.49426],[-162.55255,63.4826],[-162.57972,63.48679],[-162.61075,63.48303],[-162.64196,63.48499],[-162.67983,63.49163],[-162.71111,63.50873],[-162.74756,63.5179],[-162.7729,63.52975],[-162.78465,63.54367],[-162.82644,63.57636],[-162.82579,63.58492],[-162.81603,63.60337],[-162.78617,63.62407],[-162.76299,63.63256],[-162.73063,63.6512],[-162.68008,63.67126],[-162.58432,63.69139],[-162.54404,63.6947],[-162.51452,63.69304],[-162.48105,63.68501],[-162.45296,63.68909],[-162.39436,63.6883],[-162.35694,63.6816],[-162.33883,63.67525],[-162.30435,63.67202],[-162.27457,63.66001],[-162.25462,63.64647],[-162.24993,63.62835],[-162.22538,63.60956],[-162.22274,63.59691],[-162.17232,63.58704],[-161.95696,63.55721],[-161.92494,63.53639],[-161.89621,63.50822],[-161.86018,63.49628],[-161.84041,63.49329],[-161.74594,63.50332],[-161.7189,63.51157],[-161.68777,63.51462],[-161.64192,63.5122],[-161.60311,63.50415],[-161.51195,63.51975],[-161.36685,63.51689],[-161.28519,63.52337],[-161.27008,63.53019],[-161.24869,63.55211],[-161.225,63.56445],[-161.20207,63.58737],[-161.14254,63.60418],[-161.13894,63.61471],[-161.13997,63.62523],[-161.09807,63.65614],[-161.07044,63.66427],[-161.0242,63.67179],[-161.00849,63.67768],[-160.99681,63.68958],[-160.8862,63.7714],[-160.87698,63.79688],[-160.88005,63.81218],[-160.88773,63.82456],[-160.89877,63.83318],[-160.92012,63.85974],[-160.93648,63.90848],[-160.94464,63.92153],[-161.00927,63.97928],[-161.01689,63.98942],[-161.01849,63.99855],[-161.04566,64.02247],[-161.06442,64.06392],[-161.0706,64.08498],[-161.06234,64.11339],[-161.07648,64.12747],[-161.0754,64.20665],[-161.3268,64.33401],[-161.4139,64.35859],[-161.44317,64.34009],[-161.49343,64.32838],[-161.55466,64.32874],[-161.59084,64.33554],[-161.66637,64.36047],[-162.00213,64.45879],[-162.02794,64.46132],[-162.2374,64.52436],[-162.31349,64.54279],[-162.44188,64.50412],[-162.47198,64.48684],[-162.48669,64.4709],[-162.49198,64.44039],[-162.50447,64.41784],[-162.51255,64.39257],[-162.51787,64.38491],[-162.55792,64.35579],[-162.59477,64.33844],[-162.63275,64.33193],[-162.68498,64.30435],[-162.72806,64.28747],[-162.7958,64.27567],[-163.1658,64.34986],[-163.21538,64.35328],[-163.24193,64.36074],[-163.32334,64.40787],[-163.34969,64.43767],[-163.36375,64.44564],[-163.43186,64.46665],[-163.45773,64.48211],[-163.53617,64.50358],[-163.61233,64.51792],[-163.65695,64.52194],[-163.75039,64.51964],[-163.78786,64.52413],[-163.81406,64.53119],[-163.85077,64.5194],[-163.97622,64.50832],[-164.1809,64.51957],[-164.26631,64.51833],[-164.35536,64.50845],[-164.46514,64.48387],[-164.7548,64.40782],[-164.80423,64.40106],[-165.03221,64.38799],[-165.33592,64.44442],[-165.47687,64.45769],[-165.68068,64.48364],[-165.85021,64.49388],[-166.07779,64.52046],[-166.07314,64.51026],[-166.07087,64.49016],[-166.0957,64.4598],[-166.13353,64.43821],[-166.15386,64.43297],[-166.21234,64.42986],[-166.27196,64.43778],[-166.31453,64.45436],[-166.35113,64.47788],[-166.35387,64.50644],[-166.33091,64.52585],[-166.28139,64.54496],[-166.35203,64.56814],[-166.44011,64.60326],[-166.49126,64.61896],[-166.50784,64.63137],[-166.59016,64.73895],[-166.58588,64.76626],[-166.57757,64.778],[-166.58675,64.80147],[-166.58219,64.82209],[-166.5702,64.83342],[-166.51721,64.85738],[-166.52269,64.8711],[-166.58918,64.90829],[-166.7619,64.96349],[-166.78328,64.97972],[-166.829,64.99931],[-166.82447,65.01746],[-166.87816,65.02995],[-166.97896,65.06941],[-167.04093,65.10925],[-167.07298,65.13838],[-167.08434,65.15569],[-167.07244,65.19978],[-167.03925,65.24339],[-167.00853,65.27665],[-166.97754,65.29764],[-166.94893,65.30791],[-167.07033,65.32749],[-167.1913,65.33763],[-167.27218,65.33815],[-167.40089,65.34727],[-167.48859,65.36041],[-167.60639,65.38563],[-167.66468,65.40538],[-167.75671,65.44723],[-167.83088,65.46584],[-167.89687,65.47669],[-167.93803,65.4999],[-168.00443,65.50419],[-168.03105,65.50943],[-168.06537,65.52252],[-168.12664,65.53053],[-168.15297,65.53889],[-168.16758,65.5469],[-168.17541,65.55561],[-168.1762,65.56274],[-168.21865,65.59612],[-168.23189,65.62257],[-168.22924,65.65027],[-168.22131,65.67545],[-168.20014,65.69937],[-168.15513,65.72835],[-168.07713,65.75609],[-167.8834,65.80327],[-167.71886,65.83492],[-167.52082,65.87815],[-167.30834,65.94433],[-167.2386,65.97086],[-167.1784,65.99957],[-167.00786,66.05141],[-166.71947,66.14805],[-166.48025,66.21193],[-166.31709,66.25194],[-166.09397,66.316],[-165.77774,66.39736],[-165.43444,66.47523],[-165.13882,66.52846],[-164.7519,66.59255],[-164.46354,66.6263],[-164.22099,66.6385],[-163.90079,66.64267],[-163.75611,66.63897],[-163.62622,66.62417],[-163.40354,66.71032],[-163.20324,66.7822],[-162.97842,66.87095],[-162.89309,66.89974],[-162.83203,66.92681],[-162.84794,66.93161],[-162.87685,66.94783],[-163.04947,66.98661],[-163.1299,66.99484],[-163.1499,67.0],[-163.34053,67.02591],[-163.61768,67.04873],[-163.78152,67.06976],[-163.91138,67.1047],[-163.99123,67.14788],[-164.00272,67.17255],[-163.96246,67.1967],[-163.92441,67.20751],[-163.88253,67.21498],[-163.90565,67.25344],[-164.00451,67.39781],[-164.11666,67.49997],[-164.17543,67.5476],[-164.23031,67.57505],[-164.28127,67.59167],[-164.65522,67.69245],[-165.49945,68.01878],[-165.57811,68.033],[-165.68438,68.03472],[-165.86945,68.05509],[-165.96604,68.07249],[-166.03391,68.09181],[-166.09592,68.11827],[-166.12925,68.15463],[-166.17754,68.18503],[-166.2853,68.22437],[-166.36478,68.24426],[-166.47141,68.26472],[-166.65198,68.28832],[-166.75963,68.29456],[-166.86059,68.28748],[-166.94204,68.30259],[-166.97211,68.32245],[-166.97157,68.35606],[-166.91291,68.38533],[-166.84998,68.40164],[-166.50287,68.45611],[-166.45784,68.46613],[-166.44393,68.47849],[-166.43491,68.53064],[-166.36766,68.57499],[-166.36147,68.63459],[-166.37124,68.6513],[-166.3333,68.69613],[-166.34128,68.71305],[-166.32731,68.78176],[-166.36612,68.86888],[-166.34743,68.90039],[-166.27833,68.92707],[-166.20015,68.93382],[-165.62086,68.90371],[-165.35705,68.90894],[-164.79559,68.94908],[-164.63867,68.96644],[-164.48091,68.96853],[-164.27938,68.97962],[-164.02036,69.03315],[-163.93307,69.06982],[-163.79234,69.10802],[-163.6508,69.16869],[-163.57189,69.22315],[-163.38059,69.32022],[-163.33319,69.35932],[-163.28959,69.43036],[-163.28777,69.63238],[-163.20628,69.75703],[-163.13356,69.8387],[-162.81882,69.99903],[-162.6059,70.14685],[-162.46522,70.21724],[-161.94866,70.37474],[-161.87022,70.38278],[-161.50495,70.35073],[-161.31513,70.34726],[-161.0381,70.3899],[-160.90786,70.41574],[-160.66515,70.47644],[-160.41422,70.5613],[-160.30396,70.60337],[-160.24456,70.63598],[-160.04237,70.71986],[-159.87941,70.77718],[-159.75547,70.83053],[-159.59754,70.86472],[-159.23844,70.92028],[-159.07944,70.93276],[-158.90501,70.95537],[-158.734,70.96312],[-158.67781,70.95925],[-158.62077,70.94557],[-158.55272,70.90283],[-158.45224,70.88493],[-158.33354,70.87203],[-158.17146,70.87105],[-157.93147,70.90215],[-157.81524,70.92727],[-157.53242,71.00755],[-157.34829,71.08798],[-157.23958,71.1571],[-156.94083,71.3112],[-156.76087,71.37288],[-156.64226,71.39614],[-156.58225,71.42767],[-156.48772,71.43979],[-156.40063,71.43541],[-156.29468,71.40851],[-156.24805,71.40624],[-155.92643,71.35769],[-155.82736,71.32869],[-155.75621,71.28338],[-155.65794,71.28704],[-155.45887,71.26859],[-155.30018,71.23526],[-155.14647,71.22348],[-155.00332,71.20008],[-154.82132,71.15896],[-154.62627,71.10072],[-154.49879,71.05537],[-154.43768,71.02355],[-153.89918,70.93622],[-153.74238,70.94505],[-153.5124,70.93594],[-153.44508,70.94086],[-153.27431,70.97096],[-153.13703,70.97406],[-153.05275,70.96771],[-153.00011,70.96988],[-152.93899,70.96112],[-152.86249,70.96418],[-152.81685,70.96052],[-152.67991,70.93458],[-152.50976,70.93473],[-152.3964,70.91095],[-152.34243,70.90706],[-152.15185,70.87513],[-152.08073,70.84407],[-152.05815,70.84117],[-152.04636,70.81316],[-151.61274,70.5936],[-151.54621,70.58304],[-151.51678,70.57135],[-151.50333,70.53602],[-151.54772,70.50412],[-151.54889,70.49108],[-151.36926,70.47339],[-151.31498,70.46343],[-151.18984,70.49292],[-151.04464,70.49762],[-150.92972,70.51429],[-150.87115,70.53553],[-150.79515,70.54836],[-150.65233,70.54485],[-150.60152,70.55129],[-150.5008,70.54885],[-150.43534,70.55785],[-150.34524,70.55323],[-150.32321,70.57856],[-150.24271,70.60434],[-150.11787,70.60618],[-150.03353,70.5877],[-149.9934,70.6042],[-149.92951,70.61476],[-149.79595,70.61187],[-149.71913,70.62194],[-149.40735,70.60383],[-149.29591,70.58765],[-149.21735,70.58293],[-149.18247,70.57454],[-149.09048,70.56542],[-148.97494,70.53371],[-148.78726,70.52538],[-148.71181,70.50767],[-148.65177,70.47817],[-148.54887,70.47297],[-148.48701,70.45332],[-148.51548,70.47747],[-148.51494,70.48972],[-148.50275,70.50432],[-148.4213,70.53286],[-148.29251,70.53746],[-148.23389,70.52891],[-148.21042,70.51825],[-148.16907,70.51774],[-148.12693,70.50135],[-148.09962,70.524],[-148.05196,70.53883],[-148.0035,70.54558],[-147.89963,70.5421],[-147.81853,70.52002],[-147.77847,70.49166],[-147.77563,70.48492],[-147.77944,70.47187],[-147.70747,70.46964],[-147.65248,70.4597],[-147.62265,70.44714],[-147.61127,70.43648],[-147.56243,70.44659],[-147.45516,70.44571],[-147.37252,70.43054],[-147.32835,70.40743],[-147.27733,70.40251],[-147.22594,70.38899],[-147.18262,70.36975],[-147.17191,70.35016],[-147.09641,70.35861],[-146.92652,70.35078],[-146.84148,70.33496],[-146.77788,70.31574],[-146.74647,70.29187],[-146.70896,70.28243],[-146.60897,70.28727],[-146.45694,70.28039],[-146.37792,70.28375],[-146.24918,70.26734],[-146.20606,70.25469],[-146.10401,70.25329],[-145.98178,70.24231],[-145.74185,70.19924],[-145.56455,70.14455],[-145.45012,70.13316],[-145.36658,70.11273],[-145.33551,70.09871],[-145.27936,70.08896],[-145.06498,70.08761],[-144.98609,70.07031],[-144.92655,70.04002],[-144.84334,70.03958],[-144.68147,70.01577],[-144.5291,70.07906],[-144.43397,70.09273],[-144.36696,70.09228],[-144.14308,70.13187],[-144.05686,70.13866],[-144.01159,70.15671],[-143.94058,70.16969],[-143.83062,70.17034],[-143.57566,70.19943],[-143.49142,70.19593],[-143.44471,70.18556],[-143.41145,70.18357],[-143.36079,70.19632],[-143.29621,70.2017],[-143.22643,70.202],[-143.14145,70.1876],[-143.10439,70.16918],[-143.05027,70.15983],[-143.02793,70.15119],[-142.8901,70.12363],[-142.85824,70.11427],[-142.80291,70.10705],[-142.76039,70.09543],[-142.7063,70.0882],[-142.48027,70.03391],[-142.42516,70.01146],[-142.34951,69.99447],[-142.31238,69.98032],[-142.30759,69.97572],[-142.25814,69.96431],[-142.23979,69.95474],[-142.05781,69.90335],[-141.91402,69.87204],[-141.74611,69.84824],[-141.67688,69.83524],[-141.59145,69.81458],[-141.45286,69.77278],[-141.38384,69.74998],[-141.3779,69.74415],[-141.13359,69.72535],[-141.00278,69.70365],[-141.00059,69.64661],[-141.00183,60.30589],[-140.7688,60.26018],[-140.52043,60.21982],[-140.45821,60.30809],[-139.98109,60.18196],[-139.69298,60.33523],[-139.07482,60.3525],[-139.07212,60.31943],[-139.19885,60.0883],[-139.05367,59.99484],[-138.79852,59.92465],[-138.70738,59.90633],[-138.67946,59.84537],[-138.66865,59.80966],[-138.6262,59.76858],[-138.10803,59.50474],[-137.60735,59.2438],[-137.54214,59.10643],[-137.5,58.98539],[-137.52612,58.90637],[-137.45173,58.90835],[-137.28285,59.0],[-137.17565,59.03214],[-136.96968,59.10123],[-136.87674,59.13615],[-136.82873,59.15996],[-136.58444,59.16585],[-136.4897,59.25977],[-136.49576,59.27513],[-136.46925,59.28408],[-136.47738,59.37623],[-136.47716,59.46582],[-136.36824,59.44896],[-136.30502,59.46452],[-136.23851,59.52433],[-136.23983,59.55941],[-136.35394,59.59983],[-136.1929,59.64003],[-135.95264,59.66217],[-135.47916,59.79804],[-135.36011,59.73761],[-135.25277,59.69828],[-135.23367,59.69614],[-135.21984,59.66278],[-135.15759,59.62572],[-135.11783,59.62307],[-135.0289,59.56366],[-135.02756,59.47474],[-135.07728,59.45177],[-135.10102,59.42753],[-134.98975,59.38713],[-135.03053,59.34635],[-134.9599,59.28093],[-134.70072,59.24901],[-134.67912,59.19227],[-134.56557,59.13112],[-134.48339,59.1316],[-134.44712,59.08922],[-134.38188,59.03876],[-134.40715,58.97921],[-134.31349,58.96218],[-134.33647,58.92341],[-134.25807,58.86104],[-133.97236,58.76731],[-133.8405,58.72944],[-133.70712,58.61227],[-133.55781,58.52313],[-133.37731,58.43055],[-133.4615,58.38772],[-133.34543,58.27633],[-133.26998,58.22711],[-133.17231,58.15368],[-133.0701,58.00034],[-132.86937,57.83971],[-132.75106,57.69597],[-132.66086,57.61674],[-132.55369,57.49651],[-132.36979,57.34975],[-132.24792,57.21125],[-132.36898,57.09151],[-132.04519,57.04506],[-132.12357,56.87365],[-131.87288,56.80599],[-131.90107,56.75368],[-131.86067,56.70298],[-131.83533,56.5992],[-131.58107,56.61223],[-131.47203,56.55267],[-131.17347,56.44952],[-131.08735,56.40601],[-130.78198,56.36684],[-130.62331,56.26688],[-130.54053,56.24745],[-130.46787,56.24305],[-130.42601,56.14156],[-130.35009,56.12854],[-130.24622,56.09641],[-130.1038,56.1228],[-130.00348,56.00807],[-130.01767,55.91193],[-130.00379,55.91193],[-130.00379,55.90744],[-130.08349,55.82171],[-130.12476,55.80564],[-130.15241,55.76629],[-130.14776,55.7149],[-130.11166,55.6829],[-130.1279,55.58103],[-130.08985,55.49798],[-130.04122,55.45173],[-130.02111,55.33792],[-129.97665,55.30037],[-129.97417,55.28192],[-130.10284,55.1926],[-130.14613,55.14284],[-130.15243,55.12462],[-130.18089,55.09125],[-130.18756,55.06284],[-130.27333,54.97396],[-130.34454,54.91881],[-130.42272,54.87337],[-130.45939,54.84846],[-130.5682,54.79215],[-130.62887,54.78272],[-130.65904,54.76306],[-130.62572,54.73807],[-130.62864,54.72473],[-130.64311,54.69468],[-130.64156,54.68066],[-130.64791,54.64891],[-130.7266,54.66992],[-131.05372,54.68722],[-131.20307,54.69132],[-132.00481,54.68245],[-132.9257,54.65897],[-133.6489,54.63204],[-133.65963,54.64915],[-133.7245,54.79497],[-133.74157,54.82292],[-133.75606,54.87728],[-133.77605,54.93735],[-133.78452,54.95349],[-133.79053,55.00058],[-133.76699,55.02586],[-133.70094,55.07862],[-133.66022,55.11719],[-133.61366,55.17027],[-133.61148,55.17646],[-133.64817,55.18149],[-133.67001,55.18783],[-133.69122,55.19847],[-133.70761,55.22937],[-133.7617,55.2658],[-133.77562,55.28225],[-133.77845,55.31962],[-133.76138,55.34626],[-133.76737,55.35763],[-133.77216,55.37914],[-133.76915,55.38892],[-133.7716,55.39432],[-133.80733,55.38803],[-133.83304,55.38857],[-133.87392,55.39884],[-133.8857,55.40394],[-133.89715,55.41494],[-133.90715,55.434],[-133.89786,55.45907],[-133.86138,55.48064],[-133.8612,55.50162],[-133.84574,55.52523],[-133.83484,55.53326],[-133.83609,55.54605],[-133.82934,55.57092],[-133.81035,55.58641],[-133.81393,55.60305],[-133.79825,55.63323],[-133.80775,55.63836],[-133.81268,55.64514],[-133.84223,55.64723],[-133.8675,55.65733],[-133.88249,55.67353],[-133.88768,55.68364],[-133.88615,55.70061],[-133.87956,55.71545],[-133.85223,55.73332],[-133.83178,55.74151],[-133.84326,55.7518],[-133.84852,55.7634],[-133.84896,55.77806],[-133.83798,55.7933],[-133.85573,55.79481],[-133.89625,55.77813],[-133.93656,55.776],[-133.96526,55.7807],[-133.99588,55.7952],[-134.00738,55.80594],[-134.01277,55.8197],[-134.01163,55.83019],[-134.00218,55.84726],[-134.01923,55.86494],[-134.02642,55.88243],[-134.02698,55.892],[-134.03673,55.8809],[-134.04661,55.85048],[-134.19203,55.69305],[-134.42103,55.74863],[-134.56937,55.80401],[-134.61895,55.83473],[-134.64513,55.86522],[-134.64344,55.87893],[-134.632,55.89876],[-134.60156,55.92292],[-134.52497,55.94857],[-134.51251,55.95594],[-134.49654,55.9699],[-134.49304,55.97747],[-134.49029,55.99267],[-134.49417,55.99964],[-134.53279,56.02827],[-134.6664,56.14759],[-134.81506,56.21586],[-134.84601,56.23396],[-135.1998,56.5064],[-135.7868,56.9413],[-135.8599,56.9924],[-136.0468,57.2718],[-136.2379,57.5345],[-136.4075,57.7499],[-136.45443,57.83068],[-136.46466,57.83729]]]]}}]}