{"type":"FeatureCollection","features":[{"type":"Feature","properties":{"std_name":"Medford-Grants Pass, OR CSA","std_geoid":"366","pen":"statisticians","std_note":null,"LSAD":"M0","NAME":"Medford-Grants Pass, OR"},"geometry":{"type":"Polygon","coordinates":[[[-122.37805,42.0095],[-123.044,42.00308],[-123.14574,42.00876],[-123.34695,41.99928],[-123.5642,42.00071],[-123.62402,41.99977],[-123.65721,41.99509],[-123.82204,41.99558],[-123.81816,41.99879],[-123.82872,42.00235],[-123.82662,42.00915],[-123.83996,42.01759],[-123.8361,42.02919],[-123.84447,42.03336],[-123.84915,42.04434],[-123.84068,42.05183],[-123.83857,42.05762],[-123.84137,42.05968],[-123.83414,42.06257],[-123.83417,42.066],[-123.82738,42.07207],[-123.82199,42.0872],[-123.82953,42.09728],[-123.83216,42.10791],[-123.83669,42.10962],[-123.84016,42.11678],[-123.83924,42.12467],[-123.85018,42.12694],[-123.85855,42.13512],[-123.85338,42.1436],[-123.84413,42.14675],[-123.84005,42.15302],[-123.82391,42.15766],[-123.8126,42.16965],[-123.81509,42.17412],[-123.81351,42.18399],[-123.82129,42.18985],[-123.82047,42.19897],[-123.8088,42.21696],[-123.80091,42.21579],[-123.79636,42.22009],[-123.79052,42.2203],[-123.794,42.23116],[-123.79218,42.23763],[-123.81218,42.24379],[-123.81002,42.24811],[-123.81487,42.26243],[-123.82247,42.26456],[-123.82616,42.27097],[-123.82548,42.27644],[-123.83834,42.28837],[-123.83788,42.29469],[-123.84731,42.29922],[-123.84713,42.30425],[-123.8395,42.3122],[-123.85129,42.32058],[-123.85986,42.31854],[-123.86958,42.3228],[-123.87905,42.33554],[-123.87785,42.34485],[-123.88432,42.34595],[-123.88803,42.35145],[-123.89265,42.35329],[-123.89946,42.34937],[-123.92041,42.34647],[-123.93321,42.35434],[-123.93654,42.36162],[-123.94959,42.35654],[-124.02871,42.36105],[-124.03629,42.37021],[-124.03533,42.37761],[-124.04198,42.38766],[-124.03739,42.39156],[-124.03553,42.40217],[-124.01306,42.41271],[-124.00863,42.41962],[-124.0129,42.42364],[-124.00925,42.42746],[-124.01478,42.43336],[-124.00933,42.44154],[-124.0018,42.4447],[-124.00447,42.45115],[-124.00116,42.45465],[-124.00575,42.46124],[-124.00098,42.46628],[-124.00203,42.48407],[-124.01154,42.48963],[-124.01069,42.4935],[-123.99749,42.50069],[-123.98848,42.50198],[-123.9862,42.49823],[-123.97268,42.49531],[-123.94444,42.50144],[-123.93709,42.50049],[-123.92851,42.49466],[-123.91921,42.49475],[-123.89056,42.50057],[-123.88527,42.50809],[-123.87516,42.51324],[-123.87856,42.52451],[-123.86536,42.54199],[-123.8548,42.54974],[-123.86099,42.56035],[-123.85004,42.57458],[-123.84956,42.58372],[-123.83031,42.59507],[-123.82852,42.60629],[-123.8194,42.61245],[-123.82153,42.61974],[-123.83169,42.6258],[-123.83126,42.63231],[-123.75922,42.71774],[-123.7496,42.74195],[-123.7375,42.75312],[-123.73302,42.76895],[-123.72243,42.77514],[-123.71649,42.78406],[-123.7165,42.73966],[-123.69684,42.73959],[-123.697,42.75391],[-123.67721,42.75015],[-123.67727,42.73968],[-123.5817,42.73992],[-123.58186,42.73215],[-123.57181,42.7321],[-123.57173,42.73572],[-123.56678,42.73569],[-123.56704,42.72483],[-123.56209,42.7248],[-123.56217,42.71757],[-123.54243,42.71712],[-123.54254,42.70983],[-123.49441,42.70918],[-123.4943,42.70225],[-123.46526,42.70294],[-123.46527,42.6993],[-123.4553,42.69941],[-123.45521,42.70298],[-123.44546,42.70302],[-123.44492,42.71112],[-123.42569,42.71104],[-123.42572,42.71448],[-123.41985,42.71449],[-123.4063,42.71397],[-123.40634,42.71029],[-123.4014,42.7103],[-123.4013,42.72496],[-123.37167,42.72496],[-123.37158,42.73948],[-123.36665,42.73947],[-123.36667,42.73219],[-123.32859,42.73175],[-123.32863,42.72825],[-123.30916,42.72841],[-123.3092,42.73206],[-123.27428,42.73203],[-123.27426,42.72471],[-123.24933,42.7244],[-123.24921,42.70242],[-123.22962,42.70261],[-123.22964,42.70996],[-123.21039,42.70998],[-123.20991,42.71716],[-123.20042,42.71724],[-123.20042,42.72447],[-123.1905,42.72449],[-123.19046,42.7317],[-123.18055,42.73166],[-123.18051,42.73777],[-123.15202,42.73772],[-123.15223,42.75583],[-123.11265,42.75575],[-123.11269,42.75222],[-123.00977,42.75214],[-123.00974,42.75941],[-122.97049,42.76094],[-122.97083,42.76812],[-122.95119,42.76756],[-122.9512,42.77477],[-122.85294,42.7746],[-122.85371,42.78177],[-122.79478,42.77822],[-122.79481,42.79272],[-122.78549,42.79271],[-122.78491,42.80685],[-122.77504,42.80683],[-122.77522,42.8288],[-122.75608,42.82869],[-122.75603,42.82319],[-122.73637,42.8235],[-122.73633,42.83766],[-122.7167,42.83767],[-122.71666,42.85211],[-122.69701,42.8521],[-122.69702,42.86657],[-122.6772,42.8666],[-122.67718,42.88108],[-122.63769,42.88114],[-122.63781,42.89699],[-122.60025,42.89569],[-122.6002,42.91107],[-122.58009,42.9108],[-122.58005,42.92465],[-122.5603,42.92469],[-122.56027,42.93919],[-122.46022,42.93987],[-122.46021,42.95437],[-122.44051,42.95442],[-122.44053,42.96892],[-122.42086,42.96893],[-122.42084,42.98344],[-122.40108,42.98346],[-122.40103,42.99663],[-122.28273,42.9965],[-122.28975,42.0081],[-122.37805,42.0095]]]}},{"type":"Feature","properties":{"std_name":"Miami-Port St. Lucie-Fort Lauderdale, FL CSA","std_geoid":"370","pen":"statisticians","std_note":null,"LSAD":"M0","NAME":"Miami-Port St. Lucie-Fort Lauderdale, FL"},"geometry":{"type":"MultiPolygon","coordinates":[[[[-83.10891,24.61109],[-83.10352,24.65799],[-83.08845,24.69205],[-83.06676,24.71983],[-83.04111,24.74091],[-83.00477,24.76451],[-82.97906,24.77605],[-82.94546,24.78496],[-82.86889,24.79809],[-82.80143,24.80047],[-82.77567,24.79817],[-82.73989,24.78843],[-82.70978,24.77312],[-82.67998,24.74851],[-82.65508,24.71332],[-82.64533,24.68864],[-82.63991,24.65491],[-82.64415,24.61581],[-82.65668,24.58371],[-82.82818,24.58376],[-82.84849,24.5676],[-82.87207,24.56222],[-82.89587,24.56667],[-82.91412,24.57597],[-82.94329,24.56893],[-82.96026,24.57146],[-82.98201,24.58376],[-82.99974,24.58392],[-82.99988,24.47698],[-83.04355,24.49857],[-83.06488,24.51616],[-83.08256,24.53687],[-83.10353,24.57996],[-83.10891,24.61109]]],[[[-80.88157,27.82251],[-80.50907,27.82206],[-80.50733,27.82799],[-80.49682,27.83852],[-80.49479,27.85094],[-80.49108,27.8546],[-80.45463,27.85466],[-80.44709,27.86076],[-80.38507,27.86136],[-80.33253,27.76116],[-80.29887,27.66209],[-80.29493,27.63928],[-80.28135,27.62117],[-80.26855,27.5729],[-80.24977,27.51899],[-80.2293,27.48563],[-80.22796,27.463],[-80.2224,27.44696],[-80.1271,27.23937],[-80.09541,27.18064],[-80.09409,27.16374],[-80.08096,27.12533],[-80.06338,27.0916],[-80.0391,27.02985],[-79.99391,26.87534],[-79.97543,26.80025],[-79.97556,26.76499],[-79.97965,26.75034],[-79.9749,26.6975],[-79.98088,26.66363],[-79.98065,26.59545],[-79.98526,26.54471],[-80.00615,26.43281],[-80.01436,26.36224],[-80.01528,26.32096],[-80.02208,26.28878],[-80.02481,26.24955],[-80.03811,26.19674],[-80.03787,26.18329],[-80.04721,26.13295],[-80.04978,26.08823],[-80.05453,26.07312],[-80.06335,25.9744],[-80.06572,25.88124],[-80.0628,25.84959],[-80.06696,25.80239],[-80.07262,25.77928],[-80.06962,25.75566],[-80.07714,25.73568],[-80.09178,25.72111],[-80.09389,25.69856],[-80.09886,25.68422],[-80.09843,25.66431],[-80.104,25.64613],[-80.10777,25.60663],[-80.10365,25.56488],[-80.11557,25.52666],[-80.09693,25.49961],[-80.09401,25.48569],[-80.09552,25.47103],[-80.10065,25.45881],[-80.11143,25.44605],[-80.12437,25.43776],[-80.1391,25.4331],[-80.15436,25.39193],[-80.17656,25.36687],[-80.19104,25.32529],[-80.22495,25.28432],[-80.23894,25.25547],[-80.25966,25.23055],[-80.29483,25.17167],[-80.29531,25.16213],[-80.3029,25.14492],[-80.34186,25.0884],[-80.35778,25.0729],[-80.39043,25.05719],[-80.39162,25.0394],[-80.3965,25.02821],[-80.41254,25.01023],[-80.4391,24.99799],[-80.44018,24.98567],[-80.45337,24.9637],[-80.47808,24.94843],[-80.51434,24.94063],[-80.52528,24.92353],[-80.53816,24.91273],[-80.58545,24.88933],[-80.59676,24.875],[-80.61129,24.86515],[-80.6199,24.85459],[-80.65234,24.8314],[-80.67481,24.82561],[-80.70881,24.80469],[-80.74511,24.78888],[-80.75647,24.77615],[-80.77109,24.76595],[-80.79297,24.7597],[-80.81247,24.76121],[-80.83704,24.75],[-80.85223,24.74893],[-80.88696,24.71968],[-80.90559,24.71347],[-80.91891,24.71307],[-80.93392,24.7022],[-80.95711,24.69284],[-80.99979,24.66891],[-81.02258,24.66528],[-81.03863,24.64653],[-81.05974,24.63586],[-81.08723,24.63292],[-81.12062,24.63568],[-81.14085,24.64306],[-81.14769,24.64906],[-81.16939,24.63462],[-81.20426,24.63119],[-81.22065,24.62155],[-81.23991,24.61706],[-81.2498,24.60656],[-81.26463,24.59923],[-81.29345,24.59672],[-81.35584,24.57965],[-81.3748,24.57149],[-81.42064,24.57057],[-81.43717,24.56093],[-81.46509,24.55285],[-81.48337,24.55555],[-81.49465,24.56253],[-81.51462,24.56476],[-81.52785,24.55328],[-81.51937,24.53061],[-81.51988,24.51255],[-81.52567,24.50043],[-81.52856,24.50043],[-81.53992,24.48603],[-81.56496,24.47278],[-81.58583,24.47109],[-81.59684,24.46106],[-81.61026,24.45431],[-81.63242,24.45115],[-81.6972,24.43231],[-81.73011,24.4307],[-81.74981,24.43845],[-81.76287,24.44964],[-81.77369,24.47274],[-81.77081,24.49687],[-81.79236,24.49561],[-81.78331,24.4787],[-81.78181,24.46093],[-81.78898,24.43948],[-81.81352,24.41764],[-81.84976,24.40588],[-81.87481,24.40314],[-81.89426,24.40574],[-81.92056,24.39631],[-81.94644,24.39935],[-81.96732,24.41196],[-81.97977,24.43166],[-81.98092,24.45697],[-81.97441,24.47121],[-82.02348,24.47786],[-82.03427,24.4825],[-82.05107,24.49684],[-82.05818,24.51436],[-82.06717,24.52371],[-82.07932,24.51159],[-82.10033,24.5],[-82.1541,24.4961],[-82.16949,24.4977],[-82.19491,24.507],[-82.21417,24.52742],[-82.22229,24.557],[-82.22089,24.57088],[-82.21545,24.58376],[-82.3265,24.58373],[-82.31871,24.6122],[-82.30445,24.6439],[-82.28734,24.67006],[-82.26277,24.6989],[-82.22676,24.72672],[-82.20073,24.73817],[-82.17537,24.74447],[-82.13857,24.74792],[-82.09749,24.74578],[-82.0653,24.73938],[-82.02695,24.72572],[-82.00055,24.7405],[-81.96754,24.75278],[-81.92267,24.7615],[-81.89429,24.76365],[-81.81421,24.80639],[-81.77824,24.81538],[-81.76188,24.82875],[-81.70079,24.85783],[-81.66013,24.88329],[-81.62159,24.89722],[-81.58131,24.92376],[-81.51559,24.95629],[-81.48849,24.96635],[-81.40548,24.9785],[-81.37621,24.9766],[-81.35038,24.97048],[-81.32347,24.97338],[-81.28737,24.98402],[-81.25486,24.98659],[-81.21196,24.98033],[-81.17035,24.96214],[-81.1738,24.97488],[-81.18858,24.9948],[-81.21427,25.01918],[-81.23908,25.03247],[-81.26225,25.05088],[-81.28114,25.07297],[-81.29506,25.09793],[-81.3048,25.13242],[-81.32854,25.17641],[-81.3423,25.22483],[-81.34024,25.26405],[-81.31491,25.35155],[-81.3252,25.39062],[-81.34315,25.40758],[-81.358,25.42755],[-81.36887,25.44965],[-81.38477,25.49701],[-81.40697,25.52231],[-81.42541,25.5516],[-81.45983,25.5683],[-81.4876,25.59205],[-81.50869,25.62361],[-81.51902,25.65694],[-81.54863,25.66964],[-81.57623,25.68604],[-81.62016,25.67364],[-81.67974,25.67256],[-81.72103,25.67974],[-81.76172,25.69721],[-81.78547,25.71392],[-81.80567,25.73411],[-81.84821,25.80079],[-80.8731,25.80538],[-80.87256,26.00147],[-80.87936,26.18005],[-80.88577,26.60924],[-80.88605,26.94924],[-80.87116,27.14706],[-80.87331,27.15005],[-80.87024,27.15227],[-80.88104,27.16578],[-80.87867,27.16922],[-80.89052,27.16423],[-80.89808,27.1661],[-80.8972,27.17041],[-80.90333,27.16901],[-80.90166,27.17059],[-80.91005,27.17465],[-80.90628,27.17929],[-80.90885,27.18462],[-80.9064,27.18905],[-80.91795,27.19011],[-80.92515,27.19742],[-80.92934,27.19633],[-80.92651,27.19851],[-80.93079,27.20023],[-80.93496,27.19637],[-80.94939,27.21987],[-80.94793,27.222],[-80.95246,27.22119],[-80.95119,27.22461],[-80.95577,27.22326],[-80.95699,27.21918],[-80.96392,27.21803],[-80.96184,27.21516],[-80.97114,27.21779],[-80.98169,27.23147],[-80.98508,27.23133],[-80.98165,27.2373],[-80.98345,27.24482],[-80.98098,27.24352],[-80.98061,27.24641],[-80.99304,27.25055],[-80.99648,27.26035],[-80.99826,27.25903],[-80.99804,27.26664],[-81.00073,27.26776],[-80.99674,27.28156],[-80.99854,27.29144],[-80.9946,27.29733],[-80.99918,27.29538],[-81.00503,27.30272],[-81.01229,27.30094],[-81.0129,27.29718],[-81.01568,27.30222],[-81.0163,27.30003],[-81.0256,27.30238],[-81.02922,27.30733],[-81.02664,27.30809],[-81.02703,27.31352],[-81.02883,27.31196],[-81.03292,27.31941],[-81.03,27.32358],[-81.03791,27.33001],[-81.04411,27.32967],[-81.04612,27.33755],[-81.0415,27.34398],[-81.04259,27.34722],[-81.03444,27.35031],[-81.0346,27.34553],[-81.03075,27.3514],[-81.03516,27.3551],[-81.03443,27.35916],[-81.04059,27.35969],[-81.04166,27.36297],[-81.05115,27.36302],[-81.05291,27.36539],[-81.05002,27.37066],[-81.06093,27.37374],[-81.0633,27.3803],[-81.0684,27.38235],[-81.08114,27.38576],[-81.08862,27.38219],[-81.0931,27.3834],[-81.09834,27.37908],[-81.10155,27.3832],[-81.11369,27.38487],[-81.11677,27.39004],[-81.12156,27.38997],[-81.12674,27.40112],[-81.12431,27.402],[-81.12335,27.40316],[-81.14408,27.41228],[-81.14135,27.42316],[-81.13862,27.42409],[-81.14107,27.42867],[-81.13906,27.43404],[-81.14487,27.44501],[-81.15067,27.44617],[-81.15434,27.45401],[-81.15938,27.45394],[-81.15988,27.45728],[-81.16502,27.45692],[-81.17289,27.46307],[-81.17071,27.46752],[-81.18272,27.48387],[-81.18879,27.48231],[-81.20512,27.48973],[-81.2042,27.499],[-81.20008,27.50064],[-81.20249,27.50374],[-81.20187,27.50874],[-81.19846,27.51038],[-81.19944,27.51505],[-81.20206,27.51327],[-81.20767,27.51784],[-81.20624,27.51953],[-81.21208,27.52461],[-81.21055,27.52788],[-81.21428,27.52871],[-81.21233,27.53142],[-81.20808,27.52998],[-81.20949,27.53523],[-81.20247,27.5394],[-81.2058,27.54758],[-81.19923,27.54638],[-81.18588,27.55868],[-81.17698,27.55801],[-81.16602,27.57496],[-81.15931,27.57417],[-81.16104,27.57351],[-81.16098,27.57076],[-81.15658,27.57449],[-81.15852,27.57901],[-81.15529,27.59162],[-81.14048,27.60083],[-81.14499,27.61604],[-81.14099,27.62805],[-81.14435,27.63887],[-81.14179,27.63943],[-81.14216,27.64324],[-80.87315,27.64229],[-80.8738,27.73385],[-80.88007,27.7337],[-80.88157,27.82251]]]]}},{"type":"Feature","properties":{"std_name":"Middlesborough-Corbin, KY CSA","std_geoid":"371","pen":"statisticians","std_note":null,"LSAD":"M0","NAME":"Middlesborough-Corbin, KY"},"geometry":{"type":"Polygon","coordinates":[[[-83.52892,37.23126],[-83.50511,37.20421],[-83.5513,37.16751],[-83.55124,37.11906],[-83.53528,37.1031],[-83.5531,37.07928],[-83.54522,37.08034],[-83.53843,37.06764],[-83.54169,37.06113],[-83.53881,37.05813],[-83.54163,37.05489],[-83.53905,37.05058],[-83.54153,37.04761],[-83.54581,37.04849],[-83.54739,37.04297],[-83.53678,37.04209],[-83.54072,37.0359],[-83.53306,37.03624],[-83.52648,37.02147],[-83.51966,37.02009],[-83.51606,37.01083],[-83.51153,37.00836],[-83.51134,37.00308],[-83.52304,36.99849],[-83.50908,36.93851],[-83.51121,36.92552],[-83.49235,36.91881],[-83.48907,36.91204],[-83.50349,36.90577],[-83.50437,36.89852],[-83.50023,36.89542],[-83.48981,36.89541],[-83.49429,36.89209],[-83.49698,36.88363],[-83.4939,36.86369],[-83.48955,36.85526],[-83.48171,36.84913],[-83.51173,36.80736],[-83.50257,36.79959],[-83.49409,36.78621],[-83.48581,36.78329],[-83.49115,36.75648],[-83.49739,36.74833],[-83.50089,36.73325],[-83.48665,36.71066],[-83.48018,36.70988],[-83.45946,36.69739],[-83.46102,36.66486],[-83.49922,36.67044],[-83.53015,36.66605],[-83.53705,36.65893],[-83.56243,36.65125],[-83.57732,36.6415],[-83.58645,36.64386],[-83.6139,36.63485],[-83.62402,36.62551],[-83.6477,36.62308],[-83.64931,36.61677],[-83.66355,36.60693],[-83.67444,36.60362],[-83.67622,36.59793],[-83.69079,36.5826],[-84.22729,36.59204],[-84.22869,36.60061],[-84.23674,36.60669],[-84.23963,36.61342],[-84.27153,36.63395],[-84.30086,36.66679],[-84.31295,36.68742],[-84.31977,36.70976],[-84.32265,36.75867],[-84.33107,36.75912],[-84.33801,36.77508],[-84.34959,36.77957],[-84.35025,36.7968],[-84.34534,36.806],[-84.35597,36.81102],[-84.34329,36.82277],[-84.31803,36.83376],[-84.31958,36.83647],[-84.33242,36.83836],[-84.3421,36.83574],[-84.34498,36.83976],[-84.34112,36.84502],[-84.33181,36.84669],[-84.32763,36.85404],[-84.31498,36.85738],[-84.32529,36.86746],[-84.31476,36.88314],[-84.32336,36.89417],[-84.31585,36.90543],[-84.30421,36.91132],[-84.30692,36.92152],[-84.31315,36.9294],[-84.29969,36.9378],[-84.29684,36.94483],[-84.30194,36.9466],[-84.31366,36.94218],[-84.32451,36.94619],[-84.35347,36.93937],[-84.36244,36.9409],[-84.36886,36.94817],[-84.34577,36.96903],[-84.34453,36.9735],[-84.34996,36.98914],[-84.33598,36.99136],[-84.32794,36.99758],[-84.31505,37.00145],[-84.3139,37.00832],[-84.32628,37.01557],[-84.33175,37.025],[-84.32829,37.02826],[-84.32045,37.02872],[-84.31566,37.02289],[-84.31104,37.02407],[-84.30295,37.04068],[-84.31248,37.03772],[-84.31731,37.04081],[-84.31591,37.05443],[-84.32511,37.06182],[-84.3246,37.06787],[-84.31855,37.07054],[-84.31465,37.07715],[-84.30328,37.08022],[-84.30067,37.08803],[-84.28521,37.0889],[-84.28704,37.09527],[-84.28005,37.10085],[-84.29296,37.11356],[-84.28106,37.1145],[-84.27903,37.11966],[-84.2866,37.1234],[-84.29687,37.12164],[-84.28946,37.12912],[-84.29389,37.14497],[-84.28797,37.15811],[-84.28925,37.16257],[-84.29673,37.16458],[-84.29989,37.17058],[-84.28481,37.1729],[-84.26563,37.18171],[-84.26757,37.18529],[-84.27833,37.18726],[-84.28099,37.19747],[-84.27406,37.20096],[-84.26475,37.20025],[-84.25928,37.20509],[-84.27213,37.2127],[-84.2632,37.21705],[-84.26713,37.2228],[-84.25788,37.22811],[-84.25432,37.23908],[-84.2509,37.24024],[-84.24684,37.23241],[-84.2403,37.22848],[-84.23595,37.23107],[-84.2397,37.23857],[-84.23399,37.24786],[-84.22973,37.24793],[-84.22869,37.24221],[-84.22409,37.23884],[-84.21783,37.24243],[-84.21728,37.2831],[-84.20157,37.28006],[-84.19808,37.28558],[-84.19048,37.28554],[-84.18691,37.29289],[-84.17888,37.29887],[-84.18032,37.30373],[-84.17157,37.30707],[-84.17135,37.30016],[-84.16439,37.3009],[-84.16245,37.29792],[-84.15937,37.30346],[-84.14772,37.3027],[-84.14731,37.30602],[-84.15238,37.31057],[-84.13759,37.3096],[-84.13526,37.32544],[-84.12804,37.32977],[-84.12816,37.33417],[-84.11905,37.33575],[-84.10807,37.32655],[-84.1071,37.31587],[-84.09433,37.31402],[-84.10847,37.31017],[-84.0996,37.30383],[-84.10105,37.29896],[-84.09595,37.29999],[-84.08853,37.29474],[-84.08798,37.29109],[-84.08072,37.29151],[-84.07563,37.28708],[-84.07831,37.28212],[-84.0655,37.28754],[-84.06386,37.28328],[-84.05939,37.28571],[-84.04846,37.2818],[-84.05609,37.27604],[-84.05648,37.26976],[-84.00561,37.25334],[-83.94372,37.25055],[-83.94054,37.25878],[-83.92221,37.26183],[-83.90157,37.25374],[-83.89692,37.26215],[-83.89989,37.2668],[-83.89009,37.27449],[-83.88833,37.28572],[-83.87684,37.29465],[-83.88039,37.29462],[-83.87837,37.29982],[-83.88198,37.30693],[-83.86319,37.30657],[-83.82169,37.33125],[-83.79206,37.33018],[-83.78972,37.33425],[-83.78376,37.33473],[-83.78549,37.33763],[-83.78193,37.34341],[-83.78498,37.34872],[-83.71817,37.33883],[-83.67972,37.33688],[-83.67523,37.33921],[-83.67465,37.34672],[-83.66814,37.35523],[-83.65356,37.35811],[-83.652,37.35026],[-83.64126,37.34608],[-83.63429,37.33918],[-83.63174,37.33478],[-83.63331,37.33088],[-83.62381,37.32765],[-83.62238,37.31478],[-83.61617,37.31471],[-83.61661,37.30793],[-83.60883,37.30853],[-83.60933,37.30128],[-83.59728,37.29225],[-83.58874,37.29135],[-83.58313,37.29483],[-83.57411,37.28843],[-83.57541,37.28097],[-83.56557,37.27572],[-83.56613,37.26536],[-83.56113,37.26863],[-83.5467,37.26587],[-83.54241,37.26834],[-83.53281,37.25643],[-83.52691,37.25853],[-83.51126,37.25507],[-83.51138,37.24226],[-83.50789,37.23588],[-83.52892,37.23126]]]}},{"type":"Feature","properties":{"std_name":"Milwaukee-Racine-Waukesha, WI CSA","std_geoid":"376","pen":"statisticians","std_note":null,"LSAD":"M0","NAME":"Milwaukee-Racine-Waukesha, WI"},"geometry":{"type":"Polygon","coordinates":[[[-88.40043,43.54353],[-87.13478,43.54143],[-87.14717,43.37986],[-87.0439,42.66373],[-88.18831,42.66971],[-88.18817,42.61146],[-88.30589,42.61082],[-88.30469,42.49462],[-88.629,42.49504],[-88.77659,42.49191],[-88.77708,42.84269],[-89.01358,42.84763],[-89.00893,43.3668],[-89.00883,43.37164],[-89.00469,43.37169],[-89.00448,43.37496],[-89.00685,43.63305],[-88.40104,43.63093],[-88.40043,43.54353]]]}},{"type":"Feature","properties":{"std_name":"Monroe-Ruston, LA CSA","std_geoid":"384","pen":"statisticians","std_note":null,"LSAD":"M0","NAME":"Monroe-Ruston, LA"},"geometry":{"type":"Polygon","coordinates":[[[-92.62168,32.45307],[-92.87946,32.45402],[-92.88074,32.60081],[-92.87211,32.60234],[-92.86653,32.60728],[-92.86026,32.64153],[-92.86571,32.65249],[-92.86487,32.66497],[-92.86877,32.678],[-92.86298,32.68902],[-92.84521,32.70085],[-92.84562,32.70494],[-92.83111,32.71361],[-92.82842,32.71119],[-92.82798,32.75943],[-92.72541,32.75944],[-92.72544,32.80331],[-92.73406,32.80336],[-92.73405,32.81815],[-92.72549,32.81814],[-92.72474,33.01439],[-92.04496,33.00775],[-91.44209,33.0062],[-91.43578,33.00613],[-91.43736,33.0027],[-91.43269,33.00262],[-91.43812,33.00012],[-91.43892,32.99096],[-91.4483,32.99241],[-91.44946,32.99017],[-91.44703,32.98752],[-91.44863,32.98254],[-91.43903,32.98551],[-91.43755,32.98093],[-91.44113,32.97447],[-91.45697,32.96535],[-91.46442,32.95075],[-91.47705,32.9416],[-91.48003,32.93644],[-91.47592,32.92659],[-91.4975,32.9061],[-91.49465,32.8908],[-91.51842,32.87672],[-91.5412,32.87655],[-91.54683,32.87341],[-91.55337,32.86321],[-91.56696,32.85502],[-91.57371,32.84128],[-91.57472,32.83158],[-91.57776,32.83119],[-91.57359,32.82539],[-91.57951,32.81859],[-91.58415,32.81809],[-91.58665,32.80952],[-91.591,32.80795],[-91.58979,32.79678],[-91.59311,32.79686],[-91.59265,32.79397],[-91.60533,32.78295],[-91.60028,32.7818],[-91.59593,32.7725],[-91.59649,32.75013],[-91.60692,32.73846],[-91.61171,32.73805],[-91.61108,32.73117],[-91.61774,32.72651],[-91.61772,32.72082],[-91.62921,32.71885],[-91.63888,32.70247],[-91.6324,32.70124],[-91.62861,32.69555],[-91.62402,32.69567],[-91.6205,32.68801],[-91.62338,32.68478],[-91.62199,32.67994],[-91.6376,32.6673],[-91.59688,32.66715],[-91.59621,32.58211],[-91.4453,32.58196],[-91.43142,32.56215],[-91.44227,32.55225],[-91.43873,32.54689],[-91.441,32.54309],[-91.45511,32.54121],[-91.45901,32.53672],[-91.46864,32.53475],[-91.47094,32.53157],[-91.46783,32.52899],[-91.47101,32.52541],[-91.46937,32.52276],[-91.48129,32.50142],[-91.4852,32.50296],[-91.48027,32.49845],[-91.48497,32.49497],[-91.48208,32.49073],[-91.48613,32.48727],[-91.48569,32.47687],[-91.48191,32.4746],[-91.4845,32.47176],[-91.47799,32.46356],[-91.47501,32.45282],[-91.47873,32.44613],[-91.47179,32.43978],[-91.47144,32.43477],[-91.47656,32.4322],[-91.47601,32.4366],[-91.48167,32.4388],[-91.48602,32.43593],[-91.48731,32.425],[-91.48458,32.41706],[-91.48685,32.41355],[-91.47649,32.40556],[-91.63507,32.40577],[-91.63113,32.40358],[-91.63769,32.40033],[-91.6411,32.40306],[-91.64302,32.39382],[-91.64985,32.39328],[-91.6495,32.38936],[-91.65468,32.38844],[-91.6566,32.39125],[-91.6583,32.38617],[-91.67053,32.38817],[-91.67018,32.38313],[-91.68009,32.38423],[-91.68039,32.37314],[-91.69863,32.37067],[-91.69677,32.36329],[-91.70339,32.3594],[-91.69882,32.35397],[-91.70346,32.3425],[-91.71418,32.3432],[-91.72319,32.33362],[-91.74084,32.33389],[-91.74489,32.3395],[-91.75447,32.33407],[-91.76084,32.33535],[-91.76446,32.33032],[-91.7591,32.31771],[-91.76614,32.31104],[-91.7578,32.30992],[-91.76132,32.305],[-91.76634,32.30555],[-91.76718,32.30029],[-91.76369,32.30235],[-91.76185,32.2985],[-91.76921,32.2951],[-91.76333,32.2958],[-91.76254,32.29322],[-91.77463,32.27366],[-91.77073,32.27218],[-91.77445,32.26526],[-91.76986,32.26018],[-91.77336,32.25838],[-91.76917,32.25719],[-91.77374,32.25374],[-91.77154,32.24805],[-91.77486,32.24702],[-91.77513,32.24306],[-91.78033,32.24304],[-91.77723,32.2383],[-91.78203,32.24068],[-91.78729,32.23887],[-91.78499,32.23603],[-91.794,32.22909],[-91.7922,32.2251],[-91.80865,32.22178],[-91.80896,32.21814],[-91.81287,32.22217],[-91.81193,32.2187],[-91.82047,32.21273],[-91.81915,32.20514],[-91.82413,32.2032],[-91.82273,32.19065],[-91.8268,32.19241],[-91.83348,32.18308],[-91.83056,32.18081],[-91.83629,32.18167],[-91.83728,32.17616],[-91.84028,32.17808],[-91.84945,32.17285],[-91.85601,32.17625],[-91.85728,32.17333],[-91.8635,32.17411],[-91.86491,32.17162],[-91.86664,32.17407],[-91.87273,32.17182],[-91.87513,32.17389],[-91.87631,32.17065],[-91.88021,32.17151],[-91.88668,32.16595],[-91.88503,32.16325],[-91.88816,32.16268],[-91.89473,32.15155],[-91.90052,32.15309],[-91.89359,32.15619],[-91.89688,32.15957],[-91.89225,32.16051],[-91.89289,32.1628],[-91.90859,32.1656],[-91.91059,32.16906],[-91.9156,32.16613],[-91.92212,32.16805],[-91.93276,32.16524],[-91.93971,32.16922],[-91.94213,32.17545],[-91.94631,32.17186],[-91.95239,32.17446],[-91.96019,32.16964],[-91.97987,32.16615],[-91.98123,32.16905],[-91.9759,32.17836],[-91.98382,32.1913],[-91.97351,32.19738],[-91.97376,32.20358],[-91.97879,32.2039],[-92.00013,32.19039],[-92.00663,32.1904],[-92.0091,32.19351],[-92.00639,32.20163],[-91.99042,32.21155],[-91.98037,32.21333],[-91.97773,32.21726],[-91.98309,32.2243],[-91.99016,32.21382],[-92.00013,32.21169],[-92.00068,32.2154],[-91.99309,32.21926],[-91.99118,32.2255],[-92.00748,32.23105],[-91.99909,32.23496],[-91.99699,32.24638],[-91.98616,32.25083],[-91.98741,32.2534],[-91.99886,32.25219],[-92.00144,32.25617],[-91.99173,32.26455],[-91.99337,32.27679],[-92.1065,32.27689],[-92.10633,32.25873],[-92.15264,32.25883],[-92.15272,32.26467],[-92.16256,32.27041],[-92.16484,32.27687],[-92.31216,32.27735],[-92.31196,32.32097],[-92.41558,32.40803],[-92.41551,32.49561],[-92.6224,32.49641],[-92.62168,32.45307]]]}},{"type":"Feature","properties":{"std_name":"New Bern-Morehead City, NC CSA","std_geoid":"404","pen":"statisticians","std_note":null,"LSAD":"M0","NAME":"New Bern-Morehead City, NC"},"geometry":{"type":"Polygon","coordinates":[[[-76.30414,35.20145],[-76.06577,35.12494],[-76.01904,35.06539],[-76.016,35.06532],[-76.00656,35.05387],[-76.00694,35.00603],[-76.02443,35.00536],[-76.12463,34.93308],[-76.24963,34.83463],[-76.31573,34.77603],[-76.37464,34.71599],[-76.439,34.64029],[-76.46634,34.59574],[-76.48318,34.55636],[-76.49199,34.54653],[-76.52438,34.53216],[-76.54787,34.53284],[-76.56251,34.53691],[-76.58372,34.55262],[-76.59548,34.57784],[-76.61234,34.60013],[-76.61472,34.61828],[-76.67723,34.6343],[-76.6928,34.64295],[-76.72983,34.64721],[-76.81894,34.64325],[-76.95097,34.62516],[-76.99967,34.61701],[-77.07921,34.59597],[-77.09431,34.58859],[-77.1172,34.58437],[-77.11293,34.63854],[-77.10803,34.63974],[-77.11316,34.65103],[-77.09607,34.67124],[-77.11353,34.68054],[-77.10515,34.69471],[-77.10599,34.71033],[-77.1218,34.73153],[-77.12565,34.75671],[-77.13575,34.76461],[-77.14169,34.7597],[-77.14336,34.76579],[-77.14902,34.76851],[-77.15791,34.76604],[-77.15842,34.76948],[-77.15063,34.77099],[-77.15398,34.77684],[-77.16009,34.77426],[-77.15838,34.78166],[-77.16549,34.77921],[-77.16699,34.78529],[-77.16937,34.78073],[-77.17319,34.78103],[-77.1701,34.7848],[-77.17522,34.78745],[-77.17083,34.79018],[-77.17582,34.79197],[-77.17542,34.79628],[-77.19051,34.80226],[-77.18922,34.80633],[-77.19627,34.81035],[-77.19312,34.81442],[-77.19578,34.81761],[-77.18636,34.81947],[-77.1843,34.82634],[-77.17951,34.8295],[-77.18125,34.83621],[-77.1933,34.83194],[-77.20194,34.8345],[-77.20085,34.84201],[-77.2122,34.85328],[-77.20996,34.85875],[-77.21958,34.87028],[-77.21588,34.87333],[-77.22243,34.88206],[-77.222,34.887],[-77.23411,34.88612],[-77.23187,34.89291],[-77.23877,34.89358],[-77.23736,34.89996],[-77.24982,34.90089],[-77.25222,34.90309],[-77.25073,34.90991],[-77.25933,34.90888],[-77.25972,34.91487],[-77.26765,34.92579],[-77.2833,34.92781],[-77.28532,34.93129],[-77.29464,34.93047],[-77.30889,34.93757],[-77.31702,34.93228],[-77.332,34.93908],[-77.34319,34.93131],[-77.36314,34.92583],[-77.36677,34.90865],[-77.50277,34.96963],[-77.63897,34.98446],[-77.67481,34.9739],[-77.73103,35.00814],[-77.60128,35.07137],[-77.50746,35.17281],[-77.52718,35.243],[-77.47369,35.22899],[-77.46562,35.23462],[-77.46432,35.23915],[-77.43345,35.24965],[-77.42697,35.25587],[-77.42617,35.26237],[-77.43766,35.27699],[-77.43993,35.28959],[-77.44961,35.29946],[-77.44014,35.30385],[-77.4385,35.31176],[-77.43113,35.31291],[-77.43132,35.32978],[-77.41469,35.33041],[-77.41421,35.33397],[-77.4105,35.33187],[-77.41094,35.33803],[-77.39516,35.34302],[-77.38258,35.33435],[-77.36476,35.33303],[-77.35294,35.32742],[-77.29434,35.37914],[-77.27938,35.37566],[-77.26929,35.36915],[-77.27035,35.36012],[-77.26656,35.35387],[-77.25942,35.35159],[-77.24767,35.3545],[-77.23794,35.36154],[-77.23681,35.37179],[-77.23965,35.38136],[-77.2346,35.39109],[-77.22711,35.3932],[-77.22713,35.39984],[-77.22006,35.40204],[-77.21122,35.39818],[-77.20156,35.39866],[-77.18912,35.41836],[-76.95889,35.30101],[-76.84551,35.21606],[-76.63256,35.23532],[-76.61377,35.27094],[-76.61217,35.27941],[-76.61936,35.30228],[-76.61624,35.31468],[-76.61703,35.33087],[-76.60423,35.33822],[-76.5905,35.36186],[-76.52213,35.35362],[-76.51867,35.348],[-76.46376,35.33813],[-76.44542,35.32926],[-76.30414,35.20145]]]}},{"type":"Feature","properties":{"std_name":"New Haven-Hartford-Waterbury, CT CSA","std_geoid":"405","pen":"statisticians","std_note":null,"LSAD":"M0","NAME":"New Haven-Hartford-Waterbury, CT"},"geometry":{"type":"Polygon","coordinates":[[[-71.78724,41.65611],[-71.79775,41.41673],[-71.81809,41.41985],[-71.82538,41.41469],[-71.84243,41.41026],[-71.84221,41.39538],[-71.83313,41.38784],[-71.83064,41.37877],[-71.83787,41.36015],[-71.83604,41.35399],[-71.8313,41.3513],[-71.82936,41.34243],[-71.85746,41.32079],[-71.86654,41.31918],[-71.89207,41.33008],[-71.90726,41.30448],[-71.92945,41.31039],[-71.99949,41.29579],[-72.01921,41.29059],[-72.08179,41.26224],[-72.99955,41.08711],[-73.12145,41.1776],[-73.12135,41.1875],[-73.10965,41.202],[-73.10995,41.2294],[-73.10157,41.24009],[-73.09122,41.24641],[-73.08675,41.2546],[-73.10298,41.25951],[-73.10829,41.26858],[-73.14688,41.25537],[-73.15527,41.26909],[-73.17391,41.26862],[-73.2048,41.29936],[-73.17681,41.33759],[-73.17066,41.35793],[-73.15705,41.3767],[-73.15798,41.38296],[-73.17415,41.38417],[-73.18796,41.3973],[-73.18656,41.4086],[-73.19816,41.4119],[-73.21824,41.42907],[-73.22648,41.43031],[-73.23841,41.42625],[-73.24526,41.43989],[-73.25773,41.43356],[-73.26368,41.43453],[-73.2737,41.45164],[-73.29776,41.44828],[-73.30079,41.4559],[-73.29959,41.47011],[-73.31278,41.46993],[-73.32711,41.48453],[-73.32478,41.48962],[-73.32679,41.49304],[-73.31889,41.50519],[-73.33031,41.50441],[-73.35908,41.64652],[-73.37786,41.65898],[-73.38212,41.68333],[-73.50186,41.66954],[-73.50692,41.6658],[-73.51808,41.66672],[-73.48732,42.04953],[-73.42852,42.05048],[-73.0368,42.03929],[-72.81378,42.03674],[-72.81705,41.99768],[-72.76673,42.00327],[-72.76625,42.00787],[-72.7615,42.0093],[-72.76298,42.01347],[-72.75895,42.01547],[-72.76581,42.01957],[-72.76525,42.02237],[-72.75734,42.02098],[-72.75206,42.02902],[-72.7573,42.03338],[-72.75589,42.03635],[-72.69933,42.03696],[-72.60798,42.03108],[-72.60717,42.02515],[-72.58216,42.02474],[-72.57278,42.03022],[-72.53155,42.03458],[-71.80067,42.02351],[-71.78724,41.65611]]]}},{"type":"Feature","properties":{"std_name":"New York-Newark, NY-NJ-CT-PA CSA","std_geoid":"408","pen":"statisticians","std_note":null,"LSAD":"M0","NAME":"New York-Newark, NY-NJ-CT-PA"},"geometry":{"type":"Polygon","coordinates":[[[-74.0748,42.09659],[-74.04239,42.17039],[-74.02488,42.16213],[-74.00359,42.16336],[-74.00245,42.17699],[-73.91836,42.12892],[-73.91067,42.12729],[-73.92146,42.11003],[-73.92963,42.07878],[-73.9171,42.07647],[-73.91559,42.08091],[-73.90319,42.07811],[-73.71093,42.00549],[-73.52707,41.97798],[-73.52142,42.04997],[-73.48732,42.04953],[-73.51808,41.66672],[-73.50692,41.6658],[-73.50186,41.66954],[-73.38212,41.68333],[-73.37786,41.65898],[-73.35908,41.64652],[-73.33031,41.50441],[-73.31889,41.50519],[-73.32679,41.49304],[-73.32478,41.48962],[-73.32711,41.48453],[-73.31278,41.46993],[-73.29959,41.47011],[-73.30079,41.4559],[-73.29776,41.44828],[-73.2737,41.45164],[-73.26368,41.43453],[-73.25773,41.43356],[-73.24526,41.43989],[-73.23841,41.42625],[-73.22648,41.43031],[-73.21824,41.42907],[-73.19816,41.4119],[-73.18656,41.4086],[-73.18796,41.3973],[-73.17415,41.38417],[-73.15798,41.38296],[-73.15705,41.3767],[-73.17066,41.35793],[-73.17681,41.33759],[-73.2048,41.29936],[-73.17391,41.26862],[-73.15527,41.26909],[-73.14688,41.25537],[-73.10829,41.26858],[-73.10298,41.25951],[-73.08675,41.2546],[-73.09122,41.24641],[-73.10157,41.24009],[-73.10995,41.2294],[-73.10965,41.202],[-73.12135,41.1875],[-73.12145,41.1776],[-72.99955,41.08711],[-72.08185,41.26222],[-72.01921,41.29059],[-71.92945,41.31039],[-71.90726,41.30448],[-71.79097,41.1841],[-71.79063,41.10184],[-71.78187,41.0962],[-71.77749,41.06729],[-71.79414,41.03698],[-71.83709,41.01089],[-71.87014,40.99697],[-71.9317,40.9825],[-72.37453,40.8186],[-72.62454,40.74557],[-72.74954,40.71341],[-72.82861,40.6869],[-72.87454,40.67502],[-73.014,40.6251],[-73.12456,40.59837],[-73.24964,40.56256],[-73.27402,40.55131],[-73.32627,40.55692],[-73.4865,40.5205],[-73.62457,40.53451],[-73.76878,40.53375],[-73.82616,40.52287],[-73.87678,40.50113],[-73.88965,40.48651],[-73.88506,40.45278],[-73.88708,40.34501],[-73.89821,40.27435],[-73.96528,40.11295],[-73.96614,40.09058],[-73.97329,40.07514],[-73.99958,39.9768],[-74.0199,39.87512],[-74.03048,39.78668],[-74.03816,39.75012],[-74.04949,39.72378],[-74.09653,39.64995],[-74.18319,39.53299],[-74.23206,39.4752],[-74.29646,39.47529],[-74.31261,39.50012],[-74.32477,39.50597],[-74.35421,39.50557],[-74.3808,39.49854],[-74.40243,39.53911],[-74.41666,39.55054],[-74.41739,39.55725],[-74.4141,39.5624],[-74.41904,39.56837],[-74.40082,39.57224],[-74.3904,39.59604],[-74.38971,39.77328],[-74.52869,40.03745],[-74.58783,40.13825],[-74.60211,40.13678],[-74.60696,40.1407],[-74.6218,40.14112],[-74.62352,40.1491],[-74.63367,40.14898],[-74.63848,40.15434],[-74.64869,40.15565],[-74.66233,40.16521],[-74.67742,40.16607],[-74.67444,40.1736],[-74.69617,40.17893],[-74.69468,40.1822],[-74.70042,40.18365],[-74.71107,40.18071],[-74.71283,40.17474],[-74.70839,40.17149],[-74.71063,40.16738],[-74.70421,40.16873],[-74.70627,40.16179],[-74.71387,40.15265],[-74.72205,40.15031],[-74.72232,40.16073],[-74.73721,40.17761],[-74.75431,40.18521],[-74.77144,40.21518],[-74.79531,40.22941],[-74.84231,40.25051],[-74.86821,40.29521],[-74.89161,40.31301],[-74.90831,40.31691],[-74.93971,40.33801],[-74.94452,40.34506],[-74.9489,40.36505],[-74.96655,40.39815],[-74.99586,40.41038],[-75.02863,40.40397],[-75.05858,40.41819],[-75.07068,40.45679],[-75.06702,40.46531],[-75.06772,40.47367],[-75.06266,40.48044],[-75.0651,40.52641],[-75.06884,40.54242],[-75.09983,40.5674],[-75.11554,40.57286],[-75.14017,40.57537],[-75.15904,40.56485],[-75.17162,40.56422],[-75.18579,40.56884],[-75.1955,40.57863],[-75.1896,40.59178],[-75.17497,40.5988],[-75.17254,40.60489],[-75.16288,40.61113],[-75.16208,40.61756],[-75.15442,40.62169],[-75.14967,40.6205],[-75.14567,40.6288],[-75.11134,40.63821],[-75.07516,40.66505],[-75.06238,40.66952],[-75.04884,40.67964],[-75.04322,40.67894],[-75.0173,40.69457],[-75.00384,40.69304],[-74.99146,40.7029],[-74.98141,40.7059],[-74.97957,40.7108],[-74.96845,40.71075],[-74.96351,40.72047],[-74.95173,40.72774],[-74.92694,40.75494],[-74.90272,40.77184],[-74.90416,40.78103],[-74.88538,40.79098],[-74.86927,40.7951],[-74.86439,40.80316],[-74.85999,40.80102],[-74.85143,40.80349],[-74.8468,40.81087],[-74.84247,40.81164],[-74.83019,40.82476],[-74.83138,40.82881],[-74.81853,40.83662],[-74.82382,40.84379],[-74.82138,40.84945],[-74.81412,40.85122],[-74.81,40.85437],[-74.8093,40.86018],[-74.80299,40.86174],[-74.80207,40.86442],[-74.80831,40.86955],[-74.80613,40.88372],[-74.79263,40.88958],[-74.78698,40.89971],[-74.76942,40.91093],[-74.96746,41.09533],[-74.98478,41.08855],[-74.99101,41.08858],[-74.99365,41.09387],[-74.99798,41.0895],[-75.00318,41.09177],[-75.01178,41.08801],[-75.0126,41.0838],[-75.02045,41.08479],[-75.02796,41.07987],[-75.03343,41.08732],[-75.03922,41.0888],[-75.07681,41.14112],[-75.15651,41.15034],[-75.12972,41.2521],[-75.35918,41.23921],[-75.34219,41.25269],[-75.34164,41.25528],[-75.35014,41.26012],[-75.34725,41.26603],[-75.3342,41.27031],[-75.33172,41.27519],[-75.33364,41.27945],[-75.32461,41.28888],[-75.32776,41.29889],[-75.32228,41.29988],[-75.31397,41.31061],[-75.31598,41.31904],[-75.31211,41.32103],[-75.3104,41.32689],[-75.3112,41.33157],[-75.32245,41.34004],[-75.32596,41.34067],[-75.33023,41.33503],[-75.34298,41.33609],[-75.34436,41.34103],[-75.33663,41.34513],[-75.34174,41.355],[-75.34641,41.35728],[-75.34817,41.36425],[-75.35131,41.36372],[-75.34852,41.37056],[-75.33776,41.37625],[-75.32366,41.36604],[-75.31429,41.36861],[-75.30907,41.37468],[-75.29815,41.36729],[-75.26209,41.37504],[-75.26172,41.38253],[-75.25308,41.39129],[-75.25671,41.39406],[-75.25549,41.39818],[-75.24681,41.40243],[-75.25202,41.41116],[-75.24604,41.41687],[-75.25024,41.41859],[-75.23364,41.4205],[-75.23465,41.42324],[-75.22909,41.42723],[-75.22821,41.42478],[-75.21732,41.42434],[-75.21021,41.43106],[-75.20134,41.43195],[-75.19906,41.43796],[-75.19194,41.43827],[-75.18624,41.44284],[-75.18923,41.44682],[-75.18808,41.45769],[-75.17835,41.46195],[-75.06956,41.60187],[-75.07448,41.60813],[-75.05973,41.61042],[-75.05973,41.61756],[-75.04447,41.61717],[-75.04361,41.62332],[-75.0487,41.63371],[-75.04946,41.66028],[-75.05952,41.67225],[-75.05125,41.68002],[-75.05263,41.68811],[-75.06896,41.70933],[-75.06622,41.71276],[-75.04969,41.71337],[-75.05483,41.7349],[-75.05304,41.75206],[-75.06124,41.76479],[-75.07461,41.77127],[-75.09463,41.76836],[-75.10189,41.76961],[-75.10468,41.7741],[-75.10087,41.78888],[-75.09195,41.79698],[-75.07667,41.79854],[-75.07176,41.81321],[-75.07806,41.8153],[-75.08988,41.8117],[-75.10057,41.81893],[-75.11268,41.8224],[-75.11498,41.84447],[-75.13099,41.84526],[-75.13988,41.85206],[-75.14474,41.85168],[-74.5536,42.12148],[-74.53099,42.14648],[-74.50398,42.14492],[-74.45171,42.16922],[-74.30757,42.11435],[-74.0748,42.09659]]]}},{"type":"Feature","properties":{"std_name":"Paducah-Mayfield, KY-IL CSA","std_geoid":"424","pen":"statisticians","std_note":null,"LSAD":"M0","NAME":"Paducah-Mayfield, KY-IL"},"geometry":{"type":"Polygon","coordinates":[[[-88.71074,37.33708],[-88.49033,37.15946],[-88.49049,37.06817],[-88.48262,37.06726],[-88.46196,37.07356],[-88.44561,37.09333],[-88.44578,37.09968],[-88.44063,37.1086],[-88.44342,37.10869],[-88.44298,37.11192],[-88.42466,37.15229],[-88.43306,37.16264],[-88.44804,37.20364],[-88.45852,37.21335],[-88.47217,37.22031],[-88.48744,37.24429],[-88.51141,37.26148],[-88.51215,37.26379],[-88.50916,37.26208],[-88.50394,37.26479],[-88.50673,37.26499],[-88.5159,37.28409],[-88.51243,37.29662],[-88.48468,37.34523],[-88.47597,37.3887],[-88.45281,37.41094],[-88.40923,37.42531],[-88.38434,37.41459],[-88.37114,37.40261],[-88.36446,37.40174],[-88.3585,37.4048],[-88.35562,37.39719],[-88.33246,37.39436],[-88.3281,37.39974],[-88.32291,37.39379],[-88.31785,37.39793],[-88.31285,37.39194],[-88.31333,37.38808],[-88.30795,37.38678],[-88.31302,37.38114],[-88.29886,37.3797],[-88.29936,37.37187],[-88.30585,37.37213],[-88.30414,37.36971],[-88.30756,37.36976],[-88.30917,37.36782],[-88.30111,37.36639],[-88.30445,37.36003],[-88.30091,37.36008],[-88.29996,37.35211],[-88.29396,37.34947],[-88.29652,37.33721],[-88.26736,37.31732],[-88.21898,37.27314],[-88.20058,37.23452],[-88.20528,37.22656],[-88.20042,37.22721],[-88.20121,37.22412],[-88.19614,37.21963],[-88.20117,37.21677],[-88.19833,37.21433],[-88.20188,37.20823],[-88.20435,37.20966],[-88.2048,37.20359],[-88.21094,37.20002],[-88.21205,37.19048],[-88.21415,37.19273],[-88.21956,37.19084],[-88.21646,37.18741],[-88.22034,37.18301],[-88.19577,37.17322],[-88.18987,37.16637],[-88.18729,37.15454],[-88.21264,37.12794],[-88.21707,37.11091],[-88.21689,37.09573],[-88.22907,37.09067],[-88.23234,37.08614],[-88.2163,37.05622],[-88.22519,37.0454],[-88.22677,37.0276],[-88.20922,36.99998],[-88.24037,36.98191],[-88.30775,37.04853],[-88.33749,37.06073],[-88.36303,37.06406],[-88.43366,37.04784],[-88.45434,37.03154],[-88.48296,37.02257],[-88.48525,37.00111],[-88.48418,36.8666],[-88.48907,36.50116],[-88.81676,36.50267],[-88.81629,36.68289],[-88.8196,36.75591],[-88.81323,36.77311],[-89.06727,36.77276],[-89.06181,36.78702],[-89.10416,36.79729],[-89.12353,36.78522],[-89.15714,36.78957],[-89.16802,36.79522],[-89.17913,36.81089],[-89.17885,36.83334],[-89.17044,36.84184],[-89.159,36.84273],[-89.15268,36.8471],[-89.13811,36.84732],[-89.11711,36.88869],[-89.09898,36.95822],[-89.10104,36.96708],[-89.11095,36.9778],[-89.12344,36.98319],[-89.13656,36.98376],[-89.17017,37.00707],[-89.18078,37.02564],[-89.18135,37.04593],[-89.17382,37.06631],[-89.16708,37.07541],[-89.15565,37.08773],[-89.14607,37.091],[-89.15058,37.0937],[-89.14818,37.09842],[-89.12585,37.10848],[-89.1095,37.12309],[-89.08671,37.16545],[-89.02987,37.21106],[-89.01315,37.21648],[-89.00007,37.22476],[-88.98251,37.22882],[-88.96641,37.23011],[-88.97296,37.22849],[-88.95315,37.22481],[-88.93268,37.22526],[-88.94192,37.22882],[-88.92789,37.22637],[-88.92876,37.30285],[-88.89756,37.31749],[-88.89925,37.32139],[-88.89621,37.32983],[-88.90507,37.33574],[-88.71074,37.33708]]]}},{"type":"Feature","properties":{"std_name":"Peoria-Canton, IL CSA","std_geoid":"427","pen":"statisticians","std_note":null,"LSAD":"M0","NAME":"Peoria-Canton, IL"},"geometry":{"type":"Polygon","coordinates":[[[-89.04739,41.10479],[-89.04772,40.92575],[-88.93139,40.92774],[-88.92933,40.75334],[-88.9869,40.7523],[-88.98472,40.66495],[-89.04532,40.66394],[-89.04437,40.62743],[-89.10157,40.62504],[-89.10113,40.61233],[-89.13422,40.61149],[-89.13375,40.59673],[-89.26937,40.59437],[-89.26374,40.32534],[-89.71493,40.31922],[-89.7171,40.43565],[-89.92468,40.43592],[-89.95518,40.42018],[-89.97535,40.40447],[-89.98376,40.39264],[-90.03795,40.37504],[-90.05165,40.35218],[-90.04985,40.33741],[-90.05311,40.32793],[-90.06871,40.31389],[-90.06874,40.2961],[-90.09407,40.2689],[-90.10729,40.2609],[-90.12073,40.233],[-90.136,40.2232],[-90.15796,40.21966],[-90.16859,40.21345],[-90.17629,40.19992],[-90.19353,40.19208],[-90.19964,40.18381],[-90.45192,40.1888],[-90.44434,40.71487],[-89.98606,40.71236],[-89.98456,41.14939],[-89.86815,41.14949],[-89.86779,41.23443],[-89.63871,41.23386],[-89.63854,41.14854],[-89.32927,41.14793],[-89.33589,41.11727],[-89.35844,41.10385],[-89.04739,41.10479]]]}},{"type":"Feature","properties":{"std_name":"Philadelphia-Reading-Camden, PA-NJ-DE-MD CSA","std_geoid":"428","pen":"statisticians","std_note":null,"LSAD":"M0","NAME":"Philadelphia-Reading-Camden, PA-NJ-DE-MD"},"geometry":{"type":"Polygon","coordinates":[[[-75.89147,40.67727],[-75.48386,40.41863],[-75.40973,40.48798],[-75.26637,40.57758],[-75.1968,40.60858],[-75.18927,40.58992],[-75.1955,40.57863],[-75.18266,40.56728],[-75.16048,40.5644],[-75.14493,40.57387],[-75.135,40.57566],[-75.11554,40.57286],[-75.0965,40.56507],[-75.06726,40.53924],[-75.06266,40.48044],[-75.06772,40.47367],[-75.06702,40.46531],[-75.07068,40.45679],[-75.05762,40.41734],[-75.02763,40.40376],[-74.99586,40.41038],[-74.96655,40.39815],[-74.9489,40.36505],[-74.94452,40.34506],[-74.93971,40.33801],[-74.90831,40.31691],[-74.89161,40.31301],[-74.86821,40.29521],[-74.84231,40.25051],[-74.79531,40.22941],[-74.77144,40.21518],[-74.75431,40.18521],[-74.73721,40.17761],[-74.72232,40.16073],[-74.72205,40.15031],[-74.71387,40.15265],[-74.70627,40.16179],[-74.70421,40.16873],[-74.71063,40.16738],[-74.70839,40.17149],[-74.71283,40.17474],[-74.71107,40.18071],[-74.70042,40.18365],[-74.69468,40.1822],[-74.69617,40.17893],[-74.67444,40.1736],[-74.67742,40.16607],[-74.66233,40.16521],[-74.64869,40.15565],[-74.63848,40.15434],[-74.63367,40.14898],[-74.62352,40.1491],[-74.6218,40.14112],[-74.60696,40.1407],[-74.60211,40.13678],[-74.58783,40.13825],[-74.52869,40.03745],[-74.38971,39.77328],[-74.3904,39.59604],[-74.40082,39.57224],[-74.41904,39.56837],[-74.4141,39.5624],[-74.41739,39.55725],[-74.41666,39.55054],[-74.40243,39.53911],[-74.3808,39.49854],[-74.35421,39.50557],[-74.32638,39.50633],[-74.31261,39.50012],[-74.29646,39.47529],[-74.23206,39.4752],[-74.24958,39.4526],[-74.26592,39.42242],[-74.28727,39.39825],[-74.32542,39.36234],[-74.35005,39.34577],[-74.35466,39.33541],[-74.36875,39.32068],[-74.3922,39.31229],[-74.4306,39.30836],[-74.46161,39.30102],[-74.50847,39.26097],[-74.52396,39.24026],[-74.56524,39.21064],[-74.58374,39.18722],[-74.59535,39.17775],[-74.6036,39.16295],[-74.6246,39.14358],[-74.64428,39.11482],[-74.63987,39.09465],[-74.64687,39.07621],[-74.66161,39.06128],[-74.68219,39.04982],[-74.71557,39.00922],[-74.7284,38.97425],[-74.74311,38.95889],[-74.77394,38.94279],[-74.80068,38.92058],[-74.80939,38.90696],[-74.82433,38.89626],[-74.8408,38.8901],[-74.87216,38.88779],[-74.90799,38.87932],[-75.01512,38.78866],[-75.13846,39.0027],[-75.31208,38.94586],[-75.31377,38.95071],[-75.3204,38.9538],[-75.32629,38.94901],[-75.33225,38.95074],[-75.33704,38.94645],[-75.34352,38.94744],[-75.34441,38.95535],[-75.35186,38.94741],[-75.36015,38.95756],[-75.36627,38.95394],[-75.36839,38.95999],[-75.38095,38.96178],[-75.38259,38.95582],[-75.39225,38.95652],[-75.40081,38.94753],[-75.3985,38.94079],[-75.40287,38.93745],[-75.39789,38.93619],[-75.40095,38.92948],[-75.39929,38.92641],[-75.40333,38.92295],[-75.40205,38.91781],[-75.40867,38.92007],[-75.40882,38.91682],[-75.41648,38.91808],[-75.41756,38.91432],[-75.42143,38.9156],[-75.43405,38.91082],[-75.44079,38.91322],[-75.46058,38.90938],[-75.46529,38.9113],[-75.48434,38.90442],[-75.48949,38.89046],[-75.49778,38.88213],[-75.50815,38.879],[-75.52029,38.85582],[-75.53619,38.84998],[-75.5397,38.84353],[-75.55501,38.83565],[-75.7228,38.82985],[-75.76659,39.37756],[-75.78422,39.38255],[-75.78466,39.38016],[-75.7894,39.38113],[-75.8062,39.3752],[-75.80945,39.37975],[-75.81883,39.3823],[-75.84548,39.3677],[-75.85543,39.36456],[-75.86838,39.36772],[-75.88093,39.36493],[-75.88586,39.3608],[-75.89452,39.36564],[-75.92278,39.36725],[-75.92794,39.37146],[-75.94234,39.36775],[-75.95697,39.3746],[-75.96827,39.37397],[-75.98111,39.36657],[-75.99313,39.37567],[-76.03602,39.37689],[-76.06203,39.38812],[-76.07993,39.40551],[-76.05343,39.42346],[-76.0402,39.44456],[-76.03581,39.46746],[-76.04413,39.49945],[-76.08597,39.55901],[-76.13597,39.61411],[-76.14747,39.61941],[-76.16177,39.64962],[-76.21268,39.68641],[-76.22928,39.70913],[-76.23328,39.72137],[-76.13548,39.72115],[-76.13667,39.72527],[-76.13405,39.72717],[-76.1191,39.72351],[-76.12042,39.73579],[-76.11387,39.73716],[-76.10844,39.73464],[-76.11092,39.72786],[-76.10201,39.72413],[-76.09251,39.7338],[-76.10195,39.73953],[-76.10034,39.74572],[-76.09404,39.74273],[-76.08678,39.74579],[-76.0826,39.75305],[-76.08579,39.75589],[-76.08185,39.76135],[-76.06743,39.75965],[-76.0637,39.76311],[-76.06456,39.77119],[-76.0584,39.77986],[-76.05053,39.78279],[-76.04126,39.79695],[-76.04976,39.80269],[-76.03902,39.80122],[-76.03522,39.81184],[-76.02962,39.81273],[-76.03764,39.82692],[-76.02703,39.82415],[-76.02283,39.8308],[-76.01649,39.83135],[-76.02222,39.85076],[-76.01883,39.85408],[-76.00758,39.85235],[-76.00243,39.87435],[-75.99149,39.86869],[-75.9868,39.87366],[-75.99238,39.88223],[-75.98673,39.89288],[-75.99501,39.8985],[-75.99741,39.92806],[-75.99152,39.92673],[-75.98477,39.93213],[-75.9817,39.92946],[-75.98097,39.93348],[-75.98821,39.93968],[-75.99463,39.95243],[-75.93587,40.03747],[-75.93613,40.07858],[-75.943,40.10927],[-75.87337,40.13711],[-76.14951,40.31445],[-76.20553,40.36066],[-76.23192,40.36629],[-76.44018,40.49595],[-76.41591,40.49602],[-76.33823,40.51554],[-76.25601,40.51707],[-76.21807,40.52902],[-76.19663,40.53126],[-76.18564,40.53556],[-76.17162,40.53495],[-76.13203,40.55441],[-76.07944,40.5661],[-76.06534,40.57968],[-76.05802,40.57963],[-76.05301,40.57417],[-76.045,40.58379],[-76.03951,40.58309],[-76.03384,40.57726],[-76.02651,40.57859],[-76.0212,40.57375],[-76.01729,40.57424],[-76.01223,40.57771],[-75.99321,40.63971],[-75.89147,40.67727]]]}},{"type":"Feature","properties":{"std_name":"Portland-Vancouver-Salem, OR-WA CSA","std_geoid":"440","pen":"statisticians","std_note":null,"LSAD":"M0","NAME":"Portland-Vancouver-Salem, OR-WA"},"geometry":{"type":"Polygon","coordinates":[[[-123.21492,46.29798],[-123.21795,46.38562],[-123.11423,46.38804],[-122.26045,46.38531],[-122.11447,46.38831],[-121.52232,46.38863],[-121.52232,46.04401],[-121.61223,46.04409],[-121.61268,45.98501],[-121.6125,45.87042],[-121.60862,45.87036],[-121.60925,45.78252],[-121.51438,45.78211],[-121.51801,45.77834],[-121.52876,45.77722],[-121.53835,45.77013],[-121.53678,45.76064],[-121.52118,45.74801],[-121.52501,45.74403],[-121.52151,45.73194],[-121.52368,45.72493],[-121.53293,45.7265],[-121.63132,45.7047],[-121.66841,45.70511],[-121.7073,45.69484],[-121.73507,45.694],[-121.81118,45.70672],[-121.86702,45.69339],[-121.90175,45.67067],[-121.90077,45.66202],[-121.90813,45.65456],[-121.92203,45.64921],[-121.92205,45.61076],[-121.91306,45.60144],[-121.91839,45.58548],[-121.91047,45.5812],[-121.91391,45.57116],[-121.90733,45.56672],[-121.90188,45.55619],[-121.9094,45.54963],[-121.92229,45.54638],[-121.91603,45.54271],[-121.90657,45.52064],[-121.8916,45.5126],[-121.86943,45.51421],[-121.86692,45.50679],[-121.86048,45.50114],[-121.86349,45.49254],[-121.86032,45.48938],[-121.8504,45.4865],[-121.84477,45.47642],[-121.83628,45.47433],[-121.80684,45.45465],[-121.8069,45.43529],[-121.79589,45.42672],[-121.79302,45.41545],[-121.7763,45.40278],[-121.76224,45.40288],[-121.72419,45.39365],[-121.71795,45.38765],[-121.70553,45.38354],[-121.69693,45.37361],[-121.70214,45.36339],[-121.70326,45.33127],[-121.69088,45.31817],[-121.68794,45.30503],[-121.67908,45.29718],[-121.68,45.29002],[-121.69049,45.27585],[-121.69673,45.25581],[-121.6809,45.25058],[-121.68639,45.23429],[-121.68256,45.22893],[-121.69769,45.22739],[-121.70925,45.21998],[-121.71464,45.21123],[-121.72946,45.21177],[-121.73708,45.20636],[-121.74782,45.20557],[-121.74865,45.1918],[-121.74645,45.18635],[-121.7334,45.17491],[-121.72528,45.15934],[-121.7116,45.15282],[-121.70805,45.13405],[-121.70021,45.12707],[-121.69967,45.12179],[-121.69339,45.11693],[-121.68501,45.12369],[-121.66638,45.1203],[-121.66166,45.10542],[-121.65264,45.10199],[-121.6515,45.0906],[-121.65984,45.07919],[-121.65871,45.06636],[-121.6893,45.06675],[-121.69831,45.05931],[-121.71081,45.05591],[-121.72235,45.04602],[-121.71699,45.03821],[-121.71938,45.03707],[-121.73839,45.03348],[-121.76882,45.03989],[-121.77836,45.0376],[-121.78185,45.03403],[-121.7788,45.02624],[-121.78147,45.01541],[-121.79322,45.01747],[-121.80527,45.0115],[-121.80162,44.98274],[-121.80334,44.9771],[-121.79868,44.97496],[-121.79193,44.95734],[-121.78559,44.95038],[-121.78673,44.94522],[-121.79559,44.93603],[-121.77977,44.93515],[-121.76332,44.94171],[-121.74544,44.92304],[-121.7473,44.91464],[-121.72899,44.90481],[-121.7144,44.9059],[-121.71718,44.89798],[-121.73489,44.88895],[-121.73353,44.88206],[-121.74671,44.87492],[-121.75325,44.86107],[-121.75107,44.85671],[-121.74242,44.85336],[-121.74186,44.8474],[-121.75359,44.82891],[-121.76195,44.82512],[-121.76483,44.82027],[-121.78175,44.81896],[-121.79641,44.812],[-121.81222,44.81157],[-121.81016,44.80598],[-121.82028,44.80013],[-121.82025,44.79466],[-121.81644,44.79255],[-121.8192,44.78951],[-121.81241,44.78159],[-121.80762,44.78216],[-121.80467,44.7775],[-121.79968,44.7786],[-121.79596,44.77285],[-121.78496,44.77186],[-121.77285,44.77575],[-121.76761,44.76727],[-121.76323,44.76729],[-121.75975,44.76194],[-121.77232,44.75996],[-121.7744,44.75248],[-121.79161,44.74626],[-121.8046,44.72924],[-121.79439,44.7259],[-121.79611,44.71455],[-121.80298,44.70951],[-121.79708,44.69827],[-121.78718,44.68929],[-121.80043,44.68297],[-121.80181,44.65988],[-121.7983,44.65423],[-121.79794,44.64031],[-121.80812,44.62837],[-121.81157,44.61577],[-121.80232,44.61044],[-121.79865,44.6052],[-121.80078,44.60094],[-121.7939,44.59406],[-121.80013,44.58091],[-121.80329,44.55532],[-121.81632,44.53738],[-121.80938,44.51443],[-121.82351,44.51091],[-121.84688,44.49109],[-121.84938,44.48452],[-121.84305,44.47904],[-121.84411,44.47144],[-121.8496,44.46733],[-121.8475,44.45474],[-121.84113,44.44491],[-121.8476,44.43034],[-121.84553,44.41463],[-121.84092,44.41078],[-121.84587,44.40867],[-121.84674,44.40325],[-121.84293,44.39359],[-121.84647,44.38561],[-121.84185,44.37272],[-121.84599,44.36687],[-121.8368,44.35673],[-121.84392,44.34619],[-121.83761,44.33402],[-121.84079,44.3206],[-121.84044,44.30822],[-121.83719,44.30301],[-121.84135,44.28565],[-121.82494,44.28289],[-121.82489,44.27421],[-121.81898,44.26179],[-121.79943,44.25828],[-122.02802,44.25616],[-122.028,44.25382],[-122.32715,44.25284],[-122.33245,44.24338],[-122.32574,44.23758],[-122.3287,44.23487],[-122.32731,44.23119],[-122.33782,44.22632],[-122.34026,44.22164],[-122.35262,44.22074],[-122.36062,44.21193],[-122.37959,44.20944],[-122.38457,44.21101],[-122.38456,44.21706],[-122.40478,44.21694],[-122.40475,44.22058],[-122.42509,44.22066],[-122.42508,44.2182],[-122.43488,44.22131],[-122.44817,44.2167],[-122.46591,44.22307],[-122.47925,44.21907],[-122.50369,44.22175],[-122.51363,44.23165],[-122.52819,44.2265],[-122.5363,44.23504],[-122.54925,44.2355],[-122.55495,44.23109],[-122.57702,44.22788],[-122.5754,44.23536],[-122.59347,44.24443],[-122.60462,44.24423],[-122.62381,44.25002],[-122.63996,44.2494],[-122.64528,44.25396],[-122.64681,44.26662],[-122.65736,44.27096],[-122.66891,44.2689],[-122.67606,44.27351],[-122.68935,44.27395],[-122.6994,44.27997],[-122.70545,44.27822],[-122.72027,44.28143],[-122.73112,44.28823],[-122.74983,44.28473],[-122.76274,44.29054],[-122.7768,44.28374],[-122.80716,44.28417],[-122.81442,44.27627],[-122.82301,44.27432],[-122.8344,44.28342],[-122.84284,44.28106],[-122.84685,44.28428],[-122.86547,44.28732],[-122.86554,44.25898],[-122.904,44.25913],[-122.90575,44.20074],[-123.16543,44.20007],[-123.15034,44.22663],[-123.15482,44.23242],[-123.1636,44.23531],[-123.16985,44.2465],[-123.17878,44.2516],[-123.17405,44.26661],[-123.17557,44.2766],[-123.18039,44.28372],[-123.37141,44.28372],[-123.37141,44.28102],[-123.45127,44.2805],[-123.57361,44.2826],[-123.59329,44.28191],[-123.59332,44.27669],[-123.71538,44.28027],[-123.71539,44.28395],[-123.7756,44.28355],[-123.77579,44.31617],[-123.81652,44.3153],[-123.81671,44.34462],[-123.735,44.34578],[-123.73515,44.36035],[-123.71554,44.36046],[-123.71587,44.38949],[-123.72014,44.38951],[-123.72007,44.43337],[-123.59768,44.43311],[-123.59693,44.65114],[-123.60282,44.65116],[-123.60261,44.72115],[-123.70447,44.72115],[-123.70458,44.73898],[-123.725,44.73905],[-123.72436,45.07678],[-123.78422,45.07666],[-123.78454,45.21629],[-123.46352,45.21631],[-123.46488,45.43333],[-123.48608,45.4332],[-123.48544,45.44714],[-123.46388,45.44726],[-123.46118,45.49156],[-123.44112,45.49127],[-123.44272,45.52112],[-123.42197,45.52141],[-123.42194,45.53538],[-123.40215,45.53565],[-123.40205,45.55007],[-123.36115,45.5499],[-123.36113,45.57878],[-123.32,45.57868],[-123.32021,45.59298],[-123.29926,45.59302],[-123.29942,45.60689],[-123.34033,45.60746],[-123.3405,45.6222],[-123.38066,45.62199],[-123.38022,45.63575],[-123.42327,45.63618],[-123.423,45.65062],[-123.44385,45.65068],[-123.44375,45.66513],[-123.46409,45.66514],[-123.46436,45.67927],[-123.48512,45.67925],[-123.48473,45.70876],[-123.36103,45.7087],[-123.35961,46.03937],[-123.36744,46.03953],[-123.36374,46.14633],[-123.28017,46.14484],[-123.21305,46.17254],[-123.21672,46.23141],[-123.21492,46.29798]]]}},{"type":"Feature","properties":{"std_name":"Pueblo-Ca\u00f1on City, CO CSA","std_geoid":"444","pen":"statisticians","std_note":null,"LSAD":"M0","NAME":"Pueblo-Ca\u00f1on City, CO"},"geometry":{"type":"Polygon","coordinates":[[[-106.01279,38.44078],[-106.01167,38.4459],[-105.93804,38.50347],[-105.90685,38.50627],[-105.90505,38.51166],[-105.90875,38.51765],[-105.90342,38.52853],[-105.90573,38.53236],[-105.90376,38.54798],[-105.89353,38.55094],[-105.8929,38.55913],[-105.88487,38.5617],[-105.88552,38.56978],[-105.89249,38.57329],[-105.89114,38.58396],[-105.87803,38.60058],[-105.88597,38.62063],[-105.89436,38.62372],[-105.89968,38.62197],[-105.91774,38.63325],[-105.91115,38.63916],[-105.91317,38.64558],[-105.90767,38.65193],[-105.9209,38.65979],[-105.92024,38.66431],[-105.92548,38.66636],[-105.92264,38.67701],[-105.94428,38.68485],[-105.94531,38.69023],[-105.96975,38.69355],[-105.23704,38.69727],[-105.23993,38.64746],[-105.09136,38.64775],[-105.0498,38.6524],[-104.94221,38.65013],[-104.94158,38.51957],[-104.05392,38.52239],[-104.05635,38.43574],[-104.05473,38.26186],[-104.05817,38.2614],[-104.05847,38.25764],[-104.06113,37.7347],[-104.64638,37.90053],[-105.01373,37.88127],[-105.01575,37.88551],[-105.0348,37.89458],[-105.03157,37.90415],[-105.03866,37.90444],[-105.04992,37.91548],[-105.04922,38.25797],[-105.30405,38.25823],[-105.54758,38.26429],[-105.7969,38.26505],[-105.80001,38.26992],[-105.81938,38.27365],[-105.84083,38.29246],[-105.84663,38.29029],[-105.85832,38.29836],[-105.87638,38.31595],[-105.89364,38.34656],[-105.90845,38.35448],[-105.91985,38.36716],[-105.93136,38.36979],[-105.94464,38.37864],[-105.94761,38.39053],[-105.9595,38.3971],[-105.96067,38.4031],[-105.97339,38.40946],[-105.98395,38.41999],[-105.99677,38.4203],[-106.00156,38.43111],[-106.00748,38.43315],[-106.01279,38.44078]]]}},{"type":"Feature","properties":{"std_name":"Redding-Red Bluff, CA CSA","std_geoid":"454","pen":"statisticians","std_note":null,"LSAD":"M0","NAME":"Redding-Red Bluff, CA"},"geometry":{"type":"Polygon","coordinates":[[[-121.31998,40.90589],[-121.32298,40.49759],[-121.32668,40.49757],[-121.32783,40.44537],[-121.33758,40.44548],[-121.34653,40.44971],[-121.36611,40.44593],[-121.49786,40.44459],[-121.49442,40.44041],[-121.49788,40.432],[-121.47381,40.42464],[-121.4796,40.41951],[-121.48428,40.39656],[-121.48276,40.38285],[-121.47354,40.37456],[-121.48099,40.36661],[-121.47242,40.35162],[-121.4387,40.3479],[-121.42855,40.35029],[-121.41207,40.34272],[-121.38955,40.33895],[-121.38038,40.34029],[-121.36733,40.33098],[-121.36746,40.32289],[-121.36086,40.32228],[-121.34226,40.30975],[-121.34302,40.30664],[-121.34989,40.30593],[-121.35663,40.29747],[-121.36669,40.30105],[-121.3768,40.29799],[-121.37027,40.28796],[-121.3632,40.2875],[-121.35987,40.27745],[-121.34937,40.27342],[-121.35267,40.26849],[-121.349,40.26445],[-121.36731,40.24495],[-121.36482,40.23913],[-121.36643,40.23244],[-121.36171,40.22558],[-121.36676,40.21403],[-121.38503,40.2103],[-121.39355,40.20139],[-121.40077,40.19981],[-121.40161,40.19535],[-121.40736,40.1914],[-121.43439,40.19594],[-121.44237,40.19291],[-121.44411,40.19074],[-121.43611,40.18188],[-121.44512,40.17769],[-121.44288,40.16186],[-121.44621,40.15587],[-121.43689,40.1519],[-121.44284,40.1487],[-121.44287,40.12965],[-121.45273,40.12973],[-121.4529,40.12212],[-121.48095,40.12237],[-121.48097,40.11509],[-121.49086,40.11529],[-121.49087,40.10804],[-121.51055,40.10798],[-121.51056,40.10052],[-121.58641,40.10052],[-121.58614,40.09329],[-121.5958,40.09346],[-121.59565,40.05771],[-121.60864,40.05508],[-121.60873,40.04675],[-121.61729,40.04706],[-121.61781,40.03942],[-121.62609,40.0395],[-121.62607,40.0256],[-121.63617,40.02581],[-121.63544,39.99682],[-121.64585,39.99706],[-121.64603,39.98253],[-121.70324,39.98423],[-121.70752,39.97683],[-121.72497,39.96763],[-121.72963,39.95606],[-121.73583,39.95352],[-121.74456,39.94185],[-121.74939,39.92571],[-121.75063,39.9068],[-121.77622,39.88886],[-121.8061,39.88822],[-121.80404,39.88434],[-122.04487,39.88377],[-122.04103,39.87947],[-122.05569,39.86397],[-122.05832,39.85068],[-122.06943,39.84053],[-122.05666,39.8273],[-122.06485,39.81153],[-122.04995,39.80332],[-122.04647,39.79765],[-122.78757,39.80056],[-122.93825,39.79816],[-122.9436,39.80165],[-122.94642,39.83285],[-122.96015,39.84516],[-122.95399,39.85469],[-122.95585,39.85853],[-122.95052,39.86847],[-122.95331,39.87284],[-122.94736,39.89241],[-122.95096,39.90611],[-122.92052,39.91649],[-122.92062,39.92893],[-122.9126,39.93148],[-122.90979,39.93639],[-122.91657,39.93733],[-122.92682,39.94507],[-122.92548,39.96887],[-122.93521,39.97716],[-122.93498,39.98619],[-122.93877,39.99131],[-122.95186,39.99883],[-122.94945,40.01213],[-122.95638,40.01994],[-122.94976,40.03099],[-122.9542,40.04543],[-122.94889,40.04975],[-122.95283,40.05972],[-122.9684,40.06881],[-122.96817,40.07382],[-122.97322,40.07755],[-122.96735,40.08872],[-122.96144,40.08975],[-122.96372,40.09568],[-122.96109,40.1],[-122.96546,40.11129],[-122.97067,40.11569],[-122.97366,40.13003],[-122.96857,40.13903],[-122.98961,40.14513],[-122.98454,40.15341],[-122.98642,40.1594],[-122.98394,40.17198],[-122.97006,40.18631],[-122.97472,40.19146],[-122.97109,40.19718],[-122.97821,40.20645],[-122.98003,40.21471],[-122.97512,40.23257],[-122.97872,40.23458],[-122.97755,40.24128],[-122.98568,40.24877],[-123.00316,40.25308],[-123.01858,40.26278],[-123.0315,40.26482],[-123.03714,40.26143],[-123.05093,40.2677],[-123.06124,40.27776],[-123.06601,40.28569],[-123.06498,40.29878],[-123.06863,40.30473],[-123.06734,40.31076],[-123.06175,40.31344],[-123.06459,40.31987],[-123.06269,40.32205],[-123.06879,40.33223],[-123.06398,40.3375],[-123.06548,40.3451],[-123.05688,40.34925],[-123.04397,40.34701],[-123.04417,40.35373],[-123.03928,40.36272],[-123.03114,40.36361],[-123.0183,40.37241],[-123.01639,40.38559],[-122.99658,40.39638],[-122.99977,40.40356],[-122.99868,40.41814],[-122.97492,40.41961],[-122.961,40.42599],[-122.95778,40.42139],[-122.95423,40.42151],[-122.93862,40.42886],[-122.93779,40.43692],[-122.92793,40.44713],[-122.91771,40.44977],[-122.90114,40.44561],[-122.89445,40.45469],[-122.89545,40.45947],[-122.88929,40.46574],[-122.89015,40.46882],[-122.88364,40.47477],[-122.87652,40.48041],[-122.85726,40.48234],[-122.85103,40.48592],[-122.84645,40.49352],[-122.85208,40.50095],[-122.84595,40.50518],[-122.81951,40.51096],[-122.80411,40.51051],[-122.79325,40.51452],[-122.79362,40.52343],[-122.78222,40.53187],[-122.78519,40.54092],[-122.76745,40.55517],[-122.74392,40.5538],[-122.74131,40.56412],[-122.72308,40.5752],[-122.71541,40.57111],[-122.69879,40.56929],[-122.69307,40.57534],[-122.69287,40.58047],[-122.70098,40.5877],[-122.70606,40.61019],[-122.71085,40.61321],[-122.70965,40.6312],[-122.73617,40.63628],[-122.72703,40.65047],[-122.73377,40.65696],[-122.73359,40.66243],[-122.74121,40.6654],[-122.74258,40.67881],[-122.7514,40.68507],[-122.75227,40.68964],[-122.74389,40.69503],[-122.72997,40.69218],[-122.72236,40.69547],[-122.71882,40.70783],[-122.71138,40.71069],[-122.70657,40.72533],[-122.71985,40.73937],[-122.71741,40.74718],[-122.70629,40.74956],[-122.70048,40.7589],[-122.67053,40.77277],[-122.66557,40.78208],[-122.65809,40.7875],[-122.66135,40.80048],[-122.65746,40.80195],[-122.65524,40.80818],[-122.66606,40.82588],[-122.6554,40.84155],[-122.63971,40.84504],[-122.63438,40.86129],[-122.62643,40.86709],[-122.62544,40.87921],[-122.6099,40.88455],[-122.60494,40.8972],[-122.60001,40.90034],[-122.61275,40.92124],[-122.60743,40.92972],[-122.60707,40.9382],[-122.60319,40.94062],[-122.60736,40.95775],[-122.60309,40.95939],[-122.59853,40.97585],[-122.59137,40.97668],[-122.58919,40.98538],[-122.58079,40.98288],[-122.56918,40.98499],[-122.55449,41.00362],[-122.54527,41.0051],[-122.53788,41.00238],[-122.52775,41.0144],[-122.52893,41.03651],[-122.52734,41.04572],[-122.52236,41.05228],[-122.52317,41.05921],[-122.52762,41.06421],[-122.53794,41.06504],[-122.53978,41.07261],[-122.52883,41.07675],[-122.51335,41.08823],[-122.4933,41.08599],[-122.46814,41.09684],[-122.45714,41.09661],[-122.45186,41.10824],[-122.45347,41.11349],[-122.44857,41.11824],[-122.44599,41.13335],[-122.45061,41.14694],[-122.44602,41.15924],[-122.44989,41.15916],[-122.45743,41.16832],[-122.46829,41.16923],[-122.47594,41.17652],[-122.49255,41.17597],[-122.49876,41.17959],[-122.49838,41.18268],[-122.29457,41.18498],[-121.33179,41.18389],[-121.33234,40.90539],[-121.31998,40.90589]]]}},{"type":"Feature","properties":{"std_name":"Rochester-Batavia-Seneca Falls, NY CSA","std_geoid":"464","pen":"statisticians","std_note":null,"LSAD":"M0","NAME":"Rochester-Batavia-Seneca Falls, NY"},"geometry":{"type":"Polygon","coordinates":[[[-76.94743,42.76443],[-77.31289,42.76154],[-77.3367,42.73397],[-77.3466,42.71637],[-77.35441,42.69717],[-77.3574,42.66797],[-77.36713,42.66784],[-77.36651,42.57637],[-77.65992,42.58041],[-77.66132,42.53507],[-77.72062,42.53507],[-77.72296,42.47122],[-77.84023,42.47458],[-77.84069,42.51777],[-78.04342,42.51846],[-78.03758,42.52537],[-78.04795,42.52632],[-78.04426,42.53592],[-78.04986,42.53889],[-78.05958,42.5323],[-78.06052,42.53666],[-78.04952,42.54307],[-78.05161,42.54843],[-78.04741,42.55835],[-78.0363,42.56675],[-78.0281,42.56803],[-78.03373,42.57357],[-78.0461,42.57011],[-78.05045,42.57645],[-78.03637,42.58771],[-78.02297,42.58477],[-78.00827,42.58976],[-78.00418,42.59517],[-78.00622,42.5988],[-78.0144,42.59966],[-78.02188,42.59608],[-78.02724,42.59849],[-78.02898,42.60373],[-78.01649,42.60694],[-78.01323,42.61233],[-78.00582,42.60992],[-77.99673,42.61599],[-77.99031,42.61501],[-77.98756,42.62066],[-77.98996,42.62647],[-77.98317,42.6303],[-77.98293,42.6346],[-77.97681,42.63914],[-77.97717,42.64428],[-77.97254,42.6463],[-77.97456,42.65393],[-77.97064,42.66042],[-77.96264,42.66182],[-77.95588,42.66789],[-77.95475,42.86262],[-77.99573,42.86505],[-78.07416,42.86384],[-78.07417,42.87019],[-78.46438,42.86736],[-78.46305,43.01341],[-78.46581,43.13826],[-78.46042,43.21622],[-78.46643,43.30277],[-78.46432,43.50006],[-78.46871,43.63343],[-76.77623,43.62953],[-76.75354,43.68427],[-76.71466,43.26577],[-76.70233,43.08039],[-76.70588,43.07078],[-76.71779,43.06263],[-76.71861,43.03312],[-76.7112,43.01804],[-76.72166,43.00786],[-76.72065,42.99543],[-76.72881,42.98776],[-76.72762,42.97814],[-76.73674,42.97029],[-76.73936,42.95447],[-76.73428,42.94481],[-76.73918,42.91683],[-76.73746,42.90211],[-76.72125,42.86958],[-76.71719,42.83883],[-76.71951,42.82545],[-76.74006,42.78942],[-76.73752,42.75391],[-76.72895,42.7129],[-76.7197,42.70041],[-76.6879,42.67478],[-76.65623,42.6048],[-76.61824,42.56665],[-76.58599,42.54991],[-76.8956,42.54154],[-76.89454,42.62915],[-76.89712,42.66365],[-76.93751,42.71914],[-76.94499,42.73729],[-76.94743,42.76443]]]}},{"type":"Feature","properties":{"std_name":"Rockford-Freeport-Rochelle, IL CSA","std_geoid":"466","pen":"statisticians","std_note":null,"LSAD":"M0","NAME":"Rockford-Freeport-Rochelle, IL"},"geometry":{"type":"Polygon","coordinates":[[[-88.93973,42.15232],[-88.94128,41.89175],[-89.36058,41.88802],[-89.36039,41.90262],[-89.39865,41.90283],[-89.41194,41.89391],[-89.41119,41.88729],[-89.41376,41.88546],[-89.4319,41.89428],[-89.42233,41.89964],[-89.42321,41.90609],[-89.46555,41.91171],[-89.4762,41.90929],[-89.47999,41.9025],[-89.62933,41.90162],[-89.62891,41.93004],[-89.68537,41.93034],[-89.68849,42.19911],[-89.91977,42.19688],[-89.92647,42.50577],[-89.66982,42.50504],[-88.81396,42.49217],[-88.70742,42.4936],[-88.70558,42.15354],[-88.93973,42.15232]]]}},{"type":"Feature","properties":{"std_name":"Sacramento-Roseville, CA CSA","std_geoid":"472","pen":"statisticians","std_note":null,"LSAD":"M0","NAME":"Sacramento-Roseville, CA"},"geometry":{"type":"Polygon","coordinates":[[[-120.71714,39.48896],[-120.70659,39.49306],[-120.7008,39.50258],[-120.68644,39.5069],[-120.67699,39.51844],[-120.65503,39.52684],[-120.65094,39.52337],[-120.63013,39.52488],[-120.62465,39.51955],[-120.57786,39.52327],[-120.56806,39.51588],[-120.55633,39.51387],[-120.55664,39.50681],[-120.55068,39.50363],[-120.54908,39.49447],[-120.53423,39.48369],[-120.53452,39.46438],[-120.51766,39.45499],[-120.51014,39.45516],[-120.50544,39.44612],[-120.00377,39.44506],[-120.00647,39.27288],[-120.00101,38.99957],[-119.90431,38.93332],[-119.9054,38.92834],[-119.89664,38.92103],[-119.88731,38.91794],[-119.87986,38.89942],[-119.88449,38.89421],[-119.87952,38.88702],[-119.88281,38.88099],[-119.8888,38.87915],[-119.87837,38.87445],[-119.8803,38.86478],[-119.89349,38.8567],[-119.90631,38.85551],[-119.90849,38.83435],[-119.92271,38.82995],[-119.92131,38.82174],[-119.94252,38.80263],[-119.94398,38.79683],[-119.93977,38.79356],[-119.94793,38.78164],[-119.96495,38.77599],[-120.07239,38.70277],[-120.08249,38.7006],[-120.07769,38.70213],[-120.07764,38.70889],[-120.09832,38.70903],[-120.09837,38.70396],[-120.11201,38.70502],[-120.12254,38.69536],[-120.12337,38.68693],[-120.1167,38.67978],[-120.12309,38.6667],[-120.13223,38.66031],[-120.1351,38.65453],[-120.1314,38.64982],[-120.14008,38.63837],[-120.15241,38.63792],[-120.1581,38.63323],[-120.19132,38.63115],[-120.20182,38.62468],[-120.2143,38.62908],[-120.21463,38.62357],[-120.22071,38.62138],[-120.22713,38.61057],[-120.22366,38.60428],[-120.23262,38.60004],[-120.23385,38.58832],[-120.26189,38.5792],[-120.26656,38.56765],[-120.27452,38.55945],[-120.29761,38.55677],[-120.30172,38.54911],[-120.3179,38.54495],[-120.35449,38.54808],[-120.36388,38.54435],[-120.37669,38.54475],[-120.38371,38.53865],[-120.39615,38.5391],[-120.41315,38.53115],[-120.4332,38.52677],[-120.45004,38.52849],[-120.45916,38.52389],[-120.48578,38.52127],[-120.50547,38.51228],[-120.53724,38.50957],[-120.55378,38.51186],[-120.5799,38.50339],[-120.62843,38.5032],[-120.65918,38.51557],[-120.67718,38.51781],[-120.68309,38.52639],[-120.70692,38.53521],[-120.72248,38.54716],[-120.73655,38.54564],[-120.74725,38.54845],[-120.74697,38.55297],[-120.75475,38.55116],[-120.75996,38.55493],[-120.76894,38.55257],[-120.77908,38.55438],[-120.78418,38.55092],[-120.79413,38.55754],[-120.80061,38.55598],[-120.80462,38.55984],[-120.81046,38.55775],[-120.81257,38.55961],[-120.80997,38.56147],[-120.81295,38.56221],[-120.81665,38.55823],[-120.82328,38.55969],[-120.82535,38.55589],[-120.83269,38.55598],[-120.83591,38.55149],[-120.84091,38.55604],[-120.84722,38.55379],[-120.85611,38.5486],[-120.85656,38.54271],[-120.86241,38.54333],[-120.86352,38.53533],[-120.871,38.53629],[-120.87611,38.54336],[-120.88372,38.53652],[-120.88073,38.5296],[-120.88507,38.52507],[-120.90237,38.53123],[-120.90553,38.52421],[-120.91098,38.5205],[-120.92267,38.51921],[-120.92572,38.5151],[-120.93642,38.51941],[-120.94088,38.5286],[-120.95253,38.52103],[-120.9699,38.521],[-120.97466,38.5159],[-120.98713,38.51653],[-120.99478,38.51365],[-121.00129,38.51878],[-121.00737,38.5192],[-121.01137,38.51246],[-121.02751,38.50829],[-121.02708,38.30025],[-121.04057,38.29772],[-121.04812,38.29111],[-121.06167,38.29894],[-121.06749,38.29893],[-121.09422,38.28186],[-121.1022,38.28325],[-121.11629,38.27735],[-121.12778,38.27745],[-121.14701,38.26391],[-121.17308,38.25521],[-121.19202,38.2567],[-121.20341,38.24875],[-121.21502,38.2488],[-121.22302,38.24436],[-121.22925,38.24753],[-121.24758,38.24543],[-121.26838,38.25227],[-121.28303,38.24966],[-121.29551,38.23762],[-121.34437,38.22821],[-121.38905,38.23316],[-121.39843,38.22742],[-121.42052,38.23724],[-121.42769,38.24573],[-121.42508,38.2504],[-121.42927,38.2548],[-121.44492,38.25685],[-121.45043,38.25462],[-121.47168,38.25982],[-121.48007,38.25358],[-121.47858,38.24617],[-121.48706,38.23991],[-121.49167,38.22769],[-121.50639,38.22459],[-121.50433,38.21213],[-121.50993,38.20458],[-121.52069,38.20293],[-121.5289,38.19533],[-121.52446,38.18552],[-121.52783,38.18166],[-121.52429,38.17269],[-121.53615,38.15816],[-121.53631,38.15158],[-121.55918,38.14389],[-121.55769,38.13675],[-121.57634,38.12905],[-121.58407,38.12023],[-121.58199,38.11199],[-121.56575,38.10528],[-121.56404,38.10142],[-121.56718,38.09732],[-121.58128,38.09394],[-121.60492,38.09988],[-121.62738,38.09836],[-121.63259,38.08861],[-121.63809,38.08613],[-121.66187,38.09562],[-121.67306,38.09352],[-121.67927,38.08932],[-121.68187,38.08202],[-121.67959,38.06811],[-121.68203,38.06066],[-121.70094,38.04448],[-121.7395,38.02616],[-121.78877,38.01842],[-121.81567,38.02104],[-121.83162,38.03067],[-121.8468,38.05996],[-121.85364,38.06478],[-121.86246,38.06603],[-121.8616,38.06989],[-121.84244,38.07673],[-121.82792,38.06622],[-121.80012,38.05965],[-121.74316,38.08723],[-121.72935,38.08235],[-121.71213,38.08552],[-121.70844,38.09148],[-121.70722,38.10985],[-121.69209,38.13313],[-121.68564,38.15964],[-121.66291,38.18187],[-121.64657,38.18604],[-121.6323,38.19425],[-121.61541,38.1957],[-121.60206,38.22164],[-121.60025,38.25782],[-121.60401,38.2701],[-121.60073,38.27837],[-121.60542,38.28571],[-121.60526,38.29535],[-121.59991,38.30152],[-121.59865,38.30989],[-121.59327,38.31309],[-121.69389,38.31417],[-121.69468,38.52705],[-121.70073,38.52743],[-121.71203,38.53796],[-121.7222,38.53487],[-121.73859,38.5377],[-121.74665,38.53183],[-121.7651,38.52586],[-121.77168,38.5323],[-121.7797,38.52991],[-121.78581,38.52307],[-121.79476,38.52694],[-121.81333,38.52602],[-121.83256,38.52976],[-121.86012,38.53851],[-121.88444,38.53903],[-121.90897,38.52958],[-121.94029,38.53338],[-121.94746,38.5271],[-121.96361,38.5228],[-121.97807,38.50828],[-122.01354,38.48871],[-122.03557,38.49612],[-122.04157,38.50571],[-122.05742,38.51744],[-122.07138,38.51385],[-122.09077,38.516],[-122.09502,38.51306],[-122.10413,38.51336],[-122.11302,38.52718],[-122.1116,38.53088],[-122.11501,38.53394],[-122.11422,38.53943],[-122.12331,38.56501],[-122.12155,38.5689],[-122.13439,38.60463],[-122.14935,38.62546],[-122.15949,38.61928],[-122.16646,38.61966],[-122.1687,38.62987],[-122.15917,38.63511],[-122.16416,38.64059],[-122.16034,38.64395],[-122.1661,38.65518],[-122.17429,38.65891],[-122.18093,38.65717],[-122.19007,38.66348],[-122.20211,38.67774],[-122.19804,38.68362],[-122.20135,38.69066],[-122.20646,38.69577],[-122.2127,38.69334],[-122.22217,38.69856],[-122.22679,38.71958],[-122.22375,38.72227],[-122.22514,38.72741],[-122.24866,38.75507],[-122.25447,38.7816],[-122.27341,38.80973],[-122.28707,38.83935],[-122.30172,38.83951],[-122.30294,38.84257],[-122.31535,38.83958],[-122.32405,38.84625],[-122.33029,38.84231],[-122.34223,38.84218],[-122.35072,38.83587],[-122.37155,38.84465],[-122.39213,38.85862],[-122.39531,38.86399],[-122.3912,38.86871],[-122.40566,38.87987],[-122.40549,38.88374],[-122.4219,38.90377],[-122.41582,38.90735],[-122.40403,38.92529],[-121.83549,38.92448],[-121.83788,38.92705],[-121.8302,38.93884],[-121.83657,38.94382],[-121.84057,38.95482],[-121.83204,38.96047],[-121.83431,38.96873],[-121.8214,38.97474],[-121.81914,38.98855],[-121.8021,38.98977],[-121.79543,38.99639],[-121.82648,39.0112],[-121.82098,39.02028],[-121.82289,39.02939],[-121.83067,39.0327],[-121.82962,39.03798],[-121.83962,39.04688],[-121.83854,39.06413],[-121.84939,39.0714],[-121.86982,39.06686],[-121.8891,39.07237],[-121.8946,39.07898],[-121.88974,39.08116],[-121.89524,39.08679],[-121.89437,39.09613],[-121.90583,39.10309],[-121.90352,39.10806],[-121.90554,39.11477],[-121.91309,39.11432],[-121.9111,39.12315],[-121.92143,39.12224],[-121.92496,39.1282],[-121.93393,39.13004],[-121.93917,39.13614],[-121.93776,39.14398],[-121.92054,39.14134],[-121.91721,39.14728],[-121.92012,39.15299],[-121.93423,39.16103],[-121.93939,39.17421],[-121.94551,39.17984],[-121.9414,39.18649],[-121.93454,39.18986],[-121.93654,39.19471],[-121.92833,39.19873],[-121.93786,39.21822],[-121.93608,39.22102],[-121.94145,39.22174],[-121.94005,39.22867],[-121.94829,39.24085],[-121.94682,39.24984],[-121.93692,39.26795],[-121.92899,39.27108],[-121.92103,39.2811],[-121.92205,39.28829],[-121.90827,39.30388],[-121.63015,39.30567],[-121.63228,39.30224],[-121.62376,39.29562],[-121.61822,39.30103],[-121.62074,39.30325],[-121.61118,39.31928],[-121.6042,39.31802],[-121.60225,39.31143],[-121.59418,39.30783],[-121.58527,39.31157],[-121.57569,39.31084],[-121.5637,39.30494],[-121.54873,39.30877],[-121.54711,39.31218],[-121.53055,39.31826],[-121.50441,39.31803],[-121.49777,39.31419],[-121.49532,39.31904],[-121.48413,39.31799],[-121.48409,39.32612],[-121.47455,39.33352],[-121.46359,39.33086],[-121.45758,39.33551],[-121.44701,39.33057],[-121.43481,39.33748],[-121.42626,39.33497],[-121.41566,39.34006],[-121.40753,39.33975],[-121.40322,39.34957],[-121.38786,39.356],[-121.38233,39.36302],[-121.37242,39.36491],[-121.37257,39.37358],[-121.36715,39.37817],[-121.35996,39.39904],[-121.36307,39.40418],[-121.35122,39.41593],[-121.33407,39.4258],[-121.33529,39.4304],[-121.34062,39.4316],[-121.34534,39.43892],[-121.34514,39.45257],[-121.33842,39.45438],[-121.33826,39.46503],[-121.33344,39.46509],[-121.33343,39.46873],[-121.32414,39.46861],[-121.32407,39.47571],[-121.31479,39.4759],[-121.31498,39.48696],[-121.31016,39.48683],[-121.3102,39.49776],[-121.30542,39.49782],[-121.30512,39.51958],[-121.27679,39.52027],[-121.27708,39.51281],[-121.24024,39.51309],[-121.24048,39.52661],[-121.21002,39.52722],[-121.18517,39.52669],[-121.1854,39.51973],[-121.1593,39.5196],[-121.15898,39.52613],[-121.14991,39.52645],[-121.1499,39.55529],[-121.14088,39.55555],[-121.14121,39.56228],[-121.11645,39.56354],[-121.11631,39.5671],[-121.10697,39.56719],[-121.10747,39.58528],[-121.07954,39.58526],[-121.0767,39.59726],[-121.00948,39.63946],[-121.02438,39.55905],[-121.03177,39.55824],[-121.039,39.55039],[-121.04832,39.54826],[-121.0582,39.53704],[-121.0512,39.52453],[-121.05371,39.52224],[-121.04973,39.5211],[-121.04874,39.51702],[-121.04483,39.51417],[-121.03441,39.51451],[-121.02209,39.39156],[-121.00752,39.39907],[-121.01527,39.40262],[-121.01524,39.40538],[-121.00701,39.40472],[-120.99259,39.41443],[-120.98598,39.41146],[-120.98174,39.41423],[-120.97977,39.41163],[-120.97862,39.41782],[-120.95798,39.41564],[-120.94353,39.4198],[-120.9318,39.41712],[-120.92892,39.42102],[-120.91417,39.42008],[-120.91058,39.42601],[-120.89394,39.42413],[-120.87829,39.43116],[-120.87055,39.42944],[-120.85751,39.43527],[-120.85508,39.43366],[-120.85426,39.43626],[-120.84327,39.43512],[-120.83689,39.44046],[-120.82636,39.43504],[-120.81781,39.43649],[-120.8166,39.44084],[-120.81101,39.43607],[-120.8,39.43767],[-120.79734,39.44171],[-120.78614,39.44418],[-120.78471,39.44807],[-120.7808,39.44647],[-120.77583,39.45076],[-120.77367,39.44864],[-120.76455,39.45324],[-120.75573,39.45266],[-120.75288,39.45831],[-120.74249,39.46128],[-120.74361,39.46681],[-120.7267,39.47223],[-120.71457,39.48161],[-120.71714,39.48896]]]}},{"type":"Feature","properties":{"std_name":"San Jose-San Francisco-Oakland, CA CSA","std_geoid":"488","pen":"statisticians","std_note":null,"LSAD":"M0","NAME":"San Jose-San Francisco-Oakland, CA"},"geometry":{"type":"MultiPolygon","coordinates":[[[[-123.17382,37.77573],[-123.16601,37.79689],[-123.13227,37.81968],[-123.11829,37.82306],[-123.09526,37.82188],[-123.07049,37.81383],[-123.04882,37.79982],[-123.03873,37.78888],[-123.03384,37.77837],[-122.99754,37.77078],[-122.94998,37.73219],[-122.94229,37.72106],[-122.93587,37.70246],[-122.94136,37.67658],[-122.94907,37.66338],[-122.96301,37.65198],[-122.98675,37.64178],[-123.00111,37.63983],[-123.0407,37.65033],[-123.06859,37.67304],[-123.07492,37.69007],[-123.08606,37.70075],[-123.09285,37.71369],[-123.10492,37.71265],[-123.12611,37.71673],[-123.15676,37.73784],[-123.16998,37.75593],[-123.17382,37.77573]]],[[[-122.05188,36.8196],[-122.0764,36.9102],[-122.13057,36.92534],[-122.17202,36.94268],[-122.25108,36.98583],[-122.26565,37.00012],[-122.27638,37.02483],[-122.29031,37.03209],[-122.3139,37.05476],[-122.34821,37.05567],[-122.37609,37.06565],[-122.39313,37.08716],[-122.39692,37.10989],[-122.41336,37.12179],[-122.42135,37.13508],[-122.44563,37.15004],[-122.46412,37.17785],[-122.47223,37.21221],[-122.4817,37.22915],[-122.48405,37.24994],[-122.46587,37.34124],[-122.46701,37.34989],[-122.50354,37.4119],[-122.50989,37.44155],[-122.5276,37.4461],[-122.547,37.45786],[-122.56809,37.47921],[-122.57496,37.49994],[-122.57956,37.54588],[-122.58645,37.56191],[-122.58818,37.57941],[-122.58645,37.59253],[-122.5675,37.63918],[-122.58128,37.7602],[-122.58817,37.78936],[-122.61228,37.81522],[-122.63247,37.82781],[-122.66742,37.84173],[-122.67565,37.84852],[-122.69199,37.84501],[-122.71585,37.84562],[-122.75247,37.8577],[-122.76677,37.8658],[-122.77914,37.87613],[-122.78903,37.89376],[-122.81413,37.90108],[-122.8298,37.91033],[-122.84213,37.92332],[-122.85046,37.94559],[-122.88929,37.97411],[-122.90228,37.97739],[-122.9134,37.95976],[-122.93797,37.94444],[-122.95959,37.94062],[-123.01023,37.94134],[-123.04112,37.94546],[-123.05903,37.95284],[-123.07419,37.96489],[-123.08388,37.98337],[-123.08566,37.99993],[-123.08295,38.01533],[-123.0638,38.03649],[-123.01482,38.14913],[-123.02721,38.16417],[-123.03134,38.18146],[-123.04962,38.21429],[-123.10096,38.26136],[-123.11097,38.26726],[-123.13452,38.29626],[-123.00273,38.29571],[-122.99358,38.30008],[-122.99475,38.30619],[-122.98161,38.31114],[-122.97004,38.31013],[-122.96612,38.31697],[-122.94675,38.31121],[-122.93426,38.31401],[-122.93538,38.3096],[-122.92564,38.31274],[-122.92159,38.30855],[-122.91648,38.31281],[-122.92095,38.31684],[-122.90811,38.32075],[-122.9095,38.31439],[-122.89993,38.31679],[-122.7399,38.20702],[-122.72299,38.20713],[-122.70139,38.1961],[-122.68792,38.19474],[-122.68057,38.18963],[-122.66716,38.1897],[-122.64924,38.18113],[-122.63578,38.17865],[-122.62265,38.18262],[-122.60411,38.18063],[-122.59282,38.18878],[-122.59089,38.18594],[-122.58212,38.18802],[-122.5782,38.18358],[-122.57069,38.18352],[-122.57319,38.18632],[-122.57059,38.18712],[-122.56528,38.18271],[-122.56849,38.17702],[-122.56446,38.17508],[-122.56319,38.16932],[-122.55198,38.169],[-122.55792,38.16016],[-122.54447,38.15872],[-122.5201,38.1407],[-122.5019,38.11242],[-122.34745,38.07326],[-122.3878,38.12492],[-122.40751,38.15781],[-122.39682,38.16145],[-122.36756,38.15879],[-122.36558,38.16603],[-122.36954,38.17452],[-122.36865,38.18267],[-122.35789,38.18261],[-122.35705,38.19063],[-122.36026,38.19711],[-122.34956,38.19397],[-122.35068,38.20183],[-122.36415,38.21528],[-122.36531,38.24599],[-122.36919,38.24736],[-122.37386,38.24386],[-122.37301,38.24721],[-122.38982,38.2608],[-122.3876,38.27376],[-122.39641,38.27122],[-122.40474,38.2817],[-122.40016,38.28968],[-122.40377,38.29985],[-122.39469,38.30461],[-122.39629,38.30909],[-122.40537,38.32204],[-122.40871,38.32001],[-122.41393,38.33077],[-122.41204,38.33429],[-122.42756,38.34568],[-122.42682,38.34903],[-122.43949,38.3581],[-122.45248,38.36236],[-122.45732,38.36774],[-122.44812,38.37951],[-122.46584,38.39022],[-122.47028,38.39672],[-122.468,38.40013],[-122.47055,38.40495],[-122.49791,38.42457],[-122.48591,38.4382],[-122.47983,38.45127],[-122.49362,38.45685],[-122.50957,38.45742],[-122.50973,38.46216],[-122.50582,38.46469],[-122.51591,38.47088],[-122.52961,38.46957],[-122.53128,38.47854],[-122.5449,38.49629],[-122.53531,38.50169],[-122.55002,38.51118],[-122.54172,38.51328],[-122.54529,38.51671],[-122.54389,38.51997],[-122.55416,38.52617],[-122.5666,38.52555],[-122.57403,38.54043],[-122.58731,38.55265],[-122.60316,38.55881],[-122.62085,38.56032],[-122.62268,38.56769],[-122.63183,38.56937],[-122.63019,38.5785],[-122.64662,38.5981],[-122.63975,38.61173],[-122.63345,38.61619],[-122.63376,38.61992],[-122.62829,38.62304],[-122.63251,38.62796],[-122.6341,38.63755],[-122.62388,38.65057],[-122.62327,38.66435],[-122.63348,38.6693],[-122.46412,38.70613],[-122.41626,38.768],[-122.40305,38.77298],[-122.40925,38.77626],[-122.40795,38.78451],[-122.41271,38.78603],[-122.40861,38.78823],[-122.40441,38.79863],[-122.39749,38.80495],[-122.37974,38.80215],[-122.37552,38.80831],[-122.37537,38.82645],[-122.4038,38.85584],[-122.3956,38.8643],[-122.38158,38.85016],[-122.35072,38.83587],[-122.34223,38.84218],[-122.33029,38.84231],[-122.32405,38.84625],[-122.31535,38.83958],[-122.30294,38.84257],[-122.30172,38.83951],[-122.28707,38.83935],[-122.27341,38.80973],[-122.25447,38.7816],[-122.24866,38.75507],[-122.22514,38.72741],[-122.22375,38.72227],[-122.22679,38.71958],[-122.22217,38.69856],[-122.2127,38.69334],[-122.20646,38.69577],[-122.20135,38.69066],[-122.19804,38.68362],[-122.20211,38.67774],[-122.19007,38.66348],[-122.18093,38.65717],[-122.17429,38.65891],[-122.1661,38.65518],[-122.16034,38.64395],[-122.16416,38.64059],[-122.15917,38.63511],[-122.1687,38.62987],[-122.16646,38.61966],[-122.15949,38.61928],[-122.14935,38.62546],[-122.13439,38.60463],[-122.12155,38.5689],[-122.12331,38.56501],[-122.11422,38.53943],[-122.11501,38.53394],[-122.1116,38.53088],[-122.11302,38.52718],[-122.10413,38.51336],[-122.09502,38.51306],[-122.09077,38.516],[-122.07138,38.51385],[-122.05742,38.51744],[-122.04157,38.50571],[-122.03557,38.49612],[-122.01354,38.48871],[-121.97807,38.50828],[-121.96361,38.5228],[-121.94746,38.5271],[-121.94029,38.53338],[-121.90897,38.52958],[-121.88444,38.53903],[-121.86012,38.53851],[-121.83256,38.52976],[-121.81333,38.52602],[-121.79476,38.52694],[-121.78581,38.52307],[-121.7797,38.52991],[-121.77168,38.5323],[-121.7651,38.52586],[-121.74665,38.53183],[-121.73859,38.5377],[-121.7222,38.53487],[-121.71203,38.53796],[-121.70073,38.52743],[-121.69468,38.52705],[-121.69389,38.31417],[-121.59327,38.31309],[-121.59865,38.30989],[-121.59991,38.30152],[-121.60526,38.29535],[-121.60542,38.28571],[-121.60073,38.27837],[-121.60401,38.2701],[-121.60025,38.25782],[-121.60206,38.22164],[-121.61541,38.1957],[-121.6323,38.19425],[-121.64657,38.18604],[-121.66291,38.18187],[-121.68564,38.15964],[-121.69209,38.13313],[-121.70722,38.10985],[-121.70844,38.09148],[-121.71213,38.08552],[-121.72935,38.08235],[-121.74316,38.08723],[-121.80012,38.05965],[-121.82792,38.06622],[-121.84244,38.07673],[-121.8616,38.06989],[-121.86246,38.06603],[-121.85364,38.06478],[-121.8468,38.05996],[-121.83794,38.03894],[-121.82837,38.02822],[-121.81567,38.02104],[-121.78877,38.01842],[-121.7395,38.02616],[-121.70094,38.04448],[-121.68203,38.06066],[-121.67959,38.06811],[-121.68187,38.08202],[-121.67927,38.08932],[-121.67306,38.09352],[-121.66187,38.09562],[-121.63809,38.08613],[-121.63259,38.08861],[-121.62738,38.09836],[-121.60492,38.09988],[-121.58128,38.09394],[-121.56718,38.09732],[-121.56404,38.10142],[-121.56575,38.10528],[-121.58199,38.11199],[-121.58407,38.12023],[-121.57634,38.12905],[-121.55769,38.13675],[-121.55918,38.14389],[-121.53631,38.15158],[-121.53615,38.15816],[-121.52429,38.17269],[-121.52783,38.18166],[-121.52446,38.18552],[-121.5289,38.19533],[-121.52069,38.20293],[-121.50993,38.20458],[-121.50433,38.21213],[-121.50639,38.22459],[-121.49167,38.22769],[-121.48706,38.23991],[-121.47858,38.24617],[-121.48007,38.25358],[-121.47168,38.25982],[-121.45043,38.25462],[-121.44492,38.25685],[-121.42927,38.2548],[-121.42508,38.2504],[-121.42769,38.24573],[-121.42052,38.23724],[-121.39843,38.22742],[-121.38905,38.23316],[-121.34437,38.22821],[-121.29551,38.23762],[-121.28303,38.24966],[-121.26838,38.25227],[-121.24758,38.24543],[-121.22925,38.24753],[-121.22302,38.24436],[-121.21502,38.2488],[-121.20341,38.24875],[-121.19202,38.2567],[-121.17308,38.25521],[-121.14701,38.26391],[-121.12778,38.27745],[-121.11629,38.27735],[-121.1022,38.28325],[-121.09422,38.28186],[-121.06749,38.29893],[-121.06167,38.29894],[-121.04812,38.29111],[-121.04057,38.29772],[-121.02708,38.30025],[-120.93885,38.08832],[-120.87605,38.02889],[-120.7613,37.93107],[-120.72867,37.89767],[-120.6552,37.83326],[-120.38733,37.6335],[-120.31879,37.52081],[-120.31644,37.50528],[-120.31138,37.49708],[-120.29909,37.48884],[-120.30022,37.48429],[-120.27958,37.45795],[-120.2751,37.44071],[-120.28405,37.43252],[-120.2834,37.42436],[-120.27582,37.41884],[-120.2547,37.38541],[-120.24701,37.38022],[-120.2165,37.33734],[-120.20353,37.31332],[-120.18771,37.30107],[-120.18272,37.2914],[-120.18664,37.28028],[-120.17849,37.26242],[-120.14383,37.23919],[-120.09008,37.22147],[-120.06221,37.19798],[-120.05205,37.18311],[-120.11509,37.16566],[-120.13281,37.16736],[-120.16458,37.1627],[-120.17413,37.16593],[-120.17649,37.16226],[-120.18759,37.16025],[-120.19479,37.16315],[-120.22297,37.16397],[-120.24388,37.15701],[-120.27625,37.15173],[-120.28987,37.15261],[-120.30376,37.14109],[-120.32454,37.13638],[-120.32833,37.13109],[-120.3412,37.1246],[-120.36346,37.1197],[-120.38489,37.12459],[-120.40284,37.11671],[-120.40678,37.11085],[-120.42136,37.10966],[-120.46978,37.09434],[-120.47669,37.09639],[-120.59856,36.99863],[-120.58524,36.99059],[-120.58599,36.98532],[-120.59048,36.98164],[-120.59057,36.95264],[-120.65595,36.95283],[-120.91873,36.74038],[-120.60371,36.48824],[-120.59716,36.48824],[-120.59656,36.32849],[-120.60488,36.32411],[-120.61251,36.32437],[-120.6127,36.32085],[-120.61791,36.31882],[-120.63053,36.31689],[-120.64434,36.31902],[-120.66313,36.31439],[-120.68283,36.29426],[-120.68045,36.29068],[-120.68288,36.2868],[-120.67262,36.28049],[-120.67858,36.26732],[-120.68241,36.27196],[-120.6885,36.27218],[-120.70195,36.28616],[-120.70768,36.28576],[-120.71688,36.29245],[-120.72258,36.29266],[-120.74665,36.31023],[-120.75834,36.3086],[-120.74311,36.29806],[-120.73385,36.2842],[-120.73211,36.27546],[-120.7177,36.26001],[-120.70743,36.23179],[-120.70612,36.20373],[-120.71817,36.19685],[-120.7318,36.20396],[-120.74439,36.19878],[-120.76129,36.20339],[-120.76697,36.21005],[-120.76531,36.21348],[-120.77233,36.22017],[-120.78127,36.22244],[-120.78325,36.22918],[-120.789,36.23054],[-120.78928,36.235],[-120.7991,36.23552],[-120.80212,36.23775],[-120.80075,36.24028],[-120.81217,36.2452],[-120.81077,36.2517],[-120.81357,36.2502],[-120.8235,36.25725],[-120.82599,36.25446],[-120.82564,36.25779],[-120.83678,36.26236],[-120.83938,36.27084],[-120.83687,36.27205],[-120.84502,36.28089],[-120.85091,36.28256],[-120.85142,36.28587],[-120.85645,36.28473],[-120.85988,36.29046],[-120.87413,36.29523],[-120.88953,36.29034],[-120.89902,36.30076],[-120.91906,36.31086],[-120.92555,36.30808],[-120.92604,36.30146],[-120.9331,36.29977],[-120.93651,36.294],[-120.93457,36.28933],[-120.94121,36.2866],[-120.94011,36.2823],[-120.95343,36.27471],[-120.95931,36.28084],[-120.96436,36.2805],[-120.97379,36.29032],[-120.9858,36.29294],[-120.98709,36.27574],[-120.99241,36.26992],[-121.00017,36.27081],[-121.00469,36.26704],[-121.01046,36.26885],[-121.01176,36.26453],[-121.01441,36.26866],[-121.01884,36.25966],[-121.02732,36.25994],[-121.02744,36.27529],[-121.03628,36.27546],[-121.0403,36.27106],[-121.0408,36.32397],[-121.19347,36.44575],[-121.19767,36.45506],[-121.20982,36.4648],[-121.21509,36.4732],[-121.22546,36.47199],[-121.22951,36.47528],[-121.22811,36.4846],[-121.23929,36.50478],[-121.24722,36.50687],[-121.26896,36.50197],[-121.30073,36.5058],[-121.30771,36.49967],[-121.30936,36.49986],[-121.31197,36.50459],[-121.30676,36.51217],[-121.30719,36.51681],[-121.29536,36.52713],[-121.30795,36.54557],[-121.3287,36.55474],[-121.32868,36.56112],[-121.33202,36.56216],[-121.33113,36.57],[-121.33392,36.5744],[-121.32352,36.57755],[-121.32735,36.58589],[-121.32422,36.58844],[-121.32378,36.60237],[-121.31871,36.60485],[-121.31837,36.61003],[-121.34209,36.63135],[-121.34231,36.63952],[-121.34947,36.6433],[-121.35009,36.64836],[-121.36625,36.65661],[-121.37833,36.65286],[-121.40699,36.65604],[-121.41554,36.67306],[-121.43157,36.67873],[-121.44433,36.67315],[-121.45896,36.68572],[-121.46902,36.68543],[-121.46919,36.69047],[-121.47748,36.70302],[-121.48171,36.70459],[-121.48451,36.71306],[-121.48337,36.7155],[-121.45307,36.7212],[-121.45265,36.72921],[-121.45922,36.73427],[-121.45739,36.73676],[-121.46017,36.73726],[-121.46012,36.74115],[-121.47565,36.74921],[-121.47437,36.75667],[-121.48152,36.76545],[-121.50243,36.7602],[-121.50401,36.7572],[-121.5977,36.83735],[-121.62209,36.8462],[-121.64257,36.8737],[-121.64131,36.88025],[-121.64603,36.90233],[-121.65313,36.90196],[-121.6522,36.9092],[-121.65546,36.91297],[-121.66731,36.91221],[-121.68062,36.90328],[-121.69744,36.91161],[-121.70232,36.90817],[-121.70553,36.9095],[-121.70679,36.9112],[-121.69846,36.91674],[-121.69996,36.91968],[-121.71,36.9153],[-121.71467,36.90881],[-121.72559,36.91434],[-121.73484,36.90874],[-121.74529,36.90934],[-121.75729,36.90031],[-121.76942,36.88514],[-121.77746,36.88321],[-121.78499,36.88572],[-121.79366,36.87967],[-121.80332,36.86854],[-121.80094,36.85739],[-121.81467,36.84952],[-121.87608,36.83897],[-122.05188,36.8196]]]]}},{"type":"Feature","properties":{"std_name":"Savannah-Hinesville-Statesboro, GA CSA","std_geoid":"496","pen":"statisticians","std_note":null,"LSAD":"M0","NAME":"Savannah-Hinesville-Statesboro, GA"},"geometry":{"type":"Polygon","coordinates":[[[-82.03023,32.53877],[-82.02684,32.55516],[-82.0015,32.60688],[-81.83972,32.64939],[-81.83431,32.65343],[-81.80202,32.6432],[-81.79905,32.62717],[-81.79131,32.62736],[-81.78313,32.6205],[-81.78397,32.61521],[-81.77379,32.60704],[-81.77115,32.60923],[-81.76149,32.60055],[-81.75474,32.60215],[-81.75481,32.5992],[-81.7486,32.59784],[-81.74174,32.58785],[-81.73332,32.58577],[-81.7325,32.57632],[-81.71941,32.56572],[-81.71319,32.56343],[-81.70798,32.56584],[-81.68964,32.54629],[-81.67763,32.54841],[-81.67543,32.54455],[-81.66619,32.54423],[-81.6658,32.5388],[-81.66164,32.53709],[-81.65652,32.53991],[-81.65449,32.53151],[-81.6506,32.5316],[-81.64812,32.52747],[-81.6394,32.53253],[-81.62876,32.52856],[-81.62888,32.52413],[-81.61745,32.52505],[-81.61642,32.5157],[-81.60629,32.51459],[-81.59883,32.50736],[-81.59337,32.50658],[-81.59476,32.50923],[-81.58775,32.51244],[-81.57847,32.51247],[-81.57413,32.50589],[-81.5617,32.50148],[-81.56263,32.49764],[-81.54801,32.48929],[-81.53856,32.50906],[-81.38921,32.59542],[-81.37888,32.58891],[-81.36983,32.59117],[-81.36982,32.58505],[-81.36359,32.58298],[-81.36695,32.57702],[-81.35775,32.58212],[-81.35349,32.57877],[-81.35831,32.57445],[-81.35593,32.57161],[-81.3286,32.56109],[-81.3196,32.55956],[-81.29765,32.56293],[-81.29617,32.55335],[-81.29148,32.55571],[-81.29346,32.56158],[-81.29063,32.56253],[-81.28934,32.55136],[-81.2854,32.55211],[-81.28363,32.55667],[-81.27944,32.5549],[-81.28102,32.5482],[-81.27549,32.54547],[-81.27484,32.54131],[-81.28015,32.53696],[-81.27192,32.52998],[-81.25119,32.51784],[-81.24394,32.5209],[-81.24086,32.51648],[-81.23342,32.51796],[-81.23232,32.51208],[-81.23883,32.50841],[-81.23311,32.49807],[-81.20041,32.46831],[-81.18698,32.46382],[-81.19441,32.45891],[-81.19201,32.45379],[-81.19767,32.45461],[-81.19794,32.44851],[-81.20458,32.4527],[-81.20655,32.44735],[-81.20076,32.44609],[-81.19936,32.44238],[-81.2085,32.43629],[-81.20528,32.42311],[-81.17828,32.39299],[-81.17778,32.38623],[-81.18184,32.37935],[-81.16791,32.36848],[-81.17391,32.36283],[-81.161,32.3559],[-81.16093,32.34947],[-81.15461,32.35007],[-81.15565,32.34325],[-81.16031,32.34248],[-81.15924,32.33996],[-81.1453,32.34518],[-81.14732,32.35013],[-81.14386,32.35154],[-81.13419,32.34132],[-81.12915,32.341],[-81.12883,32.3366],[-81.13801,32.32824],[-81.13555,32.32432],[-81.13074,32.32576],[-81.12978,32.31329],[-81.13302,32.30855],[-81.12263,32.30699],[-81.12392,32.29519],[-81.11963,32.28678],[-81.12714,32.28225],[-81.1235,32.27514],[-81.12948,32.27622],[-81.13318,32.26968],[-81.13603,32.27266],[-81.14211,32.27158],[-81.13693,32.26611],[-81.14632,32.26332],[-81.14474,32.25806],[-81.14812,32.25509],[-81.1459,32.25072],[-81.15661,32.24328],[-81.14363,32.22927],[-81.15206,32.22204],[-81.13893,32.21977],[-81.13601,32.21285],[-81.12742,32.20755],[-81.12189,32.19554],[-81.11403,32.1957],[-81.1218,32.19179],[-81.11824,32.1892],[-81.12044,32.1787],[-81.11693,32.1762],[-81.11193,32.178],[-81.11113,32.1727],[-81.11695,32.17091],[-81.12115,32.1749],[-81.12976,32.16584],[-81.12203,32.1618],[-81.12003,32.1533],[-81.11224,32.1508],[-81.11833,32.14441],[-81.11994,32.1353],[-81.11525,32.1255],[-81.11537,32.11471],[-81.1067,32.1097],[-81.09162,32.11116],[-81.08697,32.10397],[-81.08827,32.09993],[-81.07539,32.09804],[-81.05973,32.08865],[-81.03812,32.08373],[-81.0263,32.0881],[-81.01244,32.10174],[-81.00431,32.10237],[-80.99214,32.09492],[-80.98351,32.07955],[-80.95403,32.07029],[-80.92508,32.04194],[-80.89213,32.03542],[-80.88614,32.03895],[-80.85024,32.04142],[-80.82276,32.03424],[-80.78296,31.99595],[-80.78984,31.96439],[-80.79627,31.95346],[-80.82922,31.92658],[-80.85534,31.91081],[-80.89699,31.85281],[-80.91682,31.83838],[-80.92859,31.81698],[-80.94963,31.80305],[-80.97073,31.79835],[-80.97695,31.78088],[-80.99617,31.76213],[-80.9972,31.7485],[-81.01381,31.72864],[-81.02582,31.72023],[-81.05662,31.71487],[-81.05152,31.7052],[-81.04979,31.68863],[-81.05901,31.66601],[-81.06664,31.65733],[-81.06963,31.64241],[-81.06583,31.62523],[-81.07668,31.59795],[-81.08707,31.52916],[-81.09236,31.52317],[-81.09538,31.52098],[-81.17515,31.53966],[-81.18699,31.54605],[-81.19491,31.55863],[-81.19089,31.60034],[-81.2009,31.61123],[-81.21604,31.61879],[-81.22222,31.63042],[-81.23732,31.63942],[-81.24982,31.64222],[-81.26884,31.6522],[-81.29836,31.64934],[-81.31802,31.65985],[-81.33808,31.64711],[-81.35557,31.65467],[-81.35991,31.65249],[-81.36432,31.65434],[-81.36617,31.64897],[-81.37094,31.65179],[-81.3744,31.64717],[-81.37271,31.65035],[-81.37778,31.65511],[-81.37699,31.65018],[-81.38026,31.65086],[-81.38364,31.64645],[-81.38715,31.64881],[-81.39158,31.64356],[-81.39776,31.64282],[-81.3998,31.64632],[-81.41009,31.64698],[-81.41759,31.65209],[-81.4249,31.64906],[-81.428,31.64198],[-81.43356,31.64089],[-81.44308,31.65402],[-81.45532,31.6594],[-81.461,31.67186],[-81.46771,31.67855],[-81.46089,31.68348],[-81.46475,31.69333],[-81.47587,31.69823],[-81.4918,31.69957],[-81.56601,31.57647],[-81.62222,31.55129],[-81.66791,31.5373],[-81.66209,31.52838],[-81.65225,31.52855],[-81.65826,31.51047],[-81.64542,31.50098],[-81.64762,31.49544],[-81.63244,31.4838],[-81.62308,31.48475],[-81.61203,31.46891],[-81.61709,31.45809],[-81.62599,31.45302],[-81.66503,31.3999],[-81.69198,31.40055],[-81.70483,31.37487],[-81.69813,31.36788],[-81.69903,31.363],[-81.72523,31.32721],[-81.80105,31.36374],[-81.84519,31.35475],[-81.92324,31.34587],[-82.0311,31.36624],[-82.04274,31.37437],[-82.0399,31.38207],[-82.04483,31.38614],[-82.04402,31.39513],[-82.04963,31.39601],[-82.05013,31.40424],[-82.05746,31.40889],[-82.05406,31.41376],[-82.05498,31.45099],[-82.05275,31.45457],[-82.06339,31.46636],[-82.0865,31.47849],[-82.09801,31.48125],[-82.11836,31.47927],[-82.13279,31.47126],[-82.13287,31.55751],[-82.14793,31.55731],[-82.14795,31.56912],[-82.13294,31.56931],[-82.13301,31.7734],[-82.08944,31.77291],[-82.08934,31.7859],[-82.10703,31.7861],[-82.10654,31.7998],[-82.08725,31.79951],[-82.0874,31.82162],[-82.07544,31.82929],[-82.07127,31.82565],[-82.04858,31.82708],[-82.04323,31.82119],[-82.03346,31.82042],[-82.02608,31.81509],[-82.02207,31.81742],[-82.02112,31.82366],[-82.0164,31.82373],[-82.01321,31.81214],[-82.00671,31.80768],[-82.00678,31.80005],[-81.99706,31.8004],[-81.99784,31.79351],[-81.98194,31.7844],[-81.97304,31.78371],[-81.96905,31.78932],[-81.97441,31.78758],[-81.98103,31.79137],[-81.97991,31.80455],[-81.95513,31.80985],[-81.94503,31.83567],[-81.9223,31.85146],[-81.91845,31.86223],[-81.92012,31.87103],[-81.91247,31.88696],[-81.90269,31.88831],[-81.89255,31.89503],[-81.89486,31.9031],[-81.88199,31.91823],[-81.88287,31.94116],[-81.88963,31.94896],[-81.87676,31.96222],[-81.87607,31.96838],[-81.86281,31.97315],[-81.85458,31.98833],[-81.84577,31.99308],[-81.84138,32.00213],[-81.8244,32.01488],[-81.81338,32.01623],[-81.76174,32.0479],[-81.88894,32.0504],[-81.98004,32.0815],[-82.02534,32.27888],[-81.96907,32.26878],[-81.96359,32.27484],[-81.95692,32.28623],[-81.95684,32.29467],[-81.95145,32.30385],[-81.95232,32.31094],[-81.91867,32.41541],[-81.93666,32.42282],[-81.93986,32.42632],[-81.94088,32.43673],[-81.95729,32.45149],[-81.96212,32.45251],[-81.96397,32.46355],[-81.97412,32.46997],[-81.97643,32.47886],[-81.97404,32.48669],[-81.97983,32.50134],[-81.97423,32.50485],[-81.971,32.51324],[-82.03023,32.53877]]]}},{"type":"Feature","properties":{"std_name":"Shreveport-Bossier City-Minden, LA CSA","std_geoid":"508","pen":"statisticians","std_note":null,"LSAD":"M0","NAME":"Shreveport-Bossier City-Minden, LA"},"geometry":{"type":"Polygon","coordinates":[[[-94.04301,33.01926],[-93.23865,33.01806],[-93.23774,32.71597],[-93.1867,32.71623],[-93.18609,32.67295],[-93.17774,32.67223],[-93.18205,32.67086],[-93.18294,32.66586],[-93.17688,32.66357],[-93.17565,32.65778],[-93.18098,32.6534],[-93.17578,32.64639],[-93.17735,32.63636],[-93.17358,32.63314],[-93.17949,32.62182],[-93.17586,32.60095],[-93.18112,32.59918],[-93.18216,32.5861],[-93.17704,32.58294],[-93.17713,32.57159],[-93.16822,32.55034],[-93.17204,32.54061],[-93.16781,32.5286],[-93.17127,32.52609],[-93.15676,32.48612],[-93.14645,32.46996],[-93.15208,32.46639],[-93.14972,32.46366],[-93.15159,32.45996],[-93.14706,32.45534],[-93.23724,32.45435],[-93.23692,32.41016],[-93.37272,32.41019],[-93.393,32.3943],[-93.41247,32.40087],[-93.42146,32.39958],[-93.42722,32.3921],[-93.42791,32.38139],[-93.42045,32.37397],[-93.40292,32.36873],[-93.3998,32.36279],[-93.40069,32.35701],[-93.41003,32.3458],[-93.42202,32.31212],[-93.4267,32.30921],[-93.42611,32.30294],[-93.42152,32.30251],[-93.42441,32.29868],[-93.41831,32.29558],[-93.42058,32.29178],[-93.41884,32.28467],[-93.40802,32.28517],[-93.40539,32.27823],[-93.4106,32.2702],[-93.40526,32.2674],[-93.40777,32.26493],[-93.40695,32.25677],[-93.41007,32.25538],[-93.40813,32.25052],[-93.42048,32.23836],[-93.42397,32.23956],[-93.42864,32.23527],[-93.44854,32.23514],[-93.61469,32.23753],[-93.59773,32.22035],[-93.59834,32.21172],[-93.59365,32.20585],[-93.5569,32.1921],[-93.53596,32.19313],[-93.52661,32.1824],[-93.52106,32.1651],[-93.52074,32.14462],[-93.50949,32.13042],[-93.5131,32.12621],[-93.5241,32.1249],[-93.54129,32.1048],[-93.52515,32.09081],[-93.51416,32.08581],[-93.51375,32.08034],[-93.50584,32.07323],[-93.50551,32.06524],[-93.48003,32.0567],[-93.48036,32.03003],[-93.46576,32.02571],[-93.46077,32.0213],[-93.45848,32.00686],[-93.44692,31.99891],[-93.44151,31.98918],[-93.42381,31.99028],[-93.42307,31.98371],[-93.41379,31.98929],[-93.40691,31.98814],[-93.40016,31.97789],[-93.38095,31.965],[-93.37605,31.96547],[-93.37259,31.96156],[-93.37424,31.95483],[-93.36994,31.95137],[-93.36773,31.93704],[-93.3534,31.93533],[-93.35545,31.93222],[-93.37791,31.93271],[-93.37784,31.92312],[-93.38575,31.92587],[-93.39891,31.9179],[-93.40841,31.91922],[-93.41531,31.92612],[-93.41451,31.93353],[-93.41989,31.93404],[-93.42393,31.93131],[-93.42522,31.9249],[-93.43327,31.92187],[-93.4406,31.91358],[-93.43743,31.90452],[-93.44095,31.89388],[-93.44117,31.84523],[-93.87906,31.84429],[-93.88412,31.84761],[-93.88288,31.85467],[-93.8894,31.8559],[-93.88168,31.86858],[-93.88488,31.86937],[-93.88541,31.86526],[-93.89344,31.87173],[-93.89212,31.87592],[-93.90168,31.87457],[-93.90189,31.88006],[-93.89646,31.88629],[-93.90062,31.89679],[-93.90619,31.88993],[-93.90654,31.89251],[-93.91968,31.89096],[-93.92097,31.88588],[-93.92621,31.88868],[-93.92553,31.89462],[-93.93119,31.89149],[-93.93214,31.89367],[-93.92159,31.90442],[-93.92865,31.91265],[-93.93754,31.90922],[-93.95355,31.91056],[-93.95977,31.92323],[-93.97171,31.92039],[-94.00679,31.97343],[-94.01651,31.98117],[-94.01851,31.99243],[-94.02289,31.99045],[-94.02862,31.99625],[-94.04224,31.99361],[-94.04301,33.01926]]]}},{"type":"Feature","properties":{"std_name":"Columbia-Sumter-Orangeburg, SC CSA","std_geoid":"192","pen":"statisticians","std_note":null,"LSAD":"M0","NAME":"Columbia-Sumter-Orangeburg, SC"},"geometry":{"type":"Polygon","coordinates":[[[-80.27406,33.78587],[-80.39713,33.76782],[-80.392,33.71555],[-80.43443,33.71189],[-80.43291,33.72118],[-80.42593,33.72409],[-80.43093,33.73831],[-80.44929,33.73753],[-80.45444,33.71352],[-80.47871,33.71426],[-80.4911,33.6938],[-80.4976,33.67432],[-80.53409,33.64391],[-80.52859,33.63602],[-80.53896,33.63245],[-80.54051,33.62903],[-80.51999,33.61423],[-80.5198,33.59737],[-80.5022,33.59042],[-80.50261,33.58572],[-80.51611,33.57907],[-80.51523,33.57471],[-80.50477,33.57119],[-80.50553,33.56333],[-80.49784,33.56149],[-80.4948,33.55704],[-80.48502,33.56005],[-80.47466,33.55288],[-80.46842,33.54106],[-80.46115,33.54078],[-80.45538,33.54706],[-80.4493,33.54295],[-80.44678,33.53849],[-80.44982,33.52991],[-80.44732,33.52453],[-80.46047,33.5228],[-80.46414,33.52751],[-80.468,33.52503],[-80.46774,33.51616],[-80.4564,33.51215],[-80.46106,33.50434],[-80.456,33.50167],[-80.43909,33.50203],[-80.44155,33.49419],[-80.43379,33.48746],[-80.43632,33.47707],[-80.39315,33.44534],[-80.35215,33.43023],[-80.32257,33.43137],[-80.30341,33.44015],[-80.29144,33.44078],[-80.28199,33.44835],[-80.2757,33.44588],[-80.27266,33.43818],[-80.26788,33.43785],[-80.2589,33.44252],[-80.2547,33.449],[-80.24277,33.44933],[-80.23991,33.45468],[-80.23873,33.43976],[-80.22895,33.4447],[-80.22227,33.44372],[-80.2252,33.40934],[-80.22189,33.40454],[-80.22257,33.39129],[-80.22988,33.39158],[-80.23024,33.3841],[-80.23846,33.39115],[-80.24156,33.38308],[-80.23962,33.3522],[-80.2478,33.3389],[-80.24736,33.32812],[-80.25245,33.32026],[-80.25384,33.29926],[-80.26992,33.29068],[-80.27306,33.28534],[-80.28927,33.27911],[-80.296,33.26996],[-80.31159,33.26457],[-80.31996,33.26477],[-80.33766,33.27587],[-80.34893,33.27802],[-80.35822,33.27363],[-80.36185,33.25744],[-80.39421,33.26466],[-80.42709,33.25776],[-80.44116,33.2624],[-80.45168,33.27066],[-80.46662,33.27147],[-80.48458,33.28003],[-80.49473,33.30024],[-80.49467,33.32381],[-80.50279,33.3345],[-80.79832,33.17698],[-80.81657,33.18708],[-80.81722,33.19535],[-80.82178,33.19792],[-80.82513,33.19606],[-80.82248,33.19982],[-80.8251,33.2019],[-80.8375,33.20371],[-80.84058,33.2079],[-80.83728,33.21077],[-80.84404,33.21249],[-80.83859,33.21876],[-80.84702,33.22133],[-80.8441,33.22135],[-80.84664,33.22646],[-80.84386,33.23125],[-80.84806,33.23299],[-80.84615,33.23833],[-80.85316,33.23853],[-80.85376,33.24112],[-80.85673,33.23787],[-80.85575,33.24554],[-80.86298,33.24582],[-80.86295,33.25106],[-80.86639,33.24767],[-80.87023,33.25305],[-80.87847,33.25339],[-80.88308,33.2596],[-80.88791,33.25804],[-80.88602,33.26379],[-80.8902,33.26139],[-80.89261,33.26881],[-80.90187,33.27068],[-80.90618,33.27727],[-80.92646,33.28706],[-80.92273,33.28893],[-80.93192,33.29285],[-80.92934,33.29573],[-80.93481,33.29608],[-80.93348,33.29789],[-80.94016,33.3038],[-80.95124,33.30545],[-80.94883,33.30784],[-80.94885,33.30943],[-80.96188,33.30806],[-80.96818,33.31868],[-80.97993,33.31814],[-80.98016,33.32275],[-80.98534,33.32702],[-80.99993,33.32924],[-80.99868,33.33136],[-81.00493,33.33645],[-81.00757,33.33399],[-81.01364,33.33865],[-81.02454,33.33873],[-81.03086,33.34881],[-81.03448,33.34621],[-81.03669,33.34941],[-81.0409,33.34703],[-81.04809,33.34913],[-81.06718,33.36544],[-81.07179,33.36589],[-81.07559,33.37367],[-81.08547,33.37529],[-81.0886,33.37959],[-81.09036,33.37744],[-81.11162,33.38085],[-81.16384,33.4092],[-81.18887,33.41112],[-81.19199,33.41844],[-81.1985,33.42137],[-81.19981,33.43014],[-81.20664,33.43784],[-81.23126,33.44048],[-81.23304,33.44304],[-81.24332,33.44125],[-81.26037,33.45232],[-81.2636,33.45163],[-81.2692,33.45887],[-81.27477,33.45961],[-81.28013,33.46834],[-81.28671,33.46779],[-81.29696,33.47996],[-81.30183,33.48156],[-81.31281,33.47828],[-81.32252,33.48296],[-81.34016,33.48007],[-81.34918,33.48511],[-81.35588,33.48391],[-81.37349,33.49051],[-81.18724,33.65278],[-81.19074,33.65622],[-81.20754,33.65881],[-81.2454,33.68039],[-81.26555,33.68712],[-81.27315,33.69553],[-81.2905,33.69423],[-81.31147,33.70882],[-81.34427,33.72105],[-81.35772,33.72293],[-81.36455,33.72812],[-81.38125,33.72516],[-81.39261,33.72651],[-81.4036,33.73227],[-81.41517,33.73212],[-81.42672,33.74311],[-81.42571,33.74854],[-81.43162,33.75683],[-81.43106,33.76599],[-81.43579,33.77572],[-81.46049,33.79722],[-81.47571,33.79861],[-81.47714,33.80154],[-81.48951,33.80459],[-81.49316,33.80951],[-81.50493,33.80805],[-81.50591,33.81121],[-81.51514,33.81313],[-81.51975,33.82391],[-81.53166,33.83087],[-81.54233,33.84662],[-81.54254,33.85439],[-81.55118,33.86076],[-81.56107,33.86281],[-81.57131,33.87746],[-81.65176,33.81451],[-81.77641,33.8459],[-81.82344,33.86738],[-81.83636,33.86619],[-81.87036,33.89198],[-81.89459,33.97541],[-81.93204,33.97691],[-82.0083,33.96165],[-82.01027,33.96402],[-81.99945,33.97531],[-82.00107,33.97831],[-81.98914,33.99827],[-81.98395,34.00013],[-81.94735,34.03714],[-81.93067,34.06983],[-81.92496,34.07088],[-81.92454,34.07621],[-81.91804,34.07926],[-81.91578,34.09098],[-81.90017,34.09479],[-81.89568,34.09971],[-81.89675,34.10726],[-81.86835,34.13251],[-81.88225,34.14211],[-81.89755,34.14661],[-81.89807,34.1559],[-81.90789,34.16249],[-81.90545,34.17806],[-81.91797,34.17745],[-81.92247,34.18623],[-81.92047,34.19201],[-81.92675,34.19586],[-81.9381,34.19497],[-81.94502,34.20315],[-81.93524,34.21496],[-81.92673,34.21972],[-81.92378,34.23089],[-81.91143,34.24618],[-81.90885,34.25673],[-81.90303,34.26374],[-81.90353,34.27325],[-81.8955,34.30027],[-81.88308,34.31196],[-81.8613,34.31555],[-81.84847,34.32353],[-81.84982,34.33298],[-81.83667,34.34294],[-81.8124,34.34777],[-81.78247,34.36521],[-81.77806,34.37952],[-81.74651,34.41358],[-81.74746,34.41959],[-81.73723,34.43026],[-81.73445,34.43774],[-81.72249,34.44966],[-81.7032,34.45263],[-81.66475,34.50534],[-81.64965,34.51772],[-81.64355,34.53365],[-81.64029,34.52757],[-81.63121,34.52733],[-81.62804,34.52175],[-81.61779,34.52525],[-81.61358,34.51388],[-81.60282,34.51292],[-81.58878,34.49701],[-81.57858,34.49433],[-81.55305,34.47699],[-81.55184,34.46998],[-81.55706,34.46337],[-81.54639,34.46199],[-81.55229,34.45748],[-81.55114,34.45231],[-81.54166,34.44861],[-81.54043,34.44503],[-81.48465,34.49],[-81.47454,34.49026],[-81.46841,34.49423],[-81.45805,34.48678],[-81.45082,34.49068],[-81.44524,34.48781],[-81.44358,34.49513],[-81.43969,34.49692],[-81.43249,34.49225],[-81.4277,34.49564],[-81.42324,34.49438],[-81.42114,34.50322],[-81.42754,34.52948],[-81.42496,34.55418],[-81.41968,34.56546],[-81.4227,34.57202],[-80.87749,34.54315],[-80.87538,34.52974],[-80.88172,34.50012],[-80.89565,34.49357],[-80.89872,34.48669],[-80.87923,34.45778],[-80.74335,34.53992],[-80.73767,34.5395],[-80.73937,34.52487],[-80.74562,34.51259],[-80.73973,34.50672],[-80.7456,34.49117],[-80.73997,34.47996],[-80.71333,34.48733],[-80.70919,34.50512],[-80.69816,34.51597],[-80.68858,34.51498],[-80.67606,34.49312],[-80.65842,34.47861],[-80.64525,34.48375],[-80.64538,34.49193],[-80.63221,34.49143],[-80.6321,34.48061],[-80.62784,34.48259],[-80.62267,34.49153],[-80.62965,34.49119],[-80.62959,34.4987],[-80.62561,34.49524],[-80.61363,34.49994],[-80.61021,34.49775],[-80.61436,34.49524],[-80.61428,34.48881],[-80.61036,34.48879],[-80.60411,34.4952],[-80.59803,34.49519],[-80.59577,34.50213],[-80.58598,34.49679],[-80.57937,34.48457],[-80.57577,34.48541],[-80.57615,34.48942],[-80.54891,34.49326],[-80.54405,34.50749],[-80.52743,34.50393],[-80.52394,34.50975],[-80.53597,34.53394],[-80.54134,34.53383],[-80.54353,34.53745],[-80.54353,34.54622],[-80.55055,34.56012],[-80.40837,34.61476],[-80.40519,34.61224],[-80.40744,34.60867],[-80.39883,34.60588],[-80.39692,34.59987],[-80.38989,34.59945],[-80.38352,34.59249],[-80.37932,34.58478],[-80.38274,34.57918],[-80.38159,34.57419],[-80.37673,34.57306],[-80.37139,34.5598],[-80.3768,34.5634],[-80.37793,34.56141],[-80.37227,34.54656],[-80.36697,34.5455],[-80.36412,34.53916],[-80.36029,34.53872],[-80.35934,34.53231],[-80.35725,34.53463],[-80.35366,34.52093],[-80.34261,34.51259],[-80.33997,34.51299],[-80.34167,34.51544],[-80.33034,34.50964],[-80.33373,34.504],[-80.32841,34.50117],[-80.32981,34.49534],[-80.32688,34.49397],[-80.32635,34.48847],[-80.32951,34.48505],[-80.32666,34.48051],[-80.3306,34.47375],[-80.32696,34.47276],[-80.32679,34.46037],[-80.32916,34.45937],[-80.3253,34.45401],[-80.3285,34.45242],[-80.32273,34.44925],[-80.32674,34.44664],[-80.324,34.44432],[-80.32633,34.43688],[-80.32119,34.42629],[-80.31932,34.42966],[-80.3155,34.42422],[-80.31129,34.42421],[-80.31037,34.41492],[-80.30113,34.40779],[-80.30209,34.39959],[-80.29918,34.40059],[-80.29166,34.39279],[-80.29009,34.39592],[-80.28557,34.39395],[-80.28469,34.38653],[-80.28696,34.38513],[-80.28448,34.38455],[-80.28804,34.38251],[-80.28396,34.37758],[-80.28587,34.37163],[-80.28854,34.37139],[-80.2863,34.37026],[-80.28977,34.36884],[-80.28658,34.36485],[-80.32613,34.34423],[-80.32511,34.33929],[-80.36376,34.33955],[-80.36577,34.32815],[-80.35438,34.31271],[-80.35303,34.30333],[-80.382,34.30519],[-80.40092,34.2952],[-80.42165,34.2943],[-80.43736,34.2845],[-80.43104,34.27663],[-80.42929,34.2572],[-80.42403,34.25043],[-80.43299,34.24886],[-80.4308,34.227],[-80.4375,34.21674],[-80.44516,34.20605],[-80.45454,34.20796],[-80.4557,34.20398],[-80.45237,34.19899],[-80.46086,34.18332],[-80.47986,34.1687],[-80.48132,34.11262],[-80.40553,34.08137],[-80.39564,34.08949],[-80.37874,34.0807],[-80.32172,34.08036],[-80.3165,34.0781],[-80.30325,34.06322],[-80.29493,34.03944],[-80.26699,34.03311],[-80.25877,34.02182],[-80.25965,34.01309],[-80.25548,34.00644],[-80.25471,33.99694],[-80.25022,33.99236],[-80.24307,33.99161],[-80.18829,34.00492],[-80.18798,33.98894],[-80.18139,33.9732],[-80.18037,33.952],[-80.16468,33.9573],[-80.07036,34.00792],[-80.02676,34.00854],[-80.01157,34.02992],[-80.00073,34.04767],[-80.00024,34.04804],[-79.99185,34.03946],[-79.98054,34.03694],[-79.97424,34.02897],[-79.95977,34.02137],[-79.94739,34.02311],[-79.9475,34.01808],[-79.93677,34.01835],[-79.92569,34.01105],[-79.928,34.00912],[-79.92522,34.00761],[-79.91152,34.00699],[-79.90366,34.00225],[-79.90234,33.99251],[-79.8934,33.98914],[-80.04252,33.9145],[-80.12161,33.86955],[-80.13548,33.86877],[-80.19537,33.83898],[-80.2554,33.80408],[-80.27406,33.78587]]]}},{"type":"Feature","properties":{"std_name":"Keene-Brattleboro, NH-VT CSA","std_geoid":"313","pen":"statisticians","std_note":null,"LSAD":"M0","NAME":"Keene-Brattleboro, NH-VT"},"geometry":{"type":"Polygon","coordinates":[[[-72.86824,43.11393],[-72.86214,43.20522],[-72.85163,43.20483],[-72.84811,43.26285],[-72.68544,43.22258],[-72.54914,43.2359],[-72.43462,43.23326],[-72.44105,43.21819],[-72.43853,43.20159],[-72.45051,43.19261],[-72.44401,43.17933],[-72.45295,43.17164],[-72.45225,43.16135],[-72.43209,43.15982],[-72.43163,43.13564],[-72.37204,43.13212],[-72.37642,43.15773],[-72.33033,43.15517],[-72.33214,43.16284],[-72.15666,43.18197],[-72.1785,43.13187],[-72.03408,43.12875],[-72.04197,43.08224],[-72.05795,43.01892],[-72.06222,42.9448],[-72.00619,42.94379],[-71.97471,42.7894],[-71.94428,42.78841],[-71.92899,42.7121],[-72.9301,42.73929],[-72.92379,42.92744],[-73.00813,42.93056],[-73.00312,43.02368],[-73.0006,43.02356],[-73.00178,43.07512],[-72.99714,43.11746],[-72.86824,43.11393]]]}},{"type":"Feature","properties":{"std_name":"Raleigh-Durham-Cary, NC CSA","std_geoid":"450","pen":"statisticians","std_note":null,"LSAD":"M0","NAME":"Raleigh-Durham-Cary, NC"},"geometry":{"type":"Polygon","coordinates":[[[-79.154,36.24188],[-79.13832,36.54198],[-78.79627,36.54174],[-78.80532,36.09392],[-78.80306,36.08956],[-78.80762,36.08769],[-78.79831,36.08461],[-78.79258,36.08597],[-78.79081,36.0811],[-78.79309,36.07769],[-78.78489,36.07673],[-78.78811,36.07292],[-78.78366,36.06998],[-78.78041,36.07232],[-78.75127,36.07083],[-78.71561,36.07611],[-78.68322,36.07448],[-78.54641,36.02183],[-78.54481,36.08085],[-78.49661,36.1752],[-78.50833,36.18292],[-78.51122,36.45481],[-78.50093,36.48696],[-78.50406,36.48828],[-78.5042,36.49516],[-78.49486,36.50822],[-78.49774,36.51466],[-78.49332,36.51831],[-78.48024,36.51797],[-78.4705,36.52267],[-78.47021,36.52581],[-78.46635,36.52412],[-78.46931,36.52669],[-78.46708,36.53218],[-78.45534,36.53411],[-78.45339,36.54006],[-78.45691,36.54254],[-78.32399,36.54382],[-78.27716,36.30613],[-78.30697,36.26619],[-78.22479,36.25655],[-78.21573,36.2519],[-78.19838,36.25158],[-78.19392,36.24677],[-78.17317,36.25549],[-78.15698,36.24442],[-78.13274,36.24628],[-78.12497,36.23524],[-78.1257,36.22633],[-78.11891,36.22416],[-78.11484,36.21669],[-78.11055,36.21607],[-78.11007,36.2102],[-78.09427,36.21032],[-78.09161,36.20769],[-78.08279,36.21276],[-78.07701,36.21146],[-78.07101,36.21659],[-78.0568,36.21092],[-78.04471,36.21545],[-78.04543,36.21255],[-78.0372,36.2105],[-78.03895,36.20883],[-78.0356,36.20697],[-78.03118,36.209],[-78.03047,36.21454],[-78.02142,36.20503],[-78.01616,36.20782],[-78.00772,36.20433],[-78.18218,35.93876],[-78.25716,35.81346],[-78.25141,35.81121],[-78.25041,35.79693],[-78.24386,35.7921],[-78.25081,35.77348],[-78.23832,35.76729],[-78.23288,35.75143],[-78.22666,35.75053],[-78.21906,35.75507],[-78.21303,35.74482],[-78.2156,35.73599],[-78.20937,35.73064],[-78.20237,35.72776],[-78.19169,35.73063],[-78.1823,35.72887],[-78.17642,35.72486],[-78.17498,35.71761],[-78.16125,35.71287],[-78.15784,35.68559],[-78.12559,35.60311],[-78.06478,35.58526],[-78.15491,35.41781],[-78.15367,35.39199],[-78.1442,35.38689],[-78.16241,35.36738],[-78.15766,35.36011],[-78.16008,35.35663],[-78.15372,35.35642],[-78.15324,35.35067],[-78.18003,35.34371],[-78.19627,35.34357],[-78.19728,35.34006],[-78.21548,35.34153],[-78.21567,35.33346],[-78.24263,35.3198],[-78.25687,35.32559],[-78.26843,35.32305],[-78.27603,35.31514],[-78.28971,35.31508],[-78.30658,35.2876],[-78.39772,35.26296],[-78.41173,35.25466],[-78.4919,35.26332],[-78.53835,35.31641],[-78.5555,35.30955],[-78.55989,35.30633],[-78.55771,35.30471],[-78.57028,35.30212],[-78.57613,35.296],[-78.58353,35.29681],[-78.58464,35.27331],[-78.59852,35.26497],[-78.59998,35.2584],[-78.61711,35.24572],[-78.7077,35.25919],[-78.712,35.25757],[-78.72556,35.2669],[-78.73602,35.2617],[-78.75003,35.26348],[-78.75402,35.25971],[-78.7545,35.26341],[-78.7591,35.26155],[-78.75997,35.26394],[-78.76588,35.25823],[-78.77104,35.2621],[-78.77826,35.26356],[-78.78217,35.261],[-78.78249,35.26375],[-78.79428,35.2661],[-78.80146,35.26295],[-78.80585,35.25664],[-78.81943,35.26046],[-78.83467,35.25235],[-78.84716,35.25299],[-78.85968,35.24259],[-78.86786,35.24501],[-78.87606,35.24154],[-78.87403,35.23598],[-78.88041,35.23044],[-78.89326,35.22865],[-78.89804,35.23117],[-78.92021,35.22028],[-78.92471,35.22389],[-78.93555,35.21872],[-78.99804,35.21413],[-79.0963,35.19201],[-79.12049,35.20484],[-79.13464,35.20682],[-79.13795,35.21141],[-79.15126,35.2137],[-79.15388,35.22923],[-79.16511,35.24092],[-79.17868,35.24779],[-79.19354,35.25013],[-79.20252,35.25818],[-79.22302,35.26813],[-79.18356,35.30716],[-79.22198,35.32434],[-79.25427,35.34329],[-79.26571,35.34528],[-79.27347,35.35259],[-79.27188,35.36233],[-79.28956,35.40044],[-79.29397,35.3996],[-79.30448,35.40482],[-79.31057,35.40862],[-79.31738,35.41992],[-79.32972,35.42345],[-79.32667,35.43479],[-79.32894,35.43924],[-79.34187,35.44872],[-79.34615,35.45699],[-79.35045,35.45792],[-79.3483,35.46337],[-79.35513,35.46454],[-79.35564,35.46955],[-79.35982,35.46988],[-79.35659,35.47328],[-79.35981,35.47768],[-79.35153,35.47768],[-79.33592,35.49775],[-79.34052,35.50632],[-79.35124,35.51432],[-79.35007,35.518],[-79.5558,35.51504],[-79.54243,35.8433],[-79.23731,35.84412],[-79.23697,35.85061],[-79.25039,35.85698],[-79.24934,35.876],[-79.25795,35.89149],[-79.25692,35.90205],[-79.26843,35.91093],[-79.26403,35.91411],[-79.25795,36.24345],[-79.154,36.24188]]]}},{"type":"Feature","properties":{"std_name":"Allentown-Bethlehem-East Stroudsburg, PA-NJ CSA","std_geoid":"106","pen":"statisticians","std_note":null,"LSAD":"M0","NAME":"Allentown-Bethlehem-East Stroudsburg, PA-NJ"},"geometry":{"type":"Polygon","coordinates":[[[-74.96691,41.09441],[-74.76942,40.91093],[-74.78698,40.89971],[-74.79263,40.88958],[-74.80613,40.88372],[-74.80831,40.86955],[-74.80194,40.8639],[-74.80935,40.86013],[-74.81278,40.85217],[-74.82158,40.84918],[-74.82382,40.84379],[-74.81861,40.83649],[-74.83134,40.82885],[-74.83019,40.82476],[-74.84254,40.81158],[-74.84682,40.81084],[-74.85051,40.80396],[-74.85999,40.80102],[-74.86439,40.80316],[-74.86927,40.7951],[-74.88538,40.79098],[-74.90438,40.78086],[-74.90272,40.77184],[-74.92694,40.75494],[-74.95173,40.72774],[-74.96351,40.72047],[-74.96893,40.71039],[-74.9797,40.71074],[-74.98141,40.7059],[-74.99146,40.7029],[-75.00384,40.69304],[-75.00983,40.6952],[-75.02238,40.69227],[-75.03332,40.68381],[-75.04405,40.67871],[-75.04884,40.67964],[-75.06238,40.66952],[-75.07378,40.66596],[-75.09578,40.64825],[-75.10599,40.64458],[-75.10845,40.63957],[-75.14567,40.6288],[-75.14967,40.6205],[-75.15442,40.62169],[-75.16178,40.61786],[-75.16288,40.61113],[-75.17254,40.60489],[-75.17497,40.5988],[-75.18073,40.59734],[-75.18103,40.59418],[-75.1896,40.59178],[-75.1968,40.60858],[-75.26637,40.57758],[-75.40973,40.48798],[-75.48386,40.41863],[-75.89147,40.67727],[-75.85481,40.69319],[-75.84466,40.693],[-75.80779,40.70749],[-75.79652,40.71703],[-75.77968,40.72502],[-75.77769,40.72953],[-75.75781,40.73541],[-75.88604,40.81627],[-75.99764,40.91326],[-75.84802,40.96636],[-75.84854,40.97219],[-75.81924,40.98258],[-75.8012,40.98342],[-75.73218,41.00812],[-75.73864,41.01705],[-75.74011,41.0298],[-75.75773,41.03162],[-75.76132,41.04122],[-75.77034,41.05019],[-75.772,41.07667],[-75.76564,41.08447],[-75.76709,41.09333],[-75.76076,41.09169],[-75.75527,41.09431],[-75.7522,41.10387],[-75.73303,41.10294],[-75.71675,41.11813],[-75.70827,41.11586],[-75.70959,41.12211],[-75.70337,41.12206],[-75.70059,41.12732],[-75.69307,41.13097],[-75.66642,41.13362],[-75.65695,41.12411],[-75.65675,41.11603],[-75.64863,41.12543],[-75.64026,41.12682],[-75.63455,41.12302],[-75.63283,41.12794],[-75.62515,41.13091],[-75.62821,41.13721],[-75.61417,41.14517],[-75.61558,41.15071],[-75.60309,41.15215],[-75.60439,41.15653],[-75.59633,41.16582],[-75.5983,41.17243],[-75.58817,41.17253],[-75.57665,41.17786],[-75.57637,41.18655],[-75.57021,41.19113],[-75.56974,41.19874],[-75.56264,41.20535],[-75.55472,41.20765],[-75.544,41.22351],[-75.52936,41.22659],[-75.51667,41.21927],[-75.50835,41.23295],[-75.12972,41.2521],[-75.15651,41.15034],[-75.07681,41.14112],[-75.03922,41.0888],[-75.03343,41.08732],[-75.02796,41.07987],[-75.02045,41.08479],[-75.0126,41.0838],[-75.01178,41.08801],[-75.00318,41.09177],[-74.99798,41.0895],[-74.99365,41.09387],[-74.98826,41.08822],[-74.97204,41.09556],[-74.96691,41.09441]]]}},{"type":"Feature","properties":{"std_name":"Buffalo-Cheektowaga-Olean, NY CSA","std_geoid":"160","pen":"statisticians","std_note":null,"LSAD":"M0","NAME":"Buffalo-Cheektowaga-Olean, NY"},"geometry":{"type":"Polygon","coordinates":[[[-78.46581,43.13826],[-78.46438,42.86736],[-78.48625,42.86751],[-78.48796,42.78047],[-78.46332,42.78046],[-78.4619,42.61328],[-78.46455,42.51923],[-78.30884,42.52122],[-78.30814,41.99919],[-79.06126,41.99941],[-79.05908,42.08691],[-79.06078,42.53785],[-79.09008,42.55024],[-79.08088,42.55544],[-79.09175,42.55641],[-79.09507,42.56424],[-79.10519,42.56334],[-79.10366,42.56759],[-79.10778,42.56997],[-79.1258,42.56509],[-79.13527,42.56873],[-79.31214,42.6868],[-78.99976,42.80437],[-78.93056,42.8501],[-78.90576,42.89996],[-78.90566,42.92336],[-78.91886,42.94686],[-78.93236,42.95586],[-78.96176,42.95776],[-78.97506,42.96876],[-79.01156,42.98526],[-79.01996,42.99476],[-79.02326,43.01636],[-79.01175,43.02896],[-78.99944,43.05606],[-79.00713,43.06576],[-79.07446,43.07786],[-79.07537,43.08136],[-79.06596,43.09105],[-79.05796,43.10696],[-79.0601,43.11387],[-79.06965,43.12032],[-79.05412,43.12937],[-79.04367,43.13841],[-79.0423,43.14366],[-79.04663,43.16237],[-79.0533,43.1739],[-79.04869,43.20016],[-79.05656,43.21032],[-79.05305,43.22346],[-79.05593,43.25467],[-79.07045,43.26246],[-79.20094,43.45042],[-78.74976,43.60926],[-78.68829,43.63474],[-78.46871,43.63343],[-78.46432,43.50006],[-78.46643,43.30277],[-78.46042,43.21622],[-78.46581,43.13826]]]}},{"type":"Feature","properties":{"std_name":"Champaign-Urbana-Danville, IL CSA","std_geoid":"169","pen":"statisticians","std_note":null,"LSAD":"M0","NAME":"Champaign-Urbana-Danville, IL"},"geometry":{"type":"Polygon","coordinates":[[[-87.61516,39.88158],[-88.46221,39.87909],[-88.46233,39.79182],[-88.74567,39.79215],[-88.74534,40.09881],[-88.68812,40.09858],[-88.68799,40.14227],[-88.57488,40.2815],[-88.46042,40.28193],[-88.45947,40.61735],[-88.23495,40.61821],[-88.2473,40.99456],[-88.13193,40.99778],[-88.1179,40.48786],[-88.00408,40.48867],[-87.99305,40.4856],[-87.97245,40.48566],[-87.52637,40.49124],[-87.53323,39.883],[-87.58168,39.88231],[-87.55753,39.86878],[-87.57885,39.86846],[-87.61742,39.86861],[-87.61516,39.88158]]]}},{"type":"Feature","properties":{"std_name":"Dallas-Fort Worth, TX-OK CSA","std_geoid":"206","pen":"statisticians","std_note":null,"LSAD":"M0","NAME":"Dallas-Fort Worth, TX-OK"},"geometry":{"type":"Polygon","coordinates":[[[-95.30896,32.96257],[-95.66539,32.96043],[-95.66773,32.97955],[-95.9453,32.97988],[-95.97283,32.89818],[-95.97761,32.89334],[-95.97813,32.88624],[-95.98293,32.88543],[-95.98736,32.87613],[-95.96864,32.85603],[-95.95849,32.85045],[-95.95642,32.84494],[-95.95208,32.846],[-95.94903,32.84242],[-95.94407,32.84519],[-95.94308,32.84134],[-95.9381,32.84297],[-95.93443,32.83722],[-96.0768,32.83849],[-96.0759,32.35751],[-95.44916,32.35523],[-95.44756,32.3473],[-95.4526,32.34559],[-95.4531,32.33458],[-95.45874,32.32843],[-95.45571,32.32497],[-95.45767,32.31906],[-95.45061,32.31443],[-95.45547,32.31151],[-95.4538,32.30577],[-95.44697,32.29581],[-95.45152,32.29474],[-95.45126,32.28773],[-95.45727,32.27311],[-95.46995,32.26212],[-95.46758,32.24663],[-95.48174,32.24139],[-95.48159,32.23649],[-95.48681,32.23667],[-95.48873,32.2323],[-95.47851,32.21756],[-95.47894,32.21222],[-95.47015,32.21209],[-95.46793,32.20649],[-95.47053,32.20407],[-95.46246,32.20154],[-95.46439,32.19101],[-95.46827,32.19048],[-95.46506,32.18383],[-95.46156,32.1829],[-95.46307,32.17979],[-95.47097,32.17865],[-95.46937,32.1704],[-95.47381,32.16889],[-95.47904,32.15865],[-95.47858,32.14722],[-95.45991,32.13556],[-95.46224,32.12897],[-95.45734,32.11259],[-95.45229,32.10769],[-95.44709,32.10729],[-95.44028,32.09578],[-95.43156,32.09387],[-95.42851,32.08447],[-96.05258,32.00591],[-96.05478,32.01253],[-96.49671,31.79619],[-96.71911,31.81489],[-96.89621,32.07398],[-96.94066,32.05209],[-97.08704,32.26682],[-97.47598,32.18168],[-97.47181,32.17552],[-97.48663,32.17154],[-97.49448,32.16463],[-97.51179,32.16193],[-97.51346,32.15258],[-97.50816,32.13844],[-97.51249,32.13422],[-97.51871,32.13422],[-97.55337,32.14929],[-97.56968,32.15129],[-97.57047,32.15451],[-97.56468,32.16235],[-97.56785,32.16657],[-97.56826,32.17626],[-97.5734,32.18032],[-97.59446,32.17411],[-97.60233,32.17654],[-97.60139,32.1801],[-97.5909,32.18615],[-97.58976,32.19316],[-97.59768,32.2037],[-97.61509,32.20349],[-97.61572,32.31862],[-97.78276,32.31649],[-97.94563,32.23347],[-98.06855,32.51163],[-98.57626,32.51516],[-98.57562,32.95435],[-98.42721,32.9523],[-98.42655,33.00791],[-97.92164,33.00128],[-97.91819,33.43387],[-97.48707,33.43368],[-97.48416,33.91551],[-97.46142,33.90523],[-97.45095,33.8914],[-97.45147,33.87093],[-97.4632,33.84309],[-97.45907,33.83458],[-97.44419,33.82377],[-97.41415,33.81798],[-97.37469,33.81855],[-97.3655,33.82374],[-97.34721,33.84511],[-97.33246,33.88425],[-97.32661,33.88441],[-97.32334,33.87917],[-97.33418,33.86289],[-97.3328,33.85526],[-97.31426,33.86509],[-97.30995,33.87445],[-97.30917,33.8887],[-97.27092,33.858],[-97.25423,33.86532],[-97.24921,33.8751],[-97.2463,33.90047],[-97.24217,33.90639],[-97.22846,33.91325],[-97.21092,33.91606],[-97.20614,33.91428],[-97.18085,33.8952],[-97.16663,33.84731],[-97.16682,33.8404],[-97.17163,33.83534],[-97.18137,33.83138],[-97.19583,33.8308],[-97.20499,33.81887],[-97.20543,33.80149],[-97.1904,33.78115],[-97.18772,33.76983],[-97.19257,33.75968],[-97.18014,33.75449],[-97.17219,33.73754],[-97.15737,33.72554],[-97.13495,33.71829],[-97.11444,33.71851],[-97.09675,33.72811],[-97.0862,33.74416],[-97.08519,33.76474],[-97.0951,33.79217],[-97.09294,33.80381],[-97.0791,33.81232],[-97.04815,33.81746],[-97.04832,33.82787],[-97.05281,33.83371],[-97.06519,33.83867],[-97.08681,33.84117],[-97.09048,33.84484],[-97.08925,33.85048],[-97.08271,33.85607],[-97.06379,33.85997],[-97.05584,33.85574],[-97.04613,33.83956],[-97.04012,33.83773],[-97.02144,33.84638],[-97.0,33.86789],[-96.98383,33.89095],[-96.98533,33.90661],[-96.99625,33.94266],[-96.99467,33.94868],[-96.98789,33.95467],[-96.97942,33.95618],[-96.97982,33.94159],[-96.97287,33.9357],[-96.92427,33.95916],[-96.91765,33.95858],[-96.90243,33.94202],[-96.89573,33.89641],[-96.88301,33.86802],[-96.87068,33.85655],[-96.85609,33.84749],[-96.85059,33.84721],[-96.84159,33.85289],[-96.83978,33.8684],[-96.83216,33.87483],[-96.79428,33.86889],[-96.78057,33.8601],[-96.77067,33.82962],[-96.76159,33.82441],[-96.71242,33.83163],[-96.69957,33.83905],[-96.68473,33.8629],[-96.68095,33.8962],[-96.67345,33.91228],[-96.66719,33.91694],[-96.65821,33.91584],[-96.62829,33.89448],[-96.5885,33.89498],[-96.59111,33.90322],[-96.58253,33.9083],[-96.58095,33.91542],[-96.59091,33.91923],[-96.58317,33.91912],[-96.58059,33.92388],[-96.58955,33.92788],[-96.59316,33.93296],[-96.59124,33.93884],[-96.59646,33.94567],[-96.59225,33.95151],[-96.5879,33.94801],[-96.58482,33.94986],[-96.58538,33.95488],[-96.57955,33.95666],[-96.57619,33.96388],[-96.5852,33.96736],[-96.58558,33.97472],[-96.58898,33.97016],[-96.59365,33.97101],[-96.59366,33.97409],[-96.60679,33.98194],[-96.60276,33.98794],[-96.61564,33.99073],[-96.61374,33.99622],[-96.6233,34.00242],[-96.6248,34.00972],[-96.62094,34.00553],[-96.61699,34.01021],[-96.60429,34.00787],[-96.60318,34.01355],[-96.59342,34.01673],[-96.58626,34.00797],[-96.57895,34.00914],[-96.57328,34.02035],[-96.57958,34.02261],[-96.57292,34.02942],[-96.57999,34.0312],[-96.57433,34.03696],[-96.57824,34.04802],[-96.57221,34.05031],[-96.5764,34.043],[-96.57085,34.04287],[-96.56838,34.0477],[-96.55801,34.05046],[-96.55402,34.05894],[-96.54748,34.06391],[-96.55075,34.07175],[-96.56428,34.07716],[-96.56283,34.07939],[-96.55699,34.07809],[-96.55589,34.08118],[-96.5686,34.08478],[-96.56553,34.08942],[-96.58139,34.10481],[-96.57933,34.11006],[-96.58536,34.11446],[-96.45384,34.1141],[-96.4539,34.15735],[-95.99158,34.1568],[-95.97891,34.15082],[-95.97748,34.15488],[-95.97456,34.15241],[-95.97019,34.15502],[-95.97145,34.15252],[-95.95488,34.14959],[-95.95529,34.14586],[-95.94954,34.14435],[-95.9538,34.13891],[-95.95089,34.13982],[-95.94838,34.13449],[-95.95017,34.12945],[-95.94395,34.12409],[-95.93815,34.1251],[-95.93799,33.94822],[-95.93548,33.94148],[-95.92893,33.94002],[-95.91752,33.92428],[-95.90936,33.92155],[-95.90418,33.9238],[-95.90123,33.92002],[-95.89671,33.92174],[-95.88738,33.9186],[-95.88658,33.91581],[-95.87871,33.91616],[-95.86738,33.90556],[-95.86123,33.88747],[-95.8538,33.88516],[-95.8403,33.87417],[-95.83264,33.87574],[-95.81436,33.87291],[-95.81192,33.86985],[-95.78683,33.87355],[-95.78146,33.8683],[-95.77517,33.87452],[-95.76636,33.871],[-95.76006,33.87382],[-95.75363,33.86453],[-95.75235,33.85457],[-95.77024,33.8452],[-95.79761,33.86059],[-95.81572,33.85981],[-95.82089,33.85629],[-95.81884,33.8432],[-95.82205,33.83855],[-95.83147,33.83482],[-95.84654,33.83986],[-95.85505,33.82794],[-95.86025,33.21827],[-95.85874,33.22251],[-95.84752,33.22542],[-95.84422,33.23385],[-95.83535,33.23527],[-95.8341,33.23224],[-95.83047,33.23671],[-95.82519,33.23592],[-95.82219,33.24092],[-95.81593,33.23939],[-95.81485,33.24253],[-95.80998,33.24211],[-95.80391,33.25196],[-95.7996,33.25098],[-95.79549,33.25517],[-95.78668,33.254],[-95.77899,33.26015],[-95.7751,33.27157],[-95.77708,33.27294],[-95.77185,33.27449],[-95.77431,33.27688],[-95.76646,33.27914],[-95.76772,33.28381],[-95.76374,33.28294],[-95.7633,33.28725],[-95.75882,33.28582],[-95.75647,33.28822],[-95.75814,33.29687],[-95.74198,33.29704],[-95.744,33.29862],[-95.74024,33.29842],[-95.73942,33.30206],[-95.73084,33.30167],[-95.72988,33.30559],[-95.72571,33.30456],[-95.72615,33.3022],[-95.72102,33.30424],[-95.71977,33.29943],[-95.70641,33.30232],[-95.7072,33.30562],[-95.69923,33.30532],[-95.69807,33.30839],[-95.69128,33.30596],[-95.69038,33.30113],[-95.68645,33.30367],[-95.68659,33.30072],[-95.68307,33.29983],[-95.67833,33.30367],[-95.67372,33.30212],[-95.6617,33.31141],[-95.65728,33.31017],[-95.65714,33.3132],[-95.65008,33.31003],[-95.64392,33.31255],[-95.64239,33.32104],[-95.63625,33.32297],[-95.63693,33.32601],[-95.63382,33.32438],[-95.61587,33.33832],[-95.61289,33.3483],[-95.60563,33.35094],[-95.60348,33.34901],[-95.60271,33.35204],[-95.58685,33.35871],[-95.58175,33.35936],[-95.57989,33.35455],[-95.57404,33.35375],[-95.56693,33.35741],[-95.55711,33.35092],[-95.55287,33.3522],[-95.55208,33.35777],[-95.54709,33.35579],[-95.53951,33.36055],[-95.53104,33.35727],[-95.52631,33.34908],[-95.51431,33.34624],[-95.51067,33.34956],[-95.49526,33.34933],[-95.49734,33.35179],[-95.49166,33.3544],[-95.4854,33.34989],[-95.47878,33.35279],[-95.47808,33.35648],[-95.4737,33.35435],[-95.46955,33.35797],[-95.46503,33.3568],[-95.45851,33.36059],[-95.45962,33.36464],[-95.45621,33.36845],[-95.44849,33.36424],[-95.44355,33.36613],[-95.44129,33.36271],[-95.44094,33.36667],[-95.43537,33.36402],[-95.43256,33.36807],[-95.42496,33.36646],[-95.41833,33.37103],[-95.41737,33.3684],[-95.41256,33.36994],[-95.41246,33.36745],[-95.40031,33.3717],[-95.39737,33.37045],[-95.39825,33.36725],[-95.39104,33.3696],[-95.38489,33.36547],[-95.37155,33.36928],[-95.37063,33.36736],[-95.36967,33.37],[-95.36377,33.3654],[-95.36104,33.3677],[-95.35855,33.36488],[-95.35661,33.36768],[-95.35542,33.36366],[-95.34589,33.36296],[-95.34494,33.3603],[-95.34452,33.36362],[-95.33586,33.36142],[-95.33571,33.36413],[-95.32677,33.36396],[-95.32587,33.36709],[-95.31417,33.36723],[-95.31277,33.37092],[-95.31576,33.3731],[-95.31001,33.37405],[-95.30859,33.37719],[-95.30896,32.96257]]]}},{"type":"Feature","properties":{"std_name":"Des Moines-West Des Moines-Ames, IA CSA","std_geoid":"218","pen":"statisticians","std_note":null,"LSAD":"M0","NAME":"Des Moines-West Des Moines-Ames, IA"},"geometry":{"type":"Polygon","coordinates":[[[-92.412,41.50955],[-92.41023,41.16194],[-93.7787,41.16214],[-93.89966,41.1566],[-94.24164,41.15713],[-94.24159,41.50368],[-94.70063,41.50415],[-94.70074,41.60218],[-94.7442,41.60218],[-94.74488,41.86239],[-94.16443,41.86324],[-94.1647,42.20992],[-93.23194,42.209],[-93.23186,41.86271],[-92.766,41.86237],[-92.76676,41.60135],[-92.75707,41.60141],[-92.75651,41.50879],[-92.412,41.50955]]]}},{"type":"Feature","properties":{"std_name":"Findlay-Tiffin, OH CSA","std_geoid":"248","pen":"statisticians","std_note":null,"LSAD":"M0","NAME":"Findlay-Tiffin, OH"},"geometry":{"type":"Polygon","coordinates":[[[-82.84009,41.25534],[-82.82951,40.99662],[-82.85297,40.99694],[-82.85318,40.99366],[-83.45785,40.99167],[-83.45768,40.94852],[-83.47679,40.94838],[-83.47674,40.90496],[-83.51473,40.90512],[-83.51588,40.81813],[-83.88006,40.81992],[-83.88115,41.16782],[-83.42105,41.16678],[-83.41984,41.254],[-83.22491,41.25303],[-83.0753,41.2569],[-82.84009,41.25534]]]}},{"type":"Feature","properties":{"std_name":"Baton Rouge-Hammond, LA CSA","std_geoid":"132","pen":"statisticians","std_note":null,"LSAD":"M0","NAME":"Baton Rouge-Hammond, LA"},"geometry":{"type":"Polygon","coordinates":[[[-90.48583,30.27699],[-90.51606,30.22134],[-90.55115,30.19673],[-90.57782,30.19717],[-90.59153,30.20584],[-90.5995,30.21684],[-90.61178,30.21424],[-90.61783,30.21912],[-90.63191,30.22119],[-90.64211,30.16645],[-90.91557,30.11329],[-90.91466,30.10883],[-90.93463,30.09405],[-90.93559,30.08556],[-90.96375,30.06683],[-90.96336,30.03578],[-90.94637,30.03604],[-90.94629,29.97793],[-90.9118,29.9785],[-90.91178,29.93507],[-90.88631,29.93565],[-90.88527,29.87757],[-90.90981,29.8772],[-90.92463,29.83033],[-90.9476,29.79253],[-90.98184,29.74488],[-91.08261,29.62681],[-91.08778,29.63627],[-91.10558,29.64414],[-91.09991,29.65792],[-91.09895,29.68819],[-91.095,29.69546],[-91.1003,29.70033],[-91.10655,29.73349],[-91.10356,29.73664],[-91.09536,29.73703],[-91.08947,29.75555],[-91.10037,29.77256],[-91.09598,29.77891],[-91.09993,29.78459],[-91.09902,29.78958],[-91.09268,29.801],[-91.09618,29.80873],[-91.09941,29.81465],[-91.10595,29.8167],[-91.11105,29.82655],[-91.12066,29.82792],[-91.13115,29.8367],[-91.15023,29.83683],[-91.18734,29.84869],[-91.20026,29.86179],[-91.20793,29.89951],[-91.21526,29.90863],[-91.23181,29.91786],[-91.22994,29.93366],[-91.24273,29.94378],[-91.24786,29.95175],[-91.24563,29.95601],[-91.2514,29.95759],[-91.25993,29.9856],[-91.25939,30.0002],[-91.23589,30.00113],[-91.22196,30.03064],[-91.22355,30.04079],[-91.23003,30.0419],[-91.24191,30.02953],[-91.25594,30.03978],[-91.26909,30.05931],[-91.35377,30.06109],[-91.36674,30.0547],[-91.37207,30.06245],[-91.36875,30.0724],[-91.37176,30.08156],[-91.37642,30.08621],[-91.37802,30.09485],[-91.38949,30.09937],[-91.38884,30.10244],[-91.4639,30.10268],[-91.47214,30.11416],[-91.46131,30.13125],[-91.4724,30.14213],[-91.46818,30.14896],[-91.46789,30.16038],[-91.4718,30.18627],[-91.4903,30.20157],[-91.48787,30.2114],[-91.4753,30.22949],[-91.51064,30.24066],[-91.56276,30.24195],[-91.58804,30.25711],[-91.5911,30.2637],[-91.58773,30.27328],[-91.58996,30.27705],[-91.62105,30.30994],[-91.62754,30.3301],[-91.62441,30.33818],[-91.62721,30.3492],[-91.62548,30.35421],[-91.64812,30.36507],[-91.64332,30.37247],[-91.62903,30.37793],[-91.62466,30.39437],[-91.63002,30.40708],[-91.62809,30.41391],[-91.63957,30.42903],[-91.63717,30.43487],[-91.64008,30.44267],[-91.64572,30.44422],[-91.67477,30.47455],[-91.68549,30.47634],[-91.69245,30.4813],[-91.70132,30.49256],[-91.70134,30.49775],[-91.75621,30.49813],[-91.75115,30.5081],[-91.73592,30.50824],[-91.73143,30.51212],[-91.73282,30.52031],[-91.74218,30.53158],[-91.7573,30.56425],[-91.75089,30.60132],[-91.754,30.61743],[-91.741,30.63254],[-91.74643,30.65878],[-91.73149,30.66977],[-91.7362,30.67925],[-91.73367,30.70173],[-91.7519,30.7358],[-91.75794,30.74099],[-91.75522,30.75657],[-91.76776,30.78392],[-91.77744,30.79357],[-91.80729,30.81107],[-91.80787,30.8195],[-91.79846,30.82899],[-91.79945,30.83428],[-91.82307,30.85635],[-91.82167,30.86108],[-91.80432,30.86371],[-91.80199,30.87204],[-91.80018,30.92462],[-91.80506,30.97575],[-91.79756,30.98239],[-91.77977,30.98727],[-91.77257,31.00474],[-91.75412,31.01553],[-91.7238,31.04425],[-91.71967,31.04068],[-91.69801,31.03908],[-91.68421,31.04349],[-91.66311,31.04468],[-91.64925,31.03718],[-91.64377,31.02396],[-91.65656,31.00409],[-91.65817,30.99249],[-91.66314,30.98439],[-91.66251,30.97036],[-91.63694,30.99942],[-90.34732,31.00044],[-90.34681,30.90563],[-90.33433,30.90569],[-90.33409,30.90221],[-90.33001,30.9022],[-90.32999,30.89115],[-90.317,30.89116],[-90.31529,30.87841],[-90.31768,30.87352],[-90.31419,30.86421],[-90.30842,30.85465],[-90.29891,30.84771],[-90.29572,30.83913],[-90.29682,30.83],[-90.29016,30.82214],[-90.29471,30.8128],[-90.29346,30.8066],[-90.2789,30.79453],[-90.28039,30.78685],[-90.27691,30.77833],[-90.26274,30.76613],[-90.2674,30.75174],[-90.26145,30.74961],[-90.26013,30.73834],[-90.25347,30.73542],[-90.25643,30.73277],[-90.25393,30.7217],[-90.25766,30.70575],[-90.25167,30.70078],[-90.25025,30.69529],[-90.2527,30.68912],[-90.25019,30.68034],[-90.25291,30.67521],[-90.25043,30.67113],[-90.25324,30.66435],[-90.2481,30.66043],[-90.25073,30.65257],[-90.24337,30.64477],[-90.24597,30.6432],[-90.24729,30.6278],[-90.25149,30.62353],[-90.25023,30.61334],[-90.24662,30.61087],[-90.24906,30.60501],[-90.24314,30.59606],[-90.2461,30.58872],[-90.24945,30.58772],[-90.24481,30.58017],[-90.24365,30.36158],[-90.19206,30.31078],[-90.18551,30.28818],[-90.16064,30.23434],[-90.29783,30.2939],[-90.32046,30.29898],[-90.33364,30.29523],[-90.35031,30.29683],[-90.37314,30.28346],[-90.38609,30.28688],[-90.42053,30.27984],[-90.48583,30.27699]]]}},{"type":"Feature","properties":{"std_name":"Burlington-Fort Madison, IA-IL CSA","std_geoid":"161","pen":"statisticians","std_note":null,"LSAD":"M0","NAME":"Burlington-Fort Madison, IA-IL"},"geometry":{"type":"Polygon","coordinates":[[[-90.94899,41.07025],[-90.78519,41.06875],[-90.78965,40.63575],[-90.90439,40.6392],[-91.02263,40.63495],[-91.24785,40.63839],[-91.30657,40.62622],[-91.33972,40.61349],[-91.35987,40.6018],[-91.37975,40.57445],[-91.40148,40.55946],[-91.40637,40.55183],[-91.40412,40.53913],[-91.38453,40.53095],[-91.36906,40.51253],[-91.36421,40.50004],[-91.36646,40.47887],[-91.38147,40.44604],[-91.38097,40.43539],[-91.37245,40.41148],[-91.37571,40.39193],[-91.38836,40.38493],[-91.41301,40.38228],[-91.41942,40.37826],[-91.44124,40.38625],[-91.44663,40.37792],[-91.45454,40.37544],[-91.46501,40.37622],[-91.46355,40.38555],[-91.48315,40.38249],[-91.49091,40.39298],[-91.48848,40.40432],[-91.49809,40.40193],[-91.52461,40.41076],[-91.52704,40.41821],[-91.51913,40.43282],[-91.52913,40.43427],[-91.53362,40.43832],[-91.52405,40.44844],[-91.52386,40.45633],[-91.52758,40.45895],[-91.5568,40.4595],[-91.57601,40.46677],[-91.59082,40.49229],[-91.61282,40.50238],[-91.62135,40.51007],[-91.61803,40.53403],[-91.62007,40.54082],[-91.6852,40.55509],[-91.69158,40.56222],[-91.68636,40.58087],[-91.71677,40.59853],[-91.71879,40.81354],[-91.3721,40.81263],[-91.37071,41.07411],[-90.94938,41.07271],[-90.94899,41.07025]]]}},{"type":"Feature","properties":{"std_name":"Ithaca-Cortland, NY CSA","std_geoid":"296","pen":"statisticians","std_note":null,"LSAD":"M0","NAME":"Ithaca-Cortland, NY"},"geometry":{"type":"Polygon","coordinates":[[[-75.89608,42.79096],[-75.86402,42.4157],[-76.01773,42.40906],[-76.02137,42.40901],[-76.02224,42.41276],[-76.29317,42.40657],[-76.29844,42.39577],[-76.29629,42.38962],[-76.29861,42.3817],[-76.26527,42.3753],[-76.24217,42.36372],[-76.23859,42.35674],[-76.23774,42.35112],[-76.24549,42.34186],[-76.24697,42.3291],[-76.25136,42.32496],[-76.25015,42.29668],[-76.28817,42.29676],[-76.28822,42.30823],[-76.35062,42.30844],[-76.35087,42.31829],[-76.41531,42.31837],[-76.4162,42.26298],[-76.47449,42.26376],[-76.47396,42.28113],[-76.69141,42.28431],[-76.69055,42.37322],[-76.68573,42.37511],[-76.69666,42.54679],[-76.58599,42.54991],[-76.61217,42.56287],[-76.62676,42.57387],[-76.65623,42.6048],[-76.66654,42.62346],[-76.61448,42.62523],[-76.61429,42.6221],[-76.45874,42.62742],[-76.45847,42.61861],[-76.26558,42.62359],[-76.27467,42.77126],[-75.89608,42.79096]]]}},{"type":"Feature","properties":{"std_name":"Kennewick-Richland-Walla Walla, WA CSA","std_geoid":"314","pen":"statisticians","std_note":null,"LSAD":"M0","NAME":"Kennewick-Richland-Walla Walla, WA"},"geometry":{"type":"Polygon","coordinates":[[[-117.99697,46.00056],[-118.98726,45.99985],[-119.00865,45.97922],[-119.02721,45.96911],[-119.0615,45.95854],[-119.09329,45.94272],[-119.12632,45.93278],[-119.16919,45.9277],[-119.19552,45.9279],[-119.25707,45.93987],[-119.32257,45.93307],[-119.3645,45.92155],[-119.4504,45.91738],[-119.48808,45.90636],[-119.52452,45.90857],[-119.5716,45.92548],[-119.60067,45.91951],[-119.62363,45.9056],[-119.66997,45.85691],[-119.77285,45.84573],[-119.80271,45.84763],[-119.86831,45.8362],[-119.86559,46.12715],[-119.86654,46.21458],[-119.87356,46.2146],[-119.87422,46.56276],[-119.87672,46.56273],[-119.87434,46.62837],[-119.82243,46.62608],[-119.75097,46.63566],[-119.7101,46.64889],[-119.68112,46.6465],[-119.65704,46.64016],[-119.62771,46.644],[-119.58168,46.66991],[-119.51658,46.72764],[-119.50502,46.72616],[-119.48711,46.71681],[-119.45141,46.68836],[-119.44973,46.68474],[-119.45319,46.67924],[-119.36916,46.67818],[-119.36943,46.7377],[-118.77232,46.73539],[-118.21024,46.73883],[-118.2335,46.73387],[-118.23989,46.73811],[-118.24939,46.73347],[-118.21754,46.67928],[-118.22366,46.67395],[-118.22368,46.66371],[-118.23073,46.65644],[-118.22568,46.64674],[-118.21464,46.63869],[-118.21541,46.6321],[-118.19823,46.62153],[-118.19946,46.60792],[-118.20828,46.60972],[-118.20781,46.60501],[-118.21437,46.59893],[-118.21138,46.59458],[-118.21566,46.58892],[-118.22863,46.59336],[-118.22801,46.56041],[-118.24262,46.55994],[-118.24187,46.29506],[-118.11612,46.29545],[-118.11662,46.20805],[-117.99148,46.2077],[-117.99215,46.03827],[-117.99697,46.00056]]]}},{"type":"Feature","properties":{"std_name":"Florence-Muscle Shoals-Russellville, AL CSA","std_geoid":"250","pen":"statisticians","std_note":null,"LSAD":"M0","NAME":"Florence-Muscle Shoals-Russellville, AL"},"geometry":{"type":"Polygon","coordinates":[[[-87.42651,34.80002],[-87.42885,34.79459],[-87.42615,34.78641],[-87.42856,34.78195],[-87.43368,34.78087],[-87.43151,34.77876],[-87.43439,34.77361],[-87.41941,34.76958],[-87.41593,34.76417],[-87.41778,34.75896],[-87.42799,34.75169],[-87.4225,34.741],[-87.42404,34.73812],[-87.43212,34.73743],[-87.43279,34.73129],[-87.43583,34.72953],[-87.43343,34.71791],[-87.42629,34.70933],[-87.45269,34.69301],[-87.45336,34.68647],[-87.44968,34.68023],[-87.45257,34.67724],[-87.44735,34.67938],[-87.44304,34.67554],[-87.44849,34.66607],[-87.44336,34.6613],[-87.44773,34.65866],[-87.44572,34.65107],[-87.45505,34.65023],[-87.45582,34.64773],[-87.46008,34.64972],[-87.45915,34.6443],[-87.47679,34.65146],[-87.48358,34.64825],[-87.48269,34.6427],[-87.4769,34.63763],[-87.48514,34.63721],[-87.48292,34.6362],[-87.48616,34.63502],[-87.48391,34.62979],[-87.49691,34.62599],[-87.49468,34.62333],[-87.49898,34.62447],[-87.5024,34.61819],[-87.50661,34.61691],[-87.5027,34.6093],[-87.51479,34.59785],[-87.51391,34.59476],[-87.50941,34.59427],[-87.51218,34.58949],[-87.50712,34.58596],[-87.51078,34.57876],[-87.51856,34.57748],[-87.51947,34.5715],[-87.51573,34.56797],[-87.51798,34.56624],[-87.52387,34.57036],[-87.52441,34.56693],[-87.52967,34.56708],[-87.52972,34.3046],[-88.17363,34.32105],[-88.09789,34.8922],[-88.13196,34.90496],[-88.15241,34.91974],[-88.16144,34.93204],[-88.17254,34.9569],[-88.19805,34.99029],[-88.20296,35.00803],[-87.21076,34.99902],[-87.21491,34.81601],[-87.25557,34.78835],[-87.27805,34.77895],[-87.27649,34.77128],[-87.26616,34.76573],[-87.26068,34.75863],[-87.27857,34.75276],[-87.29791,34.75081],[-87.34422,34.79649],[-87.37025,34.80499],[-87.42651,34.80002]]]}},{"type":"Feature","properties":{"std_name":"Fresno-Hanford-Corcoran, CA CSA","std_geoid":"260","pen":"statisticians","std_note":null,"LSAD":"M0","NAME":"Fresno-Hanford-Corcoran, CA"},"geometry":{"type":"Polygon","coordinates":[[[-119.02236,37.58574],[-119.00226,37.57114],[-118.98486,37.56734],[-118.97696,37.55684],[-118.97246,37.55944],[-118.96406,37.55814],[-118.95266,37.56584],[-118.94266,37.56214],[-118.93896,37.55444],[-118.92966,37.54894],[-118.91706,37.55034],[-118.90116,37.53124],[-118.90186,37.52604],[-118.89106,37.52534],[-118.88366,37.52014],[-118.88166,37.51034],[-118.86746,37.50713],[-118.86076,37.50153],[-118.85605,37.47839],[-118.84976,37.47586],[-118.8419,37.48089],[-118.83602,37.48252],[-118.8328,37.48019],[-118.81553,37.48781],[-118.81028,37.48604],[-118.7971,37.48871],[-118.77789,37.46937],[-118.7733,37.45946],[-118.76329,37.45654],[-118.75892,37.44452],[-118.76018,37.43363],[-118.76927,37.42217],[-118.77459,37.42464],[-118.77976,37.42168],[-118.78356,37.41331],[-118.78202,37.40771],[-118.79003,37.39403],[-118.77955,37.38159],[-118.7786,37.37596],[-118.77333,37.37493],[-118.76797,37.36813],[-118.77007,37.36622],[-118.76815,37.36118],[-118.78151,37.35642],[-118.78674,37.34338],[-118.78011,37.33487],[-118.75786,37.32884],[-118.74112,37.31534],[-118.71602,37.32821],[-118.69857,37.30559],[-118.69495,37.30602],[-118.6821,37.28047],[-118.66533,37.26192],[-118.67485,37.24897],[-118.68375,37.24437],[-118.68225,37.23398],[-118.68642,37.22758],[-118.67912,37.21995],[-118.6791,37.21445],[-118.67561,37.21415],[-118.68135,37.20444],[-118.66645,37.1895],[-118.66714,37.18245],[-118.66424,37.17815],[-118.67265,37.16734],[-118.6665,37.16139],[-118.66719,37.15464],[-118.6567,37.14721],[-118.65459,37.14183],[-118.64129,37.13723],[-118.6295,37.13742],[-118.61341,37.14301],[-118.59964,37.13647],[-118.59266,37.13815],[-118.58309,37.1224],[-118.56903,37.1226],[-118.56841,37.1153],[-118.5641,37.11321],[-118.54506,37.11537],[-118.53093,37.11118],[-118.52977,37.10508],[-118.52213,37.09835],[-118.51186,37.09281],[-118.5031,37.09522],[-118.49266,37.08746],[-118.48658,37.07741],[-118.47114,37.07266],[-118.46733,37.06674],[-118.44896,37.06914],[-118.43714,37.05982],[-118.43497,37.04974],[-118.44173,37.04501],[-118.43922,37.039],[-118.4295,37.03394],[-118.42276,37.0258],[-118.42311,37.01694],[-118.42798,37.01123],[-118.41223,36.99833],[-118.41893,36.99484],[-118.41953,36.98743],[-118.41113,36.98293],[-118.40953,36.97523],[-118.40443,36.97203],[-118.40473,36.95754],[-118.39663,36.95734],[-118.38843,36.94553],[-118.38153,36.92593],[-118.36743,36.90703],[-118.36923,36.89843],[-118.36083,36.88773],[-118.36713,36.88143],[-118.37018,36.87169],[-118.36616,36.8689],[-118.36556,36.86228],[-118.36222,36.86136],[-118.36217,36.844],[-118.37149,36.83608],[-118.38976,36.83447],[-118.39372,36.82967],[-118.39113,36.82097],[-118.37403,36.80017],[-118.3728,36.79454],[-118.38023,36.78223],[-118.37203,36.76703],[-118.37473,36.76413],[-118.36923,36.75003],[-118.36059,36.74477],[-118.55549,36.74475],[-118.55503,36.73914],[-118.98244,36.74165],[-118.98478,36.65715],[-119.30463,36.66061],[-119.3051,36.57373],[-119.46632,36.57524],[-119.54628,36.5091],[-119.55685,36.50338],[-119.57319,36.48884],[-119.52719,36.48889],[-119.52879,36.40147],[-119.47489,36.40095],[-119.47461,36.26902],[-119.52936,36.26985],[-119.52914,36.13791],[-119.53638,36.13789],[-119.53812,35.7899],[-120.21398,35.78928],[-120.21655,35.80364],[-120.21943,35.80602],[-120.21991,35.81891],[-120.23892,35.82575],[-120.24453,35.82399],[-120.25509,35.84258],[-120.2593,35.84505],[-120.25626,35.85542],[-120.24025,35.86593],[-120.24521,35.87312],[-120.24327,35.87767],[-120.27576,35.90588],[-120.32292,35.90782],[-120.32599,35.91313],[-120.33229,35.91552],[-120.33671,35.92365],[-120.33596,35.9372],[-120.34583,35.94485],[-120.35651,35.94806],[-120.35753,35.95555],[-120.36249,35.95941],[-120.3604,35.96442],[-120.39401,35.96787],[-120.40854,35.97596],[-120.43436,35.96944],[-120.43817,35.97776],[-120.44909,35.98511],[-120.4497,35.98843],[-120.46861,35.99435],[-120.47739,36.00082],[-120.48045,36.00593],[-120.4793,36.01067],[-120.48622,36.01118],[-120.50045,36.02223],[-120.50486,36.02036],[-120.50839,36.02419],[-120.51094,36.02207],[-120.51757,36.02754],[-120.52001,36.02088],[-120.5298,36.02428],[-120.52699,36.03571],[-120.54041,36.03666],[-120.54541,36.04612],[-120.56665,36.05293],[-120.58787,36.06663],[-120.59609,36.07822],[-120.59317,36.08853],[-120.5898,36.0896],[-120.59937,36.10088],[-120.60802,36.1027],[-120.61425,36.09507],[-120.62668,36.09714],[-120.6336,36.10332],[-120.6419,36.10127],[-120.64611,36.10475],[-120.64878,36.10799],[-120.64542,36.1162],[-120.6532,36.11881],[-120.65252,36.12518],[-120.65646,36.13259],[-120.66755,36.13806],[-120.66426,36.14136],[-120.6647,36.14727],[-120.66799,36.16057],[-120.67203,36.16427],[-120.66425,36.16565],[-120.66306,36.17116],[-120.64994,36.16801],[-120.65198,36.17409],[-120.64885,36.17942],[-120.64473,36.17915],[-120.63921,36.19647],[-120.62691,36.20323],[-120.64099,36.21981],[-120.64926,36.22395],[-120.65169,36.23066],[-120.66692,36.236],[-120.67974,36.24667],[-120.68147,36.25198],[-120.67296,36.25768],[-120.68042,36.26706],[-120.67535,36.27052],[-120.67619,36.27684],[-120.67262,36.28049],[-120.68288,36.2868],[-120.68045,36.29068],[-120.68283,36.29426],[-120.65881,36.31623],[-120.61791,36.31882],[-120.6127,36.32085],[-120.61251,36.32437],[-120.60488,36.32411],[-120.59656,36.32849],[-120.59716,36.48824],[-120.60371,36.48824],[-120.91873,36.74038],[-120.65595,36.95283],[-120.59057,36.95264],[-120.59048,36.98164],[-120.58599,36.98532],[-120.58524,36.99059],[-120.59856,36.99863],[-120.47669,37.09639],[-120.46978,37.09434],[-120.42136,37.10966],[-120.40678,37.11085],[-120.40284,37.11671],[-120.38489,37.12459],[-120.36346,37.1197],[-120.3412,37.1246],[-120.32833,37.13109],[-120.32454,37.13638],[-120.30376,37.14109],[-120.28977,37.15263],[-120.27625,37.15173],[-120.24388,37.15701],[-120.22297,37.16397],[-120.19479,37.16315],[-120.18759,37.16025],[-120.17649,37.16226],[-120.17413,37.16593],[-120.16458,37.1627],[-120.13281,37.16736],[-120.11509,37.16566],[-120.05882,37.18001],[-119.76181,37.41711],[-119.65119,37.41783],[-119.65117,37.46135],[-119.61549,37.46152],[-119.61515,37.49468],[-119.58422,37.4947],[-119.58358,37.56034],[-119.30899,37.77799],[-119.29338,37.76793],[-119.29408,37.75973],[-119.28908,37.75503],[-119.28838,37.74503],[-119.26938,37.73963],[-119.26118,37.73273],[-119.25788,37.72463],[-119.25098,37.73016],[-119.24304,37.72855],[-119.23063,37.72095],[-119.22999,37.71741],[-119.22219,37.71505],[-119.21633,37.71412],[-119.19911,37.73627],[-119.1857,37.73667],[-119.18374,37.7395],[-119.1771,37.73478],[-119.16907,37.73836],[-119.14959,37.73289],[-119.14077,37.73325],[-119.13803,37.73613],[-119.12755,37.73468],[-119.11445,37.72819],[-119.09313,37.70363],[-119.07335,37.69289],[-119.06517,37.68456],[-119.05955,37.66538],[-119.0614,37.65783],[-119.05433,37.65118],[-119.05462,37.64514],[-119.03257,37.63054],[-119.03078,37.62223],[-119.03436,37.60354],[-119.02236,37.58574]]]}},{"type":"Feature","properties":{"std_name":"Gainesville-Lake City, FL CSA","std_geoid":"264","pen":"statisticians","std_note":null,"LSAD":"M0","NAME":"Gainesville-Lake City, FL"},"geometry":{"type":"Polygon","coordinates":[[[-82.72862,30.52574],[-82.72691,30.53102],[-82.71435,30.53219],[-82.71663,30.54137],[-82.72254,30.54795],[-82.72088,30.55402],[-82.72682,30.55781],[-82.7228,30.56077],[-82.72467,30.56431],[-82.7185,30.56315],[-82.71494,30.56757],[-82.71801,30.56719],[-82.71703,30.56965],[-82.70617,30.57475],[-82.70345,30.58156],[-82.70666,30.58432],[-82.69612,30.59163],[-82.69635,30.59626],[-82.45979,30.58427],[-82.45707,30.44276],[-82.45856,30.14389],[-82.45826,30.12899],[-82.45258,30.12207],[-82.45821,30.10227],[-82.48962,30.08977],[-82.49904,30.08882],[-82.51902,30.07601],[-82.53569,30.05452],[-82.53978,30.03587],[-82.53431,30.03092],[-82.53644,30.0254],[-82.57305,30.01078],[-82.57176,30.00058],[-82.57614,29.99116],[-82.57372,29.98376],[-82.56928,29.97498],[-82.55671,29.96876],[-82.55492,29.96368],[-82.54082,29.96301],[-82.5333,29.95836],[-82.52971,29.94088],[-82.52534,29.94505],[-82.51064,29.94522],[-82.49899,29.93888],[-82.48438,29.93972],[-82.48428,29.93673],[-82.47757,29.93489],[-82.46981,29.92573],[-82.46128,29.93162],[-82.45212,29.92566],[-82.44738,29.93194],[-82.43374,29.92955],[-82.4224,29.91992],[-82.41891,29.92306],[-82.41279,29.92224],[-82.40548,29.91142],[-82.40446,29.89575],[-82.39752,29.88607],[-82.375,29.87943],[-82.36283,29.8815],[-82.35823,29.87733],[-82.33496,29.87871],[-82.32342,29.86739],[-82.31418,29.8676],[-82.31391,29.85996],[-82.3052,29.85992],[-82.30503,29.85317],[-82.29576,29.85244],[-82.28184,29.84445],[-82.27256,29.84301],[-82.2654,29.84744],[-82.24245,29.85246],[-82.23366,29.84898],[-82.23351,29.8453],[-82.2084,29.84395],[-82.19194,29.84842],[-82.17513,29.83734],[-82.1647,29.83956],[-82.13313,29.83595],[-82.12993,29.82368],[-82.12392,29.82369],[-82.12405,29.80529],[-82.1176,29.79819],[-82.11755,29.79059],[-82.10889,29.79071],[-82.10912,29.78308],[-82.09341,29.78179],[-82.09354,29.77916],[-82.07935,29.77601],[-82.0807,29.76573],[-82.08815,29.76093],[-82.07314,29.76036],[-82.05807,29.74806],[-82.05453,29.73756],[-82.05547,29.71721],[-82.04905,29.71337],[-82.05607,29.65685],[-82.05564,29.44185],[-82.06302,29.43937],[-82.06715,29.4438],[-82.07129,29.44327],[-82.07052,29.43424],[-82.08094,29.44039],[-82.08893,29.4329],[-82.08605,29.43111],[-82.08827,29.42933],[-82.08653,29.42666],[-82.09006,29.43076],[-82.09454,29.43035],[-82.09563,29.4205],[-82.09989,29.41866],[-82.09566,29.4301],[-82.10259,29.43839],[-82.11761,29.43203],[-82.11932,29.42825],[-82.13498,29.435],[-82.1453,29.42346],[-82.14034,29.42008],[-82.14862,29.41706],[-82.15097,29.42678],[-82.15321,29.42234],[-82.15544,29.42609],[-82.15692,29.42237],[-82.16757,29.4272],[-82.16727,29.42456],[-82.17326,29.42426],[-82.17593,29.42057],[-82.19339,29.42087],[-82.21333,29.43191],[-82.21157,29.4495],[-82.21778,29.45621],[-82.21273,29.46562],[-82.20418,29.46057],[-82.19346,29.46144],[-82.19926,29.45656],[-82.19204,29.45234],[-82.18812,29.45691],[-82.19095,29.45956],[-82.1881,29.46046],[-82.20116,29.46746],[-82.20341,29.47212],[-82.20637,29.47225],[-82.20534,29.46705],[-82.20804,29.46659],[-82.2083,29.47078],[-82.212,29.47193],[-82.21009,29.47382],[-82.21481,29.47731],[-82.21086,29.47989],[-82.21145,29.48407],[-82.40662,29.48505],[-82.40324,29.21562],[-82.53486,29.21468],[-82.53559,29.04485],[-82.54582,29.04179],[-82.55602,29.03386],[-82.56413,29.03582],[-82.57697,29.02807],[-82.596,29.02957],[-82.60168,29.02129],[-82.60133,29.0146],[-82.60747,29.01044],[-82.62824,29.01359],[-82.64049,29.02147],[-82.67518,29.02608],[-82.67709,29.03056],[-82.68981,29.03396],[-82.71664,29.02816],[-82.72768,29.01509],[-82.74101,29.01207],[-82.74232,29.00802],[-82.75542,29.00186],[-82.75475,28.9975],[-82.76157,28.99209],[-83.18791,28.98657],[-83.22056,29.01949],[-83.25374,29.0765],[-83.26386,29.11445],[-83.26208,29.15572],[-83.29198,29.17293],[-83.31523,29.19313],[-83.33311,29.21594],[-83.34618,29.24187],[-83.16482,29.28916],[-83.15806,29.30224],[-83.14803,29.30777],[-83.14203,29.32259],[-83.11295,29.31814],[-83.11189,29.32468],[-83.10452,29.32544],[-83.0988,29.33686],[-83.09249,29.33225],[-83.0822,29.33986],[-83.06852,29.34395],[-83.06053,29.34946],[-83.06141,29.35268],[-83.07205,29.35386],[-83.06225,29.36423],[-83.0656,29.37266],[-83.05686,29.37834],[-83.04539,29.38068],[-83.03386,29.39055],[-83.03296,29.39795],[-83.0239,29.39773],[-83.02562,29.4079],[-83.02177,29.4131],[-83.02688,29.41895],[-83.01795,29.41863],[-83.01583,29.42141],[-83.02118,29.4312],[-83.01281,29.43977],[-83.01284,29.4459],[-83.00199,29.45653],[-83.00051,29.46265],[-82.98994,29.46335],[-82.9845,29.46991],[-82.9868,29.47654],[-82.98186,29.48542],[-82.98431,29.49632],[-82.98288,29.51544],[-82.97945,29.51842],[-82.97268,29.51727],[-82.9694,29.52231],[-82.97856,29.53187],[-82.97735,29.53989],[-82.95936,29.55325],[-82.9479,29.55753],[-82.94446,29.5823],[-82.9371,29.58826],[-82.93793,29.59235],[-82.94181,29.59322],[-82.94883,29.58542],[-82.95549,29.58611],[-82.96243,29.60191],[-82.97216,29.60897],[-82.9677,29.61655],[-82.97305,29.62428],[-82.95635,29.63957],[-82.95755,29.65535],[-82.95182,29.65981],[-82.95922,29.67047],[-82.95436,29.67667],[-82.95941,29.68432],[-82.95738,29.7005],[-82.95205,29.70397],[-82.94534,29.69994],[-82.93697,29.70323],[-82.9433,29.7049],[-82.94746,29.71219],[-82.95659,29.71872],[-82.9538,29.72245],[-82.94644,29.71498],[-82.94376,29.71575],[-82.94328,29.72182],[-82.94989,29.72557],[-82.93841,29.74755],[-82.94037,29.75356],[-82.94971,29.75441],[-82.94762,29.76611],[-82.94123,29.77284],[-82.93678,29.78466],[-82.91971,29.79624],[-82.93342,29.80145],[-82.93536,29.80945],[-82.92383,29.82337],[-82.91076,29.82083],[-82.89287,29.82746],[-82.8884,29.85011],[-82.87562,29.86653],[-82.8753,29.88072],[-82.87934,29.88824],[-82.87451,29.89073],[-82.87172,29.89845],[-82.86677,29.89876],[-82.86327,29.91105],[-82.85161,29.91388],[-82.84192,29.91189],[-82.83943,29.91456],[-82.83147,29.91281],[-82.81442,29.92983],[-82.80851,29.93308],[-82.80048,29.93213],[-82.79145,29.94211],[-82.78576,29.95488],[-82.76221,29.96438],[-82.75858,29.97571],[-82.76041,29.98621],[-82.79398,29.9862],[-82.79459,30.33702],[-82.7921,30.33585],[-82.793,30.32692],[-82.789,30.32777],[-82.78824,30.32391],[-82.77743,30.32329],[-82.76323,30.33091],[-82.75959,30.32816],[-82.76075,30.32426],[-82.74541,30.31737],[-82.73643,30.32845],[-82.72415,30.33385],[-82.72482,30.32829],[-82.71637,30.32126],[-82.70431,30.33203],[-82.69212,30.33244],[-82.68396,30.33815],[-82.68147,30.3432],[-82.68687,30.35369],[-82.6747,30.36453],[-82.66253,30.3699],[-82.66564,30.37852],[-82.65921,30.38268],[-82.65826,30.39103],[-82.64995,30.39191],[-82.647,30.3953],[-82.64548,30.40717],[-82.64983,30.40977],[-82.65153,30.41561],[-82.64918,30.41823],[-82.6539,30.42201],[-82.65258,30.42911],[-82.65922,30.44088],[-82.66199,30.43901],[-82.6729,30.44811],[-82.66854,30.44678],[-82.66695,30.45109],[-82.66257,30.44871],[-82.66254,30.45097],[-82.67126,30.45338],[-82.68021,30.46101],[-82.6808,30.46459],[-82.67553,30.46526],[-82.67742,30.47201],[-82.68882,30.47207],[-82.70158,30.47741],[-82.69956,30.47968],[-82.7024,30.48346],[-82.69678,30.48452],[-82.69675,30.48962],[-82.70623,30.4925],[-82.70841,30.49843],[-82.7062,30.5045],[-82.71578,30.50589],[-82.7184,30.52102],[-82.7236,30.51745],[-82.72862,30.52574]]]}},{"type":"Feature","properties":{"std_name":"Greenville-Washington, NC CSA","std_geoid":"274","pen":"statisticians","std_note":null,"LSAD":"M0","NAME":"Greenville-Washington, NC"},"geometry":{"type":"Polygon","coordinates":[[[-77.70066,35.65232],[-77.51626,35.76133],[-77.47229,35.80109],[-77.45229,35.7999],[-77.44534,35.80891],[-77.4247,35.80566],[-77.4179,35.81121],[-77.4125,35.8251],[-77.39711,35.82519],[-77.39015,35.83306],[-77.2552,35.78635],[-77.25528,35.78301],[-77.26482,35.77438],[-77.25979,35.76522],[-77.24598,35.76051],[-77.21501,35.75979],[-77.2014,35.75221],[-77.20262,35.74648],[-77.19215,35.74704],[-77.1916,35.74405],[-77.17901,35.73965],[-77.174,35.73283],[-77.16384,35.73947],[-77.15676,35.73681],[-76.98584,35.65885],[-76.84726,35.71998],[-76.84462,35.70572],[-76.63751,35.70522],[-76.60185,35.66991],[-76.60031,35.66396],[-76.60619,35.64694],[-76.58819,35.62065],[-76.56393,35.60108],[-76.55487,35.60023],[-76.55106,35.59663],[-76.54229,35.5992],[-76.53431,35.59559],[-76.53254,35.59312],[-76.53955,35.58591],[-76.53875,35.58277],[-76.53204,35.5809],[-76.52505,35.58532],[-76.51911,35.58483],[-76.51927,35.57908],[-76.51367,35.57615],[-76.50602,35.58101],[-76.50075,35.57939],[-76.50297,35.57561],[-76.50047,35.57079],[-76.48984,35.57191],[-76.46819,35.55732],[-76.46778,35.55093],[-76.47857,35.531],[-76.49119,35.52086],[-76.52446,35.5187],[-76.58668,35.52325],[-76.60273,35.51629],[-76.60222,35.49904],[-76.57946,35.4852],[-76.58508,35.45736],[-76.58404,35.44914],[-76.56298,35.42438],[-76.55856,35.40366],[-76.53894,35.38038],[-76.52213,35.35362],[-76.5905,35.36186],[-76.60423,35.33822],[-76.61703,35.33087],[-76.61624,35.31468],[-76.61936,35.30228],[-76.61217,35.27941],[-76.61377,35.27094],[-76.63256,35.23532],[-76.84551,35.21606],[-76.95889,35.30101],[-77.18912,35.41836],[-77.20156,35.39866],[-77.21122,35.39818],[-77.22006,35.40204],[-77.22713,35.39984],[-77.22711,35.3932],[-77.2346,35.39109],[-77.23965,35.38136],[-77.23681,35.37179],[-77.23794,35.36154],[-77.2479,35.35442],[-77.25942,35.35159],[-77.26656,35.35387],[-77.27035,35.36012],[-77.26929,35.36915],[-77.27938,35.37566],[-77.29434,35.37914],[-77.35294,35.32742],[-77.36476,35.33303],[-77.38258,35.33435],[-77.39103,35.33953],[-77.39314,35.34685],[-77.40131,35.34809],[-77.40807,35.35335],[-77.42591,35.34935],[-77.42714,35.3599],[-77.43177,35.36727],[-77.44041,35.36702],[-77.44847,35.37202],[-77.44509,35.38049],[-77.45503,35.38553],[-77.44857,35.39289],[-77.45821,35.39414],[-77.45611,35.39556],[-77.46297,35.39886],[-77.46079,35.40065],[-77.4705,35.40936],[-77.47003,35.42083],[-77.4769,35.43062],[-77.47441,35.43965],[-77.47956,35.43931],[-77.47668,35.44532],[-77.4844,35.44524],[-77.48048,35.45146],[-77.48541,35.45274],[-77.48412,35.45785],[-77.49346,35.46232],[-77.49032,35.46812],[-77.49412,35.47742],[-77.50273,35.48584],[-77.50202,35.49159],[-77.51159,35.49703],[-77.5059,35.50485],[-77.51132,35.50819],[-77.50581,35.51023],[-77.50341,35.51797],[-77.52237,35.51776],[-77.52529,35.51966],[-77.52238,35.52381],[-77.52517,35.52834],[-77.54119,35.53306],[-77.5578,35.53191],[-77.57083,35.54884],[-77.58148,35.55364],[-77.59137,35.5632],[-77.61037,35.56755],[-77.6215,35.58213],[-77.62882,35.58597],[-77.66244,35.61925],[-77.67363,35.62324],[-77.68162,35.63076],[-77.68044,35.63872],[-77.68828,35.64894],[-77.70066,35.65232]]]}},{"type":"Feature","properties":{"std_name":"Harrisburg-York-Lebanon, PA CSA","std_geoid":"276","pen":"statisticians","std_note":null,"LSAD":"M0","NAME":"Harrisburg-York-Lebanon, PA"},"geometry":{"type":"Polygon","coordinates":[[[-76.43541,40.23822],[-76.57026,40.19456],[-76.58071,40.19469],[-76.586,40.18954],[-76.60786,40.18949],[-76.61595,40.18061],[-76.62626,40.17826],[-76.63841,40.16674],[-76.66621,40.16321],[-76.67721,40.14889],[-76.68315,40.15179],[-76.69013,40.14811],[-76.69097,40.15667],[-76.69735,40.15664],[-76.69558,40.15156],[-76.69933,40.1453],[-76.70455,40.14409],[-76.70986,40.13764],[-76.70663,40.13507],[-76.71591,40.13148],[-76.72162,40.12007],[-76.69316,40.09876],[-76.6755,40.0736],[-76.66383,40.06323],[-76.57314,40.04582],[-76.53396,40.05098],[-76.52981,40.0311],[-76.50061,40.00062],[-76.49535,39.97613],[-76.47773,39.94984],[-76.47775,39.95197],[-76.4686,39.94356],[-76.44734,39.9335],[-76.39045,39.91175],[-76.37964,39.8882],[-76.38172,39.87887],[-76.37766,39.86666],[-76.35211,39.84903],[-76.3505,39.83767],[-76.3334,39.81775],[-76.3157,39.81004],[-76.29018,39.78501],[-76.2774,39.77769],[-76.26748,39.75936],[-76.24225,39.73287],[-76.23981,39.72134],[-77.45913,39.71998],[-77.47109,39.94408],[-77.45411,39.97243],[-77.46165,39.97683],[-77.47439,39.99194],[-77.48002,39.99231],[-77.4954,40.00514],[-77.50921,40.02493],[-77.50782,40.02897],[-77.51937,40.03934],[-77.51717,40.04445],[-77.53251,40.04874],[-77.53226,40.06717],[-77.53565,40.07066],[-77.54197,40.06988],[-77.54028,40.07677],[-77.54573,40.0783],[-77.54099,40.08057],[-77.54693,40.08631],[-77.54301,40.08967],[-77.55013,40.09103],[-77.55388,40.09588],[-77.56048,40.0943],[-77.56159,40.09833],[-77.55791,40.1031],[-77.56464,40.12173],[-77.5822,40.13433],[-77.59284,40.13524],[-77.59326,40.14229],[-77.60864,40.15313],[-77.61364,40.17016],[-77.62755,40.18867],[-77.60502,40.20551],[-77.60272,40.2282],[-77.60917,40.23275],[-77.61617,40.23262],[-77.64283,40.21814],[-77.64339,40.22317],[-77.64764,40.22248],[-77.65016,40.22754],[-77.6454,40.23893],[-77.64999,40.24796],[-77.64509,40.25514],[-77.65276,40.25753],[-77.66771,40.252],[-77.67092,40.25862],[-77.65642,40.27039],[-77.67176,40.28983],[-77.63975,40.31983],[-77.59942,40.34816],[-77.56566,40.36736],[-77.53226,40.37601],[-77.54014,40.39922],[-77.51592,40.41238],[-77.28959,40.51846],[-77.19846,40.55229],[-77.16756,40.55951],[-77.18279,40.58221],[-77.10679,40.59279],[-77.10153,40.59623],[-77.0233,40.60426],[-76.95608,40.62794],[-76.94915,40.62817],[-76.93696,40.61284],[-76.91867,40.60347],[-76.92066,40.61001],[-76.89077,40.6101],[-76.8914,40.61496],[-76.88682,40.61771],[-76.87228,40.61639],[-76.86436,40.62756],[-76.8401,40.62544],[-76.83316,40.6276],[-76.8274,40.63395],[-76.81114,40.63382],[-76.80952,40.64272],[-76.80487,40.64684],[-76.79039,40.64078],[-76.77828,40.64599],[-76.75623,40.64809],[-76.74525,40.65462],[-76.72203,40.6534],[-76.71357,40.6596],[-76.70392,40.65537],[-76.70162,40.65808],[-76.69189,40.6523],[-76.23192,40.36629],[-76.20553,40.36066],[-76.15121,40.31597],[-76.30758,40.25507],[-76.43541,40.23822]]]}},{"type":"Feature","properties":{"std_name":"Hattiesburg-Laurel, MS CSA","std_geoid":"279","pen":"statisticians","std_note":null,"LSAD":"M0","NAME":"Hattiesburg-Laurel, MS"},"geometry":{"type":"Polygon","coordinates":[[[-88.94335,31.82456],[-88.94347,31.43346],[-88.84171,31.4337],[-88.84093,30.99841],[-88.83434,30.99798],[-88.83447,30.91032],[-89.34081,30.90991],[-89.3407,31.00103],[-89.34897,31.00104],[-89.34895,31.01037],[-89.42481,31.01011],[-89.42534,30.98245],[-89.47602,30.9829],[-89.47594,31.00136],[-89.5014,31.00146],[-89.50134,31.01603],[-89.55203,31.01596],[-89.55185,31.00192],[-89.65404,31.0025],[-89.65421,31.4338],[-89.39918,31.43403],[-89.40123,31.79686],[-89.31656,31.80209],[-89.31709,31.8743],[-89.32075,31.87434],[-89.32109,31.88156],[-89.32269,32.22347],[-88.91385,32.22419],[-88.91046,31.82665],[-88.94335,31.82456]]]}},{"type":"Feature","properties":{"std_name":"Huntsville-Decatur-Albertville, AL-TN CSA","std_geoid":"290","pen":"statisticians","std_note":null,"LSAD":"M0","NAME":"Huntsville-Decatur-Albertville, AL-TN"},"geometry":{"type":"Polygon","coordinates":[[[-85.67528,34.3434],[-85.77416,34.25909],[-85.80904,34.25892],[-85.80842,34.23938],[-85.82101,34.23907],[-85.8438,34.24459],[-85.84362,34.20001],[-86.10609,34.20076],[-86.10561,34.18623],[-86.16716,34.18747],[-86.17466,34.18271],[-86.18815,34.18368],[-86.30352,34.09907],[-86.40902,34.205],[-86.44507,34.24954],[-86.44413,34.25912],[-86.45302,34.25932],[-86.45285,34.26326],[-86.45628,34.26337],[-86.45111,34.27454],[-86.45965,34.27456],[-86.45945,34.28915],[-86.47701,34.28936],[-86.47752,34.30276],[-87.11011,34.3138],[-87.10991,34.2993],[-87.30249,34.2994],[-87.52972,34.3046],[-87.52986,34.56592],[-87.52441,34.56693],[-87.52387,34.57036],[-87.51798,34.56624],[-87.51573,34.56797],[-87.51947,34.5715],[-87.51856,34.57748],[-87.51078,34.57876],[-87.50712,34.58596],[-87.51218,34.58949],[-87.50941,34.59427],[-87.51391,34.59476],[-87.51479,34.59785],[-87.5027,34.6093],[-87.50661,34.61691],[-87.5024,34.61819],[-87.49898,34.62447],[-87.49468,34.62333],[-87.49691,34.62599],[-87.48391,34.62979],[-87.48616,34.63502],[-87.48292,34.6362],[-87.48514,34.63721],[-87.4769,34.63763],[-87.48269,34.6427],[-87.48358,34.64825],[-87.47679,34.65146],[-87.45915,34.6443],[-87.46008,34.64972],[-87.45582,34.64773],[-87.45505,34.65023],[-87.44572,34.65107],[-87.44773,34.65866],[-87.44336,34.6613],[-87.44849,34.66607],[-87.44304,34.67554],[-87.44735,34.67938],[-87.45257,34.67724],[-87.44968,34.68023],[-87.45336,34.68647],[-87.45269,34.69301],[-87.42629,34.70933],[-87.43343,34.71791],[-87.43583,34.72953],[-87.43279,34.73129],[-87.43212,34.73743],[-87.42404,34.73812],[-87.4225,34.741],[-87.42799,34.75169],[-87.41778,34.75896],[-87.41593,34.76417],[-87.41941,34.76958],[-87.43439,34.77361],[-87.43151,34.77876],[-87.43368,34.78087],[-87.42856,34.78195],[-87.42615,34.78641],[-87.42885,34.79459],[-87.42651,34.80002],[-87.37025,34.80499],[-87.34422,34.79649],[-87.29791,34.75081],[-87.27857,34.75276],[-87.26068,34.75863],[-87.26616,34.76573],[-87.27649,34.77128],[-87.27805,34.77895],[-87.25557,34.78835],[-87.21491,34.81601],[-87.21076,34.99902],[-86.83631,34.9919],[-86.8283,35.26368],[-86.7469,35.25288],[-86.72389,35.27642],[-86.698,35.29528],[-86.67987,35.30429],[-86.67967,35.30954],[-86.673,35.31038],[-86.6732,35.30768],[-86.655,35.31498],[-86.6552,35.31138],[-86.65,35.30978],[-86.6412,35.31968],[-86.60261,35.32701],[-86.60598,35.34257],[-86.59948,35.36495],[-86.58288,35.37098],[-86.56235,35.36582],[-86.55237,35.35987],[-86.54339,35.36313],[-86.53292,35.35165],[-86.53003,35.35562],[-86.52525,35.35527],[-86.52609,35.35022],[-86.53948,35.33543],[-86.53129,35.32464],[-86.52728,35.31154],[-86.51529,35.31058],[-86.46126,35.29277],[-86.4611,35.2846],[-86.45249,35.28438],[-86.44459,35.27978],[-86.44559,35.27518],[-86.43684,35.27516],[-86.43538,35.27106],[-86.438,35.26727],[-86.43439,35.26418],[-86.426,35.26559],[-86.4261,35.25949],[-86.42059,35.25968],[-86.42049,35.25748],[-86.41702,35.25778],[-86.41879,35.26028],[-86.41099,35.25948],[-86.41169,35.25178],[-86.42049,35.25388],[-86.42079,35.24908],[-86.41397,35.24853],[-86.4127,35.24535],[-86.41978,35.24369],[-86.41967,35.24023],[-86.42387,35.2411],[-86.42378,35.23729],[-86.41882,35.23718],[-86.41524,35.22633],[-86.40851,35.22845],[-86.41086,35.23472],[-86.40854,35.23801],[-86.39219,35.23538],[-86.39219,35.22843],[-86.37889,35.20458],[-86.37959,35.19718],[-86.36849,35.17158],[-86.37129,35.16968],[-86.3683,35.12704],[-86.36014,35.12312],[-86.35514,35.13099],[-86.35637,35.14057],[-86.35076,35.14663],[-86.34464,35.12942],[-86.3372,35.12889],[-86.32869,35.1224],[-86.31817,35.12699],[-86.32029,35.03279],[-86.31876,34.99117],[-86.31127,34.9911],[-86.3088,34.9849],[-86.31301,34.97585],[-86.30689,34.97529],[-86.29518,34.96716],[-86.28937,34.96863],[-86.28705,34.95774],[-86.25919,34.94537],[-86.25577,34.92923],[-86.26452,34.92252],[-86.27297,34.92473],[-86.28009,34.93925],[-86.28856,34.93962],[-86.29326,34.94505],[-86.31104,34.9347],[-86.31576,34.93787],[-86.31782,34.93555],[-86.32624,34.9371],[-86.32236,34.92583],[-86.31572,34.9225],[-86.31139,34.91195],[-86.31882,34.90213],[-86.32943,34.9014],[-86.3416,34.89477],[-86.33984,34.885],[-86.3513,34.87366],[-86.3452,34.86761],[-86.34697,34.85769],[-86.3349,34.84789],[-86.33832,34.83585],[-86.32649,34.83026],[-86.3351,34.82319],[-86.33602,34.81864],[-86.3434,34.81723],[-86.34481,34.81256],[-86.3461,34.80427],[-86.34131,34.80055],[-86.33993,34.79434],[-86.33496,34.79348],[-86.33401,34.78838],[-86.33816,34.78732],[-86.34175,34.78086],[-86.34195,34.77178],[-86.33785,34.76304],[-86.34225,34.74431],[-86.35812,34.73503],[-86.35903,34.63261],[-86.32581,34.60961],[-86.33161,34.60541],[-86.32685,34.5994],[-86.14846,34.59907],[-86.14943,34.54975],[-86.15508,34.5502],[-86.14326,34.54117],[-86.14413,34.53426],[-86.14981,34.53363],[-86.13985,34.5333],[-86.14776,34.5209],[-86.14274,34.52139],[-86.12772,34.53385],[-86.11957,34.52447],[-86.11374,34.52936],[-86.10977,34.52858],[-86.10904,34.51989],[-86.09785,34.5217],[-86.09488,34.51963],[-86.09995,34.51535],[-86.09844,34.51564],[-86.09567,34.51348],[-86.10464,34.50686],[-86.09986,34.50422],[-86.0981,34.49924],[-86.10021,34.4972],[-86.09569,34.48796],[-86.08773,34.48178],[-86.08982,34.46921],[-86.08763,34.46656],[-86.08276,34.46447],[-86.07436,34.4667],[-86.05761,34.47601],[-86.03944,34.47693],[-86.03485,34.47342],[-86.02602,34.4755],[-86.02139,34.48174],[-86.00384,34.48003],[-85.98425,34.48652],[-85.98419,34.49094],[-85.97554,34.49193],[-85.96118,34.50059],[-85.93854,34.52535],[-85.78547,34.62458],[-85.69304,34.74425],[-85.67338,34.74491],[-85.6602,34.75496],[-85.63447,34.79808],[-85.63416,34.81296],[-85.62689,34.83212],[-85.6179,34.83397],[-85.60097,34.84696],[-85.60216,34.85136],[-85.58315,34.86037],[-85.51361,34.52383],[-85.52366,34.52476],[-85.5258,34.5211],[-85.52295,34.51684],[-85.53416,34.51364],[-85.5444,34.50008],[-85.55195,34.50333],[-85.55917,34.50239],[-85.56,34.49025],[-85.56755,34.49014],[-85.57679,34.48444],[-85.57101,34.47761],[-85.57023,34.46859],[-85.57189,34.46653],[-85.57656,34.47033],[-85.58113,34.46907],[-85.57822,34.46153],[-85.58392,34.45796],[-85.57966,34.43971],[-85.5838,34.43259],[-85.59054,34.42908],[-85.58944,34.4242],[-85.60068,34.42093],[-85.59916,34.41575],[-85.61109,34.40624],[-85.61551,34.39387],[-85.62729,34.39714],[-85.62017,34.38716],[-85.62993,34.38086],[-85.62863,34.37294],[-85.63665,34.36662],[-85.64548,34.36949],[-85.6478,34.36399],[-85.66415,34.36194],[-85.67645,34.34737],[-85.67528,34.3434]],[[-86.14981,34.53363],[-86.15423,34.53378],[-86.15427,34.53005],[-86.14979,34.53015],[-86.14981,34.53363]]]}},{"type":"Feature","properties":{"std_name":"Idaho Falls-Rexburg-Blackfoot, ID CSA","std_geoid":"292","pen":"statisticians","std_note":null,"LSAD":"M0","NAME":"Idaho Falls-Rexburg-Blackfoot, ID"},"geometry":{"type":"Polygon","coordinates":[[[-111.39878,43.92289],[-111.39977,43.62198],[-111.24384,43.62185],[-111.22608,43.60638],[-111.2275,43.59998],[-111.22316,43.59664],[-111.22635,43.59013],[-111.21524,43.57383],[-111.21797,43.56873],[-111.21478,43.56114],[-111.21814,43.55833],[-111.20856,43.54955],[-111.20756,43.54386],[-111.19039,43.53975],[-111.17653,43.54197],[-111.17197,43.54704],[-111.15263,43.5421],[-111.1435,43.54666],[-111.12609,43.53194],[-111.1039,43.52382],[-111.08652,43.52137],[-111.07321,43.52739],[-111.06778,43.52614],[-111.0618,43.51995],[-111.05583,43.5195],[-111.05901,43.51074],[-111.04547,43.50105],[-111.04407,43.01941],[-112.55571,43.02234],[-112.65655,43.02194],[-112.66563,43.01553],[-112.6683,43.01983],[-112.67615,43.02201],[-112.68223,43.01873],[-112.68041,43.01227],[-112.68626,43.00763],[-112.69482,43.00811],[-112.69151,43.00299],[-112.69318,42.99974],[-112.69835,42.99591],[-112.7045,42.99766],[-112.70675,42.99068],[-112.73034,42.9925],[-112.74157,42.98886],[-112.7419,42.98127],[-112.73421,42.97548],[-112.75107,42.96338],[-112.74978,42.95267],[-112.76613,42.93431],[-112.76121,42.92361],[-112.7792,42.91383],[-112.77965,42.8932],[-112.78457,42.89129],[-112.78362,42.88753],[-112.79458,42.87747],[-112.80825,42.88179],[-112.81494,42.87268],[-112.81278,42.8701],[-112.8174,42.86807],[-112.81658,42.86323],[-113.00776,42.86305],[-113.00732,43.28478],[-113.36196,43.28468],[-113.36191,43.36716],[-113.63523,43.36755],[-113.63433,43.49747],[-113.64012,43.49863],[-113.65363,43.49373],[-113.67283,43.50036],[-113.66556,43.51177],[-113.67166,43.52461],[-113.68526,43.53231],[-113.68893,43.54192],[-113.68701,43.55311],[-113.69079,43.5571],[-113.68886,43.56152],[-113.69344,43.56497],[-113.69474,43.57956],[-113.70115,43.58455],[-113.72766,43.59014],[-113.74835,43.5872],[-113.75286,43.57524],[-113.75928,43.57609],[-113.77361,43.57135],[-113.77713,43.56685],[-113.79844,43.56922],[-113.79586,43.575],[-113.78456,43.5802],[-113.78153,43.5927],[-113.76928,43.60318],[-113.77052,43.60555],[-113.76195,43.61373],[-113.76,43.62268],[-113.74733,43.6285],[-113.72372,43.62906],[-113.70754,43.6371],[-113.69596,43.65006],[-113.68044,43.66013],[-113.63236,43.67655],[-113.59899,43.69537],[-113.57201,43.70088],[-113.54336,43.71938],[-113.5281,43.71892],[-113.51045,43.73678],[-113.48689,43.73953],[-113.4852,43.74683],[-113.46024,43.76313],[-113.44795,43.77528],[-113.445,43.7849],[-113.44767,43.7913],[-113.44284,43.80871],[-113.41354,43.81695],[-113.3923,43.80793],[-113.3773,43.80955],[-113.37495,43.80426],[-113.37067,43.8046],[-113.3716,43.80117],[-113.36381,43.79793],[-113.36736,43.79538],[-113.36083,43.79683],[-113.36585,43.80083],[-113.36411,43.80529],[-113.37033,43.81065],[-113.36754,43.81472],[-113.37287,43.81653],[-113.37261,43.82128],[-113.38552,43.8247],[-113.38808,43.83342],[-113.39241,43.83548],[-113.39109,43.83962],[-113.39563,43.84095],[-113.40563,43.85636],[-113.41111,43.86114],[-113.42078,43.86084],[-113.42958,43.86681],[-113.45399,43.87391],[-113.45894,43.88411],[-113.45689,43.89386],[-113.44558,43.91466],[-113.4473,43.93502],[-113.4438,43.94021],[-113.44647,43.94946],[-113.44376,43.95117],[-113.44687,43.96451],[-113.44575,43.9827],[-113.45443,43.99047],[-113.45562,43.99523],[-113.45152,44.00027],[-113.45816,44.03054],[-113.45782,44.05953],[-113.41627,44.05934],[-113.41652,44.23336],[-112.99509,44.23413],[-112.99432,43.97236],[-112.69524,43.97194],[-112.69474,44.05846],[-112.03432,44.05736],[-112.03366,44.14405],[-111.9136,44.14434],[-111.91374,44.18779],[-111.85785,44.18776],[-111.85787,44.23142],[-111.85246,44.23144],[-111.85228,44.317],[-111.79154,44.31702],[-111.79162,44.40161],[-111.61744,44.40125],[-111.61735,44.55039],[-111.61267,44.54877],[-111.5861,44.56267],[-111.56281,44.55521],[-111.54705,44.55718],[-111.53917,44.55131],[-111.52359,44.54786],[-111.51198,44.53587],[-111.49962,44.54201],[-111.47966,44.54214],[-111.468,44.53895],[-111.46353,44.54136],[-111.46765,44.54462],[-111.46935,44.55767],[-111.47865,44.5534],[-111.4917,44.56066],[-111.50741,44.56208],[-111.50989,44.56497],[-111.50258,44.56872],[-111.50134,44.57249],[-111.51891,44.58335],[-111.52448,44.59723],[-111.51934,44.60177],[-111.52568,44.60455],[-111.51965,44.61197],[-111.52261,44.61408],[-111.51655,44.62009],[-111.5025,44.62651],[-111.51139,44.63861],[-111.51646,44.6409],[-111.51631,44.644],[-111.50488,44.64434],[-111.50096,44.64964],[-111.49011,44.64247],[-111.49061,44.64965],[-111.47248,44.66619],[-111.47651,44.67372],[-111.46851,44.67918],[-111.4846,44.68757],[-111.48271,44.69259],[-111.48972,44.69966],[-111.48878,44.70564],[-111.4388,44.72055],[-111.4296,44.72015],[-111.42421,44.71402],[-111.41427,44.71074],[-111.39796,44.72364],[-111.39938,44.73427],[-111.39443,44.74412],[-111.39784,44.74638],[-111.39297,44.75231],[-111.38482,44.75495],[-111.37449,44.75019],[-111.36626,44.74224],[-111.36649,44.73814],[-111.35298,44.72618],[-111.34807,44.72531],[-111.33711,44.7332],[-111.32363,44.72907],[-111.32248,44.71878],[-111.29626,44.70227],[-111.29688,44.69144],[-111.27925,44.68223],[-111.27567,44.67432],[-111.2668,44.66751],[-111.27561,44.65667],[-111.28057,44.6552],[-111.27848,44.65127],[-111.27013,44.64682],[-111.2526,44.65125],[-111.24924,44.6441],[-111.24264,44.6434],[-111.21932,44.62252],[-111.24089,44.61453],[-111.23186,44.59714],[-111.23215,44.58523],[-111.22763,44.57669],[-111.20149,44.5759],[-111.18103,44.56923],[-111.17864,44.55248],[-111.15889,44.54626],[-111.15057,44.53497],[-111.14081,44.53584],[-111.13138,44.53243],[-111.13862,44.51685],[-111.12738,44.49762],[-111.11506,44.49385],[-111.10721,44.48693],[-111.07479,44.48345],[-111.05997,44.47735],[-111.05243,44.47841],[-111.04897,44.47407],[-111.04704,43.98347],[-111.05854,43.98431],[-111.10288,43.96844],[-111.11368,43.96857],[-111.13019,43.95875],[-111.13886,43.95833],[-111.1424,43.95061],[-111.14776,43.95353],[-111.15527,43.95122],[-111.16284,43.94701],[-111.16217,43.94444],[-111.17094,43.94281],[-111.17192,43.93909],[-111.17943,43.93889],[-111.18726,43.93211],[-111.20238,43.93435],[-111.2044,43.94368],[-111.21728,43.93949],[-111.23604,43.94908],[-111.2398,43.94348],[-111.25407,43.93861],[-111.27128,43.9388],[-111.28085,43.92639],[-111.30883,43.91917],[-111.31789,43.92473],[-111.3252,43.92351],[-111.33333,43.93926],[-111.34816,43.93827],[-111.34998,43.94502],[-111.35454,43.9481],[-111.3715,43.93914],[-111.37542,43.93293],[-111.38462,43.928],[-111.39384,43.92768],[-111.39878,43.92289]]]}},{"type":"Feature","properties":{"std_name":"Johnson City-Kingsport-Bristol, TN-VA CSA","std_geoid":"304","pen":"statisticians","std_note":null,"LSAD":"M0","NAME":"Johnson City-Kingsport-Bristol, TN-VA"},"geometry":{"type":"Polygon","coordinates":[[[-82.60298,36.03968],[-82.61851,36.04703],[-82.61867,36.05661],[-82.63261,36.06591],[-82.63723,36.06582],[-82.65153,36.05737],[-82.67056,36.05298],[-82.68407,36.04579],[-82.68959,36.03816],[-82.71514,36.02864],[-82.71647,36.02241],[-82.73912,36.01498],[-82.75079,36.00887],[-82.75022,36.00598],[-82.77576,36.00105],[-82.77921,35.99229],[-82.7853,35.98838],[-82.78565,35.97754],[-82.77633,35.97391],[-82.77739,35.96774],[-82.78504,35.96248],[-82.78756,35.95201],[-82.80617,35.93776],[-82.80286,35.92896],[-82.82042,35.92199],[-82.82824,35.93254],[-82.83254,35.93288],[-82.85159,35.94931],[-82.86065,35.94748],[-82.87429,35.95283],[-82.89832,35.94497],[-82.93689,35.98128],[-82.94273,35.98368],[-82.94128,35.98541],[-82.9544,35.99767],[-83.05218,36.0779],[-83.05568,36.0909],[-83.05838,36.0899],[-83.06744,36.0966],[-83.06774,36.09257],[-83.0724,36.09288],[-83.07989,36.10352],[-83.097,36.11309],[-83.10135,36.12076],[-83.11238,36.11144],[-83.11803,36.11147],[-83.11605,36.12176],[-83.13098,36.1236],[-83.14028,36.1297],[-83.14198,36.136],[-83.15248,36.145],[-83.16679,36.1508],[-83.17208,36.1563],[-83.16608,36.18089],[-83.13948,36.18889],[-83.13214,36.20324],[-83.12478,36.20133],[-83.11195,36.22076],[-83.09746,36.23289],[-83.09245,36.23274],[-83.09028,36.2378],[-83.08179,36.24322],[-83.09218,36.2525],[-83.09468,36.251],[-83.09629,36.2575],[-83.10259,36.26179],[-83.10288,36.26602],[-83.09898,36.2698],[-83.10209,36.27009],[-83.10353,36.27828],[-83.11032,36.27745],[-83.10947,36.2824],[-83.12146,36.28437],[-83.12106,36.28915],[-83.12729,36.29039],[-83.14579,36.30789],[-83.15179,36.32029],[-83.14489,36.31909],[-83.14549,36.32379],[-83.14859,36.32299],[-83.15989,36.33289],[-83.15859,36.33949],[-83.15429,36.34229],[-83.16259,36.34529],[-83.17429,36.33889],[-83.17872,36.34118],[-83.17765,36.32983],[-83.18189,36.33619],[-83.18239,36.33269],[-83.18009,36.32279],[-83.17469,36.31749],[-83.17549,36.31289],[-83.17999,36.31179],[-83.20099,36.32219],[-83.20189,36.31869],[-83.19669,36.31299],[-83.19779,36.30889],[-83.21039,36.30509],[-83.21559,36.29349],[-83.22999,36.29669],[-83.23829,36.29479],[-83.23999,36.29149],[-83.23269,36.28869],[-83.23139,36.28479],[-83.23369,36.28179],[-83.24079,36.28299],[-83.25529,36.28909],[-83.27369,36.31909],[-83.27369,36.32269],[-83.26564,36.32784],[-83.26489,36.35119],[-83.2733,36.37019],[-83.2831,36.37149],[-83.2889,36.37889],[-83.27389,36.38469],[-83.2806,36.39469],[-83.22279,36.41019],[-83.19389,36.42429],[-83.20702,36.44166],[-83.20009,36.44839],[-83.18729,36.45269],[-83.17882,36.45123],[-83.18037,36.45573],[-83.16209,36.46159],[-83.16719,36.47129],[-83.16269,36.47369],[-83.16319,36.47789],[-83.12746,36.5024],[-83.12338,36.5075],[-83.12519,36.51157],[-83.10599,36.51739],[-83.10379,36.52169],[-83.04049,36.55189],[-83.03409,36.54899],[-83.02719,36.55119],[-83.01079,36.56369],[-83.00449,36.56409],[-82.99831,36.55925],[-82.99016,36.56189],[-82.98388,36.54449],[-82.96077,36.55515],[-82.95052,36.54301],[-82.83043,36.59376],[-82.98512,36.59373],[-82.94759,36.67587],[-82.88811,36.70668],[-82.85272,36.71714],[-82.82427,36.73207],[-82.82437,36.74377],[-82.82981,36.74722],[-82.8088,36.77279],[-82.79909,36.7783],[-82.79029,36.77657],[-82.79127,36.78041],[-82.78596,36.78865],[-82.77687,36.79319],[-82.77292,36.80017],[-82.76846,36.79899],[-82.77367,36.80295],[-82.7728,36.8066],[-82.74879,36.83237],[-82.73686,36.82695],[-82.72333,36.83277],[-82.72238,36.82541],[-82.7063,36.82294],[-82.70301,36.81734],[-82.69842,36.81687],[-82.67343,36.83743],[-82.65688,36.84522],[-82.65404,36.85331],[-82.65052,36.85351],[-82.65307,36.85654],[-82.647,36.86728],[-82.63441,36.8786],[-82.40369,36.88561],[-82.40206,36.88216],[-82.40737,36.8775],[-82.35636,36.77985],[-82.33208,36.70897],[-82.30051,36.73085],[-82.25144,36.7488],[-82.22452,36.7629],[-82.10385,36.79817],[-82.11131,36.80573],[-82.1169,36.81793],[-82.11484,36.82617],[-82.10793,36.83537],[-82.0787,36.85478],[-81.99342,36.8751],[-81.97988,36.88119],[-81.98033,36.8757],[-81.97605,36.8695],[-81.96456,36.87034],[-81.95864,36.86458],[-81.95288,36.86673],[-81.94595,36.86461],[-81.88526,36.88954],[-81.86001,36.90741],[-81.8371,36.92904],[-81.69956,36.78932],[-81.61903,36.634],[-81.6058,36.63837],[-81.60918,36.6201],[-81.6109,36.61691],[-81.62119,36.61591],[-81.6276,36.61161],[-81.82674,36.61422],[-81.82997,36.60876],[-81.83525,36.60931],[-81.84834,36.60332],[-81.86124,36.60601],[-81.87384,36.60012],[-81.87507,36.58826],[-81.87914,36.58432],[-81.89841,36.57984],[-81.9031,36.58164],[-81.92804,36.56791],[-81.93294,36.56241],[-81.92944,36.55431],[-81.94883,36.53774],[-81.96415,36.53242],[-81.96704,36.52611],[-81.97254,36.52341],[-81.97394,36.51601],[-81.98384,36.50831],[-81.98771,36.4993],[-81.98446,36.50091],[-81.97621,36.49517],[-81.94984,36.47239],[-81.96722,36.46187],[-81.98259,36.44161],[-81.99382,36.43489],[-81.99628,36.42588],[-82.00324,36.42482],[-82.00684,36.41632],[-82.02004,36.40642],[-82.03565,36.38622],[-82.05895,36.36742],[-82.04345,36.36352],[-82.03589,36.35627],[-82.04004,36.35516],[-82.04174,36.35762],[-82.04435,36.35472],[-82.03968,36.34998],[-82.0368,36.3514],[-82.03184,36.34642],[-82.03404,36.34442],[-82.02644,36.34052],[-82.03054,36.33382],[-82.02164,36.32952],[-82.01664,36.33302],[-82.00214,36.33342],[-81.99676,36.32972],[-81.99942,36.31985],[-81.98882,36.31474],[-81.9908,36.30799],[-81.98094,36.30087],[-81.98253,36.28807],[-81.97243,36.28547],[-81.96969,36.27714],[-81.9556,36.27255],[-81.9515,36.26176],[-81.93306,36.26487],[-82.03048,36.12303],[-82.03384,36.12047],[-82.05432,36.12662],[-82.06187,36.11306],[-82.08003,36.10643],[-82.08108,36.10317],[-82.10542,36.10784],[-82.12879,36.10401],[-82.13786,36.11951],[-82.13678,36.1281],[-82.14099,36.13867],[-82.14858,36.14986],[-82.16565,36.14497],[-82.17293,36.1465],[-82.17722,36.14237],[-82.18363,36.14391],[-82.18758,36.151],[-82.19275,36.14904],[-82.20173,36.15638],[-82.21364,36.15905],[-82.22214,36.15692],[-82.22954,36.14459],[-82.24188,36.13712],[-82.2451,36.13125],[-82.25107,36.13205],[-82.25433,36.13606],[-82.26678,36.127],[-82.28001,36.12909],[-82.28982,36.1356],[-82.33614,36.11467],[-82.35276,36.11645],[-82.36454,36.10752],[-82.37522,36.10586],[-82.38048,36.09935],[-82.38922,36.0971],[-82.4098,36.08302],[-82.46058,36.00772],[-82.47594,35.99822],[-82.48159,35.99803],[-82.48417,35.9933],[-82.50332,35.98216],[-82.50518,35.97755],[-82.51708,35.97583],[-82.52503,35.97105],[-82.53069,35.97223],[-82.54969,35.96405],[-82.55799,35.95387],[-82.57617,35.95872],[-82.58046,35.96525],[-82.6107,35.9672],[-82.61094,35.97438],[-82.60441,35.98746],[-82.60713,35.99236],[-82.6129,35.99361],[-82.61493,36.00205],[-82.60688,36.01043],[-82.60944,36.01104],[-82.60776,36.01575],[-82.60284,36.01776],[-82.60292,36.02337],[-82.59073,36.0326],[-82.59321,36.03621],[-82.60181,36.03613],[-82.60298,36.03968]]]}},{"type":"Feature","properties":{"std_name":"Kansas City-Overland Park-Kansas City, MO-KS CSA","std_geoid":"312","pen":"statisticians","std_note":null,"LSAD":"M0","NAME":"Kansas City-Overland Park-Kansas City, MO-KS"},"geometry":{"type":"Polygon","coordinates":[[[-94.60538,40.03922],[-94.33189,40.0393],[-94.20346,40.03454],[-94.20584,39.78895],[-94.0932,39.78585],[-93.75899,39.78467],[-93.75846,39.20702],[-93.73896,39.20965],[-93.71121,39.20626],[-93.70234,39.2088],[-93.69542,39.21366],[-93.68555,39.22855],[-93.6619,39.23578],[-93.65629,39.24043],[-93.65747,39.24553],[-93.65224,39.24834],[-93.64441,39.2452],[-93.63638,39.24717],[-93.62745,39.24297],[-93.58583,39.24076],[-93.56893,39.22861],[-93.56319,39.22002],[-93.55153,39.21702],[-93.52843,39.21489],[-93.50021,39.218],[-93.48928,39.2263],[-93.48657,39.23386],[-93.49622,39.26489],[-93.49538,39.27546],[-93.48989,39.28514],[-93.47723,39.2928],[-93.49834,38.90639],[-93.49862,38.8993],[-93.49311,38.89902],[-93.50917,38.64496],[-93.51103,38.55621],[-94.06432,38.56738],[-94.06782,38.46602],[-94.06502,38.46582],[-94.07521,38.2145],[-94.0499,38.21399],[-94.05828,38.03663],[-94.06252,38.031],[-94.06937,38.03682],[-94.08066,38.0316],[-94.08524,38.03247],[-94.0886,38.03595],[-94.08712,38.04162],[-94.09443,38.03991],[-94.10191,38.0481],[-94.10461,38.04681],[-94.10565,38.03776],[-94.10991,38.03732],[-94.11875,38.04216],[-94.11548,38.04843],[-94.12469,38.05017],[-94.1337,38.05823],[-94.15058,38.05386],[-94.15743,38.05712],[-94.16859,38.04972],[-94.19089,38.04519],[-94.19606,38.03379],[-94.20069,38.04655],[-94.19472,38.05271],[-94.20282,38.05429],[-94.21105,38.05098],[-94.20995,38.04382],[-94.21504,38.03402],[-94.22389,38.04035],[-94.22704,38.03516],[-94.22485,38.02734],[-94.23659,38.02595],[-94.24373,38.02732],[-94.24513,38.03047],[-94.23351,38.03223],[-94.24066,38.03979],[-94.23045,38.04561],[-94.23436,38.04711],[-94.23911,38.04395],[-94.24062,38.05082],[-94.61406,38.06006],[-94.61409,38.03706],[-95.07788,38.03771],[-95.07546,38.25871],[-95.0651,38.25865],[-95.06583,38.38994],[-95.50833,38.39028],[-95.50901,38.65897],[-95.50804,38.69527],[-95.50122,38.69526],[-95.50025,39.05666],[-95.49173,39.0541],[-95.45666,39.06826],[-95.43067,39.0693],[-95.4025,39.06098],[-95.38989,39.04987],[-95.35905,39.03552],[-95.34073,39.03171],[-95.31505,39.0347],[-95.29795,39.0423],[-95.29185,39.0415],[-95.28405,39.03231],[-95.28225,39.037],[-95.28565,39.0454],[-95.28229,39.04707],[-95.27475,39.0441],[-95.1871,39.04411],[-95.18796,39.12891],[-95.18013,39.12889],[-95.17991,39.40474],[-95.18089,39.41922],[-95.57035,39.41905],[-95.57035,39.56587],[-95.56431,39.56586],[-95.56413,39.65287],[-95.33974,39.65298],[-95.3399,40.0],[-95.30829,40.0],[-95.30766,39.99069],[-95.30234,39.98456],[-95.26989,39.9694],[-95.25025,39.94864],[-95.23676,39.94393],[-95.21644,39.94395],[-95.20527,39.93975],[-95.20038,39.93103],[-95.20583,39.91403],[-95.20348,39.90565],[-95.19379,39.90097],[-95.18122,39.9],[-95.15983,39.90698],[-95.14966,39.90595],[-95.14284,39.9004],[-95.1406,39.88169],[-95.12453,39.87286],[-95.08156,39.86154],[-95.0394,39.86483],[-95.02675,39.87227],[-95.02524,39.8897],[-95.01761,39.89825],[-95.00682,39.9006],[-94.99338,39.89791],[-94.99339,39.91503],[-95.00674,39.92336],[-95.00157,39.92249],[-95.00543,39.92743],[-95.00252,39.93262],[-94.98798,39.94416],[-94.99078,39.94764],[-94.99705,39.9455],[-94.99121,39.94933],[-94.99627,39.9614],[-95.00025,39.95672],[-95.00301,39.95834],[-94.99392,39.96996],[-95.00524,39.98007],[-95.0038,39.99673],[-95.01093,40.00126],[-95.00784,40.00841],[-95.01197,40.01499],[-95.0104,40.02195],[-95.00423,40.02688],[-95.00992,40.03222],[-95.00682,40.03447],[-95.01095,40.03574],[-95.00876,40.04026],[-95.01595,40.04183],[-95.01054,40.04676],[-95.01911,40.05218],[-95.03197,40.04869],[-95.03538,40.04493],[-95.034,40.04885],[-95.03756,40.04946],[-95.03548,40.05183],[-95.03941,40.05974],[-95.04676,40.06395],[-95.05745,40.06482],[-95.06071,40.06987],[-95.05743,40.07061],[-95.05827,40.07501],[-95.05357,40.07048],[-95.05126,40.07202],[-95.05277,40.07641],[-95.04642,40.07413],[-95.04971,40.0769],[-95.04314,40.07895],[-95.04531,40.0806],[-95.04264,40.08133],[-95.04354,40.08891],[-95.04008,40.09202],[-95.04303,40.09451],[-95.04056,40.09692],[-95.04422,40.09888],[-95.03824,40.09964],[-95.04437,40.10195],[-95.04029,40.106],[-95.03758,40.10348],[-95.03347,40.10895],[-95.04261,40.11126],[-95.03615,40.11455],[-95.04568,40.11915],[-95.04037,40.124],[-95.04347,40.12604],[-95.0393,40.12743],[-95.04639,40.12641],[-95.0469,40.12908],[-94.60616,40.12632],[-94.60538,40.03922]]]}},{"type":"Feature","properties":{"std_name":"Knoxville-Morristown-Sevierville, TN CSA","std_geoid":"315","pen":"statisticians","std_note":null,"LSAD":"M0","NAME":"Knoxville-Morristown-Sevierville, TN"},"geometry":{"type":"MultiPolygon","coordinates":[[[[-83.09943,35.7751],[-83.11824,35.76978],[-83.12061,35.76643],[-83.15959,35.76465],[-83.16497,35.75968],[-83.16479,35.75399],[-83.17029,35.74603],[-83.17779,35.74438],[-83.1856,35.73028],[-83.1976,35.72529],[-83.24102,35.72681],[-83.24316,35.72259],[-83.25529,35.71568],[-83.25152,35.70919],[-83.25742,35.70522],[-83.25432,35.69544],[-83.25929,35.69037],[-83.27068,35.68683],[-83.27447,35.67908],[-83.29031,35.6735],[-83.29354,35.66188],[-83.29824,35.65725],[-83.31208,35.65461],[-83.32162,35.66305],[-83.33466,35.66566],[-83.35082,35.66054],[-83.35827,35.647],[-83.3678,35.63784],[-83.37183,35.63916],[-83.37809,35.63456],[-83.38873,35.63362],[-83.39615,35.62287],[-83.42204,35.61105],[-83.44568,35.61175],[-83.45659,35.59719],[-83.47907,35.58322],[-83.48536,35.56847],[-83.4984,35.56293],[-83.56498,35.56609],[-83.58437,35.5627],[-83.59612,35.575],[-83.60834,35.58002],[-83.61857,35.57225],[-83.62931,35.56817],[-83.63386,35.57067],[-83.64013,35.56616],[-83.65601,35.57001],[-83.6877,35.5682],[-83.69561,35.57032],[-83.72277,35.5623],[-83.73614,35.56552],[-83.74651,35.56034],[-83.75499,35.56462],[-83.77136,35.56161],[-83.78018,35.55063],[-83.8028,35.54149],[-83.82047,35.52565],[-83.84914,35.51863],[-83.85718,35.52157],[-83.87985,35.51905],[-83.88993,35.50466],[-83.90147,35.49655],[-83.90036,35.49303],[-83.90578,35.48869],[-83.91165,35.47624],[-83.93672,35.47155],[-83.94288,35.4644],[-83.95296,35.46054],[-83.96411,35.46513],[-83.96515,35.47112],[-83.94379,35.48074],[-83.93964,35.48894],[-83.95873,35.48994],[-83.97453,35.50115],[-83.98065,35.48791],[-83.98553,35.4868],[-83.98942,35.48988],[-83.9911,35.49866],[-84.01066,35.51257],[-84.0067,35.52161],[-83.99343,35.52777],[-83.99712,35.54107],[-83.99381,35.55],[-83.99593,35.55294],[-84.0055,35.55476],[-84.01277,35.54664],[-84.03001,35.54662],[-84.04042,35.54225],[-84.05175,35.54635],[-84.06809,35.54639],[-84.08551,35.54137],[-84.09481,35.55332],[-84.08777,35.55987],[-84.0962,35.568],[-84.09617,35.57549],[-84.10631,35.57339],[-84.11176,35.57676],[-84.10942,35.5797],[-84.11232,35.58746],[-84.11971,35.58132],[-84.12525,35.58235],[-84.13095,35.57631],[-84.13285,35.58019],[-84.14029,35.58083],[-84.14002,35.58363],[-84.14871,35.58379],[-84.14891,35.59126],[-84.17087,35.59344],[-84.18187,35.59889],[-84.19263,35.61824],[-84.22145,35.61532],[-84.22953,35.62236],[-84.25279,35.61759],[-84.25393,35.6262],[-84.2476,35.63378],[-84.25079,35.63699],[-84.25641,35.63192],[-84.26338,35.63569],[-84.28184,35.63557],[-84.28239,35.64148],[-84.29752,35.64315],[-84.2952,35.65023],[-84.29087,35.65033],[-84.29076,35.65492],[-84.31759,35.65996],[-84.31763,35.67211],[-84.32644,35.6722],[-84.32648,35.66501],[-84.35761,35.66516],[-84.35759,35.65792],[-84.3533,35.65784],[-84.35327,35.6544],[-84.36223,35.65445],[-84.36227,35.64719],[-84.3713,35.64702],[-84.3744,35.64171],[-84.38501,35.63984],[-84.39807,35.64021],[-84.3979,35.651],[-84.4065,35.65119],[-84.40646,35.65464],[-84.40224,35.65469],[-84.40647,35.66562],[-84.41425,35.66483],[-84.4128,35.66797],[-84.41617,35.66223],[-84.42478,35.66108],[-84.42447,35.67218],[-84.43766,35.67108],[-84.43578,35.66595],[-84.45725,35.66576],[-84.45836,35.65874],[-84.48675,35.65838],[-84.48734,35.65551],[-84.49559,35.65545],[-84.49553,35.65838],[-84.50022,35.6603],[-84.50011,35.66575],[-84.50427,35.66587],[-84.50459,35.65103],[-84.52216,35.65139],[-84.52254,35.64398],[-84.50924,35.64215],[-84.51378,35.63683],[-84.50866,35.63669],[-84.50858,35.6294],[-84.50006,35.62939],[-84.50475,35.61954],[-84.52585,35.62419],[-84.52598,35.62811],[-84.53401,35.62956],[-84.53901,35.63779],[-84.5476,35.64133],[-84.54923,35.6369],[-84.55793,35.63697],[-84.55787,35.62965],[-84.56693,35.62977],[-84.56691,35.63324],[-84.5843,35.63309],[-84.58447,35.64442],[-84.61987,35.64465],[-84.61988,35.65886],[-84.62586,35.65883],[-84.62804,35.66225],[-84.62806,35.69012],[-84.6192,35.69484],[-84.62334,35.69988],[-84.61897,35.70339],[-84.61903,35.70788],[-84.62295,35.70792],[-84.62303,35.71178],[-84.63654,35.72048],[-84.63631,35.72429],[-84.64507,35.72444],[-84.64528,35.71709],[-84.65435,35.71729],[-84.6544,35.71002],[-84.66321,35.7102],[-84.66353,35.70284],[-84.67222,35.70294],[-84.67197,35.71038],[-84.67646,35.71049],[-84.67654,35.7175],[-84.69873,35.71787],[-84.69512,35.73268],[-84.69841,35.73271],[-84.69842,35.74181],[-84.71399,35.74199],[-84.7236,35.75285],[-84.73013,35.7521],[-84.73289,35.74858],[-84.74716,35.75116],[-84.75705,35.75696],[-84.75279,35.77253],[-84.73832,35.77759],[-84.74162,35.79009],[-84.76515,35.79909],[-84.77165,35.80819],[-84.78952,35.81496],[-84.78269,35.81844],[-84.78456,35.82388],[-84.76362,35.83373],[-84.76495,35.83836],[-84.75738,35.84355],[-84.7542,35.84225],[-84.74994,35.84931],[-84.73855,35.85101],[-84.73605,35.85667],[-84.72899,35.85885],[-84.70618,35.89607],[-84.70427,35.89394],[-84.69721,35.89999],[-84.68496,35.90293],[-84.68063,35.90845],[-84.72073,35.99491],[-84.79205,36.05947],[-84.80546,36.0905],[-84.81085,36.08695],[-84.81483,36.08986],[-84.81504,36.0945],[-84.81919,36.09535],[-84.82157,36.09241],[-84.82431,36.09472],[-84.82737,36.08684],[-84.83238,36.08401],[-84.87089,36.13692],[-84.87759,36.13846],[-84.88395,36.1453],[-84.8972,36.14695],[-84.90574,36.15354],[-84.90801,36.15702],[-84.90498,36.15956],[-84.90562,36.16617],[-84.89975,36.17267],[-84.90415,36.18377],[-84.91046,36.18636],[-84.91175,36.19117],[-84.90864,36.19615],[-84.91415,36.20829],[-84.90391,36.21703],[-84.90196,36.22371],[-84.89526,36.22602],[-84.8918,36.23868],[-84.88389,36.23904],[-84.88476,36.24926],[-84.88151,36.26315],[-84.87603,36.26932],[-84.8786,36.2804],[-84.87563,36.28532],[-84.86428,36.29343],[-84.85563,36.29371],[-84.84294,36.287],[-84.82254,36.29946],[-84.81461,36.29332],[-84.79582,36.2976],[-84.79159,36.30226],[-84.79522,36.30909],[-84.7893,36.31755],[-84.78191,36.3192],[-84.78646,36.32523],[-84.77764,36.32713],[-84.77406,36.33464],[-84.76044,36.32781],[-84.75518,36.3347],[-84.75042,36.3321],[-84.74001,36.33655],[-84.74547,36.35147],[-84.74243,36.35399],[-84.73295,36.35043],[-84.72713,36.35245],[-84.73258,36.35836],[-84.73252,36.36612],[-84.7234,36.36981],[-84.72498,36.37573],[-84.72272,36.3766],[-84.70901,36.36832],[-84.70075,36.3708],[-84.61104,36.27038],[-84.59394,36.27668],[-84.58734,36.26668],[-84.57304,36.26658],[-84.56864,36.23708],[-84.57374,36.22998],[-84.56394,36.22618],[-84.55564,36.22818],[-84.55244,36.23378],[-84.47104,36.20378],[-84.47224,36.19838],[-84.46814,36.19168],[-84.45864,36.18938],[-84.45914,36.18158],[-84.44664,36.17298],[-84.44433,36.16498],[-84.44103,36.16348],[-84.42643,36.16468],[-84.42163,36.16928],[-84.41533,36.16798],[-84.40173,36.17648],[-84.40313,36.18578],[-84.39083,36.19648],[-84.39193,36.20288],[-84.37273,36.21658],[-84.37293,36.22348],[-84.36873,36.22858],[-84.37593,36.23888],[-84.37393,36.24598],[-84.37613,36.26008],[-84.37373,36.26418],[-84.35853,36.27388],[-84.33392,36.27799],[-84.32993,36.28469],[-84.33313,36.36438],[-84.32843,36.36278],[-84.32583,36.36638],[-84.33333,36.36998],[-84.33063,36.37478],[-84.33443,36.38808],[-84.32493,36.39088],[-84.32103,36.38388],[-84.31209,36.38457],[-84.32642,36.39936],[-84.32696,36.39494],[-84.32755,36.39517],[-84.32737,36.40313],[-84.3447,36.41568],[-84.34622,36.43836],[-84.34347,36.44296],[-84.35541,36.45964],[-84.35081,36.46592],[-84.34056,36.46617],[-84.34193,36.47116],[-84.33751,36.47586],[-84.33897,36.48048],[-84.33555,36.48526],[-84.33851,36.48815],[-84.33463,36.49319],[-84.3396,36.49941],[-84.32943,36.50358],[-84.33043,36.50948],[-84.28653,36.50388],[-84.25959,36.51398],[-84.25792,36.52019],[-84.26033,36.52688],[-84.25133,36.53318],[-84.25293,36.54488],[-84.24933,36.54998],[-84.25223,36.55748],[-84.24923,36.56468],[-84.26393,36.56688],[-84.26134,36.59178],[-83.98762,36.58947],[-83.98206,36.58431],[-83.98463,36.56048],[-83.97801,36.5556],[-83.97998,36.55035],[-83.93642,36.46012],[-83.93029,36.45996],[-83.92992,36.45558],[-83.93332,36.45328],[-83.92409,36.43686],[-83.92262,36.42778],[-83.91142,36.42628],[-83.90732,36.42908],[-83.8998,36.42315],[-83.90564,36.41998],[-83.89372,36.41968],[-83.88912,36.42468],[-83.89262,36.42898],[-83.89052,36.43128],[-83.88474,36.42133],[-83.87602,36.42708],[-83.87622,36.43088],[-83.86122,36.43468],[-83.85352,36.43188],[-83.85192,36.42798],[-83.83934,36.42929],[-83.83328,36.41965],[-83.80551,36.43588],[-83.79861,36.42958],[-83.80791,36.42238],[-83.80551,36.41668],[-83.80124,36.41819],[-83.79864,36.4238],[-83.79353,36.4237],[-83.79193,36.4209],[-83.79563,36.41358],[-83.77501,36.40488],[-83.77641,36.40188],[-83.76451,36.39878],[-83.76581,36.39608],[-83.75931,36.39008],[-83.75832,36.38392],[-83.75441,36.38388],[-83.74902,36.37202],[-83.74255,36.36836],[-83.74661,36.35928],[-83.74558,36.35401],[-83.73759,36.3518],[-83.73301,36.34498],[-83.72181,36.34268],[-83.71241,36.34498],[-83.70441,36.35978],[-83.69691,36.36568],[-83.67611,36.35308],[-83.66271,36.33988],[-83.66201,36.33298],[-83.65711,36.33208],[-83.65101,36.33948],[-83.63791,36.33648],[-83.61361,36.34618],[-83.60811,36.35418],[-83.59631,36.35798],[-83.59141,36.36898],[-83.5715,36.36358],[-83.56481,36.37258],[-83.56,36.36988],[-83.5567,36.36198],[-83.5526,36.36228],[-83.55091,36.36828],[-83.5417,36.35509],[-83.5347,36.35249],[-83.5316,36.35549],[-83.5323,36.36548],[-83.5285,36.36559],[-83.5248,36.35878],[-83.5188,36.35659],[-83.5172,36.36198],[-83.5243,36.36489],[-83.5154,36.36548],[-83.5093,36.37288],[-83.5004,36.36229],[-83.4953,36.36269],[-83.4966,36.37909],[-83.4873,36.37729],[-83.48,36.37959],[-83.466,36.36919],[-83.4492,36.37429],[-83.46,36.38919],[-83.4576,36.39349],[-83.45561,36.38623],[-83.44929,36.38877],[-83.4588,36.40179],[-83.4556,36.40289],[-83.4523,36.39739],[-83.4483,36.39689],[-83.4414,36.40209],[-83.44047,36.41237],[-83.42918,36.40785],[-83.42978,36.4169],[-83.4269,36.41819],[-83.41558,36.41175],[-83.41717,36.4174],[-83.4141,36.42069],[-83.4042,36.41859],[-83.40419,36.41582],[-83.3866,36.41309],[-83.39024,36.41169],[-83.38944,36.40816],[-83.3521,36.41979],[-83.341,36.40839],[-83.3278,36.40958],[-83.32301,36.40426],[-83.31853,36.40533],[-83.3153,36.39879],[-83.3086,36.39959],[-83.3047,36.38829],[-83.2806,36.39469],[-83.27389,36.38469],[-83.2889,36.37879],[-83.2831,36.37149],[-83.2733,36.37019],[-83.26489,36.35119],[-83.26564,36.32784],[-83.27369,36.32269],[-83.27369,36.31909],[-83.25529,36.28909],[-83.24079,36.28299],[-83.23369,36.28179],[-83.23139,36.28479],[-83.23269,36.28869],[-83.23999,36.29149],[-83.23829,36.29479],[-83.22999,36.29669],[-83.21559,36.29349],[-83.21039,36.30509],[-83.19779,36.30889],[-83.19669,36.31299],[-83.20189,36.31869],[-83.20099,36.32219],[-83.17999,36.31179],[-83.17549,36.31289],[-83.17469,36.31749],[-83.18009,36.32279],[-83.18239,36.33269],[-83.18189,36.33619],[-83.17765,36.32983],[-83.17872,36.34118],[-83.17429,36.33889],[-83.16259,36.34529],[-83.15429,36.34229],[-83.15859,36.33949],[-83.15989,36.33289],[-83.14859,36.32299],[-83.14549,36.32379],[-83.14489,36.31909],[-83.15179,36.32029],[-83.14579,36.30789],[-83.12729,36.29039],[-83.12106,36.28915],[-83.12146,36.28437],[-83.10947,36.2824],[-83.11032,36.27745],[-83.10353,36.27828],[-83.10209,36.27009],[-83.09898,36.2698],[-83.10288,36.26602],[-83.10259,36.26179],[-83.09629,36.2575],[-83.09468,36.251],[-83.09218,36.2525],[-83.08179,36.24322],[-83.09028,36.2378],[-83.09245,36.23274],[-83.09746,36.23289],[-83.11195,36.22076],[-83.12478,36.20133],[-83.13214,36.20324],[-83.13948,36.18889],[-83.16608,36.18089],[-83.17208,36.1563],[-83.16679,36.1508],[-83.15248,36.145],[-83.14198,36.136],[-83.14028,36.1297],[-83.13098,36.1236],[-83.11605,36.12176],[-83.11803,36.11147],[-83.11238,36.11144],[-83.10135,36.12076],[-83.097,36.11309],[-83.07989,36.10352],[-83.0724,36.09288],[-83.06774,36.09257],[-83.06744,36.0966],[-83.05838,36.0899],[-83.05568,36.0909],[-83.05218,36.0779],[-82.9544,35.99767],[-82.94128,35.98541],[-82.94273,35.98368],[-82.93689,35.98128],[-82.89832,35.94497],[-82.90178,35.93785],[-82.89889,35.92988],[-82.90182,35.92696],[-82.91362,35.92968],[-82.92049,35.92734],[-82.91353,35.92426],[-82.91162,35.91681],[-82.91439,35.91515],[-82.90803,35.91131],[-82.90811,35.9042],[-82.90104,35.89279],[-82.90682,35.88391],[-82.89623,35.87915],[-82.90655,35.87018],[-82.92083,35.86818],[-82.92143,35.8631],[-82.91821,35.85927],[-82.92103,35.85095],[-82.91634,35.84166],[-82.93407,35.83666],[-82.93604,35.82552],[-82.94585,35.82438],[-82.96181,35.80037],[-82.96175,35.79096],[-82.9697,35.78963],[-82.98392,35.77809],[-82.99585,35.77309],[-83.03604,35.7875],[-83.04306,35.78541],[-83.05282,35.7897],[-83.06375,35.78691],[-83.07434,35.79015],[-83.09943,35.7751]]],[[[-84.3553,35.64092],[-84.34925,35.64426],[-84.34287,35.63658],[-84.35,35.63294],[-84.3553,35.64092]]],[[[-84.54036,35.61943],[-84.52237,35.61863],[-84.52271,35.60778],[-84.526,35.60785],[-84.52565,35.61178],[-84.54033,35.61174],[-84.54036,35.61943]]]]}},{"type":"Feature","properties":{"std_name":"La Crosse-Onalaska-Sparta, WI-MN CSA","std_geoid":"317","pen":"statisticians","std_note":null,"LSAD":"M0","NAME":"La Crosse-Onalaska-Sparta, WI-MN"},"geometry":{"type":"Polygon","coordinates":[[[-90.31252,44.1552],[-90.31107,43.55399],[-90.67165,43.55286],[-90.66856,43.42299],[-91.20555,43.42295],[-91.22875,43.44554],[-91.23337,43.45517],[-91.21604,43.48114],[-91.21771,43.50055],[-91.73048,43.50111],[-91.73042,43.84694],[-91.28414,43.84707],[-91.31099,43.86738],[-91.31531,43.88181],[-91.32061,43.88849],[-91.33814,43.89766],[-91.34774,43.91196],[-91.35743,43.91723],[-91.36664,43.93746],[-91.3858,43.95424],[-91.40601,43.96393],[-91.42519,43.98432],[-91.32214,43.98446],[-91.32253,43.9902],[-91.32876,43.99201],[-91.32844,44.00058],[-91.33807,44.00737],[-91.33694,44.01289],[-91.34468,44.01578],[-91.34009,44.02004],[-91.33964,44.03507],[-91.3359,44.03779],[-91.32788,44.03706],[-91.33208,44.04353],[-91.31864,44.05082],[-91.31596,44.06096],[-91.30476,44.06491],[-91.2842,44.06036],[-91.26589,44.07221],[-91.25665,44.06831],[-91.24747,44.05751],[-91.23188,44.05832],[-91.22096,44.05313],[-91.21652,44.05827],[-91.21673,44.06507],[-91.20824,44.06861],[-91.20795,44.07388],[-91.19985,44.07632],[-91.20132,44.08586],[-91.18769,44.09058],[-91.187,44.08531],[-91.18041,44.08425],[-91.16888,44.08841],[-91.16643,44.08278],[-91.15193,44.07966],[-91.15184,44.071],[-90.97311,44.07088],[-90.97366,44.11659],[-90.96723,44.11998],[-90.97783,44.12893],[-90.97033,44.12865],[-90.96686,44.13591],[-90.95857,44.13718],[-90.95757,44.14114],[-90.95162,44.14159],[-90.94705,44.14724],[-90.94399,44.1436],[-90.93876,44.14739],[-90.92569,44.14598],[-90.90458,44.1583],[-90.43573,44.16113],[-90.31252,44.1552]]]}},{"type":"Feature","properties":{"std_name":"Lafayette-West Lafayette-Frankfort, IN CSA","std_geoid":"320","pen":"statisticians","std_note":null,"LSAD":"M0","NAME":"Lafayette-West Lafayette-Frankfort, IN"},"geometry":{"type":"Polygon","coordinates":[[[-86.24299,40.37366],[-86.24237,40.18078],[-86.43109,40.177],[-86.6958,40.17866],[-86.69564,40.21437],[-87.09253,40.21465],[-87.09223,40.36658],[-87.09634,40.36667],[-87.10407,40.36074],[-87.10626,40.35486],[-87.1346,40.33927],[-87.17332,40.33396],[-87.18761,40.3264],[-87.24579,40.30885],[-87.24968,40.29915],[-87.28128,40.27853],[-87.2953,40.25632],[-87.31448,40.24831],[-87.3191,40.24047],[-87.32854,40.2354],[-87.33422,40.22704],[-87.34476,40.22171],[-87.34793,40.2168],[-87.3584,40.21053],[-87.39299,40.20273],[-87.40388,40.19603],[-87.4199,40.19226],[-87.43877,40.16446],[-87.43347,40.1535],[-87.40635,40.14119],[-87.40667,40.12751],[-87.49041,40.12741],[-87.49045,40.14842],[-87.53145,40.14813],[-87.52605,40.73684],[-87.09839,40.73654],[-87.09979,40.83761],[-86.98644,40.83792],[-86.98744,40.91218],[-86.58153,40.91092],[-86.58174,40.73577],[-86.52514,40.73544],[-86.52516,40.69242],[-86.37352,40.69246],[-86.37576,40.43185],[-86.30925,40.43171],[-86.30933,40.38837],[-86.28083,40.38834],[-86.28075,40.37373],[-86.24299,40.37366]]]}},{"type":"Feature","properties":{"std_name":"Lawton-Duncan, OK CSA","std_geoid":"334","pen":"statisticians","std_note":null,"LSAD":"M0","NAME":"Lawton-Duncan, OK"},"geometry":{"type":"Polygon","coordinates":[[[-98.13923,34.28982],[-98.13907,34.14187],[-98.15435,34.12273],[-98.1688,34.11426],[-98.20371,34.11768],[-98.2236,34.12509],[-98.23247,34.13464],[-98.25647,34.12948],[-98.2939,34.13302],[-98.32545,34.15102],[-98.36562,34.15699],[-98.38438,34.14632],[-98.38687,34.13887],[-98.38009,34.13083],[-98.3894,34.13322],[-98.39844,34.12846],[-98.40097,34.12224],[-98.39816,34.1214],[-98.39978,34.09997],[-98.41137,34.10032],[-98.40972,34.09251],[-98.41443,34.08507],[-98.42041,34.08231],[-98.42848,34.08552],[-98.44009,34.08431],[-98.44903,34.07346],[-98.46513,34.07373],[-98.47146,34.06567],[-98.48476,34.06238],[-98.49461,34.07009],[-98.50415,34.07229],[-98.5282,34.09496],[-98.53626,34.10735],[-98.56098,34.12392],[-98.55859,34.12825],[-98.55185,34.12713],[-98.55088,34.13258],[-98.56019,34.1332],[-98.57714,34.14896],[-98.59979,34.16057],[-98.60999,34.15715],[-98.60966,34.33372],[-98.662,34.33343],[-98.66198,34.50746],[-98.82614,34.50737],[-98.82609,34.85543],[-98.08956,34.85493],[-98.0891,34.68116],[-97.563,34.68118],[-97.56251,34.28918],[-98.13923,34.28982]]]}},{"type":"Feature","properties":{"std_name":"Lima-Van Wert-Celina, OH CSA","std_geoid":"338","pen":"statisticians","std_note":null,"LSAD":"M0","NAME":"Lima-Van Wert-Celina, OH"},"geometry":{"type":"Polygon","coordinates":[[[-84.10959,40.86099],[-84.10952,40.90473],[-83.99517,40.90507],[-83.99523,40.91984],[-83.88042,40.92043],[-83.88004,40.53869],[-83.90854,40.53539],[-83.99387,40.53517],[-83.99378,40.483],[-84.33914,40.48108],[-84.33867,40.37878],[-84.43402,40.37825],[-84.43439,40.35453],[-84.43163,40.3542],[-84.80394,40.35279],[-84.80325,40.98939],[-84.39949,40.99032],[-84.39841,40.90326],[-84.34097,40.9036],[-84.34053,40.8591],[-84.10959,40.86099]]]}},{"type":"Feature","properties":{"std_name":"Louisville/Jefferson County--Elizabethtown, KY-IN CSA","std_geoid":"350","pen":"statisticians","std_note":null,"LSAD":"M0","NAME":"Louisville/Jefferson County--Elizabethtown, KY-IN"},"geometry":{"type":"Polygon","coordinates":[[[-85.24772,38.52611],[-85.16827,38.58545],[-85.07458,38.59684],[-85.07593,38.57802],[-85.06376,38.56492],[-85.04091,38.57416],[-85.01074,38.56218],[-85.00232,38.55364],[-85.0123,38.54781],[-85.01345,38.53882],[-85.02529,38.52345],[-85.02971,38.50934],[-85.02649,38.5053],[-85.01924,38.50392],[-85.00048,38.51705],[-84.98503,38.51841],[-84.97809,38.51533],[-84.97717,38.51299],[-84.99079,38.49834],[-84.99211,38.49122],[-84.98878,38.48709],[-84.96573,38.47934],[-84.95457,38.47096],[-84.95158,38.45787],[-84.96327,38.43736],[-84.95704,38.4299],[-84.94983,38.42618],[-84.93925,38.4278],[-84.93819,38.45041],[-84.93512,38.45668],[-84.92333,38.4645],[-84.91223,38.45984],[-84.90929,38.45024],[-84.92502,38.44182],[-84.92733,38.43307],[-84.88026,38.41905],[-84.89717,38.3906],[-84.89865,38.37897],[-84.89437,38.37531],[-84.87123,38.37099],[-84.86706,38.36199],[-84.86954,38.35703],[-84.88205,38.3566],[-84.88408,38.35153],[-84.89236,38.3552],[-84.90626,38.37484],[-84.99767,38.33559],[-84.95696,38.33227],[-84.9989,38.27498],[-85.00103,38.22615],[-85.00897,38.17532],[-85.0057,38.17153],[-85.00931,38.16879],[-85.00323,38.16746],[-85.01035,38.16492],[-85.0038,38.1602],[-85.01987,38.1422],[-85.01874,38.13631],[-85.02426,38.13059],[-85.02249,38.12761],[-85.03951,38.11944],[-85.04627,38.11096],[-85.04766,38.0975],[-85.05454,38.08422],[-85.05262,38.07544],[-85.04778,38.07234],[-85.05896,38.06814],[-85.06196,38.06251],[-85.0713,38.05815],[-85.07743,38.04598],[-85.08362,38.04088],[-85.10218,38.03712],[-85.1093,38.02717],[-85.12083,38.02576],[-85.11924,38.02095],[-85.12645,38.02029],[-85.12322,38.00984],[-85.13026,37.99616],[-85.1382,37.99743],[-85.14022,38.00261],[-85.14256,37.99688],[-85.15052,37.9996],[-85.14801,37.99648],[-85.15221,37.98813],[-85.15623,37.99299],[-85.16365,37.9913],[-85.16147,38.00152],[-85.16936,37.99758],[-85.16617,37.98717],[-85.16922,37.98137],[-85.16805,37.97292],[-85.15399,37.895],[-85.15055,37.89028],[-85.15312,37.89051],[-85.15251,37.88652],[-85.15753,37.88568],[-85.16422,37.89115],[-85.17073,37.88749],[-85.18462,37.89241],[-85.18751,37.88364],[-85.19447,37.88788],[-85.19032,37.89547],[-85.19805,37.90225],[-85.19928,37.88797],[-85.19602,37.87779],[-85.19827,37.8731],[-85.19348,37.86428],[-85.19648,37.86352],[-85.19959,37.86895],[-85.20507,37.86419],[-85.19626,37.85629],[-85.20099,37.85416],[-85.20374,37.84674],[-85.21837,37.85426],[-85.21361,37.85871],[-85.21676,37.8715],[-85.22688,37.85517],[-85.23144,37.85548],[-85.2331,37.86075],[-85.23017,37.87063],[-85.23861,37.86923],[-85.23807,37.8639],[-85.24099,37.86249],[-85.24967,37.86729],[-85.2555,37.86577],[-85.25591,37.85955],[-85.24651,37.85392],[-85.24288,37.84913],[-85.24522,37.84711],[-85.25829,37.84881],[-85.26803,37.84451],[-85.27855,37.85335],[-85.28087,37.84989],[-85.27752,37.8378],[-85.28927,37.83134],[-85.29843,37.8321],[-85.29941,37.82195],[-85.30663,37.82037],[-85.30861,37.81288],[-85.31396,37.80923],[-85.31421,37.8053],[-85.30602,37.79855],[-85.30793,37.79406],[-85.31942,37.78776],[-85.33547,37.78756],[-85.33842,37.78013],[-85.35567,37.78414],[-85.35417,37.76983],[-85.34528,37.76295],[-85.35295,37.75736],[-85.37472,37.76487],[-85.37332,37.73958],[-85.38631,37.74068],[-85.39257,37.73282],[-85.40169,37.73075],[-85.45049,37.68595],[-85.52129,37.55434],[-85.517,37.55524],[-85.50347,37.54938],[-85.49806,37.54353],[-85.49076,37.52832],[-85.49143,37.5143],[-85.48282,37.50007],[-85.47391,37.4922],[-85.46625,37.4656],[-85.48884,37.46728],[-85.49248,37.47906],[-85.49884,37.48295],[-85.5155,37.47352],[-85.51499,37.46791],[-85.52572,37.4627],[-85.52913,37.45402],[-85.53664,37.45647],[-85.54227,37.45475],[-85.55089,37.46074],[-85.55649,37.45826],[-85.56463,37.45964],[-85.56793,37.46411],[-85.57984,37.46556],[-85.5843,37.47104],[-85.60348,37.46741],[-85.61014,37.45993],[-85.61773,37.46808],[-85.634,37.47184],[-85.6401,37.45961],[-85.63823,37.45408],[-85.64456,37.44936],[-85.6551,37.44743],[-85.66539,37.43676],[-85.65733,37.422],[-85.73332,37.42533],[-85.75038,37.43118],[-86.0476,37.44993],[-86.05009,37.45347],[-86.05602,37.44839],[-86.06009,37.45081],[-86.05632,37.45648],[-86.06744,37.45793],[-86.06544,37.46091],[-86.05863,37.46094],[-86.06458,37.46276],[-86.06157,37.47166],[-86.0493,37.47657],[-86.05168,37.48285],[-86.06175,37.49044],[-86.05399,37.49486],[-86.06051,37.49811],[-86.05597,37.50067],[-86.06262,37.50296],[-86.1141,37.56713],[-86.11865,37.56345],[-86.12422,37.56717],[-86.13111,37.56698],[-86.14575,37.55951],[-86.16131,37.5629],[-86.16645,37.5716],[-86.16969,37.56573],[-86.17362,37.56545],[-86.17346,37.55613],[-86.17667,37.55484],[-86.17926,37.55815],[-86.18267,37.55734],[-86.17844,37.56313],[-86.1865,37.55987],[-86.18979,37.56528],[-86.1955,37.56542],[-86.20296,37.5718],[-86.19999,37.57532],[-86.20829,37.57138],[-86.20924,37.57801],[-86.22108,37.57603],[-86.21978,37.58053],[-86.22412,37.58142],[-86.23251,37.57499],[-86.23706,37.58949],[-86.2458,37.59282],[-86.24081,37.5972],[-86.24635,37.60207],[-86.24948,37.59761],[-86.24774,37.59429],[-86.25575,37.59209],[-86.25586,37.59651],[-86.26264,37.59299],[-86.25604,37.58947],[-86.25948,37.58643],[-86.26509,37.58902],[-86.26813,37.58463],[-86.27711,37.58802],[-86.15129,37.79888],[-86.24278,37.877],[-86.38575,37.97034],[-86.49087,38.04575],[-86.4539,38.05008],[-86.43937,38.05976],[-86.43264,38.06811],[-86.43023,38.07911],[-86.43233,38.0848],[-86.45779,38.09523],[-86.4655,38.10431],[-86.46567,38.1153],[-86.45574,38.12503],[-86.44555,38.12767],[-86.43101,38.12585],[-86.40188,38.10433],[-86.39646,38.10689],[-86.38932,38.12229],[-86.38077,38.12902],[-86.33867,38.12788],[-86.32758,38.13343],[-86.32113,38.14659],[-86.32393,38.15237],[-86.33808,38.15786],[-86.37119,38.16379],[-86.37792,38.17317],[-86.37726,38.1883],[-86.37095,38.19557],[-86.35772,38.19881],[-86.3474,38.19511],[-86.3312,38.18239],[-86.31516,38.17777],[-86.31073,38.17946],[-86.30996,38.18184],[-86.3182,38.1881],[-86.31056,38.18931],[-86.30764,38.20164],[-86.28972,38.20203],[-86.29508,38.20907],[-86.28865,38.21356],[-86.29788,38.21855],[-86.29779,38.22147],[-86.29289,38.22457],[-86.28428,38.22069],[-86.27696,38.22713],[-86.27476,38.27996],[-86.28042,38.28482],[-86.27707,38.28648],[-86.2693,38.27845],[-86.26588,38.28606],[-86.25754,38.28372],[-86.25314,38.2919],[-86.25512,38.2965],[-86.26487,38.29517],[-86.2648,38.30323],[-86.25935,38.30614],[-86.26959,38.30794],[-86.27669,38.30071],[-86.27622,38.30854],[-86.28972,38.31652],[-86.28322,38.32418],[-86.28735,38.32849],[-86.28531,38.33199],[-86.28081,38.32254],[-86.27347,38.32111],[-86.27712,38.32694],[-86.27367,38.32969],[-86.27656,38.33937],[-86.27147,38.34204],[-86.27514,38.34951],[-86.2818,38.34908],[-86.27106,38.36112],[-86.265,38.36201],[-86.26192,38.35625],[-86.25078,38.34846],[-86.24703,38.34976],[-86.25281,38.35571],[-86.24814,38.36327],[-86.25805,38.36683],[-86.26116,38.38097],[-86.25898,38.38938],[-86.25588,38.38945],[-86.25538,38.38486],[-86.25173,38.38307],[-86.24553,38.38799],[-86.26126,38.39442],[-86.25991,38.39817],[-86.25142,38.39564],[-86.25172,38.40613],[-86.26482,38.41087],[-86.25504,38.42269],[-86.30867,38.42287],[-86.31006,38.73313],[-86.30223,38.73582],[-86.30013,38.7296],[-86.29849,38.73491],[-86.29066,38.73575],[-86.29156,38.74254],[-86.28204,38.76112],[-86.28396,38.76604],[-86.27876,38.76286],[-86.26405,38.76495],[-86.26263,38.76973],[-86.25633,38.77199],[-86.2542,38.7693],[-86.2576,38.76404],[-86.2544,38.76302],[-86.24901,38.76802],[-86.23909,38.76661],[-86.22407,38.77915],[-86.21738,38.7711],[-86.21428,38.77919],[-86.20876,38.77916],[-86.2053,38.77403],[-86.19765,38.77377],[-86.2055,38.78181],[-86.19932,38.78214],[-86.19583,38.77757],[-86.18988,38.77663],[-86.1841,38.78359],[-86.17361,38.77338],[-86.16358,38.77483],[-86.13494,38.76243],[-86.11643,38.76698],[-86.10236,38.76575],[-86.09927,38.76838],[-86.09817,38.78046],[-86.09254,38.78346],[-86.08094,38.78051],[-86.07425,38.77442],[-86.06238,38.77833],[-86.0422,38.76171],[-86.03184,38.76132],[-86.02679,38.75574],[-86.026,38.7621],[-86.02114,38.76752],[-86.01553,38.76537],[-86.0167,38.75797],[-86.01094,38.75671],[-85.99778,38.7609],[-85.99334,38.76729],[-85.98425,38.76812],[-85.9822,38.76674],[-85.98527,38.76491],[-85.98559,38.75825],[-85.9798,38.75866],[-85.98015,38.75489],[-85.97664,38.75239],[-85.96787,38.75512],[-85.96612,38.76118],[-85.96086,38.76418],[-85.95042,38.76085],[-85.95232,38.7573],[-85.94838,38.75364],[-85.94493,38.75929],[-85.93657,38.76284],[-85.93607,38.7554],[-85.92718,38.75597],[-85.928,38.75066],[-85.91666,38.74566],[-85.91859,38.75418],[-85.91175,38.74731],[-85.90959,38.74882],[-85.9126,38.7521],[-85.91117,38.7572],[-85.90845,38.75615],[-85.90892,38.75116],[-85.90059,38.75381],[-85.89616,38.75006],[-85.89691,38.74419],[-85.90044,38.7422],[-85.89177,38.73624],[-85.8942,38.7302],[-85.89014,38.73],[-85.88833,38.73444],[-85.88564,38.57541],[-85.84857,38.57627],[-85.84789,38.56127],[-85.82116,38.56142],[-85.82146,38.57539],[-85.81216,38.57555],[-85.81234,38.58291],[-85.80299,38.58301],[-85.80314,38.59026],[-85.79363,38.59033],[-85.79358,38.60481],[-85.49667,38.60674],[-85.49645,38.59222],[-85.4787,38.59243],[-85.47876,38.58618],[-85.42709,38.58521],[-85.41741,38.5691],[-85.41506,38.55144],[-85.41793,38.53773],[-85.43292,38.52407],[-85.42846,38.51935],[-85.42229,38.5209],[-85.39077,38.51564],[-85.37874,38.51882],[-85.36549,38.50754],[-85.35122,38.50899],[-85.3389,38.50281],[-85.32377,38.50082],[-85.31401,38.49259],[-85.30985,38.49937],[-85.27963,38.49627],[-85.24772,38.52611]]]}},{"type":"Feature","properties":{"std_name":"Lubbock-Plainview, TX CSA","std_geoid":"352","pen":"statisticians","std_note":null,"LSAD":"M0","NAME":"Lubbock-Plainview, TX"},"geometry":{"type":"Polygon","coordinates":[[[-101.04148,34.31244],[-101.03866,32.97022],[-101.17338,32.9636],[-102.07621,32.9597],[-102.07593,33.38959],[-103.05648,33.38841],[-103.04741,33.82467],[-102.08573,33.82467],[-102.09041,34.31313],[-101.04148,34.31244]]]}},{"type":"Feature","properties":{"std_name":"Marinette-Iron Mountain, WI-MI CSA","std_geoid":"361","pen":"statisticians","std_note":null,"LSAD":"M0","NAME":"Marinette-Iron Mountain, WI-MI"},"geometry":{"type":"Polygon","coordinates":[[[-87.61709,45.98601],[-87.36785,45.98532],[-87.36767,45.89897],[-87.32539,45.89867],[-87.3275,45.55125],[-87.12912,45.55049],[-87.12783,45.40949],[-87.17117,45.35254],[-87.31542,45.24066],[-87.40569,45.20197],[-87.4526,45.04569],[-87.49918,44.96788],[-87.55126,45.00805],[-87.76246,44.76437],[-87.76264,44.96564],[-87.76007,44.99053],[-87.94444,44.99306],[-87.94299,45.02042],[-88.12115,45.02358],[-88.11888,45.1102],[-88.18925,45.11184],[-88.18636,45.19797],[-88.30906,45.20158],[-88.30581,45.37461],[-88.4281,45.37701],[-88.4253,45.72243],[-88.67582,45.7229],[-88.67445,45.98087],[-88.6842,45.98245],[-88.68331,46.01411],[-88.67545,46.01158],[-88.67117,45.99907],[-88.66354,45.99284],[-88.67083,45.98855],[-88.6476,45.98864],[-88.63585,45.98508],[-88.63394,45.98817],[-88.61368,45.98928],[-88.61597,45.99354],[-88.61185,45.99839],[-88.61271,46.00446],[-88.60731,46.00762],[-88.60118,46.01777],[-88.59355,46.01477],[-88.58827,46.0051],[-88.56566,46.01568],[-88.54932,46.01287],[-88.53943,46.01447],[-88.53252,46.01837],[-88.53369,46.02115],[-88.50982,46.01935],[-88.50624,46.01737],[-88.50655,46.0113],[-88.50088,46.0006],[-88.49685,45.99923],[-88.49798,45.99579],[-88.48936,45.99137],[-88.47521,45.99313],[-88.47458,45.99895],[-88.47077,46.001],[-88.45867,45.99951],[-88.45411,45.99753],[-88.45423,45.99348],[-88.45004,45.99011],[-88.43476,45.98834],[-88.41638,45.97509],[-88.40991,45.97967],[-88.38864,45.98262],[-88.38484,45.99045],[-88.3805,45.99177],[-88.34542,45.97398],[-88.34204,45.96898],[-88.33028,45.96583],[-88.32788,45.95891],[-88.33017,45.95663],[-88.32728,45.95496],[-88.32024,45.96008],[-88.32031,45.96366],[-88.29385,45.95094],[-88.28531,45.95526],[-88.26931,45.95627],[-88.25498,45.96351],[-88.24689,45.96353],[-88.24483,45.95286],[-88.23711,45.94828],[-88.22252,45.94847],[-88.2099,45.94422],[-88.20195,45.94563],[-88.20223,45.94977],[-88.19776,45.95302],[-88.19206,45.95265],[-88.17804,45.94709],[-88.17009,45.93949],[-88.16386,45.93838],[-88.16176,45.94074],[-88.14765,45.93743],[-88.14125,45.93084],[-88.12681,45.92599],[-88.12704,45.92201],[-88.11902,45.92103],[-88.11684,45.92163],[-88.11741,46.24662],[-87.6156,46.24665],[-87.61709,45.98601]]]}},{"type":"Feature","properties":{"std_name":"Mayag\u00fcez-Aguadilla, PR CSA","std_geoid":"364","pen":"statisticians","std_note":null,"LSAD":"M0","NAME":"Mayag\u00fcez-Aguadilla, PR"},"geometry":{"type":"MultiPolygon","coordinates":[[[[-67.03794,18.28971],[-67.04088,18.28222],[-67.04023,18.27199],[-67.052,18.26605],[-67.06183,18.27008],[-67.06483,18.26155],[-67.07224,18.25461],[-67.07841,18.25893],[-67.082,18.25495],[-67.0739,18.24764],[-67.05592,18.24536],[-67.05675,18.24028],[-67.0517,18.2348],[-67.05035,18.22748],[-67.03297,18.21809],[-67.03316,18.2083],[-67.01883,18.20449],[-67.02072,18.19766],[-67.01821,18.1879],[-67.02409,18.18461],[-67.03452,18.18552],[-67.03665,18.18295],[-67.03388,18.18091],[-67.04182,18.18057],[-67.04082,18.17802],[-67.04538,18.1763],[-67.05114,18.17752],[-67.05146,18.17405],[-67.04391,18.16916],[-67.01384,18.16587],[-67.00947,18.15871],[-66.99631,18.15627],[-66.98946,18.14858],[-66.98581,18.14938],[-66.97187,18.14154],[-66.96399,18.14829],[-66.95209,18.14611],[-66.92652,18.15127],[-66.91632,18.12477],[-66.91267,18.12189],[-66.91162,18.11354],[-66.91475,18.10694],[-66.92073,18.10552],[-66.91559,18.09717],[-66.91954,18.09216],[-66.91215,18.08035],[-66.9092,18.06504],[-66.90333,18.06206],[-66.89769,18.04257],[-66.90103,18.03985],[-66.88748,18.03408],[-66.88483,18.0251],[-66.89376,18.02566],[-66.89513,18.02333],[-66.90511,18.0266],[-66.91093,18.02395],[-66.93081,18.03058],[-66.95879,18.03249],[-66.96172,17.9917],[-66.99962,17.91585],[-66.99962,17.8839],[-67.14279,17.90057],[-67.15907,17.88804],[-67.17323,17.88305],[-67.1945,17.88174],[-67.21496,17.88723],[-67.23348,17.89951],[-67.24104,17.91037],[-67.24962,17.91404],[-67.26068,17.92854],[-67.266,17.94418],[-67.26749,17.98307],[-67.25992,18.01313],[-67.26133,18.0387],[-67.25536,18.05767],[-67.2606,18.07521],[-67.26017,18.0848],[-67.24962,18.1102],[-67.23537,18.12015],[-67.23902,18.14187],[-67.2359,18.1757],[-67.23003,18.19029],[-67.21424,18.21135],[-67.22506,18.22865],[-67.23046,18.24656],[-67.24962,18.25069],[-67.26973,18.26139],[-67.28596,18.28216],[-67.31991,18.34319],[-67.32325,18.36388],[-67.31869,18.38103],[-67.30272,18.40156],[-67.28049,18.41206],[-67.24963,18.41857],[-67.20794,18.44228],[-67.22134,18.47616],[-67.22163,18.498],[-67.21649,18.498],[-67.20002,18.52328],[-67.1686,18.54847],[-67.13916,18.55895],[-67.09261,18.56779],[-67.01709,18.56264],[-66.99962,18.55844],[-66.99962,18.5562],[-66.96866,18.54299],[-66.94594,18.54042],[-66.9577,18.48765],[-66.95051,18.48305],[-66.95273,18.47667],[-66.96337,18.47325],[-66.95911,18.46534],[-66.96349,18.45549],[-66.9685,18.45374],[-66.95936,18.44653],[-66.95827,18.44045],[-66.94732,18.43727],[-66.94194,18.42205],[-66.93355,18.41885],[-66.9396,18.41085],[-66.94588,18.40851],[-66.94733,18.4016],[-66.92278,18.39816],[-66.92296,18.3845],[-66.9195,18.37858],[-66.91001,18.37435],[-66.90438,18.36615],[-66.89187,18.36535],[-66.90997,18.30281],[-66.90724,18.25309],[-66.91812,18.25588],[-66.91947,18.25919],[-66.92244,18.25746],[-66.92423,18.26048],[-66.93049,18.25838],[-66.92755,18.25557],[-66.93212,18.25339],[-66.93359,18.25881],[-66.93833,18.25873],[-66.93878,18.26244],[-66.94317,18.26069],[-66.9409,18.2658],[-66.94595,18.2733],[-66.94876,18.2667],[-66.95391,18.2716],[-66.96508,18.27126],[-66.96851,18.26347],[-66.97318,18.27412],[-66.97918,18.276],[-67.00157,18.27611],[-67.01292,18.27942],[-67.01781,18.27683],[-67.02229,18.28166],[-67.02746,18.27852],[-67.0328,18.28207],[-67.03798,18.28026],[-67.03924,18.28301],[-67.03108,18.28872],[-67.03794,18.28971]]],[[[-67.99869,18.17076],[-67.99451,18.18504],[-67.98254,18.19748],[-67.96425,18.20786],[-67.94479,18.21004],[-67.92721,18.20627],[-67.91617,18.2001],[-67.90149,18.18406],[-67.89493,18.16667],[-67.88556,18.16384],[-67.86082,18.17083],[-67.83441,18.16365],[-67.80532,18.1369],[-67.79459,18.11587],[-67.78981,18.09036],[-67.79734,18.05865],[-67.83006,18.0196],[-67.87139,18.00031],[-67.90089,17.99948],[-67.92293,18.00608],[-67.94583,18.01754],[-67.98284,18.04581],[-67.99342,18.06241],[-67.99783,18.08933],[-67.98692,18.1093],[-67.98615,18.11919],[-67.99668,18.13507],[-67.99869,18.17076]]],[[[-67.54303,18.38612],[-67.53749,18.40634],[-67.52393,18.42176],[-67.49963,18.43531],[-67.47302,18.43813],[-67.45164,18.43059],[-67.42503,18.40685],[-67.41863,18.38996],[-67.41804,18.373],[-67.42562,18.35451],[-67.44523,18.33644],[-67.46033,18.32873],[-67.48861,18.32671],[-67.51351,18.33713],[-67.52832,18.34913],[-67.54053,18.36877],[-67.54303,18.38612]]]]}},{"type":"Feature","properties":{"std_name":"Minneapolis-St. Paul, MN-WI CSA","std_geoid":"378","pen":"statisticians","std_note":null,"LSAD":"M0","NAME":"Minneapolis-St. Paul, MN-WI"},"geometry":{"type":"Polygon","coordinates":[[[-93.76395,45.82214],[-93.76889,45.98253],[-93.81032,45.98308],[-93.81091,46.24313],[-93.43065,46.24641],[-93.43249,45.98146],[-93.51808,45.98172],[-93.51368,45.73432],[-93.38889,45.73071],[-92.84105,45.73002],[-92.86919,45.71757],[-92.87014,45.69676],[-92.87549,45.68901],[-92.87893,45.66561],[-92.88943,45.6412],[-92.88686,45.63572],[-92.88804,45.62496],[-92.88253,45.61022],[-92.88644,45.59868],[-92.88328,45.58983],[-92.88375,45.57548],[-92.87108,45.56758],[-92.84645,45.56652],[-92.82331,45.56093],[-92.8015,45.56285],[-92.78574,45.56789],[-92.77022,45.56694],[-92.72608,45.54111],[-92.72668,45.51446],[-92.71286,45.50485],[-92.68023,45.46434],[-92.65355,45.45535],[-92.6466,45.44163],[-92.65027,45.41917],[-92.64668,45.41323],[-92.65042,45.39851],[-92.6641,45.39331],[-92.67696,45.38014],[-92.67919,45.37271],[-92.70272,45.35847],[-92.70405,45.35366],[-92.69897,45.33637],[-92.70867,45.32252],[-92.73712,45.30046],[-92.762,45.28821],[-92.76061,45.27883],[-92.75192,45.26588],[-92.76026,45.25172],[-92.75746,45.23053],[-92.75171,45.21867],[-92.75801,45.20957],[-92.15646,45.20955],[-92.15707,45.12161],[-92.13611,45.12139],[-92.1353,44.53958],[-92.31617,44.54101],[-92.30353,44.51982],[-92.30258,44.50138],[-92.29438,44.48929],[-92.27678,44.47365],[-92.24201,44.45425],[-92.43028,44.45532],[-92.43063,44.36829],[-92.55073,44.36852],[-92.55087,44.19492],[-93.04595,44.19672],[-93.04597,43.84847],[-93.40664,43.84812],[-93.40657,44.19638],[-93.76797,44.19584],[-93.76803,44.23938],[-94.02138,44.23999],[-94.01527,44.24842],[-94.0085,44.24766],[-94.01613,44.25738],[-94.02525,44.25688],[-94.00841,44.27067],[-94.01315,44.27318],[-94.01173,44.27602],[-93.99814,44.27881],[-93.99009,44.2923],[-93.99113,44.29547],[-93.95978,44.3073],[-93.95077,44.32038],[-93.95082,44.32876],[-93.94362,44.33127],[-93.94519,44.33899],[-93.94238,44.34118],[-93.93649,44.33917],[-93.93281,44.34401],[-93.93938,44.35266],[-93.9557,44.35847],[-93.95677,44.36149],[-93.95303,44.36617],[-93.96166,44.36408],[-93.96241,44.37039],[-93.955,44.37501],[-93.96326,44.38322],[-93.9529,44.38369],[-93.95227,44.38618],[-93.95672,44.39069],[-93.96578,44.39064],[-93.95039,44.39312],[-93.94894,44.40037],[-93.95406,44.40964],[-93.93968,44.4128],[-93.929,44.44287],[-93.93354,44.45077],[-93.92943,44.45275],[-93.93652,44.45465],[-93.91719,44.46248],[-93.92697,44.46964],[-93.92226,44.47345],[-93.9073,44.47245],[-93.90308,44.48487],[-93.89093,44.49593],[-93.89648,44.50087],[-93.88711,44.5048],[-93.88537,44.51821],[-93.88786,44.52617],[-93.90104,44.52946],[-93.9028,44.53817],[-93.91222,44.53805],[-93.91131,44.54651],[-93.90468,44.55197],[-93.89964,44.55145],[-93.89861,44.54383],[-93.89125,44.54704],[-93.89241,44.55295],[-93.9003,44.55541],[-93.89787,44.56205],[-93.89107,44.56659],[-93.90137,44.57089],[-93.89416,44.57509],[-93.89564,44.58008],[-93.89271,44.58499],[-93.90283,44.58707],[-93.89011,44.59679],[-93.88466,44.59506],[-93.88149,44.60084],[-93.87475,44.60028],[-93.8779,44.60572],[-93.87338,44.60681],[-93.86892,44.60244],[-93.86132,44.60542],[-93.85389,44.6179],[-93.85845,44.62075],[-93.84851,44.62179],[-93.84258,44.61747],[-93.84506,44.62556],[-93.83654,44.61848],[-93.81467,44.63332],[-93.79764,44.63466],[-93.79087,44.62859],[-93.77519,44.63768],[-93.77238,44.63642],[-93.77298,44.63034],[-93.76366,44.63415],[-93.76679,44.63827],[-93.77255,44.63908],[-93.76804,44.64038],[-93.76818,44.67352],[-93.88883,44.67341],[-93.88864,44.71704],[-94.25408,44.71786],[-94.25472,44.63031],[-94.49783,44.62992],[-94.49773,44.89233],[-94.5024,44.89229],[-94.50189,44.97978],[-94.25607,44.97946],[-94.25595,45.21256],[-94.25675,45.23927],[-94.26029,45.23927],[-94.26113,45.28394],[-94.38345,45.2828],[-94.38361,45.32664],[-94.76308,45.3261],[-94.76293,45.41286],[-95.13188,45.41249],[-95.13148,45.58503],[-95.13986,45.58502],[-95.13973,45.77342],[-94.27178,45.77521],[-94.3066,45.7859],[-94.31283,45.79205],[-94.31389,45.80062],[-94.32785,45.79861],[-94.34494,45.81131],[-94.35317,45.82213],[-93.99053,45.82425],[-93.76395,45.82214]]]}},{"type":"Feature","properties":{"std_name":"Brownsville-Harlingen-Raymondville, TX CSA","std_geoid":"154","pen":"statisticians","std_note":null,"LSAD":"M0","NAME":"Brownsville-Harlingen-Raymondville, TX"},"geometry":{"type":"Polygon","coordinates":[[[-97.86065,26.05277],[-97.86192,26.43358],[-97.90851,26.43324],[-98.00419,26.44878],[-97.99651,26.49191],[-97.99228,26.49131],[-97.98437,26.53658],[-97.96391,26.5335],[-97.97007,26.55225],[-97.96809,26.56892],[-97.96442,26.56875],[-97.9574,26.61177],[-97.86169,26.598],[-97.22537,26.60023],[-97.21406,26.57677],[-97.21255,26.56165],[-97.18457,26.47585],[-97.12525,26.24828],[-97.1107,26.14537],[-97.1083,26.10451],[-97.09739,26.09351],[-97.08999,26.07534],[-97.09129,26.0516],[-97.09786,26.03862],[-97.08968,25.96084],[-97.14631,25.95663],[-97.15806,25.94882],[-97.16043,25.95082],[-97.15817,25.96168],[-97.16869,25.96081],[-97.17539,25.96598],[-97.17822,25.96157],[-97.18689,25.95859],[-97.18837,25.95392],[-97.20506,25.95811],[-97.20874,25.96395],[-97.22071,25.95714],[-97.2262,25.95939],[-97.23967,25.95533],[-97.24719,25.94816],[-97.27643,25.95212],[-97.28454,25.95928],[-97.28955,25.95438],[-97.27834,25.9475],[-97.28102,25.94433],[-97.27704,25.93509],[-97.29152,25.93649],[-97.29597,25.93323],[-97.30291,25.93731],[-97.30532,25.92768],[-97.30997,25.92638],[-97.31359,25.931],[-97.31798,25.9313],[-97.32448,25.92517],[-97.3261,25.91756],[-97.33115,25.91839],[-97.33286,25.9261],[-97.33439,25.92],[-97.33789,25.92038],[-97.33683,25.92966],[-97.3479,25.93133],[-97.35434,25.91999],[-97.36887,25.9153],[-97.36825,25.90984],[-97.37517,25.90682],[-97.36605,25.90268],[-97.36637,25.89061],[-97.35642,25.88778],[-97.3681,25.88453],[-97.3743,25.87893],[-97.35933,25.87978],[-97.35659,25.86732],[-97.35883,25.86561],[-97.36149,25.86943],[-97.36894,25.8584],[-97.37665,25.85463],[-97.36755,25.85402],[-97.36396,25.84995],[-97.37126,25.84931],[-97.37306,25.83983],[-97.38198,25.8396],[-97.38688,25.84389],[-97.3939,25.8371],[-97.40559,25.83763],[-97.40694,25.84007],[-97.40035,25.8418],[-97.39869,25.85027],[-97.4023,25.85202],[-97.40559,25.84529],[-97.40829,25.84554],[-97.41061,25.84983],[-97.40858,25.86214],[-97.41406,25.85655],[-97.41265,25.84098],[-97.42617,25.84086],[-97.43599,25.8499],[-97.44407,25.84854],[-97.44523,25.85638],[-97.45402,25.85409],[-97.4446,25.86747],[-97.44879,25.87226],[-97.45347,25.86738],[-97.45659,25.86835],[-97.45563,25.88416],[-97.46399,25.88203],[-97.47025,25.87534],[-97.47479,25.87951],[-97.46871,25.88341],[-97.46882,25.88884],[-97.48551,25.87839],[-97.48783,25.88543],[-97.4968,25.87968],[-97.49815,25.89907],[-97.51044,25.88771],[-97.52105,25.88616],[-97.52374,25.89896],[-97.52869,25.90691],[-97.53332,25.90824],[-97.53012,25.91997],[-97.54303,25.91998],[-97.53722,25.93075],[-97.54371,25.92338],[-97.546,25.93381],[-97.55215,25.93708],[-97.55724,25.93591],[-97.56154,25.92566],[-97.56797,25.92762],[-97.56712,25.93379],[-97.58293,25.93301],[-97.58209,25.93862],[-97.56625,25.94494],[-97.56787,25.95243],[-97.57449,25.95397],[-97.5728,25.94646],[-97.578,25.9421],[-97.58312,25.95487],[-97.5821,25.96243],[-97.59382,25.96174],[-97.59811,25.95693],[-97.60189,25.95718],[-97.61061,25.96619],[-97.60778,25.97671],[-97.61738,25.97986],[-97.62164,25.98919],[-97.63145,25.98803],[-97.63456,25.99037],[-97.63106,25.99646],[-97.62316,25.99157],[-97.61998,25.99265],[-97.6186,26.00266],[-97.62742,25.99662],[-97.62676,26.00601],[-97.63501,25.99999],[-97.64938,26.01083],[-97.63726,26.01446],[-97.64035,26.02445],[-97.64661,26.02718],[-97.65043,26.02361],[-97.65154,26.01586],[-97.65863,26.02019],[-97.66794,26.01926],[-97.66713,26.02477],[-97.66049,26.03148],[-97.66256,26.03811],[-97.66754,26.02883],[-97.67095,26.03404],[-97.67474,26.03296],[-97.67623,26.03005],[-97.67328,26.02786],[-97.67554,26.02591],[-97.68738,26.02728],[-97.6932,26.03251],[-97.69124,26.01892],[-97.69767,26.02403],[-97.69731,26.03106],[-97.70225,26.03092],[-97.70725,26.03784],[-97.70964,26.02608],[-97.72117,26.02329],[-97.71939,26.03089],[-97.73478,26.03211],[-97.73507,26.02836],[-97.7277,26.02799],[-97.72528,26.02488],[-97.7371,26.02149],[-97.73828,26.02906],[-97.7429,26.02989],[-97.74823,26.0263],[-97.75212,26.03165],[-97.75933,26.02609],[-97.76318,26.0267],[-97.76253,26.04101],[-97.76793,26.04747],[-97.77671,26.04448],[-97.77626,26.0403],[-97.76923,26.0362],[-97.7768,26.02928],[-97.7823,26.03406],[-97.79206,26.03403],[-97.79783,26.04257],[-97.79529,26.04726],[-97.78879,26.04958],[-97.79303,26.05344],[-97.79882,26.05283],[-97.8011,26.06024],[-97.81119,26.05544],[-97.81102,26.04551],[-97.8134,26.04404],[-97.81663,26.04588],[-97.81467,26.05308],[-97.8183,26.05659],[-97.82594,26.05603],[-97.83383,26.04569],[-97.83911,26.0532],[-97.86065,26.05277]]]}},{"type":"Feature","properties":{"std_name":"Columbia-Jefferson City-Moberly, MO CSA","std_geoid":"190","pen":"statisticians","std_note":null,"LSAD":"M0","NAME":"Columbia-Jefferson City-Moberly, MO"},"geometry":{"type":"Polygon","coordinates":[[[-92.69659,39.61037],[-92.30093,39.60546],[-92.31003,39.34779],[-92.09668,39.34073],[-91.86669,39.33771],[-91.72266,39.3393],[-91.71797,39.33912],[-91.71847,39.32451],[-91.43824,39.31872],[-91.40903,39.14254],[-91.6296,39.14785],[-91.64716,38.73063],[-91.64717,38.7034],[-91.64037,38.70379],[-91.64473,38.28851],[-91.75732,38.28872],[-91.77535,38.29204],[-91.86312,38.29361],[-91.88399,38.2899],[-92.01045,38.28814],[-92.19567,38.29224],[-92.19448,38.33554],[-92.22468,38.33573],[-92.23297,38.32775],[-92.25018,38.32271],[-92.29168,38.33933],[-92.30263,38.33662],[-92.40841,38.34134],[-92.40348,38.42533],[-92.62519,38.43078],[-92.84176,38.59671],[-92.83984,38.68397],[-92.95051,38.68577],[-93.05997,38.69308],[-93.04847,38.97242],[-92.93048,39.06853],[-92.91776,39.07358],[-92.90736,39.08421],[-92.90897,39.09555],[-92.93405,39.09933],[-92.94279,39.10353],[-92.94532,39.11469],[-92.94246,39.12484],[-92.91382,39.13616],[-92.90607,39.14764],[-92.90521,39.16448],[-92.901,39.1714],[-92.89054,39.18038],[-92.87519,39.18701],[-92.86033,39.20107],[-92.79037,39.34359],[-92.70737,39.32161],[-92.69659,39.61037]]]}},{"type":"Feature","properties":{"std_name":"Columbus-Marion-Zanesville, OH CSA","std_geoid":"198","pen":"statisticians","std_note":null,"LSAD":"M0","NAME":"Columbus-Marion-Zanesville, OH"},"geometry":{"type":"Polygon","coordinates":[[[-81.34784,39.94996],[-81.38601,39.95069],[-81.38679,39.92133],[-81.46275,39.9235],[-81.46411,39.89455],[-81.57859,39.89768],[-81.58031,39.8391],[-81.69415,39.84264],[-81.69744,39.75557],[-82.07664,39.77096],[-82.08022,39.72767],[-82.02422,39.72469],[-82.0396,39.55022],[-82.04753,39.55083],[-82.05578,39.46005],[-81.84486,39.45022],[-81.85367,39.31817],[-81.83464,39.31756],[-81.83545,39.30281],[-81.81661,39.30206],[-81.81836,39.27258],[-81.72181,39.2696],[-81.72562,39.2159],[-81.73687,39.19263],[-81.75121,39.18604],[-81.75608,39.18056],[-82.26858,39.20376],[-82.26024,39.29292],[-82.29848,39.295],[-82.28966,39.38419],[-82.51448,39.39577],[-82.51758,39.36947],[-82.63439,39.37597],[-82.63569,39.36157],[-82.74859,39.36816],[-82.76669,39.16777],[-83.35353,39.19758],[-83.34348,39.23322],[-83.34785,39.23285],[-83.34498,39.2506],[-83.35299,39.25148],[-83.36101,39.24096],[-83.36574,39.24171],[-83.37291,39.24822],[-83.38112,39.24962],[-83.37855,39.25946],[-83.39379,39.26805],[-83.39317,39.27486],[-83.3813,39.27836],[-83.38197,39.2848],[-83.37663,39.29094],[-83.38309,39.2969],[-83.38334,39.31661],[-83.38699,39.32202],[-83.38284,39.32742],[-83.38223,39.3393],[-83.37507,39.34783],[-83.38025,39.35661],[-83.3734,39.36858],[-83.37259,39.37731],[-83.59088,39.37874],[-83.57629,39.54455],[-83.6702,39.55025],[-83.64717,39.77303],[-83.58991,39.76881],[-83.51262,40.01002],[-83.51615,40.01019],[-83.50371,40.11147],[-83.4945,40.22547],[-83.78535,40.24521],[-83.7842,40.26005],[-84.01476,40.27346],[-84.01022,40.31743],[-84.0037,40.31293],[-84.00237,40.48311],[-83.99378,40.483],[-83.99387,40.53517],[-83.90854,40.53539],[-83.88004,40.53869],[-83.88,40.53189],[-83.51973,40.50962],[-83.52039,40.50406],[-83.41867,40.50523],[-83.41562,40.51537],[-83.41987,40.58637],[-83.41983,40.68728],[-83.30489,40.68704],[-83.30469,40.70201],[-82.8583,40.70502],[-82.8582,40.71242],[-82.8558,40.71249],[-82.62719,40.70942],[-82.62617,40.66613],[-82.64498,40.66642],[-82.64496,40.66018],[-82.64412,40.63724],[-82.62476,40.63728],[-82.62361,40.54988],[-82.3749,40.55087],[-82.17854,40.5731],[-82.19589,40.2404],[-82.18282,40.23862],[-82.18711,40.16688],[-82.0872,40.1617],[-81.6709,40.15098],[-81.66759,40.22247],[-81.33806,40.21408],[-81.33956,40.172],[-81.22592,40.17007],[-81.23405,39.95127],[-81.34776,39.95363],[-81.34784,39.94996]]]}},{"type":"Feature","properties":{"std_name":"Eau Claire-Menomonie, WI CSA","std_geoid":"232","pen":"statisticians","std_note":null,"LSAD":"M0","NAME":"Eau Claire-Menomonie, WI"},"geometry":{"type":"Polygon","coordinates":[[[-92.15707,45.12161],[-92.15646,45.20955],[-91.54223,45.20654],[-91.54132,45.29222],[-90.92522,45.29206],[-90.92235,44.59629],[-91.65025,44.59665],[-91.65036,44.68363],[-92.1352,44.68437],[-92.13611,45.12139],[-92.15707,45.12161]]]}},{"type":"Feature","properties":{"std_name":"Green Bay-Shawano, WI CSA","std_geoid":"267","pen":"statisticians","std_note":null,"LSAD":"M0","NAME":"Green Bay-Shawano, WI"},"geometry":{"type":"Polygon","coordinates":[[[-88.98246,45.118],[-88.64116,45.11735],[-88.63817,45.20482],[-88.68007,45.20499],[-88.67799,45.37893],[-88.30581,45.37461],[-88.30906,45.20158],[-88.18636,45.19797],[-88.18925,45.11184],[-88.11888,45.1102],[-88.12115,45.02358],[-87.94299,45.02042],[-87.94444,44.99306],[-87.76007,44.99053],[-87.76264,44.96564],[-87.76234,44.67701],[-86.7784,44.67522],[-86.85518,44.50034],[-86.84769,44.50034],[-86.9234,44.32883],[-87.88753,44.32759],[-87.88809,44.24046],[-88.19261,44.24195],[-88.19047,44.5868],[-88.2452,44.58475],[-88.60608,44.59052],[-88.60516,44.67833],[-89.22374,44.68136],[-89.22381,45.02925],[-88.98168,45.02892],[-88.98246,45.118]]]}},{"type":"Feature","properties":{"std_name":"Hot Springs-Malvern, AR CSA","std_geoid":"284","pen":"statisticians","std_note":null,"LSAD":"M0","NAME":"Hot Springs-Malvern, AR"},"geometry":{"type":"Polygon","coordinates":[[[-92.79319,34.50357],[-92.73826,34.50324],[-92.73882,34.47393],[-92.68507,34.4731],[-92.68619,34.4147],[-92.66865,34.4145],[-92.67838,34.14964],[-92.81799,34.15189],[-93.02778,34.16178],[-93.03514,34.15437],[-93.04191,34.15903],[-93.0431,34.18027],[-93.03656,34.19495],[-93.02583,34.20221],[-93.02671,34.21029],[-93.03419,34.2161],[-93.03014,34.22076],[-93.03946,34.22281],[-93.03384,34.22943],[-93.03468,34.23649],[-93.08049,34.2351],[-93.07934,34.23913],[-93.0824,34.24013],[-93.08527,34.2357],[-93.09083,34.23726],[-93.0883,34.24243],[-93.09,34.24566],[-93.1995,34.24806],[-93.19828,34.2773],[-93.35688,34.28031],[-93.3558,34.3387],[-93.40818,34.33947],[-93.40224,34.68523],[-93.39395,34.68522],[-93.39449,34.77242],[-92.96932,34.77226],[-92.96975,34.68477],[-92.97905,34.68489],[-92.97998,34.63725],[-92.87539,34.6352],[-92.87692,34.59117],[-92.80803,34.59041],[-92.80895,34.56225],[-92.7915,34.56198],[-92.79319,34.50357]]]}},{"type":"Feature","properties":{"std_name":"Kalamazoo-Battle Creek-Portage, MI CSA","std_geoid":"310","pen":"statisticians","std_note":null,"LSAD":"M0","NAME":"Kalamazoo-Battle Creek-Portage, MI"},"geometry":{"type":"Polygon","coordinates":[[[-84.71695,42.24692],[-84.70956,42.07037],[-85.29363,42.07155],[-85.29218,41.75989],[-85.72815,41.75895],[-85.79134,41.75908],[-85.79163,41.75943],[-85.78437,41.76021],[-85.79037,41.76592],[-85.78617,41.77694],[-85.76942,41.78467],[-85.76019,41.79881],[-85.76607,42.24469],[-85.7647,42.42072],[-84.71849,42.42152],[-84.71695,42.24692]]]}},{"type":"Feature","properties":{"std_name":"Myrtle Beach-Conway, SC CSA","std_geoid":"396","pen":"statisticians","std_note":null,"LSAD":"M0","NAME":"Myrtle Beach-Conway, SC"},"geometry":{"type":"Polygon","coordinates":[[[-78.69138,33.75529],[-78.77241,33.70797],[-78.80855,33.68084],[-78.88742,33.61198],[-78.957,33.53872],[-78.97626,33.50868],[-78.99303,33.48899],[-79.0345,33.45683],[-79.04978,33.436],[-79.08758,33.36929],[-79.09113,33.35636],[-79.08918,33.33364],[-79.09331,33.30495],[-79.10892,33.28316],[-79.12022,33.24693],[-79.10801,33.23893],[-79.08163,33.20733],[-79.07761,33.18865],[-79.08223,33.17133],[-79.10439,33.14851],[-79.11587,33.14327],[-79.14052,33.13962],[-79.15314,33.12517],[-79.18087,33.10753],[-79.18516,33.09286],[-79.19225,33.08202],[-79.21554,33.06425],[-79.22188,33.06288],[-79.27672,33.11791],[-79.26795,33.13271],[-79.27508,33.14116],[-79.29125,33.14656],[-79.31509,33.14572],[-79.33332,33.15578],[-79.35129,33.15352],[-79.38345,33.17516],[-79.40403,33.18378],[-79.41364,33.19832],[-79.42441,33.2038],[-79.42748,33.20978],[-79.43775,33.21524],[-79.44701,33.21338],[-79.45509,33.21773],[-79.45172,33.22541],[-79.45667,33.22959],[-79.46169,33.22889],[-79.45781,33.23211],[-79.45873,33.23522],[-79.47294,33.22955],[-79.47445,33.23215],[-79.46934,33.23884],[-79.48288,33.23544],[-79.47808,33.24327],[-79.47928,33.24607],[-79.48264,33.24592],[-79.48904,33.23684],[-79.49399,33.23603],[-79.54583,33.25481],[-79.54976,33.26498],[-79.55981,33.26048],[-79.55767,33.26859],[-79.56225,33.27252],[-79.60657,33.27932],[-79.62604,33.29121],[-79.66425,33.29832],[-79.67701,33.30494],[-79.67275,33.31066],[-79.68086,33.3188],[-79.67698,33.33726],[-79.65414,33.36015],[-79.63306,33.37347],[-79.62508,33.39041],[-79.60259,33.41828],[-79.59599,33.42155],[-79.59011,33.44354],[-79.54458,33.48754],[-79.54529,33.4909],[-79.5404,33.49542],[-79.49563,33.51796],[-79.48306,33.53703],[-79.43577,33.57265],[-79.43364,33.57671],[-79.44247,33.59603],[-79.43062,33.62892],[-79.41984,33.64847],[-79.4185,33.66729],[-79.41058,33.68689],[-79.39235,33.71218],[-79.37468,33.72477],[-79.3469,33.7549],[-79.33815,33.77431],[-79.31704,33.77988],[-79.30883,33.77197],[-79.30468,33.76345],[-79.29331,33.75228],[-79.29398,33.74114],[-79.28623,33.73734],[-79.29173,33.73086],[-79.28717,33.71881],[-79.28162,33.71599],[-79.27106,33.72165],[-79.26941,33.71779],[-79.27493,33.71432],[-79.27525,33.70938],[-79.26501,33.71028],[-79.26759,33.7034],[-79.24241,33.70591],[-79.24064,33.7026],[-79.24847,33.70028],[-79.24931,33.69698],[-79.23471,33.69423],[-79.23059,33.69876],[-79.22707,33.69627],[-79.21653,33.70165],[-79.21924,33.70565],[-79.21232,33.70005],[-79.20686,33.7034],[-79.19519,33.70215],[-79.20061,33.70984],[-79.19026,33.70579],[-79.19537,33.71164],[-79.19237,33.72117],[-79.1959,33.72789],[-79.2169,33.74809],[-79.22036,33.74805],[-79.21688,33.75236],[-79.21943,33.75654],[-79.22824,33.75722],[-79.22968,33.76206],[-79.2352,33.76351],[-79.23642,33.77365],[-79.24809,33.78442],[-79.25305,33.79897],[-79.25101,33.80254],[-79.2554,33.8039],[-79.25241,33.80783],[-79.26028,33.81485],[-79.25855,33.8252],[-79.25294,33.82577],[-79.2487,33.83058],[-79.2642,33.84279],[-79.25926,33.84992],[-79.26061,33.86042],[-79.25594,33.86513],[-79.25898,33.87642],[-79.25683,33.87897],[-79.26047,33.87931],[-79.26304,33.88445],[-79.26306,33.89155],[-79.28262,33.90066],[-79.28637,33.89524],[-79.29066,33.90023],[-79.29599,33.9007],[-79.29502,33.90435],[-79.29986,33.90382],[-79.30357,33.91397],[-79.31235,33.91823],[-79.31127,33.9234],[-79.30671,33.9239],[-79.31106,33.92953],[-79.30687,33.93479],[-79.31722,33.93461],[-79.31161,33.94419],[-79.3218,33.94698],[-79.32587,33.95394],[-79.33344,33.95272],[-79.33002,33.96143],[-79.33379,33.96147],[-79.33908,33.96972],[-79.3313,33.97899],[-79.33144,33.98774],[-79.32843,33.98676],[-79.32866,33.99252],[-79.33213,33.99159],[-79.33246,33.995],[-79.32731,33.99792],[-79.3285,34.00016],[-79.32189,34.00229],[-79.32327,34.00016],[-79.3177,33.99957],[-79.31592,33.9961],[-79.31497,34.00016],[-79.30721,34.00556],[-79.30911,34.00854],[-79.30424,34.02283],[-79.30757,34.02768],[-79.29444,34.03561],[-79.28795,34.03306],[-79.27414,34.04405],[-79.26803,34.04604],[-79.26509,34.04398],[-79.25774,34.05009],[-79.25743,34.05477],[-79.24757,34.05727],[-79.24827,34.06644],[-79.24296,34.06796],[-79.23928,34.07781],[-79.24809,34.07945],[-79.24938,34.0857],[-79.24691,34.0871],[-79.25044,34.08976],[-79.24146,34.09297],[-79.24312,34.09752],[-79.23486,34.1003],[-79.2301,34.10882],[-79.22091,34.10774],[-79.21873,34.112],[-79.22281,34.1131],[-79.21747,34.1247],[-79.21915,34.12655],[-79.21447,34.13059],[-79.20942,34.12776],[-79.20509,34.13486],[-79.20938,34.14882],[-79.20547,34.15085],[-79.20754,34.15484],[-79.20299,34.15317],[-79.2022,34.15676],[-79.19732,34.15869],[-79.19693,34.16918],[-79.19242,34.17126],[-79.19167,34.17641],[-79.17616,34.18495],[-79.17643,34.1803],[-79.17305,34.17987],[-79.16623,34.19506],[-79.15394,34.20721],[-79.14592,34.20867],[-79.14471,34.20604],[-79.14247,34.21378],[-79.13389,34.21545],[-79.13522,34.22014],[-79.13083,34.22222],[-79.13535,34.22275],[-79.13566,34.22913],[-79.13294,34.23318],[-79.12826,34.23074],[-79.1266,34.23587],[-79.13316,34.23795],[-79.13509,34.24192],[-79.12676,34.24828],[-79.12816,34.25365],[-79.12438,34.25402],[-79.1264,34.25727],[-79.121,34.25505],[-79.10523,34.27606],[-79.09431,34.27723],[-79.09139,34.28575],[-79.08637,34.28467],[-79.08965,34.28934],[-79.08692,34.28939],[-79.08546,34.29539],[-79.07831,34.29274],[-79.0779,34.29722],[-79.07121,34.29934],[-78.58547,33.88933],[-78.4993,33.81285],[-78.52295,33.80219],[-78.56484,33.79662],[-78.63572,33.77668],[-78.69138,33.75529]]]}},{"type":"Feature","properties":{"std_name":"Salisbury-Ocean Pines, MD CSA","std_geoid":"480","pen":"statisticians","std_note":null,"LSAD":"M0","NAME":"Salisbury-Ocean Pines, MD"},"geometry":{"type":"Polygon","coordinates":[[[-75.41088,38.4523],[-74.98628,38.45163],[-74.99962,38.37167],[-75.01909,38.32142],[-75.0208,38.30976],[-75.0313,38.29474],[-75.04146,38.28701],[-75.0714,38.22593],[-75.12462,38.0939],[-75.16644,38.02783],[-75.24961,38.02672],[-75.62445,37.99419],[-75.62561,37.9898],[-75.63383,37.98452],[-75.62953,37.97596],[-75.63822,37.97939],[-75.64823,37.96677],[-75.6477,37.94696],[-75.65568,37.94543],[-75.69132,37.9555],[-75.70463,37.9547],[-75.76164,37.94137],[-75.80124,37.91217],[-75.88294,37.91134],[-75.95267,37.90683],[-75.94369,37.94613],[-75.99334,37.95349],[-76.05202,37.95358],[-76.23646,37.88661],[-76.20472,38.05841],[-76.07858,38.06092],[-76.05428,38.11103],[-76.03162,38.14755],[-75.99385,38.16239],[-75.97479,38.20229],[-75.93913,38.221],[-75.92484,38.23294],[-75.92308,38.244],[-75.9267,38.24955],[-75.92576,38.27404],[-75.92942,38.29143],[-75.92522,38.30634],[-75.89635,38.33499],[-75.86026,38.35387],[-75.85766,38.3635],[-75.86731,38.37512],[-75.86085,38.38358],[-75.83828,38.38588],[-75.85126,38.40035],[-75.85095,38.40454],[-75.84557,38.42187],[-75.82887,38.42342],[-75.82129,38.43013],[-75.82134,38.43926],[-75.83313,38.44344],[-75.83674,38.44809],[-75.83316,38.45762],[-75.81669,38.46331],[-75.8149,38.46646],[-75.82371,38.48102],[-75.81519,38.48879],[-75.79466,38.49237],[-75.78206,38.5016],[-75.76499,38.50648],[-75.75737,38.51277],[-75.75364,38.5281],[-75.74652,38.53679],[-75.72449,38.54123],[-75.71189,38.55088],[-75.70608,38.56054],[-75.70157,38.56074],[-75.69367,38.46008],[-75.41088,38.4523]]]}},{"type":"Feature","properties":{"std_name":"Albuquerque-Santa Fe-Los Alamos, NM CSA","std_geoid":"105","pen":"statisticians","std_note":null,"LSAD":"M0","NAME":"Albuquerque-Santa Fe-Los Alamos, NM"},"geometry":{"type":"Polygon","coordinates":[[[-104.37012,35.7793],[-104.0217,35.78149],[-103.9769,35.80175],[-103.72361,35.42278],[-103.63703,35.42234],[-103.63713,35.24082],[-103.85753,35.2424],[-103.85766,35.26414],[-104.12512,35.14206],[-104.12514,35.2157],[-105.29117,35.21649],[-105.2904,34.60677],[-105.31276,34.60695],[-105.31322,34.26003],[-106.41597,34.25982],[-106.41692,34.43969],[-106.45631,34.43705],[-106.50462,34.457],[-106.76828,34.53126],[-106.88281,34.57963],[-107.20174,34.57876],[-107.20197,34.6088],[-107.20438,34.6088],[-107.20288,34.95757],[-107.06656,34.95719],[-107.23889,35.30551],[-107.30939,35.30569],[-107.31034,35.41954],[-107.30612,35.41906],[-107.30867,35.99856],[-107.62651,36.00029],[-107.62595,36.34989],[-107.6236,36.39336],[-107.62654,36.4363],[-107.62554,36.56581],[-107.62342,36.67534],[-107.61939,36.67535],[-107.61818,36.80427],[-107.60973,36.79856],[-107.60344,36.799],[-107.60773,36.80616],[-107.60649,36.8109],[-107.59431,36.81028],[-107.59158,36.81381],[-107.60029,36.81589],[-107.59987,36.83252],[-107.58958,36.8372],[-107.57996,36.83512],[-107.57547,36.84144],[-107.56698,36.84439],[-107.56612,36.85191],[-107.56167,36.85575],[-107.55601,36.85709],[-107.54623,36.84912],[-107.5397,36.85558],[-107.53065,36.85387],[-107.52875,36.86607],[-107.52292,36.87547],[-107.51584,36.87847],[-107.50483,36.87527],[-107.50211,36.88258],[-107.49414,36.87624],[-107.47555,36.89467],[-107.45697,36.89807],[-107.44569,36.91537],[-107.45506,36.93114],[-107.4558,36.93951],[-107.4484,36.9449],[-107.45716,36.95496],[-107.44761,36.96121],[-107.44612,36.96591],[-107.42997,36.9709],[-107.43145,36.98635],[-107.42122,37.00022],[-106.87723,37.0001],[-106.86982,36.9925],[-106.00632,36.99527],[-106.0064,36.98141],[-105.98799,36.94046],[-105.98577,36.92045],[-105.97551,36.90238],[-105.97189,36.88625],[-105.97455,36.83749],[-105.98453,36.81137],[-105.98008,36.77337],[-105.98212,36.74639],[-105.97732,36.72245],[-105.98106,36.71283],[-105.97085,36.68311],[-105.96815,36.66119],[-105.98433,36.65963],[-105.98439,36.64529],[-105.97249,36.64809],[-105.97208,36.63357],[-105.96429,36.61318],[-105.96411,36.59833],[-105.95567,36.57559],[-105.94988,36.54317],[-105.95481,36.53916],[-105.95211,36.53383],[-105.95242,36.51959],[-105.94175,36.49657],[-105.93847,36.46552],[-105.95453,36.42572],[-105.95146,36.3798],[-105.95996,36.35378],[-105.97165,36.34456],[-105.98437,36.34301],[-105.99598,36.33817],[-106.00184,36.33205],[-106.03831,36.32566],[-106.04852,36.31271],[-106.04774,36.30959],[-106.05594,36.3049],[-106.05836,36.29698],[-105.85695,36.23043],[-105.73588,36.10013],[-105.53038,36.01301],[-105.50871,36.01907],[-105.49839,36.03257],[-105.48935,36.0374],[-105.46292,36.07837],[-105.41999,36.1317],[-105.42104,36.14852],[-105.41474,36.15712],[-105.42131,36.16199],[-105.42181,36.16968],[-105.39701,36.19157],[-105.39598,36.1979],[-105.39919,36.2033],[-105.3928,36.21612],[-105.39933,36.22983],[-105.40968,36.23681],[-105.39375,36.24353],[-105.38735,36.25284],[-105.34486,36.26145],[-104.86524,36.26142],[-104.8654,36.21787],[-104.43606,36.21853],[-104.43046,36.2136],[-104.43395,36.20125],[-104.42657,36.19692],[-104.43904,36.19482],[-104.43214,36.18842],[-104.43612,36.17707],[-104.42794,36.17666],[-104.4277,36.18401],[-104.42414,36.18399],[-104.41422,36.17635],[-104.41912,36.16636],[-104.40338,36.15418],[-104.40761,36.14799],[-104.4078,36.14058],[-104.41101,36.14006],[-104.41537,36.14615],[-104.42059,36.14085],[-104.40928,36.13201],[-104.41411,36.12241],[-104.40268,36.11655],[-104.39738,36.09948],[-104.40108,36.09155],[-104.38549,36.08836],[-104.39025,36.08221],[-104.38119,36.07622],[-104.37737,36.06725],[-104.37026,36.06608],[-104.3786,36.05695],[-104.37975,36.04927],[-104.36539,36.04413],[-104.36165,36.03885],[-104.36051,36.02329],[-104.36529,36.01343],[-104.35796,36.00978],[-104.3506,36.01068],[-104.34762,36.00398],[-104.33967,36.00044],[-104.34117,35.99188],[-104.35447,35.98726],[-104.35634,35.98386],[-104.32728,35.9602],[-104.33588,35.95565],[-104.34058,35.94872],[-104.34425,35.95548],[-104.35207,35.95404],[-104.33898,35.94317],[-104.34209,35.93978],[-104.35354,35.93978],[-104.35475,35.92964],[-104.34288,35.93064],[-104.33823,35.92373],[-104.34526,35.92494],[-104.35481,35.92032],[-104.34374,35.91221],[-104.34637,35.9086],[-104.35408,35.90772],[-104.35075,35.89897],[-104.36779,35.8976],[-104.36599,35.89235],[-104.35933,35.88837],[-104.36217,35.8843],[-104.37401,35.88121],[-104.36693,35.87138],[-104.37357,35.87103],[-104.3779,35.87879],[-104.38138,35.86236],[-104.39069,35.85936],[-104.37653,35.85176],[-104.38201,35.84291],[-104.37611,35.84146],[-104.37352,35.84826],[-104.36496,35.8422],[-104.36773,35.83841],[-104.37992,35.83578],[-104.36691,35.83022],[-104.37807,35.8231],[-104.36349,35.81182],[-104.37135,35.80667],[-104.3641,35.79617],[-104.36529,35.78949],[-104.36093,35.78492],[-104.37012,35.7793]]]}},{"type":"Feature","properties":{"std_name":"Burlington-South Burlington-Barre, VT CSA","std_geoid":"162","pen":"statisticians","std_note":null,"LSAD":"M0","NAME":"Burlington-South Burlington-Barre, VT"},"geometry":{"type":"Polygon","coordinates":[[[-72.6136,44.80042],[-72.7291,44.80404],[-72.74685,44.79009],[-72.74579,44.7759],[-72.75505,44.77703],[-72.75855,44.76364],[-72.76859,44.765],[-72.77439,44.74317],[-72.77939,44.74383],[-72.79322,44.69067],[-72.85079,44.71112],[-72.89186,44.65566],[-72.90297,44.64635],[-72.9163,44.6458],[-72.92264,44.65011],[-72.92716,44.64664],[-72.92376,44.64194],[-72.92655,44.64032],[-72.92397,44.63741],[-72.92641,44.63513],[-72.90996,44.6312],[-72.82704,44.55069],[-72.80996,44.54671],[-72.83076,44.51643],[-72.80364,44.50628],[-72.8383,44.45929],[-72.76556,44.44281],[-72.65434,44.3983],[-72.59728,44.47939],[-72.49356,44.42398],[-72.43431,44.5061],[-72.22381,44.42489],[-72.22893,44.42171],[-72.22822,44.41931],[-72.22227,44.42312],[-72.22012,44.42116],[-72.22016,44.41648],[-72.22265,44.41606],[-72.21708,44.41131],[-72.26999,44.34053],[-72.31683,44.29878],[-72.31665,44.27223],[-72.36888,44.20389],[-72.4192,44.22078],[-72.44338,44.1288],[-72.55971,44.16291],[-72.56399,44.15478],[-72.58656,44.16026],[-72.6291,44.08784],[-72.63448,44.08931],[-72.68287,44.01281],[-72.8969,44.07366],[-72.91678,44.07189],[-72.93408,44.16282],[-72.9522,44.16141],[-72.97588,44.29504],[-73.02037,44.30374],[-73.01652,44.28536],[-73.07001,44.27992],[-73.07059,44.28386],[-73.1968,44.26663],[-73.27038,44.26011],[-73.31328,44.26413],[-73.31091,44.2743],[-73.32222,44.30154],[-73.32402,44.33384],[-73.33465,44.35688],[-73.33495,44.36444],[-73.33361,44.3723],[-73.31504,44.38853],[-73.29605,44.42833],[-73.29359,44.44023],[-73.30012,44.45471],[-73.2999,44.47665],[-73.30671,44.50033],[-73.32085,44.51363],[-73.32204,44.52529],[-73.32975,44.52956],[-73.33161,44.53592],[-73.33901,44.5433],[-73.33875,44.54805],[-73.35679,44.55792],[-73.37495,44.57582],[-73.37567,44.58204],[-73.38185,44.58932],[-73.37685,44.5996],[-73.38293,44.61218],[-73.39023,44.61835],[-73.3865,44.62692],[-73.38678,44.63637],[-73.37856,44.64148],[-73.38448,44.64668],[-73.37832,44.65216],[-73.37907,44.65677],[-73.37458,44.66189],[-73.36967,44.66348],[-73.37272,44.66874],[-73.37184,44.67696],[-73.36721,44.67851],[-73.37014,44.68485],[-73.36131,44.69452],[-73.36598,44.69756],[-73.36556,44.74179],[-73.35436,44.7553],[-73.34709,44.77298],[-73.33571,44.78209],[-73.33315,44.78876],[-73.33504,44.80411],[-73.37945,44.83801],[-73.38159,44.84935],[-73.37982,44.85704],[-73.3691,44.86668],[-73.35622,44.90449],[-73.33898,44.91768],[-73.33824,44.96475],[-73.35022,44.97622],[-73.35463,44.98735],[-73.34318,45.01071],[-72.84699,45.01666],[-72.63466,45.01469],[-72.55388,45.00801],[-72.5365,44.92611],[-72.54138,44.92598],[-72.53328,44.83408],[-72.57908,44.7809],[-72.5944,44.7903],[-72.5979,44.78706],[-72.61673,44.79584],[-72.6136,44.80042]]]}},{"type":"Feature","properties":{"std_name":"Dayton-Springfield-Kettering, OH CSA","std_geoid":"212","pen":"statisticians","std_note":null,"LSAD":"M0","NAME":"Dayton-Springfield-Kettering, OH"},"geometry":{"type":"Polygon","coordinates":[[[-84.33914,40.48108],[-84.00237,40.48311],[-84.0037,40.31293],[-84.01022,40.31743],[-84.01476,40.27346],[-83.7842,40.26005],[-83.78535,40.24521],[-83.4945,40.22547],[-83.50371,40.11147],[-83.51615,40.01019],[-83.51262,40.01002],[-83.58991,39.76881],[-83.64717,39.77303],[-83.6702,39.55025],[-84.28615,39.58958],[-84.47921,39.59102],[-84.48537,39.91849],[-84.81241,39.91692],[-84.80389,40.35276],[-84.43163,40.3542],[-84.43439,40.35453],[-84.43402,40.37825],[-84.33867,40.37878],[-84.33914,40.48108]]]}},{"type":"Feature","properties":{"std_name":"Fargo-Wahpeton, ND-MN CSA","std_geoid":"244","pen":"statisticians","std_note":null,"LSAD":"M0","NAME":"Fargo-Wahpeton, ND-MN"},"geometry":{"type":"Polygon","coordinates":[[[-96.2812,46.63078],[-96.28,46.28222],[-96.26465,46.2822],[-96.26614,46.02161],[-96.57656,46.02185],[-96.57035,45.96359],[-96.56133,45.94566],[-96.56367,45.93525],[-97.22829,45.93538],[-97.22854,45.99232],[-97.25962,45.99697],[-97.25934,46.2822],[-97.28057,46.28232],[-97.27995,46.62935],[-97.68201,46.62993],[-97.68151,46.97848],[-97.70617,46.97856],[-97.70593,47.23998],[-96.83339,47.23804],[-96.82931,47.23177],[-96.83711,47.23499],[-96.84278,47.23093],[-96.83166,47.2263],[-96.84579,47.22011],[-96.84239,47.21775],[-96.83897,47.22271],[-96.83364,47.22158],[-96.8372,47.21595],[-96.83031,47.21028],[-96.83716,47.20732],[-96.8272,47.20114],[-96.83397,47.20355],[-96.8448,47.19318],[-96.84025,47.19101],[-96.83804,47.19648],[-96.82622,47.19127],[-96.83603,47.18513],[-96.82191,47.18503],[-96.82757,47.18187],[-96.82501,47.17786],[-96.83347,47.17657],[-96.82292,47.17365],[-96.82497,47.167],[-96.81893,47.16458],[-96.83192,47.15979],[-96.82314,47.15814],[-96.82308,47.1556],[-96.83621,47.15665],[-96.84012,47.15048],[-96.19467,47.15115],[-96.19357,46.97737],[-96.17411,46.97738],[-96.17703,46.80501],[-96.1724,46.63065],[-96.2812,46.63078]]]}},{"type":"Feature","properties":{"std_name":"Grand Rapids-Wyoming, MI CSA","std_geoid":"266","pen":"statisticians","std_note":null,"LSAD":"M0","NAME":"Grand Rapids-Wyoming, MI"},"geometry":{"type":"Polygon","coordinates":[[[-86.03895,43.29352],[-85.56254,43.29427],[-85.56243,43.81548],[-85.08881,43.81368],[-85.085,43.46619],[-84.84596,43.46616],[-84.84557,43.29223],[-84.83531,43.2922],[-84.83709,42.77048],[-85.07425,42.77078],[-85.07522,42.61386],[-85.07161,42.42143],[-87.04005,42.41699],[-87.02043,42.50003],[-87.1084,43.12501],[-87.14659,43.37501],[-87.14033,43.47144],[-86.39714,43.47249],[-86.03949,43.46745],[-86.03895,43.29352]]]}},{"type":"Feature","properties":{"std_name":"Indianapolis-Carmel-Muncie, IN CSA","std_geoid":"294","pen":"statisticians","std_note":null,"LSAD":"M0","NAME":"Indianapolis-Carmel-Muncie, IN"},"geometry":{"type":"Polygon","coordinates":[[[-85.29654,39.26829],[-85.56632,39.13276],[-85.79983,39.1289],[-85.79536,38.80751],[-85.80725,38.78938],[-85.80455,38.77991],[-85.81943,38.7765],[-85.82981,38.76423],[-85.83235,38.75182],[-85.83691,38.75162],[-85.84304,38.74529],[-85.84162,38.74048],[-85.84817,38.7383],[-85.84752,38.73491],[-85.85143,38.7363],[-85.85829,38.73003],[-85.8611,38.73192],[-85.87088,38.72954],[-85.86956,38.72617],[-85.87965,38.7294],[-85.8814,38.72503],[-85.8841,38.72806],[-85.88226,38.73067],[-85.88767,38.73177],[-85.88599,38.73501],[-85.88996,38.73373],[-85.89014,38.73],[-85.8942,38.7302],[-85.89189,38.73654],[-85.90044,38.7422],[-85.89691,38.74419],[-85.89626,38.75049],[-85.90059,38.75381],[-85.90892,38.75116],[-85.90968,38.75711],[-85.91254,38.75267],[-85.91114,38.74735],[-85.91859,38.75418],[-85.91666,38.74566],[-85.928,38.75066],[-85.92718,38.75597],[-85.93607,38.7554],[-85.93686,38.76291],[-85.94493,38.75929],[-85.94838,38.75364],[-85.95232,38.7573],[-85.95042,38.76085],[-85.96171,38.76405],[-85.96612,38.76118],[-85.96787,38.75512],[-85.97664,38.75239],[-85.98015,38.75489],[-85.9798,38.75866],[-85.98559,38.75825],[-85.98527,38.76491],[-85.9822,38.76674],[-85.98425,38.76812],[-85.99334,38.76729],[-85.99778,38.7609],[-86.01094,38.75671],[-86.0167,38.75797],[-86.01553,38.76537],[-86.02114,38.76752],[-86.026,38.7621],[-86.02679,38.75574],[-86.03184,38.76132],[-86.0422,38.76171],[-86.06238,38.77833],[-86.07425,38.77442],[-86.08094,38.78051],[-86.09254,38.78346],[-86.09817,38.78046],[-86.09927,38.76838],[-86.10326,38.76553],[-86.11643,38.76698],[-86.13494,38.76243],[-86.16358,38.77483],[-86.17361,38.77338],[-86.1841,38.78359],[-86.18988,38.77663],[-86.19583,38.77757],[-86.19932,38.78214],[-86.2055,38.78181],[-86.19765,38.77377],[-86.2053,38.77403],[-86.20876,38.77916],[-86.21316,38.77938],[-86.21505,38.77264],[-86.21874,38.77113],[-86.22407,38.77915],[-86.24082,38.76591],[-86.24901,38.76802],[-86.25713,38.7635],[-86.2541,38.77012],[-86.25712,38.77201],[-86.26263,38.76973],[-86.26405,38.76495],[-86.27528,38.7638],[-86.28039,38.99103],[-86.31747,38.99087],[-86.31813,39.04881],[-86.37007,39.04838],[-86.37241,39.25091],[-86.37994,39.25108],[-86.38139,39.33975],[-86.63084,39.34076],[-86.63221,39.47021],[-87.01473,39.47378],[-87.00948,39.86671],[-87.09154,39.86727],[-87.09253,40.21465],[-86.69564,40.21437],[-86.6958,40.17866],[-86.43109,40.177],[-86.24237,40.18078],[-86.24299,40.37366],[-86.28075,40.37373],[-86.28083,40.38834],[-86.30933,40.38837],[-86.30925,40.43171],[-86.37576,40.43185],[-86.37442,40.56136],[-86.16502,40.56265],[-86.16563,40.74205],[-86.16886,40.74352],[-86.16846,40.9961],[-85.94644,40.9992],[-85.93953,40.65099],[-85.86479,40.65169],[-85.8623,40.37837],[-85.2199,40.37903],[-85.2135,40.00438],[-85.20147,40.00452],[-85.20031,39.9607],[-85.20095,39.8738],[-85.22073,39.87358],[-85.22112,39.78845],[-85.63349,39.78618],[-85.62933,39.45275],[-85.29757,39.45327],[-85.29654,39.26829]]]}},{"type":"Feature","properties":{"std_name":"Jonesboro-Paragould, AR CSA","std_geoid":"308","pen":"statisticians","std_note":null,"LSAD":"M0","NAME":"Jonesboro-Paragould, AR"},"geometry":{"type":"Polygon","coordinates":[[[-90.31958,36.25914],[-90.32096,36.20058],[-90.19019,36.20138],[-90.20024,36.19646],[-90.20441,36.18686],[-90.21136,36.1831],[-90.22035,36.18454],[-90.22961,36.17316],[-90.23121,36.16376],[-90.23539,36.15932],[-90.23123,36.15359],[-90.23544,36.1394],[-90.24556,36.13619],[-90.25327,36.12731],[-90.26086,36.12726],[-90.27298,36.11681],[-90.29306,36.11443],[-90.30018,36.09772],[-90.31961,36.08957],[-90.31824,36.07613],[-90.32062,36.07132],[-90.33334,36.06748],[-90.33687,36.04724],[-90.34821,36.04157],[-90.34828,36.03505],[-90.35428,36.03032],[-90.35178,36.02506],[-90.3779,35.99574],[-90.28908,35.99641],[-90.28693,35.43844],[-90.61094,35.44174],[-90.6108,35.4488],[-90.71612,35.44977],[-90.71619,35.44585],[-90.93125,35.44183],[-91.03925,35.44295],[-91.03814,35.66324],[-91.03256,35.88503],[-90.87285,35.88087],[-90.8722,35.92439],[-90.86017,35.92524],[-90.8591,35.92923],[-90.86288,35.93049],[-90.86273,35.93882],[-90.86594,35.9412],[-90.8606,35.94214],[-90.86042,35.94502],[-90.86477,35.94727],[-90.85661,35.95047],[-90.86164,35.9552],[-90.85114,35.96382],[-90.852,35.97106],[-90.84374,35.97384],[-90.84881,35.9778],[-90.84111,35.98001],[-90.84231,35.98323],[-90.8474,35.98394],[-90.84606,35.98847],[-90.85791,35.99024],[-90.86015,35.99538],[-90.85763,35.99339],[-90.85355,35.99582],[-90.8551,36.00226],[-90.83795,36.02217],[-90.84047,36.03678],[-90.82516,36.05568],[-90.822,36.07789],[-90.80994,36.08255],[-90.80492,36.08781],[-90.79461,36.08801],[-90.78957,36.10078],[-90.78525,36.10414],[-90.77941,36.10232],[-90.77183,36.10808],[-90.77065,36.125],[-90.74752,36.14911],[-90.80981,36.14966],[-90.80668,36.26703],[-90.71594,36.26791],[-90.4658,36.25994],[-90.31958,36.25914]]]}},{"type":"Feature","properties":{"std_name":"Macon-Bibb County--Warner Robins, GA CSA","std_geoid":"356","pen":"statisticians","std_note":null,"LSAD":"M0","NAME":"Macon-Bibb County--Warner Robins, GA"},"geometry":{"type":"Polygon","coordinates":[[[-83.49792,32.4522],[-83.49765,32.44734],[-83.48778,32.44059],[-83.49137,32.43256],[-83.48827,32.42672],[-83.48246,32.42514],[-83.48553,32.4219],[-83.48292,32.41816],[-83.4847,32.40496],[-83.49837,32.40148],[-83.50247,32.38936],[-83.50667,32.3889],[-83.52375,32.40219],[-83.61558,32.28856],[-83.70036,32.28999],[-83.70033,32.28258],[-83.71876,32.28307],[-83.71843,32.29016],[-83.84838,32.29097],[-83.84683,32.35774],[-83.85659,32.35777],[-83.85654,32.3824],[-83.83704,32.3822],[-83.83667,32.43931],[-83.8462,32.43939],[-83.84668,32.46851],[-83.84938,32.47287],[-83.87173,32.47882],[-83.8775,32.48951],[-83.9005,32.49698],[-83.92283,32.49743],[-83.92302,32.48326],[-83.93112,32.48374],[-83.92336,32.51136],[-83.93221,32.51165],[-83.93247,32.50569],[-83.97111,32.50593],[-83.97121,32.51425],[-83.98729,32.51434],[-83.98743,32.50609],[-84.01815,32.50641],[-84.01385,32.50917],[-84.01627,32.51005],[-84.01533,32.51374],[-84.00884,32.51593],[-84.0079,32.52289],[-84.00069,32.52101],[-84.00212,32.53286],[-84.00548,32.53374],[-84.00674,32.53981],[-84.00787,32.53645],[-84.01298,32.53775],[-84.01758,32.54658],[-84.0147,32.54824],[-84.01601,32.55025],[-84.02047,32.55164],[-84.02034,32.54644],[-84.02191,32.54499],[-84.02669,32.54788],[-84.03013,32.55589],[-84.03481,32.55465],[-84.03538,32.55849],[-84.04444,32.55544],[-84.04634,32.56753],[-84.05046,32.56523],[-84.05272,32.56708],[-84.04876,32.57462],[-84.05407,32.57321],[-84.05322,32.57693],[-84.06206,32.57751],[-84.06507,32.58135],[-84.06654,32.5859],[-84.06268,32.59074],[-84.06763,32.59031],[-84.07125,32.59826],[-84.06616,32.60367],[-84.06604,32.61024],[-84.07203,32.61742],[-84.06978,32.62358],[-84.07411,32.62426],[-84.06862,32.62797],[-84.06284,32.62654],[-84.06273,32.63049],[-84.05835,32.63029],[-84.05654,32.63627],[-84.06081,32.63458],[-84.06567,32.63999],[-84.07431,32.63593],[-84.07816,32.64724],[-84.10497,32.67339],[-84.10513,32.68468],[-84.11532,32.68346],[-84.11668,32.67755],[-84.12819,32.67436],[-84.13992,32.67913],[-84.14106,32.68506],[-84.14574,32.68525],[-84.154,32.67904],[-84.17422,32.67766],[-84.1955,32.68333],[-84.20263,32.69002],[-84.14933,32.80121],[-84.12433,32.80094],[-84.12334,32.93218],[-84.05418,32.9315],[-84.05358,32.94803],[-84.04411,32.94787],[-84.0415,33.20263],[-83.87701,33.20239],[-83.85957,33.20065],[-83.85227,33.19479],[-83.84287,33.19687],[-83.8326,33.18465],[-83.82226,33.18024],[-83.82431,33.1623],[-83.81397,33.14825],[-83.81707,33.14393],[-83.81605,33.13182],[-83.62439,33.16108],[-83.42911,33.18539],[-83.41295,33.10519],[-83.35769,32.92614],[-83.40699,32.89822],[-83.22654,32.5842],[-83.40004,32.50016],[-83.40353,32.50542],[-83.41205,32.50209],[-83.40884,32.49571],[-83.49792,32.4522]]]}},{"type":"Feature","properties":{"std_name":"Mount Pleasant-Alma, MI CSA","std_geoid":"394","pen":"statisticians","std_note":null,"LSAD":"M0","NAME":"Mount Pleasant-Alma, MI"},"geometry":{"type":"Polygon","coordinates":[[[-84.60604,43.81536],[-84.60754,43.46601],[-84.36988,43.46604],[-84.36776,43.11794],[-84.83689,43.11885],[-84.83531,43.2922],[-84.84557,43.29223],[-84.84596,43.46616],[-85.085,43.46619],[-85.08881,43.81368],[-84.60604,43.81536]]]}},{"type":"Feature","properties":{"std_name":"Portland-Lewiston-South Portland, ME CSA","std_geoid":"438","pen":"statisticians","std_note":null,"LSAD":"M0","NAME":"Portland-Lewiston-South Portland, ME"},"geometry":{"type":"Polygon","coordinates":[[[-70.13259,44.37138],[-70.1002,44.33457],[-70.09905,44.31955],[-70.07446,44.29847],[-70.07575,44.20617],[-70.05546,44.19909],[-70.0605,44.19177],[-69.99379,44.18059],[-69.9988,44.16683],[-70.01033,44.16865],[-70.01395,44.15758],[-70.0185,44.15785],[-70.02739,44.13058],[-70.01173,44.12801],[-70.01243,44.12543],[-69.89778,44.10766],[-69.8945,44.12391],[-69.88002,44.15109],[-69.85599,44.16803],[-69.76331,44.15286],[-69.75817,44.14135],[-69.76108,44.12633],[-69.77417,44.09935],[-69.78568,44.08801],[-69.78743,44.07531],[-69.78292,44.06988],[-69.78647,44.0645],[-69.79009,44.0429],[-69.81215,44.0299],[-69.81355,44.02601],[-69.7001,44.00668],[-69.71971,43.97106],[-69.7189,43.96269],[-69.72202,43.95859],[-69.725,43.93463],[-69.70742,43.92725],[-69.71525,43.91719],[-69.72991,43.90863],[-69.74353,43.89354],[-69.72924,43.87621],[-69.73023,43.86784],[-69.72221,43.85243],[-69.71438,43.8506],[-69.69208,43.85717],[-69.69018,43.85337],[-69.68918,43.84499],[-69.69772,43.82988],[-69.69567,43.79504],[-69.66474,43.71175],[-69.68633,43.6982],[-69.69339,43.68338],[-69.70834,43.66822],[-69.7304,43.65727],[-69.74949,43.65398],[-69.78658,43.65813],[-69.80883,43.64734],[-69.82752,43.64496],[-69.85521,43.64695],[-70.15599,43.52444],[-70.26843,43.42635],[-70.2804,43.40874],[-70.31895,43.39014],[-70.34619,43.35818],[-70.35164,43.3391],[-70.3674,43.32332],[-70.39671,43.31247],[-70.42181,43.29749],[-70.45531,43.29035],[-70.47327,43.291],[-70.49323,43.28683],[-70.50219,43.26812],[-70.52083,43.2521],[-70.51238,43.24271],[-70.50632,43.21883],[-70.51118,43.20121],[-70.51967,43.19102],[-70.52292,43.17889],[-70.52168,43.15488],[-70.49949,43.16685],[-70.48636,43.17026],[-70.46494,43.1708],[-70.44094,43.16664],[-70.41964,43.15255],[-70.40723,43.13844],[-70.4034,43.12509],[-70.40413,43.10936],[-70.40624,43.10209],[-70.42108,43.08665],[-70.43977,43.07654],[-70.45907,43.07148],[-70.49301,43.07304],[-70.52508,43.08928],[-70.53742,43.10585],[-70.54013,43.13055],[-70.55576,43.1215],[-70.56196,43.1099],[-70.58216,43.09549],[-70.59063,43.06736],[-70.59966,43.05694],[-70.57307,43.05289],[-70.55213,43.04304],[-70.53254,43.01999],[-70.52888,43.00577],[-70.53475,42.98848],[-70.53599,42.95617],[-70.54023,42.94403],[-70.55298,42.92925],[-70.57509,42.91713],[-70.58759,42.94919],[-70.61115,42.97899],[-70.63071,42.98529],[-70.7012,43.04524],[-70.70631,43.07534],[-70.73797,43.07373],[-70.74303,43.07797],[-70.75641,43.08018],[-70.76589,43.09249],[-70.77969,43.09625],[-70.82708,43.12739],[-70.83361,43.14611],[-70.82778,43.17043],[-70.82357,43.17424],[-70.82825,43.18779],[-70.81928,43.19299],[-70.82067,43.19949],[-70.81692,43.21453],[-70.80952,43.22488],[-70.81721,43.22935],[-70.81548,43.23352],[-70.81783,43.23816],[-70.82743,43.24338],[-70.83793,43.24244],[-70.84283,43.25422],[-70.85746,43.25581],[-70.86289,43.2648],[-70.87006,43.26613],[-70.87429,43.27186],[-70.8831,43.27303],[-70.88265,43.27891],[-70.88584,43.28081],[-70.88362,43.28344],[-70.89674,43.28534],[-70.89932,43.28789],[-70.89732,43.29272],[-70.90748,43.29333],[-70.89631,43.29844],[-70.90205,43.30136],[-70.90373,43.30629],[-70.90704,43.30466],[-70.91375,43.3089],[-70.91129,43.31044],[-70.9154,43.31541],[-70.9118,43.31573],[-70.91142,43.31972],[-70.92036,43.32121],[-70.91915,43.32444],[-70.92439,43.32385],[-70.92282,43.32603],[-70.93089,43.32955],[-70.93283,43.33722],[-70.95623,43.33411],[-70.9595,43.34098],[-70.96795,43.34458],[-70.96745,43.34924],[-70.97305,43.34881],[-70.97203,43.35463],[-70.9781,43.35838],[-70.97459,43.36358],[-70.98567,43.37918],[-70.98788,43.38994],[-70.9823,43.39828],[-70.98651,43.40398],[-70.98709,43.41307],[-70.98127,43.42087],[-70.96971,43.42691],[-70.96879,43.4346],[-70.96098,43.43839],[-70.96663,43.45127],[-70.96112,43.46919],[-70.97604,43.47843],[-70.96753,43.48094],[-70.96829,43.48945],[-70.96434,43.49714],[-70.95884,43.49937],[-70.95797,43.50804],[-70.95466,43.5093],[-70.9568,43.51278],[-70.95394,43.52227],[-70.9638,43.53937],[-70.9535,43.5406],[-70.95063,43.55131],[-70.9549,43.55405],[-70.95725,43.56134],[-70.96283,43.56339],[-70.96671,43.56944],[-70.97276,43.57038],[-70.98912,43.79211],[-70.98188,43.79351],[-70.97119,43.78498],[-70.96448,43.78811],[-70.95691,43.78519],[-70.94261,43.79228],[-70.92821,43.79004],[-70.91268,43.80091],[-70.89924,43.80231],[-70.88085,43.81085],[-70.86956,43.80679],[-70.86248,43.80771],[-70.86128,43.80469],[-70.85301,43.80452],[-70.84085,43.80995],[-70.82191,43.80719],[-70.815,43.81149],[-70.81117,43.80754],[-70.80886,43.81024],[-70.79692,43.80629],[-70.79744,43.80971],[-70.78298,43.81415],[-70.78155,43.82316],[-70.78713,43.8326],[-70.79452,43.83465],[-70.79253,43.84734],[-70.80161,43.85608],[-70.79284,43.85883],[-70.79819,43.8633],[-70.7815,43.87388],[-70.78049,43.86823],[-70.76629,43.87724],[-70.76529,43.87154],[-70.74388,43.88585],[-70.75522,43.88861],[-70.75793,43.90686],[-70.75248,43.91401],[-70.72973,43.92836],[-70.74751,43.9459],[-70.71542,43.96182],[-70.78176,44.03139],[-70.79168,44.02874],[-70.79253,44.04014],[-70.84808,44.04952],[-70.85845,44.05964],[-70.86132,44.07723],[-70.86662,44.07987],[-70.86287,44.08637],[-70.8578,44.08804],[-70.85855,44.09527],[-70.8218,44.07709],[-70.69975,44.13908],[-70.69592,44.13422],[-70.62433,44.17104],[-70.60797,44.15411],[-70.59866,44.14977],[-70.59652,44.14553],[-70.59907,44.14397],[-70.59506,44.14483],[-70.5955,44.13732],[-70.59002,44.13297],[-70.59205,44.12899],[-70.58724,44.12421],[-70.60617,44.10129],[-70.60556,44.08952],[-70.60296,44.08878],[-70.6119,44.07062],[-70.60887,44.06773],[-70.61346,44.0666],[-70.6141,44.06196],[-70.61048,44.06097],[-70.60795,44.05186],[-70.60367,44.05024],[-70.60386,44.04164],[-70.59266,44.03519],[-70.59627,44.0326],[-70.58164,44.02231],[-70.58479,44.02132],[-70.58259,44.01869],[-70.57396,44.01565],[-70.56385,44.02499],[-70.54409,44.00565],[-70.509,44.04145],[-70.50524,44.03959],[-70.50237,44.04257],[-70.48008,44.03208],[-70.47902,44.05508],[-70.48529,44.0604],[-70.33409,44.21075],[-70.32522,44.2084],[-70.26522,44.36291],[-70.27869,44.41517],[-70.26829,44.41641],[-70.27441,44.44063],[-70.20128,44.47798],[-70.12939,44.48722],[-70.10049,44.38385],[-70.12217,44.38113],[-70.12005,44.37271],[-70.13259,44.37138]]]}},{"type":"Feature","properties":{"std_name":"Springfield-Amherst Town-Northampton, MA CSA","std_geoid":"521","pen":"statisticians","std_note":null,"LSAD":"M0","NAME":"Springfield-Amherst Town-Northampton, MA"},"geometry":{"type":"Polygon","coordinates":[[[-73.02371,42.70269],[-73.02302,42.74113],[-72.28305,42.72161],[-72.27188,42.67442],[-72.25854,42.67542],[-72.25732,42.66794],[-72.24349,42.66925],[-72.24211,42.66164],[-72.22948,42.66267],[-72.22493,42.63894],[-72.22908,42.63835],[-72.22531,42.63043],[-72.23168,42.62519],[-72.22734,42.62191],[-72.2292,42.6146],[-72.25474,42.61161],[-72.25331,42.60534],[-72.26216,42.60025],[-72.26706,42.60081],[-72.26133,42.57592],[-72.27111,42.57616],[-72.27323,42.57934],[-72.27643,42.57737],[-72.26911,42.53343],[-72.24487,42.51344],[-72.29129,42.47953],[-72.28326,42.44119],[-72.29059,42.43752],[-72.28867,42.43558],[-72.29194,42.43014],[-72.3024,42.42444],[-72.30204,42.42048],[-72.30628,42.42004],[-72.31015,42.4081],[-72.31372,42.40645],[-72.31582,42.39454],[-72.31004,42.38739],[-72.31445,42.38191],[-72.31107,42.37223],[-72.31588,42.36975],[-72.3105,42.36451],[-72.3138,42.35779],[-72.31425,42.34369],[-72.28423,42.35201],[-72.28138,42.33613],[-72.27849,42.33646],[-72.27708,42.32941],[-72.28,42.32909],[-72.27464,42.30196],[-72.2108,42.31138],[-72.21675,42.29406],[-72.20328,42.29118],[-72.21204,42.28265],[-72.21278,42.2698],[-72.21782,42.27018],[-72.21609,42.2562],[-72.2111,42.25568],[-72.21046,42.24721],[-72.21807,42.2486],[-72.26102,42.205],[-72.26469,42.19673],[-72.26392,42.18383],[-72.20063,42.16129],[-72.19935,42.15371],[-72.13501,42.16178],[-72.13572,42.03022],[-72.53155,42.03458],[-72.57278,42.03022],[-72.58216,42.02474],[-72.60717,42.02515],[-72.60798,42.03108],[-72.69933,42.03696],[-72.75589,42.03635],[-72.7573,42.03338],[-72.75206,42.02902],[-72.75734,42.02098],[-72.76525,42.02237],[-72.76581,42.01957],[-72.75895,42.01547],[-72.76298,42.01347],[-72.7615,42.0093],[-72.76625,42.00787],[-72.76673,42.00327],[-72.81705,41.99768],[-72.81378,42.03674],[-73.05329,42.03986],[-73.05655,42.04742],[-73.0543,42.05692],[-73.0617,42.06175],[-73.05824,42.06713],[-73.07308,42.09419],[-73.07509,42.10536],[-73.07187,42.10816],[-73.07293,42.11125],[-73.06109,42.1187],[-73.06928,42.13087],[-73.0688,42.13836],[-73.07213,42.14355],[-73.07111,42.14821],[-73.03492,42.14365],[-73.00429,42.25135],[-73.00185,42.25102],[-73.00028,42.3126],[-73.00878,42.30448],[-73.01654,42.31111],[-73.02015,42.30826],[-73.0294,42.30857],[-73.03895,42.31495],[-73.04075,42.32018],[-73.04545,42.3194],[-73.06289,42.32895],[-73.06851,42.38072],[-73.06577,42.38911],[-73.01168,42.37968],[-72.96858,42.54001],[-72.97904,42.54162],[-72.95104,42.64101],[-72.95559,42.6546],[-72.95485,42.66579],[-72.96152,42.66728],[-72.97579,42.66084],[-72.99569,42.67365],[-72.98873,42.67454],[-72.98927,42.67857],[-72.97583,42.67942],[-72.97766,42.68566],[-72.97352,42.68881],[-72.9638,42.68749],[-72.95384,42.69048],[-72.95158,42.69472],[-72.95387,42.69839],[-72.94964,42.70511],[-72.99788,42.70126],[-73.02371,42.70269]]]}},{"type":"Feature","properties":{"std_name":"Wausau-Stevens Point-Wisconsin Rapids, WI CSA","std_geoid":"554","pen":"statisticians","std_note":null,"LSAD":"M0","NAME":"Wausau-Stevens Point-Wisconsin Rapids, WI"},"geometry":{"type":"Polygon","coordinates":[[[-90.19777,45.1206],[-89.22421,45.11857],[-89.22481,44.24339],[-89.86321,44.24945],[-90.31803,44.24871],[-90.31504,45.03383],[-90.19752,45.03364],[-90.19777,45.1206]]]}},{"type":"Feature","properties":{"std_name":"Abilene-Sweetwater, TX CSA","std_geoid":"101","pen":"statisticians","std_note":null,"LSAD":"M0","NAME":"Abilene-Sweetwater, TX"},"geometry":{"type":"Polygon","coordinates":[[[-100.66063,32.52531],[-100.14654,32.52279],[-100.14422,32.95998],[-99.612,32.95696],[-99.61203,32.51465],[-99.11429,32.51481],[-99.11866,32.07959],[-100.30417,32.08133],[-100.66535,32.08541],[-100.66063,32.52531]]]}},{"type":"Feature","properties":{"std_name":"Altoona-Huntingdon, PA CSA","std_geoid":"107","pen":"statisticians","std_note":null,"LSAD":"M0","NAME":"Altoona-Huntingdon, PA"},"geometry":{"type":"Polygon","coordinates":[[[-78.54471,40.48668],[-78.53982,40.50629],[-78.53038,40.51914],[-78.49756,40.53916],[-78.48553,40.54135],[-78.44934,40.5903],[-78.44121,40.59724],[-78.44632,40.62416],[-78.44101,40.6316],[-78.44209,40.64136],[-78.43246,40.64776],[-78.4085,40.64433],[-78.34839,40.72343],[-78.36062,40.73318],[-78.13183,40.74302],[-77.94425,40.69156],[-77.89431,40.71619],[-77.8249,40.74353],[-77.76855,40.71947],[-77.71868,40.72737],[-77.71055,40.71456],[-77.68133,40.72976],[-77.67661,40.71645],[-77.70094,40.70519],[-77.70047,40.69485],[-77.70836,40.69049],[-77.70379,40.67994],[-77.68228,40.68512],[-77.68708,40.67675],[-77.72074,40.65797],[-77.72043,40.65458],[-77.75162,40.6323],[-77.77248,40.62593],[-77.8216,40.57893],[-77.84183,40.55004],[-77.816,40.49973],[-77.83587,40.48423],[-77.89655,40.41755],[-77.90805,40.41402],[-77.91242,40.40818],[-77.91384,40.39868],[-77.88912,40.39896],[-77.88772,40.39136],[-77.87029,40.39226],[-77.87256,40.3812],[-77.85569,40.36489],[-77.83834,40.36903],[-77.81864,40.36054],[-77.81039,40.36859],[-77.76172,40.36873],[-77.75212,40.37855],[-77.70296,40.26387],[-77.7242,40.25012],[-77.76833,40.20413],[-77.79639,40.16681],[-77.81587,40.13244],[-77.8636,40.06152],[-77.92556,40.10398],[-77.92591,40.10191],[-78.07849,40.13327],[-78.2363,40.22456],[-78.25731,40.29788],[-78.27406,40.2667],[-78.28495,40.25294],[-78.28876,40.24211],[-78.43429,40.3023],[-78.442,40.27895],[-78.44279,40.25961],[-78.4479,40.24439],[-78.5057,40.28731],[-78.5297,40.29287],[-78.61889,40.32647],[-78.60224,40.35363],[-78.56147,40.36967],[-78.55289,40.43478],[-78.55772,40.44156],[-78.54198,40.46974],[-78.5404,40.47621],[-78.54471,40.48668]]]}},{"type":"Feature","properties":{"std_name":"Appleton-Oshkosh-Neenah, WI CSA","std_geoid":"118","pen":"statisticians","std_note":null,"LSAD":"M0","NAME":"Appleton-Oshkosh-Neenah, WI"},"geometry":{"type":"Polygon","coordinates":[[[-88.73977,44.2433],[-88.7368,44.5906],[-88.44997,44.58931],[-88.2452,44.58475],[-88.19047,44.5868],[-88.19261,44.24195],[-88.04324,44.24102],[-88.04179,43.89169],[-88.16227,43.89151],[-88.16167,43.93768],[-88.40419,43.9382],[-88.40319,43.89298],[-88.8857,43.89518],[-88.88667,44.24262],[-88.73977,44.2433]]]}},{"type":"Feature","properties":{"std_name":"Atlanta--Athens-Clarke County--Sandy Springs, GA-AL CSA","std_geoid":"122","pen":"statisticians","std_note":null,"LSAD":"M0","NAME":"Atlanta--Athens-Clarke County--Sandy Springs, GA-AL"},"geometry":{"type":"Polygon","coordinates":[[[-84.65406,34.54895],[-84.52139,34.55046],[-84.52052,34.55667],[-84.51169,34.55675],[-84.51152,34.56365],[-84.50261,34.56368],[-84.50281,34.55048],[-84.47673,34.55013],[-84.47653,34.55665],[-84.48566,34.55671],[-84.4858,34.56327],[-84.46799,34.56349],[-84.46786,34.54997],[-84.43243,34.54944],[-84.42871,34.5575],[-84.4244,34.55741],[-84.42456,34.54933],[-84.37135,34.5485],[-84.3715,34.56291],[-84.34555,34.56274],[-84.34612,34.56682],[-84.33151,34.57253],[-84.33658,34.57922],[-84.32871,34.58362],[-84.31324,34.57771],[-84.30707,34.5814],[-84.29218,34.56901],[-84.27888,34.56961],[-84.27576,34.57375],[-84.25511,34.56833],[-84.25468,34.5975],[-84.22391,34.59699],[-84.21874,34.60051],[-84.2141,34.61006],[-84.19675,34.61792],[-84.18933,34.60886],[-84.18856,34.60269],[-84.15803,34.64824],[-84.15181,34.65127],[-84.14584,34.64684],[-84.13668,34.65502],[-84.13772,34.66046],[-84.12942,34.66377],[-84.08849,34.65127],[-84.08006,34.65371],[-84.07945,34.65684],[-84.07155,34.65701],[-84.06628,34.65105],[-84.06765,34.648],[-84.06263,34.64914],[-84.04823,34.64088],[-84.03651,34.64193],[-84.03852,34.65173],[-84.03045,34.65258],[-84.02411,34.67075],[-83.99441,34.67849],[-83.99211,34.69589],[-83.98641,34.70019],[-83.98956,34.7073],[-83.98261,34.71589],[-83.97721,34.71649],[-83.9643,34.7271],[-83.91657,34.72702],[-83.92129,34.73451],[-83.91824,34.73489],[-83.90011,34.73219],[-83.89311,34.72579],[-83.88581,34.72679],[-83.87743,34.7233],[-83.86979,34.72739],[-83.85638,34.72192],[-83.86371,34.68779],[-83.87251,34.68309],[-83.87364,34.67908],[-83.87471,34.67319],[-83.8709,34.66855],[-83.87641,34.66098],[-83.8717,34.65695],[-83.87554,34.64331],[-83.8711,34.63988],[-83.8756,34.6367],[-83.87371,34.63079],[-83.87742,34.62866],[-83.8728,34.61563],[-83.86446,34.61558],[-83.86445,34.60446],[-83.86681,34.60275],[-83.86449,34.6005],[-83.86445,34.55059],[-83.85368,34.55069],[-83.85371,34.54146],[-83.84375,34.54143],[-83.84379,34.5324],[-83.83283,34.53231],[-83.83286,34.52352],[-83.83629,34.52353],[-83.83928,34.5186],[-83.83757,34.51534],[-83.84313,34.51536],[-83.84341,34.50549],[-83.78848,34.50475],[-83.7886,34.5141],[-83.7776,34.5137],[-83.7777,34.5048],[-83.66642,34.5036],[-83.66297,34.51341],[-83.64668,34.51996],[-83.63888,34.52666],[-83.63311,34.52689],[-83.63424,34.53212],[-83.63036,34.53631],[-83.62608,34.53595],[-83.62453,34.54078],[-83.61661,34.54163],[-83.62143,34.54379],[-83.61639,34.54679],[-83.62014,34.55192],[-83.61563,34.55359],[-83.63527,34.57122],[-83.63316,34.57288],[-83.63884,34.58003],[-83.63854,34.59289],[-83.645,34.60201],[-83.64652,34.61221],[-83.63867,34.61642],[-83.63817,34.62226],[-83.64953,34.64124],[-83.66508,34.65358],[-83.66282,34.6598],[-83.65485,34.66255],[-83.654,34.66687],[-83.64529,34.66901],[-83.64844,34.67345],[-83.6406,34.67991],[-83.6365,34.6996],[-83.6394,34.71099],[-83.6329,34.72319],[-83.6233,34.73219],[-83.6267,34.73989],[-83.6251,34.74589],[-83.6325,34.75189],[-83.6281,34.76049],[-83.6329,34.77009],[-83.64729,34.77229],[-83.6689,34.78899],[-83.6748,34.78829],[-83.6816,34.80088],[-83.66637,34.80705],[-83.64888,34.82533],[-83.61308,34.82202],[-83.60762,34.82759],[-83.60157,34.82661],[-83.5869,34.81999],[-83.58121,34.80501],[-83.57527,34.79956],[-83.57634,34.79557],[-83.55664,34.78506],[-83.56225,34.78128],[-83.55893,34.77559],[-83.5604,34.77177],[-83.55487,34.76627],[-83.55681,34.75765],[-83.55096,34.74993],[-83.53513,34.74742],[-83.53723,34.7456],[-83.53538,34.73983],[-83.52636,34.73905],[-83.51279,34.73168],[-83.50349,34.73429],[-83.49663,34.72893],[-83.48022,34.7239],[-83.46612,34.73357],[-83.45757,34.73185],[-83.45034,34.73427],[-83.44637,34.73686],[-83.44607,34.74305],[-83.43612,34.74227],[-83.43122,34.74735],[-83.42373,34.74494],[-83.42244,34.73566],[-83.40366,34.72892],[-83.38738,34.73739],[-83.38611,34.73345],[-83.37484,34.73199],[-83.36577,34.72121],[-83.35245,34.71612],[-83.34665,34.70422],[-83.35362,34.69779],[-83.3426,34.69361],[-83.33817,34.68758],[-83.36504,34.67531],[-83.45977,34.48114],[-83.53754,34.49173],[-83.54478,34.48632],[-83.55244,34.48584],[-83.57642,34.46518],[-83.58536,34.45303],[-83.60711,34.44428],[-83.60963,34.43612],[-83.61719,34.43017],[-83.6229,34.41944],[-83.64475,34.41305],[-83.64543,34.40643],[-83.65556,34.39975],[-83.66021,34.39057],[-83.66013,34.37947],[-83.66943,34.36603],[-83.66359,34.3572],[-83.65131,34.34882],[-83.64794,34.33463],[-83.64916,34.32052],[-83.6446,34.3155],[-83.63251,34.30708],[-83.62522,34.30631],[-83.62503,34.30131],[-83.61706,34.29197],[-83.5976,34.28176],[-83.59266,34.2723],[-83.56152,34.25271],[-83.5025,34.25646],[-83.49483,34.26124],[-83.48875,34.25637],[-83.47924,34.26071],[-83.40243,34.1975],[-83.39032,34.2042],[-83.37513,34.2055],[-83.36685,34.20972],[-83.36327,34.2163],[-83.35867,34.21782],[-83.35864,34.22301],[-83.35223,34.22413],[-83.34446,34.2362],[-83.33676,34.238],[-83.32834,34.2489],[-83.3139,34.25451],[-83.31353,34.2592],[-83.3083,34.25883],[-83.29758,34.26457],[-83.28974,34.25964],[-83.28649,34.25331],[-83.2764,34.25445],[-83.27326,34.24896],[-83.25465,34.24755],[-83.25075,34.24337],[-83.23737,34.24191],[-83.23904,34.24642],[-83.23668,34.24814],[-83.22407,34.24385],[-83.21652,34.24652],[-83.21401,34.24315],[-83.20283,34.24834],[-83.17275,34.23852],[-83.11336,34.27353],[-83.11585,34.26212],[-83.07775,34.22285],[-83.08446,34.21144],[-83.09549,34.20249],[-83.09205,34.19015],[-83.10258,34.16833],[-83.07617,34.15329],[-83.06692,34.15427],[-83.06087,34.14771],[-83.063,34.14567],[-83.06126,34.14089],[-83.04834,34.12957],[-83.05041,34.12624],[-83.04792,34.12109],[-83.03078,34.11307],[-83.03261,34.10994],[-83.03004,34.10395],[-83.03606,34.09827],[-83.01308,34.07735],[-83.00478,34.07832],[-83.00217,34.0704],[-82.99008,34.06379],[-82.99053,34.05735],[-82.98684,34.05106],[-82.98066,34.04716],[-82.97788,34.04857],[-82.97629,34.04322],[-82.96561,34.04053],[-82.96179,34.03554],[-82.95381,34.03817],[-82.94314,34.02758],[-82.93412,34.02745],[-82.94385,34.0228],[-82.94227,34.01496],[-82.93272,34.01282],[-82.92722,34.00731],[-82.92175,34.01025],[-82.91709,34.00622],[-82.91457,34.00764],[-82.91618,34.01249],[-82.90583,34.01192],[-82.90611,34.00444],[-82.88164,34.0006],[-82.87928,33.99517],[-82.86691,33.99054],[-82.86343,33.983],[-82.84302,33.9837],[-82.84096,33.99207],[-82.83725,33.99269],[-82.82575,33.9845],[-82.81888,33.98606],[-82.81352,33.9816],[-82.77951,33.97112],[-82.78063,33.96483],[-82.79378,33.94867],[-82.80572,33.95082],[-82.80871,33.94587],[-82.82207,33.94428],[-82.82539,33.94087],[-82.84669,33.94064],[-82.85555,33.92749],[-82.87445,33.92191],[-82.87691,33.91551],[-82.88752,33.90791],[-82.88607,33.90489],[-82.89008,33.89649],[-82.90479,33.88053],[-82.91256,33.87698],[-82.92528,33.85289],[-82.94496,33.84621],[-82.95644,33.82626],[-82.96084,33.81172],[-82.97656,33.80207],[-82.98046,33.78941],[-82.98619,33.78583],[-82.98729,33.78071],[-82.96002,33.75181],[-82.94905,33.73333],[-82.98863,33.70656],[-82.9956,33.69358],[-83.00788,33.68987],[-83.01564,33.6912],[-83.04914,33.71556],[-83.11873,33.69882],[-83.28034,33.76177],[-83.28288,33.7548],[-83.29041,33.75182],[-83.29152,33.74522],[-83.29622,33.74313],[-83.29731,33.73817],[-83.29145,33.73432],[-83.40619,33.69831],[-83.4008,33.69622],[-83.3998,33.69113],[-83.39491,33.69051],[-83.39508,33.68376],[-83.38865,33.67892],[-83.38017,33.66123],[-83.36934,33.65406],[-83.37055,33.65053],[-83.36512,33.64436],[-83.36573,33.64008],[-83.36238,33.63977],[-83.36438,33.63547],[-83.35954,33.62233],[-83.34972,33.61425],[-83.34687,33.6005],[-83.34887,33.59729],[-83.33789,33.59739],[-83.33622,33.58839],[-83.33079,33.58327],[-83.32626,33.58415],[-83.32623,33.57989],[-83.31722,33.5734],[-83.31229,33.56416],[-83.30322,33.56311],[-83.30361,33.55501],[-83.2951,33.55229],[-83.28659,33.54268],[-83.27835,33.54455],[-83.2707,33.53649],[-83.26953,33.53182],[-83.27673,33.52854],[-83.28061,33.52277],[-83.28399,33.50821],[-83.27711,33.49233],[-83.27993,33.48344],[-83.53374,33.43447],[-83.53781,33.3938],[-83.54588,33.17194],[-83.81605,33.13182],[-83.81707,33.14393],[-83.81397,33.14825],[-83.82431,33.1623],[-83.82226,33.18024],[-83.8326,33.18465],[-83.84249,33.19672],[-83.85253,33.19484],[-83.85939,33.20058],[-83.86811,33.20193],[-84.12377,33.20282],[-84.12398,33.17862],[-84.22428,33.17939],[-84.2275,33.1889],[-84.24819,33.18902],[-84.24866,33.03933],[-84.25885,33.03968],[-84.25906,33.03152],[-84.26917,33.03144],[-84.27014,32.99101],[-84.12225,32.98867],[-84.12433,32.80094],[-84.14933,32.80121],[-84.20263,32.69002],[-84.20316,32.6975],[-84.21135,32.70134],[-84.21938,32.72029],[-84.2363,32.72104],[-84.22919,32.7323],[-84.2358,32.73828],[-84.24106,32.73764],[-84.25466,32.72532],[-84.25365,32.72221],[-84.25644,32.72272],[-84.25678,32.72931],[-84.26271,32.73931],[-84.28426,32.74452],[-84.29037,32.75361],[-84.2997,32.75602],[-84.30139,32.76134],[-84.31615,32.75554],[-84.32512,32.76238],[-84.33613,32.75971],[-84.34484,32.77581],[-84.35358,32.78358],[-84.35738,32.78209],[-84.35558,32.77356],[-84.36304,32.77817],[-84.36969,32.77618],[-84.38254,32.78028],[-84.38639,32.78636],[-84.39102,32.78696],[-84.39687,32.80584],[-84.40287,32.81268],[-84.40269,32.81737],[-84.40862,32.82195],[-84.40837,32.82643],[-84.42117,32.83881],[-84.43418,32.83806],[-84.44273,32.82521],[-84.45664,32.82866],[-84.45879,32.84125],[-84.46731,32.85301],[-84.47645,32.85607],[-84.48306,32.85225],[-84.49009,32.8569],[-84.48915,32.8623],[-84.4753,32.87246],[-84.47589,32.87685],[-84.49826,32.88359],[-84.50689,32.88179],[-84.50706,32.87747],[-84.57067,32.84518],[-84.70054,32.84464],[-84.75146,32.8627],[-84.75134,32.8692],[-84.84106,32.86812],[-84.84759,32.86837],[-84.84769,32.87244],[-84.86183,32.8725],[-84.86186,32.86862],[-85.09947,32.87015],[-85.09941,32.86665],[-85.10868,32.86666],[-85.10883,32.87024],[-85.18413,32.87053],[-85.1844,32.86132],[-85.17935,32.85527],[-85.16982,32.85251],[-85.1619,32.85639],[-85.15339,32.84486],[-85.15458,32.8398],[-85.16058,32.83825],[-85.16834,32.82852],[-85.16484,32.81979],[-85.16794,32.81161],[-85.15202,32.79418],[-85.14218,32.79214],[-85.13966,32.78515],[-85.12622,32.77919],[-85.12233,32.77438],[-85.13088,32.76956],[-85.13669,32.77117],[-85.14283,32.76212],[-85.13504,32.74653],[-85.28484,32.74513],[-85.28504,32.73073],[-85.40455,32.73053],[-85.40481,32.73773],[-85.41345,32.73743],[-85.41345,32.74473],[-85.43055,32.74503],[-85.43055,32.73033],[-85.48205,32.73053],[-85.48185,32.73783],[-85.49075,32.73773],[-85.49066,32.73063],[-85.56807,32.72902],[-85.56808,32.7365],[-85.57675,32.73636],[-85.57679,32.72885],[-85.59315,32.72853],[-85.59318,33.10734],[-85.23238,33.10808],[-85.46221,34.28639],[-85.38735,34.2861],[-85.37882,34.29621],[-85.38282,34.30328],[-85.3632,34.33902],[-85.35369,34.34609],[-85.33488,34.36975],[-85.29946,34.3847],[-85.28021,34.38954],[-85.26366,34.39865],[-85.24921,34.40173],[-85.24909,34.40819],[-85.24145,34.40826],[-85.24134,34.41552],[-85.22244,34.41553],[-85.22231,34.42081],[-85.21457,34.42281],[-85.21508,34.42959],[-85.2047,34.42933],[-85.18055,34.436],[-85.17009,34.45465],[-85.14765,34.51499],[-85.12465,34.55089],[-85.10775,34.58748],[-85.0605,34.58718],[-85.06038,34.62245],[-85.05045,34.62248],[-85.05045,34.61598],[-84.92636,34.61572],[-84.92747,34.62604],[-84.91509,34.62976],[-84.91346,34.63413],[-84.9083,34.63406],[-84.90825,34.61579],[-84.86391,34.61576],[-84.86379,34.6086],[-84.78508,34.60829],[-84.77948,34.60833],[-84.77907,34.61294],[-84.76632,34.61548],[-84.74831,34.60914],[-84.74432,34.62393],[-84.7158,34.6229],[-84.71438,34.60509],[-84.7228,34.60505],[-84.72307,34.61277],[-84.73129,34.61273],[-84.73122,34.59861],[-84.70554,34.59846],[-84.70526,34.59077],[-84.682,34.58984],[-84.68196,34.58333],[-84.65452,34.58319],[-84.65406,34.54895]]]}},{"type":"Feature","properties":{"std_name":"Bloomington-Pontiac, IL CSA","std_geoid":"145","pen":"statisticians","std_note":null,"LSAD":"M0","NAME":"Bloomington-Pontiac, IL"},"geometry":{"type":"Polygon","coordinates":[[[-88.47062,41.10893],[-88.2515,41.11422],[-88.23495,40.61821],[-88.45947,40.61735],[-88.46042,40.28193],[-89.26265,40.28092],[-89.26937,40.59437],[-89.13375,40.59673],[-89.13422,40.61149],[-89.10113,40.61233],[-89.10157,40.62504],[-89.04437,40.62743],[-89.04532,40.66394],[-88.98472,40.66495],[-88.9869,40.7523],[-88.92933,40.75334],[-88.93088,41.1059],[-88.47062,41.10893]]]}},{"type":"Feature","properties":{"std_name":"Boise City-Mountain Home-Ontario, ID-OR CSA","std_geoid":"147","pen":"statisticians","std_note":null,"LSAD":"M0","NAME":"Boise City-Mountain Home-Ontario, ID-OR"},"geometry":{"type":"Polygon","coordinates":[[[-116.89779,44.15259],[-116.35849,44.15116],[-116.36028,44.15422],[-116.35319,44.17552],[-116.35626,44.17848],[-116.35368,44.18635],[-116.35703,44.20723],[-116.34879,44.21061],[-116.34332,44.2178],[-116.34772,44.22211],[-116.34361,44.22577],[-116.35148,44.23782],[-116.34639,44.24125],[-116.35025,44.24503],[-116.34928,44.25189],[-116.34361,44.25718],[-116.34437,44.27323],[-116.34179,44.277],[-116.34403,44.28637],[-116.35133,44.28815],[-116.34289,44.29923],[-116.34161,44.30705],[-116.34801,44.32231],[-116.34108,44.32749],[-116.33987,44.33777],[-116.33123,44.34869],[-116.33254,44.35177],[-116.3286,44.35729],[-116.33281,44.3587],[-116.33577,44.36587],[-116.33391,44.376],[-116.32908,44.37551],[-116.32785,44.38262],[-116.32172,44.38772],[-116.3236,44.39313],[-116.31912,44.40532],[-116.31964,44.42069],[-116.30829,44.42344],[-116.2983,44.4482],[-116.29149,44.45271],[-116.25802,44.46607],[-116.24581,44.46469],[-116.24381,44.46146],[-116.23614,44.46471],[-116.22998,44.48949],[-116.22257,44.49415],[-116.21779,44.50856],[-116.21331,44.51081],[-116.21082,44.50462],[-116.2005,44.50308],[-116.19328,44.49367],[-116.18689,44.49383],[-116.17656,44.50066],[-116.15242,44.49883],[-116.15224,44.35204],[-116.15229,44.32452],[-116.21291,44.32437],[-116.21387,44.15139],[-116.11249,44.14784],[-116.1174,44.15545],[-116.1173,44.16485],[-116.12038,44.16971],[-116.11858,44.17603],[-116.11412,44.17813],[-116.11653,44.18268],[-116.10644,44.21046],[-116.10307,44.23641],[-115.52029,44.23536],[-115.51557,44.24241],[-115.50621,44.24329],[-115.50234,44.23446],[-115.49454,44.23284],[-115.48474,44.24121],[-115.47204,44.23813],[-115.47136,44.24168],[-115.44355,44.24817],[-115.44282,44.25498],[-115.42864,44.26161],[-115.42616,44.26647],[-115.41284,44.26611],[-115.4055,44.25907],[-115.40141,44.25962],[-115.40149,44.2658],[-115.39044,44.26987],[-115.38617,44.28946],[-115.35138,44.30643],[-115.35407,44.31151],[-115.34937,44.31412],[-115.35039,44.32564],[-115.35674,44.33156],[-115.35016,44.33633],[-115.35748,44.34596],[-115.34923,44.34928],[-115.34027,44.34667],[-115.33088,44.35169],[-115.29461,44.33944],[-115.28816,44.32993],[-115.28893,44.32585],[-115.27924,44.32286],[-115.27199,44.31544],[-115.24973,44.31109],[-115.24863,44.2989],[-115.24347,44.29224],[-115.23954,44.29559],[-115.24085,44.30427],[-115.23598,44.30811],[-115.21311,44.30451],[-115.20937,44.28849],[-115.20303,44.28253],[-115.18748,44.28739],[-115.17896,44.29652],[-115.16615,44.27676],[-115.16841,44.26956],[-115.16401,44.26237],[-115.16751,44.25783],[-115.15661,44.24695],[-115.16054,44.23962],[-115.17483,44.23546],[-115.16993,44.22082],[-115.16276,44.21371],[-115.16927,44.2061],[-115.16768,44.20284],[-115.14367,44.19031],[-115.1275,44.19167],[-115.11556,44.17857],[-115.10919,44.17579],[-115.10793,44.17006],[-115.09824,44.17349],[-115.08913,44.1724],[-115.08236,44.17616],[-115.07281,44.17226],[-115.06173,44.16013],[-115.0606,44.16321],[-115.05128,44.16527],[-115.04333,44.15917],[-115.03137,44.15989],[-115.02418,44.15548],[-115.01715,44.14223],[-115.01849,44.13879],[-115.02601,44.12864],[-115.04647,44.12363],[-115.04672,44.11997],[-115.03988,44.11276],[-115.0296,44.11034],[-115.02816,44.10509],[-115.02053,44.09839],[-114.99804,44.09823],[-114.9969,44.09055],[-115.01072,44.07719],[-115.01961,44.07995],[-115.02676,44.07197],[-115.0353,44.06944],[-115.03542,44.06053],[-115.04356,44.05882],[-115.04772,44.05065],[-115.04814,44.0378],[-115.03929,44.02832],[-115.03993,44.02449],[-115.03447,44.02408],[-115.02989,44.01788],[-115.01947,44.01647],[-115.01763,44.01252],[-115.00736,44.01333],[-114.9986,44.02066],[-114.99271,44.01157],[-114.98256,44.01119],[-114.98552,44.00444],[-114.98223,44.00074],[-114.98743,43.99224],[-114.97964,43.98582],[-114.96734,43.98209],[-114.96962,43.97249],[-114.9786,43.97016],[-114.99131,43.95315],[-114.98644,43.94695],[-114.97827,43.9468],[-114.97135,43.93831],[-114.97949,43.93295],[-114.97849,43.92872],[-114.98287,43.92176],[-114.99056,43.92155],[-114.99669,43.91441],[-114.99582,43.90837],[-114.98852,43.90098],[-114.98838,43.88583],[-114.97407,43.8787],[-114.97389,43.86736],[-114.98945,43.86166],[-114.98926,43.85856],[-115.0005,43.85124],[-114.99918,43.84643],[-115.00373,43.84044],[-115.00196,43.83126],[-115.01976,43.82296],[-115.01882,43.81712],[-115.02244,43.81493],[-115.02218,43.80938],[-115.02642,43.80662],[-115.03042,43.79573],[-115.0302,43.78151],[-115.03819,43.76799],[-115.03523,43.76191],[-115.03901,43.758],[-115.03657,43.75121],[-115.04234,43.74558],[-115.03216,43.73541],[-115.0301,43.72878],[-115.01534,43.72669],[-115.0097,43.71558],[-115.0116,43.70586],[-115.00884,43.69691],[-115.02212,43.68989],[-115.02227,43.68664],[-115.03609,43.67538],[-115.03007,43.66058],[-115.03692,43.6468],[-115.03313,43.63477],[-115.03606,43.62639],[-115.0325,43.62203],[-115.03383,43.61864],[-115.04117,43.61977],[-115.05069,43.61548],[-115.0655,43.59972],[-115.07568,43.60695],[-115.08309,43.60429],[-115.08359,43.37045],[-115.08657,43.37043],[-115.08685,42.91456],[-115.06367,42.91265],[-115.04958,42.91706],[-115.03777,42.91186],[-115.03816,41.99628],[-116.36848,41.99628],[-117.13367,42.00044],[-118.19737,41.99734],[-118.19528,42.27581],[-118.21473,42.27678],[-118.21683,42.9147],[-118.22879,42.91463],[-118.22807,43.34896],[-118.23201,43.34896],[-118.23239,43.61227],[-118.2321,43.77083],[-118.23173,43.77922],[-118.22811,43.7792],[-118.22756,44.05439],[-118.22884,44.21255],[-118.23391,44.21255],[-118.23221,44.25613],[-118.19334,44.2562],[-118.1934,44.27071],[-118.15295,44.27068],[-118.15246,44.29951],[-118.13214,44.29948],[-118.13235,44.31431],[-118.11209,44.31427],[-118.11207,44.32875],[-118.09212,44.32873],[-118.09209,44.34321],[-118.08704,44.34318],[-118.08702,44.35765],[-118.07188,44.35756],[-118.07192,44.37201],[-118.0519,44.372],[-118.05196,44.39003],[-118.03181,44.38995],[-118.03167,44.41519],[-118.01148,44.41517],[-118.0114,44.42961],[-117.97195,44.4293],[-117.97179,44.44385],[-117.59085,44.44457],[-117.59086,44.43013],[-117.56962,44.43006],[-117.56966,44.41568],[-117.52936,44.41572],[-117.52941,44.40133],[-117.5092,44.40146],[-117.50921,44.38714],[-117.48674,44.38725],[-117.48701,44.30032],[-117.22005,44.3014],[-117.22265,44.29758],[-117.21763,44.28906],[-117.19815,44.27383],[-117.17034,44.25889],[-117.15705,44.25749],[-117.13849,44.25938],[-117.12104,44.27759],[-117.10596,44.28043],[-117.09457,44.27098],[-117.0895,44.25823],[-117.06728,44.24401],[-117.05303,44.22908],[-117.04706,44.22974],[-117.04228,44.24278],[-117.03186,44.24864],[-116.9759,44.24284],[-116.97196,44.23568],[-116.97395,44.22593],[-116.97025,44.22084],[-116.9737,44.20802],[-116.97168,44.19726],[-116.94759,44.19126],[-116.93544,44.19396],[-116.92607,44.19177],[-116.91487,44.18269],[-116.90361,44.17999],[-116.89503,44.16808],[-116.89431,44.15811],[-116.89779,44.15259]]]}},{"type":"Feature","properties":{"std_name":"Brookings-Crescent City, OR-CA CSA","std_geoid":"152","pen":"statisticians","std_note":null,"LSAD":"M0","NAME":"Brookings-Crescent City, OR-CA"},"geometry":{"type":"Polygon","coordinates":[[[-124.70354,42.77037],[-124.69581,42.79113],[-124.68063,42.80425],[-124.67176,42.82558],[-124.65512,42.84002],[-124.65246,42.85069],[-124.64515,42.86189],[-124.62213,42.8772],[-124.61596,42.89288],[-124.60686,42.90353],[-124.59183,42.91472],[-124.57235,42.92251],[-124.55237,42.95431],[-124.25839,42.95495],[-124.25827,42.95115],[-124.25347,42.95131],[-124.25332,42.94381],[-124.24378,42.9443],[-124.24387,42.94065],[-124.23913,42.94095],[-124.23939,42.93375],[-124.21962,42.93378],[-124.21942,42.91816],[-124.20971,42.91823],[-124.20952,42.91112],[-124.21439,42.91114],[-124.2142,42.90401],[-124.20454,42.90393],[-124.19969,42.89666],[-124.18998,42.8967],[-124.1807,42.88245],[-124.16131,42.8835],[-124.16207,42.86973],[-124.15663,42.86964],[-124.15649,42.8658],[-124.14638,42.86208],[-124.14634,42.85051],[-124.14147,42.85059],[-124.14118,42.82847],[-124.16066,42.82829],[-124.16015,42.81776],[-124.16489,42.81782],[-124.16489,42.79001],[-124.16016,42.79009],[-124.15997,42.73995],[-124.13865,42.73996],[-124.13875,42.67112],[-124.13293,42.67112],[-124.13292,42.6667],[-124.12805,42.66668],[-124.12807,42.67112],[-124.11923,42.67113],[-124.1192,42.67834],[-124.08987,42.67821],[-124.08987,42.68545],[-123.99629,42.68565],[-123.9963,42.7001],[-123.97668,42.70012],[-123.97663,42.71456],[-123.95699,42.71457],[-123.95703,42.72905],[-123.93729,42.7291],[-123.93727,42.73967],[-123.92594,42.73971],[-123.92572,42.77451],[-123.86849,42.77484],[-123.86828,42.78192],[-123.84989,42.78182],[-123.84986,42.78899],[-123.80583,42.78704],[-123.7913,42.79753],[-123.7833,42.79943],[-123.75133,42.78775],[-123.74349,42.78797],[-123.73231,42.78013],[-123.71649,42.78538],[-123.72034,42.77719],[-123.73302,42.76895],[-123.7375,42.75312],[-123.7496,42.74195],[-123.75922,42.71774],[-123.83126,42.63231],[-123.83169,42.6258],[-123.82153,42.61974],[-123.8194,42.61245],[-123.82852,42.60629],[-123.83031,42.59507],[-123.84956,42.58372],[-123.85004,42.57458],[-123.86099,42.56035],[-123.8548,42.54974],[-123.86536,42.54199],[-123.87856,42.52451],[-123.87516,42.51324],[-123.88527,42.50809],[-123.89056,42.50057],[-123.91932,42.49474],[-123.92851,42.49466],[-123.93709,42.50049],[-123.94444,42.50144],[-123.97259,42.4953],[-123.9862,42.49823],[-123.98883,42.50197],[-124.00862,42.49622],[-124.01154,42.48963],[-124.00225,42.48466],[-124.00098,42.46628],[-124.00575,42.46124],[-124.00116,42.45465],[-124.00447,42.45115],[-124.0018,42.4447],[-124.00933,42.44154],[-124.01478,42.43336],[-124.00925,42.42746],[-124.0129,42.42364],[-124.00863,42.41962],[-124.01306,42.41271],[-124.03553,42.40217],[-124.03739,42.39156],[-124.04198,42.38766],[-124.03533,42.37761],[-124.03629,42.37021],[-124.02707,42.35922],[-124.02035,42.36169],[-124.01193,42.35857],[-123.94959,42.35654],[-123.93654,42.36162],[-123.93321,42.35434],[-123.92041,42.34647],[-123.89946,42.34937],[-123.89265,42.35329],[-123.88803,42.35145],[-123.88432,42.34595],[-123.87785,42.34485],[-123.87905,42.33554],[-123.86958,42.3228],[-123.85986,42.31854],[-123.85129,42.32058],[-123.8395,42.3122],[-123.84713,42.30425],[-123.84731,42.29922],[-123.83788,42.29469],[-123.83834,42.28837],[-123.82548,42.27644],[-123.82616,42.27097],[-123.82247,42.26456],[-123.81487,42.26243],[-123.81002,42.24811],[-123.81218,42.24379],[-123.79218,42.23763],[-123.794,42.23116],[-123.79052,42.2203],[-123.79636,42.22009],[-123.80091,42.21579],[-123.8088,42.21696],[-123.82047,42.19897],[-123.82129,42.18985],[-123.81351,42.18399],[-123.81509,42.17412],[-123.8126,42.16965],[-123.82391,42.15766],[-123.84005,42.15302],[-123.84413,42.14675],[-123.85338,42.1436],[-123.85855,42.13512],[-123.85018,42.12694],[-123.83924,42.12467],[-123.84016,42.11678],[-123.83669,42.10962],[-123.83216,42.10791],[-123.82953,42.09728],[-123.82199,42.0872],[-123.82738,42.07207],[-123.83417,42.066],[-123.83414,42.06257],[-123.84137,42.05968],[-123.83857,42.05762],[-123.84068,42.05183],[-123.84915,42.04434],[-123.84447,42.03336],[-123.8361,42.02919],[-123.83996,42.01759],[-123.82662,42.00915],[-123.82872,42.00235],[-123.81816,41.99879],[-123.82204,41.99558],[-123.65721,41.99509],[-123.62402,41.99977],[-123.51791,42.00076],[-123.51985,41.99516],[-123.53426,41.99093],[-123.54093,41.98531],[-123.53629,41.97732],[-123.53325,41.95517],[-123.54767,41.93843],[-123.54885,41.93333],[-123.55439,41.93005],[-123.55357,41.91466],[-123.55949,41.90597],[-123.57796,41.90298],[-123.59361,41.90625],[-123.5994,41.899],[-123.59738,41.89417],[-123.6048,41.88809],[-123.6063,41.88077],[-123.61705,41.88181],[-123.62446,41.88843],[-123.64219,41.88974],[-123.64524,41.88355],[-123.65231,41.87892],[-123.6465,41.87665],[-123.65139,41.87291],[-123.64948,41.86032],[-123.66153,41.85647],[-123.67134,41.84499],[-123.67078,41.83543],[-123.68291,41.83714],[-123.70377,41.82912],[-123.70304,41.81975],[-123.69437,41.81565],[-123.68996,41.80316],[-123.67211,41.79599],[-123.67626,41.78949],[-123.6746,41.78563],[-123.68834,41.78122],[-123.68342,41.76963],[-123.6783,41.73854],[-123.66611,41.73216],[-123.66107,41.7241],[-123.66021,41.71406],[-123.66917,41.70648],[-123.67007,41.70173],[-123.66284,41.69347],[-123.68539,41.67604],[-123.68958,41.66943],[-123.6886,41.66017],[-123.68527,41.66005],[-123.68845,41.65273],[-123.68044,41.63396],[-123.69664,41.63386],[-123.69747,41.62674],[-123.7057,41.62148],[-123.71103,41.61502],[-123.71143,41.60892],[-123.71611,41.60655],[-123.71909,41.59526],[-123.71568,41.59131],[-123.69887,41.59572],[-123.69759,41.59094],[-123.68232,41.59488],[-123.68134,41.58674],[-123.68909,41.58207],[-123.68153,41.57177],[-123.69389,41.55699],[-123.69389,41.55186],[-123.69025,41.55232],[-123.68254,41.54305],[-123.67003,41.54409],[-123.6528,41.53939],[-123.64805,41.53502],[-123.64262,41.5227],[-123.64613,41.51242],[-123.64074,41.50737],[-123.63446,41.48607],[-123.63777,41.48238],[-123.63057,41.47712],[-123.63241,41.47346],[-123.62662,41.46679],[-123.61163,41.46157],[-123.61592,41.45296],[-123.6124,41.44895],[-123.62201,41.43263],[-123.63779,41.4281],[-123.64856,41.42082],[-123.64202,41.41566],[-123.63891,41.40737],[-123.64165,41.40019],[-123.656,41.39531],[-123.65547,41.38843],[-123.66136,41.38209],[-123.77024,41.38078],[-123.77055,41.46419],[-124.13656,41.46445],[-124.15794,41.51896],[-124.16049,41.54341],[-124.17227,41.55098],[-124.18499,41.56577],[-124.18834,41.574],[-124.19011,41.60819],[-124.20134,41.6194],[-124.20978,41.6352],[-124.21178,41.66191],[-124.20855,41.67382],[-124.21171,41.68119],[-124.23686,41.69464],[-124.26242,41.70186],[-124.3003,41.72415],[-124.33061,41.73379],[-124.36919,41.76341],[-124.38437,41.76823],[-124.39951,41.77786],[-124.43503,41.81658],[-124.44071,41.83874],[-124.43502,41.85651],[-124.41132,41.88206],[-124.40124,41.88559],[-124.3652,41.88657],[-124.34765,41.88315],[-124.33298,41.877],[-124.31194,41.85879],[-124.28503,41.85949],[-124.27965,41.87484],[-124.27612,41.90305],[-124.28569,41.91292],[-124.29194,41.9285],[-124.28993,41.94543],[-124.28477,41.95683],[-124.28858,41.96956],[-124.307,41.99291],[-124.33866,42.00326],[-124.34917,42.01639],[-124.37505,42.02923],[-124.39035,42.05017],[-124.40481,42.05942],[-124.41511,42.07277],[-124.42599,42.11791],[-124.43246,42.13185],[-124.43533,42.14986],[-124.43351,42.16483],[-124.45196,42.18784],[-124.47136,42.20372],[-124.48367,42.22961],[-124.48568,42.24984],[-124.47826,42.278],[-124.49033,42.29065],[-124.4949,42.30575],[-124.49407,42.32588],[-124.48654,42.33828],[-124.49533,42.34959],[-124.50001,42.3651],[-124.50032,42.38007],[-124.49415,42.39609],[-124.52709,42.40555],[-124.5427,42.41525],[-124.56176,42.43828],[-124.56951,42.45459],[-124.56722,42.47779],[-124.55465,42.49414],[-124.54752,42.49983],[-124.51869,42.51108],[-124.51216,42.52434],[-124.50122,42.53539],[-124.46535,42.55303],[-124.47407,42.5628],[-124.48084,42.58158],[-124.47355,42.61473],[-124.50849,42.61956],[-124.53031,42.63228],[-124.54059,42.64449],[-124.54572,42.65717],[-124.54743,42.6724],[-124.54413,42.68382],[-124.56123,42.69275],[-124.58469,42.7193],[-124.64213,42.71611],[-124.66464,42.72048],[-124.69071,42.73825],[-124.70034,42.75253],[-124.70354,42.77037]]]}},{"type":"Feature","properties":{"std_name":"Carbondale-Marion-Herrin, IL CSA","std_geoid":"166","pen":"statisticians","std_note":null,"LSAD":"M0","NAME":"Carbondale-Marion-Herrin, IL"},"geometry":{"type":"Polygon","coordinates":[[[-88.70676,37.86346],[-88.70855,37.59928],[-88.81889,37.60068],[-88.83676,37.59751],[-88.96681,37.59622],[-89.14902,37.60028],[-89.4532,37.60009],[-89.4479,37.59798],[-89.44942,37.59147],[-89.45476,37.58737],[-89.4538,37.57814],[-89.46394,37.56519],[-89.47353,37.56196],[-89.48269,37.56737],[-89.50213,37.57055],[-89.50236,37.578],[-89.51069,37.57856],[-89.52156,37.57216],[-89.51801,37.58396],[-89.48906,37.58032],[-89.47911,37.58439],[-89.47603,37.59023],[-89.4784,37.59887],[-89.50656,37.62505],[-89.51772,37.64122],[-89.51615,37.66797],[-89.51204,37.68098],[-89.51426,37.68992],[-89.52573,37.69844],[-89.58332,37.71326],[-89.59748,37.73348],[-89.61574,37.74273],[-89.61728,37.74972],[-89.64953,37.7455],[-89.66487,37.7512],[-89.66799,37.75948],[-89.66119,37.77573],[-89.66038,37.7863],[-89.67432,37.80315],[-89.68086,37.8225],[-89.66444,37.82913],[-89.65713,37.84706],[-89.65793,37.85596],[-89.59507,37.95534],[-89.15083,37.9502],[-89.15118,37.862],[-88.70676,37.86346]]]}},{"type":"Feature","properties":{"std_name":"Cedar Rapids-Iowa City, IA CSA","std_geoid":"168","pen":"statisticians","std_note":null,"LSAD":"M0","NAME":"Cedar Rapids-Iowa City, IA"},"geometry":{"type":"Polygon","coordinates":[[[-92.29816,41.86278],[-92.29879,42.29753],[-91.83109,42.29906],[-91.71444,42.29654],[-90.89802,42.29524],[-90.89848,41.94624],[-91.36588,41.94741],[-91.36852,41.42318],[-91.48399,41.42385],[-91.48572,41.1624],[-91.94557,41.16358],[-91.94604,41.51075],[-91.82923,41.51146],[-91.82706,41.60045],[-91.83308,41.60041],[-91.83419,41.6867],[-91.83138,41.86185],[-92.29816,41.86278]]]}},{"type":"Feature","properties":{"std_name":"Chattanooga-Cleveland-Dalton, TN-GA-AL CSA","std_geoid":"174","pen":"statisticians","std_note":null,"LSAD":"M0","NAME":"Chattanooga-Cleveland-Dalton, TN-GA-AL"},"geometry":{"type":"MultiPolygon","coordinates":[[[[-84.62148,34.98833],[-84.62275,34.85713],[-84.61243,34.8513],[-84.60232,34.83852],[-84.59289,34.84018],[-84.59053,34.83109],[-84.58219,34.82459],[-84.58788,34.81504],[-84.5938,34.81327],[-84.59603,34.80582],[-84.6014,34.80645],[-84.60264,34.79948],[-84.60975,34.79094],[-84.62198,34.78913],[-84.62267,34.78601],[-84.64135,34.77771],[-84.63531,34.77093],[-84.63899,34.75443],[-84.64832,34.74766],[-84.6571,34.7289],[-84.65452,34.58319],[-84.68196,34.58333],[-84.682,34.58984],[-84.70526,34.59077],[-84.70554,34.59846],[-84.73122,34.59861],[-84.73129,34.61273],[-84.72307,34.61277],[-84.7228,34.60505],[-84.71438,34.60509],[-84.7159,34.62292],[-84.74432,34.62393],[-84.74831,34.60914],[-84.76632,34.61548],[-84.77907,34.61294],[-84.77948,34.60833],[-84.78508,34.60829],[-84.86379,34.6086],[-84.86391,34.61576],[-84.90825,34.61579],[-84.9083,34.63406],[-84.91346,34.63413],[-84.91509,34.62976],[-84.92747,34.62604],[-84.92636,34.61572],[-85.05045,34.61598],[-85.05045,34.62248],[-85.06038,34.62245],[-85.0605,34.58718],[-85.10775,34.58748],[-85.12465,34.55089],[-85.14765,34.51499],[-85.17009,34.45465],[-85.18055,34.436],[-85.2047,34.42933],[-85.21508,34.42959],[-85.21457,34.42281],[-85.22231,34.42081],[-85.22244,34.41553],[-85.24134,34.41552],[-85.24145,34.40826],[-85.24909,34.40819],[-85.24921,34.40173],[-85.26366,34.39865],[-85.28021,34.38954],[-85.29946,34.3847],[-85.33488,34.36975],[-85.35369,34.34609],[-85.3632,34.33902],[-85.38282,34.30328],[-85.37882,34.29621],[-85.38735,34.2861],[-85.46221,34.28639],[-85.58315,34.86037],[-85.60216,34.85136],[-85.60097,34.84696],[-85.6179,34.83397],[-85.62689,34.83212],[-85.63416,34.81296],[-85.63447,34.79808],[-85.6602,34.75496],[-85.67338,34.74491],[-85.69304,34.74425],[-85.78547,34.62458],[-85.93854,34.52535],[-85.96234,34.49976],[-85.97648,34.49154],[-85.98419,34.49094],[-85.98425,34.48652],[-86.00384,34.48003],[-86.02111,34.4818],[-86.02782,34.47477],[-86.05761,34.47601],[-86.07436,34.4667],[-86.08276,34.46447],[-86.08906,34.46753],[-86.08773,34.48178],[-86.09569,34.48796],[-86.10021,34.4972],[-86.0981,34.49924],[-86.09986,34.50422],[-86.10464,34.50686],[-86.09567,34.51348],[-86.09995,34.51535],[-86.09488,34.51963],[-86.09785,34.5217],[-86.10904,34.51989],[-86.10977,34.52858],[-86.11374,34.52936],[-86.11957,34.52447],[-86.12772,34.53385],[-86.14274,34.52139],[-86.14776,34.5209],[-86.13985,34.5333],[-86.14981,34.53363],[-86.14413,34.53426],[-86.14326,34.54117],[-86.15508,34.5502],[-86.14943,34.54975],[-86.14846,34.59907],[-86.32685,34.5994],[-86.33161,34.60541],[-86.32581,34.60961],[-86.35903,34.63261],[-86.35812,34.73503],[-86.34225,34.74431],[-86.33785,34.76304],[-86.34195,34.77178],[-86.34175,34.78086],[-86.33816,34.78732],[-86.33401,34.78838],[-86.33496,34.79348],[-86.33993,34.79434],[-86.34131,34.80055],[-86.3461,34.80427],[-86.34481,34.81256],[-86.3434,34.81723],[-86.33602,34.81864],[-86.3351,34.82319],[-86.32649,34.83026],[-86.33832,34.83585],[-86.3349,34.84789],[-86.34697,34.85769],[-86.3452,34.86761],[-86.3513,34.87366],[-86.33984,34.885],[-86.3416,34.89477],[-86.32943,34.9014],[-86.31882,34.90213],[-86.31139,34.91195],[-86.31572,34.9225],[-86.32236,34.92583],[-86.32624,34.9371],[-86.31782,34.93555],[-86.31576,34.93787],[-86.31104,34.9347],[-86.29326,34.94505],[-86.28856,34.93962],[-86.28009,34.93925],[-86.27965,34.9339],[-86.27348,34.92976],[-86.27224,34.9241],[-86.26338,34.92278],[-86.25577,34.92923],[-86.25919,34.94537],[-86.28705,34.95774],[-86.28937,34.96863],[-86.29518,34.96716],[-86.30689,34.97529],[-86.31274,34.97549],[-86.30896,34.98217],[-86.31127,34.9911],[-85.86393,34.98825],[-85.86333,35.22028],[-85.87303,35.2204],[-85.87302,35.22336],[-85.84835,35.24027],[-85.82243,35.24223],[-85.77349,35.21874],[-85.74011,35.21529],[-85.69358,35.23926],[-85.70942,35.28925],[-85.70774,35.29073],[-85.70078,35.2918],[-85.69042,35.28607],[-85.67236,35.29346],[-85.67388,35.29781],[-85.66995,35.29825],[-85.6694,35.30158],[-85.66654,35.29983],[-85.65546,35.30557],[-85.6513,35.30224],[-85.63295,35.30369],[-85.55861,35.31923],[-85.54235,35.34145],[-85.52902,35.34283],[-85.52632,35.34842],[-85.50617,35.35766],[-85.50293,35.36543],[-85.50572,35.36897],[-85.48922,35.38349],[-85.49458,35.38639],[-85.49587,35.39333],[-85.48564,35.40643],[-85.51288,35.40761],[-85.51228,35.42296],[-85.52047,35.42156],[-85.53581,35.43149],[-85.54133,35.4614],[-85.53666,35.48709],[-85.60733,35.53165],[-85.55754,35.53298],[-85.55671,35.5365],[-85.54613,35.53628],[-85.54474,35.54253],[-85.52989,35.54033],[-85.49523,35.54775],[-85.45972,35.54688],[-85.46016,35.55044],[-85.45498,35.55273],[-85.45352,35.55813],[-85.4238,35.56742],[-85.42716,35.56237],[-85.42465,35.56006],[-85.42822,35.55827],[-85.43183,35.54592],[-85.4362,35.54144],[-85.43076,35.52908],[-85.42493,35.52986],[-85.41544,35.5234],[-85.41711,35.5203],[-85.41406,35.52214],[-85.40706,35.51781],[-85.41164,35.50643],[-85.4033,35.49228],[-85.31434,35.41721],[-85.22588,35.35428],[-85.1683,35.45561],[-85.16289,35.44871],[-85.15123,35.44521],[-85.13797,35.45622],[-85.13599,35.45131],[-85.13176,35.45097],[-85.13109,35.458],[-85.12538,35.45923],[-85.12572,35.45515],[-85.12004,35.45814],[-85.1115,35.45696],[-85.10726,35.45242],[-85.10956,35.45031],[-85.10332,35.44553],[-85.11073,35.43724],[-85.10216,35.42844],[-85.08729,35.43454],[-85.08201,35.42907],[-85.0787,35.43187],[-85.07343,35.42928],[-85.06691,35.43648],[-85.01666,35.4091],[-84.98005,35.43927],[-84.97925,35.44587],[-84.98545,35.46107],[-84.98006,35.47008],[-84.96975,35.46757],[-84.96025,35.44937],[-84.94585,35.43967],[-84.92365,35.43737],[-84.91215,35.44267],[-84.90385,35.45447],[-84.90445,35.47207],[-84.90035,35.47967],[-84.86875,35.49007],[-84.85815,35.50007],[-84.85939,35.51155],[-84.87737,35.52508],[-84.88043,35.53105],[-84.88044,35.5392],[-84.87397,35.55022],[-84.85888,35.55456],[-84.8134,35.54538],[-84.80201,35.54694],[-84.7949,35.55255],[-84.79517,35.55973],[-84.80924,35.57019],[-84.81145,35.57925],[-84.80398,35.58681],[-84.784,35.5937],[-84.77665,35.60245],[-84.77779,35.61324],[-84.78648,35.62854],[-84.7776,35.64756],[-84.78121,35.6784],[-84.76959,35.68941],[-84.76359,35.70149],[-84.75593,35.70015],[-84.74994,35.69452],[-84.7522,35.6823],[-84.74721,35.6782],[-84.72108,35.69172],[-84.72312,35.70692],[-84.71152,35.73007],[-84.72385,35.7529],[-84.71399,35.74199],[-84.69842,35.74181],[-84.69841,35.73271],[-84.69512,35.73268],[-84.69873,35.71787],[-84.67654,35.7175],[-84.67646,35.71049],[-84.67197,35.71038],[-84.67222,35.70294],[-84.66353,35.70284],[-84.66321,35.7102],[-84.6544,35.71002],[-84.65435,35.71729],[-84.64528,35.71709],[-84.64507,35.72444],[-84.63631,35.72429],[-84.63654,35.72048],[-84.62303,35.71178],[-84.62295,35.70792],[-84.61903,35.70788],[-84.61897,35.70339],[-84.62334,35.69988],[-84.6192,35.69484],[-84.62806,35.69012],[-84.62804,35.66225],[-84.62586,35.65883],[-84.61988,35.65886],[-84.61987,35.64465],[-84.58447,35.64442],[-84.5843,35.63309],[-84.56691,35.63324],[-84.56693,35.62977],[-84.55787,35.62965],[-84.55793,35.63697],[-84.54923,35.6369],[-84.5476,35.64133],[-84.53901,35.63779],[-84.53401,35.62956],[-84.52598,35.62811],[-84.52237,35.61863],[-84.54036,35.61943],[-84.54033,35.61174],[-84.52565,35.61178],[-84.526,35.60785],[-84.52271,35.60778],[-84.52262,35.60043],[-84.52029,35.60051],[-84.52263,35.58614],[-84.50479,35.58615],[-84.50475,35.57874],[-84.44322,35.46265],[-84.44514,35.45997],[-84.45233,35.45988],[-84.45223,35.45527],[-84.44304,35.45553],[-84.43811,35.44821],[-84.43403,35.44864],[-84.4362,35.44595],[-84.43434,35.44015],[-84.43824,35.43992],[-84.43878,35.43557],[-84.4436,35.43348],[-84.43733,35.43371],[-84.43653,35.42277],[-84.42955,35.42273],[-84.42665,35.41844],[-84.4264,35.41201],[-84.43093,35.41187],[-84.43083,35.40827],[-84.42633,35.40837],[-84.42633,35.40187],[-84.41767,35.40049],[-84.41756,35.40301],[-84.41407,35.39841],[-84.40923,35.39838],[-84.40923,35.35587],[-84.40681,35.3537],[-84.40913,35.35368],[-84.40932,35.34428],[-84.40062,35.34428],[-84.40103,35.33037],[-84.41053,35.33057],[-84.45471,35.31852],[-84.47763,35.30334],[-84.49553,35.28547],[-84.35692,35.23368],[-84.36092,35.22668],[-84.34482,35.22038],[-84.35212,35.20718],[-84.34432,35.20428],[-84.34042,35.21088],[-84.33252,35.20778],[-84.32572,35.21938],[-84.29237,35.20669],[-84.32182,34.98841],[-84.62148,34.98833]]],[[[-86.15427,34.53026],[-86.15423,34.53378],[-86.14981,34.53363],[-86.14979,34.53015],[-86.15427,34.53026]]]]}},{"type":"Feature","properties":{"std_name":"Cincinnati-Wilmington, OH-KY-IN CSA","std_geoid":"178","pen":"statisticians","std_note":null,"LSAD":"M0","NAME":"Cincinnati-Wilmington, OH-KY-IN"},"geometry":{"type":"Polygon","coordinates":[[[-84.28615,39.58958],[-83.57629,39.54455],[-83.59088,39.37874],[-83.78479,39.26289],[-83.79565,39.24093],[-83.80247,39.23753],[-83.80149,39.23113],[-83.80629,39.23048],[-83.80865,39.2245],[-83.83587,39.2233],[-83.8344,39.24571],[-83.86568,39.24733],[-83.87221,39.0213],[-83.67302,39.02043],[-83.70531,38.63983],[-83.72086,38.64667],[-83.74825,38.64927],[-83.76912,38.65507],[-83.77573,38.66671],[-83.78347,38.6952],[-83.78777,38.69992],[-83.82189,38.70954],[-83.83676,38.71772],[-83.84156,38.72392],[-83.84833,38.74648],[-83.85864,38.75652],[-83.87242,38.76226],[-83.9039,38.76818],[-83.99677,38.58333],[-84.00468,38.58977],[-84.0097,38.5845],[-84.01928,38.58422],[-84.0157,38.58995],[-84.0197,38.59483],[-84.02554,38.5909],[-84.02357,38.58386],[-84.03369,38.58295],[-84.03291,38.59612],[-84.05182,38.59108],[-84.05065,38.59438],[-84.04442,38.59615],[-84.04543,38.60064],[-84.05025,38.60259],[-84.0583,38.59137],[-84.06094,38.59278],[-84.0595,38.5989],[-84.06722,38.59776],[-84.06598,38.60238],[-84.06861,38.60394],[-84.07798,38.59834],[-84.07876,38.60457],[-84.08337,38.60862],[-84.08301,38.59809],[-84.09077,38.59544],[-84.09637,38.58838],[-84.10448,38.58629],[-84.10242,38.58114],[-84.10804,38.57979],[-84.11472,38.57085],[-84.12481,38.56847],[-84.12233,38.56358],[-84.14637,38.5498],[-84.16203,38.55412],[-84.1681,38.55901],[-84.17963,38.55845],[-84.18988,38.55255],[-84.21073,38.55049],[-84.21768,38.55998],[-84.20218,38.56615],[-84.20535,38.58204],[-84.40032,38.5606],[-84.40367,38.56493],[-84.41065,38.56572],[-84.41831,38.55722],[-84.42646,38.55772],[-84.42031,38.55171],[-84.42784,38.5463],[-84.41922,38.54278],[-84.43222,38.5397],[-84.43316,38.53381],[-84.43509,38.53664],[-84.44724,38.53706],[-84.44785,38.52965],[-84.44872,38.53339],[-84.45503,38.53072],[-84.45761,38.53622],[-84.46624,38.53605],[-84.47219,38.54399],[-84.47519,38.54384],[-84.48529,38.50855],[-84.49663,38.51242],[-84.50309,38.51191],[-84.50738,38.50761],[-84.52139,38.5083],[-84.55188,38.49322],[-84.56067,38.49238],[-84.58054,38.47304],[-84.60077,38.48103],[-84.61803,38.48097],[-84.62665,38.48513],[-84.63633,38.50321],[-84.64373,38.50841],[-84.64229,38.51385],[-84.65005,38.51529],[-84.64475,38.5203],[-84.65547,38.52386],[-84.65301,38.52752],[-84.65816,38.52908],[-84.65775,38.53282],[-84.66727,38.53163],[-84.67058,38.52665],[-84.67457,38.53203],[-84.67161,38.537],[-84.66646,38.53585],[-84.66931,38.54076],[-84.66542,38.54372],[-84.67515,38.54615],[-84.6793,38.55128],[-84.6745,38.55794],[-84.77432,38.61859],[-84.78741,38.72354],[-84.79408,38.7245],[-84.79961,38.71551],[-84.81452,38.71079],[-84.81633,38.70772],[-84.81017,38.70482],[-84.81185,38.70231],[-84.82145,38.70386],[-84.83403,38.71191],[-84.84473,38.69682],[-84.85975,38.70089],[-84.86836,38.70002],[-84.87319,38.68892],[-84.88146,38.68495],[-84.8881,38.68735],[-84.88999,38.67636],[-84.90413,38.6785],[-84.90495,38.66983],[-84.91157,38.66867],[-84.92543,38.67342],[-84.93454,38.66213],[-84.96267,38.67959],[-85.02312,38.76133],[-84.99192,38.77828],[-84.94112,38.77569],[-84.88756,38.79483],[-84.82886,38.78327],[-84.81467,38.78451],[-84.8116,38.79196],[-84.81399,38.80022],[-84.82702,38.81853],[-84.83004,38.83014],[-84.82364,38.83892],[-84.79044,38.86125],[-84.78454,38.87508],[-84.78756,38.8833],[-84.81341,38.89525],[-84.86187,38.89775],[-84.87062,38.90091],[-85.14031,38.90319],[-85.0651,39.31007],[-85.21788,39.30847],[-85.29654,39.26829],[-85.29861,39.52547],[-85.02248,39.52613],[-84.81535,39.52195],[-84.81493,39.56771],[-84.47893,39.56879],[-84.47921,39.59102],[-84.28615,39.58958]]]}},{"type":"Feature","properties":{"std_name":"Columbus-Auburn-Opelika, GA-AL CSA","std_geoid":"194","pen":"statisticians","std_note":null,"LSAD":"M0","NAME":"Columbus-Auburn-Opelika, GA-AL"},"geometry":{"type":"Polygon","coordinates":[[[-85.59315,32.72853],[-85.57679,32.72885],[-85.57675,32.73636],[-85.56808,32.7365],[-85.56807,32.72902],[-85.49066,32.73063],[-85.49075,32.73773],[-85.48185,32.73783],[-85.48205,32.73053],[-85.43055,32.73033],[-85.43055,32.74503],[-85.41345,32.74473],[-85.41345,32.73743],[-85.40481,32.73773],[-85.40455,32.73053],[-85.28504,32.73073],[-85.28484,32.74513],[-85.13504,32.74653],[-85.14283,32.76212],[-85.13669,32.77117],[-85.13088,32.76956],[-85.12233,32.77438],[-85.12622,32.77919],[-85.13966,32.78515],[-85.14218,32.79214],[-85.15202,32.79418],[-85.16794,32.81161],[-85.16484,32.81979],[-85.16834,32.82852],[-85.16058,32.83825],[-85.15458,32.8398],[-85.15339,32.84486],[-85.1619,32.85639],[-85.16982,32.85251],[-85.17935,32.85527],[-85.1844,32.86132],[-85.18413,32.87053],[-85.10883,32.87024],[-85.10868,32.86666],[-85.09941,32.86665],[-85.09947,32.87015],[-84.86186,32.86862],[-84.86183,32.8725],[-84.84769,32.87244],[-84.84759,32.86837],[-84.84106,32.86812],[-84.75134,32.8692],[-84.75146,32.8627],[-84.70054,32.84464],[-84.57067,32.84518],[-84.50706,32.87747],[-84.50689,32.88179],[-84.49826,32.88359],[-84.47589,32.87685],[-84.4753,32.87246],[-84.48915,32.8623],[-84.49009,32.8569],[-84.48306,32.85225],[-84.47645,32.85607],[-84.46731,32.85301],[-84.45879,32.84125],[-84.45664,32.82866],[-84.44273,32.82521],[-84.43252,32.83865],[-84.42117,32.83881],[-84.41491,32.83453],[-84.40837,32.82643],[-84.40862,32.82195],[-84.40176,32.81605],[-84.40287,32.81268],[-84.39687,32.80584],[-84.39102,32.78696],[-84.38639,32.78636],[-84.38254,32.78028],[-84.36969,32.77618],[-84.36304,32.77817],[-84.35558,32.77356],[-84.35721,32.78258],[-84.35212,32.78323],[-84.33613,32.75971],[-84.32512,32.76238],[-84.31615,32.75554],[-84.30139,32.76134],[-84.2997,32.75602],[-84.29072,32.75384],[-84.28625,32.74763],[-84.28874,32.73615],[-84.30413,32.73371],[-84.32227,32.72116],[-84.33794,32.72065],[-84.33888,32.67904],[-84.36424,32.67936],[-84.37462,32.63735],[-84.39122,32.61935],[-84.40838,32.6105],[-84.40887,32.56192],[-84.44435,32.56208],[-84.44365,32.54222],[-84.45323,32.54237],[-84.45315,32.53434],[-84.44325,32.53416],[-84.44304,32.51853],[-84.43354,32.51869],[-84.43362,32.49324],[-84.42392,32.49324],[-84.42442,32.48514],[-84.40781,32.48527],[-84.40858,32.44395],[-84.40312,32.44352],[-84.40087,32.4355],[-84.39212,32.43535],[-84.38993,32.29724],[-84.4133,32.29753],[-84.41328,32.28948],[-84.4101,32.28945],[-84.41042,32.23186],[-84.42945,32.23215],[-84.42992,32.19417],[-84.42008,32.19168],[-84.42051,32.17436],[-84.43001,32.17426],[-84.43121,32.13406],[-84.52712,32.13456],[-84.52742,32.15116],[-84.53632,32.15116],[-84.53662,32.15955],[-84.54612,32.15906],[-84.54569,32.17523],[-84.56469,32.17514],[-84.56423,32.19219],[-84.59975,32.19243],[-84.59782,32.19855],[-84.60071,32.21032],[-84.60626,32.21715],[-84.61022,32.21705],[-84.61052,32.22555],[-84.62112,32.22555],[-84.62062,32.23306],[-84.64932,32.23295],[-84.64932,32.22515],[-84.64032,32.22525],[-84.64032,32.18425],[-84.63112,32.18405],[-84.63132,32.17635],[-84.64032,32.17655],[-84.64242,32.16015],[-84.65162,32.16015],[-84.65142,32.15185],[-84.64232,32.15185],[-84.64356,32.03701],[-84.64442,32.02886],[-84.65412,32.02846],[-84.65517,31.98436],[-84.64481,31.98432],[-84.64499,31.977],[-84.65519,31.97706],[-84.65504,31.96965],[-84.64513,31.96972],[-84.64536,31.96149],[-84.65501,31.96153],[-84.65582,31.92031],[-84.67583,31.92053],[-84.67579,31.92868],[-84.68571,31.92898],[-84.68552,31.92031],[-84.80066,31.92285],[-84.80065,31.93153],[-84.81012,31.93184],[-84.8104,31.92291],[-84.91726,31.92466],[-84.9172,31.93309],[-84.93614,31.93376],[-84.93576,31.94184],[-84.95525,31.94226],[-84.9549,31.95029],[-84.97407,31.95021],[-84.9737,31.9593],[-84.96421,31.95906],[-84.96395,31.96693],[-84.95403,31.96677],[-84.9537,31.97478],[-85.00123,31.97596],[-85.00113,31.98386],[-85.01183,31.98376],[-85.01193,31.97586],[-85.04203,31.97566],[-85.04193,31.98476],[-85.06094,31.9851],[-85.06093,31.99186],[-85.06823,31.99186],[-85.06344,32.00414],[-85.05508,32.01071],[-85.05496,32.01875],[-85.04882,32.0217],[-85.05777,32.03182],[-85.05353,32.03595],[-85.05883,32.04666],[-85.05593,32.06305],[-85.10498,32.06254],[-85.10478,32.06975],[-85.11319,32.06958],[-85.11337,32.06239],[-85.18507,32.06171],[-85.19483,32.06934],[-85.19594,32.07474],[-85.1922,32.07552],[-85.1969,32.07944],[-85.1958,32.08242],[-85.20683,32.08679],[-85.20527,32.08894],[-85.20947,32.09025],[-85.20823,32.09279],[-85.21827,32.09403],[-85.22842,32.10163],[-85.22964,32.11263],[-85.23472,32.11601],[-85.23423,32.11955],[-85.2455,32.11914],[-85.24542,32.12342],[-85.23626,32.12387],[-85.24397,32.13075],[-85.25002,32.13009],[-85.24774,32.13366],[-85.25184,32.13276],[-85.25978,32.13854],[-85.25775,32.14825],[-85.42744,32.14655],[-85.43354,32.23465],[-85.85622,32.23197],[-85.86803,32.23992],[-85.87009,32.24641],[-85.87647,32.2467],[-85.87881,32.26543],[-85.87383,32.26937],[-85.87514,32.27366],[-85.8713,32.27374],[-85.8761,32.27903],[-85.87464,32.28315],[-85.8779,32.29158],[-85.89382,32.29849],[-85.89532,32.30486],[-85.89884,32.30517],[-85.89869,32.27499],[-85.91929,32.27438],[-85.92357,32.28291],[-85.94058,32.28742],[-85.95415,32.30186],[-85.95846,32.32348],[-85.96645,32.32511],[-85.96684,32.33188],[-85.99143,32.33615],[-85.99154,32.34707],[-85.99535,32.34724],[-85.99406,32.36019],[-86.00026,32.36266],[-86.00201,32.3672],[-85.99905,32.36721],[-86.00538,32.36913],[-86.00337,32.3716],[-86.01458,32.38429],[-86.01044,32.39453],[-86.01408,32.39714],[-86.01099,32.40513],[-86.01624,32.41034],[-86.02026,32.41002],[-86.02301,32.41998],[-86.01664,32.4208],[-86.00842,32.42835],[-85.99996,32.42697],[-85.99256,32.43013],[-85.99049,32.43529],[-85.99645,32.44577],[-85.99214,32.4525],[-85.98366,32.43939],[-85.9744,32.4457],[-85.98063,32.45054],[-85.97678,32.45402],[-85.96401,32.44956],[-85.95718,32.44076],[-85.94445,32.44429],[-85.92996,32.45428],[-85.88964,32.44752],[-85.8786,32.45061],[-85.88233,32.45441],[-85.87449,32.47292],[-85.85272,32.47701],[-85.85541,32.48038],[-85.8645,32.47966],[-85.87389,32.48363],[-85.88724,32.49391],[-85.89039,32.50014],[-85.89065,32.52175],[-85.88526,32.54543],[-85.89071,32.57034],[-85.89456,32.61473],[-85.88775,32.64761],[-85.901,32.66017],[-85.91171,32.67784],[-85.90747,32.6993],[-85.89127,32.71499],[-85.8934,32.72766],[-85.88035,32.73998],[-85.88206,32.75043],[-85.87986,32.75453],[-85.95486,32.75482],[-85.95556,32.76913],[-85.97276,32.76922],[-85.97216,32.75493],[-86.00719,32.75498],[-86.00721,32.79154],[-86.00494,32.79557],[-86.00707,32.79643],[-85.99975,32.80153],[-86.00709,32.80224],[-86.00756,32.81292],[-86.01355,32.81979],[-86.00747,32.8251],[-86.0139,32.82641],[-86.00756,32.82777],[-86.00917,33.09026],[-85.97456,33.09051],[-85.97472,33.10529],[-85.59318,33.10734],[-85.59315,32.72853]]]}},{"type":"Feature","properties":{"std_name":"Davenport-Moline, IA-IL CSA","std_geoid":"209","pen":"statisticians","std_note":null,"LSAD":"M0","NAME":"Davenport-Moline, IA-IL"},"geometry":{"type":"Polygon","coordinates":[[[-91.36933,41.33606],[-91.36645,41.59837],[-90.89985,41.59713],[-90.89837,42.03355],[-90.15422,42.03307],[-90.14006,42.00325],[-90.14623,41.98133],[-90.15383,41.97412],[-90.16414,41.95618],[-90.16385,41.94493],[-90.1516,41.931],[-90.15358,41.90661],[-90.17004,41.87644],[-90.17301,41.85739],[-90.1819,41.84322],[-90.18397,41.83307],[-90.18197,41.80707],[-90.21689,41.79534],[-90.24238,41.78296],[-90.24717,41.76261],[-90.24012,41.76496],[-90.23677,41.7626],[-90.24671,41.75476],[-90.24792,41.74688],[-90.24317,41.74432],[-90.24427,41.74038],[-90.23651,41.74075],[-90.23471,41.73611],[-90.23867,41.72727],[-90.23408,41.72501],[-90.23984,41.70669],[-90.24571,41.70354],[-90.23716,41.69957],[-90.23664,41.69631],[-90.23116,41.69576],[-90.23205,41.69186],[-90.22679,41.69252],[-90.22686,41.68348],[-90.23594,41.68059],[-90.2327,41.67657],[-90.18953,41.66337],[-90.1737,41.65496],[-90.17029,41.6487],[-90.16123,41.64393],[-90.16381,41.63922],[-90.17391,41.64007],[-90.17324,41.6374],[-90.16246,41.63553],[-90.15988,41.6305],[-90.16069,41.61787],[-90.16612,41.6098],[-90.16513,41.59574],[-90.17043,41.59176],[-90.18367,41.59019],[-90.18554,41.58457],[-89.86235,41.584],[-89.85737,41.51837],[-89.8575,41.23465],[-89.86779,41.23443],[-89.86815,41.14949],[-90.43765,41.15146],[-90.43942,41.06399],[-90.94899,41.07025],[-90.94662,41.09663],[-90.96591,41.11956],[-90.98966,41.15571],[-91.00759,41.16619],[-91.02723,41.16338],[-91.04156,41.16616],[-91.07298,41.20715],[-91.11306,41.23997],[-91.11278,41.25253],[-91.10114,41.26717],[-91.08921,41.29121],[-91.07484,41.30558],[-91.07205,41.3336],[-91.36933,41.33606]]]}},{"type":"Feature","properties":{"std_name":"Denver-Aurora-Greeley, CO CSA","std_geoid":"216","pen":"statisticians","std_note":null,"LSAD":"M0","NAME":"Denver-Aurora-Greeley, CO"},"geometry":{"type":"Polygon","coordinates":[[[-104.15033,40.00086],[-103.7057,40.00137],[-103.70707,39.56629],[-103.71435,39.56633],[-103.71523,39.12845],[-103.72115,39.12831],[-103.72201,39.08409],[-103.71966,38.86683],[-104.05553,38.86887],[-104.05159,39.12837],[-105.33038,39.12947],[-105.32896,38.6972],[-105.96975,38.69355],[-105.96182,38.70605],[-105.94618,38.71672],[-105.94756,38.72019],[-105.94347,38.72314],[-105.94611,38.72743],[-105.94302,38.73453],[-105.94786,38.74382],[-105.94134,38.7456],[-105.93799,38.75604],[-105.93925,38.76408],[-105.94454,38.7681],[-105.92929,38.77455],[-105.92956,38.78139],[-105.92502,38.78313],[-105.92671,38.78551],[-105.9149,38.79061],[-105.91069,38.80453],[-105.90659,38.80687],[-105.94185,38.84039],[-105.93915,38.84605],[-105.94317,38.85231],[-105.92512,38.87218],[-105.94124,38.88559],[-105.94914,38.8831],[-105.96497,38.88598],[-105.9743,38.88246],[-105.97942,38.89453],[-105.96866,38.90072],[-105.96577,38.90588],[-105.98566,38.91803],[-105.99817,38.91516],[-106.02814,38.94285],[-106.05825,38.94181],[-106.06591,38.9319],[-106.08483,38.93943],[-106.09065,38.93654],[-106.111,38.9401],[-106.1137,38.95564],[-106.10436,38.97338],[-106.10971,38.98223],[-106.10895,38.98738],[-106.14541,38.9979],[-106.16913,38.9913],[-106.17592,38.99965],[-106.17885,39.01076],[-106.19295,39.01771],[-106.18947,39.02128],[-106.19208,39.02929],[-106.1825,39.03855],[-106.18482,39.05084],[-106.19101,39.05607],[-106.19158,39.06798],[-106.16966,39.08642],[-106.16987,39.09073],[-106.17856,39.10329],[-106.21017,39.10392],[-106.20348,39.11409],[-106.1887,39.12102],[-106.1858,39.12925],[-106.17309,39.1381],[-106.17945,39.16504],[-106.17841,39.17458],[-106.18553,39.18659],[-106.17932,39.19349],[-106.18028,39.20252],[-106.18474,39.20931],[-106.17841,39.21298],[-106.17822,39.21913],[-106.17016,39.22299],[-106.1683,39.23072],[-106.17293,39.2368],[-106.18512,39.24269],[-106.18078,39.24793],[-106.18038,39.25991],[-106.18676,39.27985],[-106.18091,39.2988],[-106.18371,39.31028],[-106.17643,39.31208],[-106.16947,39.32223],[-106.15125,39.32069],[-106.13993,39.33955],[-106.15294,39.36276],[-106.1488,39.36835],[-106.13874,39.37201],[-106.13655,39.37884],[-106.13241,39.37953],[-106.12031,39.37659],[-106.09679,39.3779],[-106.08563,39.36972],[-106.07419,39.36863],[-106.0561,39.35843],[-106.04393,39.35738],[-106.02197,39.36171],[-106.01762,39.3655],[-106.01838,39.3814],[-106.01385,39.3869],[-105.99665,39.39442],[-105.99286,39.40186],[-105.98502,39.40167],[-105.97687,39.40857],[-105.95187,39.41434],[-105.95484,39.42622],[-105.9645,39.43281],[-105.96604,39.43878],[-105.94415,39.44091],[-105.93866,39.4585],[-105.91164,39.45674],[-105.90596,39.45966],[-105.89222,39.48403],[-105.87909,39.48377],[-105.87471,39.49352],[-105.86658,39.49435],[-105.86039,39.50471],[-105.85389,39.50451],[-105.86807,39.51949],[-105.85951,39.53154],[-105.84538,39.52375],[-105.83002,39.53204],[-105.82292,39.52993],[-105.81763,39.53831],[-105.81893,39.54581],[-105.81581,39.55198],[-105.82577,39.55568],[-105.83,39.56593],[-105.8366,39.56879],[-105.83837,39.57295],[-105.82654,39.5802],[-105.80808,39.5834],[-105.80015,39.59342],[-105.77574,39.60558],[-105.77614,39.61108],[-105.78271,39.61796],[-105.7846,39.63115],[-105.79349,39.63638],[-105.81724,39.63356],[-105.82118,39.64269],[-105.83492,39.642],[-105.84155,39.64618],[-105.84866,39.64416],[-105.86477,39.66722],[-105.87961,39.66364],[-105.88486,39.65708],[-105.89395,39.65942],[-105.89681,39.66466],[-105.91075,39.66229],[-105.92668,39.67359],[-105.91958,39.69029],[-105.92455,39.70342],[-105.92141,39.70994],[-105.91178,39.71529],[-105.90828,39.72625],[-105.88944,39.73155],[-105.88237,39.74033],[-105.88484,39.75172],[-105.88048,39.7593],[-105.88672,39.766],[-105.89266,39.78264],[-105.88769,39.78902],[-105.88739,39.797],[-105.87557,39.79926],[-105.87231,39.79669],[-105.85494,39.79615],[-105.85148,39.78777],[-105.84409,39.78952],[-105.82295,39.7856],[-105.81919,39.78983],[-105.81051,39.79147],[-105.80826,39.79733],[-105.79901,39.80343],[-105.78466,39.80243],[-105.76388,39.79498],[-105.73592,39.80499],[-105.73346,39.81254],[-105.72436,39.81823],[-105.72394,39.82464],[-105.71337,39.83821],[-105.70327,39.83671],[-105.69575,39.83948],[-105.69035,39.852],[-105.70078,39.87889],[-105.69769,39.88431],[-105.69972,39.8915],[-105.69112,39.89729],[-105.68723,39.90419],[-105.68786,39.9117],[-105.67508,39.93325],[-105.68294,39.93379],[-105.69369,39.94241],[-105.69176,39.94642],[-105.69435,39.95015],[-105.68511,39.95874],[-105.68824,39.95976],[-105.69034,39.96986],[-105.6849,39.97945],[-105.68748,39.98542],[-105.68316,39.99288],[-105.69119,39.99731],[-105.68982,40.01511],[-105.66161,40.01647],[-105.65191,40.0209],[-105.65279,40.02377],[-105.64064,40.03502],[-105.63749,40.04584],[-105.65106,40.05844],[-105.64669,40.06522],[-105.63887,40.06703],[-105.64112,40.073],[-105.63543,40.07495],[-105.63262,40.08145],[-105.636,40.08455],[-105.63202,40.09719],[-105.63668,40.10699],[-105.63465,40.11323],[-105.62657,40.11865],[-105.62878,40.12351],[-105.62609,40.12735],[-105.62998,40.13043],[-105.6297,40.13782],[-105.63547,40.14042],[-105.63566,40.14601],[-105.656,40.15128],[-105.66773,40.15828],[-105.67147,40.16542],[-105.66692,40.16989],[-105.67179,40.18003],[-105.67036,40.18462],[-105.67755,40.18851],[-105.67764,40.20233],[-105.67056,40.2078],[-105.6703,40.21936],[-105.66316,40.22003],[-105.66905,40.22418],[-105.66001,40.24883],[-105.64402,40.24994],[-105.65082,40.25369],[-105.65332,40.26046],[-105.55159,40.26148],[-105.40235,40.25778],[-105.37523,40.26129],[-105.28945,40.26279],[-105.05509,40.26179],[-105.05672,40.34928],[-104.94555,40.3491],[-104.94337,40.99821],[-104.57758,41.00156],[-103.57377,41.00172],[-103.5743,40.70202],[-103.58037,40.70202],[-103.58184,40.52316],[-104.14771,40.52439],[-104.15033,40.00086]]]}},{"type":"Feature","properties":{"std_name":"Duluth-Grand Rapids, MN-WI CSA","std_geoid":"228","pen":"statisticians","std_note":null,"LSAD":"M0","NAME":"Duluth-Grand Rapids, MN-WI"},"geometry":{"type":"Polygon","coordinates":[[[-93.77617,47.8464],[-93.77577,47.89895],[-93.08091,47.89186],[-93.08093,47.97854],[-93.08812,47.97859],[-93.08911,48.06792],[-93.09654,48.0678],[-93.09802,48.24253],[-93.09497,48.24253],[-93.08856,48.62771],[-92.98457,48.62382],[-92.95479,48.63154],[-92.94979,48.63033],[-92.95001,48.60835],[-92.92956,48.60693],[-92.91007,48.59639],[-92.8945,48.59498],[-92.72841,48.53937],[-92.65785,48.54622],[-92.63489,48.54256],[-92.62552,48.51789],[-92.62507,48.51291],[-92.63192,48.50671],[-92.62701,48.50327],[-92.6371,48.49933],[-92.6541,48.50169],[-92.66147,48.49631],[-92.68576,48.4974],[-92.69867,48.49484],[-92.71268,48.46298],[-92.68812,48.44371],[-92.65622,48.43647],[-92.57654,48.4406],[-92.53695,48.44774],[-92.50747,48.44798],[-92.48935,48.43026],[-92.48201,48.42829],[-92.47545,48.41862],[-92.45643,48.41408],[-92.4564,48.40111],[-92.4765,48.37191],[-92.46977,48.35209],[-92.43671,48.3089],[-92.42563,48.30462],[-92.41563,48.29509],[-92.38919,48.25368],[-92.39236,48.25116],[-92.3859,48.25133],[-92.38726,48.24433],[-92.38382,48.24456],[-92.37838,48.23033],[-92.36992,48.22028],[-92.36805,48.22407],[-92.3622,48.22267],[-92.35355,48.23008],[-92.3419,48.2317],[-92.33657,48.23566],[-92.3321,48.23391],[-92.31489,48.2405],[-92.26958,48.24818],[-92.27364,48.25652],[-92.29018,48.26506],[-92.29456,48.27121],[-92.29317,48.27598],[-92.30143,48.2883],[-92.29455,48.30622],[-92.30617,48.31625],[-92.30448,48.32283],[-92.29544,48.32385],[-92.28884,48.34281],[-92.26255,48.35491],[-92.22161,48.34886],[-92.21696,48.34496],[-92.20672,48.34565],[-92.2039,48.35184],[-92.19281,48.34872],[-92.17853,48.3518],[-92.17741,48.35714],[-92.162,48.3633],[-92.14489,48.36569],[-92.1437,48.35602],[-92.08355,48.35371],[-92.07816,48.35802],[-92.05522,48.35936],[-92.04511,48.34573],[-92.04784,48.34359],[-92.04694,48.33477],[-92.03767,48.33306],[-92.03079,48.3257],[-92.00011,48.3211],[-92.01299,48.29744],[-92.01202,48.287],[-92.00726,48.28055],[-92.00652,48.26541],[-91.98915,48.26028],[-91.97564,48.24432],[-91.97041,48.2478],[-91.97247,48.25059],[-91.96998,48.25377],[-91.9541,48.25226],[-91.94803,48.24593],[-91.95829,48.24384],[-91.95835,48.23313],[-91.94208,48.23036],[-91.93758,48.23421],[-91.91488,48.23892],[-91.89311,48.23798],[-91.88432,48.22742],[-91.86757,48.21918],[-91.86436,48.20695],[-91.81545,48.21181],[-91.81412,48.20838],[-91.79825,48.20297],[-91.79943,47.75966],[-91.78886,47.54262],[-91.79633,46.79484],[-91.54939,46.89321],[-91.55389,46.51759],[-91.55151,46.49994],[-91.55128,46.15704],[-92.29371,46.15732],[-92.29286,46.41722],[-93.05485,46.41927],[-93.05477,46.59324],[-93.06268,46.59331],[-93.06487,46.6778],[-93.05676,47.02641],[-93.77526,47.03042],[-93.77393,47.21133],[-93.78283,47.20922],[-93.78448,47.21476],[-93.79957,47.22023],[-93.8024,47.23279],[-93.80955,47.23322],[-93.8105,47.23589],[-93.80665,47.23738],[-93.8124,47.24213],[-93.80448,47.24312],[-93.80491,47.25058],[-93.79805,47.25932],[-93.79214,47.25769],[-93.78281,47.26081],[-93.79083,47.2671],[-93.78298,47.26574],[-93.78431,47.27515],[-93.77607,47.27799],[-93.78284,47.29043],[-93.78908,47.29058],[-93.78652,47.29944],[-93.77434,47.29785],[-93.77401,47.30506],[-93.79244,47.3088],[-93.8077,47.30445],[-93.80784,47.3077],[-93.81452,47.30821],[-93.80921,47.29986],[-93.81758,47.30579],[-93.82174,47.30049],[-93.82581,47.31002],[-93.82605,47.30382],[-93.83383,47.30839],[-93.84324,47.30679],[-93.84308,47.30993],[-93.84814,47.31046],[-93.84538,47.31707],[-93.85487,47.31405],[-93.85389,47.31885],[-93.86101,47.32255],[-93.86307,47.3219],[-93.86098,47.31936],[-93.86843,47.32067],[-93.86235,47.31469],[-93.86956,47.31846],[-93.8735,47.31599],[-93.8756,47.32053],[-93.87709,47.31629],[-93.88313,47.3173],[-93.88317,47.3197],[-93.88835,47.31883],[-93.88539,47.32323],[-93.88978,47.32624],[-93.89273,47.30752],[-93.90177,47.30161],[-93.90911,47.30225],[-93.91234,47.29768],[-93.91481,47.30434],[-93.92214,47.30154],[-93.92355,47.30757],[-93.92699,47.30593],[-93.92895,47.30894],[-93.93304,47.3045],[-93.93637,47.30575],[-93.93555,47.30916],[-93.9421,47.30885],[-93.93962,47.3128],[-93.94231,47.31483],[-93.94101,47.31093],[-93.94339,47.3111],[-93.94348,47.3172],[-93.95368,47.31744],[-93.95442,47.32331],[-93.97242,47.33022],[-93.96955,47.33135],[-93.97444,47.33364],[-93.97202,47.33494],[-93.97414,47.33807],[-93.9839,47.3396],[-93.98753,47.33731],[-93.98668,47.33928],[-94.00507,47.34915],[-94.00933,47.34675],[-94.02693,47.35167],[-94.02515,47.35708],[-94.03524,47.35989],[-94.04336,47.37603],[-94.03915,47.38542],[-94.0424,47.40048],[-94.03055,47.40566],[-94.02864,47.41028],[-94.0587,47.43494],[-94.07991,47.46848],[-94.09512,47.47797],[-94.118,47.48074],[-94.32463,47.41545],[-94.35399,47.42459],[-94.37322,47.42707],[-94.37794,47.43195],[-94.38224,47.43202],[-94.38527,47.42745],[-94.39596,47.42783],[-94.39876,47.43348],[-94.41016,47.43532],[-94.40331,47.43794],[-94.41111,47.44518],[-94.41623,47.4451],[-94.4135,47.58651],[-94.41622,47.60067],[-94.41928,47.71856],[-94.41854,47.84582],[-93.77617,47.8464]]]}},{"type":"Feature","properties":{"std_name":"Edwards-Rifle, CO CSA","std_geoid":"233","pen":"statisticians","std_note":null,"LSAD":"M0","NAME":"Edwards-Rifle, CO"},"geometry":{"type":"Polygon","coordinates":[[[-106.42649,39.36187],[-106.43348,39.35417],[-106.4351,39.34728],[-106.43355,39.33749],[-106.42845,39.33513],[-106.42695,39.32335],[-106.43246,39.31635],[-106.45065,39.3167],[-106.45422,39.31226],[-106.46586,39.31146],[-106.46827,39.30732],[-106.47336,39.30884],[-106.47622,39.31475],[-106.4841,39.31293],[-106.50269,39.29807],[-106.50403,39.28476],[-106.48983,39.27314],[-106.48295,39.27244],[-106.48407,39.2654],[-106.48106,39.25989],[-106.49765,39.24202],[-106.49874,39.23493],[-106.48971,39.22798],[-106.49387,39.21932],[-106.49365,39.19833],[-106.49817,39.1927],[-106.49961,39.18385],[-106.51,39.17465],[-106.50844,39.16777],[-106.51108,39.16353],[-106.52094,39.15735],[-106.53514,39.16315],[-106.5381,39.15801],[-106.55168,39.16146],[-106.56127,39.15568],[-106.56263,39.15195],[-106.55868,39.14385],[-106.56468,39.13294],[-106.55817,39.12022],[-106.56499,39.11401],[-106.56399,39.10604],[-106.58031,39.10216],[-106.58616,39.09405],[-106.58492,39.08483],[-106.57708,39.07944],[-106.57952,39.07557],[-106.57755,39.05321],[-106.58424,39.04719],[-106.59723,39.04482],[-106.59952,39.03379],[-106.59169,39.02492],[-106.59492,39.02081],[-106.59445,39.00418],[-106.5983,38.99874],[-106.61274,38.9957],[-106.61466,38.99999],[-106.62417,39.00364],[-106.63004,39.01221],[-106.63789,39.0147],[-106.63833,39.01922],[-106.64839,39.02215],[-106.65005,39.02633],[-106.64685,39.03328],[-106.65549,39.04442],[-106.6641,39.04185],[-106.67405,39.04581],[-106.68445,39.04514],[-106.693,39.05506],[-106.70305,39.05592],[-106.70785,39.05346],[-106.71031,39.04757],[-106.7407,39.04591],[-106.74936,39.04253],[-106.74512,39.02692],[-106.7619,39.0193],[-106.76859,39.00817],[-106.78251,38.99927],[-106.78221,38.99074],[-106.78617,38.98525],[-106.79659,38.98417],[-106.80187,38.9783],[-106.81693,38.98138],[-106.82725,38.97772],[-106.8469,38.98701],[-106.86085,39.00929],[-106.87731,39.00648],[-106.87804,38.99428],[-106.89313,38.98953],[-106.9082,38.99258],[-106.90984,39.00017],[-106.91787,38.99918],[-106.93506,39.00608],[-106.94464,39.01443],[-106.9647,39.01754],[-106.96394,39.02851],[-106.9669,39.0308],[-106.97379,39.02888],[-106.99614,39.03417],[-107.00162,39.04227],[-106.99684,39.04934],[-106.98976,39.05198],[-106.99085,39.06004],[-106.98628,39.06428],[-106.98897,39.07071],[-106.99696,39.06935],[-107.01249,39.08438],[-107.03633,39.09493],[-107.06632,39.11881],[-107.28249,39.11872],[-107.28641,39.1366],[-107.29384,39.14471],[-107.29628,39.15433],[-107.30764,39.15713],[-107.31874,39.16531],[-107.33342,39.1662],[-107.35343,39.17304],[-107.35965,39.18483],[-107.37721,39.19965],[-107.38062,39.21023],[-107.37684,39.22013],[-107.37932,39.23109],[-107.37139,39.23892],[-107.37636,39.24599],[-107.39042,39.25059],[-107.39456,39.25669],[-107.39146,39.26388],[-107.37918,39.2691],[-107.37838,39.2748],[-107.39407,39.27939],[-107.39813,39.295],[-107.41261,39.29188],[-107.42117,39.29686],[-107.43748,39.29956],[-107.4388,39.30902],[-107.45167,39.30453],[-107.46521,39.31434],[-107.46326,39.31718],[-107.46596,39.32212],[-107.46253,39.32722],[-107.45082,39.33003],[-107.43854,39.34102],[-107.43676,39.34639],[-107.43051,39.34822],[-107.42846,39.36248],[-107.43095,39.36618],[-109.05076,39.36668],[-109.05123,39.66047],[-108.8957,39.66049],[-108.89573,39.65034],[-108.55463,39.65016],[-108.55472,39.69364],[-107.93855,39.69446],[-107.9385,39.825],[-107.78721,39.82505],[-107.69423,39.83011],[-107.43177,39.82838],[-107.43166,39.91772],[-107.31875,39.91497],[-107.31699,40.09076],[-107.03736,40.09154],[-107.03736,40.00308],[-107.03205,40.00294],[-107.03397,39.91891],[-106.62655,39.91867],[-106.62657,39.92478],[-106.61878,39.92522],[-106.43451,39.92491],[-106.4403,39.91832],[-106.43014,39.90715],[-106.4281,39.88216],[-106.43396,39.87738],[-106.43293,39.86528],[-106.42363,39.85011],[-106.42374,39.84143],[-106.41201,39.82867],[-106.40716,39.8128],[-106.4011,39.80565],[-106.40128,39.79986],[-106.39642,39.79578],[-106.39686,39.79009],[-106.38903,39.7877],[-106.39103,39.77694],[-106.38548,39.76716],[-106.3742,39.76222],[-106.36365,39.75208],[-106.35437,39.75235],[-106.34346,39.75899],[-106.34211,39.75303],[-106.33537,39.74936],[-106.32542,39.73323],[-106.29835,39.72057],[-106.29092,39.70407],[-106.2774,39.69954],[-106.27205,39.70435],[-106.26411,39.70129],[-106.26278,39.69671],[-106.2659,39.68954],[-106.25965,39.68081],[-106.23874,39.68027],[-106.24039,39.66814],[-106.23484,39.66203],[-106.21997,39.66259],[-106.21716,39.65459],[-106.18384,39.65215],[-106.17611,39.63397],[-106.1776,39.60906],[-106.18494,39.60226],[-106.20042,39.6064],[-106.20566,39.60387],[-106.21503,39.57519],[-106.21029,39.57167],[-106.20572,39.55821],[-106.19645,39.55735],[-106.19772,39.55076],[-106.20993,39.54694],[-106.21155,39.53001],[-106.22491,39.53139],[-106.23491,39.54349],[-106.23541,39.54826],[-106.24829,39.54425],[-106.25577,39.53223],[-106.25586,39.52083],[-106.24649,39.51212],[-106.24947,39.50397],[-106.25963,39.49497],[-106.24564,39.48969],[-106.25148,39.47671],[-106.25164,39.46504],[-106.23852,39.45517],[-106.23599,39.44596],[-106.22325,39.43381],[-106.23269,39.42625],[-106.23041,39.41695],[-106.21898,39.41233],[-106.21786,39.40835],[-106.20124,39.39593],[-106.20312,39.38961],[-106.2104,39.38412],[-106.20673,39.37964],[-106.22563,39.37963],[-106.2269,39.37416],[-106.23392,39.37294],[-106.25098,39.35763],[-106.25907,39.36201],[-106.28381,39.34947],[-106.28569,39.35213],[-106.29531,39.35294],[-106.29631,39.35733],[-106.30256,39.36112],[-106.3116,39.36222],[-106.33925,39.35906],[-106.35174,39.35368],[-106.35802,39.35514],[-106.37082,39.36064],[-106.38063,39.37615],[-106.40007,39.38101],[-106.41478,39.36749],[-106.42649,39.36187]]]}},{"type":"Feature","properties":{"std_name":"Nashville-Davidson--Murfreesboro, TN CSA","std_geoid":"400","pen":"statisticians","std_note":null,"LSAD":"M0","NAME":"Nashville-Davidson--Murfreesboro, TN"},"geometry":{"type":"Polygon","coordinates":[[[-86.20539,36.64018],[-85.78853,36.62158],[-85.78809,36.6151],[-85.79646,36.61354],[-85.82803,36.41184],[-85.83577,36.35185],[-85.83124,36.35119],[-85.82858,36.34228],[-85.83735,36.34173],[-85.84648,36.28817],[-85.8371,36.28081],[-85.83341,36.2637],[-85.8239,36.25128],[-85.81163,36.24888],[-85.80427,36.25582],[-85.79717,36.25394],[-85.77989,36.23768],[-85.78649,36.23011],[-85.78246,36.23036],[-85.77863,36.22115],[-85.78313,36.21981],[-85.78294,36.21143],[-85.80393,36.2112],[-85.80935,36.20621],[-85.80666,36.20394],[-85.79945,36.20631],[-85.80062,36.19393],[-85.79552,36.19174],[-85.79546,36.1877],[-85.80049,36.18281],[-85.80479,36.18304],[-85.80305,36.17473],[-85.79878,36.17169],[-85.79301,36.1735],[-85.79362,36.17906],[-85.78781,36.18032],[-85.78396,36.17309],[-85.80363,36.17034],[-85.80725,36.14781],[-85.80162,36.13869],[-85.80589,36.13265],[-85.82656,36.12244],[-85.83805,36.12898],[-85.84242,36.11955],[-85.8544,36.11959],[-85.85278,36.11124],[-85.85994,36.10506],[-85.86402,36.09381],[-85.8713,36.09752],[-85.88375,36.09803],[-85.88706,36.10092],[-85.88629,36.10542],[-85.88875,36.10212],[-85.89436,36.10496],[-85.89277,36.11358],[-85.89671,36.11631],[-85.91012,36.11693],[-85.91088,36.11206],[-85.91438,36.11225],[-85.91586,36.10865],[-85.91127,36.09753],[-85.915,36.09716],[-85.91729,36.10251],[-85.92706,36.10315],[-85.93051,36.10945],[-85.93789,36.10909],[-85.93555,36.10502],[-85.94841,36.10199],[-85.96016,36.11095],[-85.96467,36.10883],[-85.97003,36.09854],[-85.97851,36.09909],[-85.98608,36.08709],[-85.99214,36.08754],[-85.99339,36.09392],[-85.99654,36.08705],[-86.00221,36.08756],[-86.00492,36.08202],[-86.0058,36.08915],[-86.01134,36.09007],[-86.0134,36.08345],[-86.02815,36.08343],[-86.03932,36.0878],[-86.04292,36.08638],[-86.04268,36.08928],[-86.05617,36.09043],[-86.06235,36.08199],[-86.05946,36.07361],[-86.06341,36.07005],[-86.05302,36.0714],[-86.05674,36.06606],[-86.05645,36.05929],[-86.04737,36.05749],[-86.04821,36.05],[-86.05267,36.04922],[-86.05344,36.04379],[-86.04603,36.04201],[-86.04653,36.0365],[-86.03578,36.0314],[-86.03448,36.02622],[-86.03515,36.01632],[-86.04107,36.00642],[-86.02488,35.99981],[-86.02654,35.99258],[-86.01485,35.96106],[-85.99213,35.94895],[-85.90804,35.8725],[-85.89391,35.8556],[-85.89244,35.85909],[-85.88921,35.85754],[-85.89718,35.84682],[-85.88528,35.84121],[-85.88559,35.83054],[-85.89786,35.83022],[-85.91387,35.82251],[-85.94213,35.78678],[-85.93572,35.78609],[-85.93475,35.78151],[-85.94312,35.78109],[-85.96357,35.76133],[-85.98489,35.73455],[-85.98784,35.73488],[-85.98963,35.71136],[-85.99773,35.70993],[-85.98683,35.70396],[-85.98697,35.69706],[-85.99126,35.69741],[-85.99277,35.6941],[-85.98385,35.65436],[-85.99037,35.65062],[-85.97813,35.6508],[-85.96796,35.63168],[-85.97137,35.63204],[-85.97176,35.62948],[-85.96754,35.62897],[-85.96936,35.62573],[-85.96403,35.62465],[-85.9652,35.62045],[-85.95633,35.61956],[-85.95735,35.6144],[-85.95018,35.60987],[-85.95153,35.59964],[-85.94693,35.59639],[-85.95437,35.59421],[-85.95597,35.58621],[-85.94552,35.58477],[-85.94519,35.57844],[-85.94861,35.57369],[-85.93836,35.57231],[-85.93455,35.56315],[-85.91761,35.55275],[-85.9085,35.55443],[-85.90822,35.55155],[-85.9041,35.55141],[-85.90455,35.5413],[-85.8898,35.53972],[-85.89049,35.53743],[-85.88249,35.53902],[-85.88003,35.5354],[-85.88473,35.53322],[-85.87696,35.5241],[-85.88549,35.51704],[-85.8782,35.51439],[-85.88313,35.50806],[-85.87623,35.50734],[-85.87953,35.49176],[-85.88559,35.48949],[-85.88922,35.44395],[-85.88448,35.39298],[-85.88698,35.38154],[-85.86948,35.38043],[-85.88046,35.36063],[-85.88108,35.3488],[-85.90488,35.33043],[-85.90057,35.31834],[-85.90554,35.31759],[-85.90714,35.30656],[-85.91027,35.30648],[-85.90694,35.29729],[-85.91363,35.28875],[-85.87303,35.2204],[-85.86333,35.22028],[-85.86393,34.98825],[-86.31876,34.99117],[-86.31817,35.12699],[-86.32869,35.1224],[-86.3372,35.12889],[-86.34464,35.12942],[-86.35076,35.14663],[-86.35637,35.14057],[-86.35514,35.13099],[-86.35902,35.12449],[-86.36655,35.1247],[-86.37014,35.1351],[-86.36789,35.14129],[-86.37055,35.14425],[-86.37129,35.16968],[-86.36849,35.17158],[-86.37959,35.19718],[-86.37889,35.20458],[-86.39219,35.22843],[-86.39219,35.23538],[-86.40854,35.23801],[-86.41086,35.23472],[-86.40851,35.22845],[-86.41524,35.22633],[-86.41882,35.23718],[-86.42378,35.23729],[-86.42387,35.2411],[-86.41967,35.24023],[-86.41978,35.24369],[-86.4127,35.24535],[-86.41397,35.24853],[-86.42079,35.24908],[-86.42049,35.25388],[-86.41169,35.25178],[-86.41099,35.25948],[-86.41879,35.26028],[-86.41702,35.25778],[-86.42049,35.25748],[-86.42059,35.25968],[-86.4261,35.25949],[-86.426,35.26559],[-86.43439,35.26418],[-86.438,35.26727],[-86.43538,35.27106],[-86.43684,35.27516],[-86.44559,35.27518],[-86.44459,35.27978],[-86.45249,35.28438],[-86.4611,35.2846],[-86.46126,35.29277],[-86.51529,35.31058],[-86.52728,35.31154],[-86.53129,35.32464],[-86.53948,35.33543],[-86.52609,35.35022],[-86.52525,35.35527],[-86.53003,35.35562],[-86.53292,35.35165],[-86.54339,35.36313],[-86.55237,35.35987],[-86.56235,35.36582],[-86.58311,35.37102],[-86.59948,35.36495],[-86.60598,35.34257],[-86.60261,35.32701],[-86.6412,35.31968],[-86.65,35.30978],[-86.6552,35.31138],[-86.655,35.31498],[-86.6732,35.30768],[-86.673,35.31038],[-86.67967,35.30954],[-86.67987,35.30429],[-86.698,35.29528],[-86.72389,35.27642],[-86.7469,35.25288],[-86.8283,35.26368],[-86.8285,35.29338],[-86.8327,35.29248],[-86.83187,35.29817],[-86.8387,35.30517],[-86.83767,35.30847],[-86.8436,35.30928],[-86.84249,35.31921],[-86.84634,35.32099],[-86.85519,35.31552],[-86.85567,35.30905],[-86.86002,35.30639],[-86.85948,35.29897],[-86.86422,35.3005],[-86.8641,35.30488],[-86.88644,35.30644],[-86.888,35.31518],[-86.90645,35.31408],[-86.91084,35.31835],[-86.912,35.32212],[-86.90922,35.32489],[-86.90321,35.32478],[-86.9018,35.33848],[-86.912,35.34018],[-86.90825,35.35012],[-86.92011,35.35218],[-86.91781,35.36404],[-86.9246,35.36308],[-86.924,35.37195],[-86.92754,35.37514],[-86.9267,35.39688],[-86.9228,35.40678],[-86.9254,35.40957],[-86.9312,35.41208],[-86.9358,35.40838],[-86.94,35.41548],[-86.9454,35.41367],[-86.9567,35.41947],[-86.9608,35.41702],[-86.96057,35.41306],[-86.9682,35.41208],[-86.9714,35.41607],[-86.9785,35.41568],[-86.9844,35.42007],[-86.98721,35.41748],[-86.98671,35.40937],[-86.9982,35.40937],[-87.0175,35.41582],[-87.01621,35.41916],[-87.01949,35.42401],[-87.0215,35.42272],[-87.03011,35.4322],[-87.04029,35.42825],[-87.05896,35.43127],[-87.07177,35.44038],[-87.08733,35.44352],[-87.09434,35.44176],[-87.10162,35.44548],[-87.10133,35.44969],[-87.1092,35.449],[-87.11779,35.45206],[-87.11796,35.45464],[-87.12887,35.4562],[-87.13759,35.44849],[-87.15188,35.44561],[-87.16019,35.43538],[-87.16574,35.43692],[-87.19323,35.4309],[-87.20658,35.43321],[-87.20979,35.41832],[-87.21499,35.3813],[-87.21508,35.29577],[-87.23205,35.2927],[-87.23244,35.28767],[-87.2153,35.28663],[-87.21907,35.22755],[-87.21331,35.22756],[-87.21384,35.22157],[-87.21972,35.21872],[-87.21648,35.21784],[-87.21779,35.20965],[-87.2095,35.20914],[-87.21095,35.20292],[-87.2197,35.20364],[-87.2203,35.19957],[-87.21658,35.19765],[-87.21869,35.18225],[-87.22142,35.18247],[-87.22047,35.16887],[-87.21439,35.16824],[-87.21491,35.16552],[-87.204,35.16537],[-87.19736,35.15944],[-87.19868,35.15167],[-87.20497,35.15234],[-87.20893,35.13417],[-87.20012,35.13303],[-87.20255,35.12165],[-87.21398,35.12331],[-87.2157,35.11321],[-87.21677,35.10456],[-87.21125,35.10394],[-87.21278,35.09498],[-87.21803,35.09525],[-87.22471,35.04888],[-87.22405,34.99938],[-87.6073,35.00451],[-87.61192,35.01926],[-87.60748,35.02234],[-87.60573,35.03587],[-87.57865,35.03487],[-87.58134,35.04921],[-87.57275,35.04905],[-87.57728,35.05378],[-87.58361,35.05394],[-87.58342,35.05842],[-87.58883,35.05843],[-87.59037,35.14178],[-87.58341,35.14311],[-87.58341,35.15552],[-87.5767,35.15214],[-87.57265,35.19045],[-87.57894,35.18695],[-87.57535,35.39845],[-87.51679,35.39819],[-87.51542,35.41179],[-87.50961,35.41468],[-87.47833,35.41472],[-87.47844,35.42266],[-87.44882,35.42062],[-87.44849,35.45784],[-87.3258,35.45641],[-87.32695,35.4477],[-87.29453,35.44468],[-87.29368,35.45159],[-87.28981,35.45125],[-87.28896,35.4594],[-87.28148,35.45866],[-87.2793,35.46998],[-87.27679,35.4701],[-87.27476,35.4834],[-87.27974,35.4839],[-87.27659,35.49191],[-87.28363,35.49792],[-87.27899,35.50153],[-87.2705,35.50073],[-87.26943,35.50585],[-87.28239,35.50486],[-87.28595,35.54216],[-87.29059,35.54246],[-87.28987,35.54803],[-87.31772,35.5491],[-87.31488,35.5676],[-87.32755,35.5686],[-87.3274,35.57248],[-87.33836,35.57275],[-87.33852,35.5844],[-87.35231,35.58462],[-87.35289,35.6179],[-87.34535,35.6219],[-87.33183,35.63827],[-87.33161,35.6563],[-87.33965,35.65679],[-87.33923,35.65911],[-87.34738,35.65974],[-87.35239,35.65483],[-87.35771,35.65688],[-87.35738,35.65951],[-87.41871,35.62487],[-87.45207,35.62004],[-87.45234,35.61604],[-87.45959,35.61512],[-87.50779,35.62838],[-87.52999,35.6262],[-87.54942,35.63022],[-87.5548,35.63808],[-87.56546,35.64384],[-87.56883,35.6523],[-87.58687,35.6533],[-87.6043,35.6426],[-87.60855,35.635],[-87.62339,35.63274],[-87.61789,35.62817],[-87.61812,35.61943],[-87.62425,35.61968],[-87.62714,35.61578],[-87.62606,35.62085],[-87.62896,35.62116],[-87.63499,35.61454],[-87.63996,35.61482],[-87.64706,35.6097],[-87.66024,35.60894],[-87.6615,35.61436],[-87.67659,35.62738],[-87.70267,35.63939],[-87.70826,35.64555],[-87.72453,35.65044],[-87.72623,35.65458],[-87.73298,35.65592],[-87.74375,35.66395],[-87.73781,35.70234],[-87.71067,35.70362],[-87.70998,35.71012],[-87.71685,35.7101],[-87.72428,35.729],[-87.72682,35.72931],[-87.72736,35.72563],[-87.73293,35.72626],[-87.70696,35.90588],[-87.70308,35.9044],[-87.69725,35.91202],[-87.68595,35.91133],[-87.68341,35.91619],[-87.65842,35.91551],[-87.6567,35.92155],[-87.64098,35.92365],[-87.61991,35.93766],[-87.6162,35.94366],[-87.61087,35.94359],[-87.60919,35.94639],[-87.61186,35.94998],[-87.58758,35.95338],[-87.58488,35.94781],[-87.57981,35.95194],[-87.5693,35.94775],[-87.55929,35.94934],[-87.55011,35.96079],[-87.53393,35.96802],[-87.52979,35.97565],[-87.5348,35.99524],[-87.54001,35.99647],[-87.54264,36.00809],[-87.55298,36.0164],[-87.54601,36.02278],[-87.55082,36.03298],[-87.5453,36.04664],[-87.5454,36.05558],[-87.54947,36.05887],[-87.5445,36.09428],[-87.55181,36.13751],[-87.5668,36.17786],[-87.53042,36.23237],[-87.53148,36.2497],[-87.52363,36.24889],[-87.51353,36.33471],[-87.37252,36.32059],[-87.36609,36.32349],[-87.36544,36.31981],[-87.3272,36.31593],[-87.32596,36.32358],[-87.32094,36.32318],[-87.32186,36.31639],[-87.31555,36.31524],[-87.31501,36.32165],[-87.30517,36.31925],[-87.30575,36.31344],[-87.30313,36.31244],[-87.29842,36.31731],[-87.2863,36.32014],[-87.28053,36.35448],[-87.26266,36.35488],[-87.25656,36.36107],[-87.2542,36.3729],[-87.24999,36.37792],[-87.21506,36.39595],[-87.20397,36.41029],[-87.20517,36.41242],[-87.1794,36.40661],[-87.18238,36.4126],[-87.17851,36.41982],[-87.17955,36.424],[-87.17131,36.42762],[-87.16671,36.42726],[-87.16273,36.4133],[-87.14941,36.41754],[-87.14843,36.4224],[-87.15225,36.42677],[-87.15028,36.44504],[-87.12044,36.45546],[-87.1196,36.46111],[-87.12868,36.46195],[-87.12066,36.51094],[-87.11764,36.5105],[-87.11324,36.52305],[-87.11863,36.52367],[-87.11615,36.53921],[-87.12204,36.54159],[-87.11782,36.5499],[-87.12967,36.54652],[-87.13158,36.55373],[-87.13597,36.55201],[-87.14127,36.55491],[-87.13737,36.55855],[-87.13796,36.56206],[-87.14916,36.56344],[-87.15037,36.56682],[-87.14864,36.56873],[-87.13259,36.5634],[-87.13418,36.57155],[-87.12976,36.57228],[-87.12099,36.61354],[-87.13129,36.62199],[-87.12677,36.62144],[-87.12593,36.62899],[-87.11744,36.62812],[-87.11498,36.64237],[-86.58991,36.65244],[-86.56391,36.63356],[-86.55122,36.638],[-86.54994,36.64476],[-86.54335,36.64386],[-86.54382,36.64043],[-86.50778,36.65238],[-86.33213,36.6487],[-86.20539,36.64018]]]}},{"type":"Feature","properties":{"std_name":"Orlando-Lakeland-Deltona, FL CSA","std_geoid":"422","pen":"statisticians","std_note":null,"LSAD":"M0","NAME":"Orlando-Lakeland-Deltona, FL"},"geometry":{"type":"Polygon","coordinates":[[[-82.3117,28.96039],[-81.6587,28.96035],[-81.6592,29.04776],[-81.6387,29.04776],[-81.64192,29.27677],[-81.65533,29.29967],[-81.6664,29.30057],[-81.6724,29.30558],[-81.6809,29.32443],[-81.45068,29.37852],[-81.44013,29.3855],[-81.43985,29.39144],[-81.43358,29.39817],[-81.455,29.38965],[-81.47749,29.39715],[-81.48089,29.41645],[-81.48599,29.42415],[-81.48759,29.44825],[-81.51991,29.4949],[-81.52366,29.62243],[-81.32406,29.62561],[-81.32434,29.65348],[-81.30865,29.64206],[-81.30018,29.65098],[-81.29032,29.64957],[-81.27447,29.65268],[-81.27429,29.65752],[-81.26991,29.65657],[-81.27221,29.66079],[-81.26928,29.65992],[-81.26102,29.66908],[-81.24726,29.65909],[-81.23171,29.66341],[-81.22731,29.67054],[-81.15082,29.67109],[-81.11981,29.59673],[-81.08019,29.51837],[-81.04192,29.43289],[-81.04571,29.43246],[-80.90684,29.14471],[-80.87481,29.10597],[-80.66346,28.79059],[-80.96789,28.7902],[-80.96445,28.61304],[-80.98725,28.613],[-80.97593,28.60782],[-80.97099,28.61116],[-80.96834,28.6042],[-80.96129,28.60545],[-80.9571,28.6019],[-80.95207,28.60423],[-80.95305,28.60066],[-80.94346,28.59389],[-80.94716,28.58489],[-80.93001,28.56296],[-80.93427,28.55897],[-80.93168,28.55697],[-80.93418,28.5544],[-80.93213,28.54236],[-80.93921,28.5418],[-80.93939,28.53512],[-80.93626,28.53678],[-80.93407,28.5334],[-80.93218,28.5355],[-80.92338,28.53273],[-80.91752,28.52298],[-80.91141,28.52457],[-80.91199,28.52162],[-80.90572,28.51781],[-80.90713,28.51378],[-80.90447,28.51044],[-80.88574,28.51031],[-80.87987,28.50001],[-80.88408,28.49487],[-80.88259,28.49149],[-80.87537,28.48973],[-80.87811,28.48673],[-80.87332,28.48206],[-80.87419,28.47634],[-80.87077,28.47156],[-80.89452,28.46704],[-80.89336,28.45904],[-80.89835,28.45508],[-80.89012,28.44541],[-80.89389,28.44386],[-80.89515,28.43645],[-80.90127,28.43354],[-80.89677,28.42781],[-80.89637,28.4185],[-80.88802,28.41569],[-80.88299,28.40816],[-80.88649,28.40413],[-80.88451,28.39613],[-80.88962,28.39301],[-80.88848,28.38558],[-80.8796,28.38042],[-80.88192,28.37485],[-80.8731,28.37026],[-80.87358,28.36058],[-80.86279,28.34712],[-80.86288,28.08475],[-80.86931,28.08473],[-80.87014,28.05708],[-80.86888,27.82252],[-80.88157,27.82251],[-80.88007,27.7337],[-80.8738,27.73385],[-80.87315,27.64229],[-81.37479,27.64658],[-82.05435,27.64638],[-82.05626,28.17159],[-82.10585,28.17165],[-82.10624,28.25024],[-82.10621,28.25924],[-82.05553,28.25893],[-82.05447,28.52137],[-82.07034,28.53192],[-82.09545,28.52384],[-82.10919,28.54366],[-82.11866,28.54061],[-82.12864,28.54494],[-82.13763,28.56525],[-82.15616,28.57335],[-82.16627,28.56366],[-82.16829,28.56703],[-82.1866,28.56858],[-82.18703,28.5727],[-82.19167,28.57493],[-82.20698,28.57191],[-82.21195,28.57406],[-82.21928,28.58265],[-82.22177,28.59363],[-82.22826,28.60052],[-82.23301,28.60051],[-82.2342,28.60866],[-82.24224,28.61332],[-82.24268,28.61896],[-82.24736,28.62253],[-82.24595,28.62677],[-82.26015,28.63504],[-82.25684,28.64887],[-82.2673,28.64822],[-82.2741,28.6546],[-82.27401,28.66068],[-82.26682,28.66052],[-82.26177,28.66899],[-82.25997,28.68272],[-82.2486,28.70149],[-82.25117,28.70541],[-82.24908,28.71777],[-82.23268,28.73071],[-82.23136,28.73608],[-82.21859,28.74402],[-82.21688,28.74812],[-82.21322,28.74767],[-82.20775,28.75662],[-82.18481,28.76177],[-82.18224,28.76888],[-82.18824,28.77166],[-82.18793,28.77776],[-82.18445,28.78311],[-82.16947,28.79156],[-82.16951,28.79615],[-82.17931,28.80332],[-82.18364,28.82363],[-82.20498,28.83475],[-82.20693,28.84055],[-82.21922,28.85076],[-82.23195,28.85658],[-82.24014,28.86679],[-82.24253,28.87681],[-82.27358,28.89722],[-82.28999,28.93559],[-82.29594,28.9384],[-82.29709,28.94835],[-82.3117,28.96039]]]}},{"type":"Feature","properties":{"std_name":"Pittsburgh-Weirton-Steubenville, PA-OH-WV CSA","std_geoid":"430","pen":"statisticians","std_note":null,"LSAD":"M0","NAME":"Pittsburgh-Weirton-Steubenville, PA-OH-WV"},"geometry":{"type":"Polygon","coordinates":[[[-80.68122,40.18578],[-80.70275,40.15725],[-80.76585,40.15985],[-80.76627,40.15511],[-80.88289,40.15949],[-80.87227,40.37372],[-80.87155,40.37946],[-80.8672,40.37938],[-80.8655,40.42293],[-80.94191,40.4247],[-80.94015,40.46835],[-80.92457,40.46798],[-80.92092,40.55631],[-80.86357,40.55541],[-80.86199,40.5994],[-80.74711,40.59699],[-80.74732,40.58333],[-80.66796,40.5825],[-80.66354,40.59077],[-80.62717,40.61994],[-80.59876,40.62526],[-80.5767,40.61422],[-80.55113,40.62885],[-80.51899,40.6388],[-80.51922,41.48911],[-80.445,41.48712],[-80.4449,41.49227],[-80.43209,41.49209],[-80.43115,41.48696],[-80.12537,41.4804],[-80.1256,41.48628],[-79.99978,41.49005],[-79.99978,41.17186],[-79.69235,41.17203],[-79.67959,41.15953],[-79.68672,41.14508],[-79.67877,41.13335],[-79.68134,41.10659],[-79.67937,41.09132],[-79.67529,41.08366],[-79.65553,41.06843],[-79.66658,41.05715],[-79.66595,41.04935],[-79.61937,41.03335],[-79.60118,41.03687],[-79.59953,41.02943],[-79.60946,41.00722],[-79.59016,41.00403],[-79.58177,40.99798],[-79.5849,40.99156],[-79.60337,40.9948],[-79.61931,40.98881],[-79.62449,40.97999],[-79.61835,40.97414],[-79.59342,40.96882],[-79.57752,40.98291],[-79.56757,40.98579],[-79.55262,40.97978],[-79.54004,40.98451],[-79.52243,40.97496],[-79.51523,40.97784],[-79.51784,40.98396],[-79.51401,40.98681],[-79.50741,40.98405],[-79.50515,40.97685],[-79.50145,40.97659],[-79.49299,40.97836],[-79.49478,40.98618],[-79.48789,40.99558],[-79.47099,40.99396],[-79.4632,40.98996],[-79.45658,40.99106],[-79.45567,40.98846],[-79.46223,40.98311],[-79.45102,40.98173],[-79.44274,40.98726],[-79.42712,40.98617],[-79.42124,41.00268],[-79.41232,41.00847],[-79.40964,41.00606],[-79.41469,40.99944],[-79.40465,40.99779],[-79.40395,40.98825],[-79.39817,40.98927],[-79.39471,40.99475],[-79.37809,40.99435],[-79.37771,40.99093],[-79.38668,40.98749],[-79.37461,40.98438],[-79.38222,40.97534],[-79.38151,40.96952],[-79.37606,40.96838],[-79.36939,40.97529],[-79.37148,40.9885],[-79.36414,41.00269],[-79.34632,40.99768],[-79.33936,41.00239],[-79.33387,40.99903],[-79.31702,41.00252],[-79.30257,41.01353],[-79.28301,41.00964],[-79.26757,41.02023],[-79.26066,41.02934],[-79.24229,41.03523],[-79.23042,41.04585],[-79.21521,41.05051],[-79.2102,41.04909],[-79.21531,40.91135],[-78.80517,40.90598],[-78.80627,40.72974],[-78.80329,40.72882],[-78.79923,40.7171],[-78.80892,40.72095],[-78.88595,40.55407],[-78.92192,40.48351],[-78.97523,40.39193],[-78.99817,40.35617],[-79.00608,40.3512],[-79.00993,40.34048],[-79.02002,40.33561],[-79.0312,40.3181],[-79.03694,40.31406],[-79.0373,40.30726],[-79.05512,40.28918],[-79.05665,40.2786],[-79.07366,40.26658],[-79.07957,40.25793],[-79.07817,40.25236],[-79.09424,40.23747],[-79.0954,40.23297],[-79.10245,40.23217],[-79.09834,40.22734],[-79.10464,40.22448],[-79.10029,40.22234],[-79.10318,40.21791],[-79.10907,40.21832],[-79.10698,40.21431],[-79.11408,40.21063],[-79.1146,40.20504],[-79.12616,40.20039],[-79.12374,40.19302],[-79.12771,40.18735],[-79.12674,40.18328],[-79.13439,40.17872],[-79.14331,40.17989],[-79.14002,40.1639],[-79.14977,40.16037],[-79.16126,40.16087],[-79.1622,40.14277],[-79.16763,40.12878],[-79.18362,40.11069],[-79.19216,40.11027],[-79.19713,40.1187],[-79.20295,40.11493],[-79.21379,40.11799],[-79.22086,40.11274],[-79.22667,40.09825],[-79.23746,40.09623],[-79.24059,40.09233],[-79.24679,40.09371],[-79.25614,40.08834],[-79.25892,40.07979],[-79.26774,40.07427],[-79.26725,40.06587],[-79.27877,40.05554],[-79.27821,40.05034],[-79.29388,40.04045],[-79.33847,39.98201],[-79.34258,39.98206],[-79.34254,39.9763],[-79.35412,39.95806],[-79.37288,39.93652],[-79.3783,39.93665],[-79.38396,39.92449],[-79.39156,39.9195],[-79.38762,39.9157],[-79.39872,39.90063],[-79.41756,39.85378],[-79.38196,39.83686],[-79.38207,39.82708],[-79.37333,39.82777],[-79.36911,39.82467],[-79.3657,39.82055],[-79.36396,39.80678],[-79.36885,39.80146],[-79.36706,39.79328],[-79.36256,39.78848],[-79.35126,39.78658],[-79.35856,39.78138],[-79.38006,39.79008],[-79.38306,39.78248],[-79.39496,39.78338],[-79.39166,39.77798],[-79.38026,39.77318],[-79.37866,39.76888],[-79.38626,39.76188],[-79.39856,39.75828],[-79.39966,39.75438],[-79.39406,39.74328],[-79.40796,39.74198],[-79.40996,39.73498],[-79.39266,39.73268],[-79.38946,39.72708],[-79.39246,39.72158],[-79.91628,39.72078],[-79.90617,39.73339],[-79.90338,39.74298],[-79.91308,39.75168],[-79.93078,39.75788],[-79.93468,39.76468],[-79.93441,39.78128],[-79.93058,39.78587],[-79.91398,39.78798],[-79.90858,39.79348],[-79.92064,39.81341],[-79.92438,39.83818],[-79.93588,39.84138],[-79.93858,39.84488],[-79.92465,39.85506],[-79.93028,39.86928],[-79.91536,39.87961],[-79.92941,39.90568],[-79.92307,39.92099],[-79.94376,39.94401],[-79.95725,39.95327],[-79.97265,39.95531],[-79.99371,39.94939],[-80.00758,39.95667],[-80.01037,39.96228],[-80.00998,39.97558],[-79.99877,39.98425],[-80.00743,39.98458],[-80.01802,39.97749],[-80.03239,39.98414],[-80.03194,39.97769],[-80.03978,39.9741],[-80.04868,39.97889],[-80.04469,39.98482],[-80.05084,39.98878],[-80.03896,39.99663],[-80.04435,39.99856],[-80.04912,40.00669],[-80.05839,40.00362],[-80.05978,40.00952],[-80.08611,39.99031],[-80.09783,39.99197],[-80.11104,39.98815],[-80.11831,39.99129],[-80.12951,39.98841],[-80.13641,39.99259],[-80.15098,39.99441],[-80.16046,40.00334],[-80.17592,40.00814],[-80.19047,40.00176],[-80.19389,40.00491],[-80.21479,40.0028],[-80.24151,40.0095],[-80.25176,40.00778],[-80.25665,40.00309],[-80.27335,40.00238],[-80.27608,40.00552],[-80.27197,40.00773],[-80.27332,40.01333],[-80.28484,40.01214],[-80.28742,40.01921],[-80.3014,40.02056],[-80.31021,40.01765],[-80.30885,40.00646],[-80.31257,40.00329],[-80.32981,40.00546],[-80.35632,39.99684],[-80.37228,39.99657],[-80.3912,39.98795],[-80.39647,39.97789],[-80.41292,39.97695],[-80.42538,39.97188],[-80.43359,39.9774],[-80.44419,39.97604],[-80.44827,39.96666],[-80.45355,39.97335],[-80.46153,39.96715],[-80.45915,39.96307],[-80.46999,39.96166],[-80.46661,39.95474],[-80.47627,39.95202],[-80.48924,39.95413],[-80.49057,39.95692],[-80.48662,39.96022],[-80.4889,39.9616],[-80.501,39.95683],[-80.50136,39.95381],[-80.51917,39.96285],[-80.5191,40.15967],[-80.59547,40.17722],[-80.66405,40.17886],[-80.66185,40.18187],[-80.66491,40.1831],[-80.66373,40.1859],[-80.67299,40.18307],[-80.6802,40.18464],[-80.68285,40.18205],[-80.68122,40.18578]]]}},{"type":"Feature","properties":{"std_name":"Ponce-Coamo, PR CSA","std_geoid":"434","pen":"statisticians","std_note":null,"LSAD":"M0","NAME":"Ponce-Coamo, PR"},"geometry":{"type":"Polygon","coordinates":[[[-66.31262,18.13773],[-66.32091,18.126],[-66.28168,18.0954],[-66.27726,18.09564],[-66.27294,18.08659],[-66.26305,18.08564],[-66.25753,18.07588],[-66.26904,18.06912],[-66.27938,18.06892],[-66.28481,18.05972],[-66.29752,18.05719],[-66.31062,18.04697],[-66.31302,18.03209],[-66.31888,18.02975],[-66.32574,18.01829],[-66.3308,18.01916],[-66.32887,18.01563],[-66.33084,18.01681],[-66.34261,17.99356],[-66.34144,17.98534],[-66.33752,17.98378],[-66.34006,17.98189],[-66.32322,17.87767],[-66.35851,17.87632],[-66.37021,17.87037],[-66.38812,17.86922],[-66.40577,17.87192],[-66.42449,17.88199],[-66.44167,17.87153],[-66.46174,17.86967],[-66.47634,17.85405],[-66.50426,17.83904],[-66.52265,17.83282],[-66.53817,17.83168],[-66.5642,17.8401],[-66.58308,17.86216],[-66.5868,17.87479],[-66.58574,17.8885],[-66.57407,17.91314],[-66.59167,17.90872],[-66.61427,17.91531],[-66.64167,17.91197],[-66.66274,17.89999],[-66.67966,17.89681],[-66.69729,17.9028],[-66.7134,17.91285],[-66.76189,17.91788],[-66.773,17.91484],[-66.78815,17.91606],[-66.81029,17.90435],[-66.83993,17.89899],[-66.86322,17.96529],[-66.86316,17.99802],[-66.87518,18.01433],[-66.88561,18.01997],[-66.88748,18.03408],[-66.90103,18.03985],[-66.89769,18.04257],[-66.90333,18.06206],[-66.9092,18.06504],[-66.91215,18.08035],[-66.91954,18.09216],[-66.91559,18.09717],[-66.92073,18.10552],[-66.91475,18.10694],[-66.91162,18.11354],[-66.91267,18.12189],[-66.91632,18.12477],[-66.92652,18.15127],[-66.91542,18.15424],[-66.90336,18.14621],[-66.89144,18.14785],[-66.88789,18.15338],[-66.87011,18.13872],[-66.85851,18.13798],[-66.85012,18.16289],[-66.844,18.16104],[-66.83674,18.17073],[-66.82733,18.17124],[-66.82396,18.16753],[-66.82628,18.16022],[-66.82103,18.15282],[-66.80406,18.14806],[-66.80373,18.14085],[-66.79718,18.13315],[-66.78863,18.13446],[-66.78414,18.13873],[-66.77474,18.13295],[-66.76656,18.13489],[-66.75906,18.12896],[-66.74962,18.11366],[-66.7395,18.11759],[-66.73162,18.11193],[-66.72734,18.11304],[-66.72487,18.12175],[-66.71716,18.13152],[-66.71359,18.1321],[-66.7102,18.12773],[-66.7003,18.13093],[-66.67695,18.12998],[-66.67049,18.15283],[-66.65354,18.15907],[-66.64313,18.15675],[-66.63206,18.14966],[-66.62869,18.15863],[-66.62354,18.15647],[-66.61302,18.15898],[-66.60437,18.16626],[-66.60104,18.16544],[-66.5976,18.1711],[-66.591,18.17248],[-66.58457,18.16839],[-66.57411,18.16812],[-66.55986,18.15386],[-66.54696,18.15323],[-66.54442,18.1478],[-66.54118,18.14737],[-66.53432,18.1525],[-66.51554,18.15463],[-66.50279,18.16499],[-66.47737,18.17001],[-66.47032,18.17815],[-66.464,18.17885],[-66.42346,18.17207],[-66.4209,18.16632],[-66.41354,18.16329],[-66.40425,18.16733],[-66.40118,18.16474],[-66.39214,18.16642],[-66.38895,18.1725],[-66.37461,18.1749],[-66.36545,18.16982],[-66.35554,18.16938],[-66.35109,18.16543],[-66.34192,18.16818],[-66.34042,18.1655],[-66.33838,18.16866],[-66.33069,18.16826],[-66.32969,18.16464],[-66.32232,18.1655],[-66.32305,18.1571],[-66.3143,18.15142],[-66.31674,18.14018],[-66.31262,18.13773]]]}},{"type":"Feature","properties":{"std_name":"Pullman-Moscow, WA-ID CSA","std_geoid":"446","pen":"statisticians","std_note":null,"LSAD":"M0","NAME":"Pullman-Moscow, WA-ID"},"geometry":{"type":"Polygon","coordinates":[[[-116.71765,46.54376],[-117.03978,46.54171],[-117.03977,46.42589],[-117.05791,46.42973],[-117.08946,46.41678],[-117.15159,46.43056],[-117.18298,46.42135],[-117.19986,46.42018],[-117.21071,46.42479],[-117.21449,46.43037],[-117.20653,46.44887],[-117.21542,46.45718],[-117.23293,46.46398],[-117.23768,46.46948],[-117.23884,46.48076],[-117.23216,46.49625],[-117.23204,46.50406],[-117.24491,46.52275],[-117.25426,46.54508],[-117.28297,46.56129],[-117.30137,46.57749],[-117.31287,46.58095],[-117.33754,46.58197],[-117.34896,46.58767],[-117.35907,46.60227],[-117.38622,46.61888],[-117.38879,46.62658],[-117.38514,46.6409],[-117.38618,46.6497],[-117.39635,46.6548],[-117.4222,46.65531],[-117.43274,46.65945],[-117.447,46.67273],[-117.45437,46.69153],[-117.46477,46.69963],[-117.47681,46.70015],[-117.49,46.69537],[-117.49696,46.68993],[-117.50065,46.68205],[-117.51442,46.67728],[-117.54963,46.6803],[-117.60048,46.67249],[-117.62263,46.67716],[-117.64536,46.69843],[-117.65793,46.70198],[-117.68428,46.7031],[-117.74087,46.69458],[-117.756,46.68463],[-117.76692,46.65256],[-117.78997,46.63103],[-117.81374,46.62299],[-117.85204,46.62477],[-117.86645,46.62117],[-117.87785,46.60957],[-117.88186,46.59219],[-117.88762,46.58632],[-117.90905,46.58477],[-117.95285,46.59207],[-117.98525,46.58687],[-118.01211,46.58793],[-118.03516,46.58516],[-118.0691,46.57467],[-118.09289,46.57453],[-118.10005,46.57025],[-118.1044,46.56157],[-118.11387,46.55736],[-118.14313,46.55778],[-118.16181,46.55472],[-118.17884,46.56054],[-118.21566,46.58892],[-118.21138,46.59458],[-118.21437,46.59893],[-118.20781,46.60501],[-118.20828,46.60972],[-118.19946,46.60792],[-118.1983,46.62196],[-118.21541,46.6321],[-118.21464,46.63869],[-118.22568,46.64674],[-118.23073,46.65644],[-118.22368,46.66371],[-118.22366,46.67395],[-118.21754,46.67928],[-118.24939,46.73347],[-118.23989,46.73811],[-118.2335,46.73387],[-118.20547,46.73971],[-118.18992,46.75147],[-118.18207,46.7473],[-118.16218,46.74673],[-118.15505,46.75338],[-118.15602,46.75947],[-118.1261,46.76139],[-118.11747,46.76465],[-118.10961,46.77221],[-118.10041,46.7728],[-118.09518,46.77907],[-118.08329,46.77508],[-118.07341,46.7764],[-118.07031,46.77245],[-118.04744,46.7682],[-118.04187,46.77116],[-118.03625,46.78482],[-118.02693,46.78818],[-118.02098,46.78296],[-118.01493,46.78578],[-118.01244,46.79078],[-118.01704,46.79601],[-118.01964,46.81417],[-118.01157,46.81481],[-117.99752,46.82254],[-117.99861,46.8269],[-117.99205,46.83242],[-117.99169,46.83758],[-118.00339,46.83881],[-118.00471,46.8479],[-117.99318,46.85336],[-117.98711,46.86203],[-117.97091,46.86722],[-117.9671,46.91483],[-117.95933,46.91481],[-117.96093,47.26057],[-117.03968,47.25927],[-117.03975,47.12727],[-117.00102,47.13049],[-116.99554,47.12643],[-116.98501,47.12646],[-116.97117,47.11997],[-116.96774,47.11523],[-116.97625,47.0984],[-116.97744,47.08912],[-116.9633,47.08032],[-116.95504,47.06882],[-116.94437,47.06723],[-116.92519,47.08156],[-116.89619,47.0779],[-116.8844,47.07142],[-116.88308,47.06639],[-116.87222,47.05908],[-116.85765,47.05479],[-116.85808,47.05203],[-116.84829,47.04717],[-116.84231,47.04937],[-116.836,47.04657],[-116.83527,47.03245],[-116.77113,47.03251],[-116.77105,47.03739],[-116.45812,47.0366],[-116.45822,47.0221],[-116.32942,47.02191],[-116.32954,46.62796],[-116.59872,46.62727],[-116.61174,46.63124],[-116.62101,46.62969],[-116.64483,46.61819],[-116.64327,46.61278],[-116.65935,46.61183],[-116.68518,46.59008],[-116.69789,46.58679],[-116.71765,46.54376]]]}},{"type":"Feature","properties":{"std_name":"Rapid City-Spearfish, SD CSA","std_geoid":"452","pen":"statisticians","std_note":null,"LSAD":"M0","NAME":"Rapid City-Spearfish, SD"},"geometry":{"type":"Polygon","coordinates":[[[-103.82064,44.60478],[-102.96412,44.60429],[-102.96365,44.69061],[-102.95865,44.69062],[-102.95878,45.03956],[-101.99999,45.03827],[-102.00096,44.34383],[-102.00723,44.34378],[-102.00734,43.99453],[-102.01915,43.99449],[-102.01904,43.70788],[-102.02446,43.71341],[-102.02756,43.70674],[-102.03575,43.70099],[-102.03328,43.68988],[-102.03591,43.68835],[-102.04397,43.69577],[-102.05557,43.68879],[-102.09581,43.69531],[-102.0952,43.68827],[-102.09889,43.68518],[-102.10956,43.68693],[-102.11233,43.69287],[-102.10743,43.70185],[-102.1163,43.71283],[-102.12227,43.7045],[-102.12943,43.70524],[-102.13999,43.70066],[-102.15507,43.70553],[-102.15674,43.6972],[-102.16839,43.69687],[-102.1665,43.69178],[-102.17872,43.6873],[-102.8094,43.68756],[-102.80928,43.68256],[-102.8161,43.67352],[-102.81375,43.66759],[-102.82369,43.66441],[-102.83059,43.65687],[-102.84677,43.66535],[-102.85018,43.65931],[-102.85989,43.65866],[-102.86342,43.66886],[-102.87268,43.66705],[-102.9025,43.67489],[-102.91012,43.67422],[-102.90865,43.66624],[-102.91955,43.66122],[-102.91826,43.65601],[-102.92419,43.65068],[-102.9217,43.64073],[-102.92981,43.63642],[-102.93273,43.63092],[-102.92686,43.62614],[-102.93257,43.61871],[-102.95829,43.61353],[-102.97612,43.61868],[-102.98147,43.61129],[-102.99181,43.61139],[-103.00102,43.60582],[-103.00091,43.47685],[-104.0548,43.47781],[-104.05594,44.57102],[-104.04978,44.57685],[-104.04134,44.57542],[-104.03438,44.58121],[-104.02923,44.57724],[-104.02527,44.58285],[-104.02243,44.57807],[-104.01691,44.57702],[-104.01588,44.58023],[-104.01299,44.57577],[-104.00267,44.57337],[-103.99899,44.57814],[-103.98929,44.57595],[-103.98989,44.5788],[-103.98663,44.57599],[-103.97986,44.58165],[-103.97954,44.57921],[-103.97232,44.58031],[-103.97008,44.5771],[-103.96745,44.58187],[-103.95997,44.57717],[-103.94625,44.58007],[-103.94777,44.57748],[-103.94049,44.58273],[-103.93393,44.57939],[-103.93117,44.58529],[-103.92752,44.58319],[-103.92381,44.58692],[-103.91987,44.58422],[-103.91946,44.58921],[-103.91603,44.59],[-103.90754,44.58707],[-103.90434,44.59043],[-103.90719,44.59345],[-103.89781,44.59415],[-103.89684,44.59737],[-103.89342,44.597],[-103.89374,44.59407],[-103.88841,44.59896],[-103.8741,44.59644],[-103.86338,44.58651],[-103.86306,44.58985],[-103.85292,44.58848],[-103.85217,44.5923],[-103.84244,44.58735],[-103.83774,44.5906],[-103.8349,44.58911],[-103.83394,44.59202],[-103.83803,44.59371],[-103.82643,44.59317],[-103.82836,44.60113],[-103.82064,44.60478]]]}},{"type":"Feature","properties":{"std_name":"Reno-Carson City-Gardnerville Ranchos, NV-CA CSA","std_geoid":"456","pen":"statisticians","std_note":null,"LSAD":"M0","NAME":"Reno-Carson City-Gardnerville Ranchos, NV-CA"},"geometry":{"type":"Polygon","coordinates":[[[-117.86512,39.07365],[-118.91868,39.07519],[-119.01486,38.94414],[-119.0145,38.85195],[-118.90214,38.85192],[-118.90212,38.76466],[-118.90747,38.76465],[-118.90624,38.41536],[-119.15591,38.41375],[-119.58544,38.71321],[-119.57952,38.70561],[-119.59184,38.69013],[-119.59146,38.68217],[-119.59933,38.67023],[-119.61466,38.66588],[-119.61493,38.63815],[-119.61823,38.63212],[-119.61665,38.62591],[-119.61945,38.62428],[-119.62052,38.61067],[-119.61907,38.60353],[-119.60886,38.59472],[-119.59555,38.59033],[-119.59602,38.58185],[-119.58931,38.57356],[-119.59052,38.56868],[-119.58689,38.56653],[-119.5843,38.55202],[-119.57411,38.54082],[-119.57099,38.54173],[-119.56687,38.52527],[-119.56094,38.52554],[-119.55622,38.51662],[-119.55751,38.50214],[-119.54286,38.49969],[-119.54537,38.49003],[-119.54233,38.48122],[-119.54607,38.47409],[-119.55623,38.46973],[-119.55898,38.46044],[-119.55643,38.44747],[-119.56265,38.43859],[-119.57001,38.43486],[-119.56579,38.42258],[-119.56136,38.41983],[-119.56303,38.409],[-119.58369,38.39694],[-119.59241,38.39888],[-119.60121,38.40535],[-119.62209,38.39388],[-119.61844,38.38183],[-119.60662,38.36718],[-119.61703,38.36462],[-119.63558,38.35391],[-119.62791,38.34805],[-119.63207,38.3442],[-119.63185,38.33474],[-119.63653,38.32808],[-119.63921,38.32688],[-119.70003,38.36521],[-119.69362,38.3789],[-119.69429,38.38513],[-119.69867,38.40984],[-119.70791,38.4173],[-119.75064,38.41739],[-119.77055,38.40666],[-119.77989,38.40771],[-119.80139,38.40149],[-119.81469,38.38752],[-119.83755,38.38241],[-119.86967,38.3676],[-119.88475,38.35619],[-120.01857,38.43235],[-120.05365,38.45561],[-120.07257,38.44708],[-120.07333,38.70109],[-119.96495,38.77599],[-119.94793,38.78164],[-119.93977,38.79356],[-119.94398,38.79683],[-119.94252,38.80263],[-119.92131,38.82174],[-119.92271,38.82995],[-119.90849,38.83435],[-119.90631,38.85551],[-119.89191,38.85734],[-119.8803,38.86478],[-119.87725,38.87147],[-119.87903,38.87521],[-119.8888,38.87915],[-119.88281,38.88099],[-119.87952,38.88702],[-119.88449,38.89421],[-119.87986,38.89942],[-119.88764,38.9183],[-119.89664,38.92103],[-119.9054,38.92834],[-119.90431,38.93332],[-120.00101,38.99957],[-120.00647,39.27288],[-120.00082,39.60683],[-119.99571,40.37583],[-119.99988,40.99989],[-119.99923,41.99494],[-119.82684,41.99748],[-119.32418,41.99392],[-119.32737,41.68628],[-119.32703,41.59058],[-119.32111,41.59092],[-119.32395,41.41452],[-119.30464,41.4147],[-119.30417,41.30768],[-119.30571,41.23454],[-119.33107,41.23512],[-119.32979,40.96039],[-119.3096,40.96038],[-119.30918,40.87761],[-119.31304,40.51831],[-119.3385,40.51781],[-119.3393,39.99861],[-118.60588,39.99829],[-118.24549,40.00238],[-117.54175,40.00103],[-117.52144,39.98082],[-117.51964,39.97252],[-117.50714,39.96882],[-117.50884,39.96282],[-117.50254,39.95152],[-117.49194,39.94842],[-117.48684,39.94272],[-117.48134,39.94302],[-117.46794,39.92212],[-117.47054,39.91782],[-117.46594,39.91072],[-117.46824,39.90572],[-117.46234,39.89092],[-117.46134,39.86782],[-117.46694,39.86472],[-117.46464,39.85822],[-117.47054,39.85452],[-117.46854,39.84902],[-117.47284,39.84362],[-117.47234,39.83922],[-117.47954,39.83722],[-117.48434,39.82822],[-117.48824,39.82662],[-117.48344,39.81172],[-117.48944,39.80702],[-117.48574,39.78652],[-117.49495,39.7742],[-117.49665,39.76108],[-117.49534,39.74836],[-117.48783,39.74626],[-117.48523,39.74196],[-117.47742,39.74236],[-117.47782,39.73715],[-117.47521,39.73585],[-117.47611,39.72994],[-117.48763,39.71412],[-117.48402,39.70751],[-117.48782,39.7039],[-117.48071,39.69249],[-117.46438,39.67897],[-117.4739,39.66926],[-117.47209,39.66155],[-117.4777,39.65954],[-117.478,39.65173],[-117.48607,39.64497],[-117.47333,39.6347],[-117.46337,39.6331],[-117.46159,39.62264],[-117.48224,39.59822],[-117.47664,39.59672],[-117.47862,39.59282],[-117.47609,39.58364],[-117.48244,39.57363],[-117.48054,39.56252],[-117.48234,39.55472],[-117.48674,39.55092],[-117.48534,39.54532],[-117.49284,39.54282],[-117.49294,39.53592],[-117.50139,39.53082],[-117.51054,39.53135],[-117.51851,39.53821],[-117.53103,39.53125],[-117.53204,39.52692],[-117.56084,39.52592],[-117.56574,39.51922],[-117.59014,39.51802],[-117.58654,39.50352],[-117.60111,39.49584],[-117.60177,39.49082],[-117.61546,39.48979],[-117.61628,39.48261],[-117.62324,39.47621],[-117.6321,39.47686],[-117.64193,39.46984],[-117.65665,39.46791],[-117.65726,39.46233],[-117.65376,39.45777],[-117.64502,39.45843],[-117.63723,39.45182],[-117.64021,39.44614],[-117.63843,39.43967],[-117.64601,39.4266],[-117.67559,39.42247],[-117.67639,39.41363],[-117.68174,39.41257],[-117.68084,39.40593],[-117.6963,39.38593],[-117.71041,39.38117],[-117.71991,39.38294],[-117.7281,39.3802],[-117.7386,39.38107],[-117.74692,39.38569],[-117.75578,39.37622],[-117.76259,39.35837],[-117.76305,39.35283],[-117.75941,39.35154],[-117.75746,39.3448],[-117.75987,39.33406],[-117.7516,39.3231],[-117.75267,39.31178],[-117.73972,39.29684],[-117.74359,39.28779],[-117.73298,39.28135],[-117.73128,39.26782],[-117.72718,39.26432],[-117.7228,39.25078],[-117.71406,39.24556],[-117.72008,39.23632],[-117.72265,39.21697],[-117.71972,39.21301],[-117.73461,39.21007],[-117.73525,39.2053],[-117.74424,39.19855],[-117.74423,39.19143],[-117.75316,39.1848],[-117.76181,39.18541],[-117.77099,39.17416],[-117.78241,39.17585],[-117.78611,39.16997],[-117.7916,39.16964],[-117.78878,39.16442],[-117.79261,39.15895],[-117.78464,39.15104],[-117.79336,39.14812],[-117.79352,39.14476],[-117.80679,39.14538],[-117.80154,39.13882],[-117.79493,39.13881],[-117.7915,39.13138],[-117.79642,39.12201],[-117.79305,39.1176],[-117.80081,39.11753],[-117.80011,39.11252],[-117.78145,39.10492],[-117.77547,39.09343],[-117.86512,39.07365]]]}},{"type":"Feature","properties":{"std_name":"Rochester-Austin-Winona, MN CSA","std_geoid":"462","pen":"statisticians","std_note":null,"LSAD":"M0","NAME":"Rochester-Austin-Winona, MN"},"geometry":{"type":"Polygon","coordinates":[[[-91.36432,43.93345],[-91.35743,43.91723],[-91.34774,43.91196],[-91.33814,43.89766],[-91.32061,43.88849],[-91.31531,43.88181],[-91.31099,43.86738],[-91.28414,43.84707],[-91.73042,43.84694],[-91.73033,43.50077],[-93.0493,43.49996],[-93.04959,43.84799],[-93.0456,43.84927],[-93.04543,43.87028],[-93.04595,44.19672],[-92.55087,44.19492],[-92.55073,44.36852],[-92.43063,44.36829],[-92.43028,44.45532],[-92.24201,44.45425],[-92.23247,44.44543],[-92.21516,44.4385],[-92.12451,44.42211],[-92.11109,44.41395],[-92.0786,44.40487],[-92.05649,44.40273],[-92.03815,44.38873],[-92.00618,44.37882],[-91.98729,44.36912],[-91.97027,44.36584],[-91.95952,44.3594],[-91.94131,44.34098],[-91.92559,44.33355],[-91.91863,44.32267],[-91.91357,44.31039],[-91.9241,44.29709],[-91.92461,44.29181],[-91.92028,44.2865],[-91.90579,44.28161],[-91.89639,44.27469],[-91.89601,44.26287],[-91.88704,44.25177],[-91.8927,44.2311],[-91.87743,44.21292],[-91.87516,44.20058],[-91.82917,44.17835],[-91.8173,44.16423],[-91.80806,44.15926],[-91.77449,44.14754],[-91.75175,44.13479],[-91.72155,44.13034],[-91.7106,44.12048],[-91.70749,44.10391],[-91.69531,44.09857],[-91.68153,44.0974],[-91.66701,44.08696],[-91.65951,44.0742],[-91.64787,44.06411],[-91.63814,44.06329],[-91.6279,44.0558],[-91.61049,44.04931],[-91.59207,44.03137],[-91.58002,44.02692],[-91.50712,44.01898],[-91.48087,44.00814],[-91.46352,44.00904],[-91.43927,44.00099],[-91.4312,43.99544],[-91.42413,43.98263],[-91.41249,43.97341],[-91.40739,43.96515],[-91.3858,43.95424],[-91.36432,43.93345]]]}},{"type":"Feature","properties":{"std_name":"Rocky Mount-Wilson-Roanoke Rapids, NC CSA","std_geoid":"468","pen":"statisticians","std_note":null,"LSAD":"M0","NAME":"Rocky Mount-Wilson-Roanoke Rapids, NC"},"geometry":{"type":"Polygon","coordinates":[[[-77.89977,36.5446],[-77.20654,36.54437],[-77.17055,36.54728],[-77.15788,36.54314],[-77.15726,36.53994],[-77.15097,36.54053],[-77.15335,36.53795],[-77.1487,36.53406],[-77.15255,36.52978],[-77.14853,36.52509],[-77.13536,36.52374],[-77.12703,36.51811],[-77.12112,36.51924],[-77.12181,36.52214],[-77.11888,36.52318],[-77.10876,36.51682],[-77.10261,36.51696],[-77.10323,36.52105],[-77.09906,36.51702],[-77.0928,36.51817],[-77.08329,36.5131],[-77.08327,36.50723],[-77.0809,36.50778],[-77.08515,36.50529],[-77.08543,36.49996],[-77.07998,36.49638],[-77.07467,36.49623],[-77.074,36.49952],[-77.06635,36.49674],[-77.06993,36.49454],[-77.06711,36.49236],[-77.06938,36.48935],[-77.06635,36.48317],[-77.07111,36.48333],[-77.07095,36.47941],[-77.07699,36.48052],[-77.08293,36.47668],[-77.0832,36.47243],[-77.08537,36.47545],[-77.09182,36.47165],[-77.09873,36.47884],[-77.10739,36.47578],[-77.11234,36.47772],[-77.11459,36.47389],[-77.12296,36.47122],[-77.12653,36.46396],[-77.13711,36.45575],[-77.13653,36.4474],[-77.13134,36.43781],[-77.199,36.26781],[-77.20829,36.24677],[-77.22857,36.21441],[-77.25436,36.21859],[-77.27003,36.21324],[-77.29065,36.21292],[-77.29843,36.20735],[-77.29327,36.19708],[-77.29511,36.18842],[-77.2989,36.18605],[-77.29972,36.18141],[-77.29555,36.17435],[-77.29831,36.17232],[-77.28339,36.16746],[-77.2765,36.15737],[-77.26308,36.15868],[-77.26728,36.15054],[-77.2656,36.13983],[-77.25081,36.13457],[-77.25433,36.12253],[-77.2397,36.12027],[-77.25072,36.11769],[-77.25147,36.11505],[-77.23263,36.11024],[-77.23058,36.10434],[-77.24279,36.09718],[-77.26894,36.10001],[-77.29313,36.09123],[-77.31386,36.08884],[-77.31999,36.07865],[-77.32756,36.07638],[-77.32757,36.07136],[-77.33981,36.06618],[-77.4092,35.99869],[-77.34242,35.90526],[-77.34441,35.87533],[-77.34943,35.86741],[-77.35037,35.81923],[-77.39015,35.83306],[-77.39711,35.82519],[-77.4125,35.8251],[-77.4179,35.81121],[-77.4247,35.80566],[-77.44534,35.80891],[-77.45229,35.7999],[-77.47229,35.80109],[-77.51626,35.76133],[-77.67025,35.6722],[-77.80629,35.58344],[-77.81646,35.58837],[-77.82274,35.58535],[-77.99835,35.5856],[-78.05801,35.59781],[-78.06478,35.58526],[-78.12559,35.60311],[-78.15784,35.68559],[-78.16117,35.71274],[-78.17498,35.71761],[-78.17642,35.72486],[-78.1823,35.72887],[-78.19169,35.73063],[-78.20237,35.72776],[-78.20937,35.73064],[-78.2156,35.73599],[-78.21303,35.74482],[-78.21906,35.75507],[-78.22666,35.75053],[-78.23288,35.75143],[-78.23832,35.76729],[-78.25093,35.7738],[-78.24386,35.7921],[-78.25041,35.79693],[-78.25137,35.81111],[-78.25702,35.8132],[-78.25621,35.8175],[-78.13641,36.00914],[-77.94241,36.29853],[-77.91196,36.38245],[-77.91206,36.42486],[-77.91803,36.4295],[-77.9201,36.43605],[-77.91179,36.44281],[-77.90924,36.47394],[-77.89952,36.5042],[-77.89977,36.5446]]]}},{"type":"Feature","properties":{"std_name":"Salt Lake City-Provo-Orem, UT-ID CSA","std_geoid":"482","pen":"statisticians","std_note":null,"LSAD":"M0","NAME":"Salt Lake City-Provo-Orem, UT-ID"},"geometry":{"type":"Polygon","coordinates":[[[-113.00004,41.9982],[-112.99997,42.32743],[-112.65403,42.32887],[-112.65399,42.41617],[-112.49785,42.416],[-112.49814,42.50297],[-112.3845,42.50306],[-112.3845,42.48862],[-112.38025,42.48862],[-112.38021,42.48148],[-112.37046,42.48134],[-112.37046,42.47418],[-112.36549,42.47415],[-112.36546,42.467],[-112.34598,42.46695],[-112.34801,42.45445],[-112.34576,42.44939],[-112.31993,42.44928],[-112.3083,42.45672],[-112.29758,42.45426],[-112.29445,42.44624],[-112.29531,42.43708],[-112.29078,42.42711],[-112.29385,42.4198],[-112.29119,42.39567],[-112.29408,42.395],[-112.29386,42.38672],[-112.30475,42.37969],[-112.30966,42.37241],[-112.31001,42.36559],[-112.32887,42.34721],[-112.33075,42.34279],[-112.3271,42.32384],[-112.3153,42.32204],[-112.30506,42.3265],[-112.29125,42.31683],[-112.2799,42.31657],[-112.27565,42.31863],[-112.27192,42.32687],[-112.26658,42.32873],[-112.2679,42.33076],[-112.25925,42.34213],[-112.25928,42.35072],[-112.19066,42.35084],[-112.1859,42.33739],[-112.16096,42.30848],[-112.16139,42.29996],[-112.15601,42.29447],[-112.14418,42.29316],[-112.13781,42.29575],[-112.13041,42.29163],[-112.12576,42.28464],[-112.11887,42.28114],[-112.11332,42.26935],[-112.09829,42.26994],[-112.08441,42.24709],[-112.07096,42.23826],[-112.07027,42.16965],[-112.10927,42.16991],[-112.10944,41.99779],[-112.15918,41.99838],[-112.16611,41.99601],[-112.15448,41.9862],[-112.15071,41.97028],[-112.14265,41.96349],[-112.13752,41.96381],[-112.13418,41.95898],[-112.11822,41.92312],[-112.10515,41.91086],[-112.08549,41.90331],[-112.064,41.87581],[-112.06398,41.86795],[-112.05253,41.86586],[-112.04615,41.84204],[-112.03481,41.82393],[-112.0285,41.82011],[-112.02972,41.8085],[-112.01819,41.80457],[-112.0087,41.7949],[-112.0141,41.78091],[-112.02637,41.77641],[-112.02655,41.77228],[-112.03317,41.76682],[-112.0335,41.75046],[-112.04398,41.73525],[-112.04547,41.71858],[-112.04279,41.71043],[-112.05032,41.70604],[-112.05187,41.69991],[-112.04507,41.68685],[-112.0309,41.68184],[-112.02752,41.67176],[-112.01589,41.65841],[-112.01274,41.64807],[-112.01543,41.64116],[-112.01325,41.63578],[-112.00453,41.62944],[-112.00771,41.62352],[-112.00367,41.61252],[-112.00773,41.60063],[-112.00672,41.59173],[-111.99411,41.56612],[-111.99667,41.55772],[-111.99276,41.55501],[-111.98382,41.53583],[-111.9778,41.53515],[-111.97498,41.54225],[-111.96196,41.5436],[-111.95257,41.55101],[-111.94401,41.55319],[-111.93729,41.55116],[-111.93334,41.54146],[-111.92742,41.53726],[-111.91635,41.53841],[-111.9119,41.51852],[-111.90563,41.51478],[-111.90926,41.50757],[-111.90517,41.49685],[-111.88437,41.49615],[-111.8756,41.48977],[-111.8732,41.48517],[-111.87772,41.48266],[-111.87851,41.4741],[-111.8951,41.46955],[-111.90608,41.4721],[-111.91318,41.46973],[-111.91675,41.46068],[-111.90034,41.45387],[-111.90105,41.44905],[-111.89192,41.44203],[-111.88155,41.44117],[-111.88553,41.42634],[-111.87238,41.42177],[-111.88,41.41391],[-111.86859,41.39867],[-111.86294,41.39963],[-111.86102,41.39619],[-111.84274,41.3922],[-111.83674,41.38794],[-111.82953,41.38947],[-111.82786,41.3927],[-111.81361,41.388],[-111.79291,41.39143],[-111.78923,41.38458],[-111.77161,41.37593],[-111.76654,41.37002],[-111.7463,41.36979],[-111.7258,41.37628],[-111.72633,41.38557],[-111.71617,41.39489],[-111.71166,41.39533],[-111.71232,41.39946],[-111.70654,41.40485],[-111.70672,41.41302],[-111.71783,41.41605],[-111.72288,41.42303],[-111.72147,41.42736],[-111.71188,41.42318],[-111.70742,41.42528],[-111.69598,41.41707],[-111.68967,41.4185],[-111.67919,41.42721],[-111.66667,41.42879],[-111.65256,41.40779],[-111.64773,41.40543],[-111.6439,41.40608],[-111.64011,41.41452],[-111.61858,41.42238],[-111.60898,41.4189],[-111.59854,41.42135],[-111.58409,41.41834],[-111.57503,41.42892],[-111.56436,41.42316],[-111.55425,41.42385],[-111.55137,41.41372],[-111.54187,41.40506],[-111.53181,41.41456],[-111.52142,41.41604],[-111.51757,41.42168],[-111.51081,41.42314],[-111.50638,41.41799],[-111.5082,41.41425],[-111.50154,41.41236],[-111.4994,41.40832],[-111.47545,41.39984],[-111.47762,41.38435],[-111.46291,41.37966],[-111.45956,41.37365],[-111.44795,41.37292],[-111.4465,41.36732],[-111.43721,41.36663],[-111.43391,41.36219],[-111.42381,41.36508],[-111.42073,41.36131],[-111.40476,41.36217],[-111.40354,41.3693],[-111.39628,41.37329],[-111.38415,41.37396],[-111.36819,41.36566],[-111.36715,41.36166],[-111.34791,41.3623],[-111.33964,41.35525],[-111.33194,41.35747],[-111.32712,41.35325],[-111.3271,41.34549],[-111.318,41.34347],[-111.30533,41.33367],[-111.29512,41.3303],[-111.29349,41.32055],[-111.29683,41.3185],[-111.29237,41.30941],[-111.28446,41.30945],[-111.28605,41.30532],[-111.26236,41.29709],[-111.25963,41.29302],[-111.26143,41.28693],[-111.27728,41.27737],[-111.27392,41.26516],[-111.28089,41.26127],[-111.27666,41.25705],[-111.27719,41.24491],[-111.26938,41.23775],[-111.2812,41.23037],[-111.28169,41.22516],[-111.25411,41.22906],[-111.25282,41.22355],[-111.2565,41.21758],[-111.25231,41.21468],[-111.23365,41.21827],[-111.22174,41.21496],[-111.23168,41.20265],[-111.23046,41.19499],[-111.22566,41.19135],[-111.23565,41.18391],[-111.23312,41.177],[-111.24277,41.16435],[-111.26462,41.14526],[-111.26266,41.14107],[-111.24453,41.1452],[-111.24116,41.142],[-111.23241,41.14297],[-111.19976,41.1653],[-111.15876,41.17693],[-111.1295,41.19756],[-111.13327,41.20684],[-111.1103,41.21469],[-111.10154,41.20771],[-111.07497,41.24423],[-111.06161,41.25108],[-111.04677,41.25163],[-111.04681,40.99788],[-110.50507,40.9948],[-110.00072,40.99745],[-110.00071,40.81368],[-110.01334,40.81374],[-110.02566,40.82058],[-110.0358,40.81825],[-110.0427,40.82067],[-110.05203,40.81229],[-110.06475,40.8142],[-110.07469,40.81016],[-110.08876,40.81103],[-110.10262,40.8079],[-110.12332,40.81176],[-110.12674,40.81497],[-110.1395,40.81099],[-110.15879,40.82102],[-110.17531,40.81757],[-110.18475,40.8215],[-110.1881,40.82637],[-110.20229,40.82174],[-110.21417,40.82739],[-110.22578,40.82646],[-110.22962,40.83085],[-110.23851,40.8282],[-110.26128,40.83482],[-110.28588,40.82813],[-110.29355,40.83337],[-110.30181,40.82618],[-110.32032,40.82051],[-110.33031,40.81975],[-110.34274,40.82336],[-110.3513,40.81549],[-110.34887,40.80891],[-110.35499,40.80025],[-110.37916,40.78714],[-110.39597,40.7887],[-110.40048,40.7852],[-110.411,40.7843],[-110.4243,40.79201],[-110.43278,40.77828],[-110.45719,40.78321],[-110.46178,40.77582],[-110.47262,40.77184],[-110.48711,40.78029],[-110.49781,40.76865],[-110.52351,40.7615],[-110.53352,40.77108],[-110.54703,40.77373],[-110.55249,40.76418],[-110.56905,40.75637],[-110.57743,40.75716],[-110.58318,40.76272],[-110.59546,40.75763],[-110.60702,40.75726],[-110.62547,40.76953],[-110.64651,40.75344],[-110.64759,40.74804],[-110.65648,40.74027],[-110.68962,40.74121],[-110.71318,40.75288],[-110.72166,40.74547],[-110.743,40.74473],[-110.75073,40.74771],[-110.75785,40.74233],[-110.76635,40.74139],[-110.76522,40.73703],[-110.77406,40.73154],[-110.78299,40.73113],[-110.79481,40.71801],[-110.80641,40.7116],[-110.82341,40.71048],[-110.83158,40.71788],[-110.84748,40.72527],[-110.86142,40.72155],[-110.87549,40.72839],[-110.89239,40.72696],[-110.89427,40.72313],[-110.88515,40.71633],[-110.8962,40.71301],[-110.90284,40.70655],[-110.90502,40.69419],[-110.90066,40.6838],[-110.90293,40.43129],[-110.89659,40.43088],[-110.89627,40.08238],[-110.89179,40.0824],[-110.89166,39.89965],[-110.85765,39.89971],[-110.85778,39.81301],[-111.64194,39.81287],[-111.64206,39.79831],[-111.62212,39.79848],[-111.62251,39.78382],[-111.58486,39.78424],[-111.58475,39.74014],[-111.64252,39.73969],[-111.64262,39.72516],[-111.66135,39.72506],[-111.66136,39.71766],[-111.68036,39.71746],[-111.68027,39.7102],[-111.6896,39.71036],[-111.68948,39.69523],[-111.71748,39.69456],[-111.71314,39.4603],[-111.74774,39.46008],[-111.74704,39.38275],[-111.92239,39.38159],[-111.9217,39.36686],[-111.95877,39.36613],[-111.9581,39.33677],[-112.01581,39.33686],[-112.016,39.31456],[-112.07222,39.31492],[-112.07211,39.3297],[-112.18892,39.32939],[-112.18891,39.37309],[-112.1936,39.37309],[-112.19328,39.48983],[-112.20263,39.48986],[-112.20263,39.50432],[-112.2073,39.50433],[-112.20728,39.51157],[-112.21196,39.51158],[-112.21197,39.52604],[-112.19324,39.52602],[-112.19329,39.54045],[-112.20267,39.54043],[-112.20735,39.5477],[-112.21203,39.54773],[-112.21205,39.55399],[-113.81574,39.55264],[-113.81577,39.54409],[-114.04765,39.54274],[-114.03946,41.71887],[-114.04148,41.99387],[-113.87335,41.98818],[-113.00004,41.9982]]]}},{"type":"Feature","properties":{"std_name":"San Juan-Bayam\u00f3n, PR CSA","std_geoid":"490","pen":"statisticians","std_note":null,"LSAD":"M0","NAME":"San Juan-Bayam\u00f3n, PR"},"geometry":{"type":"Polygon","coordinates":[[[-66.89331,18.36712],[-66.90395,18.36595],[-66.91001,18.37435],[-66.9195,18.37858],[-66.92296,18.3845],[-66.92278,18.39816],[-66.94733,18.4016],[-66.94588,18.40851],[-66.9396,18.41085],[-66.93355,18.41885],[-66.94194,18.42205],[-66.94732,18.43727],[-66.95827,18.44045],[-66.95936,18.44653],[-66.9685,18.45374],[-66.96349,18.45549],[-66.95911,18.46534],[-66.96337,18.47325],[-66.95273,18.47667],[-66.95051,18.48305],[-66.9577,18.48765],[-66.94594,18.54042],[-66.9081,18.5333],[-66.90209,18.53524],[-66.90211,18.53842],[-66.88387,18.54166],[-66.83669,18.54021],[-66.79517,18.54332],[-66.77044,18.54003],[-66.73461,18.52601],[-66.68799,18.53833],[-66.64233,18.54353],[-66.60752,18.54384],[-66.58709,18.53995],[-66.5566,18.54025],[-66.47856,18.52442],[-66.45295,18.53896],[-66.41961,18.54328],[-66.34299,18.54086],[-66.30246,18.52828],[-66.26007,18.52944],[-66.21211,18.52184],[-66.19407,18.52651],[-66.12935,18.52451],[-66.10765,18.51921],[-66.04599,18.51767],[-66.02155,18.51172],[-65.9934,18.5166],[-65.96545,18.51015],[-65.94814,18.50265],[-65.93259,18.50104],[-65.90796,18.50537],[-65.89013,18.50329],[-65.87699,18.49955],[-65.85772,18.48725],[-65.8327,18.4862],[-65.80531,18.47825],[-65.75358,18.472],[-65.74961,18.46951],[-65.74961,18.4647],[-65.72366,18.45445],[-65.70981,18.43843],[-65.69138,18.43074],[-65.67861,18.41853],[-65.65792,18.42891],[-65.64608,18.44222],[-65.63008,18.45008],[-65.62461,18.45126],[-65.58668,18.44333],[-65.46398,18.39348],[-65.42443,18.39088],[-65.42271,18.29073],[-65.46154,18.2933],[-65.45656,18.27516],[-65.45823,18.26061],[-65.46537,18.24368],[-65.47443,18.2334],[-65.49961,18.22216],[-65.49961,18.22446],[-65.53384,18.21836],[-65.54174,18.21037],[-65.55567,18.18241],[-65.56927,18.17139],[-65.61812,18.15416],[-65.66653,18.12774],[-65.68942,18.1264],[-65.70392,18.11231],[-65.7161,18.10627],[-65.72366,18.08504],[-65.73911,18.07078],[-65.74961,18.03879],[-65.76107,18.02753],[-65.78238,18.019],[-65.78221,18.00298],[-65.79764,17.97698],[-65.81098,17.96745],[-65.82785,17.9624],[-65.85253,17.94149],[-65.87793,17.93763],[-65.89932,17.92799],[-65.92175,17.92261],[-65.94461,17.92057],[-65.97288,17.92325],[-65.99961,17.9001],[-66.01889,17.89413],[-66.0498,17.89775],[-66.07672,17.91067],[-66.10369,17.88923],[-66.12461,17.87877],[-66.1485,17.87793],[-66.17971,17.88256],[-66.21327,17.86451],[-66.24331,17.86257],[-66.26197,17.86719],[-66.28281,17.87838],[-66.30309,17.88211],[-66.32322,17.87767],[-66.34006,17.98189],[-66.33752,17.98378],[-66.34144,17.98534],[-66.34261,17.99356],[-66.33084,18.01681],[-66.32887,18.01563],[-66.3308,18.01916],[-66.32574,18.01829],[-66.31888,18.02975],[-66.31302,18.03209],[-66.31062,18.04697],[-66.29752,18.05719],[-66.28481,18.05972],[-66.27938,18.06892],[-66.26904,18.06912],[-66.25753,18.07588],[-66.26305,18.08564],[-66.27294,18.08659],[-66.27726,18.09564],[-66.28168,18.0954],[-66.32091,18.126],[-66.31262,18.13773],[-66.31674,18.14018],[-66.3143,18.15142],[-66.32305,18.1571],[-66.32232,18.1655],[-66.32969,18.16464],[-66.33069,18.16826],[-66.33838,18.16866],[-66.34042,18.1655],[-66.34192,18.16818],[-66.35109,18.16543],[-66.35554,18.16938],[-66.36545,18.16982],[-66.37461,18.1749],[-66.38895,18.1725],[-66.39214,18.16642],[-66.40118,18.16474],[-66.40425,18.16733],[-66.41354,18.16329],[-66.4209,18.16632],[-66.42346,18.17207],[-66.464,18.17885],[-66.47032,18.17815],[-66.47287,18.17243],[-66.48579,18.16683],[-66.50279,18.16499],[-66.52195,18.15207],[-66.53432,18.1525],[-66.54442,18.1478],[-66.54684,18.15502],[-66.53758,18.1736],[-66.53879,18.17638],[-66.53297,18.1764],[-66.53102,18.18014],[-66.53672,18.18863],[-66.53272,18.20052],[-66.53854,18.21398],[-66.54888,18.22057],[-66.55523,18.23733],[-66.56446,18.24265],[-66.561,18.24751],[-66.56223,18.25369],[-66.55559,18.25442],[-66.56003,18.25725],[-66.56043,18.26146],[-66.55614,18.26458],[-66.5596,18.2688],[-66.55573,18.26904],[-66.55815,18.27644],[-66.5547,18.28158],[-66.56293,18.28707],[-66.56116,18.29387],[-66.57265,18.30037],[-66.57332,18.29084],[-66.5781,18.28424],[-66.595,18.28472],[-66.59868,18.28195],[-66.59596,18.28255],[-66.59806,18.27924],[-66.59529,18.27683],[-66.60137,18.26471],[-66.59737,18.26024],[-66.60634,18.23813],[-66.61871,18.24922],[-66.62505,18.24707],[-66.62556,18.23547],[-66.62995,18.23462],[-66.6267,18.2301],[-66.62833,18.21493],[-66.63962,18.20726],[-66.63833,18.2031],[-66.64389,18.19433],[-66.64217,18.18346],[-66.65228,18.18262],[-66.6505,18.17369],[-66.65449,18.1697],[-66.65157,18.16951],[-66.64947,18.15886],[-66.67699,18.15095],[-66.67679,18.16039],[-66.67055,18.16378],[-66.67177,18.16673],[-66.66782,18.16812],[-66.6647,18.17546],[-66.68132,18.18692],[-66.68507,18.19707],[-66.68132,18.20416],[-66.69184,18.2118],[-66.69319,18.21659],[-66.70772,18.2167],[-66.73218,18.22576],[-66.73936,18.22052],[-66.75581,18.22329],[-66.76063,18.2259],[-66.7647,18.23768],[-66.77376,18.24128],[-66.78207,18.25034],[-66.79479,18.24971],[-66.7948,18.24304],[-66.80069,18.24119],[-66.80062,18.22778],[-66.82568,18.23262],[-66.8327,18.2291],[-66.82914,18.22107],[-66.8346,18.21956],[-66.83287,18.21486],[-66.83637,18.21015],[-66.83273,18.19567],[-66.83724,18.19271],[-66.83489,18.1826],[-66.82738,18.17817],[-66.82531,18.17249],[-66.85076,18.17036],[-66.86267,18.17336],[-66.86028,18.17561],[-66.86399,18.18675],[-66.89796,18.18774],[-66.91286,18.23301],[-66.90563,18.25192],[-66.90872,18.25443],[-66.90688,18.26311],[-66.91059,18.2782],[-66.90997,18.30281],[-66.89331,18.36712]]]}},{"type":"Feature","properties":{"std_name":"Virginia Beach-Chesapeake, VA-NC CSA","std_geoid":"545","pen":"statisticians","std_note":null,"LSAD":"M0","NAME":"Virginia Beach-Chesapeake, VA-NC"},"geometry":{"type":"Polygon","coordinates":[[[-76.45371,36.37809],[-76.55688,36.3552],[-76.57076,36.33429],[-76.58603,36.33359],[-76.59279,36.33029],[-76.5966,36.32326],[-76.63931,36.3298],[-76.64222,36.3198],[-76.64972,36.31795],[-76.65157,36.31061],[-76.65462,36.31068],[-76.65431,36.31419],[-76.66985,36.31535],[-76.67491,36.30895],[-76.67227,36.30699],[-76.67597,36.30618],[-76.67247,36.30333],[-76.69657,36.29614],[-76.71331,36.30558],[-76.73648,36.32484],[-76.7602,36.35167],[-76.76855,36.35375],[-76.77827,36.36199],[-76.79541,36.35972],[-76.82269,36.36445],[-76.83917,36.3744],[-76.88284,36.38302],[-76.8936,36.39013],[-76.90789,36.39073],[-76.93002,36.39993],[-76.9432,36.40948],[-76.94724,36.41607],[-76.94516,36.44108],[-76.94903,36.45728],[-76.94674,36.46576],[-76.95061,36.47079],[-76.93436,36.47127],[-76.9352,36.48401],[-76.92583,36.48759],[-76.92043,36.50438],[-76.90998,36.50564],[-76.90314,36.5191],[-76.91622,36.53075],[-76.92446,36.52955],[-76.92423,36.53216],[-76.91996,36.53246],[-76.92146,36.53845],[-76.91638,36.53872],[-76.91411,36.54219],[-76.91723,36.54625],[-76.91573,36.55331],[-76.93094,36.55957],[-76.92765,36.56239],[-76.92614,36.57195],[-76.918,36.57257],[-76.92025,36.57761],[-76.90927,36.57975],[-76.91273,36.60215],[-76.90731,36.61212],[-76.9121,36.6182],[-76.90126,36.62277],[-76.89936,36.62069],[-76.89135,36.63045],[-76.89703,36.6436],[-76.9126,36.6507],[-76.91208,36.65579],[-76.91774,36.66237],[-76.91201,36.67272],[-76.91859,36.67423],[-76.91647,36.67916],[-76.92506,36.68238],[-76.91766,36.6872],[-76.91975,36.68906],[-76.91246,36.69887],[-76.91577,36.70099],[-76.92569,36.69833],[-76.93027,36.705],[-76.92562,36.70559],[-76.92283,36.71583],[-76.91846,36.71616],[-76.92078,36.71832],[-76.91669,36.71806],[-76.91409,36.7219],[-76.91658,36.72416],[-76.91346,36.72552],[-76.91698,36.73362],[-76.91538,36.73645],[-76.90902,36.74172],[-76.90423,36.73888],[-76.89489,36.74689],[-76.9014,36.75739],[-76.89756,36.75961],[-76.89824,36.76225],[-76.89054,36.76061],[-76.88462,36.7644],[-76.88966,36.77215],[-76.88518,36.77556],[-76.8872,36.77693],[-76.88499,36.78022],[-76.86559,36.78957],[-76.86172,36.80064],[-76.86888,36.80845],[-76.8641,36.81358],[-76.86572,36.81687],[-76.86238,36.82649],[-76.85871,36.82468],[-76.85563,36.82721],[-76.85964,36.83597],[-76.84973,36.84504],[-76.84865,36.84996],[-76.85192,36.85373],[-76.84085,36.85575],[-76.83376,36.86307],[-76.83869,36.86676],[-76.83019,36.87016],[-76.82806,36.87689],[-76.82107,36.87715],[-76.81803,36.88058],[-76.82727,36.88748],[-76.81512,36.89995],[-76.81558,36.90538],[-76.81909,36.90687],[-76.8156,36.91428],[-76.82731,36.92076],[-76.83429,36.91766],[-76.8363,36.9235],[-76.83143,36.92959],[-76.83792,36.92862],[-76.84399,36.93176],[-76.8453,36.94095],[-76.85226,36.94635],[-76.85287,36.95314],[-76.85908,36.95623],[-76.85086,36.97497],[-76.85421,36.97865],[-76.84943,36.99611],[-76.95355,36.94445],[-76.96607,37.00015],[-76.96956,37.04016],[-76.96362,37.04312],[-76.9652,37.05451],[-76.97759,37.05071],[-76.98313,37.05375],[-76.98468,37.04965],[-77.00307,37.05144],[-77.00627,37.05817],[-77.01467,37.0579],[-77.01675,37.06126],[-77.03351,37.06646],[-77.0358,37.0701],[-77.04462,37.0702],[-77.04963,37.0626],[-77.06861,37.06793],[-77.07561,37.06651],[-77.07852,37.06848],[-77.07547,37.07232],[-77.08001,37.08489],[-77.08824,37.08253],[-77.0937,37.08633],[-77.10164,37.08401],[-77.1031,37.08873],[-77.10827,37.09117],[-77.10644,37.09527],[-77.11139,37.10062],[-77.13065,37.09721],[-77.13214,37.10129],[-77.13922,37.10415],[-77.14894,37.10159],[-77.15573,37.10933],[-77.15597,37.11395],[-77.08778,37.16907],[-77.07706,37.17402],[-77.07274,37.1846],[-77.05844,37.19092],[-77.04336,37.19279],[-77.04631,37.19851],[-77.04381,37.20228],[-77.03501,37.20323],[-77.03149,37.19867],[-77.02909,37.20181],[-77.02407,37.20103],[-77.02394,37.20711],[-77.01788,37.20696],[-77.01178,37.21241],[-77.01881,37.21959],[-77.01314,37.22517],[-77.01273,37.23237],[-77.00382,37.23206],[-77.00066,37.23923],[-76.99349,37.23652],[-76.97244,37.2485],[-76.92946,37.22747],[-76.91017,37.22341],[-76.88316,37.22306],[-76.88636,37.24605],[-76.87317,37.25833],[-76.88308,37.27592],[-76.88083,37.28726],[-76.8716,37.29635],[-76.88,37.30987],[-76.87468,37.32043],[-76.87662,37.33322],[-76.87363,37.34256],[-76.88052,37.35117],[-76.87351,37.36342],[-76.8771,37.36919],[-76.88477,37.36857],[-76.89952,37.35903],[-76.90798,37.34902],[-76.91586,37.35262],[-76.90961,37.36532],[-76.89779,37.3738],[-76.90447,37.37767],[-76.90074,37.38507],[-76.89863,37.38585],[-76.89831,37.38253],[-76.89216,37.38338],[-76.89286,37.38873],[-76.90005,37.3916],[-76.90087,37.39505],[-76.89415,37.40023],[-76.89474,37.41472],[-76.89038,37.42004],[-76.89543,37.42804],[-76.89173,37.43267],[-76.87736,37.44005],[-76.86607,37.44164],[-76.85679,37.44814],[-76.82413,37.45073],[-76.80816,37.44551],[-76.79254,37.4355],[-76.78706,37.43814],[-76.77689,37.43392],[-76.77058,37.439],[-76.7705,37.43493],[-76.76816,37.43923],[-76.76443,37.43695],[-76.76403,37.44291],[-76.75914,37.44417],[-76.76257,37.44452],[-76.76154,37.44647],[-76.75799,37.4455],[-76.7658,37.45165],[-76.76364,37.45419],[-76.76055,37.4524],[-76.76045,37.4586],[-76.75638,37.45643],[-76.75679,37.46171],[-76.74198,37.46708],[-76.73296,37.45023],[-76.71231,37.43131],[-76.70413,37.44054],[-76.70472,37.44803],[-76.70214,37.45052],[-76.68701,37.44788],[-76.68528,37.45338],[-76.67399,37.46132],[-76.66821,37.45546],[-76.66215,37.4578],[-76.66262,37.46178],[-76.65397,37.47092],[-76.65552,37.47381],[-76.65196,37.47252],[-76.65235,37.47635],[-76.64914,37.47684],[-76.65152,37.48074],[-76.64709,37.48069],[-76.64537,37.48586],[-76.64856,37.4868],[-76.64783,37.49564],[-76.66765,37.52035],[-76.66932,37.52851],[-76.65408,37.60317],[-76.63697,37.59084],[-76.62531,37.59029],[-76.6232,37.58602],[-76.61205,37.59058],[-76.61507,37.5853],[-76.61248,37.5819],[-76.60601,37.58326],[-76.60129,37.58826],[-76.59577,37.58808],[-76.58872,37.57964],[-76.57532,37.57453],[-76.57388,37.56341],[-76.57031,37.56144],[-76.55966,37.56163],[-76.55663,37.55966],[-76.55736,37.556],[-76.55372,37.55517],[-76.5507,37.56123],[-76.55201,37.56669],[-76.54794,37.56788],[-76.54283,37.56406],[-76.54256,37.55915],[-76.53075,37.55707],[-76.52365,37.54858],[-76.50727,37.54751],[-76.49967,37.5371],[-76.48021,37.53591],[-76.46333,37.52821],[-76.45626,37.52093],[-76.42491,37.51046],[-76.41742,37.51082],[-76.41164,37.515],[-76.40898,37.52798],[-76.40376,37.5356],[-76.39089,37.53025],[-76.37908,37.53184],[-76.35483,37.52731],[-76.33668,37.51498],[-76.327,37.51269],[-76.31874,37.51509],[-76.30968,37.52644],[-76.29601,37.53586],[-76.14083,37.54222],[-76.13387,37.04089],[-75.99965,37.01333],[-75.90949,36.99071],[-75.92831,36.93818],[-75.87465,36.7443],[-75.81982,36.62515],[-75.80043,36.56274],[-75.79056,36.50016],[-75.74963,36.35361],[-75.71132,36.25016],[-75.66625,36.14892],[-75.56605,35.97561],[-75.4805,35.81421],[-75.46624,35.80132],[-75.46081,35.78452],[-75.43762,35.74696],[-75.41782,35.68608],[-75.40039,35.59351],[-75.40242,35.54421],[-75.41509,35.50018],[-75.42614,35.38692],[-75.44775,35.30979],[-75.45933,35.24655],[-75.47086,35.20873],[-75.48768,35.18499],[-75.50949,35.17264],[-75.53218,35.16715],[-75.55758,35.17054],[-75.58111,35.18378],[-75.59022,35.18376],[-75.63622,35.1722],[-75.70737,35.14611],[-75.73662,35.14057],[-75.7689,35.24954],[-75.81402,35.50018],[-75.86839,35.5781],[-75.87982,35.60686],[-75.87739,35.6293],[-75.88395,35.63278],[-75.89195,35.64333],[-75.8905,35.65226],[-75.90134,35.66895],[-76.02748,35.66885],[-76.0205,35.68735],[-76.02742,35.71889],[-76.01928,35.75276],[-76.02239,35.81066],[-76.01769,35.86536],[-76.00918,35.89445],[-75.98747,35.91645],[-75.98072,35.95965],[-75.97315,35.97664],[-75.95437,35.99006],[-75.84005,36.02883],[-75.87481,36.04179],[-75.88953,36.05534],[-75.9063,36.08588],[-76.0224,36.08665],[-76.02261,36.09672],[-76.07607,36.07563],[-76.15795,36.05952],[-76.17874,36.11119],[-76.21551,36.13036],[-76.24032,36.16376],[-76.27193,36.18572],[-76.27328,36.19518],[-76.2793,36.19824],[-76.28699,36.21054],[-76.28841,36.21358],[-76.28503,36.21579],[-76.28991,36.2182],[-76.29024,36.22336],[-76.30365,36.22173],[-76.30718,36.23032],[-76.31467,36.23271],[-76.31723,36.24017],[-76.33223,36.24444],[-76.34061,36.24142],[-76.34745,36.24979],[-76.37488,36.25865],[-76.37794,36.26926],[-76.37581,36.27408],[-76.38122,36.27585],[-76.39195,36.28748],[-76.39467,36.29681],[-76.40173,36.30162],[-76.4476,36.36369],[-76.45371,36.37809]]]}},{"type":"Feature","properties":{"std_name":"Wichita-Arkansas City-Winfield, KS CSA","std_geoid":"556","pen":"statisticians","std_note":null,"LSAD":"M0","NAME":"Wichita-Arkansas City-Winfield, KS"},"geometry":{"type":"Polygon","coordinates":[[[-96.5255,36.99875],[-97.80231,36.99872],[-97.80782,37.73385],[-97.69869,37.73506],[-97.69968,37.82516],[-97.7021,37.82516],[-97.70184,38.17381],[-97.15309,38.17463],[-97.15291,38.0877],[-96.52278,38.08637],[-96.52594,37.79929],[-96.5255,36.99875]]]}},{"type":"Feature","properties":{"std_name":"Evansville-Henderson, IN-KY CSA","std_geoid":"241","pen":"statisticians","std_note":null,"LSAD":"M0","NAME":"Evansville-Henderson, IN-KY"},"geometry":{"type":"Polygon","coordinates":[[[-87.16931,38.01316],[-87.17399,38.00949],[-87.18301,38.01055],[-87.17567,38.00692],[-87.17589,38.00266],[-87.18004,38.00061],[-87.18334,38.00262],[-87.1858,37.99652],[-87.19622,37.98745],[-87.22626,37.97121],[-87.23018,37.96546],[-87.22788,37.956],[-87.23147,37.95577],[-87.23174,37.94821],[-87.24092,37.95227],[-87.26578,37.92818],[-87.269,37.87803],[-87.30291,37.89782],[-87.3234,37.81924],[-87.30326,37.81171],[-87.31048,37.79901],[-87.29919,37.79531],[-87.29732,37.78521],[-87.274,37.78426],[-87.27161,37.78012],[-87.28471,37.76986],[-87.29093,37.76],[-87.32077,37.74252],[-87.37233,37.73757],[-87.38496,37.73151],[-87.39471,37.72283],[-87.3961,37.70247],[-87.41434,37.6736],[-87.42176,37.66991],[-87.43982,37.67086],[-87.47016,37.66604],[-87.49414,37.64896],[-87.49962,37.64033],[-87.49935,37.62671],[-87.48199,37.60043],[-87.45926,37.59286],[-87.39607,37.58903],[-87.38082,37.57937],[-87.37515,37.56999],[-87.49711,37.4878],[-87.59358,37.46196],[-87.81341,37.35065],[-87.8184,37.35403],[-87.82719,37.35196],[-87.82557,37.3562],[-87.82822,37.3589],[-87.82066,37.35879],[-87.82318,37.36432],[-87.81996,37.36603],[-87.8108,37.36438],[-87.80525,37.37057],[-87.80923,37.37255],[-87.80493,37.37369],[-87.80076,37.38183],[-87.80581,37.38229],[-87.80358,37.379],[-87.8103,37.37638],[-87.81776,37.38348],[-87.81413,37.38711],[-87.81846,37.38823],[-87.8261,37.38461],[-87.82637,37.38009],[-87.83274,37.38053],[-87.83152,37.37762],[-87.84093,37.37965],[-87.84303,37.3745],[-87.85455,37.37756],[-87.85558,37.38097],[-87.85991,37.38033],[-87.85974,37.38768],[-87.85506,37.3893],[-87.85973,37.39242],[-87.8513,37.39573],[-87.84465,37.39462],[-87.84691,37.40589],[-87.84349,37.41616],[-87.84628,37.42039],[-87.85303,37.41927],[-87.85652,37.41444],[-87.86582,37.41718],[-87.86127,37.40971],[-87.86896,37.4051],[-87.87581,37.40767],[-87.89731,37.40359],[-87.90229,37.39825],[-87.91539,37.40437],[-87.91155,37.40676],[-87.91349,37.41127],[-87.91607,37.40727],[-87.92174,37.41144],[-87.93,37.40917],[-87.93833,37.42563],[-87.93992,37.43337],[-87.93636,37.4398],[-87.94394,37.46457],[-87.93194,37.47716],[-87.93295,37.48005],[-87.8301,37.55815],[-87.73454,37.63838],[-87.75449,37.66939],[-87.75095,37.67816],[-87.75399,37.73168],[-87.76604,37.74909],[-87.76199,37.76237],[-87.76686,37.76211],[-87.77296,37.7668],[-87.77833,37.76507],[-87.7833,37.76105],[-87.77864,37.75484],[-87.78365,37.75577],[-87.78421,37.75184],[-87.78673,37.75567],[-87.79089,37.75426],[-87.79933,37.76008],[-87.79307,37.77158],[-87.8117,37.77103],[-87.81614,37.76565],[-87.81509,37.76242],[-87.92706,37.90167],[-87.94006,37.8876],[-87.93986,37.87443],[-87.91036,37.84375],[-87.90372,37.81607],[-87.90738,37.80713],[-87.9345,37.79608],[-87.94621,37.77342],[-87.9595,37.77296],[-87.97285,37.78537],[-88.00472,37.8001],[-88.01629,37.80197],[-88.02802,37.7992],[-88.02869,37.80479],[-88.03546,37.80952],[-88.04575,37.80813],[-88.05966,37.8012],[-88.06892,37.80098],[-88.07703,37.80499],[-88.09123,37.81915],[-88.09009,37.82564],[-88.08193,37.83068],[-88.06101,37.82301],[-88.04383,37.82153],[-88.03153,37.82509],[-88.02592,37.83269],[-88.03142,37.8412],[-88.05348,37.84632],[-88.06504,37.85317],[-88.07853,37.87912],[-88.09352,37.89195],[-88.09789,37.90152],[-88.09566,37.90581],[-88.08624,37.90571],[-88.07145,37.89581],[-88.05537,37.89124],[-88.03128,37.89297],[-88.02112,37.88806],[-88.01345,37.89395],[-88.02251,37.91476],[-88.05921,37.91719],[-88.06947,37.9257],[-88.06756,37.93021],[-88.05713,37.93415],[-88.04499,37.9251],[-88.03406,37.92616],[-88.03034,37.93104],[-88.03612,37.94275],[-88.03679,37.95679],[-88.02087,37.95935],[-88.01293,37.96654],[-88.01257,37.97706],[-88.02583,38.00724],[-88.02103,38.01935],[-88.00863,38.02755],[-88.00793,38.03084],[-88.01763,38.03475],[-88.03413,38.03204],[-88.04153,38.03735],[-88.04213,38.04635],[-88.03003,38.05215],[-88.00133,38.05154],[-87.97874,38.05982],[-87.96723,38.0671],[-87.95666,38.0862],[-87.96068,38.10019],[-88.00263,38.08449],[-88.01139,38.08469],[-88.01681,38.09572],[-88.01511,38.10141],[-87.99822,38.10856],[-87.98307,38.10714],[-87.97606,38.10956],[-87.973,38.12505],[-87.96639,38.13251],[-87.95486,38.13262],[-87.94547,38.12662],[-87.93514,38.13943],[-87.92581,38.14363],[-87.9279,38.15165],[-87.91092,38.16256],[-87.91309,38.17153],[-87.92172,38.17381],[-87.92523,38.17063],[-87.92596,38.15934],[-87.93464,38.15675],[-87.93376,38.16435],[-87.93716,38.17219],[-87.96986,38.19179],[-87.98276,38.2067],[-87.98563,38.21799],[-87.98373,38.23035],[-87.79917,38.22858],[-87.79968,38.20194],[-87.68821,38.201],[-87.68837,38.16842],[-87.46731,38.16538],[-87.46674,38.20129],[-87.31703,38.20175],[-87.31689,38.24608],[-87.29826,38.24602],[-87.29839,38.23167],[-87.07307,38.2326],[-87.07314,38.20382],[-87.01749,38.20358],[-87.01745,38.1183],[-87.07233,38.11828],[-87.07233,38.1069],[-87.07624,38.10401],[-87.07473,38.09706],[-87.08225,38.09391],[-87.08224,38.08985],[-87.08878,38.08409],[-87.09792,38.05933],[-87.09446,38.0544],[-87.09048,38.05489],[-87.08849,38.04968],[-87.12502,38.04387],[-87.13299,38.05501],[-87.14851,38.05884],[-87.1535,38.05359],[-87.15108,38.04649],[-87.15661,38.04059],[-87.15408,38.03221],[-87.16632,38.03005],[-87.16245,38.0265],[-87.15484,38.02608],[-87.15287,38.02055],[-87.15781,38.01695],[-87.16917,38.01819],[-87.16931,38.01316]]]}},{"type":"Feature","properties":{"std_name":"Madison-Janesville-Beloit, WI CSA","std_geoid":"357","pen":"statisticians","std_note":null,"LSAD":"M0","NAME":"Madison-Janesville-Beloit, WI"},"geometry":{"type":"Polygon","coordinates":[[[-90.3124,43.64099],[-89.12692,43.64367],[-89.12717,43.63172],[-89.00685,43.63305],[-89.00448,43.37496],[-89.00469,43.37169],[-89.00883,43.37164],[-89.00893,43.3668],[-89.01358,42.84763],[-88.77708,42.84269],[-88.77659,42.49191],[-89.83759,42.50571],[-89.83841,42.8138],[-90.4269,42.81286],[-90.42982,43.20094],[-90.40866,43.20019],[-90.35051,43.20979],[-90.2978,43.20821],[-90.2884,43.20382],[-90.28356,43.19528],[-90.26008,43.19769],[-90.22089,43.17424],[-90.19383,43.16446],[-90.19249,43.16683],[-90.19196,43.555],[-90.31107,43.55399],[-90.3124,43.64099]]]}},{"type":"Feature","properties":{"std_name":"North Port-Bradenton, FL CSA","std_geoid":"412","pen":"statisticians","std_note":null,"LSAD":"M0","NAME":"North Port-Bradenton, FL"},"geometry":{"type":"Polygon","coordinates":[[[-81.56262,27.03383],[-81.56575,26.7696],[-82.20556,26.77053],[-82.22149,26.78175],[-82.26468,26.78943],[-82.46201,26.78743],[-82.49878,26.83573],[-82.59439,26.99023],[-82.62638,27.05869],[-82.63531,27.08773],[-82.66473,27.14533],[-82.71397,27.19913],[-82.72602,27.22081],[-82.73465,27.24682],[-82.76014,27.27419],[-82.78629,27.31066],[-82.81435,27.33468],[-82.8345,27.35892],[-82.84826,27.38481],[-82.86162,27.42373],[-82.89175,27.46021],[-82.92417,27.53075],[-82.76494,27.5573],[-82.64882,27.60197],[-82.55367,27.64547],[-82.05435,27.64638],[-82.05575,27.33826],[-81.85894,27.33671],[-81.85883,27.34026],[-81.56409,27.34066],[-81.56262,27.03383]]]}},{"type":"Feature","properties":{"std_name":"Seattle-Tacoma, WA CSA","std_geoid":"500","pen":"statisticians","std_note":null,"LSAD":"M0","NAME":"Seattle-Tacoma, WA"},"geometry":{"type":"Polygon","coordinates":[[[-122.86308,48.37036],[-122.77134,48.36988],[-122.75243,48.37757],[-122.7446,48.38733],[-122.73974,48.40551],[-122.73523,48.40593],[-122.73404,48.41863],[-122.7559,48.48047],[-122.74345,48.49652],[-122.74009,48.51373],[-122.74863,48.53353],[-122.75095,48.55824],[-122.76273,48.58802],[-122.7644,48.60058],[-122.74764,48.62216],[-122.7137,48.64513],[-122.6609,48.64535],[-122.6256,48.6287],[-122.59445,48.62569],[-122.49876,48.6454],[-120.90836,48.6409],[-120.90836,48.657],[-120.7519,48.657],[-120.75062,48.65372],[-120.75635,48.64545],[-120.77169,48.64263],[-120.7806,48.63029],[-120.78831,48.62512],[-120.78212,48.61273],[-120.78531,48.60829],[-120.78366,48.60186],[-120.76046,48.58276],[-120.75386,48.58056],[-120.74158,48.57888],[-120.73066,48.5823],[-120.72438,48.58895],[-120.72258,48.59614],[-120.71921,48.59643],[-120.70503,48.5901],[-120.68851,48.5757],[-120.68684,48.56432],[-120.7005,48.55902],[-120.70198,48.55107],[-120.70868,48.5418],[-120.70207,48.53159],[-120.70356,48.5264],[-120.70948,48.52334],[-120.73087,48.51786],[-120.74655,48.5174],[-120.76563,48.50887],[-120.79186,48.50754],[-120.81679,48.5196],[-120.8176,48.52215],[-120.80931,48.52863],[-120.81705,48.53774],[-120.82649,48.54199],[-120.82395,48.54503],[-120.84466,48.55055],[-120.85872,48.54664],[-120.86087,48.54206],[-120.85794,48.53567],[-120.86321,48.53007],[-120.87183,48.53105],[-120.8854,48.53819],[-120.8981,48.5328],[-120.90396,48.5334],[-120.9046,48.52365],[-120.9505,48.52958],[-120.95429,48.52237],[-120.94894,48.51022],[-120.95107,48.49964],[-120.99158,48.49937],[-121.00109,48.4942],[-121.03623,48.4953],[-121.05653,48.47637],[-121.06323,48.45979],[-121.05554,48.45018],[-121.04099,48.44574],[-121.03713,48.43303],[-121.04253,48.43059],[-121.04625,48.41889],[-121.04159,48.41127],[-121.05646,48.41214],[-121.06643,48.39354],[-121.05896,48.3857],[-121.06177,48.37936],[-121.04307,48.36343],[-121.04051,48.34847],[-121.04303,48.34573],[-121.06069,48.34647],[-121.06535,48.33845],[-121.0695,48.33896],[-121.07111,48.33232],[-121.06579,48.32627],[-121.07159,48.3178],[-121.06721,48.31513],[-121.05804,48.31617],[-121.04573,48.3089],[-121.03462,48.31148],[-121.02652,48.30248],[-121.00311,48.29897],[-121.00069,48.29448],[-121.0025,48.28626],[-121.01155,48.2835],[-121.01209,48.27991],[-121.00449,48.2739],[-121.00564,48.27008],[-120.99992,48.26294],[-120.98249,48.25134],[-120.97314,48.2353],[-120.95985,48.22777],[-120.96575,48.21779],[-120.96477,48.21133],[-120.95231,48.20911],[-120.94703,48.20105],[-120.91927,48.19039],[-120.91736,48.17976],[-120.91054,48.17359],[-120.90743,48.16318],[-120.91524,48.15968],[-120.93194,48.16162],[-120.93322,48.15677],[-120.95557,48.15198],[-120.95595,48.1477],[-120.96442,48.14298],[-120.96522,48.13396],[-120.95829,48.1292],[-120.95539,48.12026],[-120.9471,48.11333],[-120.95616,48.10807],[-120.97248,48.10853],[-120.97221,48.10405],[-120.97779,48.10113],[-120.98131,48.09438],[-120.99936,48.08972],[-121.00467,48.08143],[-121.01594,48.0748],[-121.03277,48.07781],[-121.04863,48.07022],[-121.067,48.06941],[-121.08138,48.06175],[-121.09703,48.0644],[-121.1052,48.05777],[-121.11598,48.05796],[-121.13163,48.04441],[-121.15336,48.04053],[-121.1482,48.0301],[-121.12968,48.02056],[-121.1287,48.01405],[-121.11793,48.00628],[-121.11772,47.9988],[-121.13594,47.98283],[-121.14728,47.9814],[-121.14856,47.97043],[-121.15812,47.95958],[-121.16482,47.9567],[-121.16192,47.94468],[-121.17279,47.9337],[-121.17049,47.9244],[-121.17951,47.91878],[-121.17127,47.91272],[-121.1808,47.89849],[-121.17666,47.89536],[-121.17519,47.88562],[-121.1668,47.87959],[-121.15702,47.88222],[-121.15826,47.87636],[-121.14723,47.85753],[-121.15323,47.85105],[-121.15351,47.84531],[-121.13434,47.84304],[-121.13341,47.83975],[-121.12372,47.8384],[-121.12124,47.83272],[-121.11189,47.82946],[-121.08022,47.83412],[-121.07087,47.83018],[-121.07068,47.82662],[-121.08174,47.81601],[-121.0847,47.80771],[-121.09238,47.80513],[-121.09257,47.80072],[-121.10516,47.7957],[-121.1207,47.7826],[-121.11964,47.77602],[-121.1077,47.76668],[-121.11051,47.75783],[-121.09402,47.75818],[-121.08991,47.74632],[-121.079,47.73919],[-121.08737,47.7285],[-121.08363,47.72274],[-121.06964,47.71765],[-121.06601,47.7136],[-121.06636,47.70752],[-121.07888,47.70204],[-121.09029,47.70283],[-121.09461,47.69503],[-121.10551,47.68881],[-121.12158,47.68521],[-121.12882,47.67618],[-121.12318,47.66333],[-121.12564,47.65716],[-121.13188,47.65566],[-121.1337,47.64561],[-121.12597,47.6374],[-121.12787,47.6321],[-121.12527,47.62813],[-121.11876,47.62697],[-121.1131,47.61899],[-121.12007,47.61568],[-121.12028,47.61282],[-121.11111,47.59972],[-121.11792,47.59676],[-121.11946,47.59151],[-121.13781,47.59575],[-121.14269,47.59199],[-121.15215,47.59558],[-121.17219,47.59023],[-121.17298,47.58338],[-121.16985,47.57849],[-121.17994,47.56496],[-121.18831,47.56873],[-121.20854,47.56596],[-121.21685,47.56977],[-121.2289,47.5656],[-121.23302,47.56062],[-121.23458,47.54564],[-121.24347,47.54296],[-121.24264,47.53599],[-121.2516,47.53204],[-121.25562,47.53348],[-121.26228,47.5236],[-121.279,47.52294],[-121.28553,47.51703],[-121.28339,47.51487],[-121.29195,47.51355],[-121.28847,47.50933],[-121.29222,47.50209],[-121.30035,47.49584],[-121.3027,47.48631],[-121.31117,47.48293],[-121.31204,47.47917],[-121.32455,47.47942],[-121.33199,47.47369],[-121.33867,47.47639],[-121.34812,47.46524],[-121.36392,47.46483],[-121.37926,47.4543],[-121.3791,47.45046],[-121.38527,47.44498],[-121.38146,47.43845],[-121.38525,47.43439],[-121.40107,47.43202],[-121.4111,47.42338],[-121.42725,47.42085],[-121.42838,47.41623],[-121.4223,47.41297],[-121.42282,47.40599],[-121.43382,47.39911],[-121.42736,47.39574],[-121.4261,47.38985],[-121.44051,47.38577],[-121.43777,47.37185],[-121.45898,47.37312],[-121.46595,47.36798],[-121.46126,47.36134],[-121.46406,47.35382],[-121.44383,47.34339],[-121.43842,47.34373],[-121.43051,47.33449],[-121.44533,47.30982],[-121.43268,47.30495],[-121.43067,47.29644],[-121.43285,47.29383],[-121.42749,47.28907],[-121.41942,47.28673],[-121.4163,47.2935],[-121.40978,47.28922],[-121.3726,47.28497],[-121.36178,47.29194],[-121.35968,47.28553],[-121.3412,47.28126],[-121.33589,47.26063],[-121.33198,47.25742],[-121.33983,47.24715],[-121.36075,47.24053],[-121.35837,47.23442],[-121.36513,47.22449],[-121.32825,47.21707],[-121.3112,47.20766],[-121.30912,47.20298],[-121.31176,47.19967],[-121.30612,47.18802],[-121.31777,47.17298],[-121.3119,47.16404],[-121.30601,47.162],[-121.29755,47.14867],[-121.30341,47.13889],[-121.31553,47.13384],[-121.33509,47.13268],[-121.36468,47.14176],[-121.39397,47.13276],[-121.39487,47.12867],[-121.40624,47.12072],[-121.4061,47.11203],[-121.39906,47.1046],[-121.40253,47.09801],[-121.393,47.09202],[-121.38341,47.09508],[-121.37689,47.08987],[-121.38362,47.08414],[-121.37515,47.0729],[-121.37678,47.06245],[-121.37425,47.05644],[-121.38626,47.04892],[-121.3998,47.03346],[-121.3948,47.02278],[-121.40619,47.01218],[-121.40957,47.00358],[-121.40646,46.99874],[-121.40912,46.99519],[-121.44621,46.98005],[-121.44214,46.97294],[-121.45773,46.96404],[-121.45837,46.96001],[-121.45269,46.95652],[-121.44949,46.93532],[-121.45692,46.92826],[-121.45645,46.92358],[-121.47538,46.91327],[-121.49699,46.90834],[-121.51044,46.89661],[-121.51425,46.89099],[-121.51327,46.88481],[-121.52307,46.87278],[-121.49734,46.86287],[-121.4842,46.83427],[-121.4747,46.8314],[-121.47017,46.8264],[-121.47444,46.82023],[-121.45788,46.81177],[-121.4554,46.80244],[-121.44253,46.79299],[-121.45335,46.78875],[-121.45503,46.7806],[-121.44777,46.77311],[-121.44696,46.76785],[-121.43864,46.76256],[-121.44204,46.75829],[-121.42428,46.75663],[-121.43033,46.74016],[-121.41267,46.73568],[-121.40601,46.72739],[-121.36948,46.72642],[-121.35318,46.71227],[-121.36823,46.70912],[-121.37978,46.70176],[-121.37439,46.6926],[-121.37668,46.68649],[-121.39895,46.68808],[-121.40869,46.68375],[-121.41322,46.67587],[-121.41133,46.66596],[-121.41622,46.66047],[-121.41627,46.6514],[-121.41269,46.64828],[-121.39525,46.64612],[-121.39774,46.6412],[-121.38638,46.63604],[-121.3896,46.62874],[-121.38671,46.6212],[-121.40758,46.60211],[-121.40221,46.59371],[-121.40571,46.58234],[-121.41195,46.58078],[-121.41575,46.57588],[-121.41974,46.57641],[-121.42457,46.57028],[-121.41271,46.55867],[-121.42085,46.55228],[-121.41665,46.54824],[-121.42832,46.53958],[-121.45126,46.53389],[-121.45598,46.51673],[-121.45014,46.50353],[-121.42879,46.49799],[-121.4232,46.49269],[-121.4318,46.48666],[-121.43636,46.4773],[-121.42537,46.46408],[-121.41198,46.45953],[-121.41464,46.45142],[-121.40805,46.43878],[-121.4073,46.4299],[-121.38656,46.4106],[-121.39089,46.40529],[-121.38856,46.402],[-121.39376,46.39004],[-121.44571,46.38802],[-121.44749,46.38463],[-121.45798,46.38879],[-121.9899,46.38863],[-122.26045,46.38531],[-123.11423,46.38804],[-123.25907,46.38346],[-123.35833,46.38403],[-123.35838,46.54141],[-123.35951,46.56264],[-123.36501,46.56246],[-123.36511,46.64932],[-123.37045,46.73472],[-123.37271,46.73469],[-123.37095,46.79213],[-123.16059,46.79338],[-123.15836,46.99587],[-123.2031,46.99697],[-123.20004,47.01479],[-123.20189,47.08506],[-123.48894,47.08265],[-123.4908,47.25821],[-123.50502,47.25854],[-123.50592,47.60462],[-123.37701,47.60462],[-123.37701,47.60691],[-123.36702,47.60746],[-122.95062,47.60631],[-122.93163,47.62639],[-122.8969,47.63846],[-122.85878,47.66295],[-122.82978,47.66963],[-122.78324,47.67275],[-122.7665,47.67991],[-122.75749,47.69236],[-122.76589,47.70994],[-122.76339,47.72341],[-122.74169,47.74981],[-122.72197,47.78766],[-122.70266,47.80488],[-122.59788,47.87619],[-122.5954,47.88399],[-122.59746,47.89128],[-122.62626,47.90883],[-122.63384,47.92195],[-122.63709,47.93565],[-122.63208,47.9555],[-122.61844,47.96745],[-122.60676,47.97295],[-122.62627,47.9932],[-122.63265,48.00719],[-122.64012,48.04608],[-122.64302,48.09913],[-122.64823,48.1138],[-122.66095,48.12772],[-122.7033,48.13442],[-122.76605,48.17329],[-122.81833,48.19883],[-122.85209,48.22646],[-122.86268,48.24366],[-122.86308,48.37036]]]}},{"type":"Feature","properties":{"std_name":"Sioux City-Le Mars, IA-NE-SD CSA","std_geoid":"512","pen":"statisticians","std_note":null,"LSAD":"M0","NAME":"Sioux City-Le Mars, IA-NE-SD"},"geometry":{"type":"Polygon","coordinates":[[[-96.53846,42.90877],[-95.85938,42.9091],[-95.85995,42.56062],[-95.74161,42.56128],[-95.74182,42.47487],[-95.66926,42.47465],[-95.67082,42.21141],[-96.35656,42.215],[-96.337,42.21747],[-96.32276,42.23256],[-96.32987,42.23975],[-96.32771,42.24999],[-96.33131,42.25941],[-96.34139,42.26909],[-96.3564,42.27649],[-96.72666,42.27801],[-96.72641,42.42957],[-96.72615,42.4374],[-96.72195,42.43746],[-96.72223,42.52465],[-96.63149,42.52432],[-96.63803,42.55196],[-96.64806,42.56082],[-96.68406,42.57646],[-96.70982,42.6051],[-96.70949,42.62193],[-96.68908,42.64408],[-96.68767,42.65313],[-96.69764,42.65914],[-96.72803,42.66688],[-96.77287,42.66224],[-96.79323,42.66602],[-96.80218,42.67224],[-96.80048,42.69246],[-96.80621,42.70415],[-96.80654,42.72691],[-96.80568,43.08367],[-96.45413,43.08338],[-96.46074,43.06434],[-96.47674,43.0627],[-96.49093,43.05081],[-96.51052,43.04991],[-96.51481,43.04517],[-96.51252,43.04108],[-96.5213,43.03966],[-96.52009,43.03776],[-96.51222,43.04049],[-96.50933,43.03796],[-96.51393,43.03054],[-96.51243,43.02687],[-96.49904,43.01907],[-96.49203,43.00895],[-96.49699,42.99848],[-96.50986,42.99523],[-96.51283,42.99191],[-96.51238,42.98566],[-96.51836,42.98519],[-96.51683,42.98102],[-96.52084,42.98031],[-96.51577,42.97284],[-96.50516,42.97109],[-96.49896,42.9578],[-96.50892,42.95372],[-96.50929,42.94515],[-96.51987,42.93997],[-96.51687,42.93232],[-96.52531,42.93563],[-96.53406,42.92817],[-96.53411,42.92371],[-96.54088,42.92479],[-96.53846,42.90877]]]}},{"type":"Feature","properties":{"std_name":"South Bend-Elkhart-Mishawaka, IN-MI CSA","std_geoid":"515","pen":"statisticians","std_note":null,"LSAD":"M0","NAME":"South Bend-Elkhart-Mishawaka, IN-MI"},"geometry":{"type":"Polygon","coordinates":[[[-86.22294,42.07148],[-85.76294,42.06933],[-85.76019,41.79881],[-85.76942,41.78467],[-85.78617,41.77694],[-85.79037,41.76592],[-85.78437,41.76021],[-85.79184,41.75998],[-85.65975,41.75907],[-85.65356,41.4807],[-85.65272,41.17849],[-85.68657,41.17838],[-85.68418,41.04672],[-86.01866,41.04188],[-86.01841,41.08612],[-86.07594,41.08488],[-86.07755,41.17287],[-86.46705,41.17144],[-86.4666,41.43297],[-86.52471,41.43289],[-86.52494,41.51967],[-86.50029,41.52101],[-86.49816,41.56108],[-86.48643,41.57055],[-86.48626,41.5889],[-86.48757,41.64932],[-86.52668,41.65044],[-86.52422,41.75966],[-87.20777,41.76096],[-87.15001,42.00003],[-87.08834,42.23533],[-87.00004,42.23545],[-87.00004,42.24039],[-86.22356,42.24338],[-86.22294,42.07148]]]}},{"type":"Feature","properties":{"std_name":"Spencer-Spirit Lake, IA CSA","std_geoid":"517","pen":"statisticians","std_note":null,"LSAD":"M0","NAME":"Spencer-Spirit Lake, IA"},"geometry":{"type":"Polygon","coordinates":[[[-94.91458,43.50085],[-94.91389,42.9097],[-95.38818,42.9099],[-95.38779,43.50023],[-94.91458,43.50085]]]}},{"type":"Feature","properties":{"std_name":"Spokane-Spokane Valley-Coeur d'Alene, WA-ID CSA","std_geoid":"518","pen":"statisticians","std_note":null,"LSAD":"M0","NAME":"Spokane-Spokane Valley-Coeur d'Alene, WA-ID"},"geometry":{"type":"Polygon","coordinates":[[[-117.03981,47.36603],[-117.03988,47.25927],[-117.82363,47.26022],[-117.82203,47.59446],[-117.82177,47.61459],[-117.81941,47.6146],[-117.8217,47.82685],[-117.82831,47.83332],[-117.83996,47.83804],[-117.84587,47.83708],[-117.88045,47.84774],[-117.88631,47.83834],[-117.9129,47.83522],[-117.92086,47.82766],[-117.93459,47.82327],[-117.96756,47.83263],[-117.99007,47.8344],[-118.00421,47.82325],[-118.01286,47.80597],[-118.02426,47.80213],[-118.03595,47.80272],[-118.0468,47.79233],[-118.05462,47.79912],[-118.0615,47.7972],[-118.07818,47.80006],[-118.08362,47.80955],[-118.09926,47.82362],[-118.09713,47.82845],[-118.11925,47.83352],[-118.11894,47.84637],[-118.12289,47.85727],[-118.14266,47.88359],[-118.15083,47.88708],[-118.16059,47.8851],[-118.16248,47.88953],[-118.16021,47.89721],[-118.16683,47.90277],[-118.17851,47.90199],[-118.17731,47.91177],[-118.18759,47.91879],[-118.19024,47.92627],[-118.20003,47.92838],[-118.20624,47.94225],[-118.21232,47.94549],[-118.23126,47.94002],[-118.24395,47.94358],[-118.25269,47.94237],[-118.26087,47.93417],[-118.27,47.93372],[-118.27681,47.92723],[-118.31644,47.90945],[-118.32171,47.89629],[-118.34094,47.89432],[-118.34,47.90018],[-118.35609,47.92932],[-118.34874,47.97178],[-118.37064,47.98557],[-118.37535,47.99988],[-118.40111,48.02288],[-118.40221,48.02688],[-118.3589,48.04943],[-118.33947,48.04976],[-118.3161,48.04165],[-118.27548,48.04057],[-118.2672,48.04706],[-118.26447,48.05828],[-118.25789,48.05978],[-118.2452,48.05468],[-118.236,48.05998],[-118.2332,48.06529],[-118.2352,48.07809],[-118.2313,48.08949],[-118.2375,48.10479],[-118.25359,48.11298],[-118.25439,48.12853],[-118.24661,48.13496],[-118.2057,48.13859],[-118.1974,48.14409],[-118.1913,48.15859],[-118.1966,48.19059],[-118.1876,48.19909],[-118.1901,48.20879],[-118.1951,48.21209],[-118.1516,48.24069],[-118.13979,48.26731],[-118.15075,48.28225],[-118.1563,48.29869],[-118.1649,48.30449],[-118.1756,48.31949],[-118.1802,48.33569],[-118.1816,48.37179],[-118.1893,48.39089],[-118.20261,48.40679],[-118.20041,48.4263],[-118.20291,48.44219],[-118.21191,48.44969],[-118.21251,48.45499],[-118.20651,48.4703],[-118.18921,48.4816],[-118.18091,48.4994],[-118.17921,48.51649],[-118.17583,48.52044],[-118.16915,48.52322],[-118.14971,48.52057],[-118.14098,48.52832],[-118.1431,48.54823],[-118.13569,48.57133],[-118.12544,48.58452],[-118.12732,48.61218],[-118.11794,48.62313],[-118.12024,48.62982],[-118.11663,48.63079],[-118.11554,48.63763],[-118.10515,48.64368],[-118.10473,48.65182],[-118.11071,48.67259],[-118.11736,48.67474],[-118.11846,48.67979],[-118.11426,48.6839],[-118.12096,48.70227],[-118.1182,48.70834],[-118.11934,48.71887],[-118.12633,48.72673],[-118.11755,48.73593],[-118.12875,48.73993],[-118.12997,48.74467],[-118.12267,48.74581],[-118.12231,48.7499],[-118.13384,48.75799],[-118.12515,48.76278],[-118.13325,48.76636],[-118.13425,48.77525],[-118.12906,48.77761],[-118.12363,48.77446],[-118.1224,48.78016],[-118.12683,48.78619],[-118.14321,48.77929],[-118.14806,48.78814],[-118.16022,48.79332],[-118.16092,48.80896],[-118.1671,48.81609],[-118.17056,48.82724],[-118.17932,48.83764],[-118.19551,48.84072],[-118.19421,48.85154],[-118.20168,48.85816],[-118.19848,48.86727],[-118.20819,48.87076],[-118.21364,48.87797],[-118.21448,48.88816],[-118.20932,48.89521],[-118.21011,48.89924],[-118.20194,48.90235],[-118.19595,48.91326],[-118.21269,48.92309],[-118.22167,48.9371],[-118.20724,48.96308],[-118.22166,48.9705],[-118.21645,48.97567],[-118.21459,48.98602],[-118.20589,48.98764],[-118.21995,48.99741],[-118.19815,48.99357],[-118.19483,48.99693],[-118.19737,49.00007],[-117.42997,49.00046],[-117.43038,48.92317],[-117.49896,48.92316],[-117.4985,48.8369],[-117.56386,48.83667],[-117.56381,48.74296],[-117.62942,48.74263],[-117.62924,48.65585],[-117.49998,48.65619],[-117.50237,48.13471],[-117.43763,48.13469],[-117.43699,48.04721],[-117.04188,48.04547],[-117.04209,47.97745],[-116.63411,47.97707],[-116.63302,47.9915],[-116.50433,47.99139],[-116.5051,47.89014],[-116.32954,47.89039],[-116.32941,47.41401],[-116.58655,47.4147],[-116.58649,47.40028],[-116.62911,47.40033],[-116.62906,47.37144],[-116.73539,47.37145],[-116.73521,47.38592],[-116.76817,47.38584],[-116.7682,47.38071],[-116.81081,47.38066],[-116.8108,47.36631],[-117.03981,47.36603]]]}},{"type":"Feature","properties":{"std_name":"Springfield-Jacksonville-Lincoln, IL CSA","std_geoid":"522","pen":"statisticians","std_note":null,"LSAD":"M0","NAME":"Springfield-Jacksonville-Lincoln, IL"},"geometry":{"type":"Polygon","coordinates":[[[-89.14877,40.28252],[-89.14345,39.91765],[-89.21785,39.91699],[-89.21747,39.81367],[-89.18819,39.81752],[-89.17986,39.81544],[-89.17985,39.81189],[-89.1703,39.81192],[-89.16075,39.80471],[-89.15147,39.80479],[-89.15146,39.80125],[-89.14197,39.80127],[-89.13913,39.65513],[-89.02569,39.65464],[-89.02553,39.34584],[-89.13993,39.34889],[-89.53084,39.34886],[-89.53353,39.52459],[-90.18659,39.52002],[-90.58106,39.52173],[-90.58177,39.52588],[-90.57229,39.53917],[-90.57662,39.55954],[-90.60488,39.61975],[-90.60887,39.64029],[-90.63349,39.67301],[-90.64611,39.69829],[-90.64098,39.71743],[-90.62842,39.72948],[-90.60763,39.76387],[-90.60693,39.77638],[-90.5972,39.79485],[-90.56574,39.83007],[-90.58244,39.85457],[-90.58609,39.87141],[-90.58353,39.87675],[-89.99441,39.87286],[-89.99509,40.10891],[-89.98256,40.11438],[-89.9887,40.1178],[-89.98861,40.1236],[-89.98451,40.12394],[-89.98665,40.12901],[-89.97846,40.12496],[-89.97395,40.12713],[-89.97669,40.13037],[-89.97155,40.13295],[-89.97476,40.13548],[-89.96971,40.13817],[-89.97075,40.1417],[-89.9635,40.14313],[-89.95887,40.13436],[-89.95463,40.13695],[-89.95149,40.13205],[-89.94929,40.13568],[-89.94614,40.13026],[-89.94371,40.13438],[-89.94231,40.13157],[-89.93677,40.13244],[-89.9413,40.13694],[-89.92682,40.14008],[-89.92469,40.13584],[-89.92118,40.13882],[-89.91628,40.13353],[-89.90755,40.13161],[-89.9084,40.13779],[-89.89848,40.1278],[-89.89177,40.13054],[-89.8852,40.12804],[-89.88548,40.13484],[-89.88154,40.13631],[-89.87804,40.13372],[-89.87255,40.13741],[-89.86602,40.12821],[-89.8534,40.1303],[-89.84326,40.12637],[-89.8394,40.13079],[-89.83398,40.12441],[-89.82719,40.12567],[-89.82333,40.1213],[-89.81894,40.12535],[-89.81008,40.12121],[-89.80956,40.12459],[-89.79437,40.1238],[-89.79191,40.1294],[-89.78315,40.12949],[-89.78087,40.12691],[-89.77342,40.13223],[-89.76987,40.12845],[-89.74958,40.12677],[-89.73405,40.13275],[-89.73407,40.13767],[-89.73003,40.13562],[-89.7274,40.14265],[-89.71963,40.14021],[-89.70893,40.14709],[-89.70433,40.14063],[-89.6948,40.14071],[-89.68668,40.14679],[-89.68594,40.15365],[-89.68347,40.15485],[-89.68108,40.15121],[-89.68046,40.15543],[-89.67134,40.15394],[-89.66777,40.16073],[-89.65995,40.15563],[-89.65161,40.15483],[-89.64959,40.15766],[-89.64639,40.1536],[-89.6342,40.15341],[-89.63179,40.14819],[-89.628,40.14882],[-89.62724,40.14372],[-89.62226,40.14186],[-89.62068,40.13659],[-89.61376,40.13458],[-89.60914,40.12921],[-89.61089,40.12733],[-89.6058,40.12651],[-89.60592,40.12275],[-89.60271,40.12165],[-89.60298,40.32027],[-89.26374,40.32534],[-89.26265,40.28092],[-89.14877,40.28252]]]}},{"type":"Feature","properties":{"std_name":"Starkville-Columbus, MS CSA","std_geoid":"523","pen":"statisticians","std_note":null,"LSAD":"M0","NAME":"Starkville-Columbus, MS"},"geometry":{"type":"Polygon","coordinates":[[[-89.08845,33.5332],[-89.18117,33.53283],[-89.20043,33.5274],[-89.20478,33.52881],[-89.20838,33.5252],[-89.22166,33.52807],[-89.2286,33.51982],[-89.24061,33.51966],[-89.2406,33.5172],[-89.24191,33.51621],[-89.26137,33.51872],[-89.27185,33.51105],[-89.29314,33.50778],[-89.29679,33.50311],[-89.30302,33.50439],[-89.3131,33.49714],[-89.31963,33.49666],[-89.34028,33.4695],[-89.35495,33.46916],[-89.36244,33.4734],[-89.36809,33.46849],[-89.36799,33.46411],[-89.3753,33.46369],[-89.37761,33.46049],[-89.5065,33.45981],[-89.50714,33.72182],[-89.19192,33.72216],[-89.19178,33.7386],[-89.0345,33.73943],[-89.03602,33.63357],[-89.01854,33.63537],[-89.01861,33.56211],[-88.73257,33.56544],[-88.72781,33.56408],[-88.73023,33.56228],[-88.72464,33.56376],[-88.71011,33.55902],[-88.69473,33.56516],[-88.67153,33.56513],[-88.67155,33.50663],[-88.60939,33.50689],[-88.5805,33.51733],[-88.58208,33.51977],[-88.57829,33.52211],[-88.57169,33.51901],[-88.57173,33.52387],[-88.56511,33.52375],[-88.56558,33.52646],[-88.55327,33.52196],[-88.55109,33.52822],[-88.54368,33.52689],[-88.5418,33.53409],[-88.53035,33.53815],[-88.52712,33.54182],[-88.52734,33.54861],[-88.52372,33.55085],[-88.51745,33.54763],[-88.51659,33.54347],[-88.50741,33.54383],[-88.50468,33.53654],[-88.49682,33.53447],[-88.49329,33.52849],[-88.48679,33.52904],[-88.4803,33.52274],[-88.47271,33.52445],[-88.47281,33.52806],[-88.48474,33.53442],[-88.4925,33.54315],[-88.49758,33.56352],[-88.49613,33.56621],[-88.49133,33.56299],[-88.48624,33.56654],[-88.49482,33.58037],[-88.48872,33.58233],[-88.47523,33.59767],[-88.4752,33.60348],[-88.49304,33.61472],[-88.50617,33.61434],[-88.50628,33.61917],[-88.49913,33.62669],[-88.50166,33.63525],[-88.49859,33.64196],[-88.51146,33.64376],[-88.51421,33.64851],[-88.49621,33.66428],[-88.49101,33.66076],[-88.48865,33.6655],[-88.48674,33.66289],[-88.47373,33.66684],[-88.47278,33.66398],[-88.46721,33.66317],[-88.4671,33.66759],[-88.45927,33.66286],[-88.44554,33.67137],[-88.43422,33.66752],[-88.4256,33.67543],[-88.42097,33.67294],[-88.42345,33.66987],[-88.41701,33.66969],[-88.41623,33.67641],[-88.41342,33.67719],[-88.41234,33.67334],[-88.4089,33.67753],[-88.40664,33.67332],[-88.40504,33.67895],[-88.3989,33.67811],[-88.40294,33.68275],[-88.39565,33.68361],[-88.39914,33.68953],[-88.39408,33.69561],[-88.38426,33.69357],[-88.38658,33.6892],[-88.38019,33.68639],[-88.37033,33.68592],[-88.37046,33.68867],[-88.36458,33.68955],[-88.36109,33.69505],[-88.34444,33.70507],[-88.34429,33.70966],[-88.33812,33.71709],[-88.33025,33.71876],[-88.32614,33.7259],[-88.32897,33.72911],[-88.32664,33.7332],[-88.33021,33.73537],[-88.32465,33.74585],[-88.32114,33.74377],[-88.24892,33.74498],[-88.34789,32.92908],[-88.81278,32.92597],[-88.81305,33.28642],[-89.08826,33.286],[-89.08845,33.5332]]]}},{"type":"Feature","properties":{"std_name":"State College-DuBois, PA CSA","std_geoid":"524","pen":"statisticians","std_note":null,"LSAD":"M0","NAME":"State College-DuBois, PA"},"geometry":{"type":"Polygon","coordinates":[[[-78.03817,41.1536],[-78.02859,41.15033],[-78.01573,41.1529],[-78.01073,41.14385],[-78.00357,41.14486],[-78.0006,41.14886],[-78.00075,41.16166],[-77.98939,41.16188],[-77.98369,41.17071],[-77.97078,41.1747],[-77.97371,41.19239],[-77.97175,41.20594],[-77.95944,41.2175],[-77.9436,41.21029],[-77.93709,41.21034],[-77.93791,41.22484],[-77.9218,41.22746],[-77.91262,41.24198],[-77.89826,41.25267],[-77.89767,41.17692],[-77.79001,41.17714],[-77.78956,41.14213],[-77.778,41.14661],[-77.74667,41.10626],[-77.72872,41.11147],[-77.71636,41.10508],[-77.70662,41.11389],[-77.691,41.10627],[-77.68375,41.10931],[-77.67205,41.10524],[-77.66331,41.10885],[-77.65897,41.10095],[-77.62984,41.0946],[-77.59526,41.07771],[-77.59129,41.07072],[-77.56867,41.06615],[-77.56174,41.05764],[-77.58019,41.04727],[-77.5086,40.96294],[-77.33992,40.98717],[-77.1438,41.0428],[-77.20403,40.99271],[-77.27924,40.90971],[-77.36418,40.84694],[-77.4296,40.82754],[-77.59336,40.76125],[-77.65257,40.74492],[-77.71055,40.71456],[-77.71868,40.72737],[-77.76855,40.71947],[-77.8249,40.74353],[-77.89431,40.71619],[-77.94425,40.69156],[-78.13183,40.74302],[-78.36062,40.73318],[-78.34839,40.72343],[-78.52983,40.72592],[-78.63558,40.72307],[-78.80173,40.72462],[-78.80627,40.72974],[-78.80453,41.13219],[-78.76638,41.20276],[-78.71025,41.20186],[-78.64795,41.21746],[-78.64667,41.25378],[-78.23682,41.23047],[-78.09338,41.21693],[-78.06101,41.17454],[-78.03817,41.1536]]]}},{"type":"Feature","properties":{"std_name":"Syracuse-Auburn, NY CSA","std_geoid":"532","pen":"statisticians","std_note":null,"LSAD":"M0","NAME":"Syracuse-Auburn, NY"},"geometry":{"type":"Polygon","coordinates":[[[-76.02509,43.70702],[-75.77382,43.68878],[-75.75642,43.47042],[-75.81463,43.48358],[-75.88676,43.32502],[-75.86293,43.31927],[-75.88428,43.15556],[-75.87459,43.15282],[-75.86988,43.14739],[-75.86313,43.14703],[-75.85667,43.15021],[-75.85328,43.15638],[-75.83999,43.16051],[-75.79342,43.16005],[-75.78641,43.16676],[-75.77851,43.16805],[-75.77628,43.17335],[-75.74992,43.15794],[-75.7384,43.16477],[-75.73139,43.16062],[-75.72717,43.16207],[-75.72547,43.15713],[-75.72439,43.16273],[-75.72002,43.16114],[-75.71888,43.15852],[-75.72259,43.15584],[-75.71443,43.15289],[-75.71606,43.15059],[-75.70658,43.1511],[-75.70884,43.14676],[-75.70677,43.13703],[-75.6946,43.13963],[-75.69645,43.13692],[-75.69362,43.13347],[-75.68738,43.13373],[-75.68655,43.12944],[-75.67828,43.12747],[-75.68533,43.12483],[-75.68048,43.12348],[-75.68125,43.12102],[-75.6727,43.12174],[-75.67378,43.11825],[-75.6697,43.11518],[-75.6531,43.11411],[-75.65578,43.10962],[-75.65118,43.10543],[-75.64657,43.10629],[-75.64597,43.10097],[-75.63934,43.09725],[-75.64182,43.09031],[-75.63878,43.08197],[-75.64174,43.08179],[-75.63633,43.07501],[-75.63107,43.07685],[-75.62227,43.07389],[-75.61603,43.06627],[-75.60438,43.06494],[-75.5995,43.0614],[-75.60797,43.05311],[-75.59825,43.04377],[-75.59688,43.0354],[-75.55277,43.03755],[-75.5428,42.93177],[-75.44417,42.93309],[-75.43717,42.86332],[-75.24796,42.8716],[-75.24472,42.86878],[-75.24752,42.86452],[-75.24389,42.86162],[-75.24781,42.84502],[-75.24203,42.84318],[-75.2431,42.83855],[-75.23954,42.83428],[-75.2503,42.82438],[-75.2459,42.81715],[-75.24204,42.8176],[-75.24913,42.81172],[-75.25028,42.7972],[-75.25325,42.79557],[-75.24991,42.79206],[-75.25306,42.78742],[-75.25103,42.78487],[-75.25761,42.78273],[-75.25565,42.78093],[-75.259,42.78085],[-75.25871,42.77705],[-75.26283,42.77558],[-75.26411,42.77778],[-75.27284,42.77281],[-75.274,42.76534],[-75.27972,42.76396],[-75.28017,42.75431],[-75.28506,42.75077],[-75.29088,42.7515],[-75.29588,42.74411],[-75.42799,42.73811],[-75.42867,42.74542],[-75.88983,42.72384],[-75.89608,42.79096],[-76.27467,42.77126],[-76.26558,42.62359],[-76.45847,42.61861],[-76.45874,42.62742],[-76.61429,42.6221],[-76.61448,42.62523],[-76.66654,42.62346],[-76.6879,42.67478],[-76.7197,42.70041],[-76.72895,42.7129],[-76.74,42.77645],[-76.73831,42.79469],[-76.71951,42.82545],[-76.71719,42.83883],[-76.72125,42.86958],[-76.73746,42.90211],[-76.73918,42.91683],[-76.73428,42.94481],[-76.73936,42.95447],[-76.73674,42.97029],[-76.72762,42.97814],[-76.72881,42.98776],[-76.72065,42.99543],[-76.72166,43.00786],[-76.7112,43.01804],[-76.71861,43.03312],[-76.71779,43.06263],[-76.70588,43.07078],[-76.70233,43.08039],[-76.71466,43.26577],[-76.75354,43.68427],[-76.73472,43.70812],[-76.14094,43.67698],[-76.022,43.66814],[-76.02509,43.70702]]]}},{"type":"Feature","properties":{"std_name":"Tallahassee-Bainbridge, FL-GA CSA","std_geoid":"533","pen":"statisticians","std_note":null,"LSAD":"M0","NAME":"Tallahassee-Bainbridge, FL-GA"},"geometry":{"type":"Polygon","coordinates":[[[-84.37661,31.07888],[-84.38071,30.68999],[-83.61172,30.65126],[-83.61212,30.63874],[-83.6044,30.63824],[-83.60412,30.59374],[-83.60419,30.58192],[-83.62073,30.58198],[-83.62119,30.56735],[-83.63734,30.56747],[-83.63741,30.55267],[-83.67112,30.55286],[-83.67107,30.53802],[-83.70429,30.53809],[-83.70436,30.52302],[-83.72598,30.52309],[-83.72958,30.51925],[-83.73692,30.50809],[-83.73651,30.50234],[-83.72693,30.48799],[-83.72896,30.47284],[-83.72362,30.46169],[-83.72833,30.45446],[-83.72172,30.43435],[-83.73963,30.42187],[-83.7507,30.40869],[-83.75767,30.38515],[-83.7798,30.38205],[-83.78319,30.37886],[-83.78828,30.38181],[-83.78754,30.38877],[-83.79033,30.3903],[-83.79574,30.38215],[-83.80455,30.37703],[-83.80811,30.36487],[-83.80408,30.35313],[-83.80757,30.34876],[-83.79939,30.34715],[-83.79356,30.33547],[-83.78711,30.33167],[-83.7889,30.32421],[-83.80126,30.31534],[-83.81113,30.31833],[-83.82052,30.31314],[-83.82191,30.30746],[-83.81812,30.30421],[-83.82002,30.29982],[-83.82567,30.29731],[-83.8284,30.28891],[-83.83734,30.28078],[-83.85349,30.27735],[-83.85433,30.27397],[-83.8615,30.27083],[-83.87951,30.26913],[-83.89573,30.25768],[-83.90258,30.24746],[-83.91576,30.24531],[-83.916,30.23442],[-83.92162,30.22871],[-83.91656,30.22546],[-83.9174,30.21757],[-83.92575,30.20472],[-83.92334,30.20247],[-83.92545,30.19286],[-83.93101,30.18912],[-83.94083,30.19209],[-83.9513,30.18628],[-83.9527,30.17579],[-83.95812,30.1719],[-83.95767,30.16227],[-83.96308,30.15751],[-83.96036,30.15215],[-83.97333,30.14562],[-83.96866,30.13603],[-83.97772,30.12309],[-83.98448,30.10501],[-83.99218,30.09621],[-83.99995,29.89895],[-84.03443,29.91572],[-84.06492,29.94008],[-84.1205,29.9255],[-84.1608,29.92127],[-84.16771,29.87969],[-84.18199,29.84436],[-84.20231,29.81315],[-84.22719,29.78875],[-84.25923,29.76815],[-84.29097,29.75541],[-84.32327,29.74809],[-84.38008,29.74293],[-84.41155,29.74564],[-84.29688,29.97256],[-84.34884,29.96908],[-84.38405,29.97685],[-84.39417,29.98255],[-84.42686,29.98591],[-84.43816,29.97721],[-84.44419,29.9818],[-84.44948,29.97334],[-84.45455,29.97133],[-84.4584,29.9752],[-84.45968,29.99338],[-84.4702,30.0025],[-84.47719,29.99936],[-84.48709,29.98846],[-84.51413,29.98908],[-84.51284,29.98108],[-84.52174,29.98075],[-84.52526,29.98482],[-84.51896,29.99513],[-84.52501,30.00522],[-84.53007,30.00762],[-84.54242,30.00245],[-84.54887,30.00709],[-84.54302,30.01283],[-84.54718,30.01556],[-84.54806,30.01141],[-84.55569,30.01478],[-84.55838,30.02212],[-84.56287,30.02265],[-84.5612,30.02021],[-84.56554,30.01733],[-84.56833,30.0204],[-84.57037,30.01688],[-84.59511,30.03329],[-84.59932,30.04013],[-84.59332,30.04176],[-84.60018,30.04362],[-84.59666,30.04696],[-84.60392,30.04633],[-84.60895,30.05851],[-84.61604,30.06536],[-84.62038,30.06694],[-84.62608,30.06239],[-84.6258,30.0653],[-84.63079,30.06513],[-84.62792,30.069],[-84.63314,30.06847],[-84.63527,30.07216],[-84.63276,30.07339],[-84.63917,30.07918],[-84.63789,30.08374],[-84.64179,30.0827],[-84.64477,30.09128],[-84.6497,30.09296],[-84.6509,30.09736],[-84.65425,30.09706],[-84.65425,30.10054],[-84.65052,30.10124],[-84.65259,30.10319],[-84.64814,30.10536],[-84.65204,30.10431],[-84.64809,30.10883],[-84.65287,30.11799],[-84.65962,30.11508],[-84.66081,30.1202],[-84.66466,30.12036],[-84.67036,30.12763],[-84.66545,30.13449],[-84.67161,30.13768],[-84.67223,30.14124],[-84.66832,30.14331],[-84.67254,30.15041],[-84.66876,30.15264],[-84.67061,30.15775],[-84.66699,30.16398],[-84.66962,30.16548],[-84.66514,30.1661],[-84.6674,30.16838],[-84.66492,30.17],[-84.67015,30.17336],[-84.66849,30.18289],[-84.67287,30.18712],[-84.67475,30.18379],[-84.67825,30.18809],[-84.67597,30.20116],[-84.68186,30.20305],[-84.68204,30.21829],[-84.69486,30.22258],[-84.69549,30.22733],[-84.69967,30.2278],[-84.6973,30.22914],[-84.70151,30.23511],[-84.69859,30.23358],[-84.69712,30.23687],[-84.70064,30.24341],[-84.69827,30.24569],[-84.70145,30.24846],[-84.7083,30.25344],[-84.71222,30.25044],[-84.72661,30.25672],[-84.73785,30.26565],[-84.73217,30.26794],[-84.73094,30.27516],[-84.72766,30.27585],[-84.73084,30.28044],[-84.72921,30.28744],[-84.71159,30.30122],[-84.70889,30.30948],[-84.70111,30.31767],[-84.70277,30.32298],[-84.71112,30.32513],[-84.715,30.33328],[-84.70357,30.3359],[-84.70128,30.34355],[-84.6964,30.34715],[-84.6946,30.3452],[-84.69347,30.3489],[-84.68489,30.35011],[-84.68676,30.35286],[-84.68249,30.35457],[-84.68558,30.3552],[-84.6808,30.3681],[-84.67048,30.36414],[-84.66351,30.37047],[-84.66358,30.3784],[-84.64641,30.38828],[-84.68063,30.38797],[-84.68053,30.41727],[-84.71412,30.4172],[-84.7141,30.4604],[-84.78111,30.45979],[-84.78181,30.51869],[-84.81562,30.51849],[-84.81582,30.53309],[-84.88262,30.53309],[-84.88332,30.60559],[-84.93252,30.60649],[-84.92752,30.61249],[-84.90562,30.62199],[-84.90372,30.63779],[-84.89302,30.64669],[-84.88922,30.66159],[-84.87492,30.67199],[-84.85834,30.69662],[-84.86469,30.71154],[-84.86333,30.71807],[-84.87132,30.73246],[-84.86753,30.74767],[-84.85953,30.75288],[-84.86112,30.76199],[-84.85182,30.76349],[-84.84992,30.77219],[-84.84042,30.77219],[-84.83632,30.77889],[-84.82872,30.77739],[-84.81792,30.78319],[-84.81392,30.78139],[-84.80102,30.80139],[-84.78792,30.80019],[-84.78922,30.81638],[-84.78452,30.81848],[-84.78252,30.82749],[-84.77832,30.82779],[-84.77311,30.8361],[-84.76892,30.83689],[-84.77132,30.84249],[-84.76952,30.87639],[-84.76688,30.87634],[-84.76689,30.88531],[-84.75592,30.88527],[-84.75295,31.04121],[-84.7423,31.04092],[-84.74227,31.0501],[-84.73162,31.05009],[-84.73086,31.06919],[-84.64579,31.06801],[-84.64422,31.07954],[-84.37661,31.07888]]]}},{"type":"Feature","properties":{"std_name":"Tucson-Nogales, AZ CSA","std_geoid":"536","pen":"statisticians","std_note":null,"LSAD":"M0","NAME":"Tucson-Nogales, AZ"},"geometry":{"type":"Polygon","coordinates":[[[-110.45154,32.07968],[-110.45225,31.61394],[-110.46075,31.61388],[-110.45975,31.33287],[-111.07498,31.33234],[-112.07533,31.65061],[-113.33377,32.03893],[-113.33389,32.50519],[-111.56926,32.50677],[-111.56925,32.50139],[-111.15757,32.50162],[-111.15749,32.51125],[-110.45152,32.514],[-110.45096,32.25375],[-110.44767,32.25376],[-110.44764,32.16484],[-110.45154,32.07968]]]}},{"type":"Feature","properties":{"std_name":"Tulsa-Bartlesville-Muskogee, OK CSA","std_geoid":"538","pen":"statisticians","std_note":null,"LSAD":"M0","NAME":"Tulsa-Bartlesville-Muskogee, OK"},"geometry":{"type":"Polygon","coordinates":[[[-95.80954,36.59754],[-95.32837,36.59763],[-95.32817,36.51024],[-95.43561,36.51016],[-95.43552,36.24932],[-95.43846,36.24932],[-95.44002,36.20597],[-95.43997,36.07527],[-95.20794,36.07477],[-95.20798,36.0407],[-95.22534,36.03984],[-95.22533,36.0092],[-95.23025,36.00926],[-95.2303,36.00232],[-95.23427,36.00228],[-95.23444,35.9913],[-95.23874,35.9915],[-95.23842,35.98773],[-95.25219,35.98785],[-95.2722,35.97361],[-95.2787,35.9641],[-95.27075,35.95038],[-95.26861,35.93183],[-95.28142,35.91777],[-95.28157,35.90408],[-95.2577,35.8773],[-95.23249,35.87275],[-95.2275,35.86217],[-95.23146,35.85119],[-95.25115,35.83593],[-95.25333,35.82696],[-95.2665,35.82044],[-95.26775,35.81604],[-95.26568,35.81327],[-95.12716,35.81276],[-95.12731,35.55182],[-95.13229,35.55181],[-95.13227,35.52605],[-95.12084,35.5057],[-95.09614,35.4857],[-95.08563,35.4614],[-95.07724,35.4588],[-95.06123,35.46509],[-95.04993,35.45889],[-95.07054,35.4471],[-95.08043,35.4319],[-95.08604,35.4059],[-95.10264,35.3969],[-95.12071,35.37246],[-95.13704,35.3803],[-95.16077,35.36936],[-95.15961,35.36522],[-95.14548,35.36018],[-95.1413,35.35556],[-95.14802,35.34595],[-95.16767,35.35305],[-95.17496,35.35055],[-95.1806,35.34402],[-95.18255,35.33686],[-95.17118,35.31543],[-95.17176,35.30555],[-95.1786,35.30101],[-95.18794,35.30495],[-95.19919,35.30359],[-95.20941,35.28382],[-95.23134,35.26593],[-95.24381,35.26164],[-95.25698,35.26577],[-95.28575,35.2934],[-95.30095,35.3014],[-95.31667,35.30209],[-95.34477,35.29304],[-95.3448,35.55175],[-95.82236,35.55169],[-95.82243,35.46368],[-95.87535,35.46362],[-95.87541,35.37669],[-96.08753,35.37688],[-96.08778,35.552],[-96.1927,35.55197],[-96.19256,35.63909],[-96.62083,35.639],[-96.62144,36.15993],[-96.81901,36.15889],[-96.81897,36.24648],[-96.92507,36.24647],[-96.92494,36.33334],[-97.03211,36.33335],[-97.03212,36.50696],[-97.00978,36.50693],[-97.00502,36.52182],[-96.98816,36.53237],[-96.97626,36.53559],[-96.95541,36.53529],[-96.92471,36.55256],[-96.90126,36.55174],[-96.89037,36.56361],[-96.88802,36.57489],[-96.91072,36.59762],[-96.92049,36.60066],[-96.94863,36.59],[-97.00286,36.58256],[-97.03585,36.5862],[-97.05588,36.59246],[-97.0571,36.59783],[-97.04689,36.59744],[-97.04382,36.60067],[-97.05211,36.61258],[-97.04856,36.62323],[-97.05152,36.64122],[-97.06199,36.65073],[-97.06449,36.68126],[-97.05324,36.69221],[-97.03253,36.70196],[-97.02419,36.6934],[-97.00539,36.694],[-96.99433,36.68785],[-96.96709,36.68854],[-96.94768,36.68353],[-96.93194,36.6861],[-96.92726,36.6888],[-96.92843,36.6941],[-96.9226,36.70287],[-96.92055,36.71775],[-96.91143,36.72473],[-96.90743,36.73584],[-96.88858,36.75179],[-96.86869,36.75354],[-96.85363,36.74611],[-96.83038,36.74417],[-96.82467,36.74669],[-96.81901,36.75599],[-96.81883,36.76366],[-96.82259,36.76756],[-96.78869,36.7676],[-96.78865,36.78201],[-96.75238,36.78209],[-96.74984,36.99899],[-95.78676,36.99931],[-95.78666,36.94194],[-95.80982,36.94193],[-95.80954,36.59754]]]}},{"type":"Feature","properties":{"std_name":"Tupelo-Corinth, MS CSA","std_geoid":"539","pen":"statisticians","std_note":null,"LSAD":"M0","NAME":"Tupelo-Corinth, MS"},"geometry":{"type":"Polygon","coordinates":[[[-88.82305,34.99522],[-88.36353,34.99547],[-88.36588,34.75564],[-88.34837,34.75536],[-88.34831,34.74087],[-88.3307,34.74072],[-88.32919,34.46357],[-88.15629,34.46321],[-88.20386,34.08656],[-88.71876,34.08935],[-88.71896,34.07452],[-88.82452,34.07495],[-88.82513,34.39389],[-88.78977,34.39369],[-88.78944,34.49493],[-88.73667,34.49466],[-88.73544,34.59648],[-88.71779,34.59647],[-88.71851,34.75678],[-88.75307,34.75696],[-88.75296,34.85878],[-88.82347,34.85863],[-88.82305,34.99522]]]}},{"type":"Feature","properties":{"std_name":"Tyler-Jacksonville, TX CSA","std_geoid":"540","pen":"statisticians","std_note":null,"LSAD":"M0","NAME":"Tyler-Jacksonville, TX"},"geometry":{"type":"Polygon","coordinates":[[[-94.98694,32.53725],[-94.98504,31.84619],[-94.93753,31.84556],[-94.9379,31.84154],[-94.93533,31.84214],[-94.93701,31.83588],[-94.93456,31.83458],[-94.94056,31.82698],[-94.94182,31.82898],[-94.94527,31.8253],[-94.94832,31.82633],[-94.94226,31.81783],[-94.94671,31.80713],[-94.95426,31.80552],[-94.95175,31.80098],[-94.95565,31.80054],[-94.9539,31.797],[-94.97039,31.79676],[-94.97816,31.7934],[-94.97489,31.78197],[-94.95859,31.77885],[-94.95136,31.76914],[-94.94926,31.7746],[-94.94799,31.77144],[-94.93863,31.77223],[-94.92931,31.76646],[-94.92608,31.76034],[-94.93022,31.75511],[-94.93806,31.75673],[-94.9438,31.75238],[-94.96729,31.75413],[-94.97276,31.73763],[-94.96509,31.7365],[-94.95824,31.72397],[-94.95438,31.72318],[-94.95874,31.71648],[-94.96287,31.71564],[-94.95972,31.7089],[-94.96407,31.70396],[-94.96003,31.69884],[-94.96576,31.69835],[-94.96522,31.69389],[-94.95912,31.68539],[-94.95706,31.68676],[-94.9553,31.68098],[-94.95072,31.67987],[-94.95457,31.6764],[-94.95286,31.67289],[-94.9571,31.67047],[-94.95185,31.67047],[-94.95222,31.65962],[-94.94835,31.65717],[-94.94879,31.65293],[-94.95262,31.65217],[-94.94833,31.64819],[-94.952,31.64708],[-94.95422,31.63971],[-94.95064,31.64001],[-94.94921,31.63642],[-94.94177,31.63845],[-94.93911,31.63019],[-94.94142,31.62703],[-94.93303,31.62148],[-94.93055,31.61186],[-94.92612,31.60979],[-94.92506,31.60401],[-94.92836,31.59837],[-94.92487,31.59034],[-94.91923,31.58723],[-94.92494,31.58285],[-94.92422,31.57949],[-94.9127,31.56903],[-94.8917,31.5779],[-94.88959,31.56625],[-94.90062,31.5526],[-94.89334,31.54983],[-94.89614,31.54574],[-94.894,31.54123],[-94.88437,31.54089],[-94.88375,31.52941],[-94.86586,31.52692],[-95.00334,31.42571],[-95.00714,31.43319],[-95.01208,31.4356],[-95.00521,31.43988],[-95.00733,31.44459],[-95.01653,31.44572],[-95.02367,31.44263],[-95.03186,31.44562],[-95.03098,31.44336],[-95.03534,31.44346],[-95.03919,31.4467],[-95.04522,31.44509],[-95.05168,31.45306],[-95.05222,31.45897],[-95.0647,31.47132],[-95.06906,31.47039],[-95.06642,31.47008],[-95.06727,31.4663],[-95.07233,31.46354],[-95.08063,31.46988],[-95.08834,31.46597],[-95.09242,31.46943],[-95.10074,31.46834],[-95.10106,31.47141],[-95.09741,31.47453],[-95.09777,31.47643],[-95.10353,31.47443],[-95.10621,31.48289],[-95.11113,31.48385],[-95.10557,31.49467],[-95.10103,31.49596],[-95.09831,31.49338],[-95.09779,31.49845],[-95.09442,31.49873],[-95.09411,31.50386],[-95.09828,31.50439],[-95.1007,31.50883],[-95.09665,31.5095],[-95.09995,31.5118],[-95.09997,31.51887],[-95.12053,31.53474],[-95.1237,31.53114],[-95.12637,31.5383],[-95.14344,31.53964],[-95.14731,31.55375],[-95.1396,31.56282],[-95.14743,31.56317],[-95.15099,31.56587],[-95.14974,31.56957],[-95.16156,31.57322],[-95.16222,31.57768],[-95.17096,31.5811],[-95.16851,31.58367],[-95.17636,31.58483],[-95.17943,31.58041],[-95.19169,31.57711],[-95.19257,31.5733],[-95.20272,31.57339],[-95.20852,31.57018],[-95.20878,31.57305],[-95.22598,31.57742],[-95.2316,31.57705],[-95.22833,31.57541],[-95.23057,31.57347],[-95.23981,31.57671],[-95.25502,31.57479],[-95.26026,31.5771],[-95.27531,31.59471],[-95.26971,31.59504],[-95.26909,31.59933],[-95.26201,31.60291],[-95.25879,31.61038],[-95.26077,31.6093],[-95.26194,31.61958],[-95.26538,31.62458],[-95.28191,31.6255],[-95.28787,31.63292],[-95.28284,31.63223],[-95.28166,31.63642],[-95.28615,31.64775],[-95.28247,31.64607],[-95.28267,31.65161],[-95.27925,31.65176],[-95.2813,31.65472],[-95.27857,31.65321],[-95.27577,31.65695],[-95.28374,31.66322],[-95.28198,31.66499],[-95.28576,31.67125],[-95.28246,31.67269],[-95.28325,31.67641],[-95.28977,31.68409],[-95.30411,31.68911],[-95.30139,31.69411],[-95.31173,31.69693],[-95.31136,31.70622],[-95.32571,31.70374],[-95.32409,31.70554],[-95.32848,31.70792],[-95.32444,31.71109],[-95.32786,31.71704],[-95.33233,31.7185],[-95.33494,31.71558],[-95.33161,31.71291],[-95.33402,31.71207],[-95.34247,31.71795],[-95.34182,31.72259],[-95.3399,31.72348],[-95.33968,31.72024],[-95.33524,31.72626],[-95.33711,31.72722],[-95.3327,31.72804],[-95.33538,31.73487],[-95.36643,31.72676],[-95.37084,31.73313],[-95.36865,31.73497],[-95.37268,31.73612],[-95.36657,31.74008],[-95.36307,31.73698],[-95.35908,31.7411],[-95.36256,31.74331],[-95.35824,31.74925],[-95.36278,31.75246],[-95.3731,31.75175],[-95.3776,31.75644],[-95.38075,31.75255],[-95.38385,31.75855],[-95.38922,31.75732],[-95.39438,31.7633],[-95.40212,31.76159],[-95.40027,31.76789],[-95.39653,31.76527],[-95.39943,31.77435],[-95.39718,31.77406],[-95.39404,31.78461],[-95.39509,31.79355],[-95.39906,31.79395],[-95.3984,31.79994],[-95.40339,31.80037],[-95.40425,31.80332],[-95.40222,31.80866],[-95.40496,31.81021],[-95.39997,31.81343],[-95.40079,31.81861],[-95.41251,31.82626],[-95.41017,31.83415],[-95.41281,31.83242],[-95.41684,31.8373],[-95.42021,31.83572],[-95.42539,31.84151],[-95.43058,31.84136],[-95.43037,31.83922],[-95.4377,31.84333],[-95.44688,31.84319],[-95.44392,31.8459],[-95.44522,31.85798],[-95.43484,31.86664],[-95.43942,31.87201],[-95.43888,31.87622],[-95.43459,31.87325],[-95.43098,31.88],[-95.43336,31.8879],[-95.43121,31.8925],[-95.43685,31.89428],[-95.43484,31.89705],[-95.43755,31.89772],[-95.43752,31.90169],[-95.42921,31.9012],[-95.43187,31.91375],[-95.42898,31.91287],[-95.42987,31.91594],[-95.42634,31.91655],[-95.42022,31.92645],[-95.42325,31.92669],[-95.42397,31.93215],[-95.43165,31.93316],[-95.44585,31.9461],[-95.44798,31.95488],[-95.4535,31.96076],[-95.45081,31.96395],[-95.44394,31.96312],[-95.44362,31.96692],[-95.44993,31.9682],[-95.4529,31.97679],[-95.44831,31.98515],[-95.45067,31.98743],[-95.44615,31.99942],[-95.44165,32.0043],[-95.43569,32.0048],[-95.43372,32.00901],[-95.42978,32.00625],[-95.42824,32.01523],[-95.42411,32.01889],[-95.43197,32.03031],[-95.43867,32.03335],[-95.43588,32.03988],[-95.42749,32.03872],[-95.42219,32.0423],[-95.42382,32.04904],[-95.43578,32.05349],[-95.43683,32.05758],[-95.43208,32.06096],[-95.4385,32.06602],[-95.4295,32.07694],[-95.42604,32.07695],[-95.4239,32.08347],[-95.42848,32.08441],[-95.43156,32.09387],[-95.44028,32.09578],[-95.44709,32.10729],[-95.45229,32.10769],[-95.45734,32.11259],[-95.46224,32.12897],[-95.46027,32.13599],[-95.47858,32.14722],[-95.47904,32.15865],[-95.47381,32.16889],[-95.46937,32.1704],[-95.47097,32.17865],[-95.46307,32.17979],[-95.46156,32.1829],[-95.46506,32.18383],[-95.46827,32.19048],[-95.46439,32.19101],[-95.46246,32.20154],[-95.47053,32.20407],[-95.46793,32.20649],[-95.47015,32.21209],[-95.47894,32.21222],[-95.47851,32.21756],[-95.48873,32.2323],[-95.48681,32.23667],[-95.48159,32.23649],[-95.48174,32.24139],[-95.46758,32.24663],[-95.46995,32.26212],[-95.45727,32.27311],[-95.45126,32.28773],[-95.45152,32.29474],[-95.44697,32.29581],[-95.4538,32.30577],[-95.45547,32.31151],[-95.45061,32.31443],[-95.45767,32.31906],[-95.45571,32.32497],[-95.45874,32.32843],[-95.4531,32.33458],[-95.4526,32.34559],[-95.44756,32.3473],[-95.4491,32.35946],[-95.45655,32.36824],[-95.46277,32.36495],[-95.471,32.36921],[-95.48189,32.3826],[-95.49369,32.38946],[-95.50204,32.4017],[-95.50164,32.40924],[-95.50693,32.41493],[-95.51702,32.42076],[-95.52479,32.42117],[-95.52489,32.42552],[-95.53966,32.43342],[-95.54096,32.4394],[-95.55172,32.4487],[-95.55278,32.4536],[-95.56091,32.45449],[-95.56273,32.4595],[-95.57288,32.46144],[-95.5943,32.47986],[-95.59454,32.68703],[-95.59224,32.68246],[-95.58431,32.68187],[-95.58296,32.67424],[-95.57094,32.67589],[-95.57189,32.67308],[-95.5674,32.67359],[-95.56363,32.66809],[-95.56492,32.66477],[-95.54223,32.65495],[-95.5421,32.64689],[-95.53049,32.64756],[-95.52428,32.64366],[-95.51762,32.63366],[-95.51168,32.63281],[-95.51394,32.63116],[-95.51073,32.62689],[-95.51576,32.62559],[-95.51481,32.62292],[-95.47584,32.61134],[-95.47468,32.6061],[-95.46995,32.60951],[-95.46723,32.60869],[-95.46909,32.60564],[-95.46097,32.60968],[-95.45905,32.60569],[-95.44276,32.60772],[-95.44589,32.60867],[-95.44675,32.61373],[-95.43794,32.61019],[-95.4353,32.61216],[-95.43702,32.60891],[-95.43198,32.6059],[-95.42835,32.61026],[-95.42513,32.60723],[-95.41895,32.60894],[-95.41892,32.60527],[-95.4041,32.60674],[-95.40553,32.6038],[-95.40177,32.60339],[-95.40221,32.60624],[-95.39942,32.60639],[-95.38963,32.5989],[-95.38368,32.60216],[-95.38193,32.59849],[-95.37522,32.59741],[-95.37469,32.60304],[-95.36383,32.60334],[-95.35798,32.6081],[-95.34733,32.60515],[-95.34595,32.60929],[-95.34418,32.60376],[-95.33122,32.60567],[-95.31901,32.59556],[-95.3104,32.59321],[-95.30704,32.5967],[-95.3061,32.59226],[-95.29773,32.59157],[-95.29956,32.58937],[-95.29515,32.58504],[-95.28987,32.5854],[-95.29049,32.58096],[-95.28126,32.58],[-95.27814,32.57158],[-95.25031,32.57773],[-95.23824,32.56061],[-95.22795,32.56027],[-95.22321,32.56595],[-95.21896,32.56312],[-95.21465,32.569],[-95.20848,32.56863],[-95.20496,32.57237],[-95.20307,32.56806],[-95.20536,32.56703],[-95.20203,32.56437],[-95.20633,32.55811],[-95.18913,32.5466],[-95.18981,32.54212],[-95.18355,32.54097],[-95.17582,32.55542],[-95.1682,32.54439],[-95.16497,32.54458],[-95.15962,32.55045],[-95.16249,32.5543],[-95.15835,32.56632],[-95.15014,32.57229],[-95.14069,32.55968],[-95.1401,32.55016],[-95.13543,32.54801],[-95.12187,32.54975],[-95.11929,32.54255],[-95.11102,32.55174],[-95.09901,32.5524],[-95.09756,32.54966],[-95.09876,32.55571],[-95.09326,32.55768],[-95.08464,32.55773],[-95.08496,32.55294],[-95.07912,32.55612],[-95.08387,32.54254],[-95.07532,32.53707],[-95.0714,32.54113],[-95.06638,32.5377],[-95.05585,32.54059],[-95.05074,32.5382],[-95.04452,32.5422],[-95.04633,32.53886],[-95.04134,32.53218],[-95.02482,32.537],[-95.02806,32.54069],[-95.0266,32.54582],[-95.02097,32.54673],[-95.01903,32.54306],[-95.01507,32.54287],[-95.0172,32.53872],[-95.01534,32.53281],[-95.02247,32.52185],[-95.0116,32.51648],[-94.99854,32.52191],[-94.98694,32.53725]]]}},{"type":"Feature","properties":{"std_name":"Union City-Martin, TN CSA","std_geoid":"542","pen":"statisticians","std_note":null,"LSAD":"M0","NAME":"Union City-Martin, TN"},"geometry":{"type":"Polygon","coordinates":[[[-88.96417,36.50212],[-88.5164,36.50158],[-88.53223,36.11542],[-88.65549,36.11734],[-88.65384,36.06429],[-88.66166,36.06186],[-88.66001,36.06494],[-88.66903,36.06364],[-88.67199,36.06605],[-88.67544,36.06182],[-88.67862,36.06656],[-88.69199,36.06264],[-88.69421,36.06636],[-88.69648,36.06376],[-88.70508,36.06731],[-88.7182,36.07901],[-88.72574,36.08187],[-88.73025,36.07983],[-88.73619,36.08339],[-88.73549,36.0863],[-88.74883,36.09136],[-88.74972,36.09466],[-88.7441,36.09355],[-88.7524,36.09998],[-88.75159,36.10542],[-88.75408,36.10436],[-88.75404,36.10759],[-88.75843,36.1099],[-88.76007,36.10789],[-88.76736,36.11245],[-88.78061,36.11078],[-88.78039,36.11363],[-88.79136,36.11224],[-88.79991,36.11385],[-88.80388,36.11808],[-88.81297,36.11662],[-88.8265,36.1219],[-88.83524,36.12088],[-88.84008,36.12529],[-88.84154,36.12331],[-88.84226,36.12831],[-88.8482,36.13099],[-88.84855,36.13596],[-88.85641,36.13479],[-88.85797,36.13769],[-88.86352,36.1377],[-88.87736,36.15431],[-88.87815,36.15972],[-88.88409,36.16331],[-88.88374,36.16713],[-88.89305,36.17207],[-88.89487,36.17717],[-88.90298,36.17845],[-88.90366,36.18188],[-88.90697,36.18117],[-88.90817,36.18526],[-88.9183,36.18822],[-88.92096,36.19203],[-88.93186,36.19357],[-88.95096,36.2113],[-88.95418,36.22029],[-88.95984,36.22283],[-88.96123,36.20164],[-89.48339,36.21323],[-89.48582,36.22093],[-89.45122,36.22967],[-89.42899,36.25933],[-89.40106,36.32368],[-89.40515,36.35225],[-89.38064,36.3771],[-89.36012,36.40928],[-89.36785,36.42438],[-89.36924,36.43429],[-89.36005,36.45649],[-89.3404,36.47597],[-89.34607,36.50323],[-89.30102,36.50723],[-88.96417,36.50212]]]}},{"type":"Feature","properties":{"std_name":"Victoria-Port Lavaca, TX CSA","std_geoid":"544","pen":"statisticians","std_note":null,"LSAD":"M0","NAME":"Victoria-Port Lavaca, TX"},"geometry":{"type":"Polygon","coordinates":[[[-96.64344,28.71211],[-96.58817,28.72642],[-96.58051,28.71944],[-96.57681,28.7051],[-96.57861,28.69685],[-96.57565,28.69775],[-96.57462,28.7055],[-96.47551,28.70675],[-96.47808,28.70254],[-96.42839,28.70352],[-96.42858,28.71372],[-96.42047,28.71361],[-96.40753,28.73028],[-96.39954,28.73023],[-96.40008,28.68988],[-96.40428,28.68988],[-96.40444,28.67441],[-96.32352,28.6756],[-96.32292,28.64187],[-96.38048,28.38086],[-96.3952,28.27974],[-96.531,28.22116],[-96.61879,28.16952],[-96.73068,28.09127],[-96.81591,28.02284],[-96.85399,28.06311],[-96.84713,28.0706],[-96.83774,28.09949],[-96.83043,28.10962],[-96.79023,28.3198],[-96.79517,28.34682],[-96.79155,28.35728],[-96.795,28.36468],[-96.77863,28.40426],[-96.76424,28.4127],[-96.76643,28.42015],[-96.76945,28.41954],[-96.77218,28.42192],[-96.76842,28.42374],[-96.76687,28.42049],[-96.76413,28.42656],[-96.77172,28.42853],[-96.78428,28.44688],[-96.78988,28.447],[-96.80733,28.43205],[-96.8144,28.43048],[-96.82276,28.44483],[-96.8393,28.45775],[-96.8406,28.466],[-96.84846,28.4722],[-96.84865,28.4764],[-96.86132,28.47601],[-96.86407,28.48934],[-96.87918,28.4961],[-96.8805,28.50371],[-96.88589,28.50632],[-96.90283,28.50902],[-96.91584,28.49892],[-96.9099,28.49008],[-96.9155,28.48571],[-96.95315,28.50379],[-96.96909,28.50521],[-96.98591,28.49995],[-96.99342,28.50352],[-96.99486,28.50915],[-97.00463,28.50891],[-97.01974,28.52026],[-97.0223,28.51676],[-97.02264,28.52589],[-97.02717,28.53263],[-97.0273,28.53628],[-97.02324,28.53679],[-97.02481,28.53907],[-97.03177,28.54148],[-97.04127,28.53154],[-97.04606,28.53543],[-97.05147,28.53512],[-97.04407,28.54223],[-97.04819,28.54737],[-97.04495,28.54892],[-97.04505,28.55007],[-97.04934,28.54986],[-97.05078,28.54569],[-97.05587,28.55018],[-97.0573,28.54736],[-97.06285,28.54734],[-97.05907,28.54502],[-97.06224,28.54077],[-97.06207,28.54401],[-97.07173,28.54259],[-97.06974,28.54452],[-97.07212,28.54713],[-97.07743,28.54028],[-97.07592,28.54364],[-97.07967,28.54547],[-97.08277,28.54235],[-97.07991,28.53704],[-97.07705,28.53764],[-97.07734,28.53414],[-97.08024,28.53549],[-97.08208,28.53222],[-97.08327,28.53492],[-97.08717,28.53267],[-97.08827,28.53684],[-97.09084,28.53458],[-97.09131,28.54002],[-97.09493,28.53843],[-97.09412,28.54457],[-97.09808,28.54384],[-97.09689,28.54793],[-97.10264,28.54746],[-97.09891,28.54987],[-97.10355,28.55041],[-97.10425,28.55474],[-97.11022,28.5537],[-97.11912,28.54629],[-97.12285,28.54921],[-97.12337,28.54525],[-97.1259,28.54892],[-97.12823,28.5454],[-97.13164,28.55095],[-97.13546,28.54941],[-97.13946,28.55417],[-97.14782,28.54637],[-97.15177,28.54964],[-97.14822,28.54985],[-97.14878,28.55328],[-97.15565,28.54786],[-97.16075,28.55347],[-97.37558,28.38868],[-97.38689,28.39028],[-97.38977,28.39708],[-97.3992,28.39215],[-97.40171,28.39615],[-97.39783,28.40352],[-97.40046,28.4057],[-97.41104,28.40797],[-97.42028,28.40408],[-97.43096,28.41306],[-97.4428,28.40872],[-97.44645,28.40286],[-97.45043,28.40921],[-97.45768,28.40734],[-97.46263,28.40969],[-97.46543,28.41663],[-97.47016,28.41906],[-97.47013,28.42501],[-97.48521,28.43639],[-97.49869,28.43842],[-97.50822,28.4327],[-97.51785,28.43197],[-97.52383,28.44035],[-97.52085,28.44641],[-97.53956,28.44614],[-97.54518,28.45033],[-97.55147,28.45048],[-97.55462,28.46292],[-97.55139,28.46848],[-97.55174,28.47839],[-97.55514,28.48503],[-97.55247,28.49467],[-97.55886,28.51441],[-97.56867,28.51524],[-97.57706,28.52255],[-97.60149,28.52342],[-97.60716,28.52672],[-97.61003,28.52312],[-97.62308,28.52959],[-97.64626,28.52085],[-97.65356,28.52446],[-97.65521,28.5286],[-97.66824,28.53051],[-97.66967,28.53547],[-97.67953,28.53518],[-97.6861,28.54002],[-97.69657,28.54154],[-97.70337,28.5579],[-97.7017,28.56097],[-97.70505,28.56119],[-97.70578,28.56954],[-97.70927,28.56905],[-97.70837,28.57478],[-97.71265,28.57628],[-97.71305,28.58641],[-97.72134,28.59488],[-97.72078,28.60113],[-97.72888,28.61049],[-97.72834,28.62091],[-97.73193,28.62352],[-97.7316,28.62806],[-97.75061,28.63923],[-97.75459,28.65416],[-97.76301,28.65813],[-97.76655,28.66475],[-97.77398,28.66908],[-97.77853,28.66803],[-97.41734,28.92523],[-97.41113,28.92527],[-97.40172,28.91574],[-97.39643,28.91936],[-97.38458,28.91684],[-97.38218,28.91452],[-97.38401,28.90742],[-97.3739,28.90451],[-97.37223,28.89935],[-97.36707,28.90119],[-97.3628,28.89669],[-97.35505,28.89754],[-97.35306,28.89163],[-97.35009,28.89496],[-97.33998,28.89565],[-97.32444,28.88245],[-97.3255,28.87484],[-97.31082,28.87776],[-97.31268,28.8717],[-97.30592,28.86404],[-96.97638,29.10405],[-96.93859,29.06324],[-96.8321,29.0213],[-96.82159,28.99676],[-96.81625,28.99348],[-96.81659,28.98512],[-96.81216,28.9828],[-96.81039,28.97405],[-96.80559,28.97265],[-96.80914,28.96465],[-96.80778,28.95597],[-96.80442,28.95276],[-96.80174,28.93539],[-96.7933,28.92971],[-96.79213,28.9188],[-96.78383,28.91507],[-96.7751,28.91536],[-96.77222,28.9059],[-96.76279,28.905],[-96.76259,28.8992],[-96.75915,28.8968],[-96.74696,28.89657],[-96.74501,28.89084],[-96.73892,28.8936],[-96.73267,28.88757],[-96.73251,28.87616],[-96.72208,28.86183],[-96.71498,28.85902],[-96.71552,28.85547],[-96.71118,28.85123],[-96.70725,28.85366],[-96.70306,28.85164],[-96.70706,28.8458],[-96.71371,28.84511],[-96.71659,28.83489],[-96.71219,28.83054],[-96.71908,28.82969],[-96.71908,28.82529],[-96.71523,28.8238],[-96.72309,28.82119],[-96.71869,28.81656],[-96.70623,28.81487],[-96.70675,28.80417],[-96.70165,28.79819],[-96.70649,28.7961],[-96.69702,28.79723],[-96.69517,28.79294],[-96.69819,28.78692],[-96.69774,28.77436],[-96.68591,28.77193],[-96.68927,28.76806],[-96.68625,28.76375],[-96.67009,28.76119],[-96.67171,28.75107],[-96.66332,28.74228],[-96.6688,28.7363],[-96.66264,28.73218],[-96.65981,28.72039],[-96.65524,28.71995],[-96.65407,28.72341],[-96.64554,28.72114],[-96.64232,28.71706],[-96.64968,28.72096],[-96.65093,28.71768],[-96.64344,28.71211]]]}},{"type":"Feature","properties":{"std_name":"Washington-Baltimore-Arlington, DC-MD-VA-WV-PA CSA","std_geoid":"548","pen":"statisticians","std_note":null,"LSAD":"M0","NAME":"Washington-Baltimore-Arlington, DC-MD-VA-WV-PA"},"geometry":{"type":"Polygon","coordinates":[[[-75.89635,38.33499],[-75.92522,38.30634],[-75.92863,38.29727],[-75.9267,38.24955],[-75.92308,38.244],[-75.92484,38.23294],[-75.93913,38.221],[-75.97479,38.20229],[-75.99385,38.16239],[-76.03162,38.14755],[-76.05428,38.11103],[-76.07858,38.06092],[-76.20472,38.05841],[-76.23614,37.88847],[-76.24791,37.89487],[-76.26585,37.91104],[-76.33862,37.94529],[-76.41293,37.96633],[-76.4339,37.98185],[-76.46501,38.01322],[-76.49198,38.01771],[-76.51661,38.02678],[-76.51616,38.04492],[-76.53419,38.06354],[-76.53646,38.0749],[-76.58157,38.09591],[-76.59616,38.10668],[-76.60047,38.11309],[-76.60172,38.12513],[-76.61038,38.14852],[-76.60543,38.14893],[-76.76397,38.16779],[-76.79989,38.16893],[-76.83937,38.16361],[-76.85884,38.171],[-76.87674,38.17302],[-76.91113,38.19736],[-76.93684,38.20238],[-76.94902,38.20842],[-76.96225,38.22989],[-76.95692,38.23747],[-76.96209,38.25696],[-76.98135,38.27454],[-76.99087,38.27364],[-77.0009,38.28],[-77.01645,38.29884],[-77.02813,38.30532],[-77.03068,38.31162],[-77.01453,38.33263],[-77.01591,38.37102],[-77.01146,38.37443],[-77.04228,38.40094],[-77.05342,38.39881],[-77.07055,38.37815],[-77.08424,38.36874],[-77.13822,38.36792],[-77.15837,38.3485],[-77.17934,38.34191],[-77.20469,38.3411],[-77.24715,38.33152],[-77.26529,38.33316],[-77.27658,38.33788],[-77.2871,38.3488],[-77.3211,38.34597],[-77.32158,38.33814],[-77.33026,38.33387],[-77.32668,38.31874],[-77.33396,38.31304],[-77.33617,38.30247],[-77.33947,38.30302],[-77.33925,38.28726],[-77.34744,38.27224],[-77.34311,38.26795],[-77.34467,38.26061],[-77.32839,38.25327],[-77.32689,38.24444],[-77.342,38.25274],[-77.3604,38.24242],[-77.3703,38.24658],[-77.37467,38.2431],[-77.44023,38.17732],[-77.64252,37.99069],[-77.64794,37.99409],[-77.65957,37.99196],[-77.66081,37.9975],[-77.66721,37.997],[-77.67064,38.00338],[-77.67749,38.00659],[-77.69457,38.00712],[-77.7004,38.0127],[-77.71189,38.01272],[-77.71981,38.01704],[-77.72221,38.02324],[-77.73061,38.02084],[-77.72811,38.02714],[-77.73231,38.03164],[-77.73981,38.03294],[-77.74691,38.02364],[-77.74881,38.03674],[-77.74091,38.03774],[-77.74821,38.04214],[-77.74521,38.05114],[-77.74951,38.05284],[-77.75611,38.04824],[-77.76391,38.05314],[-77.76851,38.05174],[-77.77191,38.05744],[-77.78451,38.06334],[-77.78261,38.06854],[-77.78661,38.07634],[-77.81091,38.07954],[-77.81272,38.08514],[-77.81972,38.08784],[-77.81972,38.09244],[-77.83622,38.10114],[-77.83822,38.10624],[-77.84552,38.10434],[-77.84292,38.10144],[-77.84622,38.09834],[-77.85122,38.10434],[-77.85722,38.10004],[-77.85982,38.10524],[-77.87392,38.10634],[-77.88842,38.11314],[-77.90242,38.10814],[-77.91252,38.11154],[-77.91672,38.11834],[-77.92974,38.11373],[-77.94705,38.12004],[-77.95904,38.118],[-77.96883,38.12239],[-77.98032,38.1195],[-77.99068,38.12516],[-77.99008,38.12823],[-78.00216,38.13857],[-78.0217,38.14216],[-78.02474,38.13647],[-78.02968,38.1397],[-78.036,38.13544],[-78.04747,38.13581],[-78.07024,38.14325],[-78.07577,38.14127],[-78.08073,38.14694],[-78.10175,38.15257],[-78.11224,38.14765],[-78.11663,38.14001],[-78.13394,38.1385],[-78.14434,38.143],[-78.14759,38.13865],[-78.16502,38.13598],[-78.17145,38.12967],[-78.18716,38.12767],[-78.20938,38.13113],[-78.36898,38.18415],[-78.28848,38.27231],[-78.26728,38.26335],[-78.27004,38.26098],[-78.26628,38.26022],[-78.27079,38.25552],[-78.26914,38.25271],[-78.27258,38.25159],[-78.26627,38.24963],[-78.26183,38.24231],[-78.25281,38.23995],[-78.25083,38.23741],[-78.25284,38.23449],[-78.2211,38.23009],[-78.21737,38.24246],[-78.20599,38.24129],[-78.17774,38.25431],[-78.17644,38.26306],[-78.18261,38.2619],[-78.18297,38.26767],[-78.17345,38.26882],[-78.16989,38.26385],[-78.16737,38.26937],[-78.1523,38.26577],[-78.15858,38.27411],[-78.15406,38.28156],[-78.14857,38.28403],[-78.14475,38.28316],[-78.14758,38.27997],[-78.14612,38.27623],[-78.1368,38.28232],[-78.12713,38.28227],[-78.12365,38.27879],[-78.12034,38.28767],[-78.11202,38.28868],[-78.09569,38.3023],[-78.0949,38.31203],[-78.10522,38.31228],[-78.10056,38.31865],[-78.0912,38.3274],[-78.08269,38.32764],[-78.09118,38.33884],[-78.10035,38.34357],[-78.10766,38.34334],[-78.10614,38.34801],[-78.1163,38.35886],[-78.11817,38.36809],[-78.11101,38.38118],[-78.11497,38.3833],[-78.10571,38.38276],[-78.09168,38.39007],[-78.09594,38.39315],[-78.09605,38.40431],[-78.10734,38.40889],[-78.10378,38.41175],[-78.10546,38.41349],[-78.10826,38.41193],[-78.11831,38.41611],[-78.11536,38.42271],[-78.12694,38.42594],[-78.11882,38.43438],[-78.12248,38.43981],[-78.13037,38.44114],[-78.13976,38.44908],[-78.13946,38.453],[-78.15623,38.46439],[-78.33818,38.62731],[-78.32761,38.62878],[-78.31558,38.65156],[-78.32014,38.65953],[-78.31755,38.6695],[-78.32397,38.6727],[-78.31439,38.68251],[-78.31636,38.69056],[-78.31999,38.69835],[-78.3317,38.70264],[-78.33222,38.70564],[-78.31878,38.73787],[-78.30348,38.73891],[-78.29948,38.74837],[-78.29054,38.75037],[-78.28512,38.75875],[-78.29155,38.77064],[-78.28988,38.77956],[-78.29514,38.78431],[-78.32959,38.79288],[-78.34326,38.80557],[-78.3947,38.82279],[-78.36158,38.85688],[-78.33857,38.87555],[-78.33178,38.8875],[-78.33858,38.88864],[-78.33835,38.89095],[-78.32737,38.90427],[-78.32143,38.9183],[-78.30875,38.92653],[-78.30041,38.94359],[-78.30725,38.95263],[-78.31238,38.94971],[-78.3288,38.95228],[-78.33521,38.94957],[-78.33091,38.96154],[-78.33886,38.98017],[-78.3335,38.98152],[-78.32192,38.97399],[-78.31635,38.98332],[-78.32851,38.9913],[-78.3335,39.00003],[-78.32488,39.00013],[-78.31216,39.00909],[-78.31971,39.01896],[-78.31368,39.02115],[-78.31402,39.02522],[-78.3211,39.03117],[-78.30945,39.03387],[-78.31886,39.03614],[-78.32542,39.04496],[-78.33217,39.04145],[-78.33017,39.05015],[-78.33395,39.04786],[-78.34721,39.05979],[-78.33566,39.06021],[-78.3411,39.06372],[-78.3416,39.06981],[-78.33444,39.06936],[-78.33588,39.07382],[-78.32445,39.07581],[-78.33672,39.08444],[-78.32889,39.09],[-78.3345,39.09132],[-78.33552,39.10136],[-78.34239,39.10249],[-78.34332,39.0957],[-78.34951,39.09824],[-78.36284,39.09718],[-78.37621,39.09204],[-78.39295,39.10176],[-78.39201,39.09273],[-78.39933,39.09527],[-78.40782,39.09201],[-78.4145,39.08502],[-78.41979,39.08534],[-78.41907,39.08293],[-78.42542,39.08145],[-78.42532,39.07729],[-78.43226,39.07161],[-78.43108,39.06609],[-78.4408,39.06281],[-78.44071,39.05876],[-78.4482,39.05604],[-78.44455,39.04752],[-78.45105,39.04255],[-78.44742,39.03502],[-78.45493,39.0308],[-78.45414,39.0278],[-78.54418,39.05656],[-78.52271,39.07106],[-78.51648,39.0818],[-78.50813,39.08863],[-78.51688,39.09282],[-78.51608,39.09674],[-78.52167,39.09746],[-78.52946,39.10735],[-78.53674,39.10865],[-78.53832,39.11518],[-78.54819,39.11919],[-78.55045,39.12419],[-78.56128,39.13144],[-78.60233,39.14037],[-78.62355,39.11851],[-78.63992,39.12696],[-78.65686,39.12567],[-78.6667,39.12963],[-78.66971,39.13694],[-78.6914,39.14664],[-78.73297,39.14992],[-78.8422,39.18428],[-78.89898,39.19887],[-78.9799,39.23762],[-78.9567,39.26269],[-78.94606,39.26495],[-78.92662,39.27887],[-78.919,39.297],[-78.89682,39.31376],[-78.88372,39.32836],[-78.88111,39.32583],[-78.86685,39.32589],[-78.85091,39.33087],[-78.84125,39.35163],[-78.83417,39.35228],[-78.82085,39.36943],[-78.81068,39.37662],[-78.79384,39.40464],[-78.78959,39.42456],[-78.77849,39.43363],[-78.77346,39.44286],[-78.76659,39.44747],[-78.75762,39.44361],[-78.74974,39.45529],[-78.73927,39.45723],[-78.73681,39.46393],[-78.72984,39.46321],[-78.70357,39.49754],[-78.69044,39.50279],[-78.65786,39.53497],[-78.6231,39.5397],[-78.60257,39.53203],[-78.59214,39.53696],[-78.59,39.53581],[-78.5921,39.53149],[-78.58761,39.52772],[-78.5786,39.52673],[-78.56611,39.51937],[-78.52309,39.52485],[-78.50328,39.51858],[-78.48364,39.51954],[-78.47194,39.51594],[-78.46179,39.52225],[-78.46237,39.53636],[-78.44864,39.53996],[-78.44992,39.54339],[-78.46053,39.54619],[-78.46095,39.55093],[-78.45036,39.54983],[-78.4384,39.53857],[-78.43462,39.54219],[-78.43911,39.55079],[-78.43772,39.55337],[-78.43112,39.55203],[-78.42559,39.54553],[-78.4185,39.54623],[-78.41729,39.5496],[-78.42632,39.55922],[-78.45428,39.57408],[-78.45804,39.57971],[-78.45737,39.58692],[-78.44418,39.59145],[-78.41362,39.57949],[-78.40211,39.57963],[-78.39528,39.58411],[-78.3962,39.58928],[-78.42236,39.60469],[-78.43256,39.61606],[-78.43243,39.62183],[-78.42051,39.62407],[-78.3765,39.60813],[-78.37204,39.61187],[-78.38335,39.62291],[-78.38125,39.62891],[-78.37378,39.63037],[-78.35551,39.62611],[-78.35346,39.63057],[-78.35925,39.63721],[-78.35626,39.64056],[-78.33382,39.63676],[-78.33371,39.64093],[-78.34232,39.64407],[-78.34603,39.64917],[-78.34068,39.64856],[-78.34002,39.65275],[-78.36348,39.66007],[-78.35485,39.66002],[-78.35709,39.66386],[-78.35029,39.66057],[-78.33961,39.6641],[-78.33414,39.6624],[-78.33319,39.66641],[-78.3431,39.67647],[-78.33617,39.68071],[-78.31993,39.67622],[-78.32138,39.67873],[-78.31803,39.68161],[-78.32288,39.68386],[-78.3148,39.68514],[-78.3228,39.68919],[-78.31653,39.68917],[-78.31332,39.69273],[-78.31947,39.69507],[-78.31824,39.70253],[-78.33429,39.70986],[-78.3339,39.71269],[-78.32903,39.71226],[-78.33343,39.71894],[-78.34019,39.71616],[-78.34573,39.72172],[-78.0994,39.7221],[-78.0693,39.7483],[-78.0365,39.792],[-78.0147,39.8117],[-77.98261,39.85785],[-77.95648,39.91491],[-77.95551,39.92886],[-77.94727,39.93494],[-77.93779,39.94894],[-77.93655,39.96112],[-77.92151,39.98825],[-77.9186,40.00465],[-77.88379,40.04831],[-77.85936,40.06521],[-77.79639,40.16681],[-77.76833,40.20413],[-77.7242,40.25012],[-77.69895,40.26577],[-77.67181,40.28988],[-77.65642,40.27039],[-77.67092,40.25862],[-77.66771,40.252],[-77.65276,40.25753],[-77.64509,40.25514],[-77.64999,40.24796],[-77.6454,40.23893],[-77.65016,40.22754],[-77.64764,40.22248],[-77.64339,40.22317],[-77.64283,40.21814],[-77.61617,40.23262],[-77.60917,40.23275],[-77.60272,40.2282],[-77.60502,40.20551],[-77.62755,40.18867],[-77.61364,40.17016],[-77.60864,40.15313],[-77.59326,40.14229],[-77.59284,40.13524],[-77.5822,40.13433],[-77.56464,40.12173],[-77.55791,40.1031],[-77.56159,40.09833],[-77.56048,40.0943],[-77.55388,40.09588],[-77.55013,40.09103],[-77.54301,40.08967],[-77.54693,40.08631],[-77.54099,40.08057],[-77.54573,40.0783],[-77.54028,40.07677],[-77.54197,40.06988],[-77.53565,40.07066],[-77.53226,40.06717],[-77.53251,40.04874],[-77.51717,40.04445],[-77.51937,40.03934],[-77.50782,40.02897],[-77.50921,40.02493],[-77.4954,40.00514],[-77.48002,39.99231],[-77.47439,39.99194],[-77.46165,39.97683],[-77.45411,39.97243],[-77.47109,39.94408],[-77.45913,39.71998],[-76.23328,39.72137],[-76.22928,39.70913],[-76.21268,39.68641],[-76.16177,39.64962],[-76.14747,39.61941],[-76.13597,39.61411],[-76.08597,39.55901],[-76.04413,39.49945],[-76.03707,39.47728],[-76.03656,39.45759],[-76.04425,39.43561],[-76.05525,39.4218],[-76.08356,39.40374],[-76.12469,39.38997],[-76.14121,39.38041],[-76.28769,39.2541],[-76.32111,39.21984],[-76.33985,39.1881],[-76.35302,39.14046],[-76.35484,39.12511],[-76.35173,39.05623],[-76.29472,39.06852],[-76.28344,39.07585],[-76.27446,39.07659],[-76.26623,39.06363],[-76.27117,39.04694],[-76.25799,39.01182],[-76.26016,39.01171],[-76.22685,38.99576],[-76.20074,38.99355],[-76.18193,39.0041],[-76.18658,39.0182],[-76.2005,39.03912],[-76.19527,39.05651],[-76.17896,39.0758],[-76.15694,39.09498],[-76.13409,39.10449],[-76.11765,39.10681],[-76.09277,39.12775],[-76.07408,39.1348],[-76.07276,39.13932],[-76.08099,39.14916],[-76.04763,39.16267],[-76.03951,39.17149],[-76.04666,39.18075],[-76.06519,39.1852],[-76.06789,39.19476],[-76.05656,39.21034],[-76.02719,39.22672],[-76.02045,39.2274],[-76.00984,39.2399],[-75.98926,39.23899],[-75.9853,39.24602],[-75.97039,39.24636],[-75.96076,39.24142],[-75.94948,39.24273],[-75.94071,39.23849],[-75.92546,39.24406],[-75.89503,39.2471],[-75.89183,39.25406],[-75.88628,39.24917],[-75.88005,39.25153],[-75.87428,39.24973],[-75.87416,39.25423],[-75.86632,39.26086],[-75.85571,39.26182],[-75.83974,39.2577],[-75.83907,39.25379],[-75.80634,39.24199],[-75.8036,39.24414],[-75.79682,39.24135],[-75.77516,39.24704],[-75.75627,39.24651],[-75.74776,39.14334],[-75.75874,39.13819],[-75.79108,39.13283],[-75.83495,39.10844],[-75.8433,39.09051],[-75.84764,39.08801],[-75.84872,39.07165],[-75.86207,39.05998],[-75.86968,39.05735],[-75.87845,39.04722],[-75.87685,39.04119],[-75.88336,39.0325],[-75.88282,39.02791],[-75.89053,39.023],[-75.89082,39.01825],[-75.89818,39.01414],[-75.90487,39.01628],[-75.9041,39.01043],[-75.90868,39.01073],[-75.91062,39.00446],[-75.92973,38.99065],[-75.93453,38.98031],[-75.94093,38.97658],[-75.93658,38.97342],[-75.94312,38.96648],[-75.93809,38.95955],[-75.94193,38.95661],[-75.94222,38.94992],[-75.95132,38.94589],[-75.95035,38.94109],[-75.94706,38.94002],[-75.95333,38.93842],[-75.94782,38.93501],[-75.95278,38.92936],[-75.94928,38.91802],[-75.94349,38.91529],[-75.94915,38.91347],[-75.94308,38.90668],[-75.94919,38.90352],[-75.94428,38.89826],[-75.94865,38.89172],[-75.9404,38.88507],[-75.95059,38.88443],[-75.95127,38.87972],[-75.93786,38.88013],[-75.93892,38.87639],[-75.94407,38.87603],[-75.94308,38.87049],[-75.93929,38.86656],[-75.93471,38.86751],[-75.93023,38.86129],[-75.92433,38.86039],[-75.9228,38.85478],[-75.93033,38.8502],[-75.91898,38.84608],[-75.92777,38.83889],[-75.91518,38.83483],[-75.91292,38.82953],[-75.90127,38.82474],[-75.90645,38.8197],[-75.89632,38.81245],[-75.90378,38.80693],[-75.92796,38.7992],[-75.93735,38.78724],[-75.94946,38.77842],[-75.96761,38.77903],[-75.96861,38.77284],[-75.97641,38.76551],[-75.99895,38.7556],[-75.99538,38.73668],[-76.00877,38.73658],[-76.01505,38.72869],[-75.99325,38.70798],[-75.99305,38.69672],[-75.97679,38.69784],[-75.9704,38.68312],[-75.94525,38.67411],[-75.93784,38.67645],[-75.93685,38.68014],[-75.93305,38.68054],[-75.93055,38.67592],[-75.92638,38.68008],[-75.92185,38.67841],[-75.92272,38.682],[-75.91692,38.68026],[-75.91409,38.68876],[-75.90486,38.68765],[-75.89683,38.70139],[-75.88899,38.69547],[-75.87835,38.69353],[-75.84106,38.70416],[-75.80311,38.69789],[-75.80047,38.69691],[-75.79841,38.67634],[-75.77535,38.67867],[-75.77321,38.67639],[-75.76897,38.68582],[-75.76272,38.68622],[-75.74902,38.67107],[-75.7377,38.66532],[-75.71453,38.64584],[-75.70745,38.6354],[-75.70157,38.56074],[-75.70734,38.55952],[-75.71189,38.55088],[-75.72721,38.53975],[-75.74652,38.53679],[-75.75364,38.5281],[-75.75737,38.51277],[-75.76499,38.50648],[-75.78206,38.5016],[-75.79466,38.49237],[-75.81519,38.48879],[-75.82371,38.48102],[-75.8149,38.46646],[-75.81669,38.46331],[-75.83316,38.45762],[-75.83674,38.44809],[-75.83313,38.44344],[-75.82134,38.43926],[-75.82129,38.43013],[-75.82887,38.42342],[-75.84557,38.42187],[-75.85095,38.40454],[-75.85126,38.40035],[-75.83828,38.38588],[-75.86085,38.38358],[-75.86731,38.37512],[-75.85766,38.3635],[-75.85767,38.35701],[-75.86872,38.34817],[-75.89635,38.33499]]]}},{"type":"Feature","properties":{"std_name":"Weatherford-Elk City, OK CSA","std_geoid":"555","pen":"statisticians","std_note":null,"LSAD":"M0","NAME":"Weatherford-Elk City, OK"},"geometry":{"type":"Polygon","coordinates":[[[-98.63199,35.8124],[-98.63221,35.55152],[-98.62324,35.55152],[-98.62386,35.20441],[-98.61802,35.20414],[-98.61816,35.10206],[-98.62105,35.09735],[-98.6351,35.12134],[-98.63956,35.12317],[-98.64121,35.11328],[-98.64564,35.1116],[-98.65068,35.11561],[-98.64257,35.11992],[-98.64642,35.11926],[-98.65127,35.12418],[-98.66262,35.11812],[-98.67223,35.11901],[-98.67725,35.10797],[-98.68433,35.11431],[-98.68416,35.10717],[-98.69737,35.11193],[-98.71245,35.10476],[-98.72009,35.1084],[-98.71677,35.11335],[-98.7253,35.11131],[-98.73121,35.11412],[-98.73311,35.11089],[-98.72873,35.10872],[-98.73274,35.10899],[-98.73586,35.10104],[-98.74002,35.10594],[-98.73832,35.10713],[-98.74347,35.10807],[-98.74228,35.11084],[-98.74916,35.11635],[-98.75651,35.11649],[-99.40928,35.11693],[-99.4147,35.11188],[-99.42297,35.11449],[-99.43066,35.10822],[-99.44103,35.10984],[-99.44395,35.11345],[-99.44044,35.11686],[-99.78273,35.11694],[-99.78295,35.03011],[-100.00038,35.02993],[-100.00039,35.42237],[-99.57582,35.42166],[-99.57572,35.50886],[-99.36414,35.50879],[-99.36413,35.55172],[-99.37705,35.55174],[-99.37582,35.81219],[-98.63199,35.8124]]]}},{"type":"Feature","properties":{"std_name":"Williamsport-Lock Haven, PA CSA","std_geoid":"558","pen":"statisticians","std_note":null,"LSAD":"M0","NAME":"Williamsport-Lock Haven, PA"},"geometry":{"type":"Polygon","coordinates":[[[-76.85692,41.16364],[-76.88814,41.15381],[-76.89611,41.13907],[-76.96023,41.1488],[-76.97794,41.08788],[-77.06824,41.08523],[-77.11384,41.06903],[-77.14411,41.06884],[-77.14416,41.04434],[-77.33992,40.98717],[-77.5086,40.96294],[-77.58019,41.04727],[-77.56174,41.05764],[-77.56867,41.06615],[-77.59129,41.07072],[-77.59526,41.07771],[-77.62984,41.0946],[-77.65897,41.10095],[-77.66331,41.10885],[-77.67205,41.10524],[-77.68375,41.10931],[-77.691,41.10627],[-77.70662,41.11389],[-77.71636,41.10508],[-77.72872,41.11147],[-77.74667,41.10626],[-77.778,41.14661],[-77.78956,41.14213],[-77.79001,41.17714],[-77.89767,41.17692],[-77.89826,41.25267],[-77.91262,41.24198],[-77.9218,41.22746],[-77.93791,41.22484],[-77.93709,41.21034],[-77.9436,41.21029],[-77.95944,41.2175],[-77.97175,41.20594],[-77.97371,41.19239],[-77.97078,41.1747],[-77.98369,41.17071],[-77.98939,41.16188],[-78.00075,41.16166],[-78.0006,41.14886],[-78.00594,41.1436],[-78.01116,41.1442],[-78.01573,41.1529],[-78.02859,41.15033],[-78.03817,41.1536],[-78.06101,41.17454],[-78.09338,41.21693],[-77.98879,41.36745],[-77.98919,41.47482],[-77.59813,41.47858],[-77.59928,41.54227],[-77.28499,41.54412],[-76.96031,41.55138],[-76.96305,41.55627],[-76.94716,41.56815],[-76.92657,41.57109],[-76.92258,41.58081],[-76.91732,41.58274],[-76.90843,41.58146],[-76.88289,41.58837],[-76.87471,41.59692],[-76.81373,41.59003],[-76.7495,41.40557],[-76.59253,41.30433],[-76.54782,41.29572],[-76.54849,41.29313],[-76.4476,41.27563],[-76.59261,41.15776],[-76.67878,41.15417],[-76.73,41.17188],[-76.79081,41.17573],[-76.82817,41.16578],[-76.85692,41.16364]]]}},{"type":"Feature","properties":{"std_name":"Youngstown-Warren-Salem, OH CSA","std_geoid":"566","pen":"statisticians","std_note":null,"LSAD":"M0","NAME":"Youngstown-Warren-Salem, OH"},"geometry":{"type":"Polygon","coordinates":[[[-81.00313,41.50148],[-80.51923,41.49934],[-80.51899,40.6388],[-80.55113,40.62885],[-80.5767,40.61422],[-80.59876,40.62526],[-80.62717,40.61994],[-80.66354,40.59077],[-80.66796,40.5825],[-80.74732,40.58333],[-80.74711,40.59699],[-80.86199,40.5994],[-80.86082,40.64257],[-80.91813,40.64346],[-80.91717,40.72693],[-81.08739,40.72944],[-81.08631,40.98803],[-81.00202,40.98779],[-81.00313,41.50148]]]}},{"type":"Feature","properties":{"std_name":"Little Rock-North Little Rock, AR CSA","std_geoid":"340","pen":"statisticians","std_note":null,"LSAD":"M0","NAME":"Little Rock-North Little Rock, AR"},"geometry":{"type":"Polygon","coordinates":[[[-91.43592,35.18187],[-91.42109,35.17785],[-91.42942,35.17504],[-91.43788,35.16539],[-91.45667,35.16917],[-91.4634,35.15952],[-91.45968,35.15516],[-91.43394,35.15287],[-91.43489,35.14375],[-91.42865,35.13673],[-91.43798,35.13512],[-91.44832,35.14149],[-91.4519,35.13671],[-91.43889,35.11844],[-91.44479,35.1088],[-91.4441,35.10487],[-91.43676,35.10465],[-91.42837,35.11155],[-91.4248,35.10364],[-91.45201,35.1021],[-91.45351,35.09599],[-91.44939,35.09021],[-91.45209,35.08828],[-91.45983,35.09218],[-91.46169,35.10261],[-91.46527,35.08946],[-91.58408,35.09155],[-91.58517,35.02522],[-91.60344,35.02629],[-91.60838,35.02064],[-91.62517,35.02656],[-91.63944,35.02661],[-91.64578,35.03954],[-91.64412,35.04289],[-91.65204,35.04961],[-91.66923,35.05472],[-91.68004,35.05055],[-91.68888,35.05666],[-91.68684,35.05986],[-91.70128,35.06303],[-91.70555,35.06014],[-91.71086,35.06278],[-91.71466,35.05839],[-91.72149,35.05866],[-91.72436,35.05507],[-91.73075,35.05468],[-91.73152,35.05137],[-91.74206,35.05034],[-91.74458,35.04706],[-91.76584,35.05005],[-91.77791,35.04711],[-91.7894,35.03948],[-91.79331,35.03895],[-91.79441,35.04251],[-91.80153,35.04147],[-91.80373,34.92223],[-91.6937,34.9196],[-91.70077,34.67202],[-91.69989,34.66971],[-91.68906,34.67023],[-91.68722,34.66576],[-91.67924,34.66164],[-91.67541,34.66316],[-91.67674,34.66045],[-91.664,34.65257],[-91.66164,34.64561],[-91.6508,34.64316],[-91.64309,34.63693],[-91.63852,34.62616],[-91.64244,34.61586],[-91.64832,34.61293],[-91.64918,34.60679],[-91.65957,34.60017],[-91.66503,34.57989],[-91.65808,34.57675],[-91.65653,34.56912],[-91.65201,34.56664],[-91.64833,34.56982],[-91.63634,34.56635],[-91.63341,34.56208],[-91.63455,34.54664],[-91.67523,34.51324],[-91.67648,34.50733],[-91.67902,34.50711],[-91.67575,34.50403],[-91.68105,34.49938],[-91.67934,34.49241],[-91.68349,34.49284],[-91.67807,34.49005],[-91.68052,34.48667],[-91.67493,34.48326],[-91.70525,34.48273],[-91.71167,34.23386],[-91.59911,34.23148],[-91.59916,34.22879],[-91.59229,34.227],[-91.5972,34.21674],[-91.59482,34.21222],[-91.58969,34.21232],[-91.58791,34.21608],[-91.57952,34.21537],[-91.58254,34.21769],[-91.5765,34.22343],[-91.55638,34.22552],[-91.5506,34.22246],[-91.53667,34.22319],[-91.5283,34.21499],[-91.5307,34.20224],[-91.52354,34.19142],[-91.5274,34.18332],[-91.51469,34.17192],[-91.5208,34.16368],[-91.51497,34.15665],[-91.5157,34.14341],[-91.5071,34.14303],[-91.50281,34.14891],[-91.49517,34.14929],[-91.49683,34.13093],[-91.49237,34.12703],[-91.47624,34.13539],[-91.4522,34.13409],[-91.45068,34.12805],[-91.44697,34.12995],[-91.44274,34.12584],[-91.44823,34.12094],[-91.44417,34.11694],[-91.44697,34.11223],[-91.44199,34.113],[-91.43971,34.10543],[-91.44212,34.10317],[-91.43803,34.09657],[-91.44241,34.08783],[-91.4315,34.08774],[-91.44507,34.08058],[-91.4534,34.08558],[-91.46294,34.08519],[-91.46546,34.0816],[-91.46013,34.07224],[-91.46222,34.06497],[-91.48205,34.05859],[-91.49042,34.06309],[-91.49035,34.0745],[-91.50924,34.07513],[-91.53079,34.09833],[-91.54519,34.10448],[-91.56362,34.10468],[-91.58603,34.08773],[-91.60207,34.08669],[-91.61067,34.09681],[-91.60571,34.1144],[-91.60105,34.11865],[-91.58401,34.12359],[-91.58232,34.12689],[-91.586,34.13124],[-91.59375,34.13343],[-91.61438,34.12805],[-91.62443,34.12899],[-91.65057,34.13922],[-91.65849,34.14845],[-91.69537,34.17137],[-91.71401,34.17623],[-91.72738,34.17528],[-91.72671,34.06511],[-91.74473,34.06498],[-91.74509,34.09402],[-91.95366,34.09343],[-91.95302,33.97719],[-91.97644,33.97727],[-91.97588,33.70442],[-92.33092,33.70775],[-92.33305,33.71139],[-92.33037,33.72226],[-92.33336,33.72196],[-92.3318,33.72477],[-92.3346,33.72395],[-92.33655,33.72766],[-92.3329,33.73209],[-92.33769,33.73412],[-92.33806,33.73991],[-92.34203,33.74315],[-92.3271,33.77788],[-92.33183,33.78141],[-92.33353,33.79451],[-92.34119,33.80436],[-92.33546,33.81083],[-92.33963,33.81799],[-92.33746,33.82328],[-92.34063,33.82465],[-92.33732,33.82829],[-92.34073,33.83347],[-92.33913,33.8357],[-92.34394,33.8419],[-92.35011,33.84183],[-92.34869,33.84598],[-92.35344,33.84745],[-92.35335,33.85311],[-92.37523,33.86461],[-92.376,33.86804],[-92.3801,33.86741],[-92.38347,33.87634],[-92.38618,33.87573],[-92.3899,33.88339],[-92.3947,33.88489],[-92.39668,33.89865],[-92.40049,33.90027],[-92.39818,33.90406],[-92.40055,33.91341],[-92.41052,33.91691],[-92.41005,33.92561],[-92.41281,33.92535],[-92.42179,33.94089],[-92.4364,33.9465],[-92.43371,33.95004],[-92.43834,33.95424],[-92.44316,33.95291],[-92.44099,33.95457],[-92.44368,33.95481],[-92.44119,33.95555],[-92.44409,33.95907],[-92.45208,33.96121],[-92.45445,33.96849],[-92.45752,33.96947],[-92.45609,33.97255],[-92.47565,33.97271],[-92.47161,34.0571],[-92.3367,34.05948],[-92.33694,34.06383],[-92.34592,34.06555],[-92.34763,34.07069],[-92.34932,34.06879],[-92.35414,34.0717],[-92.35548,34.06717],[-92.37416,34.07489],[-92.37037,34.07703],[-92.37488,34.08638],[-92.37888,34.08738],[-92.37775,34.08965],[-92.38379,34.09651],[-92.38832,34.09491],[-92.39075,34.10257],[-92.39767,34.10607],[-92.40308,34.10438],[-92.40555,34.10854],[-92.4004,34.1095],[-92.40589,34.11569],[-92.41216,34.11301],[-92.43142,34.12645],[-92.44255,34.12685],[-92.44207,34.12346],[-92.44877,34.12322],[-92.45264,34.12803],[-92.45806,34.12673],[-92.45682,34.13231],[-92.46472,34.13311],[-92.46867,34.1374],[-92.46714,34.13377],[-92.47198,34.13499],[-92.47622,34.1317],[-92.47585,34.13556],[-92.47925,34.13232],[-92.4913,34.13266],[-92.49362,34.14425],[-92.67838,34.14964],[-92.66865,34.4145],[-92.68619,34.4147],[-92.68507,34.4731],[-92.73882,34.47393],[-92.73826,34.50324],[-92.79319,34.50357],[-92.7915,34.56198],[-92.80895,34.56225],[-92.80803,34.59041],[-92.87692,34.59117],[-92.87539,34.6352],[-92.97998,34.63725],[-92.97905,34.68489],[-92.96975,34.68477],[-92.96932,34.77226],[-93.28778,34.77324],[-93.28828,34.86087],[-93.30589,34.86109],[-93.30568,34.87546],[-93.28835,34.87527],[-93.28818,34.88887],[-93.27067,34.88912],[-93.27037,34.90368],[-93.25257,34.90379],[-93.2523,34.91821],[-93.23502,34.91809],[-93.23506,34.93259],[-93.21745,34.9327],[-93.21734,34.94778],[-93.20049,34.94759],[-93.20002,34.96233],[-93.18173,34.9619],[-93.18135,34.9763],[-93.16019,34.97585],[-93.16016,34.99046],[-93.14217,34.99016],[-93.14177,35.00464],[-93.12407,35.0041],[-93.12374,35.01861],[-93.10595,35.01813],[-93.10556,35.03428],[-93.08726,35.03394],[-93.0872,35.04827],[-93.06942,35.04809],[-93.06922,35.06263],[-93.05149,35.06235],[-93.05125,35.07688],[-92.75071,35.07205],[-92.71894,35.07186],[-92.71628,35.07449],[-92.70503,35.07209],[-92.67745,35.07782],[-92.64951,35.1071],[-92.63111,35.11507],[-92.62144,35.10883],[-92.62104,35.09812],[-92.62729,35.09189],[-92.64524,35.08433],[-92.64818,35.0791],[-92.63533,35.0753],[-92.6006,35.08375],[-92.5748,35.11117],[-92.56486,35.11508],[-92.55444,35.11342],[-92.55388,35.11776],[-92.54402,35.12597],[-92.5343,35.1149],[-92.52169,35.1146],[-92.51588,35.12905],[-92.50588,35.13839],[-92.50704,35.14177],[-92.51317,35.14373],[-92.5042,35.14728],[-92.50152,35.16328],[-92.50725,35.16687],[-92.50047,35.16865],[-92.50341,35.17231],[-92.49971,35.17473],[-92.5193,35.18403],[-92.51918,35.18729],[-92.52332,35.18588],[-92.52343,35.18948],[-92.52912,35.18989],[-92.52672,35.1936],[-92.52949,35.19604],[-92.52445,35.20489],[-92.52764,35.20965],[-92.5191,35.21684],[-92.52515,35.21792],[-92.52296,35.22187],[-92.52928,35.21915],[-92.53148,35.22474],[-92.52772,35.23079],[-92.52165,35.22756],[-92.52221,35.23151],[-92.51515,35.23313],[-92.51156,35.24508],[-92.511,35.23995],[-92.50432,35.23998],[-92.50354,35.2469],[-92.51009,35.24901],[-92.51423,35.25705],[-92.5066,35.25799],[-92.49389,35.26618],[-92.499,35.26696],[-92.49319,35.27423],[-92.48488,35.27549],[-92.48168,35.36842],[-91.85222,35.35838],[-91.85003,35.43654],[-91.83551,35.44179],[-91.82911,35.45472],[-91.8189,35.44982],[-91.8124,35.4544],[-91.796,35.45561],[-91.79358,35.53408],[-91.58209,35.53033],[-91.58445,35.44231],[-91.34726,35.43911],[-91.35775,35.42927],[-91.34547,35.42415],[-91.3504,35.41043],[-91.35655,35.40825],[-91.36209,35.41256],[-91.36232,35.42724],[-91.36565,35.43053],[-91.37218,35.42108],[-91.36781,35.41269],[-91.36878,35.40788],[-91.40069,35.3931],[-91.38442,35.37929],[-91.38487,35.37474],[-91.39219,35.37508],[-91.40641,35.38639],[-91.42568,35.37508],[-91.42245,35.3693],[-91.41085,35.36765],[-91.41102,35.36091],[-91.41788,35.36191],[-91.4316,35.37161],[-91.43861,35.36852],[-91.43499,35.36282],[-91.42298,35.35807],[-91.42887,35.35079],[-91.44481,35.34628],[-91.441,35.33928],[-91.43078,35.33794],[-91.42481,35.33182],[-91.4282,35.32057],[-91.43557,35.31381],[-91.42724,35.31088],[-91.43834,35.30543],[-91.43743,35.29612],[-91.42869,35.29314],[-91.41575,35.30473],[-91.41312,35.30391],[-91.41184,35.26483],[-91.40055,35.26465],[-91.3996,35.25968],[-91.39156,35.25208],[-91.38067,35.25441],[-91.3781,35.26731],[-91.37348,35.26698],[-91.37103,35.26238],[-91.37257,35.25567],[-91.38478,35.24659],[-91.38898,35.23609],[-91.38749,35.23019],[-91.37819,35.22226],[-91.38186,35.22006],[-91.39082,35.2236],[-91.39479,35.22155],[-91.39188,35.21789],[-91.37995,35.21565],[-91.39055,35.20217],[-91.38759,35.19841],[-91.37764,35.19707],[-91.37898,35.18938],[-91.38416,35.18765],[-91.39368,35.19315],[-91.39634,35.21073],[-91.40321,35.21487],[-91.40898,35.21083],[-91.41306,35.19428],[-91.43041,35.19324],[-91.42642,35.18385],[-91.43592,35.18187]]]}},{"type":"Feature","properties":{"std_name":"Montgomery-Selma, AL CSA","std_geoid":"388","pen":"statisticians","std_note":null,"LSAD":"M0","NAME":"Montgomery-Selma, AL"},"geometry":{"type":"Polygon","coordinates":[[[-86.9176,32.66417],[-86.81657,32.66012],[-86.71339,32.66173],[-86.71422,32.70569],[-86.41312,32.70739],[-86.41334,32.75059],[-86.33677,32.75378],[-86.33669,32.76813],[-86.31916,32.76784],[-86.31948,32.7537],[-85.97216,32.75493],[-85.97276,32.76922],[-85.95556,32.76913],[-85.95486,32.75482],[-85.87986,32.75453],[-85.88206,32.75043],[-85.88035,32.73998],[-85.8934,32.72766],[-85.89127,32.71499],[-85.90747,32.6993],[-85.91171,32.67784],[-85.901,32.66017],[-85.88775,32.64761],[-85.89456,32.61473],[-85.89071,32.57034],[-85.88526,32.54543],[-85.89065,32.52175],[-85.89039,32.50014],[-85.88724,32.49391],[-85.87389,32.48363],[-85.8645,32.47966],[-85.85541,32.48038],[-85.85263,32.47575],[-85.87449,32.47292],[-85.88233,32.45441],[-85.8786,32.45061],[-85.88964,32.44752],[-85.92996,32.45428],[-85.94445,32.44429],[-85.95718,32.44076],[-85.96401,32.44956],[-85.97678,32.45402],[-85.98063,32.45054],[-85.9744,32.4457],[-85.98366,32.43939],[-85.99214,32.4525],[-85.99645,32.44577],[-85.99049,32.43529],[-85.99256,32.43013],[-85.99996,32.42697],[-86.00842,32.42835],[-86.01664,32.4208],[-86.02316,32.41927],[-86.02026,32.41002],[-86.01624,32.41034],[-86.01099,32.40513],[-86.01408,32.39714],[-86.01044,32.39453],[-86.01482,32.38507],[-86.00337,32.3716],[-86.00538,32.36913],[-85.99905,32.36721],[-86.00201,32.3672],[-86.00026,32.36266],[-85.99423,32.36057],[-85.99318,32.34891],[-85.99535,32.34724],[-85.99154,32.34707],[-85.99143,32.33615],[-85.96694,32.33197],[-85.96645,32.32511],[-85.95846,32.32348],[-85.95432,32.30221],[-85.94871,32.2955],[-85.94047,32.28732],[-85.92357,32.28291],[-85.91858,32.27664],[-85.91929,32.27438],[-85.98656,32.27234],[-85.98655,32.25064],[-85.99926,32.25018],[-85.99556,31.96755],[-86.30222,31.96506],[-86.30362,32.05166],[-86.31166,32.05171],[-86.40628,32.05073],[-86.40616,32.0438],[-86.39651,32.04397],[-86.39636,32.03699],[-86.40605,32.03682],[-86.40501,31.96377],[-86.85758,31.96217],[-86.85876,32.03539],[-86.85658,32.04835],[-87.17786,32.04751],[-87.17751,32.05203],[-87.17407,32.05236],[-87.17791,32.05582],[-87.17451,32.05986],[-87.17763,32.06179],[-87.17558,32.0647],[-87.18878,32.06758],[-87.19468,32.07572],[-87.18943,32.08056],[-87.18999,32.08615],[-87.19605,32.08441],[-87.20504,32.09362],[-87.20773,32.09066],[-87.20881,32.09325],[-87.21314,32.09146],[-87.2217,32.09611],[-87.22318,32.09352],[-87.23386,32.10142],[-87.23745,32.11131],[-87.23559,32.11338],[-87.24637,32.11997],[-87.24493,32.12199],[-87.25697,32.12284],[-87.25843,32.12036],[-87.26116,32.12375],[-87.25224,32.1358],[-87.252,32.14265],[-87.25834,32.1397],[-87.25657,32.14472],[-87.26083,32.14377],[-87.26285,32.14701],[-87.26938,32.14401],[-87.27252,32.1493],[-87.27409,32.14511],[-87.28259,32.14453],[-87.28246,32.149],[-87.28634,32.1493],[-87.28302,32.15218],[-87.28679,32.15453],[-87.28414,32.15636],[-87.28862,32.15737],[-87.29034,32.16154],[-87.28813,32.1632],[-87.29178,32.16735],[-87.30215,32.16362],[-87.29835,32.16731],[-87.30457,32.1674],[-87.30721,32.17583],[-87.31247,32.17744],[-87.31061,32.18518],[-87.31354,32.18635],[-87.31635,32.18026],[-87.3175,32.18489],[-87.32325,32.18362],[-87.32061,32.19306],[-87.32521,32.19939],[-87.32837,32.19524],[-87.34125,32.20094],[-87.34392,32.19797],[-87.34758,32.202],[-87.34588,32.19829],[-87.34901,32.19984],[-87.35036,32.1976],[-87.35402,32.20202],[-87.35788,32.19698],[-87.36351,32.19615],[-87.36585,32.19789],[-87.36224,32.20282],[-87.36666,32.2024],[-87.37362,32.20978],[-87.37457,32.22204],[-87.3886,32.22289],[-87.38563,32.22548],[-87.38938,32.22809],[-87.38665,32.23249],[-87.39193,32.23974],[-87.40835,32.23662],[-87.4142,32.24263],[-87.42318,32.24435],[-87.42739,32.25246],[-87.43752,32.25851],[-87.43618,32.26515],[-87.44443,32.26889],[-87.45408,32.26808],[-87.45843,32.26346],[-87.47191,32.26355],[-87.47308,32.30761],[-87.42174,32.3081],[-87.42315,32.48297],[-87.11275,32.48851],[-87.10856,32.49761],[-87.10072,32.50474],[-87.10248,32.50692],[-87.09951,32.50657],[-87.09822,32.51895],[-87.09436,32.5247],[-87.09108,32.5247],[-87.09014,32.53423],[-87.07964,32.53979],[-87.07895,32.55401],[-87.07664,32.55459],[-87.08202,32.56106],[-87.08107,32.57122],[-87.05701,32.58444],[-87.05511,32.58925],[-87.04036,32.5995],[-87.0456,32.61259],[-87.04415,32.61681],[-87.04778,32.62006],[-87.0464,32.63314],[-87.03208,32.664],[-87.03075,32.67495],[-87.03592,32.68631],[-87.03325,32.69584],[-87.01776,32.72953],[-87.01766,32.66327],[-86.9176,32.66417]]]}},{"type":"Feature","properties":{"std_name":"Quincy-Hannibal, IL-MO CSA","std_geoid":"448","pen":"statisticians","std_note":null,"LSAD":"M0","NAME":"Quincy-Hannibal, IL-MO"},"geometry":{"type":"Polygon","coordinates":[[[-91.95164,40.21491],[-91.95081,40.25721],[-91.78386,40.25505],[-91.49727,40.24876],[-91.5065,40.2363],[-91.50429,40.23171],[-91.50727,40.20934],[-91.50506,40.19993],[-90.91197,40.19309],[-90.91704,39.90207],[-90.91596,39.7572],[-91.36513,39.75872],[-91.36984,39.7457],[-91.37001,39.73252],[-91.35447,39.71623],[-91.30249,39.67963],[-91.27614,39.66576],[-91.22932,39.62085],[-91.18592,39.60512],[-91.17801,39.5982],[-91.20371,39.59835],[-91.46044,39.45072],[-91.43824,39.31872],[-91.71847,39.32451],[-91.71216,39.57145],[-91.71193,39.59909],[-91.71626,39.59945],[-91.71525,39.65764],[-91.84674,39.65851],[-91.84035,39.94823],[-91.95273,39.94943],[-91.94724,40.2138],[-91.95164,40.21491]]]}},{"type":"Feature","properties":{"std_name":"St. Louis-St. Charles-Farmington, MO-IL CSA","std_geoid":"476","pen":"statisticians","std_note":null,"LSAD":"M0","NAME":"St. Louis-St. Charles-Farmington, MO-IL"},"geometry":{"type":"Polygon","coordinates":[[[-88.69517,38.8263],[-88.69896,38.47491],[-88.92243,38.47697],[-89.14439,38.47388],[-89.14387,38.50309],[-89.25487,38.50934],[-89.26034,38.50725],[-89.26415,38.5105],[-89.27224,38.50428],[-89.27291,38.50715],[-89.27482,38.50482],[-89.27779,38.50505],[-89.27768,38.50793],[-89.2844,38.50629],[-89.28479,38.50961],[-89.29,38.50861],[-89.28914,38.50539],[-89.29478,38.50773],[-89.29395,38.50455],[-89.29884,38.50569],[-89.29794,38.50912],[-89.30156,38.50817],[-89.30018,38.51103],[-89.30833,38.50854],[-89.31109,38.51252],[-89.3168,38.50849],[-89.32346,38.51051],[-89.32251,38.51299],[-89.32617,38.51128],[-89.32595,38.51365],[-89.32895,38.51016],[-89.33824,38.51086],[-89.3391,38.51341],[-89.34306,38.51033],[-89.34586,38.51284],[-89.34568,38.51005],[-89.34705,38.51335],[-89.3449,38.51428],[-89.35148,38.51886],[-89.35878,38.51777],[-89.35763,38.51484],[-89.36042,38.51655],[-89.35924,38.50882],[-89.36343,38.51058],[-89.36632,38.50824],[-89.36093,38.5062],[-89.36818,38.50519],[-89.36492,38.501],[-89.3689,38.50047],[-89.36715,38.49799],[-89.3699,38.49983],[-89.37338,38.49693],[-89.37278,38.50046],[-89.38012,38.49428],[-89.37925,38.497],[-89.38227,38.49745],[-89.38559,38.4943],[-89.38766,38.49716],[-89.38891,38.4941],[-89.39806,38.49482],[-89.39572,38.49018],[-89.40068,38.48913],[-89.40165,38.49441],[-89.40591,38.49564],[-89.41052,38.48732],[-89.41715,38.49411],[-89.42849,38.49908],[-89.43399,38.49488],[-89.43444,38.49059],[-89.44852,38.48921],[-89.4558,38.4825],[-89.45515,38.47977],[-89.48188,38.46859],[-89.49015,38.47775],[-89.49328,38.47505],[-89.49057,38.47161],[-89.50122,38.47444],[-89.51385,38.47254],[-89.52459,38.47945],[-89.52845,38.4773],[-89.52815,38.48107],[-89.53162,38.47868],[-89.54019,38.48059],[-89.54082,38.47405],[-89.55003,38.4773],[-89.55205,38.47538],[-89.55219,38.47826],[-89.55825,38.47746],[-89.55832,38.47475],[-89.56071,38.47736],[-89.56806,38.47575],[-89.56588,38.48329],[-89.56782,38.48103],[-89.57321,38.48248],[-89.57433,38.47759],[-89.57767,38.48346],[-89.58892,38.47557],[-89.61409,38.47299],[-89.62325,38.46081],[-89.62887,38.4637],[-89.62671,38.4537],[-89.62919,38.4499],[-89.63461,38.45193],[-89.63283,38.44718],[-89.63777,38.45033],[-89.63885,38.44522],[-89.64605,38.44808],[-89.6432,38.44393],[-89.64503,38.44143],[-89.66418,38.44533],[-89.66845,38.44042],[-89.6687,38.43563],[-89.66506,38.43498],[-89.66703,38.43234],[-89.67404,38.43473],[-89.67204,38.42901],[-89.678,38.43212],[-89.67785,38.42474],[-89.6857,38.42538],[-89.68336,38.42868],[-89.68743,38.42988],[-89.68901,38.42637],[-89.69675,38.42504],[-89.6921,38.41984],[-89.69477,38.41667],[-89.70425,38.41578],[-89.70326,38.2194],[-90.03632,38.22325],[-90.03587,38.13574],[-90.20521,38.08691],[-90.24071,38.11037],[-90.25267,38.12781],[-90.25611,38.12591],[-90.25008,38.11422],[-90.2565,38.11696],[-90.26272,38.10752],[-90.28091,38.10397],[-90.28028,38.09876],[-90.28818,38.09154],[-90.296,38.08798],[-90.32102,38.09494],[-90.32939,38.09436],[-90.41602,38.04232],[-90.32287,37.98173],[-90.45913,37.87892],[-90.34833,37.7935],[-90.20021,37.66963],[-90.15419,37.69977],[-90.11054,37.67134],[-90.14678,37.64162],[-90.51485,37.64265],[-90.53501,37.64502],[-90.64787,37.64281],[-90.63998,38.07655],[-90.66165,38.08383],[-90.66162,38.08653],[-90.65138,38.09151],[-90.65808,38.0975],[-90.66318,38.08783],[-90.68478,38.08627],[-90.68537,38.09106],[-90.67626,38.09412],[-90.6814,38.10268],[-90.78019,38.20411],[-90.97019,38.20669],[-91.00014,38.20409],[-91.36763,38.20401],[-91.36544,38.33147],[-91.36919,38.69932],[-91.39513,38.70799],[-91.41864,38.70978],[-91.41583,38.8453],[-91.26493,38.84383],[-91.26023,39.13985],[-91.18546,39.13905],[-91.18294,39.22723],[-90.72183,39.22411],[-90.72159,39.23273],[-90.72996,39.25589],[-90.7516,39.26543],[-90.76765,39.28003],[-90.77567,39.29281],[-90.79067,39.30291],[-90.79346,39.3095],[-90.81685,39.3205],[-90.8475,39.34527],[-90.89378,39.36734],[-90.90486,39.3794],[-90.92875,39.38754],[-90.93673,39.39951],[-90.61378,39.39542],[-90.6208,39.38116],[-90.62229,39.36509],[-90.61126,39.31121],[-90.60243,39.29269],[-90.6098,39.25981],[-90.59799,39.24333],[-90.59122,39.20113],[-90.59889,39.18151],[-90.60922,39.17217],[-90.61372,39.16018],[-90.61454,39.14229],[-90.60357,39.11759],[-90.59707,39.12733],[-90.59796,39.13675],[-90.5828,39.14433],[-90.58721,39.15487],[-90.58536,39.16155],[-90.5752,39.16784],[-90.5759,39.17308],[-90.58211,39.17693],[-90.5787,39.1799],[-90.58059,39.18489],[-90.57334,39.1841],[-90.5747,39.17907],[-90.57242,39.17733],[-90.56611,39.18038],[-90.57011,39.18337],[-90.55777,39.18848],[-90.54548,39.19008],[-90.54625,39.18424],[-90.54396,39.18318],[-90.53728,39.19296],[-90.53155,39.18738],[-90.52682,39.19245],[-90.52301,39.18705],[-90.51092,39.18657],[-90.50324,39.18171],[-90.50582,39.17292],[-90.50246,39.16374],[-90.4981,39.16396],[-90.49579,39.16024],[-90.48788,39.16407],[-90.48762,39.175],[-90.31329,39.17429],[-90.31393,39.22513],[-90.20177,39.2255],[-90.20268,39.25819],[-90.1937,39.25823],[-90.19387,39.26196],[-90.14807,39.26195],[-90.15378,39.52031],[-89.70166,39.52332],[-89.69928,39.34805],[-89.70369,39.34803],[-89.69855,38.99898],[-89.58609,38.99946],[-89.58634,39.02833],[-89.25024,39.02818],[-89.2503,38.99919],[-89.25736,38.99917],[-89.25742,38.99513],[-89.25419,38.74202],[-89.13839,38.73633],[-89.13814,38.82421],[-88.69517,38.8263]]]}},{"type":"Feature","properties":{"std_name":"Parkersburg-Marietta-Vienna, WV-OH CSA","std_geoid":"425","pen":"statisticians","std_note":null,"LSAD":"M0","NAME":"Parkersburg-Marietta-Vienna, WV-OH"},"geometry":{"type":"Polygon","coordinates":[[[-81.34493,39.34679],[-81.37148,39.3425],[-81.36723,39.32852],[-81.36159,39.32546],[-81.36643,39.32421],[-81.36375,39.32057],[-81.3556,39.32092],[-81.3577,39.32501],[-81.34909,39.3288],[-81.34101,39.31897],[-81.3376,39.31935],[-81.3387,39.32257],[-81.33536,39.32406],[-81.32804,39.32214],[-81.32401,39.31625],[-81.32832,39.31204],[-81.32416,39.2985],[-81.31331,39.30041],[-81.28339,39.29705],[-81.27688,39.29382],[-81.26565,39.29546],[-81.26027,39.29125],[-81.26026,39.28136],[-81.24758,39.27656],[-81.23948,39.26833],[-81.24634,39.26747],[-81.25027,39.27076],[-81.2676,39.26052],[-81.26656,39.25529],[-81.27142,39.25396],[-81.27089,39.24851],[-81.27745,39.24262],[-81.27728,39.23374],[-81.29133,39.22408],[-81.29644,39.20752],[-81.30156,39.20254],[-81.29535,39.18683],[-81.2981,39.18576],[-81.29589,39.18156],[-81.30164,39.18232],[-81.30166,39.17969],[-81.29755,39.17851],[-81.31681,39.16758],[-81.31901,39.16313],[-81.31057,39.15794],[-81.32059,39.15669],[-81.31981,39.15291],[-81.32915,39.15156],[-81.32405,39.14257],[-81.29985,39.12986],[-81.28731,39.13243],[-81.28717,39.1257],[-81.27743,39.11828],[-81.27638,39.10802],[-81.26429,39.10749],[-81.26104,39.10341],[-81.26354,39.09869],[-81.258,39.09467],[-81.26063,39.0842],[-81.25723,39.0718],[-81.26184,39.06548],[-81.27244,39.06388],[-81.27374,39.05868],[-81.25368,39.05607],[-81.24893,39.04095],[-81.25337,39.03801],[-81.24909,39.0345],[-81.24204,39.03818],[-81.22824,39.03228],[-81.22474,39.04088],[-81.21074,39.04518],[-81.20415,39.0425],[-81.20281,39.0381],[-81.17938,39.04141],[-81.17377,39.03386],[-81.16245,39.03061],[-81.27269,38.93634],[-81.26636,38.92618],[-81.27755,38.9243],[-81.27473,38.91743],[-81.34391,38.89563],[-81.41509,38.92072],[-81.44815,38.94165],[-81.4549,38.9401],[-81.45633,38.93346],[-81.46513,38.93248],[-81.46736,38.9275],[-81.47494,38.92829],[-81.48126,38.92418],[-81.49341,38.92564],[-81.5012,38.91796],[-81.51293,38.91879],[-81.51438,38.92512],[-81.52038,38.92582],[-81.51618,38.9308],[-81.52057,38.93372],[-81.51936,38.9361],[-81.53376,38.9459],[-81.53877,38.94468],[-81.54124,38.95294],[-81.55003,38.96034],[-81.54964,38.96694],[-81.54532,38.97153],[-81.52957,38.97746],[-81.52943,38.98217],[-81.53715,38.99016],[-81.53225,39.00582],[-81.74725,39.09538],[-81.74235,39.11128],[-81.74519,39.13824],[-81.74277,39.14267],[-81.75638,39.17944],[-81.752,39.18551],[-81.73687,39.19263],[-81.72562,39.2159],[-81.72181,39.2696],[-81.81836,39.27258],[-81.81661,39.30206],[-81.83545,39.30281],[-81.83464,39.31756],[-81.85367,39.31817],[-81.84486,39.45022],[-81.82576,39.44917],[-81.82316,39.49407],[-81.76096,39.48858],[-81.76095,39.48277],[-81.70853,39.48078],[-81.70507,39.53099],[-81.72222,39.53155],[-81.72351,39.54761],[-81.71634,39.56596],[-81.7167,39.5803],[-81.71384,39.58459],[-81.68869,39.59051],[-81.47347,39.58332],[-81.47316,39.64598],[-81.45194,39.64545],[-81.45271,39.63117],[-81.41366,39.6305],[-81.41385,39.61587],[-81.39504,39.61568],[-81.39493,39.60155],[-81.35629,39.60086],[-81.35644,39.59351],[-81.28353,39.59184],[-81.28308,39.60566],[-81.26431,39.60533],[-81.26535,39.57681],[-81.24675,39.57647],[-81.24662,39.57914],[-81.03678,39.57225],[-81.03871,39.53989],[-81.09194,39.49657],[-81.13253,39.44627],[-81.16352,39.44119],[-81.18231,39.43353],[-81.20823,39.40715],[-81.21165,39.39298],[-81.21731,39.38759],[-81.22358,39.38606],[-81.24436,39.39041],[-81.27029,39.38605],[-81.30177,39.37223],[-81.34493,39.34679]]]}},{"type":"Feature","properties":{"std_name":"Asheville-Waynesville-Brevard, NC CSA","std_geoid":"120","pen":"statisticians","std_note":null,"LSAD":"M0","NAME":"Asheville-Waynesville-Brevard, NC"},"geometry":{"type":"Polygon","coordinates":[[[-82.96175,35.79096],[-82.96181,35.80037],[-82.94585,35.82438],[-82.93604,35.82552],[-82.93407,35.83666],[-82.91634,35.84166],[-82.92103,35.85095],[-82.91821,35.85927],[-82.92143,35.8631],[-82.92083,35.86818],[-82.90655,35.87018],[-82.89608,35.87954],[-82.90682,35.88391],[-82.90104,35.89279],[-82.90811,35.9042],[-82.90803,35.91131],[-82.91439,35.91515],[-82.91162,35.91681],[-82.91353,35.92426],[-82.91994,35.9288],[-82.90182,35.92696],[-82.89889,35.92988],[-82.90178,35.93785],[-82.89818,35.94523],[-82.87429,35.95283],[-82.86065,35.94748],[-82.85173,35.94934],[-82.84604,35.94617],[-82.83864,35.93727],[-82.8281,35.93241],[-82.82195,35.92183],[-82.80509,35.92714],[-82.80267,35.92957],[-82.80617,35.93776],[-82.78756,35.95201],[-82.78504,35.96248],[-82.77509,35.97183],[-82.78569,35.97784],[-82.78528,35.98854],[-82.77921,35.99229],[-82.77576,36.00105],[-82.75455,36.00435],[-82.73912,36.01498],[-82.71647,36.02241],[-82.71514,36.02864],[-82.68959,36.03816],[-82.68407,36.04579],[-82.67056,36.05298],[-82.63261,36.06591],[-82.61795,36.05591],[-82.61838,36.04692],[-82.60866,36.04441],[-82.60166,36.03605],[-82.59145,36.03557],[-82.591,36.03157],[-82.60292,36.02337],[-82.60284,36.01776],[-82.60776,36.01575],[-82.60944,36.01104],[-82.60688,36.01043],[-82.61493,36.00205],[-82.6129,35.99361],[-82.60713,35.99236],[-82.60441,35.98746],[-82.61094,35.97438],[-82.6107,35.9672],[-82.58046,35.96525],[-82.57617,35.95872],[-82.55799,35.95387],[-82.5499,35.96392],[-82.54018,35.96895],[-82.50543,35.97743],[-82.50105,35.96609],[-82.4963,35.96222],[-82.49671,35.95697],[-82.48014,35.94919],[-82.49855,35.93019],[-82.49802,35.92534],[-82.49033,35.92106],[-82.49451,35.90914],[-82.48618,35.90706],[-82.47477,35.90924],[-82.46349,35.89972],[-82.45151,35.89881],[-82.44187,35.8875],[-82.43961,35.87943],[-82.42365,35.86953],[-82.42521,35.86115],[-82.41751,35.85924],[-82.41966,35.84291],[-82.41626,35.82925],[-82.41205,35.82676],[-82.41395,35.81984],[-82.39658,35.81832],[-82.38171,35.82411],[-82.37359,35.81783],[-82.36196,35.82124],[-82.34886,35.81168],[-82.34664,35.80574],[-82.3383,35.80172],[-82.3383,35.79615],[-82.34636,35.787],[-82.34366,35.77542],[-82.33773,35.76816],[-82.33487,35.74905],[-82.32645,35.74713],[-82.31306,35.7336],[-82.29117,35.72992],[-82.27594,35.71441],[-82.2754,35.70444],[-82.28892,35.69615],[-82.29503,35.68413],[-82.28421,35.67677],[-82.28112,35.67021],[-82.28654,35.65813],[-82.28572,35.64837],[-82.28191,35.63938],[-82.27088,35.63193],[-82.27412,35.62888],[-82.27274,35.62197],[-82.26464,35.6178],[-82.26481,35.61449],[-82.28043,35.60876],[-82.28227,35.60308],[-82.29193,35.59496],[-82.29103,35.59132],[-82.25125,35.55994],[-82.21998,35.55314],[-82.16905,35.52781],[-82.2332,35.5194],[-82.23333,35.50963],[-82.22434,35.49827],[-82.2425,35.46784],[-82.25144,35.46068],[-82.26579,35.46782],[-82.27945,35.44657],[-82.28044,35.44216],[-82.27342,35.43071],[-82.2758,35.42328],[-82.27261,35.40967],[-82.26851,35.40621],[-82.2702,35.40046],[-82.26177,35.39447],[-82.26138,35.38865],[-82.27674,35.37469],[-82.28207,35.36079],[-82.29001,35.35384],[-82.29814,35.33591],[-82.30527,35.33263],[-82.30569,35.3267],[-82.30814,35.32699],[-82.30799,35.32212],[-82.31128,35.32009],[-82.31043,35.31471],[-82.31815,35.30666],[-82.3295,35.30763],[-82.33046,35.3027],[-82.34608,35.28615],[-82.34965,35.2443],[-82.35915,35.24449],[-82.35926,35.22832],[-82.35093,35.22829],[-82.35375,35.19097],[-82.35964,35.19249],[-82.36397,35.18953],[-82.36192,35.18673],[-82.36578,35.183],[-82.37258,35.18084],[-82.38331,35.19131],[-82.38307,35.19424],[-82.37789,35.19577],[-82.38393,35.21085],[-82.39379,35.21522],[-82.40012,35.20519],[-82.41653,35.20103],[-82.42262,35.19589],[-82.42828,35.18378],[-82.42589,35.1794],[-82.4308,35.17792],[-82.43461,35.16798],[-82.43987,35.16574],[-82.45732,35.16392],[-82.45793,35.16701],[-82.45178,35.1726],[-82.45497,35.17694],[-82.47495,35.17389],[-82.47816,35.17598],[-82.48633,35.17417],[-82.487,35.1698],[-82.49219,35.16825],[-82.49548,35.16204],[-82.5042,35.16588],[-82.50768,35.16227],[-82.51693,35.16321],[-82.52738,35.15579],[-82.53591,35.15448],[-82.5368,35.16004],[-82.54589,35.16422],[-82.55564,35.15947],[-82.55407,35.15257],[-82.56422,35.15236],[-82.5686,35.14547],[-82.57546,35.14551],[-82.57853,35.14105],[-82.58852,35.14277],[-82.59783,35.13771],[-82.6131,35.13965],[-82.61486,35.13623],[-82.62369,35.13363],[-82.62876,35.12578],[-82.63614,35.12546],[-82.63649,35.13007],[-82.64335,35.13378],[-82.64486,35.12699],[-82.65194,35.12619],[-82.65571,35.11994],[-82.66689,35.11805],[-82.66924,35.1206],[-82.67356,35.11726],[-82.67488,35.1273],[-82.68175,35.12797],[-82.68728,35.12529],[-82.68774,35.11905],[-82.69454,35.11616],[-82.68676,35.10802],[-82.69763,35.09596],[-82.70007,35.10089],[-82.71576,35.09285],[-82.72673,35.09467],[-82.73031,35.08765],[-82.73528,35.08716],[-82.73892,35.07809],[-82.75136,35.08153],[-82.75111,35.07389],[-82.75718,35.0672],[-82.78173,35.06531],[-82.77623,35.08116],[-82.78317,35.08592],[-83.00853,35.02739],[-83.01811,35.03709],[-83.02859,35.03989],[-83.0326,35.0378],[-83.04376,35.05145],[-83.05663,35.05356],[-83.0487,35.06098],[-83.04341,35.07153],[-83.04402,35.07821],[-83.03743,35.0797],[-82.98322,35.13192],[-82.97895,35.13031],[-82.97681,35.13268],[-82.98152,35.14361],[-82.98008,35.14726],[-82.98475,35.15024],[-82.98906,35.14844],[-82.99481,35.15352],[-82.99663,35.16358],[-82.98121,35.16764],[-82.98862,35.1745],[-82.98539,35.17981],[-82.98849,35.18312],[-82.98716,35.18748],[-82.96947,35.19381],[-82.96789,35.1993],[-82.96021,35.20546],[-82.95963,35.21552],[-82.9356,35.22497],[-82.9285,35.23475],[-82.91918,35.2708],[-82.92223,35.2832],[-82.92088,35.29204],[-82.92751,35.30298],[-82.95041,35.30659],[-82.95519,35.31639],[-82.96473,35.31529],[-82.96476,35.33327],[-82.97167,35.34276],[-82.97772,35.3441],[-82.97651,35.34989],[-82.98625,35.35589],[-82.99018,35.36745],[-83.00657,35.37733],[-83.02481,35.38018],[-83.02991,35.3873],[-83.04372,35.3944],[-83.04436,35.4151],[-83.05628,35.42598],[-83.06179,35.42533],[-83.07999,35.4345],[-83.07947,35.44756],[-83.08999,35.44837],[-83.09144,35.45753],[-83.10897,35.46411],[-83.13771,35.46408],[-83.13645,35.47918],[-83.14049,35.48435],[-83.13863,35.49124],[-83.16111,35.49619],[-83.16,35.50199],[-83.16411,35.50941],[-83.1859,35.51183],[-83.18632,35.51437],[-83.17391,35.52179],[-83.17314,35.52886],[-83.16995,35.53104],[-83.17161,35.53765],[-83.16536,35.53847],[-83.16292,35.54805],[-83.15583,35.55262],[-83.16334,35.56467],[-83.16206,35.56818],[-83.16675,35.57847],[-83.18354,35.58632],[-83.18537,35.59937],[-83.17598,35.61245],[-83.18163,35.61869],[-83.17587,35.6275],[-83.1771,35.63195],[-83.18751,35.64082],[-83.19986,35.64119],[-83.20243,35.6445],[-83.20282,35.64957],[-83.19638,35.65431],[-83.19467,35.66089],[-83.18198,35.67133],[-83.19972,35.68106],[-83.20694,35.68107],[-83.21513,35.69234],[-83.25426,35.69559],[-83.25742,35.70522],[-83.25154,35.70908],[-83.25414,35.71753],[-83.24325,35.72252],[-83.24102,35.72681],[-83.19748,35.72533],[-83.1856,35.73028],[-83.17779,35.74438],[-83.17029,35.74603],[-83.16479,35.75399],[-83.16497,35.75968],[-83.15959,35.76465],[-83.12061,35.76643],[-83.11824,35.76978],[-83.09675,35.77635],[-83.07867,35.78963],[-83.06375,35.78691],[-83.05282,35.7897],[-83.04306,35.78541],[-83.03604,35.7875],[-82.99599,35.77308],[-82.98392,35.77809],[-82.9697,35.78963],[-82.96175,35.79096]]]}},{"type":"Feature","properties":{"std_name":"Fayetteville-Lumberton-Pinehurst, NC CSA","std_geoid":"246","pen":"statisticians","std_note":null,"LSAD":"M0","NAME":"Fayetteville-Lumberton-Pinehurst, NC"},"geometry":{"type":"Polygon","coordinates":[[[-79.09581,35.19207],[-78.99804,35.21413],[-78.93555,35.21872],[-78.92471,35.22389],[-78.92021,35.22028],[-78.89804,35.23117],[-78.89326,35.22865],[-78.88041,35.23044],[-78.87403,35.23598],[-78.87606,35.24154],[-78.86786,35.24501],[-78.85968,35.24259],[-78.84716,35.25299],[-78.83467,35.25235],[-78.81943,35.26046],[-78.80585,35.25664],[-78.80146,35.26295],[-78.79428,35.2661],[-78.78249,35.26375],[-78.78217,35.261],[-78.77826,35.26356],[-78.77104,35.2621],[-78.76588,35.25823],[-78.75997,35.26394],[-78.7591,35.26155],[-78.7545,35.26341],[-78.75402,35.25971],[-78.75003,35.26348],[-78.73602,35.2617],[-78.72556,35.2669],[-78.712,35.25757],[-78.7077,35.25919],[-78.61711,35.24572],[-78.61526,35.23814],[-78.61901,35.23406],[-78.6195,35.22693],[-78.63367,35.21253],[-78.62452,35.20342],[-78.63695,35.19789],[-78.6426,35.20092],[-78.6468,35.1977],[-78.6359,35.19201],[-78.63999,35.18576],[-78.62986,35.17249],[-78.63891,35.16723],[-78.63236,35.16394],[-78.63366,35.15711],[-78.63992,35.15507],[-78.63602,35.15077],[-78.63799,35.14843],[-78.63553,35.13738],[-78.65254,35.12101],[-78.64932,35.1178],[-78.64143,35.12113],[-78.63927,35.11604],[-78.65381,35.11142],[-78.65193,35.1037],[-78.65903,35.10003],[-78.65824,35.09447],[-78.67048,35.09274],[-78.67231,35.08538],[-78.66298,35.07807],[-78.66408,35.06727],[-78.65407,35.04959],[-78.65935,35.04289],[-78.64965,35.02686],[-78.65288,35.02063],[-78.64503,35.01012],[-78.64761,34.99322],[-78.63633,34.98783],[-78.63716,34.9811],[-78.6112,34.96091],[-78.60754,34.95361],[-78.5948,34.94979],[-78.58359,34.93839],[-78.57283,34.93751],[-78.57269,34.92983],[-78.56446,34.92507],[-78.56184,34.9176],[-78.54448,34.91482],[-78.54189,34.90813],[-78.54686,34.90062],[-78.52652,34.89117],[-78.52467,34.88397],[-78.51392,34.88196],[-78.51321,34.86922],[-78.50256,34.86461],[-78.49468,34.85634],[-78.51612,34.84592],[-78.53363,34.85113],[-78.8274,34.85069],[-78.902,34.83527],[-78.89979,34.82478],[-78.89284,34.81419],[-78.88714,34.81085],[-78.88334,34.81212],[-78.8867,34.80956],[-78.88477,34.8023],[-78.86916,34.77333],[-78.86381,34.77093],[-78.8653,34.76778],[-78.85606,34.74777],[-78.85425,34.73549],[-78.84489,34.72707],[-78.84082,34.72729],[-78.84446,34.72412],[-78.83781,34.71786],[-78.83237,34.71974],[-78.83267,34.71562],[-78.82163,34.7096],[-78.80575,34.6894],[-78.80943,34.66828],[-78.81938,34.66208],[-78.81842,34.65503],[-78.8136,34.65174],[-78.82177,34.6457],[-78.8185,34.64171],[-78.82514,34.64065],[-78.82985,34.62582],[-78.83443,34.62158],[-78.83166,34.60818],[-78.834,34.60159],[-78.84125,34.59722],[-78.83525,34.59749],[-78.83604,34.59342],[-78.84331,34.58783],[-78.84362,34.57848],[-78.85419,34.57496],[-78.85704,34.56311],[-78.86266,34.56223],[-78.85804,34.55694],[-78.8608,34.55254],[-78.85755,34.54704],[-78.86122,34.54485],[-78.86006,34.53737],[-78.85299,34.52776],[-78.85659,34.52473],[-78.8539,34.51877],[-78.85725,34.51538],[-78.84472,34.50897],[-78.84634,34.49981],[-78.84937,34.50261],[-78.86355,34.49795],[-78.86983,34.48219],[-78.88888,34.46872],[-78.89452,34.46838],[-78.89553,34.46228],[-78.90113,34.45991],[-78.90619,34.46234],[-78.90728,34.46009],[-78.90373,34.45783],[-78.90685,34.45584],[-78.9199,34.4593],[-78.91862,34.45181],[-78.93682,34.45534],[-78.93676,34.45173],[-78.94134,34.45341],[-78.94573,34.44907],[-78.95181,34.44876],[-78.95396,34.44341],[-78.95977,34.44298],[-78.97119,34.42747],[-78.96739,34.42219],[-78.97185,34.41806],[-78.96803,34.4166],[-78.97095,34.40998],[-78.96728,34.41078],[-78.96974,34.39521],[-78.97553,34.39605],[-78.97351,34.39213],[-78.97725,34.39035],[-78.98354,34.39384],[-78.99499,34.39257],[-79.00226,34.38425],[-79.01161,34.38089],[-79.00078,34.36487],[-79.00807,34.36145],[-79.00555,34.3596],[-79.01075,34.35514],[-79.00908,34.35283],[-79.01717,34.35002],[-79.02711,34.35307],[-79.02506,34.34815],[-79.03042,34.34683],[-79.02872,34.34275],[-79.03225,34.34274],[-79.03044,34.34012],[-79.03715,34.33351],[-79.03476,34.32989],[-79.03688,34.32605],[-79.03383,34.32478],[-79.03551,34.3192],[-79.03654,34.32137],[-79.04038,34.31746],[-79.03722,34.3164],[-79.03847,34.31314],[-79.04556,34.31073],[-79.05288,34.31464],[-79.05753,34.31078],[-79.05478,34.30896],[-79.06836,34.30698],[-79.06718,34.30363],[-79.07035,34.30347],[-79.07121,34.29934],[-79.39084,34.57329],[-79.67649,34.80506],[-79.92741,34.80673],[-79.9139,34.81845],[-79.90872,34.84158],[-79.90046,34.85778],[-79.88314,34.86445],[-79.87061,34.875],[-79.84869,34.90261],[-79.85565,34.92507],[-79.8723,34.95037],[-79.86381,34.97421],[-79.86479,34.97999],[-79.90063,35.00574],[-79.89243,35.02487],[-79.87674,35.03594],[-79.87619,35.04345],[-79.8836,35.05172],[-79.90898,35.06696],[-79.91234,35.07534],[-79.91252,35.09607],[-79.92654,35.11729],[-79.94284,35.11918],[-79.95848,35.11372],[-79.97877,35.10078],[-79.98607,35.08912],[-79.99831,35.08537],[-80.02435,35.09038],[-80.04221,35.10297],[-80.06772,35.11171],[-80.07567,35.14006],[-80.07537,35.14308],[-80.02275,35.13719],[-79.98466,35.15817],[-79.95246,35.15648],[-79.94427,35.16417],[-79.89861,35.16171],[-79.85127,35.18386],[-79.83614,35.17723],[-79.81187,35.17994],[-79.79201,35.17595],[-79.76838,35.17717],[-79.74946,35.173],[-79.73398,35.17823],[-79.71327,35.1731],[-79.69437,35.17964],[-79.67349,35.17537],[-79.64213,35.15772],[-79.6143,35.16368],[-79.62025,35.1712],[-79.62754,35.17007],[-79.62768,35.17445],[-79.63697,35.17603],[-79.64925,35.18862],[-79.65758,35.1916],[-79.66479,35.21652],[-79.66431,35.22663],[-79.66856,35.22955],[-79.67231,35.24471],[-79.69801,35.25152],[-79.70268,35.25591],[-79.70528,35.26823],[-79.7119,35.27561],[-79.70991,35.30127],[-79.75173,35.44399],[-79.76419,35.47574],[-79.76796,35.51148],[-79.35007,35.518],[-79.35124,35.51432],[-79.34052,35.50632],[-79.33592,35.49775],[-79.35153,35.47768],[-79.35981,35.47768],[-79.35659,35.47328],[-79.35982,35.46988],[-79.35564,35.46955],[-79.35513,35.46454],[-79.3483,35.46337],[-79.35045,35.45792],[-79.34615,35.45699],[-79.34187,35.44872],[-79.32894,35.43924],[-79.32667,35.43479],[-79.32972,35.42345],[-79.31738,35.41992],[-79.31057,35.40862],[-79.30448,35.40482],[-79.29397,35.3996],[-79.28956,35.40044],[-79.27188,35.36233],[-79.27347,35.35259],[-79.26571,35.34528],[-79.25427,35.34329],[-79.22198,35.32434],[-79.18356,35.30716],[-79.22302,35.26813],[-79.20252,35.25818],[-79.19354,35.25013],[-79.17868,35.24779],[-79.16511,35.24092],[-79.15388,35.22923],[-79.15126,35.2137],[-79.13795,35.21141],[-79.13464,35.20682],[-79.12049,35.20484],[-79.09581,35.19207]]]}},{"type":"Feature","properties":{"std_name":"Mansfield-Ashland-Bucyrus, OH CSA","std_geoid":"360","pen":"statisticians","std_note":null,"LSAD":"M0","NAME":"Mansfield-Ashland-Bucyrus, OH"},"geometry":{"type":"Polygon","coordinates":[[[-82.22067,40.66736],[-82.22027,40.56819],[-82.3749,40.55087],[-82.62361,40.54988],[-82.62476,40.63728],[-82.64412,40.63724],[-82.64496,40.66018],[-82.64498,40.66642],[-82.62617,40.66613],[-82.62719,40.70942],[-82.85765,40.71247],[-82.8583,40.70502],[-83.11136,40.70291],[-83.11274,40.99345],[-82.85318,40.99366],[-82.85297,40.99694],[-82.43285,40.99294],[-82.43692,41.06538],[-82.17149,41.06354],[-82.17336,40.99205],[-82.12933,40.99181],[-82.1279,40.9009],[-82.12501,40.88626],[-82.1262,40.66836],[-82.22067,40.66736]]]}},{"type":"Feature","properties":{"std_name":"Joplin-Miami, MO-OK-KS CSA","std_geoid":"309","pen":"statisticians","std_note":null,"LSAD":"M0","NAME":"Joplin-Miami, MO-OK-KS"},"geometry":{"type":"Polygon","coordinates":[[[-94.05231,37.29008],[-94.0689,36.74782],[-94.61831,36.76656],[-94.61808,36.66792],[-94.9994,36.67063],[-94.99918,36.94181],[-94.99318,36.9491],[-95.02223,36.9608],[-95.03017,36.97199],[-95.03773,36.9749],[-95.02793,36.97779],[-95.03324,36.98231],[-95.03412,36.99423],[-95.01604,36.99468],[-95.00762,36.99951],[-95.0735,36.99955],[-95.07517,37.33994],[-94.61772,37.33842],[-94.61757,37.36417],[-94.08208,37.34929],[-94.08383,37.29085],[-94.05231,37.29008]]]}},{"type":"Feature","properties":{"std_name":"Omaha-Fremont, NE-IA CSA","std_geoid":"420","pen":"statisticians","std_note":null,"LSAD":"M0","NAME":"Omaha-Fremont, NE-IA"},"geometry":{"type":"Polygon","coordinates":[[[-96.44478,41.68363],[-96.12301,41.68276],[-96.11986,41.69265],[-96.11346,41.69757],[-96.08714,41.69742],[-96.07695,41.70046],[-96.07292,41.70577],[-96.07551,41.71433],[-96.10221,41.72764],[-96.10635,41.73805],[-96.10098,41.74757],[-96.08089,41.75753],[-96.07814,41.77627],[-96.06524,41.79093],[-96.06561,41.79798],[-96.07726,41.80879],[-96.10534,41.81846],[-96.11083,41.82791],[-96.10762,41.8404],[-96.11125,41.85023],[-96.13901,41.8663],[-95.99134,41.8635],[-95.55728,41.86345],[-95.55814,41.60238],[-95.49779,41.60233],[-95.498,41.50607],[-95.15472,41.50521],[-95.15585,41.15924],[-95.38435,41.16001],[-95.38496,40.90155],[-95.81346,40.90169],[-95.80938,40.89328],[-95.81402,40.88181],[-95.82459,40.87516],[-95.84252,40.87027],[-95.84859,40.86106],[-95.83719,40.83535],[-95.84534,40.81132],[-95.83412,40.78378],[-96.46376,40.78396],[-96.46387,41.04508],[-96.90851,41.04609],[-96.90592,41.74276],[-96.44422,41.74177],[-96.44478,41.68363]]]}},{"type":"Feature","properties":{"std_name":"San Antonio-New Braunfels-Kerrville, TX CSA","std_geoid":"484","pen":"statisticians","std_note":null,"LSAD":"M0","NAME":"San Antonio-New Braunfels-Kerrville, TX"},"geometry":{"type":"Polygon","coordinates":[[[-98.5879,30.13895],[-98.41402,29.93756],[-98.2976,30.03799],[-98.03052,29.84854],[-97.99927,29.75244],[-97.94356,29.80691],[-97.87526,29.85821],[-97.86889,29.85136],[-97.86336,29.85619],[-97.8562,29.84888],[-97.85553,29.84391],[-97.84734,29.84245],[-97.8439,29.83284],[-97.83671,29.82716],[-97.8427,29.82401],[-97.8406,29.8162],[-97.84636,29.80865],[-97.84191,29.80746],[-97.84235,29.79922],[-97.83686,29.79518],[-97.83026,29.79553],[-97.83237,29.7845],[-97.8296,29.77996],[-97.82417,29.78143],[-97.82648,29.78405],[-97.82374,29.78546],[-97.82184,29.78272],[-97.81714,29.79038],[-97.81188,29.78391],[-97.81481,29.78019],[-97.80565,29.77706],[-97.80554,29.77316],[-97.81045,29.7729],[-97.80028,29.76621],[-97.8036,29.75373],[-97.79422,29.75277],[-97.79281,29.75926],[-97.78704,29.76095],[-97.78077,29.75912],[-97.77946,29.74821],[-97.78219,29.74787],[-97.77711,29.74669],[-97.77406,29.74159],[-97.76856,29.74163],[-97.77229,29.7338],[-97.7587,29.72552],[-97.76847,29.72005],[-97.76336,29.71304],[-97.75655,29.71783],[-97.74709,29.71402],[-97.74899,29.7111],[-97.73843,29.71296],[-97.7368,29.70222],[-97.74329,29.69697],[-97.7221,29.68552],[-97.72274,29.68215],[-97.70426,29.68242],[-97.70607,29.67455],[-97.69831,29.66671],[-97.69267,29.67337],[-97.6883,29.67259],[-97.68507,29.66685],[-97.68724,29.66636],[-97.68386,29.66606],[-97.68334,29.66728],[-97.68382,29.66427],[-97.6805,29.66362],[-97.67779,29.66878],[-97.67406,29.66858],[-97.67318,29.66316],[-97.665,29.6688],[-97.66105,29.66851],[-97.65666,29.66261],[-97.65287,29.66794],[-97.64763,29.66107],[-97.64853,29.65696],[-97.65024,29.66139],[-97.65344,29.66036],[-97.65175,29.65403],[-97.63102,29.65347],[-97.85878,29.35289],[-97.72844,29.22175],[-98.19099,28.88233],[-98.09831,28.78695],[-98.33503,28.61266],[-98.33505,28.64828],[-98.80085,28.64731],[-98.8049,29.09043],[-99.41388,29.09134],[-99.41182,29.62751],[-99.60313,29.62718],[-99.60278,29.90768],[-99.69121,29.90858],[-99.68988,30.07395],[-99.75762,30.07413],[-99.75414,30.2907],[-99.30172,30.28665],[-99.304,30.49983],[-98.59167,30.49987],[-98.5879,30.13895]]]}},{"type":"Feature","properties":{"std_name":"Greenville-Spartanburg-Anderson, SC CSA","std_geoid":"273","pen":"statisticians","std_note":null,"LSAD":"M0","NAME":"Greenville-Spartanburg-Anderson, SC"},"geometry":{"type":"Polygon","coordinates":[[[-81.48829,35.02687],[-81.48057,35.00591],[-81.48475,34.99935],[-81.48369,34.9933],[-81.47584,34.98297],[-81.49228,34.94719],[-81.48757,34.93992],[-81.47351,34.93549],[-81.47719,34.92424],[-81.47007,34.91357],[-81.47562,34.908],[-81.47865,34.89797],[-81.47261,34.89111],[-81.46906,34.86648],[-81.46208,34.8529],[-81.45328,34.84671],[-81.46175,34.83102],[-81.48801,34.81479],[-81.48068,34.80841],[-81.46912,34.811],[-81.46934,34.80278],[-81.45926,34.79753],[-81.45364,34.78224],[-81.45532,34.77333],[-81.45285,34.76175],[-81.48245,34.7444],[-81.48838,34.73304],[-81.47939,34.72387],[-81.46196,34.72652],[-81.45424,34.72092],[-81.4543,34.67519],[-81.44202,34.65373],[-81.42967,34.6486],[-81.41599,34.63359],[-81.41796,34.60411],[-81.42696,34.57926],[-81.41968,34.56546],[-81.42496,34.55418],[-81.42751,34.53045],[-81.42114,34.50322],[-81.42324,34.49438],[-81.4277,34.49564],[-81.43249,34.49225],[-81.43969,34.49692],[-81.44358,34.49513],[-81.44524,34.48781],[-81.45082,34.49068],[-81.45805,34.48678],[-81.46841,34.49423],[-81.47454,34.49026],[-81.48465,34.49],[-81.54109,34.44505],[-81.54156,34.44855],[-81.55114,34.45231],[-81.55229,34.45748],[-81.54639,34.46199],[-81.55708,34.46343],[-81.55184,34.46998],[-81.55305,34.47699],[-81.57858,34.49433],[-81.58878,34.49701],[-81.60282,34.51292],[-81.61358,34.51388],[-81.61779,34.52525],[-81.62804,34.52175],[-81.63121,34.52733],[-81.64029,34.52757],[-81.64355,34.53365],[-81.64965,34.51772],[-81.66475,34.50534],[-81.7032,34.45263],[-81.72249,34.44966],[-81.73445,34.43774],[-81.73723,34.43026],[-81.74746,34.41959],[-81.74651,34.41358],[-81.77806,34.37952],[-81.78247,34.36521],[-81.8124,34.34777],[-81.83667,34.34294],[-81.84982,34.33298],[-81.84847,34.32353],[-81.8613,34.31555],[-81.88308,34.31196],[-81.8955,34.30027],[-81.90353,34.27325],[-81.90303,34.26374],[-81.90885,34.25673],[-81.91143,34.24618],[-81.92378,34.23089],[-81.92673,34.21972],[-81.93524,34.21496],[-81.94502,34.20315],[-81.9381,34.19497],[-81.92675,34.19586],[-81.92047,34.19201],[-81.92247,34.18623],[-81.91797,34.17745],[-81.90545,34.17806],[-81.90789,34.16249],[-81.89807,34.1559],[-81.89755,34.14661],[-81.88225,34.14211],[-81.86835,34.13251],[-81.89675,34.10726],[-81.89568,34.09971],[-81.90017,34.09479],[-81.91578,34.09098],[-81.91804,34.07926],[-81.92454,34.07621],[-81.92496,34.07088],[-81.93067,34.06983],[-81.94735,34.03714],[-81.98395,34.00013],[-81.98934,33.99803],[-82.00107,33.97831],[-81.99945,33.97531],[-82.01021,33.96419],[-82.00777,33.96127],[-82.04697,33.95321],[-82.04513,33.9834],[-82.07611,33.97878],[-82.10478,33.98444],[-82.10858,33.98185],[-82.15107,33.98652],[-82.16772,33.97305],[-82.17484,33.97243],[-82.20029,33.9786],[-82.21394,33.98608],[-82.22979,33.99976],[-82.23532,34.01065],[-82.24365,34.01789],[-82.30624,33.97158],[-82.32695,34.06412],[-82.37659,34.05737],[-82.45271,34.06034],[-82.48382,34.0812],[-82.49985,34.07195],[-82.53057,34.07193],[-82.59463,34.0138],[-82.59473,34.02967],[-82.60942,34.03991],[-82.62684,34.06352],[-82.6384,34.06648],[-82.64366,34.07211],[-82.64537,34.07826],[-82.64017,34.08733],[-82.64242,34.09326],[-82.65873,34.10377],[-82.67699,34.13143],[-82.69215,34.13899],[-82.70413,34.14102],[-82.71746,34.15055],[-82.73145,34.17709],[-82.73212,34.19332],[-82.74187,34.21021],[-82.74026,34.21945],[-82.74436,34.22541],[-82.74201,34.22933],[-82.74487,34.24492],[-82.74292,34.25107],[-82.74854,34.26313],[-82.74681,34.26659],[-82.76169,34.28169],[-82.77151,34.28605],[-82.78213,34.29828],[-82.79447,34.34038],[-82.83446,34.36522],[-82.83598,34.38091],[-82.84177,34.39155],[-82.84697,34.41988],[-82.85401,34.42882],[-82.85907,34.45544],[-82.88064,34.469],[-82.8874,34.48096],[-82.90155,34.48676],[-82.9252,34.48146],[-82.93041,34.48561],[-82.94286,34.48591],[-82.94823,34.48049],[-82.95565,34.47889],[-82.96424,34.48457],[-82.97492,34.47935],[-82.97975,34.48294],[-82.99274,34.47895],[-82.9959,34.4722],[-83.0284,34.48388],[-83.03457,34.48357],[-83.05164,34.4937],[-83.05432,34.50279],[-83.0658,34.50104],[-83.07259,34.50411],[-83.07925,34.51412],[-83.08724,34.51618],[-83.0784,34.52537],[-83.08782,34.53209],[-83.10269,34.5324],[-83.10408,34.54004],[-83.10924,34.54218],[-83.11067,34.54786],[-83.12405,34.55407],[-83.1229,34.56012],[-83.13988,34.5618],[-83.14318,34.5734],[-83.15868,34.579],[-83.15458,34.5882],[-83.16967,34.59169],[-83.17098,34.5981],[-83.16058,34.5995],[-83.15968,34.6033],[-83.17258,34.6078],[-83.19688,34.6031],[-83.19778,34.6071],[-83.20378,34.6096],[-83.23258,34.6116],[-83.24338,34.618],[-83.24067,34.62451],[-83.24648,34.6269],[-83.25388,34.6367],[-83.27198,34.6419],[-83.29318,34.6543],[-83.30464,34.66956],[-83.3164,34.66932],[-83.31944,34.67597],[-83.329,34.68114],[-83.34053,34.68074],[-83.34262,34.68299],[-83.33825,34.68703],[-83.34013,34.69148],[-83.3539,34.69861],[-83.34665,34.70422],[-83.35269,34.7169],[-83.35332,34.72869],[-83.34862,34.73704],[-83.33916,34.73828],[-83.33233,34.74912],[-83.32639,34.75075],[-83.32623,34.75625],[-83.31875,34.75763],[-83.3233,34.76074],[-83.31918,34.76461],[-83.323,34.76625],[-83.31898,34.77131],[-83.32414,34.78925],[-83.31406,34.79647],[-83.31416,34.79956],[-83.30084,34.80434],[-83.29942,34.80945],[-83.30441,34.81115],[-83.30562,34.81652],[-83.30019,34.81855],[-83.29985,34.81504],[-83.29514,34.81323],[-83.28865,34.82467],[-83.27708,34.817],[-83.27088,34.81859],[-83.26718,34.83132],[-83.27259,34.83551],[-83.2672,34.84847],[-83.26172,34.84864],[-83.25729,34.8441],[-83.24893,34.84514],[-83.25391,34.84877],[-83.25332,34.85592],[-83.24641,34.85552],[-83.24809,34.86558],[-83.23911,34.86509],[-83.2347,34.87074],[-83.24058,34.87279],[-83.243,34.87754],[-83.22013,34.87804],[-83.21403,34.88857],[-83.21458,34.88363],[-83.20526,34.88016],[-83.20103,34.88441],[-83.20476,34.89022],[-83.20354,34.89345],[-83.19718,34.89059],[-83.19451,34.89943],[-83.18813,34.89809],[-83.1807,34.90458],[-83.18092,34.90947],[-83.17463,34.91028],[-83.16861,34.91936],[-83.15699,34.91512],[-83.15924,34.92861],[-83.15689,34.93077],[-83.14152,34.92451],[-83.12996,34.93135],[-83.13174,34.93572],[-83.12731,34.93863],[-83.12054,34.93294],[-83.1179,34.93604],[-83.11176,34.93496],[-83.11655,34.9425],[-83.12108,34.94215],[-83.12762,34.94983],[-83.12475,34.95107],[-83.12543,34.95509],[-83.11412,34.95018],[-83.12029,34.95796],[-83.11579,34.96017],[-83.12198,34.96476],[-83.11562,34.97305],[-83.11653,34.97572],[-83.11118,34.97572],[-83.11128,34.981],[-83.10774,34.9798],[-83.1018,34.98613],[-83.10286,34.98871],[-83.09824,34.99082],[-83.10908,35.00134],[-82.78317,35.08592],[-82.77623,35.08116],[-82.78173,35.06531],[-82.75651,35.06736],[-82.75111,35.07389],[-82.75136,35.08153],[-82.73892,35.07809],[-82.73528,35.08716],[-82.73031,35.08765],[-82.72673,35.09467],[-82.71576,35.09285],[-82.70007,35.10089],[-82.69763,35.09596],[-82.68676,35.10802],[-82.69454,35.11616],[-82.68774,35.11905],[-82.68728,35.12529],[-82.68175,35.12797],[-82.67488,35.1273],[-82.67356,35.11726],[-82.66924,35.1206],[-82.66689,35.11805],[-82.65571,35.11994],[-82.65194,35.12619],[-82.64486,35.12699],[-82.64335,35.13378],[-82.63649,35.13007],[-82.63614,35.12546],[-82.62876,35.12578],[-82.62369,35.13363],[-82.61486,35.13623],[-82.6131,35.13965],[-82.59783,35.13771],[-82.58852,35.14277],[-82.57853,35.14105],[-82.57546,35.14551],[-82.5686,35.14547],[-82.56422,35.15236],[-82.55407,35.15257],[-82.55564,35.15947],[-82.54589,35.16422],[-82.5368,35.16004],[-82.53591,35.15448],[-82.52738,35.15579],[-82.51693,35.16321],[-82.50768,35.16227],[-82.5042,35.16588],[-82.49548,35.16204],[-82.49219,35.16825],[-82.487,35.1698],[-82.48633,35.17417],[-82.47816,35.17598],[-82.47495,35.17389],[-82.45497,35.17694],[-82.45178,35.1726],[-82.45793,35.16701],[-82.45732,35.16392],[-82.43987,35.16574],[-82.43461,35.16798],[-82.4308,35.17792],[-82.42589,35.1794],[-82.42828,35.18378],[-82.42262,35.19589],[-82.41653,35.20103],[-82.40012,35.20519],[-82.39379,35.21522],[-82.38393,35.21085],[-82.37789,35.19577],[-82.38307,35.19424],[-82.38313,35.19083],[-82.37123,35.18065],[-82.36229,35.18635],[-82.36451,35.18862],[-82.35964,35.19249],[-82.3524,35.19015],[-82.34442,35.19369],[-82.33902,35.18856],[-82.33368,35.19084],[-82.32375,35.18509],[-82.31508,35.19071],[-82.29416,35.19541],[-82.29108,35.20009],[-81.3666,35.16488],[-81.40252,35.13689],[-81.40882,35.04708],[-81.47135,35.04817],[-81.4728,35.04375],[-81.47853,35.04273],[-81.47791,35.04023],[-81.48716,35.03495],[-81.48829,35.02687]]]}},{"type":"Feature","properties":{"std_name":"Jacksonville-Kingsland-Palatka, FL-GA CSA","std_geoid":"300","pen":"statisticians","std_note":null,"LSAD":"M0","NAME":"Jacksonville-Kingsland-Palatka, FL-GA"},"geometry":{"type":"Polygon","coordinates":[[[-81.93693,31.06049],[-81.93176,31.06403],[-81.92608,31.06122],[-81.92735,31.07931],[-81.92368,31.08843],[-81.91911,31.08926],[-81.92125,31.09197],[-81.91588,31.09528],[-81.91271,31.09367],[-81.91118,31.09706],[-81.88957,31.10081],[-81.84067,31.09766],[-81.81882,31.13677],[-81.80161,31.15126],[-81.79067,31.14604],[-81.78822,31.15217],[-81.76624,31.16965],[-81.76289,31.16573],[-81.76503,31.1582],[-81.76243,31.1533],[-81.75403,31.1503],[-81.73732,31.15191],[-81.72243,31.14901],[-81.71192,31.13781],[-81.68622,31.12242],[-81.6621,31.12563],[-81.64715,31.11527],[-81.64198,31.11791],[-81.63288,31.10779],[-81.62159,31.11689],[-81.60976,31.11289],[-81.58924,31.11829],[-81.58021,31.11544],[-81.57172,31.12828],[-81.56261,31.13029],[-81.55793,31.12136],[-81.56409,31.1055],[-81.5723,31.09867],[-81.57195,31.09418],[-81.56472,31.09166],[-81.5563,31.0806],[-81.54263,31.08406],[-81.53455,31.08152],[-81.52657,31.06319],[-81.49267,31.05464],[-81.4838,31.03308],[-81.45252,31.03639],[-81.44508,31.0294],[-81.44022,31.00841],[-81.4269,30.99163],[-81.30643,30.99064],[-81.30478,30.98571],[-81.30483,30.97077],[-81.31213,30.95446],[-81.3256,30.94174],[-81.34521,30.9315],[-81.3502,30.88911],[-81.35886,30.86751],[-81.36268,30.84593],[-81.37481,30.81738],[-81.38633,30.80137],[-81.40048,30.76643],[-81.37481,30.75748],[-81.35915,30.74431],[-81.35139,30.73088],[-81.3468,30.71109],[-81.3472,30.6968],[-81.35155,30.68567],[-81.3734,30.66278],[-81.38201,30.61591],[-81.38028,30.56322],[-81.375,30.53276],[-81.35804,30.50024],[-81.35245,30.48212],[-81.35357,30.44666],[-81.33229,30.43304],[-81.3198,30.41646],[-81.3169,30.40772],[-81.32156,30.37857],[-81.33538,30.36129],[-81.3336,30.31808],[-81.31793,30.25294],[-81.32018,30.25292],[-81.25513,30.00024],[-81.23517,29.94227],[-81.22385,29.92156],[-81.20927,29.87525],[-81.20518,29.82243],[-81.19277,29.77833],[-81.1674,29.7231],[-81.15082,29.67109],[-81.22731,29.67054],[-81.23171,29.66341],[-81.24726,29.65909],[-81.26102,29.66908],[-81.26928,29.65992],[-81.27221,29.66079],[-81.26991,29.65657],[-81.27429,29.65752],[-81.27447,29.65268],[-81.29032,29.64957],[-81.30018,29.65098],[-81.30865,29.64206],[-81.32434,29.65348],[-81.32406,29.62561],[-81.52366,29.62243],[-81.51991,29.4949],[-81.48759,29.44825],[-81.48599,29.42415],[-81.48089,29.41645],[-81.47749,29.39715],[-81.455,29.38965],[-81.43399,29.39855],[-81.43985,29.39144],[-81.44013,29.3855],[-81.4457,29.38006],[-81.45821,29.37647],[-81.6809,29.32443],[-81.6754,29.33865],[-81.66431,29.34151],[-81.65632,29.33797],[-81.66072,29.34327],[-81.65772,29.34803],[-81.66191,29.35475],[-81.66114,29.36006],[-81.66853,29.3717],[-81.74142,29.37105],[-81.74183,29.42994],[-81.77491,29.42925],[-81.77621,29.48745],[-81.84278,29.48653],[-81.84301,29.521],[-81.84961,29.52134],[-81.85072,29.51806],[-81.86115,29.51489],[-81.88436,29.51319],[-81.88762,29.50921],[-81.90169,29.51596],[-81.90413,29.51282],[-81.90669,29.51423],[-81.90701,29.50925],[-81.91205,29.50391],[-81.91935,29.5116],[-81.93125,29.51647],[-81.96396,29.50385],[-82.00438,29.50172],[-82.03197,29.49226],[-82.04327,29.47867],[-82.0559,29.47123],[-82.05607,29.65685],[-82.04905,29.71337],[-82.05563,29.71823],[-82.04924,29.71867],[-82.04611,29.74713],[-82.04942,30.14314],[-82.3594,30.14104],[-82.45836,30.13645],[-82.45707,30.44276],[-82.45979,30.58427],[-82.21468,30.56856],[-82.23419,30.55765],[-82.23444,30.54875],[-82.23888,30.5455],[-82.2404,30.53777],[-82.23076,30.52658],[-82.2303,30.51732],[-82.22507,30.50769],[-82.21263,30.50055],[-82.20124,30.48511],[-82.20321,30.48218],[-82.20104,30.47467],[-82.20637,30.46852],[-82.2077,30.46041],[-82.20379,30.44498],[-82.21086,30.42538],[-82.20643,30.41716],[-82.20673,30.40677],[-82.20376,30.40531],[-82.19911,30.38964],[-82.19335,30.38803],[-82.1903,30.37627],[-82.18479,30.37894],[-82.18349,30.37334],[-82.18024,30.37258],[-82.18099,30.36861],[-82.17374,30.36507],[-82.1702,30.35897],[-82.16178,30.35711],[-82.13996,30.36492],[-82.13386,30.36224],[-82.12685,30.36826],[-82.11815,30.36436],[-82.11577,30.36805],[-82.11033,30.36521],[-82.10524,30.3689],[-82.10107,30.36279],[-82.08111,30.35877],[-82.07267,30.36141],[-82.06618,30.35576],[-82.06242,30.36065],[-82.05809,30.35921],[-82.04214,30.36541],[-82.04449,30.36767],[-82.03722,30.37185],[-82.03816,30.38221],[-82.03584,30.38501],[-82.04469,30.40396],[-82.04129,30.40667],[-82.0439,30.40799],[-82.04085,30.41494],[-82.04376,30.41487],[-82.03406,30.42003],[-82.036,30.42497],[-82.03378,30.42765],[-82.04,30.43666],[-82.02814,30.44725],[-82.02832,30.45539],[-82.02227,30.46138],[-82.0236,30.46721],[-82.01691,30.47511],[-82.01922,30.48298],[-82.01555,30.48396],[-82.01802,30.49207],[-82.01456,30.51231],[-82.01554,30.5201],[-82.01859,30.51949],[-82.0163,30.5219],[-82.01818,30.52751],[-82.01543,30.5285],[-82.0183,30.52852],[-82.01905,30.53301],[-82.01341,30.54244],[-82.01317,30.54995],[-82.00842,30.55453],[-82.01071,30.56074],[-82.0054,30.5637],[-82.00841,30.56366],[-82.00582,30.56513],[-82.00823,30.56971],[-82.00613,30.57712],[-82.01216,30.58626],[-82.01509,30.6006],[-82.02723,30.60666],[-82.02826,30.62201],[-82.03165,30.61953],[-82.03168,30.62502],[-82.03496,30.62684],[-82.03317,30.62949],[-82.03673,30.62998],[-82.04049,30.63605],[-82.03861,30.64095],[-82.04164,30.64898],[-82.04902,30.65529],[-82.0494,30.66201],[-82.04647,30.66081],[-82.04599,30.66637],[-82.05026,30.67611],[-82.04124,30.69103],[-82.04295,30.70089],[-82.03957,30.70068],[-82.03593,30.70621],[-82.03851,30.72264],[-82.0456,30.72725],[-82.03889,30.73615],[-82.03933,30.74936],[-82.03614,30.75477],[-82.03147,30.75034],[-82.01793,30.75482],[-82.02016,30.75784],[-82.0116,30.76188],[-82.02383,30.78364],[-82.02249,30.78803],[-82.01691,30.78787],[-82.01672,30.79148],[-82.01382,30.78915],[-82.00793,30.79305],[-82.00378,30.79177],[-81.98102,30.77698],[-81.97328,30.77895],[-81.96902,30.79128],[-81.96217,30.79698],[-81.96504,30.80681],[-81.96122,30.81404],[-81.96448,30.8173],[-81.94981,30.82776],[-81.94202,30.82555],[-81.94281,30.8285],[-81.93908,30.82721],[-81.93883,30.82985],[-81.93352,30.82338],[-81.93526,30.82107],[-81.92844,30.81743],[-81.90911,30.81568],[-81.90413,30.81915],[-81.90727,30.82556],[-81.89212,30.91],[-81.89628,30.90482],[-81.89944,30.90864],[-81.90622,30.9088],[-81.90216,30.91499],[-81.91243,30.90996],[-81.91552,30.91346],[-81.89913,30.94566],[-81.89284,30.95051],[-81.8919,30.96024],[-81.90352,30.96602],[-81.90163,30.96917],[-81.9072,30.97143],[-81.90649,30.97533],[-81.91085,30.97247],[-81.91346,30.97455],[-81.91758,30.98586],[-81.91244,30.99153],[-81.91454,30.99608],[-81.90735,30.99582],[-81.90673,31.00028],[-81.91165,31.0036],[-81.90878,31.00834],[-81.91145,31.01095],[-81.90828,31.01398],[-81.91025,31.01612],[-81.90403,31.0211],[-81.90413,31.02474],[-81.90854,31.02409],[-81.90666,31.02872],[-81.90263,31.02842],[-81.9063,31.0308],[-81.9047,31.03718],[-81.91153,31.04323],[-81.91638,31.04192],[-81.91784,31.04498],[-81.92324,31.04256],[-81.92844,31.0481],[-81.93583,31.04762],[-81.9322,31.04916],[-81.93674,31.05109],[-81.9318,31.05645],[-81.93693,31.06049]]]}},{"type":"Feature","properties":{"std_name":"Lansing-East Lansing-Owosso, MI CSA","std_geoid":"330","pen":"statisticians","std_note":null,"LSAD":"M0","NAME":"Lansing-East Lansing-Owosso, MI"},"geometry":{"type":"Polygon","coordinates":[[[-84.15819,42.77664],[-84.14175,42.54727],[-84.14071,42.42461],[-85.07161,42.42143],[-85.07522,42.61386],[-85.07425,42.77078],[-84.83709,42.77048],[-84.83689,43.11885],[-84.36802,43.11794],[-84.36789,43.12845],[-83.92908,43.13278],[-83.92987,42.94979],[-83.92252,42.78082],[-84.15819,42.77664]]]}},{"type":"Feature","properties":{"std_name":"McAllen-Edinburg, TX CSA","std_geoid":"365","pen":"statisticians","std_note":null,"LSAD":"M0","NAME":"McAllen-Edinburg, TX"},"geometry":{"type":"Polygon","coordinates":[[[-99.17184,26.54554],[-99.16736,26.55927],[-99.16942,26.57168],[-99.01111,26.67502],[-98.95423,26.78569],[-97.98549,26.78092],[-97.9853,26.61581],[-97.9574,26.61177],[-97.96442,26.56875],[-97.96809,26.56892],[-97.97007,26.55225],[-97.96391,26.5335],[-97.98437,26.53658],[-97.99228,26.49131],[-97.99651,26.49191],[-98.00419,26.44878],[-97.90851,26.43324],[-97.86192,26.43358],[-97.86179,26.07013],[-97.869,26.05684],[-97.87656,26.06452],[-97.88717,26.06666],[-97.89104,26.06037],[-97.90127,26.06123],[-97.91075,26.05646],[-97.91901,26.05821],[-97.92697,26.05487],[-97.93343,26.06563],[-97.93728,26.06233],[-97.9312,26.05714],[-97.93327,26.05298],[-97.95173,26.06217],[-97.96547,26.05169],[-97.97854,26.05863],[-97.98037,26.06737],[-97.98793,26.06584],[-97.99187,26.05825],[-97.99731,26.0648],[-98.0033,26.06474],[-98.01201,26.05608],[-98.01211,26.06614],[-98.02089,26.05863],[-98.02802,26.06696],[-98.03287,26.06228],[-98.03881,26.04126],[-98.06108,26.0464],[-98.0709,26.03701],[-98.07679,26.03627],[-98.08013,26.04173],[-98.07264,26.04374],[-98.07,26.05048],[-98.08035,26.0711],[-98.0859,26.06945],[-98.08163,26.06406],[-98.09353,26.05859],[-98.10519,26.06768],[-98.12541,26.0618],[-98.12997,26.06313],[-98.12821,26.07259],[-98.13211,26.07419],[-98.13663,26.07075],[-98.13772,26.06047],[-98.14646,26.04904],[-98.15129,26.05815],[-98.16176,26.0539],[-98.15796,26.06339],[-98.16793,26.06298],[-98.17623,26.07519],[-98.17978,26.07334],[-98.18063,26.06626],[-98.17699,26.06073],[-98.18727,26.06427],[-98.19308,26.05302],[-98.19881,26.0556],[-98.20466,26.06632],[-98.21285,26.069],[-98.22081,26.07643],[-98.23062,26.07706],[-98.2488,26.0719],[-98.25177,26.07893],[-98.26472,26.08549],[-98.26736,26.0923],[-98.28861,26.10508],[-98.28213,26.1078],[-98.27039,26.10652],[-98.27195,26.11344],[-98.26608,26.11664],[-98.26604,26.12076],[-98.27484,26.11576],[-98.29711,26.12004],[-98.3036,26.10999],[-98.29739,26.10387],[-98.30447,26.10235],[-98.30974,26.11397],[-98.32202,26.11899],[-98.33557,26.13841],[-98.33434,26.14134],[-98.32674,26.14289],[-98.33798,26.14944],[-98.33323,26.15937],[-98.335,26.16537],[-98.34619,26.16597],[-98.35176,26.15115],[-98.35837,26.15893],[-98.35966,26.17252],[-98.36723,26.16861],[-98.3642,26.16204],[-98.36563,26.15809],[-98.38649,26.15766],[-98.39278,26.16721],[-98.40191,26.17109],[-98.40263,26.18139],[-98.4166,26.18376],[-98.42771,26.19301],[-98.44402,26.2006],[-98.43868,26.21266],[-98.44393,26.22418],[-98.45,26.22301],[-98.45451,26.21669],[-98.46025,26.2263],[-98.47158,26.2206],[-98.48127,26.21988],[-98.48314,26.21495],[-98.47751,26.2035],[-98.4818,26.20085],[-98.48179,26.20869],[-98.48538,26.21271],[-98.50702,26.20922],[-98.50103,26.22256],[-98.5137,26.22724],[-98.52409,26.22089],[-98.52708,26.22675],[-98.52182,26.23191],[-98.52216,26.23562],[-98.53487,26.22539],[-98.5438,26.24382],[-98.5566,26.248],[-98.55821,26.24435],[-98.54709,26.2418],[-98.5457,26.2372],[-98.55584,26.23191],[-98.56206,26.22418],[-98.56593,26.24147],[-98.57323,26.23948],[-98.57675,26.23376],[-98.58,26.23523],[-98.58512,26.24461],[-98.57922,26.25111],[-98.58309,26.2567],[-98.59944,26.25763],[-98.61195,26.25318],[-98.61665,26.24643],[-98.623,26.25992],[-98.63217,26.25219],[-98.63455,26.24234],[-98.65592,26.23576],[-98.67067,26.23701],[-98.6786,26.24458],[-98.67771,26.25661],[-98.68066,26.26255],[-98.71988,26.27259],[-98.71729,26.27805],[-98.70096,26.27796],[-98.70254,26.28696],[-98.70935,26.28919],[-98.71617,26.2862],[-98.72777,26.29877],[-98.74262,26.2942],[-98.75097,26.29632],[-98.75612,26.30425],[-98.75422,26.30793],[-98.74042,26.30278],[-98.73616,26.3092],[-98.73846,26.31365],[-98.74582,26.31685],[-98.75113,26.33158],[-98.77132,26.32508],[-98.78896,26.33043],[-98.78831,26.33834],[-98.79625,26.3491],[-98.79821,26.36017],[-98.80735,26.36942],[-98.814,26.36629],[-98.82457,26.37083],[-98.84412,26.35873],[-98.85341,26.36502],[-98.86191,26.36599],[-98.89673,26.35333],[-98.90089,26.3594],[-98.90168,26.37123],[-98.91738,26.37447],[-98.9234,26.38137],[-98.92588,26.39436],[-98.93564,26.38505],[-98.93513,26.37297],[-98.94215,26.36969],[-98.95602,26.37726],[-98.95297,26.39093],[-98.95732,26.39631],[-98.97523,26.40114],[-98.98909,26.39167],[-99.01064,26.39213],[-99.02193,26.4079],[-99.03495,26.41341],[-99.04216,26.4118],[-99.06211,26.39738],[-99.08363,26.39744],[-99.08941,26.4081],[-99.11085,26.42628],[-99.11355,26.43253],[-99.10238,26.44273],[-99.10036,26.45875],[-99.09198,26.47238],[-99.09196,26.47791],[-99.10485,26.50038],[-99.12778,26.5252],[-99.16674,26.53608],[-99.17184,26.54554]]]}},{"type":"Feature","properties":{"std_name":"Mobile-Daphne-Fairhope, AL CSA","std_geoid":"380","pen":"statisticians","std_note":null,"LSAD":"M0","NAME":"Mobile-Daphne-Fairhope, AL"},"geometry":{"type":"Polygon","coordinates":[[[-88.03731,30.14656],[-88.06069,30.14442],[-88.07487,30.14715],[-88.09022,30.15452],[-88.10342,30.16638],[-88.13161,30.17362],[-88.16202,30.20009],[-88.30302,30.17796],[-88.32493,30.18024],[-88.34772,30.19009],[-88.35976,30.17454],[-88.38443,30.15854],[-88.43201,31.1143],[-88.32993,31.11436],[-88.32978,31.14382],[-88.02265,31.14427],[-87.98882,31.17331],[-87.97287,31.16269],[-87.94375,31.16134],[-87.94093,31.16585],[-87.94677,31.17442],[-87.94659,31.19293],[-87.92568,31.18612],[-87.91422,31.18673],[-87.9154,31.19071],[-87.91137,31.19106],[-87.90624,31.19916],[-87.89921,31.19735],[-87.8887,31.20482],[-87.87667,31.19839],[-87.87333,31.20369],[-87.87567,31.21401],[-87.86977,31.21577],[-87.85995,31.20463],[-87.8535,31.20344],[-87.84906,31.21058],[-87.85966,31.21844],[-87.86376,31.2311],[-87.85455,31.23723],[-87.84861,31.23483],[-87.84134,31.22541],[-87.83561,31.22974],[-87.84463,31.23794],[-87.83755,31.24836],[-87.84341,31.25599],[-87.85234,31.25371],[-87.85196,31.25911],[-87.8408,31.25588],[-87.83458,31.25839],[-87.82751,31.27712],[-87.8241,31.27926],[-87.79961,31.26954],[-87.78455,31.27674],[-87.78477,31.28215],[-87.79352,31.28676],[-87.80897,31.30664],[-87.80633,31.3183],[-87.79928,31.31678],[-87.79744,31.30531],[-87.79332,31.30049],[-87.77158,31.29372],[-87.76013,31.29957],[-87.74999,31.29694],[-87.74439,31.30169],[-87.72427,31.30035],[-87.71794,31.30331],[-87.70534,31.29449],[-87.70171,31.28523],[-87.69061,31.28292],[-87.6877,31.27476],[-87.67642,31.26199],[-87.6606,31.25191],[-87.64644,31.24917],[-87.64116,31.24438],[-87.61589,31.24446],[-87.61543,30.99736],[-87.59883,30.99745],[-87.58868,30.96384],[-87.59174,30.95136],[-87.60705,30.92512],[-87.61441,30.90413],[-87.62181,30.89772],[-87.62027,30.8874],[-87.6291,30.88042],[-87.63474,30.86561],[-87.62601,30.85744],[-87.62698,30.84783],[-87.61707,30.84033],[-87.61525,30.83421],[-87.60431,30.83142],[-87.6001,30.82051],[-87.57957,30.81089],[-87.57175,30.8002],[-87.56825,30.80011],[-87.54543,30.77939],[-87.54605,30.77206],[-87.53598,30.76119],[-87.53534,30.75],[-87.52998,30.74095],[-87.51063,30.73291],[-87.50194,30.72127],[-87.49209,30.72039],[-87.48362,30.71531],[-87.48128,30.717],[-87.47799,30.71328],[-87.47931,30.7096],[-87.47517,30.70906],[-87.4758,30.70525],[-87.46981,30.70502],[-87.46809,30.70021],[-87.46219,30.70019],[-87.45801,30.6964],[-87.44957,30.69896],[-87.44038,30.69036],[-87.43014,30.68826],[-87.41904,30.67853],[-87.40647,30.67515],[-87.4031,30.65748],[-87.39682,30.65485],[-87.39434,30.64561],[-87.39491,30.61427],[-87.39877,30.6054],[-87.40329,30.60536],[-87.40759,30.60086],[-87.4053,30.59869],[-87.40802,30.5837],[-87.41219,30.57372],[-87.41852,30.57013],[-87.41615,30.56629],[-87.41792,30.56225],[-87.42536,30.56031],[-87.42755,30.55368],[-87.43488,30.54943],[-87.43532,30.54287],[-87.44157,30.53745],[-87.43896,30.53029],[-87.4439,30.53148],[-87.44365,30.52814],[-87.44798,30.52661],[-87.44381,30.52395],[-87.44728,30.52197],[-87.44727,30.51504],[-87.44452,30.51425],[-87.44912,30.5153],[-87.45037,30.51446],[-87.43098,30.49829],[-87.43168,30.4929],[-87.42838,30.4885],[-87.43388,30.4877],[-87.43558,30.4805],[-87.42508,30.4656],[-87.39988,30.451],[-87.37077,30.44686],[-87.36659,30.43665],[-87.37117,30.43049],[-87.39568,30.4176],[-87.40298,30.4104],[-87.42268,30.4101],[-87.42958,30.4065],[-87.44068,30.3915],[-87.43868,30.3808],[-87.45138,30.3672],[-87.45108,30.3456],[-87.46108,30.3353],[-87.50257,30.3274],[-87.50578,30.3125],[-87.49998,30.3062],[-87.48368,30.3048],[-87.45008,30.3111],[-87.45238,30.3002],[-87.51838,30.2839],[-87.51835,30.22951],[-87.64782,30.19921],[-87.718,30.19176],[-87.80715,30.17738],[-87.98741,30.17789],[-88.00362,30.17342],[-88.01416,30.16006],[-88.03731,30.14656]]]}},{"type":"Feature","properties":{"std_name":"Moses Lake-Othello, WA CSA","std_geoid":"393","pen":"statisticians","std_note":null,"LSAD":"M0","NAME":"Moses Lake-Othello, WA"},"geometry":{"type":"Polygon","coordinates":[[[-119.36943,46.7377],[-119.36916,46.67818],[-119.45319,46.67924],[-119.44973,46.68474],[-119.45141,46.68836],[-119.48711,46.71681],[-119.50502,46.72616],[-119.51658,46.72764],[-119.589,46.66487],[-119.62095,46.64642],[-119.64781,46.64035],[-119.7101,46.64889],[-119.75097,46.63566],[-119.82243,46.62608],[-119.86671,46.62662],[-119.90148,46.6356],[-119.9173,46.65542],[-119.94422,46.67324],[-119.97271,46.72324],[-119.97304,46.73713],[-119.96998,46.75497],[-119.94133,46.77683],[-119.92744,46.79845],[-119.92589,46.81309],[-119.96458,46.8572],[-119.96319,46.91882],[-119.9658,46.94328],[-120.00112,46.99364],[-120.00137,47.00815],[-120.00576,47.01625],[-120.00857,47.03625],[-120.03557,47.05665],[-120.04277,47.07155],[-120.02757,47.10525],[-120.01027,47.11355],[-120.00207,47.12615],[-120.00005,47.13522],[-120.00117,47.14593],[-120.00969,47.15855],[-120.01115,47.16745],[-120.00369,47.18438],[-120.00581,47.20098],[-120.00244,47.20999],[-120.00707,47.22013],[-120.0049,47.22108],[-120.00291,47.26232],[-120.0047,47.31999],[-119.98313,47.32043],[-119.98323,47.33462],[-119.96182,47.33495],[-119.96134,47.34878],[-119.94044,47.34943],[-119.94024,47.36436],[-119.91891,47.36447],[-119.91875,47.39345],[-119.89738,47.39347],[-119.89717,47.40797],[-119.87582,47.4083],[-119.87576,47.43749],[-119.53312,47.44121],[-119.53289,47.52776],[-119.51169,47.52763],[-119.51209,47.54204],[-119.49047,47.54202],[-119.4901,47.55654],[-119.46917,47.55661],[-119.4691,47.57076],[-119.44768,47.57046],[-119.4478,47.5849],[-119.42684,47.58478],[-119.42677,47.59906],[-119.40532,47.59901],[-119.4052,47.61264],[-119.34177,47.61239],[-119.34149,47.62675],[-119.3203,47.6268],[-119.32014,47.67023],[-119.29884,47.6704],[-119.29865,47.72833],[-119.27724,47.72824],[-119.27717,47.7426],[-119.25578,47.74251],[-119.25586,47.77169],[-119.23417,47.77198],[-119.2339,47.80066],[-119.21241,47.80069],[-119.21223,47.88771],[-119.19063,47.88781],[-119.19055,47.90246],[-119.1474,47.90265],[-119.1474,47.91739],[-119.1259,47.9173],[-119.12558,47.9468],[-119.10397,47.94669],[-119.10387,47.96176],[-118.98223,47.96202],[-118.98275,47.94978],[-118.97282,47.941],[-118.97978,47.26171],[-117.96093,47.26057],[-117.95933,46.91481],[-117.9671,46.91483],[-117.97091,46.86722],[-117.98711,46.86203],[-117.99318,46.85336],[-118.00471,46.8479],[-118.00339,46.83881],[-117.99169,46.83758],[-117.99205,46.83242],[-117.99861,46.8269],[-117.99752,46.82254],[-118.01157,46.81481],[-118.01964,46.81417],[-118.01704,46.79601],[-118.01244,46.79078],[-118.01493,46.78578],[-118.02098,46.78296],[-118.02693,46.78818],[-118.03625,46.78482],[-118.0448,46.76901],[-118.09518,46.77907],[-118.10041,46.7728],[-118.10961,46.77221],[-118.11747,46.76465],[-118.1261,46.76139],[-118.15602,46.75947],[-118.15505,46.75338],[-118.16218,46.74673],[-118.18207,46.7473],[-118.18992,46.75147],[-118.21024,46.73883],[-118.77232,46.73539],[-119.36943,46.7377]]]}},{"type":"Feature","properties":{"std_name":"New Orleans-Metairie-Slidell, LA-MS CSA","std_geoid":"406","pen":"statisticians","std_note":null,"LSAD":"M0","NAME":"New Orleans-Metairie-Slidell, LA-MS"},"geometry":{"type":"Polygon","coordinates":[[[-89.54423,30.64837],[-89.54451,30.51686],[-89.59587,30.51707],[-89.59573,30.50249],[-89.64707,30.50274],[-89.64696,30.45889],[-89.69059,30.45773],[-89.68992,30.45309],[-89.68634,30.45475],[-89.6834,30.45154],[-89.68503,30.43945],[-89.68398,30.43394],[-89.68031,30.43337],[-89.68104,30.42339],[-89.6775,30.41813],[-89.67999,30.41165],[-89.68445,30.41229],[-89.68384,30.40582],[-89.67915,30.40236],[-89.67006,30.3822],[-89.66018,30.37342],[-89.66261,30.37144],[-89.6588,30.36958],[-89.66112,30.36423],[-89.65725,30.35663],[-89.65152,30.35613],[-89.6413,30.34615],[-89.63693,30.34762],[-89.62959,30.33896],[-89.6327,30.32796],[-89.62881,30.32642],[-89.6296,30.32156],[-89.63396,30.3213],[-89.62619,30.31429],[-89.64034,30.30678],[-89.64043,30.2955],[-89.64718,30.28937],[-89.6385,30.28812],[-89.63129,30.27977],[-89.63232,30.2686],[-89.6253,30.26353],[-89.63105,30.2618],[-89.63161,30.25701],[-89.61404,30.24477],[-89.61574,30.22337],[-89.59657,30.21196],[-89.5807,30.18633],[-89.56921,30.18052],[-89.55463,30.18591],[-89.54484,30.1943],[-89.53484,30.19538],[-89.52794,30.18877],[-89.51477,30.16176],[-89.49497,30.16075],[-89.45395,30.16623],[-89.41671,30.17764],[-89.30613,30.17794],[-89.26098,30.182],[-89.18367,30.21215],[-89.09648,30.16583],[-88.85491,30.13553],[-88.83435,30.09071],[-88.80852,30.06548],[-88.78367,30.02669],[-88.76449,29.97194],[-88.75839,29.91827],[-88.76272,29.86699],[-88.77471,29.81814],[-88.80182,29.7502],[-88.83857,29.69507],[-88.91266,29.61178],[-88.9602,29.5771],[-89.04473,29.48701],[-89.07229,29.47084],[-89.11945,29.45807],[-89.14207,29.42947],[-89.13761,29.38143],[-89.12162,29.3665],[-89.11216,29.33967],[-89.09453,29.32893],[-89.08532,29.31861],[-89.07723,29.3011],[-89.06943,29.2943],[-89.02262,29.27446],[-89.00005,29.27148],[-88.98242,29.26321],[-88.96749,29.26262],[-88.94205,29.25374],[-88.91831,29.23628],[-88.91017,29.22029],[-88.90881,29.21023],[-88.90915,29.20016],[-88.91765,29.17944],[-88.91392,29.16553],[-88.9146,29.14362],[-88.92171,29.12497],[-88.94576,29.10395],[-88.96744,29.09507],[-88.98539,29.09418],[-88.9969,29.0853],[-89.00291,29.0488],[-89.01269,29.02768],[-89.02591,29.01561],[-89.04564,29.00694],[-89.08883,28.96115],[-89.09606,28.94249],[-89.11485,28.92637],[-89.13328,28.91973],[-89.15099,28.9191],[-89.16907,28.92257],[-89.18533,28.93048],[-89.19654,28.93996],[-89.20485,28.95293],[-89.20958,28.9702],[-89.22437,28.97749],[-89.2349,28.98715],[-89.2796,28.97778],[-89.30515,28.95609],[-89.3241,28.93071],[-89.38473,28.8715],[-89.40099,28.86063],[-89.4257,28.85513],[-89.44946,28.85815],[-89.46731,28.86651],[-89.4835,28.88097],[-89.49208,28.90149],[-89.49023,28.92443],[-89.46941,28.95618],[-89.46574,28.97444],[-89.46342,29.08282],[-89.46867,29.10746],[-89.48121,29.1222],[-89.48614,29.13722],[-89.50232,29.15838],[-89.52047,29.17219],[-89.55365,29.18598],[-89.61043,29.19863],[-90.03233,29.13504],[-90.05557,29.12196],[-90.08909,29.09465],[-90.08993,29.16411],[-90.08615,29.17438],[-90.09047,29.18092],[-90.08485,29.18464],[-90.08648,29.18717],[-90.08185,29.19195],[-90.06195,29.20519],[-90.06353,29.21058],[-90.05604,29.23038],[-90.02925,29.26929],[-90.01427,29.27534],[-89.99906,29.30026],[-90.00645,29.31338],[-90.02785,29.32683],[-90.03033,29.34476],[-90.03571,29.35091],[-90.03614,29.36595],[-90.02863,29.37942],[-90.03094,29.38445],[-90.0291,29.38751],[-90.03329,29.39328],[-90.02062,29.42846],[-90.02232,29.43115],[-90.03755,29.43634],[-90.04208,29.44343],[-90.03738,29.44783],[-90.04864,29.45525],[-90.04904,29.46152],[-90.0627,29.45919],[-90.07815,29.46613],[-90.09518,29.46142],[-90.11413,29.46568],[-90.1375,29.47716],[-90.14449,29.49737],[-90.16465,29.5235],[-90.1722,29.5412],[-90.18755,29.54636],[-90.19196,29.55174],[-90.19177,29.55734],[-90.18617,29.56334],[-90.15846,29.57003],[-90.15777,29.57366],[-90.16464,29.57986],[-90.15134,29.58837],[-90.15409,29.59426],[-90.15116,29.59856],[-90.15626,29.60189],[-90.15117,29.60911],[-90.15769,29.60943],[-90.16119,29.62342],[-90.16112,29.64707],[-90.15507,29.66019],[-90.15801,29.66938],[-90.15581,29.67753],[-90.16418,29.67694],[-90.17039,29.68352],[-90.18639,29.68091],[-90.19419,29.6902],[-90.20109,29.68851],[-90.20259,29.69161],[-90.34093,29.693],[-90.3521,29.69551],[-90.36154,29.70745],[-90.36021,29.7245],[-90.3633,29.73132],[-90.36079,29.73705],[-90.37132,29.7469],[-90.37321,29.76109],[-90.40523,29.77434],[-90.40969,29.77208],[-90.42989,29.77639],[-90.46793,29.80336],[-90.47578,29.81292],[-90.4799,29.84738],[-90.48923,29.85926],[-90.49887,29.86506],[-90.51572,29.86473],[-90.53585,29.8913],[-90.5935,29.89293],[-90.60935,29.88309],[-90.61209,29.8911],[-90.61766,29.89024],[-90.628,29.89523],[-90.66817,29.88939],[-90.68064,29.89253],[-90.68389,29.89833],[-90.68823,29.89916],[-90.69003,29.90486],[-90.69703,29.90036],[-90.69979,29.90334],[-90.70917,29.90247],[-90.70917,29.89716],[-90.71705,29.89656],[-90.71784,29.90235],[-90.72322,29.90701],[-90.73984,29.90449],[-90.77523,29.91745],[-90.7787,29.92201],[-90.78576,29.92169],[-90.78543,29.90759],[-90.88575,29.90535],[-90.88631,29.93565],[-90.91178,29.93507],[-90.9118,29.9785],[-90.94629,29.97793],[-90.94637,30.03604],[-90.96336,30.03578],[-90.96375,30.06683],[-90.93559,30.08556],[-90.93463,30.09405],[-90.91466,30.10883],[-90.91557,30.11329],[-90.64211,30.16645],[-90.63191,30.22119],[-90.61783,30.21912],[-90.61178,30.21424],[-90.5995,30.21684],[-90.59153,30.20584],[-90.57782,30.19717],[-90.55115,30.19673],[-90.51606,30.22134],[-90.48583,30.27699],[-90.42053,30.27984],[-90.38609,30.28688],[-90.37314,30.28346],[-90.35031,30.29683],[-90.33364,30.29523],[-90.32046,30.29898],[-90.29783,30.2939],[-90.16064,30.23434],[-90.18551,30.28818],[-90.19206,30.31078],[-90.24365,30.36158],[-90.24481,30.58017],[-90.24945,30.58772],[-90.2461,30.58872],[-90.24314,30.59606],[-90.24906,30.60501],[-90.24662,30.61087],[-90.25023,30.61334],[-90.25149,30.62353],[-90.24729,30.6278],[-90.24597,30.6432],[-90.24337,30.64477],[-90.25073,30.65257],[-90.2481,30.66043],[-90.25324,30.66435],[-90.25043,30.67113],[-90.25291,30.67521],[-90.25019,30.68034],[-90.2527,30.68912],[-90.25025,30.69529],[-90.25167,30.70078],[-90.25766,30.70575],[-90.25393,30.7217],[-90.25643,30.73277],[-90.25347,30.73542],[-90.26013,30.73834],[-90.26145,30.74961],[-90.2674,30.75174],[-90.26274,30.76613],[-90.27691,30.77833],[-90.28039,30.78685],[-90.2789,30.79453],[-90.29346,30.8066],[-90.29471,30.8128],[-90.29016,30.82214],[-90.29682,30.83],[-90.29572,30.83913],[-90.29891,30.84771],[-90.30842,30.85465],[-90.31419,30.86421],[-90.31768,30.87352],[-90.31529,30.87841],[-90.317,30.89116],[-90.32999,30.89115],[-90.33001,30.9022],[-90.33409,30.90221],[-90.33433,30.90569],[-90.34681,30.90563],[-90.34731,31.00055],[-89.81583,31.00208],[-89.75264,31.00185],[-89.75048,30.99942],[-89.74099,31.00359],[-89.73607,31.00123],[-89.7325,31.00483],[-89.72812,31.0023],[-89.55185,31.00192],[-89.55203,31.01596],[-89.50134,31.01603],[-89.5014,31.00146],[-89.47594,31.00136],[-89.47602,30.9829],[-89.42534,30.98245],[-89.42481,31.01011],[-89.34895,31.01037],[-89.34897,31.00104],[-89.3407,31.00103],[-89.34145,30.64772],[-89.54423,30.64837]]]}},{"type":"Feature","properties":{"std_name":"Oklahoma City-Shawnee, OK CSA","std_geoid":"416","pen":"statisticians","std_note":null,"LSAD":"M0","NAME":"Oklahoma City-Shawnee, OK"},"geometry":{"type":"Polygon","coordinates":[[[-96.77671,35.41137],[-96.77568,34.89996],[-96.78771,34.89979],[-96.79858,34.90594],[-96.79821,34.92999],[-96.81587,34.94574],[-96.83077,34.94191],[-96.85237,34.92877],[-96.8854,34.92625],[-96.91084,34.95897],[-96.93005,34.96507],[-96.93087,34.85463],[-97.6681,34.85516],[-97.66851,34.68134],[-98.0891,34.68116],[-98.08904,34.84072],[-98.08956,34.85493],[-98.09313,34.85499],[-98.09132,35.20225],[-98.09498,35.20372],[-98.09601,35.37775],[-98.30633,35.37724],[-98.3065,35.53624],[-98.30839,35.55131],[-98.31325,35.55152],[-98.31342,35.55789],[-98.31315,35.72516],[-97.67403,35.72597],[-97.67562,36.16466],[-97.35395,36.1643],[-97.35387,35.98493],[-97.34078,35.99276],[-97.33404,36.00467],[-97.32362,36.01088],[-97.30052,36.00931],[-97.28747,35.99668],[-97.28588,35.98049],[-97.27756,35.97378],[-97.23429,35.9696],[-97.21999,35.96363],[-97.20584,35.94596],[-97.19264,35.94164],[-97.17417,35.9408],[-97.15915,35.94472],[-97.14411,35.95312],[-97.14046,35.95906],[-97.14058,35.94199],[-96.61965,35.94157],[-96.6237,35.40072],[-96.63099,35.39228],[-96.63672,35.39918],[-96.64521,35.39274],[-96.65326,35.39173],[-96.65446,35.39543],[-96.67499,35.40055],[-96.67575,35.40419],[-96.69,35.40386],[-96.69154,35.40854],[-96.70073,35.40967],[-96.70393,35.41674],[-96.71964,35.41198],[-96.71694,35.41935],[-96.72463,35.425],[-96.73806,35.41986],[-96.7331,35.41586],[-96.74141,35.41443],[-96.74012,35.40875],[-96.74278,35.40682],[-96.7692,35.41062],[-96.77447,35.4058],[-96.77671,35.41137]]]}},{"type":"Feature","properties":{"std_name":"Phoenix-Mesa, AZ CSA","std_geoid":"429","pen":"statisticians","std_note":null,"LSAD":"M0","NAME":"Phoenix-Mesa, AZ"},"geometry":{"type":"Polygon","coordinates":[[[-111.72073,34.1617],[-111.70563,34.17579],[-111.70455,34.18225],[-111.69448,34.18203],[-111.6942,34.1872],[-111.69749,34.19024],[-111.70992,34.18735],[-111.70694,34.19135],[-111.71202,34.19712],[-111.70804,34.19971],[-111.69589,34.19316],[-111.69019,34.2],[-111.69559,34.21082],[-111.70549,34.21399],[-111.70431,34.22751],[-111.69813,34.22996],[-111.70079,34.23938],[-111.69387,34.24313],[-111.69813,34.24531],[-111.69688,34.24976],[-111.69032,34.25611],[-111.69013,34.26018],[-111.68158,34.26158],[-111.67614,34.26912],[-111.68006,34.27092],[-111.68518,34.28203],[-111.66505,34.28654],[-111.66555,34.29715],[-111.67387,34.29482],[-111.67642,34.28936],[-111.68465,34.29815],[-111.67359,34.30773],[-111.66771,34.30826],[-111.66896,34.31052],[-111.66333,34.31796],[-111.66446,34.34209],[-111.6674,34.34786],[-111.65695,34.36769],[-111.65962,34.38634],[-111.64739,34.39305],[-111.63023,34.3934],[-111.63028,34.39748],[-111.61144,34.40537],[-111.60103,34.41926],[-111.5929,34.41906],[-111.59128,34.42213],[-111.57641,34.42072],[-111.57175,34.42985],[-111.56339,34.432],[-111.55415,34.43942],[-111.55465,34.4717],[-111.54878,34.46087],[-111.54639,34.4654],[-111.54187,34.46518],[-111.5427,34.47122],[-111.53909,34.47546],[-111.53587,34.47191],[-111.53686,34.4677],[-111.52796,34.47058],[-111.52025,34.48145],[-111.52456,34.49497],[-111.5212,34.49898],[-111.51707,34.49415],[-111.50199,34.49821],[-111.51365,34.49193],[-111.51032,34.48909],[-111.51325,34.48444],[-111.50882,34.47933],[-111.51204,34.48039],[-111.51244,34.46784],[-111.52015,34.46688],[-111.52165,34.46258],[-111.53776,34.45929],[-111.54041,34.45485],[-111.52481,34.45459],[-111.51928,34.45827],[-111.50897,34.45466],[-111.48589,34.46378],[-111.47966,34.46079],[-111.47205,34.46227],[-111.47116,34.45697],[-111.47477,34.45914],[-111.48025,34.45581],[-111.47704,34.45047],[-111.4891,34.45446],[-111.48943,34.45044],[-111.49339,34.45194],[-111.49599,34.44674],[-111.50383,34.44424],[-111.50182,34.44219],[-111.5066,34.43816],[-111.51356,34.44443],[-111.51861,34.44645],[-111.52192,34.44538],[-111.51748,34.44501],[-111.51901,34.44195],[-111.51582,34.44011],[-111.51969,34.43726],[-111.51756,34.43074],[-111.52092,34.42727],[-111.52968,34.4356],[-111.52853,34.42303],[-111.53496,34.42349],[-111.53995,34.42862],[-111.54173,34.42397],[-111.55015,34.4188],[-111.54524,34.41531],[-111.53751,34.41523],[-111.53604,34.41191],[-111.52387,34.41161],[-111.51242,34.41566],[-111.50044,34.42758],[-111.49389,34.4184],[-111.49187,34.42274],[-111.49492,34.43403],[-111.48695,34.42982],[-111.4838,34.43141],[-111.48439,34.4351],[-111.47498,34.43608],[-111.47737,34.43178],[-111.46715,34.43774],[-111.47729,34.42949],[-111.46734,34.42932],[-111.46952,34.42664],[-111.47969,34.42744],[-111.48162,34.42314],[-111.47453,34.42223],[-111.48062,34.41955],[-111.47554,34.41657],[-111.48003,34.41588],[-111.47837,34.41345],[-111.46676,34.41408],[-111.46714,34.40952],[-111.46428,34.40924],[-111.4619,34.41117],[-111.46451,34.41511],[-111.46217,34.42253],[-111.45377,34.42707],[-111.45513,34.43059],[-111.45043,34.43129],[-111.45127,34.43486],[-111.4427,34.43399],[-111.44408,34.44141],[-111.43683,34.43834],[-111.43345,34.44],[-111.4356,34.44646],[-111.43114,34.44477],[-111.42637,34.44826],[-111.41924,34.44341],[-111.41141,34.4426],[-111.40758,34.44637],[-111.39824,34.44377],[-111.39851,34.44017],[-111.40734,34.43804],[-111.4041,34.43077],[-111.40696,34.42737],[-111.41125,34.43348],[-111.41775,34.43266],[-111.42194,34.43724],[-111.42544,34.43574],[-111.42133,34.43219],[-111.42756,34.42035],[-111.4242,34.41415],[-111.42848,34.41354],[-111.42206,34.40601],[-111.42473,34.39464],[-111.42928,34.39077],[-111.42632,34.38618],[-111.42503,34.39055],[-111.42159,34.39361],[-111.42315,34.3906],[-111.41919,34.38805],[-111.41849,34.377],[-111.41728,34.38057],[-111.41175,34.38226],[-111.40901,34.37714],[-111.40067,34.37875],[-111.39656,34.38541],[-111.38417,34.39042],[-111.38884,34.39094],[-111.38642,34.3978],[-111.4034,34.39775],[-111.41125,34.408],[-111.40117,34.41086],[-111.40084,34.42493],[-111.39741,34.42839],[-111.39279,34.42373],[-111.38816,34.42461],[-111.38498,34.43241],[-111.37909,34.43082],[-111.37167,34.43963],[-111.36685,34.44031],[-111.36334,34.43603],[-111.35188,34.441],[-111.35406,34.42461],[-111.3243,34.42259],[-111.32075,34.42777],[-111.31303,34.4291],[-111.31074,34.42678],[-111.3068,34.43411],[-111.30107,34.43245],[-111.2968,34.4372],[-111.28897,34.43598],[-111.28696,34.43985],[-111.27863,34.43828],[-111.27269,34.44451],[-111.26197,34.44282],[-111.26012,34.4477],[-111.25648,34.44678],[-111.25069,34.45337],[-111.24609,34.45009],[-111.24456,34.44614],[-111.24774,34.4422],[-111.24059,34.43718],[-111.2399,34.43144],[-111.22769,34.43176],[-111.22576,34.42473],[-111.22215,34.42565],[-111.2219,34.41666],[-111.21503,34.41783],[-111.21462,34.41293],[-111.21169,34.41336],[-111.20957,34.40836],[-111.19854,34.40922],[-111.19507,34.40467],[-111.18315,34.41009],[-111.17817,34.40835],[-111.17782,34.4037],[-111.17294,34.40563],[-111.17033,34.40107],[-111.16098,34.40382],[-111.16029,34.39987],[-111.15207,34.39426],[-111.15226,34.38836],[-111.14886,34.38484],[-111.15164,34.37899],[-111.14709,34.37519],[-111.14028,34.37575],[-111.14341,34.37902],[-111.13513,34.38829],[-111.12954,34.38521],[-111.12765,34.39072],[-111.12129,34.38247],[-111.12113,34.38474],[-111.11044,34.38362],[-111.11158,34.39152],[-111.10196,34.38953],[-111.09633,34.39664],[-111.09478,34.39327],[-111.0875,34.395],[-111.08452,34.39297],[-111.08647,34.39022],[-111.07963,34.38907],[-111.08022,34.38561],[-111.07535,34.38587],[-111.07695,34.38067],[-111.06103,34.37731],[-111.05895,34.38063],[-111.05425,34.37901],[-111.05151,34.37551],[-111.05342,34.37074],[-111.04425,34.37964],[-111.0406,34.37776],[-111.03752,34.37126],[-111.04153,34.3713],[-111.05156,34.35703],[-111.05685,34.36037],[-111.05771,34.35511],[-111.04422,34.34295],[-111.03318,34.34093],[-111.02881,34.34133],[-111.02825,34.34638],[-111.03133,34.34957],[-111.02588,34.35382],[-111.03377,34.36249],[-111.02754,34.36337],[-111.02355,34.37241],[-111.02015,34.37316],[-111.02053,34.36168],[-111.01012,34.35848],[-111.00863,34.36244],[-111.00597,34.36107],[-111.00373,34.35627],[-111.00591,34.35124],[-110.9982,34.35166],[-110.99731,34.34413],[-110.97541,34.33664],[-110.96872,34.32379],[-110.95886,34.31447],[-110.95361,34.31393],[-110.95111,34.3188],[-110.9461,34.31728],[-110.94163,34.31065],[-110.92715,34.3105],[-110.90566,34.30017],[-110.89692,34.30245],[-110.89522,34.29549],[-110.88385,34.28957],[-110.88872,34.28634],[-110.88614,34.28232],[-110.86504,34.27099],[-110.85295,34.27001],[-110.84756,34.26564],[-110.84788,34.27108],[-110.84401,34.26837],[-110.83575,34.26932],[-110.82594,34.2758],[-110.83253,34.27849],[-110.83482,34.27592],[-110.83778,34.28065],[-110.82071,34.2878],[-110.82171,34.29207],[-110.84532,34.30387],[-110.84591,34.30714],[-110.83846,34.30882],[-110.8339,34.30296],[-110.82389,34.30257],[-110.81131,34.29535],[-110.81181,34.30313],[-110.80925,34.30294],[-110.80549,34.31114],[-110.80281,34.29805],[-110.796,34.2991],[-110.79573,34.30711],[-110.79365,34.305],[-110.78808,34.30906],[-110.78801,34.29775],[-110.78117,34.30768],[-110.78287,34.29949],[-110.76461,34.29243],[-110.75789,34.27934],[-110.7667,34.269],[-110.76696,34.259],[-110.75068,34.26331],[-110.75067,34.00005],[-110.00066,34.00005],[-110.00065,33.46592],[-110.16948,33.46571],[-110.16899,33.4517],[-110.17678,33.4484],[-110.18187,33.44974],[-110.1827,33.44673],[-110.19024,33.45181],[-110.19324,33.44731],[-110.19035,33.44173],[-110.19784,33.44304],[-110.20479,33.43928],[-110.21023,33.44197],[-110.21717,33.43549],[-110.22889,33.44416],[-110.2339,33.43973],[-110.23745,33.44224],[-110.24743,33.43642],[-110.25305,33.43847],[-110.26409,33.43525],[-110.27226,33.44208],[-110.2965,33.42884],[-110.32096,33.43301],[-110.32957,33.42717],[-110.34217,33.42616],[-110.34156,33.4213],[-110.34779,33.42022],[-110.34723,33.40818],[-110.35139,33.40845],[-110.35201,33.40365],[-110.35638,33.4046],[-110.36298,33.39822],[-110.36599,33.40045],[-110.36889,33.39668],[-110.38416,33.40704],[-110.38849,33.40266],[-110.39449,33.40455],[-110.40899,33.39942],[-110.41296,33.40161],[-110.41873,33.38631],[-110.42847,33.38823],[-110.44118,33.38197],[-110.44287,33.36818],[-110.45167,33.36327],[-110.4445,33.35238],[-110.44841,33.34164],[-110.44424,33.32638],[-110.4508,33.3167],[-110.44723,33.30029],[-110.45809,33.29405],[-110.45338,33.29063],[-110.45508,33.28215],[-110.4492,33.2744],[-110.44872,33.26542],[-110.44351,33.26225],[-110.44383,33.25553],[-110.43679,33.25129],[-110.43524,33.23919],[-110.41732,33.22746],[-110.42126,33.21621],[-110.40051,33.19838],[-110.40588,33.19746],[-110.40859,33.19204],[-110.41962,33.19112],[-110.42061,33.19358],[-110.43263,33.18771],[-110.44643,33.18985],[-110.44902,33.19453],[-110.44923,32.514],[-111.15749,32.51125],[-111.15757,32.50162],[-111.56925,32.50139],[-111.56926,32.50677],[-113.33389,32.50519],[-113.33375,34.00004],[-112.74395,33.9999],[-112.27617,33.88247],[-112.2776,33.89044],[-112.27516,33.8934],[-112.2589,33.90504],[-112.24304,33.90536],[-112.24073,33.90826],[-112.24295,33.91546],[-112.23505,33.91641],[-112.23157,33.93604],[-112.24137,33.94053],[-112.2358,33.94729],[-112.24026,33.95049],[-112.24035,33.95664],[-112.22923,33.95419],[-112.21462,33.96363],[-112.21501,33.96715],[-112.19677,33.97393],[-112.19271,33.99193],[-112.18052,34.00358],[-112.18291,34.01248],[-112.17158,34.01781],[-112.16554,34.01259],[-112.16113,34.01772],[-112.16472,34.03627],[-112.15365,34.04091],[-112.15841,34.04377],[-112.16163,34.04229],[-112.16476,34.04817],[-111.72633,34.00004],[-111.49534,33.99982],[-111.4998,34.00865],[-111.49528,34.01413],[-111.49698,34.02884],[-111.49255,34.03773],[-111.48571,34.03574],[-111.48291,34.04007],[-111.47204,34.04154],[-111.46802,34.04767],[-111.47188,34.05801],[-111.46207,34.05931],[-111.46069,34.06248],[-111.46376,34.07244],[-111.47538,34.08039],[-111.48122,34.09251],[-111.48539,34.09487],[-111.47083,34.11158],[-111.47429,34.11847],[-111.4812,34.12128],[-111.47884,34.12989],[-111.49283,34.13236],[-111.47697,34.15086],[-111.71198,34.15107],[-111.72073,34.1617]]]}},{"type":"Feature","properties":{"std_name":"Richmond-Connersville, IN CSA","std_geoid":"458","pen":"statisticians","std_note":null,"LSAD":"M0","NAME":"Richmond-Connersville, IN"},"geometry":{"type":"Polygon","coordinates":[[[-85.20147,40.00452],[-84.81082,40.00508],[-84.81437,39.72662],[-85.03441,39.72926],[-85.03609,39.52621],[-85.29811,39.52548],[-85.30158,39.78758],[-85.22112,39.78845],[-85.22073,39.87358],[-85.20095,39.8738],[-85.20147,40.00452]]]}},{"type":"Feature","properties":{"std_name":"Saginaw-Midland-Bay City, MI CSA","std_geoid":"474","pen":"statisticians","std_note":null,"LSAD":"M0","NAME":"Saginaw-Midland-Bay City, MI"},"geometry":{"type":"Polygon","coordinates":[[[-83.69921,43.59739],[-83.69562,43.22142],[-83.93207,43.22038],[-83.92908,43.13278],[-84.36789,43.12845],[-84.36988,43.46604],[-84.60754,43.46601],[-84.60604,43.81536],[-84.36668,43.81356],[-84.36651,43.82843],[-84.16732,43.8259],[-84.16638,43.9969],[-84.04541,43.99697],[-84.04484,43.91115],[-83.90761,43.91042],[-83.875,43.90005],[-83.70852,43.83395],[-83.71356,43.8309],[-83.70832,43.82872],[-83.69921,43.59739]]]}},{"type":"Feature","properties":{"std_name":"Albany-Schenectady, NY CSA","std_geoid":"104","pen":"statisticians","std_note":null,"LSAD":"M0","NAME":"Albany-Schenectady, NY"},"geometry":{"type":"Polygon","coordinates":[[[-74.14015,43.25398],[-74.21462,43.7287],[-73.37928,43.80848],[-73.37679,43.79916],[-73.35752,43.78556],[-73.35076,43.77139],[-73.36994,43.74386],[-73.37061,43.72533],[-73.38588,43.71134],[-73.39552,43.69683],[-73.40474,43.69021],[-73.40413,43.68134],[-73.41551,43.65245],[-73.42646,43.6426],[-73.42842,43.63545],[-73.41767,43.62169],[-73.42371,43.61236],[-73.42162,43.60302],[-73.43095,43.58704],[-73.39577,43.56809],[-73.38329,43.5772],[-73.38525,43.58326],[-73.38246,43.58658],[-73.3869,43.59077],[-73.38214,43.59182],[-73.38349,43.59737],[-73.37737,43.5984],[-73.37247,43.60485],[-73.37639,43.60882],[-73.36984,43.61939],[-73.37189,43.62449],[-73.35427,43.62619],[-73.34875,43.62146],[-73.34451,43.62628],[-73.34007,43.62465],[-73.33419,43.62799],[-73.3277,43.62591],[-73.31785,43.6285],[-73.31117,43.62409],[-73.30644,43.62833],[-73.30255,43.62571],[-73.30038,43.6178],[-73.30277,43.60978],[-73.29802,43.61003],[-73.29102,43.59924],[-73.29694,43.58731],[-73.29211,43.58454],[-73.29732,43.57937],[-73.29529,43.57678],[-73.28491,43.57927],[-73.28086,43.57358],[-73.26793,43.57225],[-73.26899,43.56993],[-73.25863,43.56495],[-73.2526,43.55685],[-73.25449,43.5556],[-73.24864,43.55386],[-73.25041,43.55043],[-73.24782,43.54505],[-73.25013,43.54343],[-73.24158,43.53496],[-73.24189,43.52942],[-73.2477,43.52317],[-73.25647,43.26009],[-73.27831,42.83756],[-73.27867,42.83341],[-73.28539,42.83409],[-73.28706,42.82014],[-73.28369,42.81386],[-73.29094,42.80192],[-73.27642,42.74602],[-73.26483,42.74585],[-73.50821,42.08613],[-73.49702,42.04962],[-73.52142,42.04997],[-73.52707,41.97798],[-73.71093,42.00549],[-73.90319,42.07811],[-73.91559,42.08091],[-73.9171,42.07647],[-73.92963,42.07878],[-73.92146,42.11003],[-73.90177,42.14095],[-73.89314,42.15881],[-73.89232,42.16753],[-73.87476,42.17392],[-73.85525,42.19141],[-73.84947,42.20964],[-73.85129,42.22061],[-73.84781,42.23035],[-73.8326,42.24406],[-73.803,42.25366],[-73.78683,42.27301],[-73.78055,42.30569],[-73.78429,42.32008],[-73.78328,42.33169],[-73.79326,42.35619],[-73.79052,42.36323],[-73.79433,42.37718],[-73.77445,42.43527],[-73.77391,42.45011],[-73.7785,42.46329],[-73.83676,42.45859],[-73.93326,42.44481],[-74.2543,42.40821],[-74.24469,42.37716],[-74.25919,42.37912],[-74.27665,42.36335],[-74.29947,42.36257],[-74.31258,42.35709],[-74.32097,42.36066],[-74.34609,42.35569],[-74.35717,42.36466],[-74.37905,42.37387],[-74.44351,42.35502],[-74.61889,42.42439],[-74.71158,42.5178],[-74.67202,42.56484],[-74.63063,42.62667],[-74.63576,42.65198],[-74.66751,42.75071],[-74.66538,42.79187],[-74.6483,42.82956],[-74.7633,42.86324],[-74.74018,42.99766],[-74.74371,42.99941],[-74.74028,43.01799],[-74.7461,43.03441],[-74.75924,43.04261],[-74.76324,43.0531],[-74.76194,43.05942],[-74.76984,43.06568],[-74.76936,43.07228],[-74.77423,43.08227],[-74.76582,43.09013],[-74.7699,43.11334],[-74.75852,43.11408],[-74.75872,43.11975],[-74.73973,43.12019],[-74.73833,43.12436],[-74.72825,43.12531],[-74.735,43.14344],[-74.70809,43.14967],[-74.71152,43.15279],[-74.70981,43.15596],[-74.71825,43.16025],[-74.71801,43.16474],[-74.70824,43.17253],[-74.70229,43.17129],[-74.69598,43.17418],[-74.713,43.289],[-74.53466,43.22812],[-74.32638,43.24164],[-74.32237,43.21468],[-74.2209,43.2214],[-74.22422,43.24817],[-74.14015,43.25398]]]}},{"type":"Feature","properties":{"std_name":"Amarillo-Borger, TX CSA","std_geoid":"108","pen":"statisticians","std_note":null,"LSAD":"M0","NAME":"Amarillo-Borger, TX"},"geometry":{"type":"Polygon","coordinates":[[[-101.6228,35.6202],[-101.62347,36.05541],[-101.08573,36.05528],[-101.08619,35.1967],[-101.09075,34.74825],[-102.16884,34.74742],[-102.16747,35.18323],[-102.62564,35.18725],[-103.04251,35.18316],[-103.04171,35.62249],[-102.16281,35.62752],[-102.16275,35.62004],[-101.6228,35.6202]]]}},{"type":"Feature","properties":{"std_name":"Birmingham-Cullman-Talladega, AL CSA","std_geoid":"142","pen":"statisticians","std_note":null,"LSAD":"M0","NAME":"Birmingham-Cullman-Talladega, AL"},"geometry":{"type":"Polygon","coordinates":[[[-86.37497,32.75358],[-86.37112,32.75063],[-86.41334,32.75059],[-86.41312,32.70739],[-86.71422,32.70569],[-86.71339,32.66173],[-86.81657,32.66012],[-86.91461,32.66436],[-87.01766,32.66327],[-87.01916,32.83703],[-87.31918,32.83152],[-87.31947,32.87512],[-87.4212,32.87451],[-87.42194,33.00338],[-87.31854,33.00618],[-87.31158,33.09393],[-87.28194,33.13306],[-87.19932,33.13066],[-87.19915,33.19655],[-87.15207,33.23248],[-87.14355,33.23247],[-87.1435,33.23619],[-87.12187,33.23584],[-87.12151,33.22147],[-87.1041,33.22146],[-87.07664,33.24683],[-87.06574,33.24691],[-87.06575,33.27594],[-87.07463,33.27602],[-87.0746,33.27968],[-87.08755,33.27967],[-87.0875,33.29068],[-87.12676,33.29084],[-87.12714,33.30601],[-87.16201,33.30659],[-87.16218,33.32101],[-87.17964,33.32111],[-87.18001,33.34298],[-87.19741,33.34309],[-87.19758,33.35813],[-87.21492,33.35832],[-87.21483,33.3658],[-87.232,33.36585],[-87.23204,33.39514],[-87.24931,33.39558],[-87.2487,33.41043],[-87.25376,33.41031],[-87.25379,33.41781],[-87.26698,33.41795],[-87.26684,33.4247],[-87.28427,33.42571],[-87.28436,33.44058],[-87.3144,33.44172],[-87.31411,33.45573],[-87.33558,33.45625],[-87.33551,33.47043],[-87.3417,33.4705],[-87.33441,33.47986],[-87.33028,33.49196],[-87.32384,33.49282],[-87.31462,33.48725],[-87.30348,33.48994],[-87.29771,33.48021],[-87.28851,33.47936],[-87.28485,33.48304],[-87.28889,33.49619],[-87.28738,33.50119],[-87.28039,33.50247],[-87.26592,33.49739],[-87.26136,33.50068],[-87.26099,33.50584],[-87.26692,33.51293],[-87.31824,33.51417],[-87.31853,33.58739],[-87.37104,33.58707],[-87.37112,33.6017],[-87.4237,33.6021],[-87.42384,33.68911],[-87.52834,33.69205],[-87.5316,33.86762],[-87.63604,33.872],[-87.63612,34.0022],[-87.50002,33.99663],[-87.21673,33.99391],[-87.20003,33.98488],[-87.18981,34.003],[-87.17111,34.0053],[-87.15104,33.99323],[-87.11199,33.99238],[-87.11011,34.3138],[-86.47752,34.30276],[-86.47701,34.28936],[-86.45945,34.28915],[-86.45965,34.27456],[-86.45111,34.27454],[-86.45628,34.26337],[-86.45285,34.26326],[-86.45302,34.25932],[-86.44413,34.25912],[-86.44507,34.24954],[-86.40902,34.205],[-86.30368,34.09988],[-86.32266,34.07229],[-86.33239,34.04648],[-86.33272,33.98611],[-86.33569,33.98358],[-86.33366,33.9821],[-86.33706,33.97699],[-86.34165,33.97735],[-86.33934,33.97148],[-86.35142,33.96035],[-86.35,33.95638],[-86.35882,33.95278],[-86.36107,33.9469],[-86.37015,33.93977],[-86.32562,33.94015],[-86.31878,33.95574],[-86.31241,33.95761],[-86.29013,33.98372],[-86.28217,33.98373],[-86.27783,33.9893],[-86.27053,33.98461],[-86.26784,33.97531],[-86.25159,33.9656],[-86.23021,33.98279],[-86.19895,33.9889],[-86.1972,33.98542],[-86.18977,33.98345],[-86.19215,33.97308],[-86.16798,33.96511],[-86.16521,33.9474],[-86.16754,33.94008],[-86.16493,33.9382],[-86.16701,33.92851],[-86.15984,33.92251],[-86.14756,33.91908],[-86.14261,33.90756],[-86.14272,33.89939],[-86.13472,33.89654],[-86.12945,33.90267],[-86.12027,33.9],[-86.11033,33.90335],[-86.10814,33.89999],[-86.11177,33.8864],[-86.10036,33.87402],[-86.10035,33.86315],[-86.08121,33.86206],[-86.06987,33.8662],[-86.05698,33.85778],[-86.05469,33.84584],[-86.06697,33.8392],[-86.05602,33.83329],[-86.05144,33.82413],[-86.06479,33.80955],[-86.06436,33.79778],[-86.04867,33.7787],[-86.04407,33.7634],[-86.06037,33.761],[-86.07056,33.75525],[-86.0816,33.74297],[-86.09916,33.73644],[-86.11659,33.7238],[-86.1211,33.7112],[-86.1374,33.71535],[-86.14577,33.70426],[-86.14556,33.6791],[-86.05067,33.67459],[-86.0457,33.66295],[-86.0258,33.64628],[-86.02617,33.63105],[-86.02033,33.61232],[-86.02171,33.60117],[-85.99559,33.60088],[-85.99493,33.58648],[-85.79456,33.58557],[-85.79685,33.54185],[-85.85086,33.49872],[-85.90491,33.49865],[-85.90534,33.45471],[-85.92282,33.45458],[-85.92376,33.39621],[-85.94088,33.39605],[-85.94126,33.38175],[-85.97652,33.38187],[-85.98029,33.29419],[-86.1182,33.29632],[-86.12057,33.19451],[-86.17283,33.19568],[-86.17437,33.10439],[-86.00931,33.10464],[-86.00756,32.82777],[-86.0139,32.82641],[-86.00747,32.8251],[-86.01355,32.81979],[-86.00756,32.81292],[-86.00709,32.80224],[-85.99975,32.80153],[-86.00707,32.79643],[-86.00494,32.79557],[-86.00721,32.79154],[-86.00719,32.75498],[-86.31948,32.7537],[-86.31916,32.76784],[-86.33561,32.76814],[-86.33677,32.75378],[-86.37497,32.75358]]]}},{"type":"Feature","properties":{"std_name":"Bloomington-Bedford, IN CSA","std_geoid":"144","pen":"statisticians","std_note":null,"LSAD":"M0","NAME":"Bloomington-Bedford, IN"},"geometry":{"type":"Polygon","coordinates":[[[-86.93998,39.47335],[-86.63221,39.47021],[-86.63084,39.34076],[-86.38139,39.33975],[-86.37994,39.25108],[-86.37241,39.25091],[-86.37007,39.04838],[-86.31813,39.04881],[-86.31747,38.99087],[-86.28039,38.99103],[-86.27528,38.7638],[-86.2844,38.76557],[-86.28204,38.76112],[-86.29156,38.74254],[-86.29111,38.73529],[-86.29849,38.73491],[-86.30013,38.7296],[-86.30223,38.73582],[-86.31006,38.73313],[-86.3087,38.6881],[-86.6831,38.68656],[-86.683,39.16575],[-87.05458,39.16809],[-87.05365,39.34262],[-86.94247,39.34204],[-86.93998,39.47335]]]}},{"type":"Feature","properties":{"std_name":"Bloomsburg-Berwick-Sunbury, PA CSA","std_geoid":"146","pen":"statisticians","std_note":null,"LSAD":"M0","NAME":"Bloomsburg-Berwick-Sunbury, PA"},"geometry":{"type":"Polygon","coordinates":[[[-76.89611,41.13907],[-76.88416,41.15735],[-76.85692,41.16364],[-76.82817,41.16578],[-76.79081,41.17573],[-76.73,41.17188],[-76.67878,41.15417],[-76.59261,41.15776],[-76.40793,41.30842],[-76.31026,41.3102],[-76.31924,41.20809],[-76.27739,41.13179],[-76.22898,41.13847],[-76.22814,41.05195],[-76.23136,41.05072],[-76.20783,40.94974],[-76.28461,40.88359],[-76.30717,40.80181],[-76.5654,40.70785],[-76.69456,40.66289],[-76.70025,40.66334],[-76.70287,40.6555],[-76.71357,40.6596],[-76.72203,40.6534],[-76.74474,40.65471],[-76.75623,40.64809],[-76.77828,40.64599],[-76.79255,40.64059],[-76.80338,40.64722],[-76.80952,40.64272],[-76.81114,40.63382],[-76.8274,40.63395],[-76.83316,40.6276],[-76.8401,40.62544],[-76.86436,40.62756],[-76.87228,40.61639],[-76.88682,40.61771],[-76.8914,40.61496],[-76.89077,40.6101],[-76.92066,40.61001],[-76.91867,40.60347],[-76.93696,40.61284],[-76.94915,40.62817],[-76.93953,40.63908],[-76.94066,40.64617],[-76.94483,40.65021],[-76.96111,40.64575],[-76.96546,40.64721],[-76.96749,40.64126],[-76.9759,40.64224],[-76.97675,40.64543],[-76.98663,40.64402],[-76.99729,40.63571],[-77.00605,40.64261],[-77.00409,40.64594],[-77.01045,40.66161],[-77.02251,40.66089],[-77.02575,40.65606],[-77.03102,40.65633],[-77.03441,40.65993],[-77.0324,40.66488],[-77.03628,40.67097],[-77.03548,40.67682],[-77.03898,40.67995],[-77.04577,40.67564],[-77.05674,40.67596],[-77.06072,40.67993],[-77.09361,40.67612],[-77.09765,40.67872],[-77.10021,40.68795],[-77.1096,40.69158],[-77.14909,40.68054],[-77.15075,40.67708],[-77.3541,40.70167],[-77.35711,40.84448],[-77.36418,40.84694],[-77.27924,40.90971],[-77.20403,40.99271],[-77.1438,41.0428],[-77.14411,41.06884],[-77.11384,41.06903],[-77.06824,41.08523],[-76.97794,41.08788],[-76.96023,41.1488],[-76.89611,41.13907]]]}},{"type":"Feature","properties":{"std_name":"Boston-Worcester-Providence, MA-RI-NH CSA","std_geoid":"148","pen":"statisticians","std_note":null,"LSAD":"M0","NAME":"Boston-Worcester-Providence, MA-RI-NH"},"geometry":{"type":"MultiPolygon","coordinates":[[[[-71.67881,41.15891],[-71.67049,41.1945],[-71.64301,41.23132],[-71.64084,41.2501],[-71.63497,41.26368],[-71.6245,41.27413],[-71.59159,41.28932],[-71.55757,41.29402],[-71.53598,41.28618],[-71.51635,41.27155],[-71.48932,41.23517],[-71.48458,41.21749],[-71.48984,41.1947],[-71.4786,41.17579],[-71.47702,41.15566],[-71.49143,41.1251],[-71.51754,41.10708],[-71.5693,41.09718],[-71.59351,41.09583],[-71.61886,41.09909],[-71.64034,41.10843],[-71.66835,41.12825],[-71.67609,41.1415],[-71.67881,41.15891]]],[[[-71.72757,43.56341],[-71.72421,43.56637],[-71.72481,43.57059],[-71.71572,43.57823],[-71.73123,43.58814],[-71.72812,43.5949],[-71.71974,43.59528],[-71.70864,43.60117],[-71.70334,43.59461],[-71.68688,43.59526],[-71.67041,43.60457],[-71.66345,43.60496],[-71.66505,43.61357],[-71.65115,43.62112],[-71.65707,43.63084],[-71.65077,43.64399],[-71.65512,43.66126],[-71.64903,43.67072],[-71.65121,43.68055],[-71.64835,43.68451],[-71.52139,43.6978],[-71.53166,43.76098],[-71.33475,43.62078],[-71.25847,43.57144],[-71.22791,43.56471],[-71.20894,43.55052],[-71.19947,43.55913],[-71.16267,43.53896],[-71.12781,43.57279],[-71.1115,43.50671],[-71.10654,43.51225],[-71.10208,43.50688],[-71.09694,43.51168],[-71.09322,43.50724],[-71.08948,43.51269],[-71.08484,43.50669],[-71.06757,43.52724],[-71.06309,43.52418],[-71.05643,43.52811],[-71.05252,43.52469],[-71.04643,43.52969],[-71.04452,43.5248],[-71.03793,43.52983],[-71.02424,43.48291],[-70.98208,43.52361],[-70.96673,43.53771],[-70.96194,43.54093],[-70.96296,43.53527],[-70.9578,43.5316],[-70.95707,43.52459],[-70.95394,43.52227],[-70.9568,43.51278],[-70.95454,43.50971],[-70.95797,43.50804],[-70.95884,43.49937],[-70.96434,43.49714],[-70.96829,43.48945],[-70.96753,43.48094],[-70.97604,43.47843],[-70.96112,43.46919],[-70.96663,43.45127],[-70.96087,43.43889],[-70.96879,43.4346],[-70.96971,43.42691],[-70.98127,43.42087],[-70.98712,43.41268],[-70.98651,43.40398],[-70.9823,43.39828],[-70.98266,43.39457],[-70.98736,43.39326],[-70.98594,43.38005],[-70.97495,43.36449],[-70.97816,43.35866],[-70.97203,43.35463],[-70.97323,43.34907],[-70.96745,43.34924],[-70.96795,43.34458],[-70.9595,43.34098],[-70.95585,43.334],[-70.93118,43.33655],[-70.93395,43.33536],[-70.93165,43.33086],[-70.92292,43.32616],[-70.92439,43.32385],[-70.91915,43.32444],[-70.92036,43.32121],[-70.91142,43.31972],[-70.9118,43.31573],[-70.9154,43.31541],[-70.91129,43.31044],[-70.91261,43.30758],[-70.90704,43.30466],[-70.90373,43.30629],[-70.90205,43.30136],[-70.89634,43.29855],[-70.90394,43.29678],[-70.90656,43.29204],[-70.89732,43.29272],[-70.89932,43.28789],[-70.89674,43.28534],[-70.88362,43.28344],[-70.88584,43.28081],[-70.88265,43.27891],[-70.88334,43.27323],[-70.87429,43.27186],[-70.87006,43.26613],[-70.86289,43.2648],[-70.85746,43.25581],[-70.84283,43.25422],[-70.83793,43.24244],[-70.82743,43.24338],[-70.81783,43.23816],[-70.81548,43.23352],[-70.81721,43.22935],[-70.80952,43.22488],[-70.81692,43.21453],[-70.82067,43.19949],[-70.81928,43.19299],[-70.82825,43.18779],[-70.82357,43.17424],[-70.82778,43.17043],[-70.83361,43.14611],[-70.82708,43.12739],[-70.77969,43.09625],[-70.76589,43.09249],[-70.75641,43.08018],[-70.74303,43.07797],[-70.73797,43.07373],[-70.70631,43.07534],[-70.7012,43.04524],[-70.63071,42.98529],[-70.61115,42.97899],[-70.58759,42.94919],[-70.57509,42.91713],[-70.61066,42.91253],[-70.65511,42.9221],[-70.68093,42.93687],[-70.6944,42.95675],[-70.70899,42.93815],[-70.72602,42.92852],[-70.72797,42.89094],[-70.73501,42.87468],[-70.74883,42.85883],[-70.74552,42.84444],[-70.73487,42.82448],[-70.73365,42.80366],[-70.73722,42.78796],[-70.72585,42.75902],[-70.71927,42.7501],[-70.71432,42.73191],[-70.70258,42.72416],[-70.66131,42.73661],[-70.62594,42.73972],[-70.54931,42.72416],[-70.52966,42.70705],[-70.51393,42.68059],[-70.50214,42.63547],[-70.50214,42.62458],[-70.52179,42.59346],[-70.54537,42.57012],[-70.58271,42.553],[-70.60629,42.53122],[-70.69039,42.279],[-70.6887,42.26347],[-70.68406,42.25384],[-70.64862,42.23736],[-70.64011,42.22837],[-70.63633,42.2029],[-70.64295,42.17818],[-70.60838,42.13848],[-70.27743,42.11435],[-70.24947,42.12693],[-70.22917,42.13119],[-70.17254,42.13452],[-70.12069,42.1251],[-70.0671,42.10533],[-70.01159,42.07338],[-69.99628,42.05969],[-69.92911,41.97848],[-69.90918,41.94206],[-69.86652,41.81701],[-69.86006,41.7585],[-69.85895,41.70692],[-69.86288,41.67315],[-69.86813,41.65679],[-69.89856,41.6061],[-69.9154,41.58924],[-69.92899,41.53215],[-69.94661,41.51215],[-69.96743,41.50012],[-69.99817,41.4934],[-70.01386,41.47744],[-70.04031,41.46596],[-70.05544,41.46411],[-70.0849,41.46749],[-70.10151,41.47444],[-70.11439,41.48408],[-70.12668,41.5037],[-70.12855,41.52473],[-70.12256,41.53783],[-70.10952,41.55148],[-70.08032,41.56445],[-70.06335,41.59017],[-70.06857,41.6107],[-70.07793,41.61253],[-70.12695,41.6002],[-70.16036,41.59937],[-70.1815,41.59355],[-70.20804,41.58415],[-70.22556,41.56856],[-70.24946,41.56015],[-70.2789,41.55932],[-70.31125,41.57106],[-70.34634,41.56845],[-70.39516,41.55672],[-70.4329,41.52206],[-70.47247,41.50476],[-70.50283,41.50064],[-70.53928,41.50813],[-70.60298,41.5118],[-70.65001,41.48801],[-70.67465,41.51938],[-70.69136,41.51784],[-70.69466,41.52556],[-70.75846,41.56093],[-71.05185,41.41673],[-71.08504,41.43347],[-71.12459,41.41147],[-71.24996,41.37771],[-71.37449,41.33901],[-71.4948,41.30736],[-71.52659,41.3088],[-71.57525,41.32095],[-71.65957,41.29665],[-71.6726,41.28908],[-71.69504,41.28265],[-71.71999,41.28115],[-71.73956,41.27545],[-71.77843,41.27511],[-71.79148,41.27217],[-71.79097,41.1841],[-71.90726,41.30448],[-71.89207,41.33008],[-71.86654,41.31918],[-71.85746,41.32079],[-71.82936,41.34243],[-71.8313,41.3513],[-71.83604,41.35399],[-71.83787,41.36015],[-71.83064,41.37877],[-71.83313,41.38784],[-71.84221,41.39538],[-71.84243,41.41026],[-71.82538,41.41469],[-71.81809,41.41985],[-71.79775,41.41673],[-71.78724,41.65611],[-71.80067,42.02351],[-72.13572,42.03022],[-72.13501,42.16178],[-72.19935,42.15371],[-72.20063,42.16129],[-72.26392,42.18383],[-72.26469,42.19673],[-72.26102,42.205],[-72.21807,42.2486],[-72.21046,42.24721],[-72.2111,42.25568],[-72.21609,42.2562],[-72.21782,42.27018],[-72.21278,42.2698],[-72.21204,42.28265],[-72.20328,42.29118],[-72.21675,42.29406],[-72.2108,42.31138],[-72.27464,42.30196],[-72.28,42.32909],[-72.27708,42.32941],[-72.27849,42.33646],[-72.28138,42.33613],[-72.28423,42.35201],[-72.31425,42.34369],[-72.3138,42.35779],[-72.3105,42.36451],[-72.31588,42.36975],[-72.31107,42.37223],[-72.31445,42.38191],[-72.31004,42.38739],[-72.31583,42.39485],[-72.31372,42.40645],[-72.31015,42.4081],[-72.30664,42.4196],[-72.30204,42.42048],[-72.3024,42.42444],[-72.29194,42.43014],[-72.28867,42.43558],[-72.29059,42.43752],[-72.28326,42.44119],[-72.29129,42.47953],[-72.24487,42.51344],[-72.26911,42.53343],[-72.27643,42.57737],[-72.27323,42.57934],[-72.27111,42.57616],[-72.26133,42.57592],[-72.26706,42.60081],[-72.26216,42.60025],[-72.25331,42.60534],[-72.25474,42.61161],[-72.2292,42.6146],[-72.22734,42.62191],[-72.23168,42.62519],[-72.22531,42.63043],[-72.22908,42.63835],[-72.22493,42.63894],[-72.22948,42.66267],[-72.24211,42.66164],[-72.24349,42.66925],[-72.25732,42.66794],[-72.25854,42.67542],[-72.27188,42.67442],[-72.28305,42.72161],[-71.92899,42.7121],[-71.94428,42.78841],[-71.97471,42.7894],[-72.00619,42.94379],[-72.06222,42.9448],[-72.05795,43.01892],[-72.04197,43.08224],[-72.03408,43.12875],[-72.03815,43.12881],[-72.02348,43.16013],[-72.03684,43.18247],[-72.00907,43.18788],[-72.04154,43.22272],[-72.04528,43.25477],[-72.06544,43.25508],[-72.09015,43.32255],[-72.0503,43.37828],[-72.04681,43.41086],[-72.058,43.42292],[-72.05375,43.4411],[-72.01136,43.43687],[-71.92837,43.53678],[-71.89211,43.57462],[-71.8492,43.6112],[-71.81792,43.54421],[-71.81514,43.55092],[-71.80387,43.55285],[-71.79786,43.55938],[-71.78255,43.56058],[-71.7775,43.5525],[-71.76102,43.56773],[-71.74472,43.56516],[-71.73583,43.56932],[-71.72757,43.56341]]]]}},{"type":"Feature","properties":{"std_name":"Bowling Green-Glasgow-Franklin, KY CSA","std_geoid":"150","pen":"statisticians","std_note":null,"LSAD":"M0","NAME":"Bowling Green-Glasgow-Franklin, KY"},"geometry":{"type":"Polygon","coordinates":[[[-85.59965,36.87299],[-85.60003,36.86887],[-85.59269,36.8611],[-85.59412,36.85733],[-85.57469,36.83824],[-85.58122,36.82289],[-85.59621,36.81804],[-85.60242,36.82957],[-85.61323,36.83273],[-85.74883,36.8421],[-85.77229,36.83634],[-85.80701,36.82164],[-85.97691,36.72272],[-85.97744,36.71588],[-85.94909,36.66105],[-85.95066,36.65102],[-85.96112,36.6452],[-85.97326,36.62904],[-86.35866,36.64973],[-86.50778,36.65238],[-86.54382,36.64043],[-86.54335,36.64386],[-86.54994,36.64476],[-86.55122,36.638],[-86.56391,36.63356],[-86.58991,36.65244],[-86.7633,36.64895],[-86.75134,36.72712],[-86.7403,36.75574],[-86.71642,36.79534],[-86.70427,36.80973],[-86.69072,36.8443],[-86.67537,36.85519],[-86.65589,36.87626],[-86.63241,36.88293],[-86.61159,36.88306],[-86.67446,36.99977],[-86.84535,37.05651],[-86.94139,37.06898],[-86.93982,37.07039],[-86.94494,37.07296],[-86.94077,37.07851],[-86.92136,37.07809],[-86.90837,37.08577],[-86.90547,37.08396],[-86.90436,37.08779],[-86.89391,37.08848],[-86.89755,37.09556],[-86.90015,37.0954],[-86.89584,37.09891],[-86.90189,37.09896],[-86.89878,37.10417],[-86.90398,37.10154],[-86.89935,37.10617],[-86.90572,37.10685],[-86.90067,37.10925],[-86.90229,37.11232],[-86.88436,37.10966],[-86.88125,37.1123],[-86.89731,37.11718],[-86.90085,37.12393],[-86.89705,37.12513],[-86.90246,37.12967],[-86.89713,37.13166],[-86.90237,37.1321],[-86.90092,37.13479],[-86.90499,37.13396],[-86.90321,37.13137],[-86.90722,37.12664],[-86.91598,37.12583],[-86.91144,37.13182],[-86.91278,37.1359],[-86.92364,37.14286],[-86.93275,37.13569],[-86.93859,37.13708],[-86.92388,37.14531],[-86.92688,37.16027],[-86.92018,37.17057],[-86.92217,37.18015],[-86.91396,37.1776],[-86.90701,37.18013],[-86.89825,37.17639],[-86.89065,37.18515],[-86.89297,37.18766],[-86.90145,37.18461],[-86.9082,37.18949],[-86.90907,37.19487],[-86.90156,37.19196],[-86.90548,37.2024],[-86.90421,37.21167],[-86.90042,37.21037],[-86.88921,37.2179],[-86.88546,37.22259],[-86.88508,37.23291],[-86.87072,37.24756],[-86.8611,37.25211],[-86.85235,37.25143],[-86.85436,37.25474],[-86.85008,37.25619],[-86.85001,37.26229],[-86.84272,37.26512],[-86.84444,37.26845],[-86.8384,37.26905],[-86.83563,37.2769],[-86.82818,37.28184],[-86.83055,37.28587],[-86.82635,37.28814],[-86.82563,37.29457],[-86.80825,37.29139],[-86.81884,37.30528],[-86.82142,37.3207],[-86.81585,37.32886],[-86.7983,37.33469],[-86.77581,37.32628],[-86.7706,37.30992],[-86.75953,37.3041],[-86.61209,37.39512],[-86.48715,37.3625],[-86.46913,37.3211],[-86.20919,37.33293],[-86.19549,37.32769],[-86.19138,37.32928],[-86.19306,37.33583],[-86.18836,37.34079],[-86.18639,37.33707],[-86.18022,37.33732],[-86.17486,37.33201],[-86.15759,37.33565],[-86.04913,37.21529],[-86.05644,37.16721],[-85.9395,37.15147],[-85.87952,37.14939],[-85.85706,37.15114],[-85.77492,37.16753],[-85.74392,37.16986],[-85.68648,37.18243],[-85.6609,37.14304],[-85.63231,37.12506],[-85.5909,37.11628],[-85.52688,37.10945],[-85.52274,37.06734],[-85.50363,37.00768],[-85.44176,36.95408],[-85.47422,36.89382],[-85.50738,36.86751],[-85.53698,36.86219],[-85.56072,36.85086],[-85.5793,36.8683],[-85.58945,36.87339],[-85.59965,36.87299]]]}},{"type":"Feature","properties":{"std_name":"Cape Coral-Fort Myers-Naples, FL CSA","std_geoid":"163","pen":"statisticians","std_note":null,"LSAD":"M0","NAME":"Cape Coral-Fort Myers-Naples, FL"},"geometry":{"type":"Polygon","coordinates":[[[-82.20556,26.77053],[-81.56575,26.7696],[-81.56253,27.03369],[-81.34266,27.03232],[-81.3418,27.03973],[-81.33301,27.03962],[-81.33301,27.03237],[-81.26722,27.03247],[-81.26768,27.1211],[-81.16828,27.12173],[-81.16914,27.20959],[-80.96182,27.21077],[-80.93792,27.20473],[-80.93476,27.19625],[-80.93079,27.20023],[-80.92651,27.19851],[-80.92934,27.19633],[-80.92515,27.19742],[-80.91795,27.19011],[-80.9064,27.18905],[-80.90885,27.18462],[-80.90628,27.17929],[-80.91013,27.17477],[-80.90166,27.17059],[-80.90333,27.16901],[-80.89706,27.17032],[-80.89785,27.16596],[-80.89052,27.16423],[-80.87867,27.16922],[-80.88104,27.16578],[-80.87024,27.15227],[-80.87331,27.15005],[-80.87116,27.14706],[-80.88605,26.94924],[-80.88603,26.65463],[-80.87936,26.18005],[-80.87256,26.00147],[-80.8731,25.80538],[-81.84821,25.80079],[-81.87372,25.83412],[-81.89038,25.87148],[-81.90498,25.89415],[-81.91469,25.92202],[-81.91843,25.95273],[-81.96328,26.04973],[-81.9686,26.07354],[-81.97343,26.12675],[-81.9806,26.15555],[-81.98529,26.21318],[-81.99726,26.26434],[-82.00546,26.28443],[-82.03787,26.27533],[-82.06955,26.27192],[-82.11233,26.27388],[-82.14532,26.28068],[-82.18184,26.2934],[-82.22168,26.31274],[-82.28055,26.35413],[-82.30375,26.37524],[-82.32211,26.3989],[-82.33691,26.42465],[-82.34844,26.45407],[-82.35964,26.50273],[-82.37959,26.53686],[-82.3903,26.57525],[-82.40669,26.59764],[-82.4244,26.63428],[-82.43283,26.67193],[-82.43157,26.73615],[-82.44505,26.76463],[-82.46201,26.78743],[-82.26468,26.78943],[-82.22149,26.78175],[-82.20556,26.77053]]]}},{"type":"Feature","properties":{"std_name":"Cape Girardeau-Sikeston, MO-IL CSA","std_geoid":"164","pen":"statisticians","std_note":null,"LSAD":"M0","NAME":"Cape Girardeau-Sikeston, MO-IL"},"geometry":{"type":"Polygon","coordinates":[[[-89.13291,36.98206],[-89.11661,36.9811],[-89.10254,36.9691],[-89.09898,36.95822],[-89.10164,36.94073],[-89.11779,36.88687],[-89.13811,36.84732],[-89.15268,36.8471],[-89.159,36.84273],[-89.17299,36.8403],[-89.17885,36.83334],[-89.17956,36.81302],[-89.17056,36.79754],[-89.16249,36.79168],[-89.12353,36.78522],[-89.11657,36.77451],[-89.11708,36.76577],[-89.12597,36.75181],[-89.16979,36.75964],[-89.18532,36.75335],[-89.19786,36.73977],[-89.2014,36.72588],[-89.19931,36.71562],[-89.17046,36.69005],[-89.16797,36.67909],[-89.17188,36.6726],[-89.15912,36.66635],[-89.19775,36.62897],[-89.20277,36.60166],[-89.21387,36.57991],[-89.22976,36.56862],[-89.25838,36.56495],[-89.27333,36.57267],[-89.29467,36.59378],[-89.31645,36.62404],[-89.32759,36.63228],[-89.32748,36.64497],[-89.33697,36.64486],[-89.33697,36.65207],[-89.34597,36.65182],[-89.34619,36.66678],[-89.35507,36.6667],[-89.35487,36.67371],[-89.36433,36.67401],[-89.36412,36.68818],[-89.37317,36.68825],[-89.37374,36.70295],[-89.39146,36.70291],[-89.39164,36.71736],[-89.40061,36.71745],[-89.40108,36.7306],[-89.41883,36.7394],[-89.41877,36.74673],[-89.42795,36.74652],[-89.42807,36.76072],[-89.43687,36.76052],[-89.43689,36.76794],[-89.44589,36.76765],[-89.44561,36.78931],[-89.46323,36.78892],[-89.46359,36.8033],[-89.47256,36.80324],[-89.47211,36.81777],[-89.48323,36.81782],[-89.4832,36.83276],[-89.50204,36.8328],[-89.50209,36.8479],[-89.5197,36.8479],[-89.51981,36.86962],[-89.56757,36.87091],[-89.6046,36.86622],[-89.60589,36.86166],[-89.6916,36.85952],[-89.68942,36.86336],[-89.69259,36.86673],[-89.68972,36.86792],[-89.69739,36.87438],[-89.69208,36.8788],[-89.68982,36.88591],[-89.68664,36.88467],[-89.69377,36.89964],[-89.6908,36.91326],[-89.68711,36.91383],[-89.68969,36.91613],[-89.68649,36.91903],[-89.68852,36.92104],[-89.68469,36.9228],[-89.69005,36.92439],[-89.68669,36.92836],[-89.69242,36.93473],[-89.69225,36.94065],[-89.69558,36.93866],[-89.70277,36.94735],[-89.70947,36.94639],[-89.71219,36.95291],[-89.71524,36.95248],[-89.71557,36.96062],[-89.72057,36.96888],[-89.71802,36.97466],[-89.72248,36.97577],[-89.71885,36.98243],[-89.72118,36.99051],[-89.73703,37.00706],[-89.73564,37.01063],[-89.74652,37.02288],[-89.74614,37.0277],[-89.75386,37.0299],[-89.75257,37.03663],[-89.75724,37.03609],[-89.75859,37.03896],[-89.75803,37.05155],[-89.76318,37.04887],[-89.76776,37.05202],[-89.76938,37.0592],[-89.77895,37.07211],[-89.77808,37.07595],[-89.78606,37.08377],[-89.78526,37.09026],[-89.77411,37.09759],[-89.77289,37.11242],[-89.76557,37.1186],[-89.76521,37.12607],[-89.95958,37.12735],[-89.9592,37.05438],[-89.99585,37.05473],[-89.99572,37.04011],[-90.11125,37.0412],[-90.11035,37.08587],[-90.22323,37.08652],[-90.21766,37.31497],[-90.1457,37.31209],[-90.14417,37.4908],[-90.13854,37.54122],[-90.14676,37.59743],[-89.81632,37.59988],[-89.8038,37.60195],[-89.79998,37.60646],[-89.79705,37.60216],[-89.801,37.59249],[-89.79191,37.59239],[-89.78653,37.59875],[-89.7821,37.59184],[-89.76549,37.59157],[-89.76067,37.58779],[-89.75711,37.59223],[-89.73714,37.59062],[-89.73589,37.59287],[-89.74066,37.59919],[-89.73495,37.60156],[-89.72214,37.5954],[-89.71931,37.58786],[-89.71497,37.58899],[-89.71621,37.59496],[-89.71015,37.59945],[-89.6967,37.59401],[-89.68703,37.59558],[-89.68397,37.59276],[-89.68635,37.58835],[-89.68106,37.58461],[-89.67739,37.58487],[-89.67573,37.59156],[-89.67218,37.58338],[-89.6645,37.5904],[-89.665,37.59839],[-89.64714,37.59772],[-89.63893,37.60359],[-89.63773,37.59767],[-89.64158,37.59218],[-89.63984,37.58702],[-89.63618,37.58687],[-89.63414,37.59076],[-89.62624,37.5881],[-89.62432,37.59368],[-89.61666,37.59254],[-89.60386,37.60338],[-89.60357,37.59206],[-89.59338,37.5839],[-89.59675,37.57935],[-89.5923,37.57476],[-89.58346,37.58188],[-89.58223,37.57601],[-89.58526,37.57444],[-89.58147,37.57101],[-89.55458,37.57682],[-89.54339,37.56701],[-89.53832,37.56862],[-89.54145,37.57217],[-89.5389,37.57439],[-89.52929,37.56419],[-89.52186,37.56621],[-89.51645,37.53556],[-89.50292,37.51787],[-89.49356,37.49648],[-89.47277,37.46807],[-89.43977,37.4372],[-89.42094,37.39395],[-89.42818,37.35616],[-89.43432,37.34562],[-89.4513,37.3396],[-89.48669,37.33455],[-89.24857,37.3353],[-89.2438,37.33167],[-89.22287,37.33218],[-89.21562,37.32446],[-89.20664,37.32151],[-89.20887,37.31891],[-89.20588,37.31724],[-89.20336,37.30676],[-89.20272,37.28938],[-89.2106,37.28027],[-89.2207,37.27933],[-89.24588,37.264],[-89.25068,37.25655],[-89.24828,37.25449],[-89.25171,37.25232],[-89.24836,37.25116],[-89.25154,37.24966],[-89.25037,37.24332],[-89.25639,37.2277],[-89.2615,37.22717],[-89.26132,37.23115],[-89.26378,37.22658],[-89.26781,37.226],[-89.26128,37.22005],[-89.26457,37.21236],[-89.25909,37.21031],[-89.2639,37.20395],[-89.25927,37.20233],[-89.26277,37.20154],[-89.25813,37.19573],[-89.25772,37.19892],[-89.25233,37.19613],[-89.2559,37.19304],[-89.25192,37.19089],[-89.25791,37.1842],[-89.26529,37.18429],[-89.26731,37.18053],[-89.26345,37.17521],[-89.26675,37.17107],[-89.26248,37.17075],[-89.26121,37.1673],[-89.26945,37.16089],[-89.26152,37.15894],[-89.25679,37.16114],[-89.26003,37.15201],[-89.25788,37.14527],[-89.26723,37.13933],[-89.27345,37.12578],[-89.26879,37.12201],[-89.26928,37.11842],[-89.26532,37.11737],[-89.26699,37.11572],[-89.26261,37.11456],[-89.26514,37.11002],[-89.25848,37.1027],[-89.25408,37.10346],[-89.25397,37.09939],[-89.24414,37.10074],[-89.24216,37.09492],[-89.24067,37.09698],[-89.23771,37.09477],[-89.23969,37.09248],[-89.23208,37.0899],[-89.22533,37.09182],[-89.2028,37.08572],[-89.19669,37.0891],[-89.19721,37.08581],[-89.18464,37.07906],[-89.17964,37.06909],[-89.17322,37.06992],[-89.18247,37.03916],[-89.17935,37.02181],[-89.17017,37.00707],[-89.13291,36.98206]]]}},{"type":"Feature","properties":{"std_name":"Charleston-Huntington-Ashland, WV-OH-KY CSA","std_geoid":"170","pen":"statisticians","std_note":null,"LSAD":"M0","NAME":"Charleston-Huntington-Ashland, WV-OH-KY"},"geometry":{"type":"Polygon","coordinates":[[[-82.76069,38.85487],[-82.57558,38.84448],[-82.58268,38.77908],[-82.48358,38.77228],[-82.48658,38.74298],[-82.46688,38.74148],[-82.47248,38.68228],[-82.35447,38.67607],[-82.36167,38.58518],[-82.28727,38.58278],[-82.27147,38.59538],[-82.25637,38.59868],[-82.21897,38.59168],[-82.05513,38.47455],[-82.06456,38.60798],[-81.95579,38.65736],[-81.74768,38.68413],[-81.64366,38.56699],[-81.63517,38.56383],[-81.63284,38.55437],[-81.5782,38.57707],[-81.52217,38.61275],[-81.50755,38.58271],[-81.47165,38.54634],[-81.46537,38.5499],[-81.34933,38.5413],[-81.30349,38.5348],[-81.27425,38.52183],[-81.22056,38.53184],[-81.19411,38.52763],[-81.12975,38.56679],[-81.03168,38.66784],[-80.97596,38.6251],[-80.97895,38.61445],[-80.97733,38.61071],[-80.97108,38.61073],[-80.97268,38.60094],[-80.97004,38.5932],[-80.9577,38.59729],[-80.95515,38.59221],[-80.94783,38.59216],[-80.9463,38.58816],[-80.92634,38.57934],[-80.92497,38.57175],[-80.91302,38.56321],[-80.91503,38.55591],[-80.91284,38.54772],[-80.91774,38.54482],[-80.8915,38.53691],[-80.88826,38.53029],[-80.8891,38.52346],[-80.87872,38.50403],[-80.86862,38.50427],[-80.86461,38.5001],[-80.82528,38.49436],[-80.81742,38.47855],[-80.91136,38.41479],[-81.23143,38.26372],[-81.31496,38.18053],[-81.32153,38.18353],[-81.32926,38.18237],[-81.32675,38.17445],[-81.33316,38.16131],[-81.38083,37.96911],[-81.39763,37.96731],[-81.41263,37.97431],[-81.41813,37.96761],[-81.43093,37.97191],[-81.43793,37.96791],[-81.44313,37.97421],[-81.45963,37.97961],[-81.45583,37.98581],[-81.45963,37.98971],[-81.48283,37.98671],[-81.48873,37.98101],[-81.50723,37.98841],[-81.52623,37.97131],[-81.54143,37.96951],[-81.54563,37.96491],[-81.54443,37.96111],[-81.55583,37.95431],[-81.55493,37.94611],[-81.56163,37.94431],[-81.56303,37.93961],[-81.55883,37.93621],[-81.56593,37.93491],[-81.56603,37.93101],[-81.57133,37.92811],[-81.56733,37.92081],[-81.56193,37.91941],[-81.56423,37.90271],[-81.55383,37.89431],[-81.56343,37.88634],[-81.55813,37.87721],[-81.56413,37.87431],[-81.56763,37.86751],[-81.56273,37.86531],[-81.56143,37.84171],[-81.55233,37.82471],[-81.54203,37.82891],[-81.53943,37.82471],[-81.53233,37.82581],[-81.52763,37.82091],[-81.51683,37.81861],[-81.51993,37.81561],[-81.52113,37.80011],[-81.51423,37.79121],[-81.52003,37.78611],[-81.53043,37.78971],[-81.53523,37.78321],[-81.54043,37.78371],[-81.54873,37.77651],[-81.55893,37.77401],[-81.56283,37.76771],[-81.56993,37.76431],[-81.57723,37.76371],[-81.58273,37.76881],[-81.58413,37.77731],[-81.59653,37.78381],[-81.59693,37.78671],[-81.60783,37.78891],[-81.61793,37.79991],[-81.63233,37.80341],[-81.63543,37.81111],[-81.64643,37.81781],[-81.64403,37.82321],[-81.65013,37.82581],[-81.64803,37.83031],[-81.65473,37.82861],[-81.65873,37.83441],[-81.66554,37.83291],[-81.66754,37.82921],[-81.67994,37.83061],[-81.68203,37.82571],[-81.69094,37.82171],[-81.69954,37.82371],[-81.70274,37.81691],[-81.71334,37.81001],[-81.72314,37.80961],[-81.72464,37.81411],[-81.73194,37.81611],[-81.73064,37.82471],[-81.74224,37.82701],[-81.74694,37.83691],[-81.7504,37.83819],[-81.74594,37.84411],[-81.75874,37.85011],[-81.76234,37.84901],[-81.76724,37.85591],[-81.77444,37.85381],[-81.77164,37.86191],[-81.78224,37.8672],[-81.75914,37.88511],[-81.75994,37.8899],[-81.75704,37.8925],[-81.75954,37.8927],[-81.75964,37.9034],[-81.76444,37.9053],[-81.76064,37.9113],[-81.77254,37.9129],[-81.77224,37.9195],[-81.78204,37.9288],[-81.78174,37.9347],[-81.78984,37.9376],[-81.80114,37.9363],[-81.80204,37.94],[-81.80634,37.9399],[-81.81457,37.94724],[-81.86114,37.9483],[-81.87358,37.95225],[-81.88994,37.9485],[-81.90321,37.9498],[-81.90261,37.95312],[-81.91094,37.95558],[-81.90218,37.96007],[-81.90224,37.9687],[-81.91095,37.9713],[-81.91235,37.9755],[-81.93685,37.9774],[-81.94995,37.9718],[-81.97755,37.9823],[-81.97993,37.99103],[-81.96069,38.00754],[-81.92836,38.02817],[-81.90516,38.02976],[-81.9162,38.03202],[-81.91769,38.03544],[-81.93298,38.03393],[-81.95095,38.03791],[-81.9721,38.05028],[-81.9698,38.06248],[-81.97319,38.06453],[-81.9663,38.06894],[-81.96894,38.07773],[-81.9621,38.08573],[-81.96408,38.08965],[-81.95071,38.09905],[-81.94611,38.10685],[-81.95358,38.11866],[-81.94581,38.12578],[-81.94557,38.13566],[-81.93401,38.13898],[-81.93443,38.14619],[-81.92757,38.15249],[-81.92037,38.14834],[-81.91182,38.14816],[-81.9038,38.14164],[-81.88852,38.14211],[-81.88469,38.13745],[-81.87878,38.1372],[-81.87705,38.14137],[-81.8807,38.14725],[-81.87819,38.14954],[-81.88835,38.1521],[-81.88608,38.15694],[-81.88939,38.16364],[-81.88856,38.16584],[-81.88831,38.16274],[-81.88603,38.16329],[-81.88687,38.16774],[-81.87212,38.1637],[-81.87197,38.17685],[-81.85118,38.17307],[-81.84915,38.1814],[-81.83876,38.18062],[-81.8425,38.18554],[-81.8497,38.18229],[-81.85177,38.18481],[-81.84492,38.19893],[-81.83883,38.20182],[-81.84072,38.2089],[-81.83077,38.21103],[-81.83643,38.21861],[-81.8344,38.22258],[-81.81863,38.21728],[-81.82248,38.22645],[-81.82008,38.22908],[-81.80917,38.22009],[-81.802,38.22113],[-81.81009,38.22791],[-81.80775,38.23379],[-81.81285,38.24113],[-81.82084,38.2427],[-81.80925,38.24417],[-81.80288,38.24941],[-81.81054,38.25701],[-81.80182,38.26223],[-81.80819,38.2694],[-81.80651,38.29371],[-81.81225,38.30154],[-81.81283,38.31141],[-81.83063,38.32253],[-81.84571,38.31325],[-81.88577,38.31475],[-81.9152,38.3256],[-81.98209,38.2767],[-81.99115,38.27577],[-81.99358,38.26787],[-81.99741,38.2666],[-82.00179,38.2716],[-82.01617,38.27179],[-82.0154,38.27927],[-82.01892,38.28176],[-82.02829,38.27936],[-82.03652,38.28661],[-82.04074,38.28555],[-82.04908,38.29091],[-82.04309,38.33728],[-82.04713,38.37443],[-82.05002,38.37593],[-82.0522,38.37277],[-82.06473,38.37676],[-82.07907,38.36879],[-82.0974,38.36741],[-82.10359,38.36177],[-82.10261,38.35712],[-82.11028,38.35854],[-82.11699,38.34421],[-82.12551,38.3468],[-82.12887,38.34323],[-82.14506,38.34298],[-82.1685,38.33532],[-82.17834,38.33952],[-82.18311,38.32968],[-82.19679,38.32278],[-82.19751,38.31069],[-82.20338,38.30837],[-82.22083,38.31064],[-82.21164,38.30766],[-82.20998,38.30266],[-82.20652,38.30178],[-82.21199,38.29116],[-82.20758,38.2887],[-82.21598,38.28065],[-82.24264,38.27033],[-82.24778,38.26191],[-82.24518,38.25409],[-82.24886,38.24943],[-82.25228,38.2521],[-82.25998,38.24624],[-82.26057,38.23957],[-82.25742,38.23499],[-82.2615,38.2342],[-82.27002,38.21799],[-82.26641,38.21062],[-82.27782,38.20567],[-82.27515,38.19975],[-82.27725,38.19698],[-82.27184,38.18633],[-82.27507,38.18271],[-82.27131,38.17847],[-82.27749,38.17392],[-82.27167,38.16942],[-82.2789,38.16037],[-82.27998,38.15252],[-82.28396,38.15277],[-82.28627,38.14897],[-82.2825,38.14141],[-82.27499,38.14099],[-82.26437,38.13715],[-82.26464,38.13346],[-82.25691,38.13265],[-82.26859,38.1151],[-82.25297,38.10088],[-82.24628,38.10215],[-82.24087,38.09721],[-82.23776,38.08646],[-82.23954,38.0821],[-82.23551,38.08029],[-82.23535,38.07617],[-82.2279,38.07624],[-82.22783,38.06889],[-82.22328,38.07068],[-82.20579,38.06677],[-82.20689,38.0582],[-82.21181,38.0572],[-82.20937,38.05203],[-82.19764,38.04871],[-82.1926,38.05113],[-82.19231,38.04631],[-82.19832,38.04225],[-82.2023,38.03121],[-82.20642,38.02905],[-82.20386,38.02361],[-82.21752,38.02005],[-82.23493,38.0038],[-82.24354,38.00083],[-82.29091,37.95519],[-82.40374,37.86289],[-82.40059,37.86269],[-82.39999,37.85138],[-82.39114,37.84709],[-82.39399,37.84261],[-82.40058,37.84268],[-82.40482,37.84891],[-82.41005,37.84864],[-82.41491,37.85631],[-82.42421,37.86053],[-82.42268,37.86386],[-82.40751,37.8673],[-82.41756,37.87028],[-82.42048,37.88545],[-82.43203,37.88988],[-82.43757,37.89979],[-82.4519,37.90855],[-82.45999,37.90954],[-82.46299,37.91482],[-82.46797,37.91393],[-82.46838,37.90321],[-82.47139,37.89909],[-82.47441,37.89995],[-82.47557,37.91184],[-82.48835,37.91772],[-82.48066,37.92617],[-82.49594,37.92695],[-82.50243,37.93345],[-82.49932,37.93703],[-82.49067,37.93595],[-82.48936,37.93885],[-82.53487,37.96279],[-82.54227,37.9568],[-82.55485,37.95958],[-82.56592,37.95222],[-82.56677,37.95609],[-82.57358,37.95289],[-82.5812,37.9538],[-82.57805,37.94514],[-82.58272,37.9428],[-82.58104,37.93069],[-82.59052,37.93144],[-82.59372,37.92207],[-82.60251,37.91942],[-82.59869,37.91599],[-82.60126,37.91231],[-82.59417,37.90857],[-82.59895,37.90378],[-82.59561,37.89068],[-82.60919,37.88764],[-82.61239,37.87927],[-82.67693,37.89233],[-82.73658,37.91633],[-82.83161,37.96788],[-82.87522,37.97762],[-82.93912,37.99899],[-82.95204,38.00032],[-82.95372,37.99643],[-82.97072,37.99098],[-82.97025,37.98813],[-82.97667,37.9847],[-82.98144,37.96979],[-82.99212,37.96147],[-82.99633,37.96258],[-82.99889,37.9678],[-83.00923,37.96821],[-83.00972,37.97415],[-83.01604,37.97379],[-83.01401,37.97959],[-83.02207,37.982],[-83.02522,37.99141],[-83.01924,37.99907],[-83.0239,38.00133],[-83.02211,38.00705],[-83.00978,38.01169],[-83.01437,38.01296],[-83.01483,38.016],[-83.00877,38.01724],[-83.00796,38.02248],[-83.00276,38.02351],[-83.00033,38.02887],[-83.00259,38.0341],[-82.99764,38.03836],[-82.98365,38.04305],[-82.98123,38.05],[-82.97551,38.04831],[-82.96592,38.05202],[-82.95601,38.0496],[-82.94931,38.05558],[-82.95131,38.05968],[-82.94199,38.06416],[-82.942,38.07758],[-82.93113,38.08298],[-82.92777,38.08655],[-82.92918,38.08969],[-82.92114,38.09254],[-82.91706,38.09909],[-82.90753,38.09573],[-82.90657,38.10311],[-82.89837,38.10326],[-82.88892,38.11185],[-82.89185,38.12046],[-82.89613,38.12017],[-82.89915,38.12447],[-82.89881,38.13013],[-82.90675,38.13303],[-82.90783,38.15672],[-82.91778,38.16633],[-82.91519,38.17288],[-82.92481,38.17511],[-82.94484,38.16831],[-82.95698,38.17456],[-82.97573,38.172],[-82.98943,38.17935],[-82.98997,38.19037],[-83.00923,38.19356],[-83.01147,38.20575],[-83.02706,38.1955],[-83.04027,38.19944],[-83.04793,38.19302],[-83.04638,38.18738],[-83.05107,38.17907],[-83.05579,38.18451],[-83.05399,38.191],[-83.05991,38.19144],[-83.06226,38.19745],[-83.07578,38.20644],[-83.08393,38.22293],[-83.09208,38.22798],[-83.10169,38.22609],[-83.10797,38.23489],[-83.11605,38.2362],[-83.11938,38.23324],[-83.13501,38.24204],[-83.15896,38.26446],[-83.17216,38.26675],[-83.17778,38.26696],[-83.17766,38.26096],[-83.18512,38.25941],[-83.18585,38.25256],[-83.19695,38.24883],[-83.20255,38.25044],[-83.20269,38.24562],[-83.21815,38.23705],[-83.2168,38.22978],[-83.22321,38.22151],[-83.2209,38.20968],[-83.23257,38.19876],[-83.23287,38.19341],[-83.24588,38.1914],[-83.25455,38.19427],[-83.26634,38.1915],[-83.2742,38.19548],[-83.27589,38.20421],[-83.27968,38.20283],[-83.28649,38.20605],[-83.28538,38.21312],[-83.28774,38.21552],[-83.2926,38.21059],[-83.30114,38.2097],[-83.29724,38.21788],[-83.30701,38.22558],[-83.30641,38.23453],[-83.31272,38.24383],[-83.3085,38.24608],[-83.3105,38.24703],[-83.30789,38.25243],[-83.31239,38.25285],[-83.31523,38.26021],[-83.31885,38.26052],[-83.3166,38.26807],[-83.3349,38.28663],[-83.32623,38.29071],[-83.33457,38.29911],[-83.33179,38.30316],[-83.33593,38.30474],[-83.34135,38.31952],[-83.33179,38.3196],[-83.32447,38.33051],[-83.31217,38.3337],[-83.30929,38.33064],[-83.29337,38.32987],[-83.28479,38.32374],[-83.27634,38.32391],[-83.27029,38.32801],[-83.26678,38.32605],[-83.26364,38.33048],[-83.24758,38.3305],[-83.24304,38.33609],[-83.23989,38.33478],[-83.23068,38.33929],[-83.22894,38.34432],[-83.23775,38.34865],[-83.23962,38.35585],[-83.23363,38.35985],[-83.23624,38.3625],[-83.23237,38.37377],[-83.23523,38.3802],[-83.23139,38.38416],[-83.23583,38.38459],[-83.23382,38.39144],[-83.23868,38.39757],[-83.23585,38.39888],[-83.23703,38.40408],[-83.23379,38.41089],[-83.23744,38.41604],[-83.23454,38.42288],[-83.23721,38.42647],[-83.2284,38.42787],[-83.22596,38.43286],[-83.21939,38.43263],[-83.21537,38.44044],[-83.20767,38.44102],[-83.21296,38.44807],[-83.21352,38.45452],[-83.19996,38.45396],[-83.19756,38.46491],[-83.19179,38.46918],[-83.18681,38.46856],[-83.18662,38.47533],[-83.1903,38.47855],[-83.18619,38.48228],[-83.18816,38.48405],[-83.18512,38.49067],[-83.18851,38.49607],[-83.18451,38.49569],[-83.17699,38.50314],[-83.17118,38.50049],[-83.16642,38.50397],[-83.16767,38.5086],[-83.1608,38.50969],[-83.15695,38.51415],[-83.15658,38.51931],[-83.14978,38.51917],[-83.14547,38.53117],[-83.1382,38.53566],[-83.13501,38.53314],[-83.13175,38.53581],[-83.12968,38.53361],[-83.12204,38.53553],[-83.10324,38.55256],[-83.09933,38.56925],[-83.09383,38.56931],[-83.09033,38.57937],[-83.08167,38.58813],[-83.07655,38.58776],[-83.07099,38.59511],[-83.07764,38.60266],[-83.07593,38.60862],[-83.08101,38.61203],[-83.07744,38.61777],[-83.06953,38.6208],[-83.0738,38.63281],[-83.06496,38.63594],[-83.06336,38.63954],[-83.0519,38.64097],[-83.04893,38.64872],[-83.05377,38.65692],[-83.04996,38.66009],[-83.05079,38.66369],[-83.04407,38.66218],[-83.03833,38.66529],[-83.03826,38.67403],[-83.03531,38.6738],[-83.03387,38.67924],[-83.02406,38.68291],[-83.03156,38.68472],[-83.02918,38.68742],[-83.03809,38.69938],[-83.02822,38.72161],[-83.03088,38.72556],[-83.05402,38.69507],[-83.06287,38.68931],[-83.11238,38.67162],[-83.12207,38.6601],[-83.12669,38.64439],[-83.13475,38.63201],[-83.1522,38.61942],[-83.20436,38.61677],[-83.24279,38.62874],[-83.26824,38.61853],[-83.27082,39.01579],[-83.23781,39.00986],[-83.23832,39.006],[-83.23225,39.00139],[-83.23424,38.99889],[-83.21483,38.99167],[-83.21335,38.98613],[-83.21723,38.97176],[-83.21073,38.96986],[-83.2148,38.96283],[-83.21211,38.96015],[-82.97039,38.95538],[-82.75339,38.94537],[-82.76198,38.86952],[-82.76069,38.85487]]]}},{"type":"Feature","properties":{"std_name":"Charlotte-Concord, NC-SC CSA","std_geoid":"172","pen":"statisticians","std_note":null,"LSAD":"M0","NAME":"Charlotte-Concord, NC-SC"},"geometry":{"type":"Polygon","coordinates":[[[-80.09397,35.28709],[-80.09224,35.27199],[-80.09841,35.25809],[-80.09277,35.23929],[-80.07601,35.22697],[-80.0698,35.21831],[-80.06175,35.20026],[-80.0608,35.18919],[-80.0533,35.17861],[-80.05686,35.16403],[-80.06876,35.15514],[-80.07537,35.14308],[-80.06848,35.11236],[-80.04221,35.10297],[-80.02435,35.09038],[-79.99516,35.08526],[-79.98607,35.08912],[-79.97877,35.10078],[-79.95848,35.11372],[-79.94365,35.11908],[-79.92793,35.11792],[-79.91252,35.09607],[-79.91234,35.07534],[-79.90898,35.06696],[-79.8836,35.05172],[-79.87619,35.04345],[-79.87674,35.03594],[-79.89243,35.02487],[-79.90063,35.00574],[-79.86479,34.97999],[-79.86381,34.97421],[-79.8723,34.95037],[-79.85565,34.92507],[-79.84869,34.90261],[-79.87061,34.875],[-79.88314,34.86445],[-79.90213,34.85573],[-79.91481,34.81727],[-79.92309,34.80876],[-79.93126,34.80671],[-80.56171,34.81743],[-80.56405,34.81476],[-80.55206,34.79126],[-80.54505,34.7891],[-80.54692,34.78673],[-80.54442,34.78392],[-80.53348,34.78294],[-80.53466,34.77724],[-80.52841,34.77416],[-80.52983,34.77111],[-80.51477,34.76673],[-80.51783,34.76292],[-80.51657,34.75938],[-80.50004,34.73925],[-80.5019,34.73719],[-80.49806,34.73023],[-80.48835,34.72377],[-80.48977,34.72023],[-80.48557,34.71743],[-80.48905,34.71572],[-80.48655,34.71254],[-80.48821,34.7041],[-80.48274,34.70491],[-80.47518,34.69924],[-80.47279,34.69194],[-80.46806,34.68936],[-80.47079,34.68702],[-80.46114,34.68256],[-80.46078,34.67698],[-80.45017,34.6757],[-80.45345,34.67177],[-80.43938,34.66376],[-80.4403,34.65806],[-80.43177,34.66002],[-80.42988,34.65576],[-80.43268,34.65404],[-80.43504,34.64207],[-80.41408,34.628],[-80.41257,34.62341],[-80.41924,34.62008],[-80.40837,34.61476],[-80.55055,34.56012],[-80.54353,34.54622],[-80.54353,34.53745],[-80.54134,34.53383],[-80.53597,34.53394],[-80.52394,34.50975],[-80.52743,34.50393],[-80.54405,34.50749],[-80.54891,34.49326],[-80.57615,34.48942],[-80.57577,34.48541],[-80.57937,34.48457],[-80.58598,34.49679],[-80.59577,34.50213],[-80.59803,34.49519],[-80.60411,34.4952],[-80.61036,34.48879],[-80.61428,34.48881],[-80.61436,34.49524],[-80.61021,34.49775],[-80.61363,34.49994],[-80.62561,34.49524],[-80.62959,34.4987],[-80.62965,34.49119],[-80.62267,34.49153],[-80.62784,34.48259],[-80.6321,34.48061],[-80.63221,34.49143],[-80.64538,34.49193],[-80.64525,34.48375],[-80.65842,34.47861],[-80.67606,34.49312],[-80.68858,34.51498],[-80.69816,34.51597],[-80.70919,34.50512],[-80.71333,34.48733],[-80.73997,34.47996],[-80.7456,34.49117],[-80.73973,34.50672],[-80.74562,34.51259],[-80.73937,34.52487],[-80.73767,34.5395],[-80.74335,34.53992],[-80.87923,34.45778],[-80.89872,34.48669],[-80.89565,34.49357],[-80.88172,34.50012],[-80.87538,34.52974],[-80.87749,34.54315],[-81.42281,34.57203],[-81.42696,34.57926],[-81.41796,34.60411],[-81.41649,34.63525],[-81.42967,34.6486],[-81.44202,34.65373],[-81.4543,34.67519],[-81.45424,34.72092],[-81.46196,34.72652],[-81.47939,34.72387],[-81.48838,34.73304],[-81.48245,34.7444],[-81.45285,34.76175],[-81.45532,34.77333],[-81.45364,34.78224],[-81.45926,34.79753],[-81.46934,34.80278],[-81.46912,34.811],[-81.48068,34.80841],[-81.48801,34.81479],[-81.46175,34.83102],[-81.45328,34.84671],[-81.46208,34.8529],[-81.46906,34.86648],[-81.47261,34.89111],[-81.47865,34.89797],[-81.47562,34.908],[-81.47007,34.91357],[-81.47719,34.92424],[-81.47351,34.93549],[-81.48757,34.93992],[-81.49228,34.94719],[-81.47584,34.98297],[-81.48369,34.9933],[-81.48475,34.99935],[-81.48057,35.00591],[-81.48855,35.02945],[-81.48716,35.03495],[-81.47791,35.04023],[-81.47853,35.04273],[-81.4728,35.04375],[-81.47135,35.04817],[-81.40882,35.04708],[-81.40252,35.13689],[-81.3666,35.16488],[-81.7681,35.18061],[-81.75954,35.22265],[-81.70285,35.3573],[-81.69199,35.58004],[-81.6975,35.5788],[-81.70259,35.58333],[-81.70565,35.58121],[-81.70921,35.58989],[-81.71214,35.58927],[-81.71633,35.59501],[-81.71729,35.60458],[-81.7217,35.60631],[-81.73714,35.60191],[-81.74682,35.60569],[-81.75341,35.61359],[-81.77191,35.60211],[-81.76801,35.59722],[-81.77218,35.59262],[-81.79406,35.59324],[-81.80003,35.57922],[-81.81035,35.58131],[-81.81849,35.57798],[-81.82213,35.58051],[-81.82412,35.57498],[-81.82838,35.57392],[-81.83317,35.55935],[-81.84097,35.55415],[-81.84247,35.54226],[-81.90495,35.54192],[-81.9209,35.53366],[-81.93312,35.53607],[-81.96762,35.52601],[-81.978,35.53064],[-81.98625,35.54071],[-82.00278,35.55185],[-82.013,35.54771],[-82.02213,35.53732],[-82.03984,35.5327],[-82.09364,35.53195],[-82.15054,35.518],[-82.20682,35.54779],[-82.25125,35.55994],[-82.29103,35.59132],[-82.29193,35.59496],[-82.28227,35.60308],[-82.28043,35.60876],[-82.26537,35.6135],[-82.26451,35.61767],[-82.27274,35.62197],[-82.27176,35.63331],[-82.28198,35.63949],[-82.28657,35.65793],[-82.28036,35.6677],[-82.28421,35.67677],[-82.29501,35.68432],[-82.28892,35.69615],[-82.28122,35.70217],[-82.27104,35.70414],[-82.25824,35.69869],[-82.2423,35.71303],[-82.21348,35.72437],[-82.1976,35.73632],[-82.1934,35.73531],[-82.18439,35.75346],[-82.1698,35.76092],[-82.16407,35.77276],[-82.16047,35.77426],[-82.15831,35.77974],[-82.16785,35.7883],[-82.16189,35.79784],[-82.14753,35.80429],[-82.15001,35.80941],[-82.14119,35.81278],[-82.1333,35.8244],[-82.12119,35.82462],[-82.11725,35.83259],[-82.1023,35.84034],[-82.09941,35.85167],[-82.07468,35.84826],[-82.04865,35.85303],[-82.03396,35.86219],[-82.02957,35.86788],[-82.02853,35.87932],[-82.02244,35.88498],[-82.00754,35.8827],[-81.99941,35.87401],[-81.99149,35.87616],[-81.98967,35.88023],[-81.98034,35.88472],[-81.97904,35.90145],[-81.98216,35.91122],[-81.95437,35.92686],[-81.9547,35.93233],[-81.96261,35.9381],[-81.96299,35.94178],[-81.89987,35.99991],[-81.88139,35.99293],[-81.87776,35.98905],[-81.87752,35.98116],[-81.87045,35.97645],[-81.84454,35.97498],[-81.83573,35.97174],[-81.83265,35.96724],[-81.81761,35.96842],[-81.80716,35.96196],[-81.73567,36.06758],[-81.74111,36.07189],[-81.75428,36.07307],[-81.75852,36.07716],[-81.7608,36.08983],[-81.77412,36.09865],[-81.78572,36.10046],[-81.81052,36.11151],[-81.67483,36.12262],[-81.66063,36.1184],[-81.54549,36.11747],[-81.52001,36.1026],[-81.51646,36.09748],[-81.49566,36.10058],[-81.49351,36.09749],[-81.47712,36.09683],[-81.47779,36.09276],[-81.4678,36.08554],[-81.46002,36.09097],[-81.45399,36.09049],[-81.44737,36.08303],[-81.44477,36.07213],[-81.42444,36.07785],[-81.41734,36.07085],[-81.40741,36.07185],[-81.40328,36.06593],[-81.39777,36.06643],[-81.40004,36.06257],[-81.38946,36.05013],[-81.39731,36.0431],[-81.3964,36.04076],[-81.38148,36.04461],[-81.34498,36.02562],[-81.32649,35.99483],[-81.31755,35.99707],[-81.31435,36.00426],[-81.30142,36.00429],[-81.28809,36.0107],[-81.28125,36.01837],[-81.26845,36.02498],[-81.24987,36.02726],[-81.24438,36.02483],[-81.23781,36.03088],[-81.21934,36.02983],[-81.21225,36.03411],[-81.20742,36.03272],[-81.20287,36.03615],[-81.19028,36.03721],[-81.17573,36.0311],[-81.1739,36.02616],[-81.16729,36.02549],[-81.13982,36.03765],[-81.12346,36.0378],[-81.1158,36.03425],[-81.10833,36.03709],[-81.09811,36.02816],[-81.05757,36.03155],[-81.04851,36.04108],[-80.97567,36.05881],[-80.6932,36.05126],[-80.70756,35.85211],[-80.69995,35.85047],[-80.69652,35.85457],[-80.6932,35.8537],[-80.69174,35.8635],[-80.67696,35.85586],[-80.66876,35.85631],[-80.67293,35.84982],[-80.6713,35.84653],[-80.6317,35.84565],[-80.63109,35.83851],[-80.62262,35.83904],[-80.61091,35.83128],[-80.6125,35.82551],[-80.60957,35.82313],[-80.59419,35.82732],[-80.59104,35.81724],[-80.58687,35.82307],[-80.57038,35.8163],[-80.55479,35.8004],[-80.5468,35.79835],[-80.54297,35.79225],[-80.53345,35.79103],[-80.53288,35.78525],[-80.52077,35.78437],[-80.50825,35.77446],[-80.50192,35.78298],[-80.49657,35.78275],[-80.49187,35.77878],[-80.4872,35.76625],[-80.48477,35.77559],[-80.47854,35.77488],[-80.47142,35.76783],[-80.46876,35.75738],[-80.45304,35.73437],[-80.44261,35.73483],[-80.41233,35.72223],[-80.39514,35.72496],[-80.38866,35.71932],[-80.37122,35.71616],[-80.3401,35.72134],[-80.33238,35.71887],[-80.32415,35.7067],[-80.3344,35.69236],[-80.3306,35.6788],[-80.30734,35.66578],[-80.30462,35.65354],[-80.28875,35.63569],[-80.26295,35.62841],[-80.24345,35.61443],[-80.23173,35.59653],[-80.20886,35.58133],[-80.20696,35.57306],[-80.20979,35.55226],[-80.19937,35.54586],[-80.19553,35.53662],[-80.19729,35.52982],[-80.184,35.51647],[-80.18459,35.50747],[-80.17624,35.48543],[-80.16174,35.47521],[-80.14912,35.47261],[-80.13992,35.47505],[-80.12934,35.46715],[-80.10991,35.46098],[-80.10866,35.44509],[-80.09747,35.43809],[-80.10049,35.4299],[-80.09012,35.41555],[-80.09371,35.40203],[-80.0839,35.39509],[-80.07503,35.39507],[-80.06614,35.38951],[-80.05174,35.37259],[-80.05414,35.36596],[-80.06539,35.36047],[-80.06633,35.34065],[-80.08194,35.32146],[-80.08048,35.30762],[-80.09397,35.28709]]]}},{"type":"Feature","properties":{"std_name":"Chicago-Naperville, IL-IN-WI CSA","std_geoid":"176","pen":"statisticians","std_note":null,"LSAD":"M0","NAME":"Chicago-Naperville, IL-IN-WI"},"geometry":{"type":"Polygon","coordinates":[[[-87.52621,41.01034],[-88.2473,40.99456],[-88.2515,41.11422],[-88.48729,41.10862],[-88.93088,41.1059],[-88.93139,40.92774],[-89.04772,40.92575],[-89.04739,41.10479],[-89.35844,41.10385],[-89.33589,41.11727],[-89.32927,41.14793],[-89.63854,41.14854],[-89.63871,41.23386],[-89.85762,41.23448],[-89.85737,41.51837],[-89.86235,41.584],[-89.16656,41.58529],[-89.16715,41.62866],[-88.93868,41.62832],[-88.94166,41.7175],[-88.94215,42.06505],[-88.93894,42.0651],[-88.93973,42.15232],[-88.70558,42.15354],[-88.70742,42.4936],[-88.30469,42.49462],[-88.30589,42.61082],[-88.18817,42.61146],[-88.18831,42.66971],[-87.0439,42.66373],[-87.01986,42.49376],[-87.15001,42.00003],[-87.20777,41.76096],[-86.52422,41.75966],[-86.52668,41.65044],[-86.48757,41.64932],[-86.48626,41.5889],[-86.48643,41.57055],[-86.49816,41.56108],[-86.50029,41.52101],[-86.52494,41.51967],[-86.52471,41.43289],[-86.64254,41.43264],[-86.6708,41.41387],[-86.70037,41.40234],[-86.70772,41.38099],[-86.72083,41.36525],[-86.72471,41.35203],[-86.7351,41.33831],[-86.73989,41.32185],[-86.76153,41.30746],[-86.7834,41.28551],[-86.81408,41.2736],[-86.83908,41.27205],[-86.84862,41.26683],[-86.87015,41.26462],[-86.92043,41.24509],[-86.93008,41.2368],[-86.93076,40.9124],[-86.98744,40.91218],[-86.98644,40.83792],[-87.09979,40.83761],[-87.09839,40.73654],[-87.52603,40.73689],[-87.52621,41.01034]]]}},{"type":"Feature","properties":{"std_name":"Cleveland-Akron-Canton, OH CSA","std_geoid":"184","pen":"statisticians","std_note":null,"LSAD":"M0","NAME":"Cleveland-Akron-Canton, OH"},"geometry":{"type":"Polygon","coordinates":[[[-82.39835,41.67652],[-81.7092,42.00004],[-81.68645,42.00004],[-81.24983,42.21641],[-80.51985,42.32713],[-80.51923,41.49934],[-81.00313,41.50148],[-81.00202,40.98779],[-81.08631,40.98803],[-81.08729,40.72782],[-80.91717,40.72693],[-80.91813,40.64346],[-80.86082,40.64257],[-80.86357,40.55541],[-80.92092,40.55631],[-80.92457,40.46798],[-80.94015,40.46835],[-80.94191,40.4247],[-81.26995,40.43349],[-81.27532,40.30343],[-81.3346,40.30432],[-81.33806,40.21408],[-81.66759,40.22247],[-81.6709,40.15098],[-82.0872,40.1617],[-82.18711,40.16688],[-82.18282,40.23862],[-82.19591,40.23907],[-82.18461,40.45628],[-81.66976,40.44389],[-81.66278,40.62727],[-81.66819,40.62747],[-81.66795,40.63238],[-81.64911,40.63452],[-81.64892,40.66777],[-82.1262,40.66836],[-82.12501,40.88626],[-82.1279,40.9009],[-82.12933,40.99181],[-82.17336,40.99205],[-82.17149,41.06354],[-82.43692,41.06538],[-82.43285,40.99294],[-82.82946,40.99661],[-82.84009,41.25534],[-83.0753,41.2569],[-83.22491,41.25303],[-83.41984,41.254],[-83.41465,41.49672],[-83.41594,41.61911],[-83.16451,41.62325],[-83.07907,41.73071],[-82.99557,41.82897],[-82.68112,41.67633],[-82.39835,41.67652]]]}},{"type":"Feature","properties":{"std_name":"Corpus Christi-Kingsville-Alice, TX CSA","std_geoid":"204","pen":"statisticians","std_note":null,"LSAD":"M0","NAME":"Corpus Christi-Kingsville-Alice, TX"},"geometry":{"type":"Polygon","coordinates":[[[-97.98589,27.20931],[-97.98549,26.78092],[-98.42262,26.78354],[-98.41788,27.05529],[-98.46654,27.05471],[-98.46728,27.14201],[-98.49291,27.14206],[-98.49294,27.23501],[-98.50617,27.23873],[-98.51244,27.2512],[-98.5192,27.25015],[-98.52228,27.25409],[-98.53108,27.25442],[-98.53665,27.2652],[-98.23246,27.26249],[-98.2355,28.05797],[-97.88315,28.0569],[-97.88964,28.0632],[-97.89484,28.06084],[-97.90122,28.06784],[-97.90112,28.07588],[-97.89544,28.07587],[-97.90392,28.08662],[-97.9077,28.08678],[-97.90877,28.09187],[-97.9073,28.09759],[-97.89648,28.10102],[-97.89929,28.10339],[-97.89777,28.11333],[-97.90408,28.11423],[-97.81772,28.17685],[-97.56762,28.12968],[-97.54107,28.16467],[-97.52742,28.16057],[-97.52121,28.15134],[-97.49509,28.1659],[-97.48206,28.16881],[-97.47637,28.17946],[-97.47355,28.17799],[-97.47539,28.1644],[-97.47188,28.155],[-97.4564,28.16058],[-97.45821,28.15583],[-97.4534,28.15398],[-97.45024,28.14777],[-97.44213,28.15386],[-97.4421,28.14267],[-97.44747,28.13335],[-97.44118,28.13184],[-97.43885,28.13897],[-97.43411,28.13797],[-97.42249,28.14276],[-97.42342,28.1351],[-97.43528,28.12991],[-97.428,28.12811],[-97.42673,28.11726],[-97.41814,28.12214],[-97.40584,28.11956],[-97.40368,28.10906],[-97.40065,28.11253],[-97.40092,28.11951],[-97.3962,28.11855],[-97.40545,28.12348],[-97.40384,28.13013],[-97.39002,28.12981],[-97.38483,28.12395],[-97.37861,28.139],[-97.36711,28.1286],[-97.3508,28.12336],[-97.34572,28.11838],[-97.34193,28.13202],[-97.32616,28.12701],[-97.32492,28.12418],[-97.33065,28.12022],[-97.32718,28.11874],[-97.31758,28.12909],[-97.31883,28.13348],[-97.3274,28.13358],[-97.3178,28.1375],[-97.30893,28.11945],[-97.31092,28.11549],[-97.31695,28.11575],[-97.31689,28.11007],[-97.30134,28.10383],[-97.29527,28.10661],[-97.29491,28.11454],[-97.29029,28.1148],[-97.2837,28.09094],[-97.26353,28.0886],[-97.26083,28.08603],[-97.26318,28.08095],[-97.26082,28.07576],[-97.23783,28.06151],[-97.2212,28.07439],[-97.14492,28.10262],[-97.02359,28.18766],[-97.01754,28.20288],[-97.03742,28.2013],[-97.03876,28.20678],[-97.0432,28.209],[-97.0547,28.20381],[-97.06228,28.20648],[-97.06492,28.21445],[-97.07064,28.21431],[-97.07503,28.21944],[-97.08828,28.22073],[-97.10216,28.22649],[-97.09796,28.23224],[-97.10809,28.23659],[-97.11234,28.24614],[-97.11794,28.24683],[-97.12549,28.25344],[-97.11752,28.25936],[-97.12333,28.27274],[-96.79051,28.31924],[-96.83043,28.10962],[-96.83774,28.09949],[-96.84713,28.0706],[-96.85399,28.06311],[-96.81591,28.02284],[-96.8442,28.0003],[-96.87526,27.96992],[-96.93855,27.9012],[-96.9595,27.8753],[-96.98428,27.80378],[-97.0089,27.78679],[-97.02186,27.78336],[-97.03779,27.76569],[-97.12526,27.6406],[-97.19982,27.50032],[-97.25026,27.39231],[-97.28834,27.27758],[-97.42572,27.27796],[-97.50886,27.26664],[-97.6505,27.28349],[-97.72908,27.26585],[-97.73646,27.27049],[-97.74005,27.27828],[-97.74721,27.27727],[-97.75787,27.28312],[-97.76515,27.27917],[-97.78378,27.28385],[-97.79393,27.28044],[-97.79763,27.27139],[-97.81562,27.27163],[-97.81635,27.25414],[-97.84107,27.24399],[-97.8554,27.25242],[-97.85633,27.24374],[-97.8603,27.24628],[-97.86832,27.24024],[-97.87773,27.24173],[-97.88483,27.23576],[-97.8885,27.24068],[-97.89437,27.23897],[-97.89674,27.24254],[-97.9017,27.2383],[-97.90911,27.2409],[-97.91504,27.23749],[-97.91939,27.24316],[-97.92238,27.23709],[-97.93161,27.2386],[-97.93609,27.23467],[-97.9517,27.2335],[-97.95257,27.22751],[-97.95693,27.22352],[-97.9548,27.22008],[-97.95965,27.2171],[-97.95898,27.213],[-97.96278,27.21534],[-97.97152,27.21022],[-97.9831,27.21197],[-97.98589,27.20931]]]}},{"type":"Feature","properties":{"std_name":"Detroit-Warren-Ann Arbor, MI CSA","std_geoid":"220","pen":"statisticians","std_note":null,"LSAD":"M0","NAME":"Detroit-Warren-Ann Arbor, MI"},"geometry":{"type":"Polygon","coordinates":[[[-83.41585,41.73379],[-84.36042,41.70659],[-84.3633,42.07346],[-84.13196,42.07158],[-84.13407,42.16925],[-84.13077,42.25003],[-84.13114,42.42457],[-84.14071,42.42461],[-84.14175,42.54727],[-84.15819,42.77664],[-83.92252,42.78082],[-83.92987,42.94979],[-83.92837,43.05385],[-83.93207,43.22038],[-83.46073,43.22313],[-83.46071,43.23279],[-83.35171,43.23519],[-83.35442,43.32226],[-83.1204,43.32705],[-83.11903,43.28368],[-83.00043,43.28491],[-82.99626,43.1541],[-82.50316,43.16895],[-82.33407,43.17041],[-82.38997,43.06224],[-82.411,43.01132],[-82.42442,42.99698],[-82.42305,42.98844],[-82.41347,42.97689],[-82.4167,42.96642],[-82.45557,42.92685],[-82.46934,42.88872],[-82.46868,42.85205],[-82.48257,42.80864],[-82.47059,42.7837],[-82.46767,42.76191],[-82.48338,42.73346],[-82.48396,42.71794],[-82.51085,42.66499],[-82.51004,42.63679],[-82.52343,42.60734],[-82.54814,42.59175],[-82.57881,42.56603],[-82.58407,42.55405],[-82.58998,42.55098],[-82.60697,42.54828],[-82.62433,42.55713],[-82.63372,42.5568],[-82.64307,42.55432],[-82.66189,42.54175],[-82.71158,42.48914],[-82.83025,42.37349],[-82.94549,42.3474],[-82.95975,42.34003],[-82.9892,42.33248],[-83.02623,42.32891],[-83.06364,42.31686],[-83.08002,42.30717],[-83.0977,42.28968],[-83.11163,42.26014],[-83.128,42.23869],[-83.13394,42.1748],[-83.1217,42.12543],[-83.14945,42.04026],[-83.11246,41.95941],[-83.41585,41.73379]]]}},{"type":"Feature","properties":{"std_name":"Dixon-Sterling, IL CSA","std_geoid":"221","pen":"statisticians","std_note":null,"LSAD":"M0","NAME":"Dixon-Sterling, IL"},"geometry":{"type":"Polygon","coordinates":[[[-88.93868,41.62832],[-89.16715,41.62866],[-89.16656,41.58529],[-90.18554,41.58457],[-90.18367,41.59019],[-90.17043,41.59176],[-90.16513,41.59574],[-90.16612,41.6098],[-90.16069,41.61787],[-90.15988,41.6305],[-90.16246,41.63553],[-90.17324,41.6374],[-90.17391,41.64007],[-90.16381,41.63922],[-90.16123,41.64393],[-90.17029,41.6487],[-90.1737,41.65496],[-90.18953,41.66337],[-90.23618,41.6795],[-90.22686,41.68348],[-90.22679,41.69252],[-90.23205,41.69186],[-90.23116,41.69576],[-90.23664,41.69631],[-90.23716,41.69957],[-90.24571,41.70354],[-90.23984,41.70669],[-90.23408,41.72501],[-90.23867,41.72727],[-90.23471,41.73611],[-90.23651,41.74075],[-90.24427,41.74038],[-90.24317,41.74432],[-90.24792,41.74688],[-90.24671,41.75476],[-90.23677,41.7626],[-90.24012,41.76496],[-90.24717,41.76261],[-90.24725,41.76495],[-90.24238,41.78296],[-90.21689,41.79534],[-90.18197,41.80707],[-90.18376,41.83624],[-90.17301,41.85739],[-90.17004,41.87644],[-90.15358,41.90661],[-90.15198,41.92892],[-89.62891,41.93004],[-89.62933,41.90162],[-89.47999,41.9025],[-89.4762,41.90929],[-89.46555,41.91171],[-89.42321,41.90609],[-89.42233,41.89964],[-89.4319,41.89428],[-89.41376,41.88546],[-89.41119,41.88729],[-89.41194,41.89391],[-89.39865,41.90283],[-89.36039,41.90262],[-89.36058,41.88802],[-88.94132,41.89178],[-88.94166,41.7175],[-88.93868,41.62832]]]}},{"type":"Feature","properties":{"std_name":"Dothan-Enterprise-Ozark, AL CSA","std_geoid":"222","pen":"statisticians","std_note":null,"LSAD":"M0","NAME":"Dothan-Enterprise-Ozark, AL"},"geometry":{"type":"Polygon","coordinates":[[[-85.41644,31.61947],[-85.41604,31.70666],[-85.21608,31.70241],[-85.20911,31.71173],[-85.21088,31.72548],[-85.20507,31.74257],[-85.18866,31.74621],[-85.18237,31.75344],[-85.17548,31.75387],[-85.16923,31.761],[-85.16538,31.76001],[-85.15984,31.77156],[-85.15433,31.77387],[-85.14323,31.77126],[-85.14111,31.76718],[-85.13893,31.76956],[-85.13243,31.76726],[-85.12733,31.76256],[-85.12903,31.75766],[-85.11893,31.73266],[-85.12653,31.71676],[-85.12553,31.69496],[-85.11393,31.68687],[-85.10943,31.67747],[-85.09243,31.65997],[-85.07913,31.65477],[-85.07803,31.65157],[-85.08263,31.65027],[-85.08623,31.63857],[-85.05817,31.62023],[-85.06055,31.60822],[-85.05598,31.60517],[-85.05844,31.58369],[-85.05528,31.5776],[-85.05796,31.57084],[-85.0413,31.54099],[-85.04826,31.52601],[-85.04499,31.51823],[-85.06526,31.48492],[-85.07162,31.46838],[-85.06601,31.43053],[-85.06855,31.42731],[-85.0737,31.42896],[-85.07589,31.42493],[-85.07998,31.41047],[-85.07763,31.39888],[-85.09233,31.36405],[-85.09179,31.35521],[-85.08592,31.35315],[-85.08942,31.33603],[-85.0837,31.32385],[-85.08977,31.29503],[-85.09871,31.28446],[-85.11036,31.28175],[-85.1146,31.27733],[-85.1119,31.27248],[-85.11235,31.25958],[-85.09676,31.22565],[-85.0987,31.21129],[-85.10696,31.20269],[-85.10752,31.18645],[-85.09851,31.18015],[-85.10021,31.16549],[-85.09211,31.16029],[-85.07663,31.15693],[-85.06403,31.1425],[-85.05468,31.12082],[-85.03562,31.10819],[-85.02607,31.08418],[-85.02857,31.07458],[-85.01264,31.0554],[-85.00882,31.04557],[-85.00941,31.03238],[-84.99943,31.01384],[-85.0025,31.00069],[-85.24363,31.00088],[-85.96545,30.99304],[-86.18725,30.99402],[-86.18693,31.00308],[-86.19035,31.00306],[-86.19329,31.12517],[-86.19478,31.52995],[-86.15656,31.5302],[-86.15677,31.53753],[-86.14395,31.53768],[-86.14589,31.61774],[-85.41644,31.61947]]]}},{"type":"Feature","properties":{"std_name":"Elmira-Corning, NY CSA","std_geoid":"236","pen":"statisticians","std_note":null,"LSAD":"M0","NAME":"Elmira-Corning, NY"},"geometry":{"type":"Polygon","coordinates":[[[-76.73268,42.24805],[-76.68578,42.24833],[-76.68566,42.2376],[-76.64811,42.23809],[-76.64226,42.23372],[-76.61953,42.24866],[-76.6193,42.28285],[-76.53835,42.28175],[-76.53578,42.25007],[-76.53651,42.1554],[-76.56273,42.15591],[-76.56359,42.15246],[-76.55788,42.14527],[-76.55862,42.13638],[-76.55424,42.13147],[-76.55941,42.13125],[-76.55622,42.12668],[-76.55057,42.07962],[-76.54149,42.05173],[-76.5613,42.0095],[-76.55773,42.00006],[-76.82898,42.00202],[-77.74994,41.99866],[-77.73106,42.40412],[-77.72611,42.40404],[-77.72062,42.53507],[-77.66132,42.53507],[-77.65992,42.58041],[-77.44159,42.57675],[-77.14379,42.57687],[-77.1496,42.55387],[-77.1469,42.53207],[-77.1495,42.50007],[-77.14395,42.49471],[-77.13478,42.49481],[-77.12179,42.50087],[-77.11479,42.50827],[-77.10759,42.50577],[-77.09966,42.27236],[-76.96503,42.27849],[-76.96476,42.28744],[-76.84291,42.29376],[-76.73392,42.29372],[-76.73268,42.24805]]]}},{"type":"Feature","properties":{"std_name":"Erie-Meadville, PA CSA","std_geoid":"240","pen":"statisticians","std_note":null,"LSAD":"M0","NAME":"Erie-Meadville, PA"},"geometry":{"type":"Polygon","coordinates":[[[-79.61084,41.99876],[-79.61317,41.61687],[-79.76836,41.61771],[-79.76834,41.62096],[-79.82911,41.62207],[-79.82972,41.60195],[-79.84961,41.59776],[-79.85005,41.58706],[-79.87301,41.58127],[-79.87003,41.57426],[-79.89273,41.57414],[-79.89276,41.56217],[-79.90861,41.56217],[-79.90947,41.55015],[-79.92537,41.55021],[-79.92334,41.5376],[-79.9433,41.53784],[-79.94223,41.52535],[-79.95919,41.52544],[-79.95815,41.51353],[-79.98154,41.51289],[-79.98178,41.50016],[-79.9987,41.50103],[-79.99873,41.49009],[-80.1256,41.48628],[-80.12537,41.4804],[-80.43115,41.48696],[-80.43209,41.49209],[-80.4449,41.49227],[-80.445,41.48712],[-80.51922,41.48911],[-80.51985,42.32713],[-80.08022,42.39416],[-79.76242,42.51607],[-79.76195,41.99884],[-79.61084,41.99876]]]}},{"type":"Feature","properties":{"std_name":"El Paso-Las Cruces, TX-NM CSA","std_geoid":"238","pen":"statisticians","std_note":null,"LSAD":"M0","NAME":"El Paso-Las Cruces, TX-NM"},"geometry":{"type":"Polygon","coordinates":[[[-106.37717,32.0015],[-104.91836,32.00042],[-104.90712,30.90034],[-104.90759,30.83592],[-104.9164,30.83598],[-104.91716,30.66363],[-104.9798,30.62926],[-104.9839,30.63502],[-104.98611,30.66277],[-105.00154,30.6727],[-105.00204,30.68088],[-105.00658,30.68606],[-105.0132,30.68256],[-105.01788,30.68509],[-105.02733,30.67888],[-105.04082,30.68894],[-105.04716,30.68807],[-105.04568,30.67992],[-105.05531,30.68216],[-105.0567,30.68786],[-105.06176,30.68585],[-105.06255,30.6985],[-105.06688,30.69926],[-105.06823,30.7037],[-105.08094,30.69985],[-105.08023,30.70772],[-105.08746,30.70988],[-105.08761,30.71549],[-105.09818,30.71648],[-105.09962,30.72195],[-105.10555,30.72381],[-105.10337,30.72913],[-105.11182,30.73326],[-105.11094,30.74355],[-105.11393,30.74598],[-105.12044,30.74385],[-105.1183,30.74973],[-105.12766,30.74785],[-105.14377,30.75521],[-105.15198,30.75146],[-105.15685,30.75397],[-105.16139,30.75213],[-105.15619,30.76977],[-105.16281,30.77072],[-105.16708,30.77659],[-105.17399,30.76753],[-105.1766,30.76797],[-105.1849,30.77696],[-105.186,30.78455],[-105.19074,30.7857],[-105.19519,30.7923],[-105.20909,30.78265],[-105.21674,30.78338],[-105.22005,30.7889],[-105.2096,30.79763],[-105.21502,30.80589],[-105.22744,30.79919],[-105.23002,30.80383],[-105.23818,30.80366],[-105.25716,30.79435],[-105.26415,30.80034],[-105.26684,30.80848],[-105.2758,30.807],[-105.2794,30.8157],[-105.28795,30.81788],[-105.29179,30.82619],[-105.30014,30.82477],[-105.30615,30.80984],[-105.30947,30.817],[-105.31675,30.81082],[-105.31925,30.81224],[-105.31613,30.81855],[-105.31857,30.82828],[-105.3295,30.82504],[-105.32801,30.83134],[-105.33714,30.83344],[-105.3392,30.84039],[-105.34579,30.84055],[-105.35188,30.83556],[-105.35444,30.83778],[-105.35318,30.84202],[-105.36159,30.85055],[-105.37021,30.84749],[-105.37763,30.84881],[-105.37707,30.85126],[-105.3847,30.8505],[-105.38732,30.85373],[-105.39462,30.84902],[-105.39984,30.85208],[-105.40164,30.85466],[-105.39495,30.85976],[-105.39497,30.87123],[-105.39133,30.87383],[-105.40427,30.87958],[-105.39913,30.88428],[-105.40028,30.88951],[-105.40383,30.89211],[-105.41218,30.88862],[-105.41053,30.89204],[-105.41369,30.8995],[-105.4257,30.90039],[-105.43,30.90557],[-105.4414,30.90857],[-105.44636,30.91927],[-105.45319,30.91615],[-105.45157,30.9248],[-105.46676,30.92423],[-105.4709,30.93376],[-105.47599,30.93392],[-105.48192,30.94091],[-105.49167,30.94244],[-105.48811,30.94366],[-105.49883,30.95031],[-105.49391,30.95631],[-105.50204,30.9678],[-105.5158,30.96489],[-105.52194,30.97647],[-105.53259,30.98467],[-105.54329,30.98468],[-105.55785,30.99041],[-105.57006,31.00813],[-105.56924,31.01609],[-105.57754,31.01973],[-105.58123,31.0267],[-105.57949,31.03575],[-105.58509,31.05729],[-105.59571,31.06489],[-105.60438,31.08369],[-105.6271,31.0984],[-105.64183,31.09833],[-105.64875,31.11586],[-105.71062,31.13702],[-105.71694,31.14129],[-105.71941,31.14903],[-105.74231,31.16482],[-105.773,31.16679],[-105.78315,31.19802],[-105.79436,31.20241],[-105.83662,31.24806],[-105.86941,31.28904],[-105.87611,31.29169],[-105.89392,31.29062],[-105.90739,31.31226],[-105.93138,31.31275],[-105.93813,31.31821],[-105.94791,31.33981],[-105.94564,31.35254],[-105.95392,31.36488],[-105.97046,31.36617],[-106.00523,31.39262],[-106.08056,31.39865],[-106.10778,31.42238],[-106.13247,31.42501],[-106.15742,31.43771],[-106.17511,31.45528],[-106.20719,31.46672],[-106.2194,31.48096],[-106.22516,31.50154],[-106.2372,31.51374],[-106.24648,31.54161],[-106.28087,31.56232],[-106.28906,31.5878],[-106.30237,31.60992],[-106.30335,31.62217],[-106.33415,31.66293],[-106.34956,31.69669],[-106.37231,31.71245],[-106.38056,31.73162],[-106.41532,31.75075],[-106.4338,31.75462],[-106.45334,31.76455],[-106.46689,31.75961],[-106.47274,31.75067],[-106.4884,31.74799],[-106.51017,31.76135],[-106.51256,31.76945],[-106.5224,31.77501],[-106.52794,31.78389],[-107.29679,31.78364],[-107.29948,32.78017],[-106.88773,32.77927],[-106.88789,32.82278],[-106.34051,33.05278],[-106.34071,32.95838],[-106.37659,32.95805],[-106.37717,32.0015]]]}},{"type":"Feature","properties":{"std_name":"Fairmont-Clarksburg, WV CSA","std_geoid":"242","pen":"statisticians","std_note":null,"LSAD":"M0","NAME":"Fairmont-Clarksburg, WV"},"geometry":{"type":"Polygon","coordinates":[[[-80.10387,39.56707],[-80.04324,39.52301],[-80.03845,39.51639],[-80.04709,39.51427],[-80.03922,39.50732],[-80.01579,39.50203],[-80.01762,39.49458],[-80.01188,39.49178],[-80.01147,39.48735],[-79.99675,39.48729],[-79.99021,39.48238],[-79.99066,39.47913],[-79.97837,39.47418],[-79.97634,39.46819],[-79.96796,39.46298],[-79.89469,39.43559],[-79.89529,39.2998],[-79.90499,39.30304],[-79.9086,39.2993],[-79.90825,39.28931],[-79.91231,39.28961],[-79.91598,39.29466],[-79.925,39.28898],[-79.93232,39.28954],[-79.93605,39.29683],[-79.94258,39.29646],[-79.94233,39.29017],[-79.95003,39.28199],[-79.9561,39.28198],[-79.9611,39.2688],[-80.02341,39.24789],[-80.15004,39.23825],[-80.16639,39.24228],[-80.22469,39.17098],[-80.22717,39.11279],[-80.24039,39.11315],[-80.24877,39.10081],[-80.30132,39.104],[-80.45471,39.13885],[-80.45443,39.14111],[-80.45847,39.13927],[-80.4733,39.14708],[-80.48024,39.14463],[-80.48675,39.14861],[-80.49399,39.14568],[-80.50738,39.14945],[-80.51832,39.14587],[-80.5362,39.1475],[-80.54625,39.15137],[-80.54912,39.15896],[-80.587,39.16881],[-80.59613,39.16707],[-80.60484,39.15554],[-80.61711,39.15411],[-80.62362,39.14278],[-80.62962,39.13924],[-80.64426,39.13692],[-80.65693,39.14112],[-80.6629,39.13785],[-80.66445,39.12973],[-80.68175,39.1212],[-80.68119,39.11204],[-80.68762,39.1097],[-80.69069,39.10157],[-80.70104,39.09028],[-80.81297,39.1094],[-80.91384,39.27295],[-80.82945,39.34323],[-80.73324,39.39553],[-80.71332,39.43025],[-80.69723,39.43243],[-80.69403,39.42631],[-80.68328,39.4308],[-80.67703,39.42764],[-80.65871,39.43301],[-80.65748,39.4387],[-80.65325,39.44144],[-80.64131,39.4421],[-80.6369,39.44696],[-80.63246,39.44356],[-80.61374,39.45063],[-80.59878,39.44096],[-80.59647,39.44968],[-80.5872,39.45137],[-80.58112,39.45056],[-80.58162,39.44765],[-80.57797,39.44572],[-80.5788,39.43454],[-80.57015,39.43621],[-80.56861,39.43949],[-80.55946,39.43926],[-80.55815,39.43293],[-80.55081,39.43396],[-80.54452,39.42912],[-80.51863,39.435],[-80.5156,39.43774],[-80.51925,39.43903],[-80.5194,39.44642],[-80.51405,39.45782],[-80.49399,39.46115],[-80.49254,39.48018],[-80.48368,39.48389],[-80.47946,39.48066],[-80.47532,39.48175],[-80.47178,39.48634],[-80.47347,39.49265],[-80.46742,39.50324],[-80.48593,39.52037],[-80.48634,39.5368],[-80.4908,39.53856],[-80.49456,39.54565],[-80.49372,39.55298],[-80.49816,39.56333],[-80.49102,39.57015],[-80.49287,39.57565],[-80.48774,39.57641],[-80.48028,39.58341],[-80.48244,39.58711],[-80.47877,39.59733],[-80.46184,39.60144],[-80.45043,39.59614],[-80.44668,39.60442],[-80.44942,39.61271],[-80.43757,39.61416],[-80.43384,39.62027],[-80.44339,39.62954],[-80.43284,39.63929],[-80.41193,39.64136],[-80.40368,39.63179],[-80.39581,39.63735],[-80.38529,39.63262],[-80.3677,39.63356],[-80.35998,39.62576],[-80.36026,39.62062],[-80.35219,39.61769],[-80.34747,39.61167],[-80.33431,39.61202],[-80.33006,39.61484],[-80.32256,39.61075],[-80.15353,39.61043],[-80.15324,39.60646],[-80.1462,39.60659],[-80.14224,39.59626],[-80.13328,39.59462],[-80.13543,39.58939],[-80.13097,39.58325],[-80.12622,39.57949],[-80.11072,39.57684],[-80.11101,39.57174],[-80.10352,39.56957],[-80.10387,39.56707]]]}},{"type":"Feature","properties":{"std_name":"Fort Wayne-Huntington-Auburn, IN CSA","std_geoid":"258","pen":"statisticians","std_note":null,"LSAD":"M0","NAME":"Fort Wayne-Huntington-Auburn, IN"},"geometry":{"type":"Polygon","coordinates":[[[-84.80589,41.76017],[-84.80248,40.57221],[-85.44701,40.56693],[-85.44882,40.65361],[-85.63859,40.65313],[-85.64384,41.0023],[-85.6832,41.00191],[-85.68573,41.09728],[-85.68657,41.17838],[-85.65272,41.17849],[-85.65119,41.26565],[-85.65475,41.52335],[-85.19408,41.52644],[-85.19677,41.75964],[-84.80589,41.76017]]]}},{"type":"Feature","properties":{"std_name":"Greensboro--Winston-Salem--High Point, NC CSA","std_geoid":"268","pen":"statisticians","std_note":null,"LSAD":"M0","NAME":"Greensboro--Winston-Salem--High Point, NC"},"geometry":{"type":"Polygon","coordinates":[[[-79.26824,35.90918],[-79.25692,35.90205],[-79.25795,35.89149],[-79.24934,35.876],[-79.25039,35.85698],[-79.23697,35.85061],[-79.23731,35.84412],[-79.54243,35.8433],[-79.5558,35.51504],[-80.18326,35.50414],[-80.184,35.51647],[-80.19736,35.52997],[-80.19553,35.53662],[-80.19922,35.54565],[-80.20979,35.55226],[-80.20696,35.57306],[-80.20886,35.58133],[-80.23173,35.59653],[-80.24345,35.61443],[-80.26295,35.62841],[-80.28875,35.63569],[-80.30462,35.65354],[-80.30734,35.66578],[-80.3306,35.6788],[-80.3344,35.69236],[-80.32421,35.70772],[-80.33379,35.72003],[-80.34101,35.72128],[-80.37077,35.71611],[-80.38866,35.71932],[-80.39514,35.72496],[-80.41233,35.72223],[-80.44261,35.73483],[-80.45304,35.73437],[-80.46876,35.75738],[-80.47142,35.76783],[-80.47854,35.77488],[-80.48477,35.77559],[-80.4872,35.76625],[-80.49187,35.77878],[-80.49657,35.78275],[-80.50192,35.78298],[-80.50825,35.77446],[-80.52077,35.78437],[-80.53288,35.78525],[-80.53345,35.79103],[-80.54297,35.79225],[-80.5468,35.79835],[-80.55479,35.8004],[-80.57038,35.8163],[-80.58687,35.82307],[-80.59104,35.81724],[-80.59419,35.82732],[-80.60957,35.82313],[-80.6125,35.82551],[-80.61091,35.83128],[-80.62262,35.83904],[-80.63109,35.83851],[-80.6317,35.84565],[-80.6713,35.84653],[-80.67293,35.84982],[-80.66876,35.85631],[-80.67696,35.85586],[-80.69174,35.8635],[-80.6932,35.8537],[-80.69652,35.85457],[-80.69995,35.85047],[-80.70756,35.85211],[-80.6932,36.05126],[-80.88159,36.05572],[-80.86875,36.32645],[-80.89325,36.3411],[-80.90578,36.3611],[-80.91714,36.36756],[-80.92377,36.36445],[-80.93099,36.36671],[-80.95578,36.38473],[-80.95517,36.3946],[-80.96715,36.40202],[-80.94718,36.41907],[-80.97364,36.45347],[-80.96388,36.45928],[-80.92691,36.50122],[-80.92163,36.52591],[-80.91754,36.52411],[-80.90164,36.56177],[-80.83777,36.55914],[-80.7046,36.5623],[-80.29408,36.54404],[-79.51364,36.5409],[-79.53186,36.24967],[-79.25795,36.24345],[-79.26403,35.91411],[-79.26715,35.91369],[-79.26824,35.90918]]]}},{"type":"Feature","properties":{"std_name":"Harrisonburg-Staunton-Stuarts Draft, VA CSA","std_geoid":"277","pen":"statisticians","std_note":null,"LSAD":"M0","NAME":"Harrisonburg-Staunton-Stuarts Draft, VA"},"geometry":{"type":"Polygon","coordinates":[[[-79.09445,38.65892],[-79.0843,38.68651],[-79.09076,38.69252],[-79.09296,38.702],[-79.07905,38.73721],[-79.07236,38.74781],[-79.05755,38.76021],[-79.05565,38.77091],[-79.05155,38.77261],[-79.05495,38.78571],[-79.04655,38.79211],[-79.02725,38.79211],[-79.02304,38.79861],[-79.02405,38.80921],[-79.01984,38.81171],[-79.01953,38.81791],[-79.00655,38.82371],[-78.99901,38.84007],[-79.00025,38.84541],[-78.99376,38.85002],[-78.64177,38.60472],[-78.65439,38.59175],[-78.67573,38.534],[-78.69131,38.51001],[-78.64631,38.49164],[-78.63399,38.49741],[-78.63064,38.49511],[-78.63256,38.48632],[-78.61749,38.47419],[-78.62253,38.46581],[-78.55846,38.44709],[-78.54784,38.42619],[-78.54015,38.42646],[-78.53803,38.42967],[-78.48574,38.42158],[-78.48672,38.41611],[-78.49999,38.39878],[-78.50802,38.39327],[-78.51579,38.39283],[-78.51864,38.38125],[-78.52642,38.37244],[-78.52279,38.36951],[-78.54393,38.36332],[-78.54687,38.35291],[-78.55381,38.3485],[-78.55314,38.33482],[-78.56723,38.32824],[-78.58751,38.32483],[-78.60104,38.31468],[-78.60272,38.30689],[-78.62852,38.30002],[-78.63527,38.29163],[-78.65121,38.29346],[-78.6639,38.27668],[-78.66065,38.27026],[-78.6664,38.26605],[-78.65515,38.26063],[-78.66219,38.25348],[-78.66981,38.24733],[-78.68103,38.25491],[-78.69524,38.24646],[-78.70657,38.24644],[-78.71124,38.23864],[-78.72627,38.23195],[-78.73639,38.2201],[-78.74214,38.21772],[-78.75186,38.20258],[-78.75261,38.19424],[-78.77177,38.1661],[-78.77148,38.15516],[-78.77543,38.14101],[-78.77908,38.13989],[-78.7795,38.13209],[-78.78804,38.12679],[-78.78529,38.1197],[-78.78754,38.11729],[-78.78065,38.11278],[-78.77904,38.10649],[-78.78382,38.10081],[-78.7772,38.09322],[-78.78108,38.08076],[-78.78603,38.08167],[-78.79365,38.07781],[-78.79218,38.07044],[-78.79631,38.06747],[-78.82993,38.05403],[-78.85519,38.03579],[-78.8581,38.02943],[-78.87369,38.02862],[-78.88195,38.01818],[-78.8819,38.00869],[-78.88793,37.99662],[-78.89759,37.99501],[-78.90705,37.98722],[-78.90757,37.97607],[-78.89361,37.97715],[-78.89261,37.97496],[-78.90241,37.95805],[-78.90228,37.9514],[-78.89909,37.9488],[-78.90943,37.94535],[-78.91996,37.94628],[-78.92675,37.94007],[-78.94186,37.94041],[-78.95695,37.92588],[-78.95907,37.92026],[-78.95505,37.91645],[-78.97029,37.91268],[-78.98112,37.90596],[-78.98747,37.89587],[-79.00579,37.88159],[-79.01647,37.88805],[-79.01722,37.89345],[-79.04455,37.89089],[-79.04569,37.89775],[-79.05018,37.89997],[-79.05226,37.91279],[-79.05681,37.91263],[-79.06245,37.9176],[-79.06911,37.91336],[-79.0764,37.91513],[-79.09122,37.91093],[-79.1013,37.90374],[-79.11609,37.90206],[-79.12222,37.89598],[-79.14594,37.88888],[-79.15063,37.89262],[-79.15743,37.891],[-79.18398,37.91419],[-79.33776,38.00019],[-79.48267,38.08605],[-79.49325,38.09538],[-79.47057,38.12313],[-79.44512,38.14757],[-79.43694,38.16324],[-79.44575,38.1684],[-79.45833,38.16306],[-79.48392,38.17027],[-79.50918,38.15494],[-79.52704,38.15183],[-79.53331,38.1548],[-79.52156,38.16259],[-79.52732,38.1708],[-79.51168,38.17683],[-79.51209,38.18201],[-79.50448,38.18562],[-79.50298,38.19116],[-79.49234,38.19508],[-79.49595,38.20092],[-79.47725,38.21101],[-79.48107,38.21674],[-79.46481,38.22223],[-79.4381,38.21623],[-79.43367,38.22949],[-79.42304,38.23228],[-79.41868,38.23995],[-79.40962,38.2432],[-79.39961,38.26067],[-79.40718,38.26914],[-79.40599,38.27515],[-79.40866,38.27835],[-79.40179,38.28682],[-79.40061,38.29333],[-79.39141,38.29213],[-79.38763,38.30873],[-79.38156,38.31823],[-79.37089,38.32999],[-79.36347,38.3308],[-79.36766,38.33545],[-79.36186,38.34324],[-79.35647,38.34466],[-79.35456,38.35222],[-79.33702,38.36064],[-79.34028,38.36659],[-79.33351,38.37688],[-79.32815,38.37747],[-79.32529,38.3813],[-79.31637,38.37866],[-79.30849,38.38296],[-79.30854,38.39375],[-79.32264,38.40129],[-79.32107,38.40639],[-79.29078,38.42102],[-79.28294,38.4181],[-79.27968,38.42373],[-79.28253,38.43191],[-79.26732,38.43827],[-79.25448,38.45593],[-79.24239,38.45449],[-79.23988,38.47008],[-79.22567,38.47647],[-79.21907,38.48744],[-79.21059,38.49291],[-79.20696,38.50352],[-79.21096,38.50802],[-79.20586,38.52452],[-79.18406,38.55152],[-79.17666,38.56552],[-79.17095,38.56812],[-79.17086,38.57412],[-79.15826,38.59312],[-79.15926,38.60092],[-79.15436,38.60652],[-79.15146,38.62022],[-79.13756,38.63802],[-79.13076,38.65372],[-79.12045,38.66021],[-79.10636,38.65622],[-79.09445,38.65892]]]}},{"type":"Feature","properties":{"std_name":"Houston-Pasadena, TX CSA","std_geoid":"288","pen":"statisticians","std_note":null,"LSAD":"M0","NAME":"Houston-Pasadena, TX"},"geometry":{"type":"Polygon","coordinates":[[[-96.09316,30.22519],[-96.08894,30.22872],[-95.80431,30.24557],[-95.80439,30.33867],[-95.81731,30.49874],[-95.83007,30.62905],[-95.86227,30.86536],[-95.85039,30.86768],[-95.84912,30.86303],[-95.83334,30.86515],[-95.82947,30.86211],[-95.82123,30.86919],[-95.81306,30.86761],[-95.79642,30.8782],[-95.78493,30.87896],[-95.75952,30.89889],[-95.74333,30.90242],[-95.73893,30.89926],[-95.73328,30.90008],[-95.71629,30.91145],[-95.71242,30.91081],[-95.7096,30.90548],[-95.69569,30.90724],[-95.69753,30.90411],[-95.6916,30.9011],[-95.68603,30.90116],[-95.68271,30.90613],[-95.67138,30.90329],[-95.66638,30.90505],[-95.65952,30.89904],[-95.66116,30.89674],[-95.65493,30.89651],[-95.65523,30.89329],[-95.64355,30.90012],[-95.62977,30.89993],[-95.62935,30.90926],[-95.61966,30.91375],[-95.61623,30.9102],[-95.6138,30.91427],[-95.61562,30.91676],[-95.61199,30.91764],[-95.62185,30.92509],[-95.61787,30.93042],[-95.43478,31.0581],[-95.43434,30.9374],[-95.42107,30.93643],[-95.41144,30.93096],[-95.41399,30.91806],[-95.4109,30.91263],[-95.4155,30.90786],[-95.4065,30.90616],[-95.40474,30.89806],[-95.39969,30.89289],[-95.38125,30.88706],[-95.38135,30.8793],[-95.39943,30.88151],[-95.39157,30.87597],[-95.39838,30.86718],[-95.39741,30.85828],[-95.38328,30.85296],[-95.35399,30.85621],[-95.34969,30.86065],[-95.35069,30.86788],[-95.34396,30.8758],[-95.33767,30.8725],[-95.32788,30.85934],[-95.3139,30.8731],[-95.31678,30.87985],[-95.31127,30.88582],[-95.3129,30.89787],[-95.29845,30.9026],[-95.28018,30.90129],[-95.25239,30.90672],[-95.24674,30.90443],[-95.23069,30.88668],[-95.2431,30.86686],[-95.23603,30.85811],[-95.23099,30.84115],[-95.20764,30.83238],[-95.18843,30.8181],[-95.18099,30.81882],[-95.17404,30.80758],[-95.15685,30.80043],[-95.13798,30.78419],[-95.13194,30.78316],[-95.13953,30.77487],[-95.13156,30.75753],[-95.13562,30.74815],[-95.14603,30.74237],[-95.14223,30.72902],[-95.14707,30.71739],[-95.13806,30.70639],[-95.1349,30.69331],[-95.11929,30.69658],[-95.10986,30.69419],[-95.11953,30.67733],[-95.11069,30.67199],[-95.11604,30.66499],[-95.115,30.661],[-95.1017,30.65866],[-95.09268,30.66261],[-95.08999,30.67183],[-95.07928,30.66942],[-95.055,30.68033],[-95.05454,30.67143],[-95.03861,30.67577],[-95.03423,30.67421],[-95.03272,30.6718],[-95.04096,30.66597],[-95.0402,30.66328],[-95.02362,30.66025],[-95.02083,30.65437],[-95.01254,30.6583],[-95.01028,30.65667],[-95.00936,30.65233],[-95.01318,30.64854],[-95.02292,30.65096],[-95.02474,30.64847],[-95.02103,30.63647],[-95.01595,30.63398],[-95.01587,30.62708],[-95.00883,30.6276],[-95.00686,30.60807],[-95.01597,30.60099],[-95.03182,30.59734],[-95.02901,30.59106],[-95.03586,30.58726],[-95.02974,30.57914],[-95.01571,30.57747],[-95.00347,30.58015],[-94.98539,30.57614],[-94.96573,30.57659],[-94.94936,30.5705],[-94.93728,30.55798],[-94.91045,30.56151],[-94.88957,30.55636],[-94.87521,30.54607],[-94.84202,30.54609],[-94.83043,30.54161],[-94.83356,30.53036],[-94.85258,30.52435],[-94.85735,30.51714],[-94.86709,30.51142],[-94.86437,30.49449],[-94.77734,30.489],[-94.73273,30.49007],[-94.59634,30.1121],[-94.44491,30.11302],[-94.4422,29.88705],[-94.35798,29.88746],[-94.35339,29.57609],[-94.35488,29.50633],[-94.49945,29.45234],[-94.62519,29.39766],[-94.65031,29.38282],[-94.63605,29.37064],[-94.6239,29.34314],[-94.62903,29.32164],[-94.65036,29.29189],[-94.66622,29.28105],[-94.6803,29.2776],[-94.69231,29.27705],[-94.71331,29.28252],[-94.74117,29.25958],[-94.75074,29.24693],[-94.77269,29.23172],[-94.91217,29.15932],[-95.0002,29.10445],[-95.0864,29.06824],[-95.09162,29.06274],[-95.08726,29.058],[-95.0938,29.03333],[-95.10653,29.01494],[-95.13947,28.9917],[-95.18084,28.94893],[-95.22723,28.91038],[-95.30812,28.85883],[-95.31542,28.84221],[-95.33052,28.82829],[-95.37799,28.81028],[-95.42007,28.80562],[-95.49389,28.76534],[-95.53378,28.75026],[-95.77784,28.62527],[-96.07833,28.5],[-96.18224,28.45204],[-96.25819,28.40787],[-96.26707,28.38823],[-96.28231,28.375],[-96.30353,28.36502],[-96.32076,28.36287],[-96.32874,28.35205],[-96.34181,28.34238],[-96.34473,28.32599],[-96.35269,28.31292],[-96.37525,28.29076],[-96.3952,28.27974],[-96.38048,28.38086],[-96.32273,28.64294],[-96.32352,28.6756],[-96.30918,28.96329],[-96.64032,29.2478],[-96.34922,29.40605],[-96.30767,29.51452],[-96.17542,29.63381],[-96.1812,29.64124],[-96.1883,29.64289],[-96.19925,29.65647],[-96.20891,29.65641],[-96.22468,29.66489],[-96.24035,29.65782],[-96.24534,29.66337],[-96.25976,29.66933],[-96.26609,29.68665],[-96.27777,29.70011],[-96.27046,29.70583],[-96.27012,29.71658],[-96.28194,29.72701],[-96.29154,29.72806],[-96.29053,29.73419],[-96.29878,29.73804],[-96.29719,29.74972],[-96.31184,29.75636],[-96.31412,29.77119],[-96.31963,29.77565],[-96.31505,29.77953],[-96.31466,29.78601],[-96.32777,29.79841],[-96.33738,29.80127],[-96.33157,29.80403],[-96.33087,29.81445],[-96.34228,29.82463],[-96.34325,29.8297],[-96.3522,29.82734],[-96.35863,29.81891],[-96.37994,29.82551],[-96.38903,29.8213],[-96.39401,29.82423],[-96.41269,29.82465],[-96.42119,29.82938],[-96.42785,29.84089],[-96.43448,29.84162],[-96.4346,29.84769],[-96.4408,29.85361],[-96.45033,29.85644],[-96.46052,29.85467],[-96.4743,29.86742],[-96.48509,29.86734],[-96.5357,29.90733],[-96.62201,30.04433],[-96.62386,30.06671],[-96.63429,30.0757],[-96.63367,30.10614],[-96.64065,30.12058],[-96.65311,30.12999],[-96.64722,30.14517],[-96.68339,30.15104],[-96.68714,30.16435],[-96.702,30.15784],[-96.71499,30.14498],[-96.73544,30.14739],[-96.76694,30.13875],[-96.77302,30.14947],[-96.79455,30.16054],[-96.7416,30.19729],[-96.73985,30.20682],[-96.74399,30.21731],[-96.73904,30.22235],[-96.74254,30.227],[-96.73697,30.23188],[-96.73201,30.24367],[-96.72651,30.24379],[-96.72529,30.24691],[-96.71482,30.25105],[-96.71442,30.24728],[-96.70663,30.24463],[-96.70059,30.24955],[-96.6856,30.24892],[-96.68423,30.25795],[-96.67992,30.25898],[-96.67662,30.26672],[-96.67188,30.26743],[-96.66877,30.27568],[-96.6615,30.27875],[-96.65789,30.28778],[-96.64568,30.29143],[-96.63303,30.30031],[-96.62281,30.29826],[-96.60599,30.30212],[-96.60152,30.30853],[-96.59243,30.30634],[-96.57767,30.3123],[-96.57352,30.3107],[-96.56792,30.31324],[-96.56794,30.31731],[-96.56101,30.31941],[-96.56236,30.32246],[-96.55933,30.32376],[-96.54166,30.31782],[-96.53961,30.32109],[-96.52985,30.32023],[-96.51503,30.32608],[-96.50745,30.32181],[-96.49604,30.32436],[-96.48701,30.33788],[-96.48311,30.33327],[-96.47826,30.33316],[-96.46914,30.338],[-96.46227,30.33629],[-96.45651,30.3386],[-96.45856,30.34313],[-96.45514,30.34453],[-96.44884,30.34092],[-96.42275,30.34337],[-96.41859,30.34697],[-96.41999,30.35111],[-96.41247,30.35451],[-96.41189,30.35825],[-96.40892,30.35805],[-96.40609,30.35107],[-96.38406,30.35823],[-96.37797,30.35562],[-96.3753,30.36334],[-96.36861,30.36254],[-96.36997,30.36449],[-96.36051,30.36784],[-96.35802,30.37313],[-96.34067,30.36784],[-96.33466,30.37381],[-96.32981,30.37299],[-96.32549,30.3785],[-96.31762,30.37939],[-96.31279,30.3843],[-96.30155,30.38181],[-96.29912,30.37724],[-96.29058,30.37339],[-96.28676,30.36536],[-96.26868,30.35868],[-96.26244,30.36381],[-96.26292,30.37002],[-96.25175,30.36538],[-96.2209,30.37638],[-96.20976,30.37404],[-96.19954,30.38291],[-96.19823,30.39512],[-96.1945,30.39989],[-96.17446,30.39088],[-96.17554,30.37501],[-96.17061,30.37398],[-96.15914,30.37864],[-96.15076,30.37067],[-96.1504,30.36669],[-96.15554,30.36266],[-96.15263,30.35031],[-96.16047,30.34012],[-96.15279,30.32801],[-96.13794,30.32186],[-96.13655,30.31475],[-96.12527,30.31156],[-96.11951,30.30482],[-96.09859,30.31102],[-96.0944,30.30937],[-96.09364,30.3052],[-96.09934,30.29847],[-96.10032,30.29181],[-96.09693,30.289],[-96.08685,30.28941],[-96.08405,30.28506],[-96.09326,30.2755],[-96.09912,30.25517],[-96.08605,30.25254],[-96.08084,30.24431],[-96.08333,30.23831],[-96.09694,30.24301],[-96.10314,30.23868],[-96.10511,30.23241],[-96.09316,30.22519]]]}},{"type":"Feature","properties":{"std_name":"Jackson-Vicksburg-Brookhaven, MS CSA","std_geoid":"298","pen":"statisticians","std_note":null,"LSAD":"M0","NAME":"Jackson-Vicksburg-Brookhaven, MS"},"geometry":{"type":"Polygon","coordinates":[[[-90.84384,32.15904],[-90.85102,32.15468],[-90.8439,32.15254],[-90.85072,32.15276],[-90.84929,32.14862],[-90.85829,32.14244],[-90.84379,32.13862],[-90.84583,32.12837],[-90.86258,32.12485],[-90.86237,32.12169],[-90.86954,32.11994],[-90.87535,32.12176],[-90.87171,32.12663],[-90.87546,32.12748],[-90.87711,32.11995],[-90.88234,32.12147],[-90.87732,32.11645],[-90.8798,32.11429],[-90.90774,32.13189],[-90.91272,32.11851],[-90.92173,32.11784],[-90.91761,32.10736],[-90.92269,32.10497],[-90.91692,32.10211],[-90.92545,32.10085],[-90.92382,32.09714],[-90.91406,32.09715],[-90.92078,32.08696],[-90.91314,32.08744],[-90.9139,32.08378],[-90.91795,32.08068],[-90.93286,32.08137],[-90.93838,32.08526],[-90.9385,32.08064],[-90.94293,32.07834],[-90.94513,32.0794],[-90.94217,32.08697],[-90.94392,32.08941],[-90.94915,32.086],[-90.95246,32.09016],[-90.95194,32.08118],[-90.95737,32.08426],[-90.95838,32.09069],[-90.96631,32.08819],[-90.9606,32.09461],[-90.9616,32.09898],[-90.95735,32.1016],[-90.96122,32.10516],[-90.96995,32.09472],[-90.9787,32.09886],[-90.99087,32.09705],[-91.03021,32.11435],[-91.03081,32.12065],[-91.01761,32.12515],[-91.00721,32.13845],[-91.00291,32.16205],[-91.02501,32.16255],[-91.04181,32.17455],[-91.05831,32.18095],[-91.05891,32.17125],[-91.04971,32.15735],[-91.04851,32.15015],[-91.05356,32.12441],[-91.08163,32.13399],[-91.10118,32.13114],[-91.11099,32.12464],[-91.1314,32.12621],[-91.16282,32.13269],[-91.16977,32.14068],[-91.17435,32.15983],[-91.16966,32.18158],[-91.16206,32.19904],[-91.13177,32.21374],[-91.11301,32.20655],[-91.09211,32.22385],[-91.08371,32.22645],[-91.07111,32.22605],[-91.06141,32.21865],[-91.04651,32.24115],[-91.03901,32.24235],[-91.02661,32.23875],[-91.00291,32.22305],[-91.00321,32.19805],[-90.9997,32.1911],[-90.99494,32.19314],[-90.98338,32.21177],[-90.98029,32.2436],[-90.9694,32.25252],[-90.98298,32.27029],[-90.98408,32.27995],[-90.97947,32.2937],[-90.9746,32.29712],[-90.96415,32.29687],[-90.94978,32.28306],[-90.92223,32.29864],[-90.90285,32.31912],[-90.90072,32.33038],[-90.88572,32.35087],[-90.87564,32.37173],[-90.8786,32.37464],[-90.89071,32.37225],[-90.89718,32.35518],[-90.91236,32.33945],[-90.98667,32.35176],[-91.00011,32.35769],[-91.00471,32.36724],[-90.99469,32.39228],[-90.99408,32.40386],[-90.97534,32.41095],[-90.9685,32.41696],[-90.96599,32.42065],[-90.96686,32.4355],[-90.98001,32.44784],[-90.99549,32.45088],[-91.03191,32.43374],[-91.06781,32.44414],[-91.09531,32.45874],[-91.11311,32.47774],[-91.11731,32.49504],[-91.09984,32.52922],[-91.09788,32.54475],[-91.09374,32.54913],[-91.07615,32.5347],[-91.05091,32.50014],[-91.03811,32.49044],[-91.02091,32.48454],[-91.00011,32.48229],[-90.98758,32.49239],[-90.98767,32.49848],[-90.99487,32.50861],[-91.01348,32.51915],[-91.05771,32.53378],[-91.0754,32.54674],[-91.08041,32.55647],[-91.04355,32.57627],[-90.96404,32.57561],[-90.96338,32.41119],[-90.95321,32.44106],[-90.93983,32.45207],[-90.92648,32.45058],[-90.91769,32.44395],[-90.89475,32.4486],[-90.88147,32.44077],[-90.8751,32.44425],[-90.87087,32.45161],[-90.86136,32.44212],[-90.86057,32.57517],[-90.76808,32.57475],[-90.76278,32.57742],[-90.75365,32.57141],[-90.74094,32.57209],[-90.73346,32.5664],[-90.72834,32.56627],[-90.72586,32.57767],[-90.7317,32.58728],[-90.7232,32.59131],[-90.7164,32.61158],[-90.7207,32.62404],[-90.69873,32.62423],[-90.69141,32.63628],[-90.69475,32.64113],[-90.71654,32.64427],[-90.72327,32.65378],[-90.72415,32.66033],[-90.71213,32.67838],[-90.71221,32.68744],[-90.70442,32.69078],[-90.69717,32.68787],[-90.69488,32.67109],[-90.68417,32.66375],[-90.67584,32.66513],[-90.66768,32.67098],[-90.66375,32.68601],[-90.67139,32.69646],[-90.68868,32.70537],[-90.71773,32.709],[-90.73387,32.7187],[-90.74263,32.72922],[-90.73523,32.74381],[-90.73667,32.75425],[-90.73438,32.75718],[-90.72958,32.75722],[-90.71763,32.74799],[-90.70942,32.74744],[-90.69951,32.75013],[-90.6905,32.75756],[-90.68976,32.76588],[-90.69679,32.77304],[-90.70767,32.77779],[-90.71584,32.79341],[-90.71099,32.80552],[-90.69441,32.81535],[-90.70866,32.81797],[-90.71713,32.81435],[-90.7268,32.81961],[-90.73296,32.80998],[-90.73939,32.80895],[-90.74862,32.81822],[-90.75964,32.81401],[-90.75975,32.83576],[-90.65671,32.92251],[-90.44989,32.92329],[-90.44932,33.00901],[-90.36404,33.00987],[-90.37308,33.01328],[-90.38229,33.02204],[-90.3795,33.03872],[-90.38379,33.04756],[-90.39053,33.05009],[-90.41544,33.04898],[-90.42829,33.05734],[-90.43195,33.09592],[-90.42224,33.09904],[-90.42875,33.10903],[-90.42553,33.11482],[-90.42058,33.11626],[-90.4143,33.10145],[-90.40401,33.10547],[-90.39714,33.10474],[-90.38589,33.08807],[-90.37207,33.08436],[-90.36605,33.08755],[-90.36462,33.09359],[-90.3829,33.10749],[-90.38629,33.11281],[-90.38351,33.12098],[-90.37539,33.12581],[-90.36773,33.12465],[-90.36617,33.10366],[-90.35928,33.09408],[-90.35524,33.09383],[-90.34682,33.10162],[-90.35537,33.11269],[-90.35359,33.12285],[-90.34473,33.13374],[-90.33057,33.13535],[-90.33159,33.30282],[-90.32635,33.31186],[-90.31502,33.31023],[-90.3177,33.31735],[-90.31044,33.3204],[-90.30348,33.31637],[-90.30483,33.30957],[-90.29495,33.31488],[-90.28689,33.31232],[-90.29189,33.32371],[-90.27963,33.33951],[-90.28858,33.35772],[-90.29766,33.36227],[-90.31806,33.36303],[-90.32256,33.36794],[-90.32151,33.37512],[-89.74944,33.21448],[-89.7524,33.20714],[-89.75036,33.20559],[-89.75828,33.19513],[-89.761,33.19809],[-89.76988,33.19665],[-89.77873,33.19149],[-89.77481,33.18462],[-89.77891,33.18153],[-89.77411,33.17626],[-89.78356,33.16212],[-89.79577,33.15676],[-89.79442,33.14541],[-89.79213,33.14498],[-89.79481,33.14056],[-89.79142,33.14038],[-89.79935,33.13608],[-89.79499,33.13475],[-89.79593,33.12454],[-89.80496,33.11641],[-89.8084,33.1168],[-89.80604,33.11291],[-89.81181,33.11267],[-89.81058,33.11548],[-89.81362,33.11561],[-89.81616,33.11225],[-89.82124,33.11422],[-89.82487,33.11021],[-89.82304,33.10059],[-89.81887,33.0995],[-89.82435,33.09515],[-89.82364,33.09138],[-89.82736,33.08816],[-89.82456,33.08576],[-89.82868,33.08209],[-89.82371,33.08025],[-89.82546,33.07519],[-89.8213,33.0756],[-89.82267,33.06608],[-89.84151,33.05843],[-89.83884,33.05587],[-89.84006,33.05155],[-89.83754,33.05285],[-89.84006,33.04593],[-89.83634,33.04001],[-89.85672,33.02124],[-89.85842,33.01458],[-89.86775,33.0108],[-89.86933,33.00409],[-89.88155,32.99912],[-89.87771,32.99299],[-89.88393,32.98895],[-89.88673,32.9844],[-89.88465,32.98273],[-89.88827,32.98059],[-89.88288,32.97485],[-89.89421,32.96483],[-89.89323,32.96076],[-89.88822,32.95897],[-89.89585,32.94866],[-89.89269,32.94627],[-89.89907,32.94384],[-89.89606,32.93282],[-89.90645,32.92573],[-89.91591,32.92525],[-89.91459,32.92265],[-89.91799,32.92306],[-89.91821,32.92019],[-89.91514,32.91642],[-89.92001,32.91304],[-89.91784,32.91156],[-89.93787,32.90442],[-89.93397,32.89605],[-89.93822,32.89732],[-89.94192,32.89557],[-89.94089,32.89331],[-89.95176,32.88981],[-89.95824,32.89157],[-89.96601,32.88023],[-89.83954,32.8797],[-89.84042,32.88541],[-89.73002,32.88507],[-89.73015,32.57725],[-89.3226,32.57643],[-89.32269,32.22347],[-89.73106,32.22205],[-89.73007,32.04707],[-89.66209,32.04724],[-89.65443,32.01368],[-89.65302,31.78065],[-90.1231,31.75197],[-90.13127,31.75605],[-90.1436,31.74716],[-90.16371,31.74414],[-90.18414,31.73146],[-90.20356,31.72584],[-90.22992,31.72373],[-90.24519,31.71752],[-90.24389,31.35027],[-90.6333,31.34931],[-90.63323,31.61141],[-90.73733,31.61112],[-90.73565,31.81549],[-90.733,31.82998],[-90.71679,31.84458],[-90.7144,31.97763],[-90.72862,32.22512],[-90.73245,32.22514],[-90.73418,32.21871],[-90.7392,32.21605],[-90.73194,32.21497],[-90.73731,32.21167],[-90.73849,32.20558],[-90.74101,32.20833],[-90.74239,32.20587],[-90.74576,32.20732],[-90.74702,32.20335],[-90.7501,32.20821],[-90.75435,32.2062],[-90.75074,32.1955],[-90.76324,32.19618],[-90.76413,32.19163],[-90.76766,32.19481],[-90.77663,32.18949],[-90.77685,32.19375],[-90.78669,32.18304],[-90.78645,32.17943],[-90.79038,32.17818],[-90.79005,32.17472],[-90.78538,32.17562],[-90.78554,32.17097],[-90.78069,32.17188],[-90.77629,32.1675],[-90.77563,32.16279],[-90.76945,32.16539],[-90.76679,32.16303],[-90.77065,32.15465],[-90.77425,32.15366],[-90.77554,32.15743],[-90.79287,32.15157],[-90.79193,32.1479],[-90.79678,32.14642],[-90.79225,32.14444],[-90.79829,32.14282],[-90.80002,32.14971],[-90.80332,32.15258],[-90.80923,32.15185],[-90.80671,32.15508],[-90.81124,32.15548],[-90.80964,32.14706],[-90.8149,32.14206],[-90.81397,32.13895],[-90.81864,32.13972],[-90.81981,32.13707],[-90.82965,32.14486],[-90.82975,32.15149],[-90.82611,32.15627],[-90.84384,32.15904]]]}},{"type":"Feature","properties":{"std_name":"Johnstown-Somerset, PA CSA","std_geoid":"306","pen":"statisticians","std_note":null,"LSAD":"M0","NAME":"Johnstown-Somerset, PA"},"geometry":{"type":"Polygon","coordinates":[[[-78.54456,40.48418],[-78.5404,40.47621],[-78.54208,40.4694],[-78.55772,40.44156],[-78.55289,40.43478],[-78.56147,40.36967],[-78.60224,40.35363],[-78.62522,40.3143],[-78.6364,40.30551],[-78.64271,40.28307],[-78.65174,40.28152],[-78.64382,40.25914],[-78.6583,40.24323],[-78.66141,40.2311],[-78.67696,40.21121],[-78.73985,40.06957],[-78.75202,40.07492],[-78.76321,40.057],[-78.75724,39.82348],[-78.76704,39.79538],[-78.80839,39.72291],[-79.39246,39.72158],[-79.38946,39.72708],[-79.39266,39.73268],[-79.40996,39.73498],[-79.40796,39.74198],[-79.39406,39.74328],[-79.39966,39.75438],[-79.39856,39.75828],[-79.38626,39.76188],[-79.37866,39.76888],[-79.38026,39.77318],[-79.39166,39.77798],[-79.39496,39.78338],[-79.38306,39.78248],[-79.38006,39.79008],[-79.35856,39.78138],[-79.35126,39.78658],[-79.36256,39.78848],[-79.36706,39.79328],[-79.36885,39.80146],[-79.36396,39.80678],[-79.3657,39.82055],[-79.36911,39.82467],[-79.37333,39.82777],[-79.38207,39.82708],[-79.38196,39.83686],[-79.41756,39.85378],[-79.39872,39.90063],[-79.38762,39.9157],[-79.39156,39.9195],[-79.38396,39.92449],[-79.3783,39.93665],[-79.37288,39.93652],[-79.35412,39.95806],[-79.34254,39.9763],[-79.34258,39.98206],[-79.33847,39.98201],[-79.29388,40.04045],[-79.27821,40.05034],[-79.27877,40.05554],[-79.26725,40.06587],[-79.26774,40.07427],[-79.25892,40.07979],[-79.25601,40.08846],[-79.24679,40.09371],[-79.24059,40.09233],[-79.23746,40.09623],[-79.22667,40.09825],[-79.22086,40.11274],[-79.21379,40.11799],[-79.20295,40.11493],[-79.19713,40.1187],[-79.19397,40.11189],[-79.18703,40.10955],[-79.17425,40.1206],[-79.1622,40.14277],[-79.16126,40.16087],[-79.14977,40.16037],[-79.14002,40.1639],[-79.14331,40.17989],[-79.13439,40.17872],[-79.12674,40.18328],[-79.12771,40.18735],[-79.12374,40.19302],[-79.12616,40.20039],[-79.1146,40.20504],[-79.11408,40.21063],[-79.10698,40.21431],[-79.10907,40.21832],[-79.10318,40.21791],[-79.10029,40.22234],[-79.10464,40.22448],[-79.09834,40.22734],[-79.10245,40.23217],[-79.09591,40.23263],[-79.09169,40.24033],[-79.08634,40.24239],[-79.08673,40.24534],[-79.07806,40.25256],[-79.07957,40.25793],[-79.07366,40.26658],[-79.05665,40.2786],[-79.05512,40.28918],[-79.0373,40.30726],[-79.03694,40.31406],[-79.0312,40.3181],[-79.02002,40.33561],[-79.00993,40.34048],[-79.00608,40.3512],[-78.99817,40.35617],[-78.92192,40.48351],[-78.85969,40.60704],[-78.80886,40.72106],[-78.79923,40.7171],[-78.80229,40.72462],[-78.63558,40.72307],[-78.52983,40.72592],[-78.34867,40.72344],[-78.4085,40.64433],[-78.43233,40.64776],[-78.43966,40.64481],[-78.44216,40.64119],[-78.44101,40.6316],[-78.44632,40.62416],[-78.44121,40.59724],[-78.44934,40.5903],[-78.48553,40.54135],[-78.49756,40.53916],[-78.53038,40.51914],[-78.53982,40.50629],[-78.54456,40.48418]]]}},{"type":"Feature","properties":{"std_name":"Lafayette-New Iberia-Opelousas, LA CSA","std_geoid":"318","pen":"statisticians","std_note":null,"LSAD":"M0","NAME":"Lafayette-New Iberia-Opelousas, LA"},"geometry":{"type":"Polygon","coordinates":[[[-92.21148,30.56813],[-92.21042,30.61946],[-92.20384,30.62552],[-92.20467,30.64075],[-92.20028,30.6478],[-92.20045,30.65615],[-92.18657,30.6662],[-92.17894,30.66647],[-92.1746,30.67589],[-92.17248,30.67383],[-92.17231,30.76791],[-92.18182,30.76985],[-92.1886,30.77702],[-92.20669,30.78454],[-92.21139,30.79316],[-92.21259,30.84861],[-91.81526,30.84811],[-91.80462,30.84073],[-91.79846,30.82899],[-91.80752,30.8203],[-91.80729,30.81107],[-91.77744,30.79357],[-91.76776,30.78392],[-91.75522,30.75657],[-91.75794,30.74099],[-91.7519,30.7358],[-91.73367,30.70173],[-91.7362,30.67925],[-91.73149,30.66977],[-91.74643,30.65878],[-91.741,30.63254],[-91.754,30.61743],[-91.75089,30.60132],[-91.7573,30.56425],[-91.74218,30.53158],[-91.73282,30.52031],[-91.73143,30.51212],[-91.73592,30.50824],[-91.75115,30.5081],[-91.75621,30.49813],[-91.70134,30.49775],[-91.70132,30.49256],[-91.69245,30.4813],[-91.68549,30.47634],[-91.67477,30.47455],[-91.64572,30.44422],[-91.64008,30.44267],[-91.63717,30.43487],[-91.63957,30.42903],[-91.62809,30.41391],[-91.63002,30.40708],[-91.62466,30.39437],[-91.62903,30.37793],[-91.64332,30.37247],[-91.64812,30.36507],[-91.62548,30.35421],[-91.62721,30.3492],[-91.62441,30.33818],[-91.62754,30.3301],[-91.62105,30.30994],[-91.58996,30.27705],[-91.58773,30.27328],[-91.5911,30.2637],[-91.58804,30.25711],[-91.56276,30.24195],[-91.51064,30.24066],[-91.4753,30.22949],[-91.48787,30.2114],[-91.4903,30.20157],[-91.4718,30.18627],[-91.46789,30.16038],[-91.46818,30.14896],[-91.4724,30.14213],[-91.46131,30.13125],[-91.47214,30.11416],[-91.4639,30.10268],[-91.38884,30.10244],[-91.38949,30.09937],[-91.37802,30.09485],[-91.37642,30.08621],[-91.37176,30.08156],[-91.36875,30.0724],[-91.37207,30.06245],[-91.36674,30.0547],[-91.35377,30.06109],[-91.26909,30.05931],[-91.25594,30.03978],[-91.24191,30.02953],[-91.23003,30.0419],[-91.22355,30.04079],[-91.22196,30.03064],[-91.23589,30.00113],[-91.25939,30.0002],[-91.25993,29.9856],[-91.2514,29.95759],[-91.24563,29.95601],[-91.24786,29.95175],[-91.24273,29.94378],[-91.22994,29.93366],[-91.23181,29.91786],[-91.21526,29.90863],[-91.20793,29.89951],[-91.20026,29.86179],[-91.18734,29.84869],[-91.15023,29.83683],[-91.13184,29.83699],[-91.12066,29.82792],[-91.11105,29.82655],[-91.10595,29.8167],[-91.09941,29.81465],[-91.09268,29.801],[-91.09902,29.78958],[-91.09993,29.78459],[-91.09598,29.77891],[-91.10037,29.77256],[-91.08947,29.75555],[-91.09536,29.73703],[-91.10356,29.73664],[-91.10655,29.73349],[-91.10001,29.6994],[-91.11227,29.70293],[-91.13412,29.72407],[-91.1597,29.72382],[-91.18134,29.72864],[-91.19529,29.74042],[-91.21519,29.75121],[-91.2294,29.74892],[-91.29858,29.76497],[-91.35177,29.76628],[-91.38649,29.78368],[-91.37364,29.8344],[-91.40113,29.87353],[-91.41291,29.90421],[-91.47196,29.94796],[-91.47195,29.9563],[-91.62435,29.94546],[-91.71128,29.84613],[-91.84105,29.75041],[-91.93529,29.67194],[-91.72325,29.6613],[-91.5913,29.5077],[-91.59186,29.35938],[-91.61927,29.36202],[-91.64404,29.37555],[-91.66253,29.37459],[-91.6889,29.36159],[-91.71219,29.36063],[-91.73672,29.36965],[-91.74904,29.38071],[-91.76292,29.38575],[-91.77749,29.39608],[-91.79318,29.38254],[-91.83277,29.36256],[-91.84939,29.35907],[-91.87503,29.36199],[-91.89642,29.37409],[-91.90635,29.3874],[-91.91301,29.40568],[-91.91321,29.42021],[-91.96483,29.43939],[-91.98387,29.46071],[-92.00731,29.46337],[-92.02275,29.47064],[-92.03653,29.48334],[-92.04562,29.50581],[-92.07805,29.53149],[-92.10008,29.53167],[-92.11414,29.53514],[-92.14667,29.53204],[-92.18332,29.51833],[-92.23166,29.49189],[-92.26398,29.48415],[-92.29367,29.4815],[-92.35366,29.48872],[-92.40502,29.50029],[-92.61731,29.52713],[-92.61603,30.03826],[-92.73722,30.03746],[-92.72387,30.04865],[-92.69763,30.05401],[-92.69505,30.06177],[-92.68464,30.0595],[-92.67388,30.07064],[-92.66078,30.06908],[-92.65416,30.07904],[-92.64957,30.07308],[-92.64351,30.07443],[-92.63911,30.07177],[-92.6314,30.07798],[-92.63278,30.0849],[-92.62639,30.08525],[-92.6299,30.08779],[-92.62839,30.09183],[-92.61822,30.09514],[-92.62095,30.09994],[-92.61818,30.1034],[-92.62003,30.10949],[-92.62389,30.10998],[-92.62595,30.11777],[-92.62255,30.12119],[-92.62841,30.12545],[-92.62274,30.12801],[-92.62166,30.13275],[-92.6279,30.13233],[-92.62811,30.1365],[-92.6225,30.14752],[-92.615,30.14922],[-92.60773,30.15942],[-92.6152,30.16597],[-92.6117,30.17146],[-92.61873,30.17552],[-92.60744,30.17524],[-92.60315,30.18004],[-92.59253,30.17987],[-92.59026,30.19151],[-92.59493,30.19646],[-92.58966,30.20269],[-92.58321,30.20043],[-92.58758,30.20453],[-92.59303,30.20465],[-92.59293,30.20734],[-92.6009,30.20564],[-92.60667,30.20875],[-92.61228,30.21325],[-92.61144,30.21572],[-92.61598,30.21687],[-92.61297,30.21836],[-92.61516,30.22475],[-92.62311,30.22784],[-92.62105,30.2316],[-92.62669,30.23053],[-92.62306,30.23218],[-92.6255,30.23316],[-92.6255,30.23965],[-92.62248,30.24176],[-92.62586,30.24612],[-92.62188,30.25082],[-92.62689,30.25409],[-92.62784,30.2587],[-92.62358,30.25882],[-92.62773,30.26485],[-92.62401,30.26728],[-92.62587,30.27417],[-92.6224,30.27603],[-92.62248,30.27885],[-92.62552,30.27883],[-92.6248,30.28435],[-92.6288,30.28563],[-92.62474,30.28728],[-92.62708,30.29045],[-92.62349,30.29125],[-92.62824,30.29632],[-92.6225,30.30688],[-92.62548,30.30828],[-92.62121,30.30833],[-92.62809,30.31587],[-92.63216,30.31429],[-92.63229,30.31708],[-92.62835,30.3213],[-92.62404,30.31949],[-92.6229,30.32357],[-92.62727,30.32254],[-92.62589,30.32682],[-92.62267,30.32994],[-92.62019,30.32857],[-92.61892,30.33253],[-92.62159,30.33448],[-92.61853,30.33611],[-92.62799,30.34725],[-92.62692,30.35433],[-92.62377,30.35578],[-92.629,30.36228],[-92.62471,30.36709],[-92.63098,30.37458],[-92.62602,30.38248],[-92.62085,30.38256],[-92.62083,30.38615],[-92.6161,30.38513],[-92.61406,30.38884],[-92.6084,30.38588],[-92.60431,30.39008],[-92.60566,30.39831],[-92.60196,30.39929],[-92.60516,30.40562],[-92.60193,30.40716],[-92.6054,30.4072],[-92.60606,30.40872],[-92.60268,30.41607],[-92.59964,30.41617],[-92.60088,30.41887],[-92.59459,30.42034],[-92.59766,30.42948],[-92.60377,30.43519],[-92.60062,30.4378],[-92.60869,30.44099],[-92.61232,30.45052],[-92.6152,30.44912],[-92.62314,30.45661],[-92.62068,30.4587],[-92.62449,30.46149],[-92.62145,30.46486],[-92.62591,30.46585],[-92.63202,30.48118],[-92.49326,30.4805],[-92.47813,30.49508],[-92.46443,30.49505],[-92.46422,30.51403],[-92.45986,30.51819],[-92.46152,30.52424],[-92.45869,30.52814],[-92.45292,30.52768],[-92.44883,30.53442],[-92.44142,30.53317],[-92.43409,30.53683],[-92.43069,30.53374],[-92.42663,30.53859],[-92.26272,30.53874],[-92.26236,30.56827],[-92.21148,30.56813]]]}},{"type":"Feature","properties":{"std_name":"Lake Charles-DeRidder, LA CSA","std_geoid":"324","pen":"statisticians","std_note":null,"LSAD":"M0","NAME":"Lake Charles-DeRidder, LA"},"geometry":{"type":"Polygon","coordinates":[[[-93.13116,30.42359],[-93.06539,30.42435],[-93.06552,30.43868],[-92.77574,30.43762],[-92.77398,30.48822],[-92.63032,30.48801],[-92.63003,30.48357],[-92.63376,30.48268],[-92.62973,30.47733],[-92.63122,30.47541],[-92.62672,30.47323],[-92.62855,30.47089],[-92.62591,30.46585],[-92.62145,30.46486],[-92.62449,30.46149],[-92.62068,30.4587],[-92.62314,30.45661],[-92.6152,30.44912],[-92.61232,30.45052],[-92.60869,30.44099],[-92.60052,30.43762],[-92.60377,30.43519],[-92.59766,30.42948],[-92.59459,30.42034],[-92.60088,30.41887],[-92.59964,30.41617],[-92.60268,30.41607],[-92.60606,30.40872],[-92.60193,30.40716],[-92.60516,30.40562],[-92.60196,30.39929],[-92.60566,30.39831],[-92.60431,30.39008],[-92.6084,30.38588],[-92.61406,30.38884],[-92.6161,30.38513],[-92.62083,30.38615],[-92.62085,30.38256],[-92.62602,30.38248],[-92.63098,30.37458],[-92.62471,30.36709],[-92.629,30.36228],[-92.62377,30.35578],[-92.62692,30.35433],[-92.62799,30.34725],[-92.61853,30.33611],[-92.62159,30.33448],[-92.61892,30.33253],[-92.62019,30.32857],[-92.62267,30.32994],[-92.62589,30.32682],[-92.62727,30.32254],[-92.6229,30.32357],[-92.62404,30.31949],[-92.62835,30.3213],[-92.63229,30.31708],[-92.63216,30.31429],[-92.62809,30.31587],[-92.62121,30.30833],[-92.62548,30.30828],[-92.6225,30.30688],[-92.62824,30.29632],[-92.62349,30.29125],[-92.62708,30.29045],[-92.62474,30.28728],[-92.6288,30.28563],[-92.6248,30.28435],[-92.62552,30.27883],[-92.62248,30.27885],[-92.6224,30.27603],[-92.62587,30.27417],[-92.62401,30.26728],[-92.62773,30.26485],[-92.62358,30.25882],[-92.62784,30.2587],[-92.62689,30.25409],[-92.62188,30.25082],[-92.62586,30.24612],[-92.62248,30.24176],[-92.6255,30.23965],[-92.6255,30.23316],[-92.62306,30.23218],[-92.62669,30.23053],[-92.62105,30.2316],[-92.62311,30.22784],[-92.61516,30.22475],[-92.61297,30.21836],[-92.61598,30.21687],[-92.61144,30.21572],[-92.61228,30.21325],[-92.60667,30.20875],[-92.6009,30.20564],[-92.59293,30.20734],[-92.59303,30.20465],[-92.58309,30.20097],[-92.58966,30.20269],[-92.59493,30.19646],[-92.59026,30.19151],[-92.59253,30.17987],[-92.60315,30.18004],[-92.60744,30.17524],[-92.61873,30.17552],[-92.6117,30.17146],[-92.6152,30.16597],[-92.60773,30.15942],[-92.615,30.14922],[-92.6225,30.14752],[-92.62858,30.13481],[-92.62722,30.13203],[-92.62166,30.13275],[-92.62274,30.12801],[-92.62841,30.12545],[-92.62255,30.12119],[-92.62595,30.11777],[-92.62389,30.10998],[-92.62003,30.10949],[-92.61818,30.1034],[-92.62095,30.09994],[-92.61822,30.09514],[-92.62839,30.09183],[-92.6299,30.08779],[-92.62658,30.08471],[-92.63278,30.0849],[-92.63076,30.07941],[-92.63837,30.07181],[-92.64351,30.07443],[-92.64957,30.07308],[-92.65416,30.07904],[-92.66078,30.06908],[-92.67388,30.07064],[-92.68464,30.0595],[-92.69505,30.06177],[-92.69763,30.05401],[-92.72387,30.04865],[-92.73722,30.03746],[-92.61603,30.03826],[-92.61606,29.5271],[-92.66579,29.53787],[-92.7676,29.57093],[-92.96452,29.65454],[-93.02911,29.67786],[-93.12515,29.70621],[-93.22352,29.72642],[-93.26848,29.72744],[-93.28735,29.72433],[-93.29826,29.71034],[-93.31079,29.702],[-93.33929,29.69508],[-93.3655,29.69942],[-93.38725,29.71377],[-93.43276,29.71853],[-93.51459,29.71512],[-93.71155,29.69035],[-93.75,29.67973],[-93.77015,29.67083],[-93.76546,29.64413],[-93.77036,29.62392],[-93.78593,29.60594],[-93.80064,29.59834],[-93.81435,29.59658],[-93.83741,29.68989],[-93.87002,29.73548],[-93.89164,29.74462],[-93.89383,29.75303],[-93.89082,29.76167],[-93.89386,29.76729],[-93.9265,29.78956],[-93.92799,29.80964],[-93.91367,29.82719],[-93.86357,29.85718],[-93.83837,29.88285],[-93.81729,29.91842],[-93.80782,29.95455],[-93.7886,29.98884],[-93.77057,29.99653],[-93.75663,30.01416],[-93.74108,30.02157],[-93.73745,30.03728],[-93.7208,30.05304],[-93.71788,30.06555],[-93.71377,30.06569],[-93.71107,30.05439],[-93.70415,30.05421],[-93.69952,30.05858],[-93.7031,30.06626],[-93.71701,30.06958],[-93.73408,30.08613],[-93.73313,30.08837],[-93.73108,30.08952],[-93.72686,30.08227],[-93.72401,30.08263],[-93.72377,30.09413],[-93.71549,30.10053],[-93.71226,30.10904],[-93.70244,30.11272],[-93.70795,30.12002],[-93.70087,30.12311],[-93.70121,30.13746],[-93.69285,30.13521],[-93.6882,30.14136],[-93.6933,30.1419],[-93.69774,30.15295],[-93.70951,30.14667],[-93.70615,30.1506],[-93.707,30.15746],[-93.70082,30.16623],[-93.703,30.17169],[-93.69995,30.17553],[-93.70424,30.17419],[-93.70562,30.18065],[-93.71068,30.17986],[-93.70879,30.18635],[-93.71242,30.18717],[-93.71255,30.19246],[-93.70549,30.19292],[-93.70912,30.19721],[-93.71752,30.19308],[-93.71419,30.20866],[-93.71744,30.20621],[-93.72126,30.20961],[-93.71712,30.21204],[-93.71956,30.21475],[-93.71702,30.21613],[-93.72069,30.21548],[-93.71846,30.22],[-93.71306,30.21864],[-93.71118,30.22207],[-93.71364,30.22466],[-93.70951,30.22783],[-93.7135,30.2289],[-93.7111,30.23525],[-93.70449,30.23379],[-93.70945,30.23851],[-93.7031,30.23846],[-93.70953,30.24493],[-93.70554,30.2465],[-93.70905,30.24805],[-93.70893,30.25165],[-93.70298,30.26052],[-93.70727,30.26147],[-93.70622,30.26548],[-93.70882,30.26592],[-93.70545,30.26776],[-93.70867,30.26743],[-93.70776,30.27157],[-93.71042,30.27317],[-93.70653,30.2735],[-93.70406,30.27942],[-93.70942,30.28192],[-93.70458,30.28995],[-93.70835,30.29256],[-93.71291,30.28794],[-93.71227,30.29233],[-93.71552,30.29563],[-93.71541,30.29276],[-93.71898,30.29625],[-93.72421,30.29511],[-93.72551,30.29823],[-93.73756,30.29937],[-93.73455,30.30167],[-93.73852,30.30374],[-93.74242,30.30114],[-93.74435,30.30545],[-93.74092,30.30723],[-93.74861,30.31195],[-93.74687,30.31538],[-93.75018,30.31701],[-93.74782,30.31876],[-93.7562,30.326],[-93.75168,30.32935],[-93.75524,30.32839],[-93.75727,30.33235],[-93.76296,30.32945],[-93.76583,30.33274],[-93.75866,30.33902],[-93.76565,30.34341],[-93.75953,30.34232],[-93.76365,30.34604],[-93.75772,30.34998],[-93.76248,30.35304],[-93.75812,30.35469],[-93.76078,30.35985],[-93.75893,30.36097],[-93.7568,30.35616],[-93.75537,30.35958],[-93.75098,30.3599],[-93.75922,30.36802],[-93.75805,30.36969],[-93.75486,30.36609],[-93.75523,30.37885],[-93.75847,30.38403],[-93.75482,30.38631],[-93.75861,30.38619],[-93.75767,30.39044],[-93.75102,30.39648],[-93.74568,30.39657],[-93.73676,30.40548],[-93.73392,30.41493],[-93.72872,30.41355],[-93.72755,30.41872],[-93.72275,30.41956],[-93.72683,30.42364],[-93.72611,30.43072],[-93.72277,30.43198],[-93.71805,30.42258],[-93.71275,30.43317],[-93.70233,30.42984],[-93.70415,30.43435],[-93.69893,30.43723],[-93.69758,30.44223],[-93.69831,30.44493],[-93.70746,30.44505],[-93.7021,30.44976],[-93.70634,30.45814],[-93.69904,30.45881],[-93.71185,30.46944],[-93.71052,30.4755],[-93.71742,30.48382],[-93.70976,30.48265],[-93.71707,30.49445],[-93.70867,30.49912],[-93.71515,30.50127],[-93.70681,30.50707],[-93.70765,30.51107],[-93.71176,30.51092],[-93.70768,30.52134],[-93.71647,30.51923],[-93.72048,30.52433],[-93.73279,30.52996],[-93.73242,30.53637],[-93.74025,30.53957],[-93.72876,30.5453],[-93.73142,30.55286],[-93.72395,30.55922],[-93.72782,30.56592],[-93.72784,30.57407],[-93.72149,30.58055],[-93.71507,30.57902],[-93.71378,30.58758],[-93.70391,30.58844],[-93.69287,30.59438],[-93.6878,30.59014],[-93.69222,30.58571],[-93.68657,30.58572],[-93.68507,30.59209],[-93.67895,30.59364],[-93.68337,30.60825],[-93.68913,30.61141],[-93.68198,30.61858],[-93.68512,30.6252],[-93.68421,30.63188],[-93.68041,30.63488],[-93.68297,30.64125],[-93.67054,30.65263],[-93.67036,30.65801],[-93.65975,30.66205],[-93.65497,30.67019],[-93.64858,30.66765],[-93.64531,30.67348],[-93.63964,30.67251],[-93.63134,30.67787],[-93.62044,30.69414],[-93.62468,30.69994],[-93.61644,30.71239],[-93.61723,30.71858],[-93.61005,30.71829],[-93.60872,30.71523],[-93.60555,30.71681],[-93.61364,30.72214],[-93.60954,30.72314],[-93.60981,30.72734],[-93.61772,30.7289],[-93.60913,30.73004],[-93.61903,30.74034],[-93.60841,30.74666],[-93.6144,30.76006],[-93.60918,30.75726],[-93.60594,30.76459],[-93.60366,30.76011],[-93.5921,30.76367],[-93.59271,30.7751],[-93.58316,30.7786],[-93.58938,30.78668],[-93.58192,30.78898],[-93.58378,30.80178],[-93.56932,30.80296],[-93.56079,30.80863],[-93.56458,30.8164],[-93.55443,30.82352],[-93.55732,30.82842],[-93.5531,30.83311],[-93.55802,30.84007],[-93.56872,30.84418],[-93.55731,30.85208],[-93.56215,30.85933],[-93.5546,30.87746],[-93.54514,30.87644],[-93.54452,30.87955],[-93.53715,30.88121],[-93.53036,30.87808],[-93.52993,30.88032],[-93.52639,30.8779],[-93.52317,30.87978],[-93.52364,30.8759],[-93.51714,30.87563],[-93.50964,30.86853],[-93.50301,30.86951],[-93.50034,30.86503],[-93.49041,30.86606],[-93.47872,30.85918],[-93.47228,30.8641],[-93.46734,30.86346],[-93.46256,30.86899],[-93.45908,30.8662],[-93.4568,30.87027],[-93.44494,30.87154],[-93.43565,30.88182],[-93.4323,30.87977],[-93.42388,30.88374],[-93.15117,30.88361],[-93.13407,30.88313],[-93.13395,30.87777],[-92.97867,30.87814],[-92.9791,30.598],[-93.13073,30.59809],[-93.13116,30.42359]]]}},{"type":"Feature","properties":{"std_name":"Las Vegas-Henderson, NV CSA","std_geoid":"332","pen":"statisticians","std_note":null,"LSAD":"M0","NAME":"Las Vegas-Henderson, NV"},"geometry":{"type":"Polygon","coordinates":[[[-117.166,36.97111],[-117.16561,38.00169],[-117.21926,38.05035],[-117.24106,38.05012],[-117.24091,38.0699],[-117.62593,38.41611],[-118.19624,38.91906],[-118.19627,38.99993],[-117.77547,39.09343],[-117.50093,39.1394],[-117.33186,39.16343],[-115.90707,39.16185],[-115.56789,38.98321],[-115.00085,38.67732],[-115.00085,38.05076],[-115.89386,38.05053],[-115.89631,37.3778],[-115.89446,36.86172],[-115.89694,36.84217],[-115.74075,36.8419],[-115.74085,36.85308],[-115.31475,36.85366],[-114.76251,36.85347],[-114.7623,36.84386],[-114.05035,36.84314],[-114.04994,36.70952],[-114.04284,36.44817],[-114.04556,36.28884],[-114.04394,36.19335],[-114.05866,36.18783],[-114.0668,36.17909],[-114.08123,36.15021],[-114.0917,36.1373],[-114.09699,36.12082],[-114.10838,36.11915],[-114.12086,36.11085],[-114.12103,36.10388],[-114.112,36.09491],[-114.13339,36.06166],[-114.13572,36.04124],[-114.14567,36.03297],[-114.14699,36.02606],[-114.1534,36.02317],[-114.17468,36.02667],[-114.21355,36.01461],[-114.23344,36.01284],[-114.24386,36.01527],[-114.26438,36.02791],[-114.27086,36.04552],[-114.28799,36.04907],[-114.29859,36.05726],[-114.31359,36.05905],[-114.31242,36.06612],[-114.30438,36.07402],[-114.30694,36.08249],[-114.32581,36.10393],[-114.33463,36.10678],[-114.3451,36.11856],[-114.35897,36.12779],[-114.37018,36.14262],[-114.38148,36.14135],[-114.40562,36.14698],[-114.41525,36.14512],[-114.42311,36.13735],[-114.44504,36.12535],[-114.45649,36.13803],[-114.4626,36.13964],[-114.48383,36.12972],[-114.50472,36.12719],[-114.50921,36.13325],[-114.50024,36.14323],[-114.51122,36.15058],[-114.53109,36.14764],[-114.53923,36.15176],[-114.57109,36.1511],[-114.59647,36.14154],[-114.61545,36.12965],[-114.63047,36.14222],[-114.63581,36.13617],[-114.65551,36.12619],[-114.66434,36.1163],[-114.67187,36.11596],[-114.68185,36.10919],[-114.69366,36.11248],[-114.70374,36.10835],[-114.73486,36.10443],[-114.74891,36.09518],[-114.75451,36.08617],[-114.73529,36.05665],[-114.74248,36.0457],[-114.74126,36.03804],[-114.73342,36.03791],[-114.7221,36.02895],[-114.743,36.00845],[-114.73932,35.9918],[-114.74364,35.98578],[-114.74054,35.97554],[-114.72867,35.96176],[-114.71341,35.9319],[-114.7076,35.92795],[-114.70811,35.90993],[-114.69606,35.89646],[-114.66164,35.87123],[-114.66968,35.86504],[-114.6878,35.86073],[-114.69437,35.85446],[-114.70586,35.85051],[-114.70629,35.84622],[-114.69528,35.83109],[-114.70367,35.81461],[-114.71203,35.80553],[-114.69932,35.79048],[-114.70103,35.76968],[-114.69427,35.75663],[-114.69773,35.75097],[-114.69786,35.73166],[-114.7056,35.70827],[-114.70142,35.70108],[-114.68266,35.68857],[-114.68063,35.68405],[-114.69021,35.66516],[-114.68951,35.65143],[-114.67762,35.64177],[-114.66668,35.62307],[-114.65946,35.61955],[-114.65353,35.60967],[-114.6539,35.59849],[-114.65924,35.58748],[-114.67567,35.58003],[-114.66443,35.56843],[-114.66146,35.54406],[-114.65677,35.53496],[-114.6646,35.52152],[-114.67569,35.51563],[-114.67864,35.49763],[-114.67191,35.48209],[-114.67316,35.47481],[-114.66565,35.46691],[-114.66722,35.46037],[-114.6629,35.44645],[-114.65208,35.43013],[-114.62677,35.40964],[-114.6177,35.38013],[-114.60461,35.35524],[-114.59555,35.32655],[-114.59668,35.29456],[-114.5866,35.26239],[-114.57954,35.20891],[-114.57208,35.20079],[-114.56926,35.18342],[-114.5726,35.13956],[-114.57826,35.12881],[-114.59779,35.12174],[-114.62843,35.11894],[-114.64676,35.10187],[-114.64283,35.0965],[-114.61313,35.0831],[-114.60474,35.07483],[-114.60291,35.06859],[-114.60669,35.05894],[-114.62712,35.04472],[-114.63473,35.03373],[-114.63819,35.02207],[-114.63349,35.00186],[-115.25972,35.50354],[-115.87068,35.98292],[-116.48823,36.4591],[-117.166,36.97111]]]}},{"type":"Feature","properties":{"std_name":"Lexington-Fayette--Richmond--Frankfort, KY CSA","std_geoid":"336","pen":"statisticians","std_note":null,"LSAD":"M0","NAME":"Lexington-Fayette--Richmond--Frankfort, KY"},"geometry":{"type":"Polygon","coordinates":[[[-83.49885,38.05062],[-83.48334,38.04641],[-83.46361,38.04984],[-83.4652,38.04219],[-83.47846,38.03268],[-83.47951,38.0277],[-83.47538,38.02558],[-83.45565,38.03241],[-83.45509,38.02917],[-83.46868,38.02151],[-83.46341,38.01698],[-83.45043,38.01937],[-83.44991,38.03066],[-83.43864,38.03088],[-83.43394,38.03397],[-83.44434,37.94247],[-83.49603,37.89063],[-83.49911,37.87454],[-83.5066,37.8693],[-83.492,37.86404],[-83.49995,37.85684],[-83.517,37.85173],[-83.52619,37.83758],[-83.52415,37.83117],[-83.55141,37.82162],[-83.56363,37.82012],[-83.56262,37.82525],[-83.57553,37.81972],[-83.58233,37.82059],[-83.58184,37.82433],[-83.58545,37.8255],[-83.58731,37.81961],[-83.59099,37.81822],[-83.59828,37.82206],[-83.60025,37.83014],[-83.60835,37.8282],[-83.60547,37.83199],[-83.61718,37.83554],[-83.62139,37.8344],[-83.62798,37.82267],[-83.63037,37.82545],[-83.64322,37.82595],[-83.65082,37.8352],[-83.65656,37.8322],[-83.66086,37.83362],[-83.66343,37.83535],[-83.66127,37.83989],[-83.66622,37.84585],[-83.67221,37.84242],[-83.67567,37.84402],[-83.66804,37.84882],[-83.66735,37.85245],[-83.67381,37.85258],[-83.75618,37.89968],[-83.75907,37.90506],[-83.75594,37.91384],[-83.76327,37.91751],[-83.76997,37.91781],[-83.78201,37.90817],[-83.7996,37.90738],[-83.80647,37.90315],[-83.8116,37.90384],[-83.81453,37.90015],[-83.81592,37.90319],[-83.82829,37.90638],[-83.83272,37.90275],[-83.84143,37.9063],[-83.84418,37.90286],[-83.85264,37.90276],[-83.8625,37.90817],[-83.87741,37.90459],[-83.88004,37.91365],[-83.88633,37.91654],[-83.90816,37.91672],[-83.95964,37.9339],[-83.97955,37.92827],[-83.976,37.92354],[-83.98215,37.92468],[-83.98342,37.9224],[-83.98568,37.9249],[-83.99258,37.91438],[-83.98969,37.91307],[-83.99172,37.90326],[-83.98576,37.90294],[-83.99827,37.88748],[-83.99656,37.87812],[-84.00046,37.87504],[-84.00035,37.87072],[-84.00388,37.87044],[-84.00645,37.86005],[-84.01462,37.85819],[-84.01967,37.86959],[-84.02737,37.86945],[-84.02192,37.85786],[-84.0083,37.85347],[-84.01366,37.8534],[-84.01331,37.85059],[-84.00197,37.83759],[-83.9916,37.85016],[-83.98332,37.84304],[-83.979,37.84799],[-83.96293,37.84524],[-83.96459,37.83893],[-83.96039,37.82152],[-83.96399,37.80069],[-83.90971,37.76667],[-83.90593,37.7591],[-83.89071,37.75977],[-83.88671,37.75653],[-83.883,37.7586],[-83.87634,37.75196],[-83.86547,37.75218],[-83.85877,37.75887],[-83.83035,37.76525],[-83.82594,37.76249],[-83.82936,37.75166],[-83.82582,37.75165],[-83.82107,37.74557],[-83.80393,37.75675],[-83.79715,37.75813],[-83.79064,37.75532],[-83.78473,37.76048],[-83.77686,37.75978],[-83.77762,37.75608],[-83.76896,37.7411],[-83.75041,37.73657],[-83.75178,37.73386],[-83.74845,37.73184],[-83.73975,37.73019],[-83.73299,37.73283],[-83.72623,37.72797],[-83.72265,37.72895],[-83.7221,37.71642],[-83.74928,37.71516],[-83.76035,37.70242],[-83.76987,37.7002],[-83.77001,37.69666],[-83.77569,37.69673],[-83.78078,37.68781],[-83.8022,37.6777],[-83.80283,37.67303],[-83.81021,37.66756],[-83.82231,37.66544],[-83.82318,37.6602],[-83.8144,37.64471],[-83.8069,37.64247],[-83.80812,37.63603],[-83.81857,37.63306],[-83.83246,37.63626],[-83.865,37.61691],[-83.86581,37.61227],[-83.8581,37.60921],[-83.90557,37.54286],[-83.93985,37.57317],[-83.96524,37.58142],[-84.04502,37.56357],[-84.09036,37.56623],[-84.14206,37.56484],[-84.17184,37.55755],[-84.20004,37.52201],[-84.19821,37.51531],[-84.20415,37.51156],[-84.20531,37.50306],[-84.20005,37.49469],[-84.20406,37.48786],[-84.19599,37.47743],[-84.18926,37.45684],[-84.18282,37.45478],[-84.18399,37.44691],[-84.17524,37.44138],[-84.17567,37.4365],[-84.16895,37.43],[-84.16955,37.42623],[-84.15928,37.41737],[-84.16929,37.39692],[-84.16948,37.38541],[-84.14594,37.36874],[-84.1359,37.36761],[-84.12938,37.35861],[-84.14302,37.35234],[-84.13282,37.34891],[-84.13513,37.34302],[-84.1423,37.34518],[-84.14192,37.3403],[-84.1351,37.33361],[-84.13617,37.32986],[-84.14437,37.33075],[-84.14593,37.32748],[-84.1379,37.31976],[-84.13586,37.31204],[-84.13902,37.30906],[-84.15238,37.31057],[-84.14692,37.30354],[-84.15937,37.30346],[-84.1622,37.29793],[-84.16439,37.3009],[-84.17135,37.30016],[-84.17136,37.30707],[-84.17986,37.30408],[-84.18112,37.29572],[-84.18691,37.29289],[-84.19048,37.28554],[-84.19847,37.2853],[-84.20082,37.2802],[-84.20977,37.27974],[-84.21728,37.2831],[-84.21783,37.24243],[-84.22409,37.23884],[-84.22869,37.24221],[-84.22973,37.24793],[-84.23352,37.24812],[-84.23918,37.24187],[-84.23717,37.22925],[-84.24533,37.23097],[-84.25194,37.24035],[-84.257,37.23475],[-84.25788,37.22811],[-84.26672,37.22355],[-84.26285,37.2176],[-84.27205,37.21233],[-84.25928,37.20509],[-84.26475,37.20025],[-84.27406,37.20096],[-84.28099,37.19747],[-84.27833,37.18726],[-84.26757,37.18529],[-84.26563,37.18171],[-84.28481,37.1729],[-84.30009,37.17012],[-84.29673,37.16458],[-84.2888,37.16206],[-84.28908,37.15174],[-84.29228,37.16108],[-84.30048,37.16394],[-84.44629,37.27905],[-84.50293,37.3288],[-84.44672,37.48589],[-84.37421,37.47275],[-84.35474,37.49943],[-84.36133,37.514],[-84.35354,37.5216],[-84.3478,37.53906],[-84.35274,37.54509],[-84.35169,37.55264],[-84.36317,37.56363],[-84.365,37.57002],[-84.37088,37.57218],[-84.37234,37.59241],[-84.37555,37.59558],[-84.38595,37.59561],[-84.38925,37.59949],[-84.39753,37.60002],[-84.40114,37.61754],[-84.42257,37.61855],[-84.41463,37.62289],[-84.41823,37.62853],[-84.41196,37.63178],[-84.42531,37.63506],[-84.42528,37.6403],[-84.41795,37.64121],[-84.4228,37.64477],[-84.43002,37.64312],[-84.4274,37.64798],[-84.43115,37.65096],[-84.42802,37.65583],[-84.44677,37.6516],[-84.4369,37.65996],[-84.4425,37.66285],[-84.44005,37.66869],[-84.44606,37.66878],[-84.44266,37.67791],[-84.44714,37.68012],[-84.45425,37.67448],[-84.46502,37.68417],[-84.44949,37.69696],[-84.46098,37.69521],[-84.47407,37.70784],[-84.48408,37.70914],[-84.48393,37.72026],[-84.48798,37.72801],[-84.49026,37.72929],[-84.49535,37.72512],[-84.50323,37.73418],[-84.49374,37.74013],[-84.49448,37.74746],[-84.50204,37.74852],[-84.50517,37.75507],[-84.51472,37.75517],[-84.51215,37.76608],[-84.535,37.77031],[-84.53909,37.76587],[-84.53996,37.75429],[-84.55667,37.74825],[-84.57031,37.72871],[-84.57917,37.73072],[-84.58686,37.73484],[-84.58946,37.74001],[-84.58596,37.75261],[-84.59723,37.75312],[-84.60546,37.74302],[-84.61414,37.74523],[-84.61621,37.74832],[-84.6055,37.7553],[-84.60459,37.75909],[-84.61347,37.76767],[-84.62705,37.77413],[-84.63738,37.77318],[-84.64324,37.77878],[-84.64489,37.78735],[-84.64139,37.79261],[-84.62769,37.79721],[-84.61007,37.79171],[-84.60749,37.79524],[-84.60946,37.80043],[-84.61996,37.80492],[-84.65879,37.80962],[-84.66032,37.80604],[-84.64952,37.79009],[-84.6569,37.78392],[-84.66573,37.7831],[-84.67559,37.78817],[-84.67913,37.79601],[-84.67529,37.81929],[-84.67748,37.82854],[-84.69147,37.82907],[-84.71148,37.81656],[-84.72069,37.81747],[-84.72468,37.82483],[-84.72171,37.83573],[-84.71381,37.84261],[-84.69045,37.84862],[-84.68909,37.8548],[-84.6924,37.85885],[-84.7207,37.86219],[-84.74463,37.8509],[-84.7652,37.84784],[-84.77335,37.85582],[-84.77352,37.86198],[-84.75821,37.87233],[-84.76568,37.88125],[-84.76704,37.89028],[-84.7822,37.89206],[-84.77479,37.90647],[-84.78324,37.90681],[-84.7904,37.89866],[-84.79276,37.88812],[-84.79668,37.88706],[-84.80012,37.88925],[-84.80194,37.8969],[-84.79452,37.91095],[-84.79604,37.91642],[-84.80333,37.91868],[-84.81758,37.91179],[-84.82671,37.9171],[-84.82103,37.92687],[-84.7972,37.93395],[-84.7969,37.93675],[-84.80503,37.94285],[-84.81685,37.94428],[-84.82002,37.94915],[-84.81825,37.95305],[-84.79725,37.96353],[-84.79413,37.96719],[-84.79633,37.97009],[-84.88375,37.93989],[-84.89243,37.94362],[-84.88973,37.94675],[-84.89636,37.94771],[-84.90214,37.93843],[-84.91033,37.94111],[-84.91059,37.951],[-84.92228,37.94729],[-84.92162,37.95307],[-84.93309,37.95419],[-84.9335,37.94957],[-84.93778,37.95283],[-84.94804,37.94896],[-84.94862,37.94469],[-84.95627,37.94608],[-84.95738,37.93724],[-84.97335,37.93551],[-84.97933,37.91491],[-84.98651,37.91242],[-84.9874,37.90542],[-84.99312,37.90756],[-84.99554,37.90375],[-85.0011,37.9071],[-85.00023,37.9029],[-85.00737,37.89796],[-85.00798,37.89097],[-85.01636,37.89543],[-85.02129,37.89337],[-85.02142,37.88679],[-85.02758,37.88435],[-85.02874,37.89216],[-85.03464,37.8924],[-85.03448,37.88875],[-85.04013,37.88932],[-85.04296,37.88593],[-85.04156,37.89006],[-85.04891,37.89863],[-85.05167,37.89436],[-85.05916,37.89514],[-85.05952,37.89043],[-85.06778,37.8964],[-85.06586,37.88946],[-85.06816,37.8859],[-85.07459,37.88867],[-85.07799,37.8858],[-85.08083,37.895],[-85.08844,37.88765],[-85.10754,37.89312],[-85.10619,37.90925],[-85.12655,37.91717],[-85.12563,37.91248],[-85.13169,37.90454],[-85.13158,37.89978],[-85.14625,37.90161],[-85.13756,37.89376],[-85.14751,37.89101],[-85.14928,37.89735],[-85.1528,37.89766],[-85.16805,37.97292],[-85.16922,37.98137],[-85.16617,37.98717],[-85.17006,37.99429],[-85.16361,38.00162],[-85.16111,38.00076],[-85.16365,37.9913],[-85.15623,37.99299],[-85.15256,37.98815],[-85.14801,37.99648],[-85.15052,37.9996],[-85.14256,37.99688],[-85.14022,38.00261],[-85.1382,37.99743],[-85.13026,37.99616],[-85.12322,38.00984],[-85.12645,38.02029],[-85.11924,38.02095],[-85.12083,38.02576],[-85.1093,38.02717],[-85.10218,38.03712],[-85.08362,38.04088],[-85.07743,38.04598],[-85.0713,38.05815],[-85.06196,38.06251],[-85.05896,38.06814],[-85.04778,38.07234],[-85.05262,38.07544],[-85.05454,38.08422],[-85.04766,38.0975],[-85.04627,38.11096],[-85.03951,38.11944],[-85.02249,38.12761],[-85.02426,38.13059],[-85.01874,38.13631],[-85.01987,38.1422],[-85.0038,38.1602],[-85.01035,38.16492],[-85.00323,38.16746],[-85.00931,38.16879],[-85.0057,38.17153],[-85.00897,38.17532],[-85.00103,38.22615],[-84.9989,38.27498],[-84.95696,38.33227],[-84.99767,38.33559],[-84.90626,38.37484],[-84.89236,38.3552],[-84.88408,38.35153],[-84.88096,38.35687],[-84.84901,38.35464],[-84.83863,38.35696],[-84.82714,38.34819],[-84.80876,38.34931],[-84.79323,38.3385],[-84.74623,38.34948],[-84.70599,38.3701],[-84.64946,38.41657],[-84.62358,38.43119],[-84.55805,38.49292],[-84.55313,38.49031],[-84.5464,38.4668],[-84.53193,38.45889],[-84.5266,38.45065],[-84.52795,38.43325],[-84.48553,38.41032],[-84.4624,38.38446],[-84.45836,38.37475],[-84.46283,38.36396],[-84.46169,38.35348],[-84.45767,38.3514],[-84.46089,38.34842],[-84.4563,38.33676],[-84.44653,38.3288],[-84.44665,38.3244],[-84.43996,38.31926],[-84.43398,38.30679],[-84.43283,38.29944],[-84.44066,38.29648],[-84.44406,38.28378],[-84.429,38.27967],[-84.41498,38.28755],[-84.37876,38.27785],[-84.36757,38.28405],[-84.36159,38.29582],[-84.35561,38.28825],[-84.34548,38.2851],[-84.33409,38.28865],[-84.34239,38.29537],[-84.33186,38.29297],[-84.32308,38.29774],[-84.31916,38.29596],[-84.31289,38.30382],[-84.30457,38.30521],[-84.31004,38.30759],[-84.30881,38.31237],[-84.29407,38.30903],[-84.29658,38.31773],[-84.29104,38.317],[-84.29003,38.31224],[-84.28184,38.31246],[-84.19405,38.37175],[-84.16625,38.35491],[-84.13262,38.30455],[-84.12437,38.30714],[-84.12904,38.30474],[-84.12993,38.29461],[-84.11892,38.29512],[-84.11725,38.28855],[-84.1042,38.28601],[-84.10871,38.28131],[-84.11445,38.28611],[-84.11124,38.27943],[-84.12019,38.27552],[-84.11737,38.27222],[-84.10959,38.27522],[-84.10365,38.26987],[-84.10123,38.26532],[-84.10466,38.26192],[-84.10348,38.25899],[-84.09265,38.26053],[-84.09142,38.26455],[-84.09575,38.26798],[-84.08935,38.27292],[-84.0787,38.27271],[-84.08553,38.26654],[-84.08245,38.265],[-84.07684,38.26896],[-84.07343,38.26615],[-84.07887,38.2632],[-84.07926,38.25661],[-84.05711,38.25658],[-84.05769,38.24983],[-84.05251,38.24279],[-84.05701,38.24268],[-84.05314,38.23945],[-84.06256,38.23488],[-84.04464,38.22531],[-84.03288,38.22356],[-84.02764,38.21885],[-84.02908,38.21407],[-84.01297,38.21755],[-84.00404,38.224],[-84.00268,38.22139],[-84.0081,38.22005],[-84.00654,38.21492],[-83.99589,38.21507],[-84.0045,38.21115],[-83.99348,38.20743],[-83.99462,38.20423],[-83.99067,38.20301],[-83.98835,38.20433],[-83.99057,38.20835],[-83.9889,38.2194],[-83.97665,38.21991],[-83.97902,38.20785],[-83.96925,38.20877],[-83.97495,38.19639],[-83.97755,38.19846],[-83.98373,38.19487],[-83.97792,38.19212],[-83.84015,38.30241],[-83.82125,38.30027],[-83.82187,38.29462],[-83.81379,38.29035],[-83.81404,38.28309],[-83.80232,38.27916],[-83.79542,38.29215],[-83.78521,38.29471],[-83.77544,38.28569],[-83.76747,38.29425],[-83.76187,38.29511],[-83.75542,38.28448],[-83.74283,38.28506],[-83.73542,38.29361],[-83.72698,38.29335],[-83.7237,38.28554],[-83.73432,38.28123],[-83.73823,38.26815],[-83.73628,38.26324],[-83.7326,38.26217],[-83.72577,38.26888],[-83.70897,38.26754],[-83.70638,38.2601],[-83.7173,38.25229],[-83.70907,38.24378],[-83.6957,38.24862],[-83.69009,38.26175],[-83.68504,38.25586],[-83.6848,38.25149],[-83.69561,38.24362],[-83.69134,38.23215],[-83.69674,38.22598],[-83.69667,38.21277],[-83.70132,38.20729],[-83.69757,38.19812],[-83.68934,38.19761],[-83.69441,38.20938],[-83.68308,38.21438],[-83.67163,38.19696],[-83.66582,38.20193],[-83.65865,38.20104],[-83.64655,38.17096],[-83.63885,38.17827],[-83.63556,38.18748],[-83.6203,38.17559],[-83.6107,38.17722],[-83.61299,38.18776],[-83.60742,38.18146],[-83.6047,38.18308],[-83.60667,38.18732],[-83.59621,38.18399],[-83.60169,38.17951],[-83.59104,38.16955],[-83.60106,38.16875],[-83.59906,38.16367],[-83.60602,38.16439],[-83.60694,38.15953],[-83.61424,38.16082],[-83.61926,38.1534],[-83.61426,38.14915],[-83.62158,38.14912],[-83.6183,38.14227],[-83.6139,38.14131],[-83.61419,38.13767],[-83.60997,38.13709],[-83.61422,38.13558],[-83.61312,38.1324],[-83.60383,38.12959],[-83.60624,38.12436],[-83.5909,38.13376],[-83.58409,38.14626],[-83.57102,38.14725],[-83.56259,38.14281],[-83.55879,38.14605],[-83.55532,38.1355],[-83.55179,38.14241],[-83.54784,38.14188],[-83.55169,38.13853],[-83.54933,38.13182],[-83.55468,38.12387],[-83.55203,38.1221],[-83.55916,38.11611],[-83.55626,38.11303],[-83.53272,38.12043],[-83.52544,38.11935],[-83.51575,38.11071],[-83.51543,38.10791],[-83.52098,38.10731],[-83.52448,38.10054],[-83.52876,38.10232],[-83.53442,38.09469],[-83.51962,38.08889],[-83.5229,38.08446],[-83.51696,38.08468],[-83.51864,38.08015],[-83.51395,38.06965],[-83.50933,38.07248],[-83.50597,38.088],[-83.47956,38.0824],[-83.47692,38.08591],[-83.47196,38.0821],[-83.46494,38.08358],[-83.46276,38.0718],[-83.46519,38.06668],[-83.48048,38.06914],[-83.48721,38.06419],[-83.48737,38.05933],[-83.49856,38.05416],[-83.49885,38.05062]]]}},{"type":"Feature","properties":{"std_name":"Lincoln-Beatrice, NE CSA","std_geoid":"339","pen":"statisticians","std_note":null,"LSAD":"M0","NAME":"Lincoln-Beatrice, NE"},"geometry":{"type":"Polygon","coordinates":[[[-97.36812,41.04695],[-96.46387,41.04508],[-96.46371,40.00102],[-96.91641,40.00151],[-96.91349,40.69795],[-97.3684,40.69862],[-97.36812,41.04695]]]}},{"type":"Feature","properties":{"std_name":"Los Angeles-Long Beach, CA CSA","std_geoid":"348","pen":"statisticians","std_note":null,"LSAD":"M0","NAME":"Los Angeles-Long Beach, CA"},"geometry":{"type":"MultiPolygon","coordinates":[[[[-118.6682,33.48594],[-118.66371,33.50003],[-118.65574,33.51082],[-118.64406,33.52128],[-118.62592,33.52898],[-118.60501,33.53221],[-118.57914,33.52841],[-118.52938,33.53118],[-118.50676,33.52491],[-118.49334,33.51573],[-118.47728,33.51543],[-118.46285,33.51043],[-118.43684,33.48944],[-118.42709,33.48716],[-118.42084,33.48178],[-118.40323,33.47927],[-118.35939,33.46492],[-118.31635,33.43414],[-118.3041,33.40363],[-118.25771,33.36413],[-118.2451,33.33834],[-118.24129,33.32302],[-118.2427,33.30311],[-118.24908,33.28414],[-118.25918,33.27251],[-118.2807,33.25909],[-118.30284,33.251],[-118.32799,33.24808],[-118.36331,33.25507],[-118.38559,33.26536],[-118.40256,33.26794],[-118.43765,33.26702],[-118.48669,33.2769],[-118.51039,33.28966],[-118.53489,33.31518],[-118.54748,33.34048],[-118.55119,33.36935],[-118.54793,33.3768],[-118.59108,33.39087],[-118.61857,33.40619],[-118.63073,33.4232],[-118.65506,33.44531],[-118.66592,33.46733],[-118.6682,33.48594]]],[[[-118.67855,33.02636],[-118.67561,33.04935],[-118.66385,33.06685],[-118.65436,33.07495],[-118.63264,33.08454],[-118.57834,33.08624],[-118.5421,33.07379],[-118.51497,33.04989],[-118.49558,33.02634],[-118.4895,33.01063],[-118.44886,32.96175],[-118.42334,32.94648],[-118.39079,32.91784],[-118.3289,32.87504],[-118.29725,32.84509],[-118.28878,32.82083],[-118.28991,32.81053],[-118.29584,32.79826],[-118.30285,32.78885],[-118.32382,32.77351],[-118.35349,32.76581],[-118.37838,32.77023],[-118.39256,32.7585],[-118.40832,32.75191],[-118.43654,32.75004],[-118.46471,32.76018],[-118.50765,32.79688],[-118.5382,32.81277],[-118.55319,32.8288],[-118.56253,32.84944],[-118.59693,32.89047],[-118.60529,32.90854],[-118.6088,32.92769],[-118.62212,32.94143],[-118.63552,32.9656],[-118.64473,33.00003],[-118.67017,33.00003],[-118.67855,33.02636]]],[[[-114.43338,34.08841],[-114.43934,34.05789],[-114.43495,34.03778],[-114.43827,34.02261],[-114.45021,34.01257],[-114.46587,34.01099],[-114.46731,34.00519],[-114.45918,34.00002],[-114.45926,33.99471],[-114.46793,33.99288],[-114.49988,33.96179],[-114.52273,33.95504],[-114.53568,33.93355],[-114.53495,33.9257],[-114.51843,33.91752],[-114.50792,33.90381],[-114.51372,33.89796],[-114.52587,33.90101],[-114.52277,33.89258],[-114.50434,33.87688],[-114.50302,33.868],[-114.51467,33.85864],[-114.52429,33.86013],[-114.52988,33.85756],[-114.5296,33.84806],[-114.51997,33.82538],[-114.52805,33.81496],[-114.50486,33.76047],[-114.50448,33.751],[-114.51235,33.73421],[-114.49657,33.71916],[-114.4942,33.70792],[-114.49649,33.6969],[-114.52396,33.68588],[-114.53152,33.67511],[-114.53027,33.66682],[-114.51406,33.66018],[-114.51834,33.65593],[-114.53319,33.65166],[-114.5238,33.6347],[-114.53103,33.62821],[-114.53122,33.62391],[-114.52184,33.61254],[-114.54062,33.59141],[-114.53678,33.57096],[-114.52421,33.55307],[-114.5589,33.53182],[-114.56096,33.51674],[-114.56953,33.50922],[-114.58047,33.50646],[-114.59237,33.49867],[-114.60169,33.4814],[-114.62292,33.45656],[-114.62228,33.44756],[-114.62713,33.43355],[-114.83087,33.43371],[-114.83083,33.43009],[-115.0632,33.4281],[-116.0849,33.42593],[-116.1977,33.42891],[-117.03088,33.42687],[-117.03085,33.4299],[-117.13878,33.43259],[-117.24135,33.43193],[-117.24147,33.44882],[-117.3708,33.49066],[-117.36427,33.5049],[-117.50982,33.50518],[-117.5095,33.47027],[-117.53817,33.45488],[-117.55984,33.45139],[-117.57851,33.45381],[-117.61108,33.33399],[-117.6362,33.34913],[-117.64786,33.36364],[-117.6538,33.36482],[-117.71357,33.40878],[-117.73534,33.40744],[-117.74141,33.41012],[-117.76514,33.43154],[-117.79048,33.46124],[-117.79326,33.46978],[-117.81128,33.48202],[-117.81636,33.49087],[-117.93405,33.54925],[-118.00088,33.59316],[-118.04985,33.62002],[-118.09647,33.65365],[-118.1259,33.69715],[-118.16583,33.69156],[-118.23701,33.6906],[-118.25453,33.67507],[-118.27424,33.66343],[-118.31914,33.65955],[-118.34542,33.66343],[-118.37717,33.67895],[-118.38593,33.68671],[-118.42864,33.70127],[-118.46696,33.72552],[-118.48558,33.75366],[-118.48777,33.77987],[-118.48448,33.80315],[-118.44397,33.83906],[-118.44725,33.84876],[-118.50091,33.91862],[-118.52345,33.95305],[-118.55736,33.98767],[-118.64835,33.98673],[-118.66651,33.98056],[-118.70457,33.97784],[-118.72746,33.98031],[-118.74639,33.9755],[-118.75441,33.96779],[-118.78653,33.95143],[-118.81475,33.94721],[-118.84112,33.95537],[-118.85685,33.96597],[-118.874,33.98331],[-118.8873,33.98722],[-118.95243,33.99296],[-118.98531,34.00001],[-119.02741,34.01492],[-119.1168,34.02982],[-119.15896,34.04025],[-119.21799,34.06249],[-119.25094,34.1062],[-119.28574,34.14081],[-119.33446,34.23653],[-119.37593,34.24988],[-119.40199,34.27226],[-119.42862,34.27778],[-119.46699,34.29366],[-119.48422,34.30678],[-119.50095,34.32692],[-119.47665,34.3732],[-119.47771,34.37965],[-119.47302,34.37949],[-119.46873,34.3884],[-119.4518,34.39699],[-119.44564,34.40426],[-119.44541,34.40888],[-119.45457,34.42174],[-119.45314,34.42894],[-119.44472,34.42951],[-119.44041,34.44184],[-119.44329,34.44953],[-119.44369,34.90117],[-119.38371,34.90082],[-119.38185,34.87399],[-119.27644,34.87248],[-119.27724,34.85728],[-119.24258,34.8576],[-119.24253,34.81432],[-118.97793,34.81171],[-118.97802,34.78981],[-118.8804,34.78865],[-118.89463,34.81797],[-118.88042,34.81784],[-118.88416,34.81349],[-118.88332,34.80937],[-118.87672,34.8032],[-118.87212,34.80317],[-118.85411,34.80328],[-118.85401,34.81776],[-117.63215,34.82227],[-117.63113,35.36172],[-117.63373,35.43454],[-117.63366,35.45141],[-117.63022,35.45141],[-117.62969,35.46616],[-117.63008,35.56425],[-117.63461,35.56426],[-117.63435,35.65157],[-117.61652,35.65161],[-117.61652,35.68069],[-117.65218,35.68077],[-117.65214,35.70986],[-117.63432,35.70983],[-117.63428,35.79726],[-115.73589,35.79362],[-115.73574,35.8091],[-115.64836,35.80921],[-115.25972,35.50354],[-114.63349,35.00186],[-114.62913,34.98613],[-114.63524,34.96515],[-114.62977,34.94304],[-114.63325,34.92461],[-114.63088,34.90726],[-114.63672,34.88911],[-114.63438,34.87289],[-114.62394,34.85974],[-114.60065,34.84736],[-114.58684,34.83567],[-114.57645,34.8153],[-114.57101,34.79429],[-114.55268,34.76687],[-114.52962,34.75082],[-114.51662,34.73674],[-114.49202,34.7257],[-114.48751,34.71663],[-114.47048,34.71137],[-114.46525,34.6912],[-114.45051,34.66684],[-114.45798,34.65711],[-114.44146,34.64253],[-114.43874,34.62145],[-114.4242,34.61045],[-114.42534,34.60084],[-114.43681,34.59607],[-114.42238,34.58071],[-114.40523,34.56964],[-114.38084,34.52972],[-114.37812,34.50729],[-114.38236,34.49576],[-114.3817,34.47604],[-114.3867,34.45791],[-114.37372,34.44694],[-114.33537,34.45004],[-114.32613,34.43725],[-114.31225,34.43273],[-114.29484,34.42139],[-114.28866,34.40662],[-114.26432,34.40133],[-114.23427,34.37666],[-114.22611,34.36592],[-114.19948,34.36137],[-114.17691,34.34931],[-114.15721,34.31786],[-114.13828,34.30323],[-114.13667,34.27438],[-114.13121,34.26273],[-114.13326,34.25846],[-114.16465,34.2597],[-114.16612,34.25001],[-114.1746,34.2473],[-114.17805,34.23997],[-114.22519,34.20364],[-114.22494,34.1939],[-114.22971,34.18693],[-114.25703,34.17284],[-114.28729,34.17053],[-114.32078,34.13864],[-114.35303,34.13312],[-114.36652,34.11858],[-114.39056,34.11008],[-114.41168,34.11003],[-114.43338,34.08841]]],[[[-119.49229,33.98322],[-119.46806,34.06314],[-119.45126,34.06643],[-119.42373,34.06769],[-119.39701,34.06379],[-119.36788,34.07042],[-119.34246,34.06896],[-119.31209,34.05439],[-119.29764,34.03658],[-119.29311,34.02015],[-119.29624,33.99724],[-119.31162,33.98002],[-119.33279,33.96772],[-119.35186,33.96445],[-119.38046,33.95361],[-119.43296,33.95591],[-119.47265,33.97065],[-119.49229,33.98322]]],[[[-119.63607,33.28071],[-119.62594,33.30504],[-119.59922,33.32328],[-119.58268,33.32779],[-119.56493,33.32764],[-119.54354,33.33416],[-119.51914,33.3337],[-119.49512,33.32715],[-119.43,33.30103],[-119.37973,33.26763],[-119.36213,33.24522],[-119.3607,33.22145],[-119.37594,33.19219],[-119.39454,33.18084],[-119.44497,33.16527],[-119.47649,33.16349],[-119.512,33.16775],[-119.57419,33.18648],[-119.60528,33.20692],[-119.61481,33.21725],[-119.63128,33.24497],[-119.63607,33.28071]]]]}},{"type":"Feature","properties":{"std_name":"Mankato-New Ulm, MN CSA","std_geoid":"359","pen":"statisticians","std_note":null,"LSAD":"M0","NAME":"Mankato-New Ulm, MN"},"geometry":{"type":"Polygon","coordinates":[[[-94.79048,44.4564],[-93.93485,44.45666],[-93.93651,44.4541],[-93.92943,44.45275],[-93.93354,44.45077],[-93.929,44.44287],[-93.93968,44.4128],[-93.95406,44.40964],[-93.94894,44.40037],[-93.95039,44.39312],[-93.96579,44.39046],[-93.95672,44.39069],[-93.95227,44.38618],[-93.9529,44.38369],[-93.96326,44.38322],[-93.955,44.37501],[-93.96241,44.37039],[-93.96166,44.36408],[-93.95303,44.36617],[-93.95677,44.36149],[-93.9557,44.35847],[-93.93938,44.35266],[-93.93281,44.34401],[-93.93649,44.33917],[-93.94238,44.34118],[-93.94519,44.33899],[-93.94362,44.33127],[-93.95082,44.32876],[-93.95077,44.32038],[-93.95978,44.3073],[-93.99113,44.29547],[-93.99009,44.2923],[-93.99814,44.27881],[-94.01173,44.27602],[-94.01315,44.27318],[-94.00841,44.27067],[-94.02525,44.25688],[-94.01613,44.25738],[-94.0085,44.24766],[-94.01527,44.24842],[-94.02208,44.24082],[-93.76803,44.23938],[-93.76776,43.84796],[-94.36897,43.84805],[-94.36885,44.1087],[-95.10022,44.10803],[-95.101,44.19494],[-95.10878,44.19504],[-95.10748,44.28177],[-94.86626,44.28237],[-94.86582,44.49822],[-94.86257,44.49523],[-94.85191,44.49536],[-94.8553,44.4922],[-94.85379,44.48976],[-94.84183,44.49225],[-94.83828,44.48847],[-94.83193,44.48898],[-94.82762,44.48297],[-94.82417,44.48555],[-94.81488,44.48445],[-94.81764,44.47936],[-94.81124,44.4816],[-94.80991,44.47119],[-94.80193,44.46763],[-94.79771,44.46909],[-94.80563,44.46548],[-94.79337,44.46088],[-94.79048,44.4564]]]}},{"type":"Feature","properties":{"std_name":"Memphis-Clarksdale-Forrest City, TN-MS-AR CSA","std_geoid":"368","pen":"statisticians","std_note":null,"LSAD":"M0","NAME":"Memphis-Clarksdale-Forrest City, TN-MS-AR"},"geometry":{"type":"Polygon","coordinates":[[[-90.50303,35.14422],[-90.50222,35.17882],[-90.50653,35.17875],[-90.50239,35.44165],[-90.14011,35.43677],[-90.12944,35.44212],[-90.12099,35.46503],[-90.1146,35.47217],[-90.10755,35.47696],[-90.08803,35.47858],[-90.07901,35.47687],[-90.0672,35.46478],[-90.0741,35.43414],[-90.07062,35.4235],[-90.06202,35.41518],[-90.06953,35.40813],[-90.05432,35.38928],[-90.04156,35.39662],[-90.05678,35.40386],[-90.04809,35.41174],[-90.02119,35.42023],[-90.00267,35.42999],[-90.0058,35.45023],[-90.01253,35.46367],[-90.01981,35.47328],[-90.03618,35.48373],[-90.04824,35.50385],[-90.04946,35.52059],[-90.03988,35.54742],[-90.0351,35.55231],[-90.00787,35.56014],[-89.98967,35.56022],[-89.95809,35.54123],[-89.95564,35.53408],[-89.95875,35.52384],[-89.92654,35.51161],[-89.9155,35.51184],[-89.90893,35.51424],[-89.90326,35.52201],[-89.90401,35.53532],[-89.9097,35.53795],[-89.90107,35.54227],[-89.89439,35.55016],[-89.88793,35.56618],[-89.88884,35.57161],[-89.88126,35.57744],[-89.88537,35.58432],[-89.87467,35.58573],[-89.87105,35.58138],[-89.86709,35.58859],[-89.85965,35.58472],[-89.85725,35.59173],[-89.85255,35.59099],[-89.8512,35.59493],[-89.8424,35.59709],[-89.84469,35.60477],[-89.83812,35.60133],[-89.83155,35.60515],[-89.82402,35.60318],[-89.82631,35.61482],[-89.82418,35.61286],[-89.81497,35.6178],[-89.81868,35.62118],[-89.81547,35.62511],[-89.81542,35.61991],[-89.81161,35.61983],[-89.81146,35.62364],[-89.80711,35.62046],[-89.8039,35.62339],[-89.80691,35.62715],[-89.79301,35.63271],[-89.79528,35.63596],[-89.79353,35.63997],[-89.78818,35.63461],[-89.7872,35.63777],[-89.77936,35.63546],[-89.76952,35.63858],[-89.77195,35.6431],[-89.76566,35.64022],[-89.76382,35.64609],[-89.75911,35.64256],[-89.75777,35.65042],[-89.75105,35.64642],[-89.74099,35.64572],[-89.73943,35.63926],[-89.73856,35.64305],[-89.72921,35.64744],[-89.72709,35.64117],[-89.73019,35.63885],[-89.72713,35.63645],[-89.72604,35.64024],[-89.72379,35.63791],[-89.72331,35.64076],[-89.70605,35.63967],[-89.69384,35.64505],[-89.68867,35.63595],[-89.68173,35.64037],[-89.67884,35.63578],[-89.67544,35.64035],[-89.66654,35.63127],[-89.6669,35.63602],[-89.66126,35.63176],[-89.65101,35.6387],[-89.65379,35.64484],[-89.65049,35.64543],[-89.651,35.64852],[-89.63112,35.64501],[-89.63442,35.64677],[-89.63272,35.65028],[-89.62728,35.64862],[-89.62293,35.65233],[-89.61896,35.64788],[-89.62111,35.64615],[-89.61246,35.64293],[-89.61607,35.6408],[-89.6156,35.63656],[-89.6128,35.63885],[-89.60812,35.63631],[-89.60896,35.63318],[-89.60483,35.63066],[-89.6067,35.62772],[-89.60264,35.62392],[-89.6028,35.62876],[-89.59817,35.63009],[-89.58543,35.62583],[-89.58329,35.61801],[-89.58187,35.62149],[-89.57795,35.61477],[-89.57418,35.61878],[-89.57262,35.61404],[-89.56059,35.61345],[-89.56201,35.61102],[-89.5557,35.61062],[-89.55418,35.60429],[-89.55326,35.60858],[-89.55071,35.60593],[-89.54546,35.60969],[-89.5436,35.60284],[-89.53883,35.60495],[-89.53178,35.60235],[-89.53542,35.59584],[-89.52699,35.5989],[-89.52613,35.58994],[-89.52601,35.5948],[-89.52225,35.5933],[-89.5214,35.59581],[-89.51904,35.59312],[-89.52062,35.58951],[-89.51149,35.588],[-89.51062,35.58086],[-89.50699,35.58322],[-89.50741,35.58055],[-89.50123,35.58039],[-89.49794,35.57548],[-89.48374,35.57405],[-89.48911,35.57125],[-89.48888,35.56838],[-89.48323,35.56928],[-89.47726,35.56138],[-89.48205,35.55605],[-89.4803,35.55157],[-89.48317,35.54687],[-89.47727,35.54632],[-89.47704,35.54902],[-89.47181,35.54413],[-89.47261,35.54748],[-89.46986,35.54657],[-89.47417,35.40304],[-89.18394,35.39713],[-89.19829,34.99448],[-89.01713,34.99497],[-89.01755,34.85872],[-89.03501,34.85876],[-89.03534,34.81526],[-89.08807,34.81531],[-89.08849,34.59825],[-89.24561,34.5976],[-89.246,34.49736],[-89.24827,34.49479],[-89.24892,34.49961],[-89.25141,34.49628],[-89.25814,34.49688],[-89.25799,34.50042],[-89.26322,34.50073],[-89.26215,34.50399],[-89.26932,34.50459],[-89.26944,34.5069],[-89.27424,34.50811],[-89.27632,34.50519],[-89.28266,34.50898],[-89.2888,34.50621],[-89.28892,34.51266],[-89.29205,34.51726],[-89.29563,34.51495],[-89.29685,34.5193],[-89.3005,34.5135],[-89.30243,34.51815],[-89.3104,34.51754],[-89.31087,34.52006],[-89.31366,34.51792],[-89.31465,34.52419],[-89.31957,34.52026],[-89.32656,34.52323],[-89.32565,34.52595],[-89.3305,34.52293],[-89.33128,34.52723],[-89.33512,34.52235],[-89.34234,34.52465],[-89.34321,34.52115],[-89.3451,34.52599],[-89.34989,34.52179],[-89.35401,34.52269],[-89.35307,34.52724],[-89.36211,34.52234],[-89.36585,34.5263],[-89.36404,34.51929],[-89.37366,34.51816],[-89.37581,34.52058],[-89.37923,34.51687],[-89.38161,34.52071],[-89.38653,34.51907],[-89.38903,34.52424],[-89.40147,34.52561],[-89.40242,34.52825],[-89.40752,34.52226],[-89.41235,34.52606],[-89.41488,34.52219],[-89.42446,34.51913],[-89.43404,34.51991],[-89.4402,34.52345],[-89.44244,34.53103],[-89.45612,34.53272],[-89.46795,34.54616],[-89.47666,34.54899],[-89.47664,34.55417],[-90.19863,34.55443],[-90.19854,34.51109],[-90.30432,34.50962],[-90.30185,34.42455],[-90.3995,34.42381],[-90.39901,34.26152],[-90.45057,34.2624],[-90.45101,33.98569],[-90.66036,33.98759],[-90.65946,34.11887],[-90.9569,34.12009],[-90.96104,34.13051],[-90.95864,34.13548],[-90.90996,34.16551],[-90.89445,34.16106],[-90.86458,34.14055],[-90.84528,34.13689],[-90.82259,34.14405],[-90.80722,34.16371],[-90.80946,34.17774],[-90.81749,34.1832],[-90.85441,34.18683],[-90.88675,34.1825],[-90.90821,34.19207],[-90.93454,34.21785],[-90.93715,34.23261],[-90.92867,34.24471],[-90.9101,34.24556],[-90.90633,34.24438],[-90.89958,34.22895],[-90.89228,34.22289],[-90.8768,34.21439],[-90.85641,34.21132],[-90.84715,34.20613],[-90.83813,34.22],[-90.84054,34.23803],[-90.83177,34.27694],[-90.81674,34.28065],[-90.76562,34.26951],[-90.75293,34.27461],[-90.73802,34.28928],[-90.7364,34.31207],[-90.76869,34.34778],[-90.76977,34.35691],[-90.76439,34.36368],[-90.74964,34.36815],[-90.7158,34.36033],[-90.6763,34.37126],[-90.6815,34.3526],[-90.6915,34.33864],[-90.69313,34.32257],[-90.686,34.31577],[-90.66934,34.31309],[-90.66151,34.31521],[-90.65749,34.32223],[-90.66685,34.35577],[-90.65535,34.37184],[-90.65714,34.3774],[-90.64091,34.38886],[-90.6096,34.39159],[-90.58623,34.40917],[-90.57769,34.43245],[-90.58738,34.45483],[-90.59371,34.48135],[-90.59266,34.49058],[-90.57932,34.51803],[-90.54408,34.53774],[-90.53962,34.55392],[-90.54936,34.56925],[-90.57376,34.59213],[-90.59159,34.62101],[-90.58317,34.65196],[-90.56841,34.66888],[-90.5701,34.69343],[-90.55623,34.69358],[-90.54193,34.68386],[-90.54009,34.67643],[-90.55263,34.65933],[-90.55488,34.64517],[-90.54654,34.63102],[-90.53421,34.62746],[-90.51944,34.62992],[-90.50604,34.63824],[-90.47086,34.66768],[-90.46288,34.6838],[-90.46618,34.69911],[-90.47417,34.70528],[-90.51667,34.69555],[-90.52956,34.69583],[-90.5425,34.7],[-90.55944,34.71083],[-90.57194,34.71278],[-90.56778,34.73333],[-90.55833,34.73917],[-90.54556,34.73889],[-90.53944,34.75528],[-90.54778,34.78333],[-90.54083,34.79583],[-90.52111,34.80194],[-90.51111,34.79829],[-90.51139,34.79],[-90.49278,34.7725],[-90.4925,34.76472],[-90.49415,34.75757],[-90.50972,34.74778],[-90.52417,34.73139],[-90.50833,34.72361],[-90.49167,34.72139],[-90.46501,34.72731],[-90.44954,34.73779],[-90.45074,34.75208],[-90.47658,34.794],[-90.47037,34.81155],[-90.45538,34.82079],[-90.48294,34.85933],[-90.48428,34.87526],[-90.47761,34.8848],[-90.46364,34.89159],[-90.45156,34.89035],[-90.43857,34.88461],[-90.42941,34.86641],[-90.44969,34.83992],[-90.43873,34.82525],[-90.40795,34.82656],[-90.40846,34.90402],[-90.94304,34.90678],[-91.09921,34.91163],[-91.10003,34.86713],[-91.11741,34.86714],[-91.11659,34.91186],[-91.1525,34.91181],[-91.14975,35.00247],[-91.04545,35.00105],[-91.04257,35.14819],[-90.83814,35.14912],[-90.50303,35.14422]]]}},{"type":"Feature","properties":{"std_name":"Midland-Odessa-Andrews, TX CSA","std_geoid":"372","pen":"statisticians","std_note":null,"LSAD":"M0","NAME":"Midland-Odessa-Andrews, TX"},"geometry":{"type":"Polygon","coordinates":[[[-103.06452,32.08705],[-103.0647,32.52219],[-101.68874,32.52522],[-101.69501,32.08753],[-101.77608,32.08693],[-101.7758,31.65132],[-102.79894,31.65178],[-102.79909,32.08579],[-103.06452,32.08705]]]}}]}