{"type":"FeatureCollection","features":[{"type":"Feature","properties":{"std_name":"Chicago-Naperville-Schaumburg, IL Metro Division","std_geoid":"16984","pen":"statisticians","std_note":null,"LSAD":"M3","NAME":"Chicago-Naperville-Schaumburg, IL"},"geometry":{"type":"Polygon","coordinates":[[[-88.23845,42.15425],[-88.70558,42.15354],[-88.70742,42.4936],[-88.19939,42.49513],[-88.19958,42.15426],[-87.11116,42.14941],[-87.20777,41.76096],[-87.52366,41.75991],[-87.52673,41.29805],[-88.01392,41.29245],[-88.01181,41.20551],[-88.24414,41.20157],[-88.24089,41.11438],[-88.58624,41.10828],[-88.58817,41.25784],[-88.59596,41.45713],[-88.25223,41.46307],[-88.26195,41.72465],[-88.26364,42.06687],[-88.23819,42.06699],[-88.23845,42.15425]]]}},{"type":"Feature","properties":{"std_name":"Anaheim-Santa Ana-Irvine, CA Metro Division","std_geoid":"11244","pen":"statisticians","std_note":null,"LSAD":"M3","NAME":"Anaheim-Santa Ana-Irvine, CA"},"geometry":{"type":"Polygon","coordinates":[[[-118.09706,33.77438],[-118.08474,33.80291],[-118.07283,33.81486],[-118.06317,33.81968],[-118.05904,33.8462],[-118.05469,33.84622],[-118.0504,33.85354],[-118.04608,33.85361],[-118.04619,33.85869],[-118.03754,33.86237],[-118.0376,33.86601],[-118.02872,33.86605],[-118.02878,33.87332],[-118.01138,33.87343],[-118.01147,33.88085],[-118.00275,33.88089],[-118.00285,33.88816],[-117.99406,33.88822],[-117.99414,33.89551],[-117.98533,33.89551],[-117.98541,33.90277],[-117.97659,33.90281],[-117.9765,33.94605],[-117.78307,33.94626],[-117.73809,33.91374],[-117.6793,33.87762],[-117.67161,33.86937],[-117.67505,33.86872],[-117.67428,33.85796],[-117.66212,33.8575],[-117.58014,33.76799],[-117.53645,33.75767],[-117.534,33.71035],[-117.47457,33.70381],[-117.41299,33.65904],[-117.51021,33.534],[-117.50991,33.52055],[-117.50318,33.5204],[-117.50376,33.50894],[-117.50973,33.50906],[-117.5095,33.47027],[-117.53817,33.45488],[-117.55984,33.45139],[-117.57851,33.45381],[-117.61108,33.33399],[-117.6362,33.34913],[-117.64786,33.36364],[-117.6538,33.36482],[-117.71357,33.40878],[-117.73534,33.40744],[-117.74141,33.41012],[-117.76514,33.43154],[-117.79048,33.46124],[-117.79326,33.46978],[-117.81128,33.48202],[-117.81636,33.49087],[-117.93405,33.54925],[-118.00088,33.59316],[-118.04985,33.62002],[-118.09647,33.65365],[-118.1259,33.69715],[-118.14781,33.69408],[-118.11406,33.74614],[-118.09197,33.75847],[-118.09706,33.77438]]]}},{"type":"Feature","properties":{"std_name":"Dallas-Plano-Irving, TX Metro Division","std_geoid":"19124","pen":"statisticians","std_note":null,"LSAD":"M3","NAME":"Dallas-Plano-Irving, TX"},"geometry":{"type":"Polygon","coordinates":[[[-95.85872,33.40953],[-95.86252,32.97957],[-95.9453,32.97988],[-95.97283,32.89818],[-95.97761,32.89334],[-95.97813,32.88624],[-95.98293,32.88543],[-95.98736,32.87613],[-95.96864,32.85603],[-95.95849,32.85045],[-95.95642,32.84494],[-95.95208,32.846],[-95.94903,32.84242],[-95.94407,32.84519],[-95.94308,32.84134],[-95.9381,32.84297],[-95.93443,32.83722],[-96.0768,32.83849],[-96.0759,32.35751],[-96.19562,32.3582],[-96.19617,32.35475],[-96.23151,32.35471],[-96.24974,32.35499],[-96.2497,32.35872],[-96.45237,32.35866],[-96.44844,32.3545],[-96.44931,32.35096],[-96.45455,32.35232],[-96.45182,32.345],[-96.43629,32.34541],[-96.43692,32.34136],[-96.43027,32.33889],[-96.43023,32.33221],[-96.42589,32.33619],[-96.42164,32.33232],[-96.41753,32.33554],[-96.40564,32.32769],[-96.39081,32.33386],[-96.38291,32.32893],[-96.94066,32.05209],[-97.08704,32.26682],[-97.08706,32.5493],[-97.03869,32.54867],[-97.03101,32.98969],[-97.39846,32.99173],[-97.38309,33.43045],[-96.8411,33.41338],[-96.84117,33.40559],[-96.38647,33.39807],[-96.3845,33.34112],[-95.85872,33.40953]]]}},{"type":"Feature","properties":{"std_name":"Lake County, IL Metro Division","std_geoid":"29404","pen":"statisticians","std_note":null,"LSAD":"M3","NAME":"Lake County, IL"},"geometry":{"type":"Polygon","coordinates":[[[-88.19939,42.49513],[-87.79337,42.49172],[-87.01994,42.4935],[-87.11116,42.14941],[-88.19958,42.15426],[-88.19939,42.49513]]]}},{"type":"Feature","properties":{"std_name":"Oakland-Fremont-Berkeley, CA Metro Division","std_geoid":"36084","pen":"statisticians","std_note":null,"LSAD":"M3","NAME":"Oakland-Fremont-Berkeley, CA"},"geometry":{"type":"Polygon","coordinates":[[[-121.557,37.81649],[-121.55666,37.54273],[-121.54061,37.52982],[-121.52233,37.5247],[-121.50147,37.525],[-121.49827,37.52243],[-121.50237,37.51847],[-121.49723,37.51246],[-121.49602,37.50494],[-121.48207,37.50144],[-121.46927,37.48969],[-121.47192,37.48178],[-121.86527,37.48464],[-121.88116,37.47108],[-121.91133,37.46224],[-121.92504,37.45419],[-121.92844,37.45739],[-121.93263,37.45515],[-121.9312,37.46064],[-121.93924,37.46249],[-121.94491,37.46916],[-121.9496,37.46141],[-121.95931,37.46352],[-121.98001,37.46089],[-121.99667,37.46724],[-122.03618,37.46497],[-122.05124,37.45901],[-122.10957,37.49764],[-122.28178,37.70823],[-122.34668,37.81103],[-122.37378,37.88372],[-122.43228,37.92982],[-122.44098,37.95742],[-122.44158,37.97392],[-122.37598,38.04847],[-122.34745,38.07326],[-122.26535,38.05992],[-122.24525,38.06397],[-122.20085,38.05793],[-122.18386,38.054],[-122.16458,38.03472],[-122.14858,38.03172],[-122.12397,38.03572],[-122.0611,38.06214],[-122.02841,38.05919],[-122.01517,38.06348],[-121.97744,38.06684],[-121.93543,38.04879],[-121.9068,38.045],[-121.87474,38.05068],[-121.86214,38.06607],[-121.8468,38.05996],[-121.83794,38.03894],[-121.82807,38.02802],[-121.81451,38.02076],[-121.78314,38.01854],[-121.73782,38.02663],[-121.69976,38.04522],[-121.68086,38.06213],[-121.68187,38.08202],[-121.67927,38.08932],[-121.67306,38.09352],[-121.66187,38.09562],[-121.63809,38.08613],[-121.63259,38.08861],[-121.62738,38.09836],[-121.60492,38.09988],[-121.57925,38.09342],[-121.57675,38.07819],[-121.57289,38.07374],[-121.5822,38.06842],[-121.58439,38.03603],[-121.57883,38.03264],[-121.58019,38.04127],[-121.57301,38.04215],[-121.57139,38.03042],[-121.56423,38.0297],[-121.55755,38.01704],[-121.57205,38.01841],[-121.56715,38.01198],[-121.5785,38.01028],[-121.57871,38.00426],[-121.56884,38.00223],[-121.57056,37.99903],[-121.57895,37.99855],[-121.57608,37.99486],[-121.58246,37.98392],[-121.57239,37.97904],[-121.58021,37.97637],[-121.56514,37.95985],[-121.57519,37.95504],[-121.56351,37.95475],[-121.56885,37.94845],[-121.56741,37.94398],[-121.55758,37.9465],[-121.56362,37.94344],[-121.55727,37.93225],[-121.5589,37.92793],[-121.55641,37.92364],[-121.56511,37.91917],[-121.56329,37.9106],[-121.57282,37.9043],[-121.5659,37.89767],[-121.56838,37.89168],[-121.57585,37.88829],[-121.57387,37.8834],[-121.57933,37.87064],[-121.57339,37.86575],[-121.57896,37.8585],[-121.56898,37.86057],[-121.57045,37.85759],[-121.5659,37.85786],[-121.56198,37.85314],[-121.56033,37.8586],[-121.55526,37.85801],[-121.55284,37.86118],[-121.5475,37.85523],[-121.54064,37.8576],[-121.54004,37.84884],[-121.5341,37.84946],[-121.53819,37.83743],[-121.55197,37.83],[-121.55331,37.81882],[-121.557,37.81649]]]}},{"type":"Feature","properties":{"std_name":"Atlanta-Sandy Springs-Roswell, GA Metro Division","std_geoid":"12054","pen":"statisticians","std_note":null,"LSAD":"M3","NAME":"Atlanta-Sandy Springs-Roswell, GA"},"geometry":{"type":"Polygon","coordinates":[[[-84.12377,33.20282],[-84.12398,33.17862],[-84.22428,33.17939],[-84.2275,33.1889],[-84.24819,33.18902],[-84.24866,33.03933],[-84.25885,33.03968],[-84.25906,33.03152],[-84.26917,33.03144],[-84.27014,32.99101],[-84.28985,32.99159],[-84.29299,32.99969],[-84.29866,32.99967],[-84.29872,32.99147],[-84.48971,32.99373],[-84.49559,32.9845],[-84.50187,32.98316],[-84.49923,32.97972],[-84.50572,32.97255],[-84.52043,32.96853],[-84.53029,32.97062],[-84.5344,32.96419],[-84.53197,32.96067],[-84.52428,32.96043],[-84.51933,32.95238],[-84.5224,32.93308],[-84.52799,32.9279],[-84.52421,32.91939],[-84.5269,32.9141],[-84.51624,32.91494],[-84.51159,32.91234],[-84.50817,32.90337],[-84.50969,32.88454],[-84.50706,32.87747],[-84.57067,32.84518],[-84.70054,32.84464],[-84.75146,32.8627],[-84.75134,32.8692],[-84.84106,32.86812],[-84.84759,32.86837],[-84.84769,32.87244],[-84.86177,32.8725],[-84.86153,32.96081],[-84.86452,32.96082],[-84.86462,32.9685],[-84.86232,33.19872],[-84.8699,33.19566],[-84.87195,33.20743],[-84.8622,33.20754],[-84.86213,33.22386],[-84.93901,33.22469],[-85.04083,33.18828],[-85.04526,33.18162],[-85.05838,33.18345],[-85.06453,33.17848],[-85.08804,33.1717],[-85.08771,33.18659],[-85.09758,33.18663],[-85.09756,33.19509],[-85.10798,33.1951],[-85.10785,33.17846],[-85.11754,33.1785],[-85.1174,33.16365],[-85.23652,33.12956],[-85.33823,33.65312],[-85.28974,33.65209],[-85.13903,33.70002],[-85.12944,33.69978],[-85.12969,33.69142],[-85.11499,33.69135],[-85.06647,33.7107],[-85.06654,33.71497],[-85.05089,33.71463],[-85.04933,33.81243],[-84.9712,33.79962],[-84.87915,33.77476],[-84.83271,33.77602],[-84.83271,33.77852],[-84.79985,33.77991],[-84.80026,33.78225],[-84.7638,33.78734],[-84.72412,33.7886],[-84.72414,33.80639],[-84.62269,33.80484],[-84.57793,33.74368],[-84.53884,33.77028],[-84.53077,33.78234],[-84.50955,33.79382],[-84.4924,33.81134],[-84.48356,33.81502],[-84.47094,33.82637],[-84.45682,33.82498],[-84.45503,33.82816],[-84.46043,33.83835],[-84.46022,33.85254],[-84.45447,33.85872],[-84.45618,33.86449],[-84.45169,33.87257],[-84.44345,33.87886],[-84.44431,33.88717],[-84.44155,33.89079],[-84.44387,33.89541],[-84.44169,33.89996],[-84.44722,33.91127],[-84.43666,33.92278],[-84.41775,33.93209],[-84.38948,33.95705],[-84.38304,33.96383],[-84.38446,33.97108],[-84.37801,33.97319],[-84.37512,33.97854],[-84.37581,33.98848],[-84.38979,33.99483],[-84.38762,33.99685],[-84.39292,33.99968],[-84.39631,34.00812],[-84.40083,34.00827],[-84.39816,34.02198],[-84.40399,34.03228],[-84.40214,34.03512],[-84.4071,34.03637],[-84.41161,34.04285],[-84.41098,34.04954],[-84.41913,34.05517],[-84.41843,34.10904],[-84.39985,34.10957],[-84.38814,34.11987],[-84.37682,34.11946],[-84.36192,34.12431],[-84.35885,34.1409],[-84.36047,34.15165],[-84.35691,34.15491],[-84.36074,34.16235],[-84.35636,34.16825],[-84.35617,34.17457],[-84.35227,34.17689],[-84.34236,34.17643],[-84.32864,34.18617],[-84.25902,34.18592],[-84.25759,34.38099],[-84.39212,34.38069],[-84.39222,34.37329],[-84.40077,34.37327],[-84.40072,34.38049],[-84.42453,34.38059],[-84.42452,34.38799],[-84.44213,34.38819],[-84.44233,34.38039],[-84.58263,34.38149],[-84.58283,34.41219],[-84.65323,34.41259],[-84.65373,34.45579],[-84.64443,34.45579],[-84.64453,34.46299],[-84.65329,34.4632],[-84.65406,34.54895],[-84.52139,34.55046],[-84.52052,34.55667],[-84.51169,34.55675],[-84.51152,34.56365],[-84.50261,34.56368],[-84.50281,34.55048],[-84.47673,34.55013],[-84.47653,34.55665],[-84.48566,34.55671],[-84.4858,34.56327],[-84.46799,34.56349],[-84.46786,34.54997],[-84.43243,34.54944],[-84.42871,34.5575],[-84.4244,34.55741],[-84.42456,34.54933],[-84.37135,34.5485],[-84.3715,34.56291],[-84.34555,34.56274],[-84.34612,34.56682],[-84.33151,34.57253],[-84.33658,34.57922],[-84.32871,34.58362],[-84.31324,34.57771],[-84.30707,34.5814],[-84.29218,34.56901],[-84.27888,34.56961],[-84.27576,34.57375],[-84.25511,34.56833],[-84.25468,34.5975],[-84.22391,34.59699],[-84.21874,34.60051],[-84.2141,34.61006],[-84.19675,34.61792],[-84.18933,34.60886],[-84.18856,34.60269],[-84.15803,34.64824],[-84.15181,34.65127],[-84.14584,34.64684],[-84.138,34.65287],[-84.13705,34.66098],[-84.12491,34.66442],[-84.1173,34.65838],[-84.08849,34.65127],[-84.08006,34.65371],[-84.07945,34.65684],[-84.07155,34.65701],[-84.06628,34.65105],[-84.06765,34.648],[-84.06263,34.64914],[-84.04823,34.64088],[-84.03651,34.64193],[-84.03852,34.65173],[-84.03045,34.65258],[-84.02411,34.67075],[-83.99441,34.67849],[-83.99211,34.69589],[-83.98641,34.70019],[-83.98956,34.7073],[-83.98261,34.71589],[-83.97721,34.71649],[-83.9643,34.7271],[-83.91657,34.72702],[-83.92129,34.73451],[-83.91011,34.73449],[-83.90631,34.73139],[-83.89971,34.73199],[-83.89311,34.72579],[-83.88581,34.72679],[-83.87743,34.7233],[-83.86979,34.72739],[-83.85641,34.72199],[-83.86371,34.68779],[-83.87251,34.68309],[-83.87364,34.67908],[-83.87471,34.67319],[-83.8709,34.66855],[-83.87641,34.66098],[-83.8717,34.65695],[-83.87554,34.64331],[-83.8711,34.63988],[-83.8756,34.6367],[-83.87371,34.63079],[-83.87742,34.62866],[-83.8728,34.61563],[-83.86446,34.61558],[-83.86445,34.60446],[-83.86681,34.60275],[-83.86449,34.6005],[-83.86445,34.55059],[-83.85368,34.55069],[-83.85371,34.54146],[-83.84375,34.54143],[-83.84379,34.5324],[-83.83283,34.53231],[-83.83286,34.52352],[-83.83785,34.52131],[-83.83757,34.51534],[-83.84313,34.51536],[-83.84332,34.49702],[-83.8876,34.46879],[-83.88763,34.45994],[-83.90995,34.45981],[-83.90984,34.46919],[-83.93189,34.46934],[-83.9319,34.46053],[-83.92066,34.46011],[-83.92069,34.45113],[-83.93131,34.45121],[-83.95645,34.43729],[-83.97515,34.43272],[-83.97089,34.42281],[-83.98251,34.41781],[-83.98482,34.4116],[-83.9784,34.41122],[-83.97155,34.40252],[-83.98436,34.38363],[-83.97723,34.37948],[-83.98098,34.3692],[-83.97613,34.36306],[-83.98143,34.35783],[-83.97624,34.35658],[-83.96685,34.33963],[-83.96071,34.34312],[-83.95644,34.33293],[-83.94557,34.3294],[-83.94576,34.32422],[-83.95066,34.32305],[-83.95335,34.31763],[-83.94262,34.30202],[-83.94686,34.29779],[-83.941,34.29179],[-83.93957,34.29877],[-83.93151,34.29805],[-83.93629,34.2947],[-83.93459,34.28696],[-83.93223,34.28499],[-83.93181,34.29073],[-83.92831,34.28979],[-83.92557,34.28637],[-83.92667,34.28038],[-83.95332,34.26904],[-83.95048,34.26188],[-83.95359,34.25323],[-83.94936,34.2405],[-83.97181,34.22813],[-83.97025,34.22274],[-83.96457,34.22154],[-83.96633,34.21664],[-83.97835,34.2136],[-83.98906,34.19573],[-83.99439,34.19373],[-84.00274,34.19582],[-84.01146,34.19102],[-84.02992,34.19533],[-84.04871,34.19122],[-84.05891,34.18198],[-84.06219,34.16854],[-83.86784,34.09865],[-83.81668,34.12737],[-83.81653,34.12253],[-83.81233,34.12079],[-83.8108,34.11597],[-83.81517,34.1137],[-83.79227,34.10035],[-83.79103,34.08719],[-83.76988,34.07323],[-83.76753,34.06645],[-83.75158,34.06417],[-83.74233,34.06524],[-83.74212,34.06945],[-83.7336,34.0673],[-83.73234,34.06028],[-83.72305,34.06343],[-83.71876,34.05354],[-83.71313,34.0562],[-83.71436,34.04989],[-83.70938,34.04516],[-83.7043,34.04636],[-83.70087,34.05432],[-83.69793,34.05267],[-83.69556,34.05628],[-83.69215,34.05169],[-83.68551,34.05344],[-83.6851,34.04692],[-83.67946,34.04741],[-83.6796,34.05156],[-83.67591,34.05376],[-83.66761,34.04798],[-83.65727,34.05338],[-83.65219,34.04649],[-83.64796,34.0459],[-83.64499,34.05088],[-83.63021,34.04459],[-83.61687,34.04754],[-83.61155,34.04434],[-83.61015,34.03851],[-83.60054,34.0353],[-83.58416,34.03853],[-83.58416,34.04106],[-83.57356,34.03919],[-83.5708,34.03122],[-83.56328,34.03186],[-83.5369,33.96618],[-83.64703,33.9062],[-83.64307,33.90489],[-83.64425,33.90694],[-83.63886,33.90831],[-83.63135,33.89749],[-83.63057,33.8868],[-83.62643,33.88493],[-83.61923,33.88552],[-83.60891,33.88114],[-83.58376,33.88385],[-83.58231,33.88185],[-83.59062,33.86336],[-83.58276,33.86285],[-83.57472,33.85421],[-83.57327,33.84741],[-83.56587,33.8468],[-83.5434,33.83277],[-83.53138,33.82427],[-83.53348,33.82102],[-83.5106,33.81538],[-83.50876,33.81779],[-83.50137,33.81694],[-83.50174,33.81348],[-83.49664,33.81313],[-83.49262,33.8052],[-83.48564,33.80726],[-83.48328,33.80257],[-83.47968,33.8025],[-83.48296,33.79996],[-83.48147,33.79713],[-83.47532,33.79849],[-83.47855,33.79219],[-83.4734,33.78977],[-83.47064,33.78018],[-83.45816,33.76848],[-83.45952,33.7655],[-83.45473,33.7586],[-83.45362,33.74883],[-83.45057,33.74734],[-83.45278,33.74215],[-83.44688,33.73311],[-83.44532,33.7226],[-83.43121,33.71549],[-83.42401,33.7154],[-83.41805,33.70442],[-83.41166,33.70358],[-83.4008,33.69622],[-83.39987,33.69118],[-83.39491,33.69051],[-83.3964,33.68659],[-83.38296,33.67015],[-83.38403,33.66624],[-83.36917,33.65372],[-83.37055,33.65053],[-83.36512,33.64436],[-83.36573,33.64008],[-83.36238,33.63977],[-83.36438,33.63547],[-83.35954,33.62233],[-83.34972,33.61425],[-83.34687,33.6005],[-83.34893,33.59736],[-83.33784,33.59735],[-83.33622,33.58839],[-83.33079,33.58327],[-83.32626,33.58415],[-83.32623,33.57989],[-83.31722,33.5734],[-83.31229,33.56416],[-83.30322,33.56311],[-83.30361,33.55501],[-83.2951,33.55229],[-83.28659,33.54268],[-83.27835,33.54455],[-83.26922,33.53258],[-83.27761,33.52763],[-83.28359,33.51027],[-83.2831,33.50337],[-83.27681,33.4942],[-83.27993,33.48344],[-83.53374,33.43447],[-83.53781,33.3938],[-83.54588,33.17194],[-83.81605,33.13182],[-83.81707,33.14393],[-83.81397,33.14825],[-83.82431,33.1623],[-83.82226,33.18024],[-83.8326,33.18465],[-83.84287,33.19687],[-83.85227,33.19479],[-83.85957,33.20065],[-83.87701,33.20239],[-84.12377,33.20282]],[[-84.29866,32.99967],[-84.29867,33.00414],[-84.30275,33.00415],[-84.30274,32.9997],[-84.29866,32.99967]]]}},{"type":"Feature","properties":{"std_name":"Detroit-Dearborn-Livonia, MI Metro Division","std_geoid":"19804","pen":"statisticians","std_note":null,"LSAD":"M3","NAME":"Detroit-Dearborn-Livonia, MI"},"geometry":{"type":"Polygon","coordinates":[[[-82.83025,42.37349],[-82.94549,42.3474],[-82.95975,42.34003],[-82.9892,42.33248],[-83.01902,42.33062],[-83.06364,42.31686],[-83.08002,42.30717],[-83.0977,42.28968],[-83.11163,42.26014],[-83.128,42.23869],[-83.13394,42.1748],[-83.1217,42.12543],[-83.14945,42.04026],[-83.14396,42.02793],[-83.18458,42.02851],[-83.19908,42.03476],[-83.20156,42.03906],[-83.21687,42.04404],[-83.21967,42.04912],[-83.23043,42.04868],[-83.2289,42.05452],[-83.23439,42.05902],[-83.25482,42.06398],[-83.25156,42.06796],[-83.25813,42.07397],[-83.2676,42.06908],[-83.2693,42.07537],[-83.27735,42.07634],[-83.27479,42.08012],[-83.27996,42.08022],[-83.27708,42.08248],[-83.28231,42.08389],[-83.28029,42.0859],[-83.28304,42.0857],[-83.28351,42.08974],[-83.28623,42.08803],[-83.28674,42.09121],[-83.2884,42.08966],[-83.29506,42.09424],[-83.42076,42.09357],[-83.42062,42.08778],[-83.5394,42.0856],[-83.5442,42.27689],[-83.55191,42.43517],[-82.96609,42.44989],[-82.74991,42.45109],[-82.83025,42.37349]]]}},{"type":"Feature","properties":{"std_name":"Fort Lauderdale-Pompano Beach-Sunrise, FL Metro Division","std_geoid":"22744","pen":"statisticians","std_note":null,"LSAD":"M3","NAME":"Fort Lauderdale-Pompano Beach-Sunrise, FL"},"geometry":{"type":"Polygon","coordinates":[[[-80.06289,25.97681],[-80.29519,25.97057],[-80.29497,25.95677],[-80.68002,25.95686],[-80.68004,25.97875],[-80.87293,25.97943],[-80.88129,26.33381],[-80.29699,26.33436],[-80.29705,26.35555],[-80.20408,26.32782],[-80.09999,26.32778],[-80.09862,26.32269],[-80.09197,26.32636],[-80.08791,26.32076],[-80.01528,26.32096],[-80.02208,26.28878],[-80.02505,26.24787],[-80.03563,26.20949],[-80.04654,26.13855],[-80.06289,25.97681]]]}},{"type":"Feature","properties":{"std_name":"Lake County-Porter County-Jasper County, IN Metro Division","std_geoid":"29414","pen":"statisticians","std_note":null,"LSAD":"M3","NAME":"Lake County-Porter County-Jasper County, IN"},"geometry":{"type":"Polygon","coordinates":[[[-87.09839,40.73654],[-87.52603,40.73689],[-87.52676,41.30833],[-87.52366,41.75991],[-86.93333,41.76103],[-86.92935,41.48493],[-86.93076,40.9124],[-86.98744,40.91218],[-86.98644,40.83792],[-87.09979,40.83761],[-87.09839,40.73654]]]}},{"type":"Feature","properties":{"std_name":"Los Angeles-Long Beach-Glendale, CA Metro Division","std_geoid":"31084","pen":"statisticians","std_note":null,"LSAD":"M3","NAME":"Los Angeles-Long Beach-Glendale, CA"},"geometry":{"type":"MultiPolygon","coordinates":[[[[-118.02878,33.87332],[-118.02872,33.86605],[-118.0376,33.86601],[-118.03754,33.86237],[-118.04619,33.85869],[-118.04608,33.85361],[-118.0504,33.85354],[-118.05469,33.84622],[-118.05904,33.8462],[-118.06317,33.81968],[-118.07283,33.81486],[-118.08474,33.80291],[-118.09699,33.77791],[-118.09197,33.75847],[-118.11406,33.74614],[-118.14781,33.69408],[-118.23701,33.6906],[-118.25453,33.67507],[-118.27424,33.66343],[-118.31914,33.65955],[-118.34542,33.66343],[-118.37717,33.67895],[-118.38593,33.68671],[-118.42864,33.70127],[-118.46696,33.72552],[-118.48558,33.75366],[-118.48777,33.77987],[-118.48448,33.80315],[-118.44397,33.83906],[-118.44725,33.84876],[-118.50091,33.91862],[-118.52345,33.95305],[-118.55736,33.98767],[-118.64835,33.98673],[-118.66651,33.98056],[-118.70457,33.97784],[-118.72746,33.98031],[-118.74639,33.9755],[-118.75441,33.96779],[-118.78653,33.95143],[-118.80983,33.94691],[-118.84112,33.95537],[-118.85685,33.96597],[-118.874,33.98331],[-118.8873,33.98722],[-118.95172,33.99286],[-118.94097,34.07483],[-118.78889,34.16821],[-118.66815,34.16819],[-118.66771,34.24034],[-118.63249,34.24039],[-118.63679,34.2918],[-118.89463,34.81797],[-118.88042,34.81784],[-118.88416,34.81349],[-118.88332,34.80937],[-118.87672,34.8032],[-118.87212,34.80317],[-118.85411,34.80328],[-118.85401,34.81776],[-117.66746,34.82253],[-117.66712,34.55791],[-117.6604,34.55789],[-117.65976,34.45277],[-117.64637,34.28917],[-117.6785,34.16199],[-117.71648,34.06758],[-117.73013,34.02137],[-117.73585,34.01855],[-117.76766,34.02351],[-117.76753,34.00469],[-117.78503,34.00485],[-117.80254,33.97555],[-117.80245,33.96831],[-117.79367,33.96813],[-117.79355,33.95382],[-117.78307,33.94626],[-117.9765,33.94605],[-117.97659,33.90281],[-117.98541,33.90277],[-117.98533,33.89551],[-117.99414,33.89551],[-117.99406,33.88822],[-118.00285,33.88816],[-118.00275,33.88089],[-118.01147,33.88085],[-118.01138,33.87343],[-118.02878,33.87332]]],[[[-118.6682,33.48594],[-118.66371,33.50003],[-118.65574,33.51082],[-118.64406,33.52128],[-118.62592,33.52898],[-118.60501,33.53221],[-118.57914,33.52841],[-118.52938,33.53118],[-118.50676,33.52491],[-118.49334,33.51573],[-118.47728,33.51543],[-118.46285,33.51043],[-118.43684,33.48944],[-118.42709,33.48716],[-118.42084,33.48178],[-118.40323,33.47927],[-118.35939,33.46492],[-118.31635,33.43414],[-118.3041,33.40363],[-118.25771,33.36413],[-118.2451,33.33834],[-118.24129,33.32302],[-118.2427,33.30311],[-118.24908,33.28414],[-118.25918,33.27251],[-118.2807,33.25909],[-118.30284,33.251],[-118.32799,33.24808],[-118.36331,33.25507],[-118.38559,33.26536],[-118.40256,33.26794],[-118.43765,33.26702],[-118.48669,33.2769],[-118.51039,33.28966],[-118.53489,33.31518],[-118.54748,33.34048],[-118.55119,33.36935],[-118.54793,33.3768],[-118.59108,33.39087],[-118.61857,33.40619],[-118.63073,33.4232],[-118.65506,33.44531],[-118.66592,33.46733],[-118.6682,33.48594]]],[[[-118.67855,33.02636],[-118.67561,33.04935],[-118.66385,33.06685],[-118.65436,33.07495],[-118.63264,33.08454],[-118.57834,33.08624],[-118.5421,33.07379],[-118.51497,33.04989],[-118.49558,33.02634],[-118.4895,33.01063],[-118.44886,32.96175],[-118.42334,32.94648],[-118.39079,32.91784],[-118.3289,32.87504],[-118.29725,32.84509],[-118.28878,32.82083],[-118.28991,32.81053],[-118.29584,32.79826],[-118.30285,32.78885],[-118.32382,32.77351],[-118.35349,32.76581],[-118.37838,32.77023],[-118.39256,32.7585],[-118.40832,32.75191],[-118.43654,32.75004],[-118.46471,32.76018],[-118.50765,32.79688],[-118.5382,32.81277],[-118.55319,32.8288],[-118.56253,32.84944],[-118.59693,32.89047],[-118.60529,32.90854],[-118.6088,32.92769],[-118.62212,32.94143],[-118.63552,32.9656],[-118.64473,33.00003],[-118.67017,33.00003],[-118.67855,33.02636]]]]}},{"type":"Feature","properties":{"std_name":"Montgomery County-Bucks County-Chester County, PA Metro Division","std_geoid":"33874","pen":"statisticians","std_note":null,"LSAD":"M3","NAME":"Montgomery County-Bucks County-Chester County, PA"},"geometry":{"type":"MultiPolygon","coordinates":[[[[-75.5931,39.83772],[-75.5869,39.84434],[-75.57993,39.83886],[-75.58628,39.83839],[-75.5931,39.83772]]],[[[-75.06069,40.42133],[-75.05702,40.41701],[-75.02863,40.40397],[-74.99586,40.41038],[-74.96655,40.39815],[-74.9489,40.36505],[-74.94452,40.34506],[-74.93971,40.33801],[-74.90831,40.31691],[-74.89161,40.31301],[-74.86821,40.29521],[-74.84231,40.25051],[-74.79531,40.22941],[-74.77144,40.21518],[-74.75431,40.18521],[-74.73721,40.17761],[-74.72232,40.16073],[-74.72437,40.14641],[-74.74118,40.13517],[-74.75972,40.1338],[-74.78417,40.12048],[-74.82253,40.12684],[-74.8294,40.11919],[-74.83587,40.10347],[-74.85461,40.09327],[-74.86276,40.08295],[-74.90732,40.0708],[-74.92982,40.06979],[-74.97398,40.04859],[-74.98519,40.05711],[-74.9713,40.07584],[-74.96327,40.07724],[-74.95838,40.08396],[-74.95578,40.0951],[-74.96179,40.09777],[-74.96089,40.1031],[-74.96561,40.10809],[-74.96317,40.11668],[-74.98252,40.11999],[-74.98343,40.12362],[-74.99435,40.12622],[-74.99389,40.13188],[-74.99788,40.12782],[-75.01507,40.13799],[-75.05834,40.10589],[-75.08691,40.07865],[-75.09673,40.06899],[-75.08742,40.0636],[-75.10941,40.04584],[-75.17644,40.08465],[-75.18846,40.07275],[-75.22361,40.09291],[-75.26443,40.05409],[-75.24524,40.03736],[-75.20598,40.01172],[-75.27648,39.97696],[-75.31143,40.01981],[-75.3207,40.01622],[-75.36007,40.0662],[-75.41499,40.04179],[-75.40434,40.02736],[-75.45377,39.99359],[-75.43769,39.99389],[-75.43582,39.98506],[-75.52382,39.94412],[-75.51896,39.9343],[-75.52454,39.9316],[-75.52617,39.93499],[-75.53047,39.93205],[-75.52351,39.92314],[-75.53024,39.92212],[-75.53611,39.92993],[-75.54273,39.92718],[-75.54249,39.91842],[-75.55045,39.91493],[-75.54642,39.90973],[-75.55611,39.90534],[-75.55864,39.90868],[-75.56131,39.90743],[-75.55929,39.90298],[-75.57338,39.8964],[-75.57116,39.88814],[-75.58041,39.88375],[-75.58625,39.88481],[-75.58476,39.88098],[-75.59791,39.87446],[-75.59256,39.86787],[-75.60154,39.85589],[-75.592,39.85254],[-75.59784,39.84094],[-75.59488,39.83752],[-75.65486,39.8243],[-75.70624,39.79966],[-75.74738,39.76437],[-75.76265,39.74376],[-75.77379,39.7222],[-76.13548,39.72115],[-76.13667,39.72527],[-76.13405,39.72717],[-76.11898,39.72359],[-76.11922,39.73656],[-76.10856,39.73484],[-76.11119,39.72835],[-76.10583,39.72409],[-76.09582,39.72987],[-76.09253,39.734],[-76.10195,39.73953],[-76.10034,39.74572],[-76.09404,39.74273],[-76.08678,39.74579],[-76.0826,39.75305],[-76.08579,39.75589],[-76.08185,39.76135],[-76.06669,39.75997],[-76.06246,39.76485],[-76.06456,39.77119],[-76.0584,39.77986],[-76.05053,39.78279],[-76.04138,39.79663],[-76.04976,39.80269],[-76.03902,39.80122],[-76.03522,39.81184],[-76.02962,39.81273],[-76.03764,39.82692],[-76.02703,39.82415],[-76.02283,39.8308],[-76.01654,39.83126],[-76.02222,39.85076],[-76.01883,39.85408],[-76.00758,39.85235],[-76.00243,39.87435],[-75.99149,39.86869],[-75.98684,39.87358],[-75.99238,39.88223],[-75.98673,39.89288],[-75.99501,39.8985],[-75.99741,39.92806],[-75.99152,39.92673],[-75.98477,39.93213],[-75.9817,39.92946],[-75.98097,39.93348],[-75.98821,39.93968],[-75.99463,39.95243],[-75.93587,40.03747],[-75.93613,40.07858],[-75.943,40.10927],[-75.87317,40.13718],[-75.74318,40.21672],[-75.69595,40.24236],[-75.52981,40.44709],[-75.48386,40.41863],[-75.40973,40.48798],[-75.26637,40.57758],[-75.1968,40.60858],[-75.18927,40.58992],[-75.1955,40.57863],[-75.18491,40.56831],[-75.16231,40.56419],[-75.14017,40.57537],[-75.11639,40.57306],[-75.09983,40.5674],[-75.06843,40.54198],[-75.06266,40.48044],[-75.06772,40.47367],[-75.06702,40.46531],[-75.07068,40.45679],[-75.06069,40.42133]]]]}},{"type":"Feature","properties":{"std_name":"New York-Jersey City-White Plains, NY-NJ Metro Division","std_geoid":"35614","pen":"statisticians","std_note":null,"LSAD":"M3","NAME":"New York-Jersey City-White Plains, NY-NJ"},"geometry":{"type":"Polygon","coordinates":[[[-73.97787,40.5191],[-74.22533,40.47658],[-74.25304,40.48666],[-74.25884,40.49887],[-74.25813,40.50872],[-74.2541,40.51566],[-74.24602,40.52096],[-74.25028,40.5423],[-74.24748,40.54938],[-74.23141,40.55918],[-74.218,40.55706],[-74.21457,40.56053],[-74.20724,40.58792],[-74.19959,40.59785],[-74.20483,40.60606],[-74.2024,40.63159],[-74.18564,40.64604],[-74.16143,40.64415],[-74.11279,40.7031],[-74.12139,40.721],[-74.1176,40.73964],[-74.13749,40.7414],[-74.14719,40.7344],[-74.15569,40.7335],[-74.16209,40.73611],[-74.16599,40.7452],[-74.16339,40.7594],[-74.14899,40.778],[-74.14825,40.78516],[-74.1382,40.79849],[-74.13701,40.81734],[-74.13002,40.81994],[-74.19831,40.85729],[-74.197,40.85946],[-74.202,40.85935],[-74.24029,40.88044],[-74.25317,40.88157],[-74.26429,40.88691],[-74.26664,40.89453],[-74.2729,40.89907],[-74.27192,40.90969],[-74.26701,40.90764],[-74.26698,40.91043],[-74.27159,40.91539],[-74.27892,40.91589],[-74.27887,40.91825],[-74.2842,40.91715],[-74.28375,40.92067],[-74.28851,40.92483],[-74.28925,40.92879],[-74.27942,40.94332],[-74.27722,40.95477],[-74.28045,40.9573],[-74.27931,40.96509],[-74.28242,40.97003],[-74.27751,40.97355],[-74.28175,40.97638],[-74.28169,40.97996],[-74.29767,40.97991],[-74.29283,40.98795],[-74.29885,41.00291],[-74.30143,40.99925],[-74.30949,40.99841],[-74.31549,41.00238],[-74.32822,41.00116],[-74.33665,41.0076],[-74.35019,41.00397],[-74.35114,41.01049],[-74.35547,41.01391],[-74.36213,41.01383],[-74.3642,41.01094],[-74.37981,41.01426],[-74.38729,41.01169],[-74.39127,41.01595],[-74.39991,41.01737],[-74.4062,41.02418],[-74.41888,41.02873],[-74.42369,41.02761],[-74.42815,41.02067],[-74.43504,41.02002],[-74.42694,41.03598],[-74.44028,41.04356],[-74.44191,41.05043],[-74.44691,41.05443],[-74.476,41.04786],[-74.49763,41.03412],[-74.50169,41.0421],[-74.49506,41.06126],[-74.48742,41.06588],[-74.48683,41.07644],[-74.50321,41.08587],[-74.42126,41.16053],[-74.36751,41.20324],[-74.23442,41.14306],[-73.98075,41.32542],[-73.96126,41.34854],[-73.9568,41.37221],[-73.94729,41.39476],[-73.96178,41.40282],[-73.96664,41.41743],[-73.98155,41.43901],[-73.93377,41.48828],[-73.69266,41.51225],[-73.57978,41.52646],[-73.53007,41.52719],[-73.55096,41.29542],[-73.4827,41.21277],[-73.72777,41.1007],[-73.65525,41.01225],[-73.66027,41.00048],[-73.65723,40.99091],[-73.65967,40.98791],[-73.61289,40.95094],[-73.748,40.87187],[-73.7578,40.84568],[-73.78019,40.8264],[-73.77896,40.81171],[-73.76371,40.7938],[-73.70163,40.75249],[-73.70017,40.73954],[-73.70794,40.72777],[-73.73033,40.72216],[-73.7269,40.70998],[-73.72563,40.67959],[-73.72833,40.66304],[-73.72505,40.65234],[-73.74144,40.64689],[-73.73996,40.63514],[-73.7433,40.63805],[-73.76883,40.6241],[-73.76672,40.615],[-73.76002,40.61135],[-73.74553,40.61187],[-73.73826,40.60256],[-73.73718,40.59296],[-73.74447,40.5929],[-73.7555,40.58539],[-73.75826,40.55536],[-73.76878,40.53375],[-73.82616,40.52287],[-73.85484,40.512],[-73.87678,40.50113],[-73.88965,40.48651],[-73.97787,40.5191]]]}},{"type":"Feature","properties":{"std_name":"San Francisco-San Mateo-Redwood City, CA Metro Division","std_geoid":"41884","pen":"statisticians","std_note":null,"LSAD":"M3","NAME":"San Francisco-San Mateo-Redwood City, CA"},"geometry":{"type":"MultiPolygon","coordinates":[[[[-122.28178,37.70823],[-122.10957,37.49764],[-122.08147,37.47784],[-122.09676,37.46191],[-122.09657,37.46614],[-122.11326,37.46753],[-122.11769,37.46524],[-122.12392,37.46115],[-122.12177,37.45424],[-122.12413,37.4528],[-122.12864,37.45188],[-122.14441,37.45827],[-122.16516,37.45298],[-122.19053,37.43129],[-122.1913,37.42519],[-122.18792,37.42019],[-122.19027,37.41848],[-122.18716,37.41633],[-122.19234,37.41391],[-122.19454,37.40793],[-122.19002,37.39486],[-122.19051,37.38525],[-122.20071,37.37196],[-122.20247,37.36027],[-122.19416,37.34567],[-122.17508,37.32574],[-122.18304,37.32731],[-122.19306,37.31828],[-122.18232,37.30953],[-122.17081,37.31198],[-122.16207,37.30423],[-122.16684,37.29524],[-122.1527,37.28864],[-122.15277,37.21544],[-122.24257,37.21513],[-122.24266,37.19004],[-122.31768,37.18695],[-122.31178,37.14755],[-122.28938,37.11347],[-122.29941,37.09636],[-122.3139,37.05476],[-122.33641,37.05386],[-122.36,37.05839],[-122.37609,37.06565],[-122.39313,37.08716],[-122.39692,37.10989],[-122.41336,37.12179],[-122.42135,37.13508],[-122.44563,37.15004],[-122.46591,37.18186],[-122.47223,37.21221],[-122.4817,37.22915],[-122.48405,37.24994],[-122.46587,37.34124],[-122.46701,37.34989],[-122.50354,37.4119],[-122.50989,37.44155],[-122.5276,37.4461],[-122.547,37.45786],[-122.56809,37.47921],[-122.57278,37.48918],[-122.57956,37.54588],[-122.58645,37.56191],[-122.58818,37.57941],[-122.58645,37.59253],[-122.5675,37.63918],[-122.58128,37.7602],[-122.58817,37.78936],[-122.61228,37.81522],[-122.52802,37.8151],[-122.52885,37.82011],[-122.5207,37.82528],[-122.4991,37.81988],[-122.49123,37.8266],[-122.47809,37.82535],[-122.47781,37.83322],[-122.47283,37.83189],[-122.41867,37.85251],[-122.43228,37.92982],[-122.37378,37.88372],[-122.34668,37.81103],[-122.28178,37.70823]]],[[[-123.17382,37.77573],[-123.16601,37.79689],[-123.13227,37.81968],[-123.11829,37.82306],[-123.09526,37.82188],[-123.07049,37.81383],[-123.04882,37.79982],[-123.03873,37.78888],[-123.03384,37.77837],[-122.99754,37.77078],[-122.94998,37.73219],[-122.94229,37.72106],[-122.93587,37.70246],[-122.94136,37.67658],[-122.94907,37.66338],[-122.96301,37.65198],[-122.98675,37.64178],[-123.00111,37.63983],[-123.0407,37.65033],[-123.06859,37.67304],[-123.07492,37.69007],[-123.08606,37.70075],[-123.09285,37.71369],[-123.10492,37.71265],[-123.12611,37.71673],[-123.15676,37.73784],[-123.16998,37.75593],[-123.17382,37.77573]]]]}},{"type":"Feature","properties":{"std_name":"Seattle-Bellevue-Kent, WA Metro Division","std_geoid":"42644","pen":"statisticians","std_note":null,"LSAD":"M3","NAME":"Seattle-Bellevue-Kent, WA"},"geometry":{"type":"Polygon","coordinates":[[[-122.00035,47.77539],[-121.49702,47.77783],[-121.45555,47.77843],[-121.45553,47.78058],[-121.11918,47.77993],[-121.11948,47.77584],[-121.1077,47.76668],[-121.11051,47.75783],[-121.09402,47.75818],[-121.08991,47.74632],[-121.079,47.73919],[-121.08737,47.7285],[-121.08363,47.72274],[-121.06964,47.71765],[-121.06594,47.70928],[-121.06712,47.70627],[-121.07888,47.70204],[-121.09029,47.70283],[-121.09461,47.69503],[-121.10551,47.68881],[-121.12158,47.68521],[-121.12882,47.67618],[-121.12318,47.66333],[-121.12564,47.65716],[-121.13188,47.65566],[-121.1337,47.64561],[-121.12597,47.6374],[-121.12787,47.6321],[-121.12471,47.62743],[-121.11878,47.62698],[-121.11375,47.62169],[-121.11329,47.61846],[-121.12007,47.61568],[-121.12029,47.61289],[-121.11183,47.59873],[-121.11792,47.59676],[-121.11981,47.59133],[-121.13751,47.59574],[-121.14269,47.59199],[-121.15215,47.59558],[-121.17219,47.59023],[-121.17298,47.58338],[-121.16985,47.57849],[-121.17985,47.56498],[-121.18831,47.56873],[-121.20854,47.56596],[-121.21685,47.56977],[-121.2289,47.5656],[-121.23302,47.56062],[-121.23458,47.54564],[-121.24347,47.54296],[-121.24264,47.53599],[-121.2516,47.53204],[-121.25562,47.53348],[-121.26228,47.5236],[-121.279,47.52294],[-121.28553,47.51703],[-121.28339,47.51487],[-121.29195,47.51355],[-121.28847,47.50933],[-121.29222,47.50209],[-121.30035,47.49584],[-121.3027,47.48631],[-121.31117,47.48293],[-121.31204,47.47917],[-121.32455,47.47942],[-121.33199,47.47369],[-121.33867,47.47639],[-121.34812,47.46524],[-121.36392,47.46483],[-121.37926,47.4543],[-121.3791,47.45046],[-121.38527,47.44498],[-121.38146,47.43845],[-121.38525,47.43439],[-121.40107,47.43202],[-121.4111,47.42338],[-121.42725,47.42085],[-121.42838,47.41623],[-121.4223,47.41297],[-121.42282,47.40599],[-121.43382,47.39911],[-121.42736,47.39574],[-121.4261,47.38985],[-121.44051,47.38577],[-121.43777,47.37185],[-121.45898,47.37312],[-121.46595,47.36798],[-121.46126,47.36134],[-121.46406,47.35382],[-121.44383,47.34339],[-121.43842,47.34373],[-121.43051,47.33449],[-121.44533,47.30982],[-121.43268,47.30495],[-121.43067,47.29644],[-121.43285,47.29383],[-121.42749,47.28907],[-121.41942,47.28673],[-121.4163,47.2935],[-121.40978,47.28922],[-121.3726,47.28497],[-121.36178,47.29194],[-121.35968,47.28553],[-121.3412,47.28126],[-121.33589,47.26063],[-121.33204,47.25729],[-121.33983,47.24715],[-121.36075,47.24053],[-121.35843,47.23423],[-121.3657,47.22646],[-121.35389,47.22056],[-121.32518,47.21609],[-121.3112,47.20766],[-121.30912,47.20298],[-121.31176,47.19967],[-121.30612,47.18802],[-121.31782,47.17339],[-121.29755,47.14867],[-121.30335,47.13894],[-121.31553,47.13384],[-121.33509,47.13268],[-121.36468,47.14176],[-121.39397,47.13276],[-121.39487,47.12867],[-121.40808,47.1181],[-121.40432,47.10864],[-121.39906,47.1046],[-121.40291,47.09858],[-121.393,47.09202],[-121.38341,47.09508],[-121.37677,47.0887],[-121.41197,47.0907],[-121.4409,47.08435],[-121.47188,47.09974],[-121.48978,47.11637],[-121.50526,47.11798],[-121.50975,47.1225],[-121.53151,47.12458],[-121.58196,47.11866],[-121.59446,47.12223],[-121.61147,47.14299],[-121.62953,47.15343],[-121.64852,47.15493],[-121.6622,47.16004],[-121.68417,47.14979],[-121.71914,47.15112],[-121.74309,47.16454],[-121.74949,47.16207],[-121.76246,47.16751],[-121.77335,47.16649],[-121.77756,47.17338],[-121.79646,47.17306],[-121.81331,47.1595],[-121.8313,47.15193],[-121.83169,47.14848],[-121.83946,47.1434],[-121.84945,47.14726],[-121.86041,47.1466],[-121.86085,47.15065],[-121.86548,47.1526],[-121.87294,47.15053],[-121.87847,47.15394],[-121.90154,47.15574],[-121.90942,47.15054],[-121.92789,47.14771],[-121.93191,47.13928],[-121.93643,47.13846],[-121.95007,47.14454],[-121.94994,47.15095],[-121.95419,47.15567],[-121.96952,47.15628],[-121.98058,47.16456],[-121.99145,47.16324],[-121.99393,47.17257],[-122.00453,47.17019],[-122.01272,47.17605],[-122.04748,47.17123],[-122.06338,47.18588],[-122.09476,47.19498],[-122.09483,47.1982],[-122.10071,47.20007],[-122.11576,47.21598],[-122.11304,47.22363],[-122.11751,47.22586],[-122.11575,47.23134],[-122.12546,47.23232],[-122.12297,47.23913],[-122.13759,47.24682],[-122.13675,47.25437],[-122.14398,47.25753],[-122.33491,47.25737],[-122.33483,47.26311],[-122.43725,47.33372],[-122.46318,47.3208],[-122.49148,47.31729],[-122.51734,47.32158],[-122.53478,47.33344],[-122.54139,47.35133],[-122.52836,47.37704],[-122.53976,47.39655],[-122.5245,47.42387],[-122.51924,47.46163],[-122.48791,47.50191],[-122.48002,47.52174],[-122.44485,47.54333],[-122.4443,47.55557],[-122.45477,47.57368],[-122.44757,47.59331],[-122.44606,47.608],[-122.45491,47.62656],[-122.45281,47.6438],[-122.4597,47.67579],[-122.44692,47.70448],[-122.43746,47.71305],[-122.42715,47.74536],[-122.42943,47.76243],[-122.43809,47.77781],[-122.00035,47.77539]]]}},{"type":"Feature","properties":{"std_name":"Warren-Troy-Farmington Hills, MI Metro Division","std_geoid":"47664","pen":"statisticians","std_note":null,"LSAD":"M3","NAME":"Warren-Troy-Farmington Hills, MI"},"geometry":{"type":"Polygon","coordinates":[[[-82.92858,42.45062],[-83.94465,42.42415],[-84.14071,42.42461],[-84.14175,42.54727],[-84.15819,42.77664],[-83.68649,42.78326],[-83.68938,42.87126],[-83.4533,42.87631],[-83.45909,43.04917],[-83.46071,43.23279],[-83.35171,43.23519],[-83.35442,43.32226],[-83.1204,43.32705],[-83.11903,43.28368],[-83.00043,43.28491],[-82.99626,43.1541],[-82.50316,43.16895],[-82.33407,43.17041],[-82.38997,43.06224],[-82.411,43.01132],[-82.42442,42.99698],[-82.42305,42.98844],[-82.41347,42.97689],[-82.4167,42.96642],[-82.45557,42.92685],[-82.46934,42.88872],[-82.46868,42.85205],[-82.48257,42.80864],[-82.47059,42.7837],[-82.46767,42.76191],[-82.48338,42.73346],[-82.48396,42.71794],[-82.51085,42.66499],[-82.51004,42.63679],[-82.52343,42.60734],[-82.54814,42.59175],[-82.57881,42.56603],[-82.58407,42.55405],[-82.58998,42.55098],[-82.60697,42.54828],[-82.62433,42.55713],[-82.63372,42.5568],[-82.64307,42.55432],[-82.65983,42.54327],[-82.74991,42.45109],[-82.92858,42.45062]]]}},{"type":"Feature","properties":{"std_name":"Wilmington, DE-MD-NJ Metro Division","std_geoid":"48864","pen":"statisticians","std_note":null,"LSAD":"M3","NAME":"Wilmington, DE-MD-NJ"},"geometry":{"type":"Polygon","coordinates":[[[-75.23843,39.55904],[-75.32609,39.48849],[-75.34238,39.49062],[-75.34998,39.47976],[-75.35122,39.47182],[-75.3618,39.46607],[-75.36821,39.45648],[-75.37436,39.45513],[-75.39983,39.46227],[-75.41386,39.45366],[-75.40921,39.44306],[-75.4166,39.43847],[-75.40939,39.43754],[-75.41198,39.43341],[-75.41882,39.4323],[-75.41503,39.42872],[-75.41085,39.43097],[-75.40817,39.42428],[-75.41198,39.4235],[-75.4112,39.42039],[-75.4188,39.41512],[-75.41941,39.41121],[-75.41429,39.40474],[-75.41085,39.40868],[-75.4051,39.40554],[-75.41116,39.40109],[-75.40746,39.39595],[-75.418,39.39432],[-75.4148,39.39079],[-75.41695,39.3875],[-75.41282,39.38436],[-75.40891,39.38756],[-75.40668,39.38029],[-75.44475,39.35509],[-75.46944,39.37315],[-75.48136,39.38755],[-75.51577,39.36455],[-75.5169,39.36099],[-75.52776,39.35897],[-75.52837,39.35356],[-75.53257,39.35451],[-75.53585,39.35062],[-75.54083,39.35431],[-75.54509,39.35077],[-75.55337,39.35301],[-75.5512,39.34531],[-75.55731,39.34912],[-75.56052,39.34507],[-75.55621,39.33532],[-75.56901,39.32874],[-75.56888,39.32299],[-75.57443,39.31361],[-75.58434,39.30872],[-75.59001,39.31174],[-75.60074,39.30796],[-75.60384,39.31118],[-75.60691,39.30805],[-75.61963,39.31006],[-75.63259,39.30127],[-75.6415,39.30116],[-75.65116,39.29159],[-75.66662,39.29028],[-75.6752,39.2905],[-75.68519,39.29709],[-75.7149,39.29937],[-75.76007,39.29682],[-75.76659,39.37756],[-75.76947,39.37857],[-75.78422,39.38255],[-75.78466,39.38016],[-75.7894,39.38113],[-75.8062,39.3752],[-75.80945,39.37975],[-75.81883,39.3823],[-75.84548,39.3677],[-75.85543,39.36456],[-75.86838,39.36772],[-75.88093,39.36493],[-75.88586,39.3608],[-75.89452,39.36564],[-75.92278,39.36725],[-75.92794,39.37146],[-75.94234,39.36775],[-75.95697,39.3746],[-75.96827,39.37397],[-75.98111,39.36657],[-75.99509,39.37611],[-76.0419,39.37819],[-76.0686,39.39327],[-76.07993,39.40551],[-76.05234,39.42469],[-76.0429,39.43821],[-76.03696,39.45544],[-76.03685,39.47604],[-76.04413,39.49945],[-76.08597,39.55901],[-76.13597,39.61411],[-76.14747,39.61941],[-76.16177,39.64962],[-76.21268,39.68641],[-76.22928,39.70913],[-76.23328,39.72137],[-75.77379,39.7222],[-75.75632,39.75315],[-75.73165,39.78033],[-75.70009,39.80348],[-75.66347,39.82118],[-75.62259,39.83307],[-75.57806,39.83898],[-75.53316,39.83838],[-75.48859,39.83123],[-75.44389,39.81661],[-75.40427,39.79557],[-75.42906,39.78382],[-75.40771,39.78744],[-75.40812,39.7816],[-75.40232,39.78247],[-75.40039,39.77297],[-75.39497,39.77373],[-75.40023,39.76783],[-75.40445,39.76951],[-75.40596,39.76348],[-75.39928,39.76132],[-75.39782,39.75747],[-75.39658,39.76128],[-75.38986,39.76046],[-75.39275,39.75798],[-75.38933,39.75642],[-75.3951,39.75467],[-75.39253,39.75042],[-75.38819,39.75243],[-75.386,39.74703],[-75.38047,39.74827],[-75.37676,39.74494],[-75.37775,39.74049],[-75.37468,39.73975],[-75.37734,39.73895],[-75.3741,39.73537],[-75.37811,39.73087],[-75.37471,39.72858],[-75.37659,39.72642],[-75.36715,39.72211],[-75.36735,39.71769],[-75.36133,39.71667],[-75.36014,39.71289],[-75.33605,39.70388],[-75.33517,39.70016],[-75.32552,39.69514],[-75.32634,39.69002],[-75.31502,39.6914],[-75.31418,39.68825],[-75.30209,39.68842],[-75.28596,39.67957],[-75.26633,39.68227],[-75.25346,39.6791],[-75.24754,39.66452],[-75.23486,39.66162],[-75.21943,39.66181],[-75.19979,39.667],[-75.06185,39.56875],[-75.07448,39.54451],[-75.07103,39.54015],[-75.07111,39.53151],[-75.07977,39.50118],[-75.07385,39.49259],[-75.07318,39.48531],[-75.08065,39.47174],[-75.08029,39.46048],[-75.08382,39.45735],[-75.23843,39.55904]]]}},{"type":"Feature","properties":{"std_name":"Cambridge-Newton-Framingham, MA Metro Division","std_geoid":"15764","pen":"statisticians","std_note":null,"LSAD":"M3","NAME":"Cambridge-Newton-Framingham, MA"},"geometry":{"type":"Polygon","coordinates":[[[-70.85144,42.39321],[-70.90129,42.3841],[-70.92459,42.3868],[-70.95949,42.4075],[-70.96209,42.4124],[-70.95299,42.4294],[-70.95079,42.4443],[-70.96859,42.4444],[-70.97989,42.4324],[-70.99012,42.43488],[-70.99571,42.43086],[-71.01078,42.43457],[-71.01237,42.43974],[-71.0095,42.44096],[-71.01876,42.45012],[-71.02584,42.44471],[-71.02038,42.43825],[-71.04057,42.40198],[-71.04815,42.39663],[-71.05286,42.39695],[-71.05,42.39347],[-71.0553,42.3871],[-71.0709,42.389],[-71.06737,42.3953],[-71.08097,42.38232],[-71.07566,42.3802],[-71.07247,42.37266],[-71.06398,42.36893],[-71.06948,42.36905],[-71.07733,42.35908],[-71.09324,42.35385],[-71.11283,42.353],[-71.11707,42.35587],[-71.11769,42.36815],[-71.13017,42.37396],[-71.1331,42.3727],[-71.13294,42.36849],[-71.14781,42.36131],[-71.16761,42.3601],[-71.17485,42.35034],[-71.16668,42.3401],[-71.16922,42.33807],[-71.16756,42.33344],[-71.16129,42.33378],[-71.15689,42.33024],[-71.17893,42.31432],[-71.1647,42.30383],[-71.19125,42.28299],[-71.19322,42.28801],[-71.19635,42.28596],[-71.20524,42.28957],[-71.21295,42.30595],[-71.227,42.30849],[-71.22849,42.31913],[-71.2468,42.32106],[-71.25294,42.32676],[-71.25782,42.32451],[-71.26996,42.32809],[-71.32975,42.31299],[-71.30848,42.27079],[-71.30292,42.24827],[-71.3325,42.24907],[-71.32938,42.24515],[-71.3297,42.23333],[-71.34316,42.22077],[-71.3385,42.21523],[-71.34698,42.21556],[-71.35154,42.21132],[-71.35197,42.20701],[-71.34417,42.2007],[-71.40443,42.18843],[-71.40229,42.17879],[-71.43017,42.17939],[-71.44407,42.17489],[-71.46401,42.1582],[-71.47812,42.15678],[-71.47803,42.16587],[-71.49738,42.16664],[-71.50263,42.19142],[-71.50689,42.18893],[-71.5395,42.18973],[-71.55574,42.1825],[-71.55678,42.19245],[-71.58291,42.19556],[-71.60222,42.2181],[-71.58676,42.25955],[-71.55666,42.26813],[-71.53963,42.26279],[-71.51891,42.26772],[-71.50609,42.26439],[-71.50588,42.27294],[-71.48595,42.31123],[-71.4868,42.33019],[-71.55113,42.32639],[-71.58521,42.31095],[-71.60527,42.33016],[-71.6041,42.33677],[-71.61755,42.34197],[-71.62583,42.34972],[-71.61001,42.3574],[-71.60307,42.36727],[-71.60776,42.37002],[-71.58013,42.38695],[-71.60425,42.3977],[-71.58526,42.4071],[-71.5591,42.41194],[-71.54339,42.46645],[-71.56037,42.47435],[-71.52984,42.51984],[-71.53878,42.54303],[-71.58029,42.55047],[-71.59465,42.54338],[-71.60785,42.54538],[-71.61993,42.5525],[-71.63589,42.54],[-71.63921,42.53096],[-71.63587,42.52402],[-71.67897,42.53043],[-71.6646,42.6116],[-71.77576,42.64423],[-71.77532,42.63666],[-71.84484,42.63799],[-71.85848,42.63381],[-71.85776,42.67498],[-71.86575,42.68411],[-71.86978,42.68365],[-71.8971,42.70373],[-71.89877,42.71131],[-71.29464,42.69704],[-71.26787,42.72603],[-71.24543,42.74255],[-71.22383,42.74648],[-71.18179,42.73734],[-71.18614,42.79093],[-71.16665,42.80888],[-71.13281,42.82148],[-71.06442,42.80627],[-71.04492,42.84867],[-71.0312,42.85909],[-70.96702,42.8688],[-70.92959,42.88503],[-70.91463,42.88665],[-70.8856,42.88283],[-70.84772,42.86087],[-70.82024,42.87179],[-70.73501,42.87468],[-70.74883,42.85883],[-70.74552,42.84444],[-70.73487,42.82448],[-70.73365,42.80366],[-70.73722,42.78796],[-70.72585,42.75902],[-70.71927,42.7501],[-70.71432,42.73191],[-70.70258,42.72416],[-70.66131,42.73661],[-70.62594,42.73972],[-70.54931,42.72416],[-70.52966,42.70705],[-70.51393,42.68059],[-70.50214,42.63547],[-70.50214,42.62458],[-70.52179,42.59346],[-70.54537,42.57012],[-70.58271,42.553],[-70.60629,42.53122],[-70.64807,42.40563],[-70.85144,42.39321]]]}},{"type":"Feature","properties":{"std_name":"Marietta, GA Metro Division","std_geoid":"31924","pen":"statisticians","std_note":null,"LSAD":"M3","NAME":"Marietta, GA"},"geometry":{"type":"Polygon","coordinates":[[[-84.46972,33.82704],[-84.50955,33.79382],[-84.53085,33.78228],[-84.53884,33.77028],[-84.57793,33.74368],[-84.62269,33.80484],[-84.72414,33.80639],[-84.72412,33.7886],[-84.7638,33.78734],[-84.80026,33.78225],[-84.79985,33.77991],[-84.83271,33.77852],[-84.83271,33.77602],[-84.87915,33.77476],[-84.9712,33.79962],[-85.04933,33.81243],[-85.05089,33.71463],[-85.06654,33.71497],[-85.06647,33.7107],[-85.11499,33.69135],[-85.12969,33.69142],[-85.12944,33.69978],[-85.13903,33.70002],[-85.28974,33.65209],[-85.33823,33.65312],[-85.38658,33.90172],[-85.21279,33.89921],[-85.21277,33.9063],[-85.05031,33.90449],[-85.04983,33.95264],[-84.97868,33.95139],[-84.92274,34.0825],[-84.92994,34.0826],[-84.93004,34.0782],[-84.93904,34.0784],[-84.93909,34.08255],[-85.04705,34.08288],[-85.04466,34.21362],[-85.02381,34.21339],[-85.02395,34.2512],[-85.01561,34.25113],[-85.01553,34.25821],[-85.02389,34.25829],[-85.0231,34.34711],[-85.00523,34.34708],[-85.00578,34.39251],[-84.99088,34.39247],[-84.98879,34.38458],[-84.9539,34.38419],[-84.95573,34.39182],[-84.94734,34.39154],[-84.94722,34.39889],[-84.89619,34.3986],[-84.89628,34.3963],[-84.73412,34.3965],[-84.73388,34.41297],[-84.58283,34.41219],[-84.58263,34.38149],[-84.44233,34.38039],[-84.44213,34.38819],[-84.42452,34.38799],[-84.42453,34.38059],[-84.40072,34.38049],[-84.40077,34.37327],[-84.39222,34.37329],[-84.39212,34.38069],[-84.25759,34.38099],[-84.25902,34.18592],[-84.32864,34.18617],[-84.34236,34.17643],[-84.35227,34.17689],[-84.35617,34.17457],[-84.35636,34.16825],[-84.36074,34.16235],[-84.35691,34.15491],[-84.36047,34.15165],[-84.35885,34.1409],[-84.36192,34.12431],[-84.37682,34.11946],[-84.38814,34.11987],[-84.39985,34.10957],[-84.41843,34.10904],[-84.41913,34.05517],[-84.41098,34.04954],[-84.41161,34.04285],[-84.4071,34.03637],[-84.40214,34.03512],[-84.40399,34.03228],[-84.39816,34.02198],[-84.40083,34.00827],[-84.39631,34.00812],[-84.39292,33.99968],[-84.38762,33.99685],[-84.38979,33.99483],[-84.37581,33.98848],[-84.37517,33.97819],[-84.37808,33.97313],[-84.38436,33.97122],[-84.38304,33.96383],[-84.38948,33.95705],[-84.41775,33.93209],[-84.43666,33.92278],[-84.44711,33.91143],[-84.44169,33.89996],[-84.44387,33.89541],[-84.44155,33.89079],[-84.44431,33.88717],[-84.44345,33.87886],[-84.45169,33.87257],[-84.45618,33.86449],[-84.45447,33.85872],[-84.46022,33.85254],[-84.46043,33.83835],[-84.45537,33.82688],[-84.45815,33.82457],[-84.46972,33.82704]]]}},{"type":"Feature","properties":{"std_name":"Arlington-Alexandria-Reston, VA-WV Metro Division","std_geoid":"11694","pen":"statisticians","std_note":null,"LSAD":"M3","NAME":"Arlington-Alexandria-Reston, VA-WV"},"geometry":{"type":"Polygon","coordinates":[[[-77.28501,38.52028],[-77.30986,38.4953],[-77.31854,38.47444],[-77.3204,38.43522],[-77.32301,38.43345],[-77.31045,38.4001],[-77.30494,38.37527],[-77.29679,38.3705],[-77.2882,38.35939],[-77.2871,38.3488],[-77.32064,38.3462],[-77.32158,38.33814],[-77.33026,38.33387],[-77.32668,38.31874],[-77.33396,38.31304],[-77.33617,38.30247],[-77.33947,38.30302],[-77.33925,38.28726],[-77.34744,38.27224],[-77.34311,38.26795],[-77.34467,38.26061],[-77.32839,38.25327],[-77.32689,38.24444],[-77.342,38.25274],[-77.3604,38.24242],[-77.3703,38.24658],[-77.37467,38.2431],[-77.44023,38.17732],[-77.64252,37.99069],[-77.64794,37.99409],[-77.65957,37.99196],[-77.66081,37.9975],[-77.66721,37.997],[-77.67064,38.00338],[-77.67749,38.00659],[-77.69457,38.00712],[-77.7004,38.0127],[-77.71189,38.01272],[-77.71981,38.01704],[-77.72221,38.02324],[-77.73061,38.02084],[-77.72811,38.02714],[-77.73231,38.03164],[-77.73981,38.03294],[-77.74691,38.02364],[-77.74881,38.03674],[-77.74091,38.03774],[-77.74821,38.04214],[-77.74521,38.05114],[-77.74951,38.05284],[-77.75611,38.04824],[-77.76391,38.05314],[-77.76851,38.05174],[-77.77191,38.05744],[-77.78451,38.06334],[-77.78261,38.06854],[-77.78661,38.07634],[-77.81091,38.07954],[-77.81272,38.08514],[-77.81972,38.08784],[-77.81972,38.09244],[-77.83622,38.10114],[-77.83772,38.10604],[-77.84552,38.10434],[-77.84302,38.10104],[-77.84702,38.09844],[-77.85122,38.10434],[-77.85722,38.10004],[-77.85982,38.10524],[-77.87392,38.10634],[-77.88842,38.11314],[-77.90242,38.10814],[-77.91252,38.11154],[-77.91592,38.11814],[-77.93432,38.11401],[-77.94705,38.12004],[-77.9386,38.1334],[-77.93316,38.13766],[-77.92904,38.13586],[-77.92212,38.15176],[-77.91917,38.15165],[-77.9203,38.15467],[-77.916,38.15333],[-77.90822,38.16035],[-77.90065,38.15982],[-77.90211,38.166],[-77.89766,38.17113],[-77.8715,38.19103],[-77.87377,38.19269],[-77.87103,38.19828],[-77.87742,38.20219],[-77.85986,38.2006],[-77.8566,38.20318],[-77.8577,38.20648],[-77.85155,38.20903],[-77.85003,38.21578],[-77.83778,38.22402],[-77.83442,38.23164],[-77.82774,38.23],[-77.81981,38.24162],[-77.81447,38.24575],[-77.81137,38.24468],[-77.80742,38.25558],[-77.80553,38.2535],[-77.79292,38.25959],[-77.79423,38.26188],[-77.78722,38.26645],[-77.79109,38.26796],[-77.78106,38.27772],[-77.77078,38.28014],[-77.77142,38.28807],[-77.76695,38.28753],[-77.74198,38.31042],[-77.73933,38.32095],[-77.72733,38.3237],[-77.7198,38.33559],[-77.71449,38.33601],[-77.71889,38.3416],[-77.71261,38.34481],[-77.71488,38.34916],[-77.7107,38.35068],[-77.70916,38.35771],[-77.70525,38.3549],[-77.70806,38.35864],[-77.70284,38.36084],[-77.73333,38.37587],[-77.75075,38.37745],[-77.74505,38.38048],[-77.74549,38.3837],[-77.75838,38.38603],[-77.77006,38.39299],[-77.78205,38.38603],[-77.78765,38.3771],[-77.77476,38.36901],[-77.77468,38.3654],[-77.7811,38.36404],[-77.80373,38.37697],[-77.82728,38.38216],[-77.83598,38.38201],[-77.8402,38.37752],[-77.85438,38.38228],[-77.88348,38.37867],[-77.88676,38.38804],[-77.89206,38.38894],[-77.90847,38.38217],[-77.91194,38.37053],[-77.92153,38.36483],[-77.95026,38.36042],[-77.95844,38.35367],[-77.97265,38.35907],[-77.97628,38.3552],[-77.97573,38.34709],[-77.99471,38.34897],[-78.01642,38.33168],[-78.03065,38.32795],[-78.03593,38.32045],[-78.03337,38.31468],[-78.03535,38.31252],[-78.04806,38.31295],[-78.05365,38.31772],[-78.06859,38.30839],[-78.07737,38.31629],[-78.09248,38.31027],[-78.10501,38.31193],[-78.09426,38.32569],[-78.08269,38.32764],[-78.09118,38.33884],[-78.10035,38.34357],[-78.10766,38.34334],[-78.10609,38.34793],[-78.1139,38.35419],[-78.11768,38.36315],[-78.11796,38.36882],[-78.11101,38.38118],[-78.11493,38.38334],[-78.10571,38.38276],[-78.09173,38.38994],[-78.09594,38.39315],[-78.096,38.40426],[-78.10734,38.40889],[-78.10378,38.41175],[-78.10546,38.41349],[-78.10826,38.41193],[-78.11831,38.41611],[-78.11536,38.42271],[-78.12694,38.42594],[-78.11882,38.43438],[-78.12275,38.4401],[-78.12942,38.44063],[-78.13976,38.44908],[-78.13946,38.453],[-78.15623,38.46439],[-78.33818,38.62731],[-78.32761,38.62878],[-78.31558,38.65156],[-78.32014,38.65953],[-78.31755,38.6695],[-78.32397,38.6727],[-78.31439,38.68251],[-78.31636,38.69056],[-78.31999,38.69835],[-78.3317,38.70264],[-78.33222,38.70564],[-78.31878,38.73787],[-78.30348,38.73891],[-78.29948,38.74837],[-78.29054,38.75037],[-78.28512,38.75875],[-78.29155,38.77064],[-78.28988,38.77956],[-78.29514,38.78431],[-78.32959,38.79288],[-78.34326,38.80557],[-78.3947,38.82279],[-78.36158,38.85688],[-78.33857,38.87555],[-78.33178,38.8875],[-78.33858,38.88864],[-78.33835,38.89095],[-78.32737,38.90427],[-78.32143,38.9183],[-78.30875,38.92653],[-78.30041,38.94359],[-78.30725,38.95263],[-78.31238,38.94971],[-78.3288,38.95228],[-78.33516,38.94934],[-78.33091,38.96154],[-78.33886,38.98017],[-78.3335,38.98152],[-78.32192,38.97399],[-78.31635,38.98332],[-78.32851,38.9913],[-78.3335,39.00003],[-78.32488,39.00013],[-78.31408,39.00799],[-78.18583,39.01654],[-78.1856,39.02018],[-78.1769,39.01709],[-78.16387,39.01793],[-78.15356,39.03159],[-78.13701,39.07462],[-78.13149,39.07782],[-78.12542,39.08919],[-78.11867,39.09335],[-78.11264,39.09217],[-78.10706,39.10031],[-78.11078,39.10413],[-78.10203,39.10609],[-78.10497,39.10974],[-78.10394,39.11579],[-78.10827,39.11928],[-78.1022,39.12043],[-78.10306,39.12409],[-78.0947,39.13124],[-78.09274,39.13871],[-78.09538,39.14048],[-78.08994,39.14347],[-78.08866,39.15166],[-78.08514,39.1527],[-78.08832,39.15788],[-78.08192,39.15883],[-78.08693,39.16415],[-78.07872,39.1668],[-78.08177,39.17192],[-78.073,39.17809],[-78.07736,39.19209],[-78.07108,39.19352],[-78.0755,39.19809],[-78.06968,39.19971],[-78.07465,39.20508],[-78.06789,39.2052],[-78.06984,39.2114],[-78.06183,39.21036],[-78.06473,39.2163],[-78.05946,39.21823],[-78.0587,39.22695],[-78.05054,39.22832],[-78.04804,39.23518],[-78.04203,39.2369],[-78.04535,39.24213],[-78.04005,39.24618],[-78.0377,39.26043],[-78.03391,39.26275],[-78.0335,39.26808],[-78.02615,39.27194],[-78.03541,39.27841],[-78.02619,39.2802],[-78.02723,39.28842],[-78.02033,39.28805],[-78.0059,39.30682],[-77.99743,39.31051],[-77.98818,39.32008],[-77.996,39.32604],[-77.98792,39.32563],[-77.98816,39.33189],[-77.97688,39.34009],[-77.98163,39.34932],[-77.97327,39.34959],[-77.96704,39.34553],[-77.96519,39.352],[-77.96851,39.35744],[-77.96195,39.35959],[-77.96711,39.36697],[-77.95827,39.36709],[-77.95129,39.37231],[-77.94389,39.37268],[-77.94282,39.37479],[-77.94849,39.37796],[-77.94681,39.38059],[-77.93181,39.3796],[-77.84714,39.44656],[-77.84368,39.45878],[-77.83944,39.46071],[-77.83859,39.47092],[-77.82557,39.49329],[-77.797,39.48949],[-77.78215,39.49904],[-77.76963,39.49852],[-77.76551,39.49467],[-77.76683,39.49157],[-77.78863,39.48514],[-77.79776,39.47917],[-77.79538,39.47125],[-77.7776,39.46225],[-77.7806,39.45984],[-77.79801,39.46077],[-77.79827,39.45613],[-77.78526,39.4454],[-77.80091,39.44067],[-77.80323,39.43732],[-77.78775,39.42915],[-77.75785,39.42642],[-77.75294,39.42304],[-77.73841,39.39898],[-77.73661,39.38715],[-77.75298,39.38168],[-77.74328,39.36208],[-77.7476,39.35133],[-77.76007,39.34403],[-77.75814,39.33548],[-77.72484,39.32143],[-77.69301,39.31844],[-77.67547,39.32436],[-77.6509,39.31085],[-77.61591,39.30255],[-77.59262,39.3012],[-77.56709,39.30623],[-77.56183,39.30147],[-77.56069,39.28596],[-77.54084,39.26527],[-77.51067,39.25326],[-77.49054,39.24911],[-77.45875,39.22684],[-77.45971,39.21906],[-77.47416,39.20776],[-77.47777,39.19053],[-77.50753,39.1814],[-77.5186,39.16774],[-77.52768,39.14466],[-77.52518,39.12927],[-77.52009,39.12087],[-77.4854,39.10931],[-77.46866,39.08939],[-77.4625,39.0764],[-77.45697,39.0734],[-77.38579,39.06213],[-77.33714,39.06226],[-77.31983,39.05342],[-77.29408,39.04695],[-77.27504,39.03428],[-77.24842,39.02655],[-77.24538,39.01753],[-77.25576,39.00188],[-77.24503,38.98268],[-77.2352,38.97608],[-77.22995,38.97971],[-77.22375,38.97212],[-77.20069,38.96726],[-77.18125,38.96878],[-77.1472,38.96444],[-77.10303,38.91273],[-77.08855,38.90371],[-77.06862,38.90027],[-77.05914,38.88091],[-77.05414,38.87971],[-77.05027,38.87172],[-77.04654,38.87204],[-77.04569,38.87557],[-77.03867,38.86826],[-77.03795,38.86425],[-77.04245,38.86395],[-77.04276,38.86337],[-77.03806,38.86328],[-77.03285,38.85504],[-77.03421,38.84087],[-77.04802,38.84126],[-77.04321,38.83143],[-77.04189,38.83371],[-77.03787,38.83054],[-77.04111,38.82294],[-77.03731,38.81224],[-77.04136,38.78542],[-77.04348,38.73924],[-77.04147,38.72585],[-77.04617,38.71446],[-77.05354,38.7098],[-77.07143,38.70998],[-77.07877,38.71323],[-77.08004,38.70892],[-77.12263,38.68526],[-77.13244,38.67414],[-77.13642,38.65023],[-77.12968,38.6347],[-77.2037,38.61817],[-77.24636,38.59344],[-77.25645,38.56059],[-77.27612,38.54742],[-77.27634,38.53945],[-77.28747,38.5209],[-77.28501,38.52028]]]}},{"type":"Feature","properties":{"std_name":"Boston, MA Metro Division","std_geoid":"14454","pen":"statisticians","std_note":null,"LSAD":"M3","NAME":"Boston, MA"},"geometry":{"type":"Polygon","coordinates":[[[-71.17885,42.31438],[-71.15689,42.33024],[-71.16129,42.33378],[-71.16756,42.33344],[-71.16922,42.33807],[-71.16668,42.3401],[-71.17485,42.35034],[-71.16761,42.3601],[-71.14808,42.3612],[-71.13294,42.36849],[-71.13296,42.37294],[-71.12963,42.37394],[-71.11769,42.36815],[-71.11653,42.35503],[-71.10341,42.35245],[-71.07795,42.35874],[-71.06948,42.36905],[-71.06398,42.36893],[-71.07247,42.37266],[-71.07566,42.3802],[-71.08097,42.38232],[-71.06737,42.3953],[-71.0709,42.389],[-71.0553,42.3871],[-71.05,42.39347],[-71.05286,42.39695],[-71.04815,42.39663],[-71.04057,42.40198],[-71.02038,42.43825],[-71.02584,42.44471],[-71.01876,42.45012],[-71.0095,42.44096],[-71.01237,42.43974],[-71.01078,42.43457],[-70.99571,42.43086],[-70.99012,42.43488],[-70.97989,42.4324],[-70.96859,42.4444],[-70.95079,42.4443],[-70.95299,42.4294],[-70.96209,42.4124],[-70.95949,42.4075],[-70.92459,42.3868],[-70.90129,42.3841],[-70.85144,42.39321],[-70.64807,42.40563],[-70.69039,42.279],[-70.6887,42.26347],[-70.68406,42.25384],[-70.64862,42.23736],[-70.64011,42.22837],[-70.63633,42.2029],[-70.64295,42.17818],[-70.62258,42.15442],[-70.60838,42.13848],[-70.32252,42.11792],[-70.33781,42.04448],[-70.355,42.0001],[-70.49947,41.84412],[-70.56528,41.7867],[-70.63255,41.7629],[-70.62078,41.74753],[-70.63268,41.73788],[-70.63258,41.73366],[-70.63933,41.72905],[-70.6437,41.71746],[-70.6744,41.68961],[-70.67663,41.69113],[-70.70913,41.62511],[-70.72983,41.59157],[-70.75242,41.56585],[-70.81337,41.60802],[-70.83917,41.61476],[-70.84524,41.64467],[-70.88644,41.76023],[-70.90444,41.758],[-70.92178,41.79124],[-71.02629,41.77889],[-71.01459,41.79957],[-71.03657,41.81652],[-70.97372,41.86088],[-70.98726,41.90581],[-70.99315,41.90644],[-70.99203,41.91575],[-70.99733,41.91714],[-70.99604,41.92657],[-71.01057,41.94008],[-71.04949,41.96309],[-71.08048,42.09554],[-71.36434,41.98529],[-71.3813,41.98508],[-71.3814,42.0188],[-71.49826,42.01727],[-71.49824,42.09141],[-71.49528,42.09996],[-71.50308,42.11046],[-71.50038,42.1127],[-71.50143,42.11665],[-71.47852,42.13138],[-71.47812,42.15678],[-71.46401,42.1582],[-71.44407,42.17489],[-71.43017,42.17939],[-71.40229,42.17879],[-71.40443,42.18843],[-71.34417,42.2007],[-71.35197,42.20701],[-71.35154,42.21132],[-71.34698,42.21556],[-71.3385,42.21523],[-71.34316,42.22077],[-71.3297,42.23333],[-71.32938,42.24515],[-71.3325,42.24907],[-71.30292,42.24827],[-71.30848,42.27079],[-71.32975,42.31299],[-71.26996,42.32809],[-71.25782,42.32451],[-71.25294,42.32676],[-71.2468,42.32106],[-71.22849,42.31913],[-71.227,42.30849],[-71.21295,42.30595],[-71.20524,42.28957],[-71.19635,42.28596],[-71.19322,42.28801],[-71.19125,42.28299],[-71.1647,42.30383],[-71.17885,42.31438]]]}},{"type":"Feature","properties":{"std_name":"Camden, NJ Metro Division","std_geoid":"15804","pen":"statisticians","std_note":null,"LSAD":"M3","NAME":"Camden, NJ"},"geometry":{"type":"Polygon","coordinates":[[[-74.73622,39.72977],[-74.98527,39.51497],[-75.19979,39.667],[-75.21943,39.66181],[-75.23486,39.66162],[-75.24754,39.66452],[-75.25346,39.6791],[-75.26633,39.68227],[-75.28596,39.67957],[-75.30209,39.68842],[-75.31418,39.68825],[-75.31502,39.6914],[-75.32634,39.69002],[-75.32552,39.69514],[-75.33517,39.70016],[-75.33605,39.70388],[-75.36014,39.71289],[-75.36133,39.71667],[-75.36735,39.71769],[-75.36715,39.72211],[-75.37659,39.72642],[-75.37471,39.72858],[-75.37811,39.73087],[-75.3741,39.73537],[-75.37734,39.73895],[-75.37468,39.73975],[-75.37775,39.74049],[-75.37676,39.74494],[-75.38047,39.74827],[-75.386,39.74703],[-75.38819,39.75243],[-75.39253,39.75042],[-75.3951,39.75467],[-75.38933,39.75642],[-75.39275,39.75798],[-75.38986,39.76046],[-75.39658,39.76128],[-75.39782,39.75747],[-75.39928,39.76132],[-75.40596,39.76348],[-75.40445,39.76951],[-75.40023,39.76783],[-75.39497,39.77373],[-75.40039,39.77297],[-75.40232,39.78247],[-75.40812,39.7816],[-75.40771,39.78744],[-75.42906,39.78382],[-75.40427,39.79557],[-75.41502,39.802],[-75.34177,39.84608],[-75.32323,39.84981],[-75.2722,39.84908],[-75.24615,39.85398],[-75.22137,39.86154],[-75.18766,39.88046],[-75.14234,39.88521],[-75.13585,39.89127],[-75.1294,39.90663],[-75.13632,39.94584],[-75.12983,39.96022],[-75.10508,39.9716],[-75.07323,39.97956],[-75.06261,39.98816],[-75.04802,40.00972],[-75.01486,40.01989],[-74.98059,40.04594],[-74.9389,40.0661],[-74.92407,40.07124],[-74.90732,40.0708],[-74.86176,40.08346],[-74.85461,40.09327],[-74.83587,40.10347],[-74.8294,40.11919],[-74.82253,40.12684],[-74.81548,40.12769],[-74.78484,40.12039],[-74.75972,40.1338],[-74.74056,40.13549],[-74.72205,40.15031],[-74.71387,40.15265],[-74.70655,40.16125],[-74.70421,40.16873],[-74.71011,40.16672],[-74.70842,40.17185],[-74.71285,40.17483],[-74.7101,40.18128],[-74.69533,40.18268],[-74.69617,40.17893],[-74.67452,40.17365],[-74.67754,40.16613],[-74.66233,40.16521],[-74.64869,40.15565],[-74.63848,40.15434],[-74.63367,40.14898],[-74.62352,40.1491],[-74.6218,40.14112],[-74.60696,40.1407],[-74.60211,40.13678],[-74.58783,40.13825],[-74.52869,40.03745],[-74.38971,39.77328],[-74.39038,39.59648],[-74.39812,39.57657],[-74.40516,39.56959],[-74.41883,39.56858],[-74.4141,39.5624],[-74.41739,39.55725],[-74.42656,39.55316],[-74.43347,39.55563],[-74.43802,39.55383],[-74.43345,39.54384],[-74.43802,39.54126],[-74.44573,39.54635],[-74.44349,39.55543],[-74.44626,39.55892],[-74.45261,39.55691],[-74.45345,39.54857],[-74.45609,39.54727],[-74.463,39.55644],[-74.47405,39.55122],[-74.48294,39.55854],[-74.49305,39.55563],[-74.49547,39.56203],[-74.5045,39.5692],[-74.51171,39.56954],[-74.51479,39.574],[-74.52562,39.56936],[-74.5397,39.57499],[-74.54264,39.57912],[-74.54198,39.58582],[-74.54865,39.58979],[-74.5539,39.59841],[-74.57666,39.5986],[-74.5858,39.60554],[-74.58849,39.61166],[-74.62103,39.62669],[-74.62878,39.62009],[-74.63415,39.62807],[-74.63948,39.62243],[-74.64049,39.62565],[-74.64788,39.62501],[-74.64889,39.62899],[-74.6548,39.62685],[-74.65458,39.63008],[-74.65937,39.63158],[-74.65706,39.64433],[-74.66039,39.65258],[-74.65785,39.66133],[-74.66785,39.68361],[-74.73622,39.72977]]]}},{"type":"Feature","properties":{"std_name":"Elgin, IL Metro Division","std_geoid":"20994","pen":"statisticians","std_note":null,"LSAD":"M3","NAME":"Elgin, IL"},"geometry":{"type":"Polygon","coordinates":[[[-88.26195,41.72465],[-88.25365,41.46284],[-88.59596,41.45713],[-88.60224,41.63139],[-88.93868,41.62832],[-88.94166,41.7175],[-88.94215,42.06505],[-88.93894,42.0651],[-88.93973,42.15232],[-88.23845,42.15425],[-88.23819,42.06699],[-88.26364,42.06687],[-88.26195,41.72465]]]}},{"type":"Feature","properties":{"std_name":"Everett, WA Metro Division","std_geoid":"21794","pen":"statisticians","std_note":null,"LSAD":"M3","NAME":"Everett, WA"},"geometry":{"type":"Polygon","coordinates":[[[-122.4586,48.2977],[-121.5775,48.29897],[-121.48785,48.29608],[-121.00166,48.29601],[-121.0025,48.28626],[-121.01155,48.2835],[-121.01209,48.27991],[-121.00449,48.2739],[-121.00564,48.27008],[-120.99992,48.26294],[-120.98249,48.25134],[-120.97314,48.2353],[-120.95985,48.22777],[-120.96575,48.21779],[-120.96477,48.21133],[-120.95231,48.20911],[-120.94703,48.20105],[-120.91927,48.19039],[-120.91736,48.17976],[-120.91054,48.17359],[-120.90743,48.16318],[-120.91524,48.15968],[-120.93194,48.16162],[-120.93322,48.15677],[-120.95557,48.15198],[-120.95595,48.1477],[-120.96442,48.14298],[-120.96522,48.13396],[-120.95829,48.1292],[-120.95539,48.12026],[-120.9471,48.11333],[-120.95616,48.10807],[-120.97248,48.10853],[-120.97221,48.10405],[-120.97779,48.10113],[-120.98131,48.09438],[-120.99936,48.08972],[-121.00467,48.08143],[-121.01594,48.0748],[-121.03277,48.07781],[-121.04863,48.07022],[-121.067,48.06941],[-121.08138,48.06175],[-121.09703,48.0644],[-121.1052,48.05777],[-121.11598,48.05796],[-121.13163,48.04441],[-121.15336,48.04053],[-121.1482,48.0301],[-121.12968,48.02056],[-121.1287,48.01405],[-121.11793,48.00628],[-121.11772,47.9988],[-121.13594,47.98283],[-121.14728,47.9814],[-121.14856,47.97043],[-121.15812,47.95958],[-121.16482,47.9567],[-121.16192,47.94468],[-121.17279,47.9337],[-121.17049,47.9244],[-121.17951,47.91878],[-121.17127,47.91272],[-121.18062,47.89798],[-121.17666,47.89536],[-121.17519,47.88562],[-121.1668,47.87959],[-121.15702,47.88222],[-121.15826,47.87636],[-121.14723,47.85753],[-121.15323,47.85105],[-121.15351,47.84531],[-121.13434,47.84304],[-121.13341,47.83975],[-121.12372,47.8384],[-121.12124,47.83272],[-121.11563,47.83021],[-121.10693,47.82897],[-121.08022,47.83412],[-121.07052,47.82801],[-121.08174,47.81601],[-121.0847,47.80771],[-121.09238,47.80513],[-121.09257,47.80072],[-121.10516,47.7957],[-121.11171,47.78776],[-121.12031,47.78428],[-121.11918,47.77993],[-121.45553,47.78058],[-121.45555,47.77843],[-121.49702,47.77783],[-121.99178,47.77535],[-122.43809,47.77781],[-122.44223,47.78573],[-122.44223,47.79845],[-122.42963,47.8281],[-122.41205,47.85062],[-122.35635,47.89432],[-122.34885,47.91472],[-122.33335,47.93322],[-122.32846,47.96376],[-122.33428,47.98172],[-122.3521,48.01338],[-122.33938,48.04948],[-122.34638,48.07258],[-122.35847,48.09131],[-122.40317,48.13759],[-122.41673,48.16408],[-122.41559,48.19659],[-122.39641,48.22646],[-122.39311,48.23794],[-122.42848,48.2786],[-122.44197,48.28964],[-122.4586,48.2977]]]}},{"type":"Feature","properties":{"std_name":"Fort Worth-Arlington-Grapevine, TX Metro Division","std_geoid":"23104","pen":"statisticians","std_note":null,"LSAD":"M3","NAME":"Fort Worth-Arlington-Grapevine, TX"},"geometry":{"type":"Polygon","coordinates":[[[-97.91819,33.43387],[-97.38302,33.43289],[-97.39846,32.99173],[-97.03101,32.98969],[-97.03869,32.54867],[-97.08706,32.5493],[-97.08705,32.26526],[-97.47598,32.18168],[-97.47181,32.17552],[-97.48663,32.17154],[-97.49448,32.16463],[-97.51179,32.16193],[-97.51346,32.15258],[-97.508,32.13936],[-97.51433,32.1338],[-97.53581,32.13974],[-97.55337,32.14929],[-97.56872,32.15049],[-97.57047,32.15451],[-97.56464,32.16168],[-97.56917,32.17756],[-97.57753,32.18094],[-97.59293,32.17437],[-97.60131,32.17543],[-97.60158,32.17991],[-97.59025,32.18738],[-97.59073,32.19659],[-97.59826,32.20393],[-97.61509,32.20349],[-97.61701,32.55548],[-98.06684,32.55882],[-98.05609,33.00333],[-97.92164,33.00128],[-97.91819,33.43387]]]}},{"type":"Feature","properties":{"std_name":"Frederick-Gaithersburg-Bethesda, MD Metro Division","std_geoid":"23224","pen":"statisticians","std_note":null,"LSAD":"M3","NAME":"Frederick-Gaithersburg-Bethesda, MD"},"geometry":{"type":"Polygon","coordinates":[[[-77.1688,39.3535],[-77.18381,39.34546],[-77.1868,39.3382],[-77.17035,39.31311],[-77.14006,39.2921],[-77.13787,39.28809],[-77.13997,39.2831],[-77.13406,39.27657],[-77.13379,39.27065],[-77.0821,39.26003],[-77.06557,39.25096],[-77.06004,39.24019],[-77.04481,39.23767],[-77.03207,39.2244],[-77.03233,39.22032],[-77.00942,39.20673],[-77.01216,39.19518],[-77.00417,39.19233],[-77.00846,39.18174],[-76.99888,39.1778],[-77.00553,39.17614],[-76.99753,39.17447],[-77.00097,39.16954],[-76.99717,39.1664],[-76.97334,39.16208],[-76.97674,39.15402],[-76.97543,39.14958],[-76.95075,39.14532],[-76.95852,39.13402],[-76.94675,39.12941],[-76.92821,39.13825],[-76.91545,39.1268],[-76.90673,39.1254],[-76.8885,39.13097],[-76.89427,39.12386],[-76.90729,39.11791],[-76.9039,39.11462],[-76.90883,39.10385],[-76.9911,38.9924],[-76.98479,38.98718],[-76.98575,38.97735],[-76.99418,38.97529],[-77.00244,38.96567],[-77.04088,38.99585],[-77.11976,38.93434],[-77.14877,38.96504],[-77.18145,38.96879],[-77.19777,38.96674],[-77.22375,38.97212],[-77.22995,38.97971],[-77.2352,38.97608],[-77.24503,38.98268],[-77.25575,39.00175],[-77.24538,39.01753],[-77.24657,39.02496],[-77.27504,39.03428],[-77.30466,39.05137],[-77.31973,39.05338],[-77.34014,39.06291],[-77.38579,39.06213],[-77.46097,39.07506],[-77.46882,39.08535],[-77.46866,39.08939],[-77.4854,39.10931],[-77.52067,39.12143],[-77.52518,39.12927],[-77.52768,39.14466],[-77.5186,39.16774],[-77.51031,39.17927],[-77.48508,39.18626],[-77.47692,39.19149],[-77.47494,39.20625],[-77.4594,39.21946],[-77.45917,39.22737],[-77.49054,39.24911],[-77.51067,39.25326],[-77.54084,39.26527],[-77.56069,39.28596],[-77.56183,39.30147],[-77.5666,39.30605],[-77.59262,39.3012],[-77.61591,39.30255],[-77.6509,39.31085],[-77.67716,39.32453],[-77.67344,39.34423],[-77.65155,39.37511],[-77.64041,39.40254],[-77.64088,39.41539],[-77.63469,39.44555],[-77.62652,39.44846],[-77.62681,39.45711],[-77.61598,39.46877],[-77.62202,39.48175],[-77.61441,39.49155],[-77.62301,39.4999],[-77.62249,39.50816],[-77.6129,39.52967],[-77.59707,39.54198],[-77.59937,39.55019],[-77.59545,39.5518],[-77.59444,39.56345],[-77.58676,39.57137],[-77.57503,39.61127],[-77.57018,39.62],[-77.55076,39.62531],[-77.54682,39.63274],[-77.53097,39.63148],[-77.52,39.64082],[-77.49287,39.67643],[-77.49743,39.68352],[-77.50836,39.68407],[-77.49352,39.69259],[-77.48624,39.70462],[-77.46914,39.72002],[-77.21537,39.71889],[-77.21565,39.71265],[-77.22677,39.70731],[-77.21616,39.70135],[-77.21626,39.69741],[-77.22597,39.69384],[-77.24327,39.69473],[-77.24434,39.69137],[-77.23615,39.68565],[-77.23454,39.67743],[-77.24306,39.66998],[-77.25461,39.6676],[-77.25584,39.66321],[-77.26201,39.66519],[-77.26624,39.66227],[-77.26547,39.65592],[-77.27561,39.6472],[-77.27138,39.64166],[-77.27917,39.63642],[-77.27597,39.63193],[-77.2915,39.63058],[-77.30039,39.63945],[-77.30717,39.64111],[-77.31153,39.6384],[-77.30791,39.62833],[-77.29952,39.62386],[-77.30738,39.61897],[-77.29401,39.61033],[-77.29042,39.60444],[-77.28568,39.60776],[-77.2713,39.60616],[-77.27036,39.60032],[-77.26059,39.59396],[-77.26166,39.60048],[-77.25468,39.60328],[-77.24716,39.59371],[-77.23878,39.58897],[-77.23871,39.58441],[-77.23331,39.58845],[-77.22744,39.58807],[-77.23252,39.58463],[-77.22026,39.58211],[-77.21918,39.57969],[-77.22292,39.57746],[-77.22071,39.57562],[-77.19993,39.57847],[-77.18697,39.56667],[-77.187,39.56248],[-77.18273,39.55934],[-77.17524,39.55998],[-77.16944,39.55412],[-77.17058,39.5344],[-77.15234,39.5325],[-77.15003,39.52199],[-77.1384,39.52049],[-77.13354,39.50854],[-77.12773,39.50855],[-77.10739,39.49419],[-77.1102,39.486],[-77.11769,39.47862],[-77.11997,39.46526],[-77.11602,39.45985],[-77.12396,39.4513],[-77.13345,39.4324],[-77.14804,39.41775],[-77.1474,39.40914],[-77.1564,39.37797],[-77.16472,39.36767],[-77.1688,39.3535]]]}},{"type":"Feature","properties":{"std_name":"Lakewood-New Brunswick, NJ Metro Division","std_geoid":"29484","pen":"statisticians","std_note":null,"LSAD":"M3","NAME":"Lakewood-New Brunswick, NJ"},"geometry":{"type":"Polygon","coordinates":[[[-74.4138,40.64101],[-74.4162,40.62933],[-74.42264,40.62528],[-74.42716,40.61711],[-74.46329,40.59919],[-74.45847,40.59481],[-74.30292,40.60868],[-74.30533,40.60059],[-74.29099,40.59193],[-74.25956,40.59731],[-74.25769,40.60228],[-74.24287,40.59946],[-74.23564,40.60252],[-74.23017,40.59879],[-74.21288,40.60341],[-74.21117,40.59792],[-74.20329,40.59304],[-74.20724,40.58792],[-74.21457,40.56053],[-74.218,40.55706],[-74.23141,40.55918],[-74.24748,40.54938],[-74.25028,40.5423],[-74.24602,40.52096],[-74.2541,40.51566],[-74.25813,40.50872],[-74.25884,40.49887],[-74.25304,40.48666],[-74.22533,40.47658],[-73.97787,40.5191],[-73.88965,40.48651],[-73.88675,40.47589],[-73.88708,40.34501],[-73.89821,40.27435],[-73.96528,40.11295],[-73.96614,40.09058],[-73.97329,40.07514],[-73.99958,39.9768],[-74.0199,39.87512],[-74.03048,39.78668],[-74.03816,39.75012],[-74.04949,39.72378],[-74.09653,39.64995],[-74.18319,39.53299],[-74.23206,39.4752],[-74.29646,39.47529],[-74.31261,39.50012],[-74.32638,39.50633],[-74.35421,39.50557],[-74.3808,39.49854],[-74.40243,39.53911],[-74.41666,39.55054],[-74.41739,39.55725],[-74.4141,39.5624],[-74.41904,39.56837],[-74.40082,39.57224],[-74.3904,39.59604],[-74.38971,39.77328],[-74.52869,40.03745],[-74.61458,40.18238],[-74.59964,40.18679],[-74.59368,40.17942],[-74.57625,40.18675],[-74.57124,40.18529],[-74.56225,40.19029],[-74.54327,40.21669],[-74.48148,40.24289],[-74.48741,40.25313],[-74.48496,40.25332],[-74.48193,40.27382],[-74.49783,40.28068],[-74.50672,40.28036],[-74.5149,40.28716],[-74.52287,40.28561],[-74.52157,40.29003],[-74.52814,40.2943],[-74.53992,40.28833],[-74.54459,40.29241],[-74.5567,40.29166],[-74.55897,40.29587],[-74.58028,40.30414],[-74.58559,40.31324],[-74.60022,40.31544],[-74.60342,40.32144],[-74.62218,40.3245],[-74.62318,40.3343],[-74.63104,40.34028],[-74.625,40.36376],[-74.6175,40.37746],[-74.62252,40.3843],[-74.65393,40.39105],[-74.72206,40.37521],[-74.79788,40.51567],[-74.77598,40.50361],[-74.74266,40.5539],[-74.7246,40.56618],[-74.71296,40.58423],[-74.72494,40.58875],[-74.71858,40.59966],[-74.72175,40.6007],[-74.7027,40.62112],[-74.71143,40.62493],[-74.71339,40.63075],[-74.72567,40.63172],[-74.72765,40.63599],[-74.72284,40.63905],[-74.72387,40.64735],[-74.71952,40.65432],[-74.72763,40.65868],[-74.7308,40.66546],[-74.7227,40.67009],[-74.72182,40.67848],[-74.71773,40.68387],[-74.72392,40.68815],[-74.72073,40.69683],[-74.71576,40.70029],[-74.7202,40.70658],[-74.72035,40.71538],[-74.72567,40.71953],[-74.55602,40.75829],[-74.54871,40.74612],[-74.54935,40.73385],[-74.53089,40.72985],[-74.53123,40.71968],[-74.52411,40.71562],[-74.5262,40.70944],[-74.51387,40.7011],[-74.5143,40.69442],[-74.51903,40.6933],[-74.51676,40.68925],[-74.52405,40.68953],[-74.52788,40.68434],[-74.52572,40.67049],[-74.53437,40.66725],[-74.52557,40.66074],[-74.52629,40.6541],[-74.52367,40.65397],[-74.52617,40.65198],[-74.5227,40.65175],[-74.52363,40.64942],[-74.5123,40.64959],[-74.5037,40.65963],[-74.48538,40.66244],[-74.4847,40.6659],[-74.46926,40.668],[-74.46103,40.6735],[-74.45085,40.65415],[-74.42987,40.66499],[-74.41989,40.65766],[-74.40471,40.66757],[-74.40175,40.66428],[-74.4034,40.65383],[-74.40842,40.64276],[-74.4138,40.64101]]]}},{"type":"Feature","properties":{"std_name":"Miami-Miami Beach-Kendall, FL Metro Division","std_geoid":"33124","pen":"statisticians","std_note":null,"LSAD":"M3","NAME":"Miami-Miami Beach-Kendall, FL"},"geometry":{"type":"Polygon","coordinates":[[[-80.09178,25.72111],[-80.10777,25.60663],[-80.104,25.56187],[-80.11557,25.52666],[-80.09693,25.49961],[-80.09401,25.48569],[-80.09552,25.47103],[-80.10065,25.45881],[-80.11143,25.44605],[-80.12437,25.43776],[-80.1391,25.4331],[-80.15291,25.39466],[-80.16241,25.37994],[-80.17656,25.36687],[-80.18387,25.34818],[-80.25023,25.33937],[-80.25647,25.35069],[-80.26547,25.3543],[-80.37212,25.31021],[-80.37198,25.30593],[-80.37902,25.30589],[-80.37915,25.28786],[-80.39508,25.27294],[-80.39493,25.25354],[-80.41096,25.25347],[-80.41865,25.24475],[-80.41887,25.23631],[-80.43627,25.23576],[-80.43523,25.24063],[-80.44001,25.23944],[-80.43931,25.24251],[-80.4442,25.2442],[-80.44446,25.2399],[-80.46715,25.23473],[-80.46863,25.23005],[-80.47587,25.2308],[-80.48247,25.22488],[-80.48732,25.22873],[-80.49418,25.22712],[-80.495,25.21629],[-80.48703,25.21231],[-80.48722,25.20713],[-80.49277,25.20558],[-80.5006,25.21119],[-80.49557,25.20532],[-80.49533,25.1995],[-80.4993,25.2008],[-80.50026,25.20481],[-80.50311,25.20314],[-80.50813,25.2065],[-80.51063,25.21606],[-80.51918,25.22237],[-80.5243,25.22116],[-80.52907,25.21351],[-80.53963,25.21351],[-80.54067,25.20865],[-80.53805,25.2058],[-80.53584,25.19892],[-80.54116,25.2057],[-80.54793,25.20618],[-80.54919,25.21404],[-80.56195,25.21219],[-80.55855,25.1993],[-80.56392,25.19702],[-80.56539,25.19265],[-80.57497,25.19798],[-80.57723,25.20222],[-80.57126,25.19853],[-80.56901,25.20417],[-80.56382,25.20508],[-80.56548,25.20958],[-80.58237,25.21055],[-80.58384,25.20056],[-80.59158,25.19925],[-80.59462,25.19037],[-80.6064,25.18638],[-80.61445,25.17578],[-80.61901,25.17736],[-80.61962,25.182],[-80.62519,25.18255],[-80.60958,25.18285],[-80.60973,25.18592],[-80.60326,25.19058],[-80.60492,25.20273],[-80.61959,25.19758],[-80.62254,25.19918],[-80.62531,25.195],[-80.62945,25.19771],[-80.63885,25.19088],[-80.64712,25.18952],[-80.65163,25.19248],[-80.65428,25.1848],[-80.65937,25.18477],[-80.66398,25.17949],[-80.66244,25.17497],[-80.63807,25.17856],[-80.63363,25.17633],[-80.64029,25.17666],[-80.64752,25.1715],[-80.65094,25.15744],[-80.65641,25.15429],[-80.65228,25.14658],[-80.65797,25.1466],[-80.65916,25.14263],[-80.66906,25.14213],[-80.67309,25.13859],[-80.67458,25.14224],[-80.65662,25.15628],[-80.65306,25.16287],[-80.6578,25.16913],[-80.66983,25.16704],[-80.66799,25.17082],[-80.67169,25.17458],[-80.67232,25.16749],[-80.67807,25.16394],[-80.68044,25.16478],[-80.67751,25.17286],[-80.68024,25.17456],[-80.69785,25.16294],[-80.69759,25.15443],[-80.70538,25.14902],[-80.70406,25.14042],[-80.70697,25.14004],[-80.7109,25.15138],[-80.71733,25.15539],[-80.72721,25.15288],[-80.72308,25.16155],[-80.72553,25.16577],[-80.7317,25.16744],[-80.72991,25.15976],[-80.73727,25.15906],[-80.74592,25.16539],[-80.7472,25.15872],[-80.73943,25.15108],[-80.73099,25.15292],[-80.72155,25.1455],[-80.74293,25.14265],[-80.75632,25.15271],[-80.75538,25.15916],[-80.76596,25.16228],[-80.77219,25.1598],[-80.769,25.14682],[-80.77147,25.14044],[-80.77709,25.13742],[-80.77275,25.15059],[-80.77806,25.16254],[-80.78221,25.16527],[-80.7958,25.16211],[-80.79795,25.14672],[-80.80106,25.14356],[-80.80256,25.15287],[-80.7939,25.17624],[-80.79786,25.18122],[-80.80819,25.18421],[-80.81147,25.1799],[-80.80958,25.18387],[-80.81442,25.18274],[-80.80956,25.16905],[-80.82574,25.16055],[-80.83822,25.17479],[-80.85817,25.17661],[-80.85799,25.243],[-80.86199,25.2429],[-80.86219,25.36419],[-80.87319,25.36399],[-80.87293,25.97943],[-80.68004,25.97875],[-80.68002,25.95686],[-80.29497,25.95677],[-80.29519,25.97057],[-80.06289,25.97681],[-80.06572,25.88124],[-80.0628,25.84959],[-80.06696,25.80239],[-80.07262,25.77928],[-80.06962,25.75566],[-80.07714,25.73568],[-80.09178,25.72111]]]}},{"type":"Feature","properties":{"std_name":"Nassau County-Suffolk County, NY Metro Division","std_geoid":"35004","pen":"statisticians","std_note":null,"LSAD":"M3","NAME":"Nassau County-Suffolk County, NY"},"geometry":{"type":"Polygon","coordinates":[[[-71.90726,41.30448],[-71.79097,41.1841],[-71.79063,41.10184],[-71.78187,41.0962],[-71.77749,41.07716],[-71.77749,41.06729],[-71.79414,41.03698],[-71.83709,41.01089],[-71.87014,40.99697],[-71.9317,40.9825],[-72.37453,40.8186],[-72.62454,40.74557],[-72.74954,40.71341],[-72.82861,40.6869],[-72.87454,40.67502],[-73.014,40.6251],[-73.12456,40.59837],[-73.24964,40.56256],[-73.27402,40.55131],[-73.32627,40.55692],[-73.4865,40.5205],[-73.62457,40.53451],[-73.76878,40.53375],[-73.75826,40.55536],[-73.7555,40.58539],[-73.74447,40.5929],[-73.73718,40.59296],[-73.73826,40.60256],[-73.74553,40.61187],[-73.76002,40.61135],[-73.76672,40.615],[-73.76878,40.62429],[-73.7433,40.63805],[-73.73996,40.63514],[-73.74144,40.64689],[-73.72505,40.65234],[-73.72833,40.66304],[-73.72563,40.67959],[-73.7269,40.70998],[-73.73033,40.72216],[-73.70794,40.72777],[-73.70017,40.73954],[-73.70163,40.75249],[-73.76371,40.7938],[-73.77896,40.81171],[-73.78019,40.8264],[-73.7578,40.84568],[-73.748,40.87187],[-73.61289,40.95094],[-73.24956,41.02587],[-72.99955,41.08711],[-72.08185,41.26222],[-72.01921,41.29059],[-71.92945,41.31039],[-71.90726,41.30448]]]}},{"type":"Feature","properties":{"std_name":"Newark, NJ Metro Division","std_geoid":"35084","pen":"statisticians","std_note":null,"LSAD":"M3","NAME":"Newark, NJ"},"geometry":{"type":"Polygon","coordinates":[[[-74.20067,40.6329],[-74.20483,40.60606],[-74.19959,40.59785],[-74.20329,40.59304],[-74.21085,40.59756],[-74.21464,40.60415],[-74.23017,40.59879],[-74.23564,40.60252],[-74.24287,40.59946],[-74.25769,40.60228],[-74.25956,40.59731],[-74.29099,40.59193],[-74.30533,40.60059],[-74.30292,40.60868],[-74.45847,40.59481],[-74.46329,40.59919],[-74.45143,40.60349],[-74.44569,40.609],[-74.43801,40.60979],[-74.41756,40.62761],[-74.41441,40.64068],[-74.40842,40.64276],[-74.4034,40.65383],[-74.40184,40.66456],[-74.40553,40.66772],[-74.42012,40.65764],[-74.43277,40.66466],[-74.45085,40.65415],[-74.46103,40.6735],[-74.46926,40.668],[-74.4847,40.6659],[-74.48538,40.66244],[-74.5037,40.65963],[-74.5123,40.64959],[-74.52323,40.64916],[-74.5227,40.65175],[-74.52617,40.65198],[-74.52367,40.65397],[-74.52629,40.6541],[-74.52557,40.66074],[-74.53437,40.66725],[-74.52572,40.67049],[-74.52788,40.68434],[-74.52405,40.68953],[-74.51676,40.68925],[-74.51903,40.6933],[-74.5143,40.69442],[-74.51387,40.7011],[-74.5262,40.70944],[-74.52411,40.71562],[-74.53123,40.71968],[-74.53089,40.72985],[-74.54935,40.73385],[-74.54871,40.74612],[-74.55602,40.75829],[-74.72567,40.71953],[-74.72035,40.71538],[-74.7202,40.70658],[-74.71576,40.70029],[-74.72073,40.69683],[-74.72392,40.68815],[-74.71773,40.68387],[-74.72182,40.67848],[-74.7227,40.67009],[-74.7308,40.66546],[-74.72763,40.65868],[-74.71952,40.65432],[-74.72387,40.64735],[-74.72284,40.63905],[-74.72765,40.63599],[-74.72567,40.63172],[-74.71339,40.63075],[-74.71143,40.62493],[-74.7027,40.62112],[-74.72175,40.6007],[-74.71858,40.59966],[-74.72494,40.58875],[-74.71296,40.58423],[-74.7246,40.56618],[-74.74266,40.5539],[-74.77598,40.50361],[-74.79788,40.51567],[-74.74815,40.42416],[-74.80847,40.41666],[-74.80202,40.38497],[-74.86968,40.37777],[-74.85626,40.3467],[-74.93228,40.33943],[-74.94291,40.34168],[-74.9489,40.36505],[-74.9675,40.39881],[-74.99586,40.41038],[-75.02863,40.40397],[-75.0595,40.41944],[-75.07068,40.45679],[-75.06702,40.46531],[-75.06772,40.47367],[-75.06266,40.48044],[-75.0651,40.52641],[-75.06884,40.54242],[-75.09983,40.5674],[-75.11554,40.57286],[-75.14017,40.57537],[-75.15904,40.56485],[-75.17162,40.56422],[-75.18579,40.56884],[-75.1955,40.57863],[-75.1896,40.59178],[-75.17497,40.5988],[-75.17254,40.60489],[-75.16288,40.61113],[-75.16208,40.61756],[-75.15442,40.62169],[-75.14967,40.6205],[-75.14567,40.6288],[-75.11134,40.63821],[-75.07516,40.66505],[-75.06238,40.66952],[-75.04884,40.67964],[-75.04322,40.67894],[-75.0173,40.69457],[-75.00384,40.69304],[-74.99146,40.7029],[-74.98141,40.7059],[-74.97957,40.7108],[-74.96845,40.71075],[-74.96351,40.72047],[-74.95173,40.72774],[-74.92694,40.75494],[-74.90272,40.77184],[-74.90416,40.78103],[-74.88538,40.79098],[-74.86927,40.7951],[-74.86439,40.80316],[-74.85999,40.80102],[-74.85143,40.80349],[-74.8468,40.81087],[-74.84247,40.81164],[-74.83019,40.82476],[-74.83138,40.82881],[-74.81853,40.83662],[-74.82382,40.84379],[-74.82138,40.84945],[-74.81412,40.85122],[-74.81,40.85437],[-74.8093,40.86018],[-74.80299,40.86174],[-74.80207,40.86442],[-74.80831,40.86955],[-74.80613,40.88372],[-74.79263,40.88958],[-74.78698,40.89971],[-74.76942,40.91093],[-74.96746,41.09533],[-74.98478,41.08855],[-74.99101,41.08858],[-74.99169,41.09246],[-74.97954,41.11082],[-74.96323,41.11468],[-74.94741,41.12373],[-74.9445,41.12997],[-74.92378,41.13801],[-74.90526,41.15567],[-74.89994,41.16631],[-74.88264,41.18038],[-74.85947,41.21877],[-74.86763,41.22862],[-74.86112,41.24365],[-74.85636,41.24975],[-74.84709,41.25284],[-74.84608,41.26342],[-74.83003,41.28744],[-74.79217,41.31084],[-74.79557,41.32034],[-74.76728,41.32774],[-74.75428,41.3462],[-74.72595,41.34619],[-74.69558,41.35761],[-74.45786,41.24843],[-74.36751,41.20324],[-74.42126,41.16053],[-74.50321,41.08587],[-74.48683,41.07633],[-74.48909,41.07181],[-74.48742,41.06588],[-74.49506,41.06126],[-74.502,41.03903],[-74.49736,41.03411],[-74.476,41.04786],[-74.44691,41.05443],[-74.44191,41.05043],[-74.44028,41.04356],[-74.42694,41.03598],[-74.43504,41.02002],[-74.42815,41.02067],[-74.42369,41.02761],[-74.41888,41.02873],[-74.4062,41.02418],[-74.39991,41.01737],[-74.39127,41.01595],[-74.38729,41.01169],[-74.37981,41.01426],[-74.3642,41.01094],[-74.36213,41.01383],[-74.35547,41.01391],[-74.35114,41.01049],[-74.35019,41.00397],[-74.33665,41.0076],[-74.32822,41.00116],[-74.31549,41.00238],[-74.30949,40.99841],[-74.30143,40.99925],[-74.29894,41.00297],[-74.29283,40.98795],[-74.29767,40.97991],[-74.28169,40.97996],[-74.28175,40.97638],[-74.27751,40.97355],[-74.28242,40.97003],[-74.27931,40.96509],[-74.28045,40.9573],[-74.27722,40.95477],[-74.27942,40.94332],[-74.28925,40.92879],[-74.28851,40.92483],[-74.28375,40.92067],[-74.2842,40.91715],[-74.27887,40.91825],[-74.27892,40.91589],[-74.27159,40.91539],[-74.26698,40.91043],[-74.26701,40.90764],[-74.27192,40.90969],[-74.2729,40.89907],[-74.26664,40.89453],[-74.26429,40.88691],[-74.25317,40.88157],[-74.24029,40.88044],[-74.202,40.85935],[-74.197,40.85946],[-74.19831,40.85729],[-74.13003,40.81996],[-74.13701,40.81734],[-74.1382,40.79849],[-74.14825,40.78516],[-74.14899,40.778],[-74.16339,40.7594],[-74.16599,40.7452],[-74.16209,40.73611],[-74.15569,40.7335],[-74.14719,40.7344],[-74.13749,40.7414],[-74.1176,40.73964],[-74.12139,40.721],[-74.11279,40.7031],[-74.16143,40.64415],[-74.18564,40.64604],[-74.20067,40.6329]]]}},{"type":"Feature","properties":{"std_name":"Philadelphia, PA Metro Division","std_geoid":"37964","pen":"statisticians","std_note":null,"LSAD":"M3","NAME":"Philadelphia, PA"},"geometry":{"type":"Polygon","coordinates":[[[-75.18703,39.88063],[-75.22948,39.85829],[-75.2722,39.84908],[-75.32323,39.84981],[-75.34177,39.84608],[-75.41506,39.80192],[-75.45404,39.82067],[-75.49991,39.83369],[-75.53972,39.83893],[-75.57993,39.83886],[-75.58657,39.84435],[-75.59557,39.83764],[-75.59784,39.84094],[-75.592,39.85254],[-75.60154,39.85589],[-75.59256,39.86787],[-75.59791,39.87446],[-75.58476,39.88098],[-75.58625,39.88481],[-75.58041,39.88375],[-75.57116,39.88814],[-75.57338,39.8964],[-75.55929,39.90298],[-75.56131,39.90743],[-75.55864,39.90868],[-75.55611,39.90534],[-75.54642,39.90973],[-75.55045,39.91493],[-75.54249,39.91842],[-75.54273,39.92718],[-75.53611,39.92993],[-75.53024,39.92212],[-75.52351,39.92314],[-75.53047,39.93205],[-75.52617,39.93499],[-75.52454,39.9316],[-75.51896,39.9343],[-75.52382,39.94412],[-75.43582,39.98506],[-75.43769,39.99389],[-75.45377,39.99359],[-75.40434,40.02736],[-75.41499,40.04179],[-75.36007,40.0662],[-75.3207,40.01622],[-75.31143,40.01981],[-75.27648,39.97696],[-75.20598,40.01172],[-75.24524,40.03736],[-75.26443,40.05409],[-75.22361,40.09291],[-75.18846,40.07275],[-75.17644,40.08465],[-75.10941,40.04584],[-75.08742,40.0636],[-75.09673,40.06899],[-75.08691,40.07865],[-75.05834,40.10589],[-75.01507,40.13799],[-74.99788,40.12782],[-74.99389,40.13188],[-74.99435,40.12622],[-74.98343,40.12362],[-74.98252,40.11999],[-74.97296,40.1198],[-74.9692,40.11682],[-74.96461,40.11848],[-74.96561,40.10809],[-74.96089,40.1031],[-74.96179,40.09777],[-74.95576,40.09498],[-74.95909,40.08235],[-74.96327,40.07724],[-74.9713,40.07584],[-74.98515,40.0572],[-74.97576,40.04815],[-75.01486,40.01989],[-75.04883,40.00918],[-75.06261,39.98816],[-75.07224,39.98013],[-75.10508,39.9716],[-75.13049,39.9596],[-75.13632,39.94584],[-75.13578,39.93157],[-75.12928,39.90739],[-75.13557,39.89178],[-75.14112,39.88593],[-75.18703,39.88063]]]}},{"type":"Feature","properties":{"std_name":"Rockingham County-Strafford County, NH Metro Division","std_geoid":"40484","pen":"statisticians","std_note":null,"LSAD":"M3","NAME":"Rockingham County-Strafford County, NH"},"geometry":{"type":"Polygon","coordinates":[[[-70.84283,43.25422],[-70.83744,43.24231],[-70.82722,43.24333],[-70.81783,43.23816],[-70.81548,43.23352],[-70.81721,43.22935],[-70.80952,43.22516],[-70.81692,43.21453],[-70.82067,43.19949],[-70.81928,43.19299],[-70.82825,43.18779],[-70.82357,43.17424],[-70.82778,43.17043],[-70.83361,43.14611],[-70.82708,43.12739],[-70.77969,43.09625],[-70.76589,43.09249],[-70.75641,43.08018],[-70.74303,43.07797],[-70.73797,43.07373],[-70.70631,43.07534],[-70.7012,43.04524],[-70.63071,42.98529],[-70.61115,42.97899],[-70.58759,42.94919],[-70.57509,42.91713],[-70.61066,42.91253],[-70.65511,42.9221],[-70.68093,42.93687],[-70.6944,42.95675],[-70.70899,42.93815],[-70.72602,42.92852],[-70.7273,42.89362],[-70.73501,42.87468],[-70.82024,42.87179],[-70.84772,42.86087],[-70.8856,42.88283],[-70.91463,42.88665],[-70.92959,42.88503],[-70.96702,42.8688],[-71.0312,42.85909],[-71.04492,42.84867],[-71.06442,42.80627],[-71.13281,42.82148],[-71.16665,42.80888],[-71.18614,42.79093],[-71.18179,42.73734],[-71.22383,42.74648],[-71.24548,42.74251],[-71.26009,42.75573],[-71.35103,42.77218],[-71.35296,42.78316],[-71.36452,42.78535],[-71.36617,42.79197],[-71.36068,42.79896],[-71.3872,42.82356],[-71.42707,42.82484],[-71.45115,42.9309],[-71.37543,42.93932],[-71.39189,43.00818],[-71.40296,43.04105],[-71.39223,43.03928],[-71.35612,43.10204],[-71.25208,43.26398],[-71.24697,43.27619],[-71.20757,43.308],[-71.15936,43.35512],[-71.1908,43.51503],[-71.12781,43.57279],[-71.1115,43.50671],[-71.10654,43.51225],[-71.10208,43.50688],[-71.09694,43.51168],[-71.09322,43.50724],[-71.08948,43.51269],[-71.08484,43.50669],[-71.06757,43.52724],[-71.06309,43.52418],[-71.05643,43.52811],[-71.05252,43.52469],[-71.04643,43.52969],[-71.04452,43.5248],[-71.03793,43.52983],[-71.02424,43.48291],[-70.98208,43.52361],[-70.96673,43.53771],[-70.96194,43.54093],[-70.96296,43.53527],[-70.9578,43.5316],[-70.95707,43.52459],[-70.95394,43.52227],[-70.9568,43.51278],[-70.95454,43.50971],[-70.95797,43.50804],[-70.95884,43.49937],[-70.96434,43.49714],[-70.96829,43.48945],[-70.96753,43.48094],[-70.97604,43.47843],[-70.96112,43.46919],[-70.96663,43.45127],[-70.96087,43.43889],[-70.96879,43.4346],[-70.96971,43.42691],[-70.98127,43.42087],[-70.98709,43.41307],[-70.98651,43.40398],[-70.9823,43.39828],[-70.98788,43.38994],[-70.98567,43.37918],[-70.97459,43.36358],[-70.9781,43.35838],[-70.97203,43.35463],[-70.97305,43.34881],[-70.96745,43.34924],[-70.96795,43.34458],[-70.9595,43.34098],[-70.95623,43.33411],[-70.93084,43.33628],[-70.93395,43.33536],[-70.93067,43.32931],[-70.92288,43.32611],[-70.92439,43.32385],[-70.91915,43.32444],[-70.92036,43.32121],[-70.91142,43.31972],[-70.9118,43.31573],[-70.9154,43.31541],[-70.91129,43.31044],[-70.91261,43.30758],[-70.90704,43.30466],[-70.90373,43.30629],[-70.90205,43.30136],[-70.89634,43.29855],[-70.90394,43.29678],[-70.90656,43.29204],[-70.89732,43.29272],[-70.89932,43.28789],[-70.89674,43.28534],[-70.88362,43.28344],[-70.88584,43.28081],[-70.88265,43.27891],[-70.88334,43.27323],[-70.87429,43.27186],[-70.87006,43.26613],[-70.86289,43.2648],[-70.85746,43.25581],[-70.84283,43.25422]]]}},{"type":"Feature","properties":{"std_name":"St. Petersburg-Clearwater-Largo, FL Metro Division","std_geoid":"41304","pen":"statisticians","std_note":null,"LSAD":"M3","NAME":"St. Petersburg-Clearwater-Largo, FL"},"geometry":{"type":"Polygon","coordinates":[[[-83.01875,28.17098],[-82.65117,28.17327],[-82.64832,27.9474],[-82.60142,27.9373],[-82.58782,27.9283],[-82.57752,27.916],[-82.56872,27.8929],[-82.56362,27.8069],[-82.55842,27.7975],[-82.54062,27.785],[-82.58435,27.69193],[-82.62685,27.64531],[-82.69653,27.64497],[-82.69654,27.63906],[-82.7046,27.62452],[-82.73559,27.61044],[-82.73858,27.61333],[-82.73685,27.6252],[-82.74694,27.63791],[-82.74675,27.64735],[-82.92503,27.64481],[-82.91739,27.66282],[-82.91522,27.68413],[-82.95847,27.72594],[-82.97529,27.74726],[-83.00329,27.79681],[-83.0173,27.84442],[-83.02046,27.87579],[-83.01935,27.90039],[-83.01017,27.95206],[-82.99845,27.99026],[-82.99746,28.01275],[-83.00819,28.06194],[-83.01251,28.13374],[-83.01875,28.17098]]]}},{"type":"Feature","properties":{"std_name":"San Rafael, CA Metro Division","std_geoid":"42034","pen":"statisticians","std_note":null,"LSAD":"M3","NAME":"San Rafael, CA"},"geometry":{"type":"Polygon","coordinates":[[[-122.47283,37.83189],[-122.47801,37.83304],[-122.47809,37.82535],[-122.49123,37.8266],[-122.4991,37.81988],[-122.51129,37.8247],[-122.52286,37.82493],[-122.52885,37.82011],[-122.52802,37.8151],[-122.61228,37.81522],[-122.63247,37.82781],[-122.66742,37.84173],[-122.67565,37.84852],[-122.70468,37.8443],[-122.72431,37.84768],[-122.76677,37.8658],[-122.77914,37.87613],[-122.78903,37.89376],[-122.82537,37.90709],[-122.84213,37.92332],[-122.85046,37.94559],[-122.8761,37.96634],[-122.88929,37.97411],[-122.90228,37.97739],[-122.90924,37.96464],[-122.91917,37.95484],[-122.93193,37.94667],[-122.95322,37.94109],[-123.02251,37.94206],[-123.05008,37.94802],[-123.06797,37.95867],[-123.07939,37.97194],[-123.08388,37.98337],[-123.08513,38.00843],[-123.0812,38.01897],[-123.0638,38.03649],[-123.01482,38.14913],[-123.02721,38.16417],[-123.03134,38.18146],[-123.04962,38.21429],[-123.10096,38.26136],[-123.11097,38.26726],[-123.13452,38.29626],[-123.00273,38.29571],[-122.99358,38.30008],[-122.99475,38.30619],[-122.98161,38.31114],[-122.97004,38.31013],[-122.96612,38.31697],[-122.94675,38.31121],[-122.93426,38.31401],[-122.93538,38.3096],[-122.92564,38.31274],[-122.92159,38.30855],[-122.91648,38.31281],[-122.92095,38.31684],[-122.90811,38.32075],[-122.9095,38.31439],[-122.89993,38.31679],[-122.7399,38.20702],[-122.72299,38.20713],[-122.70139,38.1961],[-122.68792,38.19474],[-122.68057,38.18963],[-122.66716,38.1897],[-122.64924,38.18113],[-122.63578,38.17865],[-122.62265,38.18262],[-122.60411,38.18063],[-122.59282,38.18878],[-122.59089,38.18594],[-122.58212,38.18802],[-122.5782,38.18358],[-122.57069,38.18352],[-122.57319,38.18632],[-122.57059,38.18712],[-122.56528,38.18271],[-122.56849,38.17702],[-122.56446,38.17508],[-122.56319,38.16932],[-122.55198,38.169],[-122.55792,38.16016],[-122.54447,38.15872],[-122.5201,38.1407],[-122.5019,38.11242],[-122.34745,38.07326],[-122.37598,38.04847],[-122.44158,37.97392],[-122.44098,37.95742],[-122.43228,37.92982],[-122.41867,37.85251],[-122.47283,37.83189]]]}},{"type":"Feature","properties":{"std_name":"Tacoma-Lakewood, WA Metro Division","std_geoid":"45104","pen":"statisticians","std_note":null,"LSAD":"M3","NAME":"Tacoma-Lakewood, WA"},"geometry":{"type":"Polygon","coordinates":[[[-121.94776,47.14279],[-121.93365,47.13831],[-121.92789,47.14771],[-121.90942,47.15054],[-121.90154,47.15574],[-121.87847,47.15394],[-121.87294,47.15053],[-121.86548,47.1526],[-121.86085,47.15065],[-121.86041,47.1466],[-121.84945,47.14726],[-121.84028,47.14322],[-121.83169,47.14848],[-121.8313,47.15193],[-121.81331,47.1595],[-121.79646,47.17306],[-121.77756,47.17338],[-121.77335,47.16649],[-121.76246,47.16751],[-121.74949,47.16207],[-121.74309,47.16454],[-121.71914,47.15112],[-121.68417,47.14979],[-121.6622,47.16004],[-121.64852,47.15493],[-121.62953,47.15343],[-121.61147,47.14299],[-121.59446,47.12223],[-121.58196,47.11866],[-121.53151,47.12458],[-121.50975,47.1225],[-121.50526,47.11798],[-121.48978,47.11637],[-121.47188,47.09974],[-121.44176,47.0844],[-121.41197,47.0907],[-121.37996,47.08725],[-121.38362,47.08414],[-121.37515,47.0729],[-121.37678,47.06245],[-121.37425,47.05644],[-121.38626,47.04892],[-121.3998,47.03346],[-121.3948,47.02278],[-121.40619,47.01218],[-121.40957,47.00358],[-121.40709,46.99749],[-121.42056,46.98872],[-121.44628,46.97998],[-121.44214,46.97294],[-121.45757,46.96424],[-121.45838,46.96057],[-121.45269,46.95652],[-121.44949,46.93532],[-121.45692,46.92826],[-121.45645,46.92358],[-121.47538,46.91327],[-121.49699,46.90834],[-121.51044,46.89661],[-121.51425,46.89099],[-121.51327,46.88481],[-121.52307,46.87278],[-121.49734,46.86287],[-121.4842,46.83427],[-121.4747,46.8314],[-121.47017,46.8264],[-121.47444,46.82023],[-121.45788,46.81177],[-121.4554,46.80244],[-121.44252,46.79266],[-121.45282,46.78917],[-121.45522,46.7838],[-121.75859,46.78379],[-121.78385,46.77261],[-121.79031,46.76434],[-121.8054,46.75613],[-121.80409,46.75122],[-121.82041,46.74529],[-121.83271,46.72964],[-121.84189,46.72845],[-121.86744,46.72914],[-121.90204,46.73772],[-121.92538,46.73877],[-121.95424,46.75502],[-121.96215,46.75402],[-121.96402,46.75017],[-121.97864,46.74427],[-121.99363,46.7473],[-121.99419,46.75134],[-122.00245,46.75327],[-122.0081,46.75257],[-122.02341,46.74226],[-122.0408,46.74236],[-122.0603,46.74919],[-122.06488,46.74687],[-122.0823,46.75222],[-122.11556,46.7489],[-122.12903,46.75466],[-122.14745,46.7528],[-122.16459,46.75745],[-122.17788,46.7552],[-122.19169,46.76217],[-122.20198,46.76155],[-122.21112,46.77012],[-122.22737,46.76888],[-122.24062,46.77593],[-122.24764,46.77517],[-122.25053,46.77158],[-122.25993,46.77198],[-122.26228,46.76526],[-122.26889,46.76637],[-122.27942,46.77633],[-122.28576,46.7741],[-122.29623,46.78534],[-122.309,46.78959],[-122.31252,46.79597],[-122.30247,46.80902],[-122.30358,46.82812],[-122.32491,46.83034],[-122.32433,46.83526],[-122.32938,46.83891],[-122.32531,46.84181],[-122.32768,46.84434],[-122.33826,46.83796],[-122.34682,46.83698],[-122.37119,46.84541],[-122.37852,46.83936],[-122.39068,46.84568],[-122.40833,46.84255],[-122.40805,46.84582],[-122.41661,46.8453],[-122.41805,46.84863],[-122.44329,46.85266],[-122.447,46.85651],[-122.45174,46.85265],[-122.45885,46.85913],[-122.45887,46.86405],[-122.46733,46.866],[-122.47384,46.86197],[-122.48231,46.86771],[-122.49004,46.86688],[-122.49141,46.87505],[-122.48791,46.87893],[-122.49359,46.88003],[-122.49091,46.88742],[-122.49738,46.89801],[-122.49412,46.90522],[-122.50796,46.91419],[-122.52099,46.91581],[-122.5285,46.9253],[-122.56323,46.9353],[-122.57219,46.95962],[-122.56338,46.96594],[-122.57226,46.96423],[-122.58045,46.96859],[-122.58709,46.96677],[-122.586,46.97114],[-122.57544,46.97129],[-122.58006,46.9775],[-122.59009,46.97396],[-122.61105,46.9767],[-122.6116,46.96721],[-122.62912,46.97146],[-122.6374,46.9771],[-122.63818,46.98081],[-122.63106,46.9891],[-122.6303,46.99834],[-122.63882,46.99842],[-122.63996,47.00205],[-122.65062,47.00732],[-122.65986,47.00323],[-122.65702,47.00614],[-122.65879,47.00955],[-122.6724,47.01541],[-122.67276,47.02419],[-122.67987,47.02819],[-122.67549,47.03719],[-122.67681,47.04265],[-122.68566,47.05157],[-122.69346,47.05304],[-122.6899,47.05741],[-122.70314,47.06465],[-122.7007,47.06827],[-122.70811,47.07761],[-122.70576,47.0816],[-122.70754,47.08533],[-122.6976,47.08881],[-122.69218,47.09921],[-122.6982,47.116],[-122.71694,47.11863],[-122.75559,47.13858],[-122.76267,47.14347],[-122.7659,47.15025],[-122.77724,47.15621],[-122.8057,47.18658],[-122.82058,47.19422],[-122.82428,47.21607],[-122.83694,47.22675],[-122.84883,47.24537],[-122.85256,47.25436],[-122.85229,47.26559],[-122.8448,47.2794],[-122.81423,47.30571],[-122.80616,47.32068],[-122.80374,47.33336],[-122.80777,47.3462],[-122.80108,47.35654],[-122.8012,47.40358],[-122.53699,47.40335],[-122.53927,47.39246],[-122.52985,47.38121],[-122.52842,47.37499],[-122.53929,47.3575],[-122.54149,47.34691],[-122.53478,47.33344],[-122.52042,47.32278],[-122.50051,47.31777],[-122.47155,47.31862],[-122.43725,47.33372],[-122.33483,47.26311],[-122.33491,47.25737],[-122.14398,47.25753],[-122.13675,47.25437],[-122.13759,47.24682],[-122.12297,47.23913],[-122.12546,47.23232],[-122.11575,47.23134],[-122.11751,47.22586],[-122.11304,47.22363],[-122.11576,47.21598],[-122.10071,47.20007],[-122.09483,47.1982],[-122.09476,47.19498],[-122.06338,47.18588],[-122.04748,47.17123],[-122.01272,47.17605],[-122.00453,47.17019],[-121.99393,47.17257],[-121.99117,47.16308],[-121.98058,47.16456],[-121.96952,47.15628],[-121.95867,47.15724],[-121.95211,47.15451],[-121.94776,47.14279]]]}},{"type":"Feature","properties":{"std_name":"Tampa, FL Metro Division","std_geoid":"45294","pen":"statisticians","std_note":null,"LSAD":"M3","NAME":"Tampa, FL"},"geometry":{"type":"Polygon","coordinates":[[[-82.05447,28.52137],[-82.05553,28.25893],[-82.10621,28.25924],[-82.10624,28.25024],[-82.10585,28.17165],[-82.05626,28.17159],[-82.05435,27.64638],[-82.55367,27.64547],[-82.64882,27.60197],[-82.76494,27.5573],[-82.92417,27.53075],[-82.9324,27.55879],[-82.93515,27.59108],[-82.93284,27.61653],[-82.92503,27.64481],[-82.74675,27.64735],[-82.74694,27.63791],[-82.73685,27.6252],[-82.73858,27.61333],[-82.73559,27.61044],[-82.7046,27.62452],[-82.69654,27.63906],[-82.69653,27.64497],[-82.62685,27.64531],[-82.58435,27.69193],[-82.54062,27.785],[-82.55842,27.7975],[-82.56362,27.8069],[-82.56872,27.8929],[-82.57752,27.916],[-82.58782,27.9283],[-82.60142,27.9373],[-82.64832,27.9474],[-82.65117,28.17327],[-83.01875,28.17098],[-83.02163,28.2211],[-83.01529,28.25226],[-83.00519,28.27605],[-82.98821,28.30107],[-82.96349,28.32474],[-82.93381,28.34312],[-82.89736,28.35701],[-82.87761,28.41268],[-82.87094,28.44526],[-82.85543,28.47721],[-82.85818,28.49903],[-82.85645,28.52774],[-82.84955,28.55294],[-82.83914,28.57458],[-82.85763,28.59708],[-82.87086,28.6216],[-82.88954,28.69321],[-82.41835,28.69486],[-82.418,28.66592],[-82.26305,28.66763],[-82.26728,28.66022],[-82.27401,28.66068],[-82.2741,28.6546],[-82.2673,28.64822],[-82.25681,28.64883],[-82.26015,28.63504],[-82.24595,28.62677],[-82.24736,28.62253],[-82.24268,28.61896],[-82.24224,28.61332],[-82.2342,28.60866],[-82.23301,28.60051],[-82.22826,28.60052],[-82.22177,28.59363],[-82.21928,28.58265],[-82.21372,28.57536],[-82.20698,28.57191],[-82.19167,28.57493],[-82.18703,28.5727],[-82.1866,28.56858],[-82.16829,28.56703],[-82.16627,28.56366],[-82.15629,28.57334],[-82.14952,28.57098],[-82.14391,28.56599],[-82.13763,28.56525],[-82.13077,28.54642],[-82.11866,28.54061],[-82.10942,28.54384],[-82.09498,28.52362],[-82.07123,28.53183],[-82.0659,28.53048],[-82.05447,28.52137]]]}},{"type":"Feature","properties":{"std_name":"Washington, DC-MD Metro Division","std_geoid":"47764","pen":"statisticians","std_note":null,"LSAD":"M3","NAME":"Washington, DC-MD"},"geometry":{"type":"Polygon","coordinates":[[[-77.11975,38.93435],[-77.04088,38.99585],[-77.00244,38.96567],[-76.99418,38.97529],[-76.98575,38.97735],[-76.98479,38.98718],[-76.9911,38.9924],[-76.98906,38.99558],[-76.90883,39.10385],[-76.9039,39.11462],[-76.90729,39.11791],[-76.88566,39.13129],[-76.87023,39.11279],[-76.84414,39.10729],[-76.83765,39.10072],[-76.83769,39.09693],[-76.82784,39.09463],[-76.82712,39.08983],[-76.83491,39.08287],[-76.8324,39.07615],[-76.83808,39.07359],[-76.83646,39.06844],[-76.83155,39.06918],[-76.82918,39.06453],[-76.81787,39.06176],[-76.80423,39.06263],[-76.80139,39.05589],[-76.79451,39.05325],[-76.79236,39.04599],[-76.77487,39.04487],[-76.77405,39.041],[-76.76539,39.04044],[-76.76221,39.03516],[-76.75583,39.03772],[-76.74773,39.03365],[-76.75025,39.0308],[-76.74375,39.02514],[-76.74463,39.01738],[-76.74038,39.01287],[-76.73328,39.00682],[-76.72546,39.00592],[-76.72562,38.99895],[-76.7116,38.99543],[-76.69827,38.98365],[-76.70246,38.97947],[-76.70103,38.97572],[-76.70374,38.97152],[-76.69926,38.96891],[-76.69898,38.96268],[-76.69398,38.95637],[-76.69543,38.94822],[-76.69117,38.94158],[-76.69216,38.93628],[-76.68143,38.93127],[-76.68283,38.92652],[-76.69059,38.92346],[-76.6862,38.91796],[-76.6792,38.91635],[-76.67852,38.91054],[-76.66997,38.90652],[-76.6715,38.89942],[-76.67626,38.89595],[-76.67179,38.88757],[-76.6755,38.88543],[-76.67678,38.87549],[-76.69153,38.8598],[-76.69117,38.8544],[-76.69827,38.84303],[-76.69697,38.81878],[-76.71207,38.814],[-76.70807,38.80487],[-76.71012,38.796],[-76.70203,38.78875],[-76.71225,38.78436],[-76.7144,38.77909],[-76.71255,38.77491],[-76.70095,38.76875],[-76.69727,38.75012],[-76.68459,38.74586],[-76.68484,38.73675],[-76.695,38.73508],[-76.69359,38.72476],[-76.70196,38.71086],[-76.69495,38.70247],[-76.69743,38.6878],[-76.68698,38.68063],[-76.69046,38.67368],[-76.701,38.66836],[-76.68333,38.66118],[-76.68513,38.65477],[-76.69163,38.64851],[-76.69285,38.63644],[-76.67847,38.62732],[-76.67233,38.61753],[-76.67256,38.59927],[-76.6807,38.5805],[-76.67759,38.57104],[-76.67914,38.56673],[-76.67227,38.55285],[-76.6757,38.53651],[-76.66255,38.52425],[-76.67412,38.49962],[-76.6846,38.49501],[-76.69932,38.49712],[-76.71384,38.51048],[-76.75293,38.51376],[-76.7669,38.51328],[-76.77492,38.50892],[-76.82269,38.42838],[-76.84085,38.41016],[-76.84668,38.40799],[-76.85032,38.39834],[-76.87146,38.38994],[-76.87366,38.37957],[-76.85223,38.36811],[-76.84793,38.36223],[-76.85289,38.3326],[-76.84617,38.32778],[-76.82095,38.27134],[-76.86888,38.17133],[-76.88101,38.1752],[-76.91599,38.19967],[-76.93684,38.20238],[-76.94902,38.20842],[-76.96225,38.22989],[-76.95692,38.23747],[-76.96209,38.25696],[-76.98135,38.27454],[-76.99087,38.27364],[-77.0009,38.28],[-77.01645,38.29884],[-77.02813,38.30532],[-77.03068,38.31162],[-77.01453,38.33263],[-77.01591,38.37102],[-77.01146,38.37443],[-77.04151,38.40069],[-77.05342,38.39881],[-77.07055,38.37815],[-77.08424,38.36874],[-77.13822,38.36792],[-77.16269,38.34599],[-77.17934,38.34191],[-77.20469,38.3411],[-77.24007,38.3316],[-77.26529,38.33316],[-77.27658,38.33788],[-77.2862,38.34702],[-77.2882,38.35939],[-77.29679,38.3705],[-77.30494,38.37527],[-77.31045,38.4001],[-77.32291,38.43263],[-77.3204,38.43522],[-77.31854,38.47444],[-77.30964,38.49564],[-77.30308,38.49919],[-77.28974,38.51806],[-77.28531,38.51969],[-77.28729,38.52146],[-77.27634,38.53945],[-77.27612,38.54742],[-77.25645,38.56059],[-77.24636,38.59344],[-77.2037,38.61817],[-77.12968,38.6347],[-77.13642,38.65023],[-77.13244,38.67414],[-77.12263,38.68526],[-77.08004,38.70892],[-77.07923,38.71305],[-77.07143,38.70998],[-77.05352,38.7098],[-77.04325,38.71872],[-77.04136,38.78542],[-77.03729,38.81053],[-77.04111,38.82294],[-77.0377,38.8295],[-77.04179,38.83368],[-77.04321,38.83143],[-77.04802,38.84126],[-77.03462,38.84006],[-77.03285,38.85504],[-77.03806,38.86328],[-77.04276,38.86337],[-77.03774,38.86478],[-77.04171,38.87257],[-77.04612,38.87561],[-77.0464,38.87217],[-77.05016,38.87165],[-77.05414,38.87971],[-77.0592,38.88099],[-77.06816,38.89992],[-77.09354,38.90593],[-77.10305,38.91275],[-77.11975,38.93435]]]}},{"type":"Feature","properties":{"std_name":"West Palm Beach-Boca Raton-Delray Beach, FL Metro Division","std_geoid":"48424","pen":"statisticians","std_note":null,"LSAD":"M3","NAME":"West Palm Beach-Boca Raton-Delray Beach, FL"},"geometry":{"type":"Polygon","coordinates":[[[-79.9966,26.88223],[-79.97431,26.79241],[-79.97556,26.76499],[-79.97965,26.75034],[-79.9749,26.6975],[-79.98088,26.66363],[-79.98248,26.56925],[-80.00615,26.43281],[-80.01436,26.36224],[-80.01528,26.32096],[-80.08791,26.32076],[-80.09197,26.32636],[-80.09862,26.32269],[-80.09999,26.32778],[-80.20408,26.32782],[-80.29705,26.35555],[-80.29699,26.33436],[-80.88183,26.3338],[-80.88577,26.60924],[-80.88564,26.95892],[-80.14201,26.95664],[-80.14176,26.97094],[-80.02275,26.97039],[-79.9966,26.88223]]]}}]}