{"type":"FeatureCollection","features":[{"type":"Feature","properties":{"std_name":"Seminole OTSA","NAME":"Seminole","mcgirt_status":"affirmed","order":4,"std_note":"OTSA polygons are the Census Bureau's statistical proxy for the historic reservation footprint, not a court-drawn line. mcgirt_status: affirmed = McGirt or the OCCA applying it; disestablished = Osage; not_mcgirt = a statistical area for a tribe without an affirmed reservation."},"geometry":{"type":"Polygon","coordinates":[[[-96.77715,35.28986],[-96.77671,35.41137],[-96.77581,35.41128],[-96.7745,35.40864],[-96.77509,35.40673],[-96.77447,35.4058],[-96.77034,35.40734],[-96.7692,35.41062],[-96.76702,35.40846],[-96.76302,35.40935],[-96.75947,35.40756],[-96.75087,35.40626],[-96.74876,35.40704],[-96.74278,35.40682],[-96.74012,35.40875],[-96.74162,35.41161],[-96.74141,35.41443],[-96.73686,35.41545],[-96.73587,35.41358],[-96.73484,35.41356],[-96.7331,35.41586],[-96.73372,35.41709],[-96.73629,35.41765],[-96.73806,35.41986],[-96.73474,35.42053],[-96.73132,35.42341],[-96.72463,35.425],[-96.72076,35.42393],[-96.71694,35.41935],[-96.7172,35.41706],[-96.72048,35.41364],[-96.71964,35.41198],[-96.71151,35.41562],[-96.70955,35.41581],[-96.70682,35.41484],[-96.7057,35.41667],[-96.70393,35.41674],[-96.702,35.41538],[-96.70073,35.40967],[-96.69154,35.40854],[-96.69,35.40694],[-96.69081,35.40509],[-96.69,35.40386],[-96.68853,35.40366],[-96.68232,35.40589],[-96.68025,35.40511],[-96.67913,35.40248],[-96.67817,35.40214],[-96.67712,35.40265],[-96.67674,35.40402],[-96.67575,35.40419],[-96.67439,35.40254],[-96.67499,35.40055],[-96.67227,35.40065],[-96.66517,35.39883],[-96.6602,35.39494],[-96.65446,35.39543],[-96.65337,35.39451],[-96.65377,35.39222],[-96.65313,35.3917],[-96.64521,35.39274],[-96.63907,35.39649],[-96.63672,35.39918],[-96.63564,35.39837],[-96.63563,35.39675],[-96.63374,35.39299],[-96.63099,35.39228],[-96.62908,35.39411],[-96.6269,35.39879],[-96.62401,35.40076],[-96.62269,35.40032],[-96.6213,35.39809],[-96.61731,35.39583],[-96.61317,35.39687],[-96.61152,35.39425],[-96.60959,35.39436],[-96.60665,35.39598],[-96.6065,35.39944],[-96.60381,35.39913],[-96.59983,35.39691],[-96.59666,35.39957],[-96.59143,35.40919],[-96.58858,35.41163],[-96.58319,35.41059],[-96.57963,35.4082],[-96.57756,35.4051],[-96.57675,35.40196],[-96.57161,35.40156],[-96.56666,35.39931],[-96.56111,35.40019],[-96.55565,35.40247],[-96.55494,35.40169],[-96.55648,35.39923],[-96.55701,35.39587],[-96.55649,35.39472],[-96.55035,35.39223],[-96.54191,35.39256],[-96.53704,35.39074],[-96.53478,35.39197],[-96.53435,35.39585],[-96.53166,35.40024],[-96.53378,35.40229],[-96.53809,35.40436],[-96.53716,35.41094],[-96.54042,35.41204],[-96.54405,35.41184],[-96.54956,35.41459],[-96.55003,35.41571],[-96.54778,35.41855],[-96.5511,35.42013],[-96.55259,35.42297],[-96.55533,35.4224],[-96.55556,35.4196],[-96.55653,35.41879],[-96.5601,35.42156],[-96.56082,35.42372],[-96.55949,35.42818],[-96.55569,35.43452],[-96.56613,35.43675],[-96.56945,35.43927],[-96.56901,35.44179],[-96.56327,35.4431],[-96.55987,35.44899],[-96.55648,35.44736],[-96.55385,35.44799],[-96.55329,35.45034],[-96.55469,35.45331],[-96.55364,35.45431],[-96.54421,35.45286],[-96.54373,35.45428],[-96.54633,35.45696],[-96.54429,35.45786],[-96.54153,35.45526],[-96.53928,35.44977],[-96.53765,35.44801],[-96.53216,35.44627],[-96.52135,35.4383],[-96.51968,35.43571],[-96.52054,35.43283],[-96.5187,35.43124],[-96.51102,35.4296],[-96.5057,35.43],[-96.50153,35.42872],[-96.49697,35.4288],[-96.49176,35.43042],[-96.491,35.35761],[-96.49033,35.34799],[-96.49084,35.3335],[-96.48996,35.14079],[-96.49079,34.91058],[-96.49739,34.90389],[-96.50029,34.89346],[-96.50619,34.88649],[-96.51219,34.87599],[-96.51699,34.87159],[-96.52149,34.86989],[-96.53029,34.86998],[-96.54376,34.8801],[-96.54958,34.88711],[-96.55589,34.89808],[-96.55649,34.90258],[-96.55509,34.90988],[-96.55599,34.91258],[-96.55789,34.91478],[-96.56409,34.91728],[-96.57709,34.91658],[-96.59579,34.90598],[-96.61319,34.90048],[-96.62189,34.89898],[-96.63679,34.89878],[-96.64449,34.90058],[-96.64699,34.90218],[-96.65309,34.91038],[-96.65929,34.92308],[-96.66408,34.92745],[-96.66769,34.92958],[-96.68161,34.93286],[-96.69197,34.93331],[-96.69949,34.93027],[-96.70549,34.92528],[-96.71149,34.91628],[-96.71209,34.91388],[-96.71129,34.91191],[-96.70282,34.90896],[-96.69345,34.90126],[-96.68849,34.89438],[-96.6863,34.88797],[-96.68647,34.88318],[-96.68729,34.88098],[-96.69033,34.87508],[-96.69494,34.87062],[-96.6941,34.87007],[-96.69421,34.86847],[-96.7124,34.85968],[-96.72289,34.85678],[-96.72799,34.85718],[-96.73249,34.85888],[-96.73629,34.86208],[-96.74209,34.86938],[-96.74719,34.88178],[-96.74899,34.89078],[-96.75552,34.89981],[-96.76065,34.90084],[-96.77568,34.89996],[-96.77514,34.90164],[-96.77551,35.10489],[-96.77715,35.28986]]]}},{"type":"Feature","properties":{"std_name":"Chickasaw OTSA","NAME":"Chickasaw","mcgirt_status":"affirmed","order":3,"std_note":"OTSA polygons are the Census Bureau's statistical proxy for the historic reservation footprint, not a court-drawn line. mcgirt_status: affirmed = McGirt or the OCCA applying it; disestablished = Osage; not_mcgirt = a statistical area for a tribe without an affirmed reservation."},"geometry":{"type":"Polygon","coordinates":[[[-98.00044,35.3343],[-97.99918,35.36248],[-97.9859,35.35857],[-97.98137,35.35632],[-97.97389,35.35712],[-97.97092,35.35238],[-97.96391,35.34983],[-97.96024,35.346],[-97.95477,35.34613],[-97.95285,35.34728],[-97.95227,35.35059],[-97.94925,35.3524],[-97.94684,35.35641],[-97.9459,35.36278],[-97.94633,35.37103],[-97.94734,35.37455],[-97.94298,35.37732],[-97.93537,35.3756],[-97.93225,35.37338],[-97.93026,35.36778],[-97.93033,35.36353],[-97.9279,35.36049],[-97.9245,35.35864],[-97.92083,35.35352],[-97.91499,35.35236],[-97.91137,35.35314],[-97.9065,35.35601],[-97.90256,35.35516],[-97.90157,35.35344],[-97.90212,35.35095],[-97.90352,35.34914],[-97.90343,35.34616],[-97.90033,35.34411],[-97.89734,35.34487],[-97.89364,35.34719],[-97.88774,35.34719],[-97.88422,35.34853],[-97.88467,35.35619],[-97.8767,35.35548],[-97.87392,35.35598],[-97.87317,35.36087],[-97.8699,35.36252],[-97.8628,35.36183],[-97.85989,35.35977],[-97.8571,35.35426],[-97.85682,35.34491],[-97.85292,35.34054],[-97.84133,35.33453],[-97.83367,35.33536],[-97.82496,35.33374],[-97.81994,35.33535],[-97.81213,35.33379],[-97.81203,35.33844],[-97.80714,35.34085],[-97.80065,35.33923],[-97.79672,35.33911],[-97.79202,35.3327],[-97.79103,35.33279],[-97.78963,35.33335],[-97.78881,35.33614],[-97.78718,35.33711],[-97.78119,35.33611],[-97.77757,35.33709],[-97.77471,35.33942],[-97.77387,35.34352],[-97.77271,35.34532],[-97.76927,35.34565],[-97.76751,35.34485],[-97.7639,35.34085],[-97.7567,35.33881],[-97.75198,35.33428],[-97.7503,35.33043],[-97.73731,35.32376],[-97.72471,35.32583],[-97.71885,35.32881],[-97.71379,35.32793],[-97.71297,35.32531],[-97.70616,35.32499],[-97.69648,35.32744],[-97.68899,35.3327],[-97.68505,35.3343],[-97.67141,35.33595],[-97.67141,35.33747],[-97.66941,35.33674],[-97.66166,35.33649],[-97.65384,35.33412],[-97.64682,35.32938],[-97.64236,35.32599],[-97.6381,35.32113],[-97.62632,35.31383],[-97.6178,35.30521],[-97.60291,35.30352],[-97.58136,35.30246],[-97.57664,35.30089],[-97.5607,35.29207],[-97.55699,35.28844],[-97.55469,35.26223],[-97.55771,35.25853],[-97.56307,35.2546],[-97.56415,35.25264],[-97.56392,35.25007],[-97.55819,35.24982],[-97.55886,35.24811],[-97.56485,35.24872],[-97.56648,35.24744],[-97.5634,35.24339],[-97.55844,35.24209],[-97.55669,35.2402],[-97.55663,35.23893],[-97.5583,35.23658],[-97.56222,35.23463],[-97.5594,35.23091],[-97.555,35.22741],[-97.55479,35.22433],[-97.54146,35.21417],[-97.52944,35.21266],[-97.51708,35.20381],[-97.48806,35.18781],[-97.45879,35.17023],[-97.45781,35.17032],[-97.45684,35.16735],[-97.45342,35.16374],[-97.44749,35.16118],[-97.44265,35.16044],[-97.44039,35.15533],[-97.4396,35.14932],[-97.43825,35.14704],[-97.43331,35.14519],[-97.43307,35.14379],[-97.42943,35.14265],[-97.42754,35.14292],[-97.42708,35.14157],[-97.42397,35.14065],[-97.42027,35.14056],[-97.41813,35.14168],[-97.41572,35.14057],[-97.41386,35.14117],[-97.41267,35.13968],[-97.40708,35.13814],[-97.40458,35.13208],[-97.40402,35.12616],[-97.40131,35.12486],[-97.40517,35.10897],[-97.40451,35.10602],[-97.40191,35.1029],[-97.40018,35.09324],[-97.40071,35.09062],[-97.40314,35.08828],[-97.40208,35.08637],[-97.38877,35.0821],[-97.37341,35.08505],[-97.36413,35.08456],[-97.36031,35.08265],[-97.35419,35.07666],[-97.35267,35.07343],[-97.3546,35.06939],[-97.35439,35.06528],[-97.34963,35.05553],[-97.35255,35.04541],[-97.35579,35.04054],[-97.35801,35.03372],[-97.3567,35.02886],[-97.35511,35.02867],[-97.34926,35.00754],[-97.34852,35.006],[-97.34584,35.0046],[-97.34533,35.00202],[-97.34697,35.00039],[-97.34677,34.99879],[-97.34219,34.99541],[-97.34149,34.99371],[-97.34189,34.99026],[-97.34619,34.98799],[-97.34816,34.98544],[-97.34829,34.9803],[-97.34652,34.97745],[-97.34326,34.97441],[-97.34151,34.964],[-97.33383,34.95895],[-97.32592,34.95509],[-97.31123,34.95328],[-97.30771,34.95398],[-97.3044,34.95638],[-97.30279,34.96072],[-97.29963,34.96461],[-97.28144,34.96079],[-97.27807,34.96107],[-97.27385,34.96299],[-97.27233,34.96178],[-97.26674,34.95071],[-97.26403,34.94721],[-97.26159,34.94544],[-97.25803,34.9449],[-97.2536,34.94543],[-97.25043,34.94888],[-97.24624,34.94917],[-97.23985,34.94711],[-97.2394,34.94569],[-97.23269,34.9419],[-97.23214,34.93919],[-97.23306,34.93748],[-97.23013,34.93633],[-97.2301,34.93507],[-97.22906,34.93408],[-97.23037,34.93191],[-97.22941,34.93166],[-97.2279,34.93214],[-97.2259,34.93462],[-97.22587,34.93686],[-97.22452,34.93849],[-97.22492,34.93942],[-97.22398,34.94096],[-97.2179,34.94428],[-97.21251,34.94331],[-97.21011,34.94217],[-97.20955,34.94109],[-97.20694,34.94033],[-97.20234,34.94079],[-97.19841,34.93984],[-97.1967,34.9384],[-97.19567,34.93604],[-97.19545,34.93267],[-97.19695,34.93174],[-97.19617,34.92825],[-97.18727,34.92969],[-97.17824,34.92954],[-97.17637,34.92867],[-97.17047,34.93003],[-97.16777,34.92966],[-97.16665,34.93078],[-97.15456,34.93138],[-97.14644,34.9288],[-97.14545,34.92914],[-97.14408,34.92742],[-97.14258,34.92823],[-97.14057,34.92759],[-97.13581,34.9244],[-97.13369,34.92469],[-97.13243,34.92617],[-97.13493,34.93259],[-97.13287,34.93464],[-97.12599,34.93391],[-97.114,34.9351],[-97.10602,34.9329],[-97.10035,34.92961],[-97.09864,34.92962],[-97.09682,34.93092],[-97.08554,34.93136],[-97.07972,34.92892],[-97.07526,34.92243],[-97.07179,34.91986],[-97.0606,34.92126],[-97.05248,34.92125],[-97.04947,34.91826],[-97.04321,34.91521],[-97.03581,34.91289],[-97.0304,34.91206],[-97.02595,34.91233],[-97.01593,34.90735],[-97.00051,34.91428],[-96.99363,34.91583],[-96.98934,34.91829],[-96.98781,34.92034],[-96.98273,34.92184],[-96.97668,34.92689],[-96.97506,34.93015],[-96.97624,34.93207],[-96.97494,34.93427],[-96.9727,34.93541],[-96.97085,34.93434],[-96.96756,34.93455],[-96.96547,34.93646],[-96.9649,34.93869],[-96.96582,34.93906],[-96.95891,34.94587],[-96.95704,34.95098],[-96.94646,34.95854],[-96.937,34.96258],[-96.92827,34.96521],[-96.92129,34.96399],[-96.91651,34.96154],[-96.91395,34.95905],[-96.91084,34.95897],[-96.90326,34.94615],[-96.90131,34.94418],[-96.89684,34.94219],[-96.89053,34.93262],[-96.88997,34.92946],[-96.88792,34.92708],[-96.8854,34.92625],[-96.87632,34.92603],[-96.8681,34.92941],[-96.86098,34.93008],[-96.85237,34.92877],[-96.84137,34.9338],[-96.835,34.93943],[-96.83077,34.94191],[-96.82578,34.94337],[-96.82149,34.94611],[-96.81751,34.94633],[-96.81345,34.94465],[-96.8099,34.94097],[-96.80386,34.93671],[-96.79821,34.92999],[-96.79787,34.92442],[-96.79938,34.91997],[-96.80006,34.91202],[-96.79858,34.90594],[-96.79059,34.90083],[-96.78507,34.89914],[-96.77997,34.89885],[-96.77256,34.90064],[-96.76065,34.90084],[-96.75552,34.89981],[-96.74899,34.89078],[-96.74719,34.88178],[-96.74209,34.86938],[-96.74039,34.86688],[-96.73249,34.85888],[-96.72459,34.85678],[-96.7124,34.85968],[-96.69481,34.86807],[-96.6941,34.87007],[-96.69494,34.87062],[-96.69033,34.87508],[-96.68729,34.88098],[-96.68647,34.88318],[-96.6863,34.88797],[-96.68699,34.89128],[-96.69345,34.90126],[-96.70282,34.90896],[-96.71129,34.91191],[-96.71209,34.91388],[-96.71045,34.91804],[-96.7046,34.92628],[-96.69949,34.93027],[-96.69197,34.93331],[-96.68161,34.93286],[-96.66769,34.92958],[-96.66539,34.92838],[-96.65929,34.92308],[-96.65309,34.91038],[-96.64699,34.90218],[-96.64449,34.90058],[-96.63679,34.89878],[-96.62189,34.89898],[-96.61319,34.90048],[-96.59579,34.90598],[-96.57709,34.91658],[-96.56449,34.91732],[-96.55889,34.91528],[-96.55689,34.91418],[-96.55509,34.90988],[-96.55629,34.90458],[-96.55629,34.89918],[-96.54958,34.88711],[-96.54376,34.8801],[-96.53379,34.87218],[-96.52859,34.86959],[-96.51989,34.87019],[-96.51699,34.87159],[-96.5126,34.87547],[-96.50619,34.88649],[-96.50029,34.89346],[-96.49739,34.90389],[-96.48927,34.91165],[-96.47809,34.91635],[-96.46818,34.91508],[-96.46446,34.91555],[-96.46387,34.91609],[-96.46507,34.91618],[-96.46443,34.91635],[-96.46166,34.91548],[-96.45999,34.91644],[-96.45663,34.91526],[-96.4521,34.91212],[-96.4537,34.09829],[-96.455,33.96065],[-96.45353,33.95872],[-96.45313,33.95604],[-96.45092,33.95389],[-96.45268,33.95259],[-96.45129,33.95181],[-96.4513,33.95065],[-96.45022,33.94955],[-96.45062,33.94885],[-96.44929,33.94843],[-96.45024,33.94769],[-96.44815,33.94553],[-96.44967,33.94517],[-96.44907,33.94466],[-96.44975,33.94362],[-96.44842,33.94106],[-96.44883,33.94034],[-96.4495,33.94075],[-96.44991,33.93968],[-96.4483,33.93829],[-96.44997,33.9381],[-96.45004,33.93579],[-96.44871,33.93559],[-96.449,33.93471],[-96.44751,33.93328],[-96.44851,33.93116],[-96.44722,33.93056],[-96.44599,33.92824],[-96.44699,33.92782],[-96.44584,33.9267],[-96.44635,33.9261],[-96.44474,33.92514],[-96.44486,33.924],[-96.44415,33.92404],[-96.44527,33.92341],[-96.44226,33.91995],[-96.44325,33.91898],[-96.44051,33.9171],[-96.43921,33.91788],[-96.43651,33.91547],[-96.43683,33.91437],[-96.43572,33.91331],[-96.43714,33.91293],[-96.43616,33.91135],[-96.43709,33.91084],[-96.43566,33.90849],[-96.43415,33.90759],[-96.43581,33.90715],[-96.43483,33.90599],[-96.43658,33.90496],[-96.43392,33.90273],[-96.43401,33.90161],[-96.43305,33.90086],[-96.43379,33.89901],[-96.43241,33.8985],[-96.43373,33.89806],[-96.43023,33.89554],[-96.43057,33.89438],[-96.42951,33.89315],[-96.43046,33.89261],[-96.43016,33.89178],[-96.42851,33.89193],[-96.42784,33.89291],[-96.42745,33.89084],[-96.42448,33.88788],[-96.4212,33.88697],[-96.42202,33.88571],[-96.41914,33.8849],[-96.41666,33.88237],[-96.41492,33.88322],[-96.41508,33.88445],[-96.41321,33.88535],[-96.41248,33.88379],[-96.41406,33.88269],[-96.41171,33.88275],[-96.41054,33.88187],[-96.40903,33.88271],[-96.40779,33.87977],[-96.40593,33.88102],[-96.4025,33.88105],[-96.40237,33.87878],[-96.39912,33.87818],[-96.39973,33.87687],[-96.39802,33.87624],[-96.39823,33.8748],[-96.39677,33.87429],[-96.39611,33.87314],[-96.39356,33.87355],[-96.39408,33.87146],[-96.39194,33.87142],[-96.39115,33.86939],[-96.3887,33.86921],[-96.38684,33.86769],[-96.38469,33.86789],[-96.38439,33.86576],[-96.38089,33.8646],[-96.38254,33.8634],[-96.3805,33.86179],[-96.37864,33.86223],[-96.37736,33.85974],[-96.37351,33.85964],[-96.37171,33.85724],[-96.36993,33.85854],[-96.36921,33.85614],[-96.36773,33.85702],[-96.36616,33.85314],[-96.36607,33.85043],[-96.36506,33.85016],[-96.3638,33.85114],[-96.36353,33.84945],[-96.36246,33.85163],[-96.36105,33.85141],[-96.36079,33.84975],[-96.35938,33.8497],[-96.35775,33.85087],[-96.35668,33.84994],[-96.35611,33.8516],[-96.35266,33.84981],[-96.3518,33.85249],[-96.35104,33.8509],[-96.3495,33.85032],[-96.34803,33.85211],[-96.34989,33.85288],[-96.34729,33.85454],[-96.34618,33.85346],[-96.34501,33.85365],[-96.34513,33.85191],[-96.34347,33.85159],[-96.34086,33.85297],[-96.34021,33.8515],[-96.33908,33.85213],[-96.33863,33.85085],[-96.33673,33.85124],[-96.33483,33.84959],[-96.33326,33.84976],[-96.33335,33.84837],[-96.33545,33.84788],[-96.33515,33.8467],[-96.33394,33.84631],[-96.33438,33.84478],[-96.33257,33.84439],[-96.33331,33.8434],[-96.33287,33.84262],[-96.33022,33.84374],[-96.32944,33.84289],[-96.32773,33.84358],[-96.32663,33.84167],[-96.32619,33.84294],[-96.32494,33.84346],[-96.32436,33.84277],[-96.32216,33.84269],[-96.3221,33.84136],[-96.32083,33.84091],[-96.31832,33.84173],[-96.31801,33.84268],[-96.31457,33.84147],[-96.31326,33.83917],[-96.3126,33.84074],[-96.31039,33.84147],[-96.30696,33.83932],[-96.30485,33.84139],[-96.30526,33.8425],[-96.30448,33.84335],[-96.30225,33.84297],[-96.29849,33.84456],[-96.29964,33.84145],[-96.2974,33.84236],[-96.29751,33.84096],[-96.29606,33.84052],[-96.29467,33.84184],[-96.29532,33.84041],[-96.29444,33.83974],[-96.29281,33.84111],[-96.29127,33.84023],[-96.29024,33.84053],[-96.29057,33.84217],[-96.28946,33.84297],[-96.28904,33.84218],[-96.28741,33.84253],[-96.28513,33.84116],[-96.2841,33.84207],[-96.28181,33.84163],[-96.28151,33.8405],[-96.28331,33.83926],[-96.2813,33.83879],[-96.28003,33.83945],[-96.27863,33.83846],[-96.27776,33.83912],[-96.27905,33.84048],[-96.27778,33.84081],[-96.2773,33.83935],[-96.2763,33.83945],[-96.27624,33.84179],[-96.27357,33.84073],[-96.27386,33.83935],[-96.27219,33.83932],[-96.27043,33.84067],[-96.26998,33.83898],[-96.26791,33.83833],[-96.26872,33.83704],[-96.26761,33.83675],[-96.26625,33.83764],[-96.26399,33.83473],[-96.26289,33.83472],[-96.26287,33.83675],[-96.25929,33.8351],[-96.25788,33.83284],[-96.25592,33.83378],[-96.25595,33.83277],[-96.25461,33.83281],[-96.25374,33.83409],[-96.2518,33.83276],[-96.24977,33.83338],[-96.24794,33.83192],[-96.24587,33.83416],[-96.24355,33.83518],[-96.24213,33.83486],[-96.24055,33.83719],[-96.23826,33.83628],[-96.23708,33.83887],[-96.23613,33.83785],[-96.23529,33.83832],[-96.23414,33.83774],[-96.23381,33.83926],[-96.23321,33.83809],[-96.23187,33.83786],[-96.23119,33.83923],[-96.23244,33.83913],[-96.23273,33.83984],[-96.231,33.84043],[-96.23204,33.84137],[-96.22881,33.84183],[-96.2272,33.84049],[-96.22721,33.84161],[-96.22548,33.84373],[-96.22583,33.84507],[-96.22484,33.84578],[-96.22549,33.84681],[-96.22463,33.84707],[-96.22571,33.84779],[-96.22403,33.84753],[-96.22369,33.84859],[-96.22189,33.84858],[-96.22136,33.84957],[-96.22,33.84898],[-96.21975,33.8504],[-96.21846,33.84958],[-96.21798,33.8505],[-96.21946,33.85147],[-96.21765,33.85434],[-96.21804,33.85522],[-96.21482,33.85668],[-96.21602,33.858],[-96.21381,33.85951],[-96.2131,33.85898],[-96.21319,33.85773],[-96.21172,33.85685],[-96.21066,33.85734],[-96.2102,33.85609],[-96.2079,33.85768],[-96.20723,33.85621],[-96.20538,33.85751],[-96.20442,33.85681],[-96.20421,33.85503],[-96.20308,33.85603],[-96.20297,33.8573],[-96.20118,33.85693],[-96.20156,33.8592],[-96.20063,33.85969],[-96.19872,33.85941],[-96.19941,33.8572],[-96.1981,33.85654],[-96.19506,33.85755],[-96.19598,33.85896],[-96.19188,33.8578],[-96.19205,33.85969],[-96.19082,33.86007],[-96.189,33.85984],[-96.18989,33.85862],[-96.1894,33.85766],[-96.18724,33.85709],[-96.18546,33.85984],[-96.18393,33.85749],[-96.18406,33.8559],[-96.17838,33.85721],[-96.17709,33.8539],[-96.17492,33.85245],[-96.1735,33.85262],[-96.17257,33.85375],[-96.16747,33.85176],[-96.1658,33.85353],[-96.1632,33.85365],[-96.16149,33.8526],[-96.15731,33.85421],[-96.15646,33.8529],[-96.15943,33.85197],[-96.15946,33.8504],[-96.15902,33.84934],[-96.15629,33.84797],[-96.1524,33.8482],[-96.14662,33.84988],[-96.14451,33.85334],[-96.14164,33.85374],[-96.13285,33.8494],[-96.1288,33.84524],[-96.12729,33.84498],[-96.12612,33.84705],[-96.12414,33.84819],[-96.11929,33.84906],[-96.11599,33.84819],[-96.11053,33.84299],[-96.10852,33.84386],[-96.10886,33.84582],[-96.10829,33.84651],[-96.10324,33.84845],[-96.10089,33.84813],[-96.09709,33.85064],[-96.09488,33.84735],[-96.10009,33.84797],[-96.10147,33.84671],[-96.09764,33.83794],[-96.09745,33.83273],[-96.09936,33.83047],[-96.10408,33.83073],[-96.10999,33.8324],[-96.11817,33.83788],[-96.12295,33.83996],[-96.12782,33.8399],[-96.13106,33.83744],[-96.1389,33.83916],[-96.14654,33.8383],[-96.14923,33.83709],[-96.15163,33.83195],[-96.14879,33.8192],[-96.15077,33.81699],[-96.1593,33.8186],[-96.16146,33.81764],[-96.1665,33.81787],[-96.17135,33.81473],[-96.17535,33.81474],[-96.17691,33.81394],[-96.17912,33.81022],[-96.17627,33.80318],[-96.17286,33.8011],[-96.16959,33.80094],[-96.16946,33.80411],[-96.17072,33.80319],[-96.16995,33.80513],[-96.16377,33.81305],[-96.15554,33.81404],[-96.15982,33.81155],[-96.16195,33.79971],[-96.16076,33.79591],[-96.16275,33.79261],[-96.16248,33.7899],[-96.16371,33.78773],[-96.16277,33.78642],[-96.16754,33.77448],[-96.16811,33.77448],[-96.16909,33.77042],[-96.17293,33.76522],[-96.1786,33.76043],[-96.18773,33.7561],[-96.18663,33.75502],[-96.18801,33.75602],[-96.19017,33.75557],[-96.19799,33.75255],[-96.21585,33.74918],[-96.22052,33.74739],[-96.2246,33.74833],[-96.22902,33.74802],[-96.23693,33.75326],[-96.24824,33.75911],[-96.25509,33.76163],[-96.25689,33.76373],[-96.26359,33.76747],[-96.26893,33.76796],[-96.2783,33.7706],[-96.28708,33.77124],[-96.29036,33.77083],[-96.29398,33.76926],[-96.29641,33.76683],[-96.29703,33.76323],[-96.29876,33.76091],[-96.29883,33.75855],[-96.29779,33.76121],[-96.29811,33.75912],[-96.30616,33.74403],[-96.30787,33.73502],[-96.30631,33.72935],[-96.30636,33.72306],[-96.30853,33.71762],[-96.30868,33.71399],[-96.31223,33.7063],[-96.31838,33.69712],[-96.3211,33.6951],[-96.33292,33.69316],[-96.33876,33.68832],[-96.34257,33.68675],[-96.34686,33.68622],[-96.35563,33.68749],[-96.3622,33.69182],[-96.36313,33.69421],[-96.36325,33.70105],[-96.36602,33.70549],[-96.36694,33.71122],[-96.36959,33.71681],[-96.37548,33.72088],[-96.38283,33.72927],[-96.39505,33.7384],[-96.40822,33.75054],[-96.41341,33.75771],[-96.41615,33.7661],[-96.41898,33.77164],[-96.42353,33.77643],[-96.43199,33.77911],[-96.44804,33.78103],[-96.45051,33.78059],[-96.45625,33.77604],[-96.45915,33.77523],[-96.46936,33.77579],[-96.48634,33.77296],[-96.50098,33.7728],[-96.51086,33.78061],[-96.51658,33.78828],[-96.51569,33.79516],[-96.51785,33.80686],[-96.52487,33.81953],[-96.53251,33.82286],[-96.53197,33.82399],[-96.53337,33.82277],[-96.54875,33.81994],[-96.5517,33.81848],[-96.55106,33.81925],[-96.55503,33.81887],[-96.55565,33.81939],[-96.55712,33.81757],[-96.55811,33.81713],[-96.55621,33.81914],[-96.56667,33.81851],[-96.57294,33.8191],[-96.59293,33.83091],[-96.62315,33.8415],[-96.62927,33.8455],[-96.63002,33.84854],[-96.62902,33.85241],[-96.61197,33.86902],[-96.59735,33.8751],[-96.59011,33.88067],[-96.58536,33.88895],[-96.58545,33.89128],[-96.58793,33.89478],[-96.59217,33.89551],[-96.61484,33.89455],[-96.62409,33.89514],[-96.62829,33.89448],[-96.65821,33.91584],[-96.66441,33.91727],[-96.66719,33.91694],[-96.67345,33.91228],[-96.68149,33.89467],[-96.6835,33.88355],[-96.6821,33.87665],[-96.68247,33.87176],[-96.68683,33.85757],[-96.69181,33.84839],[-96.70078,33.8379],[-96.70661,33.83382],[-96.71373,33.83133],[-96.7251,33.83031],[-96.73566,33.82759],[-96.75028,33.82508],[-96.76159,33.82441],[-96.7646,33.82493],[-96.76938,33.82748],[-96.77677,33.84198],[-96.7772,33.84816],[-96.78057,33.8601],[-96.78348,33.86353],[-96.79428,33.86889],[-96.81278,33.87265],[-96.83216,33.87483],[-96.83741,33.87135],[-96.83978,33.8684],[-96.84159,33.85289],[-96.8459,33.84898],[-96.85059,33.84721],[-96.85609,33.84749],[-96.86025,33.84969],[-96.86644,33.85315],[-96.87528,33.86051],[-96.88301,33.86802],[-96.8895,33.88162],[-96.89367,33.89312],[-96.89573,33.89641],[-96.89719,33.90295],[-96.89642,33.91193],[-96.89695,33.91681],[-96.89944,33.93373],[-96.90243,33.94202],[-96.90525,33.94722],[-96.91001,33.95278],[-96.9163,33.9578],[-96.92073,33.95952],[-96.92427,33.95916],[-96.93225,33.95569],[-96.94904,33.94686],[-96.95178,33.94474],[-96.96002,33.94127],[-96.96638,33.93954],[-96.97287,33.9357],[-96.97696,33.93745],[-96.97982,33.94159],[-96.98103,33.94916],[-96.97942,33.95618],[-96.9816,33.95633],[-96.98849,33.95441],[-96.99429,33.94921],[-96.99579,33.94608],[-96.99625,33.94266],[-96.99536,33.9338],[-96.994,33.92898],[-96.98788,33.91705],[-96.98775,33.91406],[-96.98494,33.90487],[-96.98383,33.89095],[-96.98468,33.88865],[-96.98603,33.88826],[-96.98804,33.88601],[-96.99709,33.87102],[-97.00986,33.85976],[-97.02144,33.84638],[-97.03133,33.84124],[-97.04104,33.83762],[-97.04613,33.83956],[-97.05652,33.85645],[-97.06379,33.85997],[-97.06954,33.86037],[-97.07565,33.85865],[-97.08458,33.85517],[-97.08796,33.85259],[-97.09033,33.84752],[-97.09054,33.84522],[-97.09011,33.84396],[-97.0872,33.84137],[-97.06228,33.83799],[-97.05697,33.8362],[-97.05195,33.83299],[-97.04832,33.82787],[-97.04754,33.8223],[-97.04815,33.81746],[-97.07207,33.81405],[-97.0791,33.81232],[-97.08733,33.80846],[-97.09294,33.80381],[-97.09524,33.7984],[-97.0951,33.79217],[-97.09427,33.78796],[-97.08657,33.7707],[-97.0848,33.7616],[-97.08494,33.75233],[-97.08645,33.74334],[-97.09164,33.73432],[-97.09564,33.72922],[-97.09923,33.72619],[-97.11106,33.71937],[-97.12125,33.71715],[-97.13836,33.71892],[-97.15737,33.72554],[-97.16526,33.73095],[-97.17219,33.73754],[-97.17362,33.73961],[-97.17463,33.74504],[-97.17821,33.7501],[-97.18014,33.75449],[-97.18272,33.75548],[-97.18184,33.75587],[-97.18533,33.7555],[-97.19145,33.75797],[-97.19257,33.75968],[-97.19282,33.76117],[-97.19069,33.76514],[-97.18811,33.76801],[-97.18772,33.76983],[-97.19081,33.77644],[-97.18938,33.77614],[-97.1904,33.78115],[-97.19479,33.78534],[-97.19555,33.78784],[-97.20049,33.7932],[-97.20096,33.79544],[-97.20324,33.79734],[-97.20543,33.80149],[-97.20579,33.81005],[-97.20557,33.81145],[-97.20532,33.80976],[-97.20483,33.81012],[-97.20499,33.81887],[-97.1998,33.8274],[-97.19583,33.8308],[-97.18137,33.83138],[-97.17163,33.83534],[-97.16682,33.8404],[-97.16663,33.84731],[-97.16995,33.85966],[-97.17697,33.8767],[-97.17643,33.87908],[-97.18085,33.8952],[-97.18658,33.90155],[-97.19845,33.90752],[-97.20614,33.91428],[-97.21092,33.91606],[-97.22846,33.91325],[-97.23159,33.91022],[-97.24154,33.90691],[-97.24505,33.90322],[-97.24687,33.89736],[-97.24712,33.88938],[-97.24654,33.8875],[-97.24879,33.88282],[-97.24921,33.8751],[-97.25564,33.8637],[-97.26509,33.86241],[-97.26687,33.85996],[-97.27093,33.858],[-97.27287,33.86167],[-97.28539,33.86824],[-97.30222,33.88389],[-97.30917,33.8887],[-97.31032,33.88849],[-97.31119,33.88709],[-97.30944,33.88015],[-97.30995,33.87445],[-97.31425,33.86698],[-97.31426,33.86509],[-97.31551,33.86616],[-97.31639,33.86577],[-97.31809,33.86353],[-97.3261,33.85708],[-97.32873,33.85543],[-97.33206,33.85506],[-97.33344,33.85556],[-97.33462,33.85723],[-97.33418,33.86289],[-97.32806,33.87026],[-97.32334,33.87917],[-97.32378,33.88171],[-97.32661,33.88441],[-97.33188,33.88448],[-97.33361,33.88357],[-97.33591,33.87917],[-97.33964,33.86073],[-97.34414,33.85306],[-97.34721,33.84511],[-97.34971,33.84337],[-97.35432,33.83796],[-97.35851,33.83002],[-97.36873,33.82144],[-97.37469,33.81855],[-97.38621,33.81951],[-97.39057,33.81884],[-97.39513,33.81996],[-97.40644,33.81882],[-97.41369,33.8193],[-97.41415,33.81798],[-97.41819,33.81871],[-97.4268,33.81864],[-97.4303,33.82042],[-97.44419,33.82377],[-97.45306,33.82854],[-97.45907,33.83458],[-97.46324,33.842],[-97.46149,33.84956],[-97.45957,33.85332],[-97.45592,33.85765],[-97.45397,33.86669],[-97.45147,33.87093],[-97.45178,33.88159],[-97.45081,33.88661],[-97.45106,33.89168],[-97.46142,33.90523],[-97.46356,33.90496],[-97.46911,33.90862],[-97.48772,33.91751],[-97.50027,33.91963],[-97.52528,33.91175],[-97.53421,33.90573],[-97.55154,33.89795],[-97.55827,33.8971],[-97.55992,33.8976],[-97.56055,33.89934],[-97.56279,33.90093],[-97.56696,33.90158],[-97.5694,33.90111],[-97.57235,33.89926],[-97.58108,33.89968],[-97.58925,33.90392],[-97.58991,33.90804],[-97.59129,33.90992],[-97.59382,33.91027],[-97.59629,33.91377],[-97.59695,33.91631],[-97.59698,33.92023],[-97.59121,33.92964],[-97.5914,33.93196],[-97.59503,33.93736],[-97.59542,33.94144],[-97.59438,33.94409],[-97.59215,33.94595],[-97.58883,33.95188],[-97.5896,33.95355],[-97.59798,33.95525],[-97.6004,33.95793],[-97.60098,33.96079],[-97.60433,33.96276],[-97.60453,33.96404],[-97.60909,33.96809],[-97.61607,33.96972],[-97.62185,33.97299],[-97.62457,33.97585],[-97.6296,33.97924],[-97.63378,33.98126],[-97.65726,33.98882],[-97.65566,33.98887],[-97.65621,33.98949],[-97.66149,33.99082],[-97.66803,33.99041],[-97.6677,33.99109],[-97.67128,33.99155],[-97.68143,33.98844],[-97.68602,33.98789],[-97.69311,33.9837],[-97.69918,33.9757],[-97.70416,33.96334],[-97.71219,33.95164],[-97.7206,33.94396],[-97.72117,33.94451],[-97.73226,33.93652],[-97.73551,33.93625],[-97.74133,33.93738],[-97.74917,33.93623],[-97.75295,33.9371],[-97.76277,33.9344],[-97.76266,33.93085],[-97.75983,33.92521],[-97.7594,33.91882],[-97.76022,33.91719],[-97.76377,33.91424],[-97.76778,33.91351],[-97.77267,33.91438],[-97.77553,33.91784],[-97.7783,33.91963],[-97.7805,33.91967],[-97.78352,33.9183],[-97.78591,33.91498],[-97.78613,33.91342],[-97.78034,33.90483],[-97.77968,33.89924],[-97.78084,33.89445],[-97.78532,33.8907],[-97.78815,33.89208],[-97.78815,33.89377],[-97.7924,33.89908],[-97.79479,33.89996],[-97.79891,33.89854],[-97.80163,33.89588],[-97.80158,33.88514],[-97.80542,33.87717],[-97.80666,33.8762],[-97.80894,33.87671],[-97.81385,33.88193],[-97.81764,33.88099],[-97.81924,33.87909],[-97.81893,33.874],[-97.82074,33.8689],[-97.82588,33.86447],[-97.83113,33.86174],[-97.83432,33.85763],[-97.84158,33.85627],[-97.84378,33.85681],[-97.85224,33.85309],[-97.86418,33.84974],[-97.8715,33.84909],[-97.87531,33.84972],[-97.87818,33.85053],[-97.87983,33.85244],[-97.8832,33.85436],[-97.88941,33.85629],[-97.88842,33.85627],[-97.88872,33.85672],[-97.89424,33.85707],[-97.89674,33.85798],[-97.90986,33.86722],[-97.92858,33.87419],[-97.93417,33.87811],[-97.93895,33.87947],[-97.9512,33.8784],[-97.95706,33.87877],[-97.96775,33.88221],[-97.97418,33.88635],[-97.97885,33.89093],[-97.98437,33.89802],[-97.98454,33.9007],[-97.98355,33.904],[-97.97998,33.9114],[-97.9788,33.91255],[-97.97696,33.91255],[-97.97314,33.90801],[-97.96987,33.906],[-97.96446,33.9074],[-97.96062,33.91035],[-97.95716,33.91445],[-97.95268,33.92948],[-97.9534,33.93644],[-97.95447,33.93777],[-97.95716,33.93798],[-97.96343,33.93624],[-97.97118,33.93713],[-97.97406,33.94029],[-97.97417,33.94283],[-97.97266,33.94453],[-97.96574,33.94739],[-97.96035,33.95193],[-97.95692,33.9585],[-97.94573,33.98984],[-97.94757,33.99105],[-97.95269,33.99011],[-97.95833,33.99085],[-97.96303,33.99424],[-97.97167,34.00543],[-97.97417,34.00672],[-97.97824,34.00539],[-97.98281,34.00195],[-97.98739,33.99982],[-97.99972,33.99707],[-97.9997,34.09059],[-98.00029,34.0923],[-97.99964,34.12041],[-98.00021,34.1477],[-97.99943,34.16387],[-97.99997,34.21896],[-97.99943,34.28432],[-98.0001,34.28986],[-97.99963,34.45501],[-97.99866,34.47948],[-97.99836,34.52159],[-97.99644,34.55936],[-97.99699,34.56706],[-97.99638,34.56773],[-97.9969,34.56784],[-97.99704,34.57683],[-97.99725,34.66496],[-97.99658,34.75284],[-97.99747,34.7689],[-97.9976,34.86944],[-97.99881,34.91294],[-97.99777,34.94726],[-97.99854,34.94748],[-97.99943,34.96392],[-97.99996,35.01885],[-97.99934,35.07317],[-98.00009,35.14568],[-97.99971,35.31748],[-98.00044,35.3343]]]}},{"type":"Feature","properties":{"std_name":"Kiowa-Comanche-Apache-Fort Sill Apache OTSA","NAME":"Kiowa-Comanche-Apache-Fort Sill Apache","mcgirt_status":"not_mcgirt","order":99,"std_note":"OTSA polygons are the Census Bureau's statistical proxy for the historic reservation footprint, not a court-drawn line. mcgirt_status: affirmed = McGirt or the OCCA applying it; disestablished = Osage; not_mcgirt = a statistical area for a tribe without an affirmed reservation."},"geometry":{"type":"Polygon","coordinates":[[[-100.00028,34.56045],[-100.00038,35.02993],[-99.78295,35.03011],[-99.78273,35.11694],[-99.44044,35.11686],[-99.44395,35.11345],[-99.44103,35.10984],[-99.44,35.1091],[-99.43066,35.10822],[-99.42817,35.10929],[-99.42297,35.11449],[-99.42137,35.11413],[-99.4198,35.11246],[-99.4147,35.11188],[-99.40929,35.11451],[-99.40928,35.11693],[-98.75651,35.11649],[-98.74916,35.11635],[-98.74468,35.11201],[-98.74228,35.11084],[-98.74347,35.10807],[-98.74166,35.10755],[-98.74038,35.10851],[-98.73832,35.10713],[-98.74002,35.10594],[-98.73714,35.10301],[-98.73681,35.10127],[-98.73586,35.10104],[-98.73469,35.10185],[-98.73274,35.10899],[-98.73001,35.10805],[-98.72873,35.10872],[-98.7299,35.11023],[-98.73311,35.11089],[-98.73202,35.1138],[-98.73121,35.11412],[-98.73021,35.11371],[-98.73038,35.11209],[-98.7253,35.11131],[-98.7233,35.11149],[-98.72218,35.11378],[-98.71677,35.11335],[-98.71638,35.1125],[-98.71811,35.11154],[-98.72009,35.1084],[-98.71928,35.10776],[-98.71772,35.10893],[-98.71535,35.10836],[-98.71245,35.10476],[-98.70746,35.1065],[-98.70351,35.11051],[-98.69985,35.11083],[-98.69737,35.11193],[-98.69436,35.11111],[-98.6918,35.10884],[-98.68734,35.10889],[-98.68561,35.10728],[-98.68416,35.10717],[-98.68333,35.10861],[-98.68408,35.11147],[-98.6855,35.11312],[-98.68433,35.11431],[-98.68171,35.11376],[-98.68032,35.11003],[-98.67862,35.10818],[-98.67725,35.10797],[-98.6743,35.10966],[-98.67499,35.11395],[-98.67254,35.11727],[-98.67326,35.11814],[-98.67223,35.11901],[-98.66262,35.11812],[-98.65871,35.12228],[-98.65734,35.12256],[-98.65392,35.12141],[-98.6528,35.12205],[-98.65227,35.12398],[-98.65127,35.12418],[-98.65046,35.12292],[-98.6477,35.12175],[-98.64642,35.11926],[-98.64257,35.11992],[-98.64263,35.11857],[-98.64394,35.11703],[-98.64611,35.11818],[-98.65068,35.11561],[-98.64564,35.1116],[-98.64341,35.11163],[-98.64121,35.11328],[-98.63942,35.1193],[-98.63956,35.12317],[-98.6351,35.12134],[-98.62939,35.11529],[-98.62895,35.10977],[-98.62574,35.10898],[-98.62493,35.10688],[-98.62564,35.10248],[-98.62312,35.09804],[-98.62231,35.09724],[-98.62069,35.09777],[-98.62036,35.01494],[-98.48522,35.01458],[-98.44657,35.01477],[-98.44652,35.0157],[-98.44484,35.0155],[-98.44483,35.01478],[-98.07537,35.01416],[-98.04717,35.0144],[-98.04516,35.01555],[-98.04471,35.01732],[-98.04357,35.01804],[-98.04024,35.01804],[-98.04002,35.01444],[-97.99991,35.01433],[-97.99943,34.96392],[-97.99854,34.94748],[-97.99777,34.94726],[-97.99881,34.91294],[-97.9976,34.86944],[-97.99747,34.7689],[-97.99658,34.75284],[-97.99725,34.66496],[-97.99704,34.57683],[-97.9969,34.56784],[-97.99638,34.56773],[-97.99699,34.56706],[-97.99644,34.55936],[-97.99836,34.52159],[-97.99866,34.47948],[-97.99963,34.45501],[-98.0001,34.28986],[-97.99943,34.28432],[-97.99997,34.21896],[-97.99943,34.16387],[-98.00021,34.1477],[-97.99964,34.12041],[-98.00029,34.0923],[-97.9997,34.09059],[-97.99972,33.99707],[-98.01573,33.99407],[-98.04112,33.99346],[-98.05935,33.99678],[-98.07327,34.00102],[-98.08284,34.00241],[-98.0882,34.00548],[-98.08881,34.00718],[-98.08815,34.00793],[-98.0846,34.00837],[-98.0824,34.00983],[-98.08402,34.01437],[-98.08768,34.01689],[-98.08956,34.01927],[-98.09544,34.0217],[-98.09844,34.02392],[-98.10362,34.02921],[-98.10626,34.0337],[-98.10618,34.03489],[-98.10502,34.03755],[-98.1017,34.03906],[-98.09655,34.03805],[-98.09179,34.03365],[-98.08904,34.03384],[-98.08381,34.03666],[-98.08246,34.03943],[-98.08384,34.04172],[-98.08747,34.0441],[-98.10189,34.05097],[-98.11087,34.05988],[-98.11459,34.06228],[-98.11803,34.06706],[-98.12021,34.07213],[-98.12104,34.08127],[-98.11942,34.08447],[-98.10431,34.0982],[-98.09933,34.1043],[-98.09242,34.11692],[-98.09066,34.12198],[-98.08975,34.12821],[-98.09022,34.13018],[-98.09237,34.13215],[-98.1005,34.13137],[-98.1029,34.1326],[-98.10317,34.13519],[-98.10056,34.14349],[-98.10318,34.14832],[-98.10946,34.15411],[-98.12338,34.15454],[-98.1282,34.15106],[-98.13082,34.15053],[-98.13421,34.14751],[-98.13514,34.14549],[-98.13699,34.14479],[-98.14275,34.13636],[-98.14595,34.13393],[-98.14744,34.13068],[-98.15435,34.12273],[-98.16879,34.11426],[-98.17083,34.11417],[-98.20173,34.11706],[-98.20922,34.121],[-98.21646,34.12182],[-98.2236,34.12509],[-98.22528,34.12725],[-98.22556,34.12928],[-98.23247,34.13464],[-98.23914,34.13455],[-98.24101,34.1331],[-98.24795,34.13072],[-98.25647,34.12948],[-98.2617,34.13157],[-98.26473,34.13191],[-98.27299,34.13221],[-98.28032,34.13075],[-98.2939,34.13302],[-98.30021,34.13458],[-98.32545,34.15102],[-98.3336,34.15169],[-98.34145,34.15315],[-98.34316,34.15411],[-98.36562,34.15699],[-98.36791,34.15582],[-98.37094,34.15186],[-98.38124,34.14945],[-98.38438,34.14632],[-98.38485,34.14384],[-98.38708,34.14091],[-98.38687,34.13887],[-98.38496,34.13665],[-98.38042,34.13429],[-98.38009,34.13083],[-98.38296,34.12955],[-98.38577,34.13216],[-98.3894,34.13322],[-98.39403,34.13191],[-98.39844,34.12846],[-98.40097,34.12224],[-98.39816,34.1214],[-98.39839,34.10457],[-98.39978,34.09997],[-98.40216,34.09865],[-98.40773,34.10137],[-98.41137,34.10032],[-98.40972,34.09251],[-98.41105,34.08859],[-98.41443,34.08507],[-98.42041,34.08231],[-98.42353,34.08284],[-98.42523,34.0848],[-98.42848,34.08552],[-98.44009,34.08431],[-98.44372,34.08215],[-98.44558,34.0793],[-98.44638,34.07543],[-98.44903,34.07346],[-98.45467,34.07258],[-98.46513,34.07373],[-98.46818,34.06899],[-98.47146,34.06567],[-98.47911,34.06288],[-98.48355,34.06228],[-98.487,34.06288],[-98.4888,34.06608],[-98.49461,34.07009],[-98.49812,34.07031],[-98.50137,34.07192],[-98.50415,34.07229],[-98.51687,34.08598],[-98.5282,34.09496],[-98.53061,34.09984],[-98.53626,34.10735],[-98.55092,34.11933],[-98.55575,34.12013],[-98.55803,34.12286],[-98.56098,34.12392],[-98.56014,34.12693],[-98.55859,34.12825],[-98.5576,34.12844],[-98.55432,34.1266],[-98.55185,34.12713],[-98.55036,34.12924],[-98.55088,34.13258],[-98.55372,34.13366],[-98.56019,34.1332],[-98.56661,34.13744],[-98.56774,34.13996],[-98.57714,34.14896],[-98.58391,34.1513],[-98.59295,34.1573],[-98.59979,34.16057],[-98.60398,34.16025],[-98.61183,34.15656],[-98.61673,34.15642],[-98.62167,34.1572],[-98.64322,34.16453],[-98.64807,34.16444],[-98.65058,34.16311],[-98.65565,34.15826],[-98.6599,34.15613],[-98.66582,34.15162],[-98.67092,34.14937],[-98.67663,34.14291],[-98.68412,34.13879],[-98.68583,34.13604],[-98.69007,34.13316],[-98.69652,34.13352],[-98.70018,34.136],[-98.70305,34.1359],[-98.70613,34.13499],[-98.70996,34.13155],[-98.71247,34.13116],[-98.71412,34.13214],[-98.71495,34.13485],[-98.71754,34.13645],[-98.72363,34.13519],[-98.73429,34.13576],[-98.73682,34.13337],[-98.73723,34.13099],[-98.73946,34.12739],[-98.74197,34.12553],[-98.74626,34.12554],[-98.74929,34.12424],[-98.75704,34.12463],[-98.75965,34.12691],[-98.76056,34.13239],[-98.76557,34.13638],[-98.77808,34.13949],[-98.7884,34.14667],[-98.79202,34.14374],[-98.7962,34.14278],[-98.80441,34.15393],[-98.80681,34.1559],[-98.81295,34.15844],[-98.81527,34.1581],[-98.83111,34.16215],[-98.83213,34.16179],[-98.83406,34.15826],[-98.83707,34.15649],[-98.84652,34.15965],[-98.85076,34.15988],[-98.85385,34.16155],[-98.85559,34.16162],[-98.85732,34.16109],[-98.8579,34.15963],[-98.85842,34.15273],[-98.86012,34.14991],[-98.86255,34.14911],[-98.86812,34.14964],[-98.87487,34.15566],[-98.87495,34.15703],[-98.87121,34.16301],[-98.87154,34.16503],[-98.87292,34.16658],[-98.87606,34.1677],[-98.88041,34.16727],[-98.88711,34.16826],[-98.89226,34.17229],[-98.89662,34.1745],[-98.90935,34.1775],[-98.91536,34.18096],[-98.91833,34.18183],[-98.92313,34.18598],[-98.92815,34.19269],[-98.9333,34.19732],[-98.9352,34.19789],[-98.94022,34.20369],[-98.94967,34.20999],[-98.95128,34.21219],[-98.95836,34.2137],[-98.95998,34.21327],[-98.96219,34.21118],[-98.96197,34.20627],[-98.96293,34.20383],[-98.96663,34.2011],[-98.97261,34.20259],[-98.97647,34.2062],[-98.97661,34.20788],[-98.97857,34.21012],[-98.98092,34.21706],[-98.98817,34.22131],[-98.9917,34.22143],[-99.00059,34.21767],[-99.00155,34.2156],[-99.00469,34.21415],[-99.0042,34.21195],[-99.00174,34.21035],[-99.00224,34.20937],[-99.00567,34.20659],[-99.00982,34.20529],[-99.01296,34.20319],[-99.01504,34.2039],[-99.01727,34.20631],[-99.02066,34.20468],[-99.02447,34.20398],[-99.03615,34.2069],[-99.03888,34.20467],[-99.04197,34.19936],[-99.04446,34.19811],[-99.04869,34.19825],[-99.05798,34.20061],[-99.0595,34.20393],[-99.0631,34.20685],[-99.07584,34.21125],[-99.07939,34.21155],[-99.08892,34.20847],[-99.09206,34.20937],[-99.09417,34.21166],[-99.09621,34.21171],[-99.09935,34.20985],[-99.10219,34.20548],[-99.1063,34.2047],[-99.1082,34.20355],[-99.111,34.2046],[-99.10842,34.20527],[-99.11181,34.20598],[-99.1151,34.2049],[-99.11925,34.20181],[-99.12664,34.20306],[-99.12989,34.20446],[-99.13199,34.20744],[-99.13001,34.21226],[-99.12743,34.21384],[-99.1265,34.2154],[-99.12739,34.21805],[-99.13044,34.21948],[-99.13808,34.21923],[-99.13949,34.21735],[-99.14391,34.21484],[-99.14508,34.21238],[-99.14872,34.20877],[-99.15365,34.20733],[-99.15682,34.20721],[-99.15919,34.20893],[-99.16414,34.20898],[-99.17382,34.21179],[-99.18978,34.21436],[-99.19236,34.21674],[-99.19281,34.21889],[-99.18992,34.22728],[-99.18999,34.22976],[-99.19506,34.23922],[-99.19691,34.24438],[-99.1962,34.24938],[-99.19202,34.25563],[-99.19142,34.25783],[-99.19185,34.259],[-99.19384,34.26031],[-99.19925,34.26079],[-99.19668,34.2662],[-99.19668,34.26925],[-99.19446,34.27188],[-99.19574,34.27829],[-99.1954,34.28085],[-99.19606,34.28147],[-99.20002,34.28117],[-99.20735,34.28352],[-99.20954,34.28636],[-99.21145,34.29225],[-99.20969,34.2989],[-99.21252,34.30628],[-99.2133,34.31067],[-99.21143,34.31397],[-99.20658,34.31696],[-99.20563,34.3192],[-99.20594,34.32058],[-99.20957,34.32493],[-99.21099,34.3321],[-99.21082,34.33683],[-99.20946,34.33798],[-99.20691,34.33828],[-99.2172,34.34151],[-99.21965,34.34137],[-99.22712,34.33777],[-99.23052,34.33778],[-99.23263,34.33887],[-99.2343,34.34045],[-99.23405,34.34217],[-99.23211,34.34558],[-99.22798,34.34946],[-99.22877,34.35099],[-99.23413,34.35346],[-99.23714,34.36109],[-99.23649,34.36581],[-99.23756,34.3667],[-99.24445,34.3637],[-99.24639,34.3644],[-99.24812,34.36743],[-99.24794,34.36849],[-99.24354,34.37071],[-99.24286,34.37268],[-99.24888,34.376],[-99.25067,34.37552],[-99.25463,34.37242],[-99.25861,34.37265],[-99.25977,34.3776],[-99.2698,34.38084],[-99.27442,34.38435],[-99.27527,34.38662],[-99.27389,34.38758],[-99.26444,34.3881],[-99.25892,34.39126],[-99.25881,34.39208],[-99.26182,34.39504],[-99.26127,34.40351],[-99.26631,34.40548],[-99.26775,34.40496],[-99.26957,34.40191],[-99.2723,34.40081],[-99.27687,34.40006],[-99.28005,34.40066],[-99.28317,34.40295],[-99.28284,34.40748],[-99.28559,34.41236],[-99.2899,34.41474],[-99.29463,34.41538],[-99.29908,34.41424],[-99.30926,34.4097],[-99.31637,34.40821],[-99.3196,34.40888],[-99.32246,34.41369],[-99.32423,34.41446],[-99.3287,34.42238],[-99.33366,34.42629],[-99.33409,34.42753],[-99.34013,34.4301],[-99.3569,34.44208],[-99.35696,34.44648],[-99.35485,34.45054],[-99.35571,34.45308],[-99.35897,34.45581],[-99.36605,34.45674],[-99.36893,34.45846],[-99.37555,34.45879],[-99.3812,34.45688],[-99.38923,34.44686],[-99.39519,34.44203],[-99.39611,34.43497],[-99.39512,34.43304],[-99.39305,34.43192],[-99.3938,34.42901],[-99.39331,34.42761],[-99.39727,34.42392],[-99.39716,34.41861],[-99.39515,34.41586],[-99.38948,34.41343],[-99.38718,34.41084],[-99.39175,34.40553],[-99.39568,34.39769],[-99.39589,34.3942],[-99.39671,34.39267],[-99.39679,34.38478],[-99.39615,34.38255],[-99.39736,34.37787],[-99.40033,34.37462],[-99.40529,34.37286],[-99.409,34.37276],[-99.4102,34.3734],[-99.41416,34.37777],[-99.42071,34.38039],[-99.42191,34.3842],[-99.4249,34.38582],[-99.4275,34.38514],[-99.43001,34.38102],[-99.43014,34.37759],[-99.42932,34.37583],[-99.43112,34.374],[-99.43104,34.37112],[-99.43346,34.37022],[-99.43827,34.37116],[-99.44067,34.37277],[-99.44534,34.37977],[-99.45379,34.38866],[-99.45459,34.38864],[-99.45547,34.3861],[-99.45508,34.38126],[-99.45763,34.38012],[-99.46105,34.38067],[-99.46207,34.38346],[-99.46246,34.39114],[-99.46638,34.3959],[-99.47031,34.39675],[-99.47379,34.39535],[-99.47624,34.39636],[-99.48722,34.39796],[-99.49043,34.39969],[-99.4941,34.40476],[-99.499,34.40917],[-99.5069,34.40952],[-99.5111,34.41271],[-99.51428,34.41403],[-99.5189,34.41429],[-99.52365,34.41221],[-99.52979,34.41145],[-99.54153,34.41324],[-99.54924,34.41271],[-99.5622,34.41732],[-99.5697,34.41842],[-99.57437,34.41828],[-99.58006,34.41665],[-99.58448,34.40767],[-99.58348,34.40373],[-99.58531,34.39812],[-99.58453,34.3912],[-99.58544,34.38891],[-99.5876,34.38587],[-99.59514,34.38032],[-99.5963,34.37874],[-99.59632,34.37714],[-99.60003,34.37469],[-99.60726,34.37693],[-99.6242,34.37358],[-99.6309,34.37601],[-99.63184,34.3777],[-99.63386,34.37876],[-99.63966,34.37991],[-99.64651,34.38254],[-99.64814,34.38231],[-99.64966,34.37989],[-99.65419,34.37652],[-99.66271,34.37368],[-99.66599,34.37418],[-99.66939,34.37565],[-99.67138,34.37771],[-99.67828,34.3798],[-99.69497,34.37833],[-99.69646,34.38104],[-99.70041,34.3847],[-99.704,34.38598],[-99.70666,34.38598],[-99.71003,34.38967],[-99.71268,34.39093],[-99.71484,34.39452],[-99.71423,34.39782],[-99.71509,34.40075],[-99.72026,34.4063],[-99.72435,34.40785],[-99.72703,34.41055],[-99.74091,34.41476],[-99.74312,34.41728],[-99.74669,34.41739],[-99.74879,34.41975],[-99.75425,34.42129],[-99.75961,34.42667],[-99.764,34.4283],[-99.76723,34.4305],[-99.76765,34.43185],[-99.76488,34.43527],[-99.7656,34.43749],[-99.7727,34.44127],[-99.77574,34.44423],[-99.78299,34.44436],[-99.78608,34.4511],[-99.78984,34.45172],[-99.79368,34.45389],[-99.80115,34.46232],[-99.80286,34.46567],[-99.81431,34.4762],[-99.81575,34.48069],[-99.81874,34.48498],[-99.8168,34.4902],[-99.81943,34.49519],[-99.82184,34.49785],[-99.82533,34.4976],[-99.8329,34.50007],[-99.83477,34.50174],[-99.85305,34.51158],[-99.85647,34.51574],[-99.86489,34.52299],[-99.86765,34.52719],[-99.86895,34.52761],[-99.8704,34.53022],[-99.87225,34.53172],[-99.87326,34.53535],[-99.8744,34.5371],[-99.87618,34.5379],[-99.87696,34.5401],[-99.8809,34.54222],[-99.88484,34.54695],[-99.89376,34.55422],[-99.89601,34.55553],[-99.89894,34.5558],[-99.90349,34.55836],[-99.9218,34.57025],[-99.92321,34.57455],[-99.92933,34.57671],[-99.93428,34.57676],[-99.94468,34.57914],[-99.95382,34.57853],[-99.95672,34.57652],[-99.95754,34.57271],[-99.9589,34.57127],[-99.96561,34.56584],[-99.96968,34.56452],[-99.97161,34.56217],[-99.98585,34.56008],[-99.99069,34.56024],[-99.99241,34.55937],[-99.99607,34.56073],[-100.00028,34.56045]]]}},{"type":"Feature","properties":{"std_name":"Citizen Potawatomi Nation-Absentee Shawnee OTSA","NAME":"Citizen Potawatomi Nation-Absentee Shawnee","mcgirt_status":"not_mcgirt","order":99,"std_note":"OTSA polygons are the Census Bureau's statistical proxy for the historic reservation footprint, not a court-drawn line. mcgirt_status: affirmed = McGirt or the OCCA applying it; disestablished = Osage; not_mcgirt = a statistical area for a tribe without an affirmed reservation."},"geometry":{"type":"Polygon","coordinates":[[[-97.35967,35.37386],[-97.35808,35.37724],[-97.35318,35.37725],[-97.35365,35.58443],[-97.35156,35.58439],[-97.34959,35.59008],[-97.34748,35.59146],[-97.34342,35.59034],[-97.34212,35.59197],[-97.34003,35.59182],[-97.33904,35.59041],[-97.34057,35.58809],[-97.33964,35.58807],[-97.33821,35.59048],[-97.34012,35.59303],[-97.3401,35.5941],[-97.33741,35.59826],[-97.3388,35.59996],[-97.33804,35.60041],[-97.33287,35.60037],[-97.32914,35.59916],[-97.32881,35.5985],[-97.33037,35.59659],[-97.32861,35.59497],[-97.32415,35.59548],[-97.32084,35.59875],[-97.31997,35.59824],[-97.3204,35.59668],[-97.31957,35.5955],[-97.31798,35.59509],[-97.3151,35.59604],[-97.31209,35.59317],[-97.31043,35.59343],[-97.30906,35.59503],[-97.30716,35.59573],[-97.30649,35.59481],[-97.30727,35.59297],[-97.30682,35.59227],[-97.30134,35.59389],[-97.3004,35.598],[-97.29671,35.59517],[-97.2935,35.59475],[-97.29149,35.59349],[-97.28959,35.5908],[-97.28479,35.59048],[-97.28181,35.58851],[-97.28076,35.58631],[-97.28354,35.58372],[-97.27976,35.58248],[-97.28008,35.57922],[-97.27735,35.57902],[-97.27636,35.57788],[-97.27781,35.57589],[-97.28064,35.57411],[-97.28108,35.57214],[-97.27873,35.57153],[-97.27732,35.57396],[-97.27643,35.57418],[-97.27382,35.57185],[-97.26916,35.57026],[-97.26843,35.56724],[-97.26597,35.56279],[-97.26335,35.56123],[-97.26057,35.56092],[-97.25968,35.55532],[-97.25702,35.55616],[-97.25466,35.55409],[-97.25358,35.54947],[-97.25155,35.5477],[-97.25102,35.54392],[-97.2493,35.54298],[-97.24533,35.54358],[-97.24311,35.54043],[-97.24677,35.53665],[-97.24621,35.53483],[-97.24672,35.53117],[-97.2449,35.53047],[-97.24236,35.53231],[-97.23923,35.52904],[-97.23991,35.52811],[-97.24384,35.52661],[-97.24526,35.5238],[-97.24494,35.52258],[-97.2403,35.52052],[-97.23954,35.51971],[-97.23978,35.5178],[-97.23842,35.51761],[-97.2361,35.51918],[-97.23536,35.52255],[-97.23371,35.52222],[-97.22862,35.51592],[-97.22898,35.50874],[-97.22546,35.50748],[-97.22407,35.50518],[-97.2201,35.50617],[-97.21626,35.50536],[-97.20883,35.50621],[-97.20744,35.50578],[-97.20744,35.50439],[-97.21048,35.50313],[-97.21013,35.50115],[-97.20227,35.49985],[-97.2011,35.50178],[-97.1973,35.50274],[-97.19519,35.50148],[-97.19539,35.50031],[-97.19374,35.49986],[-97.18902,35.49993],[-97.1852,35.50162],[-97.18198,35.50093],[-97.18055,35.50252],[-97.17772,35.50277],[-97.17482,35.5002],[-97.1735,35.49662],[-97.17139,35.49592],[-97.16744,35.49729],[-97.16568,35.49634],[-97.16466,35.49442],[-97.16203,35.49575],[-97.16064,35.4954],[-97.16057,35.49415],[-97.158,35.49663],[-97.15539,35.49708],[-97.14806,35.49281],[-97.14134,35.49254],[-97.14149,35.46398],[-97.1155,35.4641],[-97.11456,35.46354],[-97.11423,35.46127],[-97.1151,35.45902],[-97.11123,35.45692],[-97.10618,35.45776],[-97.10502,35.45529],[-97.10786,35.45334],[-97.10065,35.45142],[-97.10001,35.44863],[-97.09686,35.44888],[-97.09555,35.44618],[-97.08886,35.44561],[-97.08586,35.44319],[-97.08147,35.44143],[-97.08185,35.44049],[-97.08459,35.4414],[-97.0839,35.43942],[-97.07685,35.43777],[-97.07377,35.43544],[-97.0717,35.43581],[-97.07064,35.4347],[-97.06789,35.43648],[-97.06649,35.43592],[-97.06733,35.43346],[-97.0674,35.42895],[-97.06618,35.42749],[-97.06451,35.42695],[-97.0631,35.4277],[-97.06301,35.42869],[-97.06437,35.42998],[-97.06308,35.43057],[-97.05951,35.43144],[-97.05829,35.4309],[-97.05853,35.42953],[-97.06205,35.42594],[-97.06163,35.42437],[-97.05961,35.42442],[-97.05634,35.42608],[-97.0566,35.42402],[-97.05385,35.42171],[-97.05263,35.42176],[-97.05143,35.42467],[-97.05315,35.42791],[-97.05261,35.42911],[-97.05054,35.42968],[-97.04737,35.42874],[-97.04669,35.42528],[-97.04387,35.42437],[-97.04343,35.42331],[-97.04509,35.4212],[-97.04417,35.41835],[-97.0466,35.41716],[-97.04824,35.41425],[-97.05222,35.41421],[-97.05352,35.40966],[-97.05259,35.40884],[-97.04982,35.40995],[-97.04667,35.40945],[-97.04645,35.40622],[-97.04475,35.4061],[-97.04511,35.40388],[-97.04246,35.40308],[-97.04299,35.40048],[-97.04118,35.39917],[-97.03934,35.39956],[-97.03914,35.40093],[-97.04039,35.40277],[-97.03977,35.40333],[-97.0383,35.40257],[-97.03638,35.40283],[-97.03604,35.39878],[-97.0333,35.39847],[-97.03338,35.39754],[-97.03535,35.39585],[-97.03915,35.39528],[-97.03981,35.39079],[-97.03598,35.38894],[-97.03637,35.3862],[-97.03362,35.38333],[-97.03144,35.38312],[-97.0295,35.38421],[-97.02908,35.38518],[-97.03065,35.38594],[-97.02988,35.38687],[-97.02587,35.38564],[-97.02704,35.38368],[-97.02859,35.383],[-97.03034,35.3769],[-97.03271,35.3758],[-97.0267,35.37341],[-97.02636,35.37058],[-97.0285,35.36909],[-97.02842,35.36797],[-97.02509,35.36673],[-97.0216,35.37018],[-97.01833,35.37005],[-97.01829,35.3621],[-97.00435,35.36187],[-97.00211,35.35879],[-97.00239,35.3567],[-97.00074,35.35408],[-97.00081,35.3477],[-96.99564,35.34772],[-96.99088,35.34634],[-96.99612,35.34395],[-96.97406,35.33315],[-96.96949,35.33165],[-96.96528,35.33145],[-96.96523,35.32629],[-96.96688,35.32394],[-96.9665,35.32106],[-96.96398,35.31897],[-96.96215,35.31922],[-96.96059,35.32151],[-96.9584,35.31872],[-96.94871,35.31881],[-96.94879,35.31525],[-96.94761,35.31469],[-96.94768,35.30992],[-96.94335,35.31103],[-96.94329,35.31435],[-96.94139,35.31354],[-96.9391,35.31389],[-96.93907,35.31219],[-96.94096,35.31083],[-96.93964,35.30956],[-96.93801,35.30941],[-96.93718,35.31249],[-96.93189,35.31293],[-96.93074,35.31403],[-96.9311,35.31584],[-96.93,35.31648],[-96.92642,35.31643],[-96.91891,35.31396],[-96.90897,35.31481],[-96.90603,35.31172],[-96.90375,35.31139],[-96.89893,35.31418],[-96.89383,35.31495],[-96.89184,35.31615],[-96.88817,35.31546],[-96.88708,35.31723],[-96.88434,35.31869],[-96.88164,35.31763],[-96.87939,35.31853],[-96.87715,35.32086],[-96.8779,35.32192],[-96.8767,35.32526],[-96.87745,35.32583],[-96.87899,35.32544],[-96.87929,35.32377],[-96.88038,35.32517],[-96.88176,35.3252],[-96.88257,35.32702],[-96.88161,35.328],[-96.87673,35.32873],[-96.87524,35.33172],[-96.87256,35.33152],[-96.87047,35.3303],[-96.86973,35.33083],[-96.86949,35.33388],[-96.86785,35.33738],[-96.86757,35.34247],[-96.87051,35.34977],[-96.86858,35.35107],[-96.86486,35.35187],[-96.8604,35.35019],[-96.85768,35.34765],[-96.85752,35.34521],[-96.85562,35.34434],[-96.8511,35.34465],[-96.8464,35.34361],[-96.84409,35.34584],[-96.84339,35.34491],[-96.8441,35.34363],[-96.84039,35.34336],[-96.83699,35.34063],[-96.82955,35.34304],[-96.82914,35.34668],[-96.83303,35.35133],[-96.82543,35.35443],[-96.82616,35.3566],[-96.82503,35.35877],[-96.82662,35.36041],[-96.82634,35.36489],[-96.83094,35.36738],[-96.83202,35.36709],[-96.83288,35.36531],[-96.83577,35.36581],[-96.83771,35.36798],[-96.8378,35.36924],[-96.83617,35.3709],[-96.83418,35.37126],[-96.83374,35.37281],[-96.83499,35.37393],[-96.83742,35.37405],[-96.83969,35.37265],[-96.84236,35.37272],[-96.84273,35.37431],[-96.84041,35.37508],[-96.84257,35.37782],[-96.84363,35.37774],[-96.84417,35.37658],[-96.84226,35.37582],[-96.84236,35.37521],[-96.84536,35.37588],[-96.84641,35.37794],[-96.84818,35.37647],[-96.8533,35.37497],[-96.85333,35.37421],[-96.85155,35.37291],[-96.85193,35.37224],[-96.85492,35.37291],[-96.85739,35.37884],[-96.85918,35.37981],[-96.86069,35.38287],[-96.86295,35.38983],[-96.86287,35.39409],[-96.8643,35.39514],[-96.86391,35.39771],[-96.8647,35.39939],[-96.86714,35.4012],[-96.86899,35.40086],[-96.8701,35.39938],[-96.87067,35.39556],[-96.87313,35.39404],[-96.87504,35.39657],[-96.87401,35.40001],[-96.87487,35.40035],[-96.87654,35.3993],[-96.8766,35.40449],[-96.8751,35.40703],[-96.87537,35.40889],[-96.87411,35.41188],[-96.87235,35.4132],[-96.87284,35.41524],[-96.86644,35.42149],[-96.86631,35.42297],[-96.86813,35.42445],[-96.86854,35.42708],[-96.86234,35.42931],[-96.8594,35.42874],[-96.8547,35.42608],[-96.85338,35.42708],[-96.85301,35.42938],[-96.85168,35.43081],[-96.849,35.42735],[-96.8471,35.42814],[-96.84334,35.43203],[-96.8415,35.43046],[-96.83788,35.42948],[-96.83243,35.4313],[-96.83217,35.43054],[-96.83507,35.42759],[-96.83549,35.42607],[-96.83319,35.42468],[-96.83212,35.42512],[-96.83148,35.42668],[-96.82927,35.42677],[-96.8304,35.42257],[-96.83004,35.42136],[-96.82487,35.42104],[-96.82287,35.42278],[-96.8215,35.42563],[-96.81832,35.42315],[-96.82051,35.41984],[-96.81863,35.41719],[-96.81864,35.41592],[-96.8205,35.41497],[-96.82216,35.41602],[-96.82336,35.41537],[-96.82204,35.41341],[-96.81829,35.41108],[-96.8108,35.40931],[-96.80629,35.4093],[-96.79394,35.41235],[-96.79089,35.41058],[-96.78835,35.41041],[-96.78093,35.40631],[-96.77989,35.40672],[-96.77994,35.40921],[-96.7767,35.41089],[-96.77714,35.28285],[-96.77551,35.10489],[-96.77514,34.90164],[-96.77568,34.89996],[-96.78204,34.89881],[-96.78771,34.89979],[-96.79059,34.90083],[-96.79858,34.90594],[-96.80006,34.91202],[-96.79938,34.91997],[-96.79787,34.92442],[-96.79821,34.92999],[-96.80552,34.93825],[-96.8099,34.94097],[-96.81177,34.9435],[-96.81587,34.94574],[-96.81933,34.94659],[-96.82149,34.94611],[-96.82578,34.94337],[-96.83077,34.94191],[-96.83623,34.93856],[-96.84137,34.9338],[-96.85237,34.92877],[-96.86098,34.93008],[-96.8681,34.92941],[-96.87632,34.92603],[-96.8854,34.92625],[-96.88792,34.92708],[-96.88997,34.92946],[-96.89053,34.93262],[-96.89684,34.94219],[-96.90131,34.94418],[-96.90326,34.94615],[-96.91084,34.95897],[-96.91395,34.95905],[-96.91651,34.96154],[-96.92129,34.96399],[-96.92827,34.96521],[-96.937,34.96258],[-96.94646,34.95854],[-96.95704,34.95098],[-96.95891,34.94587],[-96.96582,34.93906],[-96.9649,34.93869],[-96.96547,34.93646],[-96.96756,34.93455],[-96.97085,34.93434],[-96.9727,34.93541],[-96.97494,34.93427],[-96.97624,34.93207],[-96.97506,34.93015],[-96.97668,34.92689],[-96.98273,34.92184],[-96.98781,34.92034],[-96.98934,34.91829],[-96.99363,34.91583],[-97.00051,34.91428],[-97.01593,34.90735],[-97.02595,34.91233],[-97.0304,34.91206],[-97.03581,34.91289],[-97.04321,34.91521],[-97.04947,34.91826],[-97.05248,34.92125],[-97.0606,34.92126],[-97.07179,34.91986],[-97.07526,34.92243],[-97.07972,34.92892],[-97.08554,34.93136],[-97.09682,34.93092],[-97.09864,34.92962],[-97.10035,34.92961],[-97.10602,34.9329],[-97.114,34.9351],[-97.12599,34.93391],[-97.13287,34.93464],[-97.13493,34.93259],[-97.13243,34.92617],[-97.13369,34.92469],[-97.13581,34.9244],[-97.14057,34.92759],[-97.14258,34.92823],[-97.14408,34.92742],[-97.14545,34.92914],[-97.14644,34.9288],[-97.15456,34.93138],[-97.16665,34.93078],[-97.16777,34.92966],[-97.17047,34.93003],[-97.17637,34.92867],[-97.17824,34.92954],[-97.18727,34.92969],[-97.19617,34.92825],[-97.19695,34.93174],[-97.19545,34.93267],[-97.19567,34.93604],[-97.1967,34.9384],[-97.19841,34.93984],[-97.20234,34.94079],[-97.20694,34.94033],[-97.20955,34.94109],[-97.21011,34.94217],[-97.21251,34.94331],[-97.2179,34.94428],[-97.22398,34.94096],[-97.22492,34.93942],[-97.22452,34.93849],[-97.22587,34.93686],[-97.2259,34.93462],[-97.2279,34.93214],[-97.22941,34.93166],[-97.23037,34.93191],[-97.22906,34.93408],[-97.2301,34.93507],[-97.23013,34.93633],[-97.23306,34.93748],[-97.23214,34.93919],[-97.23269,34.9419],[-97.2394,34.94569],[-97.23985,34.94711],[-97.24624,34.94917],[-97.25043,34.94888],[-97.2536,34.94543],[-97.25803,34.9449],[-97.26159,34.94544],[-97.26403,34.94721],[-97.26674,34.95071],[-97.27233,34.96178],[-97.27385,34.96299],[-97.27807,34.96107],[-97.28144,34.96079],[-97.29963,34.96461],[-97.30279,34.96072],[-97.3044,34.95638],[-97.3057,34.95505],[-97.31123,34.95328],[-97.32592,34.95509],[-97.33383,34.95895],[-97.34151,34.964],[-97.34326,34.97441],[-97.34785,34.97922],[-97.34836,34.98166],[-97.34773,34.98316],[-97.34816,34.98544],[-97.34619,34.98799],[-97.34189,34.99026],[-97.34149,34.99371],[-97.34219,34.99541],[-97.34677,34.99879],[-97.34697,35.00039],[-97.34533,35.00202],[-97.34584,35.0046],[-97.34852,35.006],[-97.34926,35.00754],[-97.35511,35.02867],[-97.3567,35.02886],[-97.35801,35.03372],[-97.35579,35.04054],[-97.35255,35.04541],[-97.34963,35.05553],[-97.3546,35.06629],[-97.3546,35.06939],[-97.35272,35.07231],[-97.35278,35.074],[-97.35419,35.07666],[-97.35776,35.08027],[-97.35341,35.08027],[-97.35307,35.29075],[-97.34874,35.29075],[-97.34932,35.29464],[-97.34848,35.29664],[-97.35009,35.30067],[-97.3534,35.3047],[-97.35307,35.32619],[-97.3452,35.32657],[-97.34378,35.3276],[-97.34031,35.32464],[-97.34077,35.32538],[-97.3395,35.32625],[-97.33964,35.32778],[-97.33778,35.32742],[-97.33776,35.32848],[-97.33586,35.32883],[-97.33652,35.33045],[-97.33834,35.33133],[-97.34111,35.3301],[-97.3416,35.3316],[-97.344,35.33175],[-97.34477,35.33265],[-97.34249,35.33313],[-97.34198,35.33432],[-97.33871,35.33418],[-97.34098,35.33724],[-97.33614,35.33718],[-97.33427,35.33624],[-97.33339,35.33734],[-97.3394,35.33966],[-97.33831,35.34119],[-97.3425,35.34119],[-97.34529,35.33966],[-97.34501,35.34127],[-97.34395,35.34219],[-97.34447,35.34435],[-97.34372,35.34526],[-97.34203,35.34466],[-97.33776,35.34801],[-97.33597,35.34827],[-97.33579,35.3492],[-97.33683,35.3503],[-97.33575,35.35104],[-97.33561,35.35317],[-97.3363,35.35333],[-97.33927,35.34954],[-97.34192,35.34867],[-97.34186,35.35209],[-97.34479,35.34979],[-97.34528,35.35351],[-97.34443,35.35396],[-97.3447,35.35516],[-97.34242,35.35646],[-97.34017,35.35962],[-97.34422,35.35773],[-97.34508,35.36155],[-97.3442,35.36427],[-97.3449,35.36467],[-97.34714,35.36216],[-97.34702,35.35807],[-97.3481,35.35722],[-97.34864,35.35423],[-97.3496,35.35336],[-97.34976,35.34946],[-97.35135,35.34958],[-97.35189,35.35222],[-97.35058,35.35391],[-97.35444,35.35564],[-97.35112,35.35853],[-97.35289,35.36002],[-97.35627,35.3587],[-97.35661,35.35922],[-97.35556,35.3628],[-97.35357,35.36382],[-97.35488,35.36523],[-97.35193,35.36753],[-97.35167,35.36881],[-97.35205,35.36924],[-97.35535,35.36778],[-97.35472,35.36984],[-97.35523,35.37184],[-97.35595,35.37187],[-97.35717,35.3699],[-97.35967,35.37386]]]}},{"type":"Feature","properties":{"std_name":"Seneca-Cayuga OTSA","NAME":"Seneca-Cayuga","mcgirt_status":"not_mcgirt","order":99,"std_note":"OTSA polygons are the Census Bureau's statistical proxy for the historic reservation footprint, not a court-drawn line. mcgirt_status: affirmed = McGirt or the OCCA applying it; disestablished = Osage; not_mcgirt = a statistical area for a tribe without an affirmed reservation."},"geometry":{"type":"Polygon","coordinates":[[[-94.82286,36.63852],[-94.81359,36.64063],[-94.79547,36.63799],[-94.78553,36.64031],[-94.77756,36.64465],[-94.77287,36.65032],[-94.7705,36.66007],[-94.77494,36.66781],[-94.7736,36.66782],[-94.77909,36.67665],[-94.77985,36.67859],[-94.77897,36.68172],[-94.77459,36.68492],[-94.7613,36.68851],[-94.75023,36.69275],[-94.7437,36.69785],[-94.74098,36.70144],[-94.7403,36.70371],[-94.74066,36.70575],[-94.74249,36.7087],[-94.74768,36.71298],[-94.75023,36.71465],[-94.76604,36.71896],[-94.77322,36.72275],[-94.77511,36.72578],[-94.77543,36.72925],[-94.77457,36.7321],[-94.77261,36.73423],[-94.76964,36.7354],[-94.76434,36.73551],[-94.75581,36.73351],[-94.74673,36.73018],[-94.74015,36.73011],[-94.73544,36.73156],[-94.73146,36.73441],[-94.72979,36.73663],[-94.72929,36.73968],[-94.73092,36.74299],[-94.74227,36.74739],[-94.75659,36.75142],[-94.76373,36.75462],[-94.78011,36.76411],[-94.78293,36.7669],[-94.78285,36.76843],[-94.61827,36.77133],[-94.61776,36.62544],[-94.82278,36.62528],[-94.82286,36.63852]]]}},{"type":"Feature","properties":{"std_name":"Modoc OTSA","NAME":"Modoc","mcgirt_status":"not_mcgirt","order":99,"std_note":"OTSA polygons are the Census Bureau's statistical proxy for the historic reservation footprint, not a court-drawn line. mcgirt_status: affirmed = McGirt or the OCCA applying it; disestablished = Osage; not_mcgirt = a statistical area for a tribe without an affirmed reservation."},"geometry":{"type":"Polygon","coordinates":[[[-94.66319,36.84371],[-94.66334,36.88001],[-94.61848,36.87993],[-94.61837,36.84375],[-94.66319,36.84371]]]}},{"type":"Feature","properties":{"std_name":"Ottawa OTSA","NAME":"Ottawa","mcgirt_status":"affirmed","order":5,"std_note":"OTSA polygons are the Census Bureau's statistical proxy for the historic reservation footprint, not a court-drawn line. mcgirt_status: affirmed = McGirt or the OCCA applying it; disestablished = Osage; not_mcgirt = a statistical area for a tribe without an affirmed reservation."},"geometry":{"type":"Polygon","coordinates":[[[-94.89604,36.88024],[-94.73287,36.88009],[-94.73524,36.87788],[-94.76167,36.87579],[-94.76548,36.87239],[-94.76588,36.87127],[-94.76494,36.86676],[-94.7601,36.862],[-94.75348,36.85856],[-94.74707,36.8575],[-94.73595,36.85878],[-94.72571,36.85671],[-94.72049,36.8517],[-94.71968,36.8503],[-94.71944,36.84659],[-94.72124,36.84405],[-94.73238,36.83626],[-94.73724,36.8244],[-94.74028,36.82182],[-94.80232,36.82182],[-94.80571,36.82673],[-94.81824,36.83771],[-94.82986,36.85083],[-94.83196,36.85202],[-94.84157,36.85316],[-94.85171,36.85216],[-94.86102,36.85279],[-94.8711,36.85527],[-94.87861,36.86214],[-94.88164,36.86774],[-94.88524,36.87198],[-94.889,36.87553],[-94.89604,36.88024]]]}},{"type":"Feature","properties":{"std_name":"Peoria OTSA","NAME":"Peoria","mcgirt_status":"affirmed","order":5,"std_note":"OTSA polygons are the Census Bureau's statistical proxy for the historic reservation footprint, not a court-drawn line. mcgirt_status: affirmed = McGirt or the OCCA applying it; disestablished = Osage; not_mcgirt = a statistical area for a tribe without an affirmed reservation."},"geometry":{"type":"Polygon","coordinates":[[[-94.87755,36.91997],[-94.61803,36.91996],[-94.61867,36.87999],[-94.87751,36.88019],[-94.87755,36.91997]]]}},{"type":"Feature","properties":{"std_name":"Quapaw OTSA","NAME":"Quapaw","mcgirt_status":"affirmed","order":5,"std_note":"OTSA polygons are the Census Bureau's statistical proxy for the historic reservation footprint, not a court-drawn line. mcgirt_status: affirmed = McGirt or the OCCA applying it; disestablished = Osage; not_mcgirt = a statistical area for a tribe without an affirmed reservation."},"geometry":{"type":"Polygon","coordinates":[[[-94.91359,36.94351],[-94.90457,36.94353],[-94.90438,36.99904],[-94.61796,36.99891],[-94.61803,36.91996],[-94.8599,36.91967],[-94.90475,36.92029],[-94.90812,36.92175],[-94.91357,36.92173],[-94.91359,36.94351]]]}},{"type":"Feature","properties":{"std_name":"Wyandotte OTSA","NAME":"Wyandotte","mcgirt_status":"affirmed","order":5,"std_note":"OTSA polygons are the Census Bureau's statistical proxy for the historic reservation footprint, not a court-drawn line. mcgirt_status: affirmed = McGirt or the OCCA applying it; disestablished = Osage; not_mcgirt = a statistical area for a tribe without an affirmed reservation."},"geometry":{"type":"Polygon","coordinates":[[[-94.83059,36.80609],[-94.82897,36.80894],[-94.826,36.81014],[-94.80903,36.81309],[-94.8045,36.81466],[-94.80258,36.81722],[-94.80232,36.82182],[-94.61844,36.82188],[-94.61827,36.77133],[-94.78285,36.76843],[-94.78069,36.77531],[-94.77563,36.78002],[-94.76944,36.7832],[-94.75874,36.78534],[-94.75668,36.78637],[-94.75369,36.78975],[-94.75263,36.79285],[-94.75935,36.80282],[-94.76438,36.80493],[-94.76792,36.80391],[-94.7798,36.79407],[-94.78665,36.79227],[-94.79738,36.79668],[-94.80411,36.798],[-94.82451,36.79939],[-94.82913,36.80307],[-94.83059,36.80609]]]}},{"type":"Feature","properties":{"std_name":"Iowa OTSA","NAME":"Iowa","mcgirt_status":"not_mcgirt","order":99,"std_note":"OTSA polygons are the Census Bureau's statistical proxy for the historic reservation footprint, not a court-drawn line. mcgirt_status: affirmed = McGirt or the OCCA applying it; disestablished = Osage; not_mcgirt = a statistical area for a tribe without an affirmed reservation."},"geometry":{"type":"Polygon","coordinates":[[[-97.24854,35.80971],[-97.24716,35.81184],[-97.24702,35.81799],[-97.24786,35.82303],[-97.24711,35.82445],[-97.24702,35.83087],[-97.24705,35.9421],[-97.2427,35.94211],[-97.24225,35.94567],[-97.24704,35.94613],[-97.24685,35.97237],[-97.24317,35.97218],[-97.23429,35.9696],[-97.23205,35.96804],[-97.22119,35.96457],[-97.20955,35.95143],[-97.20806,35.94776],[-97.20359,35.94479],[-97.19264,35.94164],[-97.18059,35.94069],[-97.17238,35.94101],[-97.15915,35.94472],[-97.15141,35.94842],[-97.14289,35.95422],[-97.13926,35.9632],[-97.13784,35.96473],[-97.13445,35.96741],[-97.13063,35.9688],[-97.1276,35.96869],[-97.11768,35.9638],[-97.11266,35.96254],[-97.10718,35.95755],[-97.09958,35.95675],[-97.09412,35.95803],[-97.08759,35.96158],[-97.0846,35.96512],[-97.08256,35.96938],[-97.07923,35.97007],[-97.07584,35.96952],[-97.06692,35.96691],[-97.0661,35.96315],[-97.0683,35.95863],[-97.06823,35.95691],[-97.06326,35.95392],[-97.05971,35.95311],[-97.05374,35.95363],[-97.04861,35.95511],[-97.03876,35.96099],[-97.03581,35.96053],[-97.03146,35.95784],[-97.02663,35.95811],[-97.01697,35.96113],[-97.01246,35.96374],[-97.00809,35.96476],[-97.00224,35.96485],[-97.00031,35.96377],[-96.99599,35.96325],[-96.98796,35.96453],[-96.97467,35.96124],[-96.9709,35.96408],[-96.96408,35.97166],[-96.95908,35.97149],[-96.95491,35.96987],[-96.94803,35.96421],[-96.93946,35.96415],[-96.93476,35.96571],[-96.92483,35.97119],[-96.9159,35.97909],[-96.91359,35.98459],[-96.91136,35.99382],[-96.91382,36.00543],[-96.91284,36.0087],[-96.91635,36.01588],[-96.91702,36.0189],[-96.91417,36.02511],[-96.90948,36.02715],[-96.90983,35.96996],[-96.90916,35.90933],[-96.9096,35.89859],[-96.91189,35.89858],[-96.91214,35.88428],[-96.91128,35.76829],[-96.91133,35.72711],[-96.91206,35.72667],[-96.91136,35.72458],[-96.9109,35.71383],[-96.91096,35.64026],[-96.92126,35.64249],[-96.92594,35.64936],[-96.92824,35.66959],[-96.94383,35.67967],[-96.98315,35.67949],[-96.98933,35.68043],[-96.99596,35.67721],[-96.99853,35.67683],[-97.00744,35.67938],[-97.0143,35.68722],[-97.02754,35.69498],[-97.0403,35.69671],[-97.04435,35.69812],[-97.05006,35.69835],[-97.05287,35.69729],[-97.05793,35.6996],[-97.06324,35.69959],[-97.06504,35.70051],[-97.06665,35.69991],[-97.06983,35.69591],[-97.08962,35.69549],[-97.11492,35.7028],[-97.12369,35.70305],[-97.13772,35.70584],[-97.13895,35.70667],[-97.14304,35.70549],[-97.14584,35.70563],[-97.14795,35.70444],[-97.15174,35.70581],[-97.15318,35.7056],[-97.16312,35.69914],[-97.17,35.69641],[-97.17535,35.68903],[-97.18085,35.68595],[-97.18372,35.68332],[-97.18545,35.67675],[-97.19088,35.67429],[-97.19977,35.66827],[-97.20456,35.65987],[-97.20941,35.65677],[-97.21334,35.65652],[-97.22389,35.66109],[-97.23272,35.65734],[-97.23765,35.65845],[-97.24711,35.65786],[-97.24705,35.80517],[-97.24854,35.80971]]]}},{"type":"Feature","properties":{"std_name":"Sac and Fox OTSA","NAME":"Sac and Fox","mcgirt_status":"not_mcgirt","order":99,"std_note":"OTSA polygons are the Census Bureau's statistical proxy for the historic reservation footprint, not a court-drawn line. mcgirt_status: affirmed = McGirt or the OCCA applying it; disestablished = Osage; not_mcgirt = a statistical area for a tribe without an affirmed reservation."},"geometry":{"type":"Polygon","coordinates":[[[-96.93068,35.3181],[-96.92982,35.31865],[-96.9294,35.52402],[-96.92694,35.52411],[-96.92605,35.52561],[-96.92678,35.52874],[-96.92404,35.52964],[-96.9286,35.52986],[-96.92732,35.53325],[-96.92797,35.53677],[-96.92654,35.5388],[-96.92661,35.54116],[-96.92943,35.54755],[-96.92944,35.55038],[-96.92849,35.55037],[-96.92847,35.59383],[-96.91058,35.59394],[-96.91078,35.60321],[-96.9085,35.60847],[-96.91064,35.60889],[-96.9109,35.71383],[-96.91136,35.72458],[-96.91206,35.72667],[-96.91133,35.72711],[-96.91128,35.76829],[-96.91214,35.8851],[-96.91189,35.89858],[-96.9096,35.89859],[-96.90916,35.90933],[-96.90983,35.96996],[-96.90948,36.02715],[-96.90099,36.02958],[-96.89099,36.03125],[-96.87382,36.03099],[-96.86137,36.02672],[-96.85982,36.02486],[-96.8474,36.02476],[-96.84072,36.02279],[-96.83662,36.02058],[-96.83154,36.0164],[-96.82868,36.01018],[-96.82175,36.00849],[-96.81834,36.00881],[-96.81338,36.01116],[-96.81067,36.01441],[-96.81008,36.02117],[-96.81283,36.03583],[-96.81714,36.04212],[-96.82529,36.04774],[-96.84049,36.05244],[-96.84572,36.05483],[-96.84629,36.05598],[-96.84525,36.06183],[-96.83675,36.06579],[-96.83011,36.06539],[-96.81953,36.05859],[-96.81509,36.05399],[-96.8101,36.05186],[-96.80528,36.05163],[-96.77948,36.05444],[-96.76654,36.05329],[-96.75541,36.05121],[-96.74401,36.05196],[-96.74131,36.05316],[-96.74077,36.05483],[-96.74097,36.05837],[-96.74604,36.07187],[-96.74623,36.07339],[-96.74478,36.077],[-96.7294,36.09054],[-96.72318,36.0928],[-96.71629,36.09337],[-96.71054,36.09284],[-96.70927,36.09243],[-96.70724,36.08974],[-96.69948,36.08633],[-96.69804,36.07982],[-96.69649,36.07692],[-96.69489,36.07599],[-96.69513,36.07143],[-96.69745,36.06538],[-96.69749,36.05814],[-96.69375,36.04982],[-96.69376,36.04704],[-96.69253,36.0434],[-96.69367,36.04155],[-96.69441,36.03486],[-96.69013,36.0312],[-96.68376,36.028],[-96.68049,36.02745],[-96.67189,36.02292],[-96.66764,36.01944],[-96.66671,36.01771],[-96.6615,36.01737],[-96.65883,36.0181],[-96.65305,36.02081],[-96.65051,36.02308],[-96.64406,36.03428],[-96.64233,36.03903],[-96.64217,36.04838],[-96.639,36.05321],[-96.63563,36.05367],[-96.63128,36.05268],[-96.62619,36.0498],[-96.62427,36.04755],[-96.62235,36.04692],[-96.62157,35.9885],[-96.61965,35.94157],[-96.6204,35.93044],[-96.61935,35.85552],[-96.62167,35.54945],[-96.6247,35.4629],[-96.62433,35.40593],[-96.6237,35.40072],[-96.62645,35.39932],[-96.62839,35.39663],[-96.62908,35.39411],[-96.63099,35.39228],[-96.63374,35.39299],[-96.63563,35.39675],[-96.63564,35.39837],[-96.63672,35.39918],[-96.63907,35.39649],[-96.64521,35.39274],[-96.65326,35.39173],[-96.65377,35.39229],[-96.65332,35.39437],[-96.65446,35.39543],[-96.6602,35.39494],[-96.66517,35.39883],[-96.67227,35.40065],[-96.67499,35.40055],[-96.67439,35.40254],[-96.67575,35.40419],[-96.67674,35.40402],[-96.67712,35.40265],[-96.67817,35.40214],[-96.67913,35.40248],[-96.68025,35.40511],[-96.68232,35.40589],[-96.68853,35.40366],[-96.69,35.40386],[-96.69081,35.40509],[-96.69,35.40694],[-96.69154,35.40854],[-96.70073,35.40967],[-96.702,35.41538],[-96.70393,35.41674],[-96.7057,35.41667],[-96.70682,35.41484],[-96.70955,35.41581],[-96.71151,35.41562],[-96.71964,35.41198],[-96.72048,35.41364],[-96.7172,35.41706],[-96.71694,35.41935],[-96.72076,35.42393],[-96.72463,35.425],[-96.73132,35.42341],[-96.73474,35.42053],[-96.73806,35.41986],[-96.73629,35.41765],[-96.73372,35.41709],[-96.7331,35.41586],[-96.73484,35.41356],[-96.73587,35.41358],[-96.73686,35.41545],[-96.74141,35.41443],[-96.74162,35.41161],[-96.74016,35.40858],[-96.74116,35.40745],[-96.74364,35.40665],[-96.74876,35.40704],[-96.75087,35.40626],[-96.75947,35.40756],[-96.76302,35.40935],[-96.76702,35.40846],[-96.7692,35.41062],[-96.77034,35.40734],[-96.77447,35.4058],[-96.77509,35.40673],[-96.7745,35.40864],[-96.77638,35.41147],[-96.77994,35.40921],[-96.77989,35.40672],[-96.78107,35.40632],[-96.78835,35.41041],[-96.79089,35.41058],[-96.79407,35.41237],[-96.79993,35.41132],[-96.80229,35.40979],[-96.8108,35.40931],[-96.81829,35.41108],[-96.82289,35.41423],[-96.82303,35.4158],[-96.8205,35.41497],[-96.81848,35.41625],[-96.82051,35.41984],[-96.81825,35.42287],[-96.82004,35.42512],[-96.82168,35.42554],[-96.82287,35.42278],[-96.82538,35.42086],[-96.8302,35.42153],[-96.82896,35.42616],[-96.82937,35.42683],[-96.83148,35.42668],[-96.83298,35.42471],[-96.83519,35.42556],[-96.83536,35.42708],[-96.83217,35.43054],[-96.83231,35.43126],[-96.83788,35.42948],[-96.8415,35.43046],[-96.84334,35.43203],[-96.8471,35.42814],[-96.849,35.42735],[-96.85168,35.43081],[-96.85301,35.42938],[-96.85338,35.42708],[-96.85479,35.42608],[-96.8594,35.42874],[-96.863,35.42929],[-96.86879,35.42685],[-96.86809,35.42439],[-96.86637,35.42311],[-96.86644,35.42149],[-96.87284,35.41524],[-96.87235,35.4132],[-96.87411,35.41188],[-96.87537,35.40889],[-96.8751,35.40703],[-96.8766,35.40449],[-96.87663,35.39953],[-96.87622,35.39908],[-96.8752,35.40025],[-96.87401,35.40001],[-96.87504,35.39657],[-96.87313,35.39404],[-96.87067,35.39556],[-96.8701,35.39938],[-96.86899,35.40086],[-96.86714,35.4012],[-96.8647,35.39939],[-96.86391,35.39771],[-96.8643,35.39514],[-96.86287,35.39409],[-96.86295,35.38983],[-96.86069,35.38287],[-96.85918,35.37981],[-96.85739,35.37884],[-96.85492,35.37291],[-96.85193,35.37224],[-96.85155,35.37291],[-96.85333,35.37421],[-96.8533,35.37497],[-96.84818,35.37647],[-96.84641,35.37794],[-96.84536,35.37588],[-96.84236,35.37521],[-96.84226,35.37582],[-96.84417,35.37658],[-96.84363,35.37774],[-96.84257,35.37782],[-96.84041,35.37508],[-96.84273,35.37431],[-96.84236,35.37272],[-96.83969,35.37265],[-96.83742,35.37405],[-96.83499,35.37393],[-96.83374,35.37281],[-96.83418,35.37126],[-96.83617,35.3709],[-96.8378,35.36924],[-96.83771,35.36798],[-96.83577,35.36581],[-96.83288,35.36531],[-96.83202,35.36709],[-96.83094,35.36738],[-96.82634,35.36489],[-96.82662,35.36041],[-96.82503,35.35877],[-96.82616,35.3566],[-96.82543,35.35443],[-96.83303,35.35133],[-96.82914,35.34668],[-96.82951,35.3431],[-96.83699,35.34063],[-96.84039,35.34336],[-96.8441,35.34363],[-96.84339,35.34491],[-96.84409,35.34584],[-96.8464,35.34361],[-96.8511,35.34465],[-96.85575,35.34437],[-96.85752,35.34521],[-96.85756,35.34735],[-96.85902,35.34936],[-96.86543,35.35187],[-96.87051,35.34981],[-96.86757,35.34247],[-96.86785,35.33738],[-96.86949,35.33388],[-96.86973,35.33083],[-96.87047,35.3303],[-96.87256,35.33152],[-96.87524,35.33172],[-96.87673,35.32873],[-96.88161,35.328],[-96.88255,35.32709],[-96.88176,35.3252],[-96.88038,35.32517],[-96.87929,35.32377],[-96.87899,35.32544],[-96.87745,35.32583],[-96.8767,35.32526],[-96.8779,35.32192],[-96.87715,35.32086],[-96.87939,35.31853],[-96.88164,35.31763],[-96.88434,35.31869],[-96.88708,35.31723],[-96.88817,35.31546],[-96.89184,35.31615],[-96.89383,35.31495],[-96.89893,35.31418],[-96.90375,35.31139],[-96.90603,35.31172],[-96.90874,35.31476],[-96.91998,35.31406],[-96.92642,35.31643],[-96.93051,35.31631],[-96.93068,35.3181]]]}},{"type":"Feature","properties":{"std_name":"Cherokee OTSA","NAME":"Cherokee","mcgirt_status":"affirmed","order":1,"std_note":"OTSA polygons are the Census Bureau's statistical proxy for the historic reservation footprint, not a court-drawn line. mcgirt_status: affirmed = McGirt or the OCCA applying it; disestablished = Osage; not_mcgirt = a statistical area for a tribe without an affirmed reservation."},"geometry":{"type":"Polygon","coordinates":[[[-96.00122,36.16244],[-96.00056,36.69544],[-96.00081,36.99886],[-95.00762,36.99951],[-95.00855,36.99797],[-95.01604,36.99468],[-95.0216,36.99534],[-95.03412,36.99423],[-95.0347,36.98927],[-95.03324,36.98231],[-95.02793,36.97779],[-95.0286,36.97609],[-95.03042,36.97531],[-95.03235,36.97547],[-95.03482,36.97734],[-95.03652,36.97709],[-95.03756,36.9756],[-95.03735,36.97399],[-95.0348,36.97266],[-95.03176,36.97275],[-95.03017,36.97199],[-95.02857,36.97004],[-95.02762,36.96583],[-95.02223,36.9608],[-95.00465,36.95263],[-94.99468,36.95117],[-94.99318,36.9491],[-94.99633,36.9404],[-94.99538,36.9378],[-94.99288,36.93578],[-94.99046,36.93725],[-94.9875,36.94172],[-94.98569,36.9427],[-94.98043,36.94342],[-94.97646,36.94115],[-94.97338,36.93674],[-94.96746,36.93363],[-94.96221,36.93311],[-94.95899,36.9358],[-94.95709,36.93635],[-94.9556,36.93396],[-94.95584,36.9314],[-94.9569,36.92948],[-94.96159,36.92616],[-94.96309,36.92009],[-94.96186,36.91678],[-94.9563,36.9117],[-94.95503,36.90939],[-94.95481,36.90218],[-94.94877,36.89544],[-94.94391,36.89261],[-94.94065,36.89149],[-94.93658,36.89185],[-94.92643,36.89054],[-94.9235,36.8886],[-94.92309,36.88614],[-94.92376,36.8847],[-94.92755,36.88108],[-94.92476,36.8779],[-94.92467,36.8767],[-94.92558,36.8758],[-94.93124,36.87552],[-94.93232,36.87388],[-94.93135,36.8724],[-94.92592,36.86958],[-94.92227,36.87035],[-94.91662,36.87473],[-94.9101,36.87713],[-94.90822,36.87934],[-94.90729,36.88248],[-94.90507,36.88272],[-94.90306,36.88173],[-94.89742,36.88095],[-94.889,36.87553],[-94.8824,36.86873],[-94.87861,36.86214],[-94.8711,36.85527],[-94.86102,36.85279],[-94.85171,36.85216],[-94.84157,36.85316],[-94.83196,36.85202],[-94.82986,36.85083],[-94.81824,36.83771],[-94.80571,36.82673],[-94.80232,36.8219],[-94.80258,36.81722],[-94.8045,36.81466],[-94.80903,36.81309],[-94.826,36.81014],[-94.82897,36.80894],[-94.83037,36.80714],[-94.83052,36.80539],[-94.82566,36.79981],[-94.82125,36.79874],[-94.81016,36.79885],[-94.80411,36.798],[-94.79508,36.7959],[-94.78842,36.79249],[-94.78425,36.79242],[-94.77829,36.79507],[-94.76792,36.80391],[-94.76438,36.80493],[-94.75935,36.80282],[-94.75263,36.79285],[-94.75369,36.78975],[-94.75668,36.78637],[-94.75874,36.78534],[-94.76944,36.7832],[-94.77353,36.78145],[-94.77841,36.77788],[-94.78069,36.77531],[-94.78217,36.77186],[-94.78293,36.7669],[-94.77731,36.76216],[-94.7602,36.7529],[-94.73397,36.74462],[-94.73043,36.74246],[-94.72929,36.73968],[-94.72979,36.73663],[-94.73357,36.73274],[-94.73791,36.7306],[-94.74673,36.73018],[-94.7609,36.73499],[-94.76693,36.73575],[-94.77261,36.73423],[-94.77457,36.7321],[-94.77543,36.72925],[-94.77511,36.72578],[-94.77322,36.72275],[-94.76604,36.71896],[-94.75023,36.71465],[-94.74506,36.7111],[-94.74066,36.70575],[-94.7403,36.70371],[-94.74098,36.70144],[-94.7437,36.69785],[-94.75023,36.69275],[-94.7613,36.68851],[-94.77459,36.68492],[-94.77897,36.68172],[-94.77985,36.67859],[-94.77909,36.67665],[-94.7736,36.66782],[-94.77494,36.66781],[-94.7705,36.66007],[-94.77287,36.65032],[-94.77756,36.64465],[-94.78553,36.64031],[-94.79547,36.63799],[-94.81359,36.64063],[-94.82228,36.63882],[-94.82286,36.63852],[-94.82278,36.62528],[-94.61776,36.62544],[-94.61786,36.49943],[-94.57181,36.21375],[-94.52269,35.93373],[-94.49336,35.76279],[-94.44952,35.49788],[-94.43101,35.39317],[-94.43488,35.38811],[-94.43483,35.38688],[-94.44114,35.38215],[-94.44983,35.37861],[-94.46087,35.37861],[-94.46822,35.37634],[-94.46684,35.377],[-94.4723,35.37598],[-94.48003,35.37216],[-94.48178,35.37012],[-94.4836,35.36942],[-94.48614,35.36625],[-94.48669,35.36488],[-94.48586,35.36036],[-94.48327,35.35508],[-94.48052,35.35229],[-94.48246,35.34907],[-94.49466,35.34276],[-94.4944,35.33477],[-94.49504,35.33103],[-94.49201,35.32541],[-94.48774,35.32251],[-94.4833,35.31811],[-94.48206,35.31537],[-94.48115,35.30951],[-94.48237,35.30725],[-94.48533,35.30479],[-94.49456,35.30113],[-94.49624,35.30184],[-94.49831,35.30454],[-94.50109,35.30584],[-94.51117,35.30452],[-94.51522,35.30657],[-94.5152,35.30869],[-94.51696,35.30952],[-94.52865,35.3052],[-94.53353,35.30433],[-94.54273,35.30496],[-94.54765,35.30635],[-94.55463,35.31022],[-94.56355,35.31986],[-94.5652,35.32263],[-94.56915,35.32564],[-94.57647,35.32887],[-94.58896,35.32853],[-94.5948,35.32797],[-94.59882,35.32644],[-94.60386,35.32168],[-94.61588,35.30411],[-94.62522,35.29752],[-94.63343,35.29377],[-94.64351,35.29178],[-94.65743,35.29158],[-94.66313,35.29256],[-94.6688,35.29503],[-94.6756,35.30053],[-94.67834,35.3048],[-94.67889,35.31841],[-94.68044,35.32266],[-94.68346,35.32625],[-94.69196,35.33026],[-94.70419,35.33257],[-94.71459,35.33969],[-94.72056,35.34593],[-94.7257,35.3497],[-94.73596,35.35414],[-94.74286,35.35595],[-94.75022,35.35697],[-94.75641,35.35681],[-94.76973,35.35532],[-94.77525,35.35318],[-94.77844,35.3509],[-94.78144,35.34741],[-94.79271,35.32835],[-94.79437,35.32709],[-94.80091,35.32495],[-94.81172,35.32307],[-94.81726,35.32387],[-94.82068,35.32589],[-94.82379,35.32939],[-94.82746,35.33741],[-94.82901,35.3468],[-94.82897,35.36155],[-94.83123,35.36555],[-94.83495,35.36837],[-94.84214,35.37109],[-94.84518,35.37078],[-94.84968,35.36857],[-94.85592,35.3626],[-94.86589,35.3566],[-94.89063,35.35057],[-94.90198,35.34671],[-94.91192,35.34665],[-94.91871,35.35041],[-94.91949,35.35177],[-94.91927,35.35414],[-94.91323,35.36035],[-94.89474,35.37309],[-94.8923,35.37968],[-94.8923,35.38435],[-94.89393,35.3881],[-94.90183,35.39794],[-94.90469,35.39884],[-94.90815,35.39838],[-94.91705,35.39376],[-94.92575,35.39285],[-94.93852,35.39659],[-94.94886,35.40727],[-94.95133,35.40833],[-94.95915,35.40827],[-94.96596,35.40672],[-94.97496,35.40796],[-94.98683,35.40838],[-95.00435,35.41347],[-95.01903,35.42419],[-95.02373,35.4303],[-95.02463,35.4363],[-95.02333,35.44949],[-95.02493,35.45309],[-95.03203,35.45629],[-95.04493,35.45719],[-95.05003,35.45889],[-95.06347,35.45257],[-95.07054,35.4471],[-95.08043,35.4319],[-95.08204,35.4165],[-95.08334,35.4115],[-95.08604,35.4059],[-95.10264,35.3969],[-95.11564,35.3776],[-95.12071,35.37246],[-95.12389,35.37267],[-95.12684,35.3766],[-95.12994,35.3788],[-95.13414,35.3803],[-95.13704,35.3803],[-95.14434,35.3779],[-95.15775,35.37151],[-95.16077,35.36936],[-95.16158,35.36698],[-95.15961,35.36522],[-95.15578,35.36283],[-95.15121,35.36231],[-95.14548,35.36018],[-95.1428,35.35831],[-95.1413,35.35556],[-95.14423,35.34863],[-95.14802,35.34595],[-95.1505,35.34587],[-95.15783,35.35094],[-95.16767,35.35305],[-95.17212,35.35217],[-95.17496,35.35055],[-95.1806,35.34402],[-95.18256,35.34028],[-95.18255,35.33686],[-95.17403,35.32215],[-95.17057,35.31271],[-95.17078,35.30831],[-95.17318,35.30386],[-95.17647,35.30134],[-95.1786,35.30101],[-95.18794,35.30495],[-95.1941,35.30531],[-95.19919,35.30359],[-95.2028,35.29938],[-95.20539,35.28942],[-95.20941,35.28382],[-95.227,35.26854],[-95.23134,35.26593],[-95.24072,35.26231],[-95.24592,35.26181],[-95.25698,35.26577],[-95.26215,35.26899],[-95.27305,35.2823],[-95.27915,35.288],[-95.28765,35.2948],[-95.30095,35.3014],[-95.31175,35.3027],[-95.33195,35.2988],[-95.33645,35.2974],[-95.34989,35.2904],[-95.35158,35.29023],[-95.35265,35.2922],[-95.35325,35.3017],[-95.35565,35.3047],[-95.36665,35.312],[-95.37375,35.3155],[-95.38575,35.3261],[-95.39025,35.3275],[-95.39755,35.3272],[-95.41115,35.3234],[-95.41685,35.3183],[-95.42435,35.3083],[-95.43045,35.303],[-95.43765,35.2999],[-95.45766,35.2938],[-95.46306,35.2932],[-95.48888,35.30049],[-95.50037,35.30089],[-95.50365,35.29989],[-95.50757,35.29689],[-95.51126,35.28999],[-95.51866,35.28219],[-95.51905,35.2795],[-95.51765,35.27538],[-95.52684,35.28],[-95.54437,35.29497],[-95.52285,35.30863],[-95.52199,35.31175],[-95.52202,35.31899],[-95.50442,35.31915],[-95.50438,35.33521],[-95.50122,35.33362],[-95.48685,35.33361],[-95.48669,35.35537],[-95.48256,35.3566],[-95.48005,35.36041],[-95.47744,35.36266],[-95.46677,35.36289],[-95.46913,35.36537],[-95.46919,35.37722],[-95.47933,35.3772],[-95.48416,35.38068],[-95.48672,35.3808],[-95.48695,35.43521],[-95.46916,35.43527],[-95.46919,35.44981],[-95.45138,35.44988],[-95.45136,35.47887],[-95.43357,35.47882],[-95.43356,35.50787],[-95.41578,35.50771],[-95.41564,35.53667],[-95.42778,35.53677],[-95.42813,35.53337],[-95.42906,35.5329],[-95.42935,35.53103],[-95.43125,35.53052],[-95.43209,35.53155],[-95.43436,35.53128],[-95.43509,35.53323],[-95.43467,35.53451],[-95.43638,35.53606],[-95.43232,35.53815],[-95.43022,35.54536],[-95.42744,35.54639],[-95.42686,35.54966],[-95.4252,35.55173],[-95.40534,35.55175],[-95.4054,35.55259],[-95.40448,35.55304],[-95.40646,35.55385],[-95.40761,35.55547],[-95.40641,35.55611],[-95.40462,35.55476],[-95.40246,35.55497],[-95.40498,35.55801],[-95.40234,35.55922],[-95.40223,35.56083],[-95.40593,35.56238],[-95.40587,35.5649],[-95.40416,35.56568],[-95.40355,35.56788],[-95.40444,35.57266],[-95.40197,35.57758],[-95.40211,35.57911],[-95.4043,35.57994],[-95.40452,35.58133],[-95.39894,35.58708],[-95.39512,35.58899],[-95.39359,35.59166],[-95.39351,35.60981],[-95.37574,35.60981],[-95.37583,35.65346],[-95.37508,35.65348],[-95.3757,35.65692],[-95.37121,35.65699],[-95.35803,35.66795],[-95.35809,35.69696],[-95.34033,35.69707],[-95.34035,35.72449],[-95.3383,35.72452],[-95.3383,35.7261],[-95.33676,35.72834],[-95.33556,35.72838],[-95.3363,35.73328],[-95.33552,35.7335],[-95.33508,35.7356],[-95.33306,35.73561],[-95.33184,35.73765],[-95.33098,35.74061],[-95.33113,35.74488],[-95.33003,35.74487],[-95.33001,35.74733],[-95.33244,35.74727],[-95.33242,35.7484],[-95.32817,35.74839],[-95.32747,35.75008],[-95.33101,35.75017],[-95.33102,35.75102],[-95.32278,35.75061],[-95.32282,35.7596],[-95.32187,35.76156],[-95.32283,35.76157],[-95.32286,35.76736],[-95.31031,35.76432],[-95.30932,35.77515],[-95.31062,35.78408],[-95.3086,35.78447],[-95.30876,35.78855],[-95.30423,35.78957],[-95.3047,35.79044],[-95.30251,35.79101],[-95.30311,35.79392],[-95.30946,35.79292],[-95.3107,35.79544],[-95.3075,35.79641],[-95.30516,35.79964],[-95.30844,35.80064],[-95.31206,35.80442],[-95.31858,35.80896],[-95.32244,35.81346],[-95.32404,35.81345],[-95.32611,35.82533],[-95.32354,35.83526],[-95.32411,35.84236],[-95.3251,35.84452],[-95.3268,35.84643],[-95.32957,35.84778],[-95.33882,35.84792],[-95.34271,35.85517],[-95.34012,35.856],[-95.33836,35.85499],[-95.33758,35.85716],[-95.33617,35.85679],[-95.34056,35.85946],[-95.34055,35.88589],[-95.33357,35.88588],[-95.33436,35.88785],[-95.33451,35.89362],[-95.34437,35.9197],[-95.36663,35.94437],[-95.36585,35.94438],[-95.36106,35.93927],[-95.35821,35.93803],[-95.35157,35.93716],[-95.33027,35.93706],[-95.33163,35.93761],[-95.33408,35.94148],[-95.33827,35.94404],[-95.33695,35.94457],[-95.33279,35.94302],[-95.33087,35.94347],[-95.32805,35.94707],[-95.32977,35.94853],[-95.32806,35.95164],[-95.32671,35.95281],[-95.32395,35.95235],[-95.32209,35.95336],[-95.32079,35.95474],[-95.32015,35.9579],[-95.31742,35.95918],[-95.31474,35.95888],[-95.31398,35.95961],[-95.3139,35.96195],[-95.31136,35.96137],[-95.30928,35.96362],[-95.30506,35.96618],[-95.30506,35.96728],[-95.30897,35.96607],[-95.30373,35.97124],[-95.30525,35.97316],[-95.30987,35.97442],[-95.31083,35.97554],[-95.31342,35.97474],[-95.31593,35.97948],[-95.32074,35.9793],[-95.32201,35.98186],[-95.33046,35.97916],[-95.33789,35.97423],[-95.34068,35.97506],[-95.34346,35.97444],[-95.34482,35.97606],[-95.34654,35.97656],[-95.34995,35.97404],[-95.35125,35.97599],[-95.3542,35.97592],[-95.35725,35.97735],[-95.36051,35.977],[-95.3644,35.97885],[-95.36598,35.98196],[-95.36852,35.98338],[-95.36856,36.02099],[-95.3669,36.02722],[-95.36694,36.0498],[-95.36516,36.05855],[-95.36275,36.09786],[-95.35984,36.11216],[-95.35417,36.13249],[-95.34325,36.14418],[-95.34183,36.14679],[-95.34186,36.16254],[-95.49232,36.16246],[-95.50217,36.16106],[-95.50913,36.16246],[-95.60499,36.16243],[-95.61003,36.16485],[-95.6197,36.16473],[-95.61983,36.16269],[-95.62831,36.16247],[-95.7137,36.16189],[-95.75661,36.16301],[-95.76165,36.16275],[-95.76165,36.16055],[-95.95817,36.16096],[-95.96206,36.16079],[-95.9671,36.15924],[-95.97926,36.15948],[-95.99076,36.16232],[-95.99788,36.16099],[-95.99804,36.16221],[-96.00122,36.16244]]]}},{"type":"Feature","properties":{"std_name":"Creek OTSA","NAME":"Creek","mcgirt_status":"affirmed","order":0,"std_note":"OTSA polygons are the Census Bureau's statistical proxy for the historic reservation footprint, not a court-drawn line. mcgirt_status: affirmed = McGirt or the OCCA applying it; disestablished = Osage; not_mcgirt = a statistical area for a tribe without an affirmed reservation."},"geometry":{"type":"Polygon","coordinates":[[[-96.6247,35.4629],[-96.62167,35.54945],[-96.61969,35.75934],[-96.61935,35.85552],[-96.6204,35.93044],[-96.61965,35.94157],[-96.62114,35.97186],[-96.62286,36.05842],[-96.62144,36.15993],[-96.62212,36.1599],[-96.62209,36.16279],[-96.62091,36.16279],[-96.62092,36.16344],[-96.4997,36.16348],[-96.08407,36.16089],[-96.00123,36.1613],[-96.00122,36.16244],[-96.00024,36.16244],[-95.99804,36.16221],[-95.99788,36.16099],[-95.99076,36.16232],[-95.97926,36.15948],[-95.9671,36.15924],[-95.96206,36.16079],[-95.95817,36.16096],[-95.76165,36.16055],[-95.76165,36.16275],[-95.75661,36.16301],[-95.7137,36.16189],[-95.62831,36.16247],[-95.61983,36.16269],[-95.6197,36.16473],[-95.61003,36.16485],[-95.60499,36.16243],[-95.50913,36.16246],[-95.50217,36.16106],[-95.49232,36.16246],[-95.34186,36.16254],[-95.34183,36.14679],[-95.34325,36.14418],[-95.35417,36.13249],[-95.35984,36.11216],[-95.36275,36.09786],[-95.36516,36.05855],[-95.36694,36.0498],[-95.3669,36.02722],[-95.36856,36.02099],[-95.36852,35.98338],[-95.36598,35.98196],[-95.3644,35.97885],[-95.36051,35.977],[-95.35725,35.97735],[-95.3542,35.97592],[-95.35125,35.97599],[-95.34995,35.97404],[-95.34654,35.97656],[-95.34482,35.97606],[-95.34346,35.97444],[-95.34068,35.97506],[-95.33789,35.97423],[-95.33046,35.97916],[-95.32201,35.98186],[-95.32074,35.9793],[-95.31593,35.97948],[-95.31342,35.97474],[-95.31083,35.97554],[-95.30987,35.97442],[-95.30525,35.97316],[-95.30373,35.97124],[-95.30897,35.96607],[-95.30506,35.96728],[-95.30506,35.96618],[-95.30928,35.96362],[-95.31136,35.96137],[-95.3139,35.96195],[-95.31398,35.95961],[-95.31474,35.95888],[-95.31742,35.95918],[-95.32015,35.9579],[-95.32079,35.95474],[-95.32209,35.95336],[-95.32395,35.95235],[-95.32671,35.95281],[-95.32806,35.95164],[-95.32977,35.94853],[-95.32805,35.94707],[-95.33087,35.94347],[-95.33279,35.94302],[-95.33695,35.94457],[-95.33827,35.94404],[-95.33408,35.94148],[-95.33163,35.93761],[-95.33027,35.93706],[-95.35157,35.93716],[-95.35821,35.93803],[-95.36106,35.93927],[-95.36585,35.94438],[-95.36663,35.94437],[-95.34437,35.9197],[-95.33451,35.89362],[-95.33436,35.88785],[-95.33357,35.88588],[-95.34055,35.88589],[-95.34056,35.85946],[-95.33617,35.85679],[-95.33758,35.85716],[-95.33836,35.85499],[-95.34012,35.856],[-95.34271,35.85517],[-95.33882,35.84792],[-95.32957,35.84778],[-95.3268,35.84643],[-95.3251,35.84452],[-95.32411,35.84236],[-95.32354,35.83526],[-95.32611,35.82533],[-95.32404,35.81345],[-95.32244,35.81346],[-95.31858,35.80896],[-95.31206,35.80442],[-95.30844,35.80064],[-95.30516,35.79964],[-95.3075,35.79641],[-95.3107,35.79544],[-95.30946,35.79292],[-95.30311,35.79392],[-95.30251,35.79101],[-95.3047,35.79044],[-95.30423,35.78957],[-95.30876,35.78855],[-95.3086,35.78447],[-95.31062,35.78408],[-95.30932,35.77515],[-95.31031,35.76432],[-95.32286,35.76736],[-95.32283,35.76157],[-95.32187,35.76156],[-95.32282,35.7596],[-95.32278,35.75061],[-95.33102,35.75102],[-95.33101,35.75017],[-95.32747,35.75008],[-95.32817,35.74839],[-95.33242,35.7484],[-95.33244,35.74727],[-95.33001,35.74733],[-95.33003,35.74487],[-95.33113,35.74488],[-95.33098,35.74061],[-95.33184,35.73765],[-95.33306,35.73561],[-95.33508,35.7356],[-95.33552,35.7335],[-95.3363,35.73328],[-95.33556,35.72838],[-95.33676,35.72834],[-95.3383,35.7261],[-95.3383,35.72452],[-95.34035,35.72449],[-95.34033,35.69707],[-95.35809,35.69696],[-95.35803,35.66795],[-95.37121,35.65699],[-95.3757,35.65692],[-95.37508,35.65348],[-95.37583,35.65346],[-95.37574,35.60981],[-95.39351,35.60981],[-95.39359,35.59166],[-95.39512,35.58899],[-95.39894,35.58708],[-95.40452,35.58133],[-95.4043,35.57994],[-95.40211,35.57911],[-95.40197,35.57758],[-95.40444,35.57266],[-95.40355,35.56788],[-95.40416,35.56568],[-95.40587,35.5649],[-95.40593,35.56238],[-95.40223,35.56083],[-95.40234,35.55922],[-95.40498,35.55801],[-95.40246,35.55497],[-95.40462,35.55476],[-95.40641,35.55611],[-95.40761,35.55547],[-95.40646,35.55385],[-95.40448,35.55304],[-95.4054,35.55259],[-95.40534,35.55175],[-95.4252,35.55173],[-95.42686,35.54966],[-95.42744,35.54639],[-95.43022,35.54536],[-95.43232,35.53815],[-95.43638,35.53606],[-95.43467,35.53451],[-95.43509,35.53323],[-95.43436,35.53128],[-95.43209,35.53155],[-95.43125,35.53052],[-95.42935,35.53103],[-95.42906,35.5329],[-95.42813,35.53337],[-95.42778,35.53677],[-95.41564,35.53667],[-95.41578,35.50771],[-95.43356,35.50787],[-95.43357,35.47882],[-95.45136,35.47887],[-95.45138,35.44988],[-95.46919,35.44981],[-95.46916,35.43527],[-95.48695,35.43521],[-95.48672,35.3808],[-95.48416,35.38068],[-95.47933,35.3772],[-95.46919,35.37722],[-95.46913,35.36537],[-95.46677,35.36289],[-95.47744,35.36266],[-95.48005,35.36041],[-95.48256,35.3566],[-95.48669,35.35537],[-95.48685,35.33361],[-95.50122,35.33362],[-95.50438,35.33521],[-95.50442,35.31915],[-95.52202,35.31899],[-95.52199,35.31175],[-95.52285,35.30863],[-95.54437,35.29497],[-95.52684,35.28],[-95.51765,35.27538],[-95.51296,35.2672],[-95.51326,35.2652],[-95.51496,35.2632],[-95.52166,35.2624],[-95.52586,35.261],[-95.53256,35.2569],[-95.54326,35.2519],[-95.55696,35.2494],[-95.56294,35.2464],[-95.57037,35.2455],[-95.58626,35.2341],[-95.59506,35.2242],[-95.60234,35.22074],[-95.60842,35.22041],[-95.61806,35.2217],[-95.62246,35.2247],[-95.62296,35.2276],[-95.61886,35.2309],[-95.60526,35.2361],[-95.60336,35.2404],[-95.60406,35.2441],[-95.60606,35.2471],[-95.60916,35.2493],[-95.61206,35.2498],[-95.61566,35.2497],[-95.62806,35.2468],[-95.63496,35.2417],[-95.65747,35.2314],[-95.67207,35.2273],[-95.67687,35.2248],[-95.68097,35.221],[-95.68277,35.2164],[-95.68049,35.21234],[-95.67423,35.2093],[-95.67444,35.20847],[-95.67746,35.20672],[-95.67911,35.20387],[-95.67998,35.20346],[-95.68792,35.20503],[-95.69717,35.203],[-95.70715,35.2023],[-95.70982,35.20047],[-95.71238,35.19713],[-95.71478,35.19131],[-95.7172,35.18897],[-95.72214,35.18946],[-95.73192,35.19245],[-95.74229,35.19251],[-95.74582,35.19047],[-95.74802,35.18772],[-95.74957,35.18371],[-95.75687,35.1769],[-95.76187,35.1768],[-95.76767,35.1784],[-95.78037,35.192],[-95.78477,35.1953],[-95.79207,35.1972],[-95.79847,35.197],[-95.81027,35.1948],[-95.82527,35.1871],[-95.83727,35.1845],[-95.83997,35.1845],[-95.84777,35.1884],[-95.85677,35.1866],[-95.86587,35.1873],[-95.86987,35.1866],[-95.87451,35.18027],[-95.88357,35.1626],[-95.88837,35.1557],[-95.89457,35.1503],[-95.90666,35.14379],[-95.91779,35.1425],[-95.92558,35.1429],[-95.94898,35.1507],[-95.96768,35.1526],[-95.99478,35.15029],[-96.00385,35.14907],[-96.00913,35.14722],[-96.01226,35.14511],[-96.01364,35.14179],[-96.01303,35.13692],[-96.00888,35.1222],[-96.00891,35.11951],[-96.00975,35.11803],[-96.01129,35.11694],[-96.01387,35.11656],[-96.02624,35.12058],[-96.02997,35.12034],[-96.04186,35.10435],[-96.05493,35.0973],[-96.05813,35.09466],[-96.06094,35.09158],[-96.06271,35.08807],[-96.0643,35.07113],[-96.0669,35.0625],[-96.0701,35.05551],[-96.07324,35.05341],[-96.08954,35.04974],[-96.10103,35.04569],[-96.10147,35.04074],[-96.106,35.03442],[-96.11244,35.03013],[-96.11567,35.02482],[-96.11872,35.02221],[-96.12325,35.019],[-96.1314,35.01507],[-96.13433,35.01115],[-96.1345,35.00568],[-96.13687,35.00152],[-96.14295,35.00009],[-96.14431,34.99723],[-96.14372,34.99519],[-96.14464,34.98672],[-96.14534,34.98566],[-96.15159,34.98449],[-96.15911,34.97793],[-96.15901,34.97627],[-96.16061,34.97268],[-96.16917,34.96618],[-96.17073,34.96612],[-96.17875,34.96063],[-96.18689,34.9587],[-96.19037,34.95927],[-96.19144,34.96052],[-96.19314,34.95993],[-96.19404,34.96144],[-96.19816,34.96104],[-96.20726,34.96413],[-96.209,34.96551],[-96.22199,34.96951],[-96.22388,34.97181],[-96.22715,34.97212],[-96.23064,34.97387],[-96.23279,34.97303],[-96.23384,34.97441],[-96.23634,34.97432],[-96.2383,34.97567],[-96.23932,34.97463],[-96.24607,34.975],[-96.24862,34.97405],[-96.25023,34.97478],[-96.25251,34.97337],[-96.25885,34.97335],[-96.26048,34.97194],[-96.27212,34.96757],[-96.27621,34.96748],[-96.28475,34.96913],[-96.29335,34.97405],[-96.29471,34.97549],[-96.29584,34.97881],[-96.29928,34.98103],[-96.30048,34.9841],[-96.3042,34.98851],[-96.30685,34.99031],[-96.31191,34.99155],[-96.31748,34.99627],[-96.31827,34.99941],[-96.31987,34.99986],[-96.32044,35.00199],[-96.32246,35.0039],[-96.33108,35.00674],[-96.3402,35.00818],[-96.35507,35.00694],[-96.35736,35.00606],[-96.35938,35.00388],[-96.36383,34.99687],[-96.36262,34.99451],[-96.36295,34.99292],[-96.36625,34.98662],[-96.36444,34.9811],[-96.3697,34.97225],[-96.37188,34.97011],[-96.3705,34.96484],[-96.37125,34.96115],[-96.3741,34.95733],[-96.37604,34.9562],[-96.37656,34.95409],[-96.37936,34.9527],[-96.38268,34.94846],[-96.39247,34.94564],[-96.39516,34.94363],[-96.39612,34.94471],[-96.40613,34.93823],[-96.40614,34.93419],[-96.40957,34.92945],[-96.40928,34.92508],[-96.41074,34.92405],[-96.41069,34.92214],[-96.41378,34.91562],[-96.4178,34.91173],[-96.41747,34.90965],[-96.41841,34.90785],[-96.42093,34.90744],[-96.4247,34.90369],[-96.42755,34.90304],[-96.43101,34.90347],[-96.43155,34.90258],[-96.43559,34.90228],[-96.43715,34.9029],[-96.43721,34.90477],[-96.44359,34.90687],[-96.44473,34.90763],[-96.44486,34.90909],[-96.44968,34.91068],[-96.45663,34.91526],[-96.46049,34.91651],[-96.46166,34.91548],[-96.46443,34.91635],[-96.46507,34.91618],[-96.46387,34.91609],[-96.46446,34.91555],[-96.46818,34.91508],[-96.47809,34.91635],[-96.49079,34.91058],[-96.49043,35.11586],[-96.4413,35.11577],[-96.44122,35.46775],[-96.44332,35.4614],[-96.4462,35.45844],[-96.44946,35.45943],[-96.45299,35.45827],[-96.45546,35.46088],[-96.45856,35.46153],[-96.46217,35.46095],[-96.46388,35.45867],[-96.46559,35.45811],[-96.4695,35.45971],[-96.47123,35.46271],[-96.4731,35.46396],[-96.47575,35.46342],[-96.47657,35.45916],[-96.47811,35.45716],[-96.48322,35.45187],[-96.4865,35.45018],[-96.48828,35.44823],[-96.48816,35.44598],[-96.48465,35.44479],[-96.48306,35.44249],[-96.48302,35.43984],[-96.48495,35.43559],[-96.48893,35.43154],[-96.49715,35.42877],[-96.50157,35.42872],[-96.50614,35.43004],[-96.51141,35.42964],[-96.51875,35.43127],[-96.52054,35.43283],[-96.51968,35.43571],[-96.52135,35.4383],[-96.53216,35.44627],[-96.53765,35.44801],[-96.53928,35.44977],[-96.54105,35.45453],[-96.54392,35.45776],[-96.54631,35.45717],[-96.54373,35.45428],[-96.54439,35.45276],[-96.55334,35.45436],[-96.55428,35.45393],[-96.55464,35.45303],[-96.55329,35.45034],[-96.55376,35.44806],[-96.55648,35.44736],[-96.55991,35.44898],[-96.56305,35.44328],[-96.56868,35.44203],[-96.56962,35.43963],[-96.56848,35.43816],[-96.5648,35.43611],[-96.55569,35.43452],[-96.55968,35.42763],[-96.56082,35.42372],[-96.55987,35.42135],[-96.55653,35.41879],[-96.55556,35.4196],[-96.55533,35.4224],[-96.55259,35.42297],[-96.5511,35.42013],[-96.54778,35.41855],[-96.55003,35.41571],[-96.54956,35.41459],[-96.54405,35.41184],[-96.54042,35.41204],[-96.53716,35.41094],[-96.53809,35.40436],[-96.53378,35.40229],[-96.53166,35.40024],[-96.53435,35.39585],[-96.53478,35.39197],[-96.53704,35.39074],[-96.54191,35.39256],[-96.55035,35.39223],[-96.55649,35.39472],[-96.55701,35.39587],[-96.55648,35.39923],[-96.55494,35.40169],[-96.55565,35.40247],[-96.56111,35.40019],[-96.56666,35.39931],[-96.57161,35.40156],[-96.57675,35.40196],[-96.57925,35.40786],[-96.58586,35.41153],[-96.58898,35.41161],[-96.58996,35.41096],[-96.59646,35.39985],[-96.59983,35.39691],[-96.60381,35.39913],[-96.6065,35.39944],[-96.60665,35.39598],[-96.61139,35.39423],[-96.61317,35.39687],[-96.61672,35.39565],[-96.6213,35.39809],[-96.6237,35.40072],[-96.62429,35.40467],[-96.6247,35.4629]]]}},{"type":"Feature","properties":{"std_name":"Cheyenne and Arapaho OTSA","NAME":"Cheyenne and Arapaho","mcgirt_status":"not_mcgirt","order":99,"std_note":"OTSA polygons are the Census Bureau's statistical proxy for the historic reservation footprint, not a court-drawn line. mcgirt_status: affirmed = McGirt or the OCCA applying it; disestablished = Osage; not_mcgirt = a statistical area for a tribe without an affirmed reservation."},"geometry":{"type":"Polygon","coordinates":[[[-100.00038,35.02993],[-100.00039,35.42237],[-99.99966,35.42236],[-99.99963,35.48295],[-100.00039,35.51913],[-100.0004,36.16371],[-99.83875,36.16334],[-99.75513,36.16416],[-99.61328,36.16389],[-99.50039,36.16465],[-99.45336,36.16392],[-99.27731,36.16422],[-99.17194,36.16259],[-98.87448,36.16118],[-98.60124,36.16577],[-98.48283,36.16493],[-97.67562,36.16466],[-97.67564,35.91333],[-97.67541,35.8985],[-97.67453,35.8985],[-97.67403,35.72597],[-97.7277,35.72582],[-97.72724,35.59204],[-97.7264,35.59038],[-97.72733,35.59009],[-97.72609,35.58754],[-97.72594,35.58473],[-97.72728,35.57892],[-97.72727,35.5511],[-97.70672,35.5511],[-97.70663,35.54809],[-97.71215,35.54775],[-97.70984,35.54651],[-97.71011,35.53994],[-97.70728,35.53728],[-97.72467,35.5365],[-97.72458,35.33395],[-97.72447,35.32842],[-97.72317,35.32678],[-97.73726,35.32394],[-97.74335,35.32698],[-97.75719,35.33917],[-97.7639,35.34085],[-97.76751,35.34485],[-97.76936,35.34566],[-97.77271,35.34532],[-97.77387,35.34352],[-97.77471,35.33942],[-97.77757,35.33709],[-97.78119,35.33611],[-97.78718,35.33711],[-97.78881,35.33614],[-97.78963,35.33335],[-97.79103,35.33279],[-97.79202,35.3327],[-97.79672,35.33911],[-97.80065,35.33923],[-97.80714,35.34085],[-97.81203,35.33844],[-97.81213,35.33379],[-97.81994,35.33535],[-97.82496,35.33374],[-97.83367,35.33536],[-97.84133,35.33453],[-97.84842,35.33771],[-97.85451,35.34188],[-97.85703,35.34542],[-97.85688,35.35287],[-97.85857,35.35788],[-97.86164,35.36119],[-97.8656,35.36234],[-97.8706,35.36246],[-97.87281,35.36123],[-97.87392,35.35598],[-97.8767,35.35548],[-97.88467,35.35619],[-97.88422,35.34853],[-97.88774,35.34719],[-97.89364,35.34719],[-97.89734,35.34487],[-97.90033,35.34411],[-97.90343,35.34616],[-97.90352,35.34914],[-97.90212,35.35095],[-97.90157,35.35344],[-97.90256,35.35516],[-97.9065,35.35601],[-97.91137,35.35314],[-97.91499,35.35236],[-97.92083,35.35352],[-97.9245,35.35864],[-97.9279,35.36049],[-97.93033,35.36353],[-97.93026,35.36778],[-97.93225,35.37338],[-97.93537,35.3756],[-97.9429,35.37732],[-97.94734,35.37455],[-97.94633,35.37103],[-97.9459,35.36278],[-97.94687,35.35635],[-97.94925,35.3524],[-97.95227,35.35059],[-97.95285,35.34728],[-97.95477,35.34613],[-97.96024,35.346],[-97.96391,35.34983],[-97.97092,35.35238],[-97.97389,35.35712],[-97.98137,35.35632],[-97.9859,35.35857],[-97.99526,35.3617],[-97.99824,35.362],[-98.00194,35.36451],[-98.00346,35.36407],[-98.00373,35.36236],[-98.00618,35.36042],[-98.01068,35.36071],[-98.01216,35.36337],[-98.011,35.36552],[-98.00873,35.36708],[-98.00987,35.36935],[-98.01563,35.37393],[-98.01645,35.37669],[-98.02187,35.38183],[-98.02798,35.3839],[-98.03106,35.38925],[-98.03686,35.39052],[-98.03879,35.3898],[-98.03994,35.38822],[-98.04288,35.38775],[-98.05033,35.38441],[-98.05383,35.38465],[-98.05741,35.38612],[-98.05815,35.38996],[-98.05301,35.39401],[-98.05188,35.39833],[-98.05282,35.40178],[-98.05432,35.40385],[-98.0584,35.40714],[-98.06627,35.4096],[-98.06745,35.4094],[-98.06775,35.40852],[-98.0707,35.40956],[-98.07389,35.40961],[-98.07637,35.4112],[-98.08354,35.41288],[-98.08727,35.4129],[-98.0902,35.41172],[-98.09517,35.41251],[-98.09703,35.41166],[-98.09985,35.41311],[-98.10398,35.4132],[-98.11248,35.41599],[-98.11489,35.41804],[-98.11423,35.42192],[-98.11914,35.42554],[-98.121,35.42591],[-98.12481,35.42922],[-98.12521,35.4315],[-98.13186,35.43791],[-98.1319,35.43946],[-98.1344,35.4427],[-98.13445,35.44602],[-98.13738,35.44807],[-98.13959,35.45113],[-98.15386,35.45645],[-98.16048,35.46056],[-98.16465,35.45955],[-98.16931,35.45685],[-98.17607,35.44992],[-98.17737,35.44942],[-98.18074,35.45016],[-98.18448,35.45295],[-98.18619,35.45219],[-98.19102,35.45258],[-98.2004,35.45533],[-98.20173,35.45625],[-98.2019,35.45734],[-98.20548,35.45851],[-98.2097,35.46238],[-98.21649,35.46399],[-98.21932,35.46603],[-98.223,35.46722],[-98.22783,35.46819],[-98.22884,35.46878],[-98.22804,35.47012],[-98.22906,35.47185],[-98.23207,35.47288],[-98.23243,35.47659],[-98.23473,35.47774],[-98.23586,35.4797],[-98.2357,35.4809],[-98.23708,35.48149],[-98.23901,35.48396],[-98.23956,35.48538],[-98.23884,35.48691],[-98.24055,35.48973],[-98.24164,35.49441],[-98.2446,35.4975],[-98.24806,35.49654],[-98.24893,35.497],[-98.24838,35.49943],[-98.25025,35.5014],[-98.25033,35.50272],[-98.24879,35.50062],[-98.24897,35.50323],[-98.25142,35.50676],[-98.25078,35.50928],[-98.25386,35.51663],[-98.25708,35.51885],[-98.25894,35.51882],[-98.26377,35.52165],[-98.26691,35.5222],[-98.27509,35.52562],[-98.27832,35.52797],[-98.28565,35.52828],[-98.28882,35.5304],[-98.2948,35.53021],[-98.29955,35.53456],[-98.30128,35.53759],[-98.30625,35.54084],[-98.31593,35.54305],[-98.32479,35.54163],[-98.32895,35.5426],[-98.33186,35.54167],[-98.3339,35.54194],[-98.34092,35.54846],[-98.34113,35.55014],[-98.34006,35.55309],[-98.34112,35.5545],[-98.34563,35.55561],[-98.35036,35.55418],[-98.35267,35.55465],[-98.35631,35.55692],[-98.36042,35.55755],[-98.36105,35.55924],[-98.35975,35.56149],[-98.36007,35.56324],[-98.36114,35.56417],[-98.37714,35.5675],[-98.37963,35.56698],[-98.38421,35.56394],[-98.38596,35.56357],[-98.39154,35.56411],[-98.39739,35.56674],[-98.40951,35.56658],[-98.41421,35.56477],[-98.42215,35.55902],[-98.42569,35.55392],[-98.43162,35.55157],[-98.44132,35.55157],[-98.44294,35.55269],[-98.44546,35.55299],[-98.44969,35.55156],[-98.45389,35.55156],[-98.4538,35.55439],[-98.45616,35.55774],[-98.45937,35.55843],[-98.46788,35.56234],[-98.46997,35.5614],[-98.47155,35.55758],[-98.47397,35.55704],[-98.47593,35.55802],[-98.48195,35.55807],[-98.48124,35.55851],[-98.48614,35.55766],[-98.49132,35.55918],[-98.5012,35.56466],[-98.50579,35.56987],[-98.50704,35.57492],[-98.50881,35.57646],[-98.50879,35.58054],[-98.51712,35.59147],[-98.51964,35.5926],[-98.52523,35.59125],[-98.52549,35.59472],[-98.54169,35.60122],[-98.55255,35.61137],[-98.5541,35.61337],[-98.55285,35.61648],[-98.55275,35.61887],[-98.55375,35.62117],[-98.5655,35.63059],[-98.56798,35.63586],[-98.56792,35.63766],[-98.56633,35.63857],[-98.56611,35.64173],[-98.56828,35.64558],[-98.57512,35.65054],[-98.58603,35.65487],[-98.58738,35.65793],[-98.58887,35.65883],[-98.58808,35.66392],[-98.58986,35.66616],[-98.58303,35.67054],[-98.58952,35.6718],[-98.59034,35.67556],[-98.58992,35.67996],[-98.59498,35.68747],[-98.59681,35.68906],[-98.59714,35.69325],[-98.59867,35.69712],[-98.59808,35.69931],[-98.59671,35.70064],[-98.59513,35.70633],[-98.59398,35.70705],[-98.59474,35.70841],[-98.59395,35.71013],[-98.59456,35.71284],[-98.5956,35.71444],[-98.60036,35.71656],[-98.60301,35.71961],[-98.60885,35.72178],[-98.61373,35.72703],[-98.61314,35.72745],[-98.61399,35.7295],[-98.61328,35.73287],[-98.61623,35.73839],[-98.62142,35.74191],[-98.6322,35.74481],[-98.63221,35.55152],[-98.62324,35.55152],[-98.62386,35.20441],[-98.61802,35.20414],[-98.61816,35.10206],[-98.61933,35.10131],[-98.62105,35.09735],[-98.62278,35.09758],[-98.62564,35.10248],[-98.62493,35.10688],[-98.62574,35.10898],[-98.62934,35.11036],[-98.629,35.11384],[-98.62998,35.11639],[-98.6351,35.12134],[-98.63956,35.12317],[-98.63942,35.1193],[-98.64121,35.11328],[-98.64341,35.11163],[-98.64564,35.1116],[-98.65068,35.11561],[-98.64611,35.11818],[-98.64394,35.11703],[-98.64263,35.11857],[-98.64257,35.11992],[-98.64642,35.11926],[-98.6477,35.12175],[-98.65046,35.12292],[-98.65127,35.12418],[-98.65227,35.12398],[-98.6528,35.12205],[-98.65392,35.12141],[-98.65734,35.12256],[-98.65871,35.12228],[-98.66262,35.11812],[-98.67223,35.11901],[-98.67326,35.11814],[-98.67254,35.11727],[-98.67499,35.11395],[-98.6743,35.10966],[-98.67725,35.10797],[-98.67862,35.10818],[-98.68032,35.11003],[-98.68171,35.11376],[-98.68433,35.11431],[-98.6855,35.11312],[-98.68408,35.11147],[-98.68333,35.10861],[-98.68416,35.10717],[-98.68561,35.10728],[-98.68734,35.10889],[-98.6918,35.10884],[-98.69436,35.11111],[-98.69737,35.11193],[-98.69985,35.11083],[-98.70351,35.11051],[-98.70746,35.1065],[-98.71245,35.10476],[-98.71535,35.10836],[-98.71772,35.10893],[-98.71928,35.10776],[-98.72009,35.1084],[-98.71811,35.11154],[-98.71638,35.1125],[-98.71677,35.11335],[-98.72218,35.11378],[-98.7233,35.11149],[-98.7253,35.11131],[-98.73038,35.11209],[-98.73021,35.11371],[-98.73121,35.11412],[-98.73202,35.1138],[-98.73311,35.11089],[-98.7299,35.11023],[-98.72873,35.10872],[-98.73001,35.10805],[-98.73274,35.10899],[-98.73469,35.10185],[-98.73586,35.10104],[-98.73681,35.10127],[-98.73714,35.10301],[-98.74002,35.10594],[-98.73832,35.10713],[-98.74038,35.10851],[-98.74166,35.10755],[-98.74347,35.10807],[-98.74228,35.11084],[-98.74468,35.11201],[-98.74916,35.11635],[-98.75651,35.11649],[-99.40928,35.11693],[-99.40929,35.11451],[-99.4147,35.11188],[-99.4198,35.11246],[-99.42137,35.11413],[-99.42297,35.11449],[-99.42817,35.10929],[-99.43066,35.10822],[-99.44,35.1091],[-99.44103,35.10984],[-99.44395,35.11345],[-99.44044,35.11686],[-99.78273,35.11694],[-99.78295,35.03011],[-100.00038,35.02993]]]}},{"type":"Feature","properties":{"std_name":"Caddo-Wichita-Delaware OTSA","NAME":"Caddo-Wichita-Delaware","mcgirt_status":"not_mcgirt","order":99,"std_note":"OTSA polygons are the Census Bureau's statistical proxy for the historic reservation footprint, not a court-drawn line. mcgirt_status: affirmed = McGirt or the OCCA applying it; disestablished = Osage; not_mcgirt = a statistical area for a tribe without an affirmed reservation."},"geometry":{"type":"Polygon","coordinates":[[[-98.63221,35.55152],[-98.6322,35.74481],[-98.62142,35.74191],[-98.61623,35.73839],[-98.61328,35.73287],[-98.61399,35.7295],[-98.61314,35.72745],[-98.61373,35.72703],[-98.60885,35.72178],[-98.60301,35.71961],[-98.60036,35.71656],[-98.5956,35.71444],[-98.59456,35.71284],[-98.59395,35.71013],[-98.59474,35.70841],[-98.59398,35.70705],[-98.59513,35.70633],[-98.59671,35.70064],[-98.59808,35.69931],[-98.59867,35.69712],[-98.59714,35.69325],[-98.59681,35.68906],[-98.59498,35.68747],[-98.58992,35.67996],[-98.59034,35.67556],[-98.58952,35.6718],[-98.58303,35.67054],[-98.58986,35.66616],[-98.58808,35.66392],[-98.58872,35.65849],[-98.58738,35.65793],[-98.58665,35.65576],[-98.58489,35.65402],[-98.57512,35.65054],[-98.56828,35.64558],[-98.56611,35.64173],[-98.56633,35.63857],[-98.56792,35.63766],[-98.56798,35.63586],[-98.5655,35.63059],[-98.55375,35.62117],[-98.55275,35.61887],[-98.55285,35.61648],[-98.5541,35.61337],[-98.55255,35.61137],[-98.54169,35.60122],[-98.52549,35.59472],[-98.52523,35.59125],[-98.51964,35.5926],[-98.51712,35.59147],[-98.50879,35.58054],[-98.50881,35.57646],[-98.50704,35.57492],[-98.50579,35.56987],[-98.5012,35.56466],[-98.4984,35.5629],[-98.49132,35.55918],[-98.48636,35.55769],[-98.48124,35.55851],[-98.48195,35.55807],[-98.47593,35.55802],[-98.47397,35.55704],[-98.47155,35.55758],[-98.46997,35.5614],[-98.46771,35.56231],[-98.45937,35.55843],[-98.45616,35.55774],[-98.4538,35.55439],[-98.45389,35.55156],[-98.44969,35.55156],[-98.44546,35.55299],[-98.44294,35.55269],[-98.44132,35.55157],[-98.43162,35.55157],[-98.42569,35.55392],[-98.42215,35.55902],[-98.41421,35.56477],[-98.40951,35.56658],[-98.39739,35.56674],[-98.39154,35.56411],[-98.38596,35.56357],[-98.38421,35.56394],[-98.37963,35.56698],[-98.37714,35.5675],[-98.36122,35.5642],[-98.36007,35.56324],[-98.35975,35.56149],[-98.36105,35.55924],[-98.36042,35.55755],[-98.35631,35.55692],[-98.35267,35.55465],[-98.35036,35.55418],[-98.34563,35.55561],[-98.34112,35.5545],[-98.34006,35.55309],[-98.34113,35.55014],[-98.34092,35.54846],[-98.3339,35.54194],[-98.33186,35.54167],[-98.32895,35.5426],[-98.32479,35.54163],[-98.31593,35.54305],[-98.30625,35.54084],[-98.30128,35.53759],[-98.29955,35.53456],[-98.2948,35.53021],[-98.28882,35.5304],[-98.28565,35.52828],[-98.27832,35.52797],[-98.27509,35.52562],[-98.26691,35.5222],[-98.26377,35.52165],[-98.25894,35.51882],[-98.25708,35.51885],[-98.25386,35.51663],[-98.25078,35.50928],[-98.25142,35.50676],[-98.24897,35.50323],[-98.24879,35.50062],[-98.25033,35.50272],[-98.25025,35.5014],[-98.24838,35.49943],[-98.24893,35.497],[-98.24806,35.49654],[-98.2446,35.4975],[-98.24164,35.49441],[-98.24055,35.48973],[-98.23884,35.48691],[-98.23956,35.48538],[-98.23901,35.48396],[-98.23708,35.48149],[-98.2357,35.4809],[-98.23586,35.4797],[-98.23473,35.47774],[-98.23243,35.47659],[-98.23207,35.47288],[-98.22906,35.47185],[-98.22804,35.47012],[-98.22884,35.46878],[-98.22783,35.46819],[-98.223,35.46722],[-98.21932,35.46603],[-98.21649,35.46399],[-98.2097,35.46238],[-98.20548,35.45851],[-98.2019,35.45734],[-98.20173,35.45625],[-98.2004,35.45533],[-98.19102,35.45258],[-98.18619,35.45219],[-98.18448,35.45295],[-98.18074,35.45016],[-98.17737,35.44942],[-98.17607,35.44992],[-98.16931,35.45685],[-98.16465,35.45955],[-98.16048,35.46056],[-98.15386,35.45645],[-98.13959,35.45113],[-98.13738,35.44807],[-98.13445,35.44602],[-98.1344,35.4427],[-98.1319,35.43946],[-98.13186,35.43791],[-98.12521,35.4315],[-98.12481,35.42922],[-98.121,35.42591],[-98.11914,35.42554],[-98.11423,35.42192],[-98.11489,35.41804],[-98.11248,35.41599],[-98.10398,35.4132],[-98.09985,35.41311],[-98.09703,35.41166],[-98.09517,35.41251],[-98.0902,35.41172],[-98.08727,35.4129],[-98.08354,35.41288],[-98.07637,35.4112],[-98.07389,35.40961],[-98.0707,35.40956],[-98.06775,35.40852],[-98.06745,35.4094],[-98.06627,35.4096],[-98.05865,35.40727],[-98.05432,35.40385],[-98.052,35.3995],[-98.05301,35.39401],[-98.05815,35.38996],[-98.05741,35.38612],[-98.05383,35.38465],[-98.0511,35.38435],[-98.04802,35.38509],[-98.04288,35.38775],[-98.03994,35.38822],[-98.03879,35.3898],[-98.03686,35.39052],[-98.03078,35.38905],[-98.02798,35.3839],[-98.02187,35.38183],[-98.01645,35.37669],[-98.01563,35.37393],[-98.00987,35.36935],[-98.00873,35.36708],[-98.01206,35.36379],[-98.01114,35.36097],[-98.00618,35.36042],[-98.00378,35.3623],[-98.00348,35.36404],[-98.00255,35.36456],[-97.99918,35.36248],[-98.00044,35.3343],[-97.99971,35.31932],[-97.99964,35.08669],[-98.00136,35.08599],[-98.00214,35.08849],[-98.00529,35.08895],[-98.00885,35.08703],[-98.0083,35.08803],[-98.00877,35.08879],[-98.01376,35.09051],[-98.01596,35.0893],[-98.01515,35.09113],[-98.0103,35.09628],[-98.00798,35.10184],[-98.01188,35.10439],[-98.01548,35.10295],[-98.01523,35.10098],[-98.01659,35.09999],[-98.0206,35.10215],[-98.02085,35.10428],[-98.01709,35.10682],[-98.01801,35.10808],[-98.01692,35.11147],[-98.0172,35.11209],[-98.02001,35.11138],[-98.0206,35.11422],[-98.02294,35.1158],[-98.02068,35.11717],[-98.02054,35.11957],[-98.02126,35.1196],[-98.02213,35.11811],[-98.02344,35.11816],[-98.02675,35.12111],[-98.03225,35.12311],[-98.03668,35.12164],[-98.03595,35.12049],[-98.03406,35.11974],[-98.03262,35.11675],[-98.03236,35.115],[-98.03406,35.11355],[-98.03548,35.11289],[-98.03827,35.11367],[-98.03835,35.11172],[-98.04329,35.11207],[-98.04618,35.11097],[-98.0485,35.11168],[-98.05198,35.10845],[-98.0517,35.10733],[-98.04797,35.10634],[-98.04747,35.10444],[-98.04909,35.10399],[-98.04959,35.10559],[-98.05176,35.10499],[-98.05212,35.10623],[-98.05427,35.10765],[-98.05513,35.10671],[-98.05326,35.10247],[-98.05446,35.10197],[-98.05783,35.10282],[-98.05864,35.10472],[-98.06349,35.10637],[-98.06929,35.10619],[-98.06973,35.10522],[-98.06748,35.1028],[-98.06327,35.10165],[-98.06374,35.10053],[-98.0665,35.09822],[-98.06792,35.0981],[-98.06909,35.09911],[-98.07035,35.09817],[-98.0687,35.09592],[-98.06912,35.0948],[-98.07191,35.09432],[-98.07205,35.0964],[-98.07272,35.09659],[-98.07798,35.09372],[-98.07868,35.09185],[-98.08099,35.09066],[-98.08311,35.0904],[-98.0845,35.09175],[-98.08509,35.08962],[-98.0845,35.08846],[-98.08539,35.08784],[-98.0867,35.08807],[-98.0864,35.09065],[-98.08734,35.09111],[-98.09109,35.08868],[-98.09612,35.08848],[-98.09503,35.09113],[-98.09846,35.09084],[-98.09921,35.09228],[-98.09902,35.09354],[-98.09623,35.09461],[-98.09596,35.09544],[-98.09894,35.09649],[-98.10041,35.09965],[-98.10359,35.0994],[-98.10473,35.09832],[-98.10493,35.10107],[-98.10607,35.10178],[-98.10722,35.10157],[-98.10722,35.10002],[-98.10883,35.0991],[-98.11095,35.09985],[-98.1112,35.10148],[-98.11259,35.10036],[-98.11591,35.09972],[-98.11758,35.10104],[-98.11845,35.10086],[-98.12045,35.09825],[-98.1209,35.09616],[-98.12187,35.09573],[-98.12313,35.0966],[-98.12444,35.09983],[-98.12564,35.10003],[-98.12699,35.09774],[-98.12494,35.09644],[-98.12533,35.09401],[-98.12856,35.09119],[-98.13023,35.0914],[-98.1309,35.09369],[-98.13238,35.09337],[-98.13391,35.0919],[-98.13369,35.09014],[-98.13447,35.08927],[-98.13658,35.0903],[-98.13382,35.09484],[-98.13388,35.09603],[-98.13538,35.0972],[-98.1363,35.09504],[-98.13926,35.09422],[-98.13828,35.0928],[-98.1409,35.0931],[-98.14528,35.08992],[-98.14113,35.08698],[-98.14205,35.08604],[-98.14372,35.086],[-98.14397,35.08504],[-98.14085,35.08353],[-98.14038,35.0819],[-98.14155,35.08027],[-98.14506,35.07858],[-98.14579,35.07984],[-98.14943,35.08117],[-98.15325,35.07778],[-98.15894,35.07684],[-98.15972,35.07687],[-98.15904,35.07838],[-98.16052,35.08072],[-98.16269,35.07908],[-98.16881,35.07832],[-98.16984,35.07923],[-98.17048,35.08101],[-98.16992,35.08273],[-98.1707,35.08355],[-98.1681,35.08562],[-98.17103,35.08744],[-98.16903,35.08882],[-98.16644,35.08823],[-98.16577,35.08933],[-98.16636,35.09074],[-98.17278,35.09249],[-98.17504,35.0904],[-98.17933,35.08995],[-98.18027,35.09247],[-98.18133,35.09267],[-98.18749,35.08908],[-98.19089,35.08892],[-98.19432,35.09004],[-98.19607,35.09329],[-98.19538,35.09379],[-98.19295,35.09242],[-98.19156,35.09281],[-98.19142,35.09361],[-98.19304,35.09423],[-98.19499,35.09652],[-98.19663,35.09443],[-98.198,35.09425],[-98.19883,35.09535],[-98.19867,35.09831],[-98.19978,35.09876],[-98.20042,35.09851],[-98.2004,35.09716],[-98.20223,35.09689],[-98.20131,35.09535],[-98.20184,35.0943],[-98.20329,35.09556],[-98.20469,35.09503],[-98.20727,35.09001],[-98.21059,35.08792],[-98.21236,35.08926],[-98.2116,35.09021],[-98.21193,35.09118],[-98.21421,35.09104],[-98.21521,35.09174],[-98.21431,35.09426],[-98.21496,35.09529],[-98.2169,35.09501],[-98.21888,35.09068],[-98.22139,35.09004],[-98.2231,35.09135],[-98.22053,35.0922],[-98.22193,35.09367],[-98.22711,35.09499],[-98.22907,35.09287],[-98.22946,35.09437],[-98.23099,35.09492],[-98.23458,35.09204],[-98.23327,35.09013],[-98.23018,35.09049],[-98.22908,35.08848],[-98.22943,35.08655],[-98.23474,35.08877],[-98.23525,35.09038],[-98.23687,35.09061],[-98.24028,35.08645],[-98.24683,35.0832],[-98.24978,35.08407],[-98.24943,35.08501],[-98.2468,35.08616],[-98.24764,35.08757],[-98.25333,35.08816],[-98.25495,35.08734],[-98.26019,35.08906],[-98.26163,35.0883],[-98.26067,35.08628],[-98.26256,35.08306],[-98.26119,35.08154],[-98.26127,35.08058],[-98.26582,35.07846],[-98.26617,35.07388],[-98.2686,35.07296],[-98.27123,35.07047],[-98.27401,35.07114],[-98.27762,35.06738],[-98.2737,35.06451],[-98.27249,35.06524],[-98.27366,35.06876],[-98.27183,35.069],[-98.27016,35.06726],[-98.2701,35.0633],[-98.2723,35.06168],[-98.27215,35.05659],[-98.27373,35.05289],[-98.27746,35.05462],[-98.28069,35.05289],[-98.28012,35.05116],[-98.28073,35.04975],[-98.28411,35.05083],[-98.2848,35.04962],[-98.28355,35.04555],[-98.28423,35.04507],[-98.28875,35.04761],[-98.29124,35.04652],[-98.29479,35.04729],[-98.29822,35.0464],[-98.2983,35.04479],[-98.29657,35.04297],[-98.29757,35.04176],[-98.30027,35.04217],[-98.3006,35.04454],[-98.30297,35.0468],[-98.30833,35.04725],[-98.31164,35.04648],[-98.31208,35.04742],[-98.31044,35.04943],[-98.31072,35.05078],[-98.31172,35.05099],[-98.31314,35.04959],[-98.31472,35.04941],[-98.31431,35.0506],[-98.31495,35.05211],[-98.31993,35.0555],[-98.31598,35.05676],[-98.315,35.05843],[-98.31197,35.05749],[-98.31044,35.05843],[-98.31158,35.0607],[-98.31069,35.06207],[-98.31119,35.06402],[-98.31461,35.06512],[-98.31556,35.06285],[-98.31701,35.0623],[-98.31743,35.06539],[-98.31943,35.06775],[-98.31868,35.06876],[-98.31732,35.06791],[-98.31701,35.06608],[-98.31548,35.06665],[-98.31503,35.06803],[-98.31626,35.07077],[-98.31941,35.07259],[-98.31665,35.07281],[-98.31478,35.07401],[-98.31414,35.07506],[-98.31428,35.07801],[-98.31606,35.07927],[-98.32331,35.07868],[-98.32592,35.07964],[-98.32648,35.08257],[-98.3225,35.0834],[-98.32116,35.08498],[-98.32317,35.08598],[-98.32361,35.08704],[-98.3252,35.08566],[-98.32857,35.08578],[-98.32963,35.08818],[-98.32835,35.09176],[-98.33019,35.09363],[-98.33209,35.09315],[-98.33153,35.0964],[-98.33501,35.0967],[-98.33209,35.09883],[-98.33307,35.10153],[-98.33145,35.10354],[-98.33582,35.10621],[-98.33602,35.10808],[-98.33708,35.10923],[-98.33847,35.1074],[-98.34084,35.10666],[-98.34087,35.10792],[-98.34307,35.11099],[-98.34324,35.11328],[-98.34547,35.11301],[-98.3496,35.10517],[-98.35498,35.10643],[-98.35669,35.10601],[-98.35677,35.10285],[-98.35575,35.10226],[-98.35455,35.10267],[-98.35451,35.09975],[-98.35923,35.10063],[-98.36121,35.09931],[-98.36213,35.09747],[-98.36177,35.09575],[-98.35878,35.09674],[-98.35694,35.09578],[-98.35822,35.0926],[-98.35716,35.09182],[-98.3548,35.09187],[-98.35452,35.09073],[-98.36315,35.08716],[-98.36521,35.08429],[-98.3651,35.08304],[-98.36404,35.08139],[-98.36343,35.08215],[-98.36374,35.08375],[-98.36148,35.08462],[-98.35549,35.08248],[-98.35406,35.07675],[-98.35529,35.07517],[-98.35724,35.07565],[-98.35707,35.0772],[-98.35579,35.07817],[-98.35585,35.07922],[-98.35702,35.07959],[-98.35883,35.07883],[-98.35902,35.07423],[-98.36142,35.07478],[-98.3625,35.0759],[-98.3625,35.07654],[-98.36033,35.07725],[-98.36072,35.07865],[-98.362,35.07878],[-98.36529,35.07713],[-98.36328,35.07535],[-98.3642,35.07306],[-98.36828,35.07349],[-98.37058,35.07274],[-98.37232,35.07409],[-98.3717,35.07581],[-98.37028,35.0768],[-98.37135,35.07812],[-98.3752,35.0789],[-98.37585,35.07795],[-98.37454,35.07623],[-98.37425,35.07326],[-98.37738,35.07374],[-98.37805,35.07534],[-98.38142,35.07388],[-98.38312,35.07468],[-98.38535,35.07237],[-98.39011,35.07228],[-98.39003,35.07617],[-98.39864,35.07579],[-98.40045,35.07418],[-98.40245,35.07428],[-98.40237,35.07689],[-98.39872,35.07872],[-98.39827,35.08007],[-98.39983,35.08055],[-98.40136,35.07975],[-98.40613,35.08064],[-98.40557,35.07783],[-98.4066,35.07773],[-98.41036,35.08186],[-98.41148,35.08511],[-98.41329,35.08674],[-98.41426,35.08617],[-98.41404,35.08397],[-98.41566,35.08314],[-98.41669,35.08371],[-98.4178,35.08573],[-98.41652,35.0874],[-98.4171,35.08903],[-98.42103,35.08692],[-98.42513,35.0861],[-98.42488,35.08779],[-98.4224,35.09047],[-98.42493,35.09013],[-98.42605,35.0883],[-98.42973,35.09131],[-98.4329,35.09005],[-98.43466,35.08758],[-98.4389,35.08705],[-98.43968,35.08962],[-98.44081,35.09028],[-98.44413,35.08832],[-98.44561,35.08809],[-98.44709,35.08969],[-98.44812,35.08777],[-98.45001,35.08802],[-98.45115,35.09121],[-98.45506,35.09093],[-98.45372,35.09288],[-98.45394,35.09478],[-98.45821,35.09622],[-98.4586,35.0984],[-98.45966,35.09954],[-98.46197,35.09842],[-98.46439,35.09901],[-98.46233,35.10204],[-98.4635,35.10368],[-98.46417,35.10352],[-98.46392,35.10124],[-98.46462,35.10062],[-98.46763,35.10105],[-98.46966,35.10265],[-98.47005,35.10082],[-98.47242,35.10107],[-98.47359,35.10178],[-98.4751,35.10494],[-98.47724,35.1046],[-98.47777,35.106],[-98.4771,35.10705],[-98.47797,35.10867],[-98.47931,35.10867],[-98.48307,35.10645],[-98.48672,35.1062],[-98.4865,35.10842],[-98.48761,35.10988],[-98.49444,35.1103],[-98.49698,35.10965],[-98.49665,35.11224],[-98.49946,35.11446],[-98.50322,35.11464],[-98.50988,35.11348],[-98.51178,35.11266],[-98.51194,35.11078],[-98.51738,35.11025],[-98.51649,35.10785],[-98.51727,35.10512],[-98.52301,35.10613],[-98.52407,35.10473],[-98.52293,35.10405],[-98.52293,35.10316],[-98.52446,35.10082],[-98.52705,35.10251],[-98.52914,35.10183],[-98.53109,35.10229],[-98.53293,35.10767],[-98.53469,35.10829],[-98.53656,35.1079],[-98.53736,35.10582],[-98.53948,35.10495],[-98.54191,35.10783],[-98.54366,35.10774],[-98.54745,35.10362],[-98.54857,35.1036],[-98.5494,35.10504],[-98.54809,35.10705],[-98.5486,35.10893],[-98.55495,35.11054],[-98.56011,35.11349],[-98.56128,35.11507],[-98.56364,35.11556],[-98.5658,35.12147],[-98.56837,35.12227],[-98.56887,35.12625],[-98.56773,35.12788],[-98.56511,35.1281],[-98.56619,35.13029],[-98.56474,35.13251],[-98.56511,35.13461],[-98.56385,35.13748],[-98.56413,35.13847],[-98.56884,35.13928],[-98.56661,35.14298],[-98.56697,35.1449],[-98.57338,35.1485],[-98.57456,35.14841],[-98.57573,35.14687],[-98.5789,35.14853],[-98.58339,35.14639],[-98.58526,35.14448],[-98.58233,35.14234],[-98.58317,35.14057],[-98.58654,35.14064],[-98.58802,35.13909],[-98.58707,35.1359],[-98.58461,35.13377],[-98.58868,35.13121],[-98.58645,35.12628],[-98.58631,35.12341],[-98.5889,35.11885],[-98.59197,35.11621],[-98.59503,35.11662],[-98.5964,35.11825],[-98.59774,35.11791],[-98.59818,35.11685],[-98.59629,35.11472],[-98.59631,35.11319],[-98.59793,35.11014],[-98.60348,35.11332],[-98.60582,35.10899],[-98.60997,35.11032],[-98.61513,35.10954],[-98.61791,35.10665],[-98.61487,35.10379],[-98.61537,35.10189],[-98.61875,35.10169],[-98.61816,35.10206],[-98.61802,35.20414],[-98.62386,35.20441],[-98.62324,35.55152],[-98.63221,35.55152]]]}},{"type":"Feature","properties":{"std_name":"Kickapoo OTSA","NAME":"Kickapoo","mcgirt_status":"not_mcgirt","order":99,"std_note":"OTSA polygons are the Census Bureau's statistical proxy for the historic reservation footprint, not a court-drawn line. mcgirt_status: affirmed = McGirt or the OCCA applying it; disestablished = Osage; not_mcgirt = a statistical area for a tribe without an affirmed reservation."},"geometry":{"type":"Polygon","coordinates":[[[-97.24704,35.54332],[-97.24711,35.65786],[-97.23765,35.65845],[-97.23272,35.65734],[-97.22389,35.66109],[-97.21334,35.65652],[-97.20941,35.65677],[-97.20456,35.65987],[-97.19977,35.66827],[-97.19088,35.67429],[-97.18545,35.67675],[-97.18372,35.68332],[-97.18085,35.68595],[-97.17535,35.68903],[-97.17,35.69641],[-97.16312,35.69914],[-97.15311,35.70562],[-97.14795,35.70444],[-97.14584,35.70563],[-97.14304,35.70549],[-97.13895,35.70667],[-97.13772,35.70584],[-97.12369,35.70305],[-97.11492,35.7028],[-97.08962,35.69549],[-97.06983,35.69591],[-97.06665,35.69991],[-97.06504,35.70051],[-97.06324,35.69959],[-97.05793,35.6996],[-97.05278,35.69728],[-97.05006,35.69835],[-97.04424,35.69811],[-97.0403,35.69671],[-97.0363,35.69653],[-97.02516,35.69406],[-97.0143,35.68722],[-97.00744,35.67938],[-96.99893,35.67691],[-96.99596,35.67721],[-96.98933,35.68043],[-96.98315,35.67949],[-96.94408,35.6797],[-96.92885,35.67028],[-96.92807,35.66845],[-96.92832,35.66595],[-96.92565,35.64843],[-96.92126,35.64249],[-96.91096,35.64026],[-96.91064,35.60889],[-96.9085,35.60847],[-96.91078,35.60321],[-96.91058,35.59394],[-96.92847,35.59383],[-96.92849,35.55037],[-96.92944,35.55038],[-96.92943,35.54755],[-96.92661,35.54116],[-96.92654,35.5388],[-96.92797,35.53677],[-96.92732,35.53325],[-96.9286,35.52986],[-96.92404,35.52964],[-96.92678,35.52874],[-96.92605,35.52561],[-96.92694,35.52411],[-96.9294,35.52402],[-96.92982,35.31865],[-96.93068,35.3181],[-96.93086,35.3137],[-96.93189,35.31293],[-96.93718,35.31249],[-96.9372,35.31052],[-96.93843,35.30931],[-96.94096,35.31083],[-96.93907,35.31219],[-96.9391,35.31389],[-96.94139,35.31354],[-96.94329,35.31435],[-96.94335,35.31103],[-96.94768,35.30992],[-96.94761,35.31469],[-96.94879,35.31525],[-96.94871,35.31881],[-96.9584,35.31872],[-96.96059,35.32151],[-96.96215,35.31922],[-96.96488,35.31922],[-96.96688,35.32241],[-96.96686,35.32401],[-96.96523,35.32629],[-96.96528,35.33145],[-96.96949,35.33165],[-96.97406,35.33315],[-96.99612,35.34395],[-96.99084,35.34632],[-96.99564,35.34772],[-97.00081,35.3477],[-97.00074,35.35408],[-97.00239,35.3567],[-97.00211,35.35879],[-97.00435,35.36187],[-97.01829,35.3621],[-97.01833,35.37005],[-97.0216,35.37018],[-97.025,35.36675],[-97.02808,35.3676],[-97.02858,35.36896],[-97.0263,35.37083],[-97.0267,35.37341],[-97.03271,35.37577],[-97.03034,35.3769],[-97.02859,35.383],[-97.02704,35.38368],[-97.02587,35.38564],[-97.02988,35.38687],[-97.03065,35.38594],[-97.02908,35.38518],[-97.0295,35.38421],[-97.03144,35.38312],[-97.03362,35.38333],[-97.03637,35.3862],[-97.03598,35.38894],[-97.03981,35.39079],[-97.03915,35.39528],[-97.03535,35.39585],[-97.03338,35.39754],[-97.0333,35.39847],[-97.03604,35.39878],[-97.03638,35.40283],[-97.0383,35.40257],[-97.03977,35.40333],[-97.04039,35.40277],[-97.03914,35.40093],[-97.03934,35.39956],[-97.04118,35.39917],[-97.04299,35.40048],[-97.04246,35.40308],[-97.04511,35.40388],[-97.04475,35.4061],[-97.04645,35.40622],[-97.04667,35.40945],[-97.04982,35.40995],[-97.05259,35.40884],[-97.05352,35.40966],[-97.05222,35.41421],[-97.04824,35.41425],[-97.0466,35.41716],[-97.04417,35.41835],[-97.04509,35.4212],[-97.04343,35.42331],[-97.04387,35.42437],[-97.04669,35.42528],[-97.04737,35.42874],[-97.05054,35.42968],[-97.05261,35.42911],[-97.05315,35.42791],[-97.05143,35.42467],[-97.05263,35.42176],[-97.05385,35.42171],[-97.0566,35.42402],[-97.05634,35.42608],[-97.05961,35.42442],[-97.06163,35.42437],[-97.06205,35.42594],[-97.05853,35.42953],[-97.05829,35.4309],[-97.05951,35.43144],[-97.06308,35.43057],[-97.06437,35.42998],[-97.06301,35.42869],[-97.0631,35.4277],[-97.06451,35.42695],[-97.06618,35.42749],[-97.0674,35.42895],[-97.06733,35.43346],[-97.06649,35.43592],[-97.06789,35.43648],[-97.07064,35.4347],[-97.0717,35.43581],[-97.07377,35.43544],[-97.07685,35.43777],[-97.0839,35.43942],[-97.08459,35.4414],[-97.08185,35.44049],[-97.08147,35.44143],[-97.08586,35.44319],[-97.08886,35.44561],[-97.09555,35.44618],[-97.09686,35.44888],[-97.10001,35.44863],[-97.10065,35.45142],[-97.10786,35.45334],[-97.10502,35.45529],[-97.10618,35.45776],[-97.11123,35.45692],[-97.1151,35.45902],[-97.11423,35.46127],[-97.11456,35.46354],[-97.1155,35.4641],[-97.14149,35.46398],[-97.14134,35.49254],[-97.14806,35.49281],[-97.15539,35.49708],[-97.158,35.49663],[-97.16057,35.49415],[-97.16064,35.4954],[-97.16203,35.49575],[-97.16466,35.49442],[-97.16568,35.49634],[-97.16744,35.49729],[-97.17139,35.49592],[-97.1735,35.49662],[-97.17482,35.5002],[-97.17772,35.50277],[-97.18055,35.50252],[-97.18198,35.50093],[-97.1852,35.50162],[-97.18902,35.49993],[-97.19539,35.50031],[-97.19519,35.50148],[-97.1973,35.50274],[-97.2011,35.50178],[-97.20227,35.49985],[-97.20883,35.50063],[-97.21013,35.50115],[-97.21048,35.50313],[-97.20798,35.50389],[-97.20744,35.50578],[-97.21426,35.50597],[-97.21626,35.50536],[-97.2201,35.50617],[-97.22407,35.50518],[-97.22546,35.50748],[-97.22898,35.50874],[-97.22862,35.51592],[-97.23371,35.52222],[-97.23536,35.52255],[-97.2361,35.51918],[-97.23842,35.51761],[-97.23978,35.5178],[-97.23954,35.51971],[-97.2403,35.52052],[-97.24494,35.52258],[-97.24526,35.5238],[-97.24384,35.52661],[-97.23991,35.52811],[-97.23923,35.52904],[-97.24236,35.53231],[-97.2449,35.53047],[-97.24672,35.53117],[-97.24699,35.53233],[-97.24621,35.53483],[-97.24677,35.53665],[-97.24311,35.54043],[-97.24533,35.54358],[-97.24704,35.54332]]]}},{"type":"Feature","properties":{"std_name":"Kaw OTSA","NAME":"Kaw","mcgirt_status":"not_mcgirt","order":99,"std_note":"OTSA polygons are the Census Bureau's statistical proxy for the historic reservation footprint, not a court-drawn line. mcgirt_status: affirmed = McGirt or the OCCA applying it; disestablished = Osage; not_mcgirt = a statistical area for a tribe without an affirmed reservation."},"geometry":{"type":"Polygon","coordinates":[[[-97.35298,36.90802],[-97.34593,36.94481],[-97.34565,36.98447],[-97.34468,36.992],[-97.34276,36.99883],[-96.75031,36.99909],[-96.75003,36.94124],[-96.75215,36.94123],[-96.75238,36.78209],[-96.78865,36.78201],[-96.78869,36.7676],[-96.82259,36.76756],[-96.81883,36.76366],[-96.81806,36.75899],[-96.81901,36.75599],[-96.82167,36.75004],[-96.82467,36.74669],[-96.83038,36.74417],[-96.8341,36.74344],[-96.83897,36.74371],[-96.85012,36.74634],[-96.85363,36.74611],[-96.86869,36.75354],[-96.87181,36.75365],[-96.87878,36.75185],[-96.88858,36.75179],[-96.90743,36.73584],[-96.9086,36.73015],[-96.91143,36.72473],[-96.91809,36.7188],[-96.92055,36.71775],[-96.9226,36.70287],[-96.92809,36.69559],[-96.92852,36.69368],[-96.92741,36.68842],[-96.93194,36.6861],[-96.93528,36.68537],[-96.95018,36.68363],[-96.959,36.68623],[-96.95895,36.69464],[-96.95839,36.69533],[-96.95972,36.72411],[-96.99574,36.724],[-96.99587,36.73841],[-97.02594,36.73839],[-97.02789,36.74386],[-97.03127,36.74522],[-97.03133,36.75276],[-97.04931,36.75294],[-97.0493,36.78171],[-97.06728,36.78178],[-97.06725,36.81031],[-97.27797,36.81159],[-97.27737,36.81255],[-97.27581,36.8128],[-97.27668,36.81448],[-97.27954,36.81541],[-97.28588,36.81563],[-97.28647,36.81712],[-97.28552,36.81979],[-97.29226,36.82479],[-97.29486,36.82813],[-97.29518,36.83075],[-97.29057,36.83374],[-97.29122,36.83662],[-97.29389,36.83857],[-97.30156,36.83799],[-97.30262,36.8396],[-97.30022,36.84371],[-97.30013,36.84598],[-97.30098,36.84711],[-97.3085,36.84996],[-97.30915,36.85209],[-97.30775,36.85483],[-97.30834,36.85701],[-97.31362,36.86251],[-97.31781,36.86273],[-97.32252,36.86491],[-97.32344,36.87001],[-97.32315,36.87503],[-97.32383,36.87637],[-97.33769,36.88183],[-97.34268,36.88455],[-97.34847,36.89025],[-97.34813,36.89736],[-97.34694,36.90137],[-97.35134,36.90746],[-97.35298,36.90802]]]}},{"type":"Feature","properties":{"std_name":"Ponca OTSA","NAME":"Ponca","mcgirt_status":"not_mcgirt","order":99,"std_note":"OTSA polygons are the Census Bureau's statistical proxy for the historic reservation footprint, not a court-drawn line. mcgirt_status: affirmed = McGirt or the OCCA applying it; disestablished = Osage; not_mcgirt = a statistical area for a tribe without an affirmed reservation."},"geometry":{"type":"Polygon","coordinates":[[[-97.24613,36.63688],[-97.24691,36.68815],[-97.12966,36.68826],[-97.12583,36.68757],[-97.11791,36.68172],[-97.11516,36.68088],[-97.06447,36.68048],[-97.06405,36.66531],[-97.06265,36.66121],[-97.06323,36.65792],[-97.06199,36.65073],[-97.06101,36.64909],[-97.0546,36.64545],[-97.05152,36.64122],[-97.0512,36.63052],[-97.04856,36.62323],[-97.05176,36.61627],[-97.05211,36.61258],[-97.05027,36.60889],[-97.04469,36.60272],[-97.04382,36.60067],[-97.04442,36.5993],[-97.04689,36.59744],[-97.0571,36.59783],[-97.05815,36.59653],[-97.05791,36.59465],[-97.05588,36.59246],[-97.03585,36.5862],[-97.00286,36.58256],[-96.99284,36.58496],[-96.98562,36.585],[-96.98058,36.58596],[-96.97585,36.58521],[-96.96696,36.58628],[-96.96403,36.5874],[-96.94863,36.59],[-96.94156,36.59405],[-96.93373,36.59554],[-96.92388,36.60037],[-96.91532,36.59997],[-96.91072,36.59762],[-96.90871,36.59579],[-96.90446,36.58894],[-96.89256,36.57836],[-96.8883,36.57559],[-96.88821,36.57341],[-96.88914,36.5714],[-96.88899,36.56641],[-96.8925,36.56097],[-96.89566,36.55805],[-96.89908,36.55322],[-96.90126,36.55174],[-96.90373,36.55145],[-96.91271,36.55291],[-96.92471,36.55256],[-96.93856,36.54674],[-96.94398,36.54347],[-96.94991,36.5373],[-96.95541,36.53529],[-96.96119,36.53404],[-96.97148,36.53596],[-96.97897,36.53521],[-96.99619,36.52898],[-97.00235,36.52475],[-97.00776,36.51832],[-97.00916,36.51429],[-97.00978,36.50693],[-97.24687,36.50697],[-97.24699,36.62215],[-97.24613,36.63688]]]}},{"type":"Feature","properties":{"std_name":"Tonkawa OTSA","NAME":"Tonkawa","mcgirt_status":"not_mcgirt","order":99,"std_note":"OTSA polygons are the Census Bureau's statistical proxy for the historic reservation footprint, not a court-drawn line. mcgirt_status: affirmed = McGirt or the OCCA applying it; disestablished = Osage; not_mcgirt = a statistical area for a tribe without an affirmed reservation."},"geometry":{"type":"Polygon","coordinates":[[[-97.46246,36.59363],[-97.46222,36.76731],[-97.24678,36.76777],[-97.24704,36.66546],[-97.24613,36.63688],[-97.24699,36.62215],[-97.24677,36.59396],[-97.46246,36.59363]]]}},{"type":"Feature","properties":{"std_name":"Eastern Shawnee OTSA","NAME":"Eastern Shawnee","mcgirt_status":"affirmed","order":5,"std_note":"OTSA polygons are the Census Bureau's statistical proxy for the historic reservation footprint, not a court-drawn line. mcgirt_status: affirmed = McGirt or the OCCA applying it; disestablished = Osage; not_mcgirt = a statistical area for a tribe without an affirmed reservation."},"geometry":{"type":"Polygon","coordinates":[[[-94.76588,36.87127],[-94.76507,36.87314],[-94.76033,36.87631],[-94.75133,36.87632],[-94.73524,36.87788],[-94.73287,36.88009],[-94.66334,36.88001],[-94.66332,36.8438],[-94.61837,36.84375],[-94.61844,36.82188],[-94.74028,36.82182],[-94.73724,36.8244],[-94.73238,36.83626],[-94.71975,36.84539],[-94.71968,36.8503],[-94.72478,36.85618],[-94.72816,36.85749],[-94.73595,36.85878],[-94.748,36.8575],[-94.75531,36.85916],[-94.7629,36.86431],[-94.76494,36.86676],[-94.76588,36.87127]]]}},{"type":"Feature","properties":{"std_name":"Miami OTSA","NAME":"Miami","mcgirt_status":"affirmed","order":5,"std_note":"OTSA polygons are the Census Bureau's statistical proxy for the historic reservation footprint, not a court-drawn line. mcgirt_status: affirmed = McGirt or the OCCA applying it; disestablished = Osage; not_mcgirt = a statistical area for a tribe without an affirmed reservation."},"geometry":{"type":"Polygon","coordinates":[[[-95.03756,36.9756],[-95.03563,36.97737],[-95.03235,36.97547],[-95.02952,36.97551],[-95.02793,36.97779],[-95.03324,36.98231],[-95.0347,36.98927],[-95.03412,36.99423],[-95.0216,36.99534],[-95.01604,36.99468],[-95.00855,36.99797],[-95.00762,36.99951],[-94.90438,36.99904],[-94.90457,36.94353],[-94.91359,36.94351],[-94.91356,36.929],[-94.95663,36.9286],[-94.95738,36.92911],[-94.95584,36.9314],[-94.9556,36.93396],[-94.95709,36.93635],[-94.95899,36.9358],[-94.96221,36.93311],[-94.96746,36.93363],[-94.97338,36.93674],[-94.97646,36.94115],[-94.98043,36.94342],[-94.98569,36.9427],[-94.9875,36.94172],[-94.99046,36.93725],[-94.99288,36.93578],[-94.99538,36.9378],[-94.99633,36.9404],[-94.99318,36.9491],[-94.99468,36.95117],[-95.00465,36.95263],[-95.02223,36.9608],[-95.02762,36.96583],[-95.02857,36.97004],[-95.03017,36.97199],[-95.03645,36.97329],[-95.03735,36.97399],[-95.03756,36.9756]]]}},{"type":"Feature","properties":{"std_name":"Choctaw OTSA","NAME":"Choctaw","mcgirt_status":"affirmed","order":2,"std_note":"OTSA polygons are the Census Bureau's statistical proxy for the historic reservation footprint, not a court-drawn line. mcgirt_status: affirmed = McGirt or the OCCA applying it; disestablished = Osage; not_mcgirt = a statistical area for a tribe without an affirmed reservation."},"geometry":{"type":"Polygon","coordinates":[[[-96.455,33.96065],[-96.4537,34.09829],[-96.4521,34.91212],[-96.44486,34.90909],[-96.44473,34.90763],[-96.44359,34.90687],[-96.43721,34.90477],[-96.43715,34.9029],[-96.43559,34.90228],[-96.43155,34.90258],[-96.43101,34.90347],[-96.42755,34.90304],[-96.4247,34.90369],[-96.42093,34.90744],[-96.41841,34.90785],[-96.41747,34.90965],[-96.4178,34.91173],[-96.41378,34.91562],[-96.41069,34.92214],[-96.41074,34.92405],[-96.40928,34.92508],[-96.40957,34.92945],[-96.40614,34.93419],[-96.40613,34.93823],[-96.39612,34.94471],[-96.39516,34.94363],[-96.39247,34.94564],[-96.38268,34.94846],[-96.37936,34.9527],[-96.37656,34.95409],[-96.37604,34.9562],[-96.3741,34.95733],[-96.37125,34.96115],[-96.3705,34.96484],[-96.37188,34.97011],[-96.3697,34.97225],[-96.36444,34.9811],[-96.36625,34.98662],[-96.36295,34.99292],[-96.36262,34.99451],[-96.36383,34.99687],[-96.36263,34.99947],[-96.36064,35.00108],[-96.35991,35.00321],[-96.35736,35.00606],[-96.35507,35.00694],[-96.34056,35.00821],[-96.33108,35.00674],[-96.32246,35.0039],[-96.32044,35.00199],[-96.31987,34.99986],[-96.31827,34.99941],[-96.31748,34.99627],[-96.31191,34.99155],[-96.30685,34.99031],[-96.3042,34.98851],[-96.30048,34.9841],[-96.29928,34.98103],[-96.29584,34.97881],[-96.29471,34.97549],[-96.29335,34.97405],[-96.28475,34.96913],[-96.27621,34.96748],[-96.27212,34.96757],[-96.26048,34.97194],[-96.25885,34.97335],[-96.25251,34.97337],[-96.25023,34.97478],[-96.24862,34.97405],[-96.24607,34.975],[-96.23932,34.97463],[-96.2383,34.97567],[-96.23634,34.97432],[-96.23384,34.97441],[-96.23279,34.97303],[-96.23064,34.97387],[-96.22715,34.97212],[-96.22388,34.97181],[-96.22199,34.96951],[-96.209,34.96551],[-96.20726,34.96413],[-96.19816,34.96104],[-96.19404,34.96144],[-96.19314,34.95993],[-96.19144,34.96052],[-96.19037,34.95927],[-96.18689,34.9587],[-96.17875,34.96063],[-96.17073,34.96612],[-96.16917,34.96618],[-96.16061,34.97268],[-96.15901,34.97627],[-96.15911,34.97793],[-96.15159,34.98449],[-96.14534,34.98566],[-96.14464,34.98672],[-96.14372,34.99519],[-96.14431,34.99723],[-96.14295,35.00009],[-96.13687,35.00152],[-96.1345,35.00568],[-96.13433,35.01115],[-96.1314,35.01507],[-96.12325,35.019],[-96.11872,35.02221],[-96.11567,35.02482],[-96.11244,35.03013],[-96.106,35.03442],[-96.10147,35.04074],[-96.10103,35.04569],[-96.08954,35.04974],[-96.07324,35.05341],[-96.0701,35.05551],[-96.0669,35.0625],[-96.0643,35.07113],[-96.06271,35.08807],[-96.06094,35.09158],[-96.05813,35.09466],[-96.05493,35.0973],[-96.04186,35.10435],[-96.02997,35.12034],[-96.02624,35.12058],[-96.01387,35.11656],[-96.01129,35.11694],[-96.00975,35.11803],[-96.00891,35.11951],[-96.00888,35.1222],[-96.01303,35.13692],[-96.01364,35.14179],[-96.01226,35.14511],[-96.00913,35.14722],[-96.00385,35.14907],[-95.99478,35.15029],[-95.96768,35.1526],[-95.94898,35.1507],[-95.92558,35.1429],[-95.91779,35.1425],[-95.90666,35.14379],[-95.89457,35.1503],[-95.88837,35.1557],[-95.88357,35.1626],[-95.87451,35.18027],[-95.86987,35.1866],[-95.86667,35.1873],[-95.85677,35.1866],[-95.84777,35.1884],[-95.83997,35.1845],[-95.83727,35.1845],[-95.82527,35.1871],[-95.81027,35.1948],[-95.79847,35.197],[-95.79207,35.1972],[-95.78477,35.1953],[-95.78037,35.192],[-95.76767,35.1784],[-95.76187,35.1768],[-95.75687,35.1769],[-95.74957,35.18371],[-95.74802,35.18772],[-95.74582,35.19047],[-95.74229,35.19251],[-95.73192,35.19245],[-95.72214,35.18946],[-95.7172,35.18897],[-95.71478,35.19131],[-95.71238,35.19713],[-95.70982,35.20047],[-95.70715,35.2023],[-95.69717,35.203],[-95.68792,35.20503],[-95.67998,35.20346],[-95.67911,35.20387],[-95.67746,35.20672],[-95.67444,35.20847],[-95.67423,35.2093],[-95.68049,35.21234],[-95.68277,35.2164],[-95.68097,35.221],[-95.67687,35.2248],[-95.67207,35.2273],[-95.65747,35.2314],[-95.63496,35.2417],[-95.62806,35.2468],[-95.61566,35.2497],[-95.61026,35.2497],[-95.60606,35.2471],[-95.60366,35.243],[-95.60346,35.2394],[-95.60456,35.237],[-95.60676,35.2351],[-95.61726,35.2316],[-95.62176,35.2291],[-95.62296,35.2279],[-95.62246,35.2247],[-95.61946,35.2222],[-95.61686,35.2214],[-95.60842,35.22041],[-95.60234,35.22074],[-95.59506,35.2242],[-95.58626,35.2341],[-95.57037,35.2455],[-95.56294,35.2464],[-95.55696,35.2494],[-95.54326,35.2519],[-95.53256,35.2569],[-95.52586,35.261],[-95.52166,35.2624],[-95.51496,35.2632],[-95.51326,35.2652],[-95.51296,35.2672],[-95.51746,35.2748],[-95.51906,35.28119],[-95.51667,35.28499],[-95.51126,35.28999],[-95.50757,35.29689],[-95.50365,35.29989],[-95.50037,35.30089],[-95.48888,35.30049],[-95.46306,35.2932],[-95.45766,35.2938],[-95.43765,35.2999],[-95.43045,35.303],[-95.42435,35.3083],[-95.41345,35.3218],[-95.41115,35.3234],[-95.40225,35.3262],[-95.39375,35.3276],[-95.38755,35.327],[-95.37375,35.3155],[-95.35735,35.3061],[-95.35325,35.3017],[-95.35265,35.2922],[-95.35158,35.29023],[-95.34989,35.2904],[-95.33645,35.2974],[-95.33195,35.2988],[-95.31175,35.3027],[-95.30095,35.3014],[-95.28765,35.2948],[-95.27915,35.288],[-95.27305,35.2823],[-95.26215,35.26899],[-95.25698,35.26577],[-95.24592,35.26181],[-95.24072,35.26231],[-95.23134,35.26593],[-95.227,35.26854],[-95.20941,35.28382],[-95.20539,35.28942],[-95.2028,35.29938],[-95.19919,35.30359],[-95.1941,35.30531],[-95.18794,35.30495],[-95.1786,35.30101],[-95.17647,35.30134],[-95.17318,35.30386],[-95.17078,35.30831],[-95.17057,35.31271],[-95.17403,35.32215],[-95.18255,35.33686],[-95.18256,35.34028],[-95.1806,35.34402],[-95.17496,35.35055],[-95.17212,35.35217],[-95.16767,35.35305],[-95.15783,35.35094],[-95.1505,35.34587],[-95.14802,35.34595],[-95.14423,35.34863],[-95.1413,35.35556],[-95.1428,35.35831],[-95.14548,35.36018],[-95.15121,35.36231],[-95.15578,35.36283],[-95.15961,35.36522],[-95.16158,35.36698],[-95.16077,35.36936],[-95.15775,35.37151],[-95.14434,35.3779],[-95.13704,35.3803],[-95.13414,35.3803],[-95.12994,35.3788],[-95.12684,35.3766],[-95.12389,35.37267],[-95.12071,35.37246],[-95.11564,35.3776],[-95.10264,35.3969],[-95.08604,35.4059],[-95.08334,35.4115],[-95.08204,35.4165],[-95.08043,35.4319],[-95.07054,35.4471],[-95.06347,35.45257],[-95.05003,35.45889],[-95.04493,35.45719],[-95.03203,35.45629],[-95.02493,35.45309],[-95.02333,35.44949],[-95.02463,35.4363],[-95.02373,35.4303],[-95.01903,35.42419],[-95.00435,35.41347],[-94.98683,35.40838],[-94.97496,35.40796],[-94.96596,35.40672],[-94.95915,35.40827],[-94.95133,35.40833],[-94.94886,35.40727],[-94.93852,35.39659],[-94.92575,35.39285],[-94.91705,35.39376],[-94.90815,35.39838],[-94.90469,35.39884],[-94.90183,35.39794],[-94.89393,35.3881],[-94.8923,35.38435],[-94.8923,35.37968],[-94.89474,35.37309],[-94.91323,35.36035],[-94.91927,35.35414],[-94.91949,35.35177],[-94.91871,35.35041],[-94.91445,35.34752],[-94.91192,35.34665],[-94.90198,35.34671],[-94.89063,35.35057],[-94.86894,35.35556],[-94.85952,35.36002],[-94.84766,35.36978],[-94.84214,35.37109],[-94.83495,35.36837],[-94.83123,35.36555],[-94.82897,35.36155],[-94.82901,35.3468],[-94.82746,35.33741],[-94.82379,35.32939],[-94.82068,35.32589],[-94.81726,35.32387],[-94.81172,35.32307],[-94.80091,35.32495],[-94.79437,35.32709],[-94.79271,35.32835],[-94.78144,35.34741],[-94.77844,35.3509],[-94.77525,35.35318],[-94.76973,35.35532],[-94.75641,35.35681],[-94.75022,35.35697],[-94.74286,35.35595],[-94.73596,35.35414],[-94.7257,35.3497],[-94.72056,35.34593],[-94.71459,35.33969],[-94.70419,35.33257],[-94.69196,35.33026],[-94.68346,35.32625],[-94.68044,35.32266],[-94.67889,35.31841],[-94.67834,35.3048],[-94.6756,35.30053],[-94.6688,35.29503],[-94.66313,35.29256],[-94.65743,35.29158],[-94.64351,35.29178],[-94.63343,35.29377],[-94.62522,35.29752],[-94.61588,35.30411],[-94.60386,35.32168],[-94.59882,35.32644],[-94.5948,35.32797],[-94.58896,35.32853],[-94.57647,35.32887],[-94.56915,35.32564],[-94.5652,35.32263],[-94.56355,35.31986],[-94.55463,35.31022],[-94.54765,35.30635],[-94.54273,35.30496],[-94.53353,35.30433],[-94.52865,35.3052],[-94.51696,35.30952],[-94.5152,35.30869],[-94.51522,35.30657],[-94.51117,35.30452],[-94.50109,35.30584],[-94.49831,35.30454],[-94.49525,35.3012],[-94.48682,35.30408],[-94.48237,35.30725],[-94.48136,35.30893],[-94.48173,35.31403],[-94.4833,35.31811],[-94.48774,35.32251],[-94.49201,35.32541],[-94.4948,35.32981],[-94.49487,35.3412],[-94.49435,35.34301],[-94.49129,35.34483],[-94.48905,35.34513],[-94.48246,35.34907],[-94.48064,35.35181],[-94.48327,35.35508],[-94.48586,35.36036],[-94.48669,35.36488],[-94.48554,35.36722],[-94.48003,35.37216],[-94.4723,35.37598],[-94.46684,35.377],[-94.46822,35.37634],[-94.46087,35.37861],[-94.44983,35.37861],[-94.44114,35.38215],[-94.43438,35.38743],[-94.43317,35.38576],[-94.43249,35.38325],[-94.43344,35.37525],[-94.4315,35.36926],[-94.43342,35.36549],[-94.43221,35.36451],[-94.43223,35.3633],[-94.43865,35.19805],[-94.45758,34.63511],[-94.4859,33.63786],[-94.49167,33.63645],[-94.4891,33.63344],[-94.48755,33.6299],[-94.48786,33.62812],[-94.48998,33.62605],[-94.49307,33.62453],[-94.49891,33.62392],[-94.50381,33.62085],[-94.50751,33.62103],[-94.51214,33.62385],[-94.51747,33.63306],[-94.52025,33.6298],[-94.51792,33.62373],[-94.51984,33.61808],[-94.5235,33.6159],[-94.52795,33.61596],[-94.53481,33.62134],[-94.53531,33.62459],[-94.53286,33.62743],[-94.52112,33.63493],[-94.51853,33.63757],[-94.52184,33.64073],[-94.52749,33.64134],[-94.54186,33.6363],[-94.54644,33.6315],[-94.55337,33.62758],[-94.56408,33.62626],[-94.56897,33.62745],[-94.57045,33.62995],[-94.56839,33.6372],[-94.55904,33.64197],[-94.54544,33.64623],[-94.5429,33.64966],[-94.54263,33.65399],[-94.54673,33.65957],[-94.54964,33.66068],[-94.5602,33.65697],[-94.57057,33.65223],[-94.57399,33.64952],[-94.57624,33.64655],[-94.58005,33.6445],[-94.58327,33.64379],[-94.58863,33.64418],[-94.59048,33.64507],[-94.59083,33.64556],[-94.58699,33.65018],[-94.57676,33.65876],[-94.5648,33.6618],[-94.56254,33.6633],[-94.56034,33.66659],[-94.5612,33.6685],[-94.56367,33.66927],[-94.57046,33.6683],[-94.57788,33.66568],[-94.58078,33.66639],[-94.57927,33.67082],[-94.58125,33.67362],[-94.57955,33.67582],[-94.57962,33.67762],[-94.58793,33.68626],[-94.59158,33.68587],[-94.59303,33.68402],[-94.59003,33.67585],[-94.5903,33.67441],[-94.59195,33.67286],[-94.5914,33.66941],[-94.59205,33.66704],[-94.59329,33.66526],[-94.59602,33.66386],[-94.60116,33.66276],[-94.60582,33.66419],[-94.61189,33.67004],[-94.61271,33.67377],[-94.61642,33.6801],[-94.61833,33.68161],[-94.62204,33.68254],[-94.62724,33.68195],[-94.62871,33.68053],[-94.63028,33.67812],[-94.63092,33.67344],[-94.63494,33.66765],[-94.63682,33.66761],[-94.63756,33.66528],[-94.6392,33.66374],[-94.64245,33.66389],[-94.64592,33.66195],[-94.64923,33.6626],[-94.65173,33.6607],[-94.65492,33.65993],[-94.66183,33.66046],[-94.66865,33.66385],[-94.67056,33.66593],[-94.67076,33.6693],[-94.66754,33.6728],[-94.66262,33.67495],[-94.65953,33.67513],[-94.654,33.67115],[-94.65185,33.67045],[-94.64534,33.67364],[-94.64805,33.68153],[-94.65037,33.68444],[-94.64549,33.68593],[-94.64313,33.69032],[-94.63865,33.6958],[-94.63945,33.69826],[-94.64372,33.70152],[-94.64588,33.70178],[-94.6479,33.70052],[-94.64862,33.69701],[-94.64709,33.69035],[-94.6488,33.68657],[-94.6514,33.68584],[-94.65917,33.69214],[-94.66688,33.69458],[-94.67177,33.69331],[-94.67738,33.68834],[-94.6848,33.68435],[-94.68822,33.68444],[-94.70411,33.68794],[-94.71619,33.6879],[-94.71834,33.68866],[-94.71511,33.69411],[-94.71443,33.69719],[-94.7132,33.69774],[-94.71084,33.69674],[-94.70634,33.69673],[-94.7035,33.69754],[-94.70105,33.70005],[-94.70156,33.70288],[-94.70602,33.70629],[-94.7253,33.71467],[-94.73028,33.71606],[-94.73396,33.71569],[-94.73492,33.71476],[-94.73364,33.71131],[-94.73069,33.70735],[-94.7272,33.70531],[-94.72282,33.70481],[-94.71887,33.70335],[-94.71687,33.70036],[-94.71594,33.69491],[-94.71953,33.68886],[-94.72408,33.68967],[-94.72612,33.6909],[-94.73512,33.69126],[-94.73681,33.69233],[-94.74092,33.70056],[-94.74309,33.70199],[-94.75194,33.70486],[-94.75365,33.70693],[-94.7538,33.70866],[-94.75307,33.71075],[-94.74124,33.71336],[-94.73613,33.71608],[-94.73279,33.72004],[-94.73233,33.7225],[-94.73341,33.72519],[-94.73674,33.72719],[-94.74209,33.72669],[-94.74509,33.72291],[-94.74492,33.71861],[-94.74586,33.71616],[-94.74759,33.71473],[-94.75137,33.71354],[-94.7559,33.71507],[-94.75774,33.71782],[-94.74767,33.72515],[-94.75029,33.72923],[-94.75182,33.73433],[-94.7544,33.73339],[-94.7606,33.72705],[-94.76869,33.72699],[-94.77313,33.72719],[-94.7825,33.73013],[-94.78864,33.73567],[-94.77681,33.74644],[-94.76526,33.7461],[-94.76223,33.74661],[-94.75895,33.74853],[-94.75719,33.75303],[-94.75785,33.75589],[-94.75932,33.75673],[-94.76006,33.75829],[-94.76304,33.75976],[-94.76985,33.76103],[-94.77291,33.75973],[-94.77637,33.7564],[-94.78007,33.74447],[-94.79005,33.73936],[-94.79726,33.73692],[-94.80283,33.7327],[-94.81161,33.73504],[-94.81702,33.74001],[-94.81698,33.74159],[-94.81291,33.74545],[-94.81216,33.75094],[-94.81276,33.75211],[-94.81525,33.75138],[-94.81683,33.75422],[-94.81594,33.75979],[-94.81639,33.76396],[-94.81857,33.7677],[-94.82071,33.76896],[-94.82339,33.76918],[-94.82728,33.76689],[-94.8295,33.7641],[-94.83088,33.75999],[-94.83084,33.75808],[-94.82304,33.74753],[-94.82015,33.73698],[-94.82022,33.73413],[-94.82199,33.73288],[-94.82726,33.73413],[-94.82846,33.73512],[-94.82795,33.74088],[-94.84257,33.73945],[-94.84931,33.73959],[-94.8585,33.74124],[-94.86754,33.7449],[-94.87294,33.74878],[-94.87467,33.74916],[-94.87713,33.75312],[-94.87612,33.7555],[-94.87396,33.75634],[-94.86674,33.76183],[-94.86593,33.76564],[-94.86814,33.76887],[-94.87174,33.7704],[-94.87345,33.77052],[-94.87456,33.76962],[-94.87493,33.76743],[-94.87383,33.75806],[-94.87477,33.7569],[-94.87637,33.75733],[-94.88568,33.76523],[-94.88693,33.76907],[-94.8953,33.7684],[-94.8982,33.76902],[-94.90128,33.77085],[-94.9042,33.77325],[-94.90417,33.7772],[-94.90624,33.77819],[-94.91143,33.77838],[-94.91287,33.77948],[-94.9176,33.78672],[-94.92153,33.79047],[-94.92235,33.79353],[-94.92131,33.79841],[-94.91753,33.80521],[-94.91675,33.80897],[-94.91449,33.80852],[-94.91088,33.81591],[-94.91366,33.82173],[-94.91801,33.82678],[-94.92244,33.82911],[-94.92607,33.82853],[-94.92662,33.82756],[-94.9231,33.81546],[-94.92427,33.81249],[-94.92329,33.80874],[-94.94044,33.80564],[-94.94787,33.80836],[-94.95352,33.81647],[-94.94766,33.82355],[-94.94484,33.82584],[-94.94353,33.82838],[-94.94389,33.83023],[-94.9523,33.83495],[-94.95768,33.835],[-94.9644,33.83702],[-94.9658,33.8487],[-94.96889,33.86091],[-94.97021,33.86182],[-94.97274,33.86198],[-94.9759,33.86019],[-94.98163,33.85231],[-94.98329,33.85136],[-94.98849,33.851],[-94.99267,33.85245],[-94.99802,33.8605],[-95.00219,33.86371],[-95.00359,33.86225],[-95.01019,33.85873],[-95.01574,33.85773],[-95.02971,33.86009],[-95.03721,33.86025],[-95.04657,33.86256],[-95.04903,33.86409],[-95.0507,33.86818],[-95.05132,33.87478],[-95.05057,33.8783],[-95.05479,33.88165],[-95.05909,33.88749],[-95.05883,33.89485],[-95.0601,33.90187],[-95.06228,33.90362],[-95.07241,33.9027],[-95.07353,33.90197],[-95.06995,33.89558],[-95.0718,33.89556],[-95.07588,33.90185],[-95.07642,33.9043],[-95.07463,33.90727],[-95.07057,33.9084],[-95.06698,33.90825],[-95.06423,33.91016],[-95.06332,33.91206],[-95.06346,33.91404],[-95.06676,33.9171],[-95.06948,33.91759],[-95.07397,33.91564],[-95.07499,33.90881],[-95.0787,33.90504],[-95.07983,33.88748],[-95.08241,33.87988],[-95.08961,33.88086],[-95.09583,33.88843],[-95.09871,33.89068],[-95.10038,33.8956],[-95.1,33.89679],[-95.09741,33.89886],[-95.0915,33.90033],[-95.091,33.90157],[-95.09206,33.90194],[-95.08758,33.90302],[-95.07974,33.90859],[-95.07678,33.91358],[-95.07795,33.9187],[-95.08006,33.92099],[-95.0832,33.92142],[-95.08557,33.91772],[-95.0898,33.91407],[-95.09578,33.91137],[-95.10518,33.90946],[-95.11039,33.90541],[-95.11315,33.90449],[-95.12089,33.90454],[-95.12736,33.90783],[-95.13164,33.91393],[-95.13164,33.91603],[-95.12173,33.92576],[-95.12118,33.93131],[-95.1247,33.93467],[-95.13016,33.9368],[-95.13948,33.93473],[-95.15696,33.93664],[-95.1715,33.94672],[-95.18497,33.94953],[-95.1981,33.95335],[-95.20302,33.95717],[-95.21508,33.96239],[-95.22604,33.96224],[-95.22757,33.9608],[-95.23044,33.96004],[-95.23026,33.95599],[-95.23288,33.94974],[-95.23656,33.94791],[-95.24061,33.94723],[-95.246,33.94372],[-95.2494,33.93989],[-95.25089,33.93426],[-95.2476,33.91561],[-95.24864,33.90618],[-95.25319,33.89488],[-95.25811,33.88981],[-95.26118,33.88777],[-95.2624,33.88796],[-95.26443,33.88978],[-95.26578,33.8937],[-95.26666,33.8939],[-95.26509,33.89831],[-95.265,33.90459],[-95.26638,33.90847],[-95.26851,33.91098],[-95.27596,33.91128],[-95.28067,33.90917],[-95.2838,33.90649],[-95.28556,33.90301],[-95.28433,33.8995],[-95.28069,33.89608],[-95.27816,33.89034],[-95.27817,33.87839],[-95.28073,33.87549],[-95.28893,33.87307],[-95.29451,33.87279],[-95.3064,33.87491],[-95.31032,33.87703],[-95.31443,33.88163],[-95.32554,33.88573],[-95.32994,33.88633],[-95.33046,33.88253],[-95.3357,33.87425],[-95.33771,33.87466],[-95.33988,33.87302],[-95.34251,33.87297],[-95.34773,33.8705],[-95.35738,33.86924],[-95.36257,33.8669],[-95.3693,33.86657],[-95.37574,33.8684],[-95.38383,33.86865],[-95.3897,33.86798],[-95.39804,33.86521],[-95.40521,33.86458],[-95.41071,33.86541],[-95.41871,33.86848],[-95.42768,33.87046],[-95.4383,33.86634],[-95.44275,33.86651],[-95.45365,33.87086],[-95.46334,33.8724],[-95.46434,33.87439],[-95.46285,33.87686],[-95.46279,33.87905],[-95.46009,33.8842],[-95.45973,33.88661],[-95.46144,33.88711],[-95.46494,33.88689],[-95.46855,33.88463],[-95.46883,33.88312],[-95.47047,33.8816],[-95.48353,33.87682],[-95.49204,33.87494],[-95.50163,33.87501],[-95.505,33.87592],[-95.50621,33.87781],[-95.50484,33.88971],[-95.50509,33.89341],[-95.50662,33.89672],[-95.50953,33.89759],[-95.51144,33.8973],[-95.51598,33.89399],[-95.51853,33.88988],[-95.53262,33.88152],[-95.54414,33.8806],[-95.54896,33.88505],[-95.55122,33.88971],[-95.55031,33.89394],[-95.54848,33.89757],[-95.54783,33.90186],[-95.54911,33.91153],[-95.55131,33.91622],[-95.5528,33.92431],[-95.55421,33.92696],[-95.55771,33.93035],[-95.56378,33.93294],[-95.57026,33.93372],[-95.57732,33.93293],[-95.58185,33.93415],[-95.58787,33.94081],[-95.59409,33.94306],[-95.59752,33.94234],[-95.59842,33.93438],[-95.60314,33.9292],[-95.611,33.92904],[-95.61637,33.92763],[-95.6248,33.91566],[-95.62732,33.90781],[-95.62926,33.9059],[-95.63277,33.90481],[-95.63877,33.90494],[-95.65523,33.90991],[-95.65632,33.90938],[-95.66046,33.91016],[-95.66548,33.909],[-95.66863,33.907],[-95.6721,33.90228],[-95.67792,33.89698],[-95.67928,33.89436],[-95.68458,33.89065],[-95.69048,33.88794],[-95.70064,33.88585],[-95.71218,33.88552],[-95.7152,33.887],[-95.71998,33.89094],[-95.73318,33.89645],[-95.74513,33.89669],[-95.75215,33.89458],[-95.75794,33.89075],[-95.76173,33.88432],[-95.76247,33.88114],[-95.76152,33.87312],[-95.76006,33.87382],[-95.7578,33.86897],[-95.75413,33.86525],[-95.75134,33.86029],[-95.75211,33.85495],[-95.75796,33.84957],[-95.76359,33.84682],[-95.77024,33.8452],[-95.7759,33.84731],[-95.77988,33.85133],[-95.78237,33.85108],[-95.78394,33.85311],[-95.78868,33.85641],[-95.79761,33.86059],[-95.80218,33.86156],[-95.81557,33.85985],[-95.81993,33.85755],[-95.82091,33.85617],[-95.82112,33.85307],[-95.81888,33.84666],[-95.81949,33.8413],[-95.8237,33.83741],[-95.83041,33.83478],[-95.83711,33.83565],[-95.84394,33.8382],[-95.84892,33.84178],[-95.85683,33.85014],[-95.85863,33.85069],[-95.86105,33.8498],[-95.86719,33.85129],[-95.87944,33.85896],[-95.88683,33.86494],[-95.89521,33.86758],[-95.9242,33.88459],[-95.92825,33.88535],[-95.93148,33.88454],[-95.93258,33.88335],[-95.93347,33.87861],[-95.93563,33.875],[-95.9364,33.87142],[-95.94122,33.86415],[-95.9419,33.86151],[-95.94414,33.86],[-95.94868,33.85804],[-95.95138,33.85733],[-95.95238,33.85731],[-95.94733,33.85892],[-95.95773,33.85817],[-95.97463,33.85546],[-95.98486,33.85249],[-95.98604,33.85693],[-95.98406,33.86012],[-95.98493,33.86581],[-95.98919,33.86859],[-95.99211,33.86885],[-96.00187,33.87374],[-96.00293,33.87359],[-96.00457,33.87071],[-96.00288,33.86667],[-95.99969,33.86255],[-95.99487,33.86182],[-95.99771,33.85218],[-96.00026,33.8494],[-96.00355,33.84789],[-96.005,33.84599],[-96.0036,33.84603],[-96.00405,33.84524],[-96.01091,33.8443],[-96.02062,33.84063],[-96.02274,33.84109],[-96.02324,33.84248],[-96.02251,33.84613],[-96.02033,33.84958],[-96.01954,33.8535],[-96.02008,33.85505],[-96.02241,33.85704],[-96.02523,33.85749],[-96.02697,33.85747],[-96.0305,33.85526],[-96.03087,33.84836],[-96.03508,33.84256],[-96.03898,33.84028],[-96.04883,33.83647],[-96.06393,33.84153],[-96.07266,33.84294],[-96.07744,33.84497],[-96.08463,33.84666],[-96.09488,33.84735],[-96.09709,33.85064],[-96.10089,33.84813],[-96.10324,33.84845],[-96.10829,33.84651],[-96.10886,33.84582],[-96.10852,33.84386],[-96.11053,33.84299],[-96.11599,33.84819],[-96.11929,33.84906],[-96.12414,33.84819],[-96.12612,33.84705],[-96.12729,33.84498],[-96.1288,33.84524],[-96.13285,33.8494],[-96.14164,33.85374],[-96.14451,33.85334],[-96.14662,33.84988],[-96.15616,33.84794],[-96.1594,33.85008],[-96.15943,33.85197],[-96.15646,33.8529],[-96.15749,33.85425],[-96.16149,33.8526],[-96.1632,33.85365],[-96.1658,33.85353],[-96.16747,33.85176],[-96.17257,33.85375],[-96.1735,33.85262],[-96.17492,33.85245],[-96.17709,33.8539],[-96.17825,33.85714],[-96.18382,33.85579],[-96.18518,33.85973],[-96.18637,33.85929],[-96.18638,33.85783],[-96.18736,33.85709],[-96.1894,33.85766],[-96.18986,33.85872],[-96.18886,33.85962],[-96.19049,33.86007],[-96.19205,33.85969],[-96.19188,33.8578],[-96.19598,33.85896],[-96.19506,33.85755],[-96.1981,33.85654],[-96.19941,33.8572],[-96.19879,33.8595],[-96.20121,33.85951],[-96.20118,33.85693],[-96.20297,33.8573],[-96.20308,33.85603],[-96.20421,33.85503],[-96.20442,33.85681],[-96.20538,33.85751],[-96.20723,33.85621],[-96.2079,33.85768],[-96.2102,33.85609],[-96.21066,33.85734],[-96.21172,33.85685],[-96.21319,33.85773],[-96.2131,33.85898],[-96.21381,33.85951],[-96.21602,33.858],[-96.21482,33.85668],[-96.21804,33.85522],[-96.21765,33.85434],[-96.21946,33.85147],[-96.21798,33.8505],[-96.21846,33.84958],[-96.21975,33.8504],[-96.22,33.84898],[-96.22136,33.84957],[-96.22189,33.84858],[-96.22369,33.84859],[-96.22403,33.84753],[-96.22571,33.84779],[-96.22463,33.84707],[-96.22549,33.84681],[-96.22484,33.84578],[-96.22583,33.84507],[-96.22548,33.84373],[-96.22721,33.84161],[-96.2272,33.84049],[-96.22881,33.84183],[-96.23204,33.84137],[-96.231,33.84043],[-96.23273,33.83984],[-96.23244,33.83913],[-96.23119,33.83923],[-96.23187,33.83786],[-96.23321,33.83809],[-96.23381,33.83926],[-96.23414,33.83774],[-96.23529,33.83832],[-96.23613,33.83785],[-96.23708,33.83887],[-96.23826,33.83628],[-96.24055,33.83719],[-96.24213,33.83486],[-96.24355,33.83518],[-96.24587,33.83416],[-96.24794,33.83192],[-96.24977,33.83338],[-96.2518,33.83276],[-96.25374,33.83409],[-96.25461,33.83281],[-96.25595,33.83277],[-96.25592,33.83378],[-96.25788,33.83284],[-96.25929,33.8351],[-96.26287,33.83675],[-96.26289,33.83472],[-96.26399,33.83473],[-96.26625,33.83764],[-96.26761,33.83675],[-96.26872,33.83704],[-96.26791,33.83833],[-96.26998,33.83898],[-96.27043,33.84067],[-96.27219,33.83932],[-96.27386,33.83935],[-96.27357,33.84073],[-96.27624,33.84179],[-96.2763,33.83945],[-96.2773,33.83935],[-96.27778,33.84081],[-96.27905,33.84048],[-96.27776,33.83912],[-96.27863,33.83846],[-96.28003,33.83945],[-96.2813,33.83879],[-96.28331,33.83926],[-96.28151,33.8405],[-96.28181,33.84163],[-96.2841,33.84207],[-96.28513,33.84116],[-96.28741,33.84253],[-96.28904,33.84218],[-96.28946,33.84297],[-96.29057,33.84217],[-96.29024,33.84053],[-96.29127,33.84023],[-96.29281,33.84111],[-96.29444,33.83974],[-96.29532,33.84041],[-96.29467,33.84184],[-96.29606,33.84052],[-96.29751,33.84096],[-96.2974,33.84236],[-96.29964,33.84145],[-96.29849,33.84456],[-96.30225,33.84297],[-96.30448,33.84335],[-96.30526,33.8425],[-96.30485,33.84139],[-96.30696,33.83932],[-96.31039,33.84147],[-96.3126,33.84074],[-96.31326,33.83917],[-96.31457,33.84147],[-96.31801,33.84268],[-96.31832,33.84173],[-96.32083,33.84091],[-96.3221,33.84136],[-96.32216,33.84269],[-96.32436,33.84277],[-96.32494,33.84346],[-96.32619,33.84294],[-96.32663,33.84167],[-96.32773,33.84358],[-96.32944,33.84289],[-96.33022,33.84374],[-96.33287,33.84262],[-96.33331,33.8434],[-96.33257,33.84439],[-96.33438,33.84478],[-96.33394,33.84631],[-96.33515,33.8467],[-96.33545,33.84788],[-96.33335,33.84837],[-96.33326,33.84976],[-96.33483,33.84959],[-96.33673,33.85124],[-96.33863,33.85085],[-96.33908,33.85213],[-96.34021,33.8515],[-96.34086,33.85297],[-96.34347,33.85159],[-96.34513,33.85191],[-96.34501,33.85365],[-96.34618,33.85346],[-96.34729,33.85454],[-96.34989,33.85288],[-96.34803,33.85211],[-96.34964,33.85028],[-96.35104,33.8509],[-96.3518,33.85249],[-96.35266,33.84981],[-96.35611,33.8516],[-96.35668,33.84994],[-96.35775,33.85087],[-96.35938,33.8497],[-96.36079,33.84975],[-96.36157,33.85163],[-96.36278,33.85139],[-96.36329,33.84943],[-96.3638,33.85114],[-96.36572,33.85013],[-96.36773,33.85702],[-96.36921,33.85614],[-96.36993,33.85854],[-96.37171,33.85724],[-96.37351,33.85964],[-96.37736,33.85974],[-96.37864,33.86223],[-96.3805,33.86179],[-96.38254,33.8634],[-96.38089,33.8646],[-96.38439,33.86576],[-96.38469,33.86789],[-96.38684,33.86769],[-96.3887,33.86921],[-96.39115,33.86939],[-96.39194,33.87142],[-96.39408,33.87146],[-96.39356,33.87355],[-96.39611,33.87314],[-96.39677,33.87429],[-96.39823,33.8748],[-96.39802,33.87624],[-96.39973,33.87687],[-96.39912,33.87818],[-96.40237,33.87878],[-96.4025,33.88105],[-96.40593,33.88102],[-96.40779,33.87977],[-96.40903,33.88271],[-96.41054,33.88187],[-96.41171,33.88275],[-96.41406,33.88269],[-96.41248,33.88379],[-96.41321,33.88535],[-96.41508,33.88445],[-96.41492,33.88322],[-96.41666,33.88237],[-96.41914,33.8849],[-96.42202,33.88571],[-96.4212,33.88697],[-96.42448,33.88788],[-96.42745,33.89084],[-96.42784,33.89291],[-96.42918,33.89166],[-96.4303,33.89191],[-96.43046,33.89261],[-96.42951,33.89315],[-96.43057,33.89438],[-96.43023,33.89554],[-96.43373,33.89806],[-96.43241,33.8985],[-96.43379,33.89901],[-96.43305,33.90086],[-96.43401,33.90161],[-96.43392,33.90273],[-96.43658,33.90496],[-96.43483,33.90599],[-96.43581,33.90715],[-96.43415,33.90759],[-96.43566,33.90849],[-96.43709,33.91084],[-96.43616,33.91135],[-96.43714,33.91293],[-96.43572,33.91331],[-96.43683,33.91437],[-96.43651,33.91547],[-96.43921,33.91788],[-96.44051,33.9171],[-96.44325,33.91898],[-96.44226,33.91995],[-96.44527,33.92341],[-96.44415,33.92404],[-96.44486,33.924],[-96.44474,33.92514],[-96.44571,33.9253],[-96.44642,33.92639],[-96.44584,33.9267],[-96.44686,33.92708],[-96.44699,33.92782],[-96.44599,33.92824],[-96.44722,33.93056],[-96.44845,33.93098],[-96.44747,33.93316],[-96.449,33.93471],[-96.44871,33.93559],[-96.45004,33.93579],[-96.45018,33.93731],[-96.44985,33.93823],[-96.4483,33.93829],[-96.44993,33.93982],[-96.44842,33.94106],[-96.44975,33.94362],[-96.44907,33.94466],[-96.44967,33.94517],[-96.44815,33.94553],[-96.45024,33.94769],[-96.44929,33.94843],[-96.45062,33.94885],[-96.45022,33.94955],[-96.4513,33.95065],[-96.45129,33.95181],[-96.45268,33.95259],[-96.45092,33.95389],[-96.45313,33.95604],[-96.45353,33.95872],[-96.455,33.96065]]]}},{"type":"Feature","properties":{"std_name":"Otoe-Missouria OTSA","NAME":"Otoe-Missouria","mcgirt_status":"not_mcgirt","order":99,"std_note":"OTSA polygons are the Census Bureau's statistical proxy for the historic reservation footprint, not a court-drawn line. mcgirt_status: affirmed = McGirt or the OCCA applying it; disestablished = Osage; not_mcgirt = a statistical area for a tribe without an affirmed reservation."},"geometry":{"type":"Polygon","coordinates":[[[-97.24739,36.50697],[-97.00978,36.50693],[-97.00842,36.49661],[-97.00674,36.49287],[-97.00697,36.48925],[-97.00547,36.48603],[-97.00076,36.48121],[-96.9938,36.47855],[-96.98873,36.47496],[-96.98379,36.47048],[-96.98196,36.46606],[-96.96839,36.46039],[-96.95434,36.46005],[-96.94024,36.45553],[-96.93383,36.45628],[-96.926,36.4615],[-96.92485,36.40581],[-96.92494,36.33334],[-97.18391,36.33336],[-97.19322,36.32595],[-97.19634,36.32664],[-97.20236,36.32599],[-97.20998,36.32714],[-97.21109,36.328],[-97.2111,36.33326],[-97.24677,36.33309],[-97.24708,36.35225],[-97.24605,36.35443],[-97.24662,36.35461],[-97.24611,36.3566],[-97.24685,36.36138],[-97.24686,36.50448],[-97.24739,36.50697]]]}},{"type":"Feature","properties":{"std_name":"Pawnee OTSA","NAME":"Pawnee","mcgirt_status":"not_mcgirt","order":99,"std_note":"OTSA polygons are the Census Bureau's statistical proxy for the historic reservation footprint, not a court-drawn line. mcgirt_status: affirmed = McGirt or the OCCA applying it; disestablished = Osage; not_mcgirt = a statistical area for a tribe without an affirmed reservation."},"geometry":{"type":"Polygon","coordinates":[[[-96.926,36.4614],[-96.92524,36.46301],[-96.91754,36.46393],[-96.91248,36.46784],[-96.90378,36.46897],[-96.90184,36.46827],[-96.89773,36.46852],[-96.88756,36.47278],[-96.87737,36.4707],[-96.87532,36.47091],[-96.86798,36.47747],[-96.86558,36.48117],[-96.85965,36.48546],[-96.85744,36.48588],[-96.85168,36.49126],[-96.84229,36.50728],[-96.83902,36.5097],[-96.83791,36.51175],[-96.83718,36.51622],[-96.83771,36.52077],[-96.83437,36.52461],[-96.82636,36.52951],[-96.82061,36.53932],[-96.79815,36.55356],[-96.79088,36.55556],[-96.78321,36.56052],[-96.76947,36.56541],[-96.75355,36.5626],[-96.74871,36.55953],[-96.74316,36.554],[-96.73881,36.5517],[-96.73267,36.54323],[-96.72829,36.53207],[-96.72695,36.52613],[-96.72349,36.52018],[-96.72315,36.50894],[-96.72485,36.5032],[-96.71995,36.49682],[-96.7139,36.49278],[-96.70967,36.49118],[-96.70764,36.48937],[-96.70627,36.48621],[-96.70556,36.48112],[-96.70619,36.47756],[-96.70828,36.47482],[-96.71807,36.45398],[-96.71753,36.44819],[-96.71618,36.44603],[-96.71713,36.44534],[-96.71684,36.44453],[-96.71077,36.43766],[-96.70615,36.43539],[-96.702,36.43137],[-96.69016,36.42411],[-96.67846,36.42085],[-96.67243,36.42055],[-96.6371,36.42599],[-96.62739,36.42223],[-96.62232,36.41614],[-96.62011,36.40978],[-96.61474,36.40704],[-96.61303,36.40533],[-96.60821,36.40435],[-96.60614,36.40284],[-96.60424,36.39826],[-96.60138,36.38146],[-96.59431,36.37643],[-96.5896,36.37452],[-96.58391,36.37356],[-96.57848,36.3738],[-96.57213,36.37599],[-96.55046,36.39495],[-96.54072,36.4004],[-96.53634,36.39988],[-96.52889,36.39594],[-96.52594,36.39355],[-96.5224,36.38706],[-96.51864,36.377],[-96.51931,36.37343],[-96.52176,36.37047],[-96.52279,36.36558],[-96.53418,36.35596],[-96.54397,36.35272],[-96.55397,36.35128],[-96.55903,36.34854],[-96.56922,36.3364],[-96.57031,36.33602],[-96.57288,36.33186],[-96.57348,36.31571],[-96.56391,36.3061],[-96.55245,36.29993],[-96.54703,36.29813],[-96.53641,36.29642],[-96.52528,36.29641],[-96.51969,36.2972],[-96.51103,36.30001],[-96.50571,36.30304],[-96.5025,36.30613],[-96.4987,36.31214],[-96.4973,36.31732],[-96.48677,36.32985],[-96.48068,36.3322],[-96.47406,36.33358],[-96.4644,36.33405],[-96.45768,36.33266],[-96.45424,36.33037],[-96.44576,36.32127],[-96.442,36.31512],[-96.43853,36.30505],[-96.43795,36.29416],[-96.43631,36.28975],[-96.43381,36.28589],[-96.4278,36.28018],[-96.42243,36.27746],[-96.40131,36.27347],[-96.38679,36.26714],[-96.36256,36.25008],[-96.35148,36.23748],[-96.34768,36.2344],[-96.3366,36.22884],[-96.32216,36.22621],[-96.31312,36.22795],[-96.30432,36.22834],[-96.29047,36.22687],[-96.26733,36.22745],[-96.25662,36.22568],[-96.24939,36.21891],[-96.24461,36.21081],[-96.24282,36.20473],[-96.24397,36.19696],[-96.24756,36.19155],[-96.25773,36.18366],[-96.26419,36.17978],[-96.26918,36.17368],[-96.27021,36.16762],[-96.26829,36.16198],[-96.61355,36.1636],[-96.62092,36.16344],[-96.62091,36.16279],[-96.62209,36.16279],[-96.62211,36.15976],[-96.81901,36.15889],[-96.81892,36.2236],[-96.81835,36.23103],[-96.81897,36.24648],[-96.92507,36.24647],[-96.92485,36.40581],[-96.926,36.4614]]]}},{"type":"Feature","properties":{"std_name":"Osage Reservation","NAME":"Osage","mcgirt_status":"disestablished","order":99,"std_note":"OTSA polygons are the Census Bureau's statistical proxy for the historic reservation footprint, not a court-drawn line. mcgirt_status: affirmed = McGirt or the OCCA applying it; disestablished = Osage; not_mcgirt = a statistical area for a tribe without an affirmed reservation."},"geometry":{"type":"Polygon","coordinates":[[[-97.06405,36.66531],[-97.06411,36.68421],[-97.06141,36.68686],[-97.05702,36.68899],[-97.05324,36.69221],[-97.03863,36.69918],[-97.03635,36.70108],[-97.03253,36.70196],[-97.03068,36.70159],[-97.02756,36.69916],[-97.02419,36.6934],[-97.02202,36.69275],[-97.01522,36.6944],[-97.00694,36.69228],[-97.00539,36.694],[-97.00303,36.69345],[-96.99682,36.68886],[-96.99433,36.68785],[-96.96709,36.68854],[-96.95018,36.68363],[-96.94768,36.68353],[-96.93194,36.6861],[-96.92726,36.6888],[-96.92843,36.6941],[-96.92679,36.69781],[-96.9226,36.70287],[-96.92055,36.71775],[-96.91809,36.7188],[-96.91143,36.72473],[-96.9086,36.73015],[-96.90743,36.73584],[-96.88858,36.75179],[-96.87878,36.75185],[-96.87181,36.75365],[-96.86869,36.75354],[-96.85363,36.74611],[-96.85012,36.74634],[-96.83897,36.74371],[-96.8341,36.74344],[-96.83038,36.74417],[-96.82467,36.74669],[-96.82167,36.75004],[-96.81901,36.75599],[-96.81806,36.75899],[-96.81883,36.76366],[-96.82259,36.76756],[-96.78869,36.7676],[-96.78865,36.78201],[-96.75238,36.78209],[-96.75215,36.94123],[-96.75003,36.94124],[-96.74984,36.99899],[-96.50029,36.99864],[-96.29847,36.99941],[-96.00081,36.99886],[-96.00123,36.1613],[-96.17493,36.16106],[-96.26829,36.16198],[-96.27021,36.16762],[-96.26918,36.17368],[-96.26419,36.17978],[-96.25773,36.18366],[-96.24756,36.19155],[-96.24397,36.19696],[-96.24305,36.20024],[-96.24282,36.20473],[-96.24634,36.21468],[-96.25396,36.22377],[-96.25662,36.22568],[-96.25943,36.22649],[-96.26733,36.22745],[-96.29047,36.22687],[-96.30633,36.22831],[-96.31651,36.22753],[-96.32216,36.22621],[-96.32949,36.22709],[-96.34,36.23002],[-96.34768,36.2344],[-96.35148,36.23748],[-96.36256,36.25008],[-96.38679,36.26714],[-96.40131,36.27347],[-96.42243,36.27746],[-96.4278,36.28018],[-96.43381,36.28589],[-96.43631,36.28975],[-96.43795,36.29416],[-96.43853,36.30505],[-96.442,36.31512],[-96.44576,36.32127],[-96.45424,36.33037],[-96.45768,36.33266],[-96.4644,36.33405],[-96.47406,36.33358],[-96.48068,36.3322],[-96.48677,36.32985],[-96.4973,36.31732],[-96.4987,36.31214],[-96.5025,36.30613],[-96.50571,36.30304],[-96.51523,36.29833],[-96.52528,36.29641],[-96.53641,36.29642],[-96.54703,36.29813],[-96.56058,36.30397],[-96.5668,36.30837],[-96.57348,36.31571],[-96.57288,36.33186],[-96.57031,36.33602],[-96.56922,36.3364],[-96.55903,36.34854],[-96.55397,36.35128],[-96.54397,36.35272],[-96.53418,36.35596],[-96.52279,36.36558],[-96.52176,36.37047],[-96.51931,36.37343],[-96.51864,36.377],[-96.5224,36.38706],[-96.52594,36.39355],[-96.52889,36.39594],[-96.53634,36.39988],[-96.54072,36.4004],[-96.55046,36.39495],[-96.57213,36.37599],[-96.57848,36.3738],[-96.58391,36.37356],[-96.5896,36.37452],[-96.59431,36.37643],[-96.60138,36.38146],[-96.60424,36.39826],[-96.60614,36.40284],[-96.60821,36.40435],[-96.61303,36.40533],[-96.61474,36.40704],[-96.62011,36.40978],[-96.62232,36.41614],[-96.62739,36.42223],[-96.6371,36.42599],[-96.67243,36.42055],[-96.67846,36.42085],[-96.69016,36.42411],[-96.702,36.43137],[-96.70615,36.43539],[-96.71077,36.43766],[-96.71684,36.44453],[-96.71713,36.44534],[-96.71618,36.44603],[-96.71753,36.44819],[-96.71807,36.45398],[-96.70828,36.47482],[-96.70619,36.47756],[-96.70556,36.48112],[-96.70627,36.48621],[-96.70764,36.48937],[-96.70967,36.49118],[-96.7139,36.49278],[-96.71995,36.49682],[-96.72485,36.5032],[-96.72315,36.50894],[-96.72349,36.52018],[-96.72695,36.52613],[-96.72829,36.53207],[-96.73267,36.54323],[-96.73881,36.5517],[-96.74316,36.554],[-96.74871,36.55953],[-96.75355,36.5626],[-96.76947,36.56541],[-96.78321,36.56052],[-96.79088,36.55556],[-96.79815,36.55356],[-96.82061,36.53932],[-96.82636,36.52951],[-96.83437,36.52461],[-96.83771,36.52077],[-96.83718,36.51622],[-96.83791,36.51175],[-96.83902,36.5097],[-96.84229,36.50728],[-96.85168,36.49126],[-96.85744,36.48588],[-96.85965,36.48546],[-96.86558,36.48117],[-96.86798,36.47747],[-96.87532,36.47091],[-96.87737,36.4707],[-96.88756,36.47278],[-96.89773,36.46852],[-96.90184,36.46827],[-96.90378,36.46897],[-96.91169,36.46804],[-96.9184,36.46357],[-96.92524,36.46301],[-96.92658,36.46074],[-96.93046,36.45899],[-96.93383,36.45628],[-96.93913,36.45548],[-96.94757,36.45746],[-96.95434,36.46005],[-96.96839,36.46039],[-96.98196,36.46606],[-96.98434,36.47112],[-96.99266,36.47786],[-97.00076,36.48121],[-97.0052,36.48566],[-97.00697,36.48925],[-97.00674,36.49287],[-97.00842,36.49661],[-97.00973,36.50391],[-97.0097,36.51005],[-97.00776,36.51832],[-97.00502,36.52182],[-97.0015,36.52554],[-96.99619,36.52898],[-96.98179,36.53449],[-96.97148,36.53596],[-96.96119,36.53404],[-96.95282,36.53618],[-96.94828,36.53852],[-96.94236,36.5446],[-96.92471,36.55256],[-96.91271,36.55291],[-96.90373,36.55145],[-96.90126,36.55174],[-96.89908,36.55322],[-96.89037,36.56361],[-96.88899,36.56641],[-96.88914,36.5714],[-96.88802,36.57489],[-96.90446,36.58894],[-96.90871,36.59579],[-96.91072,36.59762],[-96.91532,36.59997],[-96.92049,36.60066],[-96.92644,36.5996],[-96.93373,36.59554],[-96.94156,36.59405],[-96.94863,36.59],[-96.96403,36.5874],[-96.96696,36.58628],[-96.97585,36.58521],[-96.98058,36.58596],[-96.98562,36.585],[-96.99284,36.58496],[-97.00286,36.58256],[-97.03585,36.5862],[-97.05588,36.59246],[-97.05791,36.59465],[-97.05815,36.59653],[-97.0571,36.59783],[-97.04689,36.59744],[-97.04442,36.5993],[-97.04382,36.60067],[-97.04469,36.60272],[-97.05027,36.60889],[-97.05211,36.61258],[-97.05176,36.61627],[-97.04856,36.62323],[-97.0512,36.63052],[-97.05152,36.64122],[-97.0546,36.64545],[-97.06101,36.64909],[-97.06199,36.65073],[-97.06323,36.65792],[-97.06265,36.66121],[-97.06405,36.66531]]]}}]}