{"type":"FeatureCollection","features":[{"type":"Feature","properties":{"std_name":"State Senate District 24","std_geoid":"36024","pen":"politicians","std_note":null,"LSAD":"LU"},"geometry":{"type":"Polygon","coordinates":[[[-74.25884,40.49887],[-74.25813,40.50872],[-74.2541,40.51566],[-74.24602,40.52096],[-74.25028,40.5423],[-74.24748,40.54938],[-74.23141,40.55918],[-74.218,40.55706],[-74.21457,40.56053],[-74.21014,40.57372],[-74.20724,40.58792],[-74.19959,40.59785],[-74.19959,40.60038],[-74.20483,40.60606],[-74.20389,40.61428],[-74.20243,40.61677],[-74.20392,40.62437],[-74.20228,40.62878],[-74.2024,40.63159],[-74.19816,40.63479],[-74.19745,40.63587],[-74.19714,40.6357],[-74.19599,40.63517],[-74.18653,40.63021],[-74.18622,40.63051],[-74.18324,40.62902],[-74.18352,40.62877],[-74.18168,40.62779],[-74.17884,40.62611],[-74.17767,40.62507],[-74.17577,40.62327],[-74.17523,40.62287],[-74.1744,40.6224],[-74.17377,40.62212],[-74.1731,40.62188],[-74.16922,40.62131],[-74.16872,40.62121],[-74.16799,40.62097],[-74.16588,40.62014],[-74.1647,40.61963],[-74.16361,40.6191],[-74.16153,40.61799],[-74.1605,40.61742],[-74.15797,40.61565],[-74.15471,40.61315],[-74.15369,40.61232],[-74.15314,40.61437],[-74.1525,40.61656],[-74.15198,40.61753],[-74.14769,40.62207],[-74.14705,40.62297],[-74.14649,40.62399],[-74.14615,40.62493],[-74.14402,40.62499],[-74.14166,40.62464],[-74.13827,40.62425],[-74.13723,40.6243],[-74.13618,40.62484],[-74.13581,40.62506],[-74.13806,40.62707],[-74.13806,40.62757],[-74.13786,40.62769],[-74.13674,40.62866],[-74.13586,40.62806],[-74.13409,40.62954],[-74.13344,40.62908],[-74.13162,40.63058],[-74.13107,40.63115],[-74.13061,40.6309],[-74.13046,40.6309],[-74.13025,40.62961],[-74.13069,40.62834],[-74.13131,40.62633],[-74.13004,40.62643],[-74.12513,40.6271],[-74.12216,40.62748],[-74.11901,40.62871],[-74.11828,40.62896],[-74.11619,40.62894],[-74.11336,40.62928],[-74.10827,40.63023],[-74.10605,40.6306],[-74.10577,40.63057],[-74.10368,40.63081],[-74.10151,40.63107],[-74.09888,40.63145],[-74.09799,40.63176],[-74.09839,40.63401],[-74.09727,40.634],[-74.09686,40.63456],[-74.09645,40.63533],[-74.09588,40.63564],[-74.09348,40.63494],[-74.09273,40.63537],[-74.09245,40.63562],[-74.09091,40.63549],[-74.09056,40.6335],[-74.09004,40.63277],[-74.08877,40.63219],[-74.0867,40.63453],[-74.08575,40.63396],[-74.08714,40.63224],[-74.08482,40.63058],[-74.08516,40.63014],[-74.08303,40.62873],[-74.08387,40.62745],[-74.08399,40.62705],[-74.08415,40.62627],[-74.08496,40.62463],[-74.08525,40.6228],[-74.08549,40.62165],[-74.0859,40.61991],[-74.08608,40.61852],[-74.08627,40.61783],[-74.08657,40.61717],[-74.08783,40.61532],[-74.08778,40.61494],[-74.08743,40.61442],[-74.08721,40.61331],[-74.08792,40.61229],[-74.08933,40.61277],[-74.08968,40.61235],[-74.08976,40.61223],[-74.08973,40.61209],[-74.08942,40.61205],[-74.08885,40.61185],[-74.08951,40.61088],[-74.089,40.61066],[-74.08959,40.60985],[-74.09057,40.609],[-74.08889,40.60823],[-74.08921,40.60792],[-74.08597,40.60668],[-74.08662,40.60603],[-74.08593,40.60562],[-74.08513,40.60635],[-74.08352,40.60574],[-74.08465,40.6046],[-74.08521,40.60409],[-74.08565,40.60374],[-74.08587,40.60385],[-74.08614,40.60358],[-74.08952,40.60538],[-74.09092,40.60616],[-74.0924,40.60707],[-74.09266,40.6068],[-74.09276,40.6066],[-74.09278,40.60644],[-74.09259,40.60514],[-74.09261,40.60323],[-74.09282,40.60181],[-74.09284,40.60109],[-74.09178,40.59924],[-74.09178,40.59872],[-74.09229,40.59808],[-74.09258,40.59821],[-74.0928,40.59817],[-74.09313,40.59774],[-74.09359,40.59745],[-74.09336,40.59703],[-74.09376,40.59674],[-74.09428,40.59645],[-74.0949,40.5963],[-74.09586,40.59595],[-74.09722,40.59537],[-74.0998,40.59387],[-74.10041,40.59334],[-74.10064,40.59303],[-74.10082,40.59267],[-74.10098,40.59183],[-74.1009,40.59102],[-74.10088,40.59018],[-74.10149,40.58934],[-74.10208,40.58874],[-74.10455,40.5865],[-74.10526,40.58592],[-74.09844,40.58124],[-74.09341,40.58524],[-74.09262,40.58594],[-74.08912,40.58414],[-74.0885,40.58479],[-74.08654,40.58373],[-74.07833,40.57953],[-74.07689,40.5787],[-74.07603,40.5783],[-74.07382,40.58045],[-74.06953,40.58469],[-74.06496,40.58901],[-74.05961,40.58487],[-74.05487,40.58878],[-74.05367,40.58751],[-74.03505,40.57285],[-74.0363,40.55091],[-74.03813,40.53829],[-74.04228,40.50809],[-74.22533,40.47658],[-74.25304,40.48666],[-74.25884,40.49887]]]}},{"type":"Feature","properties":{"std_name":"State Senate District 10","std_geoid":"36010","pen":"politicians","std_note":null,"LSAD":"LU"},"geometry":{"type":"Polygon","coordinates":[[[-74.03813,40.53829],[-74.03629,40.55104],[-73.99709,40.55728],[-73.95928,40.56308],[-73.95167,40.56431],[-73.9507,40.56443],[-73.945,40.56531],[-73.93489,40.56665],[-73.93336,40.56693],[-73.92807,40.56779],[-73.90491,40.57141],[-73.90387,40.57162],[-73.89052,40.5727],[-73.88507,40.57375],[-73.87922,40.57466],[-73.87142,40.57854],[-73.86923,40.57934],[-73.86561,40.5812],[-73.85352,40.58659],[-73.84985,40.58867],[-73.84739,40.59203],[-73.84668,40.59321],[-73.84444,40.59586],[-73.84202,40.59831],[-73.83588,40.60564],[-73.83446,40.60719],[-73.83428,40.60919],[-73.83405,40.61346],[-73.83339,40.62767],[-73.83304,40.62826],[-73.83538,40.63032],[-73.83624,40.63111],[-73.83765,40.63284],[-73.84834,40.64352],[-73.84,40.64414],[-73.83566,40.64406],[-73.83633,40.64532],[-73.83592,40.6455],[-73.83803,40.65425],[-73.83855,40.65589],[-73.83896,40.65755],[-73.83973,40.66095],[-73.8404,40.66083],[-73.84082,40.66251],[-73.84262,40.66225],[-73.8422,40.66058],[-73.8468,40.65991],[-73.84639,40.65824],[-73.84731,40.65811],[-73.84841,40.66256],[-73.84881,40.6628],[-73.84942,40.66357],[-73.84967,40.66398],[-73.84992,40.66463],[-73.85034,40.66632],[-73.84795,40.66672],[-73.84714,40.66563],[-73.84556,40.66635],[-73.84531,40.66652],[-73.84515,40.66671],[-73.84504,40.66696],[-73.84501,40.66721],[-73.84504,40.66738],[-73.84458,40.66739],[-73.8441,40.66746],[-73.84258,40.66777],[-73.84231,40.6679],[-73.8422,40.66805],[-73.84273,40.66981],[-73.84291,40.67064],[-73.84267,40.67053],[-73.84226,40.67059],[-73.8424,40.67068],[-73.84079,40.67089],[-73.84118,40.67243],[-73.83641,40.67312],[-73.83698,40.67468],[-73.83804,40.67664],[-73.83816,40.6766],[-73.83813,40.67682],[-73.83976,40.68],[-73.83678,40.67957],[-73.83333,40.67866],[-73.82995,40.6779],[-73.82884,40.67769],[-73.82132,40.67649],[-73.82304,40.68001],[-73.82044,40.68075],[-73.81873,40.67726],[-73.81785,40.67751],[-73.81871,40.67925],[-73.81607,40.68001],[-73.81638,40.68062],[-73.81533,40.68221],[-73.81516,40.68225],[-73.81521,40.68235],[-73.81359,40.68471],[-73.81394,40.6846],[-73.81497,40.6867],[-73.81345,40.68715],[-73.81346,40.68753],[-73.81336,40.68928],[-73.81291,40.68983],[-73.81327,40.69048],[-73.81331,40.69098],[-73.81354,40.69121],[-73.81027,40.69205],[-73.81065,40.69273],[-73.81014,40.69288],[-73.8109,40.69424],[-73.80834,40.69497],[-73.80753,40.69369],[-73.80713,40.69401],[-73.8063,40.69345],[-73.80544,40.69418],[-73.80463,40.69364],[-73.80376,40.69438],[-73.80296,40.69382],[-73.80211,40.69454],[-73.80142,40.69407],[-73.80094,40.69443],[-73.7999,40.69499],[-73.7991,40.69532],[-73.79833,40.69425],[-73.79823,40.69407],[-73.79792,40.69371],[-73.79757,40.69388],[-73.79643,40.6923],[-73.79598,40.69248],[-73.79333,40.68888],[-73.79235,40.68739],[-73.79105,40.68793],[-73.79108,40.68798],[-73.79067,40.68815],[-73.79039,40.68775],[-73.78705,40.68859],[-73.78479,40.68936],[-73.78243,40.69034],[-73.78149,40.6887],[-73.77891,40.68957],[-73.77796,40.68791],[-73.77662,40.68836],[-73.77448,40.68673],[-73.7724,40.68528],[-73.76974,40.68378],[-73.76716,40.68237],[-73.76161,40.67974],[-73.76183,40.67905],[-73.76192,40.67888],[-73.76289,40.6775],[-73.76325,40.67679],[-73.76343,40.67632],[-73.76368,40.67475],[-73.76339,40.67468],[-73.76162,40.67542],[-73.76115,40.67476],[-73.76032,40.67511],[-73.75899,40.67321],[-73.75874,40.67288],[-73.7586,40.67275],[-73.75857,40.67264],[-73.76047,40.67228],[-73.76022,40.6721],[-73.75826,40.67103],[-73.75895,40.67098],[-73.75882,40.66953],[-73.75861,40.6692],[-73.75912,40.66735],[-73.75732,40.66704],[-73.75763,40.66645],[-73.75593,40.66639],[-73.75526,40.6664],[-73.75487,40.66698],[-73.75327,40.6664],[-73.75176,40.6664],[-73.75071,40.66643],[-73.73856,40.6664],[-73.73843,40.66627],[-73.73626,40.66628],[-73.73645,40.66652],[-73.7361,40.66659],[-73.73192,40.66656],[-73.73176,40.6666],[-73.7314,40.66725],[-73.72975,40.66672],[-73.7297,40.66691],[-73.72826,40.66661],[-73.72822,40.66596],[-73.72784,40.66505],[-73.72776,40.66398],[-73.72781,40.66322],[-73.72808,40.66307],[-73.72833,40.66304],[-73.72793,40.66175],[-73.72721,40.66042],[-73.72644,40.65916],[-73.72593,40.65773],[-73.72534,40.65532],[-73.72479,40.654],[-73.72487,40.65345],[-73.72482,40.65302],[-73.72498,40.65268],[-73.72505,40.65234],[-73.72525,40.65219],[-73.72643,40.65179],[-73.72667,40.65169],[-73.72687,40.65154],[-73.73,40.65048],[-73.73105,40.65023],[-73.73143,40.65017],[-73.73513,40.64973],[-73.73905,40.6482],[-73.74144,40.64689],[-73.74144,40.64609],[-73.74166,40.6422],[-73.74205,40.64147],[-73.74143,40.6405],[-73.74228,40.64012],[-73.74126,40.63891],[-73.73947,40.63571],[-73.73996,40.63514],[-73.74168,40.63484],[-73.74224,40.63485],[-73.74265,40.63504],[-73.74267,40.63541],[-73.74258,40.63565],[-73.74208,40.63638],[-73.74127,40.63726],[-73.74119,40.63741],[-73.7412,40.63759],[-73.7415,40.63785],[-73.74236,40.63809],[-73.7433,40.63805],[-73.74418,40.63736],[-73.74602,40.63521],[-73.748,40.63463],[-73.76743,40.62661],[-73.76776,40.62611],[-73.76778,40.62591],[-73.76815,40.62545],[-73.76825,40.6254],[-73.76833,40.6251],[-73.7686,40.62473],[-73.76865,40.62447],[-73.76878,40.62429],[-73.76878,40.6242],[-73.76883,40.6241],[-73.76881,40.62403],[-73.76884,40.62395],[-73.76867,40.62359],[-73.76855,40.62315],[-73.76757,40.62148],[-73.76672,40.615],[-73.76524,40.61494],[-73.76208,40.61273],[-73.76002,40.61135],[-73.75723,40.61099],[-73.7552,40.61059],[-73.75473,40.61041],[-73.75346,40.61052],[-73.75009,40.61164],[-73.74912,40.61179],[-73.74822,40.61201],[-73.74799,40.61231],[-73.7475,40.61189],[-73.74712,40.61204],[-73.74694,40.61178],[-73.74675,40.6114],[-73.74553,40.61187],[-73.74306,40.608],[-73.74315,40.60796],[-73.74307,40.60789],[-73.7432,40.60771],[-73.74355,40.60745],[-73.74317,40.60718],[-73.74177,40.60602],[-73.74115,40.60546],[-73.74029,40.6046],[-73.73946,40.60424],[-73.73923,40.60403],[-73.73852,40.60313],[-73.73846,40.60284],[-73.73826,40.60256],[-73.73844,40.59781],[-73.73846,40.59587],[-73.73808,40.59459],[-73.73764,40.59441],[-73.73741,40.59343],[-73.73718,40.59296],[-73.74324,40.59284],[-73.74447,40.5929],[-73.74775,40.5915],[-73.75212,40.58818],[-73.7555,40.58539],[-73.7557,40.57869],[-73.75826,40.55536],[-73.76223,40.5502],[-73.76493,40.5444],[-73.76763,40.53715],[-73.76878,40.53375],[-73.78397,40.53239],[-73.82616,40.52287],[-73.85484,40.512],[-73.87003,40.50249],[-73.87678,40.50113],[-73.88227,40.49521],[-73.88665,40.48979],[-73.88965,40.48651],[-73.90214,40.49212],[-73.97787,40.5191],[-74.04228,40.50809],[-74.03813,40.53829]]]}},{"type":"Feature","properties":{"std_name":"State Senate District 23","std_geoid":"36023","pen":"politicians","std_note":null,"LSAD":"LU"},"geometry":{"type":"Polygon","coordinates":[[[-74.19745,40.63587],[-74.1962,40.63773],[-74.19143,40.64202],[-74.18569,40.64601],[-74.18564,40.64604],[-74.18165,40.64653],[-74.14311,40.64199],[-74.13292,40.64368],[-74.12602,40.64215],[-74.10985,40.64806],[-74.09344,40.64807],[-74.08699,40.65151],[-74.05575,40.65148],[-74.05663,40.62729],[-74.05235,40.62013],[-74.04751,40.61232],[-74.04374,40.60669],[-74.04149,40.60751],[-74.03604,40.6093],[-74.03481,40.60962],[-74.03322,40.61019],[-74.03305,40.61039],[-74.03192,40.61083],[-74.03247,40.61111],[-74.03186,40.61195],[-74.03016,40.61393],[-74.02987,40.61377],[-74.02952,40.61377],[-74.02927,40.61371],[-74.02897,40.61352],[-74.02821,40.61326],[-74.02755,40.61292],[-74.02639,40.61241],[-74.02711,40.61024],[-74.02478,40.60968],[-74.0243,40.60946],[-74.02092,40.60748],[-74.02038,40.60724],[-74.02003,40.60713],[-74.01915,40.60697],[-74.01839,40.60691],[-74.01796,40.60694],[-74.0176,40.60713],[-74.01702,40.60766],[-74.0155,40.60684],[-74.01732,40.60511],[-74.01823,40.60411],[-74.01821,40.60396],[-74.01802,40.60379],[-74.01762,40.60361],[-74.01537,40.603],[-74.01155,40.60209],[-74.00795,40.5999],[-74.00446,40.59788],[-74.00382,40.59746],[-74.00269,40.59704],[-74.00331,40.59692],[-74.00214,40.59661],[-74.0002,40.59645],[-73.99951,40.59648],[-73.99998,40.59602],[-73.99917,40.59572],[-73.99854,40.59539],[-73.99832,40.59564],[-73.99725,40.59489],[-73.99525,40.59317],[-73.99459,40.59255],[-73.994,40.59192],[-73.99347,40.59127],[-73.99299,40.59063],[-73.99256,40.58992],[-73.99154,40.59039],[-73.98848,40.58659],[-73.98984,40.58595],[-73.98909,40.58546],[-73.98798,40.58598],[-73.98754,40.58535],[-73.98742,40.58513],[-73.9845,40.58789],[-73.98347,40.58726],[-73.98464,40.59355],[-73.98071,40.594],[-73.97948,40.59323],[-73.97722,40.59192],[-73.97389,40.59231],[-73.97422,40.59011],[-73.96284,40.59136],[-73.96258,40.58996],[-73.96057,40.59018],[-73.96052,40.58945],[-73.96244,40.58924],[-73.96231,40.58852],[-73.96046,40.58872],[-73.96035,40.58731],[-73.95935,40.58742],[-73.95929,40.58662],[-73.95801,40.58676],[-73.9582,40.58754],[-73.9398,40.58957],[-73.94148,40.5983],[-73.9358,40.59892],[-73.93537,40.59654],[-73.93453,40.59231],[-73.93261,40.59252],[-73.93178,40.58814],[-73.93371,40.58793],[-73.93344,40.58654],[-73.93211,40.58629],[-73.93137,40.58607],[-73.93108,40.58439],[-73.93299,40.58411],[-73.93275,40.58295],[-73.93254,40.58294],[-73.93202,40.58311],[-73.93184,40.58308],[-73.93195,40.58202],[-73.92807,40.56779],[-73.93336,40.56693],[-73.93489,40.56665],[-73.945,40.56531],[-73.9507,40.56443],[-73.95167,40.56431],[-73.95928,40.56308],[-73.99709,40.55728],[-74.03629,40.55104],[-74.03505,40.57285],[-74.05367,40.58751],[-74.05487,40.58878],[-74.05961,40.58487],[-74.06496,40.58901],[-74.06953,40.58469],[-74.07382,40.58045],[-74.07603,40.5783],[-74.07689,40.5787],[-74.07833,40.57953],[-74.08654,40.58373],[-74.0885,40.58479],[-74.08912,40.58414],[-74.09262,40.58594],[-74.09341,40.58524],[-74.09844,40.58124],[-74.10526,40.58592],[-74.10455,40.5865],[-74.10208,40.58874],[-74.10149,40.58934],[-74.10088,40.59018],[-74.1009,40.59102],[-74.10098,40.59183],[-74.10082,40.59267],[-74.10064,40.59303],[-74.10041,40.59334],[-74.0998,40.59387],[-74.09722,40.59537],[-74.09586,40.59595],[-74.0949,40.5963],[-74.09428,40.59645],[-74.09376,40.59674],[-74.09336,40.59703],[-74.09359,40.59745],[-74.09313,40.59774],[-74.0928,40.59817],[-74.09258,40.59821],[-74.09229,40.59808],[-74.09178,40.59872],[-74.09178,40.59924],[-74.09284,40.60109],[-74.09282,40.60181],[-74.09261,40.60323],[-74.09259,40.60514],[-74.09278,40.60644],[-74.09276,40.6066],[-74.09266,40.6068],[-74.0924,40.60707],[-74.09092,40.60616],[-74.08952,40.60538],[-74.08614,40.60358],[-74.08587,40.60385],[-74.08565,40.60374],[-74.08521,40.60409],[-74.08465,40.6046],[-74.08352,40.60574],[-74.08513,40.60635],[-74.08593,40.60562],[-74.08662,40.60603],[-74.08597,40.60668],[-74.08921,40.60792],[-74.08889,40.60823],[-74.09057,40.609],[-74.08959,40.60985],[-74.089,40.61066],[-74.08951,40.61088],[-74.08885,40.61185],[-74.08942,40.61205],[-74.08973,40.61209],[-74.08976,40.61223],[-74.08968,40.61235],[-74.08933,40.61277],[-74.08792,40.61229],[-74.08721,40.61331],[-74.08743,40.61442],[-74.08778,40.61494],[-74.08783,40.61532],[-74.08657,40.61717],[-74.08627,40.61783],[-74.08608,40.61852],[-74.0859,40.61991],[-74.08549,40.62165],[-74.08525,40.6228],[-74.08496,40.62463],[-74.08415,40.62627],[-74.08399,40.62705],[-74.08387,40.62745],[-74.08303,40.62873],[-74.08516,40.63014],[-74.08482,40.63058],[-74.08714,40.63224],[-74.08575,40.63396],[-74.0867,40.63453],[-74.08877,40.63219],[-74.09004,40.63277],[-74.09056,40.6335],[-74.09091,40.63549],[-74.09245,40.63562],[-74.09273,40.63537],[-74.09348,40.63494],[-74.09588,40.63564],[-74.09645,40.63533],[-74.09686,40.63456],[-74.09727,40.634],[-74.09839,40.63401],[-74.09799,40.63176],[-74.09888,40.63145],[-74.10151,40.63107],[-74.10368,40.63081],[-74.10577,40.63057],[-74.10605,40.6306],[-74.10827,40.63023],[-74.11336,40.62928],[-74.11619,40.62894],[-74.11828,40.62896],[-74.11901,40.62871],[-74.12216,40.62748],[-74.12513,40.6271],[-74.13004,40.62643],[-74.13131,40.62633],[-74.13069,40.62834],[-74.13025,40.62961],[-74.13046,40.6309],[-74.13061,40.6309],[-74.13107,40.63115],[-74.13162,40.63058],[-74.13344,40.62908],[-74.13409,40.62954],[-74.13586,40.62806],[-74.13674,40.62866],[-74.13786,40.62769],[-74.13806,40.62757],[-74.13806,40.62707],[-74.13581,40.62506],[-74.13618,40.62484],[-74.13723,40.6243],[-74.13827,40.62425],[-74.14166,40.62464],[-74.14402,40.62499],[-74.14615,40.62493],[-74.14649,40.62399],[-74.14705,40.62297],[-74.14769,40.62207],[-74.15198,40.61753],[-74.1525,40.61656],[-74.15314,40.61437],[-74.15369,40.61232],[-74.15471,40.61315],[-74.15797,40.61565],[-74.1605,40.61742],[-74.16153,40.61799],[-74.16361,40.6191],[-74.1647,40.61963],[-74.16588,40.62014],[-74.16799,40.62097],[-74.16872,40.62121],[-74.16922,40.62131],[-74.1731,40.62188],[-74.17377,40.62212],[-74.1744,40.6224],[-74.17523,40.62287],[-74.17577,40.62327],[-74.17767,40.62507],[-74.17884,40.62611],[-74.18168,40.62779],[-74.18352,40.62877],[-74.18324,40.62902],[-74.18622,40.63051],[-74.18653,40.63021],[-74.19599,40.63517],[-74.19714,40.6357],[-74.19745,40.63587]]]}},{"type":"Feature","properties":{"std_name":"State Senate District 22","std_geoid":"36022","pen":"politicians","std_note":null,"LSAD":"LU"},"geometry":{"type":"Polygon","coordinates":[[[-74.00702,40.63211],[-73.99981,40.63694],[-74.00267,40.63867],[-74.00092,40.64035],[-73.99872,40.63902],[-73.99814,40.63958],[-74.00034,40.6409],[-73.99743,40.64371],[-73.99523,40.64238],[-73.99426,40.6433],[-73.99427,40.64271],[-73.99264,40.64173],[-73.98978,40.64364],[-73.98835,40.64456],[-73.98332,40.64148],[-73.98299,40.64133],[-73.98329,40.64122],[-73.98323,40.64061],[-73.98292,40.64042],[-73.98234,40.64098],[-73.98014,40.63964],[-73.97987,40.63952],[-73.97911,40.63544],[-73.97689,40.63567],[-73.97605,40.63128],[-73.97242,40.63299],[-73.97211,40.63137],[-73.97192,40.63065],[-73.97181,40.62987],[-73.97157,40.62999],[-73.97092,40.62657],[-73.96185,40.62757],[-73.9621,40.62893],[-73.96159,40.62911],[-73.96159,40.62875],[-73.9614,40.62762],[-73.95805,40.62797],[-73.95759,40.6256],[-73.95536,40.62584],[-73.95491,40.62345],[-73.94927,40.62407],[-73.94882,40.62168],[-73.9479,40.62178],[-73.94699,40.617],[-73.94607,40.6171],[-73.94574,40.61536],[-73.94483,40.61605],[-73.94417,40.61272],[-73.94375,40.61295],[-73.94298,40.61345],[-73.93935,40.61019],[-73.93572,40.61253],[-73.9339,40.6109],[-73.93316,40.61138],[-73.93134,40.60975],[-73.92989,40.61069],[-73.92807,40.60905],[-73.92297,40.61236],[-73.92112,40.6107],[-73.9225,40.60981],[-73.9193,40.60695],[-73.91822,40.6058],[-73.91202,40.6002],[-73.90778,40.59653],[-73.90496,40.59396],[-73.90336,40.59239],[-73.90283,40.59202],[-73.89826,40.58793],[-73.89195,40.58225],[-73.89153,40.58176],[-73.89052,40.58091],[-73.88814,40.57874],[-73.88774,40.57801],[-73.88507,40.57375],[-73.89052,40.5727],[-73.90387,40.57162],[-73.90491,40.57141],[-73.92807,40.56779],[-73.93195,40.58202],[-73.93184,40.58308],[-73.93202,40.58311],[-73.93254,40.58294],[-73.93275,40.58295],[-73.93299,40.58411],[-73.93108,40.58439],[-73.93137,40.58607],[-73.93211,40.58629],[-73.93344,40.58654],[-73.93371,40.58793],[-73.93178,40.58814],[-73.93261,40.59252],[-73.93453,40.59231],[-73.93537,40.59654],[-73.9358,40.59892],[-73.94148,40.5983],[-73.9398,40.58957],[-73.9582,40.58754],[-73.95801,40.58676],[-73.95929,40.58662],[-73.95935,40.58742],[-73.96035,40.58731],[-73.96046,40.58872],[-73.96231,40.58852],[-73.96244,40.58924],[-73.96052,40.58945],[-73.96057,40.59018],[-73.96258,40.58996],[-73.96284,40.59136],[-73.97422,40.59011],[-73.97389,40.59231],[-73.97664,40.59199],[-73.97689,40.59328],[-73.9759,40.59339],[-73.97611,40.5945],[-73.9771,40.59439],[-73.97751,40.59651],[-73.97148,40.59717],[-73.97163,40.59794],[-73.97312,40.59779],[-73.97235,40.60335],[-73.97079,40.60352],[-73.97093,40.60424],[-73.97099,40.60432],[-73.97218,40.60419],[-73.9724,40.60565],[-73.97299,40.60881],[-73.97403,40.6087],[-73.97478,40.61264],[-73.97521,40.61288],[-73.97637,40.61177],[-73.97857,40.6131],[-73.97683,40.61478],[-73.98785,40.62143],[-73.98842,40.62087],[-74.00702,40.63211]]]}},{"type":"Feature","properties":{"std_name":"State Senate District 19","std_geoid":"36019","pen":"politicians","std_note":null,"LSAD":"LU"},"geometry":{"type":"Polygon","coordinates":[[[-73.93068,40.66362],[-73.92439,40.66638],[-73.92426,40.66619],[-73.9221,40.66425],[-73.92232,40.66535],[-73.92137,40.66549],[-73.92097,40.66395],[-73.9191,40.66423],[-73.9187,40.66269],[-73.91775,40.66284],[-73.91735,40.6613],[-73.91643,40.66143],[-73.91604,40.6599],[-73.90946,40.66088],[-73.90986,40.66241],[-73.90145,40.66366],[-73.90071,40.66374],[-73.90042,40.66381],[-73.90127,40.66688],[-73.90229,40.67094],[-73.90266,40.6722],[-73.90348,40.67551],[-73.89999,40.6769],[-73.89836,40.67766],[-73.89766,40.67807],[-73.89654,40.67859],[-73.89622,40.67736],[-73.88988,40.6783],[-73.88901,40.67856],[-73.88859,40.67696],[-73.88686,40.67736],[-73.88528,40.67778],[-73.87743,40.68002],[-73.87691,40.68024],[-73.87487,40.68082],[-73.87253,40.68141],[-73.86629,40.68319],[-73.86603,40.68192],[-73.86499,40.68213],[-73.8641,40.68237],[-73.86328,40.67907],[-73.86235,40.67916],[-73.86132,40.67502],[-73.86106,40.67434],[-73.86207,40.67421],[-73.86169,40.67267],[-73.86078,40.67281],[-73.86039,40.67127],[-73.85947,40.67138],[-73.85987,40.67294],[-73.85892,40.67307],[-73.85855,40.67153],[-73.85763,40.67166],[-73.85643,40.66703],[-73.85568,40.66387],[-73.85467,40.66398],[-73.8528,40.66425],[-73.85238,40.66257],[-73.85048,40.66284],[-73.8495,40.66244],[-73.84881,40.6628],[-73.84841,40.66256],[-73.84731,40.65811],[-73.84639,40.65824],[-73.8468,40.65991],[-73.8422,40.66058],[-73.84262,40.66225],[-73.84082,40.66251],[-73.8404,40.66083],[-73.83973,40.66095],[-73.83896,40.65755],[-73.83855,40.65589],[-73.83803,40.65425],[-73.83592,40.6455],[-73.83633,40.64532],[-73.83566,40.64406],[-73.84,40.64414],[-73.84834,40.64352],[-73.83765,40.63284],[-73.83624,40.63111],[-73.83538,40.63032],[-73.83304,40.62826],[-73.83339,40.62767],[-73.83405,40.61346],[-73.83428,40.60919],[-73.83446,40.60719],[-73.83588,40.60564],[-73.84202,40.59831],[-73.84444,40.59586],[-73.84668,40.59321],[-73.84739,40.59203],[-73.84985,40.58867],[-73.85352,40.58659],[-73.86561,40.5812],[-73.86923,40.57934],[-73.87142,40.57854],[-73.87922,40.57466],[-73.88507,40.57375],[-73.88774,40.57801],[-73.88814,40.57874],[-73.89052,40.58091],[-73.89153,40.58176],[-73.89195,40.58225],[-73.89826,40.58793],[-73.90283,40.59202],[-73.90336,40.59239],[-73.90496,40.59396],[-73.90778,40.59653],[-73.91202,40.6002],[-73.91822,40.6058],[-73.9193,40.60695],[-73.91873,40.60722],[-73.91782,40.60639],[-73.91725,40.60673],[-73.91594,40.60564],[-73.91299,40.60286],[-73.90657,40.60365],[-73.90144,40.60435],[-73.9017,40.60822],[-73.90337,40.61189],[-73.90493,40.61324],[-73.90467,40.61338],[-73.90412,40.61362],[-73.90346,40.61404],[-73.90203,40.61284],[-73.90137,40.61328],[-73.90271,40.61448],[-73.90199,40.61494],[-73.90067,40.61374],[-73.89924,40.61467],[-73.89856,40.61517],[-73.89985,40.61632],[-73.89911,40.6168],[-73.90274,40.62007],[-73.90199,40.62056],[-73.90016,40.62168],[-73.89826,40.62299],[-73.90115,40.62568],[-73.90413,40.62631],[-73.91633,40.63204],[-73.91692,40.63167],[-73.9186,40.6321],[-73.91917,40.63747],[-73.92012,40.63699],[-73.92042,40.63962],[-73.91946,40.64024],[-73.91995,40.64471],[-73.92087,40.644],[-73.92174,40.64338],[-73.92192,40.64491],[-73.91998,40.64503],[-73.92088,40.65361],[-73.9217,40.65437],[-73.92541,40.65768],[-73.92464,40.65818],[-73.93068,40.66362]]]}},{"type":"Feature","properties":{"std_name":"State Senate District 17","std_geoid":"36017","pen":"politicians","std_note":null,"LSAD":"LU"},"geometry":{"type":"Polygon","coordinates":[[[-74.02352,40.63462],[-74.02263,40.6368],[-74.02136,40.63797],[-74.02077,40.63858],[-74.01842,40.64085],[-74.01617,40.63948],[-74.01498,40.64063],[-74.01278,40.63929],[-74.00812,40.64378],[-74.00591,40.64245],[-74.00358,40.64469],[-74.00579,40.64602],[-74.00462,40.64713],[-74.00682,40.64847],[-73.99517,40.65967],[-73.99296,40.65834],[-73.99238,40.6589],[-73.99019,40.6576],[-73.98843,40.65925],[-73.9818,40.65525],[-73.97944,40.6428],[-73.97902,40.64297],[-73.97825,40.64285],[-73.97547,40.64315],[-73.97501,40.64076],[-73.97594,40.64066],[-73.97549,40.63827],[-73.97642,40.63817],[-73.97596,40.63578],[-73.97911,40.63544],[-73.97987,40.63952],[-73.98014,40.63964],[-73.98234,40.64098],[-73.98292,40.64042],[-73.98323,40.64061],[-73.98329,40.64122],[-73.98299,40.64133],[-73.98332,40.64148],[-73.98835,40.64456],[-73.98978,40.64364],[-73.99264,40.64173],[-73.99427,40.64271],[-73.99426,40.6433],[-73.99523,40.64238],[-73.99743,40.64371],[-74.00034,40.6409],[-73.99814,40.63958],[-73.99872,40.63902],[-74.00092,40.64035],[-74.00267,40.63867],[-73.99981,40.63694],[-74.00702,40.63211],[-73.98842,40.62087],[-73.98785,40.62143],[-73.97683,40.61478],[-73.97857,40.6131],[-73.97637,40.61177],[-73.97521,40.61288],[-73.97478,40.61264],[-73.97403,40.6087],[-73.97299,40.60881],[-73.9724,40.60565],[-73.97218,40.60419],[-73.97099,40.60432],[-73.97093,40.60424],[-73.97079,40.60352],[-73.97235,40.60335],[-73.97312,40.59779],[-73.97163,40.59794],[-73.97148,40.59717],[-73.97751,40.59651],[-73.9771,40.59439],[-73.97611,40.5945],[-73.9759,40.59339],[-73.97689,40.59328],[-73.97664,40.59199],[-73.97722,40.59192],[-73.97948,40.59323],[-73.98071,40.594],[-73.98464,40.59355],[-73.98347,40.58726],[-73.9845,40.58789],[-73.98742,40.58513],[-73.98754,40.58535],[-73.98798,40.58598],[-73.98909,40.58546],[-73.98984,40.58595],[-73.98848,40.58659],[-73.99154,40.59039],[-73.99256,40.58992],[-73.99299,40.59063],[-73.99347,40.59127],[-73.994,40.59192],[-73.99459,40.59255],[-73.99525,40.59317],[-73.99725,40.59489],[-73.99832,40.59564],[-73.99854,40.59539],[-73.99917,40.59572],[-73.99998,40.59602],[-73.99951,40.59648],[-74.0002,40.59645],[-74.00214,40.59661],[-74.00331,40.59692],[-74.00269,40.59704],[-74.00382,40.59746],[-74.00446,40.59788],[-74.00795,40.5999],[-74.01155,40.60209],[-74.01537,40.603],[-74.01762,40.60361],[-74.01802,40.60379],[-74.01821,40.60396],[-74.01823,40.60411],[-74.01732,40.60511],[-74.0155,40.60684],[-74.01702,40.60766],[-74.01522,40.60936],[-74.01377,40.60848],[-74.01025,40.61185],[-74.00951,40.61141],[-74.0054,40.61536],[-74.0076,40.61669],[-74.00228,40.62181],[-74.00448,40.62315],[-74.00564,40.62202],[-74.00784,40.62335],[-74.009,40.62224],[-74.01341,40.6249],[-74.01283,40.62546],[-74.01062,40.62413],[-74.01004,40.62469],[-74.01224,40.62602],[-74.0105,40.62769],[-74.01214,40.62868],[-74.01798,40.62479],[-74.01888,40.6243],[-74.02006,40.62429],[-74.01963,40.62488],[-74.01926,40.62558],[-74.01864,40.62707],[-74.02028,40.62806],[-74.01926,40.63056],[-74.02174,40.63169],[-74.02101,40.63347],[-74.02352,40.63462]]]}},{"type":"Feature","properties":{"std_name":"State Senate District 21","std_geoid":"36021","pen":"politicians","std_note":null,"LSAD":"LU"},"geometry":{"type":"Polygon","coordinates":[[[-73.97689,40.63567],[-73.97596,40.63578],[-73.97642,40.63817],[-73.97549,40.63827],[-73.97594,40.64066],[-73.97501,40.64076],[-73.97547,40.64315],[-73.97381,40.64334],[-73.9742,40.64501],[-73.9731,40.64545],[-73.9735,40.6476],[-73.97326,40.64758],[-73.97306,40.64763],[-73.9723,40.64794],[-73.97069,40.6485],[-73.96465,40.65089],[-73.96621,40.65319],[-73.9619,40.65487],[-73.96101,40.65008],[-73.95871,40.65039],[-73.95247,40.65067],[-73.95266,40.65249],[-73.9459,40.65286],[-73.94571,40.65101],[-73.9438,40.65111],[-73.94283,40.65111],[-73.93808,40.65138],[-73.93038,40.65173],[-73.92939,40.65194],[-73.92848,40.65218],[-73.92751,40.65232],[-73.92367,40.65254],[-73.92285,40.65246],[-73.92077,40.65255],[-73.91998,40.64503],[-73.92192,40.64491],[-73.92174,40.64338],[-73.92087,40.644],[-73.91995,40.64471],[-73.91946,40.64024],[-73.92042,40.63962],[-73.92012,40.63699],[-73.91917,40.63747],[-73.9186,40.6321],[-73.91692,40.63167],[-73.91633,40.63204],[-73.90413,40.62631],[-73.90115,40.62568],[-73.89826,40.62299],[-73.90016,40.62168],[-73.90199,40.62056],[-73.90274,40.62007],[-73.89911,40.6168],[-73.89985,40.61632],[-73.89856,40.61517],[-73.89924,40.61467],[-73.90067,40.61374],[-73.90199,40.61494],[-73.90271,40.61448],[-73.90137,40.61328],[-73.90203,40.61284],[-73.90346,40.61404],[-73.90412,40.61362],[-73.90467,40.61338],[-73.90493,40.61324],[-73.90337,40.61189],[-73.9017,40.60822],[-73.90144,40.60435],[-73.90657,40.60365],[-73.91299,40.60286],[-73.91594,40.60564],[-73.91725,40.60673],[-73.91782,40.60639],[-73.91873,40.60722],[-73.9193,40.60695],[-73.9225,40.60981],[-73.92112,40.6107],[-73.92297,40.61236],[-73.92807,40.60905],[-73.92989,40.61069],[-73.93134,40.60975],[-73.93316,40.61138],[-73.9339,40.6109],[-73.93572,40.61253],[-73.93935,40.61019],[-73.94298,40.61345],[-73.94375,40.61295],[-73.94417,40.61272],[-73.94483,40.61605],[-73.94574,40.61536],[-73.94607,40.6171],[-73.94699,40.617],[-73.9479,40.62178],[-73.94882,40.62168],[-73.94927,40.62407],[-73.95491,40.62345],[-73.95536,40.62584],[-73.95759,40.6256],[-73.95805,40.62797],[-73.9614,40.62762],[-73.96159,40.62875],[-73.96159,40.62911],[-73.9621,40.62893],[-73.96185,40.62757],[-73.97092,40.62657],[-73.97157,40.62999],[-73.97181,40.62987],[-73.97192,40.63065],[-73.97211,40.63137],[-73.97242,40.63299],[-73.97605,40.63128],[-73.97689,40.63567]]]}},{"type":"Feature","properties":{"std_name":"State Senate District 26","std_geoid":"36026","pen":"politicians","std_note":null,"LSAD":"LU"},"geometry":{"type":"MultiPolygon","coordinates":[[[[-74.04075,40.70017],[-74.0407,40.70022],[-74.04065,40.70021],[-74.04033,40.7001],[-74.04008,40.70009],[-74.03993,40.69999],[-74.03974,40.69995],[-74.03966,40.69987],[-74.03955,40.69984],[-74.03948,40.69978],[-74.03925,40.69969],[-74.03894,40.69965],[-74.03881,40.69953],[-74.03872,40.6993],[-74.03851,40.69915],[-74.03846,40.69898],[-74.03845,40.69882],[-74.03837,40.69867],[-74.03857,40.69873],[-74.03862,40.6987],[-74.0386,40.69868],[-74.03874,40.69864],[-74.03896,40.69859],[-74.03917,40.69859],[-74.03929,40.69863],[-74.03938,40.69873],[-74.03965,40.69879],[-74.03993,40.69859],[-74.04023,40.69883],[-74.0401,40.69893],[-74.03999,40.69889],[-74.03987,40.69889],[-74.0398,40.69894],[-74.0398,40.69898],[-74.03998,40.69912],[-74.04019,40.69922],[-74.04021,40.69931],[-74.04043,40.69941],[-74.04048,40.6996],[-74.04061,40.69977],[-74.04075,40.70017]]],[[[-74.04721,40.69089],[-74.04715,40.69098],[-74.04704,40.69104],[-74.04618,40.69109],[-74.04611,40.69112],[-74.04598,40.69111],[-74.04457,40.69056],[-74.04389,40.69018],[-74.04345,40.68963],[-74.0435,40.68917],[-74.04362,40.68876],[-74.04394,40.68857],[-74.04413,40.68854],[-74.04435,40.68851],[-74.04479,40.68859],[-74.04625,40.68932],[-74.04718,40.69041],[-74.04704,40.69048],[-74.04703,40.69059],[-74.0472,40.6908],[-74.04721,40.69089]]],[[[-74.05663,40.62729],[-74.05575,40.65148],[-74.02639,40.7001],[-74.02615,40.70165],[-74.01903,40.70072],[-74.01337,40.69914],[-74.01365,40.70022],[-74.01358,40.70037],[-74.01234,40.70016],[-74.01096,40.70019],[-74.01117,40.70115],[-74.01071,40.70149],[-74.00953,40.70178],[-74.00861,40.70046],[-74.00825,40.70071],[-74.0084,40.70091],[-74.00745,40.70133],[-74.00777,40.70162],[-74.00878,40.70118],[-74.00917,40.70186],[-74.00773,40.7028],[-74.00752,40.70307],[-74.0068,40.70347],[-74.00551,40.70236],[-74.00519,40.70254],[-74.00598,40.70338],[-74.00363,40.7033],[-74.00455,40.70484],[-74.00403,40.70513],[-74.00286,40.70407],[-74.00263,40.70422],[-74.00381,40.70531],[-74.0033,40.70561],[-74.00217,40.70459],[-74.00197,40.70473],[-74.0024,40.70511],[-74.00236,40.70515],[-74.00268,40.70544],[-74.00256,40.70553],[-74.00216,40.70536],[-74.00208,40.7054],[-74.00169,40.70515],[-74.00146,40.70491],[-74.00119,40.70509],[-74.00126,40.70516],[-74.00117,40.70522],[-74.00107,40.70514],[-74.0006,40.70544],[-74.00134,40.70612],[-74.00093,40.70638],[-74.00127,40.70693],[-73.99918,40.70802],[-73.99818,40.70848],[-73.99764,40.70864],[-73.99201,40.70952],[-73.9895,40.70515],[-73.98796,40.70513],[-73.98727,40.70518],[-73.98687,40.70516],[-73.98669,40.70508],[-73.98662,40.70498],[-73.98653,40.70498],[-73.98643,40.70508],[-73.98643,40.70535],[-73.98585,40.70542],[-73.98344,40.70564],[-73.9834,40.70547],[-73.98335,40.70545],[-73.98308,40.70548],[-73.98308,40.70552],[-73.98274,40.70558],[-73.98275,40.70553],[-73.98246,40.70551],[-73.98245,40.70555],[-73.98233,40.70555],[-73.98099,40.70537],[-73.98091,40.70591],[-73.98033,40.70585],[-73.97948,40.70582],[-73.97923,40.70577],[-73.97937,40.70544],[-73.97917,40.70528],[-73.97933,40.70475],[-73.9796,40.70418],[-73.97999,40.70354],[-73.98022,40.70306],[-73.98034,40.70266],[-73.98014,40.70239],[-73.98051,40.70205],[-73.98073,40.70127],[-73.98476,40.70144],[-73.98483,40.70058],[-73.98544,40.70059],[-73.98511,40.70036],[-73.98489,40.70015],[-73.98458,40.69984],[-73.98469,40.69984],[-73.98457,40.69971],[-73.98315,40.69838],[-73.98054,40.69825],[-73.98051,40.69744],[-73.98045,40.69667],[-73.98039,40.69651],[-73.98036,40.69618],[-73.98139,40.69583],[-73.98217,40.69587],[-73.9824,40.69606],[-73.98251,40.69361],[-73.97783,40.69344],[-73.97755,40.6919],[-73.97895,40.69192],[-73.97862,40.68983],[-73.97313,40.68962],[-73.97307,40.68934],[-73.97357,40.68929],[-73.97322,40.68765],[-73.97275,40.68773],[-73.97269,40.68742],[-73.97462,40.68719],[-73.97428,40.68551],[-73.97332,40.68562],[-73.97312,40.68578],[-73.97285,40.68568],[-73.97261,40.68451],[-73.97211,40.68457],[-73.97206,40.68426],[-73.97254,40.6842],[-73.97237,40.68333],[-73.97232,40.68277],[-73.97593,40.6835],[-73.97834,40.6844],[-73.98003,40.68185],[-73.97496,40.67988],[-73.97532,40.67933],[-73.97782,40.68031],[-73.97789,40.68022],[-73.98046,40.68122],[-73.98089,40.68059],[-73.97912,40.6799],[-73.97956,40.67929],[-73.97868,40.67905],[-73.97618,40.67806],[-73.97662,40.67743],[-73.97911,40.67841],[-73.9796,40.67768],[-73.9771,40.67671],[-73.97882,40.67417],[-73.98243,40.66985],[-73.98007,40.66871],[-73.98057,40.6681],[-73.98293,40.66924],[-73.98344,40.66864],[-73.98107,40.6675],[-73.98158,40.66689],[-73.98394,40.66803],[-73.98645,40.66503],[-73.98881,40.66617],[-73.99052,40.66416],[-73.99109,40.66359],[-73.99335,40.66495],[-73.99393,40.66439],[-73.99167,40.66303],[-74.00682,40.64847],[-74.00462,40.64713],[-74.00579,40.64602],[-74.00358,40.64469],[-74.00591,40.64245],[-74.00812,40.64378],[-74.01278,40.63929],[-74.01498,40.64063],[-74.01617,40.63948],[-74.01842,40.64085],[-74.02077,40.63858],[-74.02136,40.63797],[-74.02263,40.6368],[-74.02352,40.63462],[-74.02101,40.63347],[-74.02174,40.63169],[-74.01926,40.63056],[-74.02028,40.62806],[-74.01864,40.62707],[-74.01926,40.62558],[-74.01963,40.62488],[-74.02006,40.62429],[-74.01888,40.6243],[-74.01798,40.62479],[-74.01214,40.62868],[-74.0105,40.62769],[-74.01224,40.62602],[-74.01004,40.62469],[-74.01062,40.62413],[-74.01283,40.62546],[-74.01341,40.6249],[-74.009,40.62224],[-74.00784,40.62335],[-74.00564,40.62202],[-74.00448,40.62315],[-74.00228,40.62181],[-74.0076,40.61669],[-74.0054,40.61536],[-74.00888,40.61201],[-74.00951,40.61141],[-74.01025,40.61185],[-74.01377,40.60848],[-74.01522,40.60936],[-74.0176,40.60713],[-74.01796,40.60694],[-74.01839,40.60691],[-74.01915,40.60697],[-74.02003,40.60713],[-74.02038,40.60724],[-74.02092,40.60748],[-74.0243,40.60946],[-74.02478,40.60968],[-74.02711,40.61024],[-74.02639,40.61241],[-74.02755,40.61292],[-74.02821,40.61326],[-74.02897,40.61352],[-74.02927,40.61371],[-74.02952,40.61377],[-74.02987,40.61377],[-74.03016,40.61393],[-74.03186,40.61195],[-74.03247,40.61111],[-74.03192,40.61083],[-74.03305,40.61039],[-74.03322,40.61019],[-74.03481,40.60962],[-74.03604,40.6093],[-74.04149,40.60751],[-74.04374,40.60669],[-74.04751,40.61232],[-74.05235,40.62013],[-74.05663,40.62729]]]]}},{"type":"Feature","properties":{"std_name":"State Senate District 20","std_geoid":"36020","pen":"politicians","std_note":null,"LSAD":"LU"},"geometry":{"type":"Polygon","coordinates":[[[-73.99517,40.65967],[-73.99167,40.66303],[-73.99393,40.66439],[-73.99335,40.66495],[-73.99109,40.66359],[-73.99052,40.66416],[-73.98881,40.66617],[-73.98645,40.66503],[-73.98394,40.66803],[-73.98158,40.66689],[-73.98107,40.6675],[-73.98344,40.66864],[-73.98293,40.66924],[-73.98057,40.6681],[-73.98007,40.66871],[-73.98243,40.66985],[-73.97882,40.67417],[-73.9771,40.67671],[-73.9796,40.67768],[-73.97911,40.67841],[-73.97662,40.67743],[-73.97618,40.67806],[-73.97868,40.67905],[-73.97956,40.67929],[-73.97912,40.6799],[-73.98089,40.68059],[-73.98046,40.68122],[-73.97789,40.68022],[-73.97782,40.68031],[-73.97351,40.67864],[-73.96597,40.67706],[-73.96566,40.67794],[-73.96371,40.67753],[-73.96353,40.67655],[-73.95639,40.67505],[-73.9552,40.67834],[-73.95517,40.67857],[-73.95531,40.67927],[-73.95301,40.67882],[-73.95205,40.67867],[-73.94968,40.67857],[-73.94958,40.67964],[-73.94956,40.68039],[-73.94675,40.68024],[-73.94682,40.67948],[-73.94405,40.67934],[-73.94397,40.68009],[-73.9329,40.67948],[-73.93133,40.67937],[-73.92656,40.67914],[-73.92459,40.67903],[-73.92466,40.67828],[-73.92171,40.67812],[-73.92275,40.6671],[-73.93068,40.66362],[-73.92464,40.65818],[-73.92541,40.65768],[-73.9217,40.65437],[-73.92088,40.65361],[-73.92077,40.65255],[-73.92285,40.65246],[-73.92367,40.65254],[-73.92751,40.65232],[-73.92848,40.65218],[-73.92939,40.65194],[-73.93038,40.65173],[-73.93808,40.65138],[-73.94283,40.65111],[-73.9438,40.65111],[-73.94571,40.65101],[-73.9459,40.65286],[-73.95266,40.65249],[-73.95247,40.65067],[-73.95871,40.65039],[-73.96101,40.65008],[-73.9619,40.65487],[-73.96621,40.65319],[-73.96465,40.65089],[-73.97069,40.6485],[-73.9723,40.64794],[-73.97306,40.64763],[-73.97326,40.64758],[-73.9735,40.6476],[-73.9731,40.64545],[-73.9742,40.64501],[-73.97381,40.64334],[-73.97825,40.64285],[-73.97902,40.64297],[-73.97944,40.6428],[-73.9818,40.65525],[-73.98843,40.65925],[-73.99019,40.6576],[-73.99238,40.6589],[-73.99296,40.65834],[-73.99517,40.65967]]]}},{"type":"Feature","properties":{"std_name":"State Senate District 25","std_geoid":"36025","pen":"politicians","std_note":null,"LSAD":"LU"},"geometry":{"type":"Polygon","coordinates":[[[-73.98544,40.70059],[-73.98483,40.70058],[-73.98476,40.70144],[-73.98073,40.70127],[-73.98051,40.70205],[-73.98014,40.70239],[-73.98034,40.70266],[-73.98022,40.70306],[-73.97999,40.70354],[-73.9796,40.70418],[-73.97933,40.70475],[-73.97917,40.70528],[-73.97937,40.70544],[-73.97923,40.70577],[-73.97907,40.70596],[-73.97548,40.70749],[-73.97502,40.70774],[-73.97279,40.70938],[-73.97231,40.70907],[-73.97032,40.70733],[-73.96961,40.70763],[-73.96928,40.70704],[-73.96928,40.70693],[-73.96918,40.70694],[-73.96839,40.70683],[-73.96762,40.70496],[-73.96721,40.70426],[-73.96258,40.70051],[-73.96237,40.6996],[-73.96284,40.69804],[-73.95702,40.69897],[-73.94193,40.70072],[-73.93522,40.69699],[-73.9297,40.69386],[-73.91906,40.68778],[-73.91765,40.68922],[-73.9169,40.68879],[-73.91829,40.68736],[-73.91077,40.68309],[-73.90405,40.67922],[-73.90262,40.68066],[-73.90075,40.67968],[-73.8976,40.6781],[-73.89836,40.67766],[-73.89999,40.6769],[-73.90348,40.67551],[-73.90266,40.6722],[-73.90229,40.67094],[-73.90127,40.66688],[-73.90042,40.66381],[-73.90071,40.66374],[-73.90145,40.66366],[-73.90986,40.66241],[-73.90946,40.66088],[-73.91604,40.6599],[-73.91643,40.66143],[-73.91735,40.6613],[-73.91775,40.66284],[-73.9187,40.66269],[-73.9191,40.66423],[-73.92097,40.66395],[-73.92137,40.66549],[-73.92232,40.66535],[-73.9221,40.66425],[-73.92426,40.66619],[-73.92439,40.66638],[-73.92275,40.6671],[-73.92171,40.67812],[-73.92466,40.67828],[-73.92459,40.67903],[-73.92906,40.67928],[-73.93133,40.67937],[-73.9329,40.67948],[-73.94397,40.68009],[-73.94405,40.67934],[-73.94682,40.67948],[-73.94675,40.68024],[-73.94956,40.68039],[-73.94958,40.67964],[-73.94968,40.67857],[-73.95205,40.67867],[-73.95301,40.67882],[-73.95531,40.67927],[-73.95517,40.67857],[-73.9552,40.67834],[-73.95639,40.67505],[-73.96353,40.67655],[-73.96371,40.67753],[-73.96566,40.67794],[-73.96597,40.67706],[-73.97351,40.67864],[-73.97532,40.67933],[-73.97496,40.67988],[-73.98003,40.68185],[-73.97834,40.6844],[-73.97593,40.6835],[-73.97232,40.68277],[-73.97237,40.68333],[-73.97254,40.6842],[-73.97206,40.68426],[-73.97211,40.68457],[-73.97261,40.68451],[-73.97285,40.68568],[-73.97312,40.68578],[-73.97332,40.68562],[-73.97428,40.68551],[-73.97462,40.68719],[-73.97269,40.68742],[-73.97275,40.68773],[-73.97322,40.68765],[-73.97357,40.68929],[-73.97307,40.68934],[-73.97313,40.68962],[-73.97862,40.68983],[-73.97895,40.69192],[-73.97755,40.6919],[-73.97783,40.69344],[-73.98251,40.69361],[-73.9824,40.69606],[-73.98217,40.69587],[-73.98139,40.69583],[-73.98036,40.69618],[-73.98039,40.69651],[-73.98045,40.69667],[-73.98051,40.69744],[-73.98054,40.69825],[-73.98315,40.69838],[-73.98457,40.69971],[-73.98469,40.69984],[-73.98458,40.69984],[-73.98489,40.70015],[-73.98511,40.70036],[-73.98544,40.70059]]]}},{"type":"Feature","properties":{"std_name":"State Senate District 15","std_geoid":"36015","pen":"politicians","std_note":null,"LSAD":"LU"},"geometry":{"type":"Polygon","coordinates":[[[-73.90116,40.71462],[-73.8986,40.71587],[-73.89423,40.71792],[-73.89376,40.71821],[-73.89213,40.71899],[-73.89416,40.7216],[-73.89321,40.72203],[-73.89367,40.72263],[-73.89459,40.72221],[-73.89497,40.72282],[-73.89427,40.72314],[-73.89542,40.72342],[-73.89434,40.72392],[-73.89468,40.725],[-73.89354,40.72498],[-73.89248,40.72508],[-73.89134,40.72526],[-73.89039,40.72568],[-73.88937,40.72623],[-73.88817,40.72617],[-73.88818,40.72652],[-73.88775,40.72653],[-73.88777,40.72711],[-73.88724,40.7274],[-73.8872,40.72787],[-73.88695,40.72798],[-73.88588,40.72828],[-73.88517,40.72842],[-73.88143,40.72873],[-73.88039,40.7289],[-73.87972,40.72909],[-73.87708,40.73014],[-73.87634,40.7304],[-73.87524,40.73072],[-73.87241,40.72966],[-73.87143,40.72925],[-73.87113,40.72837],[-73.86924,40.72777],[-73.86885,40.72842],[-73.86662,40.72761],[-73.8663,40.72819],[-73.86448,40.73109],[-73.8626,40.73042],[-73.86342,40.73195],[-73.86434,40.73374],[-73.86259,40.73426],[-73.86167,40.73247],[-73.85765,40.73367],[-73.85799,40.73433],[-73.85581,40.73498],[-73.85547,40.73432],[-73.85325,40.73498],[-73.85358,40.73565],[-73.85134,40.73632],[-73.851,40.73566],[-73.84876,40.73636],[-73.84606,40.7371],[-73.84591,40.7364],[-73.84569,40.73567],[-73.84543,40.73495],[-73.84769,40.73428],[-73.84632,40.73162],[-73.84858,40.73095],[-73.84824,40.73028],[-73.85025,40.72966],[-73.85133,40.72961],[-73.85088,40.72873],[-73.85173,40.72848],[-73.85167,40.72822],[-73.85169,40.72795],[-73.85198,40.72687],[-73.85245,40.72671],[-73.85179,40.72639],[-73.85163,40.7262],[-73.8498,40.7244],[-73.84915,40.72388],[-73.84895,40.72377],[-73.84809,40.72343],[-73.84811,40.72329],[-73.84799,40.72279],[-73.84753,40.72222],[-73.84638,40.72188],[-73.84696,40.72096],[-73.84479,40.72016],[-73.84518,40.71971],[-73.84525,40.71944],[-73.84536,40.71925],[-73.8471,40.71651],[-73.84927,40.71731],[-73.84968,40.71667],[-73.85008,40.71602],[-73.8479,40.71523],[-73.84871,40.71394],[-73.85089,40.71473],[-73.8513,40.71409],[-73.84912,40.7133],[-73.85092,40.71047],[-73.84847,40.71008],[-73.84775,40.71121],[-73.84668,40.71082],[-73.84724,40.70988],[-73.84603,40.70969],[-73.84436,40.71235],[-73.84218,40.71155],[-73.84256,40.7109],[-73.84328,40.71117],[-73.84394,40.71005],[-73.84412,40.70938],[-73.84321,40.70927],[-73.84302,40.70918],[-73.8422,40.70908],[-73.83975,40.7087],[-73.83901,40.70855],[-73.83715,40.70796],[-73.83798,40.70675],[-73.83808,40.70649],[-73.8381,40.70622],[-73.83804,40.70596],[-73.83796,40.70579],[-73.83734,40.70486],[-73.83696,40.70421],[-73.83662,40.70342],[-73.83605,40.70341],[-73.83582,40.70349],[-73.83557,40.70368],[-73.83282,40.70437],[-73.83152,40.70139],[-73.8227,40.70362],[-73.82246,40.70366],[-73.82148,40.70342],[-73.8212,40.702],[-73.81875,40.70236],[-73.81648,40.70245],[-73.81546,40.70028],[-73.8142,40.69791],[-73.81433,40.69787],[-73.81099,40.69185],[-73.81354,40.69121],[-73.81331,40.69098],[-73.81327,40.69048],[-73.81291,40.68983],[-73.81336,40.68928],[-73.81346,40.68753],[-73.81345,40.68715],[-73.81497,40.6867],[-73.81394,40.6846],[-73.81359,40.68471],[-73.81521,40.68235],[-73.81516,40.68225],[-73.81533,40.68221],[-73.81638,40.68062],[-73.81607,40.68001],[-73.81871,40.67925],[-73.81785,40.67751],[-73.81873,40.67726],[-73.82044,40.68075],[-73.82304,40.68001],[-73.82132,40.67649],[-73.82884,40.67769],[-73.82995,40.6779],[-73.83333,40.67866],[-73.83678,40.67957],[-73.83976,40.68],[-73.83813,40.67682],[-73.83816,40.6766],[-73.83804,40.67664],[-73.83698,40.67468],[-73.83641,40.67312],[-73.84118,40.67243],[-73.84079,40.67089],[-73.8424,40.67068],[-73.84226,40.67059],[-73.84267,40.67053],[-73.84291,40.67064],[-73.84273,40.66981],[-73.8422,40.66805],[-73.84231,40.6679],[-73.84258,40.66777],[-73.84334,40.6676],[-73.8441,40.66746],[-73.84458,40.66739],[-73.84504,40.66738],[-73.84501,40.66721],[-73.84504,40.66696],[-73.84515,40.66671],[-73.84531,40.66652],[-73.84556,40.66635],[-73.84714,40.66563],[-73.84795,40.66672],[-73.85034,40.66632],[-73.84992,40.66463],[-73.84977,40.66419],[-73.84942,40.66357],[-73.84881,40.6628],[-73.8495,40.66244],[-73.85048,40.66284],[-73.85238,40.66257],[-73.8528,40.66425],[-73.85467,40.66398],[-73.85568,40.66387],[-73.85643,40.66703],[-73.85763,40.67166],[-73.85855,40.67153],[-73.85892,40.67307],[-73.85987,40.67294],[-73.85947,40.67138],[-73.86039,40.67127],[-73.86078,40.67281],[-73.86169,40.67267],[-73.86207,40.67421],[-73.86106,40.67434],[-73.86132,40.67502],[-73.86235,40.67916],[-73.86328,40.67907],[-73.8641,40.68237],[-73.86499,40.68213],[-73.86603,40.68192],[-73.86629,40.68319],[-73.8665,40.68447],[-73.8666,40.68527],[-73.86746,40.68841],[-73.86806,40.69118],[-73.86868,40.69385],[-73.86872,40.69462],[-73.86892,40.69515],[-73.87066,40.69762],[-73.8708,40.69788],[-73.86931,40.69935],[-73.86952,40.70141],[-73.86912,40.7016],[-73.86916,40.70289],[-73.8764,40.70229],[-73.87626,40.70175],[-73.87623,40.70173],[-73.87779,40.70101],[-73.88025,40.70007],[-73.88177,40.69953],[-73.8827,40.70072],[-73.88343,40.70047],[-73.8844,40.70025],[-73.88492,40.7001],[-73.88677,40.69983],[-73.887,40.70143],[-73.88282,40.70178],[-73.88373,40.70399],[-73.8846,40.70379],[-73.88555,40.70616],[-73.88553,40.70645],[-73.8902,40.70825],[-73.88878,40.71229],[-73.89503,40.71248],[-73.89554,40.7138],[-73.89629,40.71482],[-73.8987,40.71422],[-73.8996,40.71404],[-73.90094,40.71384],[-73.90116,40.71462]]]}},{"type":"Feature","properties":{"std_name":"State Senate District 14","std_geoid":"36014","pen":"politicians","std_note":null,"LSAD":"LU"},"geometry":{"type":"Polygon","coordinates":[[[-73.85198,40.72687],[-73.85169,40.72795],[-73.85167,40.72822],[-73.85173,40.72848],[-73.85088,40.72873],[-73.85133,40.72961],[-73.85025,40.72966],[-73.84824,40.73028],[-73.84858,40.73095],[-73.84632,40.73162],[-73.84769,40.73428],[-73.84543,40.73495],[-73.84496,40.73399],[-73.84438,40.73417],[-73.84477,40.73509],[-73.84504,40.73609],[-73.84524,40.73789],[-73.84563,40.73999],[-73.84544,40.74008],[-73.84504,40.73823],[-73.84479,40.73593],[-73.84457,40.73513],[-73.84445,40.73481],[-73.84393,40.73376],[-73.84363,40.73326],[-73.84262,40.73197],[-73.84279,40.73188],[-73.84064,40.72982],[-73.8399,40.729],[-73.83931,40.72824],[-73.83821,40.72637],[-73.83349,40.72777],[-73.83321,40.72779],[-73.83293,40.72788],[-73.83275,40.72787],[-73.83277,40.72792],[-73.83244,40.728],[-73.8317,40.72803],[-73.83224,40.72863],[-73.83248,40.72894],[-73.8327,40.72926],[-73.83307,40.72992],[-73.83386,40.73055],[-73.82926,40.73156],[-73.82892,40.73156],[-73.82855,40.73083],[-73.82653,40.73143],[-73.82618,40.73077],[-73.82424,40.73132],[-73.8239,40.73067],[-73.81959,40.73194],[-73.81852,40.72986],[-73.81502,40.73047],[-73.81515,40.72969],[-73.81523,40.72879],[-73.8151,40.72854],[-73.81499,40.72842],[-73.81475,40.72823],[-73.81394,40.72785],[-73.8134,40.72805],[-73.81299,40.72809],[-73.8124,40.72801],[-73.81186,40.72775],[-73.81112,40.72783],[-73.81089,40.72717],[-73.81069,40.72649],[-73.81074,40.72626],[-73.81069,40.7258],[-73.81069,40.72512],[-73.81063,40.72442],[-73.8104,40.72372],[-73.80818,40.72397],[-73.80805,40.72326],[-73.81013,40.72303],[-73.80959,40.72165],[-73.8107,40.72153],[-73.8115,40.72129],[-73.81116,40.72063],[-73.81039,40.72084],[-73.8099,40.72089],[-73.80957,40.72019],[-73.80915,40.7203],[-73.80861,40.71842],[-73.80784,40.716],[-73.80764,40.71502],[-73.81289,40.71497],[-73.81287,40.71426],[-73.81244,40.71288],[-73.81245,40.71211],[-73.81222,40.71213],[-73.81198,40.71209],[-73.81171,40.71192],[-73.81144,40.7118],[-73.81116,40.71175],[-73.81086,40.71175],[-73.81045,40.71187],[-73.81036,40.71114],[-73.8083,40.71172],[-73.80815,40.71143],[-73.80803,40.71085],[-73.80718,40.7096],[-73.80805,40.70936],[-73.80762,40.70873],[-73.80729,40.70806],[-73.80427,40.70893],[-73.80417,40.70898],[-73.80399,40.70892],[-73.80352,40.70864],[-73.80302,40.70814],[-73.80166,40.70576],[-73.79543,40.70805],[-73.79488,40.7072],[-73.7934,40.70778],[-73.79167,40.70838],[-73.7908,40.70687],[-73.78957,40.70722],[-73.78885,40.7055],[-73.78337,40.70683],[-73.78314,40.7063],[-73.78364,40.70623],[-73.7886,40.7049],[-73.78834,40.70425],[-73.78457,40.70512],[-73.78442,40.70476],[-73.78257,40.70542],[-73.78148,40.70546],[-73.78034,40.70541],[-73.77892,40.70557],[-73.77782,40.70564],[-73.77737,40.70562],[-73.77582,40.70538],[-73.7765,40.70724],[-73.77727,40.70893],[-73.77605,40.70911],[-73.77174,40.71031],[-73.77065,40.71083],[-73.77004,40.71137],[-73.76944,40.71198],[-73.76875,40.71246],[-73.768,40.71287],[-73.76742,40.71309],[-73.76704,40.71319],[-73.76605,40.71328],[-73.76483,40.71328],[-73.76297,40.71338],[-73.76065,40.71345],[-73.75607,40.7135],[-73.75507,40.71362],[-73.75309,40.7141],[-73.75045,40.71488],[-73.74935,40.71514],[-73.74844,40.71535],[-73.74702,40.71561],[-73.74654,40.71576],[-73.73887,40.71753],[-73.73696,40.71793],[-73.73613,40.71817],[-73.7353,40.7185],[-73.73438,40.71893],[-73.73319,40.71957],[-73.73257,40.72031],[-73.73237,40.7204],[-73.73065,40.72192],[-73.73033,40.72216],[-73.72918,40.71917],[-73.72732,40.71222],[-73.72697,40.71072],[-73.7269,40.70998],[-73.72705,40.7095],[-73.72673,40.70215],[-73.72678,40.70199],[-73.72665,40.70111],[-73.72654,40.69898],[-73.7265,40.69689],[-73.7262,40.68898],[-73.72591,40.68608],[-73.7258,40.68435],[-73.72591,40.68266],[-73.72563,40.67959],[-73.7262,40.67738],[-73.72654,40.67649],[-73.72744,40.67443],[-73.72756,40.6741],[-73.72753,40.67387],[-73.72791,40.67084],[-73.72794,40.67081],[-73.72794,40.67055],[-73.72826,40.66807],[-73.72822,40.66731],[-73.72826,40.66661],[-73.7297,40.66691],[-73.72975,40.66672],[-73.7314,40.66725],[-73.73176,40.6666],[-73.73192,40.66656],[-73.7361,40.66659],[-73.73645,40.66652],[-73.73626,40.66628],[-73.73843,40.66627],[-73.73856,40.6664],[-73.75071,40.66643],[-73.75176,40.6664],[-73.75327,40.6664],[-73.75487,40.66698],[-73.75526,40.6664],[-73.75593,40.66639],[-73.75763,40.66645],[-73.75732,40.66704],[-73.75912,40.66735],[-73.75861,40.6692],[-73.75882,40.66953],[-73.75895,40.67098],[-73.75826,40.67103],[-73.76022,40.6721],[-73.76047,40.67228],[-73.75857,40.67264],[-73.7586,40.67275],[-73.75874,40.67288],[-73.75899,40.67321],[-73.76032,40.67511],[-73.76115,40.67476],[-73.76162,40.67542],[-73.76339,40.67468],[-73.76368,40.67475],[-73.76343,40.67632],[-73.76325,40.67679],[-73.76289,40.6775],[-73.76192,40.67888],[-73.76183,40.67905],[-73.76161,40.67974],[-73.76716,40.68237],[-73.76974,40.68378],[-73.7724,40.68528],[-73.77448,40.68673],[-73.77662,40.68836],[-73.77796,40.68791],[-73.77891,40.68957],[-73.78149,40.6887],[-73.78243,40.69034],[-73.78479,40.68936],[-73.78705,40.68859],[-73.79039,40.68775],[-73.79067,40.68815],[-73.79108,40.68798],[-73.79105,40.68793],[-73.79235,40.68739],[-73.79333,40.68888],[-73.79598,40.69248],[-73.79643,40.6923],[-73.79757,40.69388],[-73.79792,40.69371],[-73.79823,40.69407],[-73.79833,40.69425],[-73.7991,40.69532],[-73.7999,40.69499],[-73.80094,40.69443],[-73.80142,40.69407],[-73.80211,40.69454],[-73.80296,40.69382],[-73.80376,40.69438],[-73.80463,40.69364],[-73.80544,40.69418],[-73.8063,40.69345],[-73.80713,40.69401],[-73.80753,40.69369],[-73.80834,40.69497],[-73.8109,40.69424],[-73.81014,40.69288],[-73.81065,40.69273],[-73.81027,40.69205],[-73.81099,40.69185],[-73.81433,40.69787],[-73.8142,40.69791],[-73.81546,40.70028],[-73.81648,40.70245],[-73.81875,40.70236],[-73.8212,40.702],[-73.82148,40.70342],[-73.82246,40.70366],[-73.8227,40.70362],[-73.83152,40.70139],[-73.83282,40.70437],[-73.83557,40.70368],[-73.83582,40.70349],[-73.83605,40.70341],[-73.83662,40.70342],[-73.83696,40.70421],[-73.83734,40.70486],[-73.83796,40.70579],[-73.83804,40.70596],[-73.8381,40.70622],[-73.83808,40.70649],[-73.83798,40.70675],[-73.83715,40.70796],[-73.83901,40.70855],[-73.83975,40.7087],[-73.8422,40.70908],[-73.84302,40.70918],[-73.84321,40.70927],[-73.84412,40.70938],[-73.84394,40.71005],[-73.84328,40.71117],[-73.84256,40.7109],[-73.84218,40.71155],[-73.84436,40.71235],[-73.84603,40.70969],[-73.84724,40.70988],[-73.84668,40.71082],[-73.84775,40.71121],[-73.84847,40.71008],[-73.85092,40.71047],[-73.84912,40.7133],[-73.8513,40.71409],[-73.85089,40.71473],[-73.84871,40.71394],[-73.8479,40.71523],[-73.85008,40.71602],[-73.84968,40.71667],[-73.84927,40.71731],[-73.8471,40.71651],[-73.84536,40.71925],[-73.84525,40.71944],[-73.84518,40.71971],[-73.84479,40.72016],[-73.84696,40.72096],[-73.84638,40.72188],[-73.84753,40.72222],[-73.84799,40.72279],[-73.84811,40.72329],[-73.84809,40.72343],[-73.84895,40.72377],[-73.84915,40.72388],[-73.8498,40.7244],[-73.85163,40.7262],[-73.85179,40.72639],[-73.85245,40.72671],[-73.85198,40.72687]]]}},{"type":"Feature","properties":{"std_name":"State Senate District 18","std_geoid":"36018","pen":"politicians","std_note":null,"LSAD":"LU"},"geometry":{"type":"Polygon","coordinates":[[[-73.96994,40.70931],[-73.96961,40.71016],[-73.96905,40.71248],[-73.96847,40.713],[-73.96837,40.71413],[-73.96714,40.71393],[-73.96407,40.71308],[-73.96103,40.71197],[-73.96056,40.71271],[-73.95906,40.71217],[-73.95793,40.71396],[-73.95756,40.7145],[-73.95599,40.71409],[-73.95349,40.71407],[-73.95275,40.71474],[-73.95184,40.71544],[-73.95114,40.71603],[-73.94866,40.71768],[-73.94832,40.71787],[-73.9456,40.71957],[-73.94196,40.72165],[-73.94109,40.72231],[-73.94022,40.72289],[-73.93931,40.72335],[-73.93765,40.72427],[-73.93676,40.72484],[-73.93724,40.72779],[-73.93819,40.7281],[-73.94294,40.72766],[-73.94372,40.73239],[-73.9428,40.73266],[-73.94204,40.73277],[-73.9415,40.73288],[-73.94037,40.73327],[-73.94032,40.7332],[-73.94037,40.73277],[-73.93966,40.73149],[-73.93752,40.72982],[-73.93443,40.72882],[-73.93183,40.72848],[-73.92921,40.72778],[-73.92909,40.72771],[-73.9278,40.72649],[-73.92723,40.72533],[-73.92654,40.72407],[-73.92534,40.72164],[-73.92418,40.72002],[-73.92428,40.71854],[-73.92271,40.71648],[-73.92274,40.71616],[-73.92433,40.71557],[-73.92404,40.71401],[-73.92314,40.7134],[-73.92223,40.71285],[-73.92123,40.71229],[-73.91344,40.70766],[-73.91229,40.70878],[-73.90561,40.70485],[-73.90676,40.70371],[-73.90454,40.7024],[-73.90547,40.70149],[-73.90368,40.70041],[-73.90249,40.70048],[-73.90612,40.69675],[-73.90426,40.6957],[-73.9048,40.69515],[-73.90491,40.69507],[-73.90554,40.69557],[-73.90654,40.69456],[-73.90207,40.692],[-73.90159,40.69163],[-73.90124,40.69144],[-73.90129,40.6923],[-73.90096,40.69281],[-73.90039,40.69314],[-73.90003,40.69344],[-73.89919,40.69379],[-73.89737,40.69412],[-73.89691,40.69384],[-73.89743,40.69329],[-73.89696,40.69192],[-73.89573,40.69226],[-73.89474,40.69264],[-73.89326,40.6922],[-73.89398,40.69308],[-73.89543,40.69417],[-73.89508,40.69459],[-73.89245,40.69523],[-73.89196,40.69441],[-73.88919,40.69494],[-73.88829,40.69524],[-73.88865,40.69583],[-73.88649,40.69644],[-73.88688,40.69665],[-73.88729,40.69696],[-73.88757,40.69723],[-73.88773,40.69747],[-73.88785,40.69773],[-73.88805,40.69855],[-73.88819,40.69886],[-73.88771,40.69968],[-73.88492,40.7001],[-73.8844,40.70025],[-73.88343,40.70047],[-73.8827,40.70072],[-73.88177,40.69953],[-73.88025,40.70007],[-73.87779,40.70101],[-73.87623,40.70173],[-73.87626,40.70175],[-73.8764,40.70229],[-73.86916,40.70289],[-73.86912,40.7016],[-73.86952,40.70141],[-73.86931,40.69935],[-73.8708,40.69788],[-73.87066,40.69762],[-73.86892,40.69515],[-73.86872,40.69462],[-73.86868,40.69385],[-73.86806,40.69118],[-73.86746,40.68841],[-73.8666,40.68527],[-73.8665,40.68447],[-73.86629,40.68319],[-73.87253,40.68141],[-73.87487,40.68082],[-73.87691,40.68024],[-73.87743,40.68002],[-73.88528,40.67778],[-73.88686,40.67736],[-73.88859,40.67696],[-73.88901,40.67856],[-73.88988,40.6783],[-73.89622,40.67736],[-73.89654,40.67859],[-73.8976,40.6781],[-73.90075,40.67968],[-73.90262,40.68066],[-73.90405,40.67922],[-73.91077,40.68309],[-73.91829,40.68736],[-73.9169,40.68879],[-73.91765,40.68922],[-73.91906,40.68778],[-73.9297,40.69386],[-73.93522,40.69699],[-73.94193,40.70072],[-73.95702,40.69897],[-73.96284,40.69804],[-73.96237,40.6996],[-73.96258,40.70051],[-73.96721,40.70426],[-73.96762,40.70496],[-73.96839,40.70683],[-73.96918,40.70694],[-73.96928,40.70693],[-73.96928,40.70704],[-73.96935,40.7072],[-73.96985,40.70799],[-73.96994,40.70931]]]}},{"type":"Feature","properties":{"std_name":"State Senate District 12","std_geoid":"36012","pen":"politicians","std_note":null,"LSAD":"LU"},"geometry":{"type":"Polygon","coordinates":[[[-73.95254,40.73923],[-73.95214,40.74036],[-73.95229,40.74038],[-73.95213,40.74089],[-73.9453,40.73955],[-73.9446,40.74163],[-73.94228,40.74118],[-73.94182,40.74169],[-73.94059,40.74288],[-73.94045,40.74365],[-73.93765,40.7433],[-73.93726,40.74518],[-73.9377,40.74524],[-73.9344,40.74603],[-73.93684,40.7484],[-73.93539,40.74941],[-73.93609,40.74973],[-73.93474,40.75098],[-73.93383,40.7516],[-73.93228,40.75195],[-73.93015,40.75201],[-73.92971,40.75256],[-73.92874,40.75204],[-73.92647,40.75207],[-73.92563,40.75214],[-73.92416,40.75396],[-73.92495,40.75434],[-73.9237,40.75588],[-73.92291,40.75551],[-73.91579,40.76427],[-73.91499,40.76389],[-73.9137,40.76548],[-73.9145,40.76586],[-73.91194,40.76901],[-73.91292,40.76916],[-73.91217,40.77003],[-73.91845,40.77445],[-73.91592,40.77652],[-73.91799,40.77798],[-73.91582,40.77975],[-73.91513,40.77926],[-73.9129,40.78109],[-73.91015,40.77915],[-73.90798,40.78091],[-73.90451,40.77846],[-73.90558,40.77759],[-73.90502,40.77696],[-73.90596,40.77619],[-73.90095,40.77266],[-73.90319,40.77083],[-73.90248,40.77032],[-73.90024,40.77215],[-73.89737,40.77013],[-73.90051,40.76757],[-73.89888,40.76731],[-73.89499,40.76679],[-73.89309,40.76678],[-73.89116,40.76661],[-73.89024,40.7667],[-73.88841,40.76705],[-73.88834,40.7666],[-73.89021,40.76629],[-73.89165,40.76616],[-73.89238,40.76615],[-73.89326,40.76621],[-73.89408,40.76633],[-73.89432,40.76615],[-73.89457,40.76581],[-73.89495,40.76467],[-73.8951,40.76436],[-73.8955,40.76395],[-73.89632,40.76335],[-73.89655,40.76308],[-73.89877,40.75992],[-73.89965,40.75856],[-73.89995,40.75783],[-73.90003,40.75732],[-73.90002,40.757],[-73.89995,40.75676],[-73.89969,40.75622],[-73.89947,40.75566],[-73.8992,40.75515],[-73.89886,40.75471],[-73.89861,40.75428],[-73.89877,40.7542],[-73.89874,40.75415],[-73.89854,40.75417],[-73.89763,40.75275],[-73.89748,40.75242],[-73.89619,40.75256],[-73.8958,40.75062],[-73.8949,40.75072],[-73.89526,40.75266],[-73.8934,40.75285],[-73.89241,40.74714],[-73.8915,40.74724],[-73.89143,40.74685],[-73.89232,40.74675],[-73.892,40.74511],[-73.89111,40.7452],[-73.89072,40.74313],[-73.8871,40.74368],[-73.88662,40.74118],[-73.88573,40.74129],[-73.88551,40.74016],[-73.88283,40.74099],[-73.88294,40.74161],[-73.881,40.74184],[-73.87981,40.7431],[-73.87925,40.74376],[-73.87676,40.74265],[-73.8745,40.74331],[-73.87349,40.7425],[-73.87305,40.74168],[-73.8748,40.74129],[-73.87383,40.7388],[-73.8712,40.73939],[-73.87009,40.73652],[-73.8721,40.73599],[-73.87435,40.73497],[-73.87442,40.73491],[-73.87384,40.73471],[-73.87175,40.73413],[-73.8699,40.73357],[-73.86925,40.73335],[-73.8685,40.73302],[-73.86458,40.73419],[-73.8626,40.73042],[-73.86448,40.73109],[-73.8663,40.72819],[-73.86662,40.72761],[-73.86885,40.72842],[-73.86924,40.72777],[-73.87113,40.72837],[-73.87143,40.72925],[-73.87241,40.72966],[-73.87524,40.73072],[-73.87634,40.7304],[-73.87708,40.73014],[-73.87972,40.72909],[-73.88039,40.7289],[-73.88143,40.72873],[-73.88517,40.72842],[-73.88588,40.72828],[-73.88695,40.72798],[-73.8872,40.72787],[-73.88724,40.7274],[-73.88777,40.72711],[-73.88775,40.72653],[-73.88818,40.72652],[-73.88817,40.72617],[-73.88937,40.72623],[-73.89039,40.72568],[-73.89134,40.72526],[-73.89248,40.72508],[-73.89354,40.72498],[-73.89468,40.725],[-73.89434,40.72392],[-73.89542,40.72342],[-73.89427,40.72314],[-73.89497,40.72282],[-73.89459,40.72221],[-73.89367,40.72263],[-73.89321,40.72203],[-73.89416,40.7216],[-73.89213,40.71899],[-73.89376,40.71821],[-73.89423,40.71792],[-73.8986,40.71587],[-73.90116,40.71462],[-73.90094,40.71384],[-73.8996,40.71404],[-73.8987,40.71422],[-73.89629,40.71482],[-73.89554,40.7138],[-73.89503,40.71248],[-73.88878,40.71229],[-73.8902,40.70825],[-73.88553,40.70645],[-73.88555,40.70616],[-73.8846,40.70379],[-73.88373,40.70399],[-73.88282,40.70178],[-73.887,40.70143],[-73.88677,40.69983],[-73.88771,40.69968],[-73.88819,40.69886],[-73.88805,40.69855],[-73.88785,40.69773],[-73.88773,40.69747],[-73.88757,40.69723],[-73.88717,40.69685],[-73.88649,40.69644],[-73.88865,40.69583],[-73.88829,40.69524],[-73.88919,40.69494],[-73.89196,40.69441],[-73.89245,40.69523],[-73.89508,40.69459],[-73.89543,40.69417],[-73.89398,40.69308],[-73.89326,40.6922],[-73.89474,40.69264],[-73.89573,40.69226],[-73.89696,40.69192],[-73.89743,40.69329],[-73.89691,40.69384],[-73.89737,40.69412],[-73.89919,40.69379],[-73.90003,40.69344],[-73.90039,40.69314],[-73.90096,40.69281],[-73.90129,40.6923],[-73.90124,40.69144],[-73.90159,40.69163],[-73.90207,40.692],[-73.90654,40.69456],[-73.90554,40.69557],[-73.90491,40.69507],[-73.9048,40.69515],[-73.90426,40.6957],[-73.90612,40.69675],[-73.90249,40.70048],[-73.90368,40.70041],[-73.90547,40.70149],[-73.90454,40.7024],[-73.90676,40.70371],[-73.90561,40.70485],[-73.91229,40.70878],[-73.91344,40.70766],[-73.92123,40.71229],[-73.92223,40.71285],[-73.92314,40.7134],[-73.92404,40.71401],[-73.92433,40.71557],[-73.92274,40.71616],[-73.92271,40.71648],[-73.92428,40.71854],[-73.92418,40.72002],[-73.92534,40.72164],[-73.92654,40.72407],[-73.92723,40.72533],[-73.9278,40.72649],[-73.92891,40.72755],[-73.92909,40.72771],[-73.92921,40.72778],[-73.93183,40.72848],[-73.93443,40.72882],[-73.93752,40.72982],[-73.93966,40.73149],[-73.94037,40.73277],[-73.94032,40.7332],[-73.94216,40.73568],[-73.94683,40.73744],[-73.95254,40.73923]]]}},{"type":"Feature","properties":{"std_name":"State Senate District 11","std_geoid":"36011","pen":"politicians","std_note":null,"LSAD":"LU"},"geometry":{"type":"Polygon","coordinates":[[[-73.91997,40.78263],[-73.91909,40.78337],[-73.91819,40.78393],[-73.91774,40.78408],[-73.91724,40.78414],[-73.91717,40.78419],[-73.91718,40.78455],[-73.91683,40.78519],[-73.91575,40.78611],[-73.9154,40.78606],[-73.91526,40.78619],[-73.91559,40.78643],[-73.91424,40.78786],[-73.9126,40.78938],[-73.91223,40.78918],[-73.91207,40.78934],[-73.91195,40.7894],[-73.91208,40.78952],[-73.91177,40.78972],[-73.91162,40.78959],[-73.91125,40.78974],[-73.91113,40.79011],[-73.9103,40.79066],[-73.91067,40.79312],[-73.91246,40.7961],[-73.89987,40.79245],[-73.89772,40.79514],[-73.89611,40.79692],[-73.8925,40.80121],[-73.87226,40.79499],[-73.87021,40.79091],[-73.86712,40.79374],[-73.86297,40.79767],[-73.85307,40.80011],[-73.84665,40.80102],[-73.84408,40.80102],[-73.83541,40.8022],[-73.83082,40.80306],[-73.83023,40.80327],[-73.82758,40.80394],[-73.82344,40.80481],[-73.81742,40.80579],[-73.8113,40.8054],[-73.80454,40.80355],[-73.79975,40.8022],[-73.79713,40.80141],[-73.79356,40.80038],[-73.79002,40.80023],[-73.78792,40.80036],[-73.78732,40.80085],[-73.78475,40.80259],[-73.78268,40.80539],[-73.77956,40.81125],[-73.77896,40.81171],[-73.76371,40.7938],[-73.7571,40.78969],[-73.75082,40.78289],[-73.75029,40.78248],[-73.74637,40.78012],[-73.74421,40.77871],[-73.74342,40.77822],[-73.74153,40.77711],[-73.74076,40.77669],[-73.74008,40.77621],[-73.73938,40.77601],[-73.73933,40.77596],[-73.73954,40.77581],[-73.73943,40.77582],[-73.73781,40.77481],[-73.73762,40.77474],[-73.73635,40.77391],[-73.72952,40.76973],[-73.72605,40.76753],[-73.7251,40.76699],[-73.72058,40.7642],[-73.71607,40.76146],[-73.7135,40.75983],[-73.71245,40.75924],[-73.70782,40.75622],[-73.70527,40.75477],[-73.70274,40.75325],[-73.70163,40.75249],[-73.70154,40.75192],[-73.70143,40.75066],[-73.70077,40.74501],[-73.70036,40.74103],[-73.70017,40.73954],[-73.70794,40.72777],[-73.7105,40.72723],[-73.7169,40.72639],[-73.71999,40.7256],[-73.72414,40.72447],[-73.72603,40.72391],[-73.72923,40.7227],[-73.7295,40.72259],[-73.73033,40.72216],[-73.73065,40.72192],[-73.73237,40.7204],[-73.73257,40.72031],[-73.73319,40.71957],[-73.73438,40.71893],[-73.7353,40.7185],[-73.73613,40.71817],[-73.73733,40.71784],[-73.73887,40.71753],[-73.74654,40.71576],[-73.74702,40.71561],[-73.74844,40.71535],[-73.75045,40.71488],[-73.75309,40.7141],[-73.75507,40.71362],[-73.75607,40.7135],[-73.76065,40.71345],[-73.76297,40.71338],[-73.76483,40.71328],[-73.76605,40.71328],[-73.76704,40.71319],[-73.76742,40.71309],[-73.768,40.71287],[-73.76875,40.71246],[-73.76944,40.71198],[-73.77004,40.71137],[-73.77065,40.71083],[-73.77174,40.71031],[-73.77605,40.70911],[-73.77727,40.70893],[-73.7765,40.70724],[-73.77582,40.70538],[-73.77737,40.70562],[-73.77782,40.70564],[-73.77892,40.70557],[-73.78034,40.70541],[-73.78148,40.70546],[-73.78257,40.70542],[-73.78442,40.70476],[-73.78457,40.70512],[-73.78834,40.70425],[-73.7886,40.7049],[-73.78364,40.70623],[-73.78314,40.7063],[-73.78337,40.70683],[-73.78885,40.7055],[-73.78957,40.70722],[-73.7908,40.70687],[-73.79167,40.70838],[-73.7934,40.70778],[-73.79488,40.7072],[-73.79543,40.70805],[-73.80166,40.70576],[-73.80302,40.70814],[-73.80352,40.70864],[-73.80399,40.70892],[-73.80417,40.70898],[-73.80427,40.70893],[-73.80729,40.70806],[-73.80762,40.70873],[-73.80805,40.70936],[-73.80718,40.7096],[-73.80803,40.71085],[-73.80815,40.71143],[-73.8083,40.71172],[-73.81036,40.71114],[-73.81045,40.71187],[-73.81086,40.71175],[-73.81116,40.71175],[-73.81144,40.7118],[-73.81171,40.71192],[-73.81198,40.71209],[-73.81222,40.71213],[-73.81245,40.71211],[-73.81244,40.71288],[-73.81287,40.71426],[-73.81289,40.71497],[-73.80764,40.71502],[-73.80784,40.716],[-73.80662,40.71604],[-73.80474,40.71617],[-73.80318,40.71635],[-73.80192,40.71655],[-73.80099,40.71679],[-73.80008,40.71697],[-73.7981,40.71754],[-73.79806,40.71743],[-73.79697,40.71772],[-73.79565,40.71813],[-73.79405,40.71871],[-73.79279,40.71908],[-73.79214,40.7192],[-73.79143,40.71926],[-73.78932,40.71927],[-73.78864,40.71931],[-73.78499,40.71997],[-73.78199,40.72017],[-73.78093,40.72038],[-73.78036,40.72053],[-73.77913,40.72113],[-73.77859,40.72149],[-73.77738,40.72244],[-73.77775,40.72284],[-73.77804,40.72328],[-73.77956,40.72581],[-73.78116,40.72921],[-73.77491,40.73091],[-73.77011,40.73178],[-73.7637,40.73286],[-73.76504,40.73448],[-73.76273,40.73526],[-73.76248,40.73618],[-73.76246,40.73655],[-73.76249,40.73673],[-73.7626,40.73709],[-73.76431,40.74067],[-73.75892,40.74216],[-73.75993,40.74429],[-73.75808,40.74476],[-73.75889,40.74648],[-73.76073,40.74598],[-73.76158,40.74777],[-73.76065,40.74808],[-73.75982,40.74843],[-73.75902,40.74885],[-73.75818,40.74919],[-73.75699,40.74958],[-73.75427,40.75025],[-73.7524,40.75065],[-73.75017,40.75106],[-73.74929,40.75128],[-73.74844,40.75161],[-73.7471,40.75235],[-73.74681,40.75203],[-73.74441,40.75356],[-73.74643,40.75597],[-73.74741,40.75704],[-73.74846,40.75807],[-73.749,40.75848],[-73.74986,40.75901],[-73.75054,40.75936],[-73.75128,40.75967],[-73.75385,40.76047],[-73.75407,40.76044],[-73.75508,40.76076],[-73.7557,40.76084],[-73.7567,40.76091],[-73.75717,40.76104],[-73.75738,40.76113],[-73.75756,40.76125],[-73.75776,40.76151],[-73.75791,40.76183],[-73.75812,40.76205],[-73.75716,40.76235],[-73.758,40.76324],[-73.75844,40.76393],[-73.75907,40.76553],[-73.75943,40.76662],[-73.75977,40.76746],[-73.76039,40.7687],[-73.76087,40.76936],[-73.76152,40.77009],[-73.76368,40.77184],[-73.76455,40.77261],[-73.76545,40.77358],[-73.76598,40.77422],[-73.76663,40.77518],[-73.76695,40.77573],[-73.76792,40.77556],[-73.76957,40.77518],[-73.77113,40.77834],[-73.77554,40.77703],[-73.77572,40.7779],[-73.77584,40.77861],[-73.77678,40.77841],[-73.77948,40.77766],[-73.78655,40.77556],[-73.78827,40.77508],[-73.79163,40.77424],[-73.79365,40.77336],[-73.79566,40.77303],[-73.79724,40.77389],[-73.79872,40.77305],[-73.80048,40.7722],[-73.80089,40.76919],[-73.80463,40.76949],[-73.80428,40.77206],[-73.81391,40.77282],[-73.81384,40.77354],[-73.81531,40.77365],[-73.81515,40.77436],[-73.81494,40.77586],[-73.81764,40.7764],[-73.81873,40.77655],[-73.81873,40.77526],[-73.8218,40.77526],[-73.82167,40.77686],[-73.82148,40.77831],[-73.82239,40.77836],[-73.82376,40.7785],[-73.82382,40.77836],[-73.82582,40.77902],[-73.82602,40.77909],[-73.82567,40.77973],[-73.82623,40.77992],[-73.82824,40.77646],[-73.82888,40.77543],[-73.82951,40.77457],[-73.83016,40.77383],[-73.83054,40.77344],[-73.83183,40.77239],[-73.83438,40.77089],[-73.83627,40.76961],[-73.83673,40.76922],[-73.83729,40.76869],[-73.83816,40.76772],[-73.83871,40.76689],[-73.83932,40.76605],[-73.83912,40.76598],[-73.83942,40.76543],[-73.83908,40.76526],[-73.83826,40.76493],[-73.83738,40.76384],[-73.83692,40.76277],[-73.83695,40.76216],[-73.83682,40.76125],[-73.83716,40.76],[-73.83779,40.7591],[-73.83817,40.75798],[-73.83862,40.75704],[-73.83841,40.7561],[-73.83851,40.75588],[-73.83875,40.75698],[-73.84114,40.75601],[-73.84324,40.75534],[-73.84363,40.75616],[-73.84585,40.76046],[-73.84634,40.76019],[-73.84763,40.75928],[-73.84797,40.75908],[-73.84867,40.75873],[-73.8494,40.75841],[-73.85088,40.75792],[-73.85219,40.75757],[-73.85272,40.75753],[-73.85304,40.75758],[-73.85333,40.75768],[-73.85439,40.75825],[-73.8545,40.75828],[-73.85525,40.75915],[-73.85604,40.75973],[-73.85638,40.75991],[-73.85811,40.76064],[-73.85864,40.76094],[-73.85912,40.76127],[-73.85976,40.76184],[-73.86002,40.76214],[-73.86298,40.76579],[-73.86349,40.76636],[-73.86466,40.7675],[-73.86615,40.76872],[-73.86731,40.76955],[-73.86818,40.7701],[-73.86902,40.77058],[-73.86992,40.771],[-73.87054,40.77123],[-73.87162,40.7715],[-73.87283,40.77165],[-73.87436,40.77165],[-73.87513,40.77158],[-73.87605,40.77144],[-73.87663,40.77132],[-73.87814,40.77084],[-73.87936,40.77026],[-73.88142,40.76908],[-73.88253,40.76852],[-73.8849,40.76753],[-73.88691,40.76691],[-73.88834,40.7666],[-73.88841,40.76705],[-73.89024,40.7667],[-73.89116,40.76661],[-73.89309,40.76678],[-73.89499,40.76679],[-73.89888,40.76731],[-73.90051,40.76757],[-73.89737,40.77013],[-73.90024,40.77215],[-73.90248,40.77032],[-73.90319,40.77083],[-73.90095,40.77266],[-73.90596,40.77619],[-73.90502,40.77696],[-73.90558,40.77759],[-73.90451,40.77846],[-73.90798,40.78091],[-73.91015,40.77915],[-73.9129,40.78109],[-73.91513,40.77926],[-73.91582,40.77975],[-73.91647,40.77922],[-73.91862,40.78073],[-73.91797,40.78126],[-73.91997,40.78263]]]}},{"type":"Feature","properties":{"std_name":"State Senate District 59","std_geoid":"36059","pen":"politicians","std_note":null,"LSAD":"LU"},"geometry":{"type":"Polygon","coordinates":[[[-73.99075,40.73484],[-73.99023,40.73508],[-73.99002,40.73523],[-73.98992,40.73535],[-73.98408,40.74333],[-73.98246,40.74265],[-73.98201,40.74327],[-73.98363,40.74394],[-73.98183,40.74642],[-73.98136,40.74715],[-73.97972,40.7464],[-73.97924,40.74707],[-73.97764,40.74639],[-73.9735,40.75207],[-73.96891,40.75011],[-73.96778,40.75163],[-73.9678,40.75172],[-73.9677,40.75204],[-73.96723,40.75269],[-73.96692,40.75298],[-73.96676,40.75319],[-73.96662,40.75324],[-73.96654,40.75335],[-73.9652,40.7528],[-73.96528,40.75268],[-73.96482,40.7525],[-73.96478,40.75238],[-73.9648,40.7523],[-73.96509,40.75198],[-73.96519,40.75195],[-73.96506,40.75181],[-73.96486,40.75201],[-73.96471,40.75172],[-73.96163,40.74945],[-73.96149,40.74949],[-73.95773,40.74777],[-73.95684,40.74883],[-73.95617,40.74967],[-73.9562,40.74969],[-73.95612,40.74976],[-73.95606,40.74976],[-73.95432,40.75126],[-73.95394,40.75175],[-73.95399,40.75179],[-73.95368,40.75205],[-73.95364,40.75204],[-73.95297,40.75275],[-73.95301,40.75277],[-73.95266,40.75311],[-73.95217,40.7537],[-73.95208,40.75376],[-73.95137,40.75452],[-73.95102,40.75509],[-73.95088,40.75517],[-73.94596,40.76129],[-73.94581,40.76145],[-73.94571,40.76149],[-73.94472,40.76288],[-73.9435,40.7645],[-73.94131,40.76692],[-73.94046,40.76753],[-73.94035,40.76765],[-73.93984,40.76799],[-73.9382,40.76873],[-73.9364,40.76947],[-73.93532,40.77049],[-73.93496,40.77173],[-73.93747,40.7725],[-73.93781,40.77356],[-73.93786,40.77409],[-73.93766,40.77509],[-73.93705,40.77587],[-73.93638,40.77692],[-73.93609,40.77718],[-73.93586,40.77721],[-73.93508,40.77794],[-73.93474,40.77808],[-73.93391,40.77812],[-73.93278,40.77792],[-73.93272,40.77804],[-73.93185,40.77789],[-73.93105,40.77744],[-73.93107,40.77726],[-73.93063,40.77659],[-73.92988,40.77622],[-73.92861,40.77659],[-73.92828,40.7769],[-73.92632,40.77824],[-73.92557,40.77846],[-73.92482,40.77876],[-73.92423,40.7791],[-73.92319,40.78025],[-73.92296,40.78044],[-73.92263,40.78057],[-73.9221,40.78085],[-73.91997,40.78263],[-73.91797,40.78126],[-73.91862,40.78073],[-73.91647,40.77922],[-73.91799,40.77798],[-73.91592,40.77652],[-73.91845,40.77445],[-73.91217,40.77003],[-73.91292,40.76916],[-73.91194,40.76901],[-73.9145,40.76586],[-73.9137,40.76548],[-73.91499,40.76389],[-73.91579,40.76427],[-73.92291,40.75551],[-73.9237,40.75588],[-73.92495,40.75434],[-73.92416,40.75396],[-73.92563,40.75214],[-73.92647,40.75207],[-73.92874,40.75204],[-73.92971,40.75256],[-73.93015,40.75201],[-73.93228,40.75195],[-73.93383,40.7516],[-73.93474,40.75098],[-73.93609,40.74973],[-73.93539,40.74941],[-73.93684,40.7484],[-73.9344,40.74603],[-73.9377,40.74524],[-73.93726,40.74518],[-73.93765,40.7433],[-73.94045,40.74365],[-73.94059,40.74288],[-73.94182,40.74169],[-73.94228,40.74118],[-73.9446,40.74163],[-73.9453,40.73955],[-73.95213,40.74089],[-73.95229,40.74038],[-73.95214,40.74036],[-73.95254,40.73923],[-73.94683,40.73744],[-73.94216,40.73568],[-73.94037,40.73327],[-73.9415,40.73288],[-73.94204,40.73277],[-73.9428,40.73266],[-73.94372,40.73239],[-73.94294,40.72766],[-73.93819,40.7281],[-73.93724,40.72779],[-73.93676,40.72484],[-73.93765,40.72427],[-73.93931,40.72335],[-73.94022,40.72289],[-73.94109,40.72231],[-73.94196,40.72165],[-73.9456,40.71957],[-73.94832,40.71787],[-73.94866,40.71768],[-73.95114,40.71603],[-73.95184,40.71544],[-73.95275,40.71474],[-73.95349,40.71407],[-73.95599,40.71409],[-73.95756,40.7145],[-73.95793,40.71396],[-73.95906,40.71217],[-73.96056,40.71271],[-73.96103,40.71197],[-73.96407,40.71308],[-73.96714,40.71393],[-73.96837,40.71413],[-73.96804,40.71497],[-73.96758,40.7165],[-73.96684,40.71756],[-73.96651,40.71792],[-73.97287,40.72073],[-73.97275,40.72106],[-73.97149,40.72614],[-73.9714,40.72666],[-73.97186,40.72676],[-73.97205,40.72688],[-73.9757,40.72848],[-73.978,40.72943],[-73.98034,40.73045],[-73.9899,40.73443],[-73.99075,40.73484]]]}},{"type":"Feature","properties":{"std_name":"State Senate District 16","std_geoid":"36016","pen":"politicians","std_note":null,"LSAD":"LU"},"geometry":{"type":"Polygon","coordinates":[[[-73.8522,40.75266],[-73.84562,40.75461],[-73.84183,40.75577],[-73.84046,40.75627],[-73.83875,40.75698],[-73.83851,40.75588],[-73.83841,40.7561],[-73.83862,40.75704],[-73.83817,40.75798],[-73.83779,40.7591],[-73.83716,40.76],[-73.83682,40.76125],[-73.83695,40.76216],[-73.83692,40.76277],[-73.83738,40.76384],[-73.83826,40.76493],[-73.83908,40.76526],[-73.83942,40.76543],[-73.83912,40.76598],[-73.83932,40.76605],[-73.83871,40.76689],[-73.83816,40.76772],[-73.83729,40.76869],[-73.83673,40.76922],[-73.83627,40.76961],[-73.83438,40.77089],[-73.83183,40.77239],[-73.83054,40.77344],[-73.83016,40.77383],[-73.82951,40.77457],[-73.82888,40.77543],[-73.82824,40.77646],[-73.82623,40.77992],[-73.82567,40.77973],[-73.82602,40.77909],[-73.82582,40.77902],[-73.82382,40.77836],[-73.82376,40.7785],[-73.82239,40.77836],[-73.82148,40.77831],[-73.82167,40.77686],[-73.8218,40.77526],[-73.81873,40.77526],[-73.81873,40.77655],[-73.81764,40.7764],[-73.81494,40.77586],[-73.81515,40.77436],[-73.81531,40.77365],[-73.81384,40.77354],[-73.81391,40.77282],[-73.80428,40.77206],[-73.80463,40.76949],[-73.80089,40.76919],[-73.80048,40.7722],[-73.79872,40.77305],[-73.79724,40.77389],[-73.79566,40.77303],[-73.79365,40.77336],[-73.79163,40.77424],[-73.78827,40.77508],[-73.78655,40.77556],[-73.77948,40.77766],[-73.77678,40.77841],[-73.77584,40.77861],[-73.77572,40.7779],[-73.77554,40.77703],[-73.77113,40.77834],[-73.76957,40.77518],[-73.76792,40.77556],[-73.76695,40.77573],[-73.76663,40.77518],[-73.76598,40.77422],[-73.76545,40.77358],[-73.76455,40.77261],[-73.76368,40.77184],[-73.76152,40.77009],[-73.76087,40.76936],[-73.76039,40.7687],[-73.75977,40.76746],[-73.75943,40.76662],[-73.75907,40.76553],[-73.75844,40.76393],[-73.758,40.76324],[-73.75716,40.76235],[-73.75812,40.76205],[-73.75791,40.76183],[-73.75776,40.76151],[-73.75756,40.76125],[-73.75738,40.76113],[-73.75717,40.76104],[-73.7567,40.76091],[-73.7557,40.76084],[-73.75508,40.76076],[-73.75407,40.76044],[-73.75385,40.76047],[-73.75128,40.75967],[-73.75054,40.75936],[-73.74986,40.75901],[-73.749,40.75848],[-73.74846,40.75807],[-73.74741,40.75704],[-73.74643,40.75597],[-73.74441,40.75356],[-73.74681,40.75203],[-73.7471,40.75235],[-73.74844,40.75161],[-73.74929,40.75128],[-73.75017,40.75106],[-73.7524,40.75065],[-73.75427,40.75025],[-73.75699,40.74958],[-73.75818,40.74919],[-73.75902,40.74885],[-73.75982,40.74843],[-73.76065,40.74808],[-73.76158,40.74777],[-73.76073,40.74598],[-73.75889,40.74648],[-73.75808,40.74476],[-73.75993,40.74429],[-73.75892,40.74216],[-73.76431,40.74067],[-73.7626,40.73709],[-73.76249,40.73673],[-73.76246,40.73655],[-73.76248,40.73618],[-73.76273,40.73526],[-73.76504,40.73448],[-73.7637,40.73286],[-73.77011,40.73178],[-73.77491,40.73091],[-73.78116,40.72921],[-73.77956,40.72581],[-73.77804,40.72328],[-73.77775,40.72284],[-73.77738,40.72244],[-73.77859,40.72149],[-73.77913,40.72113],[-73.78036,40.72053],[-73.78093,40.72038],[-73.78199,40.72017],[-73.78499,40.71997],[-73.78864,40.71931],[-73.78932,40.71927],[-73.79143,40.71926],[-73.79214,40.7192],[-73.79279,40.71908],[-73.79405,40.71871],[-73.79565,40.71813],[-73.79697,40.71772],[-73.79806,40.71743],[-73.7981,40.71754],[-73.80008,40.71697],[-73.80099,40.71679],[-73.80192,40.71655],[-73.80318,40.71635],[-73.80474,40.71617],[-73.80662,40.71604],[-73.80784,40.716],[-73.80861,40.71842],[-73.80915,40.7203],[-73.80957,40.72019],[-73.8099,40.72089],[-73.81039,40.72084],[-73.81116,40.72063],[-73.8115,40.72129],[-73.8107,40.72153],[-73.80959,40.72165],[-73.81013,40.72303],[-73.80805,40.72326],[-73.80818,40.72397],[-73.8104,40.72372],[-73.81063,40.72442],[-73.81069,40.72512],[-73.81069,40.7258],[-73.81074,40.72626],[-73.81069,40.72649],[-73.81089,40.72717],[-73.81112,40.72783],[-73.81186,40.72775],[-73.8124,40.72801],[-73.81299,40.72809],[-73.8134,40.72805],[-73.81394,40.72785],[-73.81475,40.72823],[-73.81488,40.72832],[-73.8151,40.72854],[-73.81523,40.72879],[-73.81515,40.72969],[-73.81502,40.73047],[-73.81852,40.72986],[-73.81959,40.73194],[-73.8239,40.73067],[-73.82424,40.73132],[-73.82618,40.73077],[-73.82653,40.73143],[-73.82855,40.73083],[-73.82892,40.73156],[-73.82926,40.73156],[-73.83386,40.73055],[-73.83307,40.72992],[-73.8329,40.72959],[-73.83248,40.72894],[-73.83224,40.72863],[-73.8317,40.72803],[-73.83244,40.728],[-73.83277,40.72792],[-73.83275,40.72787],[-73.83293,40.72788],[-73.83321,40.72779],[-73.83349,40.72777],[-73.83821,40.72637],[-73.83931,40.72824],[-73.8399,40.729],[-73.84064,40.72982],[-73.84279,40.73188],[-73.84262,40.73197],[-73.84363,40.73326],[-73.84393,40.73376],[-73.84445,40.73481],[-73.84457,40.73513],[-73.84479,40.73593],[-73.84504,40.73823],[-73.84547,40.74025],[-73.84566,40.74017],[-73.84613,40.74187],[-73.84662,40.74311],[-73.8469,40.74369],[-73.84696,40.74367],[-73.84726,40.74448],[-73.84815,40.74616],[-73.84883,40.7472],[-73.85007,40.7488],[-73.85086,40.75],[-73.8522,40.75266]]]}},{"type":"Feature","properties":{"std_name":"State Senate District 13","std_geoid":"36013","pen":"politicians","std_note":null,"LSAD":"LU"},"geometry":{"type":"Polygon","coordinates":[[[-73.90003,40.75732],[-73.89995,40.75783],[-73.89965,40.75856],[-73.89877,40.75992],[-73.89655,40.76308],[-73.89632,40.76335],[-73.8955,40.76395],[-73.8951,40.76436],[-73.89495,40.76467],[-73.89457,40.76581],[-73.89432,40.76615],[-73.89408,40.76633],[-73.89326,40.76621],[-73.89266,40.76616],[-73.89165,40.76616],[-73.89103,40.7662],[-73.89021,40.76629],[-73.88877,40.76651],[-73.8865,40.76702],[-73.8849,40.76753],[-73.88253,40.76852],[-73.88142,40.76908],[-73.87936,40.77026],[-73.87814,40.77084],[-73.87663,40.77132],[-73.87605,40.77144],[-73.87513,40.77158],[-73.87436,40.77165],[-73.87283,40.77165],[-73.87162,40.7715],[-73.87054,40.77123],[-73.86992,40.771],[-73.86902,40.77058],[-73.86818,40.7701],[-73.86731,40.76955],[-73.86583,40.76847],[-73.86466,40.7675],[-73.86323,40.76608],[-73.86002,40.76214],[-73.85976,40.76184],[-73.85912,40.76127],[-73.85864,40.76094],[-73.85811,40.76064],[-73.85638,40.75991],[-73.85604,40.75973],[-73.85525,40.75915],[-73.8545,40.75828],[-73.85439,40.75825],[-73.85333,40.75768],[-73.85304,40.75758],[-73.85272,40.75753],[-73.85219,40.75757],[-73.85088,40.75792],[-73.8494,40.75841],[-73.84867,40.75873],[-73.84797,40.75908],[-73.84763,40.75928],[-73.84634,40.76019],[-73.84585,40.76046],[-73.84363,40.75616],[-73.84324,40.75534],[-73.8522,40.75266],[-73.85086,40.75],[-73.85007,40.7488],[-73.84883,40.7472],[-73.84815,40.74616],[-73.84726,40.74448],[-73.84696,40.74367],[-73.8469,40.74369],[-73.84662,40.74311],[-73.84613,40.74187],[-73.84566,40.74017],[-73.84547,40.74025],[-73.84544,40.74008],[-73.84563,40.73999],[-73.84524,40.73789],[-73.84504,40.73609],[-73.84477,40.73509],[-73.84438,40.73417],[-73.84496,40.73399],[-73.84543,40.73495],[-73.84569,40.73567],[-73.84591,40.7364],[-73.84606,40.7371],[-73.84876,40.73636],[-73.851,40.73566],[-73.85134,40.73632],[-73.85358,40.73565],[-73.85325,40.73498],[-73.85547,40.73432],[-73.85581,40.73498],[-73.85799,40.73433],[-73.85765,40.73367],[-73.86167,40.73247],[-73.86259,40.73426],[-73.86434,40.73374],[-73.86458,40.73419],[-73.8685,40.73302],[-73.86925,40.73335],[-73.8699,40.73357],[-73.87175,40.73413],[-73.87384,40.73471],[-73.87442,40.73491],[-73.87435,40.73497],[-73.8721,40.73599],[-73.87009,40.73652],[-73.8712,40.73939],[-73.87383,40.7388],[-73.8748,40.74129],[-73.87305,40.74168],[-73.87349,40.7425],[-73.8745,40.74331],[-73.87676,40.74265],[-73.87925,40.74376],[-73.87981,40.7431],[-73.881,40.74184],[-73.88294,40.74161],[-73.88283,40.74099],[-73.88551,40.74016],[-73.88573,40.74129],[-73.88662,40.74118],[-73.8871,40.74368],[-73.89072,40.74313],[-73.89111,40.7452],[-73.892,40.74511],[-73.89232,40.74675],[-73.89143,40.74685],[-73.8915,40.74724],[-73.89241,40.74714],[-73.8934,40.75285],[-73.89526,40.75266],[-73.8949,40.75072],[-73.8958,40.75062],[-73.89619,40.75256],[-73.89748,40.75242],[-73.89763,40.75275],[-73.89854,40.75417],[-73.89874,40.75415],[-73.89877,40.7542],[-73.89861,40.75428],[-73.89886,40.75471],[-73.8992,40.75515],[-73.89947,40.75566],[-73.89969,40.75622],[-73.89995,40.75676],[-73.90002,40.757],[-73.90003,40.75732]]]}},{"type":"Feature","properties":{"std_name":"State Senate District 47","std_geoid":"36047","pen":"politicians","std_note":null,"LSAD":"LU"},"geometry":{"type":"Polygon","coordinates":[[[-74.01918,40.73637],[-74.01403,40.75755],[-73.98063,40.80328],[-73.97192,40.79971],[-73.97146,40.80033],[-73.96996,40.7997],[-73.97088,40.79844],[-73.96946,40.79784],[-73.96992,40.79722],[-73.96563,40.79546],[-73.9643,40.79479],[-73.96283,40.7942],[-73.96469,40.79166],[-73.96421,40.7916],[-73.96256,40.79163],[-73.96206,40.79146],[-73.96158,40.79124],[-73.96107,40.79094],[-73.96049,40.79055],[-73.96006,40.79035],[-73.95959,40.79021],[-73.95899,40.79009],[-73.95852,40.78995],[-73.95675,40.7892],[-73.95638,40.78871],[-73.95629,40.78842],[-73.95614,40.78813],[-73.95578,40.78791],[-73.96373,40.77699],[-73.96442,40.77735],[-73.96478,40.77765],[-73.96517,40.7779],[-73.9657,40.77806],[-73.96735,40.77838],[-73.97103,40.77994],[-73.97139,40.78021],[-73.97153,40.78038],[-73.97159,40.78057],[-73.97164,40.78095],[-73.97144,40.78164],[-73.97154,40.78187],[-73.97172,40.78202],[-73.98102,40.76927],[-73.9817,40.7684],[-73.98146,40.76825],[-73.98138,40.76811],[-73.98138,40.76798],[-73.98143,40.76787],[-73.98161,40.76774],[-73.98184,40.76767],[-73.98215,40.76773],[-73.99395,40.75152],[-73.99111,40.75032],[-73.99156,40.74971],[-73.99433,40.751],[-73.9971,40.74721],[-73.99426,40.746],[-73.99564,40.7441],[-73.99281,40.7429],[-73.99329,40.74223],[-73.99613,40.74343],[-73.99829,40.74047],[-74.00113,40.74167],[-74.00155,40.74108],[-73.99871,40.73988],[-73.99968,40.73855],[-73.99684,40.73736],[-73.99871,40.73478],[-73.99887,40.73484],[-74.00139,40.73448],[-74.0012,40.73384],[-74.00279,40.73362],[-74.0028,40.73373],[-74.00239,40.73434],[-74.00297,40.73425],[-74.00371,40.73684],[-74.00387,40.73754],[-74.00821,40.73755],[-74.00832,40.73619],[-74.00993,40.736],[-74.01918,40.73637]]]}},{"type":"Feature","properties":{"std_name":"State Senate District 28","std_geoid":"36028","pen":"politicians","std_note":null,"LSAD":"LU"},"geometry":{"type":"Polygon","coordinates":[[[-74.00113,40.74167],[-73.99829,40.74047],[-73.99613,40.74343],[-73.99329,40.74223],[-73.99281,40.7429],[-73.99564,40.7441],[-73.99426,40.746],[-73.9971,40.74721],[-73.99433,40.751],[-73.99156,40.74971],[-73.99111,40.75032],[-73.99395,40.75152],[-73.98215,40.76773],[-73.98184,40.76767],[-73.98161,40.76774],[-73.98143,40.76787],[-73.98138,40.76798],[-73.98138,40.76811],[-73.98146,40.76825],[-73.9817,40.7684],[-73.98102,40.76927],[-73.97172,40.78202],[-73.97154,40.78187],[-73.97144,40.78164],[-73.97164,40.78095],[-73.97159,40.78057],[-73.97153,40.78038],[-73.97139,40.78021],[-73.97103,40.77994],[-73.96735,40.77838],[-73.9657,40.77806],[-73.96517,40.7779],[-73.96478,40.77765],[-73.96442,40.77735],[-73.96373,40.77699],[-73.95578,40.78791],[-73.94707,40.78424],[-73.94758,40.78357],[-73.95143,40.78519],[-73.95188,40.78457],[-73.95028,40.78389],[-73.95303,40.78013],[-73.94617,40.77723],[-73.94663,40.7766],[-73.94428,40.77561],[-73.94291,40.77749],[-73.94259,40.7775],[-73.94223,40.77757],[-73.94259,40.77813],[-73.94283,40.7786],[-73.94239,40.77908],[-73.94284,40.77963],[-73.94325,40.77938],[-73.94361,40.7803],[-73.94384,40.78135],[-73.94373,40.78215],[-73.9436,40.78265],[-73.93761,40.78175],[-73.93729,40.78096],[-73.93441,40.77809],[-73.93474,40.77808],[-73.93508,40.77794],[-73.93586,40.77721],[-73.93609,40.77718],[-73.93638,40.77692],[-73.93705,40.77587],[-73.93766,40.77509],[-73.93786,40.77409],[-73.93781,40.77356],[-73.93747,40.7725],[-73.93496,40.77173],[-73.93532,40.77049],[-73.9364,40.76947],[-73.9382,40.76873],[-73.93984,40.76799],[-73.94035,40.76765],[-73.94046,40.76753],[-73.94131,40.76692],[-73.9435,40.7645],[-73.94472,40.76288],[-73.94571,40.76149],[-73.94581,40.76145],[-73.94596,40.76129],[-73.95088,40.75517],[-73.95102,40.75509],[-73.95137,40.75452],[-73.95208,40.75376],[-73.95217,40.7537],[-73.95266,40.75311],[-73.95301,40.75277],[-73.95297,40.75275],[-73.95364,40.75204],[-73.95368,40.75205],[-73.95399,40.75179],[-73.95394,40.75175],[-73.95432,40.75126],[-73.95606,40.74976],[-73.95612,40.74976],[-73.9562,40.74969],[-73.95617,40.74967],[-73.95684,40.74883],[-73.95773,40.74777],[-73.96149,40.74949],[-73.96163,40.74945],[-73.96471,40.75172],[-73.96486,40.75201],[-73.96506,40.75181],[-73.96519,40.75195],[-73.96509,40.75198],[-73.9648,40.7523],[-73.96478,40.75238],[-73.96482,40.7525],[-73.96528,40.75268],[-73.9652,40.7528],[-73.96654,40.75335],[-73.96662,40.75324],[-73.96676,40.75319],[-73.96692,40.75298],[-73.96723,40.75269],[-73.9677,40.75204],[-73.9678,40.75172],[-73.96778,40.75163],[-73.96891,40.75011],[-73.9735,40.75207],[-73.97764,40.74639],[-73.97924,40.74707],[-73.97972,40.7464],[-73.98136,40.74715],[-73.98183,40.74642],[-73.98363,40.74394],[-73.98201,40.74327],[-73.98246,40.74265],[-73.98408,40.74333],[-73.98992,40.73535],[-73.99002,40.73523],[-73.99023,40.73508],[-73.99075,40.73484],[-73.99362,40.736],[-73.99968,40.73855],[-73.99871,40.73988],[-74.00155,40.74108],[-74.00113,40.74167]]]}},{"type":"Feature","properties":{"std_name":"State Senate District 29","std_geoid":"36029","pen":"politicians","std_note":null,"LSAD":"LU"},"geometry":{"type":"Polygon","coordinates":[[[-73.95578,40.78791],[-73.94879,40.79748],[-73.95202,40.79883],[-73.95153,40.79946],[-73.94188,40.79541],[-73.93769,40.80114],[-73.93537,40.80016],[-73.93445,40.80142],[-73.93406,40.80208],[-73.93357,40.80275],[-73.93582,40.8037],[-73.93533,40.80437],[-73.93308,40.80342],[-73.93266,40.80407],[-73.93075,40.80324],[-73.9306,40.80293],[-73.93089,40.80249],[-73.93073,40.80243],[-73.93037,40.80274],[-73.92998,40.80298],[-73.93005,40.80333],[-73.93031,40.80381],[-73.93094,40.80474],[-73.93322,40.80725],[-73.9318,40.80788],[-73.93211,40.80818],[-73.93235,40.80859],[-73.93248,40.80886],[-73.93257,40.80926],[-73.93263,40.81061],[-73.9326,40.81199],[-73.93242,40.81357],[-73.93242,40.81403],[-73.93233,40.81492],[-73.93226,40.818],[-73.9324,40.82119],[-73.93249,40.82255],[-73.93275,40.82549],[-73.9329,40.82656],[-73.93306,40.8282],[-73.93326,40.8295],[-73.93342,40.83138],[-73.93346,40.83318],[-73.93301,40.83568],[-73.93061,40.83968],[-73.93041,40.84028],[-73.93037,40.84065],[-73.92973,40.84185],[-73.92958,40.84205],[-73.92969,40.84219],[-73.9295,40.84238],[-73.92901,40.84408],[-73.92816,40.84549],[-73.92674,40.84517],[-73.92473,40.84481],[-73.92309,40.8448],[-73.92158,40.84495],[-73.91731,40.84519],[-73.91408,40.84528],[-73.91357,40.84529],[-73.91308,40.84506],[-73.91386,40.84398],[-73.91474,40.84434],[-73.91545,40.84337],[-73.91618,40.84233],[-73.9153,40.84196],[-73.91601,40.84098],[-73.91689,40.84135],[-73.9173,40.84077],[-73.91761,40.84128],[-73.91806,40.84036],[-73.91859,40.83898],[-73.91902,40.83838],[-73.9155,40.83702],[-73.91604,40.83646],[-73.91482,40.83599],[-73.91539,40.83541],[-73.91502,40.83527],[-73.91675,40.83232],[-73.91923,40.83316],[-73.92007,40.83202],[-73.92136,40.82969],[-73.92241,40.83005],[-73.92396,40.82739],[-73.92261,40.82697],[-73.92306,40.8261],[-73.92174,40.82564],[-73.92227,40.82497],[-73.92238,40.82479],[-73.92045,40.82411],[-73.92043,40.82415],[-73.9195,40.82382],[-73.91954,40.82375],[-73.91947,40.82373],[-73.91846,40.82557],[-73.91609,40.82484],[-73.91677,40.82439],[-73.91588,40.8241],[-73.91692,40.82221],[-73.91257,40.82086],[-73.91306,40.82013],[-73.91396,40.82039],[-73.91426,40.81975],[-73.91352,40.81954],[-73.91403,40.81896],[-73.91447,40.81851],[-73.91319,40.818],[-73.91216,40.81979],[-73.91061,40.81922],[-73.90974,40.819],[-73.90531,40.81793],[-73.90359,40.81758],[-73.904,40.81651],[-73.90283,40.81631],[-73.90092,40.81672],[-73.89934,40.81349],[-73.89845,40.81318],[-73.89796,40.81297],[-73.8972,40.81351],[-73.89641,40.81422],[-73.89291,40.81762],[-73.89023,40.82017],[-73.88804,40.82165],[-73.88725,40.82102],[-73.88541,40.8213],[-73.8859,40.82244],[-73.88267,40.82283],[-73.87798,40.82348],[-73.87504,40.82379],[-73.87413,40.82395],[-73.87338,40.82403],[-73.8728,40.82418],[-73.87255,40.8242],[-73.87257,40.82434],[-73.87246,40.82435],[-73.87243,40.82422],[-73.87142,40.82433],[-73.87,40.81824],[-73.86957,40.81621],[-73.86952,40.81612],[-73.86571,40.81662],[-73.86522,40.81453],[-73.86676,40.81431],[-73.86499,40.8136],[-73.86338,40.81265],[-73.86115,40.81142],[-73.86041,40.81092],[-73.85865,40.81107],[-73.85374,40.81173],[-73.85322,40.80962],[-73.85019,40.81005],[-73.85002,40.81001],[-73.85026,40.80961],[-73.85029,40.80848],[-73.84931,40.80805],[-73.84923,40.8078],[-73.84871,40.8075],[-73.84848,40.80713],[-73.84845,40.80683],[-73.84858,40.80637],[-73.84844,40.80613],[-73.84802,40.80599],[-73.84769,40.80606],[-73.84512,40.8063],[-73.84665,40.80102],[-73.85307,40.80011],[-73.86297,40.79767],[-73.86712,40.79374],[-73.87021,40.79091],[-73.87226,40.79499],[-73.8925,40.80121],[-73.89611,40.79692],[-73.89772,40.79514],[-73.89987,40.79245],[-73.91246,40.7961],[-73.91067,40.79312],[-73.9103,40.79066],[-73.91113,40.79011],[-73.91125,40.78974],[-73.91162,40.78959],[-73.91177,40.78972],[-73.91208,40.78952],[-73.91195,40.7894],[-73.91207,40.78934],[-73.91223,40.78918],[-73.9126,40.78938],[-73.91424,40.78786],[-73.91559,40.78643],[-73.91526,40.78619],[-73.9154,40.78606],[-73.91575,40.78611],[-73.91683,40.78519],[-73.91718,40.78455],[-73.91717,40.78419],[-73.91724,40.78414],[-73.91774,40.78408],[-73.91819,40.78393],[-73.91909,40.78337],[-73.9221,40.78085],[-73.92263,40.78057],[-73.92296,40.78044],[-73.92319,40.78025],[-73.92423,40.7791],[-73.92482,40.77876],[-73.92557,40.77846],[-73.92632,40.77824],[-73.92828,40.7769],[-73.92861,40.77659],[-73.92988,40.77622],[-73.93063,40.77659],[-73.93107,40.77726],[-73.93105,40.77744],[-73.93179,40.77787],[-73.93272,40.77804],[-73.93278,40.77792],[-73.93391,40.77812],[-73.93441,40.77809],[-73.93729,40.78096],[-73.93761,40.78175],[-73.9436,40.78265],[-73.94373,40.78215],[-73.94384,40.78135],[-73.94361,40.7803],[-73.94325,40.77938],[-73.94284,40.77963],[-73.94239,40.77908],[-73.94283,40.7786],[-73.94259,40.77813],[-73.94223,40.77757],[-73.94259,40.7775],[-73.94291,40.77749],[-73.94428,40.77561],[-73.94663,40.7766],[-73.94617,40.77723],[-73.95303,40.78013],[-73.95028,40.78389],[-73.95188,40.78457],[-73.95143,40.78519],[-73.94758,40.78357],[-73.94707,40.78424],[-73.95578,40.78791]]]}},{"type":"Feature","properties":{"std_name":"State Senate District 32","std_geoid":"36032","pen":"politicians","std_note":null,"LSAD":"LU"},"geometry":{"type":"Polygon","coordinates":[[[-73.92396,40.82739],[-73.92241,40.83005],[-73.92136,40.82969],[-73.92007,40.83202],[-73.91923,40.83316],[-73.91675,40.83232],[-73.91502,40.83527],[-73.91539,40.83541],[-73.91482,40.83599],[-73.91604,40.83646],[-73.9155,40.83702],[-73.91902,40.83838],[-73.91859,40.83898],[-73.91806,40.84036],[-73.91761,40.84128],[-73.9173,40.84077],[-73.91689,40.84135],[-73.91601,40.84098],[-73.9153,40.84196],[-73.91618,40.84233],[-73.91474,40.84434],[-73.91386,40.84398],[-73.91308,40.84506],[-73.91348,40.84527],[-73.91079,40.8452],[-73.91057,40.84542],[-73.90845,40.84688],[-73.9083,40.84681],[-73.90739,40.84678],[-73.90732,40.84777],[-73.90632,40.84758],[-73.90577,40.84918],[-73.90606,40.84932],[-73.90562,40.84992],[-73.90545,40.84989],[-73.90168,40.85455],[-73.90125,40.85448],[-73.90085,40.85594],[-73.90078,40.85605],[-73.89967,40.85567],[-73.89907,40.85712],[-73.89817,40.85681],[-73.89878,40.85536],[-73.89817,40.85515],[-73.89863,40.85391],[-73.89831,40.85406],[-73.8971,40.85517],[-73.89561,40.85457],[-73.89515,40.85463],[-73.89398,40.85425],[-73.8942,40.85386],[-73.89217,40.85277],[-73.89039,40.85469],[-73.89003,40.85422],[-73.88962,40.85359],[-73.88961,40.85324],[-73.88994,40.85259],[-73.88988,40.85207],[-73.88952,40.8518],[-73.88878,40.85134],[-73.88803,40.851],[-73.88752,40.85095],[-73.88278,40.84807],[-73.88284,40.84782],[-73.87731,40.84401],[-73.87817,40.84262],[-73.87686,40.84223],[-73.87609,40.84206],[-73.87459,40.84152],[-73.87501,40.84085],[-73.87327,40.84022],[-73.87356,40.83979],[-73.8727,40.83975],[-73.87301,40.83843],[-73.87312,40.83819],[-73.87369,40.83639],[-73.87382,40.8364],[-73.87394,40.83598],[-73.8738,40.83597],[-73.87391,40.8352],[-73.87395,40.83424],[-73.87743,40.83376],[-73.87699,40.83152],[-73.87529,40.82421],[-73.87355,40.82441],[-73.87343,40.82434],[-73.87338,40.82403],[-73.87413,40.82395],[-73.87504,40.82379],[-73.87798,40.82348],[-73.88267,40.82283],[-73.8859,40.82244],[-73.88541,40.8213],[-73.88725,40.82102],[-73.88804,40.82165],[-73.89023,40.82017],[-73.89291,40.81762],[-73.89641,40.81422],[-73.8972,40.81351],[-73.89796,40.81297],[-73.89845,40.81318],[-73.89934,40.81349],[-73.90092,40.81672],[-73.90283,40.81631],[-73.904,40.81651],[-73.90359,40.81758],[-73.90531,40.81793],[-73.90974,40.819],[-73.91061,40.81922],[-73.91216,40.81979],[-73.91319,40.818],[-73.91447,40.81851],[-73.91403,40.81896],[-73.91352,40.81954],[-73.91426,40.81975],[-73.91396,40.82039],[-73.91306,40.82013],[-73.91257,40.82086],[-73.91692,40.82221],[-73.91588,40.8241],[-73.91677,40.82439],[-73.91609,40.82484],[-73.91846,40.82557],[-73.91947,40.82373],[-73.91954,40.82375],[-73.9195,40.82382],[-73.92043,40.82415],[-73.92045,40.82411],[-73.92238,40.82479],[-73.92227,40.82497],[-73.92174,40.82564],[-73.92306,40.8261],[-73.92261,40.82697],[-73.92396,40.82739]]]}},{"type":"Feature","properties":{"std_name":"State Senate District 31","std_geoid":"36031","pen":"politicians","std_note":null,"LSAD":"LU"},"geometry":{"type":"Polygon","coordinates":[[[-73.96259,40.8289],[-73.95283,40.85111],[-73.93379,40.88221],[-73.9245,40.87897],[-73.9226,40.87878],[-73.92163,40.87832],[-73.91981,40.87658],[-73.9152,40.87558],[-73.91491,40.87658],[-73.91221,40.87818],[-73.91141,40.87928],[-73.91031,40.87905],[-73.90968,40.87951],[-73.9103,40.88005],[-73.91045,40.88024],[-73.91054,40.88057],[-73.91092,40.88042],[-73.9113,40.88022],[-73.91256,40.87924],[-73.9133,40.87877],[-73.91413,40.87933],[-73.91388,40.87953],[-73.91327,40.87974],[-73.91308,40.87986],[-73.9129,40.87999],[-73.91264,40.88027],[-73.91253,40.88032],[-73.91239,40.88049],[-73.91202,40.88082],[-73.91173,40.88074],[-73.91102,40.88209],[-73.91043,40.88347],[-73.90957,40.88373],[-73.90905,40.88363],[-73.90886,40.88367],[-73.90868,40.88377],[-73.90859,40.8839],[-73.90812,40.88531],[-73.90723,40.88516],[-73.90703,40.88583],[-73.90601,40.88559],[-73.90597,40.88581],[-73.90533,40.88735],[-73.90413,40.88709],[-73.90382,40.88748],[-73.90301,40.88882],[-73.90278,40.88879],[-73.90254,40.88768],[-73.90237,40.88725],[-73.89984,40.88654],[-73.89571,40.88578],[-73.89453,40.8855],[-73.89289,40.88526],[-73.8889,40.8845],[-73.89042,40.88251],[-73.88863,40.88276],[-73.88754,40.88427],[-73.88705,40.88436],[-73.88697,40.88281],[-73.88701,40.88247],[-73.88741,40.88271],[-73.88772,40.88282],[-73.8881,40.88285],[-73.88813,40.88266],[-73.88836,40.88227],[-73.88998,40.88023],[-73.89035,40.8799],[-73.89089,40.87948],[-73.89126,40.87913],[-73.89213,40.87806],[-73.88966,40.87698],[-73.89485,40.87045],[-73.895,40.87036],[-73.89545,40.86993],[-73.89604,40.86923],[-73.8974,40.86747],[-73.89631,40.86704],[-73.89692,40.86625],[-73.89798,40.86673],[-73.90108,40.86276],[-73.90161,40.86214],[-73.90203,40.86149],[-73.90255,40.86058],[-73.90351,40.86092],[-73.90487,40.85869],[-73.9068,40.85937],[-73.90726,40.85935],[-73.90777,40.85961],[-73.90981,40.85735],[-73.90992,40.85665],[-73.91041,40.85573],[-73.91073,40.85523],[-73.91093,40.85502],[-73.9112,40.85482],[-73.91007,40.85447],[-73.91062,40.85352],[-73.91122,40.85279],[-73.91258,40.85183],[-73.91184,40.85144],[-73.91195,40.85135],[-73.91211,40.85109],[-73.91229,40.85061],[-73.91248,40.85038],[-73.91273,40.85017],[-73.91287,40.85012],[-73.91397,40.84861],[-73.91197,40.84823],[-73.91315,40.84658],[-73.91339,40.84619],[-73.91408,40.84528],[-73.91665,40.84522],[-73.92158,40.84495],[-73.92309,40.8448],[-73.92386,40.84479],[-73.92473,40.84481],[-73.92517,40.84488],[-73.92674,40.84517],[-73.92816,40.84549],[-73.92901,40.84408],[-73.9295,40.84238],[-73.92969,40.84219],[-73.92958,40.84205],[-73.92973,40.84185],[-73.93037,40.84065],[-73.93041,40.84028],[-73.93061,40.83968],[-73.93301,40.83568],[-73.9347,40.83563],[-73.9344,40.83605],[-73.93498,40.8357],[-73.93506,40.83568],[-73.93838,40.83311],[-73.93868,40.8328],[-73.93891,40.83248],[-73.93915,40.83208],[-73.93938,40.83154],[-73.93959,40.83127],[-73.93991,40.83093],[-73.94008,40.83046],[-73.94017,40.83038],[-73.94582,40.83277],[-73.94829,40.83386],[-73.9489,40.83407],[-73.94934,40.83398],[-73.95028,40.83433],[-73.95225,40.83128],[-73.95383,40.82865],[-73.95443,40.82807],[-73.95457,40.82784],[-73.95475,40.82793],[-73.95511,40.82746],[-73.95633,40.82795],[-73.95699,40.82707],[-73.95727,40.82715],[-73.95746,40.82687],[-73.96259,40.8289]]]}},{"type":"Feature","properties":{"std_name":"State Senate District 33","std_geoid":"36033","pen":"politicians","std_note":null,"LSAD":"LU"},"geometry":{"type":"Polygon","coordinates":[[[-73.93381,40.88221],[-73.92982,40.88868],[-73.92724,40.8952],[-73.92655,40.89688],[-73.92495,40.90102],[-73.92384,40.90367],[-73.92247,40.90724],[-73.91832,40.9177],[-73.91052,40.91528],[-73.91001,40.91508],[-73.90211,40.91288],[-73.89951,40.91198],[-73.89725,40.91166],[-73.89663,40.91132],[-73.8928,40.91006],[-73.89181,40.90978],[-73.88601,40.90798],[-73.8854,40.90798],[-73.88483,40.90772],[-73.88425,40.90751],[-73.88299,40.90742],[-73.88183,40.90713],[-73.88093,40.90683],[-73.87924,40.90637],[-73.87835,40.90598],[-73.87801,40.90597],[-73.87785,40.90592],[-73.86788,40.90298],[-73.86804,40.90264],[-73.86825,40.90233],[-73.869,40.90156],[-73.8701,40.90074],[-73.87136,40.90004],[-73.87389,40.89896],[-73.87482,40.89845],[-73.87589,40.89756],[-73.87644,40.89687],[-73.87712,40.89547],[-73.87481,40.89573],[-73.87049,40.89664],[-73.86492,40.89575],[-73.86356,40.89538],[-73.86369,40.89433],[-73.86701,40.88907],[-73.86749,40.88818],[-73.86807,40.88607],[-73.86921,40.88332],[-73.87002,40.88234],[-73.87092,40.88026],[-73.87024,40.88023],[-73.87094,40.87851],[-73.86998,40.87827],[-73.87062,40.87639],[-73.87137,40.87388],[-73.87189,40.87196],[-73.87207,40.871],[-73.87214,40.87054],[-73.87223,40.8695],[-73.87224,40.86797],[-73.87197,40.86615],[-73.87137,40.86563],[-73.87102,40.86543],[-73.87085,40.86537],[-73.87042,40.86536],[-73.87046,40.86327],[-73.86548,40.86318],[-73.86548,40.86325],[-73.86355,40.86465],[-73.86352,40.86551],[-73.86237,40.86553],[-73.86258,40.86537],[-73.86265,40.86313],[-73.86063,40.86309],[-73.86055,40.86553],[-73.85867,40.8655],[-73.85871,40.86425],[-73.85806,40.86304],[-73.85771,40.86228],[-73.85757,40.86116],[-73.85878,40.86119],[-73.85882,40.85969],[-73.85735,40.85971],[-73.8561,40.85694],[-73.85535,40.85543],[-73.8529,40.85226],[-73.85377,40.85187],[-73.85528,40.85381],[-73.85609,40.85344],[-73.85457,40.85151],[-73.85538,40.85114],[-73.85283,40.84787],[-73.85364,40.84751],[-73.85219,40.84566],[-73.85381,40.84493],[-73.85303,40.84393],[-73.85574,40.84314],[-73.8543,40.84267],[-73.85334,40.84247],[-73.86176,40.84151],[-73.86358,40.84128],[-73.86547,40.84086],[-73.86782,40.84017],[-73.86831,40.84],[-73.8701,40.83925],[-73.87044,40.83914],[-73.87067,40.83901],[-73.87172,40.8382],[-73.87258,40.8379],[-73.87312,40.83819],[-73.87301,40.83843],[-73.8727,40.83975],[-73.87356,40.83979],[-73.87327,40.84022],[-73.87501,40.84085],[-73.87459,40.84152],[-73.87609,40.84206],[-73.87686,40.84223],[-73.87817,40.84262],[-73.87731,40.84401],[-73.88284,40.84782],[-73.88278,40.84807],[-73.88752,40.85095],[-73.88803,40.851],[-73.88878,40.85134],[-73.88952,40.8518],[-73.88988,40.85207],[-73.88994,40.85259],[-73.88961,40.85324],[-73.88962,40.85359],[-73.89003,40.85422],[-73.89039,40.85469],[-73.89217,40.85277],[-73.8942,40.85386],[-73.89398,40.85425],[-73.89515,40.85463],[-73.89561,40.85457],[-73.8971,40.85517],[-73.89831,40.85406],[-73.89863,40.85391],[-73.89817,40.85515],[-73.89878,40.85536],[-73.89817,40.85681],[-73.89907,40.85712],[-73.89967,40.85567],[-73.90078,40.85605],[-73.90085,40.85594],[-73.90125,40.85448],[-73.90168,40.85455],[-73.90545,40.84989],[-73.90562,40.84992],[-73.90606,40.84932],[-73.90577,40.84918],[-73.90632,40.84758],[-73.90732,40.84777],[-73.90739,40.84678],[-73.9083,40.84681],[-73.90845,40.84688],[-73.91057,40.84542],[-73.91079,40.8452],[-73.91357,40.84529],[-73.91408,40.84528],[-73.91339,40.84619],[-73.91315,40.84658],[-73.91197,40.84823],[-73.91397,40.84861],[-73.91287,40.85012],[-73.91273,40.85017],[-73.91248,40.85038],[-73.91229,40.85061],[-73.91211,40.85109],[-73.91195,40.85135],[-73.91184,40.85144],[-73.91258,40.85183],[-73.91122,40.85279],[-73.91062,40.85352],[-73.91007,40.85447],[-73.9112,40.85482],[-73.91093,40.85502],[-73.91073,40.85523],[-73.91041,40.85573],[-73.90992,40.85665],[-73.90981,40.85735],[-73.90777,40.85961],[-73.90726,40.85935],[-73.9068,40.85937],[-73.90487,40.85869],[-73.90351,40.86092],[-73.90255,40.86058],[-73.90203,40.86149],[-73.90161,40.86214],[-73.90108,40.86276],[-73.89798,40.86673],[-73.89692,40.86625],[-73.89631,40.86704],[-73.8974,40.86747],[-73.89604,40.86923],[-73.89545,40.86993],[-73.895,40.87036],[-73.89485,40.87045],[-73.88966,40.87698],[-73.89213,40.87806],[-73.89126,40.87913],[-73.89089,40.87948],[-73.89035,40.8799],[-73.88998,40.88023],[-73.88836,40.88227],[-73.88813,40.88266],[-73.8881,40.88285],[-73.88772,40.88282],[-73.88741,40.88271],[-73.88701,40.88247],[-73.88697,40.88281],[-73.88705,40.88436],[-73.88754,40.88427],[-73.88863,40.88276],[-73.89042,40.88251],[-73.8889,40.8845],[-73.89289,40.88526],[-73.89453,40.8855],[-73.89571,40.88578],[-73.89984,40.88654],[-73.90237,40.88725],[-73.90254,40.88768],[-73.90278,40.88879],[-73.90301,40.88882],[-73.90382,40.88748],[-73.90413,40.88709],[-73.90533,40.88735],[-73.90597,40.88581],[-73.90601,40.88559],[-73.90703,40.88583],[-73.90723,40.88516],[-73.90812,40.88531],[-73.90859,40.8839],[-73.90868,40.88377],[-73.90886,40.88367],[-73.90905,40.88363],[-73.90957,40.88373],[-73.91043,40.88347],[-73.91102,40.88209],[-73.91173,40.88074],[-73.91202,40.88082],[-73.91239,40.88049],[-73.91253,40.88032],[-73.91264,40.88027],[-73.9129,40.87999],[-73.91308,40.87986],[-73.91327,40.87974],[-73.91388,40.87953],[-73.91413,40.87933],[-73.9133,40.87877],[-73.91256,40.87924],[-73.9113,40.88022],[-73.91092,40.88042],[-73.91054,40.88057],[-73.91045,40.88024],[-73.9103,40.88005],[-73.90968,40.87951],[-73.91031,40.87905],[-73.91141,40.87928],[-73.91221,40.87818],[-73.91491,40.87658],[-73.9152,40.87558],[-73.91981,40.87658],[-73.92163,40.87832],[-73.9226,40.87878],[-73.9245,40.87897],[-73.93381,40.88221]]]}},{"type":"Feature","properties":{"std_name":"State Senate District 36","std_geoid":"36036","pen":"politicians","std_note":null,"LSAD":"LU"},"geometry":{"type":"Polygon","coordinates":[[[-73.87644,40.89687],[-73.87589,40.89756],[-73.87482,40.89845],[-73.87389,40.89896],[-73.87136,40.90004],[-73.8701,40.90074],[-73.869,40.90156],[-73.86825,40.90233],[-73.86804,40.90264],[-73.86788,40.90298],[-73.86695,40.90248],[-73.86526,40.90195],[-73.86467,40.90179],[-73.86288,40.90154],[-73.86264,40.90147],[-73.8624,40.90134],[-73.86159,40.90105],[-73.86026,40.90062],[-73.85939,40.90038],[-73.8593,40.90049],[-73.8592,40.90088],[-73.8594,40.90138],[-73.859,40.90148],[-73.8593,40.90178],[-73.8596,40.90218],[-73.8591,40.90247],[-73.8583,40.90208],[-73.8582,40.90238],[-73.85771,40.90257],[-73.8572,40.90288],[-73.857,40.90358],[-73.857,40.90438],[-73.85759,40.90467],[-73.85732,40.90502],[-73.8567,40.90491],[-73.85639,40.90505],[-73.8562,40.90509],[-73.85594,40.90526],[-73.85596,40.90539],[-73.8562,40.90548],[-73.85633,40.9058],[-73.85632,40.90617],[-73.85611,40.90606],[-73.85569,40.90606],[-73.8547,40.90658],[-73.8541,40.90668],[-73.8538,40.90718],[-73.85382,40.90777],[-73.85398,40.90801],[-73.8543,40.90809],[-73.85448,40.90801],[-73.85488,40.90822],[-73.85434,40.90897],[-73.85423,40.90901],[-73.854,40.90928],[-73.85294,40.90992],[-73.85268,40.9099],[-73.85268,40.91012],[-73.85228,40.91057],[-73.8522,40.91073],[-73.8522,40.91093],[-73.85213,40.91109],[-73.85175,40.91122],[-73.85163,40.91132],[-73.85172,40.91166],[-73.85171,40.91175],[-73.85154,40.91214],[-73.85104,40.9129],[-73.85065,40.91322],[-73.85033,40.91366],[-73.85014,40.91413],[-73.84999,40.9143],[-73.84983,40.91429],[-73.84963,40.91422],[-73.84957,40.91425],[-73.84943,40.91458],[-73.84913,40.91481],[-73.84891,40.91482],[-73.84869,40.91492],[-73.84844,40.91494],[-73.84801,40.91483],[-73.84771,40.91496],[-73.84742,40.91526],[-73.84723,40.9155],[-73.8472,40.91575],[-73.84713,40.91587],[-73.84699,40.91602],[-73.84692,40.91619],[-73.84695,40.91626],[-73.84702,40.91627],[-73.84732,40.91612],[-73.84753,40.91609],[-73.84767,40.91611],[-73.8479,40.91623],[-73.848,40.91636],[-73.84782,40.91653],[-73.84766,40.91654],[-73.847,40.91708],[-73.84625,40.91761],[-73.84638,40.91783],[-73.84647,40.91811],[-73.84637,40.91841],[-73.84641,40.91855],[-73.8465,40.91868],[-73.84659,40.91898],[-73.84677,40.9193],[-73.84652,40.91971],[-73.84645,40.91989],[-73.84651,40.9203],[-73.84658,40.92049],[-73.84673,40.92056],[-73.84685,40.92075],[-73.84681,40.92103],[-73.84664,40.92125],[-73.84653,40.92133],[-73.84616,40.92113],[-73.84578,40.92117],[-73.84547,40.92117],[-73.84517,40.9213],[-73.84491,40.92155],[-73.84486,40.92171],[-73.84499,40.92181],[-73.84542,40.9217],[-73.84571,40.92171],[-73.84585,40.92182],[-73.84571,40.92203],[-73.84546,40.92223],[-73.84535,40.92239],[-73.84531,40.92258],[-73.84537,40.92269],[-73.84532,40.923],[-73.84521,40.92317],[-73.84489,40.92335],[-73.84477,40.92352],[-73.84473,40.92366],[-73.84488,40.9241],[-73.84483,40.92422],[-73.84456,40.92406],[-73.84423,40.92405],[-73.84381,40.92412],[-73.84378,40.92406],[-73.84377,40.9237],[-73.84362,40.92352],[-73.84335,40.92349],[-73.84262,40.92378],[-73.84192,40.92469],[-73.84166,40.92482],[-73.84104,40.92577],[-73.84072,40.92645],[-73.84042,40.9269],[-73.84055,40.92698],[-73.84059,40.92736],[-73.84075,40.9275],[-73.84032,40.92816],[-73.84018,40.92811],[-73.84001,40.92837],[-73.83961,40.92933],[-73.83945,40.92963],[-73.83886,40.92949],[-73.8386,40.92973],[-73.83768,40.93095],[-73.83712,40.93112],[-73.83603,40.93168],[-73.83503,40.93197],[-73.8348,40.93213],[-73.83474,40.93226],[-73.83476,40.9329],[-73.83472,40.93303],[-73.8346,40.93326],[-73.83459,40.93344],[-73.83467,40.93378],[-73.835,40.93438],[-73.83495,40.93476],[-73.83463,40.93536],[-73.83463,40.93533],[-73.83452,40.93536],[-73.83431,40.93532],[-73.83064,40.93428],[-73.8089,40.92782],[-73.80675,40.92733],[-73.80658,40.9272],[-73.80642,40.92713],[-73.8054,40.92684],[-73.80519,40.92672],[-73.80508,40.9266],[-73.80504,40.9265],[-73.80502,40.92613],[-73.80518,40.92595],[-73.80527,40.92572],[-73.80546,40.92545],[-73.80621,40.92537],[-73.80631,40.92552],[-73.80647,40.92567],[-73.80668,40.92571],[-73.80697,40.92572],[-73.80723,40.92568],[-73.80754,40.92558],[-73.80777,40.92558],[-73.80794,40.92547],[-73.80811,40.92519],[-73.80842,40.925],[-73.80891,40.92448],[-73.80914,40.92419],[-73.80931,40.92391],[-73.80936,40.9221],[-73.81027,40.92066],[-73.81054,40.92016],[-73.81136,40.9184],[-73.81124,40.91826],[-73.81114,40.91797],[-73.81094,40.91763],[-73.81097,40.91751],[-73.81118,40.91723],[-73.81097,40.91699],[-73.81094,40.9169],[-73.81109,40.91681],[-73.81123,40.91663],[-73.81127,40.91629],[-73.81142,40.91613],[-73.81175,40.91594],[-73.81181,40.91573],[-73.81184,40.91506],[-73.81194,40.91472],[-73.81206,40.91466],[-73.8129,40.91474],[-73.81314,40.91469],[-73.81341,40.91441],[-73.81343,40.91431],[-73.81337,40.91421],[-73.81317,40.91403],[-73.81317,40.91362],[-73.8132,40.91347],[-73.81304,40.91314],[-73.81337,40.9124],[-73.81336,40.91214],[-73.81342,40.91154],[-73.81364,40.91078],[-73.81366,40.91052],[-73.81387,40.91031],[-73.81398,40.91016],[-73.81416,40.91011],[-73.81414,40.90991],[-73.81426,40.90965],[-73.81429,40.90946],[-73.81428,40.90932],[-73.81414,40.90925],[-73.81409,40.90907],[-73.81401,40.909],[-73.81386,40.90894],[-73.81348,40.90793],[-73.81345,40.90776],[-73.8135,40.90759],[-73.81369,40.9073],[-73.81379,40.9072],[-73.81368,40.90694],[-73.81362,40.90655],[-73.81352,40.90635],[-73.81373,40.90619],[-73.81388,40.906],[-73.81396,40.90553],[-73.81393,40.90517],[-73.81378,40.90495],[-73.81381,40.90487],[-73.81394,40.90479],[-73.81403,40.90458],[-73.81431,40.90434],[-73.81487,40.90368],[-73.81494,40.90346],[-73.81507,40.9033],[-73.81528,40.90315],[-73.81532,40.90292],[-73.81528,40.90271],[-73.81536,40.90256],[-73.81576,40.90212],[-73.81613,40.90199],[-73.81624,40.90186],[-73.81626,40.90155],[-73.81709,40.90081],[-73.81752,40.90026],[-73.81758,40.89981],[-73.81734,40.89922],[-73.81806,40.89798],[-73.81842,40.89681],[-73.81851,40.89664],[-73.81936,40.89604],[-73.81993,40.89574],[-73.82085,40.89544],[-73.82113,40.8953],[-73.82287,40.89264],[-73.82332,40.8913],[-73.82332,40.89124],[-73.82324,40.8912],[-73.8233,40.89099],[-73.82313,40.89087],[-73.82311,40.89078],[-73.82312,40.89065],[-73.82325,40.89047],[-73.82322,40.89037],[-73.8233,40.89006],[-73.8231,40.88989],[-73.82267,40.88996],[-73.82251,40.88988],[-73.82236,40.88964],[-73.82237,40.88948],[-73.82364,40.88985],[-73.82402,40.88975],[-73.82405,40.88987],[-73.82423,40.88857],[-73.82402,40.88781],[-73.82375,40.88783],[-73.82385,40.88747],[-73.82361,40.8873],[-73.8231,40.8871],[-73.82286,40.88705],[-73.82227,40.88706],[-73.8216,40.88675],[-73.82153,40.88652],[-73.82098,40.88598],[-73.82068,40.88554],[-73.82032,40.88544],[-73.81981,40.88557],[-73.81993,40.88212],[-73.8233,40.8731],[-73.82127,40.86907],[-73.82087,40.86891],[-73.81634,40.8661],[-73.81668,40.86528],[-73.81675,40.86454],[-73.81756,40.86359],[-73.81881,40.86248],[-73.82047,40.86136],[-73.82473,40.86003],[-73.82724,40.85919],[-73.82758,40.86007],[-73.82808,40.86066],[-73.82837,40.86095],[-73.82852,40.86075],[-73.82961,40.85989],[-73.83017,40.85963],[-73.83323,40.85863],[-73.83343,40.85872],[-73.83437,40.8588],[-73.83438,40.85819],[-73.83682,40.85728],[-73.84005,40.85781],[-73.84329,40.85829],[-73.84646,40.85864],[-73.8474,40.85868],[-73.84931,40.85872],[-73.85664,40.85812],[-73.85735,40.85971],[-73.85882,40.85969],[-73.85878,40.86119],[-73.85757,40.86116],[-73.85771,40.86228],[-73.85806,40.86304],[-73.85871,40.86425],[-73.85867,40.8655],[-73.86055,40.86553],[-73.86063,40.86309],[-73.86265,40.86313],[-73.86258,40.86537],[-73.86237,40.86553],[-73.86352,40.86551],[-73.86355,40.86465],[-73.86548,40.86325],[-73.86548,40.86318],[-73.87046,40.86327],[-73.87042,40.86536],[-73.87085,40.86537],[-73.87102,40.86543],[-73.87137,40.86563],[-73.87197,40.86615],[-73.87224,40.86797],[-73.87225,40.86876],[-73.87219,40.87005],[-73.87198,40.87156],[-73.87137,40.87388],[-73.87062,40.87639],[-73.86998,40.87827],[-73.87094,40.87851],[-73.87024,40.88023],[-73.87092,40.88026],[-73.87002,40.88234],[-73.86921,40.88332],[-73.86807,40.88607],[-73.86749,40.88818],[-73.86701,40.88907],[-73.86369,40.89433],[-73.86356,40.89538],[-73.86492,40.89575],[-73.87049,40.89664],[-73.87481,40.89573],[-73.87712,40.89547],[-73.87644,40.89687]]]}},{"type":"Feature","properties":{"std_name":"State Senate District 37","std_geoid":"36037","pen":"politicians","std_note":null,"LSAD":"LU"},"geometry":{"type":"Polygon","coordinates":[[[-73.86247,40.93552],[-73.86227,40.93586],[-73.86186,40.93644],[-73.8611,40.9361],[-73.86011,40.93754],[-73.85997,40.93751],[-73.85968,40.93792],[-73.85932,40.93784],[-73.8592,40.93802],[-73.85774,40.93776],[-73.85828,40.93704],[-73.8568,40.9367],[-73.85686,40.93645],[-73.85637,40.93641],[-73.85634,40.93693],[-73.85638,40.93749],[-73.85636,40.93765],[-73.8562,40.938],[-73.85608,40.93816],[-73.85336,40.94081],[-73.85291,40.94136],[-73.85258,40.94196],[-73.85198,40.94329],[-73.85183,40.94354],[-73.85143,40.94401],[-73.85089,40.9445],[-73.85058,40.94487],[-73.85024,40.94547],[-73.84982,40.94644],[-73.85085,40.94758],[-73.85214,40.94891],[-73.8517,40.9495],[-73.84827,40.95349],[-73.84763,40.95362],[-73.84528,40.95372],[-73.84383,40.95361],[-73.84341,40.95351],[-73.84315,40.95336],[-73.84254,40.95412],[-73.84223,40.9546],[-73.84207,40.95503],[-73.84195,40.95581],[-73.84186,40.95614],[-73.84187,40.95724],[-73.84182,40.95909],[-73.84172,40.95961],[-73.84156,40.96003],[-73.84125,40.96064],[-73.8403,40.96197],[-73.83992,40.96262],[-73.83908,40.9645],[-73.83862,40.96531],[-73.83804,40.96688],[-73.83769,40.96763],[-73.83715,40.96864],[-73.83622,40.96996],[-73.8361,40.97019],[-73.83558,40.97151],[-73.83527,40.97214],[-73.83406,40.97386],[-73.83317,40.9753],[-73.8326,40.97596],[-73.83163,40.97695],[-73.83134,40.97731],[-73.83093,40.97799],[-73.83078,40.97834],[-73.83054,40.9791],[-73.83042,40.97953],[-73.83043,40.97996],[-73.83058,40.98059],[-73.83063,40.98096],[-73.83091,40.98169],[-73.83107,40.982],[-73.83123,40.98221],[-73.8318,40.9828],[-73.8324,40.98351],[-73.83272,40.98394],[-73.83323,40.98494],[-73.83341,40.98518],[-73.82656,40.98611],[-73.81647,40.98738],[-73.81535,40.98762],[-73.81042,40.98834],[-73.80988,40.98922],[-73.80965,40.9897],[-73.80934,40.9899],[-73.80908,40.98999],[-73.80888,40.99048],[-73.8087,40.99102],[-73.80733,40.99356],[-73.80706,40.99428],[-73.80678,40.99471],[-73.80613,40.99494],[-73.80579,40.99523],[-73.8057,40.99539],[-73.80531,40.99575],[-73.8052,40.99595],[-73.80519,40.99621],[-73.80501,40.99664],[-73.80361,40.99945],[-73.8034,41.00003],[-73.80292,41.00086],[-73.79999,41.0052],[-73.7997,41.00549],[-73.7994,41.00611],[-73.79888,41.00684],[-73.7982,41.00789],[-73.79806,41.00797],[-73.79785,41.00803],[-73.79683,41.00854],[-73.79672,41.0087],[-73.79667,41.00882],[-73.79662,41.00936],[-73.7964,41.00984],[-73.79626,41.00994],[-73.79596,41.01004],[-73.79578,41.01017],[-73.79528,41.01086],[-73.79501,41.01139],[-73.79368,41.01285],[-73.79344,41.01304],[-73.79288,41.01327],[-73.79266,41.01342],[-73.79058,41.01515],[-73.78997,41.0155],[-73.78977,41.01578],[-73.78968,41.01607],[-73.78927,41.01667],[-73.78877,41.01728],[-73.7882,41.01807],[-73.788,41.01829],[-73.78788,41.01853],[-73.78785,41.0189],[-73.78772,41.01923],[-73.78659,41.02042],[-73.78687,41.02058],[-73.78683,41.02078],[-73.78666,41.02104],[-73.78668,41.02152],[-73.78665,41.02164],[-73.78653,41.02176],[-73.78624,41.02184],[-73.7852,41.02139],[-73.7851,41.02145],[-73.78486,41.02181],[-73.78515,41.02218],[-73.78671,41.02444],[-73.78692,41.02497],[-73.78711,41.02502],[-73.78995,41.02913],[-73.78713,41.0329],[-73.78692,41.03302],[-73.78639,41.03374],[-73.786,41.03414],[-73.78324,41.0365],[-73.78209,41.03663],[-73.78187,41.03705],[-73.7816,41.03722],[-73.78135,41.03719],[-73.78118,41.03737],[-73.78056,41.03764],[-73.78001,41.03794],[-73.77933,41.03824],[-73.7793,41.03815],[-73.77881,41.03804],[-73.77846,41.03805],[-73.77806,41.03789],[-73.77686,41.03775],[-73.77705,41.03831],[-73.77678,41.03846],[-73.77698,41.03892],[-73.77715,41.03903],[-73.77717,41.03926],[-73.77693,41.03963],[-73.77612,41.04024],[-73.77649,41.04053],[-73.77666,41.0411],[-73.77623,41.04128],[-73.7766,41.04163],[-73.77553,41.04398],[-73.77506,41.04518],[-73.77487,41.04527],[-73.77485,41.04548],[-73.77459,41.04559],[-73.77447,41.04574],[-73.77458,41.04587],[-73.7748,41.04602],[-73.77487,41.04622],[-73.7745,41.04665],[-73.77469,41.04707],[-73.7747,41.04718],[-73.77463,41.04789],[-73.77476,41.04833],[-73.77528,41.0485],[-73.77539,41.04869],[-73.77552,41.04921],[-73.77541,41.04945],[-73.77518,41.04943],[-73.77468,41.04919],[-73.77448,41.04903],[-73.77423,41.04907],[-73.77407,41.04929],[-73.77343,41.04957],[-73.77342,41.05006],[-73.7735,41.05037],[-73.77341,41.05063],[-73.77339,41.05097],[-73.77347,41.05123],[-73.77326,41.05175],[-73.77323,41.05221],[-73.77291,41.05251],[-73.77238,41.05245],[-73.77209,41.05332],[-73.77211,41.05344],[-73.77249,41.05379],[-73.77254,41.05391],[-73.77253,41.05418],[-73.77259,41.05441],[-73.77229,41.05438],[-73.77223,41.0545],[-73.77183,41.05477],[-73.7719,41.05494],[-73.77189,41.05505],[-73.77178,41.05515],[-73.77167,41.05519],[-73.77175,41.05537],[-73.77184,41.05544],[-73.77193,41.05558],[-73.77182,41.05588],[-73.77156,41.05641],[-73.77181,41.0566],[-73.77184,41.05665],[-73.77177,41.05683],[-73.772,41.0571],[-73.77216,41.05736],[-73.77233,41.05743],[-73.77244,41.05794],[-73.7725,41.05846],[-73.77248,41.05919],[-73.77244,41.05936],[-73.77256,41.0595],[-73.77283,41.05956],[-73.77294,41.05961],[-73.77299,41.05968],[-73.77302,41.05979],[-73.77279,41.06004],[-73.77298,41.06035],[-73.77297,41.0605],[-73.773,41.06054],[-73.77295,41.06074],[-73.77303,41.06091],[-73.77321,41.06153],[-73.7734,41.06174],[-73.77338,41.06189],[-73.77345,41.06233],[-73.77341,41.06244],[-73.77348,41.0629],[-73.77357,41.06315],[-73.77377,41.06329],[-73.77389,41.06356],[-73.77391,41.0637],[-73.77387,41.0638],[-73.77371,41.06389],[-73.77373,41.06428],[-73.77385,41.06446],[-73.77405,41.06465],[-73.77401,41.06488],[-73.77406,41.06492],[-73.77417,41.0649],[-73.7744,41.06498],[-73.7744,41.06502],[-73.77431,41.06511],[-73.77417,41.06515],[-73.77403,41.06516],[-73.77401,41.06525],[-73.77391,41.06534],[-73.7739,41.06542],[-73.774,41.06563],[-73.77411,41.06558],[-73.77414,41.06551],[-73.77422,41.06553],[-73.77425,41.06561],[-73.77428,41.06587],[-73.77432,41.06597],[-73.77452,41.06607],[-73.77452,41.06626],[-73.77424,41.06636],[-73.77404,41.06634],[-73.77391,41.06641],[-73.77377,41.06667],[-73.77368,41.0667],[-73.77344,41.06667],[-73.773,41.06692],[-73.77291,41.06704],[-73.77288,41.06723],[-73.77296,41.06744],[-73.77329,41.06774],[-73.7728,41.06799],[-73.77289,41.06809],[-73.77311,41.06823],[-73.77309,41.06844],[-73.77286,41.06856],[-73.77282,41.06838],[-73.77269,41.06831],[-73.77264,41.06838],[-73.77246,41.06842],[-73.77234,41.06831],[-73.77218,41.06837],[-73.77227,41.06856],[-73.77202,41.06867],[-73.77189,41.06879],[-73.7721,41.06893],[-73.77221,41.06896],[-73.7722,41.06904],[-73.77209,41.06908],[-73.77191,41.069],[-73.77162,41.06915],[-73.7715,41.06925],[-73.77148,41.06947],[-73.77126,41.0695],[-73.7711,41.06947],[-73.77089,41.06925],[-73.7707,41.06924],[-73.77059,41.06919],[-73.77031,41.06927],[-73.7699,41.06929],[-73.76968,41.06926],[-73.76946,41.06927],[-73.76932,41.06922],[-73.76887,41.06922],[-73.76873,41.06926],[-73.76865,41.0694],[-73.76853,41.0695],[-73.76818,41.06969],[-73.76773,41.07057],[-73.76831,41.0711],[-73.76834,41.07121],[-73.76831,41.07137],[-73.76824,41.07145],[-73.76791,41.07145],[-73.76774,41.07158],[-73.76769,41.07165],[-73.76574,41.07532],[-73.76525,41.07658],[-73.76497,41.07773],[-73.76485,41.07876],[-73.76484,41.07971],[-73.76498,41.08221],[-73.76493,41.08298],[-73.76479,41.08373],[-73.76456,41.08447],[-73.76425,41.08519],[-73.76385,41.08589],[-73.76336,41.08657],[-73.76278,41.08724],[-73.76211,41.08789],[-73.76136,41.08852],[-73.76055,41.08913],[-73.75719,41.09137],[-73.75581,41.09236],[-73.75528,41.09281],[-73.75485,41.09325],[-73.75451,41.09368],[-73.75423,41.0941],[-73.75382,41.09486],[-73.75328,41.09606],[-73.75206,41.09859],[-73.75141,41.10007],[-73.75113,41.10082],[-73.75088,41.10157],[-73.75068,41.10232],[-73.75045,41.10337],[-73.74989,41.10733],[-73.74965,41.10854],[-73.74922,41.11008],[-73.74892,41.1109],[-73.74823,41.11219],[-73.7474,41.11308],[-73.74631,41.11366],[-73.74522,41.11395],[-73.74329,41.11434],[-73.74242,41.11458],[-73.74182,41.11482],[-73.74105,41.11532],[-73.74046,41.11593],[-73.74012,41.11645],[-73.73975,41.11734],[-73.7396,41.11805],[-73.73955,41.11848],[-73.73957,41.11899],[-73.73971,41.11988],[-73.7399,41.12047],[-73.74009,41.12086],[-73.74036,41.12129],[-73.74071,41.12175],[-73.74277,41.12412],[-73.74308,41.12422],[-73.74316,41.12427],[-73.74341,41.12463],[-73.7434,41.12479],[-73.74364,41.12501],[-73.74375,41.12518],[-73.74378,41.12539],[-73.74384,41.12549],[-73.74429,41.12586],[-73.74458,41.12598],[-73.74482,41.12615],[-73.74493,41.12637],[-73.745,41.12671],[-73.7453,41.12733],[-73.7454,41.1277],[-73.74544,41.12774],[-73.74563,41.12779],[-73.7456,41.12813],[-73.74556,41.12821],[-73.74544,41.12838],[-73.7452,41.12855],[-73.74518,41.12862],[-73.74526,41.12875],[-73.74535,41.12904],[-73.74564,41.12945],[-73.74563,41.1296],[-73.74555,41.12981],[-73.74556,41.12987],[-73.74573,41.13013],[-73.74607,41.13041],[-73.74612,41.13054],[-73.74613,41.13074],[-73.74593,41.13112],[-73.74599,41.13146],[-73.74593,41.13172],[-73.74602,41.13187],[-73.74629,41.13187],[-73.74637,41.13195],[-73.74641,41.13244],[-73.74628,41.13273],[-73.74616,41.13282],[-73.74619,41.13305],[-73.74614,41.13317],[-73.74614,41.13325],[-73.74598,41.13337],[-73.74601,41.13347],[-73.74597,41.13361],[-73.74605,41.13366],[-73.74608,41.13375],[-73.74605,41.13389],[-73.74588,41.13413],[-73.74586,41.13434],[-73.74559,41.13445],[-73.7456,41.13465],[-73.74564,41.13474],[-73.74579,41.13484],[-73.74571,41.13509],[-73.74574,41.13528],[-73.74584,41.13535],[-73.74596,41.13553],[-73.74595,41.13566],[-73.74586,41.13577],[-73.74587,41.13586],[-73.74591,41.1359],[-73.74634,41.13591],[-73.74639,41.13597],[-73.74641,41.13606],[-73.74631,41.13621],[-73.74631,41.13632],[-73.74636,41.13645],[-73.74633,41.13659],[-73.74626,41.1367],[-73.74602,41.13689],[-73.7458,41.13696],[-73.74573,41.13716],[-73.74553,41.13729],[-73.7454,41.1375],[-73.7453,41.13756],[-73.74514,41.13758],[-73.74487,41.13777],[-73.74476,41.13789],[-73.74475,41.13817],[-73.74484,41.13833],[-73.74485,41.1384],[-73.74473,41.1385],[-73.74463,41.13864],[-73.74466,41.13893],[-73.74475,41.13929],[-73.74525,41.13979],[-73.74564,41.14025],[-73.74196,41.14222],[-73.73993,41.14346],[-73.73035,41.149],[-73.72394,41.15276],[-73.71929,41.15599],[-73.70918,41.16266],[-73.70483,41.165],[-73.70351,41.16565],[-73.6989,41.167],[-73.69663,41.16754],[-73.69369,41.16829],[-73.68424,41.17075],[-73.66155,41.17653],[-73.65662,41.17782],[-73.65427,41.17847],[-73.65001,41.17953],[-73.64559,41.18073],[-73.64361,41.18116],[-73.63996,41.18206],[-73.63258,41.18399],[-73.62809,41.18511],[-73.62271,41.18654],[-73.61871,41.18766],[-73.59998,41.19255],[-73.59163,41.19482],[-73.59245,41.19622],[-73.59435,41.19998],[-73.6024,41.21783],[-73.60419,41.22162],[-73.60648,41.22634],[-73.60959,41.23319],[-73.61301,41.24119],[-73.61456,41.24435],[-73.61755,41.25071],[-73.61821,41.25249],[-73.61884,41.25376],[-73.61952,41.25502],[-73.61722,41.25524],[-73.61021,41.25576],[-73.60656,41.25611],[-73.6018,41.25648],[-73.59508,41.25717],[-73.58985,41.25764],[-73.57241,41.25934],[-73.56371,41.26013],[-73.5606,41.25628],[-73.55882,41.25422],[-73.55769,41.25282],[-73.55648,41.25145],[-73.54873,41.24298],[-73.54573,41.2398],[-73.54445,41.23816],[-73.54383,41.23751],[-73.54244,41.23582],[-73.5416,41.23475],[-73.53239,41.22343],[-73.53102,41.22139],[-73.5287,41.21883],[-73.5235,41.21272],[-73.52146,41.21022],[-73.52045,41.20904],[-73.51263,41.19945],[-73.51399,41.19885],[-73.51418,41.19873],[-73.52098,41.19542],[-73.52234,41.19481],[-73.52334,41.19429],[-73.52375,41.1941],[-73.52426,41.19393],[-73.52484,41.19361],[-73.52629,41.193],[-73.536,41.18843],[-73.55147,41.18146],[-73.56494,41.17517],[-73.56616,41.17469],[-73.5788,41.16889],[-73.59183,41.163],[-73.597,41.16089],[-73.59725,41.16066],[-73.60019,41.15915],[-73.61362,41.15314],[-73.62435,41.14826],[-73.62457,41.14831],[-73.6288,41.14643],[-73.63021,41.14579],[-73.6337,41.14408],[-73.63446,41.14376],[-73.63474,41.14368],[-73.63564,41.14329],[-73.63601,41.14323],[-73.63735,41.14263],[-73.63775,41.14232],[-73.63967,41.1415],[-73.65167,41.1361],[-73.65437,41.1348],[-73.65547,41.1342],[-73.65614,41.13397],[-73.66057,41.132],[-73.66087,41.1318],[-73.66497,41.13],[-73.66803,41.12852],[-73.67642,41.12467],[-73.68947,41.1185],[-73.69605,41.11526],[-73.7007,41.11338],[-73.70284,41.11218],[-73.70354,41.11183],[-73.70553,41.11106],[-73.71223,41.10792],[-73.71376,41.10724],[-73.72777,41.1007],[-73.72621,41.09856],[-73.72338,41.09444],[-73.72102,41.09216],[-73.71868,41.09],[-73.71788,41.089],[-73.71706,41.08779],[-73.71581,41.08623],[-73.70507,41.0725],[-73.69468,41.05979],[-73.69421,41.05933],[-73.69286,41.05771],[-73.69235,41.05714],[-73.68953,41.05352],[-73.68885,41.05254],[-73.68842,41.05202],[-73.68789,41.05153],[-73.68717,41.0507],[-73.68247,41.0447],[-73.68184,41.04397],[-73.67977,41.04194],[-73.67928,41.04138],[-73.67878,41.04073],[-73.67856,41.0404],[-73.67592,41.03731],[-73.67574,41.037],[-73.67452,41.03563],[-73.67107,41.03153],[-73.67061,41.03083],[-73.67038,41.03006],[-73.66977,41.0294],[-73.66917,41.0285],[-73.66518,41.02362],[-73.66467,41.023],[-73.66418,41.02229],[-73.6636,41.02166],[-73.66276,41.02057],[-73.65945,41.01765],[-73.65899,41.01718],[-73.65868,41.01671],[-73.65787,41.0158],[-73.65737,41.0151],[-73.6569,41.01452],[-73.65612,41.01313],[-73.65541,41.01244],[-73.65525,41.01225],[-73.65524,41.01185],[-73.65606,41.00892],[-73.65721,41.0064],[-73.65808,41.00475],[-73.65856,41.00402],[-73.65969,41.00151],[-73.66013,41.00068],[-73.66027,41.00048],[-73.66021,41.00036],[-73.65931,40.99717],[-73.65949,40.99553],[-73.65965,40.99445],[-73.65959,40.99414],[-73.65911,40.99334],[-73.65797,40.992],[-73.65723,40.99091],[-73.65863,40.98926],[-73.65891,40.98899],[-73.65967,40.98791],[-73.65677,40.98451],[-73.61289,40.95094],[-73.69897,40.90039],[-73.7406,40.8762],[-73.74958,40.88623],[-73.75508,40.8933],[-73.75968,40.901],[-73.76138,40.9052],[-73.76157,40.906],[-73.76465,40.90273],[-73.76466,40.90278],[-73.76509,40.9032],[-73.76512,40.9032],[-73.76512,40.90308],[-73.76514,40.90305],[-73.76532,40.90303],[-73.76565,40.9031],[-73.76631,40.90333],[-73.76642,40.90339],[-73.76664,40.90354],[-73.76702,40.90391],[-73.7674,40.90418],[-73.76741,40.90425],[-73.76735,40.90445],[-73.76738,40.90446],[-73.76753,40.90408],[-73.76797,40.90389],[-73.76824,40.90384],[-73.76837,40.90385],[-73.76863,40.90394],[-73.7691,40.90424],[-73.7692,40.90439],[-73.76936,40.90481],[-73.76938,40.90496],[-73.76937,40.90502],[-73.76904,40.9051],[-73.76902,40.90516],[-73.76905,40.90521],[-73.76931,40.90518],[-73.76935,40.90521],[-73.7694,40.90531],[-73.76941,40.90571],[-73.76931,40.90582],[-73.76895,40.90602],[-73.7689,40.90613],[-73.76886,40.90648],[-73.76878,40.90663],[-73.76859,40.90682],[-73.76846,40.90683],[-73.76836,40.90678],[-73.7683,40.90666],[-73.76825,40.90662],[-73.76816,40.9066],[-73.76801,40.90662],[-73.76779,40.90676],[-73.76772,40.90675],[-73.7675,40.90686],[-73.76725,40.90721],[-73.7673,40.90725],[-73.76774,40.9071],[-73.76783,40.90714],[-73.76798,40.9074],[-73.76799,40.90752],[-73.76792,40.90778],[-73.76767,40.90823],[-73.76775,40.90846],[-73.76759,40.90858],[-73.76758,40.90861],[-73.76789,40.90879],[-73.7684,40.90899],[-73.77145,40.90738],[-73.77206,40.90691],[-73.77302,40.90633],[-73.77342,40.90614],[-73.77367,40.90605],[-73.77385,40.90604],[-73.77354,40.90718],[-73.7734,40.90736],[-73.77304,40.90767],[-73.77282,40.90794],[-73.77247,40.90859],[-73.77242,40.90871],[-73.77241,40.90889],[-73.77261,40.9092],[-73.77283,40.90944],[-73.77405,40.91068],[-73.77574,40.91253],[-73.77611,40.91297],[-73.77656,40.91335],[-73.77684,40.91366],[-73.77775,40.9149],[-73.77799,40.91552],[-73.77801,40.91589],[-73.77816,40.91599],[-73.77832,40.91577],[-73.77843,40.91567],[-73.77867,40.91555],[-73.77992,40.91589],[-73.78025,40.9161],[-73.78034,40.91599],[-73.78051,40.91605],[-73.78097,40.91605],[-73.78222,40.91658],[-73.78265,40.91662],[-73.78308,40.91653],[-73.78425,40.91616],[-73.78509,40.91601],[-73.78522,40.91656],[-73.78554,40.91711],[-73.78596,40.91775],[-73.78596,40.91783],[-73.78644,40.91863],[-73.78663,40.9191],[-73.787,40.92031],[-73.7891,40.91987],[-73.78944,40.92076],[-73.78964,40.92072],[-73.79014,40.92245],[-73.78972,40.92227],[-73.78953,40.92212],[-73.78938,40.92187],[-73.78926,40.92176],[-73.78905,40.92167],[-73.78882,40.92165],[-73.78878,40.92197],[-73.78888,40.92285],[-73.78874,40.92321],[-73.78895,40.92314],[-73.79027,40.92292],[-73.79049,40.92371],[-73.79064,40.92372],[-73.79172,40.92355],[-73.79273,40.92706],[-73.79641,40.92648],[-73.79617,40.92565],[-73.79759,40.9254],[-73.79754,40.9263],[-73.80097,40.92573],[-73.80368,40.92524],[-73.80406,40.92518],[-73.80471,40.92517],[-73.80474,40.92527],[-73.80471,40.92534],[-73.80491,40.92594],[-73.80496,40.92652],[-73.80507,40.92669],[-73.80513,40.92666],[-73.80532,40.9268],[-73.8056,40.92691],[-73.80642,40.92713],[-73.80658,40.9272],[-73.80675,40.92733],[-73.8089,40.92782],[-73.83064,40.93428],[-73.83431,40.93532],[-73.83452,40.93536],[-73.83463,40.93533],[-73.83463,40.93536],[-73.83495,40.93476],[-73.835,40.93438],[-73.83467,40.93378],[-73.83459,40.93344],[-73.8346,40.93326],[-73.83472,40.93303],[-73.83476,40.9329],[-73.83474,40.93226],[-73.8348,40.93213],[-73.83503,40.93197],[-73.83603,40.93168],[-73.83712,40.93112],[-73.83768,40.93095],[-73.8386,40.92973],[-73.83886,40.92949],[-73.83945,40.92963],[-73.83961,40.92933],[-73.84001,40.92837],[-73.84018,40.92811],[-73.84032,40.92816],[-73.84075,40.9275],[-73.84059,40.92736],[-73.84055,40.92698],[-73.84042,40.9269],[-73.84072,40.92645],[-73.84104,40.92577],[-73.84166,40.92482],[-73.84192,40.92469],[-73.84262,40.92378],[-73.84335,40.92349],[-73.84362,40.92352],[-73.84377,40.9237],[-73.84378,40.92406],[-73.84381,40.92412],[-73.84423,40.92405],[-73.84456,40.92406],[-73.84483,40.92422],[-73.84538,40.9239],[-73.84648,40.92437],[-73.84624,40.92469],[-73.84633,40.92487],[-73.8465,40.92493],[-73.84722,40.92498],[-73.84704,40.92572],[-73.8466,40.92641],[-73.84852,40.92716],[-73.84965,40.92753],[-73.84885,40.92889],[-73.8483,40.9297],[-73.85162,40.93028],[-73.85479,40.93103],[-73.85699,40.93164],[-73.85683,40.93258],[-73.85653,40.93484],[-73.85752,40.93492],[-73.85788,40.9349],[-73.85816,40.93484],[-73.8587,40.93462],[-73.859,40.93455],[-73.85925,40.93456],[-73.85944,40.93464],[-73.85948,40.93471],[-73.85947,40.93487],[-73.85941,40.93508],[-73.86032,40.93493],[-73.86057,40.9356],[-73.86131,40.93551],[-73.8619,40.93534],[-73.86258,40.93521],[-73.86247,40.93552]]]}},{"type":"Feature","properties":{"std_name":"State Senate District 35","std_geoid":"36035","pen":"politicians","std_note":null,"LSAD":"LU"},"geometry":{"type":"Polygon","coordinates":[[[-73.91832,40.9177],[-73.91425,40.92796],[-73.90911,40.94589],[-73.90846,40.94788],[-73.89614,40.98187],[-73.89363,40.99717],[-73.89398,40.99717],[-73.89358,41.0053],[-73.89008,41.0226],[-73.88948,41.0341],[-73.88938,41.0376],[-73.89028,41.0452],[-73.89038,41.0458],[-73.89268,41.0535],[-73.89388,41.0579],[-73.89448,41.0646],[-73.89468,41.0698],[-73.89478,41.0705],[-73.89468,41.0796],[-73.89488,41.0824],[-73.89378,41.0933],[-73.89078,41.1111],[-73.88758,41.12879],[-73.88087,41.12764],[-73.86319,41.12501],[-73.85837,41.12425],[-73.83849,41.12131],[-73.83397,41.12067],[-73.83377,41.12068],[-73.83362,41.12077],[-73.83349,41.12117],[-73.83337,41.12137],[-73.83331,41.12202],[-73.83335,41.12244],[-73.83325,41.12275],[-73.83322,41.12304],[-73.83308,41.1234],[-73.83289,41.12374],[-73.83262,41.12401],[-73.83241,41.12411],[-73.83217,41.12417],[-73.83174,41.12414],[-73.83155,41.12409],[-73.83114,41.12391],[-73.83045,41.12384],[-73.82932,41.12343],[-73.82927,41.12337],[-73.82918,41.12306],[-73.82901,41.12294],[-73.82889,41.12268],[-73.82844,41.12218],[-73.82824,41.12174],[-73.82808,41.12158],[-73.82797,41.12155],[-73.82766,41.12155],[-73.8272,41.12169],[-73.82704,41.12177],[-73.8268,41.12197],[-73.82667,41.12218],[-73.82658,41.12269],[-73.82628,41.12308],[-73.82622,41.12328],[-73.8262,41.12352],[-73.82559,41.12425],[-73.8254,41.12458],[-73.82513,41.1249],[-73.825,41.12534],[-73.82461,41.12555],[-73.8241,41.12572],[-73.82404,41.1258],[-73.82401,41.12603],[-73.82367,41.12641],[-73.82349,41.12648],[-73.82311,41.12651],[-73.82232,41.12669],[-73.82211,41.12685],[-73.82163,41.12736],[-73.82158,41.12752],[-73.82156,41.12789],[-73.82148,41.12813],[-73.82128,41.12839],[-73.82084,41.12913],[-73.82022,41.13008],[-73.82007,41.13051],[-73.81986,41.13063],[-73.81962,41.13066],[-73.81951,41.13075],[-73.81916,41.13145],[-73.81887,41.13195],[-73.81861,41.13286],[-73.81848,41.13308],[-73.81823,41.13336],[-73.81796,41.13354],[-73.81797,41.13372],[-73.81804,41.13392],[-73.81805,41.13415],[-73.81816,41.13441],[-73.81812,41.1345],[-73.81795,41.13473],[-73.81782,41.13555],[-73.81792,41.13614],[-73.81824,41.13644],[-73.81839,41.13674],[-73.81912,41.13706],[-73.81925,41.13708],[-73.8197,41.13746],[-73.82075,41.13989],[-73.82166,41.14232],[-73.82127,41.14282],[-73.82125,41.14292],[-73.82167,41.14338],[-73.82196,41.14377],[-73.82181,41.14467],[-73.82171,41.14554],[-73.82179,41.14556],[-73.82178,41.1457],[-73.82187,41.14609],[-73.82181,41.1462],[-73.82162,41.14629],[-73.82165,41.14636],[-73.82156,41.14678],[-73.82165,41.14702],[-73.82165,41.14717],[-73.82176,41.14767],[-73.82195,41.14793],[-73.82221,41.14802],[-73.82358,41.14796],[-73.8229,41.14844],[-73.825,41.14803],[-73.82557,41.14837],[-73.82568,41.14857],[-73.82577,41.14917],[-73.82583,41.14932],[-73.82581,41.14946],[-73.82618,41.14974],[-73.82621,41.1498],[-73.82623,41.15026],[-73.82652,41.15056],[-73.82677,41.15097],[-73.82678,41.1511],[-73.82634,41.15195],[-73.82633,41.15204],[-73.82618,41.1522],[-73.82617,41.15228],[-73.82596,41.15249],[-73.82573,41.15247],[-73.82565,41.15251],[-73.82564,41.15257],[-73.82549,41.15268],[-73.8252,41.15304],[-73.82488,41.15381],[-73.82466,41.15448],[-73.82451,41.15469],[-73.82438,41.15498],[-73.82425,41.15554],[-73.82418,41.15565],[-73.82261,41.15756],[-73.82079,41.15969],[-73.82061,41.15974],[-73.82051,41.1598],[-73.82045,41.15988],[-73.82047,41.16003],[-73.81888,41.16192],[-73.81892,41.16218],[-73.81884,41.16265],[-73.81859,41.16319],[-73.81769,41.16393],[-73.81705,41.16455],[-73.81669,41.16497],[-73.81638,41.1654],[-73.81597,41.1661],[-73.81507,41.16792],[-73.81331,41.17169],[-73.80868,41.16946],[-73.79942,41.16508],[-73.79528,41.16316],[-73.79201,41.16158],[-73.79046,41.16084],[-73.78926,41.1602],[-73.78518,41.15819],[-73.78239,41.1569],[-73.77467,41.15308],[-73.77489,41.15269],[-73.77501,41.15235],[-73.77506,41.15189],[-73.77505,41.15166],[-73.77493,41.15153],[-73.77461,41.15127],[-73.77441,41.15134],[-73.77432,41.15133],[-73.7739,41.15118],[-73.77381,41.15096],[-73.77321,41.15101],[-73.77408,41.15279],[-73.76897,41.15031],[-73.75835,41.14528],[-73.74971,41.14113],[-73.7478,41.14068],[-73.74564,41.14025],[-73.74525,41.13979],[-73.74475,41.13929],[-73.74466,41.13893],[-73.74463,41.13864],[-73.74473,41.1385],[-73.74485,41.1384],[-73.74484,41.13833],[-73.74475,41.13817],[-73.74476,41.13789],[-73.74487,41.13777],[-73.74514,41.13758],[-73.7453,41.13756],[-73.7454,41.1375],[-73.74553,41.13729],[-73.74573,41.13716],[-73.7458,41.13696],[-73.74602,41.13689],[-73.74626,41.1367],[-73.74633,41.13659],[-73.74636,41.13645],[-73.74631,41.13632],[-73.74631,41.13621],[-73.74641,41.13606],[-73.74639,41.13597],[-73.74634,41.13591],[-73.74591,41.1359],[-73.74587,41.13586],[-73.74586,41.13577],[-73.74595,41.13566],[-73.74596,41.13553],[-73.74584,41.13535],[-73.74574,41.13528],[-73.74571,41.13509],[-73.74579,41.13484],[-73.74564,41.13474],[-73.7456,41.13465],[-73.74559,41.13445],[-73.74586,41.13434],[-73.74588,41.13413],[-73.74605,41.13389],[-73.74608,41.13375],[-73.74605,41.13366],[-73.74597,41.13361],[-73.74601,41.13347],[-73.74598,41.13337],[-73.74614,41.13325],[-73.74614,41.13317],[-73.74619,41.13305],[-73.74616,41.13282],[-73.74628,41.13273],[-73.74641,41.13244],[-73.74637,41.13195],[-73.74629,41.13187],[-73.74602,41.13187],[-73.74593,41.13172],[-73.74599,41.13146],[-73.74593,41.13112],[-73.74613,41.13074],[-73.74612,41.13054],[-73.74607,41.13041],[-73.74573,41.13013],[-73.74556,41.12987],[-73.74555,41.12981],[-73.74563,41.1296],[-73.74564,41.12945],[-73.74535,41.12904],[-73.74526,41.12875],[-73.74518,41.12862],[-73.7452,41.12855],[-73.74544,41.12838],[-73.74556,41.12821],[-73.7456,41.12813],[-73.74563,41.12779],[-73.74544,41.12774],[-73.7454,41.1277],[-73.7453,41.12733],[-73.745,41.12671],[-73.74493,41.12637],[-73.74482,41.12615],[-73.74458,41.12598],[-73.74429,41.12586],[-73.74384,41.12549],[-73.74378,41.12539],[-73.74375,41.12518],[-73.74364,41.12501],[-73.7434,41.12479],[-73.74341,41.12463],[-73.74316,41.12427],[-73.74308,41.12422],[-73.74277,41.12412],[-73.74071,41.12175],[-73.74036,41.12129],[-73.74009,41.12086],[-73.7399,41.12047],[-73.73971,41.11988],[-73.73957,41.11899],[-73.73955,41.11848],[-73.7396,41.11805],[-73.73975,41.11734],[-73.74012,41.11645],[-73.74046,41.11593],[-73.74105,41.11532],[-73.74182,41.11482],[-73.74242,41.11458],[-73.74329,41.11434],[-73.74522,41.11395],[-73.74631,41.11366],[-73.7474,41.11308],[-73.74823,41.11219],[-73.74892,41.1109],[-73.74922,41.11008],[-73.74965,41.10854],[-73.74989,41.10733],[-73.75045,41.10337],[-73.75068,41.10232],[-73.75088,41.10157],[-73.75113,41.10082],[-73.75141,41.10007],[-73.75206,41.09859],[-73.75328,41.09606],[-73.75382,41.09486],[-73.75423,41.0941],[-73.75451,41.09368],[-73.75485,41.09325],[-73.75528,41.09281],[-73.75581,41.09236],[-73.75719,41.09137],[-73.76055,41.08913],[-73.76136,41.08852],[-73.76211,41.08789],[-73.76278,41.08724],[-73.76336,41.08657],[-73.76385,41.08589],[-73.76425,41.08519],[-73.76456,41.08447],[-73.76479,41.08373],[-73.76493,41.08298],[-73.76498,41.08221],[-73.76484,41.07971],[-73.76485,41.07876],[-73.76497,41.07773],[-73.76525,41.07658],[-73.76574,41.07532],[-73.76769,41.07165],[-73.76774,41.07158],[-73.76791,41.07145],[-73.76824,41.07145],[-73.76831,41.07137],[-73.76834,41.07121],[-73.76831,41.0711],[-73.76773,41.07057],[-73.76818,41.06969],[-73.76853,41.0695],[-73.76865,41.0694],[-73.76873,41.06926],[-73.76887,41.06922],[-73.76932,41.06922],[-73.76946,41.06927],[-73.76968,41.06926],[-73.7699,41.06929],[-73.77031,41.06927],[-73.77059,41.06919],[-73.7707,41.06924],[-73.77089,41.06925],[-73.7711,41.06947],[-73.77126,41.0695],[-73.77148,41.06947],[-73.7715,41.06925],[-73.77162,41.06915],[-73.77191,41.069],[-73.77209,41.06908],[-73.7722,41.06904],[-73.77221,41.06896],[-73.7721,41.06893],[-73.77189,41.06879],[-73.77202,41.06867],[-73.77227,41.06856],[-73.77218,41.06837],[-73.77234,41.06831],[-73.77246,41.06842],[-73.77264,41.06838],[-73.77269,41.06831],[-73.77282,41.06838],[-73.77286,41.06856],[-73.77309,41.06844],[-73.77311,41.06823],[-73.77289,41.06809],[-73.7728,41.06799],[-73.77329,41.06774],[-73.77296,41.06744],[-73.77288,41.06723],[-73.77291,41.06704],[-73.773,41.06692],[-73.77344,41.06667],[-73.77368,41.0667],[-73.77377,41.06667],[-73.77391,41.06641],[-73.77404,41.06634],[-73.77424,41.06636],[-73.77452,41.06626],[-73.77452,41.06607],[-73.77432,41.06597],[-73.77428,41.06587],[-73.77425,41.06561],[-73.77422,41.06553],[-73.77414,41.06551],[-73.77411,41.06558],[-73.774,41.06563],[-73.7739,41.06542],[-73.77391,41.06534],[-73.77401,41.06525],[-73.77403,41.06516],[-73.77417,41.06515],[-73.77431,41.06511],[-73.7744,41.06502],[-73.7744,41.06498],[-73.77417,41.0649],[-73.77406,41.06492],[-73.77401,41.06488],[-73.77405,41.06465],[-73.77385,41.06446],[-73.77373,41.06428],[-73.77371,41.06389],[-73.77387,41.0638],[-73.77391,41.0637],[-73.77389,41.06356],[-73.77377,41.06329],[-73.77357,41.06315],[-73.77348,41.0629],[-73.77341,41.06244],[-73.77345,41.06233],[-73.77338,41.06189],[-73.7734,41.06174],[-73.77321,41.06153],[-73.77303,41.06091],[-73.77295,41.06074],[-73.773,41.06054],[-73.77297,41.0605],[-73.77298,41.06035],[-73.77279,41.06004],[-73.77302,41.05979],[-73.77299,41.05968],[-73.77294,41.05961],[-73.77283,41.05956],[-73.77256,41.0595],[-73.77244,41.05936],[-73.77248,41.05919],[-73.7725,41.05846],[-73.77244,41.05794],[-73.77233,41.05743],[-73.77216,41.05736],[-73.772,41.0571],[-73.77177,41.05683],[-73.77184,41.05665],[-73.77181,41.0566],[-73.77156,41.05641],[-73.77182,41.05588],[-73.77193,41.05558],[-73.77184,41.05544],[-73.77175,41.05537],[-73.77167,41.05519],[-73.77178,41.05515],[-73.77189,41.05505],[-73.7719,41.05494],[-73.77183,41.05477],[-73.77223,41.0545],[-73.77229,41.05438],[-73.77259,41.05441],[-73.77253,41.05418],[-73.77254,41.05391],[-73.77249,41.05379],[-73.77211,41.05344],[-73.77209,41.05332],[-73.77238,41.05245],[-73.77291,41.05251],[-73.77323,41.05221],[-73.77326,41.05175],[-73.77347,41.05123],[-73.77339,41.05097],[-73.77341,41.05063],[-73.7735,41.05037],[-73.77342,41.05006],[-73.77343,41.04957],[-73.77407,41.04929],[-73.77423,41.04907],[-73.77448,41.04903],[-73.77468,41.04919],[-73.77518,41.04943],[-73.77541,41.04945],[-73.77552,41.04921],[-73.77539,41.04869],[-73.77528,41.0485],[-73.77476,41.04833],[-73.77463,41.04789],[-73.7747,41.04718],[-73.77469,41.04707],[-73.7745,41.04665],[-73.77487,41.04622],[-73.7748,41.04602],[-73.77458,41.04587],[-73.77447,41.04574],[-73.77459,41.04559],[-73.77485,41.04548],[-73.77487,41.04527],[-73.77506,41.04518],[-73.77553,41.04398],[-73.7766,41.04163],[-73.77623,41.04128],[-73.77666,41.0411],[-73.77649,41.04053],[-73.77612,41.04024],[-73.77693,41.03963],[-73.77717,41.03926],[-73.77715,41.03903],[-73.77698,41.03892],[-73.77678,41.03846],[-73.77705,41.03831],[-73.77686,41.03775],[-73.77806,41.03789],[-73.77846,41.03805],[-73.77881,41.03804],[-73.7793,41.03815],[-73.77933,41.03824],[-73.78001,41.03794],[-73.78056,41.03764],[-73.78118,41.03737],[-73.78135,41.03719],[-73.7816,41.03722],[-73.78187,41.03705],[-73.78209,41.03663],[-73.78324,41.0365],[-73.786,41.03414],[-73.78639,41.03374],[-73.78692,41.03302],[-73.78713,41.0329],[-73.78995,41.02913],[-73.78711,41.02502],[-73.78692,41.02497],[-73.78671,41.02444],[-73.78515,41.02218],[-73.78486,41.02181],[-73.7851,41.02145],[-73.7852,41.02139],[-73.78624,41.02184],[-73.78653,41.02176],[-73.78665,41.02164],[-73.78668,41.02152],[-73.78666,41.02104],[-73.78683,41.02078],[-73.78687,41.02058],[-73.78659,41.02042],[-73.78772,41.01923],[-73.78785,41.0189],[-73.78788,41.01853],[-73.788,41.01829],[-73.7882,41.01807],[-73.78877,41.01728],[-73.78927,41.01667],[-73.78968,41.01607],[-73.78977,41.01578],[-73.78997,41.0155],[-73.79058,41.01515],[-73.79266,41.01342],[-73.79288,41.01327],[-73.79344,41.01304],[-73.79368,41.01285],[-73.79501,41.01139],[-73.79528,41.01086],[-73.79578,41.01017],[-73.79596,41.01004],[-73.79626,41.00994],[-73.7964,41.00984],[-73.79662,41.00936],[-73.79667,41.00882],[-73.79672,41.0087],[-73.79683,41.00854],[-73.79785,41.00803],[-73.79806,41.00797],[-73.7982,41.00789],[-73.79888,41.00684],[-73.7994,41.00611],[-73.7997,41.00549],[-73.79999,41.0052],[-73.80292,41.00086],[-73.8034,41.00003],[-73.80361,40.99945],[-73.80501,40.99664],[-73.80519,40.99621],[-73.8052,40.99595],[-73.80531,40.99575],[-73.8057,40.99539],[-73.80579,40.99523],[-73.80613,40.99494],[-73.80678,40.99471],[-73.80706,40.99428],[-73.80733,40.99356],[-73.8087,40.99102],[-73.80888,40.99048],[-73.80908,40.98999],[-73.80934,40.9899],[-73.80965,40.9897],[-73.80988,40.98922],[-73.81042,40.98834],[-73.81535,40.98762],[-73.81647,40.98738],[-73.82656,40.98611],[-73.83341,40.98518],[-73.83323,40.98494],[-73.83272,40.98394],[-73.8324,40.98351],[-73.8318,40.9828],[-73.83123,40.98221],[-73.83107,40.982],[-73.83091,40.98169],[-73.83063,40.98096],[-73.83058,40.98059],[-73.83043,40.97996],[-73.83042,40.97953],[-73.83054,40.9791],[-73.83078,40.97834],[-73.83093,40.97799],[-73.83134,40.97731],[-73.83163,40.97695],[-73.8326,40.97596],[-73.83317,40.9753],[-73.83406,40.97386],[-73.83527,40.97214],[-73.83558,40.97151],[-73.8361,40.97019],[-73.83622,40.96996],[-73.83715,40.96864],[-73.83769,40.96763],[-73.83804,40.96688],[-73.83862,40.96531],[-73.83908,40.9645],[-73.83992,40.96262],[-73.8403,40.96197],[-73.84125,40.96064],[-73.84156,40.96003],[-73.84172,40.95961],[-73.84182,40.95909],[-73.84187,40.95724],[-73.84186,40.95614],[-73.84195,40.95581],[-73.84207,40.95503],[-73.84223,40.9546],[-73.84254,40.95412],[-73.84315,40.95336],[-73.84341,40.95351],[-73.84383,40.95361],[-73.84528,40.95372],[-73.84763,40.95362],[-73.84827,40.95349],[-73.8517,40.9495],[-73.85214,40.94891],[-73.85085,40.94758],[-73.84982,40.94644],[-73.85024,40.94547],[-73.85058,40.94487],[-73.85089,40.9445],[-73.85143,40.94401],[-73.85183,40.94354],[-73.85198,40.94329],[-73.85258,40.94196],[-73.85291,40.94136],[-73.85336,40.94081],[-73.85608,40.93816],[-73.8562,40.938],[-73.85636,40.93765],[-73.85638,40.93749],[-73.85634,40.93693],[-73.85637,40.93641],[-73.85686,40.93645],[-73.8568,40.9367],[-73.85828,40.93704],[-73.85774,40.93776],[-73.8592,40.93802],[-73.85932,40.93784],[-73.85968,40.93792],[-73.85997,40.93751],[-73.86011,40.93754],[-73.8611,40.9361],[-73.86186,40.93644],[-73.86227,40.93586],[-73.86247,40.93552],[-73.86258,40.93521],[-73.8619,40.93534],[-73.86131,40.93551],[-73.86057,40.9356],[-73.86032,40.93493],[-73.85941,40.93508],[-73.85947,40.93487],[-73.85948,40.93471],[-73.85944,40.93464],[-73.85925,40.93456],[-73.859,40.93455],[-73.8587,40.93462],[-73.85816,40.93484],[-73.85788,40.9349],[-73.85752,40.93492],[-73.85653,40.93484],[-73.85683,40.93258],[-73.85699,40.93164],[-73.85479,40.93103],[-73.85162,40.93028],[-73.8483,40.9297],[-73.84885,40.92889],[-73.84965,40.92753],[-73.84852,40.92716],[-73.8466,40.92641],[-73.84704,40.92572],[-73.84722,40.92498],[-73.8465,40.92493],[-73.84633,40.92487],[-73.84624,40.92469],[-73.84648,40.92437],[-73.84538,40.9239],[-73.84483,40.92422],[-73.84488,40.9241],[-73.84473,40.92366],[-73.84477,40.92352],[-73.84489,40.92335],[-73.84521,40.92317],[-73.84532,40.923],[-73.84537,40.92269],[-73.84531,40.92258],[-73.84535,40.92239],[-73.84546,40.92223],[-73.84571,40.92203],[-73.84585,40.92182],[-73.84571,40.92171],[-73.84542,40.9217],[-73.84499,40.92181],[-73.84486,40.92171],[-73.84491,40.92155],[-73.84517,40.9213],[-73.84547,40.92117],[-73.84578,40.92117],[-73.84616,40.92113],[-73.84653,40.92133],[-73.84664,40.92125],[-73.84681,40.92103],[-73.84685,40.92075],[-73.84673,40.92056],[-73.84658,40.92049],[-73.84651,40.9203],[-73.84645,40.91989],[-73.84652,40.91971],[-73.84677,40.9193],[-73.84659,40.91898],[-73.8465,40.91868],[-73.84641,40.91855],[-73.84637,40.91841],[-73.84647,40.91811],[-73.84638,40.91783],[-73.84625,40.91761],[-73.847,40.91708],[-73.84766,40.91654],[-73.84782,40.91653],[-73.848,40.91636],[-73.8479,40.91623],[-73.84767,40.91611],[-73.84753,40.91609],[-73.84732,40.91612],[-73.84702,40.91627],[-73.84695,40.91626],[-73.84692,40.91619],[-73.84699,40.91602],[-73.84713,40.91587],[-73.8472,40.91575],[-73.84723,40.9155],[-73.84742,40.91526],[-73.84771,40.91496],[-73.84801,40.91483],[-73.84844,40.91494],[-73.84869,40.91492],[-73.84891,40.91482],[-73.84913,40.91481],[-73.84943,40.91458],[-73.84957,40.91425],[-73.84963,40.91422],[-73.84983,40.91429],[-73.84999,40.9143],[-73.85014,40.91413],[-73.85033,40.91366],[-73.85065,40.91322],[-73.85104,40.9129],[-73.85154,40.91214],[-73.85171,40.91175],[-73.85172,40.91166],[-73.85163,40.91132],[-73.85175,40.91122],[-73.85213,40.91109],[-73.8522,40.91093],[-73.8522,40.91073],[-73.85228,40.91057],[-73.85268,40.91012],[-73.85268,40.9099],[-73.85294,40.90992],[-73.854,40.90928],[-73.85423,40.90901],[-73.85434,40.90897],[-73.85488,40.90822],[-73.85448,40.90801],[-73.8543,40.90809],[-73.85398,40.90801],[-73.85382,40.90777],[-73.8538,40.90718],[-73.8541,40.90668],[-73.8547,40.90658],[-73.85569,40.90606],[-73.85611,40.90606],[-73.85632,40.90617],[-73.85633,40.9058],[-73.8562,40.90548],[-73.85596,40.90539],[-73.85594,40.90526],[-73.8562,40.90509],[-73.85639,40.90505],[-73.8567,40.90491],[-73.85732,40.90502],[-73.85759,40.90467],[-73.857,40.90438],[-73.857,40.90358],[-73.8572,40.90288],[-73.85771,40.90257],[-73.8582,40.90238],[-73.8583,40.90208],[-73.8591,40.90247],[-73.8596,40.90218],[-73.8593,40.90178],[-73.859,40.90148],[-73.8594,40.90138],[-73.8592,40.90088],[-73.8593,40.90049],[-73.85939,40.90038],[-73.86026,40.90062],[-73.86159,40.90105],[-73.8624,40.90134],[-73.86264,40.90147],[-73.86288,40.90154],[-73.86467,40.90179],[-73.86526,40.90195],[-73.86695,40.90248],[-73.86788,40.90298],[-73.87785,40.90592],[-73.87801,40.90597],[-73.87835,40.90598],[-73.87924,40.90637],[-73.88093,40.90683],[-73.88183,40.90713],[-73.88299,40.90742],[-73.88425,40.90751],[-73.88483,40.90772],[-73.8854,40.90798],[-73.88601,40.90798],[-73.89181,40.90978],[-73.8928,40.91006],[-73.89663,40.91132],[-73.89725,40.91166],[-73.89951,40.91198],[-73.90211,40.91288],[-73.91001,40.91508],[-73.91052,40.91528],[-73.91832,40.9177]]]}},{"type":"Feature","properties":{"std_name":"State Senate District 6","std_geoid":"36006","pen":"politicians","std_note":null,"LSAD":"LU"},"geometry":{"type":"Polygon","coordinates":[[[-73.66821,40.6825],[-73.66738,40.68315],[-73.66787,40.68332],[-73.66796,40.68342],[-73.66802,40.68357],[-73.66816,40.6849],[-73.66766,40.69194],[-73.66653,40.69745],[-73.6663,40.69796],[-73.66604,40.6984],[-73.66502,40.69938],[-73.66498,40.70045],[-73.66397,40.70042],[-73.66309,40.70127],[-73.66247,40.70176],[-73.66117,40.70276],[-73.66103,40.70273],[-73.66121,40.70441],[-73.66124,40.70634],[-73.66213,40.70647],[-73.66334,40.70661],[-73.66567,40.70674],[-73.66568,40.71008],[-73.66385,40.71008],[-73.66379,40.71039],[-73.66377,40.71078],[-73.66569,40.71077],[-73.66571,40.71489],[-73.6655,40.71489],[-73.6655,40.71752],[-73.6646,40.7175],[-73.66412,40.71757],[-73.66369,40.71757],[-73.66369,40.72281],[-73.66075,40.7228],[-73.66075,40.72296],[-73.66388,40.72297],[-73.66412,40.7231],[-73.66426,40.72326],[-73.66439,40.72457],[-73.66428,40.72477],[-73.6644,40.72485],[-73.66451,40.72487],[-73.66453,40.72531],[-73.66413,40.72531],[-73.66411,40.72713],[-73.66376,40.7273],[-73.66375,40.72839],[-73.66418,40.7284],[-73.66418,40.72856],[-73.66376,40.72857],[-73.66374,40.72957],[-73.6639,40.72966],[-73.66403,40.73022],[-73.6639,40.73154],[-73.66391,40.73181],[-73.66375,40.73185],[-73.66374,40.73213],[-73.66412,40.73216],[-73.66405,40.7342],[-73.66386,40.73487],[-73.66316,40.73506],[-73.66326,40.73525],[-73.65909,40.73595],[-73.65858,40.73606],[-73.65779,40.73619],[-73.6513,40.73713],[-73.65188,40.73773],[-73.64998,40.73819],[-73.64677,40.7389],[-73.63983,40.74056],[-73.64026,40.74151],[-73.63876,40.74188],[-73.6391,40.7427],[-73.63765,40.74306],[-73.6372,40.74225],[-73.63621,40.74249],[-73.63591,40.7433],[-73.63593,40.74393],[-73.63614,40.74482],[-73.63538,40.74489],[-73.63551,40.74599],[-73.6364,40.74591],[-73.63653,40.747],[-73.63702,40.74696],[-73.63741,40.74811],[-73.63573,40.74869],[-73.63479,40.74897],[-73.63478,40.7482],[-73.62467,40.75049],[-73.62472,40.75052],[-73.62475,40.75066],[-73.62449,40.75074],[-73.62466,40.75116],[-73.62474,40.75119],[-73.62258,40.75165],[-73.62306,40.7523],[-73.62402,40.75409],[-73.6239,40.75415],[-73.62372,40.7546],[-73.62406,40.75515],[-73.62157,40.7564],[-73.62144,40.75652],[-73.61988,40.75732],[-73.6197,40.7574],[-73.61964,40.7573],[-73.61786,40.75826],[-73.61707,40.75874],[-73.61531,40.75959],[-73.61326,40.76048],[-73.61195,40.76092],[-73.61067,40.76132],[-73.60689,40.76226],[-73.60242,40.76304],[-73.60129,40.76328],[-73.60059,40.76348],[-73.59307,40.76608],[-73.59206,40.76638],[-73.58483,40.76793],[-73.58433,40.76806],[-73.58319,40.76842],[-73.58071,40.76952],[-73.57805,40.77074],[-73.57649,40.77153],[-73.57289,40.77349],[-73.56753,40.77626],[-73.56767,40.77611],[-73.56752,40.77593],[-73.56472,40.77417],[-73.56399,40.77376],[-73.56344,40.77338],[-73.5633,40.77335],[-73.56244,40.77291],[-73.56006,40.77149],[-73.55984,40.77121],[-73.55945,40.77055],[-73.55271,40.76649],[-73.5507,40.76519],[-73.5505,40.765],[-73.55036,40.76395],[-73.55016,40.76198],[-73.54961,40.75763],[-73.54955,40.75668],[-73.55476,40.75565],[-73.55984,40.75457],[-73.56281,40.7537],[-73.56544,40.75287],[-73.56945,40.75143],[-73.57012,40.75124],[-73.5716,40.75093],[-73.57453,40.75047],[-73.57702,40.75002],[-73.58098,40.74925],[-73.58575,40.74809],[-73.58764,40.74757],[-73.5875,40.74667],[-73.58236,40.73549],[-73.58239,40.73542],[-73.57906,40.72789],[-73.57809,40.72557],[-73.57801,40.72553],[-73.57695,40.72305],[-73.58034,40.72224],[-73.58051,40.71761],[-73.58052,40.71636],[-73.58048,40.7157],[-73.58032,40.71449],[-73.57982,40.71231],[-73.57996,40.71227],[-73.57918,40.70904],[-73.57904,40.70912],[-73.57811,40.70508],[-73.5763,40.69589],[-73.57595,40.6945],[-73.57611,40.69446],[-73.57569,40.69302],[-73.57564,40.69275],[-73.57512,40.69113],[-73.57502,40.69084],[-73.57487,40.69083],[-73.57471,40.69038],[-73.57483,40.69009],[-73.57467,40.68955],[-73.57444,40.68773],[-73.57432,40.6872],[-73.57384,40.68583],[-73.5731,40.68411],[-73.57285,40.68337],[-73.57249,40.68208],[-73.57232,40.68109],[-73.57226,40.68045],[-73.57216,40.67853],[-73.57206,40.67768],[-73.57183,40.67633],[-73.57163,40.6754],[-73.5711,40.6736],[-73.57073,40.67259],[-73.56948,40.66975],[-73.56918,40.66896],[-73.56895,40.66817],[-73.56877,40.6673],[-73.56861,40.66624],[-73.56858,40.66523],[-73.56943,40.6653],[-73.56935,40.66451],[-73.56953,40.66378],[-73.56941,40.66375],[-73.56905,40.66341],[-73.56905,40.66307],[-73.56896,40.66302],[-73.56896,40.66265],[-73.56855,40.66212],[-73.56807,40.66181],[-73.56708,40.66074],[-73.56713,40.66057],[-73.56697,40.66062],[-73.56687,40.66051],[-73.56658,40.66049],[-73.56633,40.65994],[-73.56611,40.65797],[-73.56575,40.6559],[-73.56594,40.6549],[-73.56593,40.65479],[-73.56575,40.65466],[-73.56561,40.65447],[-73.56555,40.65426],[-73.56563,40.65411],[-73.56572,40.65404],[-73.56611,40.65386],[-73.56681,40.65387],[-73.56655,40.65303],[-73.56633,40.65212],[-73.56621,40.65185],[-73.56621,40.65164],[-73.56608,40.65093],[-73.56586,40.64923],[-73.56569,40.64685],[-73.56549,40.64579],[-73.56514,40.64464],[-73.56491,40.64405],[-73.56441,40.64307],[-73.56343,40.64142],[-73.56282,40.64011],[-73.56253,40.63935],[-73.56229,40.63863],[-73.56198,40.63737],[-73.56178,40.63615],[-73.5617,40.63524],[-73.55993,40.63088],[-73.55979,40.63017],[-73.56052,40.63009],[-73.56142,40.63016],[-73.56151,40.63023],[-73.56249,40.6298],[-73.56506,40.63093],[-73.57004,40.62853],[-73.57121,40.62544],[-73.57218,40.6253],[-73.57263,40.62499],[-73.57298,40.62502],[-73.57307,40.624],[-73.57726,40.62337],[-73.57957,40.6274],[-73.58247,40.6266],[-73.58567,40.6259],[-73.58622,40.62555],[-73.58584,40.62551],[-73.58563,40.62523],[-73.58536,40.62512],[-73.58509,40.62491],[-73.58521,40.62459],[-73.58587,40.62397],[-73.58638,40.62384],[-73.58635,40.62448],[-73.58653,40.62459],[-73.58737,40.6248],[-73.58734,40.62487],[-73.59006,40.62322],[-73.59385,40.61981],[-73.60177,40.6194],[-73.60517,40.6197],[-73.61067,40.6213],[-73.61367,40.6247],[-73.61377,40.6214],[-73.62217,40.61584],[-73.62278,40.61782],[-73.62211,40.61807],[-73.62197,40.61848],[-73.62202,40.61854],[-73.62245,40.61866],[-73.62286,40.61904],[-73.62307,40.61928],[-73.6232,40.61949],[-73.62321,40.61976],[-73.62311,40.61996],[-73.62296,40.62018],[-73.62299,40.62047],[-73.62238,40.62141],[-73.62117,40.62366],[-73.62079,40.62394],[-73.62108,40.62447],[-73.62305,40.62642],[-73.62338,40.62769],[-73.62413,40.62823],[-73.62536,40.62782],[-73.62668,40.62725],[-73.62802,40.62993],[-73.63005,40.62956],[-73.63047,40.63089],[-73.63198,40.63061],[-73.63432,40.63008],[-73.63557,40.62995],[-73.63611,40.63189],[-73.63636,40.63335],[-73.63642,40.63393],[-73.63641,40.63488],[-73.63691,40.63504],[-73.6377,40.63522],[-73.64015,40.63575],[-73.64041,40.63577],[-73.64032,40.63637],[-73.64488,40.63689],[-73.64498,40.63678],[-73.64677,40.63687],[-73.64737,40.63685],[-73.64955,40.63651],[-73.6501,40.63858],[-73.64962,40.63874],[-73.64763,40.64003],[-73.64766,40.64027],[-73.64887,40.64053],[-73.6518,40.64059],[-73.65113,40.64205],[-73.65009,40.64292],[-73.65162,40.64404],[-73.65305,40.64476],[-73.6502,40.64761],[-73.652,40.6478],[-73.65255,40.64824],[-73.65272,40.64775],[-73.65355,40.64768],[-73.65418,40.64752],[-73.65484,40.64745],[-73.65492,40.64749],[-73.65687,40.64986],[-73.65681,40.65005],[-73.65613,40.65139],[-73.65563,40.65273],[-73.65606,40.65402],[-73.65624,40.65469],[-73.65612,40.65544],[-73.65626,40.65575],[-73.6576,40.65599],[-73.65745,40.65649],[-73.65737,40.65697],[-73.65726,40.65875],[-73.65721,40.65912],[-73.65689,40.65914],[-73.65715,40.65965],[-73.65716,40.65984],[-73.65744,40.66057],[-73.65881,40.66263],[-73.65963,40.6641],[-73.66011,40.66512],[-73.66041,40.66597],[-73.66093,40.66822],[-73.662,40.67145],[-73.66289,40.67351],[-73.66403,40.67599],[-73.66415,40.67632],[-73.66427,40.6767],[-73.66434,40.67715],[-73.66435,40.67756],[-73.6643,40.67799],[-73.66418,40.67852],[-73.66385,40.67971],[-73.66412,40.67989],[-73.66382,40.68021],[-73.6638,40.68062],[-73.66584,40.681],[-73.66674,40.68113],[-73.66656,40.68173],[-73.66674,40.6818],[-73.66739,40.68192],[-73.66782,40.68194],[-73.66784,40.68208],[-73.66789,40.68217],[-73.66821,40.6825]]]}},{"type":"Feature","properties":{"std_name":"State Senate District 7","std_geoid":"36007","pen":"politicians","std_note":null,"LSAD":"LU"},"geometry":{"type":"Polygon","coordinates":[[[-73.78019,40.8264],[-73.7578,40.84568],[-73.748,40.87187],[-73.69897,40.90039],[-73.61289,40.95094],[-73.59067,40.9557],[-73.52777,40.9689],[-73.49957,40.97474],[-73.43192,40.98901],[-73.42945,40.93399],[-73.42925,40.92859],[-73.42965,40.92816],[-73.42988,40.92876],[-73.43015,40.92928],[-73.43069,40.92979],[-73.43148,40.9302],[-73.43205,40.93068],[-73.4326,40.93138],[-73.43332,40.93196],[-73.43429,40.93255],[-73.43673,40.93456],[-73.43757,40.93502],[-73.43824,40.93518],[-73.43939,40.93523],[-73.4408,40.93584],[-73.44216,40.93619],[-73.44325,40.93614],[-73.44394,40.93591],[-73.4453,40.93573],[-73.4462,40.93525],[-73.44726,40.93499],[-73.4488,40.93511],[-73.45033,40.93547],[-73.45121,40.93556],[-73.45305,40.93622],[-73.45568,40.93675],[-73.45709,40.93709],[-73.45924,40.93796],[-73.45984,40.93782],[-73.46062,40.93736],[-73.46111,40.93725],[-73.46252,40.93722],[-73.46437,40.93764],[-73.46775,40.93871],[-73.47092,40.93994],[-73.4736,40.94067],[-73.47638,40.94199],[-73.47834,40.94252],[-73.48067,40.94357],[-73.48414,40.94551],[-73.48498,40.94622],[-73.48462,40.94675],[-73.48462,40.94693],[-73.48495,40.94688],[-73.48673,40.94626],[-73.48818,40.94564],[-73.48848,40.94535],[-73.4886,40.94532],[-73.49002,40.94356],[-73.49104,40.94264],[-73.49167,40.94223],[-73.49282,40.94177],[-73.49318,40.94152],[-73.49369,40.9407],[-73.49369,40.94056],[-73.49378,40.94051],[-73.49402,40.93976],[-73.49336,40.93738],[-73.49441,40.93425],[-73.49504,40.93194],[-73.49579,40.92988],[-73.49603,40.92956],[-73.49639,40.92855],[-73.49678,40.92717],[-73.49702,40.92619],[-73.49713,40.9245],[-73.49741,40.92377],[-73.49737,40.92322],[-73.49713,40.92285],[-73.4955,40.92169],[-73.49284,40.92029],[-73.49097,40.91947],[-73.49061,40.91901],[-73.49061,40.91876],[-73.49031,40.91821],[-73.4897,40.91691],[-73.48901,40.91579],[-73.48846,40.91517],[-73.4881,40.91508],[-73.48798,40.91515],[-73.48813,40.91577],[-73.48786,40.91577],[-73.48744,40.91499],[-73.48704,40.91334],[-73.48695,40.9133],[-73.48571,40.90978],[-73.48447,40.90712],[-73.48371,40.90591],[-73.48356,40.90557],[-73.48269,40.9044],[-73.48187,40.90351],[-73.48024,40.90129],[-73.48018,40.90109],[-73.48003,40.90097],[-73.47988,40.90112],[-73.47967,40.9008],[-73.47847,40.89979],[-73.47731,40.89925],[-73.47608,40.87711],[-73.47347,40.8745],[-73.46737,40.8681],[-73.46437,40.86798],[-73.46404,40.86791],[-73.46385,40.86768],[-73.46385,40.86731],[-73.46253,40.86729],[-73.46226,40.86671],[-73.46407,40.85955],[-73.46296,40.85721],[-73.4606,40.85381],[-73.45958,40.85188],[-73.45771,40.84911],[-73.45749,40.84871],[-73.45717,40.84754],[-73.4571,40.84701],[-73.4569,40.84643],[-73.4566,40.84511],[-73.45586,40.84347],[-73.45536,40.84259],[-73.45526,40.84087],[-73.45549,40.84016],[-73.45468,40.83591],[-73.45458,40.83513],[-73.45462,40.835],[-73.45444,40.83463],[-73.45254,40.82463],[-73.45217,40.8224],[-73.45213,40.82232],[-73.45145,40.81885],[-73.45063,40.81489],[-73.45025,40.81265],[-73.45001,40.8116],[-73.44877,40.80532],[-73.44876,40.805],[-73.44867,40.80442],[-73.44693,40.79588],[-73.44646,40.79297],[-73.4461,40.79107],[-73.44606,40.79015],[-73.44531,40.78593],[-73.44511,40.78556],[-73.44503,40.78546],[-73.44481,40.7839],[-73.44417,40.782],[-73.4441,40.78161],[-73.44475,40.7812],[-73.44499,40.78134],[-73.44535,40.78142],[-73.44561,40.78141],[-73.44646,40.78124],[-73.45244,40.77963],[-73.45435,40.77901],[-73.4555,40.7786],[-73.45917,40.77708],[-73.46056,40.77654],[-73.46137,40.77634],[-73.46229,40.77619],[-73.46289,40.77615],[-73.46356,40.77616],[-73.46694,40.77642],[-73.46704,40.77664],[-73.46711,40.7776],[-73.46725,40.77805],[-73.4674,40.77825],[-73.46766,40.77847],[-73.46851,40.77901],[-73.46866,40.77914],[-73.46885,40.77934],[-73.46925,40.77986],[-73.46957,40.77971],[-73.46992,40.77964],[-73.47003,40.77982],[-73.47025,40.78001],[-73.4715,40.78077],[-73.47164,40.78081],[-73.47179,40.78081],[-73.47307,40.78055],[-73.47328,40.78054],[-73.47348,40.78057],[-73.47563,40.78133],[-73.47465,40.78292],[-73.47526,40.78315],[-73.47555,40.78331],[-73.47583,40.78354],[-73.47618,40.78395],[-73.47633,40.78407],[-73.47651,40.78413],[-73.47704,40.78419],[-73.47678,40.78496],[-73.47658,40.78519],[-73.47575,40.78581],[-73.47558,40.78602],[-73.47556,40.78612],[-73.4756,40.78636],[-73.47594,40.78707],[-73.47631,40.7876],[-73.47641,40.78777],[-73.47645,40.78793],[-73.47645,40.7882],[-73.47622,40.78817],[-73.47591,40.78818],[-73.47526,40.78843],[-73.47577,40.78908],[-73.47633,40.78956],[-73.47569,40.79],[-73.48148,40.79777],[-73.48223,40.79892],[-73.48567,40.79925],[-73.48677,40.79931],[-73.48878,40.79935],[-73.48796,40.79687],[-73.48951,40.79563],[-73.48987,40.79522],[-73.49093,40.79521],[-73.4916,40.79515],[-73.49267,40.79499],[-73.49336,40.79483],[-73.49442,40.79451],[-73.49638,40.79377],[-73.49773,40.79346],[-73.4988,40.79332],[-73.49956,40.79329],[-73.50185,40.79332],[-73.50257,40.79327],[-73.50351,40.79314],[-73.50352,40.79305],[-73.50486,40.79276],[-73.50673,40.79217],[-73.50808,40.79184],[-73.50906,40.79165],[-73.51015,40.79154],[-73.5111,40.79148],[-73.51439,40.79152],[-73.51533,40.79142],[-73.51605,40.7913],[-73.51745,40.78458],[-73.51856,40.78442],[-73.51871,40.7857],[-73.51792,40.78572],[-73.51768,40.78685],[-73.5176,40.78771],[-73.51745,40.78844],[-73.51781,40.78848],[-73.51804,40.78849],[-73.51816,40.78846],[-73.51833,40.78834],[-73.5184,40.78824],[-73.51856,40.78724],[-73.51866,40.78715],[-73.51902,40.78706],[-73.51924,40.78706],[-73.51964,40.78715],[-73.51946,40.78757],[-73.51945,40.78772],[-73.51954,40.78791],[-73.51971,40.78805],[-73.52271,40.78597],[-73.52352,40.78545],[-73.52566,40.78495],[-73.52923,40.78401],[-73.53132,40.78316],[-73.53147,40.78304],[-73.53149,40.78298],[-73.5316,40.78302],[-73.53179,40.78278],[-73.53206,40.78254],[-73.53208,40.78246],[-73.53205,40.78219],[-73.53297,40.78419],[-73.53328,40.7848],[-73.5335,40.78516],[-73.53368,40.78513],[-73.53333,40.7848],[-73.53322,40.78429],[-73.53298,40.78406],[-73.5328,40.78341],[-73.53265,40.7831],[-73.53384,40.78251],[-73.5345,40.78214],[-73.53509,40.78178],[-73.5353,40.78161],[-73.5367,40.78067],[-73.53736,40.78016],[-73.53816,40.77947],[-73.54004,40.7777],[-73.5407,40.77713],[-73.54187,40.77631],[-73.54269,40.77583],[-73.54464,40.77488],[-73.54595,40.77443],[-73.54726,40.7741],[-73.54874,40.77383],[-73.55042,40.77364],[-73.55332,40.77349],[-73.5539,40.77343],[-73.5553,40.77318],[-73.55664,40.77284],[-73.55763,40.77249],[-73.55956,40.77172],[-73.56014,40.77154],[-73.56244,40.77291],[-73.5633,40.77335],[-73.56344,40.77338],[-73.56399,40.77376],[-73.56472,40.77417],[-73.56752,40.77593],[-73.56767,40.77611],[-73.56753,40.77626],[-73.57289,40.77349],[-73.57649,40.77153],[-73.57805,40.77074],[-73.58071,40.76952],[-73.58319,40.76842],[-73.58433,40.76806],[-73.58483,40.76793],[-73.59206,40.76638],[-73.59307,40.76608],[-73.60059,40.76348],[-73.60129,40.76328],[-73.60242,40.76304],[-73.60689,40.76226],[-73.61067,40.76132],[-73.61195,40.76092],[-73.61326,40.76048],[-73.61531,40.75959],[-73.61707,40.75874],[-73.61786,40.75826],[-73.61964,40.7573],[-73.6197,40.7574],[-73.61988,40.75732],[-73.62144,40.75652],[-73.62157,40.7564],[-73.62406,40.75515],[-73.62372,40.7546],[-73.6239,40.75415],[-73.62402,40.75409],[-73.62306,40.7523],[-73.62258,40.75165],[-73.62474,40.75119],[-73.62466,40.75116],[-73.62449,40.75074],[-73.62475,40.75066],[-73.62472,40.75052],[-73.62467,40.75049],[-73.63478,40.7482],[-73.63479,40.74897],[-73.63573,40.74869],[-73.63741,40.74811],[-73.63702,40.74696],[-73.63653,40.747],[-73.6364,40.74591],[-73.63551,40.74599],[-73.63538,40.74489],[-73.63614,40.74482],[-73.63593,40.74393],[-73.63591,40.7433],[-73.63621,40.74249],[-73.6372,40.74225],[-73.63765,40.74306],[-73.6391,40.7427],[-73.63876,40.74188],[-73.64026,40.74151],[-73.63983,40.74056],[-73.64677,40.7389],[-73.64998,40.73819],[-73.65188,40.73773],[-73.6513,40.73713],[-73.65779,40.73619],[-73.66347,40.7352],[-73.66473,40.73503],[-73.67109,40.734],[-73.67118,40.73401],[-73.6712,40.73414],[-73.6727,40.73383],[-73.67426,40.73359],[-73.67567,40.73328],[-73.67702,40.7331],[-73.67747,40.733],[-73.67929,40.7328],[-73.6797,40.73266],[-73.68106,40.73233],[-73.68109,40.73248],[-73.68207,40.7324],[-73.68317,40.7322],[-73.6835,40.73217],[-73.68433,40.732],[-73.68438,40.73203],[-73.6844,40.73198],[-73.68467,40.73191],[-73.68466,40.73187],[-73.68519,40.73174],[-73.68524,40.73183],[-73.68529,40.73187],[-73.68623,40.73176],[-73.68667,40.73166],[-73.6867,40.73178],[-73.68713,40.73167],[-73.68716,40.73164],[-73.68757,40.73152],[-73.68937,40.73131],[-73.69028,40.73112],[-73.69118,40.73102],[-73.69208,40.73081],[-73.69251,40.73076],[-73.69345,40.73076],[-73.6953,40.73035],[-73.70341,40.72868],[-73.70674,40.72797],[-73.70765,40.7278],[-73.70766,40.72783],[-73.70794,40.72777],[-73.70017,40.73954],[-73.70036,40.74103],[-73.70077,40.74501],[-73.70143,40.75066],[-73.70154,40.75192],[-73.70163,40.75249],[-73.70274,40.75325],[-73.70527,40.75477],[-73.70782,40.75622],[-73.71245,40.75924],[-73.7135,40.75983],[-73.71607,40.76146],[-73.72058,40.7642],[-73.7251,40.76699],[-73.72605,40.76753],[-73.72952,40.76973],[-73.73635,40.77391],[-73.73762,40.77474],[-73.73781,40.77481],[-73.73943,40.77582],[-73.73954,40.77581],[-73.73933,40.77596],[-73.73938,40.77601],[-73.74008,40.77621],[-73.74076,40.77669],[-73.74153,40.77711],[-73.74342,40.77822],[-73.74421,40.77871],[-73.74637,40.78012],[-73.75029,40.78248],[-73.75082,40.78289],[-73.7571,40.78969],[-73.76371,40.7938],[-73.77896,40.81171],[-73.78019,40.8264]]]}},{"type":"Feature","properties":{"std_name":"State Senate District 9","std_geoid":"36009","pen":"politicians","std_note":null,"LSAD":"LU"},"geometry":{"type":"Polygon","coordinates":[[[-73.76881,40.62403],[-73.76883,40.6241],[-73.76878,40.6242],[-73.76876,40.62435],[-73.76865,40.62447],[-73.7686,40.62473],[-73.76833,40.6251],[-73.76825,40.6254],[-73.76815,40.62545],[-73.76778,40.62591],[-73.76776,40.62611],[-73.76743,40.62661],[-73.748,40.63463],[-73.74602,40.63521],[-73.74418,40.63736],[-73.7433,40.63805],[-73.74236,40.63809],[-73.7415,40.63785],[-73.7412,40.63759],[-73.74119,40.63741],[-73.74127,40.63726],[-73.74208,40.63638],[-73.74258,40.63565],[-73.74267,40.63541],[-73.74265,40.63504],[-73.74224,40.63485],[-73.74168,40.63484],[-73.73996,40.63514],[-73.73947,40.63571],[-73.74126,40.63891],[-73.74228,40.64012],[-73.74143,40.6405],[-73.74205,40.64147],[-73.74166,40.6422],[-73.74144,40.64609],[-73.74144,40.64689],[-73.73905,40.6482],[-73.73513,40.64973],[-73.73143,40.65017],[-73.73105,40.65023],[-73.73,40.65048],[-73.72687,40.65154],[-73.72667,40.65169],[-73.72643,40.65179],[-73.72525,40.65219],[-73.72505,40.65234],[-73.72498,40.65268],[-73.72482,40.65302],[-73.72487,40.65345],[-73.72479,40.654],[-73.72534,40.65532],[-73.72593,40.65773],[-73.72644,40.65916],[-73.72721,40.66042],[-73.72793,40.66175],[-73.72833,40.66304],[-73.72808,40.66307],[-73.72781,40.66322],[-73.72776,40.66398],[-73.72784,40.66505],[-73.72822,40.66596],[-73.72827,40.66644],[-73.72822,40.66731],[-73.72826,40.66807],[-73.72794,40.67055],[-73.72794,40.67081],[-73.72791,40.67084],[-73.72753,40.67387],[-73.72756,40.6741],[-73.72744,40.67443],[-73.72654,40.67649],[-73.7262,40.67738],[-73.72563,40.67959],[-73.72591,40.68266],[-73.7258,40.68435],[-73.72591,40.68608],[-73.7262,40.68898],[-73.7265,40.69689],[-73.72654,40.69898],[-73.72665,40.70111],[-73.72678,40.70199],[-73.72673,40.70215],[-73.72705,40.7095],[-73.7269,40.70998],[-73.72697,40.71072],[-73.72732,40.71222],[-73.72918,40.71917],[-73.73033,40.72216],[-73.7295,40.72259],[-73.72923,40.7227],[-73.72603,40.72391],[-73.72553,40.72408],[-73.71999,40.7256],[-73.7169,40.72639],[-73.7105,40.72723],[-73.70766,40.72783],[-73.70765,40.7278],[-73.70674,40.72797],[-73.70341,40.72868],[-73.6953,40.73035],[-73.69345,40.73076],[-73.69251,40.73076],[-73.69208,40.73081],[-73.69118,40.73102],[-73.69028,40.73112],[-73.68937,40.73131],[-73.68757,40.73152],[-73.68716,40.73164],[-73.68713,40.73167],[-73.6867,40.73178],[-73.68667,40.73166],[-73.68623,40.73176],[-73.68529,40.73187],[-73.68524,40.73183],[-73.68519,40.73174],[-73.68466,40.73187],[-73.68467,40.73191],[-73.6844,40.73198],[-73.68438,40.73203],[-73.68433,40.732],[-73.6835,40.73217],[-73.68317,40.7322],[-73.68207,40.7324],[-73.68109,40.73248],[-73.68106,40.73233],[-73.6797,40.73266],[-73.67929,40.7328],[-73.67747,40.733],[-73.67702,40.7331],[-73.67567,40.73328],[-73.67426,40.73359],[-73.6727,40.73383],[-73.6712,40.73414],[-73.67118,40.73401],[-73.67109,40.734],[-73.66326,40.73525],[-73.66316,40.73506],[-73.66386,40.73487],[-73.66405,40.7342],[-73.66412,40.73216],[-73.66374,40.73213],[-73.66375,40.73185],[-73.66391,40.73181],[-73.6639,40.73154],[-73.66403,40.73022],[-73.6639,40.72966],[-73.66374,40.72957],[-73.66376,40.72857],[-73.66418,40.72856],[-73.66418,40.7284],[-73.66375,40.72839],[-73.66376,40.7273],[-73.66411,40.72713],[-73.66413,40.72531],[-73.66453,40.72531],[-73.66451,40.72487],[-73.6644,40.72485],[-73.66428,40.72477],[-73.66439,40.72457],[-73.66426,40.72326],[-73.66412,40.7231],[-73.66388,40.72297],[-73.66075,40.72296],[-73.66075,40.7228],[-73.66369,40.72281],[-73.66369,40.71757],[-73.66412,40.71757],[-73.6646,40.7175],[-73.6655,40.71752],[-73.6655,40.71489],[-73.66571,40.71489],[-73.66569,40.71077],[-73.66377,40.71078],[-73.66379,40.71039],[-73.66385,40.71008],[-73.66568,40.71008],[-73.66567,40.70674],[-73.66334,40.70661],[-73.66213,40.70647],[-73.66124,40.70634],[-73.66121,40.70441],[-73.66103,40.70273],[-73.66117,40.70276],[-73.66247,40.70176],[-73.66309,40.70127],[-73.66397,40.70042],[-73.66498,40.70045],[-73.66502,40.69938],[-73.66604,40.6984],[-73.6663,40.69796],[-73.66653,40.69745],[-73.66766,40.69194],[-73.66803,40.68643],[-73.66815,40.68514],[-73.66814,40.68457],[-73.66802,40.68357],[-73.66796,40.68342],[-73.66787,40.68332],[-73.66738,40.68315],[-73.66779,40.68281],[-73.66821,40.6825],[-73.66789,40.68217],[-73.66784,40.68208],[-73.66782,40.68194],[-73.66739,40.68192],[-73.66674,40.6818],[-73.66656,40.68173],[-73.66674,40.68113],[-73.66584,40.681],[-73.6638,40.68062],[-73.66382,40.68021],[-73.66412,40.67989],[-73.66385,40.67971],[-73.66418,40.67852],[-73.6643,40.67799],[-73.66435,40.67756],[-73.66434,40.67715],[-73.66427,40.6767],[-73.66415,40.67632],[-73.66403,40.67599],[-73.66289,40.67351],[-73.662,40.67145],[-73.66093,40.66822],[-73.66041,40.66597],[-73.66011,40.66512],[-73.65963,40.6641],[-73.65881,40.66263],[-73.65744,40.66057],[-73.65716,40.65984],[-73.65715,40.65965],[-73.65689,40.65914],[-73.65721,40.65912],[-73.65726,40.65875],[-73.65737,40.65697],[-73.65745,40.65649],[-73.6576,40.65599],[-73.65626,40.65575],[-73.65612,40.65544],[-73.65624,40.65469],[-73.65606,40.65402],[-73.65563,40.65273],[-73.65613,40.65139],[-73.65681,40.65005],[-73.65687,40.64986],[-73.65492,40.64749],[-73.65484,40.64745],[-73.65418,40.64752],[-73.65355,40.64768],[-73.65272,40.64775],[-73.65255,40.64824],[-73.652,40.6478],[-73.6502,40.64761],[-73.65305,40.64476],[-73.65162,40.64404],[-73.65009,40.64292],[-73.65113,40.64205],[-73.6518,40.64059],[-73.64887,40.64053],[-73.64766,40.64027],[-73.64763,40.64003],[-73.64962,40.63874],[-73.6501,40.63858],[-73.64955,40.63651],[-73.64737,40.63685],[-73.64677,40.63687],[-73.64498,40.63678],[-73.64488,40.63689],[-73.64032,40.63637],[-73.64041,40.63577],[-73.64015,40.63575],[-73.6377,40.63522],[-73.63691,40.63504],[-73.63641,40.63488],[-73.63642,40.63393],[-73.63636,40.63335],[-73.63611,40.63189],[-73.63557,40.62995],[-73.63432,40.63008],[-73.63198,40.63061],[-73.63047,40.63089],[-73.63005,40.62956],[-73.62802,40.62993],[-73.62668,40.62725],[-73.62536,40.62782],[-73.62413,40.62823],[-73.62338,40.62769],[-73.62305,40.62642],[-73.62108,40.62447],[-73.62079,40.62394],[-73.62117,40.62366],[-73.62238,40.62141],[-73.62299,40.62047],[-73.62296,40.62018],[-73.62311,40.61996],[-73.62321,40.61976],[-73.6232,40.61949],[-73.62307,40.61928],[-73.62286,40.61904],[-73.62245,40.61866],[-73.62202,40.61854],[-73.62197,40.61848],[-73.62211,40.61807],[-73.62278,40.61782],[-73.62217,40.61584],[-73.62887,40.6114],[-73.63187,40.6095],[-73.63307,40.6037],[-73.63617,40.6],[-73.63757,40.59584],[-73.63755,40.59569],[-73.62407,40.59683],[-73.62089,40.59714],[-73.61562,40.59735],[-73.61157,40.59735],[-73.60111,40.59606],[-73.58609,40.59448],[-73.57411,40.59587],[-73.57441,40.58528],[-73.57441,40.57465],[-73.57486,40.5527],[-73.57488,40.53064],[-73.62457,40.53451],[-73.70609,40.53454],[-73.76878,40.53375],[-73.76763,40.53715],[-73.76493,40.5444],[-73.76223,40.5502],[-73.75826,40.55536],[-73.7557,40.57869],[-73.7555,40.58539],[-73.75212,40.58818],[-73.74775,40.5915],[-73.74447,40.5929],[-73.74324,40.59284],[-73.73718,40.59296],[-73.73741,40.59343],[-73.73764,40.59441],[-73.73808,40.59459],[-73.73846,40.59587],[-73.73844,40.59781],[-73.73826,40.60256],[-73.73846,40.60284],[-73.73852,40.60313],[-73.73923,40.60403],[-73.73946,40.60424],[-73.74029,40.6046],[-73.74115,40.60546],[-73.74177,40.60602],[-73.74317,40.60718],[-73.74355,40.60745],[-73.7432,40.60771],[-73.74307,40.60789],[-73.74315,40.60796],[-73.74306,40.608],[-73.74553,40.61187],[-73.74675,40.6114],[-73.74694,40.61178],[-73.74712,40.61204],[-73.7475,40.61189],[-73.74799,40.61231],[-73.74822,40.61201],[-73.74912,40.61179],[-73.75009,40.61164],[-73.75346,40.61052],[-73.75473,40.61041],[-73.7552,40.61059],[-73.75723,40.61099],[-73.76002,40.61135],[-73.76208,40.61273],[-73.76524,40.61494],[-73.76672,40.615],[-73.76757,40.62148],[-73.76855,40.62315],[-73.76867,40.62359],[-73.76884,40.62395],[-73.76881,40.62403]]]}},{"type":"Feature","properties":{"std_name":"State Senate District 27","std_geoid":"36027","pen":"politicians","std_note":null,"LSAD":"LU"},"geometry":{"type":"Polygon","coordinates":[[[-74.02615,40.70165],[-74.02364,40.71807],[-74.01918,40.73637],[-74.00993,40.736],[-74.00832,40.73619],[-74.00821,40.73755],[-74.00387,40.73754],[-74.00371,40.73684],[-74.00297,40.73425],[-74.00239,40.73434],[-74.0028,40.73373],[-74.00279,40.73362],[-74.0012,40.73384],[-74.00139,40.73448],[-73.99887,40.73484],[-73.99871,40.73478],[-73.99684,40.73736],[-73.99171,40.73521],[-73.99075,40.73484],[-73.9899,40.73443],[-73.98494,40.73235],[-73.98034,40.73045],[-73.978,40.72943],[-73.9757,40.72848],[-73.97205,40.72688],[-73.97186,40.72676],[-73.9714,40.72666],[-73.97149,40.72614],[-73.97275,40.72106],[-73.97287,40.72073],[-73.96651,40.71792],[-73.96684,40.71756],[-73.96758,40.7165],[-73.96804,40.71497],[-73.96837,40.71413],[-73.96847,40.713],[-73.96905,40.71248],[-73.96961,40.71016],[-73.96994,40.70931],[-73.96985,40.70799],[-73.96961,40.70763],[-73.97032,40.70733],[-73.97231,40.70907],[-73.97279,40.70938],[-73.97502,40.70774],[-73.97548,40.70749],[-73.97907,40.70596],[-73.97923,40.70577],[-73.97948,40.70582],[-73.98033,40.70585],[-73.98091,40.70591],[-73.98099,40.70537],[-73.98233,40.70555],[-73.98245,40.70555],[-73.98246,40.70551],[-73.98275,40.70553],[-73.98274,40.70558],[-73.98308,40.70552],[-73.98308,40.70548],[-73.98335,40.70545],[-73.9834,40.70547],[-73.98344,40.70564],[-73.98585,40.70542],[-73.98643,40.70535],[-73.98643,40.70508],[-73.98653,40.70498],[-73.98662,40.70498],[-73.98669,40.70508],[-73.98687,40.70516],[-73.98727,40.70518],[-73.98796,40.70513],[-73.9895,40.70515],[-73.99201,40.70952],[-73.99764,40.70864],[-73.99818,40.70848],[-73.99918,40.70802],[-74.00127,40.70693],[-74.00093,40.70638],[-74.00134,40.70612],[-74.0006,40.70544],[-74.00107,40.70514],[-74.00117,40.70522],[-74.00126,40.70516],[-74.00119,40.70509],[-74.00146,40.70491],[-74.00169,40.70515],[-74.00208,40.7054],[-74.00216,40.70536],[-74.00256,40.70553],[-74.00268,40.70544],[-74.00236,40.70515],[-74.0024,40.70511],[-74.00197,40.70473],[-74.00217,40.70459],[-74.0033,40.70561],[-74.00381,40.70531],[-74.00263,40.70422],[-74.00286,40.70407],[-74.00403,40.70513],[-74.00455,40.70484],[-74.00363,40.7033],[-74.00598,40.70338],[-74.00519,40.70254],[-74.00551,40.70236],[-74.0068,40.70347],[-74.00752,40.70307],[-74.00773,40.7028],[-74.00917,40.70186],[-74.00878,40.70118],[-74.00777,40.70162],[-74.00745,40.70133],[-74.0084,40.70091],[-74.00825,40.70071],[-74.00861,40.70046],[-74.00953,40.70178],[-74.01071,40.70149],[-74.01117,40.70115],[-74.01096,40.70019],[-74.01234,40.70016],[-74.01358,40.70037],[-74.01365,40.70022],[-74.01337,40.69914],[-74.01903,40.70072],[-74.02615,40.70165]]]}},{"type":"Feature","properties":{"std_name":"State Senate District 34","std_geoid":"36034","pen":"politicians","std_note":null,"LSAD":"LU"},"geometry":{"type":"Polygon","coordinates":[[[-73.87743,40.83376],[-73.87395,40.83424],[-73.87391,40.8352],[-73.8738,40.83597],[-73.87394,40.83598],[-73.87382,40.8364],[-73.87369,40.83639],[-73.87312,40.83819],[-73.87258,40.8379],[-73.87172,40.8382],[-73.87056,40.83907],[-73.86921,40.8396],[-73.86831,40.84],[-73.86741,40.84031],[-73.86547,40.84086],[-73.86358,40.84128],[-73.86176,40.84151],[-73.85334,40.84247],[-73.8543,40.84267],[-73.85574,40.84314],[-73.85303,40.84393],[-73.85381,40.84493],[-73.85219,40.84566],[-73.85364,40.84751],[-73.85283,40.84787],[-73.85538,40.85114],[-73.85457,40.85151],[-73.85609,40.85344],[-73.85528,40.85381],[-73.85377,40.85187],[-73.8529,40.85226],[-73.85535,40.85543],[-73.8561,40.85694],[-73.85664,40.85812],[-73.84931,40.85872],[-73.8474,40.85868],[-73.84646,40.85864],[-73.84329,40.85829],[-73.84005,40.85781],[-73.83682,40.85728],[-73.83438,40.85819],[-73.83437,40.8588],[-73.83343,40.85872],[-73.83323,40.85863],[-73.83017,40.85963],[-73.82961,40.85989],[-73.82852,40.86075],[-73.82837,40.86095],[-73.82808,40.86066],[-73.82758,40.86007],[-73.82724,40.85919],[-73.82473,40.86003],[-73.82047,40.86136],[-73.81881,40.86248],[-73.81756,40.86359],[-73.81675,40.86454],[-73.81668,40.86528],[-73.81634,40.8661],[-73.82087,40.86891],[-73.82127,40.86907],[-73.8233,40.8731],[-73.81993,40.88212],[-73.81981,40.88557],[-73.82032,40.88544],[-73.82068,40.88554],[-73.82098,40.88598],[-73.82153,40.88652],[-73.8216,40.88675],[-73.82227,40.88706],[-73.82286,40.88705],[-73.8231,40.8871],[-73.82361,40.8873],[-73.82385,40.88747],[-73.82375,40.88783],[-73.82402,40.88781],[-73.82423,40.88857],[-73.82405,40.88987],[-73.82402,40.88975],[-73.82364,40.88985],[-73.82237,40.88948],[-73.82236,40.88964],[-73.82251,40.88988],[-73.82267,40.88996],[-73.8231,40.88989],[-73.8233,40.89006],[-73.82322,40.89037],[-73.82325,40.89047],[-73.82312,40.89065],[-73.82311,40.89078],[-73.82313,40.89087],[-73.8233,40.89099],[-73.82324,40.8912],[-73.82332,40.89124],[-73.82332,40.8913],[-73.82287,40.89264],[-73.82113,40.8953],[-73.82085,40.89544],[-73.81993,40.89574],[-73.81936,40.89604],[-73.81851,40.89664],[-73.81842,40.89681],[-73.81806,40.89798],[-73.81734,40.89922],[-73.81758,40.89981],[-73.81752,40.90026],[-73.81709,40.90081],[-73.81626,40.90155],[-73.81624,40.90186],[-73.81613,40.90199],[-73.81576,40.90212],[-73.81536,40.90256],[-73.81528,40.90271],[-73.81532,40.90292],[-73.81528,40.90315],[-73.81507,40.9033],[-73.81494,40.90346],[-73.81487,40.90368],[-73.81431,40.90434],[-73.81403,40.90458],[-73.81394,40.90479],[-73.81381,40.90487],[-73.81378,40.90495],[-73.81393,40.90517],[-73.81396,40.90553],[-73.81388,40.906],[-73.81373,40.90619],[-73.81352,40.90635],[-73.81362,40.90655],[-73.81368,40.90694],[-73.81379,40.9072],[-73.81369,40.9073],[-73.8135,40.90759],[-73.81345,40.90776],[-73.81348,40.90793],[-73.81386,40.90894],[-73.81401,40.909],[-73.81409,40.90907],[-73.81414,40.90925],[-73.81428,40.90932],[-73.81429,40.90946],[-73.81426,40.90965],[-73.81414,40.90991],[-73.81416,40.91011],[-73.81398,40.91016],[-73.81387,40.91031],[-73.81366,40.91052],[-73.81364,40.91078],[-73.81342,40.91154],[-73.81336,40.91214],[-73.81337,40.9124],[-73.81304,40.91314],[-73.8132,40.91347],[-73.81317,40.91362],[-73.81317,40.91403],[-73.81337,40.91421],[-73.81343,40.91431],[-73.81341,40.91441],[-73.81314,40.91469],[-73.8129,40.91474],[-73.81206,40.91466],[-73.81194,40.91472],[-73.81184,40.91506],[-73.81181,40.91573],[-73.81175,40.91594],[-73.81142,40.91613],[-73.81127,40.91629],[-73.81123,40.91663],[-73.81109,40.91681],[-73.81094,40.9169],[-73.81097,40.91699],[-73.81118,40.91723],[-73.81097,40.91751],[-73.81094,40.91763],[-73.81114,40.91797],[-73.81124,40.91826],[-73.81136,40.9184],[-73.81054,40.92016],[-73.81027,40.92066],[-73.80936,40.9221],[-73.80931,40.92391],[-73.80914,40.92419],[-73.80891,40.92448],[-73.80842,40.925],[-73.80811,40.92519],[-73.80794,40.92547],[-73.80777,40.92558],[-73.80754,40.92558],[-73.80723,40.92568],[-73.80697,40.92572],[-73.80668,40.92571],[-73.80647,40.92567],[-73.80631,40.92552],[-73.80621,40.92537],[-73.80546,40.92545],[-73.80527,40.92572],[-73.80518,40.92595],[-73.80502,40.92613],[-73.80504,40.9265],[-73.80513,40.92666],[-73.80507,40.92669],[-73.80496,40.92652],[-73.80491,40.92594],[-73.80471,40.92534],[-73.80474,40.92527],[-73.80471,40.92517],[-73.80433,40.92517],[-73.80368,40.92524],[-73.80097,40.92573],[-73.79754,40.9263],[-73.79759,40.9254],[-73.79617,40.92565],[-73.79641,40.92648],[-73.79273,40.92706],[-73.79172,40.92355],[-73.79064,40.92372],[-73.79049,40.92371],[-73.79027,40.92292],[-73.78895,40.92314],[-73.78874,40.92321],[-73.78888,40.92285],[-73.78878,40.92197],[-73.78882,40.92165],[-73.78905,40.92167],[-73.78926,40.92176],[-73.78938,40.92187],[-73.78953,40.92212],[-73.78972,40.92227],[-73.79014,40.92245],[-73.78964,40.92072],[-73.78944,40.92076],[-73.7891,40.91987],[-73.787,40.92031],[-73.78663,40.9191],[-73.78644,40.91863],[-73.78596,40.91783],[-73.78596,40.91775],[-73.78554,40.91711],[-73.78522,40.91656],[-73.78509,40.91601],[-73.78425,40.91616],[-73.78308,40.91653],[-73.78265,40.91662],[-73.78222,40.91658],[-73.78097,40.91605],[-73.78051,40.91605],[-73.78034,40.91599],[-73.78025,40.9161],[-73.77992,40.91589],[-73.77867,40.91555],[-73.77843,40.91567],[-73.77832,40.91577],[-73.77816,40.91599],[-73.77801,40.91589],[-73.77799,40.91552],[-73.77775,40.9149],[-73.77684,40.91366],[-73.77656,40.91335],[-73.77611,40.91297],[-73.77574,40.91253],[-73.77405,40.91068],[-73.77283,40.90944],[-73.77261,40.9092],[-73.77241,40.90889],[-73.77242,40.90871],[-73.77247,40.90859],[-73.77282,40.90794],[-73.77304,40.90767],[-73.7734,40.90736],[-73.77354,40.90718],[-73.77385,40.90604],[-73.77367,40.90605],[-73.77342,40.90614],[-73.77302,40.90633],[-73.77206,40.90691],[-73.77145,40.90738],[-73.7684,40.90899],[-73.76789,40.90879],[-73.76758,40.90861],[-73.76759,40.90858],[-73.76775,40.90846],[-73.76767,40.90823],[-73.76792,40.90778],[-73.76799,40.90752],[-73.76798,40.9074],[-73.76783,40.90714],[-73.76774,40.9071],[-73.7673,40.90725],[-73.76725,40.90721],[-73.7675,40.90686],[-73.76772,40.90675],[-73.76779,40.90676],[-73.76801,40.90662],[-73.76816,40.9066],[-73.76825,40.90662],[-73.7683,40.90666],[-73.76836,40.90678],[-73.76846,40.90683],[-73.76859,40.90682],[-73.76878,40.90663],[-73.76886,40.90648],[-73.7689,40.90613],[-73.76895,40.90602],[-73.76931,40.90582],[-73.76941,40.90571],[-73.7694,40.90531],[-73.76935,40.90521],[-73.76931,40.90518],[-73.76905,40.90521],[-73.76902,40.90516],[-73.76904,40.9051],[-73.76937,40.90502],[-73.76938,40.90496],[-73.76936,40.90481],[-73.7692,40.90439],[-73.7691,40.90424],[-73.76863,40.90394],[-73.76837,40.90385],[-73.76824,40.90384],[-73.76797,40.90389],[-73.76753,40.90408],[-73.76738,40.90446],[-73.76735,40.90445],[-73.76741,40.90425],[-73.7674,40.90418],[-73.76702,40.90391],[-73.76664,40.90354],[-73.76642,40.90339],[-73.76631,40.90333],[-73.76565,40.9031],[-73.76532,40.90303],[-73.76514,40.90305],[-73.76512,40.90308],[-73.76512,40.9032],[-73.76509,40.9032],[-73.76466,40.90278],[-73.76465,40.90273],[-73.76157,40.906],[-73.76138,40.9052],[-73.75968,40.901],[-73.75508,40.8933],[-73.74958,40.88623],[-73.7406,40.8762],[-73.748,40.87187],[-73.7578,40.84568],[-73.78019,40.8264],[-73.77896,40.81171],[-73.77956,40.81125],[-73.78268,40.80539],[-73.78475,40.80259],[-73.78732,40.80085],[-73.78792,40.80036],[-73.79002,40.80023],[-73.79356,40.80038],[-73.79713,40.80141],[-73.79975,40.8022],[-73.80454,40.80355],[-73.8113,40.8054],[-73.81742,40.80579],[-73.82344,40.80481],[-73.82758,40.80394],[-73.83023,40.80327],[-73.83082,40.80306],[-73.83541,40.8022],[-73.84408,40.80102],[-73.84665,40.80102],[-73.84512,40.8063],[-73.84769,40.80606],[-73.84802,40.80599],[-73.84844,40.80613],[-73.84858,40.80637],[-73.84845,40.80683],[-73.84848,40.80713],[-73.84871,40.8075],[-73.84923,40.8078],[-73.84931,40.80805],[-73.85029,40.80848],[-73.85026,40.80961],[-73.85002,40.81001],[-73.85019,40.81005],[-73.85322,40.80962],[-73.85374,40.81173],[-73.85865,40.81107],[-73.86041,40.81092],[-73.86115,40.81142],[-73.86338,40.81265],[-73.86499,40.8136],[-73.86676,40.81431],[-73.86522,40.81453],[-73.86571,40.81662],[-73.86952,40.81612],[-73.86957,40.81621],[-73.87,40.81824],[-73.87142,40.82433],[-73.87243,40.82422],[-73.87246,40.82435],[-73.87257,40.82434],[-73.87255,40.8242],[-73.8728,40.82418],[-73.87338,40.82403],[-73.87343,40.82434],[-73.87355,40.82441],[-73.87529,40.82421],[-73.87699,40.83152],[-73.87743,40.83376]]]}},{"type":"Feature","properties":{"std_name":"State Senate District 30","std_geoid":"36030","pen":"politicians","std_note":null,"LSAD":"LU"},"geometry":{"type":"Polygon","coordinates":[[[-73.98063,40.80328],[-73.96358,40.82664],[-73.96259,40.8289],[-73.95746,40.82687],[-73.95727,40.82715],[-73.95699,40.82707],[-73.95633,40.82795],[-73.95511,40.82746],[-73.95475,40.82793],[-73.95457,40.82784],[-73.95443,40.82807],[-73.95383,40.82865],[-73.95225,40.83128],[-73.95028,40.83433],[-73.94934,40.83398],[-73.9489,40.83407],[-73.94829,40.83386],[-73.94582,40.83277],[-73.94017,40.83038],[-73.94008,40.83046],[-73.93991,40.83093],[-73.93959,40.83127],[-73.93938,40.83154],[-73.93915,40.83208],[-73.93891,40.83248],[-73.93868,40.8328],[-73.93838,40.83311],[-73.93506,40.83568],[-73.93498,40.8357],[-73.9344,40.83605],[-73.9347,40.83563],[-73.93301,40.83568],[-73.93346,40.83318],[-73.93342,40.83138],[-73.93326,40.8295],[-73.93306,40.8282],[-73.9329,40.82656],[-73.93275,40.82549],[-73.93249,40.82255],[-73.9324,40.82119],[-73.93226,40.818],[-73.93233,40.81492],[-73.93242,40.81403],[-73.93242,40.81357],[-73.9326,40.81199],[-73.93261,40.81001],[-73.93257,40.80926],[-73.93248,40.80886],[-73.93211,40.80818],[-73.9318,40.80788],[-73.93322,40.80725],[-73.93094,40.80474],[-73.93031,40.80381],[-73.93005,40.80333],[-73.92998,40.80298],[-73.93037,40.80274],[-73.93073,40.80243],[-73.93089,40.80249],[-73.9306,40.80293],[-73.93075,40.80324],[-73.93266,40.80407],[-73.93308,40.80342],[-73.93533,40.80437],[-73.93582,40.8037],[-73.93357,40.80275],[-73.93406,40.80208],[-73.93445,40.80142],[-73.93537,40.80016],[-73.93769,40.80114],[-73.94188,40.79541],[-73.95153,40.79946],[-73.95202,40.79883],[-73.94879,40.79748],[-73.95578,40.78791],[-73.95614,40.78813],[-73.95629,40.78842],[-73.95638,40.78871],[-73.95675,40.7892],[-73.95852,40.78995],[-73.95899,40.79009],[-73.95959,40.79021],[-73.96006,40.79035],[-73.96049,40.79055],[-73.96133,40.7911],[-73.96206,40.79146],[-73.96256,40.79163],[-73.96421,40.7916],[-73.96469,40.79166],[-73.96283,40.7942],[-73.9643,40.79479],[-73.96563,40.79546],[-73.96992,40.79722],[-73.96946,40.79784],[-73.97088,40.79844],[-73.96996,40.7997],[-73.97146,40.80033],[-73.97192,40.79971],[-73.98063,40.80328]]]}}]}