{"type":"FeatureCollection","features":[{"type":"Feature","properties":{"std_name":"Brooklyn borough","std_geoid":"3604710022","pen":"politicians","std_note":null,"LSAD":"21","NAME":"Brooklyn"},"geometry":{"type":"Polygon","coordinates":[[[-74.05663,40.62729],[-74.05575,40.65148],[-74.03544,40.68512],[-74.03459,40.68483],[-74.03457,40.68487],[-74.01935,40.67955],[-74.01932,40.67961],[-74.01892,40.67984],[-74.01898,40.6799],[-74.0178,40.68062],[-74.01771,40.68066],[-74.01764,40.6806],[-74.01757,40.68064],[-74.01744,40.68064],[-74.01534,40.6819],[-74.01524,40.682],[-74.01532,40.68211],[-74.01283,40.68361],[-74.01277,40.68361],[-74.01263,40.68347],[-74.00795,40.68629],[-74.00784,40.68624],[-74.00767,40.68627],[-74.00702,40.68653],[-74.00644,40.6863],[-74.00587,40.68621],[-74.00563,40.68678],[-74.00504,40.68756],[-74.00459,40.68821],[-74.00382,40.68893],[-74.00341,40.68961],[-74.00299,40.69043],[-74.00196,40.69014],[-74.00185,40.69039],[-74.00096,40.69013],[-74.0007,40.69061],[-74.00197,40.69184],[-74.00174,40.69241],[-74.00132,40.69321],[-74.00096,40.69407],[-74.00028,40.69496],[-73.99946,40.69628],[-73.99943,40.69641],[-73.99953,40.69658],[-73.99947,40.6967],[-73.99918,40.69689],[-73.99899,40.69681],[-73.99894,40.69694],[-73.99886,40.69692],[-73.99876,40.69711],[-73.99885,40.69714],[-73.99803,40.69876],[-73.9975,40.69965],[-73.9967,40.70088],[-73.99507,40.7031],[-73.99466,40.70343],[-73.99499,40.70365],[-73.99482,40.70391],[-73.99471,40.704],[-73.9948,40.7041],[-73.99434,40.70443],[-73.99386,40.70456],[-73.99381,40.70454],[-73.99377,40.70445],[-73.99369,40.70448],[-73.99385,40.70483],[-73.99272,40.70554],[-73.99148,40.70562],[-73.99088,40.70512],[-73.98986,40.70517],[-73.98942,40.70514],[-73.98796,40.70513],[-73.98727,40.70518],[-73.98687,40.70516],[-73.98669,40.70508],[-73.98662,40.70498],[-73.98653,40.70498],[-73.98643,40.70508],[-73.98643,40.70535],[-73.98344,40.70564],[-73.9834,40.70547],[-73.98335,40.70545],[-73.98308,40.70548],[-73.98308,40.70552],[-73.98274,40.70558],[-73.98275,40.70553],[-73.98246,40.70551],[-73.98245,40.70555],[-73.98233,40.70555],[-73.98099,40.70537],[-73.98091,40.70591],[-73.98033,40.70585],[-73.97948,40.70582],[-73.97923,40.70577],[-73.97907,40.70596],[-73.97548,40.70749],[-73.97502,40.70774],[-73.97279,40.70938],[-73.97231,40.70907],[-73.97032,40.70733],[-73.96961,40.70763],[-73.96985,40.70799],[-73.96994,40.70931],[-73.96961,40.71016],[-73.96905,40.71248],[-73.96847,40.713],[-73.96837,40.71413],[-73.96804,40.71497],[-73.96758,40.7165],[-73.96684,40.71756],[-73.9657,40.71878],[-73.96264,40.72275],[-73.96154,40.72388],[-73.96154,40.72469],[-73.96162,40.72486],[-73.96153,40.72591],[-73.9615,40.72699],[-73.96128,40.72804],[-73.96117,40.72806],[-73.96116,40.72811],[-73.96121,40.72815],[-73.96111,40.72819],[-73.96099,40.72876],[-73.96104,40.72878],[-73.96112,40.72936],[-73.96114,40.72943],[-73.9612,40.72942],[-73.96126,40.72975],[-73.96131,40.7303],[-73.96145,40.73099],[-73.96184,40.73163],[-73.96215,40.73245],[-73.9619,40.73248],[-73.96193,40.73268],[-73.96223,40.73265],[-73.96227,40.73277],[-73.96235,40.73381],[-73.9626,40.7349],[-73.96267,40.73645],[-73.96263,40.73654],[-73.96248,40.7368],[-73.95706,40.73917],[-73.95509,40.7394],[-73.95391,40.73942],[-73.95254,40.73923],[-73.94706,40.73752],[-73.94216,40.73568],[-73.94032,40.7332],[-73.94037,40.73277],[-73.93966,40.73149],[-73.93752,40.72982],[-73.93443,40.72882],[-73.93183,40.72848],[-73.92921,40.72778],[-73.92909,40.72771],[-73.9278,40.72649],[-73.92723,40.72533],[-73.92654,40.72407],[-73.92534,40.72164],[-73.92418,40.72002],[-73.92428,40.71854],[-73.92271,40.71648],[-73.92274,40.71616],[-73.92433,40.71557],[-73.92404,40.71401],[-73.92314,40.7134],[-73.92223,40.71285],[-73.92169,40.71189],[-73.92155,40.71104],[-73.92122,40.71079],[-73.92074,40.71053],[-73.92189,40.7094],[-73.91181,40.70343],[-73.9129,40.70236],[-73.91068,40.70105],[-73.91181,40.69994],[-73.91014,40.69903],[-73.90426,40.6957],[-73.9048,40.69515],[-73.90491,40.69507],[-73.9058,40.69413],[-73.90207,40.692],[-73.90159,40.69163],[-73.90124,40.69144],[-73.9018,40.69077],[-73.90042,40.68818],[-73.90116,40.68788],[-73.89652,40.6824],[-73.89633,40.68283],[-73.89612,40.68314],[-73.89529,40.68417],[-73.8942,40.68531],[-73.89252,40.68342],[-73.89166,40.68404],[-73.89014,40.685],[-73.88961,40.68421],[-73.88909,40.68464],[-73.88808,40.68529],[-73.88452,40.68669],[-73.88378,40.68786],[-73.87946,40.69123],[-73.87402,40.69419],[-73.86892,40.69515],[-73.86872,40.69462],[-73.86868,40.69385],[-73.86806,40.69118],[-73.86746,40.68841],[-73.8666,40.68527],[-73.8665,40.68447],[-73.86629,40.68319],[-73.86603,40.68192],[-73.86499,40.68213],[-73.8641,40.68237],[-73.86328,40.67907],[-73.86235,40.67916],[-73.86132,40.67502],[-73.86106,40.67434],[-73.86108,40.67402],[-73.86039,40.67127],[-73.85763,40.67166],[-73.85643,40.66703],[-73.85568,40.66387],[-73.85843,40.66345],[-73.85761,40.66012],[-73.85851,40.6599],[-73.86036,40.65965],[-73.86151,40.65905],[-73.86317,40.65828],[-73.86244,40.65726],[-73.86219,40.65683],[-73.86096,40.65518],[-73.86048,40.65466],[-73.85976,40.6541],[-73.85898,40.65268],[-73.85696,40.65058],[-73.85665,40.65013],[-73.85615,40.6492],[-73.85494,40.64265],[-73.84834,40.64352],[-73.83765,40.63284],[-73.83624,40.63111],[-73.83538,40.63032],[-73.83304,40.62826],[-73.83339,40.62767],[-73.83405,40.61346],[-73.83428,40.60919],[-73.83446,40.60719],[-73.83588,40.60564],[-73.84202,40.59831],[-73.84444,40.59586],[-73.84668,40.59321],[-73.84739,40.59203],[-73.84985,40.58867],[-73.85352,40.58659],[-73.86561,40.5812],[-73.86923,40.57934],[-73.87142,40.57854],[-73.87922,40.57466],[-73.88507,40.57375],[-73.89052,40.5727],[-73.90387,40.57162],[-73.90491,40.57141],[-73.92807,40.56779],[-73.93336,40.56693],[-73.93489,40.56665],[-73.945,40.56531],[-73.9507,40.56443],[-73.95167,40.56431],[-73.95928,40.56308],[-73.99709,40.55728],[-74.03629,40.55104],[-74.03505,40.57285],[-74.03455,40.57625],[-74.03788,40.5892],[-74.04139,40.60311],[-74.0438,40.60677],[-74.04751,40.61232],[-74.05235,40.62013],[-74.05663,40.62729]]]}},{"type":"Feature","properties":{"std_name":"Manhattan borough","std_geoid":"3606144919","pen":"politicians","std_note":null,"LSAD":"21","NAME":"Manhattan"},"geometry":{"type":"MultiPolygon","coordinates":[[[[-74.03544,40.68512],[-74.02639,40.7001],[-74.02364,40.71807],[-74.01403,40.75755],[-73.96358,40.82664],[-73.95283,40.85111],[-73.93379,40.88221],[-73.9245,40.87897],[-73.9226,40.87878],[-73.92163,40.87832],[-73.91981,40.87658],[-73.9152,40.87558],[-73.91491,40.87658],[-73.91221,40.87818],[-73.91141,40.87928],[-73.9095,40.87888],[-73.90919,40.87817],[-73.90868,40.87776],[-73.90801,40.87748],[-73.90765,40.87693],[-73.90711,40.87628],[-73.907,40.87345],[-73.9071,40.87298],[-73.9079,40.87268],[-73.9086,40.87168],[-73.9091,40.87168],[-73.9092,40.86978],[-73.9098,40.86828],[-73.91085,40.86653],[-73.91434,40.86252],[-73.91821,40.85868],[-73.92001,40.85668],[-73.92122,40.85469],[-73.92163,40.85397],[-73.9222,40.85311],[-73.92271,40.85248],[-73.9239,40.85049],[-73.9273,40.84656],[-73.92811,40.84558],[-73.92901,40.84408],[-73.9295,40.84238],[-73.92969,40.84219],[-73.92958,40.84205],[-73.92973,40.84185],[-73.93037,40.84065],[-73.93041,40.84028],[-73.93061,40.83968],[-73.93301,40.83568],[-73.93346,40.83318],[-73.93342,40.83138],[-73.93326,40.8295],[-73.93306,40.8282],[-73.9329,40.82656],[-73.93275,40.82549],[-73.93249,40.82255],[-73.9324,40.82119],[-73.93226,40.818],[-73.93233,40.81492],[-73.93242,40.81403],[-73.93242,40.81357],[-73.9326,40.81199],[-73.93263,40.81061],[-73.93257,40.80926],[-73.93248,40.80886],[-73.93235,40.80859],[-73.93211,40.80818],[-73.93117,40.80721],[-73.93041,40.80648],[-73.93035,40.8062],[-73.9284,40.80411],[-73.92753,40.80276],[-73.92725,40.80256],[-73.92656,40.80248],[-73.92508,40.80252],[-73.92407,40.80247],[-73.92363,40.80255],[-73.92302,40.80242],[-73.92234,40.80196],[-73.92174,40.80169],[-73.92162,40.80145],[-73.9212,40.80101],[-73.92105,40.80064],[-73.92073,40.8001],[-73.92036,40.79967],[-73.91986,40.79935],[-73.9191,40.79901],[-73.91881,40.79885],[-73.91631,40.79788],[-73.91575,40.79759],[-73.91446,40.79704],[-73.9139,40.79684],[-73.91362,40.79679],[-73.91246,40.7961],[-73.91067,40.79312],[-73.9103,40.79066],[-73.91113,40.79011],[-73.91125,40.78974],[-73.91162,40.78959],[-73.91177,40.78972],[-73.91208,40.78952],[-73.91195,40.7894],[-73.91207,40.78934],[-73.91223,40.78918],[-73.9126,40.78938],[-73.91424,40.78786],[-73.91559,40.78643],[-73.91526,40.78619],[-73.9154,40.78606],[-73.91575,40.78611],[-73.91683,40.78519],[-73.91718,40.78455],[-73.91717,40.78419],[-73.91724,40.78414],[-73.91774,40.78408],[-73.91819,40.78393],[-73.91909,40.78337],[-73.9221,40.78085],[-73.92263,40.78057],[-73.92296,40.78044],[-73.92319,40.78025],[-73.92423,40.7791],[-73.92482,40.77876],[-73.92557,40.77846],[-73.92632,40.77824],[-73.92828,40.7769],[-73.92861,40.77659],[-73.92988,40.77622],[-73.93063,40.77659],[-73.93107,40.77726],[-73.93105,40.77744],[-73.93179,40.77787],[-73.93272,40.77804],[-73.93278,40.77792],[-73.93391,40.77812],[-73.93474,40.77808],[-73.93508,40.77794],[-73.93586,40.77721],[-73.93609,40.77718],[-73.93638,40.77692],[-73.93705,40.77587],[-73.93766,40.77509],[-73.93786,40.77409],[-73.93781,40.77356],[-73.93747,40.7725],[-73.93496,40.77173],[-73.93532,40.77049],[-73.9364,40.76947],[-73.9382,40.76873],[-73.93984,40.76799],[-73.94035,40.76765],[-73.94046,40.76753],[-73.94131,40.76692],[-73.9435,40.7645],[-73.94472,40.76288],[-73.94571,40.76149],[-73.94581,40.76145],[-73.94596,40.76129],[-73.95088,40.75517],[-73.95102,40.75509],[-73.95137,40.75452],[-73.95208,40.75376],[-73.95217,40.7537],[-73.95266,40.75311],[-73.95301,40.75277],[-73.95297,40.75275],[-73.95364,40.75204],[-73.95368,40.75205],[-73.95399,40.75179],[-73.95394,40.75175],[-73.95432,40.75126],[-73.95606,40.74976],[-73.95612,40.74976],[-73.9562,40.74969],[-73.95617,40.74967],[-73.95684,40.74883],[-73.95919,40.74603],[-73.96027,40.74443],[-73.96083,40.74364],[-73.96118,40.743],[-73.96138,40.7428],[-73.9618,40.74113],[-73.96191,40.741],[-73.96243,40.73967],[-73.96262,40.73903],[-73.96248,40.7368],[-73.96267,40.73645],[-73.9626,40.7349],[-73.96235,40.73381],[-73.96228,40.73283],[-73.96223,40.73265],[-73.96193,40.73268],[-73.9619,40.73248],[-73.96215,40.73245],[-73.96184,40.73163],[-73.96145,40.73099],[-73.96131,40.7303],[-73.96126,40.72975],[-73.9612,40.72942],[-73.96114,40.72943],[-73.96112,40.72936],[-73.96104,40.72878],[-73.96099,40.72876],[-73.96111,40.72819],[-73.96121,40.72815],[-73.96116,40.72811],[-73.96117,40.72806],[-73.96128,40.72804],[-73.9615,40.72699],[-73.96153,40.72591],[-73.96162,40.72486],[-73.96154,40.72469],[-73.96154,40.72388],[-73.96264,40.72275],[-73.9657,40.71878],[-73.96684,40.71756],[-73.96758,40.7165],[-73.96804,40.71497],[-73.96837,40.71413],[-73.96847,40.713],[-73.96905,40.71248],[-73.96961,40.71016],[-73.96994,40.70931],[-73.96985,40.70799],[-73.96961,40.70763],[-73.97032,40.70733],[-73.97231,40.70907],[-73.97279,40.70938],[-73.97502,40.70774],[-73.97548,40.70749],[-73.97907,40.70596],[-73.97923,40.70577],[-73.97948,40.70582],[-73.98033,40.70585],[-73.98091,40.70591],[-73.98099,40.70537],[-73.98233,40.70555],[-73.98245,40.70555],[-73.98246,40.70551],[-73.98275,40.70553],[-73.98274,40.70558],[-73.98308,40.70552],[-73.98308,40.70548],[-73.98335,40.70545],[-73.9834,40.70547],[-73.98344,40.70564],[-73.98643,40.70535],[-73.98643,40.70508],[-73.98653,40.70498],[-73.98662,40.70498],[-73.98669,40.70508],[-73.98687,40.70516],[-73.98727,40.70518],[-73.98796,40.70513],[-73.98942,40.70514],[-73.98986,40.70517],[-73.99088,40.70512],[-73.99148,40.70562],[-73.99272,40.70554],[-73.99385,40.70483],[-73.99369,40.70448],[-73.99377,40.70445],[-73.99381,40.70454],[-73.99386,40.70456],[-73.99434,40.70443],[-73.9948,40.7041],[-73.99471,40.704],[-73.99482,40.70391],[-73.99499,40.70365],[-73.99466,40.70343],[-73.99507,40.7031],[-73.9967,40.70088],[-73.9975,40.69965],[-73.99803,40.69876],[-73.99885,40.69714],[-73.99876,40.69711],[-73.99886,40.69692],[-73.99894,40.69694],[-73.99899,40.69681],[-73.99918,40.69689],[-73.99947,40.6967],[-73.99953,40.69658],[-73.99943,40.69641],[-73.99946,40.69628],[-74.00028,40.69496],[-74.00096,40.69407],[-74.00132,40.69321],[-74.00174,40.69241],[-74.00197,40.69184],[-74.0007,40.69061],[-74.00096,40.69013],[-74.00185,40.69039],[-74.00196,40.69014],[-74.00299,40.69043],[-74.00341,40.68961],[-74.00382,40.68893],[-74.00459,40.68821],[-74.00504,40.68756],[-74.00563,40.68678],[-74.00587,40.68621],[-74.00644,40.6863],[-74.00702,40.68653],[-74.00767,40.68627],[-74.00784,40.68624],[-74.00795,40.68629],[-74.01263,40.68347],[-74.01277,40.68361],[-74.01283,40.68361],[-74.01532,40.68211],[-74.01524,40.682],[-74.01534,40.6819],[-74.01744,40.68064],[-74.01757,40.68064],[-74.01764,40.6806],[-74.01771,40.68066],[-74.0178,40.68062],[-74.01898,40.6799],[-74.01892,40.67984],[-74.01932,40.67961],[-74.01935,40.67955],[-74.03457,40.68487],[-74.03459,40.68483],[-74.03544,40.68512]]],[[[-74.04075,40.70017],[-74.0407,40.70022],[-74.04065,40.70021],[-74.04033,40.7001],[-74.04008,40.70009],[-74.03993,40.69999],[-74.03974,40.69995],[-74.03966,40.69987],[-74.03955,40.69984],[-74.03948,40.69978],[-74.03925,40.69969],[-74.03894,40.69965],[-74.03881,40.69953],[-74.03872,40.6993],[-74.03851,40.69915],[-74.03846,40.69898],[-74.03845,40.69882],[-74.03837,40.69867],[-74.03857,40.69873],[-74.03862,40.6987],[-74.0386,40.69868],[-74.03874,40.69864],[-74.03896,40.69859],[-74.03917,40.69859],[-74.03929,40.69863],[-74.03938,40.69873],[-74.03965,40.69879],[-74.03993,40.69859],[-74.04023,40.69883],[-74.0401,40.69893],[-74.03999,40.69889],[-74.03987,40.69889],[-74.0398,40.69894],[-74.0398,40.69898],[-74.03998,40.69912],[-74.04019,40.69922],[-74.04021,40.69931],[-74.04043,40.69941],[-74.04048,40.6996],[-74.04061,40.69977],[-74.04075,40.70017]]],[[[-74.04721,40.69089],[-74.04715,40.69098],[-74.04704,40.69104],[-74.04618,40.69109],[-74.04611,40.69112],[-74.04598,40.69111],[-74.04457,40.69056],[-74.04389,40.69018],[-74.04345,40.68963],[-74.0435,40.68917],[-74.04362,40.68876],[-74.04394,40.68857],[-74.04413,40.68854],[-74.04435,40.68851],[-74.04479,40.68859],[-74.04625,40.68932],[-74.04718,40.69041],[-74.04704,40.69048],[-74.04703,40.69059],[-74.0472,40.6908],[-74.04721,40.69089]]]]}},{"type":"Feature","properties":{"std_name":"Pelham town","std_geoid":"3611957012","pen":"politicians","std_note":null,"LSAD":"43","NAME":"Pelham"},"geometry":{"type":"Polygon","coordinates":[[[-73.82332,40.89124],[-73.82287,40.89264],[-73.82113,40.8953],[-73.82085,40.89544],[-73.81993,40.89574],[-73.81936,40.89604],[-73.81851,40.89664],[-73.81842,40.89681],[-73.81806,40.89798],[-73.81734,40.89922],[-73.81758,40.89981],[-73.81752,40.90026],[-73.81709,40.90081],[-73.81626,40.90155],[-73.81624,40.90186],[-73.81613,40.90199],[-73.81576,40.90212],[-73.81536,40.90256],[-73.81528,40.90271],[-73.81532,40.90292],[-73.81528,40.90315],[-73.81507,40.9033],[-73.81494,40.90346],[-73.81487,40.90368],[-73.81431,40.90434],[-73.81403,40.90458],[-73.81394,40.90479],[-73.81381,40.90487],[-73.81378,40.90495],[-73.81393,40.90517],[-73.81396,40.90553],[-73.81388,40.906],[-73.81373,40.90619],[-73.81352,40.90635],[-73.81362,40.90655],[-73.81368,40.90694],[-73.81379,40.9072],[-73.81369,40.9073],[-73.8135,40.90759],[-73.81345,40.90776],[-73.81348,40.90793],[-73.81386,40.90894],[-73.81401,40.909],[-73.81409,40.90907],[-73.81414,40.90925],[-73.81428,40.90932],[-73.81429,40.90946],[-73.81426,40.90965],[-73.81414,40.90991],[-73.81416,40.91011],[-73.81398,40.91016],[-73.81387,40.91031],[-73.81366,40.91052],[-73.81364,40.91078],[-73.81342,40.91154],[-73.81336,40.91214],[-73.81337,40.9124],[-73.81304,40.91314],[-73.8132,40.91347],[-73.81317,40.91362],[-73.81317,40.91403],[-73.81337,40.91421],[-73.81343,40.91431],[-73.81341,40.91441],[-73.81314,40.91469],[-73.8129,40.91474],[-73.81206,40.91466],[-73.81194,40.91472],[-73.81184,40.91506],[-73.81181,40.91573],[-73.81175,40.91594],[-73.81142,40.91613],[-73.81127,40.91629],[-73.81123,40.91663],[-73.81109,40.91681],[-73.81094,40.9169],[-73.81097,40.91699],[-73.81118,40.91723],[-73.81097,40.91751],[-73.81094,40.91763],[-73.81114,40.91797],[-73.81124,40.91826],[-73.81136,40.9184],[-73.81054,40.92016],[-73.81027,40.92066],[-73.80936,40.9221],[-73.80931,40.92391],[-73.80914,40.92419],[-73.80891,40.92448],[-73.80842,40.925],[-73.80811,40.92519],[-73.80794,40.92547],[-73.80777,40.92558],[-73.80754,40.92558],[-73.80723,40.92568],[-73.80697,40.92572],[-73.80668,40.92571],[-73.80647,40.92567],[-73.80631,40.92552],[-73.80621,40.92537],[-73.80546,40.92545],[-73.80527,40.92572],[-73.80518,40.92595],[-73.80502,40.92613],[-73.80501,40.92592],[-73.80492,40.9256],[-73.80481,40.92532],[-73.80474,40.92527],[-73.80441,40.92415],[-73.80389,40.92152],[-73.80397,40.92118],[-73.80397,40.92099],[-73.80356,40.91917],[-73.80314,40.91751],[-73.80305,40.91683],[-73.80225,40.91322],[-73.80207,40.9132],[-73.80191,40.91287],[-73.8018,40.91272],[-73.80179,40.91246],[-73.80198,40.91182],[-73.80195,40.91181],[-73.80121,40.90841],[-73.80095,40.90824],[-73.80013,40.90427],[-73.7999,40.90261],[-73.79969,40.90145],[-73.79927,40.89956],[-73.79911,40.89859],[-73.79853,40.89595],[-73.79831,40.89565],[-73.79812,40.8952],[-73.79764,40.89457],[-73.79402,40.89087],[-73.78834,40.88517],[-73.7883,40.88509],[-73.78666,40.88358],[-73.78666,40.88347],[-73.78538,40.88218],[-73.78473,40.88186],[-73.7837,40.88108],[-73.79199,40.88317],[-73.79328,40.88342],[-73.81418,40.8888],[-73.81505,40.88895],[-73.8156,40.88918],[-73.8161,40.88928],[-73.8176,40.88967],[-73.8185,40.88988],[-73.82296,40.89106],[-73.82332,40.89124]]]}},{"type":"Feature","properties":{"std_name":"Mount Vernon city","std_geoid":"3611949121","pen":"politicians","std_note":null,"LSAD":"25","NAME":"Mount Vernon"},"geometry":{"type":"Polygon","coordinates":[[[-73.85353,40.90747],[-73.85237,40.90888],[-73.85208,40.90889],[-73.85205,40.90896],[-73.85112,40.91001],[-73.85138,40.91004],[-73.85218,40.90951],[-73.85268,40.9099],[-73.85268,40.91012],[-73.85228,40.91057],[-73.8522,40.91073],[-73.8522,40.91093],[-73.85213,40.91109],[-73.85175,40.91122],[-73.85163,40.91132],[-73.85172,40.91166],[-73.85171,40.91175],[-73.85154,40.91214],[-73.85104,40.9129],[-73.85065,40.91322],[-73.85033,40.91366],[-73.85012,40.91417],[-73.84999,40.9143],[-73.84983,40.91429],[-73.84963,40.91422],[-73.84957,40.91425],[-73.84943,40.91458],[-73.84913,40.91481],[-73.84891,40.91482],[-73.84869,40.91492],[-73.84844,40.91494],[-73.84801,40.91483],[-73.84771,40.91496],[-73.84742,40.91526],[-73.84723,40.9155],[-73.8472,40.91575],[-73.84713,40.91587],[-73.84699,40.91602],[-73.84692,40.91619],[-73.84695,40.91626],[-73.84702,40.91627],[-73.84732,40.91612],[-73.84753,40.91609],[-73.84767,40.91611],[-73.8479,40.91623],[-73.848,40.91636],[-73.84782,40.91653],[-73.84766,40.91654],[-73.847,40.91708],[-73.84625,40.91761],[-73.84638,40.91783],[-73.84647,40.91811],[-73.84637,40.91841],[-73.84641,40.91855],[-73.8465,40.91868],[-73.84659,40.91898],[-73.84677,40.9193],[-73.84652,40.91971],[-73.84645,40.91989],[-73.84651,40.9203],[-73.84658,40.92049],[-73.84673,40.92056],[-73.84685,40.92075],[-73.84681,40.92103],[-73.84664,40.92125],[-73.84653,40.92133],[-73.84616,40.92113],[-73.84578,40.92117],[-73.84547,40.92117],[-73.84517,40.9213],[-73.84491,40.92155],[-73.84486,40.92171],[-73.84499,40.92181],[-73.84542,40.9217],[-73.84571,40.92171],[-73.84585,40.92182],[-73.84571,40.92203],[-73.84546,40.92223],[-73.84535,40.92239],[-73.84531,40.92258],[-73.84537,40.92269],[-73.84532,40.923],[-73.84521,40.92317],[-73.84489,40.92335],[-73.84477,40.92352],[-73.84473,40.92366],[-73.84488,40.9241],[-73.84483,40.92422],[-73.84456,40.92406],[-73.84423,40.92405],[-73.84381,40.92412],[-73.84378,40.92406],[-73.84377,40.9237],[-73.84362,40.92352],[-73.84335,40.92349],[-73.84262,40.92378],[-73.84192,40.92469],[-73.84166,40.92482],[-73.84104,40.92577],[-73.84072,40.92645],[-73.84042,40.9269],[-73.84055,40.92698],[-73.84059,40.92736],[-73.84075,40.9275],[-73.84032,40.92816],[-73.84018,40.92811],[-73.84001,40.92837],[-73.83961,40.92933],[-73.83945,40.92963],[-73.83886,40.92949],[-73.8386,40.92973],[-73.83768,40.93095],[-73.83712,40.93112],[-73.83603,40.93168],[-73.83503,40.93197],[-73.8348,40.93213],[-73.83474,40.93226],[-73.83476,40.9329],[-73.83472,40.93303],[-73.8346,40.93326],[-73.83459,40.93344],[-73.83467,40.93378],[-73.835,40.93438],[-73.83495,40.93476],[-73.83463,40.93536],[-73.83463,40.93533],[-73.83452,40.93536],[-73.83431,40.93532],[-73.83064,40.93428],[-73.8089,40.92782],[-73.80675,40.92733],[-73.80658,40.9272],[-73.80642,40.92713],[-73.8056,40.92691],[-73.80532,40.9268],[-73.80513,40.92666],[-73.80504,40.9265],[-73.80502,40.92613],[-73.80518,40.92595],[-73.80527,40.92572],[-73.80546,40.92545],[-73.80621,40.92537],[-73.80631,40.92552],[-73.80647,40.92567],[-73.80668,40.92571],[-73.80697,40.92572],[-73.80723,40.92568],[-73.80754,40.92558],[-73.80777,40.92558],[-73.80794,40.92547],[-73.80811,40.92519],[-73.80842,40.925],[-73.80891,40.92448],[-73.80914,40.92419],[-73.80931,40.92391],[-73.80936,40.9221],[-73.81027,40.92066],[-73.81054,40.92016],[-73.81136,40.9184],[-73.81124,40.91826],[-73.81114,40.91797],[-73.81094,40.91763],[-73.81097,40.91751],[-73.81118,40.91723],[-73.81097,40.91699],[-73.81094,40.9169],[-73.81109,40.91681],[-73.81123,40.91663],[-73.81127,40.91629],[-73.81142,40.91613],[-73.81175,40.91594],[-73.81181,40.91573],[-73.81184,40.91506],[-73.81194,40.91472],[-73.81206,40.91466],[-73.8129,40.91474],[-73.81314,40.91469],[-73.81341,40.91441],[-73.81343,40.91431],[-73.81337,40.91421],[-73.81317,40.91403],[-73.81317,40.91362],[-73.8132,40.91347],[-73.81304,40.91314],[-73.81337,40.9124],[-73.81336,40.91214],[-73.81342,40.91154],[-73.81364,40.91078],[-73.81366,40.91052],[-73.81387,40.91031],[-73.81398,40.91016],[-73.81416,40.91011],[-73.81414,40.90991],[-73.81426,40.90965],[-73.81429,40.90946],[-73.81428,40.90932],[-73.81414,40.90925],[-73.81409,40.90907],[-73.81401,40.909],[-73.81386,40.90894],[-73.81348,40.90793],[-73.81345,40.90776],[-73.8135,40.90759],[-73.81369,40.9073],[-73.81379,40.9072],[-73.81368,40.90694],[-73.81362,40.90655],[-73.81352,40.90635],[-73.81373,40.90619],[-73.81388,40.906],[-73.81396,40.90553],[-73.81393,40.90517],[-73.81378,40.90495],[-73.81381,40.90487],[-73.81394,40.90479],[-73.81403,40.90458],[-73.81431,40.90434],[-73.81487,40.90368],[-73.81494,40.90346],[-73.81507,40.9033],[-73.81528,40.90315],[-73.81532,40.90292],[-73.81528,40.90271],[-73.81536,40.90256],[-73.81576,40.90212],[-73.81613,40.90199],[-73.81624,40.90186],[-73.81626,40.90155],[-73.81709,40.90081],[-73.81752,40.90026],[-73.81758,40.89981],[-73.81734,40.89922],[-73.81806,40.89798],[-73.81842,40.89681],[-73.81851,40.89664],[-73.81936,40.89604],[-73.81993,40.89574],[-73.82085,40.89544],[-73.82113,40.8953],[-73.82287,40.89264],[-73.82332,40.8913],[-73.82332,40.89124],[-73.82324,40.8912],[-73.8233,40.89099],[-73.82313,40.89087],[-73.82311,40.89078],[-73.82312,40.89065],[-73.82325,40.89047],[-73.82322,40.89037],[-73.8233,40.89006],[-73.8231,40.88989],[-73.82267,40.88996],[-73.82251,40.88988],[-73.82236,40.88964],[-73.82237,40.88948],[-73.82364,40.88985],[-73.82402,40.88975],[-73.82405,40.88987],[-73.82401,40.88998],[-73.8244,40.88998],[-73.825,40.89018],[-73.82722,40.89079],[-73.82794,40.89093],[-73.82812,40.89105],[-73.82872,40.89127],[-73.83002,40.89169],[-73.83082,40.89188],[-73.8317,40.89218],[-73.8325,40.89238],[-73.83517,40.89317],[-73.83628,40.89353],[-73.83841,40.89406],[-73.83941,40.89669],[-73.83961,40.89714],[-73.83972,40.89751],[-73.83972,40.89769],[-73.83965,40.89789],[-73.83921,40.89882],[-73.83915,40.89906],[-73.83919,40.89936],[-73.83936,40.89971],[-73.84056,40.90128],[-73.84079,40.90169],[-73.84087,40.90198],[-73.84105,40.90316],[-73.84139,40.90417],[-73.84491,40.90419],[-73.84495,40.90471],[-73.8449,40.90508],[-73.84495,40.90556],[-73.84585,40.90576],[-73.84743,40.90624],[-73.84865,40.90678],[-73.85014,40.9075],[-73.85033,40.90728],[-73.85045,40.90718],[-73.85099,40.90654],[-73.85353,40.90747]]]}},{"type":"Feature","properties":{"std_name":"Rye city","std_geoid":"3611964309","pen":"politicians","std_note":null,"LSAD":"25","NAME":"Rye"},"geometry":{"type":"Polygon","coordinates":[[[-73.71581,40.95917],[-73.71491,40.96016],[-73.71255,40.96261],[-73.71206,40.96303],[-73.71183,40.96326],[-73.71147,40.96337],[-73.71053,40.96388],[-73.71003,40.96402],[-73.70968,40.96417],[-73.70904,40.9646],[-73.70878,40.96473],[-73.70852,40.96481],[-73.70835,40.96497],[-73.70785,40.96564],[-73.70769,40.96591],[-73.70752,40.96607],[-73.70719,40.96693],[-73.70638,40.96833],[-73.70612,40.96868],[-73.70576,40.96893],[-73.70539,40.96925],[-73.70495,40.97034],[-73.70474,40.97061],[-73.70422,40.97106],[-73.70398,40.97131],[-73.70379,40.9716],[-73.70369,40.97188],[-73.70388,40.97203],[-73.70357,40.97252],[-73.70301,40.97292],[-73.70332,40.97317],[-73.70524,40.97188],[-73.70614,40.97134],[-73.70665,40.97108],[-73.70746,40.97073],[-73.70802,40.97054],[-73.70854,40.97038],[-73.70923,40.97023],[-73.70775,40.9723],[-73.70183,40.98083],[-73.7018,40.98091],[-73.70178,40.9809],[-73.7008,40.98385],[-73.69821,40.98701],[-73.69668,40.9888],[-73.69616,40.98935],[-73.68607,40.99193],[-73.68673,40.99372],[-73.68663,40.99387],[-73.6864,40.9939],[-73.68583,40.99466],[-73.68561,40.99505],[-73.68566,40.99558],[-73.68518,40.99596],[-73.68504,40.99624],[-73.68466,40.99645],[-73.68467,40.99766],[-73.68499,40.99786],[-73.68233,40.99761],[-73.68256,40.99729],[-73.68308,40.99671],[-73.68358,40.99594],[-73.68382,40.9955],[-73.68002,40.99481],[-73.67953,40.99467],[-73.67966,40.99283],[-73.67242,40.99008],[-73.67108,40.98937],[-73.66983,40.98912],[-73.66302,40.98661],[-73.66297,40.9867],[-73.66217,40.9865],[-73.65762,40.9855],[-73.65677,40.98451],[-73.61289,40.95094],[-73.69897,40.90039],[-73.70967,40.89417],[-73.70957,40.91477],[-73.71047,40.9245],[-73.71352,40.94449],[-73.71353,40.94454],[-73.71364,40.9446],[-73.71386,40.94601],[-73.71379,40.94595],[-73.71368,40.94598],[-73.71392,40.94696],[-73.714,40.94697],[-73.7142,40.94836],[-73.71417,40.94838],[-73.71418,40.94844],[-73.71429,40.94895],[-73.71426,40.94897],[-73.71437,40.94942],[-73.71577,40.95915],[-73.71581,40.95917]]]}},{"type":"Feature","properties":{"std_name":"Yonkers city","std_geoid":"3611984000","pen":"politicians","std_note":null,"LSAD":"25","NAME":"Yonkers"},"geometry":{"type":"Polygon","coordinates":[[[-73.91832,40.9177],[-73.91425,40.92796],[-73.90911,40.94589],[-73.90846,40.94788],[-73.8987,40.97481],[-73.89714,40.97512],[-73.88882,40.97654],[-73.888,40.97672],[-73.88155,40.97785],[-73.86822,40.97998],[-73.84782,40.98298],[-73.8454,40.98334],[-73.84216,40.98388],[-73.83231,40.98535],[-73.82781,40.98592],[-73.82656,40.98611],[-73.81647,40.98738],[-73.81535,40.98762],[-73.81042,40.98834],[-73.8111,40.98698],[-73.81193,40.98617],[-73.81196,40.98561],[-73.81217,40.98519],[-73.81246,40.98473],[-73.8128,40.98439],[-73.81297,40.98428],[-73.81353,40.98411],[-73.81397,40.98393],[-73.81479,40.98356],[-73.81484,40.98349],[-73.81486,40.98301],[-73.815,40.98256],[-73.81458,40.98209],[-73.81436,40.98132],[-73.81438,40.98076],[-73.81436,40.98043],[-73.8139,40.97967],[-73.81376,40.97901],[-73.81347,40.9784],[-73.81343,40.97819],[-73.8135,40.97766],[-73.81347,40.97754],[-73.81312,40.9773],[-73.81299,40.97717],[-73.81324,40.97659],[-73.81393,40.97597],[-73.81428,40.97556],[-73.81456,40.97514],[-73.81475,40.97387],[-73.81482,40.97371],[-73.8152,40.97315],[-73.81523,40.97287],[-73.81532,40.9727],[-73.81572,40.97263],[-73.81575,40.97234],[-73.8157,40.97216],[-73.81565,40.9716],[-73.81568,40.9715],[-73.816,40.97119],[-73.8162,40.97072],[-73.81624,40.97033],[-73.81605,40.97019],[-73.81616,40.9699],[-73.81714,40.96952],[-73.81731,40.96925],[-73.81758,40.96853],[-73.81778,40.96812],[-73.81774,40.96792],[-73.81762,40.9678],[-73.81758,40.9677],[-73.81792,40.96724],[-73.81812,40.96669],[-73.81835,40.96626],[-73.81847,40.96589],[-73.81804,40.9659],[-73.81805,40.9657],[-73.81825,40.96524],[-73.81854,40.96518],[-73.8189,40.96522],[-73.81919,40.96514],[-73.81924,40.9648],[-73.81923,40.96466],[-73.81915,40.96442],[-73.81917,40.96432],[-73.81954,40.96393],[-73.81965,40.96373],[-73.82001,40.9634],[-73.82047,40.96267],[-73.82068,40.96257],[-73.82108,40.96249],[-73.82123,40.96226],[-73.82138,40.96167],[-73.82102,40.96121],[-73.82095,40.9607],[-73.82102,40.96056],[-73.82108,40.9605],[-73.8214,40.96034],[-73.82192,40.96026],[-73.82176,40.95958],[-73.82147,40.95879],[-73.82165,40.95823],[-73.82208,40.95776],[-73.82251,40.95761],[-73.82357,40.95736],[-73.82425,40.9571],[-73.82452,40.95658],[-73.82473,40.95645],[-73.82537,40.95658],[-73.82567,40.95656],[-73.82608,40.95634],[-73.82622,40.9562],[-73.82684,40.95531],[-73.82713,40.95504],[-73.82733,40.95494],[-73.82761,40.95489],[-73.828,40.95492],[-73.82833,40.95491],[-73.82851,40.95481],[-73.82855,40.95473],[-73.82858,40.95452],[-73.82898,40.95365],[-73.82901,40.95333],[-73.82899,40.95257],[-73.82924,40.95139],[-73.82962,40.9511],[-73.82983,40.95099],[-73.82989,40.95098],[-73.83023,40.95119],[-73.83088,40.95175],[-73.83109,40.95181],[-73.83137,40.95182],[-73.8316,40.95156],[-73.83178,40.95141],[-73.83194,40.95133],[-73.83212,40.95132],[-73.8323,40.95142],[-73.83247,40.9516],[-73.83244,40.95166],[-73.83219,40.95181],[-73.83217,40.95187],[-73.83222,40.95205],[-73.83233,40.95214],[-73.83264,40.95216],[-73.83277,40.95188],[-73.83332,40.95138],[-73.83339,40.95114],[-73.8334,40.95045],[-73.83373,40.94881],[-73.83367,40.94863],[-73.83351,40.94849],[-73.83351,40.94809],[-73.83397,40.94766],[-73.834,40.94752],[-73.83392,40.94728],[-73.83379,40.94709],[-73.83344,40.9468],[-73.83349,40.94668],[-73.8336,40.94653],[-73.83373,40.94645],[-73.83453,40.94544],[-73.8347,40.94537],[-73.83529,40.94541],[-73.83557,40.94532],[-73.83611,40.9453],[-73.83642,40.94499],[-73.83662,40.94509],[-73.83687,40.94503],[-73.83708,40.94471],[-73.83709,40.94448],[-73.83739,40.9439],[-73.8375,40.94357],[-73.83746,40.94318],[-73.8375,40.94284],[-73.83764,40.94244],[-73.83778,40.94219],[-73.83799,40.94195],[-73.83852,40.94167],[-73.83866,40.94152],[-73.8386,40.94087],[-73.83822,40.94027],[-73.83817,40.94015],[-73.83815,40.93967],[-73.83806,40.93953],[-73.83796,40.93906],[-73.8377,40.93861],[-73.83771,40.93824],[-73.83782,40.93789],[-73.83789,40.93746],[-73.83782,40.9372],[-73.83768,40.93702],[-73.83746,40.93683],[-73.83701,40.93653],[-73.83601,40.93611],[-73.83527,40.93599],[-73.83478,40.93576],[-73.83465,40.93558],[-73.8347,40.9355],[-73.83463,40.93536],[-73.83495,40.93476],[-73.835,40.93438],[-73.83467,40.93378],[-73.83459,40.93344],[-73.8346,40.93326],[-73.83472,40.93303],[-73.83476,40.9329],[-73.83474,40.93226],[-73.8348,40.93213],[-73.83503,40.93197],[-73.83603,40.93168],[-73.83712,40.93112],[-73.83768,40.93095],[-73.8386,40.92973],[-73.83886,40.92949],[-73.83945,40.92963],[-73.83961,40.92933],[-73.84001,40.92837],[-73.84018,40.92811],[-73.84032,40.92816],[-73.84075,40.9275],[-73.84059,40.92736],[-73.84055,40.92698],[-73.84042,40.9269],[-73.84072,40.92645],[-73.84104,40.92577],[-73.84166,40.92482],[-73.84192,40.92469],[-73.84262,40.92378],[-73.84335,40.92349],[-73.84362,40.92352],[-73.84377,40.9237],[-73.84378,40.92406],[-73.84381,40.92412],[-73.84423,40.92405],[-73.84456,40.92406],[-73.84483,40.92422],[-73.84488,40.9241],[-73.84473,40.92366],[-73.84477,40.92352],[-73.84489,40.92335],[-73.84521,40.92317],[-73.84532,40.923],[-73.84537,40.92269],[-73.84531,40.92258],[-73.84535,40.92239],[-73.84546,40.92223],[-73.84571,40.92203],[-73.84585,40.92182],[-73.84571,40.92171],[-73.84542,40.9217],[-73.84499,40.92181],[-73.84486,40.92171],[-73.84491,40.92155],[-73.84517,40.9213],[-73.84547,40.92117],[-73.84578,40.92117],[-73.84616,40.92113],[-73.84653,40.92133],[-73.84664,40.92125],[-73.84681,40.92103],[-73.84685,40.92075],[-73.84673,40.92056],[-73.84658,40.92049],[-73.84651,40.9203],[-73.84645,40.91989],[-73.84652,40.91971],[-73.84677,40.9193],[-73.84659,40.91898],[-73.8465,40.91868],[-73.84641,40.91855],[-73.84637,40.91841],[-73.84647,40.91811],[-73.84638,40.91783],[-73.84625,40.91761],[-73.847,40.91708],[-73.84766,40.91654],[-73.84782,40.91653],[-73.848,40.91636],[-73.8479,40.91623],[-73.84767,40.91611],[-73.84753,40.91609],[-73.84732,40.91612],[-73.84702,40.91627],[-73.84695,40.91626],[-73.84692,40.91619],[-73.84699,40.91602],[-73.84713,40.91587],[-73.8472,40.91575],[-73.84723,40.9155],[-73.84742,40.91526],[-73.84771,40.91496],[-73.84801,40.91483],[-73.84844,40.91494],[-73.84869,40.91492],[-73.84891,40.91482],[-73.84913,40.91481],[-73.84943,40.91458],[-73.84957,40.91425],[-73.84963,40.91422],[-73.84983,40.91429],[-73.84999,40.9143],[-73.85014,40.91413],[-73.85033,40.91366],[-73.85065,40.91322],[-73.85104,40.9129],[-73.85154,40.91214],[-73.85171,40.91175],[-73.85172,40.91166],[-73.85163,40.91132],[-73.85175,40.91122],[-73.85213,40.91109],[-73.8522,40.91093],[-73.8522,40.91073],[-73.85228,40.91057],[-73.85268,40.91012],[-73.85268,40.9099],[-73.85294,40.90992],[-73.854,40.90928],[-73.85423,40.90901],[-73.85434,40.90897],[-73.85488,40.90822],[-73.85448,40.90801],[-73.8543,40.90809],[-73.85398,40.90801],[-73.85382,40.90777],[-73.8538,40.90718],[-73.8541,40.90668],[-73.8547,40.90658],[-73.85569,40.90606],[-73.85611,40.90606],[-73.85632,40.90617],[-73.85633,40.9058],[-73.8562,40.90548],[-73.85596,40.90539],[-73.85594,40.90526],[-73.8562,40.90509],[-73.85639,40.90505],[-73.8567,40.90491],[-73.85732,40.90502],[-73.85759,40.90467],[-73.857,40.90438],[-73.857,40.90358],[-73.8572,40.90288],[-73.85771,40.90257],[-73.8582,40.90238],[-73.8583,40.90208],[-73.8591,40.90247],[-73.8596,40.90218],[-73.8593,40.90178],[-73.859,40.90148],[-73.8594,40.90138],[-73.8592,40.90088],[-73.8593,40.90049],[-73.85939,40.90038],[-73.86026,40.90062],[-73.86159,40.90105],[-73.8624,40.90134],[-73.86264,40.90147],[-73.86288,40.90154],[-73.86467,40.90179],[-73.86526,40.90195],[-73.86695,40.90248],[-73.86788,40.90298],[-73.87785,40.90592],[-73.87801,40.90597],[-73.87835,40.90598],[-73.87924,40.90637],[-73.88093,40.90683],[-73.88183,40.90713],[-73.88299,40.90742],[-73.88425,40.90751],[-73.88483,40.90772],[-73.8854,40.90798],[-73.88601,40.90798],[-73.89181,40.90978],[-73.8928,40.91006],[-73.89663,40.91132],[-73.89725,40.91166],[-73.89951,40.91198],[-73.90211,40.91288],[-73.91001,40.91508],[-73.91052,40.91528],[-73.91832,40.9177]]]}},{"type":"Feature","properties":{"std_name":"Eastchester town","std_geoid":"3611921820","pen":"politicians","std_note":null,"LSAD":"43","NAME":"Eastchester"},"geometry":{"type":"Polygon","coordinates":[[[-73.83866,40.94152],[-73.83852,40.94167],[-73.83799,40.94195],[-73.83778,40.94219],[-73.83764,40.94244],[-73.8375,40.94284],[-73.83746,40.94318],[-73.8375,40.94357],[-73.83739,40.9439],[-73.83709,40.94448],[-73.83708,40.94471],[-73.83687,40.94503],[-73.83662,40.94509],[-73.83642,40.94499],[-73.83611,40.9453],[-73.83557,40.94532],[-73.83529,40.94541],[-73.8347,40.94537],[-73.83453,40.94544],[-73.83373,40.94645],[-73.8336,40.94653],[-73.83349,40.94668],[-73.83344,40.9468],[-73.83379,40.94709],[-73.83392,40.94728],[-73.834,40.94752],[-73.83397,40.94766],[-73.83351,40.94809],[-73.83351,40.94849],[-73.83367,40.94863],[-73.83373,40.94881],[-73.8334,40.95045],[-73.83339,40.95114],[-73.83332,40.95138],[-73.83277,40.95188],[-73.83264,40.95216],[-73.83233,40.95214],[-73.83222,40.95205],[-73.83217,40.95187],[-73.83219,40.95181],[-73.83244,40.95166],[-73.83247,40.9516],[-73.8323,40.95142],[-73.83212,40.95132],[-73.83194,40.95133],[-73.83178,40.95141],[-73.8316,40.95156],[-73.83137,40.95182],[-73.83109,40.95181],[-73.83088,40.95175],[-73.83023,40.95119],[-73.82989,40.95098],[-73.82983,40.95099],[-73.82962,40.9511],[-73.82924,40.95139],[-73.82899,40.95257],[-73.82901,40.95333],[-73.82898,40.95365],[-73.82858,40.95452],[-73.82855,40.95473],[-73.82851,40.95481],[-73.82833,40.95491],[-73.828,40.95492],[-73.82761,40.95489],[-73.82733,40.95494],[-73.82713,40.95504],[-73.82684,40.95531],[-73.82622,40.9562],[-73.82608,40.95634],[-73.82567,40.95656],[-73.82537,40.95658],[-73.82473,40.95645],[-73.82452,40.95658],[-73.82425,40.9571],[-73.82357,40.95736],[-73.82251,40.95761],[-73.82208,40.95776],[-73.82165,40.95823],[-73.82147,40.95879],[-73.82176,40.95958],[-73.82192,40.96026],[-73.8214,40.96034],[-73.82108,40.9605],[-73.82102,40.96056],[-73.82095,40.9607],[-73.82102,40.96121],[-73.82138,40.96167],[-73.82123,40.96226],[-73.82108,40.96249],[-73.82068,40.96257],[-73.82047,40.96267],[-73.82001,40.9634],[-73.81965,40.96373],[-73.81954,40.96393],[-73.81917,40.96432],[-73.81915,40.96442],[-73.81923,40.96466],[-73.81924,40.9648],[-73.81919,40.96514],[-73.8189,40.96522],[-73.81854,40.96518],[-73.81825,40.96524],[-73.81805,40.9657],[-73.81804,40.9659],[-73.81847,40.96589],[-73.81835,40.96626],[-73.81812,40.96669],[-73.81792,40.96724],[-73.81758,40.9677],[-73.81762,40.9678],[-73.81774,40.96792],[-73.81778,40.96812],[-73.81758,40.96853],[-73.81731,40.96925],[-73.81714,40.96952],[-73.81616,40.9699],[-73.81605,40.97019],[-73.81624,40.97033],[-73.8162,40.97072],[-73.816,40.97119],[-73.81568,40.9715],[-73.81565,40.9716],[-73.8157,40.97216],[-73.81575,40.97234],[-73.81572,40.97263],[-73.81532,40.9727],[-73.81523,40.97287],[-73.8152,40.97315],[-73.81482,40.97371],[-73.81475,40.97387],[-73.81456,40.97514],[-73.81428,40.97556],[-73.81393,40.97597],[-73.81324,40.97659],[-73.81299,40.97717],[-73.81312,40.9773],[-73.81347,40.97754],[-73.8135,40.97766],[-73.81343,40.97819],[-73.81347,40.9784],[-73.81376,40.97901],[-73.8139,40.97967],[-73.81436,40.98043],[-73.81438,40.98076],[-73.81436,40.98132],[-73.81458,40.98209],[-73.815,40.98256],[-73.81486,40.98301],[-73.81484,40.98349],[-73.81479,40.98356],[-73.81397,40.98393],[-73.81353,40.98411],[-73.81297,40.98428],[-73.8128,40.98439],[-73.81246,40.98473],[-73.81217,40.98519],[-73.81196,40.98561],[-73.81193,40.98617],[-73.8111,40.98698],[-73.81069,40.98782],[-73.80973,40.9872],[-73.8083,40.98605],[-73.80623,40.9842],[-73.80577,40.98376],[-73.80507,40.98319],[-73.80482,40.98295],[-73.80461,40.98281],[-73.80411,40.98237],[-73.80366,40.98188],[-73.80296,40.9812],[-73.80258,40.9809],[-73.80121,40.97967],[-73.80059,40.97919],[-73.79834,40.97723],[-73.79677,40.9758],[-73.79672,40.97578],[-73.79651,40.9756],[-73.79323,40.97492],[-73.79352,40.97438],[-73.79366,40.97424],[-73.79371,40.97414],[-73.7939,40.97399],[-73.79388,40.97387],[-73.79395,40.97371],[-73.79407,40.9736],[-73.79394,40.97337],[-73.79395,40.97302],[-73.79385,40.97282],[-73.79353,40.97235],[-73.79343,40.97213],[-73.79333,40.97205],[-73.79302,40.97198],[-73.7928,40.97182],[-73.79277,40.97176],[-73.79257,40.97103],[-73.79252,40.97053],[-73.79239,40.96999],[-73.79242,40.96981],[-73.79259,40.96966],[-73.79246,40.96949],[-73.79252,40.96938],[-73.79277,40.96929],[-73.79293,40.96891],[-73.793,40.96881],[-73.79347,40.96856],[-73.79357,40.96847],[-73.79362,40.96831],[-73.79378,40.96803],[-73.79396,40.96784],[-73.79478,40.96728],[-73.79555,40.96663],[-73.79559,40.96673],[-73.7959,40.96646],[-73.79597,40.96625],[-73.79645,40.96591],[-73.79657,40.96571],[-73.79654,40.96542],[-73.79646,40.96518],[-73.79662,40.96491],[-73.79711,40.96451],[-73.7973,40.96421],[-73.79755,40.96372],[-73.79804,40.9631],[-73.79897,40.96209],[-73.79933,40.96157],[-73.79966,40.96096],[-73.79967,40.96076],[-73.79974,40.96057],[-73.80036,40.96024],[-73.80057,40.95922],[-73.80079,40.95842],[-73.80099,40.95815],[-73.80094,40.95804],[-73.80077,40.95795],[-73.80062,40.95772],[-73.79915,40.95731],[-73.79833,40.95704],[-73.79872,40.95631],[-73.79881,40.95603],[-73.79931,40.95509],[-73.79965,40.95472],[-73.7998,40.95415],[-73.7998,40.95381],[-73.79973,40.95347],[-73.7999,40.9532],[-73.79984,40.95302],[-73.79965,40.95293],[-73.79944,40.95275],[-73.79906,40.95214],[-73.79878,40.9519],[-73.79845,40.95152],[-73.79844,40.95124],[-73.79873,40.95103],[-73.79891,40.95081],[-73.79892,40.95074],[-73.7986,40.95075],[-73.79844,40.95066],[-73.79839,40.9506],[-73.79833,40.95035],[-73.79841,40.9502],[-73.79858,40.95003],[-73.79908,40.94909],[-73.79908,40.94851],[-73.79933,40.94815],[-73.79916,40.94803],[-73.79921,40.94786],[-73.79962,40.94722],[-73.79965,40.94703],[-73.79961,40.94689],[-73.79964,40.94651],[-73.7997,40.94624],[-73.79982,40.94604],[-73.80023,40.94568],[-73.80052,40.94494],[-73.80078,40.94462],[-73.8008,40.94451],[-73.80136,40.94418],[-73.80188,40.94426],[-73.80198,40.94377],[-73.80243,40.94333],[-73.80254,40.94318],[-73.80267,40.94296],[-73.8028,40.94239],[-73.8036,40.94111],[-73.80388,40.94023],[-73.80385,40.93965],[-73.80406,40.93935],[-73.80448,40.93908],[-73.80519,40.9388],[-73.80556,40.93841],[-73.80626,40.93699],[-73.80676,40.9362],[-73.807,40.93544],[-73.80692,40.93498],[-73.80676,40.93466],[-73.80652,40.93445],[-73.80583,40.9339],[-73.80466,40.93334],[-73.80419,40.93344],[-73.80405,40.93342],[-73.80398,40.93338],[-73.80391,40.93326],[-73.80382,40.93323],[-73.80355,40.93326],[-73.80327,40.93338],[-73.803,40.93332],[-73.80227,40.93327],[-73.80194,40.93336],[-73.80153,40.9329],[-73.80134,40.93279],[-73.80134,40.93273],[-73.80108,40.93271],[-73.80077,40.93275],[-73.80086,40.93203],[-73.80087,40.93164],[-73.80098,40.93052],[-73.80089,40.93032],[-73.80066,40.93013],[-73.801,40.93003],[-73.80139,40.93003],[-73.80165,40.92992],[-73.80178,40.92953],[-73.80196,40.92935],[-73.8033,40.92861],[-73.80365,40.9285],[-73.80395,40.92817],[-73.80438,40.92814],[-73.80453,40.92805],[-73.80502,40.92765],[-73.80513,40.92737],[-73.80513,40.92724],[-73.8054,40.92684],[-73.80642,40.92713],[-73.80658,40.9272],[-73.80675,40.92733],[-73.8089,40.92782],[-73.83064,40.93428],[-73.83431,40.93532],[-73.83452,40.93536],[-73.83463,40.93533],[-73.8347,40.9355],[-73.83465,40.93558],[-73.83478,40.93576],[-73.83533,40.93601],[-73.83601,40.93611],[-73.83701,40.93653],[-73.83746,40.93683],[-73.83768,40.93702],[-73.83782,40.9372],[-73.83789,40.93746],[-73.83782,40.93789],[-73.83771,40.93824],[-73.8377,40.93861],[-73.83796,40.93906],[-73.83806,40.93953],[-73.83815,40.93967],[-73.83817,40.94015],[-73.83822,40.94027],[-73.8386,40.94087],[-73.83866,40.94152]]]}},{"type":"Feature","properties":{"std_name":"Rye town","std_geoid":"3611964320","pen":"politicians","std_note":null,"LSAD":"43","NAME":"Rye"},"geometry":{"type":"MultiPolygon","coordinates":[[[[-73.70664,41.07342],[-73.70656,41.07374],[-73.7063,41.07407],[-73.70507,41.0725],[-73.69617,41.0616],[-73.69468,41.05979],[-73.69421,41.05933],[-73.69286,41.05771],[-73.69235,41.05714],[-73.68953,41.05352],[-73.68885,41.05254],[-73.68842,41.05202],[-73.68789,41.05153],[-73.68717,41.0507],[-73.68247,41.0447],[-73.68184,41.04397],[-73.67977,41.04194],[-73.67928,41.04138],[-73.67878,41.04073],[-73.67856,41.0404],[-73.67592,41.03731],[-73.67574,41.037],[-73.67452,41.03563],[-73.67107,41.03153],[-73.67061,41.03083],[-73.67038,41.03006],[-73.66977,41.0294],[-73.66917,41.0285],[-73.66467,41.023],[-73.66418,41.02229],[-73.6636,41.02166],[-73.66276,41.02057],[-73.65945,41.01765],[-73.65899,41.01718],[-73.65868,41.01671],[-73.65787,41.0158],[-73.65737,41.0151],[-73.6569,41.01452],[-73.65612,41.01313],[-73.65541,41.01244],[-73.65525,41.01225],[-73.65524,41.01185],[-73.65606,41.00892],[-73.65721,41.0064],[-73.65808,41.00475],[-73.65856,41.00402],[-73.65969,41.00151],[-73.66013,41.00068],[-73.66027,41.00048],[-73.66021,41.00036],[-73.65931,40.99717],[-73.65949,40.99553],[-73.65965,40.99445],[-73.65959,40.99414],[-73.65911,40.99334],[-73.65797,40.992],[-73.65723,40.99091],[-73.65863,40.98926],[-73.65891,40.98899],[-73.65967,40.98791],[-73.65762,40.9855],[-73.66217,40.9865],[-73.66297,40.9867],[-73.66302,40.98661],[-73.66983,40.98912],[-73.67108,40.98937],[-73.67242,40.99008],[-73.67966,40.99283],[-73.67953,40.99467],[-73.68002,40.99481],[-73.68382,40.9955],[-73.68358,40.99594],[-73.68308,40.99671],[-73.68256,40.99729],[-73.68233,40.99761],[-73.68499,40.99786],[-73.68505,40.99817],[-73.68505,40.9989],[-73.68521,40.99923],[-73.68525,40.9994],[-73.68507,40.99954],[-73.68476,40.99956],[-73.68469,40.99964],[-73.68464,40.99989],[-73.6847,41.00027],[-73.68469,41.00139],[-73.68476,41.0016],[-73.6848,41.00188],[-73.68493,41.00197],[-73.68497,41.00209],[-73.68505,41.00219],[-73.68532,41.00225],[-73.68553,41.00243],[-73.68558,41.00255],[-73.68604,41.00279],[-73.68629,41.00284],[-73.6863,41.00321],[-73.68636,41.00339],[-73.68716,41.0036],[-73.68778,41.00353],[-73.68792,41.00344],[-73.68806,41.00321],[-73.68858,41.00284],[-73.68885,41.0027],[-73.68897,41.0027],[-73.68967,41.00305],[-73.68975,41.00313],[-73.68991,41.0031],[-73.69002,41.00315],[-73.69033,41.00322],[-73.691,41.00367],[-73.69252,41.00449],[-73.69254,41.00455],[-73.69254,41.00487],[-73.69248,41.00594],[-73.69243,41.00635],[-73.69223,41.00684],[-73.69222,41.00699],[-73.69234,41.00704],[-73.69266,41.00702],[-73.69293,41.00715],[-73.69349,41.00795],[-73.69386,41.00837],[-73.69484,41.0103],[-73.69499,41.0112],[-73.69481,41.01137],[-73.69437,41.01158],[-73.69396,41.01194],[-73.69359,41.01275],[-73.69377,41.0131],[-73.69371,41.01327],[-73.69347,41.01352],[-73.69283,41.01431],[-73.69252,41.01497],[-73.69233,41.01557],[-73.69212,41.01582],[-73.69209,41.01611],[-73.69222,41.01643],[-73.69245,41.01685],[-73.69253,41.01694],[-73.69271,41.0169],[-73.69278,41.01699],[-73.69279,41.01708],[-73.69272,41.01726],[-73.69273,41.01733],[-73.69325,41.01767],[-73.69373,41.01812],[-73.69401,41.01824],[-73.69429,41.01827],[-73.69538,41.01808],[-73.69541,41.0181],[-73.69557,41.0183],[-73.69574,41.01871],[-73.69574,41.01883],[-73.69582,41.01908],[-73.69582,41.01932],[-73.69572,41.01944],[-73.69565,41.01947],[-73.69508,41.01957],[-73.69494,41.01962],[-73.69469,41.01985],[-73.69444,41.02016],[-73.69428,41.02029],[-73.69381,41.02098],[-73.69437,41.0214],[-73.6945,41.02161],[-73.69482,41.02223],[-73.69484,41.02232],[-73.6947,41.02256],[-73.69457,41.02264],[-73.69442,41.02278],[-73.69414,41.02319],[-73.69398,41.02336],[-73.69329,41.02387],[-73.69301,41.02441],[-73.69291,41.0245],[-73.69236,41.0248],[-73.69222,41.02492],[-73.69217,41.02518],[-73.69177,41.02575],[-73.69165,41.02608],[-73.69159,41.02615],[-73.6912,41.02623],[-73.6901,41.02627],[-73.68989,41.02645],[-73.68929,41.02686],[-73.68924,41.02695],[-73.68915,41.02806],[-73.6891,41.02813],[-73.68892,41.02825],[-73.68889,41.0288],[-73.68916,41.02926],[-73.68921,41.0295],[-73.68915,41.02979],[-73.68921,41.02998],[-73.68915,41.03006],[-73.6891,41.03071],[-73.68914,41.03085],[-73.68918,41.03145],[-73.68905,41.03161],[-73.68917,41.03227],[-73.6892,41.03278],[-73.68929,41.03291],[-73.68937,41.03317],[-73.6894,41.03352],[-73.68936,41.03401],[-73.68925,41.03423],[-73.68925,41.03441],[-73.68992,41.03495],[-73.69009,41.03543],[-73.68975,41.03544],[-73.6895,41.03575],[-73.68968,41.03606],[-73.68993,41.03602],[-73.68997,41.03619],[-73.68995,41.03664],[-73.6897,41.03676],[-73.68982,41.03708],[-73.68994,41.03724],[-73.68976,41.03743],[-73.68965,41.03799],[-73.68972,41.03823],[-73.69005,41.03884],[-73.69008,41.03898],[-73.69008,41.0391],[-73.69001,41.03917],[-73.68998,41.0395],[-73.69007,41.03963],[-73.69038,41.0399],[-73.69055,41.04013],[-73.69091,41.04051],[-73.69075,41.04076],[-73.69075,41.04087],[-73.69087,41.041],[-73.69115,41.04108],[-73.69127,41.04117],[-73.69137,41.0413],[-73.69172,41.04144],[-73.6919,41.0416],[-73.69187,41.04174],[-73.69174,41.04191],[-73.69174,41.04223],[-73.69166,41.04229],[-73.69156,41.0423],[-73.69147,41.04246],[-73.69136,41.04255],[-73.69156,41.04284],[-73.6915,41.04286],[-73.69143,41.04302],[-73.69162,41.04327],[-73.69159,41.04347],[-73.69171,41.04364],[-73.69169,41.04373],[-73.69162,41.04381],[-73.6916,41.04391],[-73.69168,41.04403],[-73.69183,41.04415],[-73.69182,41.04428],[-73.69192,41.04435],[-73.69195,41.04441],[-73.69232,41.04466],[-73.69262,41.04468],[-73.69284,41.04477],[-73.6929,41.04485],[-73.69289,41.04498],[-73.69267,41.04516],[-73.69257,41.0461],[-73.69247,41.04623],[-73.69247,41.04632],[-73.69253,41.04639],[-73.69285,41.0464],[-73.69299,41.04648],[-73.69343,41.04659],[-73.69359,41.04667],[-73.69378,41.04688],[-73.69389,41.04709],[-73.69394,41.04728],[-73.69393,41.04766],[-73.69397,41.04779],[-73.69405,41.04783],[-73.6943,41.04782],[-73.69452,41.04788],[-73.6948,41.04827],[-73.69496,41.04858],[-73.69503,41.0488],[-73.69524,41.04879],[-73.69548,41.04893],[-73.69571,41.04913],[-73.69577,41.04915],[-73.69585,41.04927],[-73.69607,41.04932],[-73.69608,41.04937],[-73.69603,41.04945],[-73.69611,41.0496],[-73.69607,41.04966],[-73.69606,41.04975],[-73.6959,41.04987],[-73.6959,41.04993],[-73.69593,41.04999],[-73.69602,41.05003],[-73.69608,41.05013],[-73.69621,41.05022],[-73.69638,41.05027],[-73.69643,41.05045],[-73.69666,41.05047],[-73.6967,41.05058],[-73.69678,41.05062],[-73.69678,41.05067],[-73.69668,41.05076],[-73.69662,41.05087],[-73.69671,41.05119],[-73.69678,41.05125],[-73.69698,41.05129],[-73.69712,41.05136],[-73.69724,41.05124],[-73.6974,41.05126],[-73.69749,41.05136],[-73.69748,41.05153],[-73.69762,41.05171],[-73.69768,41.05173],[-73.69773,41.05178],[-73.69772,41.05185],[-73.69748,41.05206],[-73.69747,41.05219],[-73.69759,41.05237],[-73.69759,41.05256],[-73.69762,41.05262],[-73.69761,41.05276],[-73.69767,41.0528],[-73.69788,41.05282],[-73.69795,41.05294],[-73.69787,41.05312],[-73.69793,41.05327],[-73.69791,41.05341],[-73.69783,41.0535],[-73.69785,41.05366],[-73.69779,41.05387],[-73.69801,41.05408],[-73.69804,41.05423],[-73.69814,41.05439],[-73.69819,41.05452],[-73.69827,41.05456],[-73.69849,41.05454],[-73.69867,41.05456],[-73.69908,41.05469],[-73.69939,41.05474],[-73.6998,41.0549],[-73.70001,41.05488],[-73.70016,41.05476],[-73.70022,41.05475],[-73.70023,41.05481],[-73.70014,41.05511],[-73.70016,41.05513],[-73.7009,41.05483],[-73.70119,41.05476],[-73.70163,41.05479],[-73.70233,41.05509],[-73.70273,41.05502],[-73.70275,41.05498],[-73.70269,41.05484],[-73.70275,41.0548],[-73.70307,41.05472],[-73.70322,41.05471],[-73.7035,41.05477],[-73.70364,41.05486],[-73.70389,41.05518],[-73.70414,41.05539],[-73.70451,41.05577],[-73.70456,41.05585],[-73.70456,41.05611],[-73.70464,41.05625],[-73.70492,41.05636],[-73.70495,41.05641],[-73.70518,41.05706],[-73.70561,41.05727],[-73.70583,41.0572],[-73.70599,41.05737],[-73.70598,41.05763],[-73.70611,41.05786],[-73.7061,41.05794],[-73.70601,41.05802],[-73.70603,41.05811],[-73.70598,41.05836],[-73.70579,41.05852],[-73.70576,41.05877],[-73.70553,41.05894],[-73.70536,41.05947],[-73.70542,41.05984],[-73.70555,41.05992],[-73.70561,41.06001],[-73.70564,41.06016],[-73.7056,41.06031],[-73.70548,41.06052],[-73.70503,41.0606],[-73.70502,41.06074],[-73.70498,41.06084],[-73.70475,41.06107],[-73.70482,41.06133],[-73.7049,41.06142],[-73.705,41.06148],[-73.70504,41.06158],[-73.70513,41.06166],[-73.70507,41.06188],[-73.70515,41.06214],[-73.70515,41.06228],[-73.70569,41.06303],[-73.70576,41.06322],[-73.70575,41.0634],[-73.7056,41.0635],[-73.7055,41.06361],[-73.70504,41.06388],[-73.70498,41.06403],[-73.70482,41.06416],[-73.70484,41.0643],[-73.70473,41.0644],[-73.7045,41.06454],[-73.70411,41.0647],[-73.70405,41.06477],[-73.70406,41.06487],[-73.70395,41.06495],[-73.70387,41.06514],[-73.70491,41.06633],[-73.70515,41.06664],[-73.70514,41.06672],[-73.7052,41.0668],[-73.70526,41.06728],[-73.70522,41.06777],[-73.70523,41.06923],[-73.70559,41.07065],[-73.70568,41.07082],[-73.7057,41.07111],[-73.70637,41.07254],[-73.7066,41.07295],[-73.70664,41.07312],[-73.70664,41.07342]]],[[[-73.73678,40.95574],[-73.7367,40.956],[-73.7364,40.95653],[-73.73634,40.9567],[-73.73634,40.95692],[-73.73628,40.95705],[-73.73589,40.95751],[-73.73552,40.95782],[-73.73511,40.95835],[-73.73498,40.95859],[-73.7349,40.95887],[-73.73492,40.95932],[-73.73526,40.95965],[-73.73548,40.96017],[-73.73546,40.96042],[-73.73527,40.9607],[-73.73464,40.96128],[-73.73412,40.96193],[-73.73336,40.96234],[-73.73307,40.9626],[-73.73198,40.96317],[-73.73055,40.9637],[-73.73032,40.96382],[-73.73023,40.96393],[-73.73024,40.96411],[-73.72363,40.96177],[-73.71577,40.95915],[-73.71437,40.94942],[-73.71426,40.94897],[-73.71429,40.94895],[-73.71418,40.94844],[-73.71417,40.94838],[-73.7142,40.94836],[-73.714,40.94697],[-73.71392,40.94696],[-73.71368,40.94598],[-73.71379,40.94595],[-73.71386,40.94601],[-73.71379,40.94553],[-73.71364,40.9446],[-73.71353,40.94454],[-73.71352,40.94449],[-73.71177,40.9331],[-73.71687,40.9377],[-73.72167,40.9399],[-73.72607,40.9412],[-73.72688,40.9421],[-73.7277,40.94406],[-73.72807,40.94467],[-73.72815,40.94492],[-73.73218,40.94756],[-73.73223,40.94781],[-73.73237,40.94801],[-73.73256,40.94817],[-73.7326,40.94826],[-73.73265,40.94839],[-73.73264,40.9486],[-73.7326,40.94912],[-73.73251,40.94923],[-73.7319,40.94978],[-73.73185,40.94999],[-73.73208,40.9505],[-73.73255,40.95119],[-73.73261,40.95121],[-73.73288,40.95147],[-73.73301,40.95151],[-73.73367,40.95158],[-73.73408,40.95167],[-73.73439,40.95181],[-73.7345,40.95192],[-73.73454,40.95204],[-73.73432,40.9528],[-73.73433,40.953],[-73.7344,40.9533],[-73.73443,40.95386],[-73.73477,40.95463],[-73.7351,40.95494],[-73.73523,40.95495],[-73.73555,40.95482],[-73.73572,40.95481],[-73.73662,40.95495],[-73.73678,40.95558],[-73.73678,40.95574]]]]}},{"type":"Feature","properties":{"std_name":"Queens borough","std_geoid":"3608160323","pen":"politicians","std_note":null,"LSAD":"21","NAME":"Queens"},"geometry":{"type":"Polygon","coordinates":[[[-74.03813,40.53829],[-74.03629,40.55104],[-73.99709,40.55728],[-73.95928,40.56308],[-73.95167,40.56431],[-73.9507,40.56443],[-73.945,40.56531],[-73.93489,40.56665],[-73.93336,40.56693],[-73.92807,40.56779],[-73.90491,40.57141],[-73.90387,40.57162],[-73.89052,40.5727],[-73.88507,40.57375],[-73.87922,40.57466],[-73.87142,40.57854],[-73.86923,40.57934],[-73.86561,40.5812],[-73.85352,40.58659],[-73.84985,40.58867],[-73.84739,40.59203],[-73.84668,40.59321],[-73.84444,40.59586],[-73.84202,40.59831],[-73.83588,40.60564],[-73.83446,40.60719],[-73.83428,40.60919],[-73.83405,40.61346],[-73.83339,40.62767],[-73.83304,40.62826],[-73.83538,40.63032],[-73.83624,40.63111],[-73.83765,40.63284],[-73.84834,40.64352],[-73.85494,40.64265],[-73.85615,40.6492],[-73.85665,40.65013],[-73.85696,40.65058],[-73.85898,40.65268],[-73.85976,40.6541],[-73.86048,40.65466],[-73.86096,40.65518],[-73.86219,40.65683],[-73.86244,40.65726],[-73.86317,40.65828],[-73.86151,40.65905],[-73.86036,40.65965],[-73.85851,40.6599],[-73.85761,40.66012],[-73.85843,40.66345],[-73.85568,40.66387],[-73.85643,40.66703],[-73.85763,40.67166],[-73.86039,40.67127],[-73.86108,40.67402],[-73.86106,40.67434],[-73.86132,40.67502],[-73.86235,40.67916],[-73.86328,40.67907],[-73.8641,40.68237],[-73.86499,40.68213],[-73.86603,40.68192],[-73.86629,40.68319],[-73.8665,40.68447],[-73.8666,40.68527],[-73.86746,40.68841],[-73.86806,40.69118],[-73.86868,40.69385],[-73.86872,40.69462],[-73.86892,40.69515],[-73.87402,40.69419],[-73.87946,40.69123],[-73.88378,40.68786],[-73.88452,40.68669],[-73.88808,40.68529],[-73.88909,40.68464],[-73.88961,40.68421],[-73.89014,40.685],[-73.89166,40.68404],[-73.89252,40.68342],[-73.8942,40.68531],[-73.89529,40.68417],[-73.89612,40.68314],[-73.89633,40.68283],[-73.89652,40.6824],[-73.90116,40.68788],[-73.90042,40.68818],[-73.9018,40.69077],[-73.90124,40.69144],[-73.90159,40.69163],[-73.90207,40.692],[-73.9058,40.69413],[-73.90491,40.69507],[-73.9048,40.69515],[-73.90426,40.6957],[-73.91014,40.69903],[-73.91181,40.69994],[-73.91068,40.70105],[-73.9129,40.70236],[-73.91181,40.70343],[-73.92189,40.7094],[-73.92074,40.71053],[-73.92122,40.71079],[-73.92155,40.71104],[-73.92169,40.71189],[-73.92223,40.71285],[-73.92314,40.7134],[-73.92404,40.71401],[-73.92433,40.71557],[-73.92274,40.71616],[-73.92271,40.71648],[-73.92428,40.71854],[-73.92418,40.72002],[-73.92534,40.72164],[-73.92654,40.72407],[-73.92723,40.72533],[-73.9278,40.72649],[-73.92909,40.72771],[-73.92921,40.72778],[-73.93183,40.72848],[-73.93443,40.72882],[-73.93752,40.72982],[-73.93966,40.73149],[-73.94037,40.73277],[-73.94032,40.7332],[-73.94216,40.73568],[-73.94683,40.73744],[-73.95254,40.73923],[-73.95391,40.73942],[-73.95509,40.7394],[-73.95706,40.73917],[-73.96248,40.7368],[-73.96262,40.73903],[-73.96243,40.73967],[-73.96191,40.741],[-73.9618,40.74113],[-73.96138,40.7428],[-73.96118,40.743],[-73.96083,40.74364],[-73.96027,40.74443],[-73.95919,40.74603],[-73.95871,40.74663],[-73.95684,40.74883],[-73.95617,40.74967],[-73.9562,40.74969],[-73.95612,40.74976],[-73.95606,40.74976],[-73.95432,40.75126],[-73.95394,40.75175],[-73.95399,40.75179],[-73.95368,40.75205],[-73.95364,40.75204],[-73.95297,40.75275],[-73.95301,40.75277],[-73.95266,40.75311],[-73.95217,40.7537],[-73.95208,40.75376],[-73.95137,40.75452],[-73.95102,40.75509],[-73.95088,40.75517],[-73.94596,40.76129],[-73.94581,40.76145],[-73.94571,40.76149],[-73.94472,40.76288],[-73.9435,40.7645],[-73.94131,40.76692],[-73.94046,40.76753],[-73.94035,40.76765],[-73.93984,40.76799],[-73.9382,40.76873],[-73.9364,40.76947],[-73.93532,40.77049],[-73.93496,40.77173],[-73.93747,40.7725],[-73.93781,40.77356],[-73.93786,40.77409],[-73.93766,40.77509],[-73.93705,40.77587],[-73.93638,40.77692],[-73.93609,40.77718],[-73.93586,40.77721],[-73.93508,40.77794],[-73.93474,40.77808],[-73.93391,40.77812],[-73.93278,40.77792],[-73.93272,40.77804],[-73.93179,40.77787],[-73.93105,40.77744],[-73.93107,40.77726],[-73.93063,40.77659],[-73.92988,40.77622],[-73.92861,40.77659],[-73.92828,40.7769],[-73.92632,40.77824],[-73.92557,40.77846],[-73.92482,40.77876],[-73.92423,40.7791],[-73.92319,40.78025],[-73.92296,40.78044],[-73.92263,40.78057],[-73.9221,40.78085],[-73.91909,40.78337],[-73.91819,40.78393],[-73.91774,40.78408],[-73.91724,40.78414],[-73.91717,40.78419],[-73.91718,40.78455],[-73.91683,40.78519],[-73.91575,40.78611],[-73.9154,40.78606],[-73.91526,40.78619],[-73.91559,40.78643],[-73.91424,40.78786],[-73.9126,40.78938],[-73.91223,40.78918],[-73.91207,40.78934],[-73.91195,40.7894],[-73.91208,40.78952],[-73.91177,40.78972],[-73.91162,40.78959],[-73.91125,40.78974],[-73.91113,40.79011],[-73.9103,40.79066],[-73.91067,40.79312],[-73.91246,40.7961],[-73.89987,40.79245],[-73.89218,40.79039],[-73.89197,40.79024],[-73.89177,40.79022],[-73.89161,40.79016],[-73.89141,40.79019],[-73.89116,40.79017],[-73.89092,40.79023],[-73.8908,40.79021],[-73.89057,40.79011],[-73.8903,40.78988],[-73.89013,40.78964],[-73.88989,40.78901],[-73.8898,40.78865],[-73.8894,40.78779],[-73.88905,40.78737],[-73.88856,40.78716],[-73.88831,40.78701],[-73.8877,40.78687],[-73.88728,40.78681],[-73.88715,40.78683],[-73.88692,40.78673],[-73.88613,40.78671],[-73.88596,40.78675],[-73.88577,40.78668],[-73.8853,40.78668],[-73.88522,40.78663],[-73.87831,40.78536],[-73.87776,40.78558],[-73.87737,40.78569],[-73.87677,40.78581],[-73.87629,40.78586],[-73.87508,40.78587],[-73.87351,40.78572],[-73.87298,40.78589],[-73.87288,40.78596],[-73.87281,40.7859],[-73.87277,40.78594],[-73.87287,40.78598],[-73.87279,40.78608],[-73.87226,40.78642],[-73.87211,40.78647],[-73.87163,40.7868],[-73.87148,40.78704],[-73.87137,40.78727],[-73.87081,40.7879],[-73.87079,40.78803],[-73.87095,40.78847],[-73.87098,40.78888],[-73.87095,40.78895],[-73.87097,40.78906],[-73.87021,40.79091],[-73.86712,40.79374],[-73.86297,40.79767],[-73.85307,40.80011],[-73.84665,40.80102],[-73.84408,40.80102],[-73.83541,40.8022],[-73.83082,40.80306],[-73.83023,40.80327],[-73.82758,40.80394],[-73.82344,40.80481],[-73.81742,40.80579],[-73.8113,40.8054],[-73.80454,40.80355],[-73.79975,40.8022],[-73.79713,40.80141],[-73.79356,40.80038],[-73.79002,40.80023],[-73.78792,40.80036],[-73.78732,40.80085],[-73.78475,40.80259],[-73.78268,40.80539],[-73.77956,40.81125],[-73.77896,40.81171],[-73.76371,40.7938],[-73.7571,40.78969],[-73.75082,40.78289],[-73.75029,40.78248],[-73.74637,40.78012],[-73.74421,40.77871],[-73.74342,40.77822],[-73.74153,40.77711],[-73.74076,40.77669],[-73.74008,40.77621],[-73.73938,40.77601],[-73.73933,40.77596],[-73.73954,40.77581],[-73.73943,40.77582],[-73.73781,40.77481],[-73.73762,40.77474],[-73.73635,40.77391],[-73.72952,40.76973],[-73.72605,40.76753],[-73.7251,40.76699],[-73.72058,40.7642],[-73.71607,40.76146],[-73.7135,40.75983],[-73.71245,40.75924],[-73.70782,40.75622],[-73.70527,40.75477],[-73.70274,40.75325],[-73.70163,40.75249],[-73.70154,40.75192],[-73.70143,40.75066],[-73.70077,40.74501],[-73.70036,40.74103],[-73.70017,40.73954],[-73.70794,40.72777],[-73.7105,40.72723],[-73.71649,40.72645],[-73.71753,40.72624],[-73.71999,40.7256],[-73.72553,40.72408],[-73.72603,40.72391],[-73.72923,40.7227],[-73.7295,40.72259],[-73.73033,40.72216],[-73.72918,40.71917],[-73.72732,40.71222],[-73.72697,40.71072],[-73.7269,40.70998],[-73.72705,40.7095],[-73.72673,40.70215],[-73.72678,40.70199],[-73.72665,40.70111],[-73.72654,40.69898],[-73.7265,40.69689],[-73.7262,40.68898],[-73.72591,40.68608],[-73.7258,40.68435],[-73.72591,40.68266],[-73.72563,40.67959],[-73.7262,40.67738],[-73.72654,40.67649],[-73.72744,40.67443],[-73.72756,40.6741],[-73.72753,40.67387],[-73.72791,40.67084],[-73.72794,40.67081],[-73.72794,40.67055],[-73.72826,40.66807],[-73.72822,40.66731],[-73.72827,40.66644],[-73.72822,40.66596],[-73.72784,40.66505],[-73.72776,40.66398],[-73.72781,40.66322],[-73.72808,40.66307],[-73.72833,40.66304],[-73.72793,40.66175],[-73.72721,40.66042],[-73.72644,40.65916],[-73.72593,40.65773],[-73.72534,40.65532],[-73.72479,40.654],[-73.72487,40.65345],[-73.72482,40.65302],[-73.72498,40.65268],[-73.72505,40.65234],[-73.72525,40.65219],[-73.72643,40.65179],[-73.72667,40.65169],[-73.72687,40.65154],[-73.73,40.65048],[-73.73105,40.65023],[-73.73143,40.65017],[-73.73513,40.64973],[-73.73905,40.6482],[-73.74144,40.64689],[-73.74144,40.64609],[-73.74166,40.6422],[-73.74205,40.64147],[-73.74143,40.6405],[-73.74228,40.64012],[-73.74126,40.63891],[-73.73947,40.63571],[-73.73996,40.63514],[-73.74168,40.63484],[-73.74224,40.63485],[-73.74265,40.63504],[-73.74267,40.63541],[-73.74258,40.63565],[-73.74208,40.63638],[-73.74127,40.63726],[-73.74119,40.63741],[-73.7412,40.63759],[-73.7415,40.63785],[-73.74236,40.63809],[-73.7433,40.63805],[-73.74418,40.63736],[-73.74602,40.63521],[-73.748,40.63463],[-73.76743,40.62661],[-73.76776,40.62611],[-73.76778,40.62591],[-73.76815,40.62545],[-73.76825,40.6254],[-73.76833,40.6251],[-73.7686,40.62473],[-73.76865,40.62447],[-73.76878,40.62429],[-73.76878,40.6242],[-73.76883,40.6241],[-73.76881,40.62403],[-73.76884,40.62395],[-73.76867,40.62359],[-73.76855,40.62315],[-73.76757,40.62148],[-73.76672,40.615],[-73.76524,40.61494],[-73.76208,40.61273],[-73.76002,40.61135],[-73.75723,40.61099],[-73.7552,40.61059],[-73.75473,40.61041],[-73.75346,40.61052],[-73.75009,40.61164],[-73.74912,40.61179],[-73.74822,40.61201],[-73.74799,40.61231],[-73.7475,40.61189],[-73.74712,40.61204],[-73.74694,40.61178],[-73.74675,40.6114],[-73.74553,40.61187],[-73.74306,40.608],[-73.74315,40.60796],[-73.74307,40.60789],[-73.7432,40.60771],[-73.74355,40.60745],[-73.74317,40.60718],[-73.74177,40.60602],[-73.74115,40.60546],[-73.74029,40.6046],[-73.73946,40.60424],[-73.73923,40.60403],[-73.73852,40.60313],[-73.73846,40.60284],[-73.73826,40.60256],[-73.73844,40.59781],[-73.73846,40.59587],[-73.73808,40.59459],[-73.73764,40.59441],[-73.73741,40.59343],[-73.73718,40.59296],[-73.74324,40.59284],[-73.74447,40.5929],[-73.74775,40.5915],[-73.75212,40.58818],[-73.7555,40.58539],[-73.7557,40.57869],[-73.75826,40.55536],[-73.76223,40.5502],[-73.76493,40.5444],[-73.76763,40.53715],[-73.76878,40.53375],[-73.78397,40.53239],[-73.82616,40.52287],[-73.85484,40.512],[-73.87003,40.50249],[-73.87678,40.50113],[-73.88227,40.49521],[-73.88665,40.48979],[-73.88965,40.48651],[-73.90214,40.49212],[-73.97787,40.5191],[-74.04228,40.50809],[-74.03813,40.53829]]]}},{"type":"Feature","properties":{"std_name":"Mamaroneck town","std_geoid":"3611944842","pen":"politicians","std_note":null,"LSAD":"43","NAME":"Mamaroneck"},"geometry":{"type":"Polygon","coordinates":[[[-73.7727,40.95508],[-73.76879,40.95867],[-73.76819,40.95924],[-73.76809,40.95941],[-73.76776,40.95973],[-73.76482,40.96227],[-73.76452,40.9624],[-73.7635,40.96296],[-73.76401,40.96336],[-73.76086,40.96641],[-73.75843,40.96853],[-73.7561,40.97065],[-73.75414,40.97224],[-73.75393,40.97232],[-73.74452,40.98106],[-73.74431,40.98074],[-73.7444,40.9806],[-73.74457,40.98048],[-73.74464,40.98035],[-73.74462,40.98024],[-73.74459,40.98016],[-73.74439,40.98006],[-73.74432,40.97997],[-73.74425,40.97959],[-73.74428,40.97917],[-73.74411,40.9789],[-73.7438,40.97863],[-73.74376,40.97854],[-73.74386,40.97828],[-73.74406,40.97813],[-73.74414,40.97802],[-73.74406,40.9778],[-73.74375,40.97733],[-73.7437,40.97716],[-73.74372,40.97695],[-73.74387,40.9767],[-73.74381,40.9765],[-73.74359,40.97602],[-73.74344,40.9755],[-73.74341,40.97516],[-73.74348,40.97444],[-73.74345,40.97414],[-73.74351,40.97235],[-73.74338,40.97207],[-73.74392,40.9716],[-73.74401,40.97141],[-73.74402,40.9713],[-73.74396,40.97116],[-73.74371,40.97093],[-73.74349,40.97068],[-73.74305,40.97001],[-73.74314,40.96975],[-73.74347,40.96941],[-73.74358,40.96922],[-73.74356,40.96889],[-73.74309,40.9687],[-73.7428,40.96872],[-73.74238,40.9687],[-73.7423,40.96873],[-73.74225,40.96884],[-73.74232,40.96916],[-73.7423,40.96924],[-73.7422,40.96926],[-73.74211,40.96921],[-73.74188,40.96875],[-73.74179,40.96849],[-73.74179,40.96821],[-73.74173,40.96814],[-73.74162,40.96813],[-73.74087,40.96832],[-73.74045,40.96813],[-73.7398,40.96789],[-73.73925,40.96792],[-73.73874,40.96809],[-73.73848,40.96833],[-73.73834,40.96872],[-73.73795,40.96878],[-73.73762,40.96867],[-73.73744,40.9687],[-73.73687,40.96899],[-73.73662,40.96916],[-73.73651,40.96929],[-73.7363,40.9693],[-73.73616,40.9692],[-73.73606,40.96879],[-73.73589,40.96865],[-73.73569,40.9686],[-73.73528,40.96862],[-73.73494,40.9686],[-73.73476,40.96853],[-73.73456,40.9683],[-73.73402,40.96834],[-73.73225,40.96823],[-73.7318,40.96801],[-73.7316,40.96799],[-73.73128,40.96789],[-73.73114,40.96779],[-73.73105,40.96757],[-73.73089,40.96738],[-73.7308,40.96732],[-73.73086,40.96705],[-73.731,40.96669],[-73.73102,40.96655],[-73.73099,40.96649],[-73.73066,40.96625],[-73.73061,40.96606],[-73.73066,40.96567],[-73.73051,40.96498],[-73.73024,40.9641],[-73.73023,40.96393],[-73.73032,40.96382],[-73.73055,40.9637],[-73.73198,40.96317],[-73.73307,40.9626],[-73.73336,40.96234],[-73.73412,40.96193],[-73.73464,40.96128],[-73.73527,40.9607],[-73.73546,40.96042],[-73.73548,40.96017],[-73.73526,40.95965],[-73.73492,40.95932],[-73.7349,40.95887],[-73.73498,40.95859],[-73.73511,40.95835],[-73.73552,40.95782],[-73.73589,40.95751],[-73.73628,40.95705],[-73.73634,40.95692],[-73.73634,40.9567],[-73.7364,40.95653],[-73.7367,40.956],[-73.73678,40.95574],[-73.73678,40.95558],[-73.73662,40.95495],[-73.73572,40.95481],[-73.73555,40.95482],[-73.73523,40.95495],[-73.7351,40.95494],[-73.73477,40.95463],[-73.73443,40.95386],[-73.7344,40.9533],[-73.73433,40.953],[-73.73432,40.9528],[-73.73454,40.95204],[-73.7345,40.95192],[-73.73439,40.95181],[-73.73408,40.95167],[-73.73367,40.95158],[-73.73301,40.95151],[-73.73288,40.95147],[-73.73261,40.95121],[-73.73255,40.95119],[-73.73208,40.9505],[-73.73185,40.94999],[-73.7319,40.94978],[-73.73251,40.94923],[-73.7326,40.94912],[-73.73264,40.9486],[-73.73265,40.94839],[-73.7326,40.94826],[-73.73256,40.94817],[-73.73237,40.94801],[-73.73223,40.94781],[-73.73218,40.94756],[-73.72815,40.94492],[-73.72807,40.94467],[-73.7277,40.94406],[-73.72688,40.9421],[-73.72607,40.9412],[-73.72167,40.9399],[-73.71687,40.9377],[-73.71177,40.9331],[-73.71047,40.9245],[-73.70957,40.91477],[-73.70967,40.89417],[-73.7406,40.8762],[-73.74958,40.88623],[-73.75508,40.8933],[-73.75968,40.901],[-73.76138,40.9052],[-73.76188,40.9072],[-73.76168,40.9084],[-73.76128,40.9097],[-73.75963,40.91203],[-73.75628,40.91602],[-73.75577,40.91615],[-73.75521,40.91639],[-73.75497,40.91654],[-73.75485,40.91673],[-73.7548,40.91697],[-73.75489,40.91714],[-73.75512,40.91728],[-73.75519,40.91755],[-73.75549,40.91777],[-73.7555,40.91787],[-73.7555,40.918],[-73.75539,40.91813],[-73.75543,40.91819],[-73.75539,40.91841],[-73.75517,40.91897],[-73.7566,40.91921],[-73.75812,40.9194],[-73.76105,40.91968],[-73.76255,40.91997],[-73.76479,40.9203],[-73.76683,40.92924],[-73.767,40.92972],[-73.7672,40.93068],[-73.76726,40.9312],[-73.76732,40.93136],[-73.76813,40.93489],[-73.7685,40.93661],[-73.76802,40.93681],[-73.7682,40.9376],[-73.76855,40.93944],[-73.76882,40.94067],[-73.76902,40.94191],[-73.76964,40.94497],[-73.77007,40.94524],[-73.7701,40.94552],[-73.77026,40.94557],[-73.7705,40.94521],[-73.77101,40.94736],[-73.77224,40.95307],[-73.7727,40.95508]]]}},{"type":"Feature","properties":{"std_name":"Bronx borough","std_geoid":"3600508510","pen":"politicians","std_note":null,"LSAD":"21","NAME":"Bronx"},"geometry":{"type":"Polygon","coordinates":[[[-73.93381,40.88221],[-73.92982,40.88868],[-73.92724,40.8952],[-73.92655,40.89688],[-73.92495,40.90102],[-73.92384,40.90367],[-73.92247,40.90724],[-73.91832,40.9177],[-73.91052,40.91528],[-73.91001,40.91508],[-73.90211,40.91288],[-73.89951,40.91198],[-73.89725,40.91166],[-73.89663,40.91132],[-73.8928,40.91006],[-73.89181,40.90978],[-73.88601,40.90798],[-73.8854,40.90798],[-73.88483,40.90772],[-73.88425,40.90751],[-73.88299,40.90742],[-73.88183,40.90713],[-73.88093,40.90683],[-73.87924,40.90637],[-73.87835,40.90598],[-73.87801,40.90597],[-73.87785,40.90592],[-73.86788,40.90298],[-73.86695,40.90248],[-73.86526,40.90195],[-73.86467,40.90179],[-73.86288,40.90154],[-73.86264,40.90147],[-73.8624,40.90134],[-73.86159,40.90105],[-73.86026,40.90062],[-73.85939,40.90038],[-73.8593,40.90049],[-73.8592,40.90088],[-73.8594,40.90138],[-73.859,40.90148],[-73.8593,40.90178],[-73.8596,40.90218],[-73.8591,40.90247],[-73.8583,40.90208],[-73.8582,40.90238],[-73.85771,40.90257],[-73.8572,40.90288],[-73.857,40.90358],[-73.857,40.90438],[-73.85759,40.90467],[-73.85732,40.90502],[-73.8567,40.90491],[-73.85639,40.90505],[-73.8562,40.90509],[-73.85594,40.90526],[-73.85596,40.90539],[-73.8562,40.90548],[-73.85633,40.9058],[-73.85632,40.90617],[-73.85611,40.90606],[-73.85569,40.90606],[-73.8547,40.90658],[-73.8541,40.90668],[-73.8538,40.90718],[-73.85382,40.90777],[-73.85398,40.90801],[-73.8543,40.90809],[-73.85448,40.90801],[-73.85488,40.90822],[-73.85434,40.90897],[-73.85423,40.90901],[-73.854,40.90928],[-73.85294,40.90992],[-73.85268,40.9099],[-73.85218,40.90951],[-73.85138,40.91004],[-73.85112,40.91001],[-73.85205,40.90896],[-73.85208,40.90889],[-73.85237,40.90888],[-73.85353,40.90747],[-73.85099,40.90654],[-73.85045,40.90718],[-73.85033,40.90728],[-73.85014,40.9075],[-73.84865,40.90678],[-73.84743,40.90624],[-73.84585,40.90576],[-73.84495,40.90556],[-73.8449,40.90508],[-73.84495,40.90471],[-73.84491,40.90419],[-73.84139,40.90417],[-73.84105,40.90316],[-73.84087,40.90198],[-73.84079,40.90169],[-73.84056,40.90128],[-73.83936,40.89971],[-73.83919,40.89936],[-73.83915,40.89906],[-73.83921,40.89882],[-73.83965,40.89789],[-73.83972,40.89769],[-73.83972,40.89751],[-73.83961,40.89714],[-73.83941,40.89669],[-73.83841,40.89406],[-73.83628,40.89353],[-73.83517,40.89317],[-73.8325,40.89238],[-73.8317,40.89218],[-73.83082,40.89188],[-73.83002,40.89169],[-73.82872,40.89127],[-73.82812,40.89105],[-73.82794,40.89093],[-73.82722,40.89079],[-73.825,40.89018],[-73.8244,40.88998],[-73.82401,40.88998],[-73.82405,40.88987],[-73.82402,40.88975],[-73.82364,40.88985],[-73.82237,40.88948],[-73.82236,40.88964],[-73.82251,40.88988],[-73.82267,40.88996],[-73.8231,40.88989],[-73.8233,40.89006],[-73.82322,40.89037],[-73.82325,40.89047],[-73.82312,40.89065],[-73.82311,40.89078],[-73.82313,40.89087],[-73.8233,40.89099],[-73.82324,40.8912],[-73.82296,40.89106],[-73.8185,40.88988],[-73.8176,40.88967],[-73.8161,40.88928],[-73.8156,40.88918],[-73.81505,40.88895],[-73.81418,40.8888],[-73.79328,40.88342],[-73.79199,40.88317],[-73.7858,40.8816],[-73.7812,40.88048],[-73.76099,40.87518],[-73.74806,40.87172],[-73.7578,40.84568],[-73.78019,40.8264],[-73.77896,40.81171],[-73.77956,40.81125],[-73.78268,40.80539],[-73.78475,40.80259],[-73.78732,40.80085],[-73.78792,40.80036],[-73.79002,40.80023],[-73.79356,40.80038],[-73.79713,40.80141],[-73.79975,40.8022],[-73.80454,40.80355],[-73.8113,40.8054],[-73.81742,40.80579],[-73.82344,40.80481],[-73.82758,40.80394],[-73.83023,40.80327],[-73.83082,40.80306],[-73.83541,40.8022],[-73.84408,40.80102],[-73.84665,40.80102],[-73.85307,40.80011],[-73.86297,40.79767],[-73.86712,40.79374],[-73.87021,40.79091],[-73.87097,40.78906],[-73.87095,40.78895],[-73.87098,40.78888],[-73.87095,40.78847],[-73.87079,40.78803],[-73.8708,40.78793],[-73.87107,40.78757],[-73.87137,40.78727],[-73.87148,40.78704],[-73.87163,40.7868],[-73.87211,40.78647],[-73.87226,40.78642],[-73.87279,40.78608],[-73.87287,40.78598],[-73.87277,40.78594],[-73.87281,40.7859],[-73.87288,40.78596],[-73.87298,40.78589],[-73.87351,40.78572],[-73.87508,40.78587],[-73.87629,40.78586],[-73.87677,40.78581],[-73.87737,40.78569],[-73.87776,40.78558],[-73.87831,40.78536],[-73.88522,40.78663],[-73.8853,40.78668],[-73.88577,40.78668],[-73.88596,40.78675],[-73.88613,40.78671],[-73.88692,40.78673],[-73.88715,40.78683],[-73.88728,40.78681],[-73.8877,40.78687],[-73.88831,40.78701],[-73.88856,40.78716],[-73.88905,40.78737],[-73.8894,40.78779],[-73.8898,40.78865],[-73.88989,40.78901],[-73.89013,40.78964],[-73.8903,40.78988],[-73.89057,40.79011],[-73.8908,40.79021],[-73.89092,40.79023],[-73.89116,40.79017],[-73.89141,40.79019],[-73.89161,40.79016],[-73.89177,40.79022],[-73.89197,40.79024],[-73.89218,40.79039],[-73.89987,40.79245],[-73.91246,40.7961],[-73.91362,40.79679],[-73.9139,40.79684],[-73.91446,40.79704],[-73.91575,40.79759],[-73.91631,40.79788],[-73.91881,40.79885],[-73.9191,40.79901],[-73.91986,40.79935],[-73.92036,40.79967],[-73.92073,40.8001],[-73.92105,40.80064],[-73.9212,40.80101],[-73.92162,40.80145],[-73.92174,40.80169],[-73.92234,40.80196],[-73.92302,40.80242],[-73.92363,40.80255],[-73.92407,40.80247],[-73.92508,40.80252],[-73.92656,40.80248],[-73.92725,40.80256],[-73.92753,40.80276],[-73.9284,40.80411],[-73.93035,40.8062],[-73.93041,40.80648],[-73.93117,40.80721],[-73.93211,40.80818],[-73.93235,40.80859],[-73.93248,40.80886],[-73.93257,40.80926],[-73.93263,40.81061],[-73.9326,40.81199],[-73.93242,40.81357],[-73.93242,40.81403],[-73.93233,40.81492],[-73.93226,40.818],[-73.9324,40.82119],[-73.93249,40.82255],[-73.93275,40.82549],[-73.9329,40.82656],[-73.93306,40.8282],[-73.93326,40.8295],[-73.93342,40.83138],[-73.93346,40.83318],[-73.93301,40.83568],[-73.93061,40.83968],[-73.93041,40.84028],[-73.93037,40.84065],[-73.92973,40.84185],[-73.92958,40.84205],[-73.92969,40.84219],[-73.9295,40.84238],[-73.92901,40.84408],[-73.92811,40.84558],[-73.9273,40.84656],[-73.9239,40.85049],[-73.92271,40.85248],[-73.9222,40.85311],[-73.92163,40.85397],[-73.92122,40.85469],[-73.92001,40.85668],[-73.91821,40.85868],[-73.91434,40.86252],[-73.91085,40.86653],[-73.9098,40.86828],[-73.9092,40.86978],[-73.9091,40.87168],[-73.9086,40.87168],[-73.9079,40.87268],[-73.9071,40.87298],[-73.907,40.87345],[-73.90711,40.87628],[-73.90765,40.87693],[-73.90801,40.87748],[-73.90868,40.87776],[-73.90919,40.87817],[-73.9095,40.87888],[-73.91141,40.87928],[-73.91221,40.87818],[-73.91491,40.87658],[-73.9152,40.87558],[-73.91981,40.87658],[-73.92163,40.87832],[-73.9226,40.87878],[-73.9245,40.87897],[-73.93381,40.88221]]]}},{"type":"Feature","properties":{"std_name":"Oyster Bay town","std_geoid":"3605956000","pen":"politicians","std_note":null,"LSAD":"43","NAME":"Oyster Bay"},"geometry":{"type":"Polygon","coordinates":[[[-73.67107,40.8593],[-73.65208,40.85574],[-73.65013,40.85556],[-73.64961,40.85376],[-73.6488,40.85357],[-73.64723,40.85268],[-73.64599,40.85247],[-73.6458,40.85262],[-73.64529,40.85286],[-73.64386,40.85321],[-73.64375,40.85246],[-73.64364,40.85232],[-73.6435,40.85227],[-73.64294,40.85246],[-73.64265,40.85251],[-73.64252,40.85246],[-73.64235,40.85234],[-73.64228,40.85225],[-73.64221,40.85207],[-73.64127,40.85236],[-73.63947,40.853],[-73.63757,40.8533],[-73.636,40.85346],[-73.63434,40.85393],[-73.63433,40.85382],[-73.63438,40.85368],[-73.63484,40.8531],[-73.63524,40.85188],[-73.63536,40.851],[-73.63546,40.84902],[-73.63578,40.8476],[-73.63581,40.84651],[-73.63576,40.84622],[-73.63571,40.84608],[-73.63139,40.84643],[-73.62677,40.8475],[-73.62547,40.8481],[-73.62267,40.8503],[-73.62154,40.85086],[-73.62021,40.85183],[-73.6192,40.85262],[-73.61927,40.85299],[-73.61893,40.8533],[-73.61417,40.85367],[-73.61447,40.85434],[-73.61454,40.85491],[-73.6128,40.85484],[-73.61212,40.85513],[-73.6119,40.8552],[-73.61137,40.85524],[-73.61133,40.85507],[-73.60823,40.85535],[-73.60847,40.856],[-73.60643,40.85585],[-73.60544,40.85597],[-73.60407,40.85623],[-73.60402,40.85629],[-73.60392,40.85625],[-73.60166,40.85634],[-73.59896,40.85652],[-73.59618,40.85678],[-73.59584,40.85671],[-73.5926,40.85685],[-73.59069,40.85698],[-73.59085,40.85764],[-73.591,40.85806],[-73.59111,40.85825],[-73.59172,40.859],[-73.59191,40.85943],[-73.59194,40.85971],[-73.59207,40.8599],[-73.59251,40.86099],[-73.59257,40.86118],[-73.59259,40.8614],[-73.59253,40.86235],[-73.59252,40.86304],[-73.59256,40.86339],[-73.59266,40.86362],[-73.59367,40.86527],[-73.59376,40.86561],[-73.59381,40.86597],[-73.59708,40.86721],[-73.60489,40.87063],[-73.6123,40.87378],[-73.61455,40.87478],[-73.61419,40.87498],[-73.61406,40.87528],[-73.61399,40.87559],[-73.61404,40.87658],[-73.61516,40.87827],[-73.61616,40.88026],[-73.61684,40.88281],[-73.61761,40.88494],[-73.61797,40.88636],[-73.6186,40.88734],[-73.61881,40.88812],[-73.61912,40.88867],[-73.61927,40.88905],[-73.61968,40.89056],[-73.6202,40.89464],[-73.62029,40.89567],[-73.62039,40.89579],[-73.62099,40.89802],[-73.62102,40.89851],[-73.62024,40.90247],[-73.61309,40.95082],[-73.61289,40.95094],[-73.59067,40.9557],[-73.52777,40.9689],[-73.49957,40.97474],[-73.43192,40.98901],[-73.42945,40.93399],[-73.42925,40.92859],[-73.42965,40.92816],[-73.42988,40.92876],[-73.43015,40.92928],[-73.43069,40.92979],[-73.43148,40.9302],[-73.43205,40.93068],[-73.4326,40.93138],[-73.43332,40.93196],[-73.43429,40.93255],[-73.43673,40.93456],[-73.43757,40.93502],[-73.43824,40.93518],[-73.43939,40.93523],[-73.4408,40.93584],[-73.44216,40.93619],[-73.44325,40.93614],[-73.44394,40.93591],[-73.4453,40.93573],[-73.4462,40.93525],[-73.44726,40.93499],[-73.4488,40.93511],[-73.45033,40.93547],[-73.45121,40.93556],[-73.45305,40.93622],[-73.45568,40.93675],[-73.45709,40.93709],[-73.45924,40.93796],[-73.45984,40.93782],[-73.46062,40.93736],[-73.46111,40.93725],[-73.46252,40.93722],[-73.46437,40.93764],[-73.46775,40.93871],[-73.47092,40.93994],[-73.4736,40.94067],[-73.47638,40.94199],[-73.47834,40.94252],[-73.48067,40.94357],[-73.48414,40.94551],[-73.48498,40.94622],[-73.48462,40.94675],[-73.48462,40.94693],[-73.48495,40.94688],[-73.48673,40.94626],[-73.48818,40.94564],[-73.48848,40.94535],[-73.4886,40.94532],[-73.49002,40.94356],[-73.49104,40.94264],[-73.49167,40.94223],[-73.49282,40.94177],[-73.49318,40.94152],[-73.49369,40.9407],[-73.49369,40.94056],[-73.49378,40.94051],[-73.49402,40.93976],[-73.49336,40.93738],[-73.49441,40.93425],[-73.49504,40.93194],[-73.49579,40.92988],[-73.49603,40.92956],[-73.49639,40.92855],[-73.49678,40.92717],[-73.49702,40.92619],[-73.49713,40.9245],[-73.49741,40.92377],[-73.49737,40.92322],[-73.49713,40.92285],[-73.4955,40.92169],[-73.49284,40.92029],[-73.49097,40.91947],[-73.49061,40.91901],[-73.49061,40.91876],[-73.49031,40.91821],[-73.4897,40.91691],[-73.48901,40.91579],[-73.48846,40.91517],[-73.4881,40.91508],[-73.48798,40.91515],[-73.48813,40.91577],[-73.48786,40.91577],[-73.48744,40.91499],[-73.48704,40.91334],[-73.48695,40.9133],[-73.48571,40.90978],[-73.48447,40.90712],[-73.48371,40.90591],[-73.48356,40.90557],[-73.48269,40.9044],[-73.48187,40.90351],[-73.48024,40.90129],[-73.48018,40.90109],[-73.48003,40.90097],[-73.47988,40.90112],[-73.47967,40.9008],[-73.47847,40.89979],[-73.47731,40.89925],[-73.47608,40.87711],[-73.47347,40.8745],[-73.46737,40.8681],[-73.46437,40.86798],[-73.46404,40.86791],[-73.46385,40.86768],[-73.46385,40.86731],[-73.46253,40.86729],[-73.46226,40.86671],[-73.46407,40.85955],[-73.46296,40.85721],[-73.4606,40.85381],[-73.45958,40.85188],[-73.45771,40.84911],[-73.45749,40.84871],[-73.45717,40.84754],[-73.4571,40.84701],[-73.4569,40.84643],[-73.4566,40.84511],[-73.45586,40.84347],[-73.45536,40.84259],[-73.45526,40.84087],[-73.45549,40.84016],[-73.45468,40.83591],[-73.45458,40.83513],[-73.45462,40.835],[-73.45444,40.83463],[-73.45254,40.82463],[-73.45217,40.8224],[-73.45213,40.82232],[-73.45145,40.81885],[-73.45063,40.81489],[-73.45025,40.81265],[-73.45001,40.8116],[-73.44877,40.80532],[-73.44876,40.805],[-73.44867,40.80442],[-73.44693,40.79588],[-73.44646,40.79297],[-73.4461,40.79107],[-73.44606,40.79015],[-73.44531,40.78593],[-73.44511,40.78556],[-73.44503,40.78546],[-73.44481,40.7839],[-73.44417,40.782],[-73.44352,40.77832],[-73.44326,40.7765],[-73.44197,40.7699],[-73.44097,40.7644],[-73.44052,40.76164],[-73.44022,40.76042],[-73.43967,40.75741],[-73.43953,40.75638],[-73.43939,40.7557],[-73.43943,40.75569],[-73.43862,40.75129],[-73.43802,40.74781],[-73.43571,40.73546],[-73.43558,40.7346],[-73.43554,40.73456],[-73.43223,40.71709],[-73.42865,40.69789],[-73.42652,40.68703],[-73.42452,40.67651],[-73.42335,40.67074],[-73.42341,40.67061],[-73.42332,40.67061],[-73.42328,40.67048],[-73.4233,40.66913],[-73.42336,40.66874],[-73.42462,40.66627],[-73.42474,40.6662],[-73.4248,40.66535],[-73.4248,40.66507],[-73.42461,40.66378],[-73.42448,40.66247],[-73.42446,40.66166],[-73.42454,40.66144],[-73.42447,40.66113],[-73.42431,40.66081],[-73.42423,40.66053],[-73.42429,40.66],[-73.42408,40.65895],[-73.42415,40.65844],[-73.42412,40.65781],[-73.42383,40.65648],[-73.42388,40.65597],[-73.42529,40.65611],[-73.42559,40.65629],[-73.42555,40.65461],[-73.42535,40.65182],[-73.42499,40.63976],[-73.42488,40.63811],[-73.42457,40.63107],[-73.42427,40.62749],[-73.42427,40.6237],[-73.42437,40.62321],[-73.42425,40.62083],[-73.42414,40.61982],[-73.4241,40.61785],[-73.4242,40.6166],[-73.42407,40.6154],[-73.42414,40.61525],[-73.42412,40.61521],[-73.42417,40.6152],[-73.42402,40.60958],[-73.42393,40.60947],[-73.42379,40.6092],[-73.42387,40.60072],[-73.42531,40.55172],[-73.42531,40.53426],[-73.44121,40.53171],[-73.4656,40.52611],[-73.48495,40.52092],[-73.48439,40.55268],[-73.48479,40.5897],[-73.48487,40.58969],[-73.48494,40.59685],[-73.48483,40.60025],[-73.48484,40.60452],[-73.48489,40.60619],[-73.48438,40.60789],[-73.48498,40.61408],[-73.48484,40.61741],[-73.4849,40.6175],[-73.48487,40.61954],[-73.48504,40.62233],[-73.48498,40.62377],[-73.48491,40.62824],[-73.48487,40.63502],[-73.48487,40.63788],[-73.48496,40.64137],[-73.48494,40.64505],[-73.48525,40.64605],[-73.48546,40.64621],[-73.48546,40.64649],[-73.48492,40.648],[-73.4848,40.64814],[-73.48465,40.64878],[-73.48654,40.64887],[-73.48561,40.65035],[-73.48613,40.65182],[-73.48607,40.65241],[-73.48589,40.65299],[-73.48595,40.65335],[-73.48637,40.65355],[-73.48592,40.65411],[-73.48578,40.65438],[-73.48586,40.65472],[-73.48608,40.65499],[-73.48639,40.65525],[-73.48703,40.65557],[-73.48704,40.65735],[-73.48671,40.65859],[-73.48644,40.6593],[-73.48599,40.6601],[-73.48539,40.66088],[-73.48437,40.66175],[-73.48386,40.66333],[-73.48314,40.66431],[-73.48311,40.66461],[-73.4829,40.66491],[-73.48233,40.66534],[-73.4822,40.6663],[-73.48208,40.66679],[-73.48107,40.6676],[-73.48237,40.6689],[-73.48207,40.66964],[-73.48217,40.6709],[-73.48167,40.6722],[-73.48237,40.6736],[-73.48197,40.67493],[-73.48207,40.6761],[-73.48207,40.6787],[-73.48155,40.6812],[-73.48148,40.68379],[-73.4815,40.68449],[-73.48166,40.6883],[-73.48183,40.68959],[-73.48209,40.69129],[-73.48277,40.69465],[-73.48291,40.69471],[-73.48295,40.69492],[-73.48259,40.695],[-73.48275,40.69519],[-73.48285,40.69526],[-73.48319,40.69701],[-73.48329,40.69705],[-73.48331,40.69762],[-73.48328,40.69768],[-73.48373,40.69974],[-73.48408,40.70185],[-73.48432,40.70206],[-73.48438,40.70222],[-73.48422,40.70252],[-73.48426,40.70307],[-73.48461,40.70489],[-73.48463,40.70512],[-73.48467,40.70522],[-73.48507,40.7071],[-73.48528,40.7077],[-73.48533,40.70825],[-73.48526,40.70843],[-73.4854,40.70869],[-73.48534,40.70913],[-73.48562,40.71055],[-73.48604,40.71051],[-73.48621,40.71148],[-73.48621,40.71185],[-73.48648,40.71303],[-73.48628,40.71326],[-73.48658,40.71331],[-73.48668,40.71359],[-73.48707,40.71569],[-73.48741,40.71661],[-73.48807,40.71974],[-73.48814,40.7199],[-73.48825,40.72004],[-73.48811,40.72011],[-73.48812,40.72032],[-73.48828,40.72048],[-73.48871,40.72235],[-73.48873,40.72234],[-73.4891,40.72407],[-73.4893,40.72525],[-73.48943,40.72558],[-73.4901,40.72813],[-73.49023,40.72817],[-73.49031,40.72828],[-73.48997,40.72837],[-73.49023,40.72875],[-73.49107,40.7321],[-73.49129,40.73283],[-73.49135,40.7329],[-73.49142,40.7332],[-73.49157,40.73343],[-73.49165,40.73374],[-73.49161,40.73395],[-73.49164,40.7342],[-73.49158,40.73427],[-73.49187,40.73562],[-73.49189,40.73604],[-73.492,40.7361],[-73.49211,40.73685],[-73.4923,40.73752],[-73.49247,40.738],[-73.49252,40.73882],[-73.49248,40.73887],[-73.49232,40.73891],[-73.49238,40.7393],[-73.4924,40.73935],[-73.49253,40.73937],[-73.49276,40.73953],[-73.49271,40.73997],[-73.49311,40.74],[-73.49307,40.74053],[-73.4931,40.74064],[-73.49301,40.74071],[-73.4935,40.74189],[-73.49356,40.74216],[-73.49366,40.743],[-73.49397,40.7431],[-73.49517,40.74297],[-73.49662,40.74288],[-73.49912,40.74306],[-73.50225,40.74295],[-73.50337,40.74309],[-73.50387,40.74307],[-73.50404,40.74314],[-73.50472,40.74318],[-73.50472,40.74287],[-73.50509,40.74287],[-73.50509,40.74295],[-73.50514,40.743],[-73.50601,40.74337],[-73.50667,40.74338],[-73.5067,40.74306],[-73.50719,40.74307],[-73.50718,40.74332],[-73.50741,40.74336],[-73.50743,40.74311],[-73.50844,40.74324],[-73.5089,40.74324],[-73.50961,40.74314],[-73.50969,40.743],[-73.51278,40.74311],[-73.51578,40.743],[-73.52099,40.7432],[-73.52439,40.74321],[-73.52781,40.7433],[-73.53533,40.74333],[-73.53657,40.7434],[-73.54322,40.7436],[-73.54569,40.74358],[-73.54765,40.7436],[-73.54766,40.74402],[-73.54788,40.74663],[-73.54828,40.7476],[-73.54791,40.74773],[-73.54821,40.7483],[-73.54849,40.75104],[-73.54948,40.75611],[-73.54932,40.75612],[-73.54955,40.75668],[-73.54961,40.75763],[-73.55016,40.76198],[-73.55036,40.76395],[-73.5505,40.765],[-73.55066,40.76515],[-73.55271,40.76649],[-73.55945,40.77055],[-73.55984,40.77121],[-73.56006,40.77149],[-73.56014,40.77154],[-73.56244,40.77291],[-73.5633,40.77335],[-73.56344,40.77338],[-73.56399,40.77376],[-73.56472,40.77417],[-73.56752,40.77593],[-73.56767,40.77611],[-73.56753,40.77626],[-73.56883,40.77732],[-73.57143,40.77905],[-73.57191,40.77928],[-73.57237,40.77969],[-73.57845,40.78357],[-73.57934,40.78416],[-73.58017,40.7848],[-73.58085,40.78512],[-73.58178,40.78585],[-73.58426,40.78741],[-73.58889,40.7905],[-73.59219,40.7929],[-73.59445,40.79431],[-73.59722,40.79629],[-73.60532,40.80159],[-73.60797,40.8032],[-73.61237,40.8062],[-73.61543,40.80815],[-73.62112,40.81165],[-73.62157,40.81191],[-73.62188,40.81189],[-73.622,40.81232],[-73.62208,40.81234],[-73.62396,40.81365],[-73.62536,40.81436],[-73.6265,40.81486],[-73.62708,40.81537],[-73.62761,40.81577],[-73.6281,40.81604],[-73.62839,40.81606],[-73.63446,40.8202],[-73.6352,40.82179],[-73.63674,40.82198],[-73.64192,40.82536],[-73.64307,40.82616],[-73.64737,40.829],[-73.65024,40.82864],[-73.65065,40.82862],[-73.6522,40.82801],[-73.65253,40.82872],[-73.65597,40.8345],[-73.66217,40.8455],[-73.67107,40.8593]]]}},{"type":"Feature","properties":{"std_name":"Staten Island borough","std_geoid":"3608570915","pen":"politicians","std_note":null,"LSAD":"21","NAME":"Staten Island"},"geometry":{"type":"Polygon","coordinates":[[[-74.25884,40.49887],[-74.25813,40.50872],[-74.2541,40.51566],[-74.24602,40.52096],[-74.25028,40.5423],[-74.24748,40.54938],[-74.23141,40.55918],[-74.218,40.55706],[-74.21457,40.56053],[-74.21014,40.57372],[-74.20724,40.58792],[-74.19959,40.59785],[-74.19959,40.60038],[-74.20483,40.60606],[-74.20389,40.61428],[-74.20243,40.61677],[-74.20392,40.62437],[-74.20228,40.62878],[-74.2024,40.63159],[-74.19816,40.63479],[-74.19625,40.63769],[-74.19143,40.64202],[-74.18564,40.64604],[-74.18165,40.64653],[-74.14311,40.64199],[-74.13292,40.64368],[-74.12602,40.64215],[-74.10985,40.64806],[-74.09344,40.64807],[-74.08699,40.65151],[-74.05575,40.65148],[-74.05663,40.62729],[-74.05235,40.62013],[-74.04751,40.61232],[-74.0438,40.60677],[-74.04139,40.60311],[-74.03788,40.5892],[-74.03455,40.57625],[-74.03505,40.57285],[-74.0363,40.55091],[-74.03813,40.53829],[-74.04228,40.50809],[-74.22533,40.47658],[-74.25304,40.48666],[-74.25884,40.49887]]]}},{"type":"Feature","properties":{"std_name":"Hempstead town","std_geoid":"3605934000","pen":"politicians","std_note":null,"LSAD":"43","NAME":"Hempstead"},"geometry":{"type":"Polygon","coordinates":[[[-73.76881,40.62403],[-73.76883,40.6241],[-73.76878,40.6242],[-73.76876,40.62435],[-73.76865,40.62447],[-73.7686,40.62473],[-73.76833,40.6251],[-73.76825,40.6254],[-73.76815,40.62545],[-73.76778,40.62591],[-73.76776,40.62611],[-73.76743,40.62661],[-73.748,40.63463],[-73.74602,40.63521],[-73.74418,40.63736],[-73.7433,40.63805],[-73.74236,40.63809],[-73.7415,40.63785],[-73.7412,40.63759],[-73.74119,40.63741],[-73.74127,40.63726],[-73.74208,40.63638],[-73.74258,40.63565],[-73.74267,40.63541],[-73.74265,40.63504],[-73.74224,40.63485],[-73.74168,40.63484],[-73.73996,40.63514],[-73.73947,40.63571],[-73.74126,40.63891],[-73.74228,40.64012],[-73.74143,40.6405],[-73.74205,40.64147],[-73.74166,40.6422],[-73.74144,40.64609],[-73.74144,40.64689],[-73.73905,40.6482],[-73.73513,40.64973],[-73.73143,40.65017],[-73.73105,40.65023],[-73.73,40.65048],[-73.72687,40.65154],[-73.72667,40.65169],[-73.72643,40.65179],[-73.72525,40.65219],[-73.72505,40.65234],[-73.72498,40.65268],[-73.72482,40.65302],[-73.72487,40.65345],[-73.72479,40.654],[-73.72534,40.65532],[-73.72593,40.65773],[-73.72644,40.65916],[-73.72721,40.66042],[-73.72793,40.66175],[-73.72833,40.66304],[-73.72808,40.66307],[-73.72781,40.66322],[-73.72776,40.66398],[-73.72784,40.66505],[-73.72822,40.66596],[-73.72827,40.66644],[-73.72822,40.66731],[-73.72826,40.66807],[-73.72794,40.67055],[-73.72794,40.67081],[-73.72791,40.67084],[-73.72753,40.67387],[-73.72756,40.6741],[-73.72744,40.67443],[-73.72654,40.67649],[-73.7262,40.67738],[-73.72563,40.67959],[-73.72591,40.68266],[-73.7258,40.68435],[-73.72591,40.68608],[-73.7262,40.68898],[-73.7265,40.69689],[-73.72654,40.69898],[-73.72665,40.70111],[-73.72678,40.70199],[-73.72673,40.70215],[-73.72705,40.7095],[-73.7269,40.70998],[-73.72697,40.71072],[-73.72732,40.71222],[-73.72918,40.71917],[-73.73033,40.72216],[-73.7295,40.72259],[-73.72645,40.72376],[-73.72553,40.72408],[-73.71999,40.7256],[-73.7169,40.72639],[-73.7105,40.72723],[-73.70766,40.72783],[-73.70765,40.7278],[-73.70674,40.72797],[-73.70341,40.72868],[-73.6953,40.73035],[-73.69345,40.73076],[-73.69251,40.73076],[-73.69208,40.73081],[-73.69118,40.73102],[-73.69028,40.73112],[-73.68937,40.73131],[-73.68757,40.73152],[-73.68716,40.73164],[-73.68713,40.73167],[-73.6867,40.73178],[-73.68667,40.73166],[-73.68623,40.73176],[-73.68529,40.73187],[-73.68524,40.73183],[-73.68519,40.73174],[-73.68466,40.73187],[-73.68467,40.73191],[-73.6844,40.73198],[-73.68438,40.73203],[-73.68433,40.732],[-73.6835,40.73217],[-73.68317,40.7322],[-73.68207,40.7324],[-73.68109,40.73248],[-73.68106,40.73233],[-73.6797,40.73266],[-73.67929,40.7328],[-73.67747,40.733],[-73.67702,40.7331],[-73.67567,40.73328],[-73.67426,40.73359],[-73.6727,40.73383],[-73.6712,40.73414],[-73.67118,40.73401],[-73.67109,40.734],[-73.66473,40.73503],[-73.66347,40.7352],[-73.65779,40.73619],[-73.6513,40.73713],[-73.651,40.73685],[-73.65037,40.73693],[-73.6392,40.73898],[-73.63672,40.73938],[-73.63395,40.73995],[-73.62278,40.74193],[-73.6171,40.743],[-73.61464,40.74316],[-73.61285,40.7434],[-73.61208,40.74359],[-73.61081,40.74379],[-73.60852,40.74428],[-73.60318,40.74533],[-73.60129,40.74553],[-73.59915,40.74589],[-73.59304,40.74716],[-73.59255,40.74723],[-73.5913,40.74731],[-73.58904,40.74731],[-73.58856,40.74736],[-73.5877,40.74755],[-73.58575,40.74809],[-73.58098,40.74925],[-73.57702,40.75002],[-73.57453,40.75047],[-73.5716,40.75093],[-73.57012,40.75124],[-73.56945,40.75143],[-73.56544,40.75287],[-73.56281,40.7537],[-73.55984,40.75457],[-73.55476,40.75565],[-73.54955,40.75668],[-73.54932,40.75612],[-73.54948,40.75611],[-73.54849,40.75104],[-73.54821,40.7483],[-73.54791,40.74773],[-73.54828,40.7476],[-73.54788,40.74663],[-73.54766,40.74402],[-73.54765,40.7436],[-73.54569,40.74358],[-73.54322,40.7436],[-73.53657,40.7434],[-73.53533,40.74333],[-73.52781,40.7433],[-73.52439,40.74321],[-73.52099,40.7432],[-73.51578,40.743],[-73.51278,40.74311],[-73.50969,40.743],[-73.50961,40.74314],[-73.5089,40.74324],[-73.50844,40.74324],[-73.50743,40.74311],[-73.50741,40.74336],[-73.50718,40.74332],[-73.50719,40.74307],[-73.5067,40.74306],[-73.50667,40.74338],[-73.50601,40.74337],[-73.50514,40.743],[-73.50509,40.74295],[-73.50509,40.74287],[-73.50472,40.74287],[-73.50472,40.74318],[-73.50404,40.74314],[-73.50387,40.74307],[-73.50337,40.74309],[-73.50225,40.74295],[-73.49912,40.74306],[-73.49662,40.74288],[-73.49517,40.74297],[-73.49397,40.7431],[-73.49366,40.743],[-73.49356,40.74216],[-73.4935,40.74189],[-73.49301,40.74071],[-73.4931,40.74064],[-73.49307,40.74053],[-73.49311,40.74],[-73.49271,40.73997],[-73.49276,40.73953],[-73.49253,40.73937],[-73.4924,40.73935],[-73.49238,40.7393],[-73.49232,40.73891],[-73.49248,40.73887],[-73.49252,40.73882],[-73.49247,40.738],[-73.4923,40.73752],[-73.49211,40.73685],[-73.492,40.7361],[-73.49189,40.73604],[-73.49187,40.73562],[-73.49158,40.73427],[-73.49164,40.7342],[-73.49161,40.73395],[-73.49165,40.73374],[-73.49157,40.73343],[-73.49142,40.7332],[-73.49135,40.7329],[-73.49129,40.73283],[-73.49107,40.7321],[-73.49023,40.72875],[-73.48997,40.72837],[-73.49031,40.72828],[-73.49023,40.72817],[-73.4901,40.72813],[-73.48943,40.72558],[-73.4893,40.72525],[-73.4891,40.72407],[-73.48873,40.72234],[-73.48871,40.72235],[-73.48828,40.72048],[-73.48812,40.72032],[-73.48811,40.72011],[-73.48825,40.72004],[-73.48814,40.7199],[-73.48807,40.71974],[-73.48741,40.71661],[-73.48707,40.71569],[-73.48668,40.71359],[-73.48658,40.71331],[-73.48628,40.71326],[-73.48648,40.71303],[-73.48621,40.71185],[-73.48621,40.71148],[-73.48604,40.71051],[-73.48562,40.71055],[-73.48534,40.70913],[-73.4854,40.70869],[-73.48526,40.70843],[-73.48533,40.70825],[-73.48528,40.7077],[-73.48507,40.7071],[-73.48467,40.70522],[-73.48463,40.70512],[-73.48461,40.70489],[-73.48426,40.70307],[-73.48422,40.70252],[-73.48438,40.70222],[-73.48432,40.70206],[-73.48408,40.70185],[-73.48373,40.69974],[-73.48328,40.69768],[-73.48331,40.69762],[-73.48329,40.69705],[-73.48319,40.69701],[-73.48285,40.69526],[-73.48275,40.69519],[-73.48259,40.695],[-73.48295,40.69492],[-73.48291,40.69471],[-73.48277,40.69465],[-73.48209,40.69129],[-73.48183,40.68959],[-73.48166,40.6883],[-73.4815,40.68449],[-73.48148,40.68379],[-73.48155,40.6812],[-73.48207,40.6787],[-73.48207,40.6761],[-73.48197,40.67493],[-73.48237,40.6736],[-73.48167,40.6722],[-73.48217,40.6709],[-73.48207,40.66964],[-73.48237,40.6689],[-73.48107,40.6676],[-73.48208,40.66679],[-73.4822,40.6663],[-73.48233,40.66534],[-73.4829,40.66491],[-73.48311,40.66461],[-73.48314,40.66431],[-73.48386,40.66333],[-73.48437,40.66175],[-73.48539,40.66088],[-73.48599,40.6601],[-73.48644,40.6593],[-73.48671,40.65859],[-73.48704,40.65735],[-73.48703,40.65557],[-73.48639,40.65525],[-73.48608,40.65499],[-73.48586,40.65472],[-73.48578,40.65438],[-73.48592,40.65411],[-73.48637,40.65355],[-73.48595,40.65335],[-73.48589,40.65299],[-73.48607,40.65241],[-73.48613,40.65182],[-73.48561,40.65035],[-73.48654,40.64887],[-73.48465,40.64878],[-73.4848,40.64814],[-73.48492,40.648],[-73.48546,40.64649],[-73.48546,40.64621],[-73.48525,40.64605],[-73.48494,40.64505],[-73.48496,40.64137],[-73.48487,40.63788],[-73.48487,40.63502],[-73.48491,40.62824],[-73.48498,40.62377],[-73.48504,40.62233],[-73.48487,40.61954],[-73.4849,40.6175],[-73.48484,40.61741],[-73.48498,40.61408],[-73.48438,40.60789],[-73.48489,40.60619],[-73.48484,40.60452],[-73.48483,40.60025],[-73.48494,40.59685],[-73.48487,40.58969],[-73.48479,40.5897],[-73.48439,40.55268],[-73.48495,40.52092],[-73.4865,40.5205],[-73.51784,40.52331],[-73.55267,40.52891],[-73.62457,40.53451],[-73.70609,40.53454],[-73.76878,40.53375],[-73.76763,40.53715],[-73.76493,40.5444],[-73.76223,40.5502],[-73.75826,40.55536],[-73.7557,40.57869],[-73.7555,40.58539],[-73.75212,40.58818],[-73.74775,40.5915],[-73.74447,40.5929],[-73.74324,40.59284],[-73.73718,40.59296],[-73.73741,40.59343],[-73.73764,40.59441],[-73.73808,40.59459],[-73.73846,40.59587],[-73.73844,40.59781],[-73.73826,40.60256],[-73.73846,40.60284],[-73.73852,40.60313],[-73.73923,40.60403],[-73.73946,40.60424],[-73.74029,40.6046],[-73.74115,40.60546],[-73.74177,40.60602],[-73.74317,40.60718],[-73.74355,40.60745],[-73.7432,40.60771],[-73.74307,40.60789],[-73.74315,40.60796],[-73.74306,40.608],[-73.74553,40.61187],[-73.74675,40.6114],[-73.74694,40.61178],[-73.74712,40.61204],[-73.7475,40.61189],[-73.74799,40.61231],[-73.74822,40.61201],[-73.74912,40.61179],[-73.75009,40.61164],[-73.75346,40.61052],[-73.75473,40.61041],[-73.7552,40.61059],[-73.75723,40.61099],[-73.76002,40.61135],[-73.76208,40.61273],[-73.76524,40.61494],[-73.76672,40.615],[-73.76757,40.62148],[-73.76855,40.62315],[-73.76867,40.62359],[-73.76884,40.62395],[-73.76881,40.62403]],[[-73.7014,40.57914],[-73.68134,40.57902],[-73.65861,40.57612],[-73.64668,40.57463],[-73.6357,40.5754],[-73.63742,40.58348],[-73.63746,40.58544],[-73.63765,40.5867],[-73.63757,40.58879],[-73.63746,40.59516],[-73.63757,40.59584],[-73.6386,40.59579],[-73.64657,40.5957],[-73.64945,40.59559],[-73.65255,40.59553],[-73.65673,40.59536],[-73.65944,40.59534],[-73.66173,40.59529],[-73.66254,40.59523],[-73.67067,40.5949],[-73.68108,40.5941],[-73.68597,40.5917],[-73.68707,40.5908],[-73.70108,40.5907],[-73.70112,40.58831],[-73.70114,40.58327],[-73.7014,40.57914]]]}},{"type":"Feature","properties":{"std_name":"North Hempstead town","std_geoid":"3605953000","pen":"politicians","std_note":null,"LSAD":"43","NAME":"North Hempstead"},"geometry":{"type":"Polygon","coordinates":[[[-73.78019,40.8264],[-73.7578,40.84568],[-73.748,40.87187],[-73.69445,40.90305],[-73.676,40.86657],[-73.67107,40.8593],[-73.66217,40.8455],[-73.65597,40.8345],[-73.65253,40.82872],[-73.6522,40.82801],[-73.65065,40.82862],[-73.65024,40.82864],[-73.64737,40.829],[-73.64307,40.82616],[-73.64192,40.82536],[-73.63674,40.82198],[-73.6352,40.82179],[-73.63446,40.8202],[-73.62839,40.81606],[-73.6281,40.81604],[-73.62761,40.81577],[-73.62708,40.81537],[-73.6265,40.81486],[-73.62536,40.81436],[-73.62396,40.81365],[-73.62208,40.81234],[-73.622,40.81232],[-73.62188,40.81189],[-73.62157,40.81191],[-73.62112,40.81165],[-73.61543,40.80815],[-73.61237,40.8062],[-73.60797,40.8032],[-73.60532,40.80159],[-73.59722,40.79629],[-73.59445,40.79431],[-73.59219,40.7929],[-73.58889,40.7905],[-73.58426,40.78741],[-73.58178,40.78585],[-73.58085,40.78512],[-73.58017,40.7848],[-73.57934,40.78416],[-73.57845,40.78357],[-73.57237,40.77969],[-73.57191,40.77928],[-73.57143,40.77905],[-73.56883,40.77732],[-73.56753,40.77626],[-73.56767,40.77611],[-73.56752,40.77593],[-73.56472,40.77417],[-73.56399,40.77376],[-73.56344,40.77338],[-73.5633,40.77335],[-73.56244,40.77291],[-73.56014,40.77154],[-73.56006,40.77149],[-73.55984,40.77121],[-73.55945,40.77055],[-73.55271,40.76649],[-73.5507,40.76519],[-73.5505,40.765],[-73.55036,40.76395],[-73.55016,40.76198],[-73.54961,40.75763],[-73.54955,40.75668],[-73.55476,40.75565],[-73.55984,40.75457],[-73.56281,40.7537],[-73.56544,40.75287],[-73.56945,40.75143],[-73.57012,40.75124],[-73.5716,40.75093],[-73.57453,40.75047],[-73.57702,40.75002],[-73.58098,40.74925],[-73.58575,40.74809],[-73.5877,40.74755],[-73.58856,40.74736],[-73.58904,40.74731],[-73.5913,40.74731],[-73.59255,40.74723],[-73.59304,40.74716],[-73.59915,40.74589],[-73.60129,40.74553],[-73.60318,40.74533],[-73.60852,40.74428],[-73.61081,40.74379],[-73.61208,40.74359],[-73.61285,40.7434],[-73.61464,40.74316],[-73.6171,40.743],[-73.62278,40.74193],[-73.63395,40.73995],[-73.63672,40.73938],[-73.6392,40.73898],[-73.65037,40.73693],[-73.651,40.73685],[-73.6513,40.73713],[-73.65779,40.73619],[-73.66347,40.7352],[-73.66473,40.73503],[-73.67109,40.734],[-73.67118,40.73401],[-73.6712,40.73414],[-73.6727,40.73383],[-73.67426,40.73359],[-73.67567,40.73328],[-73.67702,40.7331],[-73.67747,40.733],[-73.67929,40.7328],[-73.6797,40.73266],[-73.68106,40.73233],[-73.68109,40.73248],[-73.68207,40.7324],[-73.68317,40.7322],[-73.6835,40.73217],[-73.68433,40.732],[-73.68438,40.73203],[-73.6844,40.73198],[-73.68467,40.73191],[-73.68466,40.73187],[-73.68519,40.73174],[-73.68524,40.73183],[-73.68529,40.73187],[-73.68623,40.73176],[-73.68667,40.73166],[-73.6867,40.73178],[-73.68713,40.73167],[-73.68716,40.73164],[-73.68757,40.73152],[-73.68937,40.73131],[-73.69028,40.73112],[-73.69118,40.73102],[-73.69208,40.73081],[-73.69251,40.73076],[-73.69345,40.73076],[-73.6953,40.73035],[-73.70341,40.72868],[-73.70674,40.72797],[-73.70765,40.7278],[-73.70766,40.72783],[-73.70794,40.72777],[-73.70017,40.73954],[-73.70036,40.74103],[-73.70077,40.74501],[-73.70143,40.75066],[-73.70154,40.75192],[-73.70163,40.75249],[-73.70274,40.75325],[-73.70527,40.75477],[-73.70782,40.75622],[-73.71245,40.75924],[-73.7135,40.75983],[-73.71607,40.76146],[-73.72058,40.7642],[-73.7251,40.76699],[-73.72605,40.76753],[-73.72952,40.76973],[-73.73635,40.77391],[-73.73762,40.77474],[-73.73781,40.77481],[-73.73943,40.77582],[-73.73954,40.77581],[-73.73933,40.77596],[-73.73938,40.77601],[-73.74008,40.77621],[-73.74076,40.77669],[-73.74153,40.77711],[-73.74342,40.77822],[-73.74421,40.77871],[-73.74637,40.78012],[-73.75029,40.78248],[-73.75082,40.78289],[-73.7571,40.78969],[-73.76371,40.7938],[-73.77896,40.81171],[-73.78019,40.8264]]]}},{"type":"Feature","properties":{"std_name":"New Rochelle city","std_geoid":"3611950617","pen":"politicians","std_note":null,"LSAD":"25","NAME":"New Rochelle"},"geometry":{"type":"Polygon","coordinates":[[[-73.807,40.93544],[-73.80676,40.9362],[-73.80626,40.93699],[-73.80556,40.93841],[-73.80519,40.9388],[-73.80448,40.93908],[-73.80406,40.93935],[-73.80385,40.93965],[-73.80388,40.94023],[-73.8036,40.94111],[-73.8028,40.94239],[-73.80267,40.94296],[-73.80254,40.94318],[-73.80243,40.94333],[-73.80198,40.94377],[-73.80188,40.94426],[-73.80136,40.94418],[-73.8008,40.94451],[-73.80078,40.94462],[-73.80052,40.94494],[-73.80023,40.94568],[-73.79982,40.94604],[-73.7997,40.94624],[-73.79964,40.94651],[-73.79961,40.94689],[-73.79965,40.94703],[-73.79962,40.94722],[-73.79921,40.94786],[-73.79916,40.94803],[-73.79933,40.94815],[-73.79908,40.94851],[-73.79908,40.94909],[-73.79858,40.95003],[-73.79841,40.9502],[-73.79833,40.95035],[-73.79839,40.9506],[-73.79844,40.95066],[-73.7986,40.95075],[-73.79892,40.95074],[-73.79891,40.95081],[-73.79873,40.95103],[-73.79844,40.95124],[-73.79845,40.95152],[-73.79878,40.9519],[-73.79906,40.95214],[-73.79944,40.95275],[-73.79965,40.95293],[-73.79984,40.95302],[-73.7999,40.9532],[-73.79973,40.95347],[-73.7998,40.95381],[-73.7998,40.95415],[-73.79965,40.95472],[-73.79931,40.95509],[-73.79881,40.95603],[-73.79872,40.95631],[-73.79833,40.95704],[-73.79915,40.95731],[-73.80062,40.95772],[-73.80077,40.95795],[-73.80094,40.95804],[-73.80099,40.95815],[-73.80079,40.95842],[-73.80057,40.95922],[-73.80036,40.96024],[-73.79974,40.96057],[-73.79967,40.96076],[-73.79966,40.96096],[-73.79933,40.96157],[-73.79897,40.96209],[-73.79804,40.9631],[-73.79755,40.96372],[-73.7973,40.96421],[-73.79711,40.96451],[-73.79662,40.96491],[-73.79646,40.96518],[-73.79654,40.96542],[-73.79657,40.96571],[-73.79645,40.96591],[-73.79597,40.96625],[-73.7959,40.96646],[-73.79559,40.96673],[-73.79555,40.96663],[-73.79478,40.96728],[-73.79396,40.96784],[-73.79378,40.96803],[-73.79362,40.96831],[-73.79357,40.96847],[-73.79347,40.96856],[-73.793,40.96881],[-73.79293,40.96891],[-73.79277,40.96929],[-73.79252,40.96938],[-73.79246,40.96949],[-73.79259,40.96966],[-73.79242,40.96981],[-73.79239,40.96999],[-73.79252,40.97053],[-73.79257,40.97103],[-73.79277,40.97176],[-73.7928,40.97182],[-73.79302,40.97198],[-73.79333,40.97205],[-73.79343,40.97213],[-73.79353,40.97235],[-73.79385,40.97282],[-73.79395,40.97302],[-73.79394,40.97337],[-73.79407,40.9736],[-73.79395,40.97371],[-73.79388,40.97387],[-73.7939,40.97399],[-73.79371,40.97414],[-73.79366,40.97424],[-73.79352,40.97438],[-73.79312,40.97512],[-73.79277,40.97548],[-73.79247,40.9757],[-73.79243,40.97577],[-73.79197,40.976],[-73.79179,40.976],[-73.79163,40.9761],[-73.79156,40.97622],[-73.79133,40.97634],[-73.79104,40.97657],[-73.79097,40.97673],[-73.79088,40.97683],[-73.79087,40.9769],[-73.79078,40.97699],[-73.79056,40.97707],[-73.79027,40.97727],[-73.79035,40.97741],[-73.79049,40.9775],[-73.79057,40.9777],[-73.79055,40.9778],[-73.7906,40.97794],[-73.79079,40.97806],[-73.79083,40.97814],[-73.79077,40.97822],[-73.7908,40.97832],[-73.79101,40.97873],[-73.79106,40.97888],[-73.79117,40.97899],[-73.7911,40.98005],[-73.79091,40.98016],[-73.79082,40.98032],[-73.79083,40.98053],[-73.79069,40.9806],[-73.79062,40.98067],[-73.7906,40.98077],[-73.7904,40.98112],[-73.79013,40.9812],[-73.79001,40.98127],[-73.79,40.98137],[-73.79003,40.98139],[-73.78994,40.9815],[-73.79001,40.98155],[-73.7899,40.98162],[-73.78987,40.98178],[-73.78972,40.98196],[-73.78957,40.98196],[-73.78948,40.98202],[-73.78938,40.98203],[-73.78918,40.98214],[-73.78916,40.98221],[-73.78904,40.98223],[-73.78902,40.98233],[-73.78885,40.98238],[-73.78877,40.98266],[-73.78871,40.98275],[-73.78853,40.9828],[-73.78852,40.98285],[-73.78851,40.98301],[-73.78843,40.98317],[-73.78856,40.98324],[-73.78739,40.98501],[-73.7872,40.98526],[-73.78703,40.98542],[-73.78643,40.98579],[-73.78651,40.98635],[-73.78643,40.9869],[-73.7864,40.98745],[-73.77795,40.98834],[-73.77765,40.98703],[-73.77663,40.98384],[-73.77639,40.98238],[-73.7761,40.98009],[-73.77594,40.97917],[-73.7755,40.97738],[-73.7754,40.97689],[-73.77533,40.97638],[-73.77532,40.97599],[-73.7752,40.97517],[-73.7748,40.97318],[-73.7738,40.96749],[-73.77341,40.9658],[-73.77334,40.96511],[-73.7725,40.96044],[-73.77184,40.95586],[-73.7727,40.95508],[-73.77224,40.95307],[-73.77101,40.94736],[-73.7705,40.94521],[-73.77026,40.94557],[-73.7701,40.94552],[-73.77007,40.94524],[-73.76964,40.94497],[-73.76902,40.94191],[-73.76882,40.94067],[-73.76855,40.93944],[-73.7682,40.9376],[-73.76802,40.93681],[-73.7685,40.93661],[-73.76813,40.93489],[-73.76732,40.93136],[-73.76726,40.9312],[-73.7672,40.93068],[-73.767,40.92972],[-73.76683,40.92924],[-73.76479,40.9203],[-73.76255,40.91997],[-73.76105,40.91968],[-73.75812,40.9194],[-73.7566,40.91921],[-73.75517,40.91897],[-73.75539,40.91841],[-73.75543,40.91819],[-73.75539,40.91813],[-73.7555,40.918],[-73.7555,40.91787],[-73.75549,40.91777],[-73.75519,40.91755],[-73.75512,40.91728],[-73.75489,40.91714],[-73.7548,40.91697],[-73.75485,40.91673],[-73.75497,40.91654],[-73.75521,40.91639],[-73.75577,40.91615],[-73.75628,40.91602],[-73.75963,40.91203],[-73.76128,40.9097],[-73.76168,40.9084],[-73.76188,40.9072],[-73.76138,40.9052],[-73.75968,40.901],[-73.75508,40.8933],[-73.74958,40.88623],[-73.7406,40.8762],[-73.748,40.87187],[-73.74806,40.87172],[-73.76099,40.87518],[-73.7812,40.88048],[-73.7837,40.88108],[-73.78473,40.88186],[-73.78538,40.88218],[-73.78666,40.88347],[-73.78666,40.88358],[-73.7883,40.88509],[-73.78834,40.88517],[-73.79402,40.89087],[-73.79764,40.89457],[-73.79812,40.8952],[-73.79831,40.89565],[-73.79853,40.89595],[-73.79911,40.89859],[-73.79927,40.89956],[-73.79969,40.90145],[-73.7999,40.90261],[-73.80013,40.90427],[-73.80095,40.90824],[-73.80121,40.90841],[-73.80195,40.91181],[-73.80198,40.91182],[-73.80179,40.91246],[-73.8018,40.91272],[-73.80191,40.91287],[-73.80207,40.9132],[-73.80225,40.91322],[-73.80305,40.91683],[-73.80314,40.91751],[-73.80356,40.91917],[-73.80397,40.92099],[-73.80397,40.92118],[-73.80389,40.92152],[-73.80441,40.92415],[-73.80471,40.92517],[-73.80474,40.92527],[-73.80481,40.92532],[-73.80501,40.92592],[-73.80504,40.9265],[-73.80508,40.9266],[-73.80519,40.92672],[-73.8054,40.92684],[-73.80513,40.92724],[-73.80513,40.92737],[-73.80502,40.92765],[-73.80453,40.92805],[-73.80438,40.92814],[-73.80395,40.92817],[-73.80365,40.9285],[-73.8033,40.92861],[-73.80196,40.92935],[-73.80178,40.92953],[-73.80165,40.92992],[-73.80139,40.93003],[-73.801,40.93003],[-73.80066,40.93013],[-73.80089,40.93032],[-73.80098,40.93052],[-73.80087,40.93164],[-73.80086,40.93203],[-73.80077,40.93275],[-73.80108,40.93271],[-73.80134,40.93273],[-73.80134,40.93279],[-73.80153,40.9329],[-73.80194,40.93336],[-73.80227,40.93327],[-73.803,40.93332],[-73.80327,40.93338],[-73.80355,40.93326],[-73.80382,40.93323],[-73.80391,40.93326],[-73.80398,40.93338],[-73.80405,40.93342],[-73.80419,40.93344],[-73.80466,40.93334],[-73.80583,40.9339],[-73.80637,40.93431],[-73.80676,40.93466],[-73.80692,40.93498],[-73.807,40.93544]]]}},{"type":"Feature","properties":{"std_name":"Glen Cove city","std_geoid":"3605929113","pen":"politicians","std_note":null,"LSAD":"25","NAME":"Glen Cove"},"geometry":{"type":"Polygon","coordinates":[[[-73.69445,40.90305],[-73.61309,40.95082],[-73.62024,40.90247],[-73.62102,40.89851],[-73.62099,40.89802],[-73.62039,40.89579],[-73.62029,40.89567],[-73.6202,40.89464],[-73.61968,40.89056],[-73.61927,40.88905],[-73.61912,40.88867],[-73.61881,40.88812],[-73.6186,40.88734],[-73.61797,40.88636],[-73.61761,40.88494],[-73.61684,40.88281],[-73.61616,40.88026],[-73.61516,40.87827],[-73.61404,40.87658],[-73.61399,40.87559],[-73.61406,40.87528],[-73.61419,40.87498],[-73.61455,40.87478],[-73.6123,40.87378],[-73.60489,40.87063],[-73.59708,40.86721],[-73.59381,40.86597],[-73.59376,40.86561],[-73.59367,40.86527],[-73.59266,40.86362],[-73.59256,40.86339],[-73.59252,40.86304],[-73.59253,40.86235],[-73.59259,40.8614],[-73.59257,40.86118],[-73.59251,40.86099],[-73.59207,40.8599],[-73.59194,40.85971],[-73.59191,40.85943],[-73.59172,40.859],[-73.59111,40.85825],[-73.591,40.85806],[-73.59085,40.85764],[-73.59069,40.85698],[-73.5926,40.85685],[-73.59584,40.85671],[-73.59618,40.85678],[-73.59896,40.85652],[-73.60166,40.85634],[-73.60392,40.85625],[-73.60402,40.85629],[-73.60407,40.85623],[-73.60544,40.85597],[-73.60643,40.85585],[-73.60847,40.856],[-73.60823,40.85535],[-73.61133,40.85507],[-73.61137,40.85524],[-73.6119,40.8552],[-73.61212,40.85513],[-73.6128,40.85484],[-73.61454,40.85491],[-73.61447,40.85434],[-73.61417,40.85367],[-73.61893,40.8533],[-73.61927,40.85299],[-73.6192,40.85262],[-73.62021,40.85183],[-73.62154,40.85086],[-73.62267,40.8503],[-73.62547,40.8481],[-73.62677,40.8475],[-73.63139,40.84643],[-73.63571,40.84608],[-73.63576,40.84622],[-73.63581,40.84651],[-73.63578,40.8476],[-73.63546,40.84902],[-73.63536,40.851],[-73.63524,40.85188],[-73.63484,40.8531],[-73.63438,40.85368],[-73.63433,40.85382],[-73.63434,40.85393],[-73.636,40.85346],[-73.63757,40.8533],[-73.63947,40.853],[-73.64127,40.85236],[-73.64221,40.85207],[-73.64228,40.85225],[-73.64235,40.85234],[-73.64252,40.85246],[-73.64265,40.85251],[-73.64294,40.85246],[-73.6435,40.85227],[-73.64364,40.85232],[-73.64375,40.85246],[-73.64386,40.85321],[-73.64529,40.85286],[-73.6458,40.85262],[-73.64599,40.85247],[-73.64723,40.85268],[-73.6488,40.85357],[-73.64961,40.85376],[-73.65013,40.85556],[-73.65208,40.85574],[-73.67107,40.8593],[-73.676,40.86657],[-73.69445,40.90305]]]}},{"type":"Feature","properties":{"std_name":"Long Beach city","std_geoid":"3605943335","pen":"politicians","std_note":null,"LSAD":"25","NAME":"Long Beach"},"geometry":{"type":"Polygon","coordinates":[[[-73.70114,40.58327],[-73.70112,40.58831],[-73.70108,40.5907],[-73.68707,40.5908],[-73.68597,40.5917],[-73.68108,40.5941],[-73.67067,40.5949],[-73.66254,40.59523],[-73.66173,40.59529],[-73.65944,40.59534],[-73.65673,40.59536],[-73.65255,40.59553],[-73.64945,40.59559],[-73.64657,40.5957],[-73.6386,40.59579],[-73.63757,40.59584],[-73.63746,40.59516],[-73.63757,40.58879],[-73.63765,40.5867],[-73.63746,40.58544],[-73.63742,40.58348],[-73.6357,40.5754],[-73.64668,40.57463],[-73.65861,40.57612],[-73.68134,40.57902],[-73.7014,40.57914],[-73.70114,40.58327]]]}}]}