{"type":"FeatureCollection","features":[{"type":"Feature","properties":{"std_name":"Assembly District 62","std_geoid":"36062","pen":"politicians","std_note":null,"LSAD":"L3"},"geometry":{"type":"Polygon","coordinates":[[[-74.25884,40.49887],[-74.25813,40.50872],[-74.2541,40.51566],[-74.24602,40.52096],[-74.25028,40.5423],[-74.24748,40.54938],[-74.23141,40.55918],[-74.218,40.55706],[-74.21457,40.56053],[-74.21014,40.57372],[-74.2091,40.57885],[-74.20607,40.57961],[-74.20596,40.58005],[-74.20553,40.5815],[-74.20503,40.58172],[-74.20364,40.58532],[-74.20411,40.58679],[-74.20438,40.58841],[-74.20406,40.58963],[-74.20234,40.59148],[-74.19906,40.5949],[-74.198,40.59662],[-74.19739,40.59688],[-74.19744,40.59846],[-74.19702,40.59876],[-74.19634,40.59862],[-74.19619,40.59854],[-74.19617,40.5985],[-74.19627,40.59813],[-74.19623,40.59786],[-74.19617,40.59775],[-74.19603,40.59762],[-74.19572,40.59746],[-74.19538,40.59736],[-74.1943,40.59722],[-74.1943,40.59734],[-74.19422,40.59752],[-74.19408,40.59757],[-74.1937,40.5976],[-74.19332,40.59754],[-74.19316,40.5974],[-74.1931,40.5974],[-74.19276,40.59726],[-74.19211,40.59682],[-74.19215,40.59671],[-74.19194,40.5967],[-74.1916,40.59753],[-74.19119,40.59721],[-74.19148,40.59657],[-74.19234,40.59421],[-74.19225,40.59404],[-74.19172,40.59389],[-74.19034,40.59334],[-74.18943,40.59243],[-74.18882,40.5928],[-74.1861,40.59139],[-74.18697,40.59036],[-74.1873,40.59004],[-74.18846,40.59066],[-74.18873,40.59014],[-74.1891,40.5896],[-74.192,40.58631],[-74.19132,40.5857],[-74.19152,40.58555],[-74.19165,40.58537],[-74.19174,40.58505],[-74.19033,40.57944],[-74.1902,40.57915],[-74.18984,40.57872],[-74.18977,40.57854],[-74.18978,40.57823],[-74.18994,40.57794],[-74.19025,40.57773],[-74.19051,40.57765],[-74.1902,40.57631],[-74.18959,40.57652],[-74.18681,40.57638],[-74.18688,40.57706],[-74.18593,40.57671],[-74.18519,40.57677],[-74.1852,40.5767],[-74.18476,40.57634],[-74.18452,40.57591],[-74.18393,40.5751],[-74.18331,40.57412],[-74.17929,40.57274],[-74.17861,40.57239],[-74.17815,40.57208],[-74.17667,40.57088],[-74.17592,40.56983],[-74.17558,40.56922],[-74.17548,40.56879],[-74.17542,40.56813],[-74.17528,40.56776],[-74.17461,40.56714],[-74.17421,40.56696],[-74.1736,40.56685],[-74.17337,40.56692],[-74.1729,40.56715],[-74.17249,40.56732],[-74.17202,40.56745],[-74.17128,40.56753],[-74.17023,40.56723],[-74.16961,40.56665],[-74.16983,40.56108],[-74.16589,40.56028],[-74.16555,40.56064],[-74.16499,40.56145],[-74.16439,40.56562],[-74.16256,40.56673],[-74.15161,40.57076],[-74.152,40.57025],[-74.15177,40.56998],[-74.15176,40.57023],[-74.15145,40.57033],[-74.15095,40.57008],[-74.15092,40.56966],[-74.15032,40.56968],[-74.14984,40.56936],[-74.1479,40.57089],[-74.14723,40.57146],[-74.14656,40.57296],[-74.14657,40.57308],[-74.14666,40.57319],[-74.1468,40.57324],[-74.14702,40.57323],[-74.1471,40.5734],[-74.14712,40.5736],[-74.1471,40.5737],[-74.14701,40.57388],[-74.14683,40.57408],[-74.14684,40.57425],[-74.14713,40.57455],[-74.14734,40.5749],[-74.14763,40.57528],[-74.14796,40.57561],[-74.14758,40.57571],[-74.14702,40.57575],[-74.14692,40.57587],[-74.14685,40.57591],[-74.14664,40.57596],[-74.14639,40.5759],[-74.14604,40.57588],[-74.14567,40.57569],[-74.14544,40.57567],[-74.14496,40.57574],[-74.14344,40.57616],[-74.14337,40.57593],[-74.14267,40.57603],[-74.14226,40.57612],[-74.14093,40.57574],[-74.14025,40.5758],[-74.13918,40.57566],[-74.13331,40.57637],[-74.12922,40.57767],[-74.12887,40.57702],[-74.12725,40.57755],[-74.12717,40.57681],[-74.12709,40.57637],[-74.1272,40.57599],[-74.1274,40.5756],[-74.12765,40.57523],[-74.1278,40.57518],[-74.12762,40.57415],[-74.12771,40.57376],[-74.12681,40.57341],[-74.12695,40.57275],[-74.12721,40.57202],[-74.12761,40.57136],[-74.12418,40.56943],[-74.1249,40.56895],[-74.12309,40.56797],[-74.12426,40.56682],[-74.12571,40.56533],[-74.12703,40.56415],[-74.12741,40.56354],[-74.1284,40.56267],[-74.13157,40.56004],[-74.13183,40.56019],[-74.13449,40.55804],[-74.13667,40.55634],[-74.13823,40.55532],[-74.13921,40.55476],[-74.14048,40.55418],[-74.14043,40.55436],[-74.14212,40.55359],[-74.14558,40.55271],[-74.14871,40.55221],[-74.1495,40.55202],[-74.1505,40.55163],[-74.15064,40.55195],[-74.16117,40.54919],[-74.16339,40.54892],[-74.16524,40.54873],[-74.1646,40.54585],[-74.16574,40.5454],[-74.16549,40.54465],[-74.1654,40.54443],[-74.1653,40.54427],[-74.16423,40.5433],[-74.16344,40.54377],[-74.16239,40.54391],[-74.16095,40.54242],[-74.1602,40.54281],[-74.15866,40.54125],[-74.15795,40.54167],[-74.15472,40.5384],[-74.15141,40.5365],[-74.15158,40.53635],[-74.1493,40.53503],[-74.14966,40.53483],[-74.14992,40.53464],[-74.14923,40.53424],[-74.14855,40.53462],[-74.14713,40.53523],[-74.1461,40.53552],[-74.14258,40.53433],[-74.14333,40.53359],[-74.09803,40.49849],[-74.22533,40.47658],[-74.25304,40.48666],[-74.25884,40.49887]]]}},{"type":"Feature","properties":{"std_name":"Assembly District 63","std_geoid":"36063","pen":"politicians","std_note":null,"LSAD":"L3"},"geometry":{"type":"Polygon","coordinates":[[[-74.2091,40.57885],[-74.20724,40.58792],[-74.19959,40.59785],[-74.19959,40.60038],[-74.20483,40.60606],[-74.20389,40.61428],[-74.20243,40.61677],[-74.20392,40.62437],[-74.20228,40.62878],[-74.2024,40.63159],[-74.19816,40.63479],[-74.19625,40.63769],[-74.19143,40.64202],[-74.18564,40.64604],[-74.18165,40.64653],[-74.16154,40.64416],[-74.16148,40.64343],[-74.16125,40.64179],[-74.16019,40.64021],[-74.16015,40.63806],[-74.16039,40.63159],[-74.1604,40.6288],[-74.1605,40.62653],[-74.16024,40.6265],[-74.16045,40.62485],[-74.16127,40.6227],[-74.15774,40.62227],[-74.15776,40.62218],[-74.15682,40.62203],[-74.15725,40.62162],[-74.15699,40.62159],[-74.15154,40.6212],[-74.15095,40.62159],[-74.15001,40.62244],[-74.14858,40.6217],[-74.1526,40.61756],[-74.15219,40.61754],[-74.15245,40.61711],[-74.15266,40.61667],[-74.15298,40.61563],[-74.15321,40.61459],[-74.15382,40.61243],[-74.15314,40.61194],[-74.15051,40.60991],[-74.14997,40.60954],[-74.14022,40.6115],[-74.13911,40.61552],[-74.13863,40.61764],[-74.13772,40.621],[-74.13627,40.62077],[-74.1337,40.6203],[-74.1317,40.62036],[-74.12716,40.62073],[-74.12649,40.62058],[-74.12467,40.6208],[-74.11967,40.62174],[-74.11857,40.62254],[-74.11841,40.62376],[-74.11713,40.62453],[-74.11539,40.62389],[-74.11331,40.62304],[-74.11359,40.6237],[-74.11409,40.6246],[-74.11545,40.62722],[-74.11595,40.62823],[-74.11614,40.6287],[-74.11684,40.63267],[-74.1172,40.63457],[-74.11454,40.63476],[-74.10354,40.6347],[-74.10253,40.63466],[-74.09941,40.63411],[-74.09839,40.63401],[-74.09727,40.634],[-74.09605,40.63327],[-74.09544,40.63318],[-74.09457,40.63335],[-74.09359,40.63317],[-74.09296,40.63315],[-74.09252,40.63333],[-74.09197,40.63327],[-74.09128,40.63277],[-74.09064,40.63262],[-74.09004,40.63277],[-74.08762,40.63165],[-74.08808,40.63108],[-74.08682,40.63032],[-74.08855,40.62891],[-74.08892,40.62779],[-74.0885,40.62388],[-74.08849,40.62345],[-74.08867,40.62103],[-74.08986,40.61988],[-74.09022,40.61941],[-74.09067,40.61871],[-74.09108,40.61861],[-74.09192,40.61857],[-74.09259,40.61873],[-74.09322,40.61877],[-74.09355,40.6187],[-74.09373,40.61858],[-74.09393,40.61834],[-74.09405,40.61812],[-74.09409,40.61787],[-74.09407,40.6177],[-74.0943,40.61666],[-74.0939,40.6165],[-74.09339,40.6162],[-74.09294,40.61606],[-74.09267,40.61585],[-74.09247,40.61492],[-74.09188,40.61507],[-74.09018,40.61498],[-74.09049,40.61429],[-74.08958,40.61401],[-74.08874,40.61381],[-74.08933,40.61277],[-74.08976,40.61223],[-74.08973,40.61209],[-74.08942,40.61205],[-74.08885,40.61185],[-74.08951,40.61088],[-74.089,40.61066],[-74.08959,40.60985],[-74.08886,40.60941],[-74.08795,40.61032],[-74.08296,40.60737],[-74.08208,40.60823],[-74.0809,40.6095],[-74.08019,40.60919],[-74.07984,40.60972],[-74.07799,40.61288],[-74.0777,40.61357],[-74.07727,40.61443],[-74.07731,40.61481],[-74.07826,40.61559],[-74.07876,40.61592],[-74.0811,40.61779],[-74.08198,40.61878],[-74.0815,40.61957],[-74.08148,40.61978],[-74.0815,40.61997],[-74.08158,40.62029],[-74.08172,40.62059],[-74.08189,40.62083],[-74.07826,40.62199],[-74.0796,40.6246],[-74.07997,40.62448],[-74.07817,40.62647],[-74.07565,40.62666],[-74.0735,40.62688],[-74.07347,40.62674],[-74.07326,40.62676],[-74.07328,40.62689],[-74.07291,40.62692],[-74.07272,40.62688],[-74.07269,40.62685],[-74.07258,40.62621],[-74.07243,40.6256],[-74.07241,40.62512],[-74.07224,40.62461],[-74.07201,40.62431],[-74.07178,40.62389],[-74.07151,40.62353],[-74.07119,40.62291],[-74.07077,40.62259],[-74.07069,40.62244],[-74.07058,40.62234],[-74.07031,40.62192],[-74.07012,40.6216],[-74.07008,40.62147],[-74.06992,40.62131],[-74.06952,40.62105],[-74.06948,40.62109],[-74.06934,40.62101],[-74.06905,40.6207],[-74.06848,40.6203],[-74.06839,40.6203],[-74.06667,40.61909],[-74.06671,40.61903],[-74.0662,40.61873],[-74.06554,40.61927],[-74.06545,40.61921],[-74.06664,40.61805],[-74.06644,40.61788],[-74.06605,40.6182],[-74.06564,40.61791],[-74.0654,40.61808],[-74.06496,40.61778],[-74.06436,40.61826],[-74.06426,40.61818],[-74.0651,40.61751],[-74.06447,40.61706],[-74.06438,40.61713],[-74.06449,40.61722],[-74.06422,40.61742],[-74.06412,40.61735],[-74.06384,40.61757],[-74.06373,40.6175],[-74.06433,40.617],[-74.06419,40.61691],[-74.0638,40.61677],[-74.06361,40.61642],[-74.06291,40.61578],[-74.06267,40.6155],[-74.06187,40.61482],[-74.06141,40.61431],[-74.06128,40.61409],[-74.06079,40.61302],[-74.06072,40.61304],[-74.06065,40.61283],[-74.06068,40.61252],[-74.06056,40.61217],[-74.06043,40.61199],[-74.06036,40.61192],[-74.06011,40.61204],[-74.06004,40.61193],[-74.06025,40.61182],[-74.0602,40.6118],[-74.06009,40.61182],[-74.05991,40.61175],[-74.05948,40.61169],[-74.05929,40.61149],[-74.059,40.61099],[-74.05916,40.61086],[-74.05918,40.61076],[-74.05911,40.61065],[-74.06256,40.60924],[-74.06265,40.60936],[-74.06285,40.6091],[-74.06303,40.60897],[-74.06328,40.60878],[-74.06382,40.60846],[-74.06445,40.60813],[-74.0663,40.60737],[-74.06713,40.60699],[-74.06822,40.60628],[-74.069,40.6044],[-74.06909,40.60412],[-74.07178,40.60519],[-74.07271,40.60553],[-74.07398,40.60581],[-74.07657,40.60625],[-74.07668,40.60547],[-74.07702,40.60363],[-74.07719,40.60285],[-74.07672,40.60214],[-74.07795,40.60208],[-74.08008,40.60209],[-74.08025,40.60171],[-74.08219,40.60194],[-74.08381,40.60415],[-74.08497,40.60369],[-74.08521,40.60409],[-74.08565,40.60374],[-74.08587,40.60385],[-74.08614,40.60358],[-74.08952,40.60538],[-74.09092,40.60616],[-74.08944,40.60769],[-74.09096,40.60863],[-74.09151,40.60911],[-74.09272,40.60962],[-74.09518,40.61022],[-74.09574,40.61027],[-74.09704,40.61028],[-74.10163,40.61007],[-74.10365,40.61004],[-74.10543,40.60983],[-74.10535,40.61021],[-74.10795,40.61005],[-74.10932,40.61011],[-74.11013,40.61019],[-74.11053,40.61025],[-74.11154,40.61057],[-74.11269,40.61085],[-74.11343,40.61098],[-74.11501,40.61108],[-74.11594,40.61101],[-74.11676,40.61087],[-74.11667,40.6101],[-74.11735,40.61006],[-74.11788,40.60998],[-74.11743,40.60929],[-74.11835,40.60914],[-74.11787,40.60323],[-74.11782,40.60255],[-74.11784,40.60186],[-74.1206,40.60181],[-74.12055,40.60102],[-74.12077,40.60067],[-74.12229,40.59969],[-74.12264,40.59942],[-74.12628,40.59345],[-74.12638,40.59072],[-74.12782,40.58944],[-74.12778,40.58745],[-74.1291,40.58629],[-74.12894,40.58501],[-74.12914,40.58416],[-74.12714,40.58253],[-74.12684,40.58248],[-74.12639,40.58251],[-74.12614,40.58056],[-74.12692,40.58007],[-74.12749,40.57979],[-74.12712,40.57918],[-74.12936,40.57839],[-74.12948,40.57815],[-74.12976,40.57791],[-74.13004,40.57779],[-74.13056,40.57766],[-74.13127,40.57733],[-74.13153,40.57708],[-74.13169,40.57706],[-74.13196,40.57718],[-74.13219,40.57719],[-74.13233,40.57709],[-74.133,40.57685],[-74.13326,40.57666],[-74.13365,40.57648],[-74.13396,40.57638],[-74.13434,40.57635],[-74.1349,40.57617],[-74.13918,40.57566],[-74.14025,40.5758],[-74.14093,40.57574],[-74.14226,40.57612],[-74.14267,40.57603],[-74.14337,40.57593],[-74.14344,40.57616],[-74.14496,40.57574],[-74.14544,40.57567],[-74.14567,40.57569],[-74.14604,40.57588],[-74.14639,40.5759],[-74.14664,40.57596],[-74.14685,40.57591],[-74.14692,40.57587],[-74.14702,40.57575],[-74.14758,40.57571],[-74.14796,40.57561],[-74.14763,40.57528],[-74.14734,40.5749],[-74.14713,40.57455],[-74.14684,40.57425],[-74.14683,40.57408],[-74.14701,40.57388],[-74.1471,40.5737],[-74.14712,40.5736],[-74.1471,40.5734],[-74.14702,40.57323],[-74.14687,40.57325],[-74.14673,40.57323],[-74.14661,40.57314],[-74.14655,40.57302],[-74.14658,40.5729],[-74.14723,40.57146],[-74.1479,40.57089],[-74.14984,40.56936],[-74.15032,40.56968],[-74.15092,40.56966],[-74.15095,40.57008],[-74.15145,40.57033],[-74.15176,40.57023],[-74.15177,40.56998],[-74.152,40.57025],[-74.15161,40.57076],[-74.16256,40.56673],[-74.16439,40.56562],[-74.16499,40.56145],[-74.16555,40.56064],[-74.16589,40.56028],[-74.16983,40.56108],[-74.16961,40.56665],[-74.17023,40.56723],[-74.17128,40.56753],[-74.17202,40.56745],[-74.17249,40.56732],[-74.1729,40.56715],[-74.17337,40.56692],[-74.1736,40.56685],[-74.17421,40.56696],[-74.17461,40.56714],[-74.17528,40.56776],[-74.17542,40.56813],[-74.17548,40.56879],[-74.17558,40.56922],[-74.17592,40.56983],[-74.17667,40.57088],[-74.17815,40.57208],[-74.17861,40.57239],[-74.17929,40.57274],[-74.18331,40.57412],[-74.18393,40.5751],[-74.18452,40.57591],[-74.18476,40.57634],[-74.1852,40.5767],[-74.18519,40.57677],[-74.18593,40.57671],[-74.18688,40.57706],[-74.18681,40.57638],[-74.18959,40.57652],[-74.1902,40.57631],[-74.19051,40.57765],[-74.19025,40.57773],[-74.18994,40.57794],[-74.18978,40.57823],[-74.18977,40.57854],[-74.18984,40.57872],[-74.1902,40.57915],[-74.19033,40.57944],[-74.19174,40.58505],[-74.19165,40.58537],[-74.19152,40.58555],[-74.19132,40.5857],[-74.192,40.58631],[-74.1891,40.5896],[-74.18873,40.59014],[-74.18846,40.59066],[-74.1873,40.59004],[-74.18697,40.59036],[-74.1861,40.59139],[-74.18882,40.5928],[-74.18943,40.59243],[-74.19034,40.59334],[-74.19172,40.59389],[-74.19225,40.59404],[-74.19234,40.59421],[-74.19148,40.59657],[-74.19119,40.59721],[-74.1916,40.59753],[-74.19194,40.5967],[-74.19215,40.59671],[-74.19211,40.59682],[-74.19276,40.59726],[-74.1931,40.5974],[-74.19316,40.5974],[-74.19332,40.59754],[-74.1937,40.5976],[-74.19408,40.59757],[-74.19422,40.59752],[-74.1943,40.59734],[-74.1943,40.59722],[-74.19538,40.59736],[-74.19572,40.59746],[-74.19603,40.59762],[-74.19617,40.59775],[-74.19623,40.59786],[-74.19627,40.59813],[-74.19617,40.5985],[-74.19619,40.59854],[-74.19634,40.59862],[-74.19702,40.59876],[-74.19744,40.59846],[-74.19739,40.59688],[-74.198,40.59662],[-74.19906,40.5949],[-74.20234,40.59148],[-74.20406,40.58963],[-74.20438,40.58841],[-74.20411,40.58679],[-74.20364,40.58532],[-74.20503,40.58172],[-74.20553,40.5815],[-74.20596,40.58005],[-74.20607,40.57961],[-74.2091,40.57885]]]}},{"type":"Feature","properties":{"std_name":"Assembly District 64","std_geoid":"36064","pen":"politicians","std_note":null,"LSAD":"L3"},"geometry":{"type":"Polygon","coordinates":[[[-74.16574,40.5454],[-74.1646,40.54585],[-74.16524,40.54873],[-74.16339,40.54892],[-74.16117,40.54919],[-74.15064,40.55195],[-74.1505,40.55163],[-74.1495,40.55202],[-74.14871,40.55221],[-74.14558,40.55271],[-74.14212,40.55359],[-74.14043,40.55436],[-74.14048,40.55418],[-74.13937,40.55468],[-74.13823,40.55532],[-74.13667,40.55634],[-74.13449,40.55804],[-74.13183,40.56019],[-74.13157,40.56004],[-74.13094,40.56054],[-74.1284,40.56267],[-74.12741,40.56354],[-74.12703,40.56415],[-74.12571,40.56533],[-74.12426,40.56682],[-74.12309,40.56797],[-74.1249,40.56895],[-74.12418,40.56943],[-74.12761,40.57136],[-74.12721,40.57202],[-74.12695,40.57275],[-74.12681,40.57341],[-74.12771,40.57376],[-74.12762,40.57415],[-74.1278,40.57518],[-74.12765,40.57523],[-74.1274,40.5756],[-74.1272,40.57599],[-74.12709,40.57637],[-74.12717,40.57681],[-74.12725,40.57755],[-74.12887,40.57702],[-74.12922,40.57767],[-74.13331,40.57637],[-74.1349,40.57617],[-74.13434,40.57635],[-74.13396,40.57638],[-74.13365,40.57648],[-74.13326,40.57666],[-74.133,40.57685],[-74.13233,40.57709],[-74.13219,40.57719],[-74.13196,40.57718],[-74.13169,40.57706],[-74.13153,40.57708],[-74.13127,40.57733],[-74.13056,40.57766],[-74.13004,40.57779],[-74.12976,40.57791],[-74.12948,40.57815],[-74.12936,40.57839],[-74.12712,40.57918],[-74.12749,40.57979],[-74.12692,40.58007],[-74.12614,40.58056],[-74.12639,40.58251],[-74.12684,40.58248],[-74.12714,40.58253],[-74.12914,40.58416],[-74.12894,40.58501],[-74.1291,40.58629],[-74.12778,40.58745],[-74.12782,40.58944],[-74.12638,40.59072],[-74.12628,40.59345],[-74.12264,40.59942],[-74.12229,40.59969],[-74.12077,40.60067],[-74.12055,40.60102],[-74.1206,40.60181],[-74.11784,40.60186],[-74.11782,40.60255],[-74.11787,40.60323],[-74.11835,40.60914],[-74.11743,40.60929],[-74.11788,40.60998],[-74.11735,40.61006],[-74.11667,40.6101],[-74.11676,40.61087],[-74.11594,40.61101],[-74.11501,40.61108],[-74.11343,40.61098],[-74.11269,40.61085],[-74.11154,40.61057],[-74.11053,40.61025],[-74.11013,40.61019],[-74.10932,40.61011],[-74.10795,40.61005],[-74.10535,40.61021],[-74.10543,40.60983],[-74.10365,40.61004],[-74.10163,40.61007],[-74.09704,40.61028],[-74.09615,40.61029],[-74.09518,40.61022],[-74.09272,40.60962],[-74.09151,40.60911],[-74.09096,40.60863],[-74.08944,40.60769],[-74.09092,40.60616],[-74.08952,40.60538],[-74.08614,40.60358],[-74.08587,40.60385],[-74.08565,40.60374],[-74.08521,40.60409],[-74.08497,40.60369],[-74.08381,40.60415],[-74.08219,40.60194],[-74.08025,40.60171],[-74.08008,40.60209],[-74.07795,40.60208],[-74.07672,40.60214],[-74.07719,40.60285],[-74.07702,40.60363],[-74.07668,40.60547],[-74.07657,40.60625],[-74.07398,40.60581],[-74.07271,40.60553],[-74.07178,40.60519],[-74.06909,40.60412],[-74.069,40.6044],[-74.06822,40.60628],[-74.06713,40.60699],[-74.0663,40.60737],[-74.06445,40.60813],[-74.06382,40.60846],[-74.06328,40.60878],[-74.06303,40.60897],[-74.06285,40.6091],[-74.06265,40.60936],[-74.06256,40.60924],[-74.05911,40.61065],[-74.05918,40.61076],[-74.05916,40.61086],[-74.059,40.61099],[-74.05929,40.61149],[-74.05948,40.61169],[-74.05991,40.61175],[-74.06009,40.61182],[-74.0602,40.6118],[-74.06025,40.61182],[-74.06024,40.61184],[-74.06004,40.61193],[-74.06011,40.61204],[-74.06036,40.61192],[-74.06056,40.61217],[-74.06068,40.61252],[-74.06065,40.61283],[-74.06072,40.61304],[-74.06079,40.61302],[-74.06128,40.61409],[-74.06141,40.61431],[-74.06187,40.61482],[-74.06267,40.6155],[-74.06291,40.61578],[-74.06361,40.61642],[-74.05235,40.62013],[-74.05663,40.62729],[-74.05619,40.63928],[-74.03847,40.63568],[-74.03714,40.63829],[-74.03673,40.63914],[-74.03676,40.63919],[-74.03622,40.64006],[-74.03598,40.6404],[-74.03576,40.64063],[-74.03585,40.64078],[-74.03598,40.6409],[-74.03646,40.64117],[-74.03675,40.64141],[-74.0368,40.64148],[-74.0368,40.64158],[-74.03674,40.64167],[-74.03635,40.64208],[-74.03612,40.64222],[-74.03444,40.64382],[-74.03453,40.64388],[-74.03407,40.64431],[-74.03287,40.64359],[-74.03264,40.6438],[-74.03208,40.64341],[-74.02906,40.64173],[-74.02892,40.64145],[-74.02911,40.64142],[-74.02908,40.64127],[-74.0289,40.64115],[-74.0289,40.64101],[-74.02907,40.64097],[-74.02885,40.6408],[-74.02909,40.64081],[-74.03032,40.63965],[-74.03089,40.63828],[-74.02567,40.63667],[-74.02575,40.63647],[-74.01824,40.63303],[-74.01781,40.6341],[-74.0175,40.63475],[-74.01698,40.63524],[-74.01656,40.63464],[-74.0164,40.63418],[-74.01633,40.6337],[-74.01638,40.63315],[-74.01756,40.63013],[-74.01806,40.62862],[-74.01966,40.62958],[-74.01983,40.62917],[-74.02479,40.63151],[-74.03019,40.63279],[-74.03196,40.62847],[-74.03464,40.62911],[-74.03784,40.62127],[-74.03953,40.62167],[-74.03988,40.62162],[-74.04021,40.62163],[-74.04048,40.62079],[-74.04051,40.62044],[-74.04048,40.62011],[-74.04029,40.61961],[-74.03997,40.61915],[-74.03798,40.61586],[-74.03707,40.61382],[-74.03609,40.61256],[-74.03487,40.61137],[-74.03488,40.61128],[-74.03495,40.61118],[-74.03501,40.611],[-74.03509,40.61062],[-74.03508,40.6103],[-74.035,40.60998],[-74.03505,40.60954],[-74.03604,40.6093],[-74.04149,40.60751],[-74.04374,40.60669],[-74.04139,40.60311],[-74.03788,40.5892],[-74.03455,40.57625],[-74.03505,40.57285],[-74.0363,40.55091],[-74.03813,40.53829],[-74.04228,40.50809],[-74.09803,40.49849],[-74.14333,40.53359],[-74.14258,40.53433],[-74.1461,40.53552],[-74.14713,40.53523],[-74.14855,40.53462],[-74.14923,40.53424],[-74.14992,40.53464],[-74.14966,40.53483],[-74.1493,40.53503],[-74.15158,40.53635],[-74.15141,40.5365],[-74.15472,40.5384],[-74.15795,40.54167],[-74.15866,40.54125],[-74.1602,40.54281],[-74.16095,40.54242],[-74.16239,40.54391],[-74.16344,40.54377],[-74.16423,40.5433],[-74.1653,40.54427],[-74.1654,40.54443],[-74.16549,40.54465],[-74.16574,40.5454]]]}},{"type":"Feature","properties":{"std_name":"Assembly District 61","std_geoid":"36061","pen":"politicians","std_note":null,"LSAD":"L3"},"geometry":{"type":"MultiPolygon","coordinates":[[[[-74.04075,40.70017],[-74.0407,40.70022],[-74.04065,40.70021],[-74.04033,40.7001],[-74.04008,40.70009],[-74.03993,40.69999],[-74.03974,40.69995],[-74.03966,40.69987],[-74.03955,40.69984],[-74.03948,40.69978],[-74.03925,40.69969],[-74.03894,40.69965],[-74.03881,40.69953],[-74.03872,40.6993],[-74.03851,40.69915],[-74.03846,40.69898],[-74.03845,40.69882],[-74.03837,40.69867],[-74.03857,40.69873],[-74.03862,40.6987],[-74.0386,40.69868],[-74.03874,40.69864],[-74.03896,40.69859],[-74.03917,40.69859],[-74.03929,40.69863],[-74.03938,40.69873],[-74.03965,40.69879],[-74.03993,40.69859],[-74.04023,40.69883],[-74.0401,40.69893],[-74.03999,40.69889],[-74.03987,40.69889],[-74.0398,40.69894],[-74.0398,40.69898],[-74.03998,40.69912],[-74.04019,40.69922],[-74.04021,40.69931],[-74.04043,40.69941],[-74.04048,40.6996],[-74.04061,40.69977],[-74.04075,40.70017]]],[[[-74.04721,40.69089],[-74.04715,40.69098],[-74.04704,40.69104],[-74.04618,40.69109],[-74.04611,40.69112],[-74.04598,40.69111],[-74.04457,40.69056],[-74.04389,40.69018],[-74.04345,40.68963],[-74.0435,40.68917],[-74.04362,40.68876],[-74.04394,40.68857],[-74.04413,40.68854],[-74.04435,40.68851],[-74.04479,40.68859],[-74.04625,40.68932],[-74.04718,40.69041],[-74.04704,40.69048],[-74.04703,40.69059],[-74.0472,40.6908],[-74.04721,40.69089]]],[[[-74.16154,40.64416],[-74.14311,40.64199],[-74.13292,40.64368],[-74.12602,40.64215],[-74.10985,40.64806],[-74.09344,40.64807],[-74.08699,40.65151],[-74.05575,40.65148],[-74.02639,40.7001],[-74.02364,40.71807],[-74.02307,40.72041],[-74.01305,40.71909],[-74.01229,40.71904],[-74.01338,40.71441],[-74.0137,40.71367],[-74.01255,40.71315],[-74.01166,40.7128],[-74.01012,40.71209],[-74.01046,40.71153],[-74.00906,40.71089],[-74.01085,40.7088],[-74.01325,40.70587],[-74.01336,40.70542],[-74.01333,40.70503],[-74.01155,40.70495],[-74.01147,40.70503],[-74.00998,40.70515],[-74.00801,40.70545],[-74.00795,40.70555],[-74.0069,40.70482],[-74.00629,40.70423],[-74.00475,40.70523],[-74.00434,40.70497],[-74.00455,40.70484],[-74.00363,40.7033],[-73.99814,40.70152],[-73.9967,40.70088],[-73.9975,40.69965],[-73.99803,40.69876],[-73.99885,40.69714],[-73.99876,40.69711],[-73.99886,40.69692],[-73.99894,40.69694],[-73.99899,40.69681],[-73.99918,40.69689],[-73.99947,40.6967],[-73.99953,40.69658],[-73.99943,40.69641],[-73.99946,40.69628],[-74.00028,40.69496],[-74.00096,40.69407],[-74.00132,40.69321],[-74.00174,40.69241],[-74.00197,40.69184],[-74.0007,40.69061],[-74.00096,40.69013],[-74.00185,40.69039],[-74.00196,40.69014],[-74.00299,40.69043],[-74.00341,40.68961],[-74.00382,40.68893],[-74.00459,40.68821],[-74.00504,40.68756],[-74.00563,40.68678],[-74.00587,40.68621],[-74.00644,40.6863],[-74.00702,40.68653],[-74.00767,40.68627],[-74.00784,40.68624],[-74.00795,40.68629],[-74.01263,40.68347],[-74.01277,40.68361],[-74.01283,40.68361],[-74.01532,40.68211],[-74.01524,40.682],[-74.01534,40.6819],[-74.01744,40.68064],[-74.01757,40.68064],[-74.01764,40.6806],[-74.01771,40.68066],[-74.01898,40.6799],[-74.01892,40.67984],[-74.01932,40.67961],[-74.01935,40.67955],[-74.0194,40.67957],[-74.01955,40.67903],[-74.01942,40.67894],[-74.01859,40.67898],[-74.01843,40.67879],[-74.01828,40.67868],[-74.01825,40.67851],[-74.01963,40.67843],[-74.01936,40.67829],[-74.01841,40.67832],[-74.01838,40.67819],[-74.01838,40.67793],[-74.01903,40.67787],[-74.01921,40.67778],[-74.0191,40.6772],[-74.01954,40.67716],[-74.02002,40.67705],[-74.01989,40.67695],[-74.01985,40.6765],[-74.01935,40.67659],[-74.01912,40.67653],[-74.01914,40.6765],[-74.01819,40.6766],[-74.0179,40.67645],[-74.01789,40.67615],[-74.01801,40.67594],[-74.01851,40.67592],[-74.01855,40.67577],[-74.01843,40.67555],[-74.01884,40.67515],[-74.01883,40.67508],[-74.01873,40.67503],[-74.01828,40.67544],[-74.01809,40.67542],[-74.0178,40.67524],[-74.0182,40.67494],[-74.01848,40.67458],[-74.01843,40.67451],[-74.01801,40.67475],[-74.01824,40.67442],[-74.01789,40.67416],[-74.0177,40.67392],[-74.01743,40.67374],[-74.01727,40.67357],[-74.0182,40.67274],[-74.01844,40.67249],[-74.01862,40.67242],[-74.01887,40.67224],[-74.01854,40.67215],[-74.01817,40.67191],[-74.01802,40.67202],[-74.01771,40.67236],[-74.01745,40.67253],[-74.01711,40.67283],[-74.01679,40.67304],[-74.01532,40.6743],[-74.0149,40.67463],[-74.01463,40.67442],[-74.01631,40.67304],[-74.01632,40.67288],[-74.01564,40.6725],[-74.01538,40.67234],[-74.01526,40.67221],[-74.01512,40.67215],[-74.01447,40.67271],[-74.01426,40.67282],[-74.01337,40.67358],[-74.01301,40.67334],[-74.01576,40.67099],[-74.01555,40.67095],[-74.01424,40.67213],[-74.01389,40.67184],[-74.0152,40.67076],[-74.01505,40.67072],[-74.0143,40.67136],[-74.01392,40.67113],[-74.01364,40.67118],[-74.01354,40.67125],[-74.01329,40.67115],[-74.01343,40.67094],[-74.01328,40.67087],[-74.01313,40.67095],[-74.013,40.67086],[-74.01284,40.6709],[-74.01256,40.67088],[-74.01233,40.67097],[-74.01213,40.67096],[-74.01195,40.67089],[-74.01185,40.67073],[-74.01426,40.66974],[-74.01407,40.66968],[-74.01214,40.67041],[-74.01189,40.67044],[-74.01161,40.67032],[-74.01166,40.67017],[-74.01154,40.66974],[-74.01093,40.6697],[-74.01087,40.66924],[-74.01054,40.66921],[-74.01035,40.66911],[-74.01037,40.66863],[-74.01089,40.66866],[-74.01087,40.66852],[-74.01113,40.66808],[-74.01121,40.668],[-74.01229,40.66573],[-74.01589,40.6654],[-74.01603,40.66486],[-74.01651,40.66492],[-74.01669,40.66544],[-74.01677,40.66589],[-74.01688,40.66688],[-74.01754,40.67104],[-74.01888,40.67159],[-74.01915,40.6716],[-74.01887,40.67122],[-74.01869,40.6708],[-74.01844,40.66911],[-74.01791,40.66601],[-74.01782,40.66572],[-74.01749,40.66531],[-74.01726,40.66509],[-74.0169,40.66485],[-74.01602,40.66467],[-74.01575,40.66465],[-74.01532,40.66465],[-74.01319,40.66484],[-74.01154,40.66508],[-74.00981,40.66851],[-74.00795,40.66855],[-74.00753,40.6686],[-74.00714,40.66859],[-74.00706,40.66855],[-74.00773,40.66715],[-74.00752,40.66708],[-74.00684,40.66856],[-74.00663,40.66864],[-74.00655,40.66877],[-74.00647,40.66877],[-74.00544,40.67092],[-74.00475,40.67072],[-74.00564,40.66895],[-74.00693,40.66618],[-74.00679,40.6662],[-74.00589,40.66799],[-74.00553,40.66789],[-74.0052,40.66788],[-74.00577,40.66622],[-74.00991,40.66495],[-74.00426,40.66163],[-74.00434,40.66158],[-74.00437,40.66148],[-74.0057,40.66228],[-74.00613,40.66186],[-74.00881,40.66335],[-74.00933,40.66326],[-74.00996,40.66307],[-74.01037,40.66262],[-74.01041,40.66251],[-74.00996,40.6621],[-74.00869,40.66136],[-74.00749,40.66055],[-74.00855,40.65963],[-74.00876,40.65963],[-74.01285,40.66202],[-74.0131,40.66193],[-74.01326,40.66193],[-74.01407,40.66148],[-74.01113,40.65968],[-74.01194,40.65897],[-74.01359,40.65998],[-74.01367,40.66001],[-74.014,40.65981],[-74.01532,40.66061],[-74.01559,40.66074],[-74.01744,40.65943],[-74.01532,40.65813],[-74.01442,40.65763],[-74.01452,40.65751],[-74.0148,40.65749],[-74.01518,40.6572],[-74.01423,40.65666],[-74.01433,40.65655],[-74.01606,40.65756],[-74.0176,40.65824],[-74.01624,40.65732],[-74.01554,40.65689],[-74.01547,40.65662],[-74.01587,40.65622],[-74.01644,40.65647],[-74.01667,40.65672],[-74.01787,40.65744],[-74.01819,40.65761],[-74.01869,40.65778],[-74.01917,40.65736],[-74.01723,40.65621],[-74.0168,40.65593],[-74.0164,40.65559],[-74.01665,40.65531],[-74.01692,40.65549],[-74.01728,40.65518],[-74.01831,40.65581],[-74.01915,40.65615],[-74.01853,40.65562],[-74.01712,40.65478],[-74.01789,40.65405],[-74.01837,40.65428],[-74.01903,40.65467],[-74.01994,40.65527],[-74.0201,40.65525],[-74.02012,40.65511],[-74.019,40.6544],[-74.01929,40.65409],[-74.0198,40.65418],[-74.02045,40.65424],[-74.02088,40.65443],[-74.02122,40.65427],[-74.0214,40.65393],[-74.02205,40.65337],[-74.02116,40.65284],[-74.02162,40.65237],[-74.0218,40.65224],[-74.02198,40.65226],[-74.02223,40.65204],[-74.02094,40.65127],[-74.02108,40.65109],[-74.02102,40.65105],[-74.02124,40.65081],[-74.02135,40.65086],[-74.02158,40.65066],[-74.02268,40.65135],[-74.02305,40.65098],[-74.02383,40.65143],[-74.02387,40.65135],[-74.02429,40.65111],[-74.02441,40.65092],[-74.02564,40.64975],[-74.02472,40.64874],[-74.02513,40.64832],[-74.02406,40.6476],[-74.02455,40.64715],[-74.02547,40.64683],[-74.02569,40.64662],[-74.02929,40.64874],[-74.02962,40.64847],[-74.02606,40.64626],[-74.02826,40.64405],[-74.02894,40.64446],[-74.02912,40.64444],[-74.03039,40.64521],[-74.0305,40.6453],[-74.03081,40.64499],[-74.0311,40.64464],[-74.03128,40.64451],[-74.03198,40.64385],[-74.03235,40.64413],[-74.03287,40.64359],[-74.03407,40.64431],[-74.03453,40.64388],[-74.03444,40.64382],[-74.03612,40.64222],[-74.03635,40.64208],[-74.03674,40.64167],[-74.0368,40.64158],[-74.0368,40.64148],[-74.03675,40.64141],[-74.03646,40.64117],[-74.03598,40.6409],[-74.03585,40.64078],[-74.03576,40.64063],[-74.03598,40.6404],[-74.03622,40.64006],[-74.03676,40.63919],[-74.03673,40.63914],[-74.03714,40.63829],[-74.03847,40.63568],[-74.05619,40.63928],[-74.05663,40.62729],[-74.05235,40.62013],[-74.06361,40.61642],[-74.0638,40.61677],[-74.06419,40.61691],[-74.06433,40.617],[-74.06373,40.6175],[-74.06384,40.61757],[-74.06412,40.61735],[-74.06422,40.61742],[-74.06449,40.61722],[-74.06438,40.61713],[-74.06447,40.61706],[-74.0651,40.61751],[-74.06426,40.61818],[-74.06436,40.61826],[-74.06496,40.61778],[-74.0654,40.61808],[-74.06564,40.61791],[-74.06605,40.6182],[-74.06644,40.61788],[-74.06664,40.61805],[-74.06545,40.61921],[-74.06554,40.61927],[-74.0662,40.61873],[-74.06671,40.61903],[-74.06667,40.61909],[-74.06839,40.6203],[-74.06848,40.6203],[-74.06905,40.6207],[-74.06934,40.62101],[-74.06948,40.62109],[-74.06952,40.62105],[-74.06992,40.62131],[-74.07008,40.62147],[-74.07012,40.6216],[-74.07031,40.62192],[-74.07058,40.62234],[-74.07069,40.62244],[-74.07077,40.62259],[-74.07119,40.62291],[-74.07151,40.62353],[-74.07178,40.62389],[-74.07201,40.62431],[-74.07224,40.62461],[-74.07241,40.62512],[-74.07243,40.6256],[-74.07261,40.62634],[-74.07266,40.62675],[-74.07272,40.62688],[-74.07291,40.62692],[-74.07328,40.62689],[-74.07326,40.62676],[-74.07347,40.62674],[-74.0735,40.62688],[-74.07565,40.62666],[-74.07817,40.62647],[-74.07997,40.62448],[-74.0796,40.6246],[-74.07826,40.62199],[-74.08189,40.62083],[-74.08172,40.62059],[-74.08158,40.62029],[-74.0815,40.61997],[-74.08148,40.61978],[-74.0815,40.61957],[-74.08198,40.61878],[-74.0811,40.61779],[-74.07876,40.61592],[-74.07826,40.61559],[-74.07731,40.61481],[-74.07727,40.61443],[-74.0777,40.61357],[-74.07799,40.61288],[-74.07984,40.60972],[-74.08019,40.60919],[-74.0809,40.6095],[-74.08208,40.60823],[-74.08296,40.60737],[-74.08795,40.61032],[-74.08886,40.60941],[-74.08959,40.60985],[-74.089,40.61066],[-74.08951,40.61088],[-74.08885,40.61185],[-74.08942,40.61205],[-74.08973,40.61209],[-74.08976,40.61223],[-74.08933,40.61277],[-74.08874,40.61381],[-74.08958,40.61401],[-74.09049,40.61429],[-74.09018,40.61498],[-74.09188,40.61507],[-74.09247,40.61492],[-74.09267,40.61585],[-74.09294,40.61606],[-74.09339,40.6162],[-74.0939,40.6165],[-74.0943,40.61666],[-74.09407,40.6177],[-74.09409,40.61787],[-74.09405,40.61812],[-74.09393,40.61834],[-74.09373,40.61858],[-74.09355,40.6187],[-74.09322,40.61877],[-74.09259,40.61873],[-74.09192,40.61857],[-74.09108,40.61861],[-74.09067,40.61871],[-74.09022,40.61941],[-74.08986,40.61988],[-74.08867,40.62103],[-74.08849,40.62345],[-74.0885,40.62388],[-74.08892,40.62779],[-74.08855,40.62891],[-74.08682,40.63032],[-74.08808,40.63108],[-74.08762,40.63165],[-74.09004,40.63277],[-74.09064,40.63262],[-74.09128,40.63277],[-74.09197,40.63327],[-74.09252,40.63333],[-74.09296,40.63315],[-74.09359,40.63317],[-74.09457,40.63335],[-74.09544,40.63318],[-74.09605,40.63327],[-74.09727,40.634],[-74.09839,40.63401],[-74.09941,40.63411],[-74.10253,40.63466],[-74.10354,40.6347],[-74.11454,40.63476],[-74.1172,40.63457],[-74.11684,40.63267],[-74.11614,40.6287],[-74.11595,40.62823],[-74.11545,40.62722],[-74.11409,40.6246],[-74.11359,40.6237],[-74.11331,40.62304],[-74.11539,40.62389],[-74.11713,40.62453],[-74.11841,40.62376],[-74.11857,40.62254],[-74.11967,40.62174],[-74.12467,40.6208],[-74.12649,40.62058],[-74.12716,40.62073],[-74.1317,40.62036],[-74.1337,40.6203],[-74.13627,40.62077],[-74.13772,40.621],[-74.13863,40.61764],[-74.13911,40.61552],[-74.14022,40.6115],[-74.14997,40.60954],[-74.15051,40.60991],[-74.15314,40.61194],[-74.15382,40.61243],[-74.15321,40.61459],[-74.15298,40.61563],[-74.15266,40.61667],[-74.15245,40.61711],[-74.15219,40.61754],[-74.1526,40.61756],[-74.14858,40.6217],[-74.15001,40.62244],[-74.15095,40.62159],[-74.15154,40.6212],[-74.15699,40.62159],[-74.15725,40.62162],[-74.15682,40.62203],[-74.15776,40.62218],[-74.15774,40.62227],[-74.16127,40.6227],[-74.16045,40.62485],[-74.16024,40.6265],[-74.1605,40.62653],[-74.1604,40.6288],[-74.16039,40.63159],[-74.16015,40.63806],[-74.16019,40.64021],[-74.16125,40.64179],[-74.16148,40.64343],[-74.16154,40.64416]]]]}},{"type":"Feature","properties":{"std_name":"Assembly District 46","std_geoid":"36046","pen":"politicians","std_note":null,"LSAD":"L3"},"geometry":{"type":"Polygon","coordinates":[[[-74.04374,40.60669],[-74.04149,40.60751],[-74.03604,40.6093],[-74.03505,40.60954],[-74.035,40.60998],[-74.03508,40.6103],[-74.03509,40.61062],[-74.03501,40.611],[-74.03495,40.61118],[-74.03488,40.61128],[-74.03487,40.61137],[-74.03609,40.61256],[-74.03707,40.61382],[-74.03798,40.61586],[-74.03997,40.61915],[-74.04029,40.61961],[-74.04048,40.62011],[-74.04051,40.62044],[-74.04048,40.62079],[-74.04021,40.62163],[-74.03988,40.62162],[-74.03953,40.62167],[-74.03784,40.62127],[-74.03464,40.62911],[-74.03196,40.62847],[-74.03019,40.63279],[-74.02479,40.63151],[-74.01983,40.62917],[-74.01966,40.62958],[-74.01806,40.62862],[-74.01864,40.62707],[-74.01926,40.62558],[-74.01963,40.62488],[-74.02006,40.62429],[-74.01888,40.6243],[-74.01798,40.62479],[-74.01726,40.62527],[-74.01026,40.62103],[-74.01375,40.61768],[-74.00934,40.61501],[-74.01702,40.60766],[-74.0115,40.60476],[-74.01356,40.60258],[-74.01155,40.60209],[-74.00795,40.5999],[-74.00446,40.59788],[-74.00382,40.59746],[-74.00269,40.59704],[-74.00331,40.59692],[-74.00348,40.59682],[-74.00082,40.59617],[-74.00007,40.59593],[-73.99867,40.59727],[-73.99484,40.59403],[-73.99402,40.59365],[-73.99421,40.59353],[-73.99364,40.593],[-73.98993,40.5884],[-73.98653,40.59167],[-73.98433,40.59034],[-73.98409,40.59057],[-73.98327,40.58619],[-73.98423,40.58607],[-73.98388,40.58398],[-73.98281,40.58379],[-73.98271,40.58325],[-73.97949,40.58274],[-73.97761,40.58259],[-73.97636,40.58259],[-73.97462,40.58279],[-73.9736,40.58296],[-73.97162,40.58336],[-73.96998,40.58363],[-73.96887,40.58377],[-73.96678,40.5839],[-73.96689,40.58335],[-73.96665,40.58334],[-73.96539,40.58315],[-73.96521,40.58379],[-73.96433,40.58394],[-73.96207,40.5842],[-73.96143,40.5839],[-73.96103,40.58173],[-73.95994,40.58196],[-73.95947,40.57587],[-73.96114,40.5758],[-73.96103,40.57508],[-73.95941,40.57516],[-73.95942,40.57391],[-73.95928,40.56308],[-73.99709,40.55728],[-74.03629,40.55104],[-74.03505,40.57285],[-74.03455,40.57625],[-74.03788,40.5892],[-74.04139,40.60311],[-74.04374,40.60669]]]}},{"type":"Feature","properties":{"std_name":"Assembly District 23","std_geoid":"36023","pen":"politicians","std_note":null,"LSAD":"L3"},"geometry":{"type":"Polygon","coordinates":[[[-74.03813,40.53829],[-74.03629,40.55104],[-73.99709,40.55728],[-73.95928,40.56308],[-73.95167,40.56431],[-73.9507,40.56443],[-73.945,40.56531],[-73.93489,40.56665],[-73.93336,40.56693],[-73.92807,40.56779],[-73.90491,40.57141],[-73.90387,40.57162],[-73.89052,40.5727],[-73.88507,40.57375],[-73.87922,40.57466],[-73.87142,40.57854],[-73.86923,40.57934],[-73.86561,40.5812],[-73.85352,40.58659],[-73.84985,40.58867],[-73.84739,40.59203],[-73.84668,40.59321],[-73.84444,40.59586],[-73.84202,40.59831],[-73.83588,40.60564],[-73.83446,40.60719],[-73.83428,40.60919],[-73.83405,40.61346],[-73.83339,40.62767],[-73.83304,40.62826],[-73.83538,40.63032],[-73.83624,40.63111],[-73.83765,40.63284],[-73.84834,40.64352],[-73.85494,40.64265],[-73.85615,40.6492],[-73.85665,40.65013],[-73.85696,40.65058],[-73.85898,40.65268],[-73.85976,40.6541],[-73.86048,40.65466],[-73.86096,40.65518],[-73.86219,40.65683],[-73.86244,40.65726],[-73.86317,40.65828],[-73.86151,40.65905],[-73.86036,40.65965],[-73.85851,40.6599],[-73.85761,40.66012],[-73.85843,40.66345],[-73.85568,40.66387],[-73.85643,40.66703],[-73.85763,40.67166],[-73.86039,40.67127],[-73.86108,40.67402],[-73.86106,40.67434],[-73.86132,40.67502],[-73.86235,40.67916],[-73.86328,40.67907],[-73.86335,40.67935],[-73.83906,40.68624],[-73.83565,40.67927],[-73.83333,40.67866],[-73.82995,40.6779],[-73.82884,40.67769],[-73.82467,40.67703],[-73.82808,40.66609],[-73.83025,40.66612],[-73.83102,40.66621],[-73.83254,40.66654],[-73.83331,40.66676],[-73.83271,40.66541],[-73.83096,40.6621],[-73.83022,40.66053],[-73.82987,40.65997],[-73.8298,40.65951],[-73.82871,40.65706],[-73.82839,40.65603],[-73.82685,40.65007],[-73.82641,40.64826],[-73.82419,40.63995],[-73.82338,40.63899],[-73.82277,40.63558],[-73.82254,40.63516],[-73.82222,40.63443],[-73.82209,40.63376],[-73.82189,40.63309],[-73.82184,40.63242],[-73.82185,40.63204],[-73.82107,40.62973],[-73.82081,40.62939],[-73.82059,40.62892],[-73.82016,40.62836],[-73.81985,40.6278],[-73.81973,40.62771],[-73.81796,40.62711],[-73.81801,40.62648],[-73.8177,40.62596],[-73.81709,40.62528],[-73.81611,40.62461],[-73.81609,40.62432],[-73.81673,40.62387],[-73.81795,40.62409],[-73.81892,40.62309],[-73.81881,40.62256],[-73.81825,40.62209],[-73.81779,40.62194],[-73.81779,40.62167],[-73.81697,40.62149],[-73.81691,40.62187],[-73.81653,40.622],[-73.81571,40.62149],[-73.81543,40.62012],[-73.81639,40.61962],[-73.81682,40.61946],[-73.81718,40.61927],[-73.81744,40.61891],[-73.81745,40.61811],[-73.81765,40.61761],[-73.81777,40.6175],[-73.81776,40.61731],[-73.81759,40.61688],[-73.81748,40.61633],[-73.81717,40.61584],[-73.81712,40.61528],[-73.81653,40.61495],[-73.81144,40.61583],[-73.80975,40.61428],[-73.81465,40.60525],[-73.81429,40.60446],[-73.8134,40.60436],[-73.81178,40.60317],[-73.81079,40.60329],[-73.81051,40.60253],[-73.80986,40.6019],[-73.80995,40.60181],[-73.81003,40.60161],[-73.81002,40.60147],[-73.80995,40.60139],[-73.80994,40.60126],[-73.81004,40.60109],[-73.81003,40.60086],[-73.80986,40.60048],[-73.80985,40.60037],[-73.81,40.60018],[-73.81,40.60003],[-73.81014,40.60005],[-73.80999,40.59988],[-73.8101,40.59985],[-73.81019,40.59986],[-73.8103,40.5996],[-73.81025,40.59951],[-73.81029,40.59934],[-73.81036,40.59926],[-73.81033,40.59895],[-73.81055,40.59876],[-73.81086,40.59864],[-73.81096,40.59856],[-73.81119,40.59858],[-73.81137,40.59856],[-73.81149,40.59837],[-73.81158,40.59814],[-73.81084,40.59635],[-73.80996,40.59433],[-73.80966,40.59356],[-73.8097,40.59353],[-73.80953,40.59301],[-73.80951,40.59278],[-73.80963,40.59249],[-73.80969,40.59245],[-73.80974,40.59269],[-73.8098,40.59272],[-73.80973,40.5924],[-73.80978,40.5924],[-73.8098,40.59206],[-73.81003,40.59219],[-73.8102,40.59223],[-73.81079,40.59209],[-73.81094,40.59255],[-73.81136,40.59246],[-73.81137,40.59268],[-73.81075,40.59279],[-73.81076,40.59281],[-73.81137,40.5927],[-73.81137,40.59286],[-73.81103,40.59299],[-73.81107,40.59302],[-73.81141,40.59287],[-73.81139,40.59244],[-73.81095,40.59249],[-73.81082,40.59209],[-73.8109,40.59206],[-73.81089,40.59196],[-73.81095,40.59182],[-73.81101,40.59177],[-73.81133,40.59175],[-73.81143,40.59226],[-73.81148,40.59292],[-73.81157,40.59283],[-73.81153,40.59249],[-73.81153,40.59226],[-73.8115,40.59219],[-73.81157,40.59215],[-73.81151,40.59196],[-73.81151,40.59178],[-73.81157,40.59169],[-73.8117,40.59159],[-73.81161,40.59047],[-73.81105,40.59045],[-73.81093,40.5893],[-73.81227,40.58862],[-73.81439,40.58778],[-73.8132,40.58624],[-73.81034,40.58695],[-73.80979,40.58699],[-73.80987,40.58774],[-73.80514,40.58821],[-73.8043,40.58833],[-73.8035,40.58849],[-73.80101,40.58911],[-73.79688,40.59049],[-73.79497,40.59102],[-73.79135,40.59193],[-73.79102,40.58819],[-73.79016,40.5884],[-73.78596,40.58971],[-73.78626,40.59194],[-73.78639,40.59208],[-73.78571,40.59208],[-73.78506,40.5922],[-73.78338,40.59272],[-73.78361,40.59515],[-73.77904,40.59544],[-73.7788,40.59339],[-73.77632,40.59362],[-73.77454,40.59375],[-73.77281,40.59407],[-73.77271,40.59332],[-73.77186,40.59349],[-73.77112,40.59374],[-73.77027,40.59419],[-73.7676,40.5958],[-73.76807,40.59791],[-73.76793,40.59814],[-73.76814,40.59824],[-73.76824,40.59832],[-73.76891,40.5984],[-73.7689,40.59845],[-73.76898,40.59845],[-73.76905,40.59851],[-73.76925,40.5985],[-73.76967,40.59863],[-73.77002,40.59878],[-73.77035,40.59899],[-73.77048,40.59897],[-73.77056,40.5989],[-73.77072,40.59881],[-73.77091,40.59885],[-73.77104,40.59898],[-73.77106,40.59922],[-73.77116,40.59939],[-73.77109,40.59979],[-73.77114,40.60016],[-73.77111,40.60028],[-73.77118,40.60041],[-73.77094,40.60115],[-73.77082,40.60128],[-73.77074,40.60155],[-73.77075,40.60163],[-73.77085,40.60173],[-73.77088,40.60182],[-73.77078,40.60192],[-73.77065,40.60186],[-73.77047,40.60211],[-73.77027,40.60249],[-73.77019,40.60275],[-73.77029,40.60281],[-73.7704,40.60297],[-73.77036,40.60303],[-73.77013,40.60312],[-73.77027,40.60324],[-73.77034,40.6034],[-73.77047,40.60395],[-73.77044,40.6041],[-73.77047,40.60453],[-73.77054,40.60468],[-73.77057,40.60484],[-73.77049,40.60495],[-73.77015,40.60515],[-73.77009,40.60531],[-73.77,40.60539],[-73.77007,40.6056],[-73.77003,40.60579],[-73.76985,40.60612],[-73.76984,40.60628],[-73.76986,40.60646],[-73.77,40.6069],[-73.77002,40.6071],[-73.7698,40.60753],[-73.76985,40.60779],[-73.76977,40.60793],[-73.76966,40.60804],[-73.7695,40.60829],[-73.76929,40.60837],[-73.76921,40.60847],[-73.76893,40.60916],[-73.769,40.60939],[-73.76909,40.60958],[-73.76922,40.60973],[-73.76966,40.61001],[-73.76995,40.61015],[-73.77024,40.61025],[-73.77037,40.61019],[-73.77053,40.61019],[-73.77059,40.61016],[-73.77082,40.61034],[-73.77126,40.6104],[-73.77137,40.61053],[-73.77162,40.61062],[-73.77185,40.61082],[-73.77199,40.61125],[-73.77213,40.61145],[-73.77228,40.61151],[-73.77269,40.61142],[-73.77302,40.61131],[-73.77326,40.61121],[-73.7734,40.61109],[-73.77338,40.61099],[-73.77289,40.6102],[-73.77289,40.61016],[-73.77296,40.61015],[-73.77378,40.61128],[-73.77381,40.61161],[-73.77391,40.61206],[-73.77397,40.61211],[-73.77413,40.61182],[-73.77417,40.61183],[-73.77404,40.61211],[-73.77398,40.61251],[-73.77385,40.61289],[-73.77369,40.61321],[-73.77362,40.61328],[-73.77357,40.61346],[-73.77345,40.61365],[-73.77331,40.61369],[-73.773,40.61356],[-73.77217,40.61384],[-73.7717,40.61397],[-73.77121,40.61394],[-73.77108,40.614],[-73.77007,40.61406],[-73.76981,40.61399],[-73.76933,40.61398],[-73.76907,40.61405],[-73.76886,40.61407],[-73.76837,40.61422],[-73.76768,40.61416],[-73.76682,40.61429],[-73.76641,40.6142],[-73.76597,40.61392],[-73.76552,40.61389],[-73.76521,40.61378],[-73.76506,40.61359],[-73.76502,40.61346],[-73.76505,40.61336],[-73.76512,40.61332],[-73.76516,40.61299],[-73.76511,40.61246],[-73.76498,40.61234],[-73.76512,40.61212],[-73.76506,40.61203],[-73.76459,40.61185],[-73.764,40.61176],[-73.76361,40.61175],[-73.76352,40.61169],[-73.76342,40.61171],[-73.76327,40.61169],[-73.76254,40.61141],[-73.7623,40.61136],[-73.76172,40.61185],[-73.76024,40.61082],[-73.76077,40.61019],[-73.76087,40.6102],[-73.76178,40.60915],[-73.76154,40.60904],[-73.75998,40.61087],[-73.75949,40.61082],[-73.75974,40.61015],[-73.75982,40.60965],[-73.76095,40.60645],[-73.76087,40.60552],[-73.7604,40.60243],[-73.76046,40.60202],[-73.76053,40.60185],[-73.7606,40.60181],[-73.76108,40.6018],[-73.76257,40.60133],[-73.76445,40.60043],[-73.76493,40.60103],[-73.76528,40.60167],[-73.7678,40.60047],[-73.76757,40.60021],[-73.76707,40.59995],[-73.76654,40.59943],[-73.76497,40.59738],[-73.76465,40.59762],[-73.76387,40.59741],[-73.76333,40.59782],[-73.7632,40.59714],[-73.76236,40.59723],[-73.76216,40.59609],[-73.7613,40.59615],[-73.76041,40.5961],[-73.75962,40.59593],[-73.75939,40.59584],[-73.75841,40.59638],[-73.75877,40.59679],[-73.7582,40.59698],[-73.75768,40.59704],[-73.75711,40.59719],[-73.75676,40.59754],[-73.75644,40.59765],[-73.75603,40.5979],[-73.75572,40.59767],[-73.75534,40.59749],[-73.75492,40.59737],[-73.75426,40.59732],[-73.75424,40.59888],[-73.75285,40.60426],[-73.75184,40.60529],[-73.74869,40.60787],[-73.74996,40.60877],[-73.75063,40.60809],[-73.75126,40.60842],[-73.75042,40.6093],[-73.74987,40.60973],[-73.74899,40.61031],[-73.7472,40.61114],[-73.74549,40.6118],[-73.74306,40.608],[-73.74315,40.60796],[-73.74307,40.60789],[-73.7432,40.60771],[-73.74355,40.60745],[-73.74317,40.60718],[-73.74177,40.60602],[-73.74115,40.60546],[-73.74029,40.6046],[-73.73946,40.60424],[-73.73923,40.60403],[-73.73852,40.60313],[-73.73846,40.60284],[-73.73826,40.60256],[-73.73844,40.59781],[-73.73846,40.59587],[-73.73808,40.59459],[-73.73764,40.59441],[-73.73741,40.59343],[-73.73718,40.59296],[-73.74324,40.59284],[-73.74447,40.5929],[-73.74775,40.5915],[-73.75212,40.58818],[-73.7555,40.58539],[-73.7557,40.57869],[-73.75826,40.55536],[-73.76223,40.5502],[-73.76493,40.5444],[-73.76763,40.53715],[-73.76878,40.53375],[-73.78397,40.53239],[-73.82616,40.52287],[-73.85484,40.512],[-73.87003,40.50249],[-73.87678,40.50113],[-73.88227,40.49521],[-73.88665,40.48979],[-73.88965,40.48651],[-73.90214,40.49212],[-73.97787,40.5191],[-74.04228,40.50809],[-74.03813,40.53829]]]}},{"type":"Feature","properties":{"std_name":"Assembly District 51","std_geoid":"36051","pen":"politicians","std_note":null,"LSAD":"L3"},"geometry":{"type":"Polygon","coordinates":[[[-74.03235,40.64413],[-74.03198,40.64385],[-74.03128,40.64451],[-74.0311,40.64464],[-74.03081,40.64499],[-74.0305,40.6453],[-74.03039,40.64521],[-74.02912,40.64444],[-74.02894,40.64446],[-74.02826,40.64405],[-74.02606,40.64626],[-74.02962,40.64847],[-74.02929,40.64874],[-74.02569,40.64662],[-74.02547,40.64683],[-74.02455,40.64715],[-74.02406,40.6476],[-74.02513,40.64832],[-74.02472,40.64874],[-74.02564,40.64975],[-74.02441,40.65092],[-74.02429,40.65111],[-74.02387,40.65135],[-74.02383,40.65143],[-74.02305,40.65098],[-74.02268,40.65135],[-74.02158,40.65066],[-74.02135,40.65086],[-74.02124,40.65081],[-74.02102,40.65105],[-74.02108,40.65109],[-74.02094,40.65127],[-74.02223,40.65204],[-74.02198,40.65226],[-74.0218,40.65224],[-74.02162,40.65237],[-74.02116,40.65284],[-74.02205,40.65337],[-74.0214,40.65393],[-74.02122,40.65427],[-74.02088,40.65443],[-74.02045,40.65424],[-74.0198,40.65418],[-74.01929,40.65409],[-74.019,40.6544],[-74.02012,40.65511],[-74.0201,40.65525],[-74.01994,40.65527],[-74.01903,40.65467],[-74.01837,40.65428],[-74.01789,40.65405],[-74.01712,40.65478],[-74.01853,40.65562],[-74.01915,40.65615],[-74.01831,40.65581],[-74.01728,40.65518],[-74.01692,40.65549],[-74.01665,40.65531],[-74.0164,40.65559],[-74.0168,40.65593],[-74.01723,40.65621],[-74.01917,40.65736],[-74.01869,40.65778],[-74.01819,40.65761],[-74.01787,40.65744],[-74.01667,40.65672],[-74.01644,40.65647],[-74.01587,40.65622],[-74.01547,40.65662],[-74.01554,40.65689],[-74.01624,40.65732],[-74.0176,40.65824],[-74.01606,40.65756],[-74.01433,40.65655],[-74.01423,40.65666],[-74.01518,40.6572],[-74.0148,40.65749],[-74.01452,40.65751],[-74.01442,40.65763],[-74.01532,40.65813],[-74.01744,40.65943],[-74.01559,40.66074],[-74.01532,40.66061],[-74.014,40.65981],[-74.01367,40.66001],[-74.01359,40.65998],[-74.01194,40.65897],[-74.01113,40.65968],[-74.01407,40.66148],[-74.01326,40.66193],[-74.0131,40.66193],[-74.01285,40.66202],[-74.00876,40.65963],[-74.00855,40.65963],[-74.00749,40.66055],[-74.00869,40.66136],[-74.00996,40.6621],[-74.01041,40.66251],[-74.01037,40.66262],[-74.00996,40.66307],[-74.00933,40.66326],[-74.00881,40.66335],[-74.00613,40.66186],[-74.0057,40.66228],[-74.00437,40.66148],[-74.00434,40.66158],[-74.00426,40.66163],[-74.00991,40.66495],[-74.00577,40.66622],[-74.0052,40.66788],[-74.00553,40.66789],[-74.00589,40.66799],[-74.00679,40.6662],[-74.00693,40.66618],[-74.00564,40.66895],[-74.00475,40.67072],[-74.00544,40.67092],[-74.00647,40.66877],[-74.00655,40.66877],[-74.00663,40.66864],[-74.00684,40.66856],[-74.00752,40.66708],[-74.00773,40.66715],[-74.00706,40.66855],[-74.00714,40.66859],[-74.00753,40.6686],[-74.00795,40.66855],[-74.00981,40.66851],[-74.01154,40.66508],[-74.01319,40.66484],[-74.01532,40.66465],[-74.01575,40.66465],[-74.01602,40.66467],[-74.0169,40.66485],[-74.01726,40.66509],[-74.01749,40.66531],[-74.01782,40.66572],[-74.01791,40.66601],[-74.01844,40.66911],[-74.01869,40.6708],[-74.01887,40.67122],[-74.01915,40.6716],[-74.01888,40.67159],[-74.01754,40.67104],[-74.01688,40.66688],[-74.01677,40.66589],[-74.01669,40.66544],[-74.01651,40.66492],[-74.01603,40.66486],[-74.01589,40.6654],[-74.01229,40.66573],[-74.01121,40.668],[-74.01113,40.66808],[-74.01087,40.66852],[-74.01089,40.66866],[-74.01037,40.66863],[-74.01035,40.66911],[-74.01054,40.66921],[-74.01087,40.66924],[-74.01093,40.6697],[-74.01154,40.66974],[-74.01166,40.67017],[-74.01161,40.67032],[-74.01189,40.67044],[-74.01214,40.67041],[-74.01407,40.66968],[-74.01426,40.66974],[-74.01185,40.67073],[-74.01195,40.67089],[-74.01213,40.67096],[-74.01233,40.67097],[-74.01256,40.67088],[-74.01284,40.6709],[-74.013,40.67086],[-74.01313,40.67095],[-74.01328,40.67087],[-74.01343,40.67094],[-74.01329,40.67115],[-74.01354,40.67125],[-74.01364,40.67118],[-74.01392,40.67113],[-74.0143,40.67136],[-74.01505,40.67072],[-74.0152,40.67076],[-74.01389,40.67184],[-74.01424,40.67213],[-74.01555,40.67095],[-74.01576,40.67099],[-74.01301,40.67334],[-74.01337,40.67358],[-74.01426,40.67282],[-74.01447,40.67271],[-74.01512,40.67215],[-74.01526,40.67221],[-74.01538,40.67234],[-74.01564,40.6725],[-74.01632,40.67288],[-74.01631,40.67304],[-74.01463,40.67442],[-74.0149,40.67463],[-74.01532,40.6743],[-74.01679,40.67304],[-74.01711,40.67283],[-74.01745,40.67253],[-74.01771,40.67236],[-74.01802,40.67202],[-74.01817,40.67191],[-74.01854,40.67215],[-74.01887,40.67224],[-74.01862,40.67242],[-74.01844,40.67249],[-74.0182,40.67274],[-74.01727,40.67357],[-74.01743,40.67374],[-74.0177,40.67392],[-74.01789,40.67416],[-74.01824,40.67442],[-74.01801,40.67475],[-74.01843,40.67451],[-74.01848,40.67458],[-74.0182,40.67494],[-74.0178,40.67524],[-74.01809,40.67542],[-74.01828,40.67544],[-74.01873,40.67503],[-74.01883,40.67508],[-74.01884,40.67515],[-74.01843,40.67555],[-74.01855,40.67577],[-74.01851,40.67592],[-74.01801,40.67594],[-74.01789,40.67615],[-74.0179,40.67645],[-74.01819,40.6766],[-74.01914,40.6765],[-74.01912,40.67653],[-74.01935,40.67659],[-74.01985,40.6765],[-74.01989,40.67695],[-74.02002,40.67705],[-74.01954,40.67716],[-74.0191,40.6772],[-74.01921,40.67778],[-74.01903,40.67787],[-74.01838,40.67793],[-74.01838,40.67819],[-74.01841,40.67832],[-74.01936,40.67829],[-74.01963,40.67843],[-74.01825,40.67851],[-74.01828,40.67868],[-74.01843,40.67879],[-74.01859,40.67898],[-74.01942,40.67894],[-74.01955,40.67903],[-74.0194,40.67957],[-74.01935,40.67955],[-74.01932,40.67961],[-74.01892,40.67984],[-74.01898,40.6799],[-74.0178,40.68062],[-74.01771,40.68066],[-74.01764,40.6806],[-74.01757,40.68064],[-74.01744,40.68064],[-74.01534,40.6819],[-74.01524,40.682],[-74.01532,40.68211],[-74.01283,40.68361],[-74.01277,40.68361],[-74.01263,40.68347],[-74.00843,40.68602],[-74.00813,40.68561],[-74.0055,40.68585],[-74.00485,40.68567],[-74.0045,40.6863],[-74.00064,40.68525],[-74.00161,40.68324],[-74.00322,40.68008],[-74.00333,40.67983],[-74.00335,40.67963],[-74.00302,40.67915],[-74.00255,40.67866],[-74.00226,40.6782],[-74.00154,40.67727],[-74.00105,40.67638],[-74.00103,40.67623],[-74.0007,40.67557],[-73.99777,40.67474],[-73.99869,40.67282],[-73.99891,40.67248],[-73.99837,40.67164],[-73.99777,40.67243],[-73.99752,40.67214],[-73.99665,40.67163],[-73.9949,40.67079],[-73.99388,40.672],[-73.98922,40.66975],[-73.99173,40.66674],[-73.98695,40.66443],[-73.98745,40.66382],[-73.98665,40.66344],[-73.98757,40.66234],[-73.98722,40.66213],[-73.98774,40.6616],[-73.98668,40.66093],[-73.9873,40.66044],[-73.98784,40.65982],[-73.98565,40.65848],[-73.98623,40.65792],[-73.9818,40.65525],[-73.98036,40.64769],[-73.98835,40.64456],[-73.98978,40.64364],[-73.99623,40.63933],[-74.00417,40.64413],[-74.00591,40.64245],[-74.00812,40.64378],[-74.01607,40.63614],[-74.01669,40.63552],[-74.0168,40.63538],[-74.0175,40.63475],[-74.01781,40.6341],[-74.01824,40.63303],[-74.02575,40.63647],[-74.02567,40.63667],[-74.03089,40.63828],[-74.03032,40.63965],[-74.02909,40.64081],[-74.02885,40.6408],[-74.02907,40.64097],[-74.0289,40.64101],[-74.0289,40.64115],[-74.02908,40.64127],[-74.02911,40.64142],[-74.02892,40.64145],[-74.02906,40.64173],[-74.03208,40.64341],[-74.03264,40.6438],[-74.03235,40.64413]]]}},{"type":"Feature","properties":{"std_name":"Assembly District 66","std_geoid":"36066","pen":"politicians","std_note":null,"LSAD":"L3"},"geometry":{"type":"Polygon","coordinates":[[[-74.02307,40.72041],[-74.01728,40.74418],[-74.00933,40.74257],[-74.00889,40.74238],[-74.0087,40.74236],[-74.00852,40.74317],[-74.00826,40.74467],[-74.00681,40.74406],[-74.00724,40.74347],[-73.99265,40.73733],[-73.99223,40.73792],[-73.98902,40.73656],[-73.99002,40.73523],[-73.99023,40.73508],[-73.99075,40.73484],[-73.9899,40.73443],[-73.98256,40.73136],[-73.98845,40.72328],[-73.98864,40.72293],[-73.9926,40.72414],[-73.99491,40.72495],[-73.99571,40.72337],[-73.99627,40.72195],[-73.99712,40.7223],[-73.9974,40.72145],[-73.99765,40.72084],[-73.99903,40.72142],[-74.00062,40.71955],[-74.00142,40.71994],[-74.00403,40.71687],[-74.00256,40.71618],[-74.00303,40.71558],[-74.00318,40.71471],[-74.0036,40.71365],[-74.00429,40.71291],[-74.00486,40.71245],[-74.00423,40.71202],[-74.00331,40.71131],[-74.00347,40.71119],[-74.00364,40.71097],[-74.00382,40.71059],[-74.00425,40.71017],[-74.00583,40.71166],[-74.00606,40.7119],[-74.00609,40.712],[-74.00702,40.71178],[-74.00695,40.71169],[-74.00835,40.71136],[-74.0086,40.71139],[-74.00906,40.71089],[-74.01046,40.71153],[-74.01012,40.71209],[-74.01166,40.7128],[-74.01255,40.71315],[-74.0137,40.71367],[-74.01338,40.71441],[-74.01229,40.71904],[-74.01305,40.71909],[-74.02307,40.72041]]]}},{"type":"Feature","properties":{"std_name":"Assembly District 49","std_geoid":"36049","pen":"politicians","std_note":null,"LSAD":"L3"},"geometry":{"type":"Polygon","coordinates":[[[-74.02006,40.62429],[-74.01963,40.62488],[-74.01926,40.62558],[-74.01864,40.62707],[-74.01806,40.62862],[-74.01756,40.63013],[-74.01638,40.63315],[-74.01633,40.6337],[-74.0164,40.63418],[-74.01656,40.63464],[-74.01698,40.63524],[-74.0168,40.63538],[-74.01669,40.63552],[-74.01607,40.63614],[-74.00812,40.64378],[-74.00591,40.64245],[-74.00417,40.64413],[-73.99623,40.63933],[-74.00411,40.63406],[-74.00399,40.63399],[-74.00576,40.63225],[-73.99508,40.62581],[-73.99465,40.6257],[-73.99489,40.62546],[-73.99433,40.62534],[-73.99398,40.62514],[-73.98129,40.61747],[-73.99136,40.60779],[-73.99356,40.60912],[-73.99588,40.60689],[-74.00002,40.60939],[-73.99945,40.60995],[-74.00436,40.61292],[-74.00494,40.61236],[-74.01375,40.61768],[-74.01026,40.62103],[-74.01726,40.62527],[-74.01798,40.62479],[-74.01888,40.6243],[-74.02006,40.62429]]]}},{"type":"Feature","properties":{"std_name":"Assembly District 47","std_geoid":"36047","pen":"politicians","std_note":null,"LSAD":"L3"},"geometry":{"type":"Polygon","coordinates":[[[-74.01702,40.60766],[-74.00934,40.61501],[-74.00494,40.61236],[-74.00436,40.61292],[-73.99945,40.60995],[-74.00002,40.60939],[-73.99588,40.60689],[-73.99356,40.60912],[-73.99136,40.60779],[-73.98129,40.61747],[-73.97497,40.61367],[-73.97489,40.61319],[-73.97399,40.61403],[-73.97259,40.60667],[-73.97362,40.60656],[-73.9732,40.6043],[-73.97305,40.60428],[-73.97408,40.59688],[-73.98221,40.59599],[-73.98132,40.59148],[-73.9832,40.59124],[-73.9842,40.59117],[-73.98409,40.59057],[-73.98433,40.59034],[-73.98653,40.59167],[-73.98993,40.5884],[-73.99364,40.593],[-73.99421,40.59353],[-73.99402,40.59365],[-73.99484,40.59403],[-73.99867,40.59727],[-74.00007,40.59593],[-74.00082,40.59617],[-74.00348,40.59682],[-74.00331,40.59692],[-74.00269,40.59704],[-74.00382,40.59746],[-74.00446,40.59788],[-74.00795,40.5999],[-74.01155,40.60209],[-74.01356,40.60258],[-74.0115,40.60476],[-74.01702,40.60766]]]}},{"type":"Feature","properties":{"std_name":"Assembly District 65","std_geoid":"36065","pen":"politicians","std_note":null,"LSAD":"L3"},"geometry":{"type":"Polygon","coordinates":[[[-74.01336,40.70542],[-74.01325,40.70587],[-74.01085,40.7088],[-74.0086,40.71139],[-74.00835,40.71136],[-74.00695,40.71169],[-74.00702,40.71178],[-74.00609,40.712],[-74.00606,40.7119],[-74.00583,40.71166],[-74.00425,40.71017],[-74.00382,40.71059],[-74.00364,40.71097],[-74.00347,40.71119],[-74.00331,40.71131],[-74.00423,40.71202],[-74.00486,40.71245],[-74.00429,40.71291],[-74.0036,40.71365],[-74.00318,40.71471],[-74.00303,40.71558],[-74.00256,40.71618],[-74.00403,40.71687],[-74.00142,40.71994],[-74.00062,40.71955],[-73.99903,40.72142],[-73.99765,40.72084],[-73.9974,40.72145],[-73.99712,40.7223],[-73.99627,40.72195],[-73.99571,40.72337],[-73.99491,40.72495],[-73.9926,40.72414],[-73.98864,40.72293],[-73.98845,40.72328],[-73.98797,40.72394],[-73.98575,40.72301],[-73.9844,40.72486],[-73.98208,40.72388],[-73.98252,40.72328],[-73.98017,40.72228],[-73.97973,40.72289],[-73.97735,40.72189],[-73.97689,40.7225],[-73.97476,40.7216],[-73.975,40.71978],[-73.97533,40.71953],[-73.97587,40.71975],[-73.97651,40.71995],[-73.97748,40.72035],[-73.97803,40.71964],[-73.97875,40.71993],[-73.97997,40.71759],[-73.98067,40.7163],[-73.97734,40.71529],[-73.97659,40.71505],[-73.97661,40.715],[-73.97634,40.71492],[-73.97632,40.71497],[-73.97521,40.71463],[-73.97593,40.71291],[-73.97279,40.70938],[-73.97502,40.70774],[-73.97548,40.70749],[-73.97907,40.70596],[-73.97923,40.70577],[-73.97948,40.70582],[-73.98033,40.70585],[-73.98091,40.70591],[-73.98099,40.70537],[-73.98233,40.70555],[-73.98245,40.70555],[-73.98246,40.70551],[-73.98275,40.70553],[-73.98274,40.70558],[-73.98308,40.70552],[-73.98308,40.70548],[-73.98335,40.70545],[-73.9834,40.70547],[-73.98344,40.70564],[-73.98585,40.70542],[-73.98643,40.70535],[-73.98643,40.70508],[-73.98653,40.70498],[-73.98662,40.70498],[-73.98669,40.70508],[-73.98687,40.70516],[-73.98727,40.70518],[-73.98796,40.70513],[-73.98942,40.70514],[-73.98986,40.70517],[-73.99088,40.70512],[-73.99148,40.70562],[-73.99272,40.70554],[-73.99385,40.70483],[-73.99369,40.70448],[-73.99377,40.70445],[-73.99381,40.70454],[-73.99386,40.70456],[-73.99434,40.70443],[-73.9948,40.7041],[-73.99471,40.704],[-73.99482,40.70391],[-73.99499,40.70365],[-73.99466,40.70343],[-73.99507,40.7031],[-73.9967,40.70088],[-73.99814,40.70152],[-74.00363,40.7033],[-74.00455,40.70484],[-74.00434,40.70497],[-74.00475,40.70523],[-74.00629,40.70423],[-74.0069,40.70482],[-74.00795,40.70555],[-74.00801,40.70545],[-74.00998,40.70515],[-74.01147,40.70503],[-74.01155,40.70495],[-74.01333,40.70503],[-74.01336,40.70542]]]}},{"type":"Feature","properties":{"std_name":"Assembly District 67","std_geoid":"36067","pen":"politicians","std_note":null,"LSAD":"L3"},"geometry":{"type":"Polygon","coordinates":[[[-74.0086,40.76498],[-73.98815,40.79299],[-73.98193,40.79055],[-73.98159,40.79038],[-73.98036,40.78994],[-73.97939,40.79125],[-73.97919,40.79145],[-73.97876,40.79172],[-73.97769,40.79216],[-73.97599,40.79144],[-73.97462,40.79333],[-73.97177,40.79213],[-73.97644,40.78574],[-73.97807,40.78642],[-73.97948,40.78453],[-73.97499,40.78263],[-73.97454,40.78324],[-73.97172,40.78202],[-73.97154,40.78187],[-73.97144,40.78164],[-73.97164,40.78095],[-73.97159,40.78057],[-73.97153,40.78038],[-73.97139,40.78021],[-73.97103,40.77994],[-73.96735,40.77838],[-73.9657,40.77806],[-73.96517,40.7779],[-73.96478,40.77765],[-73.96442,40.77735],[-73.96373,40.77699],[-73.96704,40.77246],[-73.96771,40.7727],[-73.96806,40.77278],[-73.96849,40.77279],[-73.96876,40.77271],[-73.96874,40.77285],[-73.9688,40.77307],[-73.96902,40.77338],[-73.97012,40.77348],[-73.97126,40.77374],[-73.97187,40.7738],[-73.97291,40.77377],[-73.9732,40.77382],[-73.9734,40.77391],[-73.97354,40.77404],[-73.97387,40.77449],[-73.97412,40.77466],[-73.97443,40.77474],[-73.97485,40.77474],[-73.97516,40.77469],[-73.97535,40.77461],[-73.97558,40.77534],[-73.97557,40.77546],[-73.97543,40.77586],[-73.97544,40.77593],[-73.97557,40.77606],[-73.97595,40.77622],[-73.97691,40.77491],[-73.97975,40.77611],[-73.98157,40.7736],[-73.9822,40.77286],[-73.98303,40.77176],[-73.98347,40.77114],[-73.98386,40.77048],[-73.98693,40.76624],[-73.98651,40.76605],[-73.98644,40.76615],[-73.98615,40.76602],[-73.9862,40.76595],[-73.98588,40.76581],[-73.98524,40.76561],[-73.98443,40.76529],[-73.98424,40.76559],[-73.98382,40.76542],[-73.98565,40.76291],[-73.99133,40.76531],[-73.99498,40.7603],[-73.99569,40.7606],[-73.99623,40.75995],[-73.99832,40.76082],[-73.99879,40.76015],[-74.00162,40.76135],[-74.00144,40.76162],[-74.00104,40.76197],[-74.00115,40.76203],[-74.00172,40.76221],[-74.00468,40.76343],[-74.0086,40.76498]]]}},{"type":"Feature","properties":{"std_name":"Assembly District 52","std_geoid":"36052","pen":"politicians","std_note":null,"LSAD":"L3"},"geometry":{"type":"Polygon","coordinates":[[[-74.00843,40.68602],[-74.00795,40.68629],[-74.00784,40.68624],[-74.00767,40.68627],[-74.00702,40.68653],[-74.00644,40.6863],[-74.00587,40.68621],[-74.00563,40.68678],[-74.00504,40.68756],[-74.00459,40.68821],[-74.00382,40.68893],[-74.00341,40.68961],[-74.00299,40.69043],[-74.00196,40.69014],[-74.00185,40.69039],[-74.00096,40.69013],[-74.0007,40.69061],[-74.00197,40.69184],[-74.00174,40.69241],[-74.00132,40.69321],[-74.00096,40.69407],[-74.00028,40.69496],[-73.99946,40.69628],[-73.99943,40.69641],[-73.99953,40.69658],[-73.99947,40.6967],[-73.99918,40.69689],[-73.99899,40.69681],[-73.99894,40.69694],[-73.99886,40.69692],[-73.99876,40.69711],[-73.99885,40.69714],[-73.99803,40.69876],[-73.9975,40.69965],[-73.9967,40.70088],[-73.99507,40.7031],[-73.99466,40.70343],[-73.99499,40.70365],[-73.99482,40.70391],[-73.99471,40.704],[-73.9948,40.7041],[-73.99434,40.70443],[-73.99386,40.70456],[-73.99381,40.70454],[-73.99377,40.70445],[-73.99369,40.70448],[-73.99385,40.70483],[-73.99272,40.70554],[-73.99148,40.70562],[-73.99088,40.70512],[-73.98986,40.70517],[-73.98942,40.70514],[-73.98796,40.70513],[-73.98727,40.70518],[-73.98687,40.70516],[-73.98669,40.70508],[-73.98662,40.70498],[-73.98653,40.70498],[-73.98643,40.70508],[-73.98643,40.70535],[-73.98344,40.70564],[-73.9834,40.70547],[-73.98335,40.70545],[-73.98308,40.70548],[-73.98308,40.70552],[-73.98274,40.70558],[-73.98275,40.70553],[-73.98246,40.70551],[-73.98245,40.70555],[-73.98233,40.70555],[-73.98099,40.70537],[-73.98091,40.70591],[-73.98033,40.70585],[-73.97948,40.70582],[-73.97923,40.70577],[-73.97907,40.70596],[-73.97548,40.70749],[-73.97502,40.70774],[-73.97279,40.70938],[-73.97231,40.70907],[-73.97032,40.70733],[-73.96961,40.70763],[-73.96928,40.70704],[-73.96928,40.70693],[-73.96918,40.70694],[-73.96839,40.70683],[-73.96795,40.70573],[-73.96702,40.70628],[-73.96673,40.70552],[-73.96632,40.70483],[-73.9643,40.70301],[-73.96239,40.70251],[-73.96122,40.70145],[-73.96188,40.70003],[-73.96247,40.6981],[-73.96284,40.69804],[-73.96287,40.69782],[-73.96304,40.69741],[-73.9632,40.6971],[-73.96352,40.69673],[-73.96411,40.6963],[-73.96455,40.69611],[-73.96516,40.69597],[-73.96841,40.69605],[-73.97448,40.69631],[-73.97549,40.69631],[-73.97838,40.69649],[-73.97953,40.69653],[-73.98039,40.69651],[-73.98045,40.69667],[-73.98051,40.69744],[-73.98054,40.69825],[-73.98046,40.6997],[-73.98046,40.70085],[-73.98073,40.70127],[-73.98476,40.70144],[-73.98483,40.70058],[-73.98563,40.70059],[-73.98525,40.70034],[-73.98486,40.69999],[-73.98315,40.69838],[-73.98305,40.69838],[-73.98306,40.69829],[-73.98219,40.6975],[-73.98231,40.69751],[-73.98251,40.69361],[-73.98239,40.69297],[-73.98256,40.69227],[-73.98136,40.68993],[-73.98087,40.68887],[-73.98056,40.68835],[-73.97909,40.68628],[-73.97803,40.68486],[-73.97351,40.67864],[-73.96597,40.67706],[-73.96694,40.67442],[-73.96873,40.67393],[-73.9688,40.67328],[-73.96886,40.67307],[-73.96892,40.67294],[-73.96935,40.67267],[-73.96966,40.67265],[-73.97004,40.67268],[-73.97041,40.67262],[-73.97086,40.67186],[-73.97132,40.67125],[-73.97332,40.66882],[-73.98278,40.6734],[-73.98479,40.67099],[-73.98721,40.67216],[-73.98922,40.66975],[-73.99388,40.672],[-73.9949,40.67079],[-73.99665,40.67163],[-73.99752,40.67214],[-73.99777,40.67243],[-73.99837,40.67164],[-73.99891,40.67248],[-73.99869,40.67282],[-73.99777,40.67474],[-74.0007,40.67557],[-74.00103,40.67623],[-74.00105,40.67638],[-74.00154,40.67727],[-74.00226,40.6782],[-74.00255,40.67866],[-74.00302,40.67915],[-74.00335,40.67963],[-74.00333,40.67983],[-74.00322,40.68008],[-74.00161,40.68324],[-74.00064,40.68525],[-74.0045,40.6863],[-74.00485,40.68567],[-74.0055,40.68585],[-74.00813,40.68561],[-74.00843,40.68602]]]}},{"type":"Feature","properties":{"std_name":"Assembly District 48","std_geoid":"36048","pen":"politicians","std_note":null,"LSAD":"L3"},"geometry":{"type":"Polygon","coordinates":[[[-74.00576,40.63225],[-74.00399,40.63399],[-74.00411,40.63406],[-73.9905,40.64316],[-73.97968,40.63664],[-73.9826,40.63384],[-73.97831,40.63128],[-73.97865,40.63305],[-73.97261,40.63371],[-73.97242,40.63299],[-73.97211,40.63137],[-73.97192,40.63065],[-73.97181,40.62987],[-73.97157,40.62999],[-73.97137,40.62897],[-73.96137,40.63006],[-73.9612,40.62915],[-73.96159,40.62911],[-73.96159,40.62901],[-73.96116,40.62893],[-73.96092,40.62767],[-73.95685,40.62812],[-73.95549,40.62095],[-73.95763,40.62071],[-73.95718,40.61833],[-73.95911,40.61811],[-73.96266,40.61691],[-73.96236,40.61531],[-73.97399,40.61403],[-73.97489,40.61319],[-73.97497,40.61367],[-73.99398,40.62514],[-73.99433,40.62534],[-73.99489,40.62546],[-73.99465,40.6257],[-73.99508,40.62581],[-74.00576,40.63225]]]}},{"type":"Feature","properties":{"std_name":"Assembly District 74","std_geoid":"36074","pen":"politicians","std_note":null,"LSAD":"L3"},"geometry":{"type":"Polygon","coordinates":[[[-73.99223,40.73792],[-73.98819,40.74345],[-73.9866,40.74277],[-73.9839,40.74648],[-73.97676,40.74347],[-73.97588,40.74478],[-73.96989,40.753],[-73.9677,40.75204],[-73.96726,40.75264],[-73.96551,40.75188],[-73.96529,40.75181],[-73.96506,40.75181],[-73.965,40.75154],[-73.96477,40.75179],[-73.96471,40.75172],[-73.96793,40.74755],[-73.96819,40.74725],[-73.96874,40.74651],[-73.96138,40.7428],[-73.9618,40.74113],[-73.96191,40.741],[-73.96243,40.73967],[-73.96262,40.73903],[-73.96248,40.7368],[-73.96267,40.73645],[-73.9626,40.7349],[-73.96235,40.73381],[-73.96227,40.73277],[-73.96223,40.73265],[-73.96193,40.73268],[-73.9619,40.73248],[-73.96215,40.73245],[-73.96184,40.73163],[-73.96145,40.73099],[-73.96131,40.7303],[-73.96121,40.72951],[-73.9612,40.72942],[-73.96114,40.72943],[-73.96112,40.72936],[-73.96104,40.72878],[-73.96099,40.72876],[-73.96099,40.72866],[-73.96111,40.72819],[-73.96121,40.72815],[-73.96116,40.72811],[-73.96117,40.72806],[-73.96128,40.72804],[-73.9615,40.72699],[-73.96153,40.72591],[-73.96162,40.72486],[-73.96154,40.72469],[-73.96154,40.72388],[-73.96264,40.72275],[-73.9657,40.71878],[-73.96684,40.71756],[-73.96758,40.7165],[-73.96804,40.71497],[-73.96837,40.71413],[-73.96847,40.713],[-73.96905,40.71248],[-73.96961,40.71016],[-73.96994,40.70931],[-73.96985,40.70799],[-73.96961,40.70763],[-73.97032,40.70733],[-73.97231,40.70907],[-73.97279,40.70938],[-73.97593,40.71291],[-73.97521,40.71463],[-73.97632,40.71497],[-73.97634,40.71492],[-73.97661,40.715],[-73.97659,40.71505],[-73.97734,40.71529],[-73.98067,40.7163],[-73.97997,40.71759],[-73.97875,40.71993],[-73.97803,40.71964],[-73.97748,40.72035],[-73.97651,40.71995],[-73.97587,40.71975],[-73.97533,40.71953],[-73.975,40.71978],[-73.97476,40.7216],[-73.97689,40.7225],[-73.97735,40.72189],[-73.97973,40.72289],[-73.98017,40.72228],[-73.98252,40.72328],[-73.98208,40.72388],[-73.9844,40.72486],[-73.98575,40.72301],[-73.98797,40.72394],[-73.98256,40.73136],[-73.9899,40.73443],[-73.99075,40.73484],[-73.99023,40.73508],[-73.99002,40.73523],[-73.98902,40.73656],[-73.99223,40.73792]]]}},{"type":"Feature","properties":{"std_name":"Assembly District 44","std_geoid":"36044","pen":"politicians","std_note":null,"LSAD":"L3"},"geometry":{"type":"Polygon","coordinates":[[[-73.99173,40.66674],[-73.98721,40.67216],[-73.98479,40.67099],[-73.98278,40.6734],[-73.97332,40.66882],[-73.97132,40.67125],[-73.97086,40.67186],[-73.97041,40.67262],[-73.97004,40.67268],[-73.96966,40.67265],[-73.96935,40.67267],[-73.96892,40.67294],[-73.96886,40.67307],[-73.9688,40.67328],[-73.96873,40.67393],[-73.96694,40.67442],[-73.96597,40.67706],[-73.97351,40.67864],[-73.97746,40.68405],[-73.97593,40.6835],[-73.96131,40.68046],[-73.96168,40.6797],[-73.96223,40.67817],[-73.95912,40.67751],[-73.96195,40.66964],[-73.96219,40.66964],[-73.96096,40.66329],[-73.96194,40.66322],[-73.96243,40.66313],[-73.96295,40.66253],[-73.96305,40.6623],[-73.96308,40.66217],[-73.9619,40.65487],[-73.97169,40.65106],[-73.97172,40.65089],[-73.97178,40.65078],[-73.97208,40.65064],[-73.97121,40.64762],[-73.97253,40.64711],[-73.97174,40.646],[-73.97084,40.64638],[-73.97077,40.64611],[-73.96547,40.64672],[-73.96406,40.63926],[-73.96492,40.63885],[-73.96381,40.63301],[-73.96244,40.63315],[-73.96182,40.63002],[-73.97137,40.62897],[-73.97157,40.62999],[-73.97181,40.62987],[-73.97192,40.63065],[-73.97211,40.63137],[-73.97242,40.63299],[-73.97261,40.63371],[-73.97865,40.63305],[-73.97831,40.63128],[-73.9826,40.63384],[-73.97968,40.63664],[-73.9905,40.64316],[-73.98835,40.64456],[-73.98036,40.64769],[-73.9818,40.65525],[-73.98623,40.65792],[-73.98565,40.65848],[-73.98784,40.65982],[-73.9873,40.66044],[-73.98668,40.66093],[-73.98774,40.6616],[-73.98722,40.66213],[-73.98757,40.66234],[-73.98665,40.66344],[-73.98745,40.66382],[-73.98695,40.66443],[-73.99173,40.66674]]]}},{"type":"Feature","properties":{"std_name":"Assembly District 57","std_geoid":"36057","pen":"politicians","std_note":null,"LSAD":"L3"},"geometry":{"type":"Polygon","coordinates":[[[-73.98563,40.70059],[-73.98483,40.70058],[-73.98476,40.70144],[-73.98073,40.70127],[-73.98046,40.70085],[-73.98046,40.6997],[-73.98054,40.69825],[-73.98051,40.69744],[-73.98045,40.69667],[-73.98039,40.69651],[-73.97953,40.69653],[-73.97838,40.69649],[-73.97549,40.69631],[-73.97448,40.69631],[-73.96841,40.69605],[-73.96516,40.69597],[-73.96455,40.69611],[-73.96411,40.6963],[-73.96352,40.69673],[-73.9632,40.6971],[-73.96304,40.69741],[-73.96287,40.69782],[-73.96284,40.69804],[-73.95702,40.69897],[-73.95337,40.6994],[-73.94971,40.68107],[-73.94956,40.68039],[-73.94968,40.67846],[-73.94992,40.6761],[-73.95269,40.67625],[-73.95385,40.66373],[-73.96096,40.66329],[-73.96219,40.66964],[-73.96195,40.66964],[-73.95912,40.67751],[-73.96223,40.67817],[-73.96168,40.6797],[-73.96131,40.68046],[-73.97593,40.6835],[-73.97746,40.68405],[-73.98056,40.68835],[-73.98087,40.68887],[-73.98136,40.68993],[-73.98256,40.69227],[-73.98239,40.69297],[-73.98251,40.69361],[-73.98231,40.69751],[-73.98219,40.6975],[-73.98306,40.69829],[-73.98305,40.69838],[-73.98315,40.69838],[-73.98486,40.69999],[-73.98525,40.70034],[-73.98563,40.70059]]]}},{"type":"Feature","properties":{"std_name":"Assembly District 73","std_geoid":"36073","pen":"politicians","std_note":null,"LSAD":"L3"},"geometry":{"type":"Polygon","coordinates":[[[-73.9855,40.74715],[-73.95717,40.78598],[-73.95396,40.78462],[-73.9535,40.78525],[-73.95188,40.78457],[-73.95234,40.78394],[-73.95074,40.78326],[-73.9512,40.78263],[-73.94896,40.78169],[-73.95079,40.77918],[-73.95303,40.78013],[-73.9634,40.76591],[-73.96115,40.76499],[-73.96388,40.76123],[-73.96349,40.76107],[-73.96308,40.76163],[-73.96292,40.76156],[-73.9631,40.76131],[-73.96176,40.76075],[-73.96189,40.76056],[-73.96143,40.76036],[-73.96107,40.76086],[-73.95801,40.75958],[-73.95872,40.75864],[-73.95848,40.75854],[-73.95881,40.75826],[-73.96085,40.75573],[-73.96156,40.75521],[-73.96471,40.75172],[-73.96477,40.75179],[-73.965,40.75154],[-73.96506,40.75181],[-73.96529,40.75181],[-73.96551,40.75188],[-73.96726,40.75264],[-73.9677,40.75204],[-73.96989,40.753],[-73.97588,40.74478],[-73.97676,40.74347],[-73.9855,40.74715]]]}},{"type":"Feature","properties":{"std_name":"Assembly District 45","std_geoid":"36045","pen":"politicians","std_note":null,"LSAD":"L3"},"geometry":{"type":"Polygon","coordinates":[[[-73.98423,40.58607],[-73.98327,40.58619],[-73.9842,40.59117],[-73.9832,40.59124],[-73.98132,40.59148],[-73.98221,40.59599],[-73.97408,40.59688],[-73.97305,40.60428],[-73.9732,40.6043],[-73.97362,40.60656],[-73.97259,40.60667],[-73.97399,40.61403],[-73.96236,40.61531],[-73.96266,40.61691],[-73.95911,40.61811],[-73.95718,40.61833],[-73.95149,40.58828],[-73.94934,40.58851],[-73.94892,40.58626],[-73.94696,40.58648],[-73.94669,40.58507],[-73.94493,40.58517],[-73.94387,40.5853],[-73.94355,40.58365],[-73.94258,40.5837],[-73.94255,40.58351],[-73.94157,40.58361],[-73.94155,40.58352],[-73.94149,40.58353],[-73.94145,40.58335],[-73.94131,40.58334],[-73.94123,40.58313],[-73.94095,40.58191],[-73.94044,40.58188],[-73.93195,40.58202],[-73.92807,40.56779],[-73.93336,40.56693],[-73.93489,40.56665],[-73.945,40.56531],[-73.9507,40.56443],[-73.95167,40.56431],[-73.95928,40.56308],[-73.95942,40.57391],[-73.95941,40.57516],[-73.96103,40.57508],[-73.96114,40.5758],[-73.95947,40.57587],[-73.95994,40.58196],[-73.96103,40.58173],[-73.96143,40.5839],[-73.96207,40.5842],[-73.96433,40.58394],[-73.96521,40.58379],[-73.96539,40.58315],[-73.96665,40.58334],[-73.96689,40.58335],[-73.96678,40.5839],[-73.96887,40.58377],[-73.96998,40.58363],[-73.97203,40.58329],[-73.9736,40.58296],[-73.97509,40.58272],[-73.97575,40.58265],[-73.97636,40.58259],[-73.97761,40.58259],[-73.97949,40.58274],[-73.98271,40.58325],[-73.98281,40.58379],[-73.98388,40.58398],[-73.98423,40.58607]]]}},{"type":"Feature","properties":{"std_name":"Assembly District 42","std_geoid":"36042","pen":"politicians","std_note":null,"LSAD":"L3"},"geometry":{"type":"Polygon","coordinates":[[[-73.97253,40.64711],[-73.97121,40.64762],[-73.97208,40.65064],[-73.97178,40.65078],[-73.97172,40.65089],[-73.97169,40.65106],[-73.9619,40.65487],[-73.96141,40.65217],[-73.96042,40.65256],[-73.95933,40.65293],[-73.95893,40.65121],[-73.94967,40.6517],[-73.94957,40.65081],[-73.9438,40.65111],[-73.94311,40.64464],[-73.94214,40.64468],[-73.94203,40.64366],[-73.94397,40.64354],[-73.94372,40.64124],[-73.94563,40.64113],[-73.94512,40.63645],[-73.94415,40.63651],[-73.94391,40.63424],[-73.94488,40.63418],[-73.94455,40.63107],[-73.94551,40.63079],[-73.94415,40.62951],[-73.9454,40.62938],[-73.94359,40.61982],[-73.95504,40.61856],[-73.95685,40.62812],[-73.96092,40.62767],[-73.96116,40.62893],[-73.96159,40.62901],[-73.96159,40.62911],[-73.9612,40.62915],[-73.96137,40.63006],[-73.96182,40.63002],[-73.96244,40.63315],[-73.96381,40.63301],[-73.96492,40.63885],[-73.96406,40.63926],[-73.96547,40.64672],[-73.97077,40.64611],[-73.97084,40.64638],[-73.97174,40.646],[-73.97253,40.64711]]]}},{"type":"Feature","properties":{"std_name":"Assembly District 50","std_geoid":"36050","pen":"politicians","std_note":null,"LSAD":"L3"},"geometry":{"type":"Polygon","coordinates":[[[-73.96994,40.70931],[-73.96961,40.71016],[-73.96905,40.71248],[-73.96847,40.713],[-73.96837,40.71413],[-73.96804,40.71497],[-73.96758,40.7165],[-73.96684,40.71756],[-73.9657,40.71878],[-73.96264,40.72275],[-73.96154,40.72388],[-73.96154,40.72469],[-73.96162,40.72486],[-73.96153,40.72591],[-73.9615,40.72699],[-73.96128,40.72804],[-73.96117,40.72806],[-73.96116,40.72811],[-73.96121,40.72815],[-73.96111,40.72819],[-73.96099,40.72876],[-73.96104,40.72878],[-73.96112,40.72936],[-73.96114,40.72943],[-73.9612,40.72942],[-73.96126,40.72975],[-73.96131,40.7303],[-73.96145,40.73099],[-73.96184,40.73163],[-73.96215,40.73245],[-73.9619,40.73248],[-73.96193,40.73268],[-73.96223,40.73265],[-73.96227,40.73277],[-73.96235,40.73381],[-73.9626,40.7349],[-73.96267,40.73645],[-73.96248,40.7368],[-73.95706,40.73917],[-73.95509,40.7394],[-73.95391,40.73942],[-73.95254,40.73923],[-73.94683,40.73744],[-73.94216,40.73568],[-73.94032,40.7332],[-73.94037,40.73277],[-73.93966,40.73149],[-73.93752,40.72982],[-73.93443,40.72882],[-73.93183,40.72848],[-73.92921,40.72778],[-73.92909,40.72771],[-73.9278,40.72649],[-73.92717,40.72523],[-73.9292,40.72465],[-73.93711,40.7226],[-73.93588,40.71986],[-73.94049,40.71868],[-73.94127,40.7177],[-73.94184,40.71692],[-73.94208,40.71618],[-73.94216,40.71545],[-73.94216,40.71506],[-73.94207,40.71473],[-73.94069,40.71196],[-73.95164,40.71091],[-73.95834,40.71331],[-73.9598,40.71389],[-73.96016,40.71334],[-73.96168,40.7139],[-73.96294,40.71191],[-73.96142,40.71135],[-73.96196,40.71049],[-73.96112,40.71023],[-73.9606,40.71011],[-73.96038,40.71],[-73.96,40.70994],[-73.95749,40.70908],[-73.9579,40.70843],[-73.95191,40.70636],[-73.95024,40.70547],[-73.94925,40.7049],[-73.94879,40.70448],[-73.95023,40.70356],[-73.95025,40.70294],[-73.95001,40.70273],[-73.95192,40.70149],[-73.95066,40.70035],[-73.95014,40.69991],[-73.95009,40.69979],[-73.95702,40.69897],[-73.96247,40.6981],[-73.96188,40.70003],[-73.96122,40.70145],[-73.96239,40.70251],[-73.9643,40.70301],[-73.96632,40.70483],[-73.96673,40.70552],[-73.96702,40.70628],[-73.96795,40.70573],[-73.96839,40.70683],[-73.96918,40.70694],[-73.96928,40.70693],[-73.96928,40.70704],[-73.96935,40.7072],[-73.96985,40.70799],[-73.96994,40.70931]]]}},{"type":"Feature","properties":{"std_name":"Assembly District 43","std_geoid":"36043","pen":"politicians","std_note":null,"LSAD":"L3"},"geometry":{"type":"Polygon","coordinates":[[[-73.96308,40.66217],[-73.96305,40.6623],[-73.96295,40.66253],[-73.96243,40.66313],[-73.96194,40.66322],[-73.95385,40.66373],[-73.95269,40.67625],[-73.94161,40.67564],[-73.94169,40.67475],[-73.93722,40.6745],[-73.93679,40.67454],[-73.93632,40.67444],[-73.93618,40.67438],[-73.93626,40.67356],[-73.9307,40.67326],[-73.93161,40.66356],[-73.93156,40.66276],[-73.9309,40.65661],[-73.93478,40.65636],[-73.93465,40.6551],[-73.9404,40.65474],[-73.94023,40.65321],[-73.944,40.65297],[-73.9438,40.65111],[-73.94957,40.65081],[-73.94967,40.6517],[-73.95893,40.65121],[-73.95933,40.65293],[-73.96042,40.65256],[-73.96141,40.65217],[-73.9619,40.65487],[-73.96308,40.66217]]]}},{"type":"Feature","properties":{"std_name":"Assembly District 53","std_geoid":"36053","pen":"politicians","std_note":null,"LSAD":"L3"},"geometry":{"type":"Polygon","coordinates":[[[-73.96294,40.71191],[-73.96168,40.7139],[-73.96016,40.71334],[-73.9598,40.71389],[-73.95834,40.71331],[-73.95164,40.71091],[-73.94069,40.71196],[-73.94207,40.71473],[-73.94216,40.71506],[-73.94216,40.71545],[-73.94208,40.71618],[-73.94184,40.71692],[-73.94127,40.7177],[-73.94049,40.71868],[-73.93588,40.71986],[-73.93711,40.7226],[-73.9292,40.72465],[-73.92717,40.72523],[-73.92654,40.72407],[-73.92534,40.72164],[-73.92418,40.72002],[-73.92428,40.71854],[-73.92271,40.71648],[-73.92274,40.71616],[-73.92433,40.71557],[-73.92404,40.71401],[-73.92314,40.7134],[-73.92223,40.71285],[-73.92169,40.71189],[-73.92155,40.71104],[-73.92122,40.71079],[-73.92074,40.71053],[-73.92189,40.7094],[-73.91181,40.70343],[-73.9129,40.70236],[-73.91068,40.70105],[-73.91181,40.69994],[-73.90877,40.69826],[-73.90951,40.6975],[-73.91027,40.69793],[-73.91105,40.69713],[-73.91181,40.69755],[-73.91626,40.69302],[-73.91927,40.69473],[-73.92115,40.6928],[-73.92128,40.6928],[-73.92364,40.6904],[-73.93522,40.69699],[-73.94193,40.70072],[-73.95009,40.69979],[-73.95014,40.69991],[-73.95066,40.70035],[-73.95192,40.70149],[-73.95001,40.70273],[-73.95025,40.70294],[-73.95023,40.70356],[-73.94879,40.70448],[-73.94925,40.7049],[-73.95024,40.70547],[-73.95191,40.70636],[-73.9579,40.70843],[-73.95749,40.70908],[-73.96,40.70994],[-73.96038,40.71],[-73.9606,40.71011],[-73.96112,40.71023],[-73.96196,40.71049],[-73.96142,40.71135],[-73.96294,40.71191]]]}},{"type":"Feature","properties":{"std_name":"Assembly District 37","std_geoid":"36037","pen":"politicians","std_note":null,"LSAD":"L3"},"geometry":{"type":"Polygon","coordinates":[[[-73.96262,40.73903],[-73.96243,40.73967],[-73.96191,40.741],[-73.9618,40.74113],[-73.96138,40.7428],[-73.96118,40.743],[-73.96083,40.74364],[-73.96056,40.74402],[-73.96068,40.74404],[-73.96065,40.74414],[-73.96051,40.74411],[-73.96027,40.74443],[-73.95919,40.74603],[-73.95684,40.74883],[-73.9548,40.74805],[-73.95492,40.74786],[-73.95505,40.74733],[-73.95271,40.74688],[-73.95248,40.74757],[-73.94489,40.74612],[-73.94322,40.74679],[-73.94308,40.74656],[-73.94281,40.74638],[-73.93959,40.74566],[-73.93932,40.74563],[-73.94061,40.74776],[-73.93739,40.74891],[-73.93684,40.7484],[-73.93539,40.74941],[-73.93164,40.75137],[-73.92469,40.75173],[-73.92442,40.7524],[-73.91892,40.75364],[-73.91763,40.75386],[-73.91651,40.75389],[-73.91547,40.75379],[-73.91469,40.75367],[-73.91447,40.75366],[-73.91354,40.75347],[-73.91045,40.75296],[-73.90985,40.75164],[-73.9095,40.75095],[-73.90944,40.75075],[-73.9099,40.74909],[-73.91016,40.7485],[-73.91017,40.74823],[-73.90992,40.74776],[-73.90955,40.74739],[-73.90812,40.74619],[-73.90863,40.74511],[-73.90959,40.74494],[-73.91019,40.74197],[-73.90756,40.74166],[-73.90832,40.73863],[-73.90856,40.73793],[-73.90991,40.735],[-73.9109,40.73305],[-73.91109,40.73262],[-73.91125,40.73219],[-73.91151,40.7313],[-73.91161,40.73086],[-73.91173,40.72996],[-73.91093,40.72969],[-73.91012,40.72932],[-73.90707,40.72747],[-73.90632,40.72705],[-73.90531,40.72663],[-73.90439,40.72636],[-73.9037,40.72622],[-73.90241,40.72608],[-73.89497,40.72541],[-73.89403,40.72536],[-73.89337,40.72539],[-73.89237,40.72552],[-73.89166,40.72567],[-73.89071,40.726],[-73.89031,40.72618],[-73.8897,40.7265],[-73.88775,40.72763],[-73.8872,40.72787],[-73.88724,40.7274],[-73.8872,40.72619],[-73.88713,40.72614],[-73.88706,40.7238],[-73.88564,40.72202],[-73.89116,40.71946],[-73.89376,40.71821],[-73.89423,40.71792],[-73.8975,40.71638],[-73.89554,40.7138],[-73.89503,40.71248],[-73.9006,40.7127],[-73.89971,40.71098],[-73.89863,40.71122],[-73.89646,40.7103],[-73.89616,40.70962],[-73.89845,40.70904],[-73.89756,40.70776],[-73.89633,40.70527],[-73.89449,40.70573],[-73.89313,40.70257],[-73.89344,40.70219],[-73.89363,40.70229],[-73.89852,40.70087],[-73.89885,40.70154],[-73.90169,40.70072],[-73.91195,40.70678],[-73.91403,40.70475],[-73.92189,40.7094],[-73.92074,40.71053],[-73.92122,40.71079],[-73.92155,40.71104],[-73.92169,40.71189],[-73.92223,40.71285],[-73.92314,40.7134],[-73.92404,40.71401],[-73.92433,40.71557],[-73.92274,40.71616],[-73.92271,40.71648],[-73.92428,40.71854],[-73.92418,40.72002],[-73.92534,40.72164],[-73.92654,40.72407],[-73.92723,40.72533],[-73.9278,40.72649],[-73.92909,40.72771],[-73.92921,40.72778],[-73.93183,40.72848],[-73.93443,40.72882],[-73.93752,40.72982],[-73.93966,40.73149],[-73.94037,40.73277],[-73.94032,40.7332],[-73.94216,40.73568],[-73.94706,40.73752],[-73.95254,40.73923],[-73.95391,40.73942],[-73.95509,40.7394],[-73.95706,40.73917],[-73.96248,40.7368],[-73.96262,40.73903]]]}},{"type":"Feature","properties":{"std_name":"Assembly District 41","std_geoid":"36041","pen":"politicians","std_note":null,"LSAD":"L3"},"geometry":{"type":"Polygon","coordinates":[[[-73.95763,40.62071],[-73.95549,40.62095],[-73.95504,40.61856],[-73.94359,40.61982],[-73.9454,40.62938],[-73.94415,40.62951],[-73.94551,40.63079],[-73.94455,40.63107],[-73.94463,40.63184],[-73.93318,40.63255],[-73.93343,40.63488],[-73.9325,40.63495],[-73.93298,40.63956],[-73.93201,40.63962],[-73.93226,40.64195],[-73.92356,40.6425],[-73.92333,40.6399],[-73.92317,40.63884],[-73.92283,40.63554],[-73.92571,40.63537],[-73.92492,40.62798],[-73.93219,40.62327],[-73.93163,40.6181],[-73.93173,40.61793],[-73.94116,40.61182],[-73.93935,40.61019],[-73.94155,40.60877],[-73.92879,40.59732],[-73.92957,40.59682],[-73.92974,40.59698],[-73.93205,40.59547],[-73.93306,40.59489],[-73.93137,40.58607],[-73.93108,40.58439],[-73.9311,40.58275],[-73.93172,40.58281],[-73.93174,40.58297],[-73.93178,40.58305],[-73.93184,40.58308],[-73.93195,40.58202],[-73.94044,40.58188],[-73.94095,40.58191],[-73.94123,40.58313],[-73.94131,40.58334],[-73.94145,40.58335],[-73.94149,40.58353],[-73.94155,40.58352],[-73.94157,40.58361],[-73.94255,40.58351],[-73.94258,40.5837],[-73.94355,40.58365],[-73.94387,40.5853],[-73.94493,40.58517],[-73.94669,40.58507],[-73.94696,40.58648],[-73.94892,40.58626],[-73.94934,40.58851],[-73.95149,40.58828],[-73.95763,40.62071]]]}},{"type":"Feature","properties":{"std_name":"Assembly District 36","std_geoid":"36036","pen":"politicians","std_note":null,"LSAD":"L3"},"geometry":{"type":"Polygon","coordinates":[[[-73.95617,40.74967],[-73.9562,40.74969],[-73.95612,40.74976],[-73.95606,40.74976],[-73.95432,40.75126],[-73.95394,40.75175],[-73.95399,40.75179],[-73.95368,40.75205],[-73.95364,40.75204],[-73.95297,40.75275],[-73.95301,40.75277],[-73.95266,40.75311],[-73.95217,40.7537],[-73.95208,40.75376],[-73.95137,40.75452],[-73.95102,40.75509],[-73.95088,40.75517],[-73.94596,40.76129],[-73.94581,40.76145],[-73.94571,40.76149],[-73.94472,40.76288],[-73.9435,40.7645],[-73.94131,40.76692],[-73.94046,40.76753],[-73.94035,40.76765],[-73.93984,40.76799],[-73.9382,40.76873],[-73.9364,40.76947],[-73.93532,40.77049],[-73.93496,40.77173],[-73.93747,40.7725],[-73.93781,40.77356],[-73.93786,40.77409],[-73.93766,40.77509],[-73.93705,40.77587],[-73.93638,40.77692],[-73.93609,40.77718],[-73.93586,40.77721],[-73.93508,40.77794],[-73.93474,40.77808],[-73.93391,40.77812],[-73.93278,40.77792],[-73.93272,40.77804],[-73.93185,40.77789],[-73.93105,40.77744],[-73.93107,40.77726],[-73.93063,40.77659],[-73.92988,40.77622],[-73.92861,40.77659],[-73.92828,40.7769],[-73.92632,40.77824],[-73.92557,40.77846],[-73.92482,40.77876],[-73.92423,40.7791],[-73.92319,40.78025],[-73.92296,40.78044],[-73.92263,40.78057],[-73.9221,40.78085],[-73.91909,40.78337],[-73.91819,40.78393],[-73.91774,40.78408],[-73.91724,40.78414],[-73.91717,40.78419],[-73.91718,40.78455],[-73.91683,40.78519],[-73.91575,40.78611],[-73.9154,40.78606],[-73.91534,40.78612],[-73.91073,40.78285],[-73.9129,40.78109],[-73.91221,40.78061],[-73.91661,40.77701],[-73.91592,40.77652],[-73.91845,40.77445],[-73.91289,40.77052],[-73.91203,40.76995],[-73.91167,40.76964],[-73.91024,40.76943],[-73.91094,40.76885],[-73.90998,40.7687],[-73.91629,40.76094],[-73.9147,40.76019],[-73.91465,40.76001],[-73.91379,40.7586],[-73.91501,40.7571],[-73.91421,40.75672],[-73.91651,40.75389],[-73.91763,40.75386],[-73.91892,40.75364],[-73.92442,40.7524],[-73.92469,40.75173],[-73.93164,40.75137],[-73.93539,40.74941],[-73.93684,40.7484],[-73.93739,40.74891],[-73.94061,40.74776],[-73.93932,40.74563],[-73.93959,40.74566],[-73.94281,40.74638],[-73.94308,40.74656],[-73.94322,40.74679],[-73.94489,40.74612],[-73.95248,40.74757],[-73.95271,40.74688],[-73.95505,40.74733],[-73.95492,40.74786],[-73.9548,40.74805],[-73.95684,40.74883],[-73.95617,40.74967]]]}},{"type":"Feature","properties":{"std_name":"Assembly District 56","std_geoid":"36056","pen":"politicians","std_note":null,"LSAD":"L3"},"geometry":{"type":"Polygon","coordinates":[[[-73.95337,40.6994],[-73.94193,40.70072],[-73.93522,40.69699],[-73.92121,40.68902],[-73.92089,40.68738],[-73.92354,40.68708],[-73.92267,40.68268],[-73.92243,40.68121],[-73.92213,40.67974],[-73.92197,40.67908],[-73.92184,40.67895],[-73.92165,40.67887],[-73.92205,40.67457],[-73.93053,40.67504],[-73.9307,40.67326],[-73.93626,40.67356],[-73.93618,40.67438],[-73.93632,40.67444],[-73.93679,40.67454],[-73.93722,40.6745],[-73.94169,40.67475],[-73.94161,40.67564],[-73.94992,40.6761],[-73.94968,40.67846],[-73.94956,40.68039],[-73.94971,40.68107],[-73.95337,40.6994]]]}},{"type":"Feature","properties":{"std_name":"Assembly District 58","std_geoid":"36058","pen":"politicians","std_note":null,"LSAD":"L3"},"geometry":{"type":"Polygon","coordinates":[[[-73.94563,40.64113],[-73.94372,40.64124],[-73.94397,40.64354],[-73.94203,40.64366],[-73.94214,40.64468],[-73.94311,40.64464],[-73.944,40.65297],[-73.94023,40.65321],[-73.9404,40.65474],[-73.93465,40.6551],[-73.93478,40.65636],[-73.9309,40.65661],[-73.93156,40.66276],[-73.93161,40.66356],[-73.93145,40.66523],[-73.92868,40.66509],[-73.92854,40.66457],[-73.92546,40.66592],[-73.91648,40.65785],[-73.91557,40.65839],[-73.91441,40.65736],[-73.91378,40.65678],[-73.91466,40.65621],[-73.91253,40.65431],[-73.91192,40.6543],[-73.91115,40.65434],[-73.91036,40.65439],[-73.90977,40.65447],[-73.91012,40.65585],[-73.90731,40.65627],[-73.90597,40.65094],[-73.90165,40.65375],[-73.89984,40.65212],[-73.89897,40.65142],[-73.89794,40.65051],[-73.89468,40.64753],[-73.89542,40.64705],[-73.89176,40.64376],[-73.89102,40.64424],[-73.88372,40.63768],[-73.8897,40.6338],[-73.90138,40.6443],[-73.90669,40.64087],[-73.90928,40.6432],[-73.91147,40.64179],[-73.91229,40.64141],[-73.91444,40.64334],[-73.91662,40.64195],[-73.91816,40.64108],[-73.91946,40.64024],[-73.91917,40.63747],[-73.92191,40.63607],[-73.92283,40.63554],[-73.92317,40.63884],[-73.92333,40.6399],[-73.92356,40.6425],[-73.93226,40.64195],[-73.93201,40.63962],[-73.93298,40.63956],[-73.9325,40.63495],[-73.93343,40.63488],[-73.93318,40.63255],[-73.94463,40.63184],[-73.94488,40.63418],[-73.94391,40.63424],[-73.94415,40.63651],[-73.94512,40.63645],[-73.94563,40.64113]]]}},{"type":"Feature","properties":{"std_name":"Assembly District 59","std_geoid":"36059","pen":"politicians","std_note":null,"LSAD":"L3"},"geometry":{"type":"Polygon","coordinates":[[[-73.94155,40.60877],[-73.93935,40.61019],[-73.94116,40.61182],[-73.93173,40.61793],[-73.93163,40.6181],[-73.93219,40.62327],[-73.92492,40.62798],[-73.92571,40.63537],[-73.92283,40.63554],[-73.92191,40.63607],[-73.91917,40.63747],[-73.91946,40.64024],[-73.91816,40.64108],[-73.91662,40.64195],[-73.91444,40.64334],[-73.91229,40.64141],[-73.91147,40.64179],[-73.90928,40.6432],[-73.90669,40.64087],[-73.90138,40.6443],[-73.8897,40.6338],[-73.88074,40.63961],[-73.87954,40.63886],[-73.87881,40.63794],[-73.8763,40.63519],[-73.87396,40.63377],[-73.85502,40.6431],[-73.85494,40.64265],[-73.84834,40.64352],[-73.83765,40.63284],[-73.83624,40.63111],[-73.83538,40.63032],[-73.83304,40.62826],[-73.83339,40.62767],[-73.83405,40.61346],[-73.83428,40.60919],[-73.83446,40.60719],[-73.83588,40.60564],[-73.84202,40.59831],[-73.84444,40.59586],[-73.84668,40.59321],[-73.84739,40.59203],[-73.84985,40.58867],[-73.85352,40.58659],[-73.86561,40.5812],[-73.86923,40.57934],[-73.87142,40.57854],[-73.87922,40.57466],[-73.88507,40.57375],[-73.89052,40.5727],[-73.90387,40.57162],[-73.90491,40.57141],[-73.92807,40.56779],[-73.93195,40.58202],[-73.93184,40.58308],[-73.93178,40.58305],[-73.93174,40.58297],[-73.93172,40.58281],[-73.9311,40.58275],[-73.93108,40.58439],[-73.93137,40.58607],[-73.93306,40.59489],[-73.93205,40.59547],[-73.92974,40.59698],[-73.92957,40.59682],[-73.92879,40.59732],[-73.94155,40.60877]]]}},{"type":"Feature","properties":{"std_name":"Assembly District 55","std_geoid":"36055","pen":"politicians","std_note":null,"LSAD":"L3"},"geometry":{"type":"Polygon","coordinates":[[[-73.93145,40.66523],[-73.93053,40.67504],[-73.92205,40.67457],[-73.92165,40.67887],[-73.92184,40.67895],[-73.92197,40.67908],[-73.92213,40.67974],[-73.92243,40.68121],[-73.92267,40.68268],[-73.92354,40.68708],[-73.92089,40.68738],[-73.92121,40.68902],[-73.91077,40.68309],[-73.90702,40.68095],[-73.90549,40.68004],[-73.89999,40.6769],[-73.8996,40.67685],[-73.89723,40.67721],[-73.89554,40.67063],[-73.90198,40.66967],[-73.90127,40.66688],[-73.90042,40.66381],[-73.89881,40.65741],[-73.90076,40.65723],[-73.90169,40.6571],[-73.91012,40.65585],[-73.90977,40.65447],[-73.91036,40.65439],[-73.91192,40.6543],[-73.91253,40.65431],[-73.91466,40.65621],[-73.91378,40.65678],[-73.91441,40.65736],[-73.91557,40.65839],[-73.91648,40.65785],[-73.92546,40.66592],[-73.92854,40.66457],[-73.92868,40.66509],[-73.93145,40.66523]]]}},{"type":"Feature","properties":{"std_name":"Assembly District 54","std_geoid":"36054","pen":"politicians","std_note":null,"LSAD":"L3"},"geometry":{"type":"Polygon","coordinates":[[[-73.92364,40.6904],[-73.92128,40.6928],[-73.92115,40.6928],[-73.91927,40.69473],[-73.91626,40.69302],[-73.91181,40.69755],[-73.91105,40.69713],[-73.91027,40.69793],[-73.90951,40.6975],[-73.90877,40.69826],[-73.90426,40.6957],[-73.9048,40.69515],[-73.90491,40.69507],[-73.9058,40.69413],[-73.90207,40.692],[-73.90159,40.69163],[-73.90124,40.69144],[-73.9018,40.69077],[-73.90042,40.68818],[-73.90116,40.68788],[-73.89652,40.6824],[-73.89633,40.68283],[-73.89612,40.68314],[-73.89529,40.68417],[-73.8942,40.68531],[-73.89252,40.68342],[-73.89166,40.68404],[-73.89014,40.685],[-73.88961,40.68421],[-73.88909,40.68464],[-73.88808,40.68529],[-73.88452,40.68669],[-73.88378,40.68786],[-73.87946,40.69123],[-73.87402,40.69419],[-73.86892,40.69515],[-73.86872,40.69462],[-73.86868,40.69385],[-73.86806,40.69118],[-73.86746,40.68841],[-73.8666,40.68527],[-73.8665,40.68447],[-73.86629,40.68319],[-73.86603,40.68192],[-73.86499,40.68213],[-73.8641,40.68237],[-73.86328,40.67907],[-73.86235,40.67916],[-73.86171,40.67661],[-73.86454,40.67645],[-73.86726,40.67611],[-73.86823,40.67594],[-73.87192,40.6754],[-73.8713,40.67286],[-73.8852,40.67086],[-73.88552,40.67211],[-73.89554,40.67063],[-73.89723,40.67721],[-73.8996,40.67685],[-73.89999,40.6769],[-73.90549,40.68004],[-73.90702,40.68095],[-73.91077,40.68309],[-73.92364,40.6904]]]}},{"type":"Feature","properties":{"std_name":"Assembly District 38","std_geoid":"36038","pen":"politicians","std_note":null,"LSAD":"L3"},"geometry":{"type":"Polygon","coordinates":[[[-73.91403,40.70475],[-73.91195,40.70678],[-73.90169,40.70072],[-73.89885,40.70154],[-73.89852,40.70087],[-73.89363,40.70229],[-73.89344,40.70219],[-73.89297,40.70214],[-73.89274,40.70185],[-73.89194,40.70289],[-73.89127,40.7036],[-73.88984,40.70497],[-73.88912,40.7056],[-73.88653,40.70623],[-73.8846,40.70612],[-73.88431,40.70541],[-73.8817,40.70603],[-73.87999,40.70639],[-73.87716,40.70657],[-73.87722,40.70669],[-73.87492,40.70682],[-73.87519,40.70665],[-73.87515,40.70654],[-73.87494,40.70667],[-73.87424,40.70673],[-73.87408,40.70631],[-73.87236,40.70672],[-73.8723,40.70659],[-73.87144,40.7068],[-73.86982,40.70284],[-73.86325,40.70339],[-73.86142,40.70327],[-73.85028,40.70204],[-73.85027,40.70183],[-73.85019,40.70161],[-73.85008,40.70147],[-73.84993,40.70135],[-73.84771,40.70026],[-73.84745,40.70005],[-73.84729,40.69979],[-73.84716,40.69919],[-73.84706,40.69903],[-73.84702,40.69884],[-73.84503,40.69936],[-73.84294,40.70055],[-73.84156,40.7011],[-73.83912,40.70081],[-73.83805,40.69869],[-73.83598,40.69442],[-73.83405,40.69055],[-73.83172,40.68605],[-73.83342,40.68557],[-73.83273,40.68412],[-73.83379,40.68369],[-73.83697,40.68199],[-73.83906,40.68624],[-73.86335,40.67935],[-73.8641,40.68237],[-73.86499,40.68213],[-73.86603,40.68192],[-73.86629,40.68319],[-73.8665,40.68447],[-73.8666,40.68527],[-73.86746,40.68841],[-73.86806,40.69118],[-73.86868,40.69385],[-73.86872,40.69462],[-73.86892,40.69515],[-73.87402,40.69419],[-73.87946,40.69123],[-73.88378,40.68786],[-73.88452,40.68669],[-73.88808,40.68529],[-73.88909,40.68464],[-73.88961,40.68421],[-73.89014,40.685],[-73.89166,40.68404],[-73.89252,40.68342],[-73.8942,40.68531],[-73.89529,40.68417],[-73.89612,40.68314],[-73.89633,40.68283],[-73.89652,40.6824],[-73.90116,40.68788],[-73.90042,40.68818],[-73.9018,40.69077],[-73.90124,40.69144],[-73.90159,40.69163],[-73.90207,40.692],[-73.9058,40.69413],[-73.90491,40.69507],[-73.9048,40.69515],[-73.90426,40.6957],[-73.91014,40.69903],[-73.91181,40.69994],[-73.91068,40.70105],[-73.9129,40.70236],[-73.91181,40.70343],[-73.91403,40.70475]]]}},{"type":"Feature","properties":{"std_name":"Assembly District 60","std_geoid":"36060","pen":"politicians","std_note":null,"LSAD":"L3"},"geometry":{"type":"Polygon","coordinates":[[[-73.90731,40.65627],[-73.90076,40.65723],[-73.89881,40.65741],[-73.90042,40.66381],[-73.90127,40.66688],[-73.90198,40.66967],[-73.88552,40.67211],[-73.8852,40.67086],[-73.8713,40.67286],[-73.87192,40.6754],[-73.86823,40.67594],[-73.86726,40.67611],[-73.86454,40.67645],[-73.86171,40.67661],[-73.86132,40.67502],[-73.86106,40.67434],[-73.86108,40.67402],[-73.86039,40.67127],[-73.85763,40.67166],[-73.85643,40.66703],[-73.85568,40.66387],[-73.85843,40.66345],[-73.85761,40.66012],[-73.85851,40.6599],[-73.86036,40.65965],[-73.86151,40.65905],[-73.86317,40.65828],[-73.86244,40.65726],[-73.86219,40.65683],[-73.86096,40.65518],[-73.86048,40.65466],[-73.85976,40.6541],[-73.85898,40.65268],[-73.85696,40.65058],[-73.85665,40.65013],[-73.85615,40.6492],[-73.85502,40.6431],[-73.87396,40.63377],[-73.8763,40.63519],[-73.87881,40.63794],[-73.87954,40.63886],[-73.88074,40.63961],[-73.88372,40.63768],[-73.89102,40.64424],[-73.89176,40.64376],[-73.89542,40.64705],[-73.89468,40.64753],[-73.89794,40.65051],[-73.89897,40.65142],[-73.89984,40.65212],[-73.90165,40.65375],[-73.90597,40.65094],[-73.90731,40.65627]]]}},{"type":"Feature","properties":{"std_name":"Assembly District 28","std_geoid":"36028","pen":"politicians","std_note":null,"LSAD":"L3"},"geometry":{"type":"Polygon","coordinates":[[[-73.9006,40.7127],[-73.89503,40.71248],[-73.89554,40.7138],[-73.8975,40.71638],[-73.89423,40.71792],[-73.89376,40.71821],[-73.89116,40.71946],[-73.88244,40.72351],[-73.88092,40.7216],[-73.88131,40.72142],[-73.87868,40.72156],[-73.87646,40.72159],[-73.87545,40.72175],[-73.87455,40.72201],[-73.8684,40.72485],[-73.86681,40.72738],[-73.86662,40.72761],[-73.8663,40.72819],[-73.86448,40.73109],[-73.86387,40.73181],[-73.86342,40.73195],[-73.8626,40.73042],[-73.85938,40.72924],[-73.84701,40.73295],[-73.84599,40.73096],[-73.84577,40.73026],[-73.84571,40.7295],[-73.84516,40.7289],[-73.84489,40.72869],[-73.84469,40.72843],[-73.84053,40.72032],[-73.84085,40.72006],[-73.83686,40.71826],[-73.83585,40.71773],[-73.83496,40.71717],[-73.83421,40.71664],[-73.83223,40.71512],[-73.83131,40.71447],[-73.83008,40.71391],[-73.8274,40.71283],[-73.82546,40.712],[-73.82471,40.71234],[-73.82368,40.71304],[-73.8231,40.71234],[-73.8224,40.71176],[-73.82151,40.71091],[-73.82077,40.71026],[-73.82041,40.70988],[-73.81946,40.7084],[-73.81954,40.70828],[-73.81831,40.70616],[-73.81871,40.70603],[-73.81846,40.70566],[-73.82008,40.70503],[-73.82063,40.70584],[-73.82202,40.70521],[-73.82298,40.70619],[-73.82405,40.70693],[-73.82344,40.7038],[-73.82576,40.70443],[-73.83392,40.70235],[-73.8346,40.70393],[-73.83557,40.70368],[-73.83582,40.70349],[-73.83605,40.70341],[-73.83662,40.70342],[-73.83696,40.70421],[-73.83843,40.70339],[-73.83948,40.70269],[-73.84156,40.7011],[-73.84294,40.70055],[-73.84503,40.69936],[-73.84702,40.69884],[-73.84706,40.69903],[-73.84716,40.69919],[-73.84729,40.69979],[-73.84745,40.70005],[-73.84771,40.70026],[-73.84993,40.70135],[-73.85008,40.70147],[-73.85019,40.70161],[-73.85027,40.70183],[-73.85028,40.70204],[-73.86142,40.70327],[-73.86325,40.70339],[-73.86982,40.70284],[-73.87144,40.7068],[-73.8723,40.70659],[-73.87236,40.70672],[-73.87408,40.70631],[-73.87424,40.70673],[-73.87494,40.70667],[-73.87515,40.70654],[-73.87519,40.70665],[-73.87492,40.70682],[-73.87722,40.70669],[-73.87716,40.70657],[-73.87999,40.70639],[-73.8817,40.70603],[-73.88431,40.70541],[-73.8846,40.70612],[-73.88653,40.70623],[-73.88912,40.7056],[-73.88984,40.70497],[-73.89127,40.7036],[-73.89194,40.70289],[-73.89274,40.70185],[-73.89297,40.70214],[-73.89344,40.70219],[-73.89313,40.70257],[-73.89449,40.70573],[-73.89633,40.70527],[-73.89756,40.70776],[-73.89845,40.70904],[-73.89616,40.70962],[-73.89646,40.7103],[-73.89863,40.71122],[-73.89971,40.71098],[-73.9006,40.7127]]]}},{"type":"Feature","properties":{"std_name":"Assembly District 35","std_geoid":"36035","pen":"politicians","std_note":null,"LSAD":"L3"},"geometry":{"type":"Polygon","coordinates":[[[-73.89418,40.77275],[-73.89289,40.77381],[-73.88942,40.77305],[-73.88908,40.77357],[-73.88885,40.77974],[-73.88943,40.78057],[-73.8853,40.78668],[-73.88522,40.78663],[-73.87831,40.78536],[-73.87776,40.78558],[-73.87737,40.78569],[-73.87677,40.78581],[-73.87629,40.78586],[-73.87508,40.78587],[-73.87351,40.78572],[-73.87298,40.78589],[-73.87288,40.78596],[-73.87281,40.7859],[-73.87277,40.78594],[-73.87287,40.78598],[-73.87279,40.78608],[-73.87226,40.78642],[-73.87211,40.78647],[-73.87163,40.7868],[-73.86542,40.78497],[-73.86051,40.77898],[-73.8529,40.77546],[-73.85264,40.77208],[-73.8537,40.76948],[-73.85183,40.76775],[-73.85028,40.76606],[-73.84922,40.76421],[-73.84852,40.76382],[-73.84671,40.76134],[-73.84635,40.76122],[-73.84686,40.76042],[-73.84602,40.7608],[-73.84549,40.75973],[-73.84363,40.75616],[-73.84324,40.75534],[-73.8519,40.75275],[-73.8505,40.75012],[-73.84432,40.75224],[-73.84395,40.75258],[-73.84368,40.75231],[-73.84349,40.75205],[-73.84194,40.75259],[-73.84157,40.75266],[-73.84118,40.75268],[-73.84182,40.75192],[-73.84256,40.75142],[-73.84267,40.7514],[-73.84261,40.75106],[-73.84275,40.75094],[-73.843,40.75089],[-73.84312,40.75093],[-73.84415,40.74857],[-73.84502,40.74841],[-73.84584,40.74813],[-73.84859,40.74728],[-73.84833,40.74689],[-73.84774,40.74588],[-73.84698,40.74442],[-73.84647,40.7433],[-73.8458,40.74155],[-73.84535,40.73975],[-73.84555,40.73966],[-73.84524,40.73789],[-73.845,40.73588],[-73.84477,40.73509],[-73.84438,40.73417],[-73.84496,40.73399],[-73.84475,40.73362],[-73.85816,40.72962],[-73.85938,40.72924],[-73.8626,40.73042],[-73.86462,40.73427],[-73.86631,40.73378],[-73.86755,40.73615],[-73.86783,40.73691],[-73.86823,40.73685],[-73.86857,40.73774],[-73.86819,40.73783],[-73.86898,40.73988],[-73.86732,40.74026],[-73.86715,40.73984],[-73.86441,40.74047],[-73.86352,40.74069],[-73.86186,40.74159],[-73.86073,40.73964],[-73.85877,40.7408],[-73.85838,40.74045],[-73.85731,40.73968],[-73.85458,40.74188],[-73.85393,40.74234],[-73.85368,40.74211],[-73.85121,40.74284],[-73.8536,40.74749],[-73.85442,40.7488],[-73.85666,40.75319],[-73.86251,40.75145],[-73.86224,40.75092],[-73.86399,40.75041],[-73.8654,40.75301],[-73.86908,40.75203],[-73.86975,40.75347],[-73.87008,40.7553],[-73.87189,40.75511],[-73.87222,40.75694],[-73.87366,40.7568],[-73.87441,40.75822],[-73.87451,40.75859],[-73.875,40.76126],[-73.87895,40.76198],[-73.87926,40.76369],[-73.88001,40.76381],[-73.88022,40.76373],[-73.88673,40.76305],[-73.88706,40.76487],[-73.89167,40.76439],[-73.89191,40.76571],[-73.8909,40.76586],[-73.89109,40.76634],[-73.89037,40.76642],[-73.88905,40.76663],[-73.89047,40.76651],[-73.89067,40.76664],[-73.89116,40.76661],[-73.89309,40.76678],[-73.89418,40.77275]]]}},{"type":"Feature","properties":{"std_name":"Assembly District 75","std_geoid":"36075","pen":"politicians","std_note":null,"LSAD":"L3"},"geometry":{"type":"Polygon","coordinates":[[[-74.01728,40.74418],[-74.01403,40.75755],[-74.0086,40.76498],[-74.00468,40.76343],[-74.00172,40.76221],[-74.00115,40.76203],[-74.00104,40.76197],[-74.00144,40.76162],[-74.00162,40.76135],[-73.99879,40.76015],[-73.99832,40.76082],[-73.99623,40.75995],[-73.99569,40.7606],[-73.99498,40.7603],[-73.99133,40.76531],[-73.98565,40.76291],[-73.98382,40.76542],[-73.98424,40.76559],[-73.98443,40.76529],[-73.98524,40.76561],[-73.98588,40.76581],[-73.9862,40.76595],[-73.98615,40.76602],[-73.98644,40.76615],[-73.98651,40.76605],[-73.98693,40.76624],[-73.98386,40.77048],[-73.98347,40.77114],[-73.98303,40.77176],[-73.9822,40.77286],[-73.98157,40.7736],[-73.97975,40.77611],[-73.97691,40.77491],[-73.97595,40.77622],[-73.97557,40.77606],[-73.97544,40.77593],[-73.97543,40.77586],[-73.97557,40.77546],[-73.97558,40.77534],[-73.97535,40.77461],[-73.97516,40.77469],[-73.97485,40.77474],[-73.97443,40.77474],[-73.97412,40.77466],[-73.97387,40.77449],[-73.97354,40.77404],[-73.9734,40.77391],[-73.9732,40.77382],[-73.97291,40.77377],[-73.97187,40.7738],[-73.97126,40.77374],[-73.97012,40.77348],[-73.96902,40.77338],[-73.9688,40.77307],[-73.96874,40.77285],[-73.96876,40.77271],[-73.96849,40.77279],[-73.96806,40.77278],[-73.96771,40.7727],[-73.96704,40.77246],[-73.9855,40.74715],[-73.9839,40.74648],[-73.98524,40.74463],[-73.9866,40.74277],[-73.98819,40.74345],[-73.99265,40.73733],[-74.00724,40.74347],[-74.00681,40.74406],[-74.00826,40.74467],[-74.00852,40.74317],[-74.0087,40.74236],[-74.00889,40.74238],[-74.00933,40.74257],[-74.01728,40.74418]]]}},{"type":"Feature","properties":{"std_name":"Assembly District 76","std_geoid":"36076","pen":"politicians","std_note":null,"LSAD":"L3"},"geometry":{"type":"Polygon","coordinates":[[[-73.96819,40.74725],[-73.96793,40.74755],[-73.96471,40.75172],[-73.96156,40.75521],[-73.96085,40.75573],[-73.95881,40.75826],[-73.95848,40.75854],[-73.95872,40.75864],[-73.95801,40.75958],[-73.96107,40.76086],[-73.96143,40.76036],[-73.96189,40.76056],[-73.96176,40.76075],[-73.9631,40.76131],[-73.96292,40.76156],[-73.96308,40.76163],[-73.96349,40.76107],[-73.96388,40.76123],[-73.96115,40.76499],[-73.9634,40.76591],[-73.95303,40.78013],[-73.95079,40.77918],[-73.94896,40.78169],[-73.94436,40.77976],[-73.94419,40.78013],[-73.9442,40.78027],[-73.94447,40.78147],[-73.94447,40.782],[-73.94444,40.78224],[-73.94434,40.78252],[-73.94405,40.78296],[-73.94376,40.78283],[-73.9436,40.78265],[-73.93761,40.78175],[-73.93729,40.78096],[-73.93441,40.77809],[-73.93474,40.77808],[-73.93508,40.77794],[-73.93586,40.77721],[-73.93609,40.77718],[-73.93638,40.77692],[-73.93705,40.77587],[-73.93766,40.77509],[-73.93786,40.77409],[-73.93781,40.77356],[-73.93747,40.7725],[-73.93496,40.77173],[-73.93532,40.77049],[-73.9364,40.76947],[-73.9382,40.76873],[-73.93984,40.76799],[-73.94035,40.76765],[-73.94046,40.76753],[-73.94131,40.76692],[-73.9435,40.7645],[-73.94472,40.76288],[-73.94571,40.76149],[-73.94581,40.76145],[-73.94596,40.76129],[-73.95088,40.75517],[-73.95102,40.75509],[-73.95137,40.75452],[-73.95208,40.75376],[-73.95217,40.7537],[-73.95266,40.75311],[-73.95301,40.75277],[-73.95297,40.75275],[-73.95364,40.75204],[-73.95368,40.75205],[-73.95399,40.75179],[-73.95394,40.75175],[-73.95432,40.75126],[-73.95606,40.74976],[-73.95612,40.74976],[-73.9562,40.74969],[-73.95617,40.74967],[-73.95684,40.74883],[-73.95919,40.74603],[-73.96027,40.74443],[-73.96051,40.74411],[-73.96065,40.74414],[-73.96068,40.74404],[-73.96056,40.74402],[-73.96083,40.74364],[-73.96118,40.743],[-73.96138,40.7428],[-73.96874,40.74651],[-73.96819,40.74725]]]}},{"type":"Feature","properties":{"std_name":"Assembly District 81","std_geoid":"36081","pen":"politicians","std_note":null,"LSAD":"L3"},"geometry":{"type":"Polygon","coordinates":[[[-73.93381,40.88221],[-73.92982,40.88868],[-73.92724,40.8952],[-73.92655,40.89688],[-73.92495,40.90102],[-73.92384,40.90367],[-73.92247,40.90724],[-73.91832,40.9177],[-73.91052,40.91528],[-73.91001,40.91508],[-73.90211,40.91288],[-73.89951,40.91198],[-73.89725,40.91166],[-73.89663,40.91132],[-73.8928,40.91006],[-73.89181,40.90978],[-73.88601,40.90798],[-73.8854,40.90798],[-73.88483,40.90772],[-73.88425,40.90751],[-73.88299,40.90742],[-73.88183,40.90713],[-73.88093,40.90683],[-73.87924,40.90637],[-73.87835,40.90598],[-73.87801,40.90597],[-73.87785,40.90592],[-73.86788,40.90298],[-73.86695,40.90248],[-73.86526,40.90195],[-73.86467,40.90179],[-73.86288,40.90154],[-73.86264,40.90147],[-73.8624,40.90134],[-73.86159,40.90105],[-73.86026,40.90062],[-73.85939,40.90038],[-73.8593,40.90049],[-73.8592,40.90088],[-73.8594,40.90138],[-73.859,40.90148],[-73.8593,40.90178],[-73.8596,40.90218],[-73.8591,40.90247],[-73.8583,40.90208],[-73.8582,40.90238],[-73.85771,40.90257],[-73.8572,40.90288],[-73.857,40.90358],[-73.857,40.90438],[-73.85759,40.90467],[-73.85732,40.90502],[-73.8567,40.90491],[-73.85639,40.90505],[-73.8562,40.90509],[-73.85594,40.90526],[-73.85596,40.90539],[-73.8562,40.90548],[-73.85633,40.9058],[-73.85632,40.90617],[-73.85611,40.90606],[-73.85569,40.90606],[-73.8547,40.90658],[-73.8541,40.90668],[-73.8538,40.90718],[-73.85382,40.90777],[-73.85398,40.90801],[-73.8543,40.90809],[-73.85448,40.90801],[-73.85488,40.90822],[-73.85434,40.90897],[-73.85423,40.90901],[-73.854,40.90928],[-73.85294,40.90992],[-73.85268,40.9099],[-73.85218,40.90951],[-73.85138,40.91004],[-73.85112,40.91001],[-73.85205,40.90896],[-73.85208,40.90889],[-73.85237,40.90888],[-73.85353,40.90747],[-73.85099,40.90654],[-73.85045,40.90718],[-73.85033,40.90728],[-73.85014,40.9075],[-73.84865,40.90678],[-73.84743,40.90624],[-73.84709,40.90614],[-73.84782,40.90455],[-73.84799,40.90325],[-73.84658,40.90315],[-73.8468,40.90155],[-73.84694,40.90152],[-73.84742,40.90027],[-73.84822,40.89983],[-73.84909,40.89964],[-73.85005,40.89962],[-73.85168,40.89757],[-73.85326,40.8947],[-73.85443,40.89507],[-73.85566,40.89285],[-73.85737,40.89339],[-73.85852,40.89134],[-73.8614,40.89225],[-73.86179,40.89155],[-73.86265,40.89182],[-73.86386,40.88975],[-73.8646,40.8883],[-73.86622,40.88544],[-73.86626,40.88523],[-73.86625,40.88493],[-73.86615,40.88464],[-73.86598,40.88439],[-73.86885,40.87859],[-73.86922,40.87852],[-73.86931,40.87843],[-73.86943,40.87813],[-73.87094,40.87851],[-73.8716,40.87865],[-73.87348,40.87886],[-73.87439,40.87906],[-73.87473,40.8779],[-73.87527,40.87714],[-73.87445,40.87679],[-73.87559,40.87525],[-73.87649,40.8755],[-73.87956,40.87573],[-73.87973,40.87687],[-73.88002,40.87681],[-73.88028,40.8767],[-73.88065,40.87648],[-73.88073,40.87712],[-73.88069,40.87754],[-73.88053,40.87801],[-73.88144,40.87819],[-73.88206,40.87914],[-73.88137,40.88136],[-73.88046,40.88222],[-73.88124,40.88271],[-73.88248,40.88333],[-73.88267,40.88338],[-73.88292,40.88338],[-73.88351,40.88318],[-73.88386,40.88315],[-73.88411,40.88318],[-73.88438,40.88325],[-73.88517,40.88363],[-73.88686,40.88435],[-73.88705,40.88436],[-73.88697,40.88281],[-73.88701,40.88247],[-73.88594,40.88048],[-73.8872,40.88006],[-73.88911,40.87842],[-73.88966,40.87698],[-73.89213,40.87806],[-73.89779,40.87086],[-73.89828,40.87105],[-73.8993,40.87124],[-73.89909,40.87197],[-73.90215,40.8725],[-73.90175,40.87367],[-73.90471,40.87462],[-73.90571,40.87314],[-73.907,40.87345],[-73.90711,40.87628],[-73.90765,40.87693],[-73.90801,40.87748],[-73.90868,40.87776],[-73.90919,40.87817],[-73.9095,40.87888],[-73.91141,40.87928],[-73.91221,40.87818],[-73.91491,40.87658],[-73.9152,40.87558],[-73.91981,40.87658],[-73.92163,40.87832],[-73.9226,40.87878],[-73.9245,40.87897],[-73.93381,40.88221]]]}},{"type":"Feature","properties":{"std_name":"Assembly District 77","std_geoid":"36077","pen":"politicians","std_note":null,"LSAD":"L3"},"geometry":{"type":"Polygon","coordinates":[[[-73.93346,40.83318],[-73.93301,40.83568],[-73.93061,40.83968],[-73.93041,40.84028],[-73.93037,40.84065],[-73.92973,40.84185],[-73.92958,40.84205],[-73.92969,40.84219],[-73.9295,40.84238],[-73.92901,40.84408],[-73.92811,40.84558],[-73.9273,40.84656],[-73.9239,40.85049],[-73.92271,40.85248],[-73.9222,40.85311],[-73.92163,40.85397],[-73.92122,40.85469],[-73.92001,40.85668],[-73.91929,40.85748],[-73.9179,40.85694],[-73.91764,40.85735],[-73.91739,40.85728],[-73.91706,40.85803],[-73.91589,40.85789],[-73.91679,40.85487],[-73.91693,40.85461],[-73.91817,40.85298],[-73.9191,40.85267],[-73.91863,40.85239],[-73.91829,40.852],[-73.91822,40.85187],[-73.91833,40.85154],[-73.91959,40.85068],[-73.9223,40.84741],[-73.92135,40.84718],[-73.92054,40.84689],[-73.91961,40.84758],[-73.91941,40.84763],[-73.91841,40.84833],[-73.91764,40.84773],[-73.91614,40.84888],[-73.91605,40.85004],[-73.91545,40.85049],[-73.9149,40.85021],[-73.91416,40.84997],[-73.91346,40.85002],[-73.91273,40.85017],[-73.91248,40.85038],[-73.91229,40.85061],[-73.91211,40.85109],[-73.91195,40.85135],[-73.91154,40.85169],[-73.91132,40.8518],[-73.91102,40.85191],[-73.91017,40.85198],[-73.90953,40.8519],[-73.90922,40.8518],[-73.90733,40.85382],[-73.9056,40.85315],[-73.90682,40.85181],[-73.90605,40.8514],[-73.90699,40.85037],[-73.90765,40.85086],[-73.90801,40.84967],[-73.90882,40.84727],[-73.91024,40.84756],[-73.91144,40.84587],[-73.91074,40.84546],[-73.91104,40.84521],[-73.91132,40.84478],[-73.9117,40.8439],[-73.91199,40.84307],[-73.91175,40.84286],[-73.91098,40.8428],[-73.906,40.84263],[-73.905,40.84253],[-73.90511,40.84126],[-73.90516,40.84087],[-73.90531,40.84045],[-73.90577,40.83956],[-73.90645,40.83867],[-73.90598,40.8385],[-73.9074,40.83623],[-73.91139,40.82914],[-73.91166,40.82875],[-73.91217,40.8279],[-73.91461,40.8263],[-73.91542,40.82658],[-73.9202,40.8281],[-73.92115,40.8264],[-73.92227,40.82497],[-73.92347,40.82543],[-73.92306,40.8261],[-73.92222,40.82771],[-73.92046,40.83091],[-73.92166,40.83134],[-73.91991,40.83432],[-73.91858,40.83387],[-73.91454,40.83802],[-73.91361,40.83925],[-73.91326,40.83986],[-73.91288,40.841],[-73.91447,40.84162],[-73.91594,40.83955],[-73.91768,40.84022],[-73.91618,40.84233],[-73.91795,40.84223],[-73.91796,40.8431],[-73.91978,40.84088],[-73.92119,40.83816],[-73.9219,40.83847],[-73.92222,40.83799],[-73.92323,40.83816],[-73.9233,40.83732],[-73.92526,40.83477],[-73.92439,40.83448],[-73.92536,40.83263],[-73.92661,40.83302],[-73.92727,40.83217],[-73.92811,40.831],[-73.92857,40.83014],[-73.93071,40.83057],[-73.93192,40.83099],[-73.93185,40.83035],[-73.93162,40.82967],[-73.93152,40.8294],[-73.93096,40.82834],[-73.93087,40.82811],[-73.93074,40.82744],[-73.93072,40.82717],[-73.93083,40.82638],[-73.9285,40.82343],[-73.92654,40.82076],[-73.92635,40.82055],[-73.92688,40.81948],[-73.93069,40.82052],[-73.93062,40.81935],[-73.93233,40.8195],[-73.93249,40.82255],[-73.93275,40.82549],[-73.9329,40.82656],[-73.93306,40.8282],[-73.93326,40.8295],[-73.93342,40.83138],[-73.93346,40.83318]]]}},{"type":"Feature","properties":{"std_name":"Assembly District 84","std_geoid":"36084","pen":"politicians","std_note":null,"LSAD":"L3"},"geometry":{"type":"Polygon","coordinates":[[[-73.93263,40.81061],[-73.9326,40.81199],[-73.93242,40.81357],[-73.93242,40.81403],[-73.93233,40.81492],[-73.93226,40.818],[-73.93233,40.8195],[-73.93062,40.81935],[-73.93069,40.82052],[-73.92688,40.81948],[-73.92635,40.82055],[-73.92654,40.82076],[-73.9285,40.82343],[-73.93083,40.82638],[-73.93072,40.82717],[-73.93074,40.82744],[-73.93087,40.82811],[-73.93096,40.82834],[-73.93152,40.8294],[-73.93162,40.82967],[-73.93185,40.83035],[-73.93192,40.83099],[-73.93071,40.83057],[-73.92857,40.83014],[-73.92811,40.831],[-73.92727,40.83217],[-73.92661,40.83302],[-73.92536,40.83263],[-73.92439,40.83448],[-73.92526,40.83477],[-73.9233,40.83732],[-73.92323,40.83816],[-73.92222,40.83799],[-73.9219,40.83847],[-73.92119,40.83816],[-73.91978,40.84088],[-73.91796,40.8431],[-73.91795,40.84223],[-73.91618,40.84233],[-73.91768,40.84022],[-73.91594,40.83955],[-73.91447,40.84162],[-73.91288,40.841],[-73.91326,40.83986],[-73.91361,40.83925],[-73.91454,40.83802],[-73.91858,40.83387],[-73.91991,40.83432],[-73.92166,40.83134],[-73.92046,40.83091],[-73.92222,40.82771],[-73.92306,40.8261],[-73.92347,40.82543],[-73.92227,40.82497],[-73.92337,40.8231],[-73.92464,40.82102],[-73.91828,40.81938],[-73.9165,40.81888],[-73.91488,40.81846],[-73.91495,40.81808],[-73.91447,40.81851],[-73.91319,40.818],[-73.91237,40.81751],[-73.91138,40.81737],[-73.91194,40.81605],[-73.90991,40.81594],[-73.90743,40.82194],[-73.90566,40.82156],[-73.90379,40.82109],[-73.905,40.81806],[-73.90531,40.81793],[-73.90258,40.81737],[-73.90167,40.81953],[-73.90002,40.8186],[-73.89779,40.81725],[-73.89921,40.81587],[-73.89685,40.81446],[-73.89514,40.81613],[-73.89386,40.8162],[-73.888,40.81666],[-73.88338,40.81735],[-73.88298,40.81734],[-73.88235,40.81742],[-73.88141,40.81799],[-73.88022,40.81717],[-73.87935,40.81637],[-73.87876,40.81607],[-73.87683,40.81527],[-73.872,40.81374],[-73.87077,40.81186],[-73.86813,40.80687],[-73.86831,40.80631],[-73.87033,40.80353],[-73.87098,40.80257],[-73.8711,40.8026],[-73.87172,40.80181],[-73.87157,40.80176],[-73.87169,40.80153],[-73.87342,40.80081],[-73.87471,40.80093],[-73.87474,40.80117],[-73.87564,40.80142],[-73.87567,40.80097],[-73.87836,40.8013],[-73.87791,40.80227],[-73.87811,40.8023],[-73.87835,40.80295],[-73.88053,40.80256],[-73.88354,40.80213],[-73.88389,40.80175],[-73.88482,40.8019],[-73.88526,40.80234],[-73.88551,40.80236],[-73.88589,40.80277],[-73.88628,40.80338],[-73.88693,40.80371],[-73.88757,40.80418],[-73.88751,40.80456],[-73.8877,40.80483],[-73.88806,40.80494],[-73.88818,40.8049],[-73.88836,40.80478],[-73.88874,40.80475],[-73.8891,40.80497],[-73.8894,40.8053],[-73.88924,40.80594],[-73.88975,40.80596],[-73.89,40.80574],[-73.89039,40.80587],[-73.89086,40.80597],[-73.89153,40.80598],[-73.89176,40.80645],[-73.89484,40.80622],[-73.89502,40.80631],[-73.89511,40.80686],[-73.89634,40.80671],[-73.89625,40.80625],[-73.89727,40.80614],[-73.89735,40.80655],[-73.89822,40.80641],[-73.89814,40.80565],[-73.89849,40.80548],[-73.90069,40.80499],[-73.90218,40.80488],[-73.90239,40.80462],[-73.90229,40.80455],[-73.90247,40.80438],[-73.90261,40.80443],[-73.90335,40.80385],[-73.90371,40.80381],[-73.90458,40.80311],[-73.90511,40.80252],[-73.90588,40.80171],[-73.90618,40.8015],[-73.90853,40.79909],[-73.90989,40.798],[-73.91141,40.79669],[-73.91362,40.79679],[-73.9139,40.79684],[-73.91446,40.79704],[-73.91575,40.79759],[-73.91631,40.79788],[-73.91881,40.79885],[-73.9191,40.79901],[-73.91986,40.79935],[-73.92036,40.79967],[-73.92073,40.8001],[-73.92105,40.80064],[-73.9212,40.80101],[-73.92162,40.80145],[-73.92174,40.80169],[-73.92234,40.80196],[-73.92302,40.80242],[-73.92363,40.80255],[-73.92407,40.80247],[-73.92508,40.80252],[-73.92656,40.80248],[-73.92725,40.80256],[-73.92753,40.80276],[-73.9284,40.80411],[-73.93035,40.8062],[-73.93041,40.80648],[-73.93117,40.80721],[-73.93211,40.80818],[-73.93248,40.80886],[-73.93257,40.80926],[-73.93263,40.81061]]]}},{"type":"Feature","properties":{"std_name":"Assembly District 89","std_geoid":"36089","pen":"politicians","std_note":null,"LSAD":"L3"},"geometry":{"type":"Polygon","coordinates":[[[-73.91832,40.9177],[-73.91425,40.92796],[-73.90911,40.94589],[-73.90846,40.94788],[-73.90477,40.95807],[-73.89694,40.95655],[-73.89514,40.95615],[-73.89529,40.95585],[-73.89544,40.95537],[-73.89571,40.95273],[-73.89524,40.95268],[-73.89521,40.95261],[-73.89515,40.95289],[-73.89479,40.95343],[-73.89466,40.95358],[-73.89449,40.95417],[-73.89413,40.95502],[-73.89379,40.95538],[-73.89368,40.95548],[-73.89361,40.95549],[-73.89342,40.9554],[-73.89338,40.95524],[-73.89337,40.95503],[-73.8936,40.95417],[-73.89358,40.95405],[-73.89228,40.95366],[-73.892,40.95423],[-73.89088,40.95372],[-73.89017,40.95352],[-73.89094,40.95209],[-73.89061,40.95196],[-73.88927,40.95159],[-73.88975,40.95067],[-73.89105,40.94848],[-73.8913,40.94801],[-73.89251,40.94531],[-73.8926,40.94504],[-73.89347,40.93936],[-73.8945,40.9394],[-73.89549,40.93955],[-73.89662,40.93983],[-73.89759,40.94012],[-73.89804,40.9402],[-73.89901,40.93556],[-73.89907,40.93541],[-73.89961,40.93454],[-73.89968,40.93431],[-73.8996,40.9342],[-73.89962,40.93401],[-73.90028,40.93224],[-73.90042,40.93032],[-73.90059,40.92918],[-73.89902,40.92903],[-73.89945,40.92678],[-73.89842,40.92493],[-73.8983,40.92477],[-73.89547,40.92453],[-73.89549,40.92434],[-73.89589,40.92218],[-73.8961,40.92068],[-73.89576,40.92041],[-73.89495,40.91937],[-73.89447,40.91897],[-73.89403,40.91869],[-73.89239,40.91791],[-73.89211,40.91769],[-73.89,40.91541],[-73.88979,40.91516],[-73.8896,40.91486],[-73.8896,40.91598],[-73.88956,40.91628],[-73.88922,40.91694],[-73.88882,40.91755],[-73.88861,40.91805],[-73.88731,40.91786],[-73.88702,40.91786],[-73.88673,40.91797],[-73.88555,40.91859],[-73.885,40.9188],[-73.88486,40.91883],[-73.88423,40.91879],[-73.88348,40.91856],[-73.88302,40.91855],[-73.8826,40.91846],[-73.88314,40.9162],[-73.88257,40.91623],[-73.88172,40.91609],[-73.88288,40.91204],[-73.88232,40.91194],[-73.88143,40.91145],[-73.88097,40.91195],[-73.88076,40.9121],[-73.88046,40.91218],[-73.88034,40.91219],[-73.88009,40.91213],[-73.87968,40.91195],[-73.87978,40.91136],[-73.87998,40.91075],[-73.87762,40.91032],[-73.8774,40.91024],[-73.87715,40.91064],[-73.87672,40.91117],[-73.87642,40.91147],[-73.87539,40.91238],[-73.87486,40.91202],[-73.87437,40.91175],[-73.87371,40.91159],[-73.87328,40.91145],[-73.8729,40.91118],[-73.87228,40.91035],[-73.87084,40.90858],[-73.87029,40.90796],[-73.86907,40.90645],[-73.86899,40.90637],[-73.8688,40.90628],[-73.86724,40.90586],[-73.86669,40.90725],[-73.86606,40.90837],[-73.86464,40.90989],[-73.86419,40.91016],[-73.86374,40.91029],[-73.86309,40.91051],[-73.86186,40.91114],[-73.85895,40.91286],[-73.858,40.91334],[-73.85782,40.9135],[-73.8577,40.91368],[-73.85715,40.91349],[-73.85662,40.91344],[-73.85632,40.91344],[-73.85478,40.91359],[-73.85439,40.91365],[-73.8516,40.91494],[-73.85115,40.91545],[-73.85089,40.91558],[-73.85067,40.91558],[-73.84908,40.91513],[-73.84858,40.91492],[-73.84844,40.91494],[-73.84801,40.91483],[-73.84771,40.91496],[-73.84742,40.91526],[-73.84723,40.9155],[-73.8472,40.91575],[-73.84713,40.91587],[-73.84699,40.91602],[-73.84692,40.91619],[-73.84695,40.91626],[-73.84702,40.91627],[-73.84732,40.91612],[-73.84753,40.91609],[-73.84767,40.91611],[-73.8479,40.91623],[-73.848,40.91636],[-73.84782,40.91653],[-73.84766,40.91654],[-73.847,40.91708],[-73.84625,40.91761],[-73.84638,40.91783],[-73.84647,40.91811],[-73.84637,40.91841],[-73.84641,40.91855],[-73.8465,40.91868],[-73.84659,40.91898],[-73.84677,40.9193],[-73.84652,40.91971],[-73.84645,40.91989],[-73.84651,40.9203],[-73.84658,40.92049],[-73.84673,40.92056],[-73.84685,40.92075],[-73.84681,40.92103],[-73.84664,40.92125],[-73.84653,40.92133],[-73.84616,40.92113],[-73.84578,40.92117],[-73.84547,40.92117],[-73.84517,40.9213],[-73.84491,40.92155],[-73.84486,40.92171],[-73.84499,40.92181],[-73.84542,40.9217],[-73.84571,40.92171],[-73.84585,40.92182],[-73.84571,40.92203],[-73.84546,40.92223],[-73.84535,40.92239],[-73.84531,40.92258],[-73.84537,40.92269],[-73.84532,40.923],[-73.84521,40.92317],[-73.84489,40.92335],[-73.84477,40.92352],[-73.84473,40.92366],[-73.84488,40.9241],[-73.84483,40.92422],[-73.84456,40.92406],[-73.84423,40.92405],[-73.84381,40.92412],[-73.84378,40.92406],[-73.84377,40.9237],[-73.84362,40.92352],[-73.84335,40.92349],[-73.84262,40.92378],[-73.84192,40.92469],[-73.84166,40.92482],[-73.84104,40.92577],[-73.84072,40.92645],[-73.84042,40.9269],[-73.84055,40.92698],[-73.84059,40.92736],[-73.84075,40.9275],[-73.84032,40.92816],[-73.84018,40.92811],[-73.84001,40.92837],[-73.83961,40.92933],[-73.83945,40.92963],[-73.83886,40.92949],[-73.8386,40.92973],[-73.83768,40.93095],[-73.83712,40.93112],[-73.83603,40.93168],[-73.83503,40.93197],[-73.8348,40.93213],[-73.83474,40.93226],[-73.83476,40.9329],[-73.83472,40.93303],[-73.8346,40.93326],[-73.83459,40.93344],[-73.83467,40.93378],[-73.835,40.93438],[-73.83495,40.93476],[-73.83463,40.93536],[-73.83463,40.93533],[-73.83452,40.93536],[-73.83431,40.93532],[-73.83064,40.93428],[-73.8089,40.92782],[-73.80675,40.92733],[-73.80658,40.9272],[-73.80642,40.92713],[-73.8056,40.92691],[-73.80532,40.9268],[-73.80513,40.92666],[-73.80504,40.9265],[-73.80502,40.92613],[-73.80518,40.92595],[-73.80527,40.92572],[-73.80546,40.92545],[-73.80621,40.92537],[-73.80631,40.92552],[-73.80647,40.92567],[-73.80668,40.92571],[-73.80697,40.92572],[-73.80723,40.92568],[-73.80754,40.92558],[-73.80777,40.92558],[-73.80794,40.92547],[-73.80811,40.92519],[-73.80842,40.925],[-73.80891,40.92448],[-73.80914,40.92419],[-73.80931,40.92391],[-73.80936,40.9221],[-73.81027,40.92066],[-73.81054,40.92016],[-73.81136,40.9184],[-73.81124,40.91826],[-73.81114,40.91797],[-73.81094,40.91763],[-73.81097,40.91751],[-73.81118,40.91723],[-73.81097,40.91699],[-73.81094,40.9169],[-73.81109,40.91681],[-73.81123,40.91663],[-73.81127,40.91629],[-73.81142,40.91613],[-73.81175,40.91594],[-73.81181,40.91573],[-73.81184,40.91506],[-73.81194,40.91472],[-73.81206,40.91466],[-73.8129,40.91474],[-73.81314,40.91469],[-73.81341,40.91441],[-73.81343,40.91431],[-73.81337,40.91421],[-73.81317,40.91403],[-73.81317,40.91362],[-73.8132,40.91347],[-73.81304,40.91314],[-73.81337,40.9124],[-73.81336,40.91214],[-73.81342,40.91154],[-73.81364,40.91078],[-73.81366,40.91052],[-73.81387,40.91031],[-73.81398,40.91016],[-73.81416,40.91011],[-73.81414,40.90991],[-73.81426,40.90965],[-73.81429,40.90946],[-73.81428,40.90932],[-73.81414,40.90925],[-73.81409,40.90907],[-73.81401,40.909],[-73.81386,40.90894],[-73.81348,40.90793],[-73.81345,40.90776],[-73.8135,40.90759],[-73.81369,40.9073],[-73.81379,40.9072],[-73.81368,40.90694],[-73.81362,40.90655],[-73.81352,40.90635],[-73.81373,40.90619],[-73.81388,40.906],[-73.81396,40.90553],[-73.81393,40.90517],[-73.81378,40.90495],[-73.81381,40.90487],[-73.81394,40.90479],[-73.81403,40.90458],[-73.81431,40.90434],[-73.81487,40.90368],[-73.81494,40.90346],[-73.81507,40.9033],[-73.81528,40.90315],[-73.81532,40.90292],[-73.81528,40.90271],[-73.81536,40.90256],[-73.81576,40.90212],[-73.81613,40.90199],[-73.81624,40.90186],[-73.81626,40.90155],[-73.81709,40.90081],[-73.81752,40.90026],[-73.81758,40.89981],[-73.81734,40.89922],[-73.81806,40.89798],[-73.81842,40.89681],[-73.81851,40.89664],[-73.81936,40.89604],[-73.81993,40.89574],[-73.82085,40.89544],[-73.82113,40.8953],[-73.82287,40.89264],[-73.82332,40.8913],[-73.82332,40.89124],[-73.82324,40.8912],[-73.8233,40.89099],[-73.82313,40.89087],[-73.82311,40.89078],[-73.82312,40.89065],[-73.82325,40.89047],[-73.82322,40.89037],[-73.8233,40.89006],[-73.8231,40.88989],[-73.82267,40.88996],[-73.82251,40.88988],[-73.82236,40.88964],[-73.82237,40.88948],[-73.82364,40.88985],[-73.82402,40.88975],[-73.82405,40.88987],[-73.82401,40.88998],[-73.8244,40.88998],[-73.825,40.89018],[-73.82722,40.89079],[-73.82794,40.89093],[-73.82812,40.89105],[-73.82872,40.89127],[-73.83002,40.89169],[-73.83082,40.89188],[-73.8317,40.89218],[-73.8325,40.89238],[-73.83517,40.89317],[-73.83628,40.89353],[-73.83841,40.89406],[-73.83941,40.89669],[-73.83961,40.89714],[-73.83972,40.89751],[-73.83972,40.89769],[-73.83965,40.89789],[-73.83921,40.89882],[-73.83915,40.89906],[-73.83919,40.89936],[-73.83936,40.89971],[-73.84056,40.90128],[-73.84079,40.90169],[-73.84087,40.90198],[-73.84105,40.90316],[-73.84139,40.90417],[-73.84491,40.90419],[-73.84495,40.90471],[-73.8449,40.90508],[-73.84495,40.90556],[-73.84585,40.90576],[-73.84743,40.90624],[-73.84865,40.90678],[-73.85014,40.9075],[-73.85033,40.90728],[-73.85045,40.90718],[-73.85099,40.90654],[-73.85353,40.90747],[-73.85237,40.90888],[-73.85208,40.90889],[-73.85205,40.90896],[-73.85112,40.91001],[-73.85138,40.91004],[-73.85218,40.90951],[-73.85268,40.9099],[-73.85294,40.90992],[-73.854,40.90928],[-73.85423,40.90901],[-73.85434,40.90897],[-73.85488,40.90822],[-73.85448,40.90801],[-73.8543,40.90809],[-73.85398,40.90801],[-73.85382,40.90777],[-73.8538,40.90718],[-73.8541,40.90668],[-73.8547,40.90658],[-73.85569,40.90606],[-73.85611,40.90606],[-73.85632,40.90617],[-73.85633,40.9058],[-73.8562,40.90548],[-73.85596,40.90539],[-73.85594,40.90526],[-73.8562,40.90509],[-73.85639,40.90505],[-73.8567,40.90491],[-73.85732,40.90502],[-73.85759,40.90467],[-73.857,40.90438],[-73.857,40.90358],[-73.8572,40.90288],[-73.85771,40.90257],[-73.8582,40.90238],[-73.8583,40.90208],[-73.8591,40.90247],[-73.8596,40.90218],[-73.8593,40.90178],[-73.859,40.90148],[-73.8594,40.90138],[-73.8592,40.90088],[-73.8593,40.90049],[-73.85939,40.90038],[-73.86026,40.90062],[-73.86159,40.90105],[-73.8624,40.90134],[-73.86264,40.90147],[-73.86288,40.90154],[-73.86467,40.90179],[-73.86526,40.90195],[-73.86695,40.90248],[-73.86788,40.90298],[-73.87785,40.90592],[-73.87801,40.90597],[-73.87835,40.90598],[-73.87924,40.90637],[-73.88093,40.90683],[-73.88183,40.90713],[-73.88299,40.90742],[-73.88425,40.90751],[-73.88483,40.90772],[-73.8854,40.90798],[-73.88601,40.90798],[-73.89181,40.90978],[-73.8928,40.91006],[-73.89663,40.91132],[-73.89725,40.91166],[-73.89951,40.91198],[-73.90211,40.91288],[-73.91001,40.91508],[-73.91052,40.91528],[-73.91832,40.9177]]]}},{"type":"Feature","properties":{"std_name":"Assembly District 85","std_geoid":"36085","pen":"politicians","std_note":null,"LSAD":"L3"},"geometry":{"type":"Polygon","coordinates":[[[-73.91362,40.79679],[-73.91141,40.79669],[-73.90989,40.798],[-73.90853,40.79909],[-73.90618,40.8015],[-73.90588,40.80171],[-73.90511,40.80252],[-73.90458,40.80311],[-73.90371,40.80381],[-73.90335,40.80385],[-73.90261,40.80443],[-73.90247,40.80438],[-73.90229,40.80455],[-73.90239,40.80462],[-73.90218,40.80488],[-73.90069,40.80499],[-73.89849,40.80548],[-73.89814,40.80565],[-73.89822,40.80641],[-73.89735,40.80655],[-73.89727,40.80614],[-73.89625,40.80625],[-73.89634,40.80671],[-73.89511,40.80686],[-73.89502,40.80631],[-73.89484,40.80622],[-73.89176,40.80645],[-73.89153,40.80598],[-73.89086,40.80597],[-73.89039,40.80587],[-73.89,40.80574],[-73.88975,40.80596],[-73.88924,40.80594],[-73.8894,40.8053],[-73.8891,40.80497],[-73.88874,40.80475],[-73.88836,40.80478],[-73.88818,40.8049],[-73.88806,40.80494],[-73.8877,40.80483],[-73.88751,40.80456],[-73.88757,40.80418],[-73.88693,40.80371],[-73.88628,40.80338],[-73.88589,40.80277],[-73.88551,40.80236],[-73.88526,40.80234],[-73.88482,40.8019],[-73.88389,40.80175],[-73.88354,40.80213],[-73.88053,40.80256],[-73.87835,40.80295],[-73.87811,40.8023],[-73.87791,40.80227],[-73.87836,40.8013],[-73.87567,40.80097],[-73.87564,40.80142],[-73.87474,40.80117],[-73.87471,40.80093],[-73.87342,40.80081],[-73.87169,40.80153],[-73.87157,40.80176],[-73.87172,40.80181],[-73.8711,40.8026],[-73.87098,40.80257],[-73.87033,40.80353],[-73.86831,40.80631],[-73.86813,40.80687],[-73.87077,40.81186],[-73.872,40.81374],[-73.87683,40.81527],[-73.87876,40.81607],[-73.87935,40.81637],[-73.88022,40.81717],[-73.88141,40.81799],[-73.88235,40.81742],[-73.88298,40.81734],[-73.88338,40.81735],[-73.888,40.81666],[-73.89386,40.8162],[-73.89514,40.81613],[-73.89685,40.81446],[-73.89921,40.81587],[-73.89779,40.81725],[-73.90002,40.8186],[-73.90167,40.81953],[-73.8998,40.82406],[-73.89887,40.82385],[-73.89686,40.82385],[-73.89585,40.82389],[-73.89582,40.82599],[-73.89622,40.82717],[-73.89336,40.83015],[-73.88991,40.83012],[-73.88795,40.83345],[-73.88624,40.83286],[-73.88425,40.83618],[-73.88511,40.83648],[-73.88374,40.83885],[-73.88347,40.83906],[-73.88162,40.838],[-73.88066,40.83754],[-73.88071,40.83747],[-73.8806,40.83742],[-73.88054,40.8375],[-73.88,40.8373],[-73.87848,40.83687],[-73.87744,40.83666],[-73.87369,40.83639],[-73.87372,40.83632],[-73.87209,40.83621],[-73.87123,40.83611],[-73.86999,40.83591],[-73.87,40.83544],[-73.86994,40.83477],[-73.86822,40.82743],[-73.86067,40.82842],[-73.85879,40.82421],[-73.85826,40.82201],[-73.86298,40.82138],[-73.86246,40.81925],[-73.86061,40.8195],[-73.86012,40.81739],[-73.8592,40.81751],[-73.8587,40.8154],[-73.84388,40.81739],[-73.844,40.81725],[-73.84507,40.81542],[-73.84524,40.81501],[-73.84433,40.81485],[-73.84438,40.81421],[-73.84463,40.8137],[-73.84245,40.81344],[-73.84512,40.8063],[-73.84665,40.80102],[-73.85307,40.80011],[-73.86297,40.79767],[-73.86712,40.79374],[-73.87021,40.79091],[-73.87097,40.78906],[-73.87095,40.78895],[-73.87098,40.78888],[-73.87095,40.78847],[-73.87079,40.78803],[-73.87081,40.7879],[-73.87137,40.78727],[-73.87148,40.78704],[-73.87163,40.7868],[-73.87211,40.78647],[-73.87226,40.78642],[-73.87279,40.78608],[-73.87287,40.78598],[-73.87277,40.78594],[-73.87281,40.7859],[-73.87288,40.78596],[-73.87298,40.78589],[-73.87351,40.78572],[-73.87508,40.78587],[-73.87629,40.78586],[-73.87677,40.78581],[-73.87737,40.78569],[-73.87776,40.78558],[-73.87831,40.78536],[-73.88522,40.78663],[-73.8853,40.78668],[-73.88577,40.78668],[-73.88596,40.78675],[-73.88613,40.78671],[-73.88692,40.78673],[-73.88715,40.78683],[-73.88728,40.78681],[-73.8877,40.78687],[-73.88831,40.78701],[-73.88856,40.78716],[-73.88905,40.78737],[-73.8894,40.78779],[-73.8898,40.78865],[-73.88989,40.78901],[-73.89013,40.78964],[-73.8903,40.78988],[-73.89057,40.79011],[-73.8908,40.79021],[-73.89092,40.79023],[-73.89116,40.79017],[-73.89141,40.79019],[-73.89161,40.79016],[-73.89177,40.79022],[-73.89197,40.79024],[-73.89218,40.79039],[-73.89987,40.79245],[-73.91246,40.7961],[-73.91362,40.79679]]]}},{"type":"Feature","properties":{"std_name":"Assembly District 30","std_geoid":"36030","pen":"politicians","std_note":null,"LSAD":"L3"},"geometry":{"type":"Polygon","coordinates":[[[-73.91173,40.72996],[-73.91161,40.73086],[-73.91151,40.7313],[-73.91125,40.73219],[-73.91109,40.73262],[-73.9109,40.73305],[-73.90991,40.735],[-73.90856,40.73793],[-73.90832,40.73863],[-73.90756,40.74166],[-73.91019,40.74197],[-73.90959,40.74494],[-73.90863,40.74511],[-73.90812,40.74619],[-73.90955,40.74739],[-73.90992,40.74776],[-73.91017,40.74823],[-73.91016,40.7485],[-73.9099,40.74909],[-73.90944,40.75075],[-73.9095,40.75095],[-73.90985,40.75164],[-73.91045,40.75296],[-73.91023,40.75298],[-73.90995,40.75322],[-73.90945,40.75373],[-73.90901,40.75428],[-73.90847,40.75529],[-73.90783,40.757],[-73.90737,40.75699],[-73.89626,40.75816],[-73.89598,40.75661],[-73.89226,40.75699],[-73.89154,40.75305],[-73.8934,40.75285],[-73.89271,40.74886],[-73.8918,40.74896],[-73.89183,40.74889],[-73.89139,40.74665],[-73.88861,40.74548],[-73.88837,40.74551],[-73.88833,40.74536],[-73.8851,40.74397],[-73.88283,40.74289],[-73.88188,40.74238],[-73.881,40.74184],[-73.88034,40.74253],[-73.87918,40.74162],[-73.87886,40.74175],[-73.87848,40.74215],[-73.87822,40.74191],[-73.87786,40.74175],[-73.87696,40.74103],[-73.87562,40.74198],[-73.8748,40.74129],[-73.87226,40.73474],[-73.87194,40.73372],[-73.87048,40.73329],[-73.87059,40.73314],[-73.8708,40.73271],[-73.87121,40.7321],[-73.87129,40.73188],[-73.87634,40.7304],[-73.87708,40.73014],[-73.87972,40.72909],[-73.88039,40.7289],[-73.88143,40.72873],[-73.88393,40.72854],[-73.88391,40.7284],[-73.88466,40.72834],[-73.88558,40.72821],[-73.88628,40.72803],[-73.8872,40.72769],[-73.8872,40.72787],[-73.88775,40.72763],[-73.8897,40.7265],[-73.89071,40.726],[-73.89166,40.72567],[-73.89195,40.7256],[-73.89278,40.72545],[-73.89337,40.72539],[-73.89403,40.72536],[-73.89497,40.72541],[-73.90241,40.72608],[-73.9037,40.72622],[-73.90439,40.72636],[-73.90531,40.72663],[-73.90632,40.72705],[-73.90707,40.72747],[-73.91012,40.72932],[-73.91093,40.72969],[-73.91173,40.72996]]]}},{"type":"Feature","properties":{"std_name":"Assembly District 27","std_geoid":"36027","pen":"politicians","std_note":null,"LSAD":"L3"},"geometry":{"type":"Polygon","coordinates":[[[-73.87148,40.78704],[-73.87137,40.78727],[-73.87107,40.78757],[-73.8708,40.78793],[-73.87079,40.78803],[-73.87095,40.78847],[-73.87098,40.78888],[-73.87095,40.78895],[-73.87097,40.78906],[-73.87021,40.79091],[-73.86712,40.79374],[-73.86297,40.79767],[-73.85307,40.80011],[-73.84665,40.80102],[-73.84408,40.80102],[-73.83541,40.8022],[-73.83082,40.80306],[-73.83023,40.80327],[-73.82758,40.80394],[-73.82344,40.80481],[-73.81742,40.80579],[-73.8113,40.8054],[-73.80454,40.80355],[-73.79975,40.8022],[-73.80004,40.79624],[-73.80015,40.79557],[-73.80121,40.79566],[-73.80164,40.79257],[-73.79985,40.79243],[-73.80008,40.79101],[-73.79766,40.79084],[-73.79782,40.79132],[-73.79761,40.79126],[-73.79739,40.79125],[-73.79591,40.79151],[-73.79526,40.78894],[-73.79473,40.78726],[-73.79471,40.78713],[-73.79474,40.78686],[-73.79509,40.78585],[-73.79549,40.78573],[-73.79586,40.78556],[-73.79677,40.78494],[-73.79686,40.78482],[-73.79855,40.78363],[-73.79933,40.783],[-73.80232,40.78035],[-73.8032,40.77988],[-73.80323,40.7797],[-73.82109,40.78111],[-73.82121,40.78024],[-73.82292,40.78054],[-73.82508,40.78071],[-73.82567,40.77973],[-73.82593,40.77981],[-73.82758,40.77685],[-73.8281,40.77599],[-73.82893,40.77473],[-73.82953,40.77397],[-73.8301,40.77341],[-73.83073,40.77288],[-73.8315,40.77235],[-73.83429,40.77068],[-73.83609,40.76947],[-73.83706,40.76858],[-73.83795,40.76762],[-73.83869,40.76667],[-73.83912,40.76598],[-73.84011,40.76416],[-73.84009,40.76364],[-73.84005,40.76342],[-73.8399,40.76297],[-73.83911,40.76164],[-73.83887,40.76105],[-73.83878,40.76042],[-73.83898,40.75879],[-73.83897,40.75819],[-73.83875,40.75698],[-73.83862,40.75704],[-73.83831,40.75563],[-73.83813,40.75504],[-73.83792,40.75454],[-73.83767,40.75411],[-73.83511,40.75037],[-73.83481,40.74975],[-73.83467,40.74929],[-73.83462,40.74866],[-73.83465,40.74833],[-73.8348,40.74762],[-73.83504,40.74706],[-73.83715,40.74462],[-73.83753,40.74387],[-73.83767,40.74336],[-73.83685,40.74347],[-73.83593,40.7435],[-73.8359,40.74338],[-73.83494,40.74332],[-73.83033,40.74288],[-73.82708,40.74254],[-73.82622,40.7424],[-73.82536,40.7422],[-73.81718,40.73946],[-73.81594,40.73909],[-73.81504,40.73889],[-73.81424,40.73877],[-73.81323,40.73866],[-73.80466,40.73835],[-73.80465,40.73811],[-73.80517,40.73046],[-73.80522,40.72848],[-73.80453,40.72147],[-73.80904,40.71991],[-73.81377,40.71861],[-73.81619,40.71797],[-73.81719,40.71766],[-73.81798,40.7175],[-73.8193,40.71714],[-73.82075,40.71648],[-73.82133,40.7163],[-73.82163,40.71629],[-73.82049,40.71344],[-73.82232,40.71292],[-73.82216,40.71251],[-73.82232,40.7125],[-73.82265,40.71251],[-73.82296,40.71258],[-73.82327,40.71287],[-73.82343,40.71323],[-73.82471,40.71234],[-73.82546,40.712],[-73.8274,40.71283],[-73.83008,40.71391],[-73.83131,40.71447],[-73.83223,40.71512],[-73.83421,40.71664],[-73.83496,40.71717],[-73.83585,40.71773],[-73.83686,40.71826],[-73.84085,40.72006],[-73.84053,40.72032],[-73.84469,40.72843],[-73.84489,40.72869],[-73.84516,40.7289],[-73.84571,40.7295],[-73.84577,40.73026],[-73.84599,40.73096],[-73.84701,40.73295],[-73.84475,40.73362],[-73.84496,40.73399],[-73.84438,40.73417],[-73.84477,40.73509],[-73.845,40.73588],[-73.84524,40.73789],[-73.84555,40.73966],[-73.84535,40.73975],[-73.8458,40.74155],[-73.84647,40.7433],[-73.84698,40.74442],[-73.84774,40.74588],[-73.84833,40.74689],[-73.84859,40.74728],[-73.84584,40.74813],[-73.84502,40.74841],[-73.84415,40.74857],[-73.84312,40.75093],[-73.843,40.75089],[-73.84275,40.75094],[-73.84261,40.75106],[-73.84267,40.7514],[-73.84256,40.75142],[-73.84182,40.75192],[-73.84118,40.75268],[-73.84157,40.75266],[-73.84194,40.75259],[-73.84349,40.75205],[-73.84368,40.75231],[-73.84395,40.75258],[-73.84432,40.75224],[-73.8505,40.75012],[-73.8519,40.75275],[-73.84324,40.75534],[-73.84363,40.75616],[-73.84549,40.75973],[-73.84602,40.7608],[-73.84686,40.76042],[-73.84635,40.76122],[-73.84671,40.76134],[-73.84852,40.76382],[-73.84922,40.76421],[-73.85028,40.76606],[-73.85183,40.76775],[-73.8537,40.76948],[-73.85264,40.77208],[-73.8529,40.77546],[-73.86051,40.77898],[-73.86542,40.78497],[-73.87163,40.7868],[-73.87148,40.78704]]]}},{"type":"Feature","properties":{"std_name":"Assembly District 82","std_geoid":"36082","pen":"politicians","std_note":null,"LSAD":"L3"},"geometry":{"type":"Polygon","coordinates":[[[-73.85944,40.84666],[-73.84969,40.85106],[-73.8473,40.85109],[-73.84722,40.85115],[-73.8467,40.85124],[-73.84445,40.85124],[-73.84436,40.85112],[-73.84293,40.85342],[-73.84249,40.85398],[-73.84205,40.85444],[-73.8414,40.85502],[-73.84046,40.85563],[-73.83975,40.85597],[-73.83867,40.8564],[-73.83819,40.85647],[-73.83779,40.8569],[-73.83525,40.85649],[-73.83441,40.85643],[-73.83309,40.85614],[-73.83282,40.85612],[-73.83199,40.85674],[-73.83143,40.85729],[-73.83033,40.85855],[-73.82852,40.86075],[-73.82837,40.86095],[-73.82959,40.86217],[-73.82981,40.86258],[-73.83057,40.86437],[-73.83203,40.86706],[-73.8336,40.87021],[-73.83401,40.87117],[-73.83434,40.87203],[-73.83449,40.87256],[-73.83488,40.87443],[-73.83488,40.8755],[-73.83479,40.87608],[-73.8345,40.87723],[-73.83442,40.8774],[-73.83365,40.8786],[-73.83302,40.87935],[-73.83198,40.8804],[-73.83137,40.88095],[-73.83075,40.88142],[-73.82895,40.88252],[-73.82819,40.88291],[-73.82588,40.88399],[-73.82504,40.88428],[-73.82435,40.88455],[-73.82334,40.88485],[-73.82146,40.88529],[-73.82079,40.88548],[-73.82068,40.88554],[-73.81993,40.88571],[-73.81948,40.88585],[-73.82039,40.88686],[-73.82233,40.88731],[-73.82375,40.88783],[-73.82402,40.88781],[-73.82358,40.88797],[-73.82401,40.88857],[-73.82411,40.88894],[-73.82378,40.88952],[-73.82359,40.88974],[-73.82357,40.88983],[-73.82237,40.88948],[-73.82236,40.88964],[-73.82251,40.88988],[-73.82267,40.88996],[-73.8231,40.88989],[-73.8233,40.89006],[-73.82322,40.89037],[-73.82325,40.89047],[-73.82312,40.89065],[-73.82311,40.89078],[-73.82313,40.89087],[-73.8233,40.89099],[-73.82324,40.8912],[-73.82296,40.89106],[-73.8185,40.88988],[-73.8176,40.88967],[-73.8161,40.88928],[-73.8156,40.88918],[-73.81505,40.88895],[-73.81418,40.8888],[-73.79328,40.88342],[-73.79199,40.88317],[-73.7858,40.8816],[-73.7812,40.88048],[-73.76099,40.87518],[-73.74806,40.87172],[-73.7578,40.84568],[-73.78019,40.8264],[-73.77896,40.81171],[-73.77956,40.81125],[-73.78268,40.80539],[-73.78475,40.80259],[-73.78732,40.80085],[-73.78792,40.80036],[-73.79002,40.80023],[-73.79356,40.80038],[-73.79713,40.80141],[-73.79975,40.8022],[-73.80454,40.80355],[-73.8113,40.8054],[-73.81742,40.80579],[-73.82344,40.80481],[-73.82758,40.80394],[-73.83023,40.80327],[-73.83082,40.80306],[-73.83541,40.8022],[-73.84408,40.80102],[-73.84665,40.80102],[-73.84512,40.8063],[-73.84245,40.81344],[-73.84211,40.81444],[-73.83891,40.82112],[-73.84224,40.82778],[-73.84236,40.82794],[-73.84265,40.82791],[-73.84267,40.82834],[-73.84274,40.82853],[-73.84281,40.82864],[-73.84238,40.82869],[-73.84239,40.82879],[-73.84231,40.8288],[-73.84231,40.82908],[-73.84237,40.82943],[-73.84233,40.82994],[-73.84219,40.83031],[-73.84203,40.83051],[-73.84192,40.83081],[-73.84228,40.83127],[-73.84242,40.83121],[-73.84267,40.83086],[-73.84441,40.8306],[-73.84458,40.8313],[-73.84421,40.83134],[-73.84098,40.83401],[-73.83996,40.8349],[-73.83991,40.83512],[-73.83996,40.83549],[-73.84056,40.83671],[-73.84117,40.83771],[-73.84198,40.83891],[-73.84306,40.8398],[-73.84458,40.83854],[-73.8478,40.8407],[-73.85052,40.84279],[-73.85334,40.84247],[-73.8543,40.84267],[-73.85732,40.8437],[-73.85748,40.84379],[-73.85865,40.84529],[-73.85944,40.84666]]]}},{"type":"Feature","properties":{"std_name":"Assembly District 88","std_geoid":"36088","pen":"politicians","std_note":null,"LSAD":"L3"},"geometry":{"type":"Polygon","coordinates":[[[-73.84561,40.98331],[-73.84481,40.98429],[-73.84125,40.98777],[-73.84081,40.98826],[-73.8404,40.98879],[-73.84009,40.98926],[-73.83983,40.9897],[-73.83941,40.99064],[-73.83849,40.99216],[-73.83789,40.9931],[-73.83723,40.99404],[-73.83646,40.99501],[-73.83559,40.99596],[-73.83463,40.99692],[-73.83252,40.99883],[-73.83188,40.99948],[-73.83145,41.00001],[-73.8311,41.00056],[-73.83066,41.00134],[-73.83035,41.00203],[-73.82994,41.00325],[-73.8298,41.00372],[-73.82961,41.00464],[-73.82953,41.00463],[-73.82928,41.00617],[-73.8294,41.00618],[-73.82907,41.00693],[-73.82911,41.0078],[-73.82926,41.00909],[-73.82968,41.00973],[-73.82806,41.01038],[-73.82765,41.0106],[-73.82733,41.01071],[-73.82684,41.01102],[-73.82673,41.01113],[-73.8267,41.01091],[-73.82663,41.01075],[-73.82636,41.01031],[-73.82118,41.01104],[-73.82128,41.0119],[-73.81462,41.01202],[-73.81404,41.01217],[-73.81093,41.01361],[-73.80848,41.01251],[-73.8081,41.01156],[-73.80774,41.01136],[-73.80796,41.01113],[-73.80751,41.01089],[-73.80626,41.01035],[-73.80455,41.00864],[-73.80249,41.00985],[-73.80022,41.01134],[-73.80005,41.01118],[-73.80057,41.01085],[-73.79704,41.00983],[-73.79649,41.01044],[-73.79611,41.0102],[-73.79596,41.01004],[-73.79578,41.01017],[-73.79528,41.01086],[-73.79501,41.01139],[-73.79368,41.01285],[-73.79344,41.01304],[-73.79288,41.01327],[-73.79266,41.01342],[-73.79058,41.01515],[-73.78997,41.0155],[-73.78977,41.01578],[-73.78968,41.01607],[-73.78927,41.01667],[-73.78877,41.01728],[-73.7882,41.01807],[-73.788,41.01829],[-73.78788,41.01853],[-73.78785,41.0189],[-73.78772,41.01923],[-73.78659,41.02042],[-73.78687,41.02058],[-73.78683,41.02078],[-73.78666,41.02104],[-73.78668,41.02152],[-73.78665,41.02164],[-73.78653,41.02176],[-73.78624,41.02184],[-73.7852,41.02139],[-73.7851,41.02145],[-73.78473,41.02202],[-73.7843,41.02257],[-73.78414,41.02266],[-73.78338,41.02295],[-73.78303,41.0232],[-73.78299,41.02327],[-73.78298,41.02348],[-73.78301,41.02428],[-73.78294,41.0244],[-73.78266,41.02468],[-73.78292,41.0249],[-73.78301,41.02504],[-73.78304,41.02512],[-73.78304,41.02531],[-73.78296,41.02547],[-73.78134,41.02663],[-73.78096,41.02698],[-73.7799,41.02816],[-73.77898,41.02883],[-73.77864,41.02916],[-73.7781,41.0296],[-73.77704,41.03013],[-73.77652,41.03045],[-73.77631,41.03065],[-73.7761,41.03094],[-73.77597,41.03116],[-73.77585,41.03167],[-73.7754,41.03167],[-73.77397,41.03177],[-73.77398,41.0307],[-73.77405,41.03053],[-73.77437,41.03003],[-73.77449,41.02968],[-73.77453,41.02943],[-73.77466,41.02768],[-73.77434,41.02755],[-73.77172,41.02813],[-73.77114,41.02829],[-73.77048,41.02859],[-73.77034,41.02837],[-73.77009,41.02834],[-73.76869,41.02857],[-73.76888,41.02935],[-73.76801,41.02965],[-73.76578,41.03017],[-73.76485,41.02811],[-73.76381,41.02572],[-73.76337,41.02482],[-73.76317,41.02427],[-73.7624,41.02372],[-73.75882,41.0223],[-73.75839,41.02208],[-73.75821,41.02194],[-73.75778,41.0215],[-73.75759,41.02101],[-73.75724,41.01957],[-73.75726,41.0195],[-73.7572,41.01927],[-73.75522,41.0196],[-73.74987,41.02077],[-73.74768,41.02121],[-73.74647,41.0214],[-73.74486,41.02149],[-73.74118,41.02247],[-73.74028,41.02105],[-73.73908,41.01931],[-73.73804,41.01777],[-73.7379,41.01751],[-73.73656,41.01461],[-73.73649,41.01457],[-73.73608,41.01349],[-73.73567,41.01253],[-73.73503,41.01126],[-73.73453,41.01067],[-73.73358,41.00972],[-73.73281,41.00876],[-73.7309,41.00674],[-73.73049,41.00623],[-73.73034,41.00603],[-73.7298,41.00484],[-73.72962,41.00455],[-73.72948,41.00436],[-73.72899,41.00393],[-73.72868,41.00358],[-73.72854,41.00326],[-73.72836,41.00268],[-73.72783,41.00181],[-73.72756,41.00145],[-73.72624,41.0],[-73.72696,40.99948],[-73.72701,40.99938],[-73.72704,40.99911],[-73.72699,40.99894],[-73.72694,40.99849],[-73.72818,40.99685],[-73.72885,40.99574],[-73.72921,40.9952],[-73.72943,40.99477],[-73.72977,40.9944],[-73.72996,40.99425],[-73.73,40.99406],[-73.73043,40.99323],[-73.73051,40.99297],[-73.73054,40.99266],[-73.73084,40.99232],[-73.73166,40.99171],[-73.73204,40.99164],[-73.73227,40.99173],[-73.7324,40.99181],[-73.73262,40.99184],[-73.73313,40.99167],[-73.73348,40.99172],[-73.73405,40.99152],[-73.7346,40.99144],[-73.73511,40.99115],[-73.73572,40.99022],[-73.73569,40.98988],[-73.73558,40.9893],[-73.73552,40.98845],[-73.73555,40.98821],[-73.73565,40.98797],[-73.73583,40.9878],[-73.73587,40.98767],[-73.73582,40.98742],[-73.73589,40.9872],[-73.73607,40.98714],[-73.73657,40.98714],[-73.73678,40.98709],[-73.73698,40.98696],[-73.73705,40.98686],[-73.73708,40.98656],[-73.73743,40.98643],[-73.73794,40.98614],[-73.73809,40.98601],[-73.73823,40.98582],[-73.73836,40.98549],[-73.73852,40.98539],[-73.73887,40.9853],[-73.73916,40.9851],[-73.73939,40.98491],[-73.73975,40.98447],[-73.74003,40.98421],[-73.74056,40.98399],[-73.74104,40.98359],[-73.74135,40.98348],[-73.74171,40.9835],[-73.74215,40.98347],[-73.74235,40.9835],[-73.74257,40.98345],[-73.74286,40.98331],[-73.74335,40.98313],[-73.74406,40.98305],[-73.74424,40.983],[-73.74448,40.98273],[-73.74456,40.98275],[-73.74494,40.98262],[-73.74507,40.98252],[-73.74519,40.98233],[-73.74512,40.9821],[-73.74452,40.98106],[-73.75393,40.97232],[-73.75414,40.97224],[-73.7561,40.97065],[-73.75843,40.96853],[-73.76086,40.96641],[-73.76401,40.96336],[-73.7635,40.96296],[-73.76452,40.9624],[-73.76482,40.96227],[-73.76776,40.95973],[-73.76809,40.95941],[-73.76819,40.95924],[-73.76879,40.95867],[-73.7727,40.95508],[-73.77224,40.95307],[-73.77101,40.94736],[-73.7705,40.94521],[-73.77026,40.94557],[-73.7701,40.94552],[-73.77007,40.94524],[-73.76964,40.94497],[-73.76902,40.94191],[-73.76882,40.94067],[-73.76855,40.93944],[-73.76819,40.93754],[-73.76824,40.93672],[-73.7685,40.93661],[-73.76813,40.93489],[-73.76732,40.93136],[-73.76726,40.9312],[-73.7672,40.93068],[-73.767,40.92972],[-73.76683,40.92924],[-73.76482,40.92045],[-73.76579,40.91967],[-73.76676,40.91906],[-73.76769,40.91838],[-73.76804,40.91834],[-73.76874,40.91809],[-73.76911,40.91789],[-73.76951,40.91842],[-73.7708,40.91734],[-73.77147,40.91837],[-73.77246,40.91798],[-73.77251,40.9181],[-73.77265,40.91827],[-73.77433,40.91751],[-73.77443,40.91745],[-73.77432,40.91736],[-73.77537,40.91686],[-73.77581,40.91748],[-73.77638,40.91719],[-73.77654,40.91704],[-73.77741,40.91664],[-73.77748,40.91657],[-73.7775,40.91647],[-73.77792,40.9163],[-73.77801,40.91589],[-73.77816,40.91599],[-73.77832,40.91577],[-73.77843,40.91567],[-73.77953,40.91514],[-73.77826,40.91336],[-73.77847,40.91337],[-73.77902,40.91332],[-73.77963,40.91313],[-73.78119,40.91242],[-73.78157,40.91219],[-73.78232,40.9116],[-73.78282,40.91209],[-73.78384,40.91356],[-73.7839,40.91349],[-73.78475,40.91472],[-73.78487,40.91495],[-73.78493,40.91516],[-73.78509,40.91601],[-73.78592,40.91589],[-73.78674,40.91581],[-73.7871,40.91582],[-73.78736,40.91589],[-73.78724,40.91578],[-73.78719,40.9156],[-73.78723,40.91544],[-73.78737,40.91535],[-73.78763,40.91529],[-73.78787,40.91529],[-73.78825,40.9152],[-73.7882,40.91506],[-73.78986,40.91473],[-73.7902,40.91574],[-73.79075,40.91562],[-73.79112,40.91542],[-73.79277,40.91508],[-73.79295,40.91509],[-73.79307,40.91528],[-73.79312,40.9153],[-73.79463,40.91502],[-73.7956,40.91463],[-73.79926,40.9138],[-73.80208,40.9137],[-73.80207,40.9132],[-73.80191,40.91287],[-73.8018,40.91272],[-73.80178,40.91259],[-73.80179,40.91246],[-73.80198,40.91182],[-73.80195,40.91181],[-73.80121,40.90841],[-73.80095,40.90824],[-73.80013,40.90427],[-73.7999,40.90261],[-73.79969,40.90145],[-73.79927,40.89956],[-73.79911,40.89859],[-73.79853,40.89595],[-73.79831,40.89565],[-73.79812,40.8952],[-73.79764,40.89457],[-73.79473,40.89159],[-73.78834,40.88517],[-73.7883,40.88509],[-73.78666,40.88358],[-73.78666,40.88347],[-73.78538,40.88218],[-73.78473,40.88186],[-73.7837,40.88108],[-73.79199,40.88317],[-73.79328,40.88342],[-73.81418,40.8888],[-73.81505,40.88895],[-73.8156,40.88918],[-73.8161,40.88928],[-73.8176,40.88967],[-73.8185,40.88988],[-73.82296,40.89106],[-73.82332,40.89124],[-73.82287,40.89264],[-73.82113,40.8953],[-73.82085,40.89544],[-73.81993,40.89574],[-73.81936,40.89604],[-73.81851,40.89664],[-73.81842,40.89681],[-73.81806,40.89798],[-73.81734,40.89922],[-73.81758,40.89981],[-73.81752,40.90026],[-73.81709,40.90081],[-73.81626,40.90155],[-73.81624,40.90186],[-73.81613,40.90199],[-73.81576,40.90212],[-73.81536,40.90256],[-73.81528,40.90271],[-73.81532,40.90292],[-73.81528,40.90315],[-73.81507,40.9033],[-73.81494,40.90346],[-73.81487,40.90368],[-73.81431,40.90434],[-73.81403,40.90458],[-73.81394,40.90479],[-73.81381,40.90487],[-73.81378,40.90495],[-73.81393,40.90517],[-73.81396,40.90553],[-73.81388,40.906],[-73.81373,40.90619],[-73.81352,40.90635],[-73.81362,40.90655],[-73.81368,40.90694],[-73.81379,40.9072],[-73.81369,40.9073],[-73.8135,40.90759],[-73.81345,40.90776],[-73.81348,40.90793],[-73.81386,40.90894],[-73.81401,40.909],[-73.81409,40.90907],[-73.81414,40.90925],[-73.81428,40.90932],[-73.81429,40.90946],[-73.81426,40.90965],[-73.81414,40.90991],[-73.81416,40.91011],[-73.81398,40.91016],[-73.81387,40.91031],[-73.81366,40.91052],[-73.81364,40.91078],[-73.81342,40.91154],[-73.81336,40.91214],[-73.81337,40.9124],[-73.81304,40.91314],[-73.8132,40.91347],[-73.81317,40.91362],[-73.81317,40.91403],[-73.81337,40.91421],[-73.81343,40.91431],[-73.81341,40.91441],[-73.81314,40.91469],[-73.8129,40.91474],[-73.81206,40.91466],[-73.81194,40.91472],[-73.81184,40.91506],[-73.81181,40.91573],[-73.81175,40.91594],[-73.81142,40.91613],[-73.81127,40.91629],[-73.81123,40.91663],[-73.81109,40.91681],[-73.81094,40.9169],[-73.81097,40.91699],[-73.81118,40.91723],[-73.81097,40.91751],[-73.81094,40.91763],[-73.81114,40.91797],[-73.81124,40.91826],[-73.81136,40.9184],[-73.81054,40.92016],[-73.81027,40.92066],[-73.80936,40.9221],[-73.80931,40.92391],[-73.80914,40.92419],[-73.80891,40.92448],[-73.80842,40.925],[-73.80811,40.92519],[-73.80794,40.92547],[-73.80777,40.92558],[-73.80754,40.92558],[-73.80723,40.92568],[-73.80697,40.92572],[-73.80668,40.92571],[-73.80647,40.92567],[-73.80631,40.92552],[-73.80621,40.92537],[-73.80546,40.92545],[-73.80527,40.92572],[-73.80518,40.92595],[-73.80502,40.92613],[-73.80504,40.9265],[-73.80513,40.92666],[-73.80532,40.9268],[-73.8056,40.92691],[-73.80642,40.92713],[-73.80658,40.9272],[-73.80675,40.92733],[-73.8089,40.92782],[-73.83064,40.93428],[-73.83431,40.93532],[-73.83452,40.93536],[-73.83463,40.93533],[-73.8347,40.9355],[-73.83465,40.93558],[-73.83478,40.93576],[-73.83533,40.93601],[-73.83601,40.93611],[-73.83701,40.93653],[-73.83746,40.93683],[-73.83768,40.93702],[-73.83782,40.9372],[-73.83789,40.93746],[-73.83782,40.93789],[-73.83771,40.93824],[-73.8377,40.93861],[-73.83796,40.93906],[-73.83806,40.93953],[-73.83815,40.93967],[-73.83817,40.94015],[-73.83822,40.94027],[-73.8386,40.94087],[-73.83866,40.94152],[-73.83852,40.94167],[-73.83799,40.94195],[-73.83778,40.94219],[-73.83764,40.94244],[-73.8375,40.94284],[-73.83746,40.94318],[-73.8375,40.94357],[-73.83739,40.9439],[-73.83709,40.94448],[-73.83708,40.94471],[-73.83687,40.94503],[-73.83662,40.94509],[-73.83642,40.94499],[-73.83611,40.9453],[-73.83557,40.94532],[-73.83529,40.94541],[-73.8347,40.94537],[-73.83453,40.94544],[-73.83373,40.94645],[-73.8336,40.94653],[-73.83349,40.94668],[-73.83344,40.9468],[-73.83379,40.94709],[-73.83392,40.94728],[-73.834,40.94752],[-73.83397,40.94766],[-73.83351,40.94809],[-73.83351,40.94849],[-73.83367,40.94863],[-73.83373,40.94881],[-73.8334,40.95045],[-73.83339,40.95114],[-73.83332,40.95138],[-73.83277,40.95188],[-73.83264,40.95216],[-73.83256,40.95216],[-73.83233,40.95214],[-73.83222,40.95205],[-73.83217,40.95187],[-73.83219,40.95181],[-73.83244,40.95166],[-73.83247,40.9516],[-73.8323,40.95142],[-73.83212,40.95132],[-73.83194,40.95133],[-73.83178,40.95141],[-73.8316,40.95156],[-73.83137,40.95182],[-73.83109,40.95181],[-73.83088,40.95175],[-73.83023,40.95119],[-73.82989,40.95098],[-73.82983,40.95099],[-73.82962,40.9511],[-73.82924,40.95139],[-73.82899,40.95257],[-73.82901,40.95333],[-73.82898,40.95365],[-73.82858,40.95452],[-73.82855,40.95473],[-73.82851,40.95481],[-73.82833,40.95491],[-73.828,40.95492],[-73.82761,40.95489],[-73.82733,40.95494],[-73.82713,40.95504],[-73.82684,40.95531],[-73.82622,40.9562],[-73.82608,40.95634],[-73.82567,40.95656],[-73.82537,40.95658],[-73.82473,40.95645],[-73.82452,40.95658],[-73.82425,40.9571],[-73.82357,40.95736],[-73.82251,40.95761],[-73.82208,40.95776],[-73.82165,40.95823],[-73.82147,40.95879],[-73.82176,40.95958],[-73.82192,40.96026],[-73.8214,40.96034],[-73.82108,40.9605],[-73.82102,40.96056],[-73.82095,40.9607],[-73.82102,40.96121],[-73.82138,40.96167],[-73.82123,40.96226],[-73.82108,40.96249],[-73.82068,40.96257],[-73.82047,40.96267],[-73.82001,40.9634],[-73.81965,40.96373],[-73.81954,40.96393],[-73.81917,40.96432],[-73.81915,40.96442],[-73.81923,40.96466],[-73.81924,40.9648],[-73.81919,40.96514],[-73.8189,40.96522],[-73.81854,40.96518],[-73.81825,40.96524],[-73.81805,40.9657],[-73.81804,40.9659],[-73.81847,40.96589],[-73.81835,40.96626],[-73.81812,40.96669],[-73.81792,40.96724],[-73.81758,40.9677],[-73.81762,40.9678],[-73.81774,40.96792],[-73.81778,40.96812],[-73.81758,40.96853],[-73.81731,40.96925],[-73.81714,40.96952],[-73.81616,40.9699],[-73.81605,40.97019],[-73.81624,40.97033],[-73.8162,40.97072],[-73.816,40.97119],[-73.81568,40.9715],[-73.81565,40.9716],[-73.8157,40.97216],[-73.81575,40.97234],[-73.81572,40.97263],[-73.81532,40.9727],[-73.81523,40.97287],[-73.8152,40.97315],[-73.81482,40.97371],[-73.81475,40.97387],[-73.81456,40.97514],[-73.81428,40.97556],[-73.81393,40.97597],[-73.81324,40.97659],[-73.81299,40.97717],[-73.81312,40.9773],[-73.81347,40.97754],[-73.8135,40.97766],[-73.81343,40.97819],[-73.81347,40.9784],[-73.81376,40.97901],[-73.8139,40.97967],[-73.81436,40.98043],[-73.81438,40.98076],[-73.81436,40.98132],[-73.81458,40.98209],[-73.815,40.98256],[-73.81486,40.98301],[-73.81484,40.98349],[-73.81479,40.98356],[-73.81397,40.98393],[-73.81353,40.98411],[-73.81297,40.98428],[-73.8128,40.98439],[-73.81246,40.98473],[-73.81217,40.98519],[-73.81196,40.98561],[-73.81193,40.98617],[-73.8111,40.98698],[-73.81042,40.98834],[-73.81535,40.98762],[-73.81647,40.98738],[-73.82656,40.98611],[-73.82781,40.98592],[-73.83231,40.98535],[-73.84216,40.98388],[-73.84561,40.98331]]]}},{"type":"Feature","properties":{"std_name":"Assembly District 40","std_geoid":"36040","pen":"politicians","std_note":null,"LSAD":"L3"},"geometry":{"type":"Polygon","coordinates":[[[-73.84011,40.76416],[-73.83912,40.76598],[-73.83869,40.76667],[-73.83795,40.76762],[-73.83706,40.76858],[-73.83609,40.76947],[-73.83429,40.77068],[-73.8315,40.77235],[-73.83073,40.77288],[-73.8301,40.77341],[-73.82953,40.77397],[-73.82893,40.77473],[-73.8281,40.77599],[-73.82758,40.77685],[-73.82593,40.77981],[-73.82567,40.77973],[-73.82508,40.78071],[-73.82292,40.78054],[-73.82121,40.78024],[-73.82109,40.78111],[-73.80323,40.7797],[-73.8032,40.77988],[-73.80232,40.78035],[-73.8016,40.78102],[-73.79743,40.78068],[-73.79846,40.7732],[-73.79948,40.77267],[-73.80048,40.7722],[-73.80189,40.7619],[-73.80208,40.76175],[-73.80191,40.76166],[-73.80205,40.76084],[-73.80119,40.7602],[-73.80083,40.75997],[-73.80124,40.7599],[-73.80125,40.75983],[-73.80215,40.75999],[-73.80301,40.7537],[-73.80395,40.7537],[-73.80445,40.75373],[-73.80418,40.75247],[-73.80393,40.75184],[-73.80378,40.75153],[-73.81077,40.75208],[-73.81048,40.75421],[-73.81335,40.7542],[-73.81353,40.75425],[-73.81424,40.75472],[-73.81585,40.75367],[-73.81894,40.75641],[-73.8228,40.75388],[-73.82334,40.75433],[-73.82545,40.75294],[-73.82714,40.75451],[-73.82987,40.7535],[-73.83014,40.75391],[-73.8326,40.75301],[-73.83239,40.75232],[-73.83253,40.75237],[-73.83298,40.75233],[-73.83349,40.75241],[-73.836,40.75201],[-73.83701,40.75403],[-73.83767,40.75411],[-73.83799,40.75468],[-73.83821,40.75525],[-73.83862,40.75704],[-73.83875,40.75698],[-73.83897,40.75819],[-73.83898,40.75879],[-73.83878,40.76042],[-73.83887,40.76105],[-73.83911,40.76164],[-73.8399,40.76297],[-73.84005,40.76342],[-73.84009,40.76364],[-73.84011,40.76416]]]}},{"type":"Feature","properties":{"std_name":"Assembly District 26","std_geoid":"36026","pen":"politicians","std_note":null,"LSAD":"L3"},"geometry":{"type":"Polygon","coordinates":[[[-73.80301,40.7537],[-73.80215,40.75999],[-73.80125,40.75983],[-73.80124,40.7599],[-73.80083,40.75997],[-73.80119,40.7602],[-73.80205,40.76084],[-73.80191,40.76166],[-73.80208,40.76175],[-73.80189,40.7619],[-73.80048,40.7722],[-73.79948,40.77267],[-73.79846,40.7732],[-73.79743,40.78068],[-73.8016,40.78102],[-73.79933,40.783],[-73.79855,40.78363],[-73.79686,40.78482],[-73.79677,40.78494],[-73.79586,40.78556],[-73.79549,40.78573],[-73.79509,40.78585],[-73.79477,40.78675],[-73.79471,40.78699],[-73.79473,40.78726],[-73.79526,40.78894],[-73.79591,40.79151],[-73.79739,40.79125],[-73.79761,40.79126],[-73.79782,40.79132],[-73.79766,40.79084],[-73.80008,40.79101],[-73.79985,40.79243],[-73.80164,40.79257],[-73.80121,40.79566],[-73.80015,40.79557],[-73.80004,40.79624],[-73.79975,40.8022],[-73.79713,40.80141],[-73.79356,40.80038],[-73.79002,40.80023],[-73.78792,40.80036],[-73.78732,40.80085],[-73.78475,40.80259],[-73.78268,40.80539],[-73.77956,40.81125],[-73.77896,40.81171],[-73.76371,40.7938],[-73.7571,40.78969],[-73.75082,40.78289],[-73.75029,40.78248],[-73.74637,40.78012],[-73.74421,40.77871],[-73.74342,40.77822],[-73.74153,40.77711],[-73.74076,40.77669],[-73.74008,40.77621],[-73.73938,40.77601],[-73.73933,40.77596],[-73.73954,40.77581],[-73.73943,40.77582],[-73.73781,40.77481],[-73.73762,40.77474],[-73.73635,40.77391],[-73.72952,40.76973],[-73.72605,40.76753],[-73.7251,40.76699],[-73.72058,40.7642],[-73.71607,40.76146],[-73.7135,40.75983],[-73.71245,40.75924],[-73.70782,40.75622],[-73.70527,40.75477],[-73.70274,40.75325],[-73.70163,40.75249],[-73.70154,40.75192],[-73.70143,40.75066],[-73.701,40.74709],[-73.70058,40.74318],[-73.70242,40.74276],[-73.72337,40.73826],[-73.72419,40.7387],[-73.7239,40.7383],[-73.72387,40.73813],[-73.72306,40.73625],[-73.72285,40.7356],[-73.72276,40.73518],[-73.7227,40.73477],[-73.72267,40.73425],[-73.72993,40.7327],[-73.73046,40.73266],[-73.73099,40.73266],[-73.73219,40.73287],[-73.73291,40.73095],[-73.73632,40.73104],[-73.73619,40.73137],[-73.73631,40.73137],[-73.7386,40.73749],[-73.74168,40.73683],[-73.74029,40.73852],[-73.74019,40.73903],[-73.74107,40.73898],[-73.74155,40.73876],[-73.74214,40.73862],[-73.74307,40.73844],[-73.74372,40.73938],[-73.74396,40.74079],[-73.74506,40.74153],[-73.74675,40.74244],[-73.74785,40.7433],[-73.75116,40.75032],[-73.75102,40.75034],[-73.75104,40.7504],[-73.75029,40.75053],[-73.75041,40.75093],[-73.75109,40.75082],[-73.75108,40.7509],[-73.75111,40.75089],[-73.75139,40.75157],[-73.75236,40.75141],[-73.75413,40.75104],[-73.75738,40.75023],[-73.75783,40.75076],[-73.76056,40.75],[-73.76148,40.75174],[-73.76276,40.75194],[-73.76342,40.7562],[-73.76477,40.76095],[-73.76752,40.76049],[-73.76934,40.76025],[-73.77027,40.76008],[-73.77767,40.75815],[-73.77742,40.75736],[-73.78447,40.75546],[-73.78432,40.75399],[-73.78524,40.75383],[-73.79242,40.75341],[-73.79238,40.75307],[-73.79343,40.75334],[-73.79458,40.75356],[-73.79733,40.75387],[-73.79826,40.75389],[-73.80111,40.75373],[-73.80301,40.7537]]]}},{"type":"Feature","properties":{"std_name":"Assembly District 91","std_geoid":"36091","pen":"politicians","std_note":null,"LSAD":"L3"},"geometry":{"type":"Polygon","coordinates":[[[-73.80207,40.9132],[-73.80208,40.9137],[-73.79926,40.9138],[-73.7956,40.91463],[-73.79463,40.91502],[-73.79312,40.9153],[-73.79307,40.91528],[-73.79295,40.91509],[-73.79277,40.91508],[-73.79112,40.91542],[-73.79075,40.91562],[-73.7902,40.91574],[-73.78986,40.91473],[-73.7882,40.91506],[-73.78825,40.9152],[-73.78787,40.91529],[-73.78763,40.91529],[-73.78737,40.91535],[-73.78723,40.91544],[-73.78719,40.9156],[-73.78724,40.91578],[-73.78736,40.91589],[-73.7871,40.91582],[-73.78674,40.91581],[-73.78592,40.91589],[-73.78509,40.91601],[-73.78493,40.91516],[-73.78487,40.91495],[-73.78475,40.91472],[-73.7839,40.91349],[-73.78384,40.91356],[-73.78282,40.91209],[-73.78232,40.9116],[-73.78157,40.91219],[-73.78119,40.91242],[-73.77963,40.91313],[-73.77902,40.91332],[-73.77847,40.91337],[-73.77826,40.91336],[-73.77953,40.91514],[-73.77843,40.91567],[-73.77832,40.91577],[-73.77816,40.91599],[-73.77801,40.91589],[-73.77792,40.9163],[-73.7775,40.91647],[-73.77748,40.91657],[-73.77741,40.91664],[-73.77654,40.91704],[-73.77638,40.91719],[-73.77581,40.91748],[-73.77537,40.91686],[-73.77432,40.91736],[-73.77443,40.91745],[-73.77433,40.91751],[-73.77265,40.91827],[-73.77251,40.9181],[-73.77246,40.91798],[-73.77147,40.91837],[-73.7708,40.91734],[-73.76951,40.91842],[-73.76911,40.91789],[-73.76874,40.91809],[-73.76804,40.91834],[-73.76769,40.91838],[-73.76676,40.91906],[-73.76579,40.91967],[-73.76482,40.92045],[-73.76683,40.92924],[-73.767,40.92972],[-73.7672,40.93068],[-73.76726,40.9312],[-73.76732,40.93136],[-73.76813,40.93489],[-73.7685,40.93661],[-73.76824,40.93672],[-73.76819,40.93754],[-73.76855,40.93944],[-73.76882,40.94067],[-73.76902,40.94191],[-73.76964,40.94497],[-73.77007,40.94524],[-73.7701,40.94552],[-73.77026,40.94557],[-73.7705,40.94521],[-73.77101,40.94736],[-73.77224,40.95307],[-73.7727,40.95508],[-73.76879,40.95867],[-73.76819,40.95924],[-73.76809,40.95941],[-73.76776,40.95973],[-73.76482,40.96227],[-73.76452,40.9624],[-73.7635,40.96296],[-73.76401,40.96336],[-73.76086,40.96641],[-73.75843,40.96853],[-73.7561,40.97065],[-73.75414,40.97224],[-73.75393,40.97232],[-73.74452,40.98106],[-73.74431,40.98074],[-73.7444,40.9806],[-73.74457,40.98048],[-73.74464,40.98035],[-73.74462,40.98024],[-73.74459,40.98016],[-73.74439,40.98006],[-73.74432,40.97997],[-73.74425,40.97959],[-73.74428,40.97917],[-73.74411,40.9789],[-73.7438,40.97863],[-73.74376,40.97854],[-73.74386,40.97828],[-73.74406,40.97813],[-73.74414,40.97802],[-73.74406,40.9778],[-73.74375,40.97733],[-73.7437,40.97716],[-73.74372,40.97695],[-73.74387,40.9767],[-73.74381,40.9765],[-73.74359,40.97602],[-73.74344,40.9755],[-73.74341,40.97516],[-73.74348,40.97444],[-73.74345,40.97414],[-73.74351,40.97235],[-73.74338,40.97207],[-73.74392,40.9716],[-73.74401,40.97141],[-73.74402,40.9713],[-73.74396,40.97116],[-73.74371,40.97093],[-73.74349,40.97068],[-73.74305,40.97001],[-73.74314,40.96975],[-73.74347,40.96941],[-73.74358,40.96922],[-73.74356,40.96889],[-73.74309,40.9687],[-73.7428,40.96872],[-73.74238,40.9687],[-73.7423,40.96873],[-73.74225,40.96884],[-73.74232,40.96916],[-73.7423,40.96924],[-73.7422,40.96926],[-73.74211,40.96921],[-73.74188,40.96875],[-73.74179,40.96849],[-73.74179,40.96821],[-73.74173,40.96814],[-73.74162,40.96813],[-73.74087,40.96832],[-73.74045,40.96813],[-73.7398,40.96789],[-73.73925,40.96792],[-73.73874,40.96809],[-73.73848,40.96833],[-73.73834,40.96872],[-73.73795,40.96878],[-73.73762,40.96867],[-73.73744,40.9687],[-73.73687,40.96899],[-73.73662,40.96916],[-73.73651,40.96929],[-73.7363,40.9693],[-73.73616,40.9692],[-73.73606,40.96879],[-73.73596,40.96869],[-73.73569,40.9686],[-73.73528,40.96862],[-73.73494,40.9686],[-73.73476,40.96853],[-73.73456,40.9683],[-73.73402,40.96834],[-73.73225,40.96823],[-73.7318,40.96801],[-73.7316,40.96799],[-73.73128,40.96789],[-73.73114,40.96779],[-73.73105,40.96757],[-73.73089,40.96738],[-73.7308,40.96732],[-73.73086,40.96705],[-73.731,40.96669],[-73.73102,40.96655],[-73.73099,40.96649],[-73.73066,40.96625],[-73.73061,40.96606],[-73.73066,40.96567],[-73.73051,40.96498],[-73.73024,40.96411],[-73.72363,40.96177],[-73.72042,40.96068],[-73.71581,40.95917],[-73.71491,40.96016],[-73.71255,40.96261],[-73.71206,40.96303],[-73.71183,40.96326],[-73.71147,40.96337],[-73.71053,40.96388],[-73.71003,40.96402],[-73.70968,40.96417],[-73.70904,40.9646],[-73.70878,40.96473],[-73.70852,40.96481],[-73.70835,40.96497],[-73.70785,40.96564],[-73.70769,40.96591],[-73.70752,40.96607],[-73.70719,40.96693],[-73.70638,40.96833],[-73.70612,40.96868],[-73.70576,40.96893],[-73.70539,40.96925],[-73.70495,40.97034],[-73.70474,40.97061],[-73.70422,40.97106],[-73.70398,40.97131],[-73.70385,40.97151],[-73.70369,40.97188],[-73.70388,40.97203],[-73.70357,40.97252],[-73.70301,40.97292],[-73.70332,40.97317],[-73.70524,40.97188],[-73.70614,40.97134],[-73.70665,40.97108],[-73.70746,40.97073],[-73.70802,40.97054],[-73.70854,40.97038],[-73.70923,40.97023],[-73.70775,40.9723],[-73.70183,40.98083],[-73.7018,40.98091],[-73.70178,40.9809],[-73.7008,40.98385],[-73.69821,40.98701],[-73.69668,40.9888],[-73.69616,40.98935],[-73.68607,40.99193],[-73.68673,40.99372],[-73.68663,40.99387],[-73.6864,40.9939],[-73.68583,40.99466],[-73.68561,40.99505],[-73.68566,40.99558],[-73.68518,40.99596],[-73.68504,40.99624],[-73.68466,40.99645],[-73.68467,40.99766],[-73.68499,40.99786],[-73.68505,40.99817],[-73.68505,40.9989],[-73.68521,40.99923],[-73.68525,40.9994],[-73.68507,40.99954],[-73.68476,40.99956],[-73.68469,40.99964],[-73.68464,40.99989],[-73.6847,41.00027],[-73.68469,41.00139],[-73.68476,41.0016],[-73.6848,41.00188],[-73.68493,41.00197],[-73.68497,41.00209],[-73.68505,41.00219],[-73.68532,41.00225],[-73.68553,41.00243],[-73.68558,41.00255],[-73.68604,41.00279],[-73.68629,41.00284],[-73.6863,41.00323],[-73.68632,41.00333],[-73.68638,41.0034],[-73.68716,41.0036],[-73.68778,41.00353],[-73.68792,41.00344],[-73.68806,41.00321],[-73.68858,41.00284],[-73.68885,41.0027],[-73.68897,41.0027],[-73.68967,41.00305],[-73.68975,41.00313],[-73.68991,41.0031],[-73.69002,41.00315],[-73.69033,41.00322],[-73.691,41.00367],[-73.69252,41.00449],[-73.69254,41.00455],[-73.69254,41.00487],[-73.69248,41.00594],[-73.69243,41.00635],[-73.69223,41.00684],[-73.69222,41.00699],[-73.69234,41.00704],[-73.69266,41.00702],[-73.69293,41.00715],[-73.69349,41.00795],[-73.69386,41.00837],[-73.69484,41.0103],[-73.69499,41.0112],[-73.69481,41.01137],[-73.69437,41.01158],[-73.69396,41.01194],[-73.69359,41.01275],[-73.69377,41.0131],[-73.69371,41.01327],[-73.69347,41.01352],[-73.69283,41.01431],[-73.69252,41.01497],[-73.69233,41.01557],[-73.69212,41.01582],[-73.69209,41.01611],[-73.69222,41.01643],[-73.69245,41.01685],[-73.69253,41.01694],[-73.69271,41.0169],[-73.69278,41.01699],[-73.69279,41.01708],[-73.69272,41.01726],[-73.69276,41.01736],[-73.69325,41.01767],[-73.69373,41.01812],[-73.69401,41.01824],[-73.6944,41.01826],[-73.69538,41.01808],[-73.69557,41.0183],[-73.69574,41.01871],[-73.69574,41.01883],[-73.69582,41.01908],[-73.69582,41.01932],[-73.69572,41.01944],[-73.69508,41.01957],[-73.69494,41.01962],[-73.69478,41.01976],[-73.69444,41.02016],[-73.69428,41.02029],[-73.69381,41.02098],[-73.69437,41.0214],[-73.6945,41.02161],[-73.69482,41.02223],[-73.69484,41.02232],[-73.6947,41.02256],[-73.69457,41.02264],[-73.69442,41.02278],[-73.69414,41.02319],[-73.69398,41.02336],[-73.69329,41.02387],[-73.69301,41.02441],[-73.69291,41.0245],[-73.69236,41.0248],[-73.69222,41.02492],[-73.69217,41.02518],[-73.69177,41.02575],[-73.69165,41.02608],[-73.69159,41.02615],[-73.6912,41.02623],[-73.6901,41.02627],[-73.68989,41.02645],[-73.68929,41.02686],[-73.68924,41.02695],[-73.68915,41.02806],[-73.6891,41.02813],[-73.68892,41.02825],[-73.68889,41.0288],[-73.68916,41.02926],[-73.68921,41.0295],[-73.68915,41.02979],[-73.68921,41.02998],[-73.68915,41.03006],[-73.6891,41.03071],[-73.68914,41.03085],[-73.68918,41.03145],[-73.68905,41.03161],[-73.68917,41.03227],[-73.6892,41.03278],[-73.68929,41.03291],[-73.68937,41.03317],[-73.6894,41.03352],[-73.68936,41.03401],[-73.68925,41.03423],[-73.68925,41.03441],[-73.68992,41.03495],[-73.69009,41.03543],[-73.68975,41.03544],[-73.6895,41.03575],[-73.68968,41.03606],[-73.68993,41.03602],[-73.68997,41.03619],[-73.68995,41.03664],[-73.6897,41.03676],[-73.68982,41.03708],[-73.68994,41.03724],[-73.68976,41.03743],[-73.68965,41.03797],[-73.68972,41.03823],[-73.69005,41.03884],[-73.69008,41.03898],[-73.69008,41.0391],[-73.69001,41.03917],[-73.68998,41.0395],[-73.69007,41.03963],[-73.69038,41.0399],[-73.69055,41.04013],[-73.69091,41.04051],[-73.69075,41.04076],[-73.69075,41.04087],[-73.69084,41.04097],[-73.69115,41.04108],[-73.69127,41.04117],[-73.69137,41.0413],[-73.69172,41.04144],[-73.6919,41.0416],[-73.69187,41.04174],[-73.69174,41.04191],[-73.69174,41.04223],[-73.69166,41.04229],[-73.69156,41.0423],[-73.69147,41.04246],[-73.69136,41.04255],[-73.69156,41.04284],[-73.6915,41.04286],[-73.69143,41.04302],[-73.69162,41.04327],[-73.69159,41.04347],[-73.69171,41.04364],[-73.69169,41.04373],[-73.69162,41.04381],[-73.6916,41.04391],[-73.69168,41.04403],[-73.69183,41.04415],[-73.69182,41.04428],[-73.69192,41.04435],[-73.69195,41.04441],[-73.69232,41.04466],[-73.69262,41.04468],[-73.69284,41.04477],[-73.6929,41.04485],[-73.69289,41.04498],[-73.69267,41.04516],[-73.69257,41.0461],[-73.69247,41.04623],[-73.69247,41.04632],[-73.69253,41.04639],[-73.69285,41.0464],[-73.69299,41.04648],[-73.69343,41.04659],[-73.69359,41.04667],[-73.69378,41.04688],[-73.69389,41.04709],[-73.69394,41.04728],[-73.69393,41.04766],[-73.69397,41.04779],[-73.69405,41.04783],[-73.6943,41.04782],[-73.69452,41.04788],[-73.6948,41.04827],[-73.69496,41.04858],[-73.69503,41.0488],[-73.69524,41.04879],[-73.69548,41.04893],[-73.69571,41.04913],[-73.69577,41.04915],[-73.69585,41.04927],[-73.69607,41.04932],[-73.69608,41.04937],[-73.69603,41.04945],[-73.69611,41.0496],[-73.69607,41.04966],[-73.69606,41.04975],[-73.6959,41.04987],[-73.6959,41.04993],[-73.69593,41.04999],[-73.69602,41.05003],[-73.69608,41.05013],[-73.69621,41.05022],[-73.69638,41.05027],[-73.69643,41.05045],[-73.69666,41.05047],[-73.6967,41.05058],[-73.69678,41.05062],[-73.69678,41.05067],[-73.69668,41.05076],[-73.69662,41.05087],[-73.69671,41.05119],[-73.69678,41.05125],[-73.69698,41.05129],[-73.69712,41.05136],[-73.69724,41.05124],[-73.6974,41.05126],[-73.69749,41.05136],[-73.69748,41.05153],[-73.69762,41.05171],[-73.69768,41.05173],[-73.69773,41.05178],[-73.69772,41.05185],[-73.69748,41.05206],[-73.69747,41.05219],[-73.69759,41.05237],[-73.69759,41.05256],[-73.69762,41.05262],[-73.69761,41.05276],[-73.69767,41.0528],[-73.69788,41.05282],[-73.69795,41.05294],[-73.69787,41.05312],[-73.69793,41.05327],[-73.69791,41.05341],[-73.69783,41.0535],[-73.69785,41.05366],[-73.69779,41.05387],[-73.69801,41.05408],[-73.69804,41.05423],[-73.69814,41.05439],[-73.69819,41.05452],[-73.69827,41.05456],[-73.69849,41.05454],[-73.69867,41.05456],[-73.69908,41.05469],[-73.69939,41.05474],[-73.6998,41.0549],[-73.70001,41.05488],[-73.70016,41.05476],[-73.70022,41.05475],[-73.70023,41.05481],[-73.70014,41.05511],[-73.70016,41.05513],[-73.7009,41.05483],[-73.70119,41.05476],[-73.70163,41.05479],[-73.70233,41.05509],[-73.70273,41.05502],[-73.70275,41.05498],[-73.70269,41.05484],[-73.70275,41.0548],[-73.70307,41.05472],[-73.70322,41.05471],[-73.7035,41.05477],[-73.70364,41.05486],[-73.70389,41.05518],[-73.70414,41.05539],[-73.70451,41.05577],[-73.70456,41.05585],[-73.70456,41.05611],[-73.70464,41.05625],[-73.70492,41.05636],[-73.70495,41.05641],[-73.70518,41.05706],[-73.70561,41.05727],[-73.70583,41.0572],[-73.70599,41.05737],[-73.70598,41.05763],[-73.70611,41.05786],[-73.7061,41.05794],[-73.70601,41.05802],[-73.70603,41.05811],[-73.70598,41.05836],[-73.70579,41.05852],[-73.70576,41.05877],[-73.70553,41.05894],[-73.70536,41.05947],[-73.70542,41.05984],[-73.70555,41.05992],[-73.70561,41.06001],[-73.70564,41.06016],[-73.7056,41.06031],[-73.70548,41.06052],[-73.70503,41.0606],[-73.70502,41.06074],[-73.70498,41.06084],[-73.70475,41.06107],[-73.70482,41.06133],[-73.7049,41.06142],[-73.705,41.06148],[-73.70504,41.06158],[-73.70513,41.06166],[-73.70507,41.06188],[-73.70515,41.06214],[-73.70515,41.06228],[-73.70569,41.06303],[-73.70576,41.06322],[-73.70575,41.0634],[-73.7056,41.0635],[-73.7055,41.06361],[-73.70504,41.06388],[-73.70498,41.06403],[-73.70482,41.06416],[-73.70484,41.0643],[-73.70473,41.0644],[-73.7045,41.06454],[-73.70411,41.0647],[-73.70405,41.06477],[-73.70406,41.06487],[-73.70395,41.06495],[-73.70387,41.06511],[-73.70387,41.06516],[-73.70495,41.06638],[-73.70515,41.06664],[-73.70514,41.06672],[-73.7052,41.0668],[-73.70526,41.06728],[-73.70522,41.06777],[-73.70523,41.06923],[-73.70559,41.07065],[-73.70568,41.07082],[-73.7057,41.07111],[-73.70608,41.07193],[-73.70662,41.07302],[-73.70664,41.07325],[-73.70661,41.07357],[-73.70656,41.07374],[-73.7063,41.07407],[-73.70507,41.0725],[-73.69617,41.0616],[-73.69468,41.05979],[-73.69421,41.05933],[-73.69286,41.05771],[-73.69235,41.05714],[-73.68953,41.05352],[-73.68885,41.05254],[-73.68842,41.05202],[-73.68789,41.05153],[-73.68717,41.0507],[-73.68247,41.0447],[-73.68184,41.04397],[-73.67977,41.04194],[-73.67928,41.04138],[-73.67878,41.04073],[-73.67856,41.0404],[-73.67592,41.03731],[-73.67574,41.037],[-73.67452,41.03563],[-73.67107,41.03153],[-73.67061,41.03083],[-73.67038,41.03006],[-73.66977,41.0294],[-73.66917,41.0285],[-73.66467,41.023],[-73.66418,41.02229],[-73.6636,41.02166],[-73.66276,41.02057],[-73.65945,41.01765],[-73.65899,41.01718],[-73.65868,41.01671],[-73.65787,41.0158],[-73.65737,41.0151],[-73.6569,41.01452],[-73.65612,41.01313],[-73.65541,41.01244],[-73.65525,41.01225],[-73.65524,41.01185],[-73.65606,41.00892],[-73.65721,41.0064],[-73.65808,41.00475],[-73.65856,41.00402],[-73.65969,41.00151],[-73.66013,41.00068],[-73.66027,41.00048],[-73.66021,41.00036],[-73.65931,40.99717],[-73.65949,40.99553],[-73.65965,40.99445],[-73.65959,40.99414],[-73.65911,40.99334],[-73.65797,40.992],[-73.65723,40.99091],[-73.65863,40.98926],[-73.65891,40.98899],[-73.65967,40.98791],[-73.65677,40.98451],[-73.61289,40.95094],[-73.69897,40.90039],[-73.748,40.87187],[-73.74806,40.87172],[-73.76099,40.87518],[-73.7812,40.88048],[-73.7837,40.88108],[-73.78473,40.88186],[-73.78538,40.88218],[-73.78666,40.88347],[-73.78666,40.88358],[-73.7883,40.88509],[-73.78834,40.88517],[-73.79402,40.89087],[-73.79764,40.89457],[-73.79812,40.8952],[-73.79831,40.89565],[-73.79853,40.89595],[-73.79911,40.89859],[-73.79927,40.89956],[-73.79969,40.90145],[-73.7999,40.90261],[-73.80013,40.90427],[-73.80095,40.90824],[-73.80121,40.90841],[-73.80195,40.91181],[-73.80198,40.91182],[-73.80179,40.91246],[-73.80178,40.91259],[-73.8018,40.91272],[-73.80191,40.91287],[-73.80207,40.9132]]]}},{"type":"Feature","properties":{"std_name":"Assembly District 86","std_geoid":"36086","pen":"politicians","std_note":null,"LSAD":"L3"},"geometry":{"type":"Polygon","coordinates":[[[-73.9223,40.84741],[-73.91959,40.85068],[-73.91833,40.85154],[-73.91822,40.85187],[-73.91829,40.852],[-73.91863,40.85239],[-73.9191,40.85267],[-73.91817,40.85298],[-73.91693,40.85461],[-73.91679,40.85487],[-73.91589,40.85789],[-73.91706,40.85803],[-73.91739,40.85728],[-73.91764,40.85735],[-73.9179,40.85694],[-73.91929,40.85748],[-73.91821,40.85868],[-73.91434,40.86252],[-73.91085,40.86653],[-73.9098,40.86828],[-73.9092,40.86978],[-73.9091,40.87168],[-73.9086,40.87168],[-73.9079,40.87268],[-73.9071,40.87298],[-73.907,40.87345],[-73.90571,40.87314],[-73.90466,40.87264],[-73.9045,40.87253],[-73.90446,40.87242],[-73.90444,40.87218],[-73.90444,40.87158],[-73.90449,40.87084],[-73.90448,40.87057],[-73.9044,40.87035],[-73.90506,40.87031],[-73.90559,40.87013],[-73.906,40.86987],[-73.90632,40.86957],[-73.90722,40.86885],[-73.90769,40.86897],[-73.90793,40.86845],[-73.90837,40.86725],[-73.90853,40.86654],[-73.90849,40.86534],[-73.90883,40.86485],[-73.90903,40.86422],[-73.90911,40.86355],[-73.9091,40.863],[-73.90904,40.86268],[-73.90861,40.8628],[-73.90821,40.86283],[-73.90257,40.8627],[-73.90157,40.86281],[-73.90108,40.86276],[-73.89798,40.86673],[-73.896,40.86583],[-73.89683,40.86467],[-73.89839,40.86234],[-73.89707,40.86253],[-73.8969,40.8625],[-73.89756,40.8613],[-73.89463,40.86055],[-73.89192,40.85925],[-73.89443,40.85579],[-73.8925,40.85498],[-73.8918,40.85461],[-73.89432,40.85189],[-73.8928,40.8511],[-73.89174,40.85167],[-73.89048,40.85229],[-73.88988,40.85207],[-73.88895,40.85144],[-73.89133,40.84747],[-73.89242,40.848],[-73.89337,40.8464],[-73.8929,40.84627],[-73.89322,40.84581],[-73.8934,40.8454],[-73.89357,40.84514],[-73.89481,40.84376],[-73.9011,40.84445],[-73.90263,40.84467],[-73.90463,40.84489],[-73.90485,40.84473],[-73.905,40.84253],[-73.906,40.84263],[-73.91098,40.8428],[-73.91175,40.84286],[-73.91199,40.84307],[-73.9117,40.8439],[-73.91132,40.84478],[-73.91104,40.84521],[-73.91074,40.84546],[-73.91144,40.84587],[-73.91024,40.84756],[-73.90882,40.84727],[-73.90801,40.84967],[-73.90765,40.85086],[-73.90699,40.85037],[-73.90605,40.8514],[-73.90682,40.85181],[-73.9056,40.85315],[-73.90733,40.85382],[-73.90922,40.8518],[-73.90953,40.8519],[-73.91017,40.85198],[-73.91102,40.85191],[-73.91132,40.8518],[-73.91154,40.85169],[-73.91195,40.85135],[-73.91211,40.85109],[-73.91229,40.85061],[-73.91248,40.85038],[-73.91273,40.85017],[-73.91346,40.85002],[-73.91416,40.84997],[-73.9149,40.85021],[-73.91545,40.85049],[-73.91605,40.85004],[-73.91614,40.84888],[-73.91764,40.84773],[-73.91841,40.84833],[-73.91941,40.84763],[-73.91961,40.84758],[-73.92054,40.84689],[-73.92135,40.84718],[-73.9223,40.84741]]]}},{"type":"Feature","properties":{"std_name":"Assembly District 69","std_geoid":"36069","pen":"politicians","std_note":null,"LSAD":"L3"},"geometry":{"type":"Polygon","coordinates":[[[-73.98815,40.79299],[-73.97115,40.81627],[-73.96641,40.81441],[-73.96538,40.81396],[-73.96487,40.81371],[-73.96302,40.81262],[-73.96211,40.81225],[-73.95972,40.81553],[-73.9587,40.81512],[-73.95829,40.81569],[-73.95484,40.81173],[-73.95429,40.81099],[-73.95497,40.81006],[-73.95781,40.81126],[-73.95827,40.81063],[-73.95709,40.81008],[-73.95725,40.8094],[-73.95795,40.80805],[-73.95983,40.80544],[-73.96108,40.8018],[-73.95965,40.80116],[-73.9582,40.80055],[-73.96418,40.79236],[-73.96256,40.79163],[-73.96206,40.79146],[-73.96158,40.79124],[-73.96107,40.79094],[-73.96049,40.79055],[-73.96006,40.79035],[-73.95959,40.79021],[-73.95899,40.79009],[-73.95852,40.78995],[-73.95528,40.78858],[-73.96373,40.77699],[-73.96442,40.77735],[-73.96478,40.77765],[-73.96517,40.7779],[-73.9657,40.77806],[-73.96735,40.77838],[-73.97103,40.77994],[-73.97139,40.78021],[-73.97153,40.78038],[-73.97159,40.78057],[-73.97164,40.78095],[-73.97144,40.78164],[-73.97154,40.78187],[-73.97172,40.78202],[-73.97454,40.78324],[-73.97499,40.78263],[-73.97948,40.78453],[-73.97807,40.78642],[-73.97644,40.78574],[-73.97177,40.79213],[-73.97462,40.79333],[-73.97599,40.79144],[-73.97769,40.79216],[-73.97876,40.79172],[-73.97919,40.79145],[-73.97939,40.79125],[-73.98036,40.78994],[-73.98159,40.79038],[-73.98193,40.79055],[-73.98815,40.79299]]]}},{"type":"Feature","properties":{"std_name":"Assembly District 90","std_geoid":"36090","pen":"politicians","std_note":null,"LSAD":"L3"},"geometry":{"type":"Polygon","coordinates":[[[-73.90042,40.93032],[-73.90028,40.93224],[-73.89962,40.93401],[-73.8996,40.9342],[-73.89968,40.93431],[-73.89961,40.93454],[-73.89907,40.93541],[-73.89901,40.93556],[-73.89804,40.9402],[-73.89759,40.94012],[-73.89662,40.93983],[-73.89549,40.93955],[-73.8945,40.9394],[-73.89347,40.93936],[-73.8926,40.94504],[-73.89251,40.94531],[-73.8913,40.94801],[-73.89105,40.94848],[-73.88975,40.95067],[-73.88927,40.95159],[-73.89061,40.95196],[-73.89094,40.95209],[-73.89017,40.95352],[-73.89088,40.95372],[-73.892,40.95423],[-73.89228,40.95366],[-73.89358,40.95405],[-73.8936,40.95417],[-73.89337,40.95503],[-73.89338,40.95524],[-73.89342,40.9554],[-73.89361,40.95549],[-73.89368,40.95548],[-73.89379,40.95538],[-73.89413,40.95502],[-73.89449,40.95417],[-73.89466,40.95358],[-73.89479,40.95343],[-73.89515,40.95289],[-73.89521,40.95261],[-73.89524,40.95268],[-73.89571,40.95273],[-73.89544,40.95537],[-73.89529,40.95585],[-73.89341,40.95954],[-73.89285,40.96018],[-73.89233,40.96003],[-73.8918,40.96073],[-73.88989,40.96167],[-73.88897,40.96183],[-73.88705,40.96172],[-73.88644,40.96116],[-73.8862,40.96105],[-73.88564,40.96194],[-73.88544,40.96245],[-73.8854,40.96273],[-73.88539,40.96334],[-73.88539,40.96523],[-73.88544,40.96678],[-73.8843,40.97025],[-73.88165,40.97009],[-73.88089,40.96985],[-73.8805,40.96966],[-73.87985,40.96904],[-73.87828,40.96554],[-73.87688,40.96533],[-73.875,40.96598],[-73.87373,40.96667],[-73.87349,40.96675],[-73.87319,40.96674],[-73.87246,40.96648],[-73.87124,40.96648],[-73.87124,40.96741],[-73.8712,40.96771],[-73.87104,40.96839],[-73.87093,40.96866],[-73.87057,40.96939],[-73.86939,40.97125],[-73.86903,40.9719],[-73.86887,40.97226],[-73.86863,40.97292],[-73.86854,40.97355],[-73.86856,40.97429],[-73.86843,40.97428],[-73.86851,40.97575],[-73.8685,40.97656],[-73.86843,40.97722],[-73.86826,40.97809],[-73.86812,40.97857],[-73.8676,40.98007],[-73.84782,40.98298],[-73.8454,40.98334],[-73.84216,40.98388],[-73.83231,40.98535],[-73.82781,40.98592],[-73.82656,40.98611],[-73.81647,40.98738],[-73.81535,40.98762],[-73.81042,40.98834],[-73.8111,40.98698],[-73.81193,40.98617],[-73.81196,40.98561],[-73.81217,40.98519],[-73.81246,40.98473],[-73.8128,40.98439],[-73.81297,40.98428],[-73.81353,40.98411],[-73.81397,40.98393],[-73.81479,40.98356],[-73.81484,40.98349],[-73.81486,40.98301],[-73.815,40.98256],[-73.81458,40.98209],[-73.81436,40.98132],[-73.81438,40.98076],[-73.81436,40.98043],[-73.8139,40.97967],[-73.81376,40.97901],[-73.81347,40.9784],[-73.81343,40.97819],[-73.8135,40.97766],[-73.81347,40.97754],[-73.81312,40.9773],[-73.81299,40.97717],[-73.81324,40.97659],[-73.81393,40.97597],[-73.81428,40.97556],[-73.81456,40.97514],[-73.81475,40.97387],[-73.81482,40.97371],[-73.8152,40.97315],[-73.81523,40.97287],[-73.81532,40.9727],[-73.81572,40.97263],[-73.81575,40.97234],[-73.8157,40.97216],[-73.81565,40.9716],[-73.81568,40.9715],[-73.816,40.97119],[-73.8162,40.97072],[-73.81624,40.97033],[-73.81605,40.97019],[-73.81616,40.9699],[-73.81714,40.96952],[-73.81731,40.96925],[-73.81758,40.96853],[-73.81778,40.96812],[-73.81774,40.96792],[-73.81762,40.9678],[-73.81758,40.9677],[-73.81792,40.96724],[-73.81812,40.96669],[-73.81835,40.96626],[-73.81847,40.96589],[-73.81804,40.9659],[-73.81805,40.9657],[-73.81825,40.96524],[-73.81854,40.96518],[-73.8189,40.96522],[-73.81919,40.96514],[-73.81924,40.9648],[-73.81923,40.96466],[-73.81915,40.96442],[-73.81917,40.96432],[-73.81954,40.96393],[-73.81965,40.96373],[-73.82001,40.9634],[-73.82047,40.96267],[-73.82068,40.96257],[-73.82108,40.96249],[-73.82123,40.96226],[-73.82138,40.96167],[-73.82102,40.96121],[-73.82095,40.9607],[-73.82102,40.96056],[-73.82108,40.9605],[-73.8214,40.96034],[-73.82192,40.96026],[-73.82176,40.95958],[-73.82147,40.95879],[-73.82165,40.95823],[-73.82208,40.95776],[-73.82251,40.95761],[-73.82357,40.95736],[-73.82425,40.9571],[-73.82452,40.95658],[-73.82473,40.95645],[-73.82537,40.95658],[-73.82567,40.95656],[-73.82608,40.95634],[-73.82622,40.9562],[-73.82684,40.95531],[-73.82713,40.95504],[-73.82733,40.95494],[-73.82761,40.95489],[-73.828,40.95492],[-73.82833,40.95491],[-73.82851,40.95481],[-73.82855,40.95473],[-73.82858,40.95452],[-73.82898,40.95365],[-73.82901,40.95333],[-73.82899,40.95257],[-73.82924,40.95139],[-73.82962,40.9511],[-73.82983,40.95099],[-73.82989,40.95098],[-73.83023,40.95119],[-73.83088,40.95175],[-73.83109,40.95181],[-73.83137,40.95182],[-73.8316,40.95156],[-73.83178,40.95141],[-73.83194,40.95133],[-73.83212,40.95132],[-73.8323,40.95142],[-73.83247,40.9516],[-73.83244,40.95166],[-73.83219,40.95181],[-73.83217,40.95187],[-73.83222,40.95205],[-73.83233,40.95214],[-73.83264,40.95216],[-73.83277,40.95188],[-73.83332,40.95138],[-73.83339,40.95114],[-73.8334,40.95045],[-73.83373,40.94881],[-73.83367,40.94863],[-73.83351,40.94849],[-73.83351,40.94809],[-73.83397,40.94766],[-73.834,40.94752],[-73.83392,40.94728],[-73.83379,40.94709],[-73.83344,40.9468],[-73.83349,40.94668],[-73.8336,40.94653],[-73.83373,40.94645],[-73.83453,40.94544],[-73.8347,40.94537],[-73.83529,40.94541],[-73.83557,40.94532],[-73.83611,40.9453],[-73.83642,40.94499],[-73.83662,40.94509],[-73.83687,40.94503],[-73.83708,40.94471],[-73.83709,40.94448],[-73.83739,40.9439],[-73.8375,40.94357],[-73.83746,40.94318],[-73.8375,40.94284],[-73.83764,40.94244],[-73.83778,40.94219],[-73.83799,40.94195],[-73.83852,40.94167],[-73.83866,40.94152],[-73.83863,40.94099],[-73.8386,40.94087],[-73.83822,40.94027],[-73.83817,40.94015],[-73.83815,40.93967],[-73.83806,40.93953],[-73.83796,40.93906],[-73.8377,40.93861],[-73.83771,40.93824],[-73.83782,40.93789],[-73.83789,40.93746],[-73.83782,40.9372],[-73.83768,40.93702],[-73.83746,40.93683],[-73.83701,40.93653],[-73.83601,40.93611],[-73.83527,40.93599],[-73.83478,40.93576],[-73.83465,40.93558],[-73.8347,40.9355],[-73.83463,40.93536],[-73.83495,40.93476],[-73.835,40.93438],[-73.83471,40.93387],[-73.83459,40.93348],[-73.8346,40.93326],[-73.83472,40.93303],[-73.83476,40.9329],[-73.83474,40.93226],[-73.8348,40.93213],[-73.83503,40.93197],[-73.83603,40.93168],[-73.83712,40.93112],[-73.83768,40.93095],[-73.8386,40.92973],[-73.83886,40.92949],[-73.83945,40.92963],[-73.83961,40.92933],[-73.84001,40.92837],[-73.84018,40.92811],[-73.84032,40.92816],[-73.84075,40.9275],[-73.84059,40.92736],[-73.84055,40.92698],[-73.84042,40.9269],[-73.84072,40.92645],[-73.84104,40.92577],[-73.84166,40.92482],[-73.84192,40.92469],[-73.84262,40.92378],[-73.84335,40.92349],[-73.84362,40.92352],[-73.84377,40.9237],[-73.84378,40.92406],[-73.84381,40.92412],[-73.84423,40.92405],[-73.84456,40.92406],[-73.84483,40.92422],[-73.84488,40.9241],[-73.84473,40.92366],[-73.84477,40.92352],[-73.84489,40.92335],[-73.84521,40.92317],[-73.84532,40.923],[-73.84537,40.92269],[-73.84531,40.92258],[-73.84535,40.92239],[-73.84546,40.92223],[-73.84571,40.92203],[-73.84585,40.92182],[-73.84571,40.92171],[-73.84542,40.9217],[-73.84499,40.92181],[-73.84486,40.92171],[-73.84491,40.92155],[-73.84517,40.9213],[-73.84547,40.92117],[-73.84578,40.92117],[-73.84616,40.92113],[-73.84653,40.92133],[-73.84664,40.92125],[-73.84681,40.92103],[-73.84685,40.92075],[-73.84673,40.92056],[-73.84658,40.92049],[-73.84651,40.9203],[-73.84645,40.91989],[-73.84652,40.91971],[-73.84677,40.9193],[-73.84659,40.91898],[-73.8465,40.91868],[-73.84641,40.91855],[-73.84637,40.91841],[-73.84647,40.91811],[-73.84638,40.91783],[-73.84625,40.91761],[-73.847,40.91708],[-73.84766,40.91654],[-73.84782,40.91653],[-73.848,40.91636],[-73.8479,40.91623],[-73.84767,40.91611],[-73.84753,40.91609],[-73.84732,40.91612],[-73.84702,40.91627],[-73.84695,40.91626],[-73.84692,40.91619],[-73.84699,40.91602],[-73.84713,40.91587],[-73.8472,40.91575],[-73.84723,40.9155],[-73.84742,40.91526],[-73.84771,40.91496],[-73.84801,40.91483],[-73.84844,40.91494],[-73.84858,40.91492],[-73.84908,40.91513],[-73.85067,40.91558],[-73.85089,40.91558],[-73.85115,40.91545],[-73.8516,40.91494],[-73.85439,40.91365],[-73.85478,40.91359],[-73.85632,40.91344],[-73.85662,40.91344],[-73.85715,40.91349],[-73.8577,40.91368],[-73.85782,40.9135],[-73.858,40.91334],[-73.85895,40.91286],[-73.86186,40.91114],[-73.86309,40.91051],[-73.86374,40.91029],[-73.86419,40.91016],[-73.86464,40.90989],[-73.86606,40.90837],[-73.86669,40.90725],[-73.86724,40.90586],[-73.8688,40.90628],[-73.86899,40.90637],[-73.86907,40.90645],[-73.87029,40.90796],[-73.87084,40.90858],[-73.87228,40.91035],[-73.8729,40.91118],[-73.87328,40.91145],[-73.87371,40.91159],[-73.87437,40.91175],[-73.87486,40.91202],[-73.87539,40.91238],[-73.87642,40.91147],[-73.87672,40.91117],[-73.87715,40.91064],[-73.8774,40.91024],[-73.87762,40.91032],[-73.87998,40.91075],[-73.87978,40.91136],[-73.87968,40.91195],[-73.88009,40.91213],[-73.88034,40.91219],[-73.88046,40.91218],[-73.88076,40.9121],[-73.88097,40.91195],[-73.88143,40.91145],[-73.88232,40.91194],[-73.88288,40.91204],[-73.88172,40.91609],[-73.88257,40.91623],[-73.88314,40.9162],[-73.8826,40.91846],[-73.88302,40.91855],[-73.88348,40.91856],[-73.88423,40.91879],[-73.88486,40.91883],[-73.885,40.9188],[-73.88555,40.91859],[-73.88673,40.91797],[-73.88702,40.91786],[-73.88731,40.91786],[-73.88861,40.91805],[-73.88882,40.91755],[-73.88922,40.91694],[-73.88956,40.91628],[-73.8896,40.91598],[-73.8896,40.91486],[-73.88979,40.91516],[-73.89,40.91541],[-73.89211,40.91769],[-73.89239,40.91791],[-73.89403,40.91869],[-73.89447,40.91897],[-73.89495,40.91937],[-73.89576,40.92041],[-73.8961,40.92068],[-73.89589,40.92218],[-73.89549,40.92434],[-73.89547,40.92453],[-73.8983,40.92477],[-73.89897,40.92588],[-73.89945,40.92678],[-73.89902,40.92903],[-73.90059,40.92918],[-73.90042,40.93032]]]}},{"type":"Feature","properties":{"std_name":"Assembly District 70","std_geoid":"36070","pen":"politicians","std_note":null,"LSAD":"L3"},"geometry":{"type":"Polygon","coordinates":[[[-73.97115,40.81627],[-73.96787,40.82077],[-73.96348,40.81873],[-73.96207,40.8181],[-73.96157,40.81791],[-73.96091,40.81856],[-73.95995,40.81963],[-73.95892,40.82083],[-73.95841,40.8215],[-73.95752,40.82114],[-73.95734,40.82116],[-73.9561,40.82223],[-73.95582,40.82261],[-73.95532,40.82359],[-73.95483,40.82413],[-73.95276,40.82326],[-73.9523,40.82389],[-73.94808,40.82211],[-73.94622,40.82465],[-73.94384,40.82365],[-73.94515,40.82088],[-73.94351,40.82263],[-73.93957,40.82097],[-73.94048,40.81972],[-73.93764,40.81852],[-73.93623,40.82044],[-73.93412,40.81955],[-73.93382,40.81949],[-73.93233,40.8195],[-73.93226,40.818],[-73.93233,40.81492],[-73.93242,40.81403],[-73.93242,40.81357],[-73.9326,40.81199],[-73.9326,40.81152],[-73.93414,40.8109],[-73.93473,40.8106],[-73.93531,40.81011],[-73.93582,40.8095],[-73.93741,40.81018],[-73.94016,40.80641],[-73.94177,40.80709],[-73.94275,40.80574],[-73.94598,40.8071],[-73.94781,40.80459],[-73.9446,40.80323],[-73.94831,40.79813],[-73.95153,40.79946],[-73.95248,40.79825],[-73.95776,40.80047],[-73.9582,40.80055],[-73.95856,40.8007],[-73.96108,40.8018],[-73.95983,40.80544],[-73.95795,40.80805],[-73.95725,40.8094],[-73.95709,40.81008],[-73.95827,40.81063],[-73.95781,40.81126],[-73.95497,40.81006],[-73.95429,40.81099],[-73.95484,40.81173],[-73.95829,40.81569],[-73.9587,40.81512],[-73.95972,40.81553],[-73.96211,40.81225],[-73.96302,40.81262],[-73.96487,40.81371],[-73.96538,40.81396],[-73.96641,40.81441],[-73.97115,40.81627]]]}},{"type":"Feature","properties":{"std_name":"Assembly District 68","std_geoid":"36068","pen":"politicians","std_note":null,"LSAD":"L3"},"geometry":{"type":"Polygon","coordinates":[[[-73.96418,40.79236],[-73.9582,40.80055],[-73.95776,40.80047],[-73.95248,40.79825],[-73.95153,40.79946],[-73.94831,40.79813],[-73.9446,40.80323],[-73.94781,40.80459],[-73.94598,40.8071],[-73.94275,40.80574],[-73.94177,40.80709],[-73.94016,40.80641],[-73.93741,40.81018],[-73.93582,40.8095],[-73.93531,40.81011],[-73.93473,40.8106],[-73.93414,40.8109],[-73.9326,40.81152],[-73.93263,40.81061],[-73.93257,40.80926],[-73.93248,40.80886],[-73.93211,40.80818],[-73.93117,40.80721],[-73.93041,40.80648],[-73.93035,40.8062],[-73.9284,40.80411],[-73.92753,40.80276],[-73.92725,40.80256],[-73.92656,40.80248],[-73.92508,40.80252],[-73.92407,40.80247],[-73.92363,40.80255],[-73.92302,40.80242],[-73.92234,40.80196],[-73.92174,40.80169],[-73.92162,40.80145],[-73.9212,40.80101],[-73.92105,40.80064],[-73.92073,40.8001],[-73.92036,40.79967],[-73.91986,40.79935],[-73.9191,40.79901],[-73.91881,40.79885],[-73.91631,40.79788],[-73.91575,40.79759],[-73.91446,40.79704],[-73.9139,40.79684],[-73.91362,40.79679],[-73.91246,40.7961],[-73.91067,40.79312],[-73.9103,40.79066],[-73.91113,40.79011],[-73.91125,40.78974],[-73.91162,40.78959],[-73.91177,40.78972],[-73.91208,40.78952],[-73.91195,40.7894],[-73.91207,40.78934],[-73.91223,40.78918],[-73.9126,40.78938],[-73.91424,40.78786],[-73.91559,40.78643],[-73.91526,40.78619],[-73.9154,40.78606],[-73.91575,40.78611],[-73.91683,40.78519],[-73.91718,40.78455],[-73.91717,40.78419],[-73.91724,40.78414],[-73.91774,40.78408],[-73.91819,40.78393],[-73.91909,40.78337],[-73.9221,40.78085],[-73.92263,40.78057],[-73.92296,40.78044],[-73.92319,40.78025],[-73.92423,40.7791],[-73.92482,40.77876],[-73.92557,40.77846],[-73.92632,40.77824],[-73.92828,40.7769],[-73.92861,40.77659],[-73.92988,40.77622],[-73.93063,40.77659],[-73.93107,40.77726],[-73.93105,40.77744],[-73.93179,40.77787],[-73.93272,40.77804],[-73.93278,40.77792],[-73.93391,40.77812],[-73.93441,40.77809],[-73.93729,40.78096],[-73.93761,40.78175],[-73.9436,40.78265],[-73.94376,40.78283],[-73.94405,40.78296],[-73.94434,40.78252],[-73.94444,40.78224],[-73.94447,40.782],[-73.94447,40.78147],[-73.9442,40.78027],[-73.94419,40.78013],[-73.94436,40.77976],[-73.9512,40.78263],[-73.95074,40.78326],[-73.95234,40.78394],[-73.95188,40.78457],[-73.9535,40.78525],[-73.95396,40.78462],[-73.95717,40.78598],[-73.95528,40.78858],[-73.95852,40.78995],[-73.95899,40.79009],[-73.95985,40.79028],[-73.96027,40.79044],[-73.96158,40.79124],[-73.96206,40.79146],[-73.96256,40.79163],[-73.96418,40.79236]]]}},{"type":"Feature","properties":{"std_name":"Assembly District 13","std_geoid":"36013","pen":"politicians","std_note":null,"LSAD":"L3"},"geometry":{"type":"Polygon","coordinates":[[[-73.69445,40.90305],[-73.61289,40.95094],[-73.59067,40.9557],[-73.52777,40.9689],[-73.49957,40.97474],[-73.43192,40.98901],[-73.42945,40.93399],[-73.42925,40.92859],[-73.42965,40.92816],[-73.42988,40.92876],[-73.43015,40.92928],[-73.43069,40.92979],[-73.43148,40.9302],[-73.43205,40.93068],[-73.4326,40.93138],[-73.43332,40.93196],[-73.43429,40.93255],[-73.43673,40.93456],[-73.43757,40.93502],[-73.43824,40.93518],[-73.43939,40.93523],[-73.4408,40.93584],[-73.44216,40.93619],[-73.44325,40.93614],[-73.44394,40.93591],[-73.4453,40.93573],[-73.4462,40.93525],[-73.44726,40.93499],[-73.4488,40.93511],[-73.45033,40.93547],[-73.45121,40.93556],[-73.45305,40.93622],[-73.45568,40.93675],[-73.45709,40.93709],[-73.45924,40.93796],[-73.45984,40.93782],[-73.46062,40.93736],[-73.46111,40.93725],[-73.46252,40.93722],[-73.46437,40.93764],[-73.46775,40.93871],[-73.47092,40.93994],[-73.4736,40.94067],[-73.47638,40.94199],[-73.47834,40.94252],[-73.48067,40.94357],[-73.48414,40.94551],[-73.48498,40.94622],[-73.48462,40.94675],[-73.48462,40.94693],[-73.48495,40.94688],[-73.48673,40.94626],[-73.48818,40.94564],[-73.48848,40.94535],[-73.4886,40.94532],[-73.49002,40.94356],[-73.49104,40.94264],[-73.49167,40.94223],[-73.49282,40.94177],[-73.49318,40.94152],[-73.49369,40.9407],[-73.49369,40.94056],[-73.49378,40.94051],[-73.49402,40.93976],[-73.49336,40.93738],[-73.49441,40.93425],[-73.49504,40.93194],[-73.49579,40.92988],[-73.49603,40.92956],[-73.49639,40.92855],[-73.49678,40.92717],[-73.49702,40.92619],[-73.49713,40.9245],[-73.49741,40.92377],[-73.49737,40.92322],[-73.49713,40.92285],[-73.4955,40.92169],[-73.49284,40.92029],[-73.49097,40.91947],[-73.49061,40.91901],[-73.49061,40.91876],[-73.49031,40.91821],[-73.4897,40.91691],[-73.48901,40.91579],[-73.48846,40.91517],[-73.4881,40.91508],[-73.48798,40.91515],[-73.48813,40.91577],[-73.48786,40.91577],[-73.48744,40.91499],[-73.48704,40.91334],[-73.48695,40.9133],[-73.48571,40.90978],[-73.48447,40.90712],[-73.48371,40.90591],[-73.48356,40.90557],[-73.48269,40.9044],[-73.48187,40.90351],[-73.48024,40.90129],[-73.48018,40.90109],[-73.48003,40.90097],[-73.47988,40.90112],[-73.47967,40.9008],[-73.47847,40.89979],[-73.47731,40.89925],[-73.47608,40.87711],[-73.47987,40.8809],[-73.48361,40.87661],[-73.48717,40.88],[-73.48946,40.87983],[-73.4901,40.87888],[-73.49581,40.8755],[-73.49646,40.8758],[-73.4999,40.87333],[-73.49855,40.87195],[-73.49927,40.87125],[-73.49944,40.87123],[-73.49977,40.87109],[-73.50172,40.87004],[-73.50201,40.86951],[-73.50573,40.87069],[-73.50649,40.87106],[-73.5069,40.87118],[-73.50725,40.87118],[-73.51114,40.87066],[-73.51153,40.87084],[-73.51264,40.87168],[-73.51298,40.87189],[-73.5137,40.87218],[-73.5141,40.87231],[-73.51452,40.87238],[-73.51505,40.87238],[-73.51602,40.87223],[-73.5165,40.87209],[-73.51723,40.8718],[-73.51746,40.87174],[-73.51791,40.87167],[-73.51894,40.87162],[-73.51953,40.87156],[-73.52043,40.87139],[-73.52176,40.87105],[-73.52229,40.87097],[-73.5229,40.871],[-73.52432,40.87117],[-73.52554,40.87138],[-73.5276,40.87199],[-73.53047,40.87259],[-73.53251,40.87342],[-73.53258,40.87382],[-73.53259,40.87409],[-73.53204,40.87497],[-73.53193,40.87521],[-73.53254,40.87529],[-73.53388,40.87528],[-73.53505,40.87533],[-73.53608,40.87534],[-73.53701,40.87579],[-73.53736,40.87538],[-73.53969,40.87542],[-73.54087,40.87549],[-73.5415,40.8756],[-73.5424,40.8759],[-73.5424,40.87605],[-73.54249,40.87634],[-73.54318,40.87729],[-73.54459,40.88139],[-73.54474,40.8817],[-73.54511,40.88225],[-73.54526,40.88242],[-73.54676,40.88366],[-73.54749,40.88436],[-73.54778,40.88473],[-73.54833,40.88575],[-73.54848,40.88625],[-73.54847,40.88674],[-73.54825,40.88752],[-73.5475,40.88915],[-73.54734,40.88977],[-73.54739,40.89015],[-73.54787,40.89132],[-73.54939,40.89428],[-73.5495,40.89467],[-73.54958,40.89515],[-73.54959,40.89535],[-73.54954,40.89568],[-73.549,40.89832],[-73.54888,40.89877],[-73.5486,40.89949],[-73.54843,40.90012],[-73.54842,40.90073],[-73.54846,40.90094],[-73.54864,40.90137],[-73.54869,40.90185],[-73.54864,40.90296],[-73.55797,40.90047],[-73.56682,40.8982],[-73.57199,40.8952],[-73.57211,40.8954],[-73.57247,40.89563],[-73.57347,40.89584],[-73.57359,40.89595],[-73.57281,40.89636],[-73.57232,40.89702],[-73.5722,40.89741],[-73.57226,40.89815],[-73.57295,40.89865],[-73.57347,40.89892],[-73.57368,40.8992],[-73.57383,40.89966],[-73.57362,40.89993],[-73.57304,40.90041],[-73.57307,40.90073],[-73.57331,40.90089],[-73.57576,40.90076],[-73.576,40.90085],[-73.57603,40.90105],[-73.57579,40.90119],[-73.57473,40.90137],[-73.57461,40.90151],[-73.57461,40.90165],[-73.57494,40.90176],[-73.57549,40.90181],[-73.57792,40.90134],[-73.57793,40.90136],[-73.58239,40.90045],[-73.5833,40.90024],[-73.58356,40.90117],[-73.59087,40.90021],[-73.59063,40.89978],[-73.58903,40.89738],[-73.58871,40.89673],[-73.58856,40.89622],[-73.58759,40.89137],[-73.58755,40.89129],[-73.58735,40.89115],[-73.58798,40.89063],[-73.58833,40.89027],[-73.59033,40.88728],[-73.59086,40.88661],[-73.5913,40.88613],[-73.59167,40.8858],[-73.59191,40.88564],[-73.59228,40.8855],[-73.59258,40.88541],[-73.59471,40.88508],[-73.59763,40.88535],[-73.59805,40.88534],[-73.59899,40.88526],[-73.59953,40.88525],[-73.59954,40.88539],[-73.59964,40.88557],[-73.60008,40.88772],[-73.60006,40.88775],[-73.5995,40.88791],[-73.59931,40.88806],[-73.59915,40.88846],[-73.59911,40.88869],[-73.59914,40.88887],[-73.59937,40.88918],[-73.59966,40.88943],[-73.59976,40.88949],[-73.60109,40.88952],[-73.6013,40.88962],[-73.60149,40.88987],[-73.60152,40.89],[-73.60144,40.89011],[-73.60067,40.89062],[-73.60056,40.89074],[-73.60055,40.89139],[-73.60058,40.89147],[-73.6006,40.89149],[-73.6008,40.89152],[-73.60057,40.89223],[-73.60049,40.89284],[-73.6005,40.89312],[-73.60056,40.89349],[-73.60075,40.89415],[-73.60087,40.89449],[-73.60108,40.89494],[-73.60109,40.89509],[-73.60143,40.89544],[-73.60172,40.89556],[-73.60194,40.8956],[-73.60208,40.89556],[-73.6044,40.89477],[-73.60595,40.89459],[-73.60616,40.89432],[-73.60646,40.89403],[-73.60675,40.89381],[-73.60709,40.89362],[-73.61135,40.89236],[-73.61257,40.89197],[-73.61424,40.89133],[-73.6155,40.89072],[-73.61766,40.89026],[-73.61804,40.89022],[-73.61845,40.89029],[-73.61934,40.89052],[-73.61968,40.89056],[-73.61944,40.89025],[-73.61945,40.89017],[-73.6193,40.8899],[-73.61927,40.88905],[-73.61912,40.88867],[-73.61881,40.88812],[-73.6186,40.88734],[-73.61797,40.88636],[-73.61761,40.88494],[-73.61684,40.88281],[-73.61616,40.88026],[-73.61516,40.87827],[-73.61404,40.87658],[-73.61399,40.87559],[-73.61406,40.87528],[-73.61419,40.87498],[-73.61455,40.87478],[-73.6123,40.87378],[-73.60489,40.87063],[-73.59886,40.86799],[-73.59921,40.8678],[-73.59938,40.86762],[-73.59946,40.86744],[-73.59959,40.86694],[-73.60008,40.86627],[-73.6002,40.86601],[-73.60022,40.86574],[-73.60094,40.86577],[-73.60165,40.86587],[-73.60282,40.86589],[-73.60274,40.86535],[-73.60206,40.86469],[-73.60192,40.86446],[-73.60186,40.86425],[-73.6019,40.86379],[-73.60234,40.86366],[-73.60249,40.86353],[-73.60253,40.86335],[-73.60248,40.86296],[-73.60261,40.8627],[-73.60344,40.86259],[-73.60354,40.86253],[-73.60355,40.86245],[-73.60394,40.86255],[-73.60439,40.86255],[-73.60653,40.86238],[-73.6072,40.86225],[-73.60796,40.86219],[-73.60789,40.86171],[-73.60779,40.86129],[-73.60787,40.86073],[-73.60768,40.85985],[-73.6086,40.85977],[-73.6077,40.85641],[-73.60751,40.85593],[-73.60847,40.856],[-73.60823,40.85535],[-73.61133,40.85507],[-73.61137,40.85524],[-73.6119,40.8552],[-73.61212,40.85513],[-73.6128,40.85484],[-73.61454,40.85491],[-73.61447,40.85434],[-73.61417,40.85367],[-73.61893,40.8533],[-73.61927,40.85299],[-73.6192,40.85262],[-73.62021,40.85183],[-73.62154,40.85086],[-73.62267,40.8503],[-73.62547,40.8481],[-73.62677,40.8475],[-73.63139,40.84643],[-73.63571,40.84608],[-73.63544,40.84542],[-73.63537,40.84512],[-73.63538,40.84469],[-73.63542,40.84448],[-73.63565,40.84389],[-73.63571,40.84358],[-73.6357,40.84323],[-73.63558,40.84255],[-73.63549,40.8422],[-73.63481,40.84151],[-73.63456,40.84117],[-73.63443,40.84088],[-73.63408,40.83986],[-73.6338,40.83922],[-73.63265,40.83738],[-73.63221,40.83679],[-73.6315,40.83611],[-73.63138,40.83595],[-73.63076,40.83468],[-73.62986,40.83301],[-73.62981,40.83287],[-73.63451,40.83165],[-73.63878,40.83085],[-73.63843,40.82992],[-73.63832,40.82973],[-73.63809,40.82947],[-73.63738,40.82885],[-73.637,40.82834],[-73.63687,40.82804],[-73.63663,40.8272],[-73.63668,40.82623],[-73.63736,40.82605],[-73.6386,40.82554],[-73.63814,40.82466],[-73.63722,40.82337],[-73.63674,40.82198],[-73.63533,40.82189],[-73.63528,40.82226],[-73.63498,40.82324],[-73.63321,40.82334],[-73.63159,40.8241],[-73.62941,40.82418],[-73.62914,40.82286],[-73.62894,40.82214],[-73.62849,40.82026],[-73.62702,40.82011],[-73.62623,40.82017],[-73.62646,40.81808],[-73.62534,40.8181],[-73.62526,40.81852],[-73.6224,40.81916],[-73.62202,40.81831],[-73.62202,40.81726],[-73.62194,40.81717],[-73.62093,40.81439],[-73.62073,40.81442],[-73.62059,40.81414],[-73.62108,40.81354],[-73.62091,40.81314],[-73.62087,40.81274],[-73.62037,40.81195],[-73.62041,40.8118],[-73.61535,40.81301],[-73.6142,40.81339],[-73.61323,40.81377],[-73.61179,40.81443],[-73.60737,40.81668],[-73.60696,40.81407],[-73.60689,40.8139],[-73.60656,40.81356],[-73.60479,40.81464],[-73.60364,40.81545],[-73.60317,40.81473],[-73.60257,40.81336],[-73.60245,40.81317],[-73.60229,40.81302],[-73.60195,40.81277],[-73.60013,40.81159],[-73.59836,40.81028],[-73.59607,40.80885],[-73.59548,40.80831],[-73.59487,40.80789],[-73.59326,40.80685],[-73.59184,40.80607],[-73.59147,40.80582],[-73.59094,40.80598],[-73.59057,40.80604],[-73.58815,40.8062],[-73.58653,40.80638],[-73.58568,40.8065],[-73.58457,40.8066],[-73.58415,40.8067],[-73.58321,40.80711],[-73.58281,40.80723],[-73.58125,40.80735],[-73.58115,40.80735],[-73.58103,40.80726],[-73.58076,40.80672],[-73.58022,40.80637],[-73.58006,40.80618],[-73.57999,40.80589],[-73.58012,40.80557],[-73.57976,40.80541],[-73.57952,40.80537],[-73.57912,40.80536],[-73.57831,40.80554],[-73.57806,40.80553],[-73.57789,40.80548],[-73.57697,40.8053],[-73.57617,40.8053],[-73.57537,40.8054],[-73.57417,40.8062],[-73.57227,40.8062],[-73.57194,40.80606],[-73.5728,40.80326],[-73.57303,40.80297],[-73.5665,40.79789],[-73.56557,40.79698],[-73.5652,40.79683],[-73.56475,40.79671],[-73.56417,40.79661],[-73.56221,40.79661],[-73.56276,40.79614],[-73.56233,40.79624],[-73.56102,40.79643],[-73.5579,40.79669],[-73.55596,40.79702],[-73.55348,40.79738],[-73.55297,40.79751],[-73.55247,40.79771],[-73.55217,40.79788],[-73.55063,40.79896],[-73.54955,40.79963],[-73.54965,40.79973],[-73.54952,40.7998],[-73.55005,40.80047],[-73.54984,40.80034],[-73.54876,40.79943],[-73.54811,40.799],[-73.54742,40.79863],[-73.54656,40.79828],[-73.54663,40.79814],[-73.54418,40.79733],[-73.54395,40.79722],[-73.54333,40.7968],[-73.54274,40.79623],[-73.54058,40.79314],[-73.5402,40.79263],[-73.53991,40.79232],[-73.53951,40.79197],[-73.53933,40.79207],[-73.53674,40.78976],[-73.53604,40.789],[-73.53538,40.78814],[-73.53362,40.78536],[-73.53154,40.78582],[-73.52908,40.78646],[-73.52686,40.78712],[-73.526,40.78742],[-73.52488,40.78789],[-73.52381,40.7884],[-73.52311,40.78879],[-73.52075,40.79022],[-73.5203,40.79053],[-73.51975,40.79084],[-73.52003,40.79088],[-73.51726,40.79255],[-73.51602,40.79318],[-73.5135,40.79427],[-73.51154,40.79517],[-73.51138,40.79494],[-73.50916,40.79579],[-73.50741,40.79633],[-73.50395,40.79734],[-73.50026,40.79832],[-73.4986,40.79862],[-73.49705,40.79886],[-73.49378,40.79928],[-73.49096,40.79951],[-73.48885,40.79956],[-73.48734,40.79498],[-73.48725,40.79478],[-73.48663,40.79296],[-73.48605,40.79107],[-73.48566,40.78999],[-73.48408,40.78529],[-73.48386,40.78456],[-73.48318,40.78262],[-73.4827,40.78079],[-73.48253,40.77979],[-73.48222,40.77688],[-73.48199,40.77576],[-73.4816,40.7746],[-73.48127,40.7738],[-73.50121,40.7697],[-73.50275,40.76901],[-73.50405,40.76861],[-73.51184,40.76644],[-73.51674,40.76496],[-73.5201,40.76405],[-73.52351,40.76303],[-73.52726,40.76198],[-73.53139,40.76087],[-73.53712,40.75937],[-73.5378,40.75923],[-73.53982,40.75874],[-73.54031,40.75867],[-73.54104,40.75845],[-73.54444,40.75766],[-73.55476,40.75565],[-73.55984,40.75457],[-73.56281,40.7537],[-73.56544,40.75287],[-73.56945,40.75143],[-73.57012,40.75124],[-73.5716,40.75093],[-73.57453,40.75047],[-73.57702,40.75002],[-73.58098,40.74925],[-73.58575,40.74809],[-73.5877,40.74755],[-73.58856,40.74736],[-73.58904,40.74731],[-73.5913,40.74731],[-73.59255,40.74723],[-73.59304,40.74716],[-73.59874,40.74597],[-73.60013,40.74572],[-73.60014,40.7469],[-73.60008,40.74726],[-73.60016,40.74756],[-73.60028,40.74784],[-73.6007,40.74838],[-73.60131,40.74966],[-73.60097,40.74986],[-73.60141,40.74987],[-73.60233,40.75238],[-73.60335,40.75494],[-73.60402,40.75676],[-73.60455,40.75805],[-73.60472,40.75827],[-73.60488,40.75898],[-73.6055,40.76252],[-73.60689,40.76226],[-73.61067,40.76132],[-73.61195,40.76092],[-73.61326,40.76048],[-73.6146,40.75991],[-73.61637,40.75908],[-73.61707,40.75874],[-73.61786,40.75826],[-73.61964,40.7573],[-73.6197,40.7574],[-73.62127,40.75661],[-73.62187,40.75711],[-73.6228,40.75799],[-73.62301,40.75831],[-73.62325,40.75875],[-73.62481,40.76236],[-73.62496,40.76282],[-73.62514,40.76354],[-73.62532,40.76473],[-73.62562,40.76904],[-73.6257,40.76982],[-73.62576,40.77083],[-73.62578,40.77204],[-73.62573,40.77315],[-73.62561,40.77409],[-73.62514,40.7765],[-73.62513,40.77685],[-73.62518,40.7772],[-73.62525,40.77743],[-73.62543,40.77783],[-73.62557,40.77807],[-73.62483,40.77799],[-73.62412,40.77804],[-73.62347,40.78111],[-73.62419,40.7811],[-73.62427,40.7817],[-73.62327,40.78206],[-73.62302,40.78321],[-73.62472,40.78345],[-73.62817,40.7842],[-73.62964,40.78442],[-73.63123,40.78451],[-73.63306,40.7844],[-73.63436,40.78436],[-73.63542,40.79009],[-73.63482,40.79002],[-73.63484,40.7903],[-73.63475,40.79265],[-73.63473,40.79282],[-73.63447,40.79346],[-73.63442,40.79366],[-73.63442,40.79442],[-73.63736,40.79415],[-73.63742,40.79463],[-73.64069,40.79431],[-73.64089,40.79425],[-73.64101,40.79417],[-73.64221,40.79299],[-73.6424,40.79312],[-73.64304,40.79343],[-73.64387,40.79374],[-73.64477,40.79414],[-73.64607,40.79458],[-73.64664,40.79484],[-73.64682,40.79498],[-73.64856,40.79681],[-73.64877,40.79712],[-73.64906,40.79769],[-73.64926,40.79792],[-73.64991,40.79857],[-73.65029,40.79909],[-73.6505,40.79944],[-73.65006,40.80009],[-73.64999,40.80016],[-73.64938,40.80037],[-73.64965,40.80084],[-73.64969,40.80173],[-73.64938,40.80189],[-73.64947,40.80216],[-73.64963,40.80225],[-73.65029,40.80235],[-73.65086,40.80331],[-73.6509,40.80378],[-73.65167,40.80369],[-73.65176,40.80381],[-73.65249,40.80413],[-73.65285,40.80454],[-73.65291,40.805],[-73.65303,40.80509],[-73.65336,40.80628],[-73.65325,40.80644],[-73.65164,40.80772],[-73.65042,40.81145],[-73.65007,40.81484],[-73.64967,40.8214],[-73.65057,40.8252],[-73.65206,40.8276],[-73.6522,40.82801],[-73.65253,40.82872],[-73.65597,40.8345],[-73.66217,40.8455],[-73.67107,40.8593],[-73.676,40.86657],[-73.69445,40.90305]]]}},{"type":"Feature","properties":{"std_name":"Assembly District 16","std_geoid":"36016","pen":"politicians","std_note":null,"LSAD":"L3"},"geometry":{"type":"Polygon","coordinates":[[[-73.78019,40.8264],[-73.7578,40.84568],[-73.748,40.87187],[-73.69445,40.90305],[-73.676,40.86657],[-73.67107,40.8593],[-73.66217,40.8455],[-73.65597,40.8345],[-73.65253,40.82872],[-73.6522,40.82801],[-73.65206,40.8276],[-73.65057,40.8252],[-73.64967,40.8214],[-73.65007,40.81484],[-73.65042,40.81145],[-73.65164,40.80772],[-73.65325,40.80644],[-73.65336,40.80628],[-73.65303,40.80509],[-73.65291,40.805],[-73.65285,40.80454],[-73.65249,40.80413],[-73.65176,40.80381],[-73.65167,40.80369],[-73.6509,40.80378],[-73.65086,40.80331],[-73.65029,40.80235],[-73.64963,40.80225],[-73.64947,40.80216],[-73.64938,40.80189],[-73.64969,40.80173],[-73.64965,40.80084],[-73.64938,40.80037],[-73.64999,40.80016],[-73.65006,40.80009],[-73.6505,40.79944],[-73.65,40.79867],[-73.64906,40.79769],[-73.64877,40.79712],[-73.64856,40.79681],[-73.64682,40.79498],[-73.64664,40.79484],[-73.64607,40.79458],[-73.64477,40.79414],[-73.64387,40.79374],[-73.64304,40.79343],[-73.6424,40.79312],[-73.64221,40.79299],[-73.64101,40.79417],[-73.64089,40.79425],[-73.64069,40.79431],[-73.63742,40.79463],[-73.63736,40.79415],[-73.63442,40.79442],[-73.63442,40.79366],[-73.63447,40.79346],[-73.63473,40.79282],[-73.63475,40.79265],[-73.63484,40.7903],[-73.63482,40.79002],[-73.63542,40.79009],[-73.63436,40.78436],[-73.63306,40.7844],[-73.63123,40.78451],[-73.62964,40.78442],[-73.62817,40.7842],[-73.62472,40.78345],[-73.62302,40.78321],[-73.62327,40.78206],[-73.62427,40.7817],[-73.62419,40.7811],[-73.62347,40.78111],[-73.62412,40.77804],[-73.62483,40.77799],[-73.62557,40.77807],[-73.62543,40.77783],[-73.62518,40.7772],[-73.62513,40.77685],[-73.62514,40.7765],[-73.62561,40.77409],[-73.62573,40.77315],[-73.62578,40.77218],[-73.63089,40.77227],[-73.63671,40.77162],[-73.64762,40.7702],[-73.6485,40.77007],[-73.64817,40.76899],[-73.65132,40.7686],[-73.65076,40.76596],[-73.64987,40.76607],[-73.64941,40.76606],[-73.64896,40.76611],[-73.64857,40.76455],[-73.64942,40.76421],[-73.65098,40.763],[-73.65499,40.7629],[-73.65516,40.76287],[-73.65511,40.76216],[-73.65494,40.76218],[-73.65494,40.76199],[-73.65431,40.76206],[-73.65425,40.76181],[-73.65386,40.75933],[-73.65346,40.75709],[-73.65376,40.75706],[-73.65359,40.75703],[-73.65345,40.75657],[-73.65389,40.75652],[-73.65371,40.75581],[-73.65359,40.75576],[-73.65321,40.75403],[-73.65464,40.75382],[-73.6579,40.75321],[-73.65741,40.75057],[-73.6574,40.75011],[-73.65747,40.74912],[-73.65787,40.7471],[-73.65791,40.74655],[-73.6579,40.74632],[-73.65755,40.7445],[-73.65749,40.74429],[-73.65724,40.7438],[-73.65766,40.74363],[-73.65986,40.74257],[-73.66112,40.74277],[-73.66157,40.74289],[-73.66197,40.74306],[-73.66347,40.74379],[-73.66603,40.74527],[-73.66678,40.74575],[-73.66923,40.74748],[-73.67021,40.74828],[-73.6704,40.74849],[-73.67082,40.74907],[-73.67314,40.75048],[-73.67457,40.75138],[-73.67622,40.75233],[-73.67755,40.75318],[-73.68003,40.75467],[-73.68073,40.75475],[-73.68098,40.75488],[-73.68142,40.75497],[-73.68237,40.75505],[-73.68614,40.75498],[-73.68708,40.7549],[-73.68778,40.75479],[-73.689,40.75465],[-73.68913,40.75433],[-73.68958,40.75365],[-73.69045,40.75288],[-73.69066,40.75209],[-73.69055,40.75195],[-73.6904,40.75153],[-73.69039,40.75134],[-73.6905,40.7504],[-73.69057,40.75017],[-73.69052,40.75004],[-73.69049,40.74963],[-73.68888,40.74999],[-73.68805,40.74771],[-73.68802,40.74725],[-73.68787,40.74711],[-73.68764,40.74704],[-73.68749,40.74689],[-73.68535,40.74816],[-73.6842,40.74488],[-73.68417,40.74481],[-73.68437,40.7448],[-73.68346,40.74228],[-73.68295,40.74094],[-73.68282,40.74099],[-73.68236,40.73966],[-73.68201,40.73903],[-73.6813,40.73703],[-73.68462,40.73633],[-73.68455,40.73616],[-73.68862,40.73519],[-73.69202,40.73409],[-73.69538,40.73257],[-73.70034,40.73895],[-73.70051,40.73906],[-73.70038,40.73919],[-73.70017,40.73954],[-73.70036,40.74103],[-73.70077,40.74501],[-73.70143,40.75066],[-73.70154,40.75192],[-73.70163,40.75249],[-73.70274,40.75325],[-73.70527,40.75477],[-73.70782,40.75622],[-73.71245,40.75924],[-73.7135,40.75983],[-73.71607,40.76146],[-73.72058,40.7642],[-73.7251,40.76699],[-73.72605,40.76753],[-73.72952,40.76973],[-73.73635,40.77391],[-73.73762,40.77474],[-73.73781,40.77481],[-73.73943,40.77582],[-73.73954,40.77581],[-73.73933,40.77596],[-73.73938,40.77601],[-73.74008,40.77621],[-73.74076,40.77669],[-73.74153,40.77711],[-73.74342,40.77822],[-73.74421,40.77871],[-73.74637,40.78012],[-73.75029,40.78248],[-73.75082,40.78289],[-73.7571,40.78969],[-73.76371,40.7938],[-73.77896,40.81171],[-73.78019,40.8264]]]}},{"type":"Feature","properties":{"std_name":"Assembly District 80","std_geoid":"36080","pen":"politicians","std_note":null,"LSAD":"L3"},"geometry":{"type":"Polygon","coordinates":[[[-73.88966,40.87698],[-73.88911,40.87842],[-73.8872,40.88006],[-73.88594,40.88048],[-73.88701,40.88247],[-73.88697,40.88281],[-73.88705,40.88436],[-73.88675,40.88432],[-73.88517,40.88363],[-73.88438,40.88325],[-73.88411,40.88318],[-73.88386,40.88315],[-73.88351,40.88318],[-73.88292,40.88338],[-73.88267,40.88338],[-73.88248,40.88333],[-73.88124,40.88271],[-73.88046,40.88222],[-73.88137,40.88136],[-73.88206,40.87914],[-73.88144,40.87819],[-73.88053,40.87801],[-73.88069,40.87754],[-73.88073,40.87712],[-73.88065,40.87648],[-73.88028,40.8767],[-73.88002,40.87681],[-73.87973,40.87687],[-73.87956,40.87573],[-73.87649,40.8755],[-73.87559,40.87525],[-73.87445,40.87679],[-73.87527,40.87714],[-73.87473,40.8779],[-73.87439,40.87906],[-73.87348,40.87886],[-73.8716,40.87865],[-73.87094,40.87851],[-73.86687,40.87751],[-73.8671,40.87717],[-73.86701,40.87613],[-73.86705,40.87522],[-73.86813,40.8753],[-73.86821,40.87324],[-73.8663,40.87321],[-73.86611,40.87339],[-73.86594,40.87349],[-73.86561,40.87351],[-73.86535,40.87339],[-73.86511,40.87312],[-73.86492,40.87298],[-73.86468,40.87287],[-73.86431,40.8728],[-73.8641,40.87267],[-73.86395,40.8725],[-73.86387,40.8723],[-73.86318,40.87217],[-73.86333,40.87138],[-73.86339,40.86964],[-73.85666,40.86952],[-73.85672,40.8677],[-73.84903,40.86755],[-73.84897,40.86937],[-73.84744,40.86934],[-73.84641,40.87056],[-73.84517,40.86991],[-73.84614,40.86879],[-73.84617,40.8675],[-73.84321,40.86744],[-73.84284,40.86749],[-73.84122,40.86786],[-73.83591,40.86508],[-73.8316,40.86263],[-73.82959,40.86217],[-73.82837,40.86095],[-73.83033,40.85855],[-73.83143,40.85729],[-73.83199,40.85674],[-73.83282,40.85612],[-73.83309,40.85614],[-73.83441,40.85643],[-73.83525,40.85649],[-73.83779,40.8569],[-73.83819,40.85647],[-73.83867,40.8564],[-73.83975,40.85597],[-73.84046,40.85563],[-73.8414,40.85502],[-73.84205,40.85444],[-73.84249,40.85398],[-73.84293,40.85342],[-73.84436,40.85112],[-73.84445,40.85124],[-73.8467,40.85124],[-73.84722,40.85115],[-73.8473,40.85109],[-73.84969,40.85106],[-73.85944,40.84666],[-73.85865,40.84529],[-73.85748,40.84379],[-73.85732,40.8437],[-73.85686,40.84353],[-73.8543,40.84267],[-73.85334,40.84247],[-73.86176,40.84151],[-73.86358,40.84128],[-73.86547,40.84086],[-73.86741,40.84031],[-73.86831,40.84],[-73.86921,40.8396],[-73.86933,40.83957],[-73.86972,40.83975],[-73.8713,40.84121],[-73.87225,40.8416],[-73.87131,40.84563],[-73.87122,40.84714],[-73.87119,40.84998],[-73.87128,40.85154],[-73.87136,40.85221],[-73.87176,40.85411],[-73.87128,40.85425],[-73.87098,40.8544],[-73.87044,40.8548],[-73.86982,40.85548],[-73.86993,40.85586],[-73.86989,40.85597],[-73.86933,40.85665],[-73.86863,40.85661],[-73.86764,40.85662],[-73.86759,40.85783],[-73.86759,40.85899],[-73.86752,40.85957],[-73.86749,40.86135],[-73.87058,40.8614],[-73.87046,40.86327],[-73.87042,40.86536],[-73.87085,40.86537],[-73.87102,40.86543],[-73.87137,40.86563],[-73.87197,40.86615],[-73.87365,40.86672],[-73.87432,40.86686],[-73.87509,40.86619],[-73.87393,40.86307],[-73.87662,40.85985],[-73.87676,40.85816],[-73.87677,40.85551],[-73.87712,40.85547],[-73.8774,40.85549],[-73.87779,40.85556],[-73.87869,40.85601],[-73.87999,40.85678],[-73.88081,40.85719],[-73.88098,40.85784],[-73.88101,40.85824],[-73.88096,40.8586],[-73.88073,40.85968],[-73.88052,40.86035],[-73.88051,40.86061],[-73.88066,40.86101],[-73.8809,40.86129],[-73.88235,40.86245],[-73.88384,40.86424],[-73.88396,40.86445],[-73.884,40.86467],[-73.88399,40.86482],[-73.88393,40.86495],[-73.88478,40.86565],[-73.88308,40.86659],[-73.88129,40.8675],[-73.87986,40.86827],[-73.8807,40.86982],[-73.88091,40.87049],[-73.88139,40.87121],[-73.88175,40.87235],[-73.8823,40.87367],[-73.88268,40.87474],[-73.8832,40.8765],[-73.88383,40.87678],[-73.88515,40.87729],[-73.88528,40.87743],[-73.88533,40.87734],[-73.88554,40.8774],[-73.88575,40.8774],[-73.88774,40.87703],[-73.88807,40.87627],[-73.88966,40.87698]]]}},{"type":"Feature","properties":{"std_name":"Assembly District 72","std_geoid":"36072","pen":"politicians","std_note":null,"LSAD":"L3"},"geometry":{"type":"Polygon","coordinates":[[[-73.94397,40.83531],[-73.93933,40.84168],[-73.93918,40.84322],[-73.93903,40.84394],[-73.93868,40.84544],[-73.93797,40.84771],[-73.93767,40.84839],[-73.9364,40.84954],[-73.93575,40.85017],[-73.93666,40.85045],[-73.93463,40.8545],[-73.93427,40.85558],[-73.93341,40.85732],[-73.93228,40.85945],[-73.93218,40.85952],[-73.93205,40.85954],[-73.93131,40.85933],[-73.93121,40.85966],[-73.93077,40.86064],[-73.93017,40.86165],[-73.93008,40.86187],[-73.93,40.8621],[-73.92994,40.86255],[-73.93002,40.86298],[-73.93,40.86341],[-73.92988,40.86365],[-73.92965,40.86398],[-73.92936,40.86428],[-73.9289,40.86464],[-73.92727,40.86554],[-73.925,40.86634],[-73.92592,40.86777],[-73.92197,40.86922],[-73.92133,40.86957],[-73.91926,40.87101],[-73.9197,40.87206],[-73.91846,40.87302],[-73.91884,40.87322],[-73.91771,40.8746],[-73.91686,40.87469],[-73.91487,40.87441],[-73.91294,40.87391],[-73.91149,40.87333],[-73.91053,40.87407],[-73.9152,40.87558],[-73.91491,40.87658],[-73.91221,40.87818],[-73.91141,40.87928],[-73.9095,40.87888],[-73.90919,40.87817],[-73.90868,40.87776],[-73.90801,40.87748],[-73.90765,40.87693],[-73.90711,40.87628],[-73.907,40.87345],[-73.9071,40.87298],[-73.9079,40.87268],[-73.9086,40.87168],[-73.9091,40.87168],[-73.9092,40.86978],[-73.9098,40.86828],[-73.91085,40.86653],[-73.91434,40.86252],[-73.91821,40.85868],[-73.92001,40.85668],[-73.92122,40.85469],[-73.92163,40.85397],[-73.9222,40.85311],[-73.92271,40.85248],[-73.9239,40.85049],[-73.9273,40.84656],[-73.92811,40.84558],[-73.92901,40.84408],[-73.9295,40.84238],[-73.92969,40.84219],[-73.92958,40.84205],[-73.92973,40.84185],[-73.93037,40.84065],[-73.93041,40.84028],[-73.93061,40.83968],[-73.93301,40.83568],[-73.9347,40.83563],[-73.9344,40.83605],[-73.93498,40.8357],[-73.93506,40.83568],[-73.93838,40.83311],[-73.93868,40.8328],[-73.93891,40.83248],[-73.93915,40.83208],[-73.93938,40.83154],[-73.93959,40.83127],[-73.93991,40.83093],[-73.94008,40.83046],[-73.94017,40.83038],[-73.94035,40.83046],[-73.94037,40.83147],[-73.94031,40.83171],[-73.93968,40.83268],[-73.93956,40.83291],[-73.93938,40.83311],[-73.93915,40.83328],[-73.94397,40.83531]]]}},{"type":"Feature","properties":{"std_name":"Assembly District 78","std_geoid":"36078","pen":"politicians","std_note":null,"LSAD":"L3"},"geometry":{"type":"Polygon","coordinates":[[[-73.90911,40.86355],[-73.90903,40.86422],[-73.90883,40.86485],[-73.90849,40.86534],[-73.90853,40.86654],[-73.90837,40.86725],[-73.90793,40.86845],[-73.90769,40.86897],[-73.90722,40.86885],[-73.90632,40.86957],[-73.906,40.86987],[-73.90559,40.87013],[-73.90506,40.87031],[-73.9044,40.87035],[-73.90448,40.87057],[-73.90449,40.87084],[-73.90444,40.87158],[-73.90444,40.87218],[-73.90446,40.87242],[-73.9045,40.87253],[-73.90466,40.87264],[-73.90571,40.87314],[-73.90471,40.87462],[-73.90175,40.87367],[-73.90215,40.8725],[-73.89909,40.87197],[-73.8993,40.87124],[-73.89828,40.87105],[-73.89779,40.87086],[-73.89213,40.87806],[-73.88807,40.87627],[-73.88774,40.87703],[-73.88575,40.8774],[-73.88554,40.8774],[-73.88533,40.87734],[-73.88528,40.87743],[-73.88515,40.87729],[-73.88383,40.87678],[-73.8832,40.8765],[-73.88268,40.87474],[-73.8823,40.87367],[-73.88175,40.87235],[-73.88139,40.87121],[-73.88091,40.87049],[-73.8807,40.86982],[-73.87986,40.86827],[-73.88129,40.8675],[-73.88308,40.86659],[-73.88478,40.86565],[-73.88393,40.86495],[-73.88399,40.86482],[-73.884,40.86467],[-73.88396,40.86445],[-73.88384,40.86424],[-73.88235,40.86245],[-73.8809,40.86129],[-73.88066,40.86101],[-73.88051,40.86061],[-73.88052,40.86035],[-73.88073,40.85968],[-73.88096,40.8586],[-73.88101,40.85824],[-73.88098,40.85784],[-73.88081,40.85719],[-73.87999,40.85678],[-73.87869,40.85601],[-73.87779,40.85556],[-73.8774,40.85549],[-73.87712,40.85547],[-73.87677,40.85551],[-73.87676,40.85816],[-73.87662,40.85985],[-73.87393,40.86307],[-73.87509,40.86619],[-73.87432,40.86686],[-73.87365,40.86672],[-73.87197,40.86615],[-73.87137,40.86563],[-73.87102,40.86543],[-73.87085,40.86537],[-73.87042,40.86536],[-73.87046,40.86327],[-73.87058,40.8614],[-73.86749,40.86135],[-73.86752,40.85957],[-73.86759,40.85899],[-73.86759,40.85783],[-73.86764,40.85662],[-73.86863,40.85661],[-73.86933,40.85665],[-73.86989,40.85597],[-73.86993,40.85586],[-73.86982,40.85548],[-73.87061,40.85465],[-73.87098,40.8544],[-73.87128,40.85425],[-73.87194,40.85404],[-73.87235,40.85381],[-73.87332,40.85344],[-73.87368,40.85325],[-73.87406,40.85298],[-73.8745,40.85258],[-73.87523,40.8512],[-73.87525,40.85111],[-73.87528,40.85091],[-73.87526,40.85068],[-73.8751,40.85028],[-73.87529,40.84831],[-73.87617,40.84658],[-73.87634,40.84616],[-73.87646,40.84569],[-73.87652,40.84529],[-73.87731,40.84401],[-73.88284,40.84782],[-73.88278,40.84807],[-73.88311,40.84827],[-73.8833,40.84745],[-73.88344,40.84715],[-73.88447,40.84598],[-73.89046,40.84893],[-73.88895,40.85144],[-73.88988,40.85207],[-73.89048,40.85229],[-73.89174,40.85167],[-73.8928,40.8511],[-73.89432,40.85189],[-73.8918,40.85461],[-73.8925,40.85498],[-73.89443,40.85579],[-73.89192,40.85925],[-73.89463,40.86055],[-73.89756,40.8613],[-73.8969,40.8625],[-73.89707,40.86253],[-73.89839,40.86234],[-73.89683,40.86467],[-73.896,40.86583],[-73.89798,40.86673],[-73.90108,40.86276],[-73.90157,40.86281],[-73.90257,40.8627],[-73.90821,40.86283],[-73.90861,40.8628],[-73.90904,40.86268],[-73.9091,40.863],[-73.90911,40.86355]]]}},{"type":"Feature","properties":{"std_name":"Assembly District 34","std_geoid":"36034","pen":"politicians","std_note":null,"LSAD":"L3"},"geometry":{"type":"Polygon","coordinates":[[[-73.91845,40.77445],[-73.91592,40.77652],[-73.91661,40.77701],[-73.91221,40.78061],[-73.9129,40.78109],[-73.91073,40.78285],[-73.91534,40.78612],[-73.91526,40.78619],[-73.91559,40.78643],[-73.91424,40.78786],[-73.9126,40.78938],[-73.91223,40.78918],[-73.91207,40.78934],[-73.91195,40.7894],[-73.91208,40.78952],[-73.91177,40.78972],[-73.91162,40.78959],[-73.91125,40.78974],[-73.91113,40.79011],[-73.9103,40.79066],[-73.91067,40.79312],[-73.91246,40.7961],[-73.89987,40.79245],[-73.89218,40.79039],[-73.89197,40.79024],[-73.89177,40.79022],[-73.89161,40.79016],[-73.89141,40.79019],[-73.89116,40.79017],[-73.89092,40.79023],[-73.8908,40.79021],[-73.89057,40.79011],[-73.8903,40.78988],[-73.89013,40.78964],[-73.88989,40.78901],[-73.8898,40.78865],[-73.88961,40.7882],[-73.8894,40.78779],[-73.88905,40.78737],[-73.88856,40.78716],[-73.88831,40.78701],[-73.8877,40.78687],[-73.88728,40.78681],[-73.88715,40.78683],[-73.88692,40.78673],[-73.88613,40.78671],[-73.88596,40.78675],[-73.88577,40.78668],[-73.8853,40.78668],[-73.88943,40.78057],[-73.88885,40.77974],[-73.88908,40.77357],[-73.88942,40.77305],[-73.89289,40.77381],[-73.89418,40.77275],[-73.89309,40.76678],[-73.89116,40.76661],[-73.89067,40.76664],[-73.89047,40.76651],[-73.88905,40.76663],[-73.89037,40.76642],[-73.89109,40.76634],[-73.8909,40.76586],[-73.89191,40.76571],[-73.89167,40.76439],[-73.88706,40.76487],[-73.88673,40.76305],[-73.88022,40.76373],[-73.88001,40.76381],[-73.87926,40.76369],[-73.87895,40.76198],[-73.875,40.76126],[-73.87451,40.75859],[-73.87441,40.75822],[-73.87366,40.7568],[-73.87222,40.75694],[-73.87189,40.75511],[-73.87008,40.7553],[-73.86975,40.75347],[-73.86908,40.75203],[-73.8654,40.75301],[-73.86399,40.75041],[-73.8631,40.75067],[-73.86273,40.74987],[-73.86315,40.74861],[-73.86844,40.74703],[-73.86853,40.74759],[-73.87037,40.74699],[-73.87192,40.74678],[-73.87196,40.74698],[-73.87398,40.74786],[-73.8749,40.74667],[-73.87679,40.74751],[-73.87716,40.74686],[-73.87889,40.74764],[-73.87936,40.74703],[-73.8813,40.74791],[-73.88114,40.74793],[-73.88225,40.75402],[-73.89154,40.75305],[-73.89226,40.75699],[-73.89598,40.75661],[-73.89626,40.75816],[-73.90737,40.75699],[-73.90783,40.757],[-73.90847,40.75529],[-73.90901,40.75428],[-73.90945,40.75373],[-73.91023,40.75298],[-73.91045,40.75296],[-73.91067,40.75299],[-73.91354,40.75347],[-73.91447,40.75366],[-73.91651,40.75389],[-73.91421,40.75672],[-73.91501,40.7571],[-73.91379,40.7586],[-73.91465,40.76001],[-73.9147,40.76019],[-73.91629,40.76094],[-73.90998,40.7687],[-73.91094,40.76885],[-73.91024,40.76943],[-73.91167,40.76964],[-73.91203,40.76995],[-73.91289,40.77052],[-73.91845,40.77445]]]}},{"type":"Feature","properties":{"std_name":"Assembly District 71","std_geoid":"36071","pen":"politicians","std_note":null,"LSAD":"L3"},"geometry":{"type":"Polygon","coordinates":[[[-73.96787,40.82077],[-73.96358,40.82664],[-73.95283,40.85111],[-73.93379,40.88221],[-73.9245,40.87897],[-73.9226,40.87878],[-73.92163,40.87832],[-73.91981,40.87658],[-73.9152,40.87558],[-73.91053,40.87407],[-73.91149,40.87333],[-73.91294,40.87391],[-73.91487,40.87441],[-73.91686,40.87469],[-73.91771,40.8746],[-73.91884,40.87322],[-73.91846,40.87302],[-73.9197,40.87206],[-73.91926,40.87101],[-73.92133,40.86957],[-73.92197,40.86922],[-73.92592,40.86777],[-73.925,40.86634],[-73.92727,40.86554],[-73.9289,40.86464],[-73.92926,40.86438],[-73.92956,40.86408],[-73.92981,40.86376],[-73.93,40.86341],[-73.93002,40.86298],[-73.92994,40.86255],[-73.93,40.8621],[-73.93008,40.86187],[-73.93017,40.86165],[-73.93077,40.86064],[-73.93121,40.85966],[-73.93131,40.85933],[-73.93205,40.85954],[-73.93218,40.85952],[-73.93228,40.85945],[-73.93341,40.85732],[-73.93427,40.85558],[-73.93463,40.8545],[-73.93666,40.85045],[-73.93575,40.85017],[-73.9364,40.84954],[-73.93767,40.84839],[-73.93797,40.84771],[-73.93868,40.84544],[-73.93903,40.84394],[-73.93918,40.84322],[-73.93933,40.84168],[-73.94397,40.83531],[-73.93915,40.83328],[-73.93938,40.83311],[-73.93956,40.83291],[-73.93968,40.83268],[-73.94031,40.83171],[-73.94037,40.83147],[-73.94035,40.83046],[-73.94017,40.83038],[-73.94008,40.83046],[-73.93991,40.83093],[-73.93959,40.83127],[-73.93938,40.83154],[-73.93915,40.83208],[-73.93891,40.83248],[-73.93868,40.8328],[-73.93838,40.83311],[-73.93506,40.83568],[-73.93498,40.8357],[-73.9344,40.83605],[-73.9347,40.83563],[-73.93301,40.83568],[-73.93346,40.83318],[-73.93342,40.83138],[-73.93326,40.8295],[-73.93306,40.8282],[-73.93264,40.82436],[-73.9324,40.82119],[-73.93233,40.8195],[-73.93382,40.81949],[-73.93412,40.81955],[-73.93623,40.82044],[-73.93764,40.81852],[-73.94048,40.81972],[-73.93957,40.82097],[-73.94351,40.82263],[-73.94515,40.82088],[-73.94384,40.82365],[-73.94622,40.82465],[-73.94808,40.82211],[-73.9523,40.82389],[-73.95276,40.82326],[-73.95483,40.82413],[-73.95532,40.82359],[-73.95582,40.82261],[-73.9561,40.82223],[-73.95734,40.82116],[-73.95752,40.82114],[-73.95841,40.8215],[-73.95892,40.82083],[-73.95995,40.81963],[-73.96091,40.81856],[-73.96157,40.81791],[-73.96207,40.8181],[-73.96348,40.81873],[-73.96787,40.82077]]]}},{"type":"Feature","properties":{"std_name":"Assembly District 83","std_geoid":"36083","pen":"politicians","std_note":null,"LSAD":"L3"},"geometry":{"type":"Polygon","coordinates":[[[-73.86931,40.87843],[-73.86922,40.87852],[-73.86885,40.87859],[-73.86598,40.88439],[-73.86615,40.88464],[-73.86625,40.88493],[-73.86626,40.88523],[-73.86622,40.88544],[-73.8646,40.8883],[-73.86386,40.88975],[-73.86265,40.89182],[-73.86179,40.89155],[-73.8614,40.89225],[-73.85852,40.89134],[-73.85737,40.89339],[-73.85566,40.89285],[-73.85443,40.89507],[-73.85326,40.8947],[-73.85168,40.89757],[-73.85005,40.89962],[-73.84909,40.89964],[-73.84822,40.89983],[-73.84742,40.90027],[-73.84694,40.90152],[-73.8468,40.90155],[-73.84658,40.90315],[-73.84799,40.90325],[-73.84782,40.90455],[-73.84709,40.90614],[-73.84585,40.90576],[-73.84495,40.90556],[-73.8449,40.90508],[-73.84495,40.90471],[-73.84491,40.90419],[-73.84139,40.90417],[-73.84105,40.90316],[-73.84087,40.90198],[-73.84079,40.90169],[-73.84056,40.90128],[-73.83936,40.89971],[-73.83919,40.89936],[-73.83915,40.89906],[-73.83921,40.89882],[-73.83965,40.89789],[-73.83972,40.89769],[-73.83972,40.89751],[-73.83961,40.89714],[-73.83941,40.89669],[-73.83841,40.89406],[-73.83628,40.89353],[-73.83517,40.89317],[-73.8325,40.89238],[-73.8317,40.89218],[-73.83082,40.89188],[-73.83002,40.89169],[-73.82872,40.89127],[-73.82812,40.89105],[-73.82794,40.89093],[-73.82722,40.89079],[-73.825,40.89018],[-73.8244,40.88998],[-73.82401,40.88998],[-73.82405,40.88987],[-73.82402,40.88975],[-73.82364,40.88985],[-73.82357,40.88983],[-73.82359,40.88974],[-73.82378,40.88952],[-73.82411,40.88894],[-73.82401,40.88857],[-73.82358,40.88797],[-73.82402,40.88781],[-73.82375,40.88783],[-73.82233,40.88731],[-73.82039,40.88686],[-73.81948,40.88585],[-73.81993,40.88571],[-73.82068,40.88554],[-73.82079,40.88548],[-73.82146,40.88529],[-73.82334,40.88485],[-73.82435,40.88455],[-73.82504,40.88428],[-73.82588,40.88399],[-73.82819,40.88291],[-73.82895,40.88252],[-73.83075,40.88142],[-73.83137,40.88095],[-73.83198,40.8804],[-73.83302,40.87935],[-73.83365,40.8786],[-73.83442,40.8774],[-73.8345,40.87723],[-73.83479,40.87608],[-73.83488,40.8755],[-73.83488,40.87443],[-73.83449,40.87256],[-73.83434,40.87203],[-73.83401,40.87117],[-73.8336,40.87021],[-73.83203,40.86706],[-73.83057,40.86437],[-73.82981,40.86258],[-73.82959,40.86217],[-73.8316,40.86263],[-73.83591,40.86508],[-73.84122,40.86786],[-73.84284,40.86749],[-73.84321,40.86744],[-73.84617,40.8675],[-73.84614,40.86879],[-73.84517,40.86991],[-73.84641,40.87056],[-73.84744,40.86934],[-73.84897,40.86937],[-73.84903,40.86755],[-73.85672,40.8677],[-73.85666,40.86952],[-73.86339,40.86964],[-73.86333,40.87138],[-73.86318,40.87217],[-73.86387,40.8723],[-73.86395,40.8725],[-73.8641,40.87267],[-73.86431,40.8728],[-73.86468,40.87287],[-73.86492,40.87298],[-73.86511,40.87312],[-73.86535,40.87339],[-73.86561,40.87351],[-73.86594,40.87349],[-73.86611,40.87339],[-73.8663,40.87321],[-73.86821,40.87324],[-73.86813,40.8753],[-73.86705,40.87522],[-73.86701,40.87613],[-73.8671,40.87717],[-73.86687,40.87751],[-73.86943,40.87813],[-73.86931,40.87843]]]}},{"type":"Feature","properties":{"std_name":"Assembly District 79","std_geoid":"36079","pen":"politicians","std_note":null,"LSAD":"L3"},"geometry":{"type":"Polygon","coordinates":[[[-73.92464,40.82102],[-73.92337,40.8231],[-73.92227,40.82497],[-73.92115,40.8264],[-73.9202,40.8281],[-73.91542,40.82658],[-73.91461,40.8263],[-73.91217,40.8279],[-73.91166,40.82875],[-73.91139,40.82914],[-73.9074,40.83623],[-73.90598,40.8385],[-73.90645,40.83867],[-73.90577,40.83956],[-73.90531,40.84045],[-73.90516,40.84087],[-73.90511,40.84126],[-73.905,40.84253],[-73.90485,40.84473],[-73.90463,40.84489],[-73.90263,40.84467],[-73.9011,40.84445],[-73.89481,40.84376],[-73.89357,40.84514],[-73.8934,40.8454],[-73.89322,40.84581],[-73.8929,40.84627],[-73.89337,40.8464],[-73.89242,40.848],[-73.89133,40.84747],[-73.89046,40.84893],[-73.88447,40.84598],[-73.88519,40.84519],[-73.8861,40.84052],[-73.88347,40.83906],[-73.88374,40.83885],[-73.88511,40.83648],[-73.88425,40.83618],[-73.88624,40.83286],[-73.88795,40.83345],[-73.88991,40.83012],[-73.89336,40.83015],[-73.89622,40.82717],[-73.89582,40.82599],[-73.89585,40.82389],[-73.89686,40.82385],[-73.89887,40.82385],[-73.8998,40.82406],[-73.90258,40.81737],[-73.90531,40.81793],[-73.905,40.81806],[-73.90379,40.82109],[-73.90566,40.82156],[-73.90743,40.82194],[-73.90991,40.81594],[-73.91194,40.81605],[-73.91138,40.81737],[-73.91237,40.81751],[-73.91319,40.818],[-73.91447,40.81851],[-73.91495,40.81808],[-73.91488,40.81846],[-73.9165,40.81888],[-73.91828,40.81938],[-73.92464,40.82102]]]}},{"type":"Feature","properties":{"std_name":"Assembly District 87","std_geoid":"36087","pen":"politicians","std_note":null,"LSAD":"L3"},"geometry":{"type":"Polygon","coordinates":[[[-73.8861,40.84052],[-73.88519,40.84519],[-73.88344,40.84715],[-73.8833,40.84745],[-73.88311,40.84827],[-73.88278,40.84807],[-73.88284,40.84782],[-73.87731,40.84401],[-73.87652,40.84529],[-73.87646,40.84569],[-73.87634,40.84616],[-73.87617,40.84658],[-73.87529,40.84831],[-73.8751,40.85028],[-73.87526,40.85068],[-73.87528,40.85091],[-73.87525,40.85111],[-73.87523,40.8512],[-73.8745,40.85258],[-73.87406,40.85298],[-73.87368,40.85325],[-73.87332,40.85344],[-73.87235,40.85381],[-73.87176,40.85411],[-73.87136,40.85221],[-73.87128,40.85154],[-73.87119,40.84998],[-73.87122,40.84714],[-73.87131,40.84563],[-73.87225,40.8416],[-73.8713,40.84121],[-73.86972,40.83975],[-73.86933,40.83957],[-73.86921,40.8396],[-73.86831,40.84],[-73.86741,40.84031],[-73.86547,40.84086],[-73.86358,40.84128],[-73.86176,40.84151],[-73.85052,40.84279],[-73.8478,40.8407],[-73.84458,40.83854],[-73.84306,40.8398],[-73.84198,40.83891],[-73.84162,40.83839],[-73.84056,40.83671],[-73.84003,40.83566],[-73.83996,40.83549],[-73.83991,40.83512],[-73.83996,40.8349],[-73.84098,40.83401],[-73.84421,40.83134],[-73.84458,40.8313],[-73.84441,40.8306],[-73.84267,40.83086],[-73.84242,40.83121],[-73.84228,40.83127],[-73.84192,40.83081],[-73.84203,40.83051],[-73.84219,40.83031],[-73.84233,40.82994],[-73.84237,40.82943],[-73.84231,40.82908],[-73.84231,40.8288],[-73.84239,40.82879],[-73.84238,40.82869],[-73.84281,40.82864],[-73.84274,40.82853],[-73.84267,40.82834],[-73.84265,40.82791],[-73.84236,40.82794],[-73.84224,40.82778],[-73.83891,40.82112],[-73.84211,40.81444],[-73.84245,40.81344],[-73.84463,40.8137],[-73.84438,40.81421],[-73.84433,40.81485],[-73.84524,40.81501],[-73.84507,40.81542],[-73.844,40.81725],[-73.84388,40.81739],[-73.8587,40.8154],[-73.8592,40.81751],[-73.86012,40.81739],[-73.86061,40.8195],[-73.86246,40.81925],[-73.86298,40.82138],[-73.85826,40.82201],[-73.85879,40.82421],[-73.86067,40.82842],[-73.86822,40.82743],[-73.86994,40.83477],[-73.87,40.83544],[-73.86999,40.83591],[-73.87123,40.83611],[-73.87209,40.83621],[-73.87372,40.83632],[-73.87369,40.83639],[-73.87744,40.83666],[-73.87848,40.83687],[-73.87927,40.83708],[-73.88054,40.8375],[-73.8806,40.83742],[-73.88071,40.83747],[-73.88066,40.83754],[-73.88162,40.838],[-73.8861,40.84052]]]}},{"type":"Feature","properties":{"std_name":"Assembly District 39","std_geoid":"36039","pen":"politicians","std_note":null,"LSAD":"L3"},"geometry":{"type":"Polygon","coordinates":[[[-73.8934,40.75285],[-73.88225,40.75402],[-73.88114,40.74793],[-73.8813,40.74791],[-73.87936,40.74703],[-73.87889,40.74764],[-73.87716,40.74686],[-73.87679,40.74751],[-73.8749,40.74667],[-73.87398,40.74786],[-73.87196,40.74698],[-73.87192,40.74678],[-73.87037,40.74699],[-73.86853,40.74759],[-73.86844,40.74703],[-73.86315,40.74861],[-73.86273,40.74987],[-73.8631,40.75067],[-73.86224,40.75092],[-73.86251,40.75145],[-73.85666,40.75319],[-73.85442,40.7488],[-73.8536,40.74749],[-73.85121,40.74284],[-73.85368,40.74211],[-73.85393,40.74234],[-73.85458,40.74188],[-73.85731,40.73968],[-73.85838,40.74045],[-73.85877,40.7408],[-73.86073,40.73964],[-73.86186,40.74159],[-73.86352,40.74069],[-73.86441,40.74047],[-73.86715,40.73984],[-73.86732,40.74026],[-73.86898,40.73988],[-73.86819,40.73783],[-73.86857,40.73774],[-73.86823,40.73685],[-73.86783,40.73691],[-73.86755,40.73615],[-73.86631,40.73378],[-73.86462,40.73427],[-73.86342,40.73195],[-73.86387,40.73181],[-73.86448,40.73109],[-73.8663,40.72819],[-73.86662,40.72761],[-73.86681,40.72738],[-73.8684,40.72485],[-73.87455,40.72201],[-73.87545,40.72175],[-73.87646,40.72159],[-73.87868,40.72156],[-73.88131,40.72142],[-73.88092,40.7216],[-73.88244,40.72351],[-73.88564,40.72202],[-73.88706,40.7238],[-73.88713,40.72614],[-73.8872,40.72619],[-73.88724,40.7274],[-73.8872,40.72769],[-73.88628,40.72803],[-73.88558,40.72821],[-73.88466,40.72834],[-73.88391,40.7284],[-73.88393,40.72854],[-73.88143,40.72873],[-73.88073,40.72883],[-73.88005,40.72899],[-73.87972,40.72909],[-73.87708,40.73014],[-73.87634,40.7304],[-73.87129,40.73188],[-73.87121,40.7321],[-73.8708,40.73271],[-73.87059,40.73314],[-73.87048,40.73329],[-73.87194,40.73372],[-73.87226,40.73474],[-73.8748,40.74129],[-73.87562,40.74198],[-73.87696,40.74103],[-73.87786,40.74175],[-73.87822,40.74191],[-73.87848,40.74215],[-73.87886,40.74175],[-73.87918,40.74162],[-73.88034,40.74253],[-73.881,40.74184],[-73.88188,40.74238],[-73.88283,40.74289],[-73.8851,40.74397],[-73.88833,40.74536],[-73.88837,40.74551],[-73.88861,40.74548],[-73.89139,40.74665],[-73.89183,40.74889],[-73.8918,40.74896],[-73.89271,40.74886],[-73.8934,40.75285]]]}},{"type":"Feature","properties":{"std_name":"Assembly District 24","std_geoid":"36024","pen":"politicians","std_note":null,"LSAD":"L3"},"geometry":{"type":"Polygon","coordinates":[[[-73.84156,40.7011],[-73.83948,40.70269],[-73.83843,40.70339],[-73.83696,40.70421],[-73.83662,40.70342],[-73.83605,40.70341],[-73.83582,40.70349],[-73.83557,40.70368],[-73.8346,40.70393],[-73.83392,40.70235],[-73.82576,40.70443],[-73.82344,40.7038],[-73.82405,40.70693],[-73.82298,40.70619],[-73.82202,40.70521],[-73.82063,40.70584],[-73.82008,40.70503],[-73.81846,40.70566],[-73.81871,40.70603],[-73.81831,40.70616],[-73.81954,40.70828],[-73.81946,40.7084],[-73.81915,40.70843],[-73.81881,40.70882],[-73.8178,40.70934],[-73.81704,40.70956],[-73.81642,40.70987],[-73.81608,40.71017],[-73.81588,40.71045],[-73.81575,40.71057],[-73.81543,40.71079],[-73.81506,40.71094],[-73.81472,40.71102],[-73.8142,40.71104],[-73.81436,40.71144],[-73.81451,40.71166],[-73.81483,40.71191],[-73.81525,40.71205],[-73.81531,40.71236],[-73.81544,40.71267],[-73.81595,40.71338],[-73.81621,40.71401],[-73.81653,40.71423],[-73.81521,40.71423],[-73.81524,40.71565],[-73.80682,40.71574],[-73.80491,40.71587],[-73.80308,40.71607],[-73.80184,40.71625],[-73.79796,40.71716],[-73.79192,40.71891],[-73.79144,40.71894],[-73.7909,40.71888],[-73.79071,40.71927],[-73.7904,40.7201],[-73.7903,40.72092],[-73.79029,40.72138],[-73.79045,40.72313],[-73.79051,40.72347],[-73.79064,40.72378],[-73.79136,40.72495],[-73.79175,40.72578],[-73.79085,40.72604],[-73.78116,40.72921],[-73.77491,40.73091],[-73.77011,40.73178],[-73.7637,40.73286],[-73.76504,40.73448],[-73.76273,40.73526],[-73.76248,40.73618],[-73.76246,40.73655],[-73.76249,40.73673],[-73.7626,40.73709],[-73.76431,40.74067],[-73.76075,40.74165],[-73.76159,40.74341],[-73.75975,40.74391],[-73.75993,40.74429],[-73.75495,40.74562],[-73.75398,40.74352],[-73.74863,40.74498],[-73.74785,40.7433],[-73.74675,40.74244],[-73.74506,40.74153],[-73.74396,40.74079],[-73.74372,40.73938],[-73.74307,40.73844],[-73.74214,40.73862],[-73.74155,40.73876],[-73.74107,40.73898],[-73.74019,40.73903],[-73.74029,40.73852],[-73.74168,40.73683],[-73.7386,40.73749],[-73.73631,40.73137],[-73.73619,40.73137],[-73.73714,40.72897],[-73.73716,40.72873],[-73.74376,40.73023],[-73.74604,40.72882],[-73.74709,40.72831],[-73.74719,40.7283],[-73.74842,40.72758],[-73.75261,40.72558],[-73.75497,40.72416],[-73.75577,40.72364],[-73.75944,40.72106],[-73.7603,40.72066],[-73.76197,40.72],[-73.76447,40.71889],[-73.76664,40.71765],[-73.76733,40.71729],[-73.77357,40.71512],[-73.778,40.71405],[-73.77847,40.7152],[-73.78123,40.71454],[-73.7828,40.71404],[-73.78572,40.71317],[-73.78749,40.71274],[-73.7886,40.71234],[-73.78876,40.71248],[-73.78909,40.71258],[-73.79051,40.71247],[-73.79065,40.7125],[-73.79105,40.71266],[-73.79126,40.71283],[-73.7914,40.71302],[-73.79254,40.71262],[-73.79288,40.71258],[-73.79321,40.71261],[-73.80131,40.70974],[-73.8016,40.70955],[-73.80193,40.70891],[-73.80233,40.70857],[-73.80302,40.70814],[-73.80328,40.70841],[-73.81201,40.70594],[-73.81153,40.70227],[-73.8119,40.70234],[-73.81164,40.70171],[-73.81336,40.70121],[-73.81233,40.69911],[-73.81419,40.69858],[-73.81404,40.69833],[-73.81443,40.69834],[-73.81197,40.69412],[-73.80875,40.68833],[-73.80802,40.68706],[-73.81002,40.68636],[-73.81086,40.68603],[-73.81337,40.68485],[-73.81359,40.68471],[-73.81394,40.6846],[-73.83411,40.67885],[-73.83565,40.67927],[-73.83697,40.68199],[-73.83379,40.68369],[-73.83273,40.68412],[-73.83342,40.68557],[-73.83172,40.68605],[-73.83405,40.69055],[-73.83598,40.69442],[-73.83805,40.69869],[-73.83912,40.70081],[-73.84156,40.7011]]]}},{"type":"Feature","properties":{"std_name":"Assembly District 25","std_geoid":"36025","pen":"politicians","std_note":null,"LSAD":"L3"},"geometry":{"type":"Polygon","coordinates":[[[-73.83701,40.75403],[-73.836,40.75201],[-73.83349,40.75241],[-73.83298,40.75233],[-73.83253,40.75237],[-73.83239,40.75232],[-73.8326,40.75301],[-73.83014,40.75391],[-73.82987,40.7535],[-73.82714,40.75451],[-73.82545,40.75294],[-73.82334,40.75433],[-73.8228,40.75388],[-73.81894,40.75641],[-73.81585,40.75367],[-73.81424,40.75472],[-73.81353,40.75425],[-73.81335,40.7542],[-73.81048,40.75421],[-73.81077,40.75208],[-73.80378,40.75153],[-73.80393,40.75184],[-73.80418,40.75247],[-73.80445,40.75373],[-73.80395,40.7537],[-73.80183,40.75372],[-73.79826,40.75389],[-73.79733,40.75387],[-73.79458,40.75356],[-73.79343,40.75334],[-73.79238,40.75307],[-73.79242,40.75341],[-73.78524,40.75383],[-73.78432,40.75399],[-73.78447,40.75546],[-73.77742,40.75736],[-73.77767,40.75815],[-73.77027,40.76008],[-73.76934,40.76025],[-73.76752,40.76049],[-73.76477,40.76095],[-73.76342,40.7562],[-73.76276,40.75194],[-73.76148,40.75174],[-73.76056,40.75],[-73.75783,40.75076],[-73.75738,40.75023],[-73.75413,40.75104],[-73.75236,40.75141],[-73.75139,40.75157],[-73.75111,40.75089],[-73.75108,40.7509],[-73.75109,40.75082],[-73.75041,40.75093],[-73.75029,40.75053],[-73.75104,40.7504],[-73.75102,40.75034],[-73.75116,40.75032],[-73.74863,40.74498],[-73.75398,40.74352],[-73.75495,40.74562],[-73.75993,40.74429],[-73.75975,40.74391],[-73.76159,40.74341],[-73.76075,40.74165],[-73.76431,40.74067],[-73.7626,40.73709],[-73.76249,40.73673],[-73.76246,40.73655],[-73.76248,40.73618],[-73.76273,40.73526],[-73.76504,40.73448],[-73.7637,40.73286],[-73.77011,40.73178],[-73.77491,40.73091],[-73.78116,40.72921],[-73.79085,40.72604],[-73.79175,40.72578],[-73.79136,40.72495],[-73.79064,40.72378],[-73.79051,40.72347],[-73.79045,40.72313],[-73.79029,40.72138],[-73.7903,40.72092],[-73.7904,40.7201],[-73.79071,40.71927],[-73.7909,40.71888],[-73.79144,40.71894],[-73.79192,40.71891],[-73.79796,40.71716],[-73.80184,40.71625],[-73.80308,40.71607],[-73.80491,40.71587],[-73.80682,40.71574],[-73.81524,40.71565],[-73.81521,40.71423],[-73.81653,40.71423],[-73.81621,40.71401],[-73.81595,40.71338],[-73.81544,40.71267],[-73.81531,40.71236],[-73.81525,40.71205],[-73.81483,40.71191],[-73.81451,40.71166],[-73.81436,40.71144],[-73.8142,40.71104],[-73.81472,40.71102],[-73.81506,40.71094],[-73.81543,40.71079],[-73.81575,40.71057],[-73.81588,40.71045],[-73.81608,40.71017],[-73.81642,40.70987],[-73.81704,40.70956],[-73.8178,40.70934],[-73.81881,40.70882],[-73.81915,40.70843],[-73.81946,40.7084],[-73.8201,40.70942],[-73.82058,40.71007],[-73.8224,40.71176],[-73.8231,40.71234],[-73.82368,40.71304],[-73.82343,40.71323],[-73.82327,40.71287],[-73.82296,40.71258],[-73.82248,40.71249],[-73.82216,40.71251],[-73.82232,40.71292],[-73.82049,40.71344],[-73.82163,40.71629],[-73.82133,40.7163],[-73.82075,40.71648],[-73.8193,40.71714],[-73.81798,40.7175],[-73.81719,40.71766],[-73.81619,40.71797],[-73.81377,40.71861],[-73.80904,40.71991],[-73.80453,40.72147],[-73.80522,40.72848],[-73.80517,40.73046],[-73.80465,40.73811],[-73.80466,40.73835],[-73.81323,40.73866],[-73.81424,40.73877],[-73.81504,40.73889],[-73.81594,40.73909],[-73.81718,40.73946],[-73.82536,40.7422],[-73.82622,40.7424],[-73.82708,40.74254],[-73.83033,40.74288],[-73.83494,40.74332],[-73.8359,40.74338],[-73.83593,40.7435],[-73.83685,40.74347],[-73.83767,40.74336],[-73.83753,40.74387],[-73.83715,40.74462],[-73.83504,40.74706],[-73.8348,40.74762],[-73.83469,40.74806],[-73.83462,40.74852],[-73.83467,40.74929],[-73.83481,40.74975],[-73.83511,40.75037],[-73.83767,40.75411],[-73.83701,40.75403]]]}},{"type":"Feature","properties":{"std_name":"Assembly District 31","std_geoid":"36031","pen":"politicians","std_note":null,"LSAD":"L3"},"geometry":{"type":"Polygon","coordinates":[[[-73.83411,40.67885],[-73.81394,40.6846],[-73.81359,40.68471],[-73.81337,40.68485],[-73.81086,40.68603],[-73.81002,40.68636],[-73.80802,40.68706],[-73.8077,40.68652],[-73.80675,40.68468],[-73.80503,40.68115],[-73.80458,40.68013],[-73.80179,40.67439],[-73.79837,40.67409],[-73.79848,40.67335],[-73.79809,40.67044],[-73.79616,40.67011],[-73.79628,40.66939],[-73.79455,40.669],[-73.79365,40.66884],[-73.78916,40.66834],[-73.78941,40.66684],[-73.78566,40.66719],[-73.7833,40.66732],[-73.77701,40.66778],[-73.77616,40.66787],[-73.77343,40.66803],[-73.77155,40.66796],[-73.76675,40.66743],[-73.76625,40.66851],[-73.7656,40.66967],[-73.75879,40.66853],[-73.75912,40.66735],[-73.75732,40.66704],[-73.75551,40.6664],[-73.75176,40.6664],[-73.75071,40.66643],[-73.73993,40.6664],[-73.7407,40.66593],[-73.74097,40.6658],[-73.7404,40.6657],[-73.73937,40.66545],[-73.73955,40.66526],[-73.73913,40.66525],[-73.73798,40.66468],[-73.73986,40.6622],[-73.73627,40.66063],[-73.73861,40.65754],[-73.7387,40.65732],[-73.74049,40.65738],[-73.74153,40.65736],[-73.74104,40.65668],[-73.74019,40.65526],[-73.73673,40.6491],[-73.73905,40.6482],[-73.74144,40.64689],[-73.74144,40.64609],[-73.74166,40.6422],[-73.74205,40.64147],[-73.74143,40.6405],[-73.74228,40.64012],[-73.74126,40.63891],[-73.73947,40.63571],[-73.73996,40.63514],[-73.74168,40.63484],[-73.74224,40.63485],[-73.74265,40.63504],[-73.74267,40.63541],[-73.74258,40.63565],[-73.74208,40.63638],[-73.74127,40.63726],[-73.74119,40.63741],[-73.7412,40.63759],[-73.7415,40.63785],[-73.74236,40.63809],[-73.7433,40.63805],[-73.74418,40.63736],[-73.74602,40.63521],[-73.748,40.63463],[-73.76743,40.62661],[-73.76776,40.62611],[-73.76778,40.62591],[-73.76815,40.62545],[-73.76825,40.6254],[-73.76833,40.6251],[-73.7686,40.62473],[-73.76865,40.62447],[-73.76876,40.62435],[-73.76878,40.6242],[-73.76883,40.6241],[-73.76881,40.62403],[-73.76884,40.62395],[-73.76867,40.62359],[-73.76855,40.62315],[-73.76757,40.62148],[-73.76672,40.615],[-73.76524,40.61494],[-73.76208,40.61273],[-73.76002,40.61135],[-73.75723,40.61099],[-73.7552,40.61059],[-73.75473,40.61041],[-73.75346,40.61052],[-73.75009,40.61164],[-73.74912,40.61179],[-73.74822,40.61201],[-73.74799,40.61231],[-73.7475,40.61189],[-73.74712,40.61204],[-73.74694,40.61178],[-73.74675,40.6114],[-73.74553,40.61187],[-73.74549,40.6118],[-73.7472,40.61114],[-73.74899,40.61031],[-73.74987,40.60973],[-73.75042,40.6093],[-73.75126,40.60842],[-73.75063,40.60809],[-73.74996,40.60877],[-73.74869,40.60787],[-73.75184,40.60529],[-73.75285,40.60426],[-73.75424,40.59888],[-73.75426,40.59732],[-73.75492,40.59737],[-73.75534,40.59749],[-73.75572,40.59767],[-73.75603,40.5979],[-73.75644,40.59765],[-73.75676,40.59754],[-73.75711,40.59719],[-73.75768,40.59704],[-73.7582,40.59698],[-73.75877,40.59679],[-73.75841,40.59638],[-73.75939,40.59584],[-73.75962,40.59593],[-73.76041,40.5961],[-73.7613,40.59615],[-73.76216,40.59609],[-73.76236,40.59723],[-73.7632,40.59714],[-73.76333,40.59782],[-73.76387,40.59741],[-73.76465,40.59762],[-73.76497,40.59738],[-73.76654,40.59943],[-73.76707,40.59995],[-73.76757,40.60021],[-73.7678,40.60047],[-73.76528,40.60167],[-73.76493,40.60103],[-73.76445,40.60043],[-73.76257,40.60133],[-73.76108,40.6018],[-73.7606,40.60181],[-73.76053,40.60185],[-73.76046,40.60202],[-73.7604,40.60243],[-73.76087,40.60552],[-73.76095,40.60645],[-73.75982,40.60965],[-73.75974,40.61015],[-73.75949,40.61082],[-73.75998,40.61087],[-73.76154,40.60904],[-73.76178,40.60915],[-73.76087,40.6102],[-73.76077,40.61019],[-73.76024,40.61082],[-73.76172,40.61185],[-73.7623,40.61136],[-73.76254,40.61141],[-73.76327,40.61169],[-73.76342,40.61171],[-73.76352,40.61169],[-73.76361,40.61175],[-73.764,40.61176],[-73.76459,40.61185],[-73.76506,40.61203],[-73.76512,40.61212],[-73.76498,40.61234],[-73.76511,40.61246],[-73.76516,40.61299],[-73.76512,40.61332],[-73.76505,40.61336],[-73.76502,40.61346],[-73.76506,40.61359],[-73.76521,40.61378],[-73.76552,40.61389],[-73.76597,40.61392],[-73.76641,40.6142],[-73.76682,40.61429],[-73.76768,40.61416],[-73.76837,40.61422],[-73.76886,40.61407],[-73.76907,40.61405],[-73.76933,40.61398],[-73.76981,40.61399],[-73.77007,40.61406],[-73.77108,40.614],[-73.77121,40.61394],[-73.7717,40.61397],[-73.77217,40.61384],[-73.773,40.61356],[-73.77331,40.61369],[-73.77345,40.61365],[-73.77357,40.61346],[-73.77362,40.61328],[-73.77369,40.61321],[-73.77385,40.61289],[-73.77398,40.61251],[-73.77404,40.61211],[-73.77417,40.61183],[-73.77413,40.61182],[-73.77397,40.61211],[-73.77391,40.61206],[-73.77381,40.61161],[-73.77378,40.61128],[-73.77296,40.61015],[-73.77289,40.61016],[-73.77289,40.6102],[-73.77338,40.61099],[-73.7734,40.61109],[-73.77326,40.61121],[-73.77302,40.61131],[-73.77269,40.61142],[-73.77228,40.61151],[-73.77213,40.61145],[-73.77199,40.61125],[-73.77185,40.61082],[-73.77162,40.61062],[-73.77137,40.61053],[-73.77126,40.6104],[-73.77082,40.61034],[-73.77059,40.61016],[-73.77053,40.61019],[-73.77037,40.61019],[-73.77024,40.61025],[-73.76995,40.61015],[-73.76966,40.61001],[-73.76922,40.60973],[-73.76909,40.60958],[-73.769,40.60939],[-73.76893,40.60916],[-73.76921,40.60847],[-73.76929,40.60837],[-73.7695,40.60829],[-73.76966,40.60804],[-73.76977,40.60793],[-73.76985,40.60779],[-73.7698,40.60753],[-73.77002,40.6071],[-73.77,40.6069],[-73.76986,40.60646],[-73.76984,40.60628],[-73.76985,40.60612],[-73.77003,40.60579],[-73.77007,40.6056],[-73.77,40.60539],[-73.77009,40.60531],[-73.77015,40.60515],[-73.77049,40.60495],[-73.77057,40.60484],[-73.77054,40.60468],[-73.77047,40.60453],[-73.77044,40.6041],[-73.77047,40.60395],[-73.77034,40.6034],[-73.77027,40.60324],[-73.77013,40.60312],[-73.77036,40.60303],[-73.7704,40.60297],[-73.77029,40.60281],[-73.77019,40.60275],[-73.77027,40.60249],[-73.77047,40.60211],[-73.77065,40.60186],[-73.77078,40.60192],[-73.77088,40.60182],[-73.77085,40.60173],[-73.77075,40.60163],[-73.77074,40.60155],[-73.77082,40.60128],[-73.77094,40.60115],[-73.77118,40.60041],[-73.77111,40.60028],[-73.77114,40.60016],[-73.77109,40.59979],[-73.77116,40.59939],[-73.77106,40.59922],[-73.77104,40.59898],[-73.77091,40.59885],[-73.77072,40.59881],[-73.77056,40.5989],[-73.77048,40.59897],[-73.77035,40.59899],[-73.77002,40.59878],[-73.76967,40.59863],[-73.76925,40.5985],[-73.76905,40.59851],[-73.76898,40.59845],[-73.7689,40.59845],[-73.76891,40.5984],[-73.76824,40.59832],[-73.76814,40.59824],[-73.76793,40.59814],[-73.76807,40.59791],[-73.7676,40.5958],[-73.77027,40.59419],[-73.77112,40.59374],[-73.77186,40.59349],[-73.77271,40.59332],[-73.77281,40.59407],[-73.77454,40.59375],[-73.77632,40.59362],[-73.7788,40.59339],[-73.77904,40.59544],[-73.78361,40.59515],[-73.78338,40.59272],[-73.78506,40.5922],[-73.78571,40.59208],[-73.78639,40.59208],[-73.78626,40.59194],[-73.78596,40.58971],[-73.79016,40.5884],[-73.79102,40.58819],[-73.79135,40.59193],[-73.79497,40.59102],[-73.79688,40.59049],[-73.80101,40.58911],[-73.8035,40.58849],[-73.8043,40.58833],[-73.80514,40.58821],[-73.80987,40.58774],[-73.80979,40.58699],[-73.81034,40.58695],[-73.8132,40.58624],[-73.81439,40.58778],[-73.81227,40.58862],[-73.81093,40.5893],[-73.81105,40.59045],[-73.81161,40.59047],[-73.8117,40.59159],[-73.81157,40.59169],[-73.81151,40.59178],[-73.81151,40.59196],[-73.81157,40.59215],[-73.8115,40.59219],[-73.81153,40.59226],[-73.81153,40.59249],[-73.81157,40.59283],[-73.81148,40.59292],[-73.81143,40.59226],[-73.81133,40.59175],[-73.81101,40.59177],[-73.81095,40.59182],[-73.81089,40.59196],[-73.8109,40.59206],[-73.81082,40.59209],[-73.81095,40.59249],[-73.81139,40.59244],[-73.81141,40.59287],[-73.81107,40.59302],[-73.81103,40.59299],[-73.81137,40.59286],[-73.81137,40.5927],[-73.81076,40.59281],[-73.81075,40.59279],[-73.81137,40.59268],[-73.81136,40.59246],[-73.81094,40.59255],[-73.81079,40.59209],[-73.8102,40.59223],[-73.81003,40.59219],[-73.8098,40.59206],[-73.80978,40.5924],[-73.80973,40.5924],[-73.8098,40.59272],[-73.80974,40.59269],[-73.80969,40.59245],[-73.80963,40.59249],[-73.80951,40.59278],[-73.80953,40.59301],[-73.8097,40.59353],[-73.80966,40.59356],[-73.80996,40.59433],[-73.81084,40.59635],[-73.81158,40.59814],[-73.81149,40.59837],[-73.81137,40.59856],[-73.81119,40.59858],[-73.81096,40.59856],[-73.81086,40.59864],[-73.81055,40.59876],[-73.81033,40.59895],[-73.81036,40.59926],[-73.81029,40.59934],[-73.81025,40.59951],[-73.8103,40.5996],[-73.81019,40.59986],[-73.8101,40.59985],[-73.80999,40.59988],[-73.81014,40.60005],[-73.81,40.60003],[-73.81,40.60018],[-73.80985,40.60037],[-73.80986,40.60048],[-73.81003,40.60086],[-73.81004,40.60109],[-73.80994,40.60126],[-73.80995,40.60139],[-73.81002,40.60147],[-73.81003,40.60161],[-73.80995,40.60181],[-73.80986,40.6019],[-73.81051,40.60253],[-73.81079,40.60329],[-73.81178,40.60317],[-73.8134,40.60436],[-73.81429,40.60446],[-73.81465,40.60525],[-73.80975,40.61428],[-73.81144,40.61583],[-73.81653,40.61495],[-73.81712,40.61528],[-73.81717,40.61584],[-73.81748,40.61633],[-73.81759,40.61688],[-73.81776,40.61731],[-73.81777,40.6175],[-73.81765,40.61761],[-73.81745,40.61811],[-73.81744,40.61891],[-73.81718,40.61927],[-73.81682,40.61946],[-73.81639,40.61962],[-73.81543,40.62012],[-73.81571,40.62149],[-73.81653,40.622],[-73.81691,40.62187],[-73.81697,40.62149],[-73.81779,40.62167],[-73.81779,40.62194],[-73.81825,40.62209],[-73.81881,40.62256],[-73.81892,40.62309],[-73.81795,40.62409],[-73.81673,40.62387],[-73.81609,40.62432],[-73.81611,40.62461],[-73.81709,40.62528],[-73.8177,40.62596],[-73.81801,40.62648],[-73.81796,40.62711],[-73.81973,40.62771],[-73.81985,40.6278],[-73.82016,40.62836],[-73.82059,40.62892],[-73.82081,40.62939],[-73.82107,40.62973],[-73.82185,40.63204],[-73.82184,40.63242],[-73.82189,40.63309],[-73.82209,40.63376],[-73.82222,40.63443],[-73.82254,40.63516],[-73.82277,40.63558],[-73.82338,40.63899],[-73.82419,40.63995],[-73.82641,40.64826],[-73.82685,40.65007],[-73.82839,40.65603],[-73.82871,40.65706],[-73.8298,40.65951],[-73.82987,40.65997],[-73.83022,40.66053],[-73.83096,40.6621],[-73.83271,40.66541],[-73.83331,40.66676],[-73.83254,40.66654],[-73.83102,40.66621],[-73.83025,40.66612],[-73.82808,40.66609],[-73.82467,40.67703],[-73.82884,40.67769],[-73.82995,40.6779],[-73.83411,40.67885]]]}},{"type":"Feature","properties":{"std_name":"Assembly District 32","std_geoid":"36032","pen":"politicians","std_note":null,"LSAD":"L3"},"geometry":{"type":"Polygon","coordinates":[[[-73.81443,40.69834],[-73.81404,40.69833],[-73.81419,40.69858],[-73.81233,40.69911],[-73.81336,40.70121],[-73.81164,40.70171],[-73.8119,40.70234],[-73.81153,40.70227],[-73.81201,40.70594],[-73.80328,40.70841],[-73.80302,40.70814],[-73.80233,40.70857],[-73.80193,40.70891],[-73.8016,40.70955],[-73.80151,40.70962],[-73.80131,40.70974],[-73.80107,40.70982],[-73.80022,40.70845],[-73.7993,40.7087],[-73.7968,40.7047],[-73.79701,40.70461],[-73.79594,40.70306],[-73.79358,40.69976],[-73.7926,40.70043],[-73.79187,40.70137],[-73.7905,40.70179],[-73.78954,40.70082],[-73.78839,40.69972],[-73.78762,40.699],[-73.7869,40.69839],[-73.78701,40.69834],[-73.78642,40.6978],[-73.78611,40.6977],[-73.78599,40.6977],[-73.78587,40.69774],[-73.78544,40.69721],[-73.78392,40.69559],[-73.78394,40.69541],[-73.78343,40.6947],[-73.78211,40.69524],[-73.78092,40.69384],[-73.7792,40.69165],[-73.77789,40.68992],[-73.77662,40.68836],[-73.77448,40.68673],[-73.77315,40.68581],[-73.77671,40.68289],[-73.77414,40.68134],[-73.77357,40.68096],[-73.77232,40.68149],[-73.7722,40.68161],[-73.77014,40.68311],[-73.76974,40.68378],[-73.76716,40.68237],[-73.76161,40.67974],[-73.75983,40.67897],[-73.75968,40.67865],[-73.758,40.67628],[-73.75801,40.67608],[-73.76249,40.67419],[-73.76339,40.67468],[-73.76368,40.67475],[-73.76383,40.67364],[-73.76435,40.67185],[-73.76625,40.66851],[-73.76675,40.66743],[-73.77155,40.66796],[-73.77343,40.66803],[-73.77616,40.66787],[-73.77701,40.66778],[-73.7833,40.66732],[-73.78566,40.66719],[-73.78941,40.66684],[-73.78916,40.66834],[-73.79365,40.66884],[-73.79455,40.669],[-73.79628,40.66939],[-73.79616,40.67011],[-73.79809,40.67044],[-73.79848,40.67335],[-73.79837,40.67409],[-73.80179,40.67439],[-73.80458,40.68013],[-73.80503,40.68115],[-73.80675,40.68468],[-73.80727,40.6857],[-73.8077,40.68652],[-73.80875,40.68833],[-73.81197,40.69412],[-73.81443,40.69834]]]}},{"type":"Feature","properties":{"std_name":"Assembly District 29","std_geoid":"36029","pen":"politicians","std_note":null,"LSAD":"L3"},"geometry":{"type":"Polygon","coordinates":[[[-73.80107,40.70982],[-73.79321,40.71261],[-73.79288,40.71258],[-73.79254,40.71262],[-73.7914,40.71302],[-73.79126,40.71283],[-73.79105,40.71266],[-73.79065,40.7125],[-73.79051,40.71247],[-73.78909,40.71258],[-73.78876,40.71248],[-73.7886,40.71234],[-73.78749,40.71274],[-73.78572,40.71317],[-73.7828,40.71404],[-73.78123,40.71454],[-73.77847,40.7152],[-73.778,40.71405],[-73.77357,40.71512],[-73.76733,40.71729],[-73.76664,40.71765],[-73.76447,40.71889],[-73.76197,40.72],[-73.76114,40.72033],[-73.75607,40.7135],[-73.75922,40.71347],[-73.7581,40.712],[-73.76826,40.70953],[-73.76844,40.70964],[-73.77101,40.70872],[-73.7765,40.70724],[-73.77582,40.70538],[-73.77186,40.70464],[-73.76785,40.70362],[-73.76721,40.70337],[-73.76613,40.70233],[-73.7641,40.70057],[-73.76377,40.70026],[-73.76319,40.6996],[-73.76261,40.6987],[-73.76282,40.69872],[-73.76354,40.69781],[-73.76858,40.69703],[-73.76929,40.69665],[-73.76642,40.69385],[-73.76521,40.69279],[-73.76539,40.69206],[-73.76374,40.6918],[-73.76238,40.69167],[-73.7611,40.69199],[-73.75687,40.69317],[-73.7573,40.69406],[-73.75616,40.69436],[-73.75642,40.69503],[-73.75464,40.69549],[-73.75396,40.69397],[-73.75423,40.6939],[-73.75375,40.69289],[-73.75291,40.69313],[-73.75158,40.69035],[-73.75132,40.69004],[-73.75038,40.69038],[-73.74921,40.68854],[-73.74812,40.69013],[-73.74722,40.68971],[-73.74617,40.68937],[-73.7336,40.68553],[-73.72675,40.68346],[-73.72586,40.68322],[-73.72591,40.68266],[-73.72563,40.67959],[-73.7262,40.67738],[-73.72654,40.67649],[-73.72744,40.67443],[-73.72756,40.6741],[-73.72753,40.67387],[-73.72791,40.67084],[-73.72794,40.67081],[-73.72794,40.67055],[-73.72826,40.66807],[-73.72822,40.66731],[-73.72827,40.66644],[-73.72822,40.66596],[-73.72784,40.66505],[-73.72776,40.66398],[-73.72781,40.66322],[-73.72808,40.66307],[-73.72833,40.66304],[-73.72793,40.66175],[-73.72721,40.66042],[-73.72644,40.65916],[-73.72593,40.65773],[-73.72534,40.65532],[-73.72479,40.654],[-73.72487,40.65345],[-73.72482,40.65302],[-73.72498,40.65268],[-73.72505,40.65234],[-73.72525,40.65219],[-73.72643,40.65179],[-73.72667,40.65169],[-73.72687,40.65154],[-73.73,40.65048],[-73.73105,40.65023],[-73.73143,40.65017],[-73.73513,40.64973],[-73.73673,40.6491],[-73.74019,40.65526],[-73.74104,40.65668],[-73.74153,40.65736],[-73.74049,40.65738],[-73.7387,40.65732],[-73.73861,40.65754],[-73.73627,40.66063],[-73.73986,40.6622],[-73.73798,40.66468],[-73.73913,40.66525],[-73.73955,40.66526],[-73.73937,40.66545],[-73.7404,40.6657],[-73.74097,40.6658],[-73.7407,40.66593],[-73.73993,40.6664],[-73.75071,40.66643],[-73.75176,40.6664],[-73.75551,40.6664],[-73.75732,40.66704],[-73.75912,40.66735],[-73.75879,40.66853],[-73.7656,40.66967],[-73.76435,40.67185],[-73.76383,40.67364],[-73.76368,40.67475],[-73.76339,40.67468],[-73.76249,40.67419],[-73.75801,40.67608],[-73.758,40.67628],[-73.75968,40.67865],[-73.75983,40.67897],[-73.76161,40.67974],[-73.76716,40.68237],[-73.76974,40.68378],[-73.77014,40.68311],[-73.7722,40.68161],[-73.77232,40.68149],[-73.77357,40.68096],[-73.77414,40.68134],[-73.77671,40.68289],[-73.77315,40.68581],[-73.77448,40.68673],[-73.77662,40.68836],[-73.77789,40.68992],[-73.7792,40.69165],[-73.78092,40.69384],[-73.78211,40.69524],[-73.78343,40.6947],[-73.78394,40.69541],[-73.78392,40.69559],[-73.78544,40.69721],[-73.78587,40.69774],[-73.78599,40.6977],[-73.78611,40.6977],[-73.78642,40.6978],[-73.78701,40.69834],[-73.7869,40.69839],[-73.78762,40.699],[-73.78839,40.69972],[-73.78954,40.70082],[-73.7905,40.70179],[-73.79187,40.70137],[-73.7926,40.70043],[-73.79358,40.69976],[-73.79594,40.70306],[-73.79701,40.70461],[-73.7968,40.7047],[-73.7993,40.7087],[-73.80022,40.70845],[-73.80107,40.70982]]]}},{"type":"Feature","properties":{"std_name":"Assembly District 33","std_geoid":"36033","pen":"politicians","std_note":null,"LSAD":"L3"},"geometry":{"type":"Polygon","coordinates":[[[-73.7765,40.70724],[-73.77101,40.70872],[-73.76844,40.70964],[-73.76826,40.70953],[-73.7581,40.712],[-73.75922,40.71347],[-73.75607,40.7135],[-73.76114,40.72033],[-73.7603,40.72066],[-73.75944,40.72106],[-73.75577,40.72364],[-73.75497,40.72416],[-73.75261,40.72558],[-73.74842,40.72758],[-73.74719,40.7283],[-73.74709,40.72831],[-73.74604,40.72882],[-73.74376,40.73023],[-73.73716,40.72873],[-73.73714,40.72897],[-73.73632,40.73104],[-73.73291,40.73095],[-73.73219,40.73287],[-73.73099,40.73266],[-73.73046,40.73266],[-73.72993,40.7327],[-73.72267,40.73425],[-73.7227,40.73477],[-73.72276,40.73518],[-73.72285,40.7356],[-73.72306,40.73625],[-73.72387,40.73813],[-73.7239,40.7383],[-73.72419,40.7387],[-73.72337,40.73826],[-73.70242,40.74276],[-73.70058,40.74318],[-73.70036,40.74103],[-73.70017,40.73954],[-73.70794,40.72777],[-73.7105,40.72723],[-73.71649,40.72645],[-73.71753,40.72624],[-73.71999,40.7256],[-73.72553,40.72408],[-73.72603,40.72391],[-73.72923,40.7227],[-73.7295,40.72259],[-73.73033,40.72216],[-73.72918,40.71917],[-73.72732,40.71222],[-73.72697,40.71072],[-73.7269,40.70998],[-73.72705,40.7095],[-73.72673,40.70215],[-73.72678,40.70199],[-73.72665,40.70111],[-73.72654,40.69898],[-73.7265,40.69689],[-73.7262,40.68898],[-73.72591,40.68608],[-73.7258,40.68435],[-73.72586,40.68322],[-73.72675,40.68346],[-73.7336,40.68553],[-73.74617,40.68937],[-73.74722,40.68971],[-73.74812,40.69013],[-73.74921,40.68854],[-73.75038,40.69038],[-73.75132,40.69004],[-73.75158,40.69035],[-73.75291,40.69313],[-73.75375,40.69289],[-73.75423,40.6939],[-73.75396,40.69397],[-73.75464,40.69549],[-73.75642,40.69503],[-73.75616,40.69436],[-73.7573,40.69406],[-73.75687,40.69317],[-73.7611,40.69199],[-73.76238,40.69167],[-73.76374,40.6918],[-73.76539,40.69206],[-73.76521,40.69279],[-73.76642,40.69385],[-73.76929,40.69665],[-73.76858,40.69703],[-73.76354,40.69781],[-73.76282,40.69872],[-73.76261,40.6987],[-73.76319,40.6996],[-73.76377,40.70026],[-73.7641,40.70057],[-73.76613,40.70233],[-73.76721,40.70337],[-73.76785,40.70362],[-73.77186,40.70464],[-73.77582,40.70538],[-73.7765,40.70724]]]}},{"type":"Feature","properties":{"std_name":"Assembly District 20","std_geoid":"36020","pen":"politicians","std_note":null,"LSAD":"L3"},"geometry":{"type":"Polygon","coordinates":[[[-73.76881,40.62403],[-73.76883,40.6241],[-73.76878,40.6242],[-73.76876,40.62435],[-73.76865,40.62447],[-73.7686,40.62473],[-73.76833,40.6251],[-73.76825,40.6254],[-73.76815,40.62545],[-73.76778,40.62591],[-73.76776,40.62611],[-73.76743,40.62661],[-73.748,40.63463],[-73.74602,40.63521],[-73.74418,40.63736],[-73.7433,40.63805],[-73.74236,40.63809],[-73.7415,40.63785],[-73.7412,40.63759],[-73.74119,40.63741],[-73.74127,40.63726],[-73.74208,40.63638],[-73.74258,40.63565],[-73.74267,40.63541],[-73.74265,40.63504],[-73.74224,40.63485],[-73.74168,40.63484],[-73.73996,40.63514],[-73.73947,40.63571],[-73.74126,40.63891],[-73.74228,40.64012],[-73.74143,40.6405],[-73.74205,40.64147],[-73.74166,40.6422],[-73.74144,40.64609],[-73.74144,40.64689],[-73.73905,40.6482],[-73.73513,40.64973],[-73.73221,40.65009],[-73.73232,40.64965],[-73.7322,40.64946],[-73.73182,40.64951],[-73.73164,40.64892],[-73.73128,40.64811],[-73.7305,40.64829],[-73.72952,40.64842],[-73.72909,40.64852],[-73.72862,40.64868],[-73.72802,40.64897],[-73.72673,40.64752],[-73.72647,40.64714],[-73.72607,40.64728],[-73.72528,40.64621],[-73.72522,40.64592],[-73.72532,40.64549],[-73.7257,40.64483],[-73.72522,40.64466],[-73.7247,40.64451],[-73.72442,40.64446],[-73.72364,40.64442],[-73.72275,40.64452],[-73.72134,40.64494],[-73.71987,40.64514],[-73.71958,40.64523],[-73.71915,40.64542],[-73.71866,40.64569],[-73.71663,40.64628],[-73.71571,40.6466],[-73.71548,40.64673],[-73.71568,40.64694],[-73.71533,40.64725],[-73.71504,40.64762],[-73.71482,40.64755],[-73.7128,40.65058],[-73.7121,40.65015],[-73.71176,40.65005],[-73.70869,40.64966],[-73.70834,40.64915],[-73.70781,40.64855],[-73.70746,40.64799],[-73.70735,40.64776],[-73.70554,40.64493],[-73.70297,40.6449],[-73.70184,40.64501],[-73.70184,40.64472],[-73.70131,40.64496],[-73.69978,40.64551],[-73.6969,40.64636],[-73.69524,40.64689],[-73.69503,40.64693],[-73.69415,40.64725],[-73.69314,40.64621],[-73.69279,40.64597],[-73.69271,40.64585],[-73.6926,40.64556],[-73.69142,40.64405],[-73.6913,40.64384],[-73.69124,40.64346],[-73.6914,40.64293],[-73.69046,40.64302],[-73.69038,40.64092],[-73.68911,40.64098],[-73.68858,40.64095],[-73.68699,40.64067],[-73.68489,40.64035],[-73.68467,40.64034],[-73.6844,40.64027],[-73.68389,40.64023],[-73.68252,40.64018],[-73.67996,40.64003],[-73.67825,40.63999],[-73.67713,40.6403],[-73.6754,40.64091],[-73.67287,40.6416],[-73.67116,40.64189],[-73.6696,40.64208],[-73.66706,40.64204],[-73.6657,40.6415],[-73.66419,40.64097],[-73.66316,40.64082],[-73.66092,40.64085],[-73.65884,40.64074],[-73.65767,40.6408],[-73.65656,40.64082],[-73.65795,40.64265],[-73.65701,40.64256],[-73.65635,40.64263],[-73.65626,40.64272],[-73.65632,40.64297],[-73.65656,40.64322],[-73.65788,40.64363],[-73.65764,40.64427],[-73.65713,40.64464],[-73.65656,40.64537],[-73.65617,40.64574],[-73.65545,40.64661],[-73.6553,40.64695],[-73.65532,40.64798],[-73.65492,40.64749],[-73.65484,40.64745],[-73.65457,40.64746],[-73.65418,40.64752],[-73.65355,40.64768],[-73.65272,40.64775],[-73.65255,40.64824],[-73.652,40.6478],[-73.6502,40.64761],[-73.64951,40.64736],[-73.64821,40.64722],[-73.64705,40.64787],[-73.64666,40.64771],[-73.64541,40.64752],[-73.64473,40.64746],[-73.6422,40.64748],[-73.64096,40.64742],[-73.64081,40.64744],[-73.64056,40.64756],[-73.64032,40.64724],[-73.6397,40.64744],[-73.63919,40.64745],[-73.63825,40.64728],[-73.63836,40.64637],[-73.63478,40.64522],[-73.63423,40.64507],[-73.6339,40.64504],[-73.63378,40.64607],[-73.633,40.64806],[-73.62756,40.64703],[-73.62695,40.64886],[-73.62228,40.64913],[-73.62224,40.64883],[-73.61909,40.64902],[-73.61878,40.64615],[-73.61892,40.64612],[-73.61866,40.64374],[-73.61795,40.64379],[-73.61779,40.64254],[-73.61792,40.64249],[-73.61795,40.64236],[-73.61731,40.64187],[-73.61727,40.64175],[-73.61758,40.64048],[-73.61722,40.64047],[-73.61726,40.63984],[-73.61688,40.63818],[-73.61862,40.63785],[-73.62141,40.6377],[-73.62159,40.63755],[-73.62179,40.63728],[-73.62235,40.63672],[-73.62526,40.6336],[-73.62709,40.63218],[-73.62851,40.63127],[-73.63198,40.63061],[-73.63432,40.63008],[-73.63778,40.62977],[-73.641,40.62969],[-73.64109,40.62844],[-73.64105,40.62817],[-73.64102,40.62807],[-73.63988,40.6261],[-73.63975,40.62584],[-73.63969,40.62562],[-73.63964,40.62499],[-73.63966,40.62463],[-73.64136,40.61787],[-73.64151,40.61751],[-73.64177,40.61708],[-73.64201,40.61678],[-73.6416,40.61624],[-73.64111,40.61541],[-73.63999,40.61314],[-73.63784,40.61223],[-73.6356,40.61197],[-73.63532,40.61183],[-73.63484,40.61183],[-73.6346,40.6116],[-73.63451,40.61122],[-73.63455,40.61042],[-73.63322,40.61068],[-73.63187,40.6095],[-73.63307,40.6037],[-73.63617,40.6],[-73.63757,40.59584],[-73.63755,40.59569],[-73.62407,40.59683],[-73.62089,40.59714],[-73.61562,40.59735],[-73.61157,40.59735],[-73.60111,40.59606],[-73.58609,40.59448],[-73.57411,40.59587],[-73.57441,40.58528],[-73.57441,40.57465],[-73.57486,40.5527],[-73.57488,40.53064],[-73.62457,40.53451],[-73.70609,40.53454],[-73.76878,40.53375],[-73.76763,40.53715],[-73.76493,40.5444],[-73.76223,40.5502],[-73.75826,40.55536],[-73.7557,40.57869],[-73.7555,40.58539],[-73.75212,40.58818],[-73.74775,40.5915],[-73.74447,40.5929],[-73.74324,40.59284],[-73.73718,40.59296],[-73.73741,40.59343],[-73.73764,40.59441],[-73.73808,40.59459],[-73.73846,40.59587],[-73.73844,40.59781],[-73.73826,40.60256],[-73.73846,40.60284],[-73.73852,40.60313],[-73.73923,40.60403],[-73.73946,40.60424],[-73.74029,40.6046],[-73.74115,40.60546],[-73.74177,40.60602],[-73.74317,40.60718],[-73.74355,40.60745],[-73.7432,40.60771],[-73.74307,40.60789],[-73.74315,40.60796],[-73.74306,40.608],[-73.74553,40.61187],[-73.74675,40.6114],[-73.74694,40.61178],[-73.74712,40.61204],[-73.7475,40.61189],[-73.74799,40.61231],[-73.74822,40.61201],[-73.74912,40.61179],[-73.75009,40.61164],[-73.75346,40.61052],[-73.75473,40.61041],[-73.7552,40.61059],[-73.75723,40.61099],[-73.76002,40.61135],[-73.76208,40.61273],[-73.76524,40.61494],[-73.76672,40.615],[-73.76757,40.62148],[-73.76855,40.62315],[-73.76867,40.62359],[-73.76884,40.62395],[-73.76881,40.62403]]]}},{"type":"Feature","properties":{"std_name":"Assembly District 22","std_geoid":"36022","pen":"politicians","std_note":null,"LSAD":"L3"},"geometry":{"type":"Polygon","coordinates":[[[-73.73221,40.65009],[-73.73105,40.65023],[-73.72974,40.65056],[-73.72899,40.65084],[-73.72687,40.65154],[-73.72667,40.65169],[-73.72643,40.65179],[-73.72525,40.65219],[-73.72505,40.65234],[-73.72498,40.65268],[-73.72482,40.65302],[-73.72487,40.65345],[-73.72479,40.654],[-73.72534,40.65532],[-73.72593,40.65773],[-73.72644,40.65916],[-73.72721,40.66042],[-73.72793,40.66175],[-73.72833,40.66304],[-73.72808,40.66307],[-73.72781,40.66322],[-73.72776,40.66398],[-73.72784,40.66505],[-73.72822,40.66596],[-73.72827,40.66644],[-73.72822,40.66731],[-73.72826,40.66807],[-73.72794,40.67055],[-73.72794,40.67081],[-73.72791,40.67084],[-73.72753,40.67387],[-73.72756,40.6741],[-73.72744,40.67443],[-73.72654,40.67649],[-73.7262,40.67738],[-73.72563,40.67959],[-73.72591,40.68266],[-73.7258,40.68435],[-73.72591,40.68608],[-73.7262,40.68898],[-73.7265,40.69689],[-73.72654,40.69898],[-73.72665,40.70111],[-73.72678,40.70199],[-73.72673,40.70215],[-73.72705,40.7095],[-73.7269,40.70998],[-73.72697,40.71072],[-73.72732,40.71222],[-73.72918,40.71917],[-73.73033,40.72216],[-73.7295,40.72259],[-73.72923,40.7227],[-73.72603,40.72391],[-73.72553,40.72408],[-73.71999,40.7256],[-73.71753,40.72624],[-73.71649,40.72645],[-73.7105,40.72723],[-73.70766,40.72783],[-73.70765,40.7278],[-73.70674,40.72797],[-73.69759,40.72988],[-73.69747,40.72918],[-73.69721,40.7273],[-73.69933,40.7268],[-73.70083,40.72717],[-73.70198,40.72461],[-73.69973,40.72403],[-73.69902,40.72389],[-73.69571,40.72359],[-73.69544,40.72338],[-73.6943,40.72323],[-73.68831,40.72265],[-73.68808,40.72261],[-73.68811,40.72244],[-73.68687,40.72241],[-73.6869,40.72173],[-73.68275,40.72161],[-73.68294,40.71695],[-73.68291,40.71655],[-73.68235,40.71651],[-73.67796,40.71655],[-73.67669,40.71187],[-73.67548,40.70865],[-73.67586,40.70745],[-73.67595,40.70746],[-73.676,40.70736],[-73.67742,40.70419],[-73.67761,40.70386],[-73.67788,40.70354],[-73.68098,40.70118],[-73.67921,40.70045],[-73.67895,40.70076],[-73.67854,40.70076],[-73.66498,40.70045],[-73.66502,40.69938],[-73.66566,40.69879],[-73.66611,40.69831],[-73.66653,40.69745],[-73.66677,40.69624],[-73.66733,40.69628],[-73.66774,40.69623],[-73.66818,40.69633],[-73.66875,40.69636],[-73.66936,40.69632],[-73.66985,40.69622],[-73.66996,40.69646],[-73.67003,40.69655],[-73.67015,40.69659],[-73.67236,40.6969],[-73.67252,40.69682],[-73.67294,40.69572],[-73.67354,40.69585],[-73.6742,40.69423],[-73.67494,40.69085],[-73.67585,40.68877],[-73.6769,40.68728],[-73.67845,40.68531],[-73.67852,40.68527],[-73.6796,40.68387],[-73.68095,40.68167],[-73.68104,40.68148],[-73.68198,40.68083],[-73.68179,40.68078],[-73.68132,40.68057],[-73.68158,40.67952],[-73.68134,40.67829],[-73.68131,40.67689],[-73.68149,40.67641],[-73.682,40.67572],[-73.68311,40.67474],[-73.68467,40.67228],[-73.68609,40.67296],[-73.68668,40.67196],[-73.69208,40.67346],[-73.69199,40.67369],[-73.69384,40.67346],[-73.70049,40.65954],[-73.70102,40.65848],[-73.7011,40.65826],[-73.70111,40.65746],[-73.70046,40.65614],[-73.69993,40.65558],[-73.69876,40.65492],[-73.69558,40.65304],[-73.69394,40.65237],[-73.69399,40.64852],[-73.69392,40.64825],[-73.69383,40.64811],[-73.69343,40.6477],[-73.69431,40.64718],[-73.6969,40.64636],[-73.69978,40.64551],[-73.70131,40.64496],[-73.70184,40.64472],[-73.70184,40.64501],[-73.70297,40.6449],[-73.70554,40.64493],[-73.70735,40.64776],[-73.70746,40.64799],[-73.70781,40.64855],[-73.70834,40.64915],[-73.70869,40.64966],[-73.71176,40.65005],[-73.7121,40.65015],[-73.7128,40.65058],[-73.71482,40.64755],[-73.71504,40.64762],[-73.71533,40.64725],[-73.71568,40.64694],[-73.71548,40.64673],[-73.71571,40.6466],[-73.71663,40.64628],[-73.71866,40.64569],[-73.71915,40.64542],[-73.71958,40.64523],[-73.71987,40.64514],[-73.72134,40.64494],[-73.72244,40.6446],[-73.72303,40.64447],[-73.72364,40.64442],[-73.72397,40.64442],[-73.7247,40.64451],[-73.72522,40.64466],[-73.7257,40.64483],[-73.72532,40.64549],[-73.72522,40.64592],[-73.72528,40.64621],[-73.72607,40.64728],[-73.72647,40.64714],[-73.72673,40.64752],[-73.72802,40.64897],[-73.72862,40.64868],[-73.72909,40.64852],[-73.72952,40.64842],[-73.7305,40.64829],[-73.73128,40.64811],[-73.73164,40.64892],[-73.73182,40.64951],[-73.7322,40.64946],[-73.73232,40.64965],[-73.73221,40.65009]]]}},{"type":"Feature","properties":{"std_name":"Assembly District 19","std_geoid":"36019","pen":"politicians","std_note":null,"LSAD":"L3"},"geometry":{"type":"Polygon","coordinates":[[[-73.70794,40.72777],[-73.70518,40.73193],[-73.70051,40.73906],[-73.70034,40.73895],[-73.69538,40.73257],[-73.69202,40.73409],[-73.68862,40.73519],[-73.68455,40.73616],[-73.68462,40.73633],[-73.6813,40.73703],[-73.68201,40.73903],[-73.68236,40.73966],[-73.68282,40.74099],[-73.68295,40.74094],[-73.68346,40.74228],[-73.68437,40.7448],[-73.68417,40.74481],[-73.6842,40.74488],[-73.68535,40.74816],[-73.68749,40.74689],[-73.68764,40.74704],[-73.68787,40.74711],[-73.68802,40.74725],[-73.68805,40.74771],[-73.68888,40.74999],[-73.69049,40.74963],[-73.69052,40.75004],[-73.69057,40.75017],[-73.6905,40.7504],[-73.69039,40.75134],[-73.6904,40.75153],[-73.69055,40.75195],[-73.69066,40.75209],[-73.69045,40.75288],[-73.68958,40.75365],[-73.68913,40.75433],[-73.689,40.75465],[-73.68778,40.75479],[-73.68708,40.7549],[-73.68614,40.75498],[-73.68237,40.75505],[-73.68142,40.75497],[-73.68098,40.75488],[-73.68073,40.75475],[-73.68003,40.75467],[-73.67755,40.75318],[-73.67622,40.75233],[-73.67457,40.75138],[-73.67314,40.75048],[-73.67082,40.74907],[-73.6704,40.74849],[-73.66992,40.74803],[-73.66903,40.74733],[-73.66678,40.74575],[-73.66603,40.74527],[-73.66347,40.74379],[-73.66197,40.74306],[-73.66157,40.74289],[-73.66112,40.74277],[-73.65986,40.74257],[-73.65766,40.74363],[-73.65724,40.7438],[-73.65749,40.74429],[-73.65755,40.7445],[-73.6579,40.74632],[-73.65791,40.74655],[-73.65787,40.7471],[-73.65747,40.74912],[-73.6574,40.75011],[-73.65741,40.75057],[-73.6579,40.75321],[-73.65464,40.75382],[-73.65321,40.75403],[-73.65359,40.75576],[-73.65371,40.75581],[-73.65389,40.75652],[-73.65345,40.75657],[-73.65359,40.75703],[-73.65376,40.75706],[-73.65346,40.75709],[-73.65386,40.75933],[-73.65425,40.76181],[-73.65431,40.76206],[-73.65494,40.76199],[-73.65494,40.76218],[-73.65511,40.76216],[-73.65516,40.76287],[-73.65499,40.7629],[-73.65098,40.763],[-73.64942,40.76421],[-73.64857,40.76455],[-73.64896,40.76611],[-73.64941,40.76606],[-73.64987,40.76607],[-73.65076,40.76596],[-73.65132,40.7686],[-73.64817,40.76899],[-73.6485,40.77007],[-73.63671,40.77162],[-73.63089,40.77227],[-73.62578,40.77218],[-73.62576,40.77083],[-73.62532,40.76473],[-73.62514,40.76354],[-73.62496,40.76282],[-73.62463,40.76191],[-73.62325,40.75875],[-73.62301,40.75831],[-73.6228,40.75799],[-73.62187,40.75711],[-73.62127,40.75661],[-73.6197,40.7574],[-73.61964,40.7573],[-73.61786,40.75826],[-73.61707,40.75874],[-73.61637,40.75908],[-73.6146,40.75991],[-73.61326,40.76048],[-73.61195,40.76092],[-73.61067,40.76132],[-73.60689,40.76226],[-73.6055,40.76252],[-73.60488,40.75898],[-73.60472,40.75827],[-73.60455,40.75805],[-73.60402,40.75676],[-73.60335,40.75494],[-73.60233,40.75238],[-73.60141,40.74987],[-73.60097,40.74986],[-73.60131,40.74966],[-73.6007,40.74838],[-73.60028,40.74784],[-73.60016,40.74756],[-73.60008,40.74726],[-73.60014,40.7469],[-73.60013,40.74572],[-73.59874,40.74597],[-73.59304,40.74716],[-73.59255,40.74723],[-73.5913,40.74731],[-73.58904,40.74731],[-73.58856,40.74736],[-73.5877,40.74755],[-73.58575,40.74809],[-73.58098,40.74925],[-73.57702,40.75002],[-73.57453,40.75047],[-73.57087,40.75106],[-73.56945,40.75143],[-73.56591,40.75272],[-73.56281,40.7537],[-73.56092,40.75427],[-73.55918,40.75473],[-73.55476,40.75565],[-73.55321,40.75595],[-73.55302,40.75534],[-73.55294,40.75499],[-73.5529,40.75431],[-73.55304,40.75309],[-73.55302,40.75231],[-73.55293,40.75143],[-73.55238,40.74754],[-73.55194,40.74412],[-73.55191,40.74366],[-73.55194,40.74336],[-73.55211,40.74276],[-73.55263,40.7416],[-73.55282,40.74081],[-73.55335,40.73804],[-73.5541,40.73439],[-73.55421,40.73373],[-73.55512,40.72961],[-73.55533,40.72907],[-73.55608,40.72773],[-73.5564,40.72695],[-73.55654,40.72644],[-73.55694,40.72514],[-73.56148,40.72466],[-73.57564,40.72326],[-73.57695,40.72305],[-73.57762,40.72291],[-73.58317,40.72155],[-73.58495,40.72098],[-73.59094,40.71884],[-73.59261,40.71829],[-73.59932,40.71587],[-73.60359,40.71437],[-73.60636,40.72135],[-73.60763,40.72109],[-73.60792,40.72184],[-73.60909,40.72078],[-73.60908,40.72072],[-73.61164,40.72103],[-73.61163,40.72151],[-73.6117,40.72151],[-73.61245,40.72137],[-73.61331,40.72115],[-73.61347,40.72116],[-73.61404,40.72102],[-73.61405,40.72106],[-73.61804,40.72004],[-73.62319,40.71889],[-73.62387,40.7187],[-73.62435,40.71862],[-73.62895,40.71762],[-73.62888,40.71747],[-73.62895,40.71744],[-73.6288,40.71708],[-73.62981,40.71748],[-73.63005,40.71749],[-73.62995,40.71738],[-73.63071,40.71704],[-73.63092,40.71699],[-73.63378,40.71578],[-73.6339,40.71568],[-73.63701,40.71431],[-73.63706,40.71399],[-73.63728,40.71381],[-73.63739,40.7135],[-73.6372,40.71328],[-73.63581,40.71102],[-73.63565,40.71071],[-73.63302,40.70632],[-73.63439,40.70588],[-73.63643,40.70511],[-73.63731,40.7049],[-73.63791,40.70449],[-73.64063,40.70338],[-73.64108,40.70257],[-73.64165,40.70171],[-73.6425,40.70056],[-73.64572,40.69562],[-73.64624,40.69488],[-73.64624,40.6951],[-73.64857,40.69159],[-73.64962,40.68996],[-73.64945,40.68992],[-73.65075,40.68802],[-73.65184,40.68626],[-73.65223,40.68631],[-73.65953,40.68782],[-73.65962,40.68766],[-73.65976,40.68751],[-73.65995,40.68735],[-73.66021,40.68719],[-73.66049,40.68708],[-73.66104,40.68695],[-73.66119,40.68695],[-73.66147,40.68683],[-73.66194,40.68651],[-73.66211,40.68634],[-73.66226,40.68615],[-73.66246,40.68572],[-73.66277,40.68462],[-73.66672,40.68349],[-73.66713,40.68332],[-73.6676,40.68298],[-73.66835,40.68303],[-73.6736,40.68304],[-73.67423,40.68306],[-73.67483,40.68312],[-73.67767,40.68359],[-73.67863,40.68364],[-73.67979,40.68356],[-73.6796,40.68387],[-73.67852,40.68527],[-73.67845,40.68531],[-73.6769,40.68728],[-73.67585,40.68877],[-73.67494,40.69085],[-73.6742,40.69423],[-73.67354,40.69585],[-73.67294,40.69572],[-73.67252,40.69682],[-73.67236,40.6969],[-73.67015,40.69659],[-73.67003,40.69655],[-73.66996,40.69646],[-73.66985,40.69622],[-73.66936,40.69632],[-73.66875,40.69636],[-73.66818,40.69633],[-73.66774,40.69623],[-73.66733,40.69628],[-73.66677,40.69624],[-73.66653,40.69745],[-73.66611,40.69831],[-73.66566,40.69879],[-73.66502,40.69938],[-73.66498,40.70045],[-73.67854,40.70076],[-73.67895,40.70076],[-73.67921,40.70045],[-73.68098,40.70118],[-73.67788,40.70354],[-73.67761,40.70386],[-73.67742,40.70419],[-73.676,40.70736],[-73.67595,40.70746],[-73.67586,40.70745],[-73.67548,40.70865],[-73.67669,40.71187],[-73.67796,40.71655],[-73.68235,40.71651],[-73.68291,40.71655],[-73.68294,40.71695],[-73.68275,40.72161],[-73.6869,40.72173],[-73.68687,40.72241],[-73.68811,40.72244],[-73.68808,40.72261],[-73.68831,40.72265],[-73.6943,40.72323],[-73.69544,40.72338],[-73.69571,40.72359],[-73.69902,40.72389],[-73.69973,40.72403],[-73.70198,40.72461],[-73.70083,40.72717],[-73.69933,40.7268],[-73.69721,40.7273],[-73.69747,40.72918],[-73.69759,40.72988],[-73.70674,40.72797],[-73.70765,40.7278],[-73.70766,40.72783],[-73.70794,40.72777]]]}},{"type":"Feature","properties":{"std_name":"Assembly District 21","std_geoid":"36021","pen":"politicians","std_note":null,"LSAD":"L3"},"geometry":{"type":"Polygon","coordinates":[[[-73.70111,40.65746],[-73.7011,40.65826],[-73.70102,40.65848],[-73.70049,40.65954],[-73.69384,40.67346],[-73.69199,40.67369],[-73.69208,40.67346],[-73.68668,40.67196],[-73.68609,40.67296],[-73.68467,40.67228],[-73.68311,40.67474],[-73.682,40.67572],[-73.68149,40.67641],[-73.68131,40.67689],[-73.68134,40.67829],[-73.68158,40.67952],[-73.68132,40.68057],[-73.68179,40.68078],[-73.68198,40.68083],[-73.68104,40.68148],[-73.68095,40.68167],[-73.67979,40.68356],[-73.67863,40.68364],[-73.67767,40.68359],[-73.67483,40.68312],[-73.67423,40.68306],[-73.6736,40.68304],[-73.66835,40.68303],[-73.6676,40.68298],[-73.66713,40.68332],[-73.66672,40.68349],[-73.66277,40.68462],[-73.66246,40.68572],[-73.66226,40.68615],[-73.66211,40.68634],[-73.66194,40.68651],[-73.66147,40.68683],[-73.66119,40.68695],[-73.66104,40.68695],[-73.66049,40.68708],[-73.66021,40.68719],[-73.65995,40.68735],[-73.65976,40.68751],[-73.65962,40.68766],[-73.65953,40.68782],[-73.65235,40.68634],[-73.65253,40.68552],[-73.65262,40.68499],[-73.65267,40.68431],[-73.65282,40.68333],[-73.65488,40.68356],[-73.65864,40.68132],[-73.66191,40.67941],[-73.66255,40.67908],[-73.66253,40.67905],[-73.66232,40.67669],[-73.66246,40.67525],[-73.66198,40.67388],[-73.66198,40.6737],[-73.66143,40.67383],[-73.66014,40.6711],[-73.65943,40.6699],[-73.65881,40.66915],[-73.65819,40.66798],[-73.65857,40.66774],[-73.65877,40.66766],[-73.65939,40.6675],[-73.65942,40.66644],[-73.65933,40.66571],[-73.65921,40.6653],[-73.65843,40.66445],[-73.65765,40.66315],[-73.65742,40.66294],[-73.65676,40.66347],[-73.65662,40.66347],[-73.6556,40.66392],[-73.65553,40.66434],[-73.65458,40.66544],[-73.65433,40.6661],[-73.654,40.66677],[-73.65413,40.66747],[-73.65362,40.66819],[-73.65384,40.66826],[-73.65295,40.66981],[-73.65187,40.671],[-73.64987,40.6726],[-73.65126,40.67489],[-73.64573,40.67144],[-73.64474,40.67149],[-73.64435,40.67133],[-73.64358,40.67147],[-73.64249,40.67295],[-73.64231,40.67315],[-73.64073,40.67453],[-73.64045,40.675],[-73.63923,40.67762],[-73.63778,40.67988],[-73.6375,40.68024],[-73.63684,40.6809],[-73.63668,40.68109],[-73.63655,40.68133],[-73.63617,40.68241],[-73.6342,40.68642],[-73.63324,40.68817],[-73.63296,40.689],[-73.63298,40.68926],[-73.63277,40.69003],[-73.63195,40.68998],[-73.63107,40.68984],[-73.63041,40.68966],[-73.62866,40.689],[-73.62591,40.68807],[-73.62516,40.68787],[-73.62413,40.6877],[-73.6232,40.68922],[-73.62065,40.68891],[-73.62036,40.69032],[-73.61406,40.68955],[-73.61404,40.68967],[-73.61072,40.68926],[-73.60988,40.68939],[-73.61056,40.69097],[-73.60852,40.69147],[-73.60822,40.6908],[-73.60798,40.69007],[-73.60773,40.68927],[-73.60759,40.68853],[-73.60758,40.68823],[-73.60772,40.6853],[-73.60759,40.68478],[-73.60648,40.68228],[-73.60643,40.68201],[-73.60654,40.68115],[-73.60657,40.68046],[-73.60663,40.68013],[-73.60679,40.67992],[-73.60738,40.67892],[-73.60745,40.67838],[-73.60769,40.67729],[-73.60778,40.67708],[-73.60825,40.67657],[-73.60873,40.67591],[-73.60884,40.67569],[-73.60896,40.67502],[-73.6095,40.67382],[-73.61051,40.67265],[-73.61069,40.67238],[-73.60615,40.6731],[-73.60609,40.67294],[-73.60392,40.6729],[-73.60279,40.67299],[-73.60208,40.67331],[-73.60198,40.67292],[-73.60175,40.67247],[-73.60149,40.67226],[-73.60081,40.67189],[-73.60138,40.67035],[-73.60141,40.67002],[-73.60148,40.6685],[-73.60129,40.667],[-73.60128,40.6659],[-73.60114,40.66553],[-73.60093,40.66512],[-73.60158,40.66368],[-73.60163,40.66312],[-73.60161,40.66264],[-73.60166,40.66165],[-73.60154,40.66068],[-73.60117,40.66028],[-73.60022,40.65968],[-73.60007,40.65946],[-73.59971,40.65915],[-73.59894,40.65828],[-73.59822,40.65774],[-73.59117,40.65876],[-73.59123,40.659],[-73.58876,40.65938],[-73.58827,40.65747],[-73.58826,40.6573],[-73.58584,40.65741],[-73.58527,40.65737],[-73.58422,40.65735],[-73.58397,40.65737],[-73.5837,40.65745],[-73.58355,40.65753],[-73.58325,40.65727],[-73.5819,40.65748],[-73.57898,40.65472],[-73.57747,40.65301],[-73.57585,40.6515],[-73.57576,40.65126],[-73.57574,40.65112],[-73.57576,40.65066],[-73.57609,40.64925],[-73.57609,40.64908],[-73.57595,40.64776],[-73.57582,40.64707],[-73.5756,40.64522],[-73.57742,40.64504],[-73.57724,40.64431],[-73.57696,40.64279],[-73.57686,40.64256],[-73.57674,40.64247],[-73.57653,40.64241],[-73.57453,40.64262],[-73.57445,40.64249],[-73.57421,40.64232],[-73.57373,40.64221],[-73.57348,40.64207],[-73.57336,40.6419],[-73.57277,40.63872],[-73.57691,40.63857],[-73.57403,40.62771],[-73.57404,40.62744],[-73.57335,40.62498],[-73.57298,40.62502],[-73.57307,40.624],[-73.57726,40.62337],[-73.57957,40.6274],[-73.58247,40.6266],[-73.58567,40.6259],[-73.58622,40.62555],[-73.58584,40.62551],[-73.58563,40.62523],[-73.58536,40.62512],[-73.58509,40.62491],[-73.58521,40.62459],[-73.58587,40.62397],[-73.58638,40.62384],[-73.58635,40.62448],[-73.58653,40.62459],[-73.58737,40.6248],[-73.58734,40.62487],[-73.59006,40.62322],[-73.59385,40.61981],[-73.60177,40.6194],[-73.60517,40.6197],[-73.61067,40.6213],[-73.61367,40.6247],[-73.61668,40.62899],[-73.61675,40.62952],[-73.61634,40.62995],[-73.61634,40.63056],[-73.61644,40.6318],[-73.61638,40.63188],[-73.61629,40.63216],[-73.61596,40.6328],[-73.61593,40.6333],[-73.6168,40.63533],[-73.61704,40.63624],[-73.61699,40.63669],[-73.61692,40.63692],[-73.61682,40.63785],[-73.61683,40.63796],[-73.61726,40.63984],[-73.61722,40.64047],[-73.61758,40.64048],[-73.61727,40.64175],[-73.61731,40.64187],[-73.61795,40.64236],[-73.61792,40.64249],[-73.61779,40.64254],[-73.61795,40.64379],[-73.61866,40.64374],[-73.61892,40.64612],[-73.61878,40.64615],[-73.61909,40.64902],[-73.62224,40.64883],[-73.62228,40.64913],[-73.62695,40.64886],[-73.62756,40.64703],[-73.633,40.64806],[-73.63378,40.64607],[-73.6339,40.64504],[-73.63423,40.64507],[-73.63478,40.64522],[-73.63836,40.64637],[-73.63825,40.64728],[-73.63919,40.64745],[-73.6397,40.64744],[-73.64032,40.64724],[-73.64056,40.64756],[-73.64081,40.64744],[-73.64096,40.64742],[-73.6422,40.64748],[-73.64473,40.64746],[-73.64541,40.64752],[-73.64666,40.64771],[-73.64705,40.64787],[-73.64821,40.64722],[-73.64951,40.64736],[-73.6502,40.64761],[-73.652,40.6478],[-73.65255,40.64824],[-73.65272,40.64775],[-73.65355,40.64768],[-73.65418,40.64752],[-73.65457,40.64746],[-73.65484,40.64745],[-73.65492,40.64749],[-73.65532,40.64798],[-73.6553,40.64695],[-73.65545,40.64661],[-73.65617,40.64574],[-73.65656,40.64537],[-73.65713,40.64464],[-73.65764,40.64427],[-73.65788,40.64363],[-73.65656,40.64322],[-73.65632,40.64297],[-73.65626,40.64272],[-73.65635,40.64263],[-73.65701,40.64256],[-73.65795,40.64265],[-73.65656,40.64082],[-73.65767,40.6408],[-73.65884,40.64074],[-73.66092,40.64085],[-73.66316,40.64082],[-73.66419,40.64097],[-73.6657,40.6415],[-73.66706,40.64204],[-73.6696,40.64208],[-73.67116,40.64189],[-73.67287,40.6416],[-73.6754,40.64091],[-73.67713,40.6403],[-73.67825,40.63999],[-73.67996,40.64003],[-73.68252,40.64018],[-73.68389,40.64023],[-73.6844,40.64027],[-73.68467,40.64034],[-73.68489,40.64035],[-73.68699,40.64067],[-73.68858,40.64095],[-73.68911,40.64098],[-73.69038,40.64092],[-73.69046,40.64302],[-73.6914,40.64293],[-73.69124,40.64346],[-73.6913,40.64384],[-73.69142,40.64405],[-73.6926,40.64556],[-73.69271,40.64585],[-73.69279,40.64597],[-73.69314,40.64621],[-73.69415,40.64725],[-73.69343,40.6477],[-73.69383,40.64811],[-73.69392,40.64825],[-73.69399,40.64852],[-73.69394,40.65237],[-73.69558,40.65304],[-73.69876,40.65492],[-73.69993,40.65558],[-73.70046,40.65614],[-73.70106,40.65734],[-73.70111,40.65746]]]}},{"type":"Feature","properties":{"std_name":"Assembly District 18","std_geoid":"36018","pen":"politicians","std_note":null,"LSAD":"L3"},"geometry":{"type":"Polygon","coordinates":[[[-73.66255,40.67908],[-73.66191,40.67941],[-73.65864,40.68132],[-73.65488,40.68356],[-73.65282,40.68333],[-73.65267,40.68431],[-73.65262,40.68499],[-73.65253,40.68552],[-73.65235,40.68634],[-73.65184,40.68626],[-73.65075,40.68802],[-73.64945,40.68992],[-73.64962,40.68996],[-73.64857,40.69159],[-73.64624,40.6951],[-73.64624,40.69488],[-73.64572,40.69562],[-73.6425,40.70056],[-73.64165,40.70171],[-73.64108,40.70257],[-73.64063,40.70338],[-73.63791,40.70449],[-73.63731,40.7049],[-73.63643,40.70511],[-73.63439,40.70588],[-73.63302,40.70632],[-73.63565,40.71071],[-73.63581,40.71102],[-73.6372,40.71328],[-73.63739,40.7135],[-73.63728,40.71381],[-73.63706,40.71399],[-73.63701,40.71431],[-73.6339,40.71568],[-73.63378,40.71578],[-73.63092,40.71699],[-73.63071,40.71704],[-73.62995,40.71738],[-73.63005,40.71749],[-73.62981,40.71748],[-73.6288,40.71708],[-73.62895,40.71744],[-73.62888,40.71747],[-73.62895,40.71762],[-73.62435,40.71862],[-73.62387,40.7187],[-73.62319,40.71889],[-73.61804,40.72004],[-73.61405,40.72106],[-73.61404,40.72102],[-73.61347,40.72116],[-73.61331,40.72115],[-73.61245,40.72137],[-73.6117,40.72151],[-73.61163,40.72151],[-73.61164,40.72103],[-73.60908,40.72072],[-73.60909,40.72078],[-73.60792,40.72184],[-73.60763,40.72109],[-73.60636,40.72135],[-73.60359,40.71437],[-73.59932,40.71587],[-73.59261,40.71829],[-73.59094,40.71884],[-73.58495,40.72098],[-73.58317,40.72155],[-73.58052,40.72219],[-73.58065,40.719],[-73.58069,40.71686],[-73.58064,40.71572],[-73.58055,40.71498],[-73.58037,40.71396],[-73.57996,40.71227],[-73.57982,40.71231],[-73.57904,40.70912],[-73.57918,40.70904],[-73.5787,40.70706],[-73.57821,40.7048],[-73.57644,40.69583],[-73.57625,40.69499],[-73.57611,40.69446],[-73.57595,40.6945],[-73.57567,40.69349],[-73.57552,40.69312],[-73.5755,40.69289],[-73.57481,40.69062],[-73.57471,40.69038],[-73.57483,40.69009],[-73.57467,40.68955],[-73.57444,40.68773],[-73.57432,40.6872],[-73.57384,40.68583],[-73.5731,40.68411],[-73.57285,40.68337],[-73.57249,40.68208],[-73.57232,40.68109],[-73.57226,40.68045],[-73.57216,40.67853],[-73.57206,40.67768],[-73.57183,40.67633],[-73.57163,40.6754],[-73.5711,40.6736],[-73.57073,40.67259],[-73.56948,40.66975],[-73.56904,40.66852],[-73.56877,40.6673],[-73.56861,40.66624],[-73.56858,40.66523],[-73.56823,40.6652],[-73.56834,40.6626],[-73.56834,40.66198],[-73.56817,40.66001],[-73.56789,40.65831],[-73.56743,40.6561],[-73.56726,40.65557],[-73.56721,40.65526],[-73.56701,40.65465],[-73.56681,40.65387],[-73.56655,40.65303],[-73.56633,40.65212],[-73.56621,40.65185],[-73.56621,40.65164],[-73.56608,40.65093],[-73.56586,40.64923],[-73.56573,40.64723],[-73.56562,40.64641],[-73.56537,40.64531],[-73.56491,40.64405],[-73.56441,40.64307],[-73.56382,40.6421],[-73.5631,40.64075],[-73.56253,40.63935],[-73.56212,40.63799],[-73.5619,40.63696],[-73.56178,40.63615],[-73.56169,40.63482],[-73.56169,40.63395],[-73.56176,40.63307],[-73.56186,40.63229],[-73.56214,40.63103],[-73.56231,40.63044],[-73.56151,40.63023],[-73.56249,40.6298],[-73.56506,40.63093],[-73.57004,40.62853],[-73.57121,40.62544],[-73.57218,40.6253],[-73.57263,40.62499],[-73.57298,40.62502],[-73.57335,40.62498],[-73.57404,40.62744],[-73.57403,40.62771],[-73.57691,40.63857],[-73.57277,40.63872],[-73.57336,40.6419],[-73.57348,40.64207],[-73.57373,40.64221],[-73.57421,40.64232],[-73.57445,40.64249],[-73.57453,40.64262],[-73.57653,40.64241],[-73.57674,40.64247],[-73.57686,40.64256],[-73.57696,40.64279],[-73.57724,40.64431],[-73.57742,40.64504],[-73.5756,40.64522],[-73.57582,40.64707],[-73.57595,40.64776],[-73.57609,40.64908],[-73.57609,40.64925],[-73.57576,40.65066],[-73.57574,40.65112],[-73.57576,40.65126],[-73.57585,40.6515],[-73.57747,40.65301],[-73.57898,40.65472],[-73.5819,40.65748],[-73.58325,40.65727],[-73.58355,40.65753],[-73.5837,40.65745],[-73.58397,40.65737],[-73.58422,40.65735],[-73.58527,40.65737],[-73.58584,40.65741],[-73.58826,40.6573],[-73.58827,40.65747],[-73.58876,40.65938],[-73.59123,40.659],[-73.59117,40.65876],[-73.59822,40.65774],[-73.59894,40.65828],[-73.59971,40.65915],[-73.60007,40.65946],[-73.60022,40.65968],[-73.60117,40.66028],[-73.60154,40.66068],[-73.60166,40.66165],[-73.60161,40.66264],[-73.60163,40.66312],[-73.60158,40.66368],[-73.60093,40.66512],[-73.60114,40.66553],[-73.60128,40.6659],[-73.60129,40.667],[-73.60148,40.6685],[-73.60141,40.67002],[-73.60138,40.67035],[-73.60081,40.67189],[-73.60149,40.67226],[-73.60175,40.67247],[-73.60198,40.67292],[-73.60208,40.67331],[-73.60279,40.67299],[-73.60392,40.6729],[-73.60609,40.67294],[-73.60615,40.6731],[-73.61069,40.67238],[-73.61051,40.67265],[-73.6095,40.67382],[-73.60896,40.67502],[-73.60884,40.67569],[-73.60873,40.67591],[-73.60825,40.67657],[-73.60778,40.67708],[-73.60769,40.67729],[-73.60745,40.67838],[-73.60738,40.67892],[-73.60679,40.67992],[-73.60663,40.68013],[-73.60657,40.68046],[-73.60654,40.68115],[-73.60643,40.68201],[-73.60648,40.68228],[-73.60759,40.68478],[-73.60772,40.6853],[-73.60758,40.68823],[-73.60759,40.68853],[-73.60773,40.68927],[-73.60798,40.69007],[-73.60822,40.6908],[-73.60852,40.69147],[-73.61056,40.69097],[-73.60988,40.68939],[-73.61072,40.68926],[-73.61404,40.68967],[-73.61406,40.68955],[-73.62036,40.69032],[-73.62065,40.68891],[-73.6232,40.68922],[-73.62413,40.6877],[-73.62516,40.68787],[-73.62591,40.68807],[-73.62866,40.689],[-73.63041,40.68966],[-73.63107,40.68984],[-73.63195,40.68998],[-73.63277,40.69003],[-73.63298,40.68926],[-73.63296,40.689],[-73.63324,40.68817],[-73.6342,40.68642],[-73.63617,40.68241],[-73.63655,40.68133],[-73.63668,40.68109],[-73.63684,40.6809],[-73.6375,40.68024],[-73.63778,40.67988],[-73.63923,40.67762],[-73.64045,40.675],[-73.64073,40.67453],[-73.64231,40.67315],[-73.64249,40.67295],[-73.64358,40.67147],[-73.64435,40.67133],[-73.64474,40.67149],[-73.64573,40.67144],[-73.65126,40.67489],[-73.64987,40.6726],[-73.65187,40.671],[-73.65295,40.66981],[-73.65384,40.66826],[-73.65362,40.66819],[-73.65413,40.66747],[-73.654,40.66677],[-73.65433,40.6661],[-73.65458,40.66544],[-73.65553,40.66434],[-73.6556,40.66392],[-73.65662,40.66347],[-73.65676,40.66347],[-73.65742,40.66294],[-73.65765,40.66315],[-73.65843,40.66445],[-73.65921,40.6653],[-73.65933,40.66571],[-73.65942,40.66644],[-73.65939,40.6675],[-73.65877,40.66766],[-73.65857,40.66774],[-73.65819,40.66798],[-73.65881,40.66915],[-73.65943,40.6699],[-73.66014,40.6711],[-73.66143,40.67383],[-73.66198,40.6737],[-73.66198,40.67388],[-73.66246,40.67525],[-73.66232,40.67669],[-73.66253,40.67905],[-73.66255,40.67908]]]}}]}