{"type":"FeatureCollection","features":[{"type":"Feature","properties":{"std_name":"Monmouth County","std_geoid":"34025","pen":"politicians","std_note":null,"LSAD":"06","NAME":"Monmouth"},"geometry":{"type":"Polygon","coordinates":[[[-74.03864,40.10446],[-74.03993,40.1041],[-74.04052,40.10404],[-74.04412,40.10533],[-74.04572,40.10529],[-74.0467,40.10502],[-74.0477,40.10462],[-74.04978,40.10406],[-74.05094,40.10366],[-74.05127,40.10344],[-74.05155,40.10307],[-74.05202,40.10264],[-74.05217,40.10256],[-74.05236,40.10245],[-74.05535,40.10127],[-74.05578,40.10106],[-74.0563,40.10065],[-74.05648,40.10046],[-74.05674,40.09978],[-74.05679,40.09786],[-74.05715,40.09749],[-74.05783,40.09721],[-74.05891,40.09686],[-74.05987,40.0967],[-74.06058,40.09663],[-74.06111,40.09643],[-74.06149,40.09603],[-74.06176,40.09526],[-74.06209,40.09473],[-74.06233,40.09447],[-74.06297,40.09406],[-74.06325,40.09392],[-74.06417,40.09357],[-74.06461,40.09333],[-74.06513,40.09311],[-74.06564,40.09283],[-74.0661,40.09251],[-74.06639,40.09223],[-74.0674,40.09139],[-74.06835,40.09069],[-74.06953,40.08985],[-74.07025,40.08941],[-74.07066,40.08926],[-74.07098,40.08919],[-74.07129,40.08917],[-74.07198,40.08928],[-74.07237,40.08938],[-74.07282,40.08968],[-74.07353,40.09034],[-74.0739,40.09077],[-74.07484,40.09142],[-74.07594,40.09186],[-74.07792,40.09254],[-74.07892,40.09317],[-74.07986,40.09395],[-74.08045,40.09432],[-74.08097,40.0945],[-74.08186,40.09467],[-74.0823,40.09483],[-74.08312,40.0953],[-74.08351,40.09556],[-74.08385,40.09584],[-74.08439,40.09637],[-74.0856,40.09762],[-74.08681,40.09905],[-74.08711,40.09932],[-74.08898,40.10128],[-74.08966,40.10205],[-74.09001,40.10247],[-74.09133,40.10466],[-74.09165,40.10512],[-74.09239,40.106],[-74.09298,40.10654],[-74.09322,40.10668],[-74.09365,40.10704],[-74.09396,40.10723],[-74.09422,40.10751],[-74.09438,40.10791],[-74.09451,40.10813],[-74.09458,40.10857],[-74.09445,40.1093],[-74.09413,40.10979],[-74.09393,40.11025],[-74.09418,40.11221],[-74.09426,40.11234],[-74.0948,40.11288],[-74.09493,40.11322],[-74.09494,40.11338],[-74.09447,40.11403],[-74.09428,40.11444],[-74.09406,40.115],[-74.09405,40.11521],[-74.09409,40.11541],[-74.09428,40.11583],[-74.09433,40.11602],[-74.09568,40.11763],[-74.09605,40.11825],[-74.09615,40.11847],[-74.09638,40.11934],[-74.0965,40.11956],[-74.09682,40.12039],[-74.09698,40.12103],[-74.09702,40.12158],[-74.09703,40.12183],[-74.09696,40.12229],[-74.09685,40.12275],[-74.09651,40.12366],[-74.0963,40.12408],[-74.09621,40.12457],[-74.09619,40.12476],[-74.09661,40.12566],[-74.09659,40.12582],[-74.09644,40.12628],[-74.09609,40.12666],[-74.09591,40.127],[-74.09587,40.12717],[-74.09588,40.12733],[-74.09586,40.12762],[-74.09566,40.12817],[-74.09565,40.12831],[-74.09573,40.12853],[-74.09592,40.12874],[-74.09649,40.12902],[-74.09676,40.12909],[-74.09696,40.12911],[-74.0971,40.12908],[-74.09733,40.12903],[-74.0975,40.12894],[-74.09771,40.12872],[-74.09778,40.12843],[-74.09776,40.128],[-74.09789,40.12772],[-74.09815,40.12755],[-74.09865,40.12756],[-74.09904,40.12778],[-74.09941,40.12824],[-74.09986,40.12869],[-74.1005,40.12926],[-74.10067,40.1296],[-74.10094,40.13001],[-74.10141,40.13017],[-74.10207,40.13024],[-74.10236,40.13039],[-74.10273,40.13071],[-74.10289,40.1309],[-74.10319,40.13108],[-74.10333,40.13126],[-74.10333,40.13149],[-74.10325,40.13168],[-74.10314,40.13177],[-74.10285,40.13191],[-74.10265,40.13206],[-74.10259,40.13215],[-74.1026,40.13223],[-74.10278,40.13233],[-74.10373,40.13238],[-74.10385,40.13247],[-74.10386,40.13266],[-74.10351,40.13293],[-74.10307,40.13291],[-74.10292,40.13293],[-74.10287,40.13307],[-74.10313,40.13358],[-74.1033,40.13378],[-74.10329,40.13397],[-74.10323,40.13419],[-74.10335,40.13441],[-74.10447,40.13451],[-74.10458,40.13491],[-74.10441,40.13509],[-74.10439,40.13526],[-74.10454,40.13543],[-74.10484,40.13553],[-74.10524,40.13553],[-74.10554,40.13547],[-74.1059,40.13531],[-74.10605,40.13533],[-74.10634,40.13558],[-74.10635,40.13569],[-74.10647,40.13573],[-74.10692,40.13575],[-74.10705,40.13582],[-74.10717,40.13608],[-74.10717,40.13628],[-74.10712,40.13642],[-74.10714,40.13661],[-74.10734,40.13696],[-74.10746,40.13704],[-74.10767,40.13701],[-74.1078,40.13692],[-74.12234,40.12369],[-74.12955,40.11731],[-74.13031,40.11776],[-74.1316,40.11593],[-74.13231,40.11487],[-74.14408,40.10444],[-74.15032,40.09888],[-74.15201,40.09919],[-74.15301,40.09909],[-74.15325,40.09911],[-74.15381,40.0993],[-74.15427,40.09958],[-74.1544,40.09972],[-74.15437,40.09983],[-74.15447,40.09995],[-74.15444,40.10012],[-74.15457,40.10036],[-74.15481,40.10061],[-74.15494,40.1007],[-74.155,40.10091],[-74.15492,40.10128],[-74.15495,40.1014],[-74.15506,40.1016],[-74.15529,40.10178],[-74.15557,40.10189],[-74.15562,40.10195],[-74.15562,40.10201],[-74.15585,40.10233],[-74.15617,40.10267],[-74.15607,40.1029],[-74.15614,40.10311],[-74.15635,40.10318],[-74.1566,40.10313],[-74.15665,40.10306],[-74.15664,40.103],[-74.15655,40.10292],[-74.15654,40.10285],[-74.1566,40.10274],[-74.15686,40.10266],[-74.15717,40.10267],[-74.15737,40.10272],[-74.15771,40.10294],[-74.15784,40.10312],[-74.15787,40.1033],[-74.15784,40.1035],[-74.15771,40.10379],[-74.15787,40.10407],[-74.15802,40.1041],[-74.15801,40.10418],[-74.15818,40.1044],[-74.15821,40.10463],[-74.15812,40.10473],[-74.15808,40.10495],[-74.15816,40.10513],[-74.15845,40.10526],[-74.15852,40.10535],[-74.15858,40.10552],[-74.1587,40.10568],[-74.15876,40.10599],[-74.15896,40.10608],[-74.15912,40.10609],[-74.15924,40.10615],[-74.15928,40.10622],[-74.15939,40.1063],[-74.15937,40.10641],[-74.15947,40.10653],[-74.15962,40.1066],[-74.1597,40.10673],[-74.16012,40.10695],[-74.16051,40.1071],[-74.16074,40.10707],[-74.16094,40.10713],[-74.16154,40.10724],[-74.1618,40.10755],[-74.16203,40.10763],[-74.16231,40.10743],[-74.16231,40.1074],[-74.16245,40.10728],[-74.16263,40.10732],[-74.16288,40.10705],[-74.16308,40.10698],[-74.16334,40.10692],[-74.16361,40.10694],[-74.16389,40.1069],[-74.16429,40.10696],[-74.16437,40.10692],[-74.16481,40.10686],[-74.16482,40.10663],[-74.16492,40.10657],[-74.16531,40.10658],[-74.16554,40.10667],[-74.16582,40.10669],[-74.16589,40.1068],[-74.16593,40.10681],[-74.16611,40.10678],[-74.16617,40.10683],[-74.16627,40.10684],[-74.1667,40.1068],[-74.16712,40.10695],[-74.16718,40.10689],[-74.16747,40.10686],[-74.16757,40.10681],[-74.16816,40.10701],[-74.1683,40.1069],[-74.16842,40.10674],[-74.16854,40.10675],[-74.16888,40.10714],[-74.1691,40.10726],[-74.16923,40.10719],[-74.16938,40.1072],[-74.16956,40.10749],[-74.16973,40.10767],[-74.16979,40.1077],[-74.16998,40.10764],[-74.17005,40.10767],[-74.17013,40.10788],[-74.17023,40.10791],[-74.17089,40.10797],[-74.17127,40.10789],[-74.17144,40.10772],[-74.17152,40.10769],[-74.1719,40.10771],[-74.17199,40.10804],[-74.17236,40.10825],[-74.17273,40.10833],[-74.17412,40.10834],[-74.17431,40.10845],[-74.17452,40.10862],[-74.17456,40.10876],[-74.17491,40.1091],[-74.17525,40.10915],[-74.17536,40.10929],[-74.17543,40.10933],[-74.17578,40.10931],[-74.17585,40.10933],[-74.17599,40.10951],[-74.17613,40.10964],[-74.17657,40.10968],[-74.17725,40.11007],[-74.17735,40.11003],[-74.17754,40.11004],[-74.17808,40.11036],[-74.17834,40.11068],[-74.17861,40.11092],[-74.17873,40.11094],[-74.17893,40.11087],[-74.17905,40.11088],[-74.17923,40.11095],[-74.17942,40.11095],[-74.17973,40.11073],[-74.18014,40.11064],[-74.1801,40.11052],[-74.18019,40.11048],[-74.18094,40.11051],[-74.18113,40.11059],[-74.18139,40.11062],[-74.18178,40.11061],[-74.18216,40.11049],[-74.18263,40.11012],[-74.18275,40.11011],[-74.18306,40.11017],[-74.18308,40.11047],[-74.18316,40.11064],[-74.18331,40.1106],[-74.1835,40.11045],[-74.1839,40.11069],[-74.18458,40.11071],[-74.18457,40.11095],[-74.18481,40.11103],[-74.1849,40.11095],[-74.18501,40.11092],[-74.18514,40.11098],[-74.18542,40.11131],[-74.18558,40.11137],[-74.18603,40.11122],[-74.18619,40.11099],[-74.18642,40.11093],[-74.18678,40.11096],[-74.18747,40.11138],[-74.18759,40.11135],[-74.1877,40.11122],[-74.18776,40.11118],[-74.18797,40.11112],[-74.1881,40.11118],[-74.18819,40.11133],[-74.18847,40.11143],[-74.18855,40.1114],[-74.18864,40.11115],[-74.1887,40.1111],[-74.18901,40.1111],[-74.18913,40.11105],[-74.18918,40.11087],[-74.18928,40.11072],[-74.18943,40.11067],[-74.18953,40.11075],[-74.18952,40.11085],[-74.18945,40.11093],[-74.18951,40.11105],[-74.18964,40.11115],[-74.18985,40.11123],[-74.19015,40.11121],[-74.19036,40.1113],[-74.19049,40.11122],[-74.1907,40.11122],[-74.19095,40.11142],[-74.19107,40.11148],[-74.19116,40.11147],[-74.1913,40.11129],[-74.19139,40.11122],[-74.1915,40.11118],[-74.19161,40.1112],[-74.19196,40.11107],[-74.19212,40.11109],[-74.19232,40.11118],[-74.19234,40.11126],[-74.19239,40.11131],[-74.19251,40.1113],[-74.19255,40.1112],[-74.19262,40.11115],[-74.19276,40.11117],[-74.19289,40.11136],[-74.19324,40.11104],[-74.19338,40.11104],[-74.19355,40.11115],[-74.1933,40.11129],[-74.19327,40.11138],[-74.19345,40.11171],[-74.1937,40.11187],[-74.19368,40.11201],[-74.1938,40.11209],[-74.19384,40.11209],[-74.19396,40.11193],[-74.19405,40.11194],[-74.19412,40.11201],[-74.19408,40.11219],[-74.19412,40.11223],[-74.1942,40.11223],[-74.19425,40.11213],[-74.19529,40.11184],[-74.19533,40.11163],[-74.19547,40.11153],[-74.19579,40.11147],[-74.19585,40.11151],[-74.19599,40.11151],[-74.19609,40.11147],[-74.1961,40.11134],[-74.19629,40.11129],[-74.19639,40.11132],[-74.19648,40.1114],[-74.19669,40.11151],[-74.19686,40.11173],[-74.19729,40.11165],[-74.19741,40.11169],[-74.19751,40.1118],[-74.19771,40.11177],[-74.19805,40.11199],[-74.1981,40.11199],[-74.19811,40.1119],[-74.19803,40.11177],[-74.19801,40.11163],[-74.19814,40.11149],[-74.1982,40.11149],[-74.19847,40.11161],[-74.1988,40.11181],[-74.19927,40.11178],[-74.19992,40.1118],[-74.20033,40.11199],[-74.20062,40.112],[-74.20091,40.11196],[-74.20154,40.11201],[-74.20163,40.11212],[-74.2018,40.11207],[-74.20188,40.11217],[-74.20184,40.11228],[-74.20187,40.11234],[-74.20169,40.11237],[-74.20167,40.11241],[-74.20169,40.11243],[-74.20198,40.11248],[-74.20224,40.11228],[-74.20224,40.11223],[-74.20236,40.11205],[-74.20239,40.11191],[-74.20261,40.11191],[-74.20305,40.11205],[-74.20333,40.1122],[-74.20359,40.11219],[-74.20359,40.11225],[-74.20365,40.11228],[-74.20369,40.11243],[-74.20389,40.11255],[-74.20427,40.11253],[-74.20435,40.11249],[-74.20434,40.11241],[-74.2044,40.11239],[-74.20444,40.11241],[-74.20475,40.11238],[-74.20506,40.11248],[-74.20537,40.11247],[-74.2054,40.11242],[-74.20531,40.11236],[-74.2053,40.11228],[-74.20538,40.11221],[-74.20549,40.11219],[-74.20559,40.11213],[-74.206,40.11218],[-74.20612,40.11228],[-74.20623,40.11228],[-74.2064,40.11215],[-74.20658,40.1119],[-74.20669,40.11173],[-74.20673,40.11155],[-74.20687,40.11156],[-74.20717,40.11141],[-74.20728,40.11149],[-74.20771,40.11154],[-74.20823,40.11151],[-74.20831,40.11141],[-74.20829,40.11117],[-74.20847,40.11117],[-74.20874,40.11104],[-74.20887,40.11092],[-74.20892,40.11071],[-74.20906,40.11062],[-74.20916,40.11061],[-74.20936,40.11069],[-74.20944,40.11083],[-74.2095,40.11087],[-74.20959,40.11082],[-74.20967,40.1106],[-74.20973,40.11058],[-74.21008,40.11066],[-74.21035,40.11067],[-74.21062,40.11075],[-74.21073,40.11075],[-74.21124,40.11053],[-74.21144,40.1105],[-74.21155,40.11045],[-74.21179,40.1103],[-74.21192,40.11014],[-74.21224,40.1101],[-74.21246,40.11012],[-74.21255,40.11003],[-74.21264,40.11],[-74.21281,40.11012],[-74.21286,40.1101],[-74.21297,40.1099],[-74.21319,40.10995],[-74.21328,40.11002],[-74.21378,40.11019],[-74.21394,40.1101],[-74.21404,40.11009],[-74.21414,40.11],[-74.21448,40.11011],[-74.21483,40.10999],[-74.21492,40.11001],[-74.21518,40.10991],[-74.21529,40.10993],[-74.21528,40.11012],[-74.21538,40.11016],[-74.21582,40.11],[-74.21615,40.10992],[-74.21659,40.10996],[-74.217,40.10993],[-74.21713,40.11002],[-74.21719,40.11018],[-74.21737,40.11017],[-74.21748,40.11008],[-74.21765,40.11002],[-74.21777,40.11004],[-74.21792,40.11022],[-74.21834,40.11023],[-74.2185,40.11013],[-74.21894,40.11004],[-74.22069,40.10994],[-74.22076,40.10991],[-74.22086,40.10974],[-74.22109,40.10983],[-74.22119,40.10983],[-74.2213,40.10981],[-74.22142,40.10965],[-74.22164,40.1096],[-74.22187,40.10967],[-74.22193,40.10965],[-74.22205,40.10946],[-74.22237,40.10943],[-74.22254,40.10946],[-74.2228,40.1096],[-74.22287,40.10957],[-74.2229,40.10946],[-74.22321,40.10944],[-74.22329,40.10925],[-74.22353,40.10937],[-74.22362,40.10932],[-74.22381,40.10941],[-74.22388,40.1094],[-74.22413,40.10921],[-74.22433,40.10915],[-74.22441,40.10898],[-74.22449,40.10894],[-74.22466,40.10896],[-74.22479,40.10908],[-74.225,40.10913],[-74.22533,40.10912],[-74.22545,40.10924],[-74.22559,40.10932],[-74.22568,40.1092],[-74.2261,40.1093],[-74.2262,40.10936],[-74.22638,40.10913],[-74.22656,40.10914],[-74.22684,40.10906],[-74.22703,40.10909],[-74.22709,40.10919],[-74.227,40.10939],[-74.22701,40.10948],[-74.22706,40.10953],[-74.22764,40.10956],[-74.22795,40.10973],[-74.22799,40.10978],[-74.22825,40.10989],[-74.22833,40.10995],[-74.22842,40.10995],[-74.22864,40.10987],[-74.22888,40.10987],[-74.229,40.10982],[-74.22904,40.10964],[-74.22915,40.10956],[-74.2295,40.10965],[-74.22973,40.10967],[-74.22998,40.10977],[-74.23063,40.10956],[-74.23081,40.10966],[-74.23088,40.10977],[-74.23089,40.10993],[-74.23098,40.10996],[-74.23104,40.10994],[-74.23109,40.10983],[-74.23124,40.10989],[-74.23141,40.10978],[-74.23166,40.10984],[-74.23184,40.10981],[-74.23195,40.10985],[-74.23191,40.10995],[-74.23171,40.11011],[-74.23171,40.11017],[-74.23175,40.1102],[-74.23228,40.11009],[-74.23229,40.11016],[-74.23264,40.11017],[-74.23284,40.11022],[-74.233,40.11052],[-74.23322,40.11046],[-74.23332,40.1105],[-74.23332,40.11057],[-74.2332,40.11074],[-74.23325,40.11092],[-74.23358,40.1109],[-74.23407,40.11095],[-74.23423,40.11101],[-74.23434,40.1112],[-74.23435,40.11134],[-74.23461,40.11138],[-74.23551,40.1117],[-74.23565,40.11168],[-74.23571,40.1118],[-74.23579,40.11183],[-74.23601,40.11182],[-74.23645,40.11168],[-74.23654,40.11173],[-74.23678,40.11204],[-74.23683,40.11207],[-74.23688,40.1122],[-74.23695,40.11219],[-74.23692,40.11201],[-74.23713,40.11183],[-74.23724,40.11181],[-74.23738,40.11189],[-74.23746,40.11202],[-74.23734,40.11215],[-74.23732,40.11225],[-74.23739,40.11231],[-74.23747,40.11231],[-74.23753,40.11218],[-74.2376,40.11213],[-74.23796,40.11219],[-74.23807,40.11205],[-74.2382,40.112],[-74.23851,40.11211],[-74.23884,40.1123],[-74.23927,40.11228],[-74.23943,40.1123],[-74.2396,40.11238],[-74.23977,40.11285],[-74.23973,40.11301],[-74.23977,40.11306],[-74.23988,40.11297],[-74.23998,40.11296],[-74.2401,40.11288],[-74.24025,40.11303],[-74.24035,40.11306],[-74.24043,40.11316],[-74.24056,40.11355],[-74.24075,40.11387],[-74.24088,40.11398],[-74.24086,40.11406],[-74.2407,40.11414],[-74.24062,40.11422],[-74.24064,40.11426],[-74.24078,40.11433],[-74.24082,40.11444],[-74.241,40.11444],[-74.24108,40.11433],[-74.24118,40.1143],[-74.24152,40.11444],[-74.24192,40.11475],[-74.24207,40.11492],[-74.24216,40.1152],[-74.24227,40.11522],[-74.24248,40.11513],[-74.24259,40.11517],[-74.24275,40.11542],[-74.24282,40.11545],[-74.24283,40.11557],[-74.24294,40.11579],[-74.24309,40.11586],[-74.24342,40.11586],[-74.2436,40.11596],[-74.24374,40.1161],[-74.24387,40.1165],[-74.24389,40.11671],[-74.2443,40.11722],[-74.24428,40.11729],[-74.24433,40.1175],[-74.2443,40.1176],[-74.24408,40.11777],[-74.24404,40.11783],[-74.24405,40.11787],[-74.24421,40.11799],[-74.24449,40.11807],[-74.24458,40.11814],[-74.24468,40.11837],[-74.24469,40.11845],[-74.24464,40.11873],[-74.24454,40.11887],[-74.24438,40.11899],[-74.2442,40.11969],[-74.24408,40.11988],[-74.24407,40.11999],[-74.24436,40.1201],[-74.24448,40.12021],[-74.24446,40.12032],[-74.24364,40.12116],[-74.24359,40.12125],[-74.24368,40.1213],[-74.24367,40.12138],[-74.24362,40.1214],[-74.24348,40.12136],[-74.24344,40.1214],[-74.24338,40.12168],[-74.2434,40.1223],[-74.24326,40.12242],[-74.24326,40.12263],[-74.24312,40.12275],[-74.24291,40.12277],[-74.24288,40.12309],[-74.24271,40.1232],[-74.24265,40.12334],[-74.24249,40.12347],[-74.24218,40.12359],[-74.24189,40.12373],[-74.24182,40.12379],[-74.24188,40.12387],[-74.24221,40.12406],[-74.24225,40.12415],[-74.24225,40.12439],[-74.24241,40.12453],[-74.2424,40.12464],[-74.24222,40.12477],[-74.24221,40.12481],[-74.2425,40.1249],[-74.24254,40.12496],[-74.24252,40.125],[-74.24229,40.12507],[-74.24231,40.12513],[-74.24241,40.12517],[-74.24245,40.12522],[-74.24249,40.12539],[-74.24247,40.12544],[-74.24236,40.12556],[-74.24201,40.1258],[-74.24198,40.12591],[-74.24201,40.12597],[-74.24213,40.12602],[-74.24256,40.12605],[-74.2426,40.12613],[-74.24263,40.12632],[-74.24261,40.12639],[-74.24255,40.12646],[-74.24234,40.12656],[-74.24221,40.12667],[-74.24194,40.12735],[-74.24182,40.12756],[-74.24186,40.12761],[-74.24195,40.12761],[-74.24218,40.12749],[-74.24229,40.12748],[-74.24238,40.12751],[-74.24253,40.12763],[-74.24263,40.12766],[-74.24265,40.12774],[-74.24258,40.12798],[-74.24271,40.12814],[-74.24273,40.12825],[-74.24268,40.12835],[-74.24248,40.12839],[-74.24225,40.12859],[-74.24217,40.12884],[-74.24198,40.12903],[-74.24196,40.12911],[-74.242,40.12928],[-74.24205,40.12934],[-74.24221,40.12942],[-74.24225,40.12947],[-74.24225,40.12978],[-74.24221,40.1299],[-74.24213,40.12994],[-74.24195,40.12984],[-74.24183,40.12983],[-74.24159,40.12994],[-74.24158,40.12998],[-74.24168,40.13009],[-74.24167,40.13025],[-74.24191,40.13027],[-74.24205,40.13036],[-74.24216,40.13048],[-74.24201,40.13056],[-74.24184,40.1307],[-74.2418,40.13075],[-74.24179,40.13089],[-74.24188,40.131],[-74.24227,40.13127],[-74.24233,40.13139],[-74.24242,40.13179],[-74.24259,40.13179],[-74.24281,40.13171],[-74.24303,40.13172],[-74.24322,40.13161],[-74.24333,40.13166],[-74.2436,40.1319],[-74.24368,40.13203],[-74.24366,40.13222],[-74.24388,40.13232],[-74.24397,40.13239],[-74.24399,40.13247],[-74.24392,40.13255],[-74.24392,40.13259],[-74.24413,40.13275],[-74.24417,40.13281],[-74.24414,40.13295],[-74.2438,40.13338],[-74.2438,40.13353],[-74.24383,40.13362],[-74.24397,40.13366],[-74.24413,40.13361],[-74.24424,40.13362],[-74.24424,40.13371],[-74.24411,40.13385],[-74.24409,40.13391],[-74.24413,40.13394],[-74.24427,40.13396],[-74.24451,40.13407],[-74.24495,40.13413],[-74.24516,40.13412],[-74.24532,40.13445],[-74.24535,40.1346],[-74.24529,40.13465],[-74.24505,40.13472],[-74.24504,40.13478],[-74.24558,40.13487],[-74.2459,40.13498],[-74.24591,40.13507],[-74.24587,40.13534],[-74.24572,40.13546],[-74.24571,40.13553],[-74.24578,40.13557],[-74.24629,40.13556],[-74.24643,40.13566],[-74.24645,40.13578],[-74.24641,40.1359],[-74.24632,40.13605],[-74.24653,40.13616],[-74.24643,40.1364],[-74.24671,40.13643],[-74.24659,40.13665],[-74.24683,40.13677],[-74.24683,40.13683],[-74.24671,40.13691],[-74.24668,40.13698],[-74.24673,40.13704],[-74.24688,40.13707],[-74.24689,40.1371],[-74.24687,40.13713],[-74.24649,40.13731],[-74.24642,40.1377],[-74.24652,40.13779],[-74.24672,40.13779],[-74.24682,40.13773],[-74.24692,40.13774],[-74.24694,40.13778],[-74.2469,40.13792],[-74.2471,40.138],[-74.24721,40.1381],[-74.24724,40.13824],[-74.24728,40.13829],[-74.24737,40.13835],[-74.24757,40.13839],[-74.24757,40.1385],[-74.24748,40.13862],[-74.24751,40.1388],[-74.2476,40.13892],[-74.2478,40.13899],[-74.24783,40.13902],[-74.24783,40.13914],[-74.24777,40.13934],[-74.24783,40.13951],[-74.24784,40.13964],[-74.24803,40.14004],[-74.24801,40.14017],[-74.24788,40.14036],[-74.24788,40.14044],[-74.248,40.14065],[-74.24836,40.14105],[-74.2485,40.14116],[-74.24864,40.14153],[-74.24887,40.14167],[-74.24906,40.14187],[-74.24919,40.14222],[-74.2494,40.14243],[-74.24931,40.14269],[-74.24946,40.1428],[-74.24947,40.14285],[-74.24942,40.14288],[-74.24929,40.14288],[-74.24922,40.14306],[-74.24905,40.14328],[-74.24898,40.14363],[-74.24901,40.14383],[-74.24917,40.14396],[-74.24924,40.14408],[-74.24949,40.14416],[-74.24993,40.14413],[-74.25023,40.14425],[-74.25041,40.14437],[-74.25042,40.1445],[-74.25051,40.14458],[-74.25061,40.14478],[-74.25077,40.14486],[-74.25135,40.14531],[-74.25137,40.14536],[-74.25118,40.1455],[-74.25121,40.14561],[-74.25114,40.1457],[-74.25092,40.14579],[-74.25095,40.14585],[-74.25109,40.14589],[-74.25114,40.14593],[-74.25106,40.14609],[-74.25114,40.14614],[-74.25114,40.14621],[-74.25119,40.1463],[-74.25112,40.14646],[-74.25122,40.14649],[-74.25133,40.1463],[-74.25175,40.14627],[-74.25194,40.14617],[-74.25205,40.14605],[-74.25212,40.14605],[-74.25241,40.1463],[-74.25242,40.14635],[-74.25236,40.14646],[-74.25238,40.14651],[-74.25302,40.14668],[-74.2531,40.14679],[-74.25314,40.14702],[-74.25338,40.14708],[-74.25342,40.14712],[-74.25345,40.14718],[-74.25344,40.14726],[-74.25326,40.14738],[-74.25323,40.14747],[-74.25344,40.14765],[-74.25372,40.14768],[-74.25439,40.14798],[-74.25456,40.14797],[-74.25526,40.14812],[-74.2554,40.14833],[-74.25554,40.14844],[-74.25574,40.14843],[-74.25582,40.14835],[-74.2559,40.14834],[-74.25607,40.14851],[-74.25605,40.14859],[-74.25607,40.14866],[-74.25621,40.14875],[-74.25636,40.14871],[-74.25639,40.14858],[-74.25643,40.14855],[-74.25664,40.14863],[-74.257,40.14883],[-74.257,40.14886],[-74.25692,40.14892],[-74.25693,40.14908],[-74.25699,40.14914],[-74.25714,40.14902],[-74.25728,40.14908],[-74.25735,40.14904],[-74.25738,40.14891],[-74.25761,40.14839],[-74.25773,40.14852],[-74.25812,40.14851],[-74.25859,40.14862],[-74.25875,40.14868],[-74.25887,40.14883],[-74.2592,40.14871],[-74.25934,40.14877],[-74.25955,40.14877],[-74.25981,40.14905],[-74.25984,40.14917],[-74.25981,40.14927],[-74.25968,40.14942],[-74.25966,40.14951],[-74.25947,40.1499],[-74.25901,40.15044],[-74.25906,40.15048],[-74.25929,40.15043],[-74.25933,40.15045],[-74.25941,40.15059],[-74.25928,40.15075],[-74.25927,40.15083],[-74.25947,40.15091],[-74.25947,40.15098],[-74.25951,40.15105],[-74.25948,40.15108],[-74.25911,40.15113],[-74.25897,40.15139],[-74.25899,40.15151],[-74.2589,40.15173],[-74.25868,40.15204],[-74.25849,40.1521],[-74.25848,40.15216],[-74.25853,40.15221],[-74.25889,40.15246],[-74.2593,40.15295],[-74.25941,40.15303],[-74.25983,40.15345],[-74.25985,40.15353],[-74.2598,40.15374],[-74.25982,40.15383],[-74.26,40.15416],[-74.25999,40.15442],[-74.26006,40.15472],[-74.26017,40.15483],[-74.2604,40.15493],[-74.26045,40.15507],[-74.26053,40.15521],[-74.26054,40.1553],[-74.2605,40.15541],[-74.26024,40.15554],[-74.26004,40.15572],[-74.26006,40.15622],[-74.26015,40.15638],[-74.26015,40.15649],[-74.26021,40.15661],[-74.2602,40.1567],[-74.26008,40.15678],[-74.25979,40.15687],[-74.25968,40.15737],[-74.25947,40.15753],[-74.2595,40.15789],[-74.25932,40.15806],[-74.25941,40.15825],[-74.25934,40.15829],[-74.25922,40.15825],[-74.25911,40.15825],[-74.2591,40.15831],[-74.25925,40.15846],[-74.25923,40.15854],[-74.25897,40.15875],[-74.25866,40.15883],[-74.25866,40.15892],[-74.25874,40.159],[-74.2588,40.15916],[-74.25859,40.15921],[-74.25861,40.15939],[-74.2585,40.15954],[-74.25859,40.15968],[-74.25856,40.15971],[-74.25835,40.15978],[-74.25833,40.15992],[-74.25819,40.16003],[-74.25818,40.16007],[-74.2585,40.16037],[-74.25866,40.16043],[-74.25892,40.16045],[-74.25895,40.16051],[-74.25892,40.16079],[-74.25884,40.16091],[-74.25865,40.16099],[-74.25858,40.16124],[-74.25847,40.16142],[-74.25847,40.16156],[-74.25853,40.1617],[-74.25875,40.16179],[-74.25887,40.16197],[-74.25905,40.16197],[-74.2592,40.16211],[-74.25932,40.16211],[-74.2596,40.16198],[-74.25971,40.16208],[-74.25972,40.16214],[-74.25961,40.16228],[-74.25957,40.16248],[-74.25981,40.16285],[-74.25985,40.16302],[-74.25977,40.16323],[-74.2596,40.16336],[-74.25962,40.16353],[-74.25953,40.16365],[-74.25948,40.16398],[-74.25952,40.16404],[-74.25987,40.16422],[-74.25998,40.16432],[-74.26002,40.16482],[-74.26013,40.16496],[-74.26054,40.1649],[-74.26067,40.16492],[-74.26065,40.1651],[-74.26075,40.16526],[-74.26076,40.16533],[-74.26073,40.16539],[-74.26061,40.16547],[-74.26061,40.16555],[-74.26079,40.16562],[-74.26083,40.1657],[-74.26063,40.16587],[-74.26063,40.16597],[-74.26075,40.16606],[-74.26077,40.16612],[-74.26075,40.16623],[-74.26058,40.16644],[-74.26058,40.16653],[-74.26086,40.16654],[-74.26089,40.16657],[-74.26087,40.16671],[-74.26095,40.16683],[-74.26132,40.16686],[-74.26145,40.16703],[-74.33991,40.16994],[-74.40029,40.17213],[-74.40671,40.1724],[-74.41305,40.16798],[-74.41899,40.16375],[-74.42405,40.16025],[-74.42898,40.15676],[-74.43344,40.15368],[-74.43908,40.14971],[-74.44026,40.14891],[-74.44297,40.14697],[-74.44367,40.14648],[-74.44433,40.14608],[-74.44816,40.14342],[-74.44874,40.14298],[-74.45878,40.13597],[-74.46297,40.13299],[-74.46804,40.12958],[-74.48056,40.12127],[-74.50741,40.10351],[-74.50875,40.10258],[-74.50974,40.10195],[-74.52806,40.0898],[-74.52896,40.08931],[-74.55311,40.07913],[-74.55926,40.08958],[-74.56243,40.09489],[-74.56566,40.10045],[-74.56924,40.10627],[-74.56937,40.10654],[-74.57264,40.11209],[-74.57951,40.12354],[-74.58251,40.12888],[-74.58406,40.13174],[-74.58428,40.13218],[-74.58574,40.13468],[-74.58659,40.13646],[-74.58734,40.13742],[-74.59748,40.1542],[-74.60403,40.16542],[-74.60903,40.1724],[-74.60905,40.17219],[-74.60929,40.17201],[-74.61458,40.18238],[-74.60982,40.18373],[-74.60424,40.18544],[-74.59964,40.18679],[-74.59709,40.18614],[-74.59547,40.17983],[-74.59368,40.17942],[-74.5891,40.18161],[-74.58885,40.18229],[-74.58841,40.18247],[-74.58796,40.1829],[-74.58725,40.18331],[-74.58714,40.18343],[-74.58707,40.1836],[-74.58681,40.18376],[-74.58636,40.18388],[-74.58603,40.18406],[-74.58582,40.18391],[-74.58574,40.18389],[-74.58567,40.18394],[-74.58556,40.18408],[-74.58527,40.18415],[-74.58507,40.18426],[-74.5841,40.18444],[-74.58364,40.18479],[-74.58269,40.18487],[-74.58243,40.18509],[-74.58219,40.18505],[-74.58195,40.18512],[-74.58184,40.18506],[-74.58166,40.18523],[-74.58147,40.18517],[-74.5814,40.18519],[-74.58126,40.18511],[-74.58083,40.18515],[-74.57903,40.18593],[-74.57875,40.186],[-74.57802,40.18609],[-74.57763,40.18618],[-74.57625,40.18675],[-74.57508,40.18683],[-74.57488,40.18688],[-74.57465,40.18685],[-74.5744,40.18702],[-74.57429,40.18704],[-74.57239,40.18639],[-74.57124,40.18529],[-74.56831,40.18684],[-74.56779,40.18709],[-74.56504,40.18822],[-74.56391,40.18891],[-74.56276,40.1898],[-74.56225,40.19029],[-74.56208,40.19051],[-74.56176,40.19105],[-74.56004,40.19478],[-74.55962,40.19557],[-74.55814,40.19821],[-74.55741,40.19942],[-74.55717,40.19976],[-74.55669,40.20031],[-74.55522,40.20172],[-74.55433,40.20262],[-74.5507,40.20608],[-74.55022,40.20648],[-74.5491,40.20709],[-74.54878,40.20739],[-74.5486,40.20768],[-74.54843,40.20809],[-74.54677,40.21265],[-74.54606,40.21403],[-74.54592,40.21427],[-74.54559,40.21465],[-74.54378,40.2163],[-74.54327,40.21669],[-74.48148,40.24289],[-74.48141,40.24315],[-74.48132,40.24321],[-74.48129,40.24342],[-74.48111,40.24374],[-74.4811,40.24392],[-74.48136,40.24472],[-74.48163,40.24541],[-74.4818,40.24594],[-74.48216,40.24639],[-74.48337,40.24751],[-74.48351,40.24779],[-74.48362,40.24792],[-74.48368,40.24809],[-74.48377,40.24813],[-74.48381,40.24819],[-74.48416,40.24837],[-74.48566,40.24882],[-74.48575,40.24891],[-74.4859,40.24918],[-74.48624,40.24954],[-74.4863,40.24965],[-74.48679,40.25098],[-74.48696,40.2513],[-74.48721,40.25156],[-74.48732,40.25184],[-74.48741,40.25313],[-74.48653,40.25331],[-74.48591,40.25336],[-74.47082,40.25261],[-74.4643,40.25225],[-74.46355,40.25217],[-74.46328,40.25211],[-74.46102,40.25112],[-74.46078,40.25136],[-74.45911,40.25204],[-74.44848,40.25657],[-74.39859,40.27743],[-74.39837,40.27788],[-74.39797,40.2782],[-74.39622,40.27853],[-74.39545,40.27882],[-74.39517,40.27889],[-74.3949,40.27902],[-74.39461,40.27909],[-74.3944,40.27921],[-74.39396,40.27931],[-74.39369,40.2794],[-74.39347,40.27952],[-74.39338,40.27964],[-74.39334,40.27985],[-74.39316,40.28024],[-74.39309,40.28054],[-74.39276,40.2811],[-74.39272,40.28141],[-74.3937,40.28249],[-74.39383,40.28274],[-74.39405,40.28285],[-74.39415,40.28294],[-74.39419,40.28329],[-74.3944,40.2837],[-74.3943,40.28452],[-74.39451,40.28487],[-74.39491,40.28588],[-74.39493,40.28609],[-74.3944,40.28751],[-74.39438,40.28771],[-74.3945,40.28781],[-74.39449,40.28789],[-74.39423,40.28839],[-74.37754,40.30543],[-74.3667,40.3139],[-74.36537,40.31484],[-74.36339,40.31639],[-74.36264,40.31708],[-74.33168,40.34121],[-74.32808,40.34407],[-74.32678,40.34506],[-74.31945,40.35083],[-74.26047,40.39662],[-74.24789,40.4066],[-74.24791,40.40812],[-74.24886,40.4088],[-74.24949,40.41023],[-74.24947,40.41114],[-74.24796,40.41219],[-74.24801,40.41612],[-74.2478,40.4312],[-74.24384,40.43534],[-74.23641,40.44344],[-74.23598,40.44346],[-74.23551,40.4437],[-74.23499,40.44365],[-74.2345,40.4438],[-74.23434,40.44381],[-74.23418,40.4436],[-74.23422,40.44338],[-74.23415,40.44325],[-74.23406,40.4432],[-74.23375,40.44311],[-74.23349,40.44314],[-74.23336,40.44325],[-74.23327,40.44343],[-74.23266,40.44389],[-74.23257,40.44402],[-74.23246,40.44427],[-74.23236,40.4444],[-74.23212,40.44447],[-74.23204,40.44453],[-74.23177,40.445],[-74.23171,40.44534],[-74.23129,40.4456],[-74.23083,40.44572],[-74.23029,40.44555],[-74.23,40.44552],[-74.22922,40.4452],[-74.22767,40.44464],[-74.22708,40.44452],[-74.22705,40.44454],[-74.22671,40.44455],[-74.22649,40.44463],[-74.22635,40.44478],[-74.22623,40.44485],[-74.22603,40.4451],[-74.22606,40.44532],[-74.226,40.44593],[-74.22596,40.44599],[-74.22583,40.44667],[-74.22568,40.44701],[-74.22552,40.4476],[-74.22532,40.448],[-74.22509,40.44828],[-74.22436,40.44891],[-74.22375,40.44912],[-74.22327,40.44933],[-74.22317,40.44945],[-74.22308,40.44967],[-74.22304,40.4501],[-74.22272,40.45114],[-74.22271,40.4513],[-74.22277,40.45149],[-74.22317,40.45201],[-74.22342,40.45218],[-74.22456,40.4525],[-74.22522,40.45256],[-74.22518,40.45259],[-74.22518,40.45267],[-74.22533,40.45284],[-74.22536,40.45299],[-74.22536,40.45305],[-74.22483,40.4533],[-74.22432,40.45308],[-74.22338,40.45253],[-74.22291,40.45231],[-74.22407,40.45713],[-74.2282,40.47762],[-74.22533,40.47658],[-74.04378,40.50783],[-73.97787,40.5191],[-73.90214,40.49212],[-73.88965,40.48651],[-73.88843,40.48405],[-73.88675,40.47589],[-73.88506,40.45278],[-73.88675,40.42423],[-73.88675,40.37511],[-73.88708,40.34501],[-73.89079,40.31069],[-73.89821,40.27435],[-73.90686,40.25011],[-73.91049,40.24174],[-73.93253,40.19229],[-73.93321,40.19021],[-73.94688,40.15438],[-73.96051,40.12511],[-73.96273,40.11991],[-73.96528,40.11295],[-73.96627,40.1086],[-73.96508,40.10089],[-73.96541,40.09764],[-73.99958,40.09766],[-74.00718,40.09772],[-74.02788,40.09922],[-74.03098,40.10061],[-74.0367,40.10343],[-74.03749,40.10404],[-74.03775,40.10421],[-74.03801,40.10432],[-74.03864,40.10446]]]}},{"type":"Feature","properties":{"std_name":"Middlesex County","std_geoid":"34023","pen":"politicians","std_note":null,"LSAD":"06","NAME":"Middlesex"},"geometry":{"type":"Polygon","coordinates":[[[-74.52669,40.55949],[-74.52667,40.56073],[-74.52492,40.56076],[-74.5248,40.56126],[-74.52451,40.56165],[-74.52449,40.56172],[-74.5245,40.56208],[-74.52443,40.56226],[-74.52452,40.56233],[-74.52454,40.56243],[-74.52472,40.56441],[-74.52478,40.56483],[-74.52513,40.56566],[-74.52546,40.56632],[-74.52555,40.56665],[-74.52554,40.56674],[-74.5253,40.56716],[-74.52534,40.56725],[-74.52573,40.56765],[-74.5258,40.56798],[-74.52589,40.56823],[-74.52586,40.56844],[-74.52574,40.5686],[-74.52528,40.56876],[-74.52497,40.56871],[-74.52462,40.56842],[-74.52438,40.56841],[-74.52406,40.56851],[-74.52389,40.56869],[-74.52364,40.56873],[-74.5236,40.56877],[-74.5235,40.56893],[-74.52348,40.56903],[-74.52391,40.56937],[-74.52394,40.56955],[-74.52389,40.56973],[-74.52383,40.5698],[-74.52327,40.5701],[-74.52314,40.57022],[-74.52301,40.57045],[-74.52299,40.5706],[-74.52304,40.57071],[-74.52325,40.57097],[-74.52324,40.57106],[-74.52269,40.57142],[-74.5224,40.57192],[-74.522,40.57224],[-74.5219,40.5724],[-74.52193,40.57255],[-74.52199,40.57264],[-74.52247,40.57293],[-74.52267,40.57311],[-74.52272,40.57325],[-74.5227,40.57338],[-74.52241,40.57366],[-74.52207,40.57385],[-74.52119,40.57398],[-74.5208,40.57418],[-74.52051,40.57446],[-74.52012,40.57505],[-74.51979,40.57545],[-74.5192,40.57606],[-74.51905,40.57619],[-74.51765,40.57703],[-74.51754,40.57715],[-74.51736,40.57752],[-74.51717,40.57777],[-74.51689,40.57796],[-74.5162,40.57832],[-74.51595,40.57853],[-74.51542,40.57941],[-74.51513,40.57977],[-74.51509,40.58],[-74.51515,40.58011],[-74.51521,40.58014],[-74.51566,40.5802],[-74.51588,40.58026],[-74.51605,40.58035],[-74.51627,40.58052],[-74.51632,40.5806],[-74.51636,40.58093],[-74.51633,40.58109],[-74.51623,40.58128],[-74.51615,40.58133],[-74.51592,40.58138],[-74.51481,40.58143],[-74.51454,40.5814],[-74.51375,40.58116],[-74.51359,40.58115],[-74.51343,40.5812],[-74.5131,40.58139],[-74.5126,40.58174],[-74.51197,40.58222],[-74.51155,40.58247],[-74.51115,40.58259],[-74.51059,40.58262],[-74.51038,40.58272],[-74.51029,40.58286],[-74.51023,40.58346],[-74.51019,40.58362],[-74.50995,40.58402],[-74.50978,40.58419],[-74.50793,40.58499],[-74.50779,40.58495],[-74.5074,40.58452],[-74.50724,40.58447],[-74.50703,40.5845],[-74.50687,40.58462],[-74.50674,40.58479],[-74.50663,40.58538],[-74.50655,40.58555],[-74.50644,40.58568],[-74.50594,40.58605],[-74.50526,40.58626],[-74.50499,40.5863],[-74.50479,40.58629],[-74.50458,40.58617],[-74.50405,40.5856],[-74.50386,40.58504],[-74.50377,40.58498],[-74.50362,40.58495],[-74.50321,40.58502],[-74.50312,40.58498],[-74.50308,40.58489],[-74.50306,40.58465],[-74.50294,40.58439],[-74.50263,40.58406],[-74.50235,40.58401],[-74.5021,40.5841],[-74.50195,40.58421],[-74.50189,40.58435],[-74.50168,40.58449],[-74.50171,40.58472],[-74.5014,40.58489],[-74.50138,40.58493],[-74.50141,40.58501],[-74.50154,40.5851],[-74.50198,40.58531],[-74.50198,40.58539],[-74.50195,40.58547],[-74.50171,40.58561],[-74.50136,40.58571],[-74.50075,40.58573],[-74.50044,40.58563],[-74.5003,40.58564],[-74.50012,40.58572],[-74.50005,40.58576],[-74.50004,40.58583],[-74.5004,40.58629],[-74.50043,40.58646],[-74.50039,40.58657],[-74.50028,40.58665],[-74.49994,40.58672],[-74.49947,40.58692],[-74.49931,40.58693],[-74.49922,40.58686],[-74.49926,40.58673],[-74.49938,40.58664],[-74.4994,40.58657],[-74.49924,40.58618],[-74.49843,40.58588],[-74.49808,40.5858],[-74.49798,40.58581],[-74.4979,40.58586],[-74.49798,40.58622],[-74.49797,40.58628],[-74.49783,40.58634],[-74.49769,40.58634],[-74.49717,40.58611],[-74.49683,40.58608],[-74.49659,40.58612],[-74.49621,40.58636],[-74.4961,40.58638],[-74.49507,40.58646],[-74.49452,40.58644],[-74.49438,40.58652],[-74.49409,40.58711],[-74.49399,40.58719],[-74.49381,40.58729],[-74.49283,40.58749],[-74.49186,40.58746],[-74.49132,40.58755],[-74.49118,40.58754],[-74.49113,40.58742],[-74.49133,40.58725],[-74.49135,40.58712],[-74.49124,40.58695],[-74.49118,40.58671],[-74.49107,40.58662],[-74.4909,40.58656],[-74.49067,40.58651],[-74.4905,40.58653],[-74.49038,40.58662],[-74.49033,40.58671],[-74.49018,40.58717],[-74.49011,40.58727],[-74.48997,40.58726],[-74.48985,40.58706],[-74.48969,40.58695],[-74.48948,40.58695],[-74.48936,40.587],[-74.48931,40.58707],[-74.48931,40.58735],[-74.48928,40.58748],[-74.48907,40.58772],[-74.48892,40.58795],[-74.48884,40.588],[-74.48816,40.58812],[-74.48795,40.58812],[-74.48757,40.58829],[-74.48742,40.58827],[-74.48728,40.58821],[-74.48708,40.58819],[-74.48693,40.58823],[-74.48638,40.58847],[-74.48616,40.58845],[-74.4861,40.58841],[-74.48596,40.58821],[-74.48584,40.5882],[-74.48572,40.58824],[-74.48562,40.58835],[-74.48564,40.58851],[-74.4857,40.58869],[-74.48565,40.58882],[-74.48495,40.58892],[-74.48491,40.58896],[-74.48487,40.5891],[-74.48476,40.58918],[-74.48424,40.58923],[-74.48322,40.58943],[-74.48308,40.58951],[-74.48295,40.58965],[-74.48243,40.58984],[-74.48223,40.58995],[-74.48192,40.59041],[-74.48166,40.59065],[-74.48152,40.59085],[-74.48088,40.59111],[-74.4808,40.59134],[-74.4807,40.59149],[-74.48012,40.59169],[-74.47999,40.59179],[-74.47974,40.5921],[-74.47953,40.59223],[-74.47926,40.59229],[-74.47902,40.5923],[-74.47877,40.59242],[-74.47862,40.59259],[-74.47846,40.59284],[-74.47794,40.59315],[-74.47781,40.59339],[-74.47777,40.59384],[-74.4777,40.59398],[-74.47758,40.59408],[-74.47686,40.59447],[-74.47671,40.59482],[-74.47651,40.59514],[-74.4762,40.59504],[-74.47594,40.59506],[-74.47553,40.59536],[-74.47493,40.59557],[-74.47481,40.59575],[-74.47477,40.59598],[-74.47475,40.5962],[-74.47479,40.59638],[-74.47462,40.59641],[-74.47441,40.59651],[-74.47386,40.59701],[-74.47369,40.59711],[-74.47347,40.59714],[-74.47292,40.59715],[-74.47274,40.59719],[-74.4722,40.59754],[-74.47184,40.59768],[-74.47129,40.59764],[-74.47095,40.5977],[-74.47057,40.59788],[-74.47016,40.5983],[-74.46984,40.59844],[-74.46953,40.59846],[-74.46917,40.59844],[-74.46896,40.59831],[-74.46892,40.59811],[-74.46887,40.59802],[-74.46877,40.59797],[-74.46866,40.59796],[-74.46853,40.59806],[-74.46854,40.59826],[-74.46845,40.59837],[-74.46837,40.59839],[-74.46816,40.59823],[-74.46792,40.5982],[-74.46762,40.59837],[-74.4674,40.59864],[-74.46726,40.59866],[-74.46718,40.59861],[-74.46704,40.5982],[-74.46689,40.59801],[-74.46651,40.59783],[-74.46634,40.59778],[-74.46614,40.59779],[-74.46603,40.59783],[-74.46594,40.59791],[-74.46589,40.59808],[-74.46589,40.59836],[-74.46594,40.59853],[-74.46632,40.59883],[-74.46639,40.59892],[-74.46637,40.59902],[-74.46617,40.59909],[-74.46601,40.59909],[-74.46546,40.5989],[-74.46529,40.59893],[-74.46477,40.59916],[-74.46372,40.59909],[-74.4634,40.59912],[-74.46329,40.59919],[-74.45847,40.59481],[-74.4569,40.5958],[-74.45625,40.59586],[-74.4247,40.59851],[-74.42274,40.59865],[-74.3982,40.60069],[-74.35621,40.60428],[-74.32746,40.60664],[-74.31199,40.60796],[-74.31043,40.60806],[-74.30292,40.60868],[-74.30296,40.60728],[-74.3048,40.60667],[-74.30461,40.60656],[-74.30428,40.60621],[-74.30313,40.60571],[-74.30457,40.60229],[-74.30533,40.60059],[-74.30216,40.59886],[-74.30179,40.59873],[-74.30047,40.59835],[-74.29995,40.59812],[-74.29625,40.59563],[-74.29491,40.59485],[-74.29494,40.59478],[-74.29099,40.59193],[-74.27529,40.59461],[-74.27416,40.59477],[-74.27285,40.59506],[-74.26519,40.59634],[-74.26019,40.59723],[-74.25956,40.59731],[-74.25769,40.60228],[-74.2576,40.60227],[-74.25722,40.60211],[-74.25688,40.60204],[-74.25641,40.60203],[-74.25551,40.60211],[-74.25507,40.60207],[-74.25489,40.602],[-74.2543,40.60164],[-74.25358,40.601],[-74.25329,40.60084],[-74.25314,40.6008],[-74.25256,40.60073],[-74.25081,40.60071],[-74.25,40.60065],[-74.24849,40.60044],[-74.24608,40.5998],[-74.2455,40.59968],[-74.24409,40.59951],[-74.24287,40.59946],[-74.24199,40.59951],[-74.24145,40.59962],[-74.24111,40.59974],[-74.24032,40.6001],[-74.23952,40.6005],[-74.23906,40.60076],[-74.23883,40.60093],[-74.23864,40.60113],[-74.23796,40.60196],[-74.23762,40.60228],[-74.23737,40.60244],[-74.23705,40.60253],[-74.23668,40.60257],[-74.23631,40.60258],[-74.23564,40.60252],[-74.23538,40.60247],[-74.23503,40.60231],[-74.23482,40.60218],[-74.23461,40.60195],[-74.23436,40.60144],[-74.23399,40.60034],[-74.23388,40.60008],[-74.23372,40.59984],[-74.23342,40.59959],[-74.23296,40.59935],[-74.23255,40.5992],[-74.23073,40.59884],[-74.23017,40.59879],[-74.22974,40.59883],[-74.22816,40.59956],[-74.22722,40.5998],[-74.22655,40.59988],[-74.22579,40.59992],[-74.2231,40.59996],[-74.2213,40.60004],[-74.22021,40.60023],[-74.21956,40.60043],[-74.21871,40.60073],[-74.21835,40.60088],[-74.21796,40.60108],[-74.21767,40.60129],[-74.21738,40.60163],[-74.21728,40.6018],[-74.21712,40.60219],[-74.21688,40.60299],[-74.21668,40.6033],[-74.21642,40.60357],[-74.21599,40.60384],[-74.21559,40.60401],[-74.21515,40.60411],[-74.21464,40.60415],[-74.21424,40.60411],[-74.21376,40.60395],[-74.21336,40.60374],[-74.21304,40.60353],[-74.21276,40.6033],[-74.21266,40.60317],[-74.21247,40.60282],[-74.21234,40.60233],[-74.21223,40.60164],[-74.21206,40.59962],[-74.21184,40.59895],[-74.2115,40.59832],[-74.21085,40.59756],[-74.21037,40.59714],[-74.20963,40.59659],[-74.20879,40.59603],[-74.20764,40.59533],[-74.20495,40.59376],[-74.20329,40.59304],[-74.20724,40.58792],[-74.21014,40.57372],[-74.21457,40.56053],[-74.218,40.55706],[-74.23141,40.55918],[-74.24748,40.54938],[-74.25028,40.5423],[-74.24602,40.52096],[-74.2541,40.51566],[-74.25813,40.50872],[-74.25884,40.49887],[-74.25304,40.48666],[-74.2282,40.47762],[-74.22407,40.45713],[-74.22291,40.45231],[-74.22338,40.45253],[-74.22432,40.45308],[-74.22483,40.4533],[-74.22536,40.45305],[-74.22536,40.45299],[-74.22533,40.45284],[-74.22518,40.45267],[-74.22518,40.45259],[-74.22522,40.45256],[-74.22456,40.4525],[-74.22397,40.45231],[-74.22356,40.45223],[-74.22333,40.45213],[-74.22317,40.45201],[-74.22306,40.45186],[-74.22277,40.45149],[-74.22271,40.4513],[-74.22274,40.45105],[-74.22304,40.4501],[-74.22308,40.44967],[-74.22321,40.44939],[-74.2234,40.44927],[-74.22375,40.44912],[-74.22425,40.44896],[-74.22443,40.44886],[-74.22509,40.44828],[-74.22539,40.4479],[-74.22552,40.4476],[-74.22568,40.44701],[-74.22583,40.44667],[-74.22596,40.44599],[-74.226,40.44593],[-74.22606,40.44532],[-74.22603,40.4451],[-74.22623,40.44485],[-74.22635,40.44478],[-74.22643,40.44467],[-74.22671,40.44455],[-74.22705,40.44454],[-74.22708,40.44452],[-74.22767,40.44464],[-74.22922,40.4452],[-74.23,40.44552],[-74.23029,40.44555],[-74.23083,40.44572],[-74.23129,40.4456],[-74.23171,40.44534],[-74.23177,40.445],[-74.23204,40.44453],[-74.23212,40.44447],[-74.23236,40.4444],[-74.23246,40.44427],[-74.23257,40.44402],[-74.23266,40.44389],[-74.23327,40.44343],[-74.23336,40.44325],[-74.23349,40.44314],[-74.23375,40.44311],[-74.23406,40.4432],[-74.23415,40.44325],[-74.23422,40.44338],[-74.23418,40.4436],[-74.23434,40.44381],[-74.2345,40.4438],[-74.23499,40.44365],[-74.23551,40.4437],[-74.23598,40.44346],[-74.23641,40.44344],[-74.24384,40.43534],[-74.2478,40.4312],[-74.24801,40.41612],[-74.24796,40.41219],[-74.24947,40.41114],[-74.24949,40.41023],[-74.24886,40.4088],[-74.24791,40.40812],[-74.24789,40.4066],[-74.26047,40.39662],[-74.31945,40.35083],[-74.32678,40.34506],[-74.32808,40.34407],[-74.33168,40.34121],[-74.36264,40.31708],[-74.36339,40.31639],[-74.36537,40.31484],[-74.3667,40.3139],[-74.37754,40.30543],[-74.39423,40.28839],[-74.39449,40.28789],[-74.3945,40.28781],[-74.39438,40.28771],[-74.3944,40.28751],[-74.39493,40.28609],[-74.39491,40.28588],[-74.39451,40.28487],[-74.3943,40.28452],[-74.3944,40.2837],[-74.39419,40.28329],[-74.39415,40.28294],[-74.39405,40.28285],[-74.39383,40.28274],[-74.3937,40.28249],[-74.39272,40.28141],[-74.39276,40.2811],[-74.39309,40.28054],[-74.39316,40.28024],[-74.39334,40.27985],[-74.39338,40.27964],[-74.39347,40.27952],[-74.39369,40.2794],[-74.39396,40.27931],[-74.3944,40.27921],[-74.39461,40.27909],[-74.3949,40.27902],[-74.39517,40.27889],[-74.39545,40.27882],[-74.39622,40.27853],[-74.39797,40.2782],[-74.39837,40.27788],[-74.39859,40.27743],[-74.44848,40.25657],[-74.45911,40.25204],[-74.46078,40.25136],[-74.46102,40.25112],[-74.46328,40.25211],[-74.46355,40.25217],[-74.4643,40.25225],[-74.47082,40.25261],[-74.48496,40.25332],[-74.48406,40.25923],[-74.48376,40.26224],[-74.48237,40.27088],[-74.48212,40.27257],[-74.48218,40.27278],[-74.48208,40.273],[-74.48188,40.27325],[-74.48197,40.27345],[-74.48196,40.27375],[-74.48193,40.27382],[-74.48199,40.27391],[-74.48232,40.27379],[-74.48264,40.27377],[-74.48271,40.27381],[-74.48271,40.27392],[-74.48277,40.27396],[-74.48257,40.27418],[-74.48381,40.27462],[-74.48402,40.27465],[-74.48463,40.27465],[-74.48488,40.27474],[-74.48544,40.27471],[-74.48648,40.2749],[-74.48687,40.27501],[-74.48783,40.27551],[-74.48787,40.27576],[-74.48817,40.27602],[-74.4883,40.27643],[-74.4884,40.27661],[-74.48866,40.2768],[-74.48878,40.27698],[-74.48931,40.27724],[-74.48972,40.27736],[-74.48997,40.27738],[-74.49025,40.27736],[-74.49038,40.27743],[-74.49051,40.27759],[-74.49064,40.27766],[-74.49113,40.27766],[-74.49148,40.27761],[-74.49177,40.27769],[-74.49187,40.27778],[-74.4921,40.27785],[-74.49229,40.27812],[-74.4926,40.27824],[-74.49309,40.27829],[-74.49329,40.27817],[-74.49336,40.27817],[-74.49363,40.2784],[-74.49399,40.27833],[-74.49417,40.27848],[-74.49425,40.27866],[-74.49452,40.27873],[-74.49463,40.27883],[-74.49473,40.27888],[-74.49485,40.27888],[-74.49498,40.27885],[-74.49503,40.27882],[-74.49506,40.27874],[-74.49517,40.2787],[-74.49542,40.27871],[-74.49558,40.27877],[-74.49579,40.27875],[-74.49592,40.27877],[-74.49619,40.27893],[-74.49635,40.27929],[-74.49672,40.27939],[-74.49729,40.27976],[-74.49742,40.2799],[-74.49749,40.28003],[-74.49762,40.28053],[-74.4977,40.28062],[-74.49783,40.28068],[-74.49807,40.28064],[-74.4983,40.2805],[-74.4989,40.28046],[-74.49893,40.28042],[-74.49892,40.28037],[-74.49872,40.28021],[-74.49869,40.28014],[-74.49875,40.28005],[-74.49893,40.27998],[-74.49923,40.28005],[-74.49972,40.28003],[-74.5,40.28012],[-74.50017,40.28013],[-74.50021,40.28037],[-74.50058,40.2804],[-74.50108,40.27998],[-74.50129,40.27983],[-74.5013,40.27977],[-74.50121,40.27967],[-74.50124,40.27961],[-74.50163,40.27951],[-74.50181,40.27957],[-74.50197,40.27977],[-74.50205,40.2798],[-74.50215,40.27978],[-74.50229,40.27954],[-74.50242,40.27949],[-74.5026,40.2795],[-74.50309,40.27983],[-74.50311,40.2799],[-74.50301,40.28007],[-74.50305,40.28012],[-74.50343,40.28034],[-74.50352,40.28036],[-74.50368,40.28032],[-74.50381,40.28014],[-74.50393,40.28014],[-74.50403,40.28024],[-74.50402,40.28036],[-74.50397,40.28044],[-74.50402,40.28054],[-74.50466,40.2807],[-74.50513,40.28071],[-74.50559,40.28053],[-74.50594,40.28053],[-74.50616,40.28048],[-74.50638,40.28052],[-74.50654,40.28036],[-74.50672,40.28036],[-74.50679,40.2804],[-74.50693,40.28059],[-74.50696,40.28082],[-74.50706,40.2811],[-74.50704,40.28119],[-74.50692,40.28137],[-74.50699,40.28149],[-74.5071,40.28154],[-74.50784,40.28162],[-74.50821,40.28175],[-74.50871,40.28166],[-74.50882,40.28168],[-74.50884,40.28177],[-74.50878,40.28194],[-74.50871,40.28204],[-74.50853,40.28216],[-74.50852,40.28224],[-74.50859,40.28237],[-74.50879,40.2826],[-74.50895,40.28273],[-74.50972,40.28316],[-74.50987,40.28321],[-74.51025,40.28317],[-74.5105,40.28306],[-74.51088,40.28314],[-74.51115,40.28304],[-74.51123,40.28305],[-74.51129,40.28311],[-74.51134,40.28322],[-74.51144,40.28394],[-74.51161,40.28432],[-74.51177,40.28455],[-74.51173,40.28486],[-74.51175,40.28493],[-74.51214,40.28505],[-74.51237,40.28502],[-74.5125,40.28504],[-74.51256,40.28512],[-74.5126,40.28534],[-74.51256,40.28548],[-74.51246,40.28564],[-74.51263,40.28568],[-74.51268,40.28586],[-74.51274,40.28593],[-74.51297,40.28607],[-74.51319,40.28624],[-74.51344,40.28627],[-74.51348,40.2863],[-74.51369,40.28627],[-74.51386,40.28629],[-74.51407,40.28638],[-74.51414,40.28645],[-74.5143,40.28672],[-74.5149,40.28716],[-74.51507,40.28717],[-74.51558,40.28706],[-74.51599,40.28691],[-74.51627,40.28686],[-74.51641,40.28687],[-74.51677,40.28674],[-74.51708,40.28668],[-74.5173,40.28655],[-74.51741,40.28652],[-74.51747,40.28653],[-74.51755,40.28664],[-74.51768,40.28668],[-74.51788,40.28665],[-74.51837,40.2865],[-74.5185,40.2865],[-74.5188,40.28668],[-74.51909,40.28678],[-74.51937,40.28702],[-74.51963,40.28707],[-74.51996,40.28702],[-74.52009,40.28697],[-74.52032,40.28673],[-74.52072,40.28663],[-74.52108,40.28659],[-74.52137,40.28643],[-74.52163,40.2864],[-74.52207,40.28619],[-74.52217,40.28608],[-74.52241,40.28593],[-74.52245,40.28587],[-74.5224,40.28581],[-74.52219,40.28577],[-74.52212,40.28569],[-74.52211,40.28562],[-74.52214,40.28557],[-74.52225,40.28553],[-74.52255,40.28553],[-74.52267,40.28554],[-74.52287,40.28561],[-74.52307,40.28578],[-74.52318,40.28599],[-74.52321,40.28618],[-74.52314,40.28645],[-74.52323,40.28684],[-74.52321,40.28701],[-74.52305,40.28731],[-74.5224,40.28801],[-74.52219,40.28837],[-74.52169,40.28881],[-74.5217,40.28914],[-74.52166,40.2893],[-74.52163,40.28939],[-74.52148,40.28953],[-74.52146,40.2896],[-74.52148,40.28977],[-74.52156,40.28987],[-74.52157,40.29003],[-74.52163,40.2901],[-74.52202,40.29027],[-74.5224,40.29051],[-74.52262,40.29056],[-74.52301,40.29057],[-74.52362,40.29068],[-74.52374,40.29073],[-74.52406,40.29107],[-74.52408,40.29134],[-74.52421,40.29185],[-74.52425,40.29192],[-74.52447,40.29207],[-74.52452,40.29224],[-74.52456,40.29229],[-74.52484,40.29233],[-74.52505,40.29254],[-74.52538,40.29259],[-74.5257,40.29282],[-74.52588,40.29288],[-74.5259,40.29294],[-74.52581,40.29303],[-74.52581,40.29308],[-74.52585,40.29311],[-74.52594,40.29311],[-74.52614,40.293],[-74.52638,40.29274],[-74.52652,40.29277],[-74.52665,40.29289],[-74.52676,40.29312],[-74.52696,40.29329],[-74.52706,40.2936],[-74.5272,40.2938],[-74.52769,40.2941],[-74.52814,40.2943],[-74.52864,40.29431],[-74.52893,40.29426],[-74.52934,40.29426],[-74.52993,40.29402],[-74.53042,40.29394],[-74.53053,40.29387],[-74.53059,40.2939],[-74.53071,40.29404],[-74.53082,40.29407],[-74.53092,40.29403],[-74.53112,40.29386],[-74.53134,40.29376],[-74.53156,40.29372],[-74.53203,40.29369],[-74.53224,40.29357],[-74.53226,40.29349],[-74.53221,40.29344],[-74.53199,40.29339],[-74.53188,40.29326],[-74.53205,40.2931],[-74.53228,40.29295],[-74.53299,40.29296],[-74.53348,40.29308],[-74.53373,40.29304],[-74.53396,40.29296],[-74.53434,40.29268],[-74.53429,40.29258],[-74.53435,40.29237],[-74.53433,40.29231],[-74.53425,40.29226],[-74.53368,40.29224],[-74.53368,40.29213],[-74.53377,40.29196],[-74.53394,40.29179],[-74.53418,40.29171],[-74.53438,40.29152],[-74.53464,40.29141],[-74.53474,40.2913],[-74.5347,40.29114],[-74.53473,40.29108],[-74.53535,40.29079],[-74.53553,40.29054],[-74.53589,40.29021],[-74.53617,40.29002],[-74.53627,40.28981],[-74.5366,40.28947],[-74.53679,40.28943],[-74.53744,40.28946],[-74.53797,40.28952],[-74.53821,40.28964],[-74.53831,40.28961],[-74.53841,40.28952],[-74.53841,40.28938],[-74.53835,40.28933],[-74.53819,40.28931],[-74.53808,40.28923],[-74.53803,40.28912],[-74.53807,40.28904],[-74.53825,40.28894],[-74.53864,40.28897],[-74.53869,40.28894],[-74.53876,40.28882],[-74.53902,40.2888],[-74.53922,40.28868],[-74.53963,40.28874],[-74.53976,40.28872],[-74.53992,40.28833],[-74.54022,40.2885],[-74.54057,40.28879],[-74.54069,40.28893],[-74.54077,40.28907],[-74.54089,40.28943],[-74.54125,40.2897],[-74.54144,40.28991],[-74.54157,40.29],[-74.54159,40.29021],[-74.54145,40.29039],[-74.54149,40.29057],[-74.54154,40.29065],[-74.54164,40.29064],[-74.54183,40.29039],[-74.54193,40.2904],[-74.54201,40.29047],[-74.54211,40.29068],[-74.54219,40.29104],[-74.54214,40.29138],[-74.54216,40.29168],[-74.54219,40.29174],[-74.54234,40.29181],[-74.54308,40.29188],[-74.54427,40.29211],[-74.5444,40.29219],[-74.54442,40.29234],[-74.54459,40.29241],[-74.5449,40.29242],[-74.54514,40.29232],[-74.54548,40.29199],[-74.54561,40.29178],[-74.54573,40.29166],[-74.54627,40.29135],[-74.54667,40.29116],[-74.54698,40.29111],[-74.54769,40.29107],[-74.54877,40.29109],[-74.54926,40.29093],[-74.54964,40.29096],[-74.54998,40.29095],[-74.55028,40.2911],[-74.55051,40.29115],[-74.55062,40.2911],[-74.55077,40.29087],[-74.55132,40.29085],[-74.55132,40.29075],[-74.5511,40.29063],[-74.5511,40.29053],[-74.55122,40.29047],[-74.55151,40.2905],[-74.55179,40.29059],[-74.552,40.29074],[-74.55249,40.29099],[-74.55271,40.29122],[-74.55319,40.29119],[-74.55327,40.29113],[-74.5534,40.29091],[-74.55352,40.29089],[-74.5536,40.29091],[-74.55401,40.29118],[-74.5543,40.29127],[-74.55445,40.29139],[-74.55453,40.29139],[-74.5547,40.29127],[-74.55485,40.29128],[-74.55495,40.29135],[-74.55497,40.29141],[-74.5549,40.29156],[-74.5549,40.29165],[-74.55501,40.29172],[-74.55508,40.29172],[-74.55515,40.29168],[-74.55531,40.29148],[-74.55545,40.29149],[-74.55559,40.29164],[-74.55561,40.29176],[-74.55558,40.29187],[-74.55549,40.29194],[-74.55515,40.29202],[-74.55513,40.29208],[-74.55517,40.29212],[-74.55557,40.29224],[-74.55603,40.29253],[-74.55653,40.2926],[-74.55664,40.29259],[-74.55671,40.29254],[-74.55673,40.29241],[-74.55668,40.29228],[-74.55633,40.29196],[-74.55626,40.29185],[-74.55631,40.29175],[-74.55661,40.29166],[-74.5567,40.29166],[-74.55688,40.29179],[-74.55692,40.29205],[-74.55707,40.29222],[-74.55721,40.29223],[-74.55745,40.29208],[-74.55757,40.2921],[-74.5576,40.29225],[-74.5575,40.29245],[-74.55752,40.29256],[-74.55786,40.29253],[-74.55795,40.29254],[-74.55801,40.2926],[-74.55812,40.2929],[-74.55816,40.29335],[-74.55869,40.29413],[-74.55873,40.29424],[-74.55866,40.29445],[-74.55867,40.29467],[-74.55865,40.29476],[-74.55842,40.29496],[-74.5584,40.29506],[-74.55847,40.29511],[-74.55882,40.29507],[-74.5589,40.29508],[-74.55892,40.2952],[-74.55882,40.29548],[-74.55882,40.29561],[-74.55886,40.29577],[-74.55897,40.29587],[-74.55935,40.29598],[-74.55959,40.29602],[-74.56095,40.29603],[-74.56105,40.2961],[-74.56121,40.29645],[-74.56134,40.29651],[-74.56165,40.2965],[-74.5622,40.29632],[-74.56239,40.29631],[-74.56252,40.29642],[-74.56257,40.29663],[-74.56257,40.29677],[-74.56261,40.29683],[-74.56317,40.29703],[-74.56351,40.29726],[-74.56378,40.29738],[-74.56417,40.29742],[-74.56427,40.2974],[-74.56428,40.29731],[-74.56412,40.297],[-74.56412,40.29695],[-74.56418,40.29691],[-74.56461,40.29691],[-74.56482,40.29697],[-74.56529,40.29725],[-74.5657,40.29756],[-74.56612,40.29798],[-74.56618,40.29814],[-74.56602,40.29841],[-74.56603,40.29854],[-74.56628,40.29895],[-74.56657,40.29911],[-74.56678,40.29927],[-74.56685,40.29938],[-74.56691,40.29958],[-74.567,40.29968],[-74.56755,40.29992],[-74.56802,40.3],[-74.56854,40.29976],[-74.56897,40.29969],[-74.56947,40.29958],[-74.56957,40.29963],[-74.56958,40.29979],[-74.56962,40.29987],[-74.56971,40.29993],[-74.56985,40.29995],[-74.57003,40.2999],[-74.57031,40.29962],[-74.57046,40.29957],[-74.57055,40.29961],[-74.57058,40.29966],[-74.57058,40.29983],[-74.57038,40.30002],[-74.57043,40.30011],[-74.57137,40.30016],[-74.57158,40.30023],[-74.57172,40.30032],[-74.57191,40.30074],[-74.57223,40.30097],[-74.57288,40.3012],[-74.57296,40.30119],[-74.57327,40.3009],[-74.57355,40.30093],[-74.57376,40.30117],[-74.57409,40.30166],[-74.5746,40.30211],[-74.57479,40.3024],[-74.57502,40.30247],[-74.57535,40.30272],[-74.57551,40.30291],[-74.57557,40.30305],[-74.57552,40.30324],[-74.57544,40.30331],[-74.5751,40.30343],[-74.57506,40.30352],[-74.5751,40.30361],[-74.57553,40.30395],[-74.57574,40.30407],[-74.57642,40.3042],[-74.57732,40.3043],[-74.57749,40.3043],[-74.57785,40.30423],[-74.57802,40.30417],[-74.57809,40.30409],[-74.57807,40.30398],[-74.57789,40.30364],[-74.57792,40.30351],[-74.57808,40.30348],[-74.57827,40.30351],[-74.57842,40.30359],[-74.57859,40.30391],[-74.57871,40.30398],[-74.57896,40.304],[-74.57935,40.30381],[-74.57945,40.3038],[-74.58001,40.30399],[-74.58028,40.30414],[-74.58042,40.30428],[-74.58016,40.30445],[-74.58011,40.30456],[-74.58018,40.30465],[-74.58037,40.30477],[-74.58035,40.30502],[-74.58053,40.30528],[-74.58064,40.30537],[-74.5809,40.30546],[-74.5809,40.30551],[-74.58079,40.30566],[-74.5808,40.30578],[-74.58087,40.30586],[-74.58127,40.30604],[-74.58138,40.30604],[-74.5815,40.30599],[-74.58174,40.30577],[-74.58184,40.30575],[-74.58198,40.30578],[-74.58221,40.30595],[-74.58238,40.30623],[-74.58245,40.30629],[-74.58256,40.30626],[-74.58269,40.30609],[-74.58279,40.30606],[-74.58288,40.30608],[-74.583,40.30627],[-74.58297,40.30645],[-74.5825,40.30659],[-74.58245,40.30663],[-74.58247,40.30672],[-74.5826,40.30693],[-74.58273,40.30695],[-74.58322,40.30676],[-74.58342,40.30678],[-74.5836,40.3069],[-74.58362,40.30711],[-74.58346,40.30736],[-74.58347,40.30748],[-74.58354,40.30766],[-74.5835,40.30783],[-74.58351,40.30795],[-74.58357,40.30805],[-74.58366,40.30812],[-74.58393,40.30808],[-74.58407,40.30819],[-74.58406,40.30834],[-74.58395,40.30851],[-74.58396,40.30889],[-74.58405,40.30897],[-74.58438,40.30904],[-74.58443,40.30912],[-74.58432,40.30927],[-74.584,40.30941],[-74.58395,40.30947],[-74.58388,40.30975],[-74.5839,40.30987],[-74.58399,40.30996],[-74.58444,40.30993],[-74.58484,40.31022],[-74.58491,40.31038],[-74.58488,40.31047],[-74.58477,40.31054],[-74.58481,40.31067],[-74.58479,40.31073],[-74.5846,40.31084],[-74.58463,40.31101],[-74.58461,40.31106],[-74.58429,40.31115],[-74.58405,40.31115],[-74.58394,40.31123],[-74.58394,40.3113],[-74.58408,40.31146],[-74.58412,40.31156],[-74.58412,40.31164],[-74.58406,40.31178],[-74.58407,40.31187],[-74.58411,40.31193],[-74.58422,40.31194],[-74.5843,40.3119],[-74.58437,40.31181],[-74.58452,40.31181],[-74.58457,40.31189],[-74.58453,40.31202],[-74.58455,40.31208],[-74.58493,40.31223],[-74.58496,40.31227],[-74.585,40.31242],[-74.58514,40.31245],[-74.58554,40.31246],[-74.58565,40.3125],[-74.58578,40.31267],[-74.5858,40.31278],[-74.58577,40.31284],[-74.58546,40.31291],[-74.58539,40.31298],[-74.58539,40.31306],[-74.58559,40.31324],[-74.58601,40.31335],[-74.58637,40.31355],[-74.58648,40.31357],[-74.58654,40.31354],[-74.58663,40.31327],[-74.58671,40.31316],[-74.58681,40.31312],[-74.58707,40.31312],[-74.58721,40.3132],[-74.58727,40.31333],[-74.58756,40.31364],[-74.58764,40.31366],[-74.58778,40.31357],[-74.5881,40.31368],[-74.58854,40.31366],[-74.589,40.31376],[-74.58919,40.31391],[-74.58947,40.31432],[-74.58978,40.31459],[-74.58994,40.31467],[-74.59028,40.3147],[-74.59071,40.31466],[-74.59164,40.31465],[-74.5921,40.31473],[-74.5924,40.31486],[-74.59292,40.31496],[-74.593,40.31502],[-74.593,40.31508],[-74.59288,40.31525],[-74.59287,40.31537],[-74.59302,40.31558],[-74.59339,40.31573],[-74.5935,40.31587],[-74.59375,40.31578],[-74.59382,40.31579],[-74.59415,40.31597],[-74.59425,40.31596],[-74.59441,40.3158],[-74.59467,40.3158],[-74.59498,40.31585],[-74.59515,40.31582],[-74.59549,40.31555],[-74.59569,40.31546],[-74.59582,40.31545],[-74.59599,40.31549],[-74.5961,40.31547],[-74.59613,40.31542],[-74.59608,40.31533],[-74.59595,40.31525],[-74.59569,40.31518],[-74.59565,40.31514],[-74.59567,40.31507],[-74.5958,40.31497],[-74.59606,40.31484],[-74.59665,40.3146],[-74.59686,40.31456],[-74.59754,40.31454],[-74.59776,40.31456],[-74.59817,40.31473],[-74.59873,40.31484],[-74.59927,40.31516],[-74.59962,40.31517],[-74.60005,40.31541],[-74.60022,40.31544],[-74.60036,40.31558],[-74.60062,40.31603],[-74.60076,40.31637],[-74.60102,40.31674],[-74.60101,40.31683],[-74.60094,40.31694],[-74.60095,40.31711],[-74.60115,40.31726],[-74.60125,40.31729],[-74.60165,40.31727],[-74.60173,40.3173],[-74.60193,40.31796],[-74.6021,40.31813],[-74.60227,40.31825],[-74.60269,40.31841],[-74.60296,40.31857],[-74.60329,40.31865],[-74.60332,40.3188],[-74.60326,40.31896],[-74.60313,40.31906],[-74.60284,40.31911],[-74.60276,40.3192],[-74.60277,40.31954],[-74.60258,40.31985],[-74.60258,40.31997],[-74.60282,40.32036],[-74.60287,40.32038],[-74.60321,40.32036],[-74.60331,40.3204],[-74.60335,40.32047],[-74.60335,40.32052],[-74.60321,40.32089],[-74.60319,40.32103],[-74.60311,40.32115],[-74.60322,40.32133],[-74.60342,40.32144],[-74.60574,40.32162],[-74.60585,40.32158],[-74.60611,40.32131],[-74.60637,40.32113],[-74.60654,40.32111],[-74.60715,40.32138],[-74.60753,40.32159],[-74.6076,40.32167],[-74.60771,40.32201],[-74.60778,40.32206],[-74.60869,40.32223],[-74.60907,40.32223],[-74.60924,40.32226],[-74.60978,40.32249],[-74.6099,40.32265],[-74.6101,40.32316],[-74.61017,40.32317],[-74.61023,40.32314],[-74.61045,40.32296],[-74.61057,40.32296],[-74.6108,40.32307],[-74.61112,40.32296],[-74.61136,40.32295],[-74.61147,40.32299],[-74.61174,40.32319],[-74.61182,40.32346],[-74.61187,40.32353],[-74.61205,40.3236],[-74.61242,40.32354],[-74.61265,40.32356],[-74.61273,40.32364],[-74.61276,40.32382],[-74.6128,40.3239],[-74.61308,40.32404],[-74.61334,40.32406],[-74.61362,40.32417],[-74.61386,40.32435],[-74.614,40.32459],[-74.61445,40.32457],[-74.61509,40.32478],[-74.61585,40.32494],[-74.61714,40.32504],[-74.61747,40.32505],[-74.61788,40.32501],[-74.61884,40.32479],[-74.61959,40.32469],[-74.61971,40.32464],[-74.62,40.32439],[-74.62023,40.32425],[-74.62063,40.32417],[-74.62123,40.3242],[-74.62185,40.32435],[-74.62218,40.3245],[-74.62235,40.32464],[-74.62246,40.3248],[-74.62265,40.32531],[-74.62265,40.32548],[-74.62257,40.32581],[-74.62257,40.32619],[-74.62245,40.32668],[-74.62239,40.32708],[-74.62247,40.32783],[-74.62234,40.32816],[-74.62236,40.32824],[-74.62253,40.32839],[-74.6231,40.32862],[-74.62364,40.32903],[-74.6238,40.32902],[-74.6241,40.32887],[-74.62447,40.32884],[-74.62443,40.32919],[-74.62438,40.32932],[-74.62407,40.32963],[-74.62394,40.32979],[-74.62386,40.32994],[-74.62389,40.33004],[-74.62412,40.33017],[-74.62411,40.33025],[-74.62376,40.33057],[-74.62376,40.33071],[-74.62364,40.33096],[-74.6231,40.33176],[-74.62302,40.33195],[-74.62301,40.33211],[-74.6231,40.33281],[-74.62308,40.33359],[-74.6231,40.33407],[-74.62318,40.3343],[-74.62327,40.33443],[-74.624,40.335],[-74.6254,40.33603],[-74.62788,40.33746],[-74.62816,40.33767],[-74.62845,40.33794],[-74.62885,40.33843],[-74.6306,40.3396],[-74.63084,40.33981],[-74.63101,40.34011],[-74.63103,40.34043],[-74.63099,40.34059],[-74.63023,40.34224],[-74.63016,40.34259],[-74.63016,40.34286],[-74.63047,40.34407],[-74.62981,40.34437],[-74.62927,40.34469],[-74.62891,40.34499],[-74.62866,40.34526],[-74.62846,40.34558],[-74.62828,40.346],[-74.62693,40.35176],[-74.62661,40.35327],[-74.62602,40.35535],[-74.62583,40.3564],[-74.62577,40.35708],[-74.62559,40.3609],[-74.62547,40.36182],[-74.62522,40.36312],[-74.625,40.36376],[-74.62421,40.36572],[-74.62313,40.36794],[-74.62231,40.36922],[-74.62139,40.37041],[-74.62104,40.3709],[-74.62094,40.37111],[-74.6208,40.37155],[-74.62075,40.37198],[-74.62073,40.37269],[-74.62068,40.37307],[-74.62024,40.37375],[-74.6199,40.37373],[-74.61972,40.37376],[-74.61868,40.37411],[-74.61806,40.3742],[-74.61623,40.37469],[-74.61439,40.37526],[-74.61298,40.37576],[-74.61195,40.37623],[-74.60247,40.38077],[-74.59678,40.38499],[-74.59584,40.38573],[-74.5953,40.38639],[-74.59447,40.38796],[-74.59339,40.38969],[-74.59184,40.39203],[-74.59078,40.39251],[-74.59021,40.3927],[-74.5892,40.39293],[-74.58876,40.39314],[-74.58831,40.39351],[-74.58786,40.39414],[-74.58771,40.39442],[-74.58758,40.39478],[-74.58748,40.39524],[-74.58768,40.39714],[-74.58767,40.39818],[-74.58741,40.39926],[-74.58728,40.3997],[-74.58604,40.40179],[-74.58581,40.40227],[-74.58579,40.40243],[-74.58577,40.40282],[-74.5858,40.40346],[-74.586,40.40473],[-74.58624,40.40649],[-74.5854,40.40947],[-74.58529,40.41013],[-74.58527,40.41081],[-74.58535,40.4117],[-74.58579,40.41457],[-74.58598,40.41561],[-74.586,40.41651],[-74.58586,40.41709],[-74.58548,40.4177],[-74.58499,40.41818],[-74.58417,40.41869],[-74.57616,40.4223],[-74.5675,40.42537],[-74.55455,40.43016],[-74.54677,40.43351],[-74.53619,40.43833],[-74.53506,40.4391],[-74.52944,40.44268],[-74.52665,40.44477],[-74.52089,40.45078],[-74.52034,40.45128],[-74.51239,40.45662],[-74.51069,40.45814],[-74.50772,40.46106],[-74.50721,40.46141],[-74.50399,40.46336],[-74.50131,40.46505],[-74.49626,40.46829],[-74.49564,40.4687],[-74.49512,40.46909],[-74.49135,40.47254],[-74.49023,40.47363],[-74.48494,40.47959],[-74.4843,40.48019],[-74.48234,40.48175],[-74.4785,40.48392],[-74.46915,40.48653],[-74.46821,40.48685],[-74.46358,40.48905],[-74.46323,40.48929],[-74.46253,40.48968],[-74.45986,40.49105],[-74.46013,40.49147],[-74.46014,40.49157],[-74.45971,40.4928],[-74.45973,40.49368],[-74.4597,40.49379],[-74.4595,40.49412],[-74.45952,40.49474],[-74.4595,40.49482],[-74.45909,40.49537],[-74.45898,40.49558],[-74.45896,40.49598],[-74.45916,40.49619],[-74.45918,40.49662],[-74.45967,40.49733],[-74.45976,40.49737],[-74.45996,40.49738],[-74.46017,40.49749],[-74.46025,40.49788],[-74.46031,40.49797],[-74.46105,40.49897],[-74.46155,40.49944],[-74.46193,40.49957],[-74.46254,40.50032],[-74.46319,40.50067],[-74.46404,40.50094],[-74.46429,40.50097],[-74.46504,40.50126],[-74.46533,40.50151],[-74.4655,40.50161],[-74.46562,40.50164],[-74.46566,40.5017],[-74.46566,40.5019],[-74.46622,40.50221],[-74.46699,40.50293],[-74.46711,40.50338],[-74.46722,40.50354],[-74.46719,40.50376],[-74.46738,40.50461],[-74.46738,40.50473],[-74.46728,40.50516],[-74.46718,40.50595],[-74.46721,40.50618],[-74.46738,40.50667],[-74.46733,40.50675],[-74.46719,40.50682],[-74.46716,40.50694],[-74.46721,40.50711],[-74.46746,40.50747],[-74.46749,40.50769],[-74.46742,40.50793],[-74.46718,40.50801],[-74.46711,40.5082],[-74.46695,40.5089],[-74.46779,40.50908],[-74.47056,40.50991],[-74.47417,40.51056],[-74.47498,40.51065],[-74.47651,40.51063],[-74.47783,40.51069],[-74.47821,40.51074],[-74.47913,40.51094],[-74.48046,40.51132],[-74.48168,40.51186],[-74.4819,40.512],[-74.48455,40.51486],[-74.48511,40.51532],[-74.48684,40.5177],[-74.48944,40.5217],[-74.49295,40.52645],[-74.49486,40.52874],[-74.49519,40.52907],[-74.49632,40.53],[-74.49699,40.5306],[-74.49913,40.5321],[-74.50244,40.53397],[-74.50374,40.53475],[-74.50987,40.53866],[-74.51185,40.53988],[-74.51288,40.54069],[-74.51341,40.54122],[-74.51412,40.54203],[-74.51462,40.54271],[-74.51548,40.54404],[-74.51591,40.54507],[-74.51614,40.54581],[-74.51636,40.54698],[-74.51662,40.54868],[-74.51707,40.55105],[-74.51744,40.55219],[-74.51759,40.55252],[-74.51779,40.55285],[-74.51843,40.55374],[-74.5195,40.55516],[-74.52013,40.55591],[-74.52077,40.55653],[-74.52231,40.55778],[-74.52281,40.55816],[-74.5235,40.55856],[-74.52462,40.55902],[-74.52575,40.55932],[-74.52669,40.55949]]]}},{"type":"Feature","properties":{"std_name":"Richmond County","std_geoid":"36085","pen":"politicians","std_note":null,"LSAD":"06","NAME":"Richmond"},"geometry":{"type":"Polygon","coordinates":[[[-74.25884,40.49887],[-74.25813,40.50872],[-74.2541,40.51566],[-74.24602,40.52096],[-74.25028,40.5423],[-74.24748,40.54938],[-74.23141,40.55918],[-74.218,40.55706],[-74.21457,40.56053],[-74.21014,40.57372],[-74.20724,40.58792],[-74.19959,40.59785],[-74.19959,40.60038],[-74.20483,40.60606],[-74.20389,40.61428],[-74.20243,40.61677],[-74.20392,40.62437],[-74.20228,40.62878],[-74.2024,40.63159],[-74.19816,40.63479],[-74.19625,40.63769],[-74.19143,40.64202],[-74.18564,40.64604],[-74.18165,40.64653],[-74.14311,40.64199],[-74.13292,40.64368],[-74.12602,40.64215],[-74.10985,40.64806],[-74.09344,40.64807],[-74.08699,40.65151],[-74.05575,40.65148],[-74.05663,40.62729],[-74.05235,40.62013],[-74.04751,40.61232],[-74.0438,40.60677],[-74.04139,40.60311],[-74.03788,40.5892],[-74.03455,40.57625],[-74.03505,40.57285],[-74.0363,40.55091],[-74.03813,40.53829],[-74.04228,40.50809],[-74.22533,40.47658],[-74.25304,40.48666],[-74.25884,40.49887]]]}},{"type":"Feature","properties":{"std_name":"Queens County","std_geoid":"36081","pen":"politicians","std_note":null,"LSAD":"06","NAME":"Queens"},"geometry":{"type":"Polygon","coordinates":[[[-74.03813,40.53829],[-74.03629,40.55104],[-73.99709,40.55728],[-73.95928,40.56308],[-73.95167,40.56431],[-73.9507,40.56443],[-73.945,40.56531],[-73.93489,40.56665],[-73.93336,40.56693],[-73.92807,40.56779],[-73.90491,40.57141],[-73.90387,40.57162],[-73.89052,40.5727],[-73.88507,40.57375],[-73.87922,40.57466],[-73.87142,40.57854],[-73.86923,40.57934],[-73.86561,40.5812],[-73.85352,40.58659],[-73.84985,40.58867],[-73.84739,40.59203],[-73.84668,40.59321],[-73.84444,40.59586],[-73.84202,40.59831],[-73.83588,40.60564],[-73.83446,40.60719],[-73.83428,40.60919],[-73.83405,40.61346],[-73.83339,40.62767],[-73.83304,40.62826],[-73.83538,40.63032],[-73.83624,40.63111],[-73.83765,40.63284],[-73.84834,40.64352],[-73.85494,40.64265],[-73.85615,40.6492],[-73.85665,40.65013],[-73.85696,40.65058],[-73.85898,40.65268],[-73.85976,40.6541],[-73.86048,40.65466],[-73.86096,40.65518],[-73.86219,40.65683],[-73.86244,40.65726],[-73.86317,40.65828],[-73.86151,40.65905],[-73.86036,40.65965],[-73.85851,40.6599],[-73.85761,40.66012],[-73.85843,40.66345],[-73.85568,40.66387],[-73.85643,40.66703],[-73.85763,40.67166],[-73.86039,40.67127],[-73.86108,40.67402],[-73.86106,40.67434],[-73.86132,40.67502],[-73.86235,40.67916],[-73.86328,40.67907],[-73.8641,40.68237],[-73.86499,40.68213],[-73.86603,40.68192],[-73.86629,40.68319],[-73.8665,40.68447],[-73.8666,40.68527],[-73.86746,40.68841],[-73.86806,40.69118],[-73.86868,40.69385],[-73.86872,40.69462],[-73.86892,40.69515],[-73.87402,40.69419],[-73.87946,40.69123],[-73.88378,40.68786],[-73.88452,40.68669],[-73.88808,40.68529],[-73.88909,40.68464],[-73.88961,40.68421],[-73.89014,40.685],[-73.89166,40.68404],[-73.89252,40.68342],[-73.8942,40.68531],[-73.89529,40.68417],[-73.89612,40.68314],[-73.89633,40.68283],[-73.89652,40.6824],[-73.90116,40.68788],[-73.90042,40.68818],[-73.9018,40.69077],[-73.90124,40.69144],[-73.90159,40.69163],[-73.90207,40.692],[-73.9058,40.69413],[-73.90491,40.69507],[-73.9048,40.69515],[-73.90426,40.6957],[-73.91014,40.69903],[-73.91181,40.69994],[-73.91068,40.70105],[-73.9129,40.70236],[-73.91181,40.70343],[-73.92189,40.7094],[-73.92074,40.71053],[-73.92122,40.71079],[-73.92155,40.71104],[-73.92169,40.71189],[-73.92223,40.71285],[-73.92314,40.7134],[-73.92404,40.71401],[-73.92433,40.71557],[-73.92274,40.71616],[-73.92271,40.71648],[-73.92428,40.71854],[-73.92418,40.72002],[-73.92534,40.72164],[-73.92654,40.72407],[-73.92723,40.72533],[-73.9278,40.72649],[-73.92909,40.72771],[-73.92921,40.72778],[-73.93183,40.72848],[-73.93443,40.72882],[-73.93752,40.72982],[-73.93966,40.73149],[-73.94037,40.73277],[-73.94032,40.7332],[-73.94216,40.73568],[-73.94683,40.73744],[-73.95254,40.73923],[-73.95391,40.73942],[-73.95509,40.7394],[-73.95706,40.73917],[-73.96248,40.7368],[-73.96262,40.73903],[-73.96243,40.73967],[-73.96191,40.741],[-73.9618,40.74113],[-73.96138,40.7428],[-73.96118,40.743],[-73.96083,40.74364],[-73.96027,40.74443],[-73.95919,40.74603],[-73.95871,40.74663],[-73.95684,40.74883],[-73.95617,40.74967],[-73.9562,40.74969],[-73.95612,40.74976],[-73.95606,40.74976],[-73.95432,40.75126],[-73.95394,40.75175],[-73.95399,40.75179],[-73.95368,40.75205],[-73.95364,40.75204],[-73.95297,40.75275],[-73.95301,40.75277],[-73.95266,40.75311],[-73.95217,40.7537],[-73.95208,40.75376],[-73.95137,40.75452],[-73.95102,40.75509],[-73.95088,40.75517],[-73.94596,40.76129],[-73.94581,40.76145],[-73.94571,40.76149],[-73.94472,40.76288],[-73.9435,40.7645],[-73.94131,40.76692],[-73.94046,40.76753],[-73.94035,40.76765],[-73.93984,40.76799],[-73.9382,40.76873],[-73.9364,40.76947],[-73.93532,40.77049],[-73.93496,40.77173],[-73.93747,40.7725],[-73.93781,40.77356],[-73.93786,40.77409],[-73.93766,40.77509],[-73.93705,40.77587],[-73.93638,40.77692],[-73.93609,40.77718],[-73.93586,40.77721],[-73.93508,40.77794],[-73.93474,40.77808],[-73.93391,40.77812],[-73.93278,40.77792],[-73.93272,40.77804],[-73.93179,40.77787],[-73.93105,40.77744],[-73.93107,40.77726],[-73.93063,40.77659],[-73.92988,40.77622],[-73.92861,40.77659],[-73.92828,40.7769],[-73.92632,40.77824],[-73.92557,40.77846],[-73.92482,40.77876],[-73.92423,40.7791],[-73.92319,40.78025],[-73.92296,40.78044],[-73.92263,40.78057],[-73.9221,40.78085],[-73.91909,40.78337],[-73.91819,40.78393],[-73.91774,40.78408],[-73.91724,40.78414],[-73.91717,40.78419],[-73.91718,40.78455],[-73.91683,40.78519],[-73.91575,40.78611],[-73.9154,40.78606],[-73.91526,40.78619],[-73.91559,40.78643],[-73.91424,40.78786],[-73.9126,40.78938],[-73.91223,40.78918],[-73.91207,40.78934],[-73.91195,40.7894],[-73.91208,40.78952],[-73.91177,40.78972],[-73.91162,40.78959],[-73.91125,40.78974],[-73.91113,40.79011],[-73.9103,40.79066],[-73.91067,40.79312],[-73.91246,40.7961],[-73.89987,40.79245],[-73.89218,40.79039],[-73.89197,40.79024],[-73.89177,40.79022],[-73.89161,40.79016],[-73.89141,40.79019],[-73.89116,40.79017],[-73.89092,40.79023],[-73.8908,40.79021],[-73.89057,40.79011],[-73.8903,40.78988],[-73.89013,40.78964],[-73.88989,40.78901],[-73.8898,40.78865],[-73.8894,40.78779],[-73.88905,40.78737],[-73.88856,40.78716],[-73.88831,40.78701],[-73.8877,40.78687],[-73.88728,40.78681],[-73.88715,40.78683],[-73.88692,40.78673],[-73.88613,40.78671],[-73.88596,40.78675],[-73.88577,40.78668],[-73.8853,40.78668],[-73.88522,40.78663],[-73.87831,40.78536],[-73.87776,40.78558],[-73.87737,40.78569],[-73.87677,40.78581],[-73.87629,40.78586],[-73.87508,40.78587],[-73.87351,40.78572],[-73.87298,40.78589],[-73.87288,40.78596],[-73.87281,40.7859],[-73.87277,40.78594],[-73.87287,40.78598],[-73.87279,40.78608],[-73.87226,40.78642],[-73.87211,40.78647],[-73.87163,40.7868],[-73.87148,40.78704],[-73.87137,40.78727],[-73.87081,40.7879],[-73.87079,40.78803],[-73.87095,40.78847],[-73.87098,40.78888],[-73.87095,40.78895],[-73.87097,40.78906],[-73.87021,40.79091],[-73.86712,40.79374],[-73.86297,40.79767],[-73.85307,40.80011],[-73.84665,40.80102],[-73.84408,40.80102],[-73.83541,40.8022],[-73.83082,40.80306],[-73.83023,40.80327],[-73.82758,40.80394],[-73.82344,40.80481],[-73.81742,40.80579],[-73.8113,40.8054],[-73.80454,40.80355],[-73.79975,40.8022],[-73.79713,40.80141],[-73.79356,40.80038],[-73.79002,40.80023],[-73.78792,40.80036],[-73.78732,40.80085],[-73.78475,40.80259],[-73.78268,40.80539],[-73.77956,40.81125],[-73.77896,40.81171],[-73.76371,40.7938],[-73.7571,40.78969],[-73.75082,40.78289],[-73.75029,40.78248],[-73.74637,40.78012],[-73.74421,40.77871],[-73.74342,40.77822],[-73.74153,40.77711],[-73.74076,40.77669],[-73.74008,40.77621],[-73.73938,40.77601],[-73.73933,40.77596],[-73.73954,40.77581],[-73.73943,40.77582],[-73.73781,40.77481],[-73.73762,40.77474],[-73.73635,40.77391],[-73.72952,40.76973],[-73.72605,40.76753],[-73.7251,40.76699],[-73.72058,40.7642],[-73.71607,40.76146],[-73.7135,40.75983],[-73.71245,40.75924],[-73.70782,40.75622],[-73.70527,40.75477],[-73.70274,40.75325],[-73.70163,40.75249],[-73.70154,40.75192],[-73.70143,40.75066],[-73.70077,40.74501],[-73.70036,40.74103],[-73.70017,40.73954],[-73.70794,40.72777],[-73.7105,40.72723],[-73.71649,40.72645],[-73.71753,40.72624],[-73.71999,40.7256],[-73.72553,40.72408],[-73.72603,40.72391],[-73.72923,40.7227],[-73.7295,40.72259],[-73.73033,40.72216],[-73.72918,40.71917],[-73.72732,40.71222],[-73.72697,40.71072],[-73.7269,40.70998],[-73.72705,40.7095],[-73.72673,40.70215],[-73.72678,40.70199],[-73.72665,40.70111],[-73.72654,40.69898],[-73.7265,40.69689],[-73.7262,40.68898],[-73.72591,40.68608],[-73.7258,40.68435],[-73.72591,40.68266],[-73.72563,40.67959],[-73.7262,40.67738],[-73.72654,40.67649],[-73.72744,40.67443],[-73.72756,40.6741],[-73.72753,40.67387],[-73.72791,40.67084],[-73.72794,40.67081],[-73.72794,40.67055],[-73.72826,40.66807],[-73.72822,40.66731],[-73.72827,40.66644],[-73.72822,40.66596],[-73.72784,40.66505],[-73.72776,40.66398],[-73.72781,40.66322],[-73.72808,40.66307],[-73.72833,40.66304],[-73.72793,40.66175],[-73.72721,40.66042],[-73.72644,40.65916],[-73.72593,40.65773],[-73.72534,40.65532],[-73.72479,40.654],[-73.72487,40.65345],[-73.72482,40.65302],[-73.72498,40.65268],[-73.72505,40.65234],[-73.72525,40.65219],[-73.72643,40.65179],[-73.72667,40.65169],[-73.72687,40.65154],[-73.73,40.65048],[-73.73105,40.65023],[-73.73143,40.65017],[-73.73513,40.64973],[-73.73905,40.6482],[-73.74144,40.64689],[-73.74144,40.64609],[-73.74166,40.6422],[-73.74205,40.64147],[-73.74143,40.6405],[-73.74228,40.64012],[-73.74126,40.63891],[-73.73947,40.63571],[-73.73996,40.63514],[-73.74168,40.63484],[-73.74224,40.63485],[-73.74265,40.63504],[-73.74267,40.63541],[-73.74258,40.63565],[-73.74208,40.63638],[-73.74127,40.63726],[-73.74119,40.63741],[-73.7412,40.63759],[-73.7415,40.63785],[-73.74236,40.63809],[-73.7433,40.63805],[-73.74418,40.63736],[-73.74602,40.63521],[-73.748,40.63463],[-73.76743,40.62661],[-73.76776,40.62611],[-73.76778,40.62591],[-73.76815,40.62545],[-73.76825,40.6254],[-73.76833,40.6251],[-73.7686,40.62473],[-73.76865,40.62447],[-73.76878,40.62429],[-73.76878,40.6242],[-73.76883,40.6241],[-73.76881,40.62403],[-73.76884,40.62395],[-73.76867,40.62359],[-73.76855,40.62315],[-73.76757,40.62148],[-73.76672,40.615],[-73.76524,40.61494],[-73.76208,40.61273],[-73.76002,40.61135],[-73.75723,40.61099],[-73.7552,40.61059],[-73.75473,40.61041],[-73.75346,40.61052],[-73.75009,40.61164],[-73.74912,40.61179],[-73.74822,40.61201],[-73.74799,40.61231],[-73.7475,40.61189],[-73.74712,40.61204],[-73.74694,40.61178],[-73.74675,40.6114],[-73.74553,40.61187],[-73.74306,40.608],[-73.74315,40.60796],[-73.74307,40.60789],[-73.7432,40.60771],[-73.74355,40.60745],[-73.74317,40.60718],[-73.74177,40.60602],[-73.74115,40.60546],[-73.74029,40.6046],[-73.73946,40.60424],[-73.73923,40.60403],[-73.73852,40.60313],[-73.73846,40.60284],[-73.73826,40.60256],[-73.73844,40.59781],[-73.73846,40.59587],[-73.73808,40.59459],[-73.73764,40.59441],[-73.73741,40.59343],[-73.73718,40.59296],[-73.74324,40.59284],[-73.74447,40.5929],[-73.74775,40.5915],[-73.75212,40.58818],[-73.7555,40.58539],[-73.7557,40.57869],[-73.75826,40.55536],[-73.76223,40.5502],[-73.76493,40.5444],[-73.76763,40.53715],[-73.76878,40.53375],[-73.78397,40.53239],[-73.82616,40.52287],[-73.85484,40.512],[-73.87003,40.50249],[-73.87678,40.50113],[-73.88227,40.49521],[-73.88665,40.48979],[-73.88965,40.48651],[-73.90214,40.49212],[-73.97787,40.5191],[-74.04228,40.50809],[-74.03813,40.53829]]]}},{"type":"Feature","properties":{"std_name":"Hudson County","std_geoid":"34017","pen":"politicians","std_note":null,"LSAD":"06","NAME":"Hudson"},"geometry":{"type":"Polygon","coordinates":[[[-74.01403,40.75755],[-74.02364,40.71807],[-74.02639,40.7001],[-74.05575,40.65148],[-74.08699,40.65151],[-74.09344,40.64807],[-74.10985,40.64806],[-74.12602,40.64215],[-74.13292,40.64368],[-74.14311,40.64199],[-74.16143,40.64415],[-74.16139,40.64438],[-74.16143,40.64458],[-74.16142,40.64477],[-74.16138,40.64485],[-74.16124,40.64496],[-74.16123,40.645],[-74.16124,40.6451],[-74.16138,40.64522],[-74.16137,40.6454],[-74.1613,40.64544],[-74.1612,40.64543],[-74.16093,40.64525],[-74.16072,40.64526],[-74.16029,40.6459],[-74.15239,40.6556],[-74.13789,40.6731],[-74.1367,40.67444],[-74.13656,40.67437],[-74.13521,40.67625],[-74.13149,40.6808],[-74.12289,40.6912],[-74.11921,40.69557],[-74.11727,40.69781],[-74.11429,40.7014],[-74.11279,40.7031],[-74.12029,40.7159],[-74.12097,40.71887],[-74.12139,40.721],[-74.12099,40.7229],[-74.11809,40.7325],[-74.11699,40.73712],[-74.1176,40.73964],[-74.11829,40.74],[-74.12119,40.7417],[-74.12279,40.7421],[-74.1368,40.74146],[-74.13695,40.74143],[-74.13749,40.7414],[-74.14269,40.7393],[-74.14529,40.7357],[-74.14719,40.7344],[-74.15119,40.7339],[-74.15569,40.7335],[-74.15998,40.73448],[-74.16209,40.73611],[-74.16379,40.7392],[-74.16599,40.7452],[-74.16609,40.7474],[-74.16566,40.7501],[-74.16493,40.75357],[-74.16484,40.75451],[-74.16451,40.75639],[-74.16359,40.75865],[-74.16339,40.7594],[-74.16319,40.75964],[-74.16253,40.76083],[-74.16207,40.76148],[-74.16062,40.763],[-74.15867,40.76494],[-74.15769,40.7661],[-74.15664,40.76799],[-74.1558,40.77081],[-74.15516,40.77173],[-74.15466,40.77227],[-74.1535,40.77377],[-74.15327,40.77419],[-74.15224,40.77521],[-74.15037,40.77689],[-74.14979,40.77747],[-74.14929,40.7777],[-74.14899,40.778],[-74.14844,40.77918],[-74.14841,40.77941],[-74.14833,40.77961],[-74.14854,40.78243],[-74.14852,40.78416],[-74.14846,40.78454],[-74.14825,40.78516],[-74.14753,40.78649],[-74.1465,40.78606],[-74.13786,40.78143],[-74.13561,40.78025],[-74.13077,40.77784],[-74.13045,40.77764],[-74.13,40.77719],[-74.1298,40.77687],[-74.12968,40.77653],[-74.12942,40.77503],[-74.12947,40.77475],[-74.12973,40.77403],[-74.12968,40.77374],[-74.12954,40.77355],[-74.12944,40.77347],[-74.12803,40.77266],[-74.12762,40.77236],[-74.12748,40.77219],[-74.12735,40.77195],[-74.12719,40.77134],[-74.12325,40.77178],[-74.12313,40.77174],[-74.12286,40.77149],[-74.12276,40.77144],[-74.12218,40.77148],[-74.1221,40.7715],[-74.12174,40.77196],[-74.12166,40.77201],[-74.12059,40.77226],[-74.11988,40.77229],[-74.11921,40.77237],[-74.11905,40.77233],[-74.11868,40.77205],[-74.11832,40.77183],[-74.11816,40.77183],[-74.11788,40.77192],[-74.11777,40.77203],[-74.11786,40.77241],[-74.11785,40.7727],[-74.11782,40.77274],[-74.11769,40.77275],[-74.11722,40.77254],[-74.11708,40.77255],[-74.11688,40.77275],[-74.11688,40.77284],[-74.11703,40.77313],[-74.11703,40.7733],[-74.11691,40.77333],[-74.11641,40.77327],[-74.11628,40.77332],[-74.11618,40.77341],[-74.11625,40.7735],[-74.1167,40.77371],[-74.11675,40.77382],[-74.1167,40.77407],[-74.11658,40.77415],[-74.11559,40.77434],[-74.1154,40.77442],[-74.11513,40.77495],[-74.11479,40.77543],[-74.11442,40.77581],[-74.11415,40.77614],[-74.11396,40.77631],[-74.11374,40.77621],[-74.11325,40.77607],[-74.11248,40.77611],[-74.11222,40.77606],[-74.11193,40.77611],[-74.11185,40.77619],[-74.11169,40.77645],[-74.11113,40.77675],[-74.11068,40.77691],[-74.11057,40.77704],[-74.11056,40.77713],[-74.1099,40.77728],[-74.10987,40.77771],[-74.1097,40.77779],[-74.10923,40.77782],[-74.10916,40.7777],[-74.10897,40.77763],[-74.1084,40.77746],[-74.1079,40.77736],[-74.10781,40.77731],[-74.1073,40.7773],[-74.10698,40.77736],[-74.10651,40.77737],[-74.10523,40.77713],[-74.10469,40.77681],[-74.10427,40.77664],[-74.10413,40.77655],[-74.10348,40.77585],[-74.10335,40.77574],[-74.10327,40.77576],[-74.10289,40.77602],[-74.10272,40.77618],[-74.10257,40.77624],[-74.10202,40.77615],[-74.10159,40.77613],[-74.10094,40.77602],[-74.10088,40.77595],[-74.10088,40.77586],[-74.10093,40.77555],[-74.10092,40.77529],[-74.10102,40.77419],[-74.10101,40.77378],[-74.10094,40.7737],[-74.10083,40.77363],[-74.10072,40.77348],[-74.10046,40.77334],[-74.09934,40.77292],[-74.09844,40.77252],[-74.09837,40.7724],[-74.09827,40.77139],[-74.09772,40.77091],[-74.09764,40.77074],[-74.0976,40.77003],[-74.09766,40.76992],[-74.09803,40.7696],[-74.09806,40.76953],[-74.09795,40.76879],[-74.09796,40.76857],[-74.0987,40.76774],[-74.09877,40.76764],[-74.09877,40.76757],[-74.09868,40.76747],[-74.09831,40.76728],[-74.09804,40.76708],[-74.09775,40.76679],[-74.09755,40.76655],[-74.097,40.76613],[-74.09702,40.76583],[-74.09696,40.76569],[-74.09677,40.76537],[-74.09655,40.76517],[-74.09642,40.76485],[-74.09641,40.7644],[-74.09629,40.76416],[-74.09622,40.76382],[-74.09594,40.76294],[-74.09584,40.76286],[-74.09536,40.76263],[-74.09493,40.76235],[-74.09461,40.76222],[-74.09383,40.76245],[-74.09372,40.76251],[-74.09368,40.76255],[-74.09358,40.76318],[-74.09348,40.76329],[-74.09332,40.76335],[-74.09283,40.7634],[-74.09246,40.76339],[-74.09225,40.76326],[-74.09217,40.76314],[-74.09168,40.76266],[-74.09027,40.76159],[-74.08966,40.76221],[-74.08904,40.76293],[-74.08868,40.76339],[-74.08798,40.76444],[-74.08784,40.7649],[-74.08777,40.76542],[-74.08777,40.76619],[-74.08788,40.76715],[-74.08837,40.76929],[-74.08883,40.77227],[-74.08917,40.77356],[-74.08941,40.77428],[-74.0901,40.77688],[-74.09012,40.77748],[-74.08998,40.77818],[-74.0897,40.77872],[-74.08914,40.7796],[-74.08827,40.78078],[-74.08761,40.7816],[-74.08689,40.78239],[-74.08149,40.78778],[-74.08028,40.78911],[-74.07985,40.78973],[-74.07871,40.79243],[-74.07785,40.79428],[-74.07719,40.79517],[-74.07675,40.79562],[-74.07579,40.79634],[-74.07527,40.79663],[-74.07472,40.79686],[-74.07378,40.7971],[-74.07132,40.7975],[-74.07055,40.79767],[-74.06969,40.79801],[-74.06903,40.79835],[-74.06882,40.79851],[-74.06861,40.79873],[-74.06737,40.80053],[-74.06652,40.8016],[-74.06525,40.80302],[-74.06473,40.80347],[-74.06384,40.80415],[-74.06324,40.80452],[-74.06147,40.80539],[-74.06003,40.80599],[-74.05918,40.80618],[-74.05855,40.80628],[-74.05141,40.80691],[-74.04781,40.80736],[-74.04654,40.80747],[-74.04523,40.80755],[-74.04317,40.80759],[-74.03823,40.80757],[-74.03783,40.80759],[-74.03673,40.8078],[-74.03582,40.8081],[-74.03557,40.80823],[-74.03463,40.80884],[-74.03408,40.80932],[-74.03338,40.81005],[-74.03309,40.81043],[-74.03248,40.81157],[-74.03165,40.81326],[-74.03016,40.8129],[-74.02933,40.81277],[-74.02903,40.8128],[-74.02883,40.81289],[-74.02872,40.81297],[-74.0286,40.81312],[-74.02858,40.81321],[-74.02869,40.81376],[-74.02872,40.81411],[-74.02871,40.81462],[-74.02863,40.81495],[-74.02854,40.81517],[-74.02834,40.81547],[-74.02806,40.81573],[-74.02773,40.81596],[-74.02736,40.81613],[-74.02694,40.81626],[-74.02668,40.81627],[-74.02645,40.81623],[-74.02607,40.81602],[-74.02564,40.81571],[-74.0252,40.81504],[-74.02508,40.8149],[-74.02487,40.81476],[-74.02469,40.81468],[-74.02453,40.81464],[-74.02421,40.81466],[-74.02404,40.81474],[-74.02391,40.81496],[-74.02391,40.81508],[-74.02399,40.8153],[-74.02419,40.8155],[-74.02499,40.81593],[-74.02507,40.81613],[-74.02503,40.81628],[-74.02483,40.81636],[-74.02409,40.81642],[-74.02357,40.8165],[-74.02336,40.81656],[-74.02317,40.81667],[-74.02305,40.81682],[-74.02296,40.81704],[-74.02297,40.81741],[-74.02311,40.81788],[-74.02314,40.81817],[-74.02309,40.81837],[-74.02295,40.81849],[-74.02282,40.81853],[-74.02252,40.81853],[-74.02169,40.81847],[-74.02135,40.81847],[-74.02059,40.8186],[-74.02041,40.81864],[-74.02029,40.81871],[-74.02016,40.81888],[-74.02003,40.81926],[-74.01995,40.81965],[-74.01995,40.81996],[-74.02001,40.82013],[-74.02015,40.82032],[-74.02047,40.82062],[-74.02046,40.82073],[-74.02034,40.82083],[-74.02018,40.82089],[-74.01941,40.82095],[-74.01928,40.82103],[-74.01916,40.8212],[-74.01903,40.82162],[-74.01891,40.82225],[-74.01878,40.82248],[-74.01845,40.82286],[-74.01793,40.82327],[-74.01764,40.82342],[-74.01729,40.82354],[-74.01692,40.82358],[-74.0167,40.82354],[-74.01637,40.8234],[-74.01596,40.82313],[-74.01575,40.82296],[-74.01555,40.82286],[-74.01513,40.82289],[-74.01454,40.82307],[-74.01377,40.82306],[-74.01256,40.82192],[-74.01232,40.82181],[-74.0121,40.82145],[-74.01197,40.82114],[-74.01184,40.82104],[-74.01144,40.82089],[-74.01135,40.82079],[-74.01131,40.82066],[-74.01129,40.82048],[-74.01133,40.82037],[-74.01179,40.81984],[-74.01183,40.81971],[-74.01178,40.81958],[-74.01158,40.81943],[-74.01147,40.81929],[-74.01132,40.81897],[-74.01139,40.81878],[-74.01167,40.81861],[-74.01181,40.81847],[-74.01186,40.81835],[-74.01179,40.81823],[-74.01152,40.81816],[-74.01139,40.81804],[-74.01137,40.81793],[-74.01144,40.81774],[-74.01141,40.81769],[-74.01153,40.81745],[-74.01182,40.81733],[-74.01185,40.81727],[-74.01183,40.81718],[-74.01188,40.81709],[-74.01198,40.81702],[-74.01229,40.81692],[-74.01248,40.8167],[-74.01252,40.8165],[-74.01236,40.81625],[-74.01233,40.81611],[-74.01235,40.81598],[-73.99832,40.80849],[-73.99569,40.80717],[-73.99316,40.80576],[-73.99351,40.80368],[-73.99364,40.80324],[-73.99369,40.80288],[-73.99368,40.80206],[-73.99331,40.80129],[-73.98474,40.79766],[-74.01403,40.75755]],[[-74.04721,40.69084],[-74.04715,40.69071],[-74.04703,40.69059],[-74.04704,40.69048],[-74.04718,40.69041],[-74.04625,40.68932],[-74.04479,40.68859],[-74.04435,40.68851],[-74.04413,40.68854],[-74.04394,40.68857],[-74.04362,40.68876],[-74.0435,40.68917],[-74.04345,40.68963],[-74.04389,40.69018],[-74.04457,40.69056],[-74.04598,40.69111],[-74.04611,40.69112],[-74.04618,40.69109],[-74.04704,40.69104],[-74.04715,40.69098],[-74.04721,40.69084]],[[-74.04074,40.70013],[-74.04061,40.69977],[-74.04048,40.6996],[-74.04043,40.69941],[-74.04021,40.69931],[-74.04019,40.69922],[-74.03998,40.69912],[-74.0398,40.69898],[-74.0398,40.69894],[-74.03987,40.69889],[-74.03999,40.69889],[-74.0401,40.69893],[-74.04023,40.69883],[-74.03993,40.69859],[-74.03965,40.69879],[-74.03938,40.69873],[-74.03929,40.69863],[-74.03917,40.69859],[-74.03896,40.69859],[-74.03874,40.69864],[-74.0386,40.69868],[-74.03862,40.6987],[-74.03857,40.69873],[-74.03837,40.69867],[-74.03845,40.69882],[-74.03846,40.69898],[-74.03851,40.69915],[-74.03872,40.6993],[-74.03881,40.69953],[-74.03894,40.69965],[-74.03925,40.69969],[-74.03948,40.69978],[-74.03955,40.69984],[-74.03966,40.69987],[-74.03974,40.69995],[-74.03993,40.69999],[-74.04008,40.70009],[-74.04033,40.7001],[-74.04065,40.70021],[-74.04073,40.70019],[-74.04074,40.70013]]]}},{"type":"Feature","properties":{"std_name":"Essex County","std_geoid":"34013","pen":"politicians","std_note":null,"LSAD":"06","NAME":"Essex"},"geometry":{"type":"Polygon","coordinates":[[[-74.13939,40.80603],[-74.13964,40.8051],[-74.13968,40.80464],[-74.13967,40.80436],[-74.13956,40.8037],[-74.13928,40.80281],[-74.13906,40.80229],[-74.13819,40.80066],[-74.13803,40.80001],[-74.13803,40.7992],[-74.13809,40.79885],[-74.13832,40.79822],[-74.13879,40.79759],[-74.13962,40.79681],[-74.13984,40.79655],[-74.14134,40.79435],[-74.14184,40.79355],[-74.14221,40.79307],[-74.14446,40.79085],[-74.14501,40.79016],[-74.14611,40.78853],[-74.14753,40.78649],[-74.14825,40.78516],[-74.14846,40.78454],[-74.14852,40.78416],[-74.14854,40.7833],[-74.14854,40.78243],[-74.14833,40.77961],[-74.14841,40.77941],[-74.14844,40.77918],[-74.14899,40.778],[-74.14929,40.7777],[-74.14979,40.77747],[-74.15037,40.77689],[-74.15224,40.77521],[-74.15327,40.77419],[-74.1535,40.77377],[-74.15466,40.77227],[-74.15516,40.77173],[-74.1558,40.77081],[-74.15664,40.76799],[-74.15769,40.7661],[-74.15867,40.76494],[-74.16062,40.763],[-74.16207,40.76148],[-74.16253,40.76083],[-74.16319,40.75964],[-74.16339,40.7594],[-74.16359,40.75865],[-74.16451,40.75639],[-74.16484,40.75451],[-74.16493,40.75357],[-74.16566,40.7501],[-74.16609,40.7474],[-74.16599,40.7452],[-74.16379,40.7392],[-74.16209,40.73611],[-74.15998,40.73448],[-74.15569,40.7335],[-74.15119,40.7339],[-74.14719,40.7344],[-74.14529,40.7357],[-74.14269,40.7393],[-74.13749,40.7414],[-74.13695,40.74143],[-74.1368,40.74146],[-74.12279,40.7421],[-74.12119,40.7417],[-74.11829,40.74],[-74.1176,40.73964],[-74.11699,40.73712],[-74.11809,40.7325],[-74.12099,40.7229],[-74.12139,40.721],[-74.12097,40.71887],[-74.12029,40.7159],[-74.11279,40.7031],[-74.11429,40.7014],[-74.11727,40.69781],[-74.11921,40.69557],[-74.12289,40.6912],[-74.13149,40.6808],[-74.13521,40.67625],[-74.13656,40.67437],[-74.1367,40.67444],[-74.13577,40.67556],[-74.13915,40.67712],[-74.14898,40.68224],[-74.15043,40.68315],[-74.15111,40.68376],[-74.15191,40.6846],[-74.15265,40.68522],[-74.15386,40.68592],[-74.15456,40.68607],[-74.15532,40.68612],[-74.15687,40.68606],[-74.15786,40.68595],[-74.15834,40.68602],[-74.15871,40.6862],[-74.15906,40.68642],[-74.15938,40.68667],[-74.15967,40.68697],[-74.16008,40.68752],[-74.16065,40.6885],[-74.16102,40.68891],[-74.16179,40.6894],[-74.16239,40.68961],[-74.16505,40.69016],[-74.16645,40.69015],[-74.16763,40.68996],[-74.16853,40.6894],[-74.16899,40.6888],[-74.16927,40.68862],[-74.16993,40.68855],[-74.20155,40.68667],[-74.20925,40.69071],[-74.21301,40.70091],[-74.22195,40.70734],[-74.24617,40.71161],[-74.25584,40.71337],[-74.26792,40.71695],[-74.27858,40.72],[-74.28553,40.72226],[-74.28608,40.72192],[-74.28649,40.72185],[-74.28714,40.72184],[-74.28722,40.72192],[-74.28732,40.72217],[-74.28743,40.72219],[-74.28771,40.72209],[-74.28791,40.72196],[-74.28812,40.72169],[-74.28825,40.72159],[-74.28889,40.72148],[-74.28907,40.72137],[-74.28977,40.72131],[-74.29078,40.72111],[-74.29092,40.72111],[-74.29115,40.72118],[-74.29139,40.72119],[-74.29225,40.72095],[-74.29254,40.72093],[-74.29258,40.7209],[-74.29263,40.72074],[-74.29275,40.72055],[-74.29301,40.7203],[-74.29302,40.72017],[-74.29307,40.72005],[-74.29312,40.72003],[-74.29347,40.72005],[-74.29367,40.71999],[-74.29397,40.7198],[-74.29408,40.71966],[-74.2941,40.71956],[-74.29406,40.71949],[-74.29393,40.71943],[-74.29357,40.71936],[-74.29347,40.71921],[-74.29349,40.71908],[-74.29355,40.71899],[-74.29363,40.71898],[-74.29374,40.71905],[-74.29383,40.71904],[-74.29407,40.71872],[-74.29407,40.71869],[-74.29401,40.71861],[-74.29379,40.71851],[-74.29379,40.71847],[-74.29385,40.7184],[-74.29429,40.71823],[-74.29439,40.71773],[-74.29462,40.71752],[-74.29508,40.71726],[-74.29521,40.71715],[-74.29534,40.71686],[-74.29559,40.71678],[-74.29589,40.71685],[-74.2965,40.71658],[-74.29671,40.71644],[-74.29688,40.71623],[-74.2973,40.71585],[-74.29721,40.71519],[-74.29903,40.71441],[-74.30129,40.71348],[-74.30142,40.71357],[-74.30156,40.71362],[-74.30169,40.71364],[-74.30192,40.71363],[-74.30352,40.71319],[-74.30412,40.71331],[-74.30518,40.71344],[-74.30533,40.71353],[-74.30587,40.71361],[-74.30682,40.71398],[-74.30767,40.71407],[-74.3089,40.71438],[-74.30925,40.71444],[-74.30945,40.71457],[-74.30953,40.71465],[-74.30953,40.71475],[-74.30946,40.71482],[-74.30932,40.71486],[-74.30939,40.7149],[-74.30957,40.71518],[-74.30999,40.71524],[-74.31032,40.71545],[-74.31059,40.71558],[-74.3114,40.71567],[-74.31282,40.71697],[-74.31277,40.71728],[-74.31284,40.7174],[-74.31329,40.7175],[-74.31335,40.71756],[-74.31337,40.71764],[-74.3137,40.71794],[-74.31421,40.7182],[-74.31487,40.71845],[-74.31543,40.71875],[-74.31571,40.71895],[-74.31601,40.71905],[-74.31619,40.7192],[-74.31634,40.71928],[-74.31657,40.71927],[-74.31716,40.71905],[-74.31737,40.719],[-74.31758,40.719],[-74.31781,40.71905],[-74.31804,40.71904],[-74.3183,40.71915],[-74.31868,40.71917],[-74.31915,40.71913],[-74.31961,40.71896],[-74.31981,40.71892],[-74.32007,40.71896],[-74.32024,40.71908],[-74.32034,40.71911],[-74.32035,40.71916],[-74.32049,40.71921],[-74.32061,40.71931],[-74.32107,40.71909],[-74.32141,40.71907],[-74.3256,40.71708],[-74.33033,40.7193],[-74.33173,40.71999],[-74.3332,40.72077],[-74.3349,40.72152],[-74.33881,40.72347],[-74.3398,40.72386],[-74.33988,40.72392],[-74.34015,40.72398],[-74.34055,40.72415],[-74.34144,40.72444],[-74.34268,40.72518],[-74.34583,40.72775],[-74.34866,40.73022],[-74.349,40.73045],[-74.35475,40.73346],[-74.35553,40.73411],[-74.35634,40.73501],[-74.35646,40.73477],[-74.3576,40.73541],[-74.35894,40.73598],[-74.36189,40.73691],[-74.36489,40.73756],[-74.36647,40.73798],[-74.36803,40.73869],[-74.36855,40.73901],[-74.36867,40.739],[-74.36915,40.73937],[-74.3698,40.7395],[-74.37174,40.73964],[-74.37186,40.73987],[-74.37232,40.74028],[-74.37241,40.74055],[-74.37241,40.74074],[-74.37229,40.74123],[-74.37232,40.74169],[-74.37224,40.74308],[-74.3722,40.7434],[-74.37204,40.74373],[-74.37165,40.74403],[-74.37143,40.74412],[-74.37099,40.74418],[-74.37071,40.74415],[-74.37047,40.744],[-74.37001,40.74345],[-74.36977,40.74325],[-74.3696,40.74305],[-74.36934,40.74288],[-74.36896,40.74277],[-74.36872,40.74279],[-74.36829,40.74307],[-74.36783,40.74327],[-74.36673,40.74356],[-74.36637,40.74379],[-74.36622,40.74399],[-74.36577,40.74484],[-74.36498,40.74578],[-74.36484,40.746],[-74.36478,40.74626],[-74.36478,40.7464],[-74.3648,40.74649],[-74.36491,40.74668],[-74.36509,40.74681],[-74.36549,40.74696],[-74.36619,40.74729],[-74.36711,40.74803],[-74.36735,40.74818],[-74.36764,40.74828],[-74.36778,40.7484],[-74.36786,40.74855],[-74.36786,40.74867],[-74.36762,40.74912],[-74.36733,40.74935],[-74.36694,40.74954],[-74.36606,40.74974],[-74.36561,40.74977],[-74.36525,40.74976],[-74.36488,40.74981],[-74.36386,40.7501],[-74.36297,40.75047],[-74.36224,40.75088],[-74.36206,40.75095],[-74.3618,40.75099],[-74.36112,40.75098],[-74.36026,40.75103],[-74.35982,40.75099],[-74.35969,40.75101],[-74.35958,40.75106],[-74.35949,40.75117],[-74.35942,40.75191],[-74.35921,40.75248],[-74.35907,40.75264],[-74.35864,40.75297],[-74.35855,40.75312],[-74.35843,40.75357],[-74.35844,40.75393],[-74.35841,40.75402],[-74.3582,40.75417],[-74.3578,40.75431],[-74.35762,40.75445],[-74.35754,40.75463],[-74.35755,40.75479],[-74.35779,40.75518],[-74.35785,40.75538],[-74.35788,40.75585],[-74.35796,40.75599],[-74.35808,40.75608],[-74.3582,40.7561],[-74.35846,40.75607],[-74.3587,40.75596],[-74.35927,40.75578],[-74.35985,40.75569],[-74.36054,40.75565],[-74.3612,40.75569],[-74.36139,40.75574],[-74.36174,40.75592],[-74.36434,40.75749],[-74.3649,40.75789],[-74.36533,40.7581],[-74.36571,40.75822],[-74.36629,40.75824],[-74.3669,40.7582],[-74.36756,40.75806],[-74.36772,40.75805],[-74.36784,40.7581],[-74.3679,40.75817],[-74.36795,40.75832],[-74.36789,40.75849],[-74.36734,40.75899],[-74.36718,40.75919],[-74.3671,40.75942],[-74.36713,40.75968],[-74.36729,40.75991],[-74.36744,40.76024],[-74.36743,40.7608],[-74.36754,40.76101],[-74.36763,40.76107],[-74.36784,40.76106],[-74.36926,40.7604],[-74.36957,40.76017],[-74.37002,40.75966],[-74.37015,40.75955],[-74.37033,40.75946],[-74.37054,40.75943],[-74.3708,40.75945],[-74.37108,40.75949],[-74.37166,40.75966],[-74.37195,40.75961],[-74.3724,40.75945],[-74.37278,40.75903],[-74.37333,40.75829],[-74.37348,40.75816],[-74.3738,40.75802],[-74.37413,40.75797],[-74.37457,40.758],[-74.37517,40.75809],[-74.37538,40.75818],[-74.37557,40.75838],[-74.37559,40.75858],[-74.37556,40.75875],[-74.37505,40.75925],[-74.37493,40.7594],[-74.37491,40.75949],[-74.37506,40.75986],[-74.37531,40.76031],[-74.37556,40.76063],[-74.37583,40.76084],[-74.37614,40.76095],[-74.37727,40.76118],[-74.37733,40.76123],[-74.37741,40.76139],[-74.37732,40.76164],[-74.37712,40.76184],[-74.3764,40.7624],[-74.37604,40.76284],[-74.3758,40.76298],[-74.37543,40.76303],[-74.37458,40.76305],[-74.37393,40.76297],[-74.37364,40.763],[-74.37351,40.76305],[-74.37338,40.76318],[-74.37311,40.76373],[-74.37287,40.76391],[-74.37251,40.7641],[-74.37223,40.76418],[-74.37187,40.76418],[-74.37161,40.76411],[-74.37108,40.76404],[-74.37076,40.76411],[-74.37065,40.76418],[-74.37061,40.76425],[-74.37059,40.76438],[-74.37068,40.76471],[-74.37068,40.7649],[-74.37043,40.7656],[-74.37001,40.76656],[-74.36999,40.7667],[-74.37002,40.76684],[-74.37015,40.76702],[-74.37037,40.76713],[-74.37181,40.76741],[-74.37195,40.76753],[-74.37197,40.76773],[-74.3719,40.76801],[-74.37185,40.76808],[-74.37106,40.76872],[-74.37009,40.7698],[-74.37,40.77004],[-74.36985,40.77055],[-74.36963,40.77088],[-74.36954,40.77117],[-74.36955,40.77139],[-74.37003,40.77226],[-74.37017,40.77263],[-74.37019,40.77278],[-74.37025,40.77289],[-74.37022,40.77327],[-74.37012,40.77364],[-74.37011,40.77377],[-74.37018,40.77399],[-74.37049,40.77448],[-74.37094,40.77495],[-74.37104,40.775],[-74.37126,40.77502],[-74.37169,40.7749],[-74.37206,40.77487],[-74.37242,40.77486],[-74.37275,40.77498],[-74.37292,40.77513],[-74.37297,40.77533],[-74.37296,40.77558],[-74.3729,40.77577],[-74.37274,40.77602],[-74.37178,40.77684],[-74.37122,40.77714],[-74.37074,40.77724],[-74.37032,40.77737],[-74.36985,40.77765],[-74.36942,40.77803],[-74.36925,40.77822],[-74.36909,40.77851],[-74.36894,40.77913],[-74.36887,40.77928],[-74.36863,40.77957],[-74.36831,40.77975],[-74.36732,40.78001],[-74.36695,40.78024],[-74.36681,40.78049],[-74.36675,40.78086],[-74.36689,40.78149],[-74.36689,40.78178],[-74.36662,40.78229],[-74.36648,40.78268],[-74.3665,40.78307],[-74.36671,40.78387],[-74.36683,40.78406],[-74.36702,40.78429],[-74.36706,40.78441],[-74.36704,40.78471],[-74.36679,40.78556],[-74.36673,40.78631],[-74.3668,40.78692],[-74.36676,40.78784],[-74.36697,40.78849],[-74.36701,40.78903],[-74.36696,40.78928],[-74.36662,40.78987],[-74.36623,40.79035],[-74.36615,40.79062],[-74.36642,40.79191],[-74.36673,40.79256],[-74.36697,40.79289],[-74.36706,40.79309],[-74.36706,40.79329],[-74.36695,40.79351],[-74.36678,40.79371],[-74.36651,40.79413],[-74.36617,40.79494],[-74.36579,40.7953],[-74.36528,40.79562],[-74.36521,40.7957],[-74.36477,40.797],[-74.3646,40.79741],[-74.36442,40.7982],[-74.36433,40.79887],[-74.36425,40.79908],[-74.36412,40.79921],[-74.36388,40.79935],[-74.36322,40.79967],[-74.3622,40.79999],[-74.36158,40.8001],[-74.36092,40.79997],[-74.36059,40.79984],[-74.36025,40.79978],[-74.35997,40.79981],[-74.35974,40.7999],[-74.35949,40.80008],[-74.35904,40.80058],[-74.35819,40.80142],[-74.35774,40.80201],[-74.35711,40.80261],[-74.35645,40.80348],[-74.35596,40.80397],[-74.35522,40.80454],[-74.35403,40.80528],[-74.35355,40.80548],[-74.3527,40.80568],[-74.35248,40.80576],[-74.35197,40.80618],[-74.3509,40.80694],[-74.35076,40.80718],[-74.35072,40.80743],[-74.3508,40.8081],[-74.35094,40.80871],[-74.35091,40.80896],[-74.35086,40.80906],[-74.3504,40.80962],[-74.35014,40.80987],[-74.34992,40.81016],[-74.34982,40.81051],[-74.34984,40.8113],[-74.3498,40.81161],[-74.34972,40.81182],[-74.34941,40.81231],[-74.34923,40.8125],[-74.34894,40.81272],[-74.34871,40.81282],[-74.34849,40.81283],[-74.34777,40.8125],[-74.34761,40.81246],[-74.34736,40.81248],[-74.34625,40.81287],[-74.34454,40.81363],[-74.34432,40.8137],[-74.34406,40.81372],[-74.34381,40.81368],[-74.34346,40.81355],[-74.3417,40.81274],[-74.34085,40.81251],[-74.34058,40.81249],[-74.3399,40.81256],[-74.33887,40.81282],[-74.33855,40.81295],[-74.33821,40.81318],[-74.33797,40.81338],[-74.33778,40.81364],[-74.33769,40.81395],[-74.33758,40.81477],[-74.33744,40.81511],[-74.3373,40.81536],[-74.33715,40.81554],[-74.33679,40.81579],[-74.33571,40.81633],[-74.33499,40.81705],[-74.33478,40.81736],[-74.33437,40.81817],[-74.33422,40.81872],[-74.33408,40.81899],[-74.33374,40.81947],[-74.33316,40.82017],[-74.33262,40.82071],[-74.33241,40.821],[-74.33225,40.82131],[-74.3322,40.8217],[-74.33225,40.82189],[-74.33232,40.82202],[-74.33276,40.82254],[-74.33311,40.82336],[-74.33354,40.8242],[-74.33378,40.82447],[-74.33415,40.82477],[-74.33425,40.82494],[-74.33433,40.82512],[-74.33447,40.82581],[-74.33462,40.82621],[-74.33495,40.8274],[-74.3349,40.82781],[-74.33476,40.82805],[-74.33468,40.82812],[-74.33346,40.82897],[-74.3329,40.82946],[-74.33269,40.82952],[-74.3323,40.82953],[-74.33143,40.82979],[-74.33047,40.82996],[-74.33002,40.83015],[-74.3299,40.83022],[-74.32958,40.83053],[-74.32913,40.83115],[-74.32897,40.83147],[-74.3288,40.83192],[-74.32877,40.83209],[-74.32878,40.83232],[-74.3289,40.83261],[-74.32961,40.83355],[-74.32971,40.83376],[-74.32985,40.83416],[-74.32996,40.83514],[-74.32993,40.8354],[-74.32974,40.83588],[-74.32907,40.83701],[-74.32902,40.83718],[-74.32903,40.83915],[-74.32882,40.84],[-74.3288,40.84034],[-74.32884,40.84054],[-74.32896,40.84079],[-74.32914,40.84104],[-74.32941,40.8413],[-74.32948,40.84146],[-74.32946,40.84158],[-74.32938,40.84169],[-74.32928,40.84175],[-74.32903,40.84181],[-74.32891,40.8418],[-74.32869,40.8417],[-74.32816,40.84137],[-74.32784,40.8413],[-74.32755,40.84132],[-74.32742,40.84136],[-74.32712,40.84154],[-74.32695,40.84182],[-74.3268,40.8425],[-74.32658,40.84273],[-74.32579,40.843],[-74.32556,40.84317],[-74.32547,40.84337],[-74.32549,40.8436],[-74.3257,40.84388],[-74.32623,40.84416],[-74.32698,40.84441],[-74.32744,40.84436],[-74.32809,40.84414],[-74.32834,40.84419],[-74.32845,40.84427],[-74.32869,40.8446],[-74.32892,40.84511],[-74.32897,40.84544],[-74.32901,40.8466],[-74.32906,40.84712],[-74.32912,40.84735],[-74.32932,40.84759],[-74.32993,40.84792],[-74.33013,40.84809],[-74.33034,40.84839],[-74.33038,40.84857],[-74.33036,40.84869],[-74.33028,40.84889],[-74.33012,40.84913],[-74.32983,40.84931],[-74.328,40.84994],[-74.32768,40.85015],[-74.32744,40.85047],[-74.32713,40.85123],[-74.32704,40.85186],[-74.32702,40.85266],[-74.32687,40.85299],[-74.32663,40.85323],[-74.32565,40.85375],[-74.32536,40.85397],[-74.32523,40.85412],[-74.32516,40.8544],[-74.32524,40.85469],[-74.32541,40.85502],[-74.32602,40.856],[-74.32609,40.85618],[-74.3261,40.8564],[-74.32603,40.8567],[-74.3258,40.85707],[-74.32557,40.85737],[-74.32525,40.85767],[-74.32491,40.85792],[-74.32461,40.85807],[-74.32431,40.85818],[-74.32338,40.85838],[-74.32198,40.85856],[-74.32144,40.85858],[-74.32105,40.85855],[-74.32,40.85825],[-74.31981,40.85822],[-74.31949,40.85823],[-74.31925,40.85831],[-74.31913,40.85844],[-74.31892,40.85881],[-74.31887,40.85905],[-74.31887,40.8593],[-74.3189,40.85945],[-74.31899,40.85965],[-74.31937,40.8602],[-74.31954,40.86038],[-74.32043,40.86114],[-74.3209,40.86176],[-74.32095,40.86192],[-74.32091,40.86208],[-74.32081,40.86223],[-74.32014,40.86267],[-74.3199,40.86278],[-74.31959,40.86285],[-74.31927,40.86283],[-74.31887,40.86275],[-74.31864,40.86277],[-74.31844,40.86287],[-74.31808,40.86323],[-74.31763,40.86345],[-74.31748,40.8636],[-74.31734,40.86401],[-74.31733,40.86429],[-74.31735,40.86449],[-74.31733,40.86479],[-74.31745,40.86519],[-74.31751,40.86525],[-74.31767,40.86526],[-74.31781,40.86545],[-74.31821,40.86566],[-74.31867,40.86595],[-74.31915,40.86611],[-74.31926,40.86611],[-74.31994,40.86598],[-74.32028,40.86586],[-74.32048,40.86572],[-74.32066,40.86542],[-74.32069,40.86497],[-74.32058,40.86461],[-74.32073,40.86431],[-74.32088,40.86418],[-74.32116,40.86409],[-74.32163,40.86404],[-74.32209,40.86404],[-74.32259,40.8643],[-74.32316,40.86448],[-74.32451,40.86467],[-74.32488,40.86474],[-74.32533,40.86487],[-74.32563,40.86503],[-74.32574,40.86515],[-74.32591,40.8655],[-74.32598,40.86587],[-74.32624,40.86608],[-74.32638,40.86612],[-74.32684,40.8661],[-74.32718,40.86606],[-74.32772,40.86595],[-74.32794,40.86596],[-74.32815,40.86604],[-74.32844,40.86622],[-74.32858,40.86636],[-74.32887,40.86677],[-74.32902,40.86689],[-74.32958,40.86709],[-74.32981,40.86713],[-74.33083,40.86696],[-74.33107,40.86696],[-74.33157,40.86701],[-74.33209,40.86716],[-74.33257,40.8675],[-74.33271,40.8677],[-74.33284,40.86811],[-74.33279,40.86834],[-74.33259,40.86859],[-74.33233,40.86883],[-74.33262,40.86913],[-74.33273,40.86918],[-74.3329,40.8692],[-74.33327,40.86915],[-74.33345,40.86906],[-74.33382,40.86876],[-74.33399,40.86853],[-74.33459,40.86788],[-74.33479,40.86777],[-74.33508,40.86767],[-74.33551,40.86766],[-74.33589,40.86775],[-74.33614,40.8679],[-74.33634,40.8677],[-74.33639,40.8676],[-74.33638,40.86738],[-74.33627,40.86718],[-74.33635,40.86709],[-74.3364,40.86681],[-74.33649,40.86672],[-74.3365,40.86657],[-74.33656,40.8665],[-74.33697,40.86668],[-74.33702,40.86684],[-74.33717,40.86684],[-74.33721,40.86687],[-74.33725,40.86724],[-74.33753,40.86789],[-74.33765,40.8684],[-74.33723,40.8687],[-74.33693,40.86879],[-74.33653,40.86884],[-74.33666,40.86936],[-74.33681,40.86949],[-74.33702,40.86955],[-74.3377,40.8695],[-74.33802,40.86954],[-74.33817,40.86966],[-74.33824,40.86988],[-74.33819,40.87004],[-74.33812,40.87011],[-74.3377,40.87028],[-74.33741,40.87033],[-74.33668,40.87023],[-74.33643,40.87023],[-74.33615,40.87031],[-74.33602,40.87047],[-74.33603,40.87065],[-74.33619,40.87085],[-74.33722,40.8712],[-74.33751,40.87136],[-74.33759,40.87153],[-74.33768,40.87191],[-74.33765,40.87218],[-74.33751,40.87237],[-74.33712,40.87266],[-74.33669,40.87282],[-74.33635,40.87284],[-74.33542,40.87266],[-74.33509,40.87267],[-74.33476,40.87274],[-74.33452,40.87293],[-74.33442,40.87311],[-74.33439,40.87324],[-74.33449,40.87351],[-74.33468,40.87365],[-74.33508,40.87372],[-74.33562,40.87375],[-74.33616,40.87384],[-74.33642,40.87393],[-74.33686,40.87414],[-74.33739,40.87454],[-74.33784,40.87501],[-74.3379,40.87518],[-74.3379,40.87543],[-74.33782,40.87573],[-74.33768,40.87591],[-74.33742,40.87611],[-74.33681,40.87631],[-74.33621,40.87634],[-74.33584,40.87642],[-74.33554,40.87654],[-74.33527,40.87671],[-74.33519,40.87681],[-74.33512,40.87698],[-74.33511,40.87715],[-74.33516,40.87737],[-74.33523,40.87749],[-74.33547,40.87766],[-74.33568,40.87773],[-74.33729,40.87803],[-74.33763,40.87812],[-74.33782,40.87821],[-74.33802,40.8784],[-74.3381,40.87862],[-74.33805,40.87914],[-74.33808,40.87928],[-74.33819,40.87944],[-74.33846,40.87965],[-74.33878,40.87977],[-74.33917,40.87981],[-74.33975,40.87961],[-74.34014,40.87957],[-74.34037,40.87966],[-74.34045,40.87978],[-74.34051,40.88032],[-74.3405,40.88077],[-74.3404,40.88139],[-74.33998,40.8824],[-74.33977,40.8835],[-74.33946,40.88442],[-74.33907,40.88527],[-74.33855,40.88597],[-74.33845,40.88619],[-74.33825,40.88707],[-74.33822,40.88735],[-74.33822,40.88751],[-74.33826,40.88767],[-74.33833,40.88781],[-74.33849,40.88799],[-74.33877,40.88821],[-74.33959,40.88858],[-74.33978,40.88875],[-74.33986,40.88891],[-74.33987,40.88926],[-74.33979,40.88996],[-74.33947,40.89086],[-74.33934,40.89135],[-74.33921,40.89168],[-74.33894,40.89208],[-74.33868,40.89234],[-74.33838,40.89253],[-74.33806,40.89264],[-74.33759,40.89268],[-74.3367,40.89258],[-74.33642,40.8926],[-74.33595,40.89273],[-74.33576,40.8929],[-74.33571,40.89308],[-74.33575,40.89324],[-74.33587,40.89339],[-74.33616,40.89358],[-74.33667,40.89377],[-74.33768,40.89393],[-74.33825,40.89395],[-74.33881,40.89392],[-74.339,40.89396],[-74.33907,40.89401],[-74.33911,40.8941],[-74.33911,40.8944],[-74.33897,40.89484],[-74.33865,40.89539],[-74.33835,40.89575],[-74.33808,40.89601],[-74.33777,40.89617],[-74.33725,40.8963],[-74.33679,40.89634],[-74.3361,40.89629],[-74.33546,40.89619],[-74.33481,40.89621],[-74.33427,40.89634],[-74.33405,40.89651],[-74.33398,40.89667],[-74.33405,40.89689],[-74.33434,40.89742],[-74.33455,40.89767],[-74.3349,40.89787],[-74.33513,40.89793],[-74.33662,40.89811],[-74.33728,40.89826],[-74.33755,40.8984],[-74.33762,40.89849],[-74.33765,40.89861],[-74.3376,40.89888],[-74.33736,40.89959],[-74.33712,40.90012],[-74.33694,40.90039],[-74.33656,40.90078],[-74.3355,40.90201],[-74.33528,40.90232],[-74.33505,40.90274],[-74.33469,40.90357],[-74.33456,40.90425],[-74.3345,40.90486],[-74.3344,40.90524],[-74.33429,40.90546],[-74.33392,40.90585],[-74.33353,40.90609],[-74.33265,40.90613],[-74.33227,40.9062],[-74.33111,40.90651],[-74.33085,40.90667],[-74.33071,40.90688],[-74.33068,40.9071],[-74.33072,40.90725],[-74.33106,40.90781],[-74.3311,40.90799],[-74.33108,40.90812],[-74.33106,40.90821],[-74.33092,40.90842],[-74.33074,40.90856],[-74.33046,40.90867],[-74.33016,40.90869],[-74.32953,40.90865],[-74.32935,40.90851],[-74.32924,40.9083],[-74.32914,40.90772],[-74.32904,40.90741],[-74.32881,40.90716],[-74.32836,40.90679],[-74.32811,40.9064],[-74.32806,40.90611],[-74.32809,40.90564],[-74.32806,40.90548],[-74.32792,40.90533],[-74.32758,40.90526],[-74.32733,40.9053],[-74.32679,40.90564],[-74.32636,40.90584],[-74.3258,40.90593],[-74.32508,40.90589],[-74.32493,40.90593],[-74.32484,40.90604],[-74.32483,40.90617],[-74.32487,40.9063],[-74.32532,40.90687],[-74.32545,40.90753],[-74.3255,40.90763],[-74.32558,40.90767],[-74.32569,40.9077],[-74.32597,40.90767],[-74.32612,40.90761],[-74.32658,40.90726],[-74.32701,40.90709],[-74.32734,40.90702],[-74.3276,40.90706],[-74.32768,40.90711],[-74.32779,40.90727],[-74.32785,40.90747],[-74.32785,40.90763],[-74.32784,40.90773],[-74.32777,40.90782],[-74.32722,40.90802],[-74.32611,40.90861],[-74.32579,40.90868],[-74.32471,40.90871],[-74.3238,40.90895],[-74.32326,40.90897],[-74.32292,40.90895],[-74.32272,40.90888],[-74.3226,40.90877],[-74.32253,40.90866],[-74.32251,40.90857],[-74.32253,40.90836],[-74.3228,40.90773],[-74.32314,40.9072],[-74.32315,40.90709],[-74.32314,40.90696],[-74.32308,40.90684],[-74.32298,40.90678],[-74.32278,40.90672],[-74.32241,40.90675],[-74.32188,40.90693],[-74.32158,40.90706],[-74.3206,40.90773],[-74.31982,40.90813],[-74.31945,40.9082],[-74.31906,40.90811],[-74.31889,40.90799],[-74.31874,40.90781],[-74.31858,40.90735],[-74.31859,40.90717],[-74.31882,40.9065],[-74.31888,40.90613],[-74.31883,40.90553],[-74.3186,40.90476],[-74.31859,40.90429],[-74.31867,40.90402],[-74.31892,40.90368],[-74.31893,40.90351],[-74.31891,40.9034],[-74.31882,40.90332],[-74.31866,40.90324],[-74.31846,40.90321],[-74.31799,40.90322],[-74.3173,40.90331],[-74.31611,40.90362],[-74.31569,40.90362],[-74.31534,40.90371],[-74.3145,40.90379],[-74.31414,40.90397],[-74.31361,40.90442],[-74.31349,40.90464],[-74.31324,40.90486],[-74.31241,40.9054],[-74.31206,40.90549],[-74.31173,40.90549],[-74.3114,40.90544],[-74.31116,40.90535],[-74.31077,40.90508],[-74.31027,40.90464],[-74.30996,40.90452],[-74.3097,40.90449],[-74.30935,40.90454],[-74.30895,40.90469],[-74.30854,40.9049],[-74.30784,40.90537],[-74.30748,40.90555],[-74.30712,40.90564],[-74.3066,40.90564],[-74.30635,40.9056],[-74.30579,40.90544],[-74.30541,40.90542],[-74.30522,40.90554],[-74.30504,40.90584],[-74.30482,40.90612],[-74.30418,40.90678],[-74.3036,40.90715],[-74.30325,40.90724],[-74.30286,40.90719],[-74.30279,40.90714],[-74.30246,40.90659],[-74.30238,40.90639],[-74.30239,40.90623],[-74.30245,40.90611],[-74.30258,40.90598],[-74.30282,40.90579],[-74.3035,40.90539],[-74.30371,40.90514],[-74.30374,40.90488],[-74.30366,40.9047],[-74.30338,40.90445],[-74.30305,40.90433],[-74.30215,40.90435],[-74.30065,40.90463],[-74.29936,40.90507],[-74.29806,40.90558],[-74.29792,40.90558],[-74.29762,40.90572],[-74.2966,40.90586],[-74.29421,40.90594],[-74.29313,40.90592],[-74.29281,40.90589],[-74.29242,40.9058],[-74.29203,40.90558],[-74.29189,40.90542],[-74.29181,40.90514],[-74.2918,40.905],[-74.29181,40.90482],[-74.29189,40.90459],[-74.29234,40.90383],[-74.29239,40.90363],[-74.29238,40.90331],[-74.29223,40.90303],[-74.29146,40.90218],[-74.29141,40.90197],[-74.29143,40.90182],[-74.29152,40.90169],[-74.29172,40.90155],[-74.29244,40.90126],[-74.2925,40.90117],[-74.29252,40.90103],[-74.29244,40.90079],[-74.2923,40.90062],[-74.29127,40.89978],[-74.29098,40.89963],[-74.29043,40.89946],[-74.29007,40.89939],[-74.28925,40.89939],[-74.28881,40.89944],[-74.28858,40.89953],[-74.28805,40.89986],[-74.28724,40.9005],[-74.28672,40.90087],[-74.28612,40.90114],[-74.28535,40.90132],[-74.2841,40.90139],[-74.28344,40.90134],[-74.28287,40.90127],[-74.2823,40.90112],[-74.28197,40.90092],[-74.28181,40.90076],[-74.28168,40.9004],[-74.28172,40.89994],[-74.28205,40.8997],[-74.28226,40.89967],[-74.28352,40.89967],[-74.28579,40.89935],[-74.28624,40.89923],[-74.28676,40.89903],[-74.2871,40.89878],[-74.28727,40.89854],[-74.28728,40.89833],[-74.28724,40.89818],[-74.28708,40.89799],[-74.28657,40.8977],[-74.28603,40.89754],[-74.28569,40.89756],[-74.28542,40.89764],[-74.28503,40.89794],[-74.28458,40.8982],[-74.28427,40.8982],[-74.28411,40.89817],[-74.284,40.89811],[-74.28387,40.89798],[-74.28385,40.89778],[-74.28392,40.89751],[-74.28411,40.89711],[-74.28429,40.89657],[-74.28466,40.89566],[-74.2847,40.89537],[-74.28467,40.89517],[-74.28458,40.89499],[-74.28446,40.89489],[-74.28421,40.89482],[-74.28374,40.89489],[-74.28333,40.89505],[-74.28282,40.89535],[-74.28247,40.8956],[-74.28206,40.89602],[-74.28184,40.89639],[-74.28181,40.89652],[-74.28163,40.8967],[-74.28145,40.89706],[-74.28095,40.8976],[-74.28051,40.89784],[-74.28003,40.89796],[-74.27969,40.89797],[-74.27947,40.89793],[-74.27874,40.89755],[-74.27832,40.89756],[-74.27779,40.8975],[-74.27677,40.89721],[-74.27572,40.89703],[-74.27563,40.89698],[-74.27437,40.89703],[-74.27353,40.89715],[-74.27326,40.89723],[-74.27297,40.89723],[-74.27216,40.89733],[-74.27197,40.89732],[-74.27177,40.89718],[-74.27118,40.89708],[-74.271,40.89699],[-74.27023,40.89681],[-74.26888,40.89608],[-74.26858,40.89603],[-74.26664,40.89453],[-74.26629,40.89404],[-74.26582,40.89313],[-74.26583,40.89295],[-74.26565,40.89272],[-74.26565,40.89245],[-74.26554,40.89223],[-74.26543,40.89146],[-74.26525,40.89106],[-74.26525,40.89083],[-74.26508,40.89024],[-74.26504,40.88894],[-74.26492,40.88876],[-74.26493,40.8884],[-74.26475,40.88772],[-74.26458,40.88745],[-74.26464,40.88736],[-74.26429,40.88691],[-74.26176,40.885],[-74.26087,40.88445],[-74.2607,40.88441],[-74.25981,40.88377],[-74.25964,40.88377],[-74.25899,40.8834],[-74.25827,40.8831],[-74.25808,40.88307],[-74.25648,40.88287],[-74.25505,40.88306],[-74.25476,40.88307],[-74.25397,40.88229],[-74.25317,40.88157],[-74.24678,40.88099],[-74.24029,40.88044],[-74.21285,40.86509],[-74.202,40.85935],[-74.20172,40.86037],[-74.197,40.85946],[-74.19708,40.85906],[-74.19759,40.85818],[-74.1973,40.85806],[-74.19789,40.85721],[-74.19831,40.85729],[-74.18624,40.85075],[-74.18534,40.85023],[-74.18266,40.84878],[-74.17902,40.84675],[-74.16247,40.8377],[-74.15195,40.832],[-74.15114,40.83162],[-74.14923,40.83055],[-74.14177,40.8265],[-74.13026,40.82019],[-74.13002,40.81994],[-74.13154,40.81962],[-74.13338,40.81916],[-74.1354,40.81855],[-74.13597,40.8183],[-74.13635,40.81808],[-74.13665,40.81781],[-74.13701,40.81734],[-74.13732,40.81665],[-74.13761,40.81589],[-74.13847,40.81326],[-74.13855,40.8125],[-74.1384,40.81178],[-74.13839,40.81161],[-74.13855,40.81065],[-74.13859,40.8102],[-74.13858,40.80876],[-74.13865,40.80765],[-74.13871,40.80741],[-74.13939,40.80603]]]}},{"type":"Feature","properties":{"std_name":"Bergen County","std_geoid":"34003","pen":"politicians","std_note":null,"LSAD":"06","NAME":"Bergen"},"geometry":{"type":"Polygon","coordinates":[[[-73.9983,40.80848],[-74.01235,40.81598],[-74.01233,40.81611],[-74.01236,40.81625],[-74.01252,40.8165],[-74.01248,40.8167],[-74.01229,40.81692],[-74.01198,40.81702],[-74.01188,40.81709],[-74.01183,40.81718],[-74.01185,40.81727],[-74.01182,40.81733],[-74.01153,40.81745],[-74.01141,40.81769],[-74.01144,40.81774],[-74.01137,40.81793],[-74.01139,40.81804],[-74.01152,40.81816],[-74.01179,40.81823],[-74.01186,40.81835],[-74.01181,40.81847],[-74.01167,40.81861],[-74.01139,40.81878],[-74.01132,40.81894],[-74.01134,40.81905],[-74.01145,40.81927],[-74.01158,40.81943],[-74.01178,40.81958],[-74.01183,40.81971],[-74.01179,40.81984],[-74.01132,40.82039],[-74.01129,40.82048],[-74.01131,40.82066],[-74.01138,40.82084],[-74.01148,40.82091],[-74.01184,40.82104],[-74.01197,40.82114],[-74.0121,40.82145],[-74.01232,40.82181],[-74.01256,40.82192],[-74.01377,40.82306],[-74.01454,40.82307],[-74.01513,40.82289],[-74.01555,40.82286],[-74.01575,40.82296],[-74.01596,40.82313],[-74.01647,40.82345],[-74.01677,40.82356],[-74.01703,40.82358],[-74.01729,40.82354],[-74.01782,40.82334],[-74.01818,40.8231],[-74.01845,40.82286],[-74.01868,40.82261],[-74.01891,40.82225],[-74.01903,40.82162],[-74.01916,40.8212],[-74.01928,40.82103],[-74.01941,40.82095],[-74.02018,40.82089],[-74.02034,40.82083],[-74.02046,40.82073],[-74.02047,40.82062],[-74.02015,40.82032],[-74.02001,40.82013],[-74.01995,40.81996],[-74.01995,40.81965],[-74.02003,40.81926],[-74.02016,40.81888],[-74.02029,40.81871],[-74.02041,40.81864],[-74.02059,40.8186],[-74.02135,40.81847],[-74.02169,40.81847],[-74.02252,40.81853],[-74.02282,40.81853],[-74.02295,40.81849],[-74.02309,40.81837],[-74.02314,40.81817],[-74.02311,40.81788],[-74.02297,40.81741],[-74.02296,40.81704],[-74.02305,40.81682],[-74.02317,40.81667],[-74.02336,40.81656],[-74.02357,40.8165],[-74.02409,40.81642],[-74.02483,40.81636],[-74.02503,40.81628],[-74.02507,40.81613],[-74.02499,40.81593],[-74.02419,40.8155],[-74.02399,40.8153],[-74.02391,40.81508],[-74.02391,40.81496],[-74.02404,40.81474],[-74.02421,40.81466],[-74.02453,40.81464],[-74.02469,40.81468],[-74.02487,40.81476],[-74.02508,40.8149],[-74.0252,40.81504],[-74.02564,40.81571],[-74.02607,40.81602],[-74.02645,40.81623],[-74.02668,40.81627],[-74.02694,40.81626],[-74.02736,40.81613],[-74.02773,40.81596],[-74.02806,40.81573],[-74.02834,40.81547],[-74.02854,40.81517],[-74.02863,40.81495],[-74.02871,40.81462],[-74.02872,40.81411],[-74.02869,40.81376],[-74.02858,40.81321],[-74.0286,40.81312],[-74.02872,40.81297],[-74.02883,40.81289],[-74.02903,40.8128],[-74.02933,40.81277],[-74.03016,40.8129],[-74.03165,40.81326],[-74.03248,40.81157],[-74.03309,40.81043],[-74.03338,40.81005],[-74.03408,40.80932],[-74.03463,40.80884],[-74.03557,40.80823],[-74.03582,40.8081],[-74.03673,40.8078],[-74.03783,40.80759],[-74.03823,40.80757],[-74.04317,40.80759],[-74.04523,40.80755],[-74.04654,40.80747],[-74.04781,40.80736],[-74.05141,40.80691],[-74.05855,40.80628],[-74.05918,40.80618],[-74.06003,40.80599],[-74.06147,40.80539],[-74.0627,40.8048],[-74.06324,40.80452],[-74.06384,40.80415],[-74.06473,40.80347],[-74.06525,40.80302],[-74.06696,40.80107],[-74.06737,40.80053],[-74.06861,40.79873],[-74.06882,40.79851],[-74.06903,40.79835],[-74.06969,40.79801],[-74.07055,40.79767],[-74.07132,40.7975],[-74.07378,40.7971],[-74.07472,40.79686],[-74.07527,40.79663],[-74.07579,40.79634],[-74.07675,40.79562],[-74.07719,40.79517],[-74.07785,40.79428],[-74.07871,40.79243],[-74.07985,40.78973],[-74.08028,40.78911],[-74.08048,40.78886],[-74.08166,40.7876],[-74.08689,40.78239],[-74.08761,40.7816],[-74.08827,40.78078],[-74.08914,40.7796],[-74.0897,40.77872],[-74.08998,40.77818],[-74.09012,40.77748],[-74.0901,40.77688],[-74.08941,40.77428],[-74.08917,40.77356],[-74.08883,40.77227],[-74.08837,40.76929],[-74.08788,40.76715],[-74.08777,40.76619],[-74.08777,40.76542],[-74.08784,40.7649],[-74.08798,40.76444],[-74.08868,40.76339],[-74.08904,40.76293],[-74.08966,40.76221],[-74.09027,40.76159],[-74.09168,40.76266],[-74.09217,40.76314],[-74.09225,40.76326],[-74.09246,40.76339],[-74.09283,40.7634],[-74.09332,40.76335],[-74.09348,40.76329],[-74.09358,40.76318],[-74.09368,40.76255],[-74.09372,40.76251],[-74.09383,40.76245],[-74.09461,40.76222],[-74.09493,40.76235],[-74.09536,40.76263],[-74.09584,40.76286],[-74.09594,40.76294],[-74.09622,40.76382],[-74.09629,40.76416],[-74.09641,40.7644],[-74.09642,40.76485],[-74.09655,40.76517],[-74.09677,40.76537],[-74.09696,40.76569],[-74.09702,40.76583],[-74.097,40.76613],[-74.09755,40.76655],[-74.09775,40.76679],[-74.09804,40.76708],[-74.09831,40.76728],[-74.09868,40.76747],[-74.09877,40.76757],[-74.09877,40.76764],[-74.0987,40.76774],[-74.09796,40.76857],[-74.09795,40.76879],[-74.09806,40.76953],[-74.09803,40.7696],[-74.09766,40.76992],[-74.0976,40.77003],[-74.09764,40.77074],[-74.09772,40.77091],[-74.09827,40.77139],[-74.09837,40.7724],[-74.09844,40.77252],[-74.09934,40.77292],[-74.10046,40.77334],[-74.10072,40.77348],[-74.10083,40.77363],[-74.10094,40.7737],[-74.10101,40.77378],[-74.10102,40.77419],[-74.10092,40.77529],[-74.10093,40.77555],[-74.10088,40.77586],[-74.10088,40.77595],[-74.10094,40.77602],[-74.10159,40.77613],[-74.10202,40.77615],[-74.10257,40.77624],[-74.10272,40.77618],[-74.10289,40.77602],[-74.10327,40.77576],[-74.10335,40.77574],[-74.10348,40.77585],[-74.10413,40.77655],[-74.10427,40.77664],[-74.10469,40.77681],[-74.10523,40.77713],[-74.10651,40.77737],[-74.10698,40.77736],[-74.1073,40.7773],[-74.10781,40.77731],[-74.1079,40.77736],[-74.1084,40.77746],[-74.10897,40.77763],[-74.10916,40.7777],[-74.10923,40.77782],[-74.1097,40.77779],[-74.10987,40.77771],[-74.1099,40.77728],[-74.11056,40.77713],[-74.11057,40.77704],[-74.11068,40.77691],[-74.11113,40.77675],[-74.11169,40.77645],[-74.11185,40.77619],[-74.11193,40.77611],[-74.11222,40.77606],[-74.11248,40.77611],[-74.11325,40.77607],[-74.11374,40.77621],[-74.11396,40.77631],[-74.11415,40.77614],[-74.11442,40.77581],[-74.11479,40.77543],[-74.11513,40.77495],[-74.1154,40.77442],[-74.11559,40.77434],[-74.11658,40.77415],[-74.1167,40.77407],[-74.11675,40.77382],[-74.1167,40.77371],[-74.11625,40.7735],[-74.11618,40.77341],[-74.11628,40.77332],[-74.11641,40.77327],[-74.11691,40.77333],[-74.11703,40.7733],[-74.11703,40.77313],[-74.11688,40.77284],[-74.11688,40.77275],[-74.11708,40.77255],[-74.11722,40.77254],[-74.11769,40.77275],[-74.11782,40.77274],[-74.11785,40.7727],[-74.11786,40.77241],[-74.11777,40.77203],[-74.11788,40.77192],[-74.11816,40.77183],[-74.11832,40.77183],[-74.11868,40.77205],[-74.11905,40.77233],[-74.11921,40.77237],[-74.11988,40.77229],[-74.12059,40.77226],[-74.12166,40.77201],[-74.12174,40.77196],[-74.1221,40.7715],[-74.12218,40.77148],[-74.12276,40.77144],[-74.12286,40.77149],[-74.12313,40.77174],[-74.12325,40.77178],[-74.12719,40.77134],[-74.12735,40.77195],[-74.12748,40.77219],[-74.12762,40.77236],[-74.12803,40.77266],[-74.12944,40.77347],[-74.12954,40.77355],[-74.12968,40.77374],[-74.12973,40.77403],[-74.12947,40.77475],[-74.12942,40.77503],[-74.12968,40.77653],[-74.1298,40.77687],[-74.13,40.77719],[-74.13045,40.77764],[-74.13077,40.77784],[-74.13561,40.78025],[-74.13786,40.78143],[-74.1465,40.78606],[-74.14753,40.78649],[-74.14611,40.78853],[-74.14501,40.79016],[-74.14471,40.79055],[-74.14446,40.79085],[-74.14221,40.79307],[-74.14184,40.79355],[-74.14134,40.79435],[-74.13984,40.79655],[-74.13962,40.79681],[-74.13903,40.79735],[-74.13867,40.79772],[-74.13832,40.79822],[-74.1382,40.79849],[-74.13809,40.79885],[-74.13803,40.7992],[-74.13801,40.79981],[-74.1381,40.80037],[-74.13819,40.80066],[-74.13906,40.80229],[-74.13928,40.80281],[-74.13956,40.8037],[-74.13967,40.80436],[-74.13968,40.80464],[-74.13962,40.80518],[-74.13939,40.80603],[-74.13871,40.80741],[-74.13865,40.80765],[-74.13858,40.80876],[-74.13859,40.8102],[-74.13855,40.81065],[-74.13839,40.81161],[-74.1384,40.81178],[-74.13855,40.8125],[-74.13847,40.81326],[-74.13761,40.81589],[-74.13732,40.81665],[-74.13701,40.81734],[-74.13665,40.81781],[-74.13635,40.81808],[-74.13597,40.8183],[-74.1354,40.81855],[-74.13338,40.81916],[-74.13154,40.81962],[-74.12749,40.82047],[-74.12676,40.82065],[-74.12644,40.82078],[-74.12571,40.82123],[-74.1252,40.8216],[-74.12412,40.82245],[-74.12363,40.82291],[-74.12329,40.8234],[-74.12309,40.82379],[-74.12261,40.82504],[-74.12229,40.82599],[-74.12152,40.82866],[-74.12112,40.82987],[-74.12099,40.83054],[-74.1209,40.83169],[-74.12089,40.83219],[-74.12096,40.8327],[-74.12114,40.83322],[-74.12132,40.83353],[-74.1221,40.83463],[-74.12255,40.83536],[-74.12296,40.83654],[-74.12326,40.83715],[-74.1238,40.83796],[-74.12395,40.83833],[-74.12404,40.83872],[-74.12403,40.83928],[-74.12393,40.83975],[-74.12372,40.84021],[-74.12311,40.8411],[-74.12253,40.84182],[-74.12222,40.84243],[-74.12208,40.84286],[-74.12196,40.84338],[-74.12163,40.84512],[-74.12109,40.84721],[-74.12072,40.84805],[-74.11975,40.84989],[-74.11961,40.85026],[-74.11939,40.85102],[-74.11927,40.85168],[-74.11924,40.85204],[-74.1193,40.8531],[-74.11943,40.85391],[-74.11985,40.85501],[-74.12105,40.85647],[-74.12125,40.85686],[-74.12129,40.85707],[-74.12129,40.85739],[-74.12121,40.8577],[-74.12111,40.8579],[-74.12091,40.85817],[-74.12073,40.85833],[-74.11999,40.85884],[-74.11932,40.85916],[-74.1178,40.85972],[-74.11703,40.85989],[-74.11597,40.85998],[-74.11521,40.85998],[-74.11447,40.8599],[-74.11388,40.8597],[-74.11339,40.85941],[-74.113,40.85906],[-74.11259,40.85859],[-74.1125,40.85831],[-74.11243,40.85683],[-74.11232,40.85605],[-74.11223,40.85591],[-74.11173,40.85558],[-74.1112,40.8553],[-74.11083,40.85519],[-74.11062,40.85516],[-74.11026,40.85517],[-74.10988,40.85523],[-74.10951,40.85532],[-74.10927,40.8554],[-74.1087,40.85566],[-74.1083,40.85597],[-74.10772,40.85657],[-74.10741,40.85705],[-74.10727,40.85735],[-74.10679,40.8593],[-74.10701,40.86194],[-74.10719,40.8626],[-74.10742,40.86314],[-74.10781,40.86354],[-74.10845,40.86402],[-74.10905,40.86436],[-74.11073,40.86505],[-74.11095,40.86523],[-74.11107,40.86538],[-74.11129,40.86581],[-74.11137,40.86606],[-74.11193,40.86787],[-74.11226,40.86862],[-74.1124,40.86886],[-74.11261,40.86911],[-74.11367,40.86986],[-74.11381,40.87],[-74.11398,40.87029],[-74.11413,40.87082],[-74.11441,40.87209],[-74.11504,40.87354],[-74.11539,40.87457],[-74.11566,40.875],[-74.11585,40.87519],[-74.11743,40.87619],[-74.11786,40.87655],[-74.11883,40.87753],[-74.11942,40.87801],[-74.11953,40.87815],[-74.11962,40.87833],[-74.11966,40.87854],[-74.11983,40.87891],[-74.12026,40.87961],[-74.12107,40.8804],[-74.12128,40.88063],[-74.1215,40.88095],[-74.12264,40.88154],[-74.12315,40.88173],[-74.12337,40.88184],[-74.1237,40.88211],[-74.1244,40.88251],[-74.12532,40.88283],[-74.12987,40.88498],[-74.13008,40.88512],[-74.1302,40.88527],[-74.13031,40.88549],[-74.13035,40.88564],[-74.13033,40.88587],[-74.13003,40.88645],[-74.12985,40.8869],[-74.12972,40.88755],[-74.12942,40.88858],[-74.12928,40.88953],[-74.12907,40.89044],[-74.12846,40.89428],[-74.12848,40.89442],[-74.12856,40.89455],[-74.12877,40.89479],[-74.12929,40.89526],[-74.13021,40.89591],[-74.13179,40.89674],[-74.13235,40.89696],[-74.13282,40.89707],[-74.13315,40.89766],[-74.13336,40.89812],[-74.13348,40.89847],[-74.13357,40.89879],[-74.13367,40.89959],[-74.13367,40.90007],[-74.13359,40.90114],[-74.13346,40.90219],[-74.13342,40.90236],[-74.13325,40.90265],[-74.13208,40.90438],[-74.1317,40.9053],[-74.13164,40.90569],[-74.13165,40.90632],[-74.13174,40.90685],[-74.13194,40.90801],[-74.13215,40.9089],[-74.13343,40.91188],[-74.1335,40.91216],[-74.13345,40.91291],[-74.13337,40.91321],[-74.13308,40.91381],[-74.13272,40.91448],[-74.1324,40.91495],[-74.13156,40.9159],[-74.1311,40.91656],[-74.13053,40.91764],[-74.12951,40.91946],[-74.12941,40.91973],[-74.12938,40.92],[-74.12941,40.92021],[-74.12964,40.92069],[-74.12996,40.92102],[-74.13041,40.9214],[-74.13152,40.92208],[-74.13223,40.92239],[-74.13304,40.92269],[-74.1341,40.92296],[-74.13448,40.92302],[-74.13503,40.92304],[-74.13737,40.92292],[-74.13801,40.92294],[-74.13843,40.92303],[-74.13887,40.9232],[-74.13956,40.92354],[-74.14,40.92383],[-74.14022,40.924],[-74.1404,40.9242],[-74.14134,40.92542],[-74.14186,40.9263],[-74.14222,40.92715],[-74.14241,40.92794],[-74.14252,40.92895],[-74.14243,40.92956],[-74.14233,40.92982],[-74.14208,40.93029],[-74.14196,40.93044],[-74.14174,40.93064],[-74.14111,40.93102],[-74.14071,40.93134],[-74.14042,40.93167],[-74.13999,40.93228],[-74.1397,40.93287],[-74.13964,40.93306],[-74.13961,40.93343],[-74.13961,40.93392],[-74.13973,40.93438],[-74.13998,40.93503],[-74.14047,40.93601],[-74.14092,40.93673],[-74.1412,40.93708],[-74.14184,40.93773],[-74.14226,40.93822],[-74.14362,40.94033],[-74.14394,40.94077],[-74.14409,40.94092],[-74.14441,40.94113],[-74.14485,40.94132],[-74.14543,40.94148],[-74.14643,40.94168],[-74.14736,40.94175],[-74.1477,40.94172],[-74.14807,40.94164],[-74.14816,40.94207],[-74.14816,40.94234],[-74.14767,40.94461],[-74.14644,40.9484],[-74.14596,40.95025],[-74.14569,40.95155],[-74.14434,40.95635],[-74.14394,40.95736],[-74.14307,40.95979],[-74.14163,40.96359],[-74.14125,40.96517],[-74.14117,40.96576],[-74.14105,40.96635],[-74.14484,40.96855],[-74.1456,40.96905],[-74.16556,40.98101],[-74.16806,40.98257],[-74.169,40.98311],[-74.17028,40.9839],[-74.17114,40.97707],[-74.18211,40.97792],[-74.1918,40.97856],[-74.21193,40.98017],[-74.22453,40.9813],[-74.24853,40.99209],[-74.26427,41.01194],[-74.27223,41.01794],[-74.25204,41.05781],[-74.25046,41.06082],[-74.21122,41.13371],[-74.16814,41.11531],[-74.15174,41.10811],[-74.12725,41.09731],[-74.11428,41.09156],[-74.09677,41.0839],[-74.05722,41.06628],[-73.99982,41.04082],[-73.96971,41.02743],[-73.95504,41.02086],[-73.95233,41.01968],[-73.9302,41.00971],[-73.92323,41.00653],[-73.90272,40.99733],[-73.89363,40.99717],[-73.89614,40.98187],[-73.90846,40.94788],[-73.90911,40.94589],[-73.91425,40.92796],[-73.92247,40.90724],[-73.92384,40.90367],[-73.92495,40.90102],[-73.92655,40.89688],[-73.92724,40.8952],[-73.92982,40.88868],[-73.93381,40.88221],[-73.93379,40.88221],[-73.95283,40.85111],[-73.96358,40.82664],[-73.98474,40.79766],[-73.99331,40.80129],[-73.99368,40.80206],[-73.99369,40.80288],[-73.99364,40.80324],[-73.99351,40.80368],[-73.99316,40.80576],[-73.99569,40.80717],[-73.9983,40.80848]]]}},{"type":"Feature","properties":{"std_name":"Morris County","std_geoid":"34027","pen":"politicians","std_note":null,"LSAD":"06","NAME":"Morris"},"geometry":{"type":"Polygon","coordinates":[[[-74.43056,41.02011],[-74.42903,41.02038],[-74.42815,41.02067],[-74.42767,41.02096],[-74.42723,41.02129],[-74.42689,41.02164],[-74.42588,41.02297],[-74.42547,41.02367],[-74.42475,41.02517],[-74.42411,41.02674],[-74.42405,41.02705],[-74.42395,41.02728],[-74.42362,41.02767],[-74.42337,41.02775],[-74.42317,41.02776],[-74.42292,41.02788],[-74.42247,41.02801],[-74.42192,41.02829],[-74.42151,41.02842],[-74.42104,41.02847],[-74.42047,41.02839],[-74.42019,41.02846],[-74.41953,41.02872],[-74.41888,41.02873],[-74.4179,41.02857],[-74.41768,41.02844],[-74.41733,41.02818],[-74.41694,41.02807],[-74.41538,41.02801],[-74.41512,41.02795],[-74.41488,41.02784],[-74.4145,41.02759],[-74.41405,41.02743],[-74.41393,41.02732],[-74.41384,41.02712],[-74.41307,41.02695],[-74.41259,41.02673],[-74.4116,41.02648],[-74.41104,41.02625],[-74.41088,41.02614],[-74.41057,41.02581],[-74.41048,41.02566],[-74.41048,41.02547],[-74.41025,41.02522],[-74.41005,41.02509],[-74.4083,41.02459],[-74.40738,41.02442],[-74.40644,41.02418],[-74.4062,41.02418],[-74.40585,41.02392],[-74.40524,41.02317],[-74.40408,41.02225],[-74.40374,41.02162],[-74.40344,41.02122],[-74.4034,41.02095],[-74.4034,41.02056],[-74.40334,41.02042],[-74.40311,41.02038],[-74.40267,41.02055],[-74.40252,41.02054],[-74.40251,41.02021],[-74.40256,41.0197],[-74.40267,41.01941],[-74.40266,41.01933],[-74.40258,41.0192],[-74.40239,41.01908],[-74.40189,41.01898],[-74.40169,41.01889],[-74.40146,41.01862],[-74.40051,41.01808],[-74.40018,41.01783],[-74.40001,41.01748],[-74.39991,41.01737],[-74.39939,41.01725],[-74.39844,41.01709],[-74.39803,41.01698],[-74.39656,41.01696],[-74.3959,41.01687],[-74.39492,41.01666],[-74.39287,41.01613],[-74.39204,41.016],[-74.39153,41.016],[-74.39127,41.01595],[-74.39108,41.01582],[-74.39087,41.0156],[-74.39078,41.01547],[-74.3907,41.01522],[-74.39012,41.01467],[-74.3899,41.01434],[-74.38985,41.0141],[-74.39004,41.01336],[-74.39007,41.01311],[-74.38995,41.01292],[-74.38963,41.01266],[-74.38943,41.01235],[-74.3891,41.01219],[-74.38852,41.01213],[-74.38814,41.01203],[-74.38776,41.01185],[-74.38729,41.01169],[-74.38684,41.01167],[-74.38607,41.01181],[-74.38516,41.01231],[-74.38475,41.01257],[-74.3842,41.0128],[-74.3838,41.01302],[-74.38296,41.01369],[-74.38257,41.01392],[-74.38219,41.01402],[-74.38079,41.01422],[-74.37981,41.01426],[-74.37882,41.01421],[-74.37777,41.01409],[-74.3772,41.01401],[-74.37689,41.01392],[-74.37674,41.01386],[-74.37582,41.01332],[-74.37528,41.01306],[-74.375,41.01284],[-74.37442,41.01261],[-74.37287,41.01185],[-74.37236,41.01145],[-74.37222,41.0114],[-74.37193,41.01135],[-74.37127,41.01132],[-74.37043,41.01137],[-74.36925,41.01156],[-74.36825,41.0118],[-74.3679,41.01193],[-74.36703,41.01192],[-74.36688,41.01191],[-74.36587,41.01162],[-74.36573,41.01156],[-74.36553,41.0114],[-74.36533,41.01132],[-74.36441,41.01096],[-74.3642,41.01094],[-74.36395,41.01102],[-74.36376,41.0112],[-74.3637,41.01129],[-74.36363,41.01149],[-74.36351,41.01213],[-74.36333,41.01244],[-74.36287,41.01304],[-74.36283,41.01313],[-74.36274,41.0135],[-74.36213,41.01383],[-74.3619,41.01389],[-74.36146,41.01384],[-74.36094,41.01392],[-74.35973,41.01399],[-74.35937,41.01392],[-74.35905,41.01375],[-74.35878,41.01365],[-74.35791,41.01349],[-74.35662,41.01362],[-74.35641,41.01366],[-74.35581,41.01388],[-74.35547,41.01391],[-74.3553,41.01387],[-74.35509,41.01377],[-74.35414,41.01311],[-74.35305,41.01197],[-74.35248,41.01164],[-74.35197,41.01129],[-74.35128,41.01068],[-74.35114,41.01049],[-74.3511,41.01018],[-74.35119,41.00937],[-74.35118,41.00876],[-74.35109,41.00765],[-74.35109,41.00746],[-74.35113,41.00725],[-74.35124,41.00697],[-74.35155,41.00647],[-74.35186,41.00624],[-74.35238,41.00594],[-74.35246,41.00586],[-74.35247,41.0058],[-74.35244,41.0057],[-74.35237,41.00562],[-74.35184,41.00525],[-74.35159,41.00484],[-74.35139,41.00459],[-74.35075,41.00422],[-74.35019,41.00397],[-74.34995,41.00393],[-74.34954,41.00398],[-74.34889,41.00423],[-74.34709,41.00471],[-74.34681,41.00474],[-74.34625,41.00473],[-74.34589,41.00481],[-74.3457,41.00492],[-74.34561,41.005],[-74.34543,41.00529],[-74.34536,41.00534],[-74.3449,41.00561],[-74.34464,41.0058],[-74.34396,41.00621],[-74.34315,41.00659],[-74.34248,41.00677],[-74.34207,41.00692],[-74.34192,41.00692],[-74.34168,41.00683],[-74.34153,41.00663],[-74.34133,41.00621],[-74.34117,41.00598],[-74.34098,41.00581],[-74.34087,41.00577],[-74.34072,41.00577],[-74.34062,41.00579],[-74.34003,41.00619],[-74.33922,41.00664],[-74.33878,41.00705],[-74.33846,41.00724],[-74.33832,41.0073],[-74.33781,41.00735],[-74.33697,41.00757],[-74.33665,41.0076],[-74.33623,41.00749],[-74.3358,41.00727],[-74.33519,41.00672],[-74.33493,41.00629],[-74.33475,41.00556],[-74.3348,41.00523],[-74.335,41.00479],[-74.33503,41.00437],[-74.33494,41.00395],[-74.33488,41.00381],[-74.33469,41.00361],[-74.33369,41.0031],[-74.33318,41.00293],[-74.33237,41.00288],[-74.33188,41.00291],[-74.33107,41.0028],[-74.33084,41.00251],[-74.33039,41.00223],[-74.32953,41.00207],[-74.32934,41.00199],[-74.32896,41.00172],[-74.32846,41.00126],[-74.32822,41.00116],[-74.32759,41.00111],[-74.32687,41.00093],[-74.32662,41.0009],[-74.32443,41.00103],[-74.3239,41.00115],[-74.32244,41.00127],[-74.32132,41.00158],[-74.32036,41.00178],[-74.31955,41.00184],[-74.31857,41.00186],[-74.31783,41.00196],[-74.31715,41.00198],[-74.31549,41.00238],[-74.315,41.00206],[-74.31465,41.00163],[-74.31434,41.00139],[-74.31374,41.00105],[-74.31333,41.00077],[-74.31298,41.00058],[-74.31278,41.00043],[-74.31252,41.00001],[-74.31245,40.99969],[-74.3123,40.99953],[-74.3107,40.99893],[-74.30976,40.99848],[-74.30949,40.99841],[-74.30897,40.99839],[-74.30839,40.99844],[-74.30789,40.99857],[-74.30679,40.99899],[-74.30589,40.99912],[-74.30519,40.99933],[-74.30482,40.99935],[-74.30429,40.99932],[-74.30381,40.99937],[-74.30303,40.99929],[-74.3025,40.9992],[-74.30203,40.99917],[-74.30169,40.99917],[-74.30143,40.99925],[-74.3013,40.99935],[-74.30112,40.9998],[-74.30105,41.0],[-74.30101,41.00035],[-74.30104,41.00067],[-74.30116,41.00103],[-74.30117,41.00142],[-74.30122,41.00162],[-74.30128,41.00176],[-74.30151,41.00203],[-74.30152,41.00211],[-74.3013,41.00229],[-74.30092,41.00251],[-74.3005,41.00293],[-74.30028,41.00307],[-74.30007,41.00311],[-74.29965,41.00311],[-74.29918,41.00306],[-74.29891,41.00295],[-74.29876,41.00281],[-74.29844,41.00225],[-74.2981,41.00191],[-74.29767,41.00125],[-74.29759,41.00099],[-74.29756,41.0007],[-74.29763,41.00007],[-74.29766,41.0],[-74.29775,40.99993],[-74.29803,40.9998],[-74.2981,40.99974],[-74.29814,40.99953],[-74.29817,40.99899],[-74.29814,40.99863],[-74.2982,40.99823],[-74.29819,40.99798],[-74.29811,40.99754],[-74.29784,40.99662],[-74.29768,40.99638],[-74.29753,40.99626],[-74.29725,40.99612],[-74.29661,40.99591],[-74.29642,40.99573],[-74.29612,40.9953],[-74.29577,40.99504],[-74.29555,40.9947],[-74.2954,40.99338],[-74.29519,40.99308],[-74.29517,40.99265],[-74.29521,40.99239],[-74.29539,40.99197],[-74.29578,40.99157],[-74.29591,40.99148],[-74.29595,40.99137],[-74.29586,40.99124],[-74.29578,40.99101],[-74.29568,40.99092],[-74.29545,40.99084],[-74.2952,40.99081],[-74.29501,40.99075],[-74.29463,40.99054],[-74.29429,40.9905],[-74.29414,40.99045],[-74.29396,40.99017],[-74.29395,40.98996],[-74.29389,40.98982],[-74.29384,40.98946],[-74.29366,40.98913],[-74.29299,40.98842],[-74.29294,40.98833],[-74.29288,40.98805],[-74.29283,40.98795],[-74.29336,40.98739],[-74.29406,40.98673],[-74.29515,40.98588],[-74.29566,40.98542],[-74.29589,40.98517],[-74.29612,40.98486],[-74.29711,40.98403],[-74.29751,40.98348],[-74.29764,40.98317],[-74.29767,40.98294],[-74.2977,40.9827],[-74.29767,40.98233],[-74.2976,40.9821],[-74.29737,40.98183],[-74.29726,40.98159],[-74.29723,40.98144],[-74.29722,40.98111],[-74.29727,40.98079],[-74.29734,40.98061],[-74.29769,40.98014],[-74.29771,40.98005],[-74.29767,40.97991],[-74.29742,40.97962],[-74.29717,40.97944],[-74.29584,40.97894],[-74.29547,40.97883],[-74.29524,40.9788],[-74.29502,40.97883],[-74.29485,40.9789],[-74.29416,40.97932],[-74.29361,40.97971],[-74.29342,40.97978],[-74.29309,40.97985],[-74.2928,40.97985],[-74.29237,40.97973],[-74.29212,40.97971],[-74.29096,40.97999],[-74.29052,40.97998],[-74.29015,40.9799],[-74.28963,40.97972],[-74.28927,40.97955],[-74.28876,40.97919],[-74.2886,40.97914],[-74.28838,40.97911],[-74.28817,40.97911],[-74.28801,40.97916],[-74.28775,40.97954],[-74.28735,40.97975],[-74.28714,40.97983],[-74.28683,40.97987],[-74.28653,40.97978],[-74.28627,40.97959],[-74.28625,40.97948],[-74.28629,40.97918],[-74.28627,40.97909],[-74.28619,40.97899],[-74.28603,40.9789],[-74.28566,40.97878],[-74.28509,40.97877],[-74.2848,40.97864],[-74.28473,40.9787],[-74.28468,40.97879],[-74.28469,40.979],[-74.28445,40.97913],[-74.28415,40.97922],[-74.28395,40.97923],[-74.2837,40.97919],[-74.28355,40.97912],[-74.28335,40.97893],[-74.28322,40.97895],[-74.28318,40.97897],[-74.28318,40.97904],[-74.28333,40.9793],[-74.28332,40.97938],[-74.28327,40.97942],[-74.28307,40.97952],[-74.28267,40.97957],[-74.28249,40.97964],[-74.28209,40.97991],[-74.28169,40.97996],[-74.28185,40.97924],[-74.28195,40.97782],[-74.28191,40.97682],[-74.28187,40.97664],[-74.28175,40.97638],[-74.28163,40.97622],[-74.28142,40.97609],[-74.28127,40.97606],[-74.2808,40.97608],[-74.28053,40.97603],[-74.27886,40.97547],[-74.27855,40.97478],[-74.27812,40.97436],[-74.27766,40.97378],[-74.27751,40.97355],[-74.27761,40.97321],[-74.27777,40.9729],[-74.27787,40.97214],[-74.27808,40.97168],[-74.27825,40.97153],[-74.27845,40.97143],[-74.27867,40.9714],[-74.27892,40.97141],[-74.27918,40.97147],[-74.27946,40.97164],[-74.27972,40.97185],[-74.27994,40.97216],[-74.28004,40.97226],[-74.28017,40.97231],[-74.28038,40.97233],[-74.28069,40.97229],[-74.28097,40.97217],[-74.28117,40.97202],[-74.28162,40.97159],[-74.28189,40.97127],[-74.28233,40.97039],[-74.28242,40.97003],[-74.2824,40.96973],[-74.28231,40.96951],[-74.28187,40.96899],[-74.28131,40.96856],[-74.28125,40.96848],[-74.28113,40.96818],[-74.281,40.96768],[-74.28097,40.96734],[-74.281,40.96707],[-74.28112,40.96683],[-74.28118,40.96658],[-74.28118,40.96641],[-74.2811,40.96619],[-74.28095,40.96598],[-74.28078,40.96585],[-74.27958,40.96537],[-74.27935,40.9652],[-74.27931,40.96509],[-74.27934,40.96476],[-74.27981,40.96366],[-74.27995,40.96321],[-74.27997,40.96285],[-74.2799,40.96211],[-74.28035,40.9603],[-74.28052,40.95859],[-74.28055,40.95777],[-74.28045,40.9573],[-74.28021,40.95676],[-74.2798,40.9563],[-74.27858,40.95551],[-74.27742,40.95502],[-74.27724,40.95484],[-74.27722,40.95477],[-74.27728,40.95444],[-74.27754,40.95372],[-74.27771,40.95286],[-74.27774,40.95254],[-74.27772,40.95132],[-74.27774,40.95104],[-74.27796,40.95043],[-74.27849,40.94823],[-74.27891,40.94686],[-74.27911,40.94577],[-74.27923,40.94459],[-74.27942,40.94332],[-74.27963,40.94246],[-74.27981,40.94195],[-74.27995,40.94143],[-74.28049,40.93992],[-74.28113,40.93852],[-74.28215,40.93665],[-74.28266,40.93538],[-74.28285,40.935],[-74.28311,40.93459],[-74.28385,40.93366],[-74.28413,40.9332],[-74.28461,40.93216],[-74.28481,40.93179],[-74.2851,40.93138],[-74.28535,40.93109],[-74.28588,40.93063],[-74.28639,40.93032],[-74.28769,40.92992],[-74.28804,40.92975],[-74.28897,40.92907],[-74.28925,40.92879],[-74.28932,40.92859],[-74.28931,40.92833],[-74.28923,40.9281],[-74.28907,40.92781],[-74.28877,40.92748],[-74.28841,40.92728],[-74.28827,40.92717],[-74.28813,40.92696],[-74.28806,40.92674],[-74.28805,40.92625],[-74.2881,40.92599],[-74.28821,40.92569],[-74.28845,40.92524],[-74.28851,40.92498],[-74.2885,40.92479],[-74.28845,40.92467],[-74.28835,40.92457],[-74.28803,40.92441],[-74.28751,40.92425],[-74.28693,40.92414],[-74.28663,40.92403],[-74.28587,40.92352],[-74.28529,40.92308],[-74.28516,40.92294],[-74.28511,40.9228],[-74.28508,40.92262],[-74.2851,40.92252],[-74.28532,40.92233],[-74.28571,40.92215],[-74.28588,40.92203],[-74.28593,40.92195],[-74.28596,40.92178],[-74.28591,40.92159],[-74.2857,40.92141],[-74.28517,40.92122],[-74.28493,40.92122],[-74.2842,40.92098],[-74.28393,40.92083],[-74.28375,40.92067],[-74.28363,40.92045],[-74.28364,40.92013],[-74.28371,40.91988],[-74.28382,40.91971],[-74.28446,40.91907],[-74.28467,40.91868],[-74.28472,40.91844],[-74.28472,40.91822],[-74.2846,40.91784],[-74.28441,40.91742],[-74.2842,40.91715],[-74.28401,40.91705],[-74.28328,40.9169],[-74.28264,40.91688],[-74.28204,40.91696],[-74.28146,40.91713],[-74.28058,40.91749],[-74.2802,40.91772],[-74.27968,40.91823],[-74.27946,40.9183],[-74.27916,40.91832],[-74.27877,40.91821],[-74.27857,40.91808],[-74.27783,40.91736],[-74.27769,40.91717],[-74.27767,40.91706],[-74.27767,40.91693],[-74.27771,40.91684],[-74.27784,40.91674],[-74.27867,40.91645],[-74.27894,40.91631],[-74.27902,40.91623],[-74.27904,40.91607],[-74.27897,40.91592],[-74.27886,40.91586],[-74.27844,40.9158],[-74.27668,40.91586],[-74.27412,40.91585],[-74.27353,40.9158],[-74.27259,40.91564],[-74.27168,40.91542],[-74.27151,40.91536],[-74.27106,40.91503],[-74.27041,40.91409],[-74.27012,40.91374],[-74.26983,40.91343],[-74.26822,40.91192],[-74.26713,40.91066],[-74.26686,40.91024],[-74.26671,40.90982],[-74.2666,40.90931],[-74.2666,40.90861],[-74.26669,40.90773],[-74.26701,40.90764],[-74.26786,40.90752],[-74.26868,40.90747],[-74.26905,40.90764],[-74.26946,40.9081],[-74.26995,40.9083],[-74.27024,40.90855],[-74.27062,40.9091],[-74.27059,40.90972],[-74.27069,40.91014],[-74.27083,40.91018],[-74.27145,40.91009],[-74.27167,40.90997],[-74.27192,40.90969],[-74.27211,40.90911],[-74.27224,40.90855],[-74.27224,40.90827],[-74.27213,40.90797],[-74.27197,40.90785],[-74.27168,40.9078],[-74.27164,40.90775],[-74.27163,40.90765],[-74.27178,40.90726],[-74.27195,40.90704],[-74.27215,40.9069],[-74.27303,40.90684],[-74.27334,40.90671],[-74.27345,40.90663],[-74.27351,40.90655],[-74.27353,40.90639],[-74.27348,40.90615],[-74.27325,40.90584],[-74.2731,40.90572],[-74.27259,40.90544],[-74.27227,40.90532],[-74.2721,40.90516],[-74.27199,40.90492],[-74.27198,40.90453],[-74.27194,40.90433],[-74.27156,40.9039],[-74.27146,40.90374],[-74.27141,40.90358],[-74.27102,40.90323],[-74.27091,40.90319],[-74.27102,40.90287],[-74.27099,40.90236],[-74.271,40.90209],[-74.27117,40.90168],[-74.27187,40.90065],[-74.27238,40.90022],[-74.27263,40.89994],[-74.27282,40.89961],[-74.2729,40.89932],[-74.2729,40.89907],[-74.27285,40.89878],[-74.27254,40.89816],[-74.27197,40.89732],[-74.27228,40.89732],[-74.27297,40.89723],[-74.27326,40.89723],[-74.27353,40.89715],[-74.27437,40.89703],[-74.27563,40.89698],[-74.27572,40.89703],[-74.27677,40.89721],[-74.27779,40.8975],[-74.27832,40.89756],[-74.27874,40.89755],[-74.27893,40.89763],[-74.27935,40.89788],[-74.27956,40.89796],[-74.2799,40.89797],[-74.28018,40.89794],[-74.28068,40.89776],[-74.28095,40.8976],[-74.28106,40.89748],[-74.28145,40.89706],[-74.28163,40.8967],[-74.28181,40.89652],[-74.28184,40.89639],[-74.28206,40.89602],[-74.28247,40.8956],[-74.28282,40.89535],[-74.28333,40.89505],[-74.28374,40.89489],[-74.28414,40.89482],[-74.28434,40.89484],[-74.28458,40.89499],[-74.28467,40.89517],[-74.2847,40.89546],[-74.28463,40.89578],[-74.28388,40.89762],[-74.28385,40.89778],[-74.28386,40.89792],[-74.28392,40.89804],[-74.284,40.89811],[-74.28421,40.89819],[-74.28458,40.8982],[-74.28503,40.89794],[-74.28542,40.89764],[-74.28569,40.89756],[-74.28603,40.89754],[-74.28657,40.8977],[-74.28708,40.89799],[-74.28724,40.89818],[-74.28728,40.89833],[-74.28727,40.89854],[-74.2871,40.89878],[-74.28676,40.89903],[-74.28624,40.89923],[-74.28579,40.89935],[-74.28352,40.89967],[-74.28226,40.89967],[-74.28205,40.8997],[-74.28172,40.89994],[-74.28168,40.9004],[-74.28177,40.90069],[-74.28185,40.90081],[-74.28197,40.90092],[-74.2823,40.90112],[-74.28287,40.90127],[-74.28344,40.90134],[-74.2841,40.90139],[-74.28535,40.90132],[-74.28612,40.90114],[-74.28672,40.90087],[-74.28724,40.9005],[-74.28805,40.89986],[-74.28858,40.89953],[-74.28881,40.89944],[-74.28925,40.89939],[-74.29007,40.89939],[-74.29043,40.89946],[-74.29098,40.89963],[-74.29127,40.89978],[-74.2923,40.90062],[-74.29244,40.90079],[-74.29252,40.90103],[-74.2925,40.90117],[-74.29244,40.90126],[-74.29172,40.90155],[-74.29152,40.90169],[-74.29143,40.90182],[-74.29141,40.90197],[-74.29146,40.90218],[-74.29223,40.90303],[-74.29238,40.90331],[-74.29239,40.90363],[-74.29234,40.90383],[-74.29184,40.9047],[-74.2918,40.905],[-74.29187,40.90537],[-74.29203,40.90558],[-74.29215,40.90567],[-74.29242,40.9058],[-74.29264,40.90586],[-74.29313,40.90592],[-74.29375,40.90594],[-74.29509,40.90593],[-74.2966,40.90586],[-74.29762,40.90572],[-74.29792,40.90558],[-74.29806,40.90558],[-74.29936,40.90507],[-74.30065,40.90463],[-74.30215,40.90435],[-74.30305,40.90433],[-74.30338,40.90445],[-74.30366,40.9047],[-74.30374,40.90488],[-74.30371,40.90514],[-74.3035,40.90539],[-74.30282,40.90579],[-74.30258,40.90598],[-74.30245,40.90611],[-74.30239,40.90623],[-74.30238,40.90639],[-74.30246,40.90659],[-74.30279,40.90714],[-74.30286,40.90719],[-74.30325,40.90724],[-74.3036,40.90715],[-74.30418,40.90678],[-74.30482,40.90612],[-74.30504,40.90584],[-74.30522,40.90554],[-74.30541,40.90542],[-74.30579,40.90544],[-74.30635,40.9056],[-74.3066,40.90564],[-74.30712,40.90564],[-74.30748,40.90555],[-74.30784,40.90537],[-74.30854,40.9049],[-74.30895,40.90469],[-74.30935,40.90454],[-74.3097,40.90449],[-74.30996,40.90452],[-74.31027,40.90464],[-74.31077,40.90508],[-74.31116,40.90535],[-74.3114,40.90544],[-74.31173,40.90549],[-74.31206,40.90549],[-74.31241,40.9054],[-74.31324,40.90486],[-74.31349,40.90464],[-74.31361,40.90442],[-74.31414,40.90397],[-74.3145,40.90379],[-74.31534,40.90371],[-74.31569,40.90362],[-74.31611,40.90362],[-74.3173,40.90331],[-74.31799,40.90322],[-74.31846,40.90321],[-74.31866,40.90324],[-74.31882,40.90332],[-74.31891,40.9034],[-74.31893,40.90351],[-74.31892,40.90368],[-74.31876,40.90388],[-74.31865,40.9041],[-74.31858,40.90449],[-74.3186,40.90476],[-74.31883,40.90553],[-74.31888,40.90598],[-74.31885,40.90638],[-74.31861,40.9071],[-74.31858,40.90735],[-74.31865,40.90759],[-74.31883,40.90793],[-74.31902,40.90809],[-74.3192,40.90816],[-74.31945,40.9082],[-74.31971,40.90816],[-74.32042,40.90784],[-74.3209,40.90753],[-74.32141,40.90716],[-74.32188,40.90693],[-74.32248,40.90673],[-74.3229,40.90674],[-74.32304,40.90681],[-74.32312,40.90691],[-74.32314,40.9072],[-74.3227,40.90794],[-74.32253,40.90836],[-74.32251,40.90857],[-74.32256,40.90872],[-74.32272,40.90888],[-74.32292,40.90895],[-74.32326,40.90897],[-74.32396,40.90892],[-74.32471,40.90871],[-74.32564,40.90869],[-74.32595,40.90865],[-74.32633,40.90852],[-74.32722,40.90802],[-74.32777,40.90782],[-74.32784,40.90773],[-74.32785,40.90747],[-74.32779,40.90727],[-74.32764,40.90708],[-74.32742,40.90702],[-74.32701,40.90709],[-74.32658,40.90726],[-74.32612,40.90761],[-74.32597,40.90767],[-74.32569,40.9077],[-74.32552,40.90764],[-74.32545,40.90753],[-74.32532,40.90687],[-74.32484,40.90624],[-74.32484,40.90604],[-74.32498,40.90591],[-74.32512,40.90588],[-74.32571,40.90593],[-74.32609,40.9059],[-74.32636,40.90584],[-74.32679,40.90564],[-74.32739,40.90527],[-74.32764,40.90527],[-74.32792,40.90533],[-74.32803,40.90543],[-74.32808,40.90554],[-74.32806,40.90611],[-74.32811,40.9064],[-74.32836,40.90679],[-74.32881,40.90716],[-74.32904,40.90741],[-74.32914,40.90772],[-74.32924,40.9083],[-74.32932,40.90848],[-74.32953,40.90865],[-74.33033,40.90868],[-74.33058,40.90864],[-74.33084,40.90849],[-74.331,40.90832],[-74.33108,40.90812],[-74.3311,40.90799],[-74.33106,40.90781],[-74.33072,40.90725],[-74.33068,40.9071],[-74.33071,40.90688],[-74.33085,40.90667],[-74.33111,40.90651],[-74.33227,40.9062],[-74.33265,40.90613],[-74.33353,40.90609],[-74.33392,40.90585],[-74.33429,40.90546],[-74.3344,40.90524],[-74.3345,40.90486],[-74.33463,40.9038],[-74.33475,40.9034],[-74.33492,40.90301],[-74.33539,40.90216],[-74.33656,40.90078],[-74.33694,40.90039],[-74.33712,40.90012],[-74.33744,40.89937],[-74.33763,40.89879],[-74.33765,40.89861],[-74.33762,40.89849],[-74.33755,40.8984],[-74.33728,40.89826],[-74.33701,40.89818],[-74.33528,40.89796],[-74.3349,40.89787],[-74.33477,40.8978],[-74.33455,40.89767],[-74.33434,40.89742],[-74.33405,40.89689],[-74.33398,40.89667],[-74.33405,40.89651],[-74.33419,40.89638],[-74.33442,40.89628],[-74.33481,40.89621],[-74.33546,40.89619],[-74.3361,40.89629],[-74.33679,40.89634],[-74.33744,40.89626],[-74.33777,40.89617],[-74.338,40.89606],[-74.33849,40.8956],[-74.33865,40.89539],[-74.33897,40.89484],[-74.33911,40.8944],[-74.33912,40.89426],[-74.3391,40.89408],[-74.33904,40.89398],[-74.33881,40.89392],[-74.33825,40.89395],[-74.33768,40.89393],[-74.33667,40.89377],[-74.33616,40.89358],[-74.33587,40.89339],[-74.33572,40.89315],[-74.33573,40.89298],[-74.33581,40.89284],[-74.33595,40.89273],[-74.33642,40.8926],[-74.3367,40.89258],[-74.33759,40.89268],[-74.33787,40.89267],[-74.33831,40.89256],[-74.33868,40.89234],[-74.33894,40.89208],[-74.33921,40.89168],[-74.33979,40.88996],[-74.33986,40.88951],[-74.33986,40.88891],[-74.33978,40.88875],[-74.33948,40.88852],[-74.33868,40.88816],[-74.33849,40.88799],[-74.33833,40.88781],[-74.33826,40.88767],[-74.33821,40.88745],[-74.33825,40.88707],[-74.33845,40.88619],[-74.33855,40.88597],[-74.33907,40.88527],[-74.33946,40.88442],[-74.33977,40.8835],[-74.33998,40.8824],[-74.3404,40.88139],[-74.3405,40.88077],[-74.34051,40.88032],[-74.34043,40.87973],[-74.3403,40.87962],[-74.34014,40.87957],[-74.33975,40.87961],[-74.33917,40.87981],[-74.33878,40.87977],[-74.33846,40.87965],[-74.33819,40.87944],[-74.33808,40.87928],[-74.33805,40.87914],[-74.3381,40.87862],[-74.33802,40.8784],[-74.33782,40.87821],[-74.33763,40.87812],[-74.33729,40.87803],[-74.33568,40.87773],[-74.33547,40.87766],[-74.33523,40.87749],[-74.33516,40.87737],[-74.33511,40.87715],[-74.33512,40.87698],[-74.33519,40.87681],[-74.33527,40.87671],[-74.33554,40.87654],[-74.33584,40.87642],[-74.33621,40.87634],[-74.33681,40.87631],[-74.33742,40.87611],[-74.33768,40.87591],[-74.33782,40.87573],[-74.3379,40.87543],[-74.3379,40.87518],[-74.33784,40.87501],[-74.33739,40.87454],[-74.33686,40.87414],[-74.33642,40.87393],[-74.33616,40.87384],[-74.33562,40.87375],[-74.33508,40.87372],[-74.33468,40.87365],[-74.33449,40.87351],[-74.33439,40.87324],[-74.33442,40.87311],[-74.33452,40.87293],[-74.33476,40.87274],[-74.33509,40.87267],[-74.33542,40.87266],[-74.33635,40.87284],[-74.33669,40.87282],[-74.33698,40.87273],[-74.33725,40.87257],[-74.33758,40.87231],[-74.33765,40.87218],[-74.33768,40.87202],[-74.33766,40.8718],[-74.33757,40.87147],[-74.33751,40.87136],[-74.33722,40.8712],[-74.33624,40.87088],[-74.33607,40.87074],[-74.33601,40.87059],[-74.33602,40.87047],[-74.3361,40.87036],[-74.33629,40.87026],[-74.33668,40.87023],[-74.33747,40.87033],[-74.33806,40.87014],[-74.33819,40.87004],[-74.33823,40.86996],[-74.33824,40.86988],[-74.33817,40.86966],[-74.33802,40.86954],[-74.3377,40.8695],[-74.33714,40.86956],[-74.33695,40.86955],[-74.33675,40.86945],[-74.33664,40.86931],[-74.33653,40.86884],[-74.33693,40.86879],[-74.33723,40.8687],[-74.33765,40.8684],[-74.33753,40.86789],[-74.33725,40.86724],[-74.33721,40.86687],[-74.33717,40.86684],[-74.33702,40.86684],[-74.33697,40.86668],[-74.33669,40.86655],[-74.33654,40.86651],[-74.3365,40.86657],[-74.33649,40.86672],[-74.3364,40.86681],[-74.33635,40.86709],[-74.33627,40.86718],[-74.33638,40.86738],[-74.33639,40.8676],[-74.33634,40.8677],[-74.33614,40.8679],[-74.33589,40.86775],[-74.33566,40.86768],[-74.33536,40.86765],[-74.33492,40.86772],[-74.33459,40.86788],[-74.33399,40.86853],[-74.33382,40.86876],[-74.33345,40.86906],[-74.33327,40.86915],[-74.3331,40.86919],[-74.33277,40.86919],[-74.33255,40.86908],[-74.33233,40.86883],[-74.33259,40.86859],[-74.33279,40.86834],[-74.33283,40.8682],[-74.33282,40.86802],[-74.33266,40.86761],[-74.33252,40.86744],[-74.33222,40.86723],[-74.33209,40.86716],[-74.33167,40.86703],[-74.3311,40.86696],[-74.33083,40.86696],[-74.32981,40.86713],[-74.32958,40.86709],[-74.32902,40.86689],[-74.32887,40.86677],[-74.32858,40.86636],[-74.32844,40.86622],[-74.32815,40.86604],[-74.32794,40.86596],[-74.32772,40.86595],[-74.32718,40.86606],[-74.32684,40.8661],[-74.32638,40.86612],[-74.32624,40.86608],[-74.32598,40.86587],[-74.32591,40.8655],[-74.32574,40.86515],[-74.32563,40.86503],[-74.32533,40.86487],[-74.32488,40.86474],[-74.32451,40.86467],[-74.32316,40.86448],[-74.32259,40.8643],[-74.32209,40.86404],[-74.32163,40.86404],[-74.32116,40.86409],[-74.32084,40.86421],[-74.32073,40.86431],[-74.32058,40.86459],[-74.32069,40.86497],[-74.32066,40.86541],[-74.32048,40.86572],[-74.32028,40.86586],[-74.32006,40.86594],[-74.31973,40.86603],[-74.31915,40.86611],[-74.31867,40.86595],[-74.31821,40.86566],[-74.31781,40.86545],[-74.31767,40.86526],[-74.31748,40.86524],[-74.31733,40.86479],[-74.31734,40.86401],[-74.31742,40.86372],[-74.31757,40.8635],[-74.31808,40.86323],[-74.31851,40.86283],[-74.31878,40.86275],[-74.3195,40.86285],[-74.3199,40.86278],[-74.32014,40.86267],[-74.32048,40.86247],[-74.32081,40.86223],[-74.32088,40.86215],[-74.32094,40.86203],[-74.32094,40.86187],[-74.3209,40.86176],[-74.32043,40.86114],[-74.31954,40.86038],[-74.31937,40.8602],[-74.31899,40.85965],[-74.31887,40.85935],[-74.31887,40.85905],[-74.31892,40.85881],[-74.31913,40.85844],[-74.31925,40.85831],[-74.31937,40.85825],[-74.31969,40.85821],[-74.32,40.85825],[-74.32105,40.85855],[-74.32144,40.85858],[-74.32232,40.85853],[-74.32338,40.85838],[-74.32431,40.85818],[-74.32461,40.85807],[-74.32491,40.85792],[-74.32525,40.85767],[-74.32557,40.85737],[-74.3258,40.85707],[-74.32603,40.8567],[-74.3261,40.8564],[-74.32609,40.85618],[-74.32602,40.856],[-74.32541,40.85502],[-74.32524,40.85469],[-74.32516,40.8544],[-74.32523,40.85412],[-74.32536,40.85397],[-74.32565,40.85375],[-74.32663,40.85323],[-74.32687,40.85299],[-74.32702,40.85266],[-74.32704,40.85186],[-74.32713,40.85123],[-74.32744,40.85047],[-74.32768,40.85015],[-74.328,40.84994],[-74.32983,40.84931],[-74.33012,40.84913],[-74.33028,40.84889],[-74.33036,40.84869],[-74.33038,40.84857],[-74.33034,40.84839],[-74.33013,40.84809],[-74.32993,40.84792],[-74.32932,40.84759],[-74.32912,40.84735],[-74.32906,40.84712],[-74.32901,40.8466],[-74.32897,40.84544],[-74.32892,40.84511],[-74.32869,40.8446],[-74.32845,40.84427],[-74.32834,40.84419],[-74.32809,40.84414],[-74.32744,40.84436],[-74.32698,40.84441],[-74.32623,40.84416],[-74.3257,40.84388],[-74.32549,40.8436],[-74.32547,40.84337],[-74.32556,40.84317],[-74.32579,40.843],[-74.32658,40.84273],[-74.3268,40.8425],[-74.32695,40.84182],[-74.32712,40.84154],[-74.32742,40.84136],[-74.32755,40.84132],[-74.32784,40.8413],[-74.32816,40.84137],[-74.32869,40.8417],[-74.32891,40.8418],[-74.32903,40.84181],[-74.32928,40.84175],[-74.32938,40.84169],[-74.32946,40.84158],[-74.32948,40.84146],[-74.32941,40.8413],[-74.32914,40.84104],[-74.32896,40.84079],[-74.32884,40.84054],[-74.3288,40.84034],[-74.32882,40.84],[-74.32903,40.83915],[-74.32902,40.83718],[-74.32907,40.83701],[-74.32974,40.83588],[-74.32993,40.8354],[-74.32996,40.83514],[-74.32985,40.83416],[-74.32971,40.83376],[-74.32961,40.83355],[-74.3289,40.83261],[-74.32878,40.83232],[-74.32877,40.83209],[-74.3288,40.83192],[-74.32897,40.83147],[-74.32913,40.83115],[-74.32958,40.83053],[-74.3299,40.83022],[-74.33002,40.83015],[-74.33047,40.82996],[-74.33143,40.82979],[-74.3323,40.82953],[-74.33269,40.82952],[-74.3329,40.82946],[-74.33346,40.82897],[-74.33468,40.82812],[-74.33476,40.82805],[-74.3349,40.82781],[-74.33495,40.8274],[-74.33462,40.82621],[-74.33447,40.82581],[-74.33433,40.82512],[-74.33425,40.82494],[-74.33415,40.82477],[-74.33378,40.82447],[-74.33354,40.8242],[-74.33311,40.82336],[-74.33276,40.82254],[-74.33232,40.82202],[-74.33225,40.82189],[-74.3322,40.8217],[-74.33225,40.82131],[-74.33241,40.821],[-74.33262,40.82071],[-74.33316,40.82017],[-74.33374,40.81947],[-74.33408,40.81899],[-74.33422,40.81872],[-74.33437,40.81817],[-74.33478,40.81736],[-74.33499,40.81705],[-74.33571,40.81633],[-74.33679,40.81579],[-74.33715,40.81554],[-74.3373,40.81536],[-74.33744,40.81511],[-74.33758,40.81477],[-74.33769,40.81395],[-74.33778,40.81364],[-74.33797,40.81338],[-74.33821,40.81318],[-74.33855,40.81295],[-74.33887,40.81282],[-74.3399,40.81256],[-74.34058,40.81249],[-74.34085,40.81251],[-74.3417,40.81274],[-74.34346,40.81355],[-74.34381,40.81368],[-74.34406,40.81372],[-74.34432,40.8137],[-74.34454,40.81363],[-74.34625,40.81287],[-74.34736,40.81248],[-74.34769,40.81248],[-74.34853,40.81284],[-74.34879,40.81279],[-74.34912,40.81259],[-74.34951,40.81218],[-74.34972,40.81182],[-74.3498,40.81161],[-74.34984,40.81111],[-74.34982,40.81051],[-74.34992,40.81016],[-74.35014,40.80987],[-74.3504,40.80962],[-74.35086,40.80906],[-74.35091,40.80896],[-74.35094,40.80871],[-74.3508,40.8081],[-74.35072,40.80743],[-74.35076,40.80718],[-74.3509,40.80694],[-74.35197,40.80618],[-74.35248,40.80576],[-74.3527,40.80568],[-74.35355,40.80548],[-74.35403,40.80528],[-74.35522,40.80454],[-74.35596,40.80397],[-74.35645,40.80348],[-74.35711,40.80261],[-74.35774,40.80201],[-74.35819,40.80142],[-74.35904,40.80058],[-74.35949,40.80008],[-74.35974,40.7999],[-74.35997,40.79981],[-74.36025,40.79978],[-74.36059,40.79984],[-74.36092,40.79997],[-74.36158,40.8001],[-74.3622,40.79999],[-74.36322,40.79967],[-74.36412,40.79921],[-74.36425,40.79908],[-74.36433,40.79887],[-74.36442,40.7982],[-74.3646,40.79741],[-74.36477,40.797],[-74.36521,40.7957],[-74.36528,40.79562],[-74.36579,40.7953],[-74.36617,40.79494],[-74.36651,40.79413],[-74.36678,40.79371],[-74.36695,40.79351],[-74.36706,40.79329],[-74.36706,40.79309],[-74.36697,40.79289],[-74.36673,40.79256],[-74.36642,40.79191],[-74.36615,40.79062],[-74.36623,40.79035],[-74.36662,40.78987],[-74.36696,40.78928],[-74.36701,40.78903],[-74.36697,40.78849],[-74.36676,40.78784],[-74.3668,40.78692],[-74.36673,40.78631],[-74.36679,40.78556],[-74.36704,40.78471],[-74.36706,40.78441],[-74.36702,40.78429],[-74.36683,40.78406],[-74.36671,40.78387],[-74.3665,40.78307],[-74.36648,40.78268],[-74.36662,40.78229],[-74.36689,40.78178],[-74.36689,40.78149],[-74.36675,40.78086],[-74.36681,40.78049],[-74.36695,40.78024],[-74.36732,40.78001],[-74.36831,40.77975],[-74.36863,40.77957],[-74.36887,40.77928],[-74.36894,40.77913],[-74.36909,40.77851],[-74.36925,40.77822],[-74.36942,40.77803],[-74.36985,40.77765],[-74.37032,40.77737],[-74.37074,40.77724],[-74.37122,40.77714],[-74.37178,40.77684],[-74.37274,40.77602],[-74.3729,40.77577],[-74.37296,40.77558],[-74.37297,40.77533],[-74.37292,40.77513],[-74.37275,40.77498],[-74.37242,40.77486],[-74.37206,40.77487],[-74.37169,40.7749],[-74.37126,40.77502],[-74.37104,40.775],[-74.37094,40.77495],[-74.37049,40.77448],[-74.37018,40.77399],[-74.37011,40.77377],[-74.37012,40.77364],[-74.37022,40.77327],[-74.37025,40.77289],[-74.37019,40.77278],[-74.37017,40.77263],[-74.37003,40.77226],[-74.36955,40.77139],[-74.36954,40.77117],[-74.36963,40.77088],[-74.36985,40.77055],[-74.37,40.77004],[-74.37009,40.7698],[-74.37106,40.76872],[-74.37185,40.76808],[-74.3719,40.76801],[-74.37197,40.76773],[-74.37195,40.76753],[-74.37181,40.76741],[-74.37037,40.76713],[-74.37015,40.76702],[-74.37002,40.76684],[-74.36999,40.7667],[-74.37001,40.76656],[-74.37043,40.7656],[-74.37068,40.7649],[-74.3706,40.76428],[-74.37065,40.76418],[-74.37076,40.76411],[-74.37108,40.76404],[-74.37161,40.76411],[-74.37187,40.76418],[-74.37223,40.76418],[-74.37251,40.7641],[-74.37287,40.76391],[-74.37311,40.76373],[-74.37338,40.76318],[-74.37351,40.76305],[-74.37364,40.763],[-74.37393,40.76297],[-74.37458,40.76305],[-74.37543,40.76303],[-74.3758,40.76298],[-74.37604,40.76284],[-74.3764,40.7624],[-74.37712,40.76184],[-74.37732,40.76164],[-74.37741,40.76139],[-74.37733,40.76123],[-74.37727,40.76118],[-74.37614,40.76095],[-74.37583,40.76084],[-74.37556,40.76063],[-74.37531,40.76031],[-74.37506,40.75986],[-74.37491,40.75949],[-74.37493,40.7594],[-74.37505,40.75925],[-74.37556,40.75875],[-74.37559,40.75858],[-74.37557,40.75838],[-74.37538,40.75818],[-74.37517,40.75809],[-74.37457,40.758],[-74.37413,40.75797],[-74.3738,40.75802],[-74.37348,40.75816],[-74.37333,40.75829],[-74.37278,40.75903],[-74.3724,40.75945],[-74.37195,40.75961],[-74.37166,40.75966],[-74.37108,40.75949],[-74.3708,40.75945],[-74.37054,40.75943],[-74.37033,40.75946],[-74.37015,40.75955],[-74.37002,40.75966],[-74.36957,40.76017],[-74.36926,40.7604],[-74.36784,40.76106],[-74.36763,40.76107],[-74.36754,40.76101],[-74.36743,40.7608],[-74.36744,40.76024],[-74.36729,40.75991],[-74.36713,40.75968],[-74.3671,40.75942],[-74.36718,40.75919],[-74.36734,40.75899],[-74.36789,40.75849],[-74.36795,40.75832],[-74.3679,40.75817],[-74.36784,40.7581],[-74.36772,40.75805],[-74.36756,40.75806],[-74.3669,40.7582],[-74.36629,40.75824],[-74.36571,40.75822],[-74.36533,40.7581],[-74.3649,40.75789],[-74.36434,40.75749],[-74.36174,40.75592],[-74.36139,40.75574],[-74.3612,40.75569],[-74.36054,40.75565],[-74.35985,40.75569],[-74.35927,40.75578],[-74.3587,40.75596],[-74.35846,40.75607],[-74.3582,40.7561],[-74.35808,40.75608],[-74.35796,40.75599],[-74.35788,40.75585],[-74.35785,40.75538],[-74.35779,40.75518],[-74.35755,40.75479],[-74.35754,40.75463],[-74.35762,40.75445],[-74.3578,40.75431],[-74.3582,40.75417],[-74.35841,40.75402],[-74.35844,40.75393],[-74.35843,40.75357],[-74.35855,40.75312],[-74.35864,40.75297],[-74.35907,40.75264],[-74.35921,40.75248],[-74.35942,40.75191],[-74.35949,40.75117],[-74.35964,40.75103],[-74.35982,40.75099],[-74.36026,40.75103],[-74.36112,40.75098],[-74.3618,40.75099],[-74.36206,40.75095],[-74.36224,40.75088],[-74.36297,40.75047],[-74.36386,40.7501],[-74.36488,40.74981],[-74.36525,40.74976],[-74.36561,40.74977],[-74.36606,40.74974],[-74.36694,40.74954],[-74.36733,40.74935],[-74.36762,40.74912],[-74.36786,40.74867],[-74.36786,40.74855],[-74.36778,40.7484],[-74.36764,40.74828],[-74.36735,40.74818],[-74.36711,40.74803],[-74.36619,40.74729],[-74.36549,40.74696],[-74.36509,40.74681],[-74.36491,40.74668],[-74.3648,40.74649],[-74.36478,40.74626],[-74.36484,40.746],[-74.36489,40.74592],[-74.36577,40.74484],[-74.36627,40.74389],[-74.36649,40.7437],[-74.36689,40.7435],[-74.36783,40.74327],[-74.36829,40.74307],[-74.36872,40.74279],[-74.36896,40.74277],[-74.36934,40.74288],[-74.3696,40.74305],[-74.36977,40.74325],[-74.37001,40.74345],[-74.37047,40.744],[-74.37071,40.74415],[-74.37099,40.74418],[-74.37143,40.74412],[-74.37165,40.74403],[-74.37204,40.74373],[-74.3722,40.7434],[-74.37224,40.74308],[-74.37232,40.74169],[-74.37229,40.74123],[-74.37241,40.74074],[-74.3724,40.74047],[-74.37232,40.74028],[-74.37186,40.73987],[-74.37156,40.73922],[-74.37147,40.73883],[-74.37136,40.73776],[-74.37103,40.73679],[-74.37071,40.73617],[-74.37065,40.736],[-74.37081,40.73536],[-74.37106,40.73472],[-74.37113,40.73458],[-74.3712,40.73452],[-74.37147,40.7344],[-74.37181,40.73415],[-74.37201,40.73407],[-74.37286,40.73389],[-74.37374,40.73367],[-74.37453,40.73354],[-74.37515,40.73356],[-74.37591,40.73393],[-74.37622,40.73404],[-74.37704,40.73424],[-74.37775,40.73435],[-74.37919,40.73418],[-74.37949,40.73411],[-74.37973,40.73398],[-74.37999,40.73373],[-74.38008,40.73355],[-74.38003,40.73294],[-74.37998,40.73278],[-74.37972,40.73245],[-74.37877,40.73166],[-74.37829,40.73104],[-74.37811,40.73074],[-74.37765,40.73033],[-74.37752,40.73018],[-74.37747,40.73002],[-74.37759,40.72988],[-74.37865,40.72946],[-74.3789,40.72929],[-74.3792,40.72893],[-74.37924,40.72868],[-74.37932,40.7285],[-74.38003,40.72781],[-74.38212,40.72615],[-74.38375,40.725],[-74.38409,40.72464],[-74.38439,40.72441],[-74.38476,40.72431],[-74.38492,40.7243],[-74.38513,40.72431],[-74.38539,40.72443],[-74.38586,40.7247],[-74.38606,40.72485],[-74.38623,40.72501],[-74.38676,40.72564],[-74.38699,40.72581],[-74.38745,40.72608],[-74.38778,40.72618],[-74.38817,40.72624],[-74.38855,40.72623],[-74.38989,40.72609],[-74.39013,40.72601],[-74.39063,40.72564],[-74.39078,40.72539],[-74.3909,40.72489],[-74.39106,40.72444],[-74.39109,40.72334],[-74.39091,40.72255],[-74.39097,40.72211],[-74.39121,40.72132],[-74.39114,40.72094],[-74.39092,40.72041],[-74.39084,40.71993],[-74.39084,40.7197],[-74.39102,40.71921],[-74.39097,40.71897],[-74.39078,40.71868],[-74.39074,40.71852],[-74.39077,40.71838],[-74.39085,40.71828],[-74.39099,40.7182],[-74.39126,40.71812],[-74.39268,40.71806],[-74.39311,40.71802],[-74.39347,40.71796],[-74.39382,40.7178],[-74.39414,40.71757],[-74.39438,40.71748],[-74.39483,40.71735],[-74.39597,40.71722],[-74.39616,40.71724],[-74.39648,40.71733],[-74.39757,40.71776],[-74.3981,40.71786],[-74.39852,40.71785],[-74.39889,40.71774],[-74.39938,40.71768],[-74.39957,40.71771],[-74.40014,40.71794],[-74.40058,40.71807],[-74.40095,40.71814],[-74.40176,40.71814],[-74.40198,40.71811],[-74.40232,40.71798],[-74.40258,40.71777],[-74.40349,40.71661],[-74.4036,40.71628],[-74.40376,40.71599],[-74.40408,40.71569],[-74.40429,40.71543],[-74.40504,40.71492],[-74.40568,40.71472],[-74.40604,40.71454],[-74.40709,40.71368],[-74.4075,40.71326],[-74.40767,40.71302],[-74.40775,40.71261],[-74.40769,40.71238],[-74.40753,40.71209],[-74.40752,40.71194],[-74.40756,40.71183],[-74.40786,40.71149],[-74.40816,40.71105],[-74.40834,40.71034],[-74.40849,40.71011],[-74.4086,40.71],[-74.40884,40.70987],[-74.40923,40.70972],[-74.40994,40.70953],[-74.41021,40.70949],[-74.41049,40.70948],[-74.41075,40.70959],[-74.4117,40.71032],[-74.41186,40.71036],[-74.41217,40.71036],[-74.41256,40.71024],[-74.41305,40.70996],[-74.4132,40.70981],[-74.41344,40.70891],[-74.41378,40.70852],[-74.41395,40.70821],[-74.41394,40.70808],[-74.41376,40.70775],[-74.41379,40.70744],[-74.41385,40.70727],[-74.414,40.70705],[-74.41437,40.70671],[-74.41461,40.70629],[-74.4148,40.70612],[-74.41565,40.70561],[-74.4161,40.70547],[-74.4165,40.70541],[-74.41695,40.70546],[-74.41736,40.70545],[-74.41814,40.70528],[-74.41837,40.7052],[-74.41892,40.7048],[-74.41984,40.70431],[-74.42034,40.7039],[-74.42086,40.70357],[-74.42157,40.70317],[-74.42197,40.7031],[-74.42253,40.70317],[-74.4228,40.70317],[-74.42351,40.70305],[-74.42404,40.70277],[-74.4245,40.70214],[-74.42466,40.70197],[-74.42487,40.70184],[-74.42502,40.7018],[-74.42532,40.70178],[-74.42652,40.70191],[-74.42674,40.70187],[-74.42686,40.70181],[-74.42693,40.70168],[-74.42687,40.70129],[-74.42694,40.7009],[-74.42709,40.7006],[-74.42755,40.69997],[-74.42788,40.69967],[-74.42817,40.6995],[-74.4284,40.69925],[-74.42874,40.69899],[-74.42914,40.69882],[-74.4293,40.69871],[-74.42995,40.69808],[-74.43005,40.69792],[-74.43008,40.69776],[-74.43005,40.69764],[-74.42996,40.69753],[-74.42968,40.69729],[-74.42963,40.69718],[-74.42961,40.69704],[-74.42967,40.6969],[-74.42973,40.69683],[-74.43012,40.69648],[-74.43027,40.69622],[-74.43032,40.69601],[-74.43031,40.69553],[-74.43042,40.69435],[-74.43043,40.69389],[-74.43051,40.69366],[-74.4309,40.69334],[-74.43162,40.69303],[-74.43177,40.69299],[-74.43213,40.69295],[-74.43239,40.693],[-74.43309,40.69332],[-74.43408,40.69357],[-74.43442,40.69358],[-74.43466,40.69353],[-74.43549,40.69301],[-74.4356,40.69293],[-74.43578,40.69269],[-74.43619,40.69241],[-74.4363,40.69237],[-74.43693,40.69228],[-74.4375,40.69214],[-74.43772,40.69204],[-74.43789,40.69192],[-74.43796,40.6918],[-74.43797,40.69164],[-74.4379,40.6913],[-74.43777,40.69102],[-74.43774,40.69077],[-74.43778,40.69062],[-74.43787,40.69048],[-74.43797,40.69034],[-74.43813,40.6902],[-74.43852,40.68997],[-74.43915,40.68976],[-74.43953,40.6897],[-74.44034,40.68971],[-74.44082,40.68963],[-74.44122,40.68953],[-74.44136,40.68947],[-74.44167,40.68919],[-74.44216,40.68883],[-74.44371,40.68805],[-74.44394,40.68801],[-74.44417,40.68801],[-74.44486,40.6881],[-74.44528,40.68804],[-74.44548,40.68788],[-74.44553,40.68772],[-74.44554,40.68743],[-74.44558,40.68733],[-74.44589,40.68681],[-74.44613,40.68654],[-74.44632,40.68641],[-74.44694,40.68615],[-74.44745,40.68579],[-74.44773,40.68564],[-74.4482,40.68548],[-74.44867,40.68546],[-74.44874,40.68552],[-74.44947,40.68583],[-74.44994,40.68599],[-74.45033,40.68604],[-74.45121,40.68587],[-74.45144,40.68579],[-74.45159,40.6857],[-74.45182,40.68549],[-74.45194,40.68533],[-74.45207,40.68489],[-74.45225,40.68399],[-74.45235,40.6838],[-74.45271,40.68343],[-74.453,40.68288],[-74.45306,40.68268],[-74.45306,40.68253],[-74.45304,40.68229],[-74.45297,40.68206],[-74.4525,40.68155],[-74.45231,40.68119],[-74.45223,40.68096],[-74.45183,40.68031],[-74.45153,40.67959],[-74.45156,40.67932],[-74.45166,40.67894],[-74.45185,40.67848],[-74.45193,40.67829],[-74.45208,40.67809],[-74.45232,40.67791],[-74.45319,40.67737],[-74.45337,40.67717],[-74.4534,40.67698],[-74.45335,40.67688],[-74.4528,40.67659],[-74.45269,40.6765],[-74.4526,40.67634],[-74.45261,40.67615],[-74.45271,40.67599],[-74.45336,40.67555],[-74.45364,40.67531],[-74.45378,40.67511],[-74.45385,40.67492],[-74.45391,40.67466],[-74.45392,40.67434],[-74.45395,40.67427],[-74.45402,40.67419],[-74.45418,40.67409],[-74.45437,40.67405],[-74.45485,40.67404],[-74.45523,40.67411],[-74.45569,40.67424],[-74.45627,40.67433],[-74.45766,40.67427],[-74.45874,40.67438],[-74.45959,40.67431],[-74.46004,40.67415],[-74.46068,40.67376],[-74.4613,40.67328],[-74.46142,40.67312],[-74.4615,40.67269],[-74.46179,40.67205],[-74.46193,40.67184],[-74.46229,40.6715],[-74.46348,40.67086],[-74.46574,40.66997],[-74.46595,40.66986],[-74.46648,40.66932],[-74.46662,40.66922],[-74.46747,40.6692],[-74.46781,40.66909],[-74.46796,40.66897],[-74.4682,40.66863],[-74.46853,40.66834],[-74.46882,40.66817],[-74.46926,40.668],[-74.46967,40.66792],[-74.46992,40.66791],[-74.47025,40.66793],[-74.47057,40.66801],[-74.47074,40.66811],[-74.47104,40.66844],[-74.4728,40.66922],[-74.47316,40.66934],[-74.47377,40.66931],[-74.47397,40.66924],[-74.4742,40.66911],[-74.47436,40.66889],[-74.47439,40.66878],[-74.47437,40.6687],[-74.47424,40.66853],[-74.47421,40.6684],[-74.47422,40.66822],[-74.47431,40.66807],[-74.47444,40.66796],[-74.47456,40.66793],[-74.47475,40.66793],[-74.47524,40.66803],[-74.47548,40.66797],[-74.47566,40.66788],[-74.47579,40.6677],[-74.47577,40.66709],[-74.47583,40.66686],[-74.47592,40.66672],[-74.47602,40.66664],[-74.47641,40.66647],[-74.47798,40.66641],[-74.47919,40.66622],[-74.47954,40.6662],[-74.48036,40.66622],[-74.48145,40.66617],[-74.48243,40.66603],[-74.48347,40.66607],[-74.48429,40.66607],[-74.4847,40.6659],[-74.48482,40.6657],[-74.48484,40.66555],[-74.48438,40.66459],[-74.48416,40.66427],[-74.48405,40.66375],[-74.48408,40.66344],[-74.48423,40.66319],[-74.48438,40.66302],[-74.48493,40.66279],[-74.48532,40.66247],[-74.48552,40.6624],[-74.4858,40.66236],[-74.486,40.66238],[-74.4862,40.66244],[-74.4864,40.66257],[-74.4865,40.66266],[-74.48676,40.66312],[-74.48703,40.66345],[-74.4872,40.66361],[-74.4874,40.6637],[-74.48756,40.66372],[-74.48861,40.66364],[-74.48924,40.66365],[-74.49021,40.66359],[-74.49072,40.66341],[-74.49096,40.66325],[-74.49123,40.66282],[-74.49132,40.66263],[-74.4916,40.66165],[-74.4917,40.66154],[-74.49193,40.66143],[-74.49257,40.66136],[-74.49354,40.66105],[-74.49402,40.66104],[-74.49432,40.66116],[-74.49496,40.66173],[-74.49544,40.66201],[-74.49555,40.66204],[-74.49601,40.66198],[-74.49653,40.66154],[-74.49693,40.66133],[-74.49728,40.6612],[-74.49782,40.66119],[-74.49875,40.66137],[-74.49893,40.66138],[-74.49916,40.66134],[-74.49925,40.66127],[-74.49934,40.66112],[-74.49939,40.66069],[-74.49934,40.66051],[-74.49922,40.66031],[-74.49875,40.65989],[-74.49868,40.65979],[-74.49868,40.65955],[-74.49891,40.65939],[-74.4996,40.65924],[-74.50107,40.65882],[-74.50141,40.65877],[-74.50168,40.65881],[-74.5019,40.65888],[-74.50247,40.65926],[-74.50302,40.65955],[-74.50333,40.65965],[-74.50364,40.65966],[-74.50418,40.65931],[-74.50497,40.65901],[-74.5054,40.65877],[-74.50581,40.65863],[-74.506,40.65851],[-74.50607,40.65836],[-74.50607,40.65826],[-74.50596,40.65802],[-74.50578,40.65779],[-74.50504,40.65717],[-74.50497,40.65703],[-74.50495,40.65683],[-74.50528,40.65596],[-74.50551,40.65566],[-74.50566,40.65558],[-74.50624,40.65544],[-74.50638,40.65535],[-74.50652,40.65518],[-74.50656,40.65508],[-74.50659,40.65469],[-74.50669,40.65449],[-74.50697,40.65407],[-74.50711,40.65371],[-74.50732,40.65296],[-74.50749,40.65272],[-74.5077,40.65258],[-74.50831,40.65242],[-74.50918,40.65212],[-74.51012,40.65171],[-74.51033,40.65147],[-74.51046,40.65108],[-74.51045,40.65078],[-74.51034,40.65053],[-74.51035,40.65046],[-74.51041,40.65038],[-74.51065,40.65026],[-74.5115,40.6501],[-74.51169,40.65001],[-74.51198,40.64977],[-74.5123,40.64959],[-74.51266,40.64951],[-74.51306,40.64955],[-74.51314,40.64962],[-74.51334,40.65001],[-74.51344,40.65014],[-74.51373,40.65038],[-74.51522,40.65108],[-74.51541,40.6511],[-74.51567,40.65103],[-74.51581,40.65094],[-74.51585,40.6508],[-74.51582,40.6506],[-74.51582,40.65038],[-74.5159,40.65022],[-74.51603,40.65013],[-74.51622,40.65011],[-74.51724,40.65022],[-74.51788,40.65018],[-74.51775,40.64976],[-74.5177,40.64939],[-74.51758,40.64918],[-74.51758,40.64907],[-74.51771,40.64881],[-74.51783,40.64872],[-74.51814,40.64854],[-74.51851,40.64845],[-74.51864,40.64852],[-74.51877,40.64851],[-74.51899,40.6486],[-74.51909,40.64869],[-74.51932,40.64943],[-74.51943,40.64961],[-74.51997,40.64988],[-74.52054,40.64987],[-74.52108,40.64941],[-74.5213,40.64936],[-74.52155,40.64935],[-74.5218,40.64942],[-74.52198,40.64939],[-74.52215,40.6493],[-74.52226,40.64919],[-74.52246,40.64912],[-74.52277,40.6491],[-74.52323,40.64916],[-74.52363,40.64942],[-74.52383,40.64963],[-74.52391,40.64977],[-74.52393,40.64999],[-74.52389,40.65016],[-74.52369,40.65034],[-74.52303,40.65064],[-74.52279,40.65086],[-74.52259,40.65114],[-74.5226,40.65157],[-74.5227,40.65175],[-74.52284,40.65183],[-74.52297,40.65185],[-74.52333,40.6518],[-74.52345,40.65174],[-74.52398,40.65135],[-74.52442,40.65119],[-74.52467,40.65116],[-74.52479,40.65118],[-74.5252,40.65139],[-74.52546,40.6516],[-74.52596,40.65179],[-74.52614,40.65192],[-74.52617,40.65198],[-74.52617,40.65215],[-74.52608,40.65225],[-74.52545,40.65244],[-74.52438,40.65294],[-74.52415,40.65315],[-74.52392,40.65357],[-74.52371,40.65384],[-74.52367,40.65397],[-74.5237,40.65416],[-74.52378,40.6543],[-74.52391,40.65441],[-74.52412,40.65445],[-74.52532,40.65412],[-74.5259,40.6539],[-74.52612,40.65392],[-74.5262,40.65398],[-74.52629,40.6541],[-74.52626,40.65422],[-74.52597,40.65441],[-74.52587,40.65458],[-74.52596,40.65523],[-74.52582,40.65572],[-74.52585,40.65603],[-74.52609,40.65656],[-74.52611,40.65669],[-74.52608,40.65701],[-74.52612,40.65725],[-74.52645,40.65807],[-74.52669,40.65842],[-74.5271,40.65863],[-74.52725,40.65882],[-74.52729,40.65898],[-74.52726,40.65909],[-74.52704,40.65932],[-74.52693,40.65951],[-74.52606,40.66014],[-74.52588,40.66037],[-74.52559,40.66061],[-74.52555,40.66067],[-74.52557,40.66074],[-74.52568,40.6608],[-74.5261,40.66083],[-74.52629,40.66091],[-74.52663,40.66124],[-74.52693,40.66147],[-74.52855,40.66248],[-74.52874,40.66263],[-74.52885,40.66281],[-74.52905,40.66378],[-74.52929,40.66431],[-74.52957,40.66467],[-74.52975,40.66485],[-74.53034,40.6653],[-74.53085,40.66555],[-74.53177,40.6658],[-74.53203,40.66578],[-74.53301,40.66562],[-74.53372,40.6654],[-74.53388,40.6654],[-74.53399,40.66547],[-74.53405,40.66559],[-74.53405,40.66577],[-74.53378,40.66605],[-74.53376,40.66614],[-74.53379,40.66634],[-74.53393,40.66663],[-74.53433,40.66702],[-74.53437,40.66725],[-74.53417,40.66769],[-74.5341,40.66775],[-74.53375,40.66789],[-74.53338,40.66792],[-74.533,40.66786],[-74.53242,40.66762],[-74.53215,40.66716],[-74.53206,40.66705],[-74.53196,40.667],[-74.53116,40.66689],[-74.5308,40.66693],[-74.53052,40.66702],[-74.53028,40.66716],[-74.53005,40.66735],[-74.52985,40.66757],[-74.5296,40.66803],[-74.5294,40.66846],[-74.52929,40.66884],[-74.52919,40.66902],[-74.5289,40.66936],[-74.5285,40.66959],[-74.52833,40.66963],[-74.52757,40.66964],[-74.52711,40.66971],[-74.52672,40.66982],[-74.52614,40.67009],[-74.52582,40.67035],[-74.52572,40.67049],[-74.52568,40.67072],[-74.52574,40.67156],[-74.52588,40.67272],[-74.52584,40.67312],[-74.52586,40.67332],[-74.52623,40.67381],[-74.52624,40.67402],[-74.52632,40.67421],[-74.52702,40.6751],[-74.52727,40.67552],[-74.52733,40.67572],[-74.52744,40.67643],[-74.5277,40.67703],[-74.52772,40.67757],[-74.52775,40.67773],[-74.52826,40.67896],[-74.52828,40.6794],[-74.52834,40.67951],[-74.52867,40.67976],[-74.52873,40.67992],[-74.52872,40.68021],[-74.52854,40.68059],[-74.52854,40.68105],[-74.52834,40.68174],[-74.52829,40.68205],[-74.52833,40.68277],[-74.52811,40.68337],[-74.52807,40.6837],[-74.52788,40.68434],[-74.52759,40.68459],[-74.5271,40.68487],[-74.52644,40.68504],[-74.52628,40.68513],[-74.52621,40.6853],[-74.52614,40.68562],[-74.52588,40.68625],[-74.52586,40.68664],[-74.52577,40.68702],[-74.52565,40.68716],[-74.5255,40.68726],[-74.52489,40.6875],[-74.52466,40.68773],[-74.52458,40.68787],[-74.52453,40.68821],[-74.52457,40.68876],[-74.52456,40.68894],[-74.52439,40.68926],[-74.52405,40.68953],[-74.52393,40.68956],[-74.52366,40.68957],[-74.52323,40.68954],[-74.52301,40.68949],[-74.52286,40.68939],[-74.52266,40.68919],[-74.52207,40.68893],[-74.52147,40.68835],[-74.52126,40.68826],[-74.52102,40.68823],[-74.52045,40.68827],[-74.51967,40.68845],[-74.51899,40.68842],[-74.5185,40.68844],[-74.51788,40.68855],[-74.51747,40.68866],[-74.5173,40.68873],[-74.51694,40.68905],[-74.51676,40.68925],[-74.51662,40.68955],[-74.51661,40.68999],[-74.5167,40.69054],[-74.51683,40.69079],[-74.51697,40.69089],[-74.51795,40.69136],[-74.51862,40.69151],[-74.51882,40.69158],[-74.51893,40.69166],[-74.51907,40.69211],[-74.51903,40.6933],[-74.51886,40.69369],[-74.51862,40.69387],[-74.51836,40.69393],[-74.51792,40.69393],[-74.51774,40.6939],[-74.51755,40.69379],[-74.51709,40.69323],[-74.51694,40.69311],[-74.51668,40.69302],[-74.51645,40.69303],[-74.51622,40.69315],[-74.51604,40.69342],[-74.51588,40.69357],[-74.51518,40.69399],[-74.51439,40.69434],[-74.5143,40.69442],[-74.51424,40.6946],[-74.5143,40.69474],[-74.51443,40.6948],[-74.51499,40.69486],[-74.51508,40.69498],[-74.5151,40.69507],[-74.51507,40.69598],[-74.51504,40.69609],[-74.51495,40.69614],[-74.51459,40.69612],[-74.51432,40.69624],[-74.51408,40.69647],[-74.51359,40.69679],[-74.51352,40.69706],[-74.51342,40.69723],[-74.51344,40.69735],[-74.51361,40.69753],[-74.5137,40.69768],[-74.51377,40.69797],[-74.5139,40.69822],[-74.51388,40.69835],[-74.51369,40.69852],[-74.51368,40.69862],[-74.5139,40.69882],[-74.51398,40.69895],[-74.51399,40.69906],[-74.51397,40.69913],[-74.51387,40.69922],[-74.51344,40.69936],[-74.5134,40.69944],[-74.51351,40.69952],[-74.51379,40.69962],[-74.5138,40.69968],[-74.51375,40.69985],[-74.51383,40.69999],[-74.51397,40.70003],[-74.51429,40.69999],[-74.5144,40.70005],[-74.51445,40.70013],[-74.51436,40.70046],[-74.51435,40.70085],[-74.51425,40.70091],[-74.51405,40.70087],[-74.51395,40.70089],[-74.51387,40.70098],[-74.51387,40.7011],[-74.5139,40.70114],[-74.5144,40.70144],[-74.51462,40.70182],[-74.51477,40.70199],[-74.51518,40.70214],[-74.51542,40.70233],[-74.51561,40.70233],[-74.51581,40.7023],[-74.5165,40.7021],[-74.51669,40.70211],[-74.51679,40.70216],[-74.51683,40.70224],[-74.5168,40.7024],[-74.51653,40.70271],[-74.51656,40.70282],[-74.51679,40.70297],[-74.51681,40.70309],[-74.51655,40.7033],[-74.51654,40.70339],[-74.51659,40.70348],[-74.51669,40.70355],[-74.51702,40.70362],[-74.51717,40.70369],[-74.51725,40.70378],[-74.51729,40.70406],[-74.51736,40.70414],[-74.51758,40.7043],[-74.51761,40.70443],[-74.51761,40.7047],[-74.51785,40.70515],[-74.5179,40.70557],[-74.5183,40.70589],[-74.51852,40.7062],[-74.51859,40.70626],[-74.5188,40.70631],[-74.51924,40.70626],[-74.51941,40.70628],[-74.51972,40.70642],[-74.51979,40.70656],[-74.51978,40.7066],[-74.51969,40.70665],[-74.51968,40.70672],[-74.51982,40.70685],[-74.5199,40.70715],[-74.52019,40.70732],[-74.52037,40.70749],[-74.52051,40.70751],[-74.52069,40.70763],[-74.52102,40.70776],[-74.5213,40.70778],[-74.52142,40.70784],[-74.5215,40.70792],[-74.52144,40.70803],[-74.52145,40.70807],[-74.52161,40.70821],[-74.52198,40.70844],[-74.52196,40.70862],[-74.52199,40.70867],[-74.52261,40.70869],[-74.52316,40.70861],[-74.52327,40.7085],[-74.5236,40.70842],[-74.52383,40.70864],[-74.52417,40.7088],[-74.52449,40.70881],[-74.52474,40.7087],[-74.52488,40.70873],[-74.52497,40.70885],[-74.525,40.70906],[-74.52516,40.7092],[-74.52534,40.70952],[-74.52541,40.70958],[-74.5255,40.70957],[-74.52574,40.70935],[-74.52604,40.70933],[-74.5262,40.70944],[-74.52623,40.7096],[-74.52619,40.70987],[-74.5264,40.71022],[-74.5265,40.71047],[-74.52666,40.71066],[-74.52681,40.71078],[-74.52685,40.71088],[-74.52677,40.71095],[-74.52651,40.71101],[-74.52633,40.71113],[-74.52631,40.71123],[-74.52636,40.71144],[-74.5263,40.71157],[-74.52579,40.71189],[-74.52514,40.71236],[-74.525,40.71238],[-74.52478,40.71252],[-74.52454,40.71297],[-74.52441,40.71305],[-74.5242,40.71335],[-74.52411,40.71365],[-74.52417,40.7139],[-74.5241,40.71405],[-74.52413,40.71436],[-74.52403,40.71467],[-74.52421,40.71529],[-74.52411,40.71562],[-74.52423,40.71574],[-74.52429,40.7159],[-74.52438,40.716],[-74.52471,40.71612],[-74.52496,40.71608],[-74.52501,40.71603],[-74.52502,40.71593],[-74.52506,40.71586],[-74.52522,40.71574],[-74.52533,40.7157],[-74.52591,40.71572],[-74.52604,40.71576],[-74.52613,40.7159],[-74.52618,40.71631],[-74.52623,40.71641],[-74.52635,40.71651],[-74.52686,40.71661],[-74.52706,40.71656],[-74.52752,40.71666],[-74.52814,40.71718],[-74.52829,40.71739],[-74.52861,40.71751],[-74.52875,40.71762],[-74.52876,40.71775],[-74.52869,40.71783],[-74.52846,40.71797],[-74.52842,40.71812],[-74.52849,40.7182],[-74.52883,40.71825],[-74.52907,40.71838],[-74.52908,40.71852],[-74.52903,40.71859],[-74.5289,40.71867],[-74.52884,40.71875],[-74.52882,40.71884],[-74.52886,40.71902],[-74.52881,40.71912],[-74.52885,40.71919],[-74.5292,40.71937],[-74.52942,40.71955],[-74.52952,40.71959],[-74.52968,40.71958],[-74.52983,40.71946],[-74.52996,40.71943],[-74.53092,40.71958],[-74.53123,40.71968],[-74.53127,40.71998],[-74.53137,40.72031],[-74.5314,40.72073],[-74.5315,40.72127],[-74.53109,40.7221],[-74.53114,40.72257],[-74.53097,40.72306],[-74.53069,40.72356],[-74.5305,40.72411],[-74.53033,40.72474],[-74.5303,40.72524],[-74.53023,40.72544],[-74.52996,40.7259],[-74.52998,40.72612],[-74.52996,40.72624],[-74.52988,40.72635],[-74.52986,40.72644],[-74.52977,40.72651],[-74.52933,40.72653],[-74.52926,40.72665],[-74.52936,40.72678],[-74.52957,40.72689],[-74.52982,40.72688],[-74.52997,40.72678],[-74.53003,40.72684],[-74.53005,40.72695],[-74.53019,40.72713],[-74.53047,40.72725],[-74.53059,40.72735],[-74.53056,40.72753],[-74.53075,40.72769],[-74.53076,40.72776],[-74.53074,40.72783],[-74.53065,40.72792],[-74.53065,40.72802],[-74.5307,40.72823],[-74.53069,40.72833],[-74.53047,40.72846],[-74.53047,40.7285],[-74.53058,40.72866],[-74.53057,40.72874],[-74.5305,40.72879],[-74.53049,40.72887],[-74.53056,40.72903],[-74.53061,40.72928],[-74.53073,40.7294],[-74.53089,40.72985],[-74.53098,40.7299],[-74.53151,40.73002],[-74.53178,40.73002],[-74.5319,40.73007],[-74.53209,40.73006],[-74.53217,40.73009],[-74.5324,40.73003],[-74.5331,40.73004],[-74.5333,40.73009],[-74.53338,40.73017],[-74.53396,40.73016],[-74.5342,40.73027],[-74.53429,40.73027],[-74.53447,40.73031],[-74.53458,40.73051],[-74.53506,40.73074],[-74.53525,40.73096],[-74.5357,40.7312],[-74.53584,40.73124],[-74.536,40.73123],[-74.53628,40.73107],[-74.53638,40.73107],[-74.53645,40.73111],[-74.53648,40.73119],[-74.53642,40.73154],[-74.53665,40.73172],[-74.53812,40.73216],[-74.53849,40.73224],[-74.53876,40.73237],[-74.53892,40.73252],[-74.53918,40.73286],[-74.53945,40.73294],[-74.53957,40.73303],[-74.53976,40.7333],[-74.5398,40.7336],[-74.53998,40.7338],[-74.54048,40.73381],[-74.54056,40.73376],[-74.54062,40.73363],[-74.54097,40.73352],[-74.54109,40.7336],[-74.54124,40.73355],[-74.54132,40.73356],[-74.54135,40.73358],[-74.54133,40.73364],[-74.54138,40.73366],[-74.54169,40.73372],[-74.54334,40.73421],[-74.5434,40.73448],[-74.5435,40.73457],[-74.54365,40.73457],[-74.54381,40.73452],[-74.54481,40.73411],[-74.54525,40.73405],[-74.54535,40.73407],[-74.54539,40.73414],[-74.54548,40.73416],[-74.54619,40.73416],[-74.54638,40.73413],[-74.54668,40.73392],[-74.54731,40.73378],[-74.54785,40.73388],[-74.54811,40.73386],[-74.54845,40.73373],[-74.54894,40.73371],[-74.54916,40.73374],[-74.54935,40.73385],[-74.54944,40.73413],[-74.54941,40.73443],[-74.54918,40.73468],[-74.54905,40.73503],[-74.54883,40.73535],[-74.54863,40.73544],[-74.54852,40.73562],[-74.54851,40.73583],[-74.54855,40.73592],[-74.54866,40.73604],[-74.54866,40.73616],[-74.54839,40.73638],[-74.5483,40.73654],[-74.54805,40.73681],[-74.54779,40.73689],[-74.54768,40.73699],[-74.54769,40.73721],[-74.5478,40.73758],[-74.54791,40.7377],[-74.54805,40.73775],[-74.54813,40.73793],[-74.54807,40.73799],[-74.54787,40.73802],[-74.54778,40.7381],[-74.54778,40.73832],[-74.54786,40.73837],[-74.54792,40.73856],[-74.54828,40.7388],[-74.54836,40.73921],[-74.54834,40.73963],[-74.54842,40.74005],[-74.5485,40.74018],[-74.54894,40.74073],[-74.54906,40.74116],[-74.54907,40.74126],[-74.54903,40.74139],[-74.54904,40.7415],[-74.54887,40.74175],[-74.54878,40.74216],[-74.54894,40.74242],[-74.54897,40.7427],[-74.54923,40.74283],[-74.5494,40.74309],[-74.54933,40.74327],[-74.54935,40.74345],[-74.54933,40.74356],[-74.54928,40.74364],[-74.54909,40.74381],[-74.54904,40.74391],[-74.54902,40.74442],[-74.54904,40.7445],[-74.54937,40.74495],[-74.54941,40.74506],[-74.54923,40.74524],[-74.54916,40.74539],[-74.54894,40.74568],[-74.54877,40.74583],[-74.5487,40.74604],[-74.54871,40.74612],[-74.54895,40.74656],[-74.54895,40.74682],[-74.54911,40.74704],[-74.54924,40.7471],[-74.5496,40.7471],[-74.54991,40.74717],[-74.55027,40.74752],[-74.55049,40.74792],[-74.5507,40.74808],[-74.55093,40.74811],[-74.55145,40.74812],[-74.55205,40.74834],[-74.55216,40.74844],[-74.55221,40.74863],[-74.55227,40.74873],[-74.55263,40.74914],[-74.55265,40.74922],[-74.55262,40.74937],[-74.55266,40.74949],[-74.55268,40.74951],[-74.55289,40.74953],[-74.55292,40.74962],[-74.5529,40.7497],[-74.5525,40.74983],[-74.55222,40.75004],[-74.55203,40.75013],[-74.55201,40.75023],[-74.55212,40.75046],[-74.55207,40.75057],[-74.55199,40.75064],[-74.55159,40.75078],[-74.55127,40.75084],[-74.55093,40.75086],[-74.55088,40.75098],[-74.55088,40.75105],[-74.55093,40.7511],[-74.5513,40.75189],[-74.55173,40.75246],[-74.55184,40.75272],[-74.55196,40.75288],[-74.55196,40.75297],[-74.55192,40.75304],[-74.55152,40.75326],[-74.55149,40.75339],[-74.55159,40.75359],[-74.55171,40.75369],[-74.5518,40.75372],[-74.55207,40.75399],[-74.55211,40.75407],[-74.55211,40.75417],[-74.55203,40.75432],[-74.55193,40.75465],[-74.55195,40.7548],[-74.55203,40.75492],[-74.55214,40.75501],[-74.55248,40.75513],[-74.55253,40.75526],[-74.55264,40.7559],[-74.55292,40.7561],[-74.55321,40.75639],[-74.55335,40.75647],[-74.55376,40.75658],[-74.55391,40.75664],[-74.55435,40.75675],[-74.55468,40.75677],[-74.55521,40.7569],[-74.55538,40.75707],[-74.55537,40.75732],[-74.55567,40.758],[-74.55597,40.75813],[-74.55602,40.75829],[-74.63829,40.73956],[-74.72549,40.71957],[-74.72568,40.71953],[-74.7327,40.72008],[-74.73733,40.72162],[-74.74094,40.72402],[-74.7425,40.72606],[-74.74418,40.72642],[-74.74746,40.72833],[-74.7491,40.72923],[-74.7529,40.73113],[-74.76361,40.734],[-74.77099,40.73605],[-74.77442,40.73671],[-74.78296,40.73827],[-74.78368,40.73846],[-74.79368,40.74034],[-74.79797,40.74219],[-74.79801,40.74219],[-74.79861,40.74171],[-74.80356,40.74179],[-74.80823,40.74114],[-74.81306,40.74132],[-74.81311,40.7419],[-74.81561,40.74231],[-74.81707,40.74289],[-74.82222,40.74245],[-74.82314,40.74233],[-74.82363,40.74221],[-74.82388,40.74236],[-74.82748,40.74407],[-74.83809,40.75225],[-74.84302,40.75602],[-74.84407,40.75858],[-74.85036,40.76264],[-74.8601,40.76884],[-74.88117,40.78213],[-74.88982,40.78773],[-74.88966,40.78787],[-74.88947,40.78849],[-74.88923,40.78883],[-74.88829,40.78933],[-74.88753,40.78987],[-74.88652,40.79034],[-74.88608,40.79067],[-74.88433,40.79139],[-74.88388,40.79147],[-74.88354,40.79147],[-74.88319,40.79143],[-74.8821,40.79116],[-74.8814,40.79079],[-74.88114,40.79072],[-74.8806,40.79071],[-74.88008,40.79079],[-74.87943,40.79095],[-74.87911,40.79108],[-74.87822,40.79154],[-74.87728,40.79215],[-74.87706,40.79234],[-74.87684,40.79264],[-74.87667,40.79305],[-74.87654,40.79323],[-74.87635,40.7934],[-74.8761,40.79357],[-74.87581,40.79372],[-74.87547,40.79385],[-74.875,40.79396],[-74.87461,40.79414],[-74.87423,40.79426],[-74.87392,40.79454],[-74.87357,40.79469],[-74.87347,40.79472],[-74.87303,40.79462],[-74.87252,40.79463],[-74.8722,40.79454],[-74.87177,40.79453],[-74.87093,40.79481],[-74.87078,40.79481],[-74.87033,40.79472],[-74.8701,40.79474],[-74.86927,40.7951],[-74.86881,40.7954],[-74.86787,40.7961],[-74.8673,40.79642],[-74.86709,40.79662],[-74.86696,40.79682],[-74.86678,40.79768],[-74.86647,40.79844],[-74.86638,40.79874],[-74.86635,40.79913],[-74.86628,40.79957],[-74.86619,40.79975],[-74.86586,40.80021],[-74.8656,40.80063],[-74.86553,40.8008],[-74.86553,40.80097],[-74.86573,40.80138],[-74.86584,40.8019],[-74.8657,40.80213],[-74.86538,40.80252],[-74.86489,40.80289],[-74.86439,40.80316],[-74.86398,40.80327],[-74.8633,40.80326],[-74.86306,40.80329],[-74.86286,40.80336],[-74.86259,40.80352],[-74.86159,40.80328],[-74.8614,40.80316],[-74.86115,40.80289],[-74.86103,40.80245],[-74.86049,40.80158],[-74.86036,40.80113],[-74.86019,40.80104],[-74.85999,40.80102],[-74.85925,40.80118],[-74.85891,40.80133],[-74.85849,40.80161],[-74.85639,40.80325],[-74.85559,40.80382],[-74.85526,40.80397],[-74.85487,40.8042],[-74.85466,40.80418],[-74.85223,40.80343],[-74.85194,40.80338],[-74.85158,40.80343],[-74.85051,40.80396],[-74.85026,40.80417],[-74.84971,40.80502],[-74.84943,40.80529],[-74.84912,40.8055],[-74.84899,40.80564],[-74.84874,40.80601],[-74.84856,40.80634],[-74.84744,40.80792],[-74.84716,40.80805],[-74.84668,40.80812],[-74.84653,40.80818],[-74.84647,40.80824],[-74.84647,40.8085],[-74.84644,40.8086],[-74.84649,40.80891],[-74.84655,40.80901],[-74.84679,40.80915],[-74.84673,40.80948],[-74.84659,40.80973],[-74.84651,40.80996],[-74.84653,40.81029],[-74.84661,40.81047],[-74.84684,40.81069],[-74.84686,40.8108],[-74.84682,40.81084],[-74.84667,40.81093],[-74.84639,40.81095],[-74.84557,40.81077],[-74.84522,40.81077],[-74.84472,40.81082],[-74.84381,40.811],[-74.84328,40.81116],[-74.84282,40.81139],[-74.84254,40.81158],[-74.84231,40.8118],[-74.84203,40.81225],[-74.84194,40.8125],[-74.84183,40.81304],[-74.84176,40.81318],[-74.84148,40.81343],[-74.84101,40.81376],[-74.84091,40.81387],[-74.84089,40.81404],[-74.84108,40.81428],[-74.84111,40.81443],[-74.8411,40.81458],[-74.84102,40.81474],[-74.8406,40.81527],[-74.8401,40.81579],[-74.83955,40.81614],[-74.83911,40.81659],[-74.83879,40.81685],[-74.83843,40.81703],[-74.83784,40.81719],[-74.83765,40.81727],[-74.83657,40.81796],[-74.83611,40.81832],[-74.83566,40.81858],[-74.83506,40.81914],[-74.8349,40.81943],[-74.83482,40.81981],[-74.83485,40.82009],[-74.83506,40.82053],[-74.83509,40.82068],[-74.83503,40.82152],[-74.83477,40.82202],[-74.8346,40.82218],[-74.83354,40.8229],[-74.8328,40.8235],[-74.83243,40.82372],[-74.83205,40.82403],[-74.83199,40.82403],[-74.83189,40.82397],[-74.8318,40.82396],[-74.83124,40.82408],[-74.8304,40.82453],[-74.83019,40.82476],[-74.82991,40.82532],[-74.82999,40.82553],[-74.83014,40.82571],[-74.83047,40.826],[-74.83088,40.82623],[-74.8314,40.82642],[-74.8318,40.82661],[-74.83192,40.8267],[-74.83203,40.82689],[-74.83203,40.82706],[-74.83199,40.82726],[-74.83181,40.82769],[-74.83161,40.82837],[-74.83142,40.82875],[-74.83134,40.82885],[-74.83102,40.829],[-74.83043,40.8292],[-74.83021,40.82933],[-74.8296,40.83003],[-74.82861,40.83082],[-74.828,40.83142],[-74.82789,40.83159],[-74.82783,40.83199],[-74.82761,40.83219],[-74.82742,40.83227],[-74.82706,40.83233],[-74.82694,40.83232],[-74.82671,40.83219],[-74.82658,40.83217],[-74.82629,40.83221],[-74.82607,40.83229],[-74.82581,40.83248],[-74.82511,40.83315],[-74.82414,40.83397],[-74.82352,40.83437],[-74.82286,40.83464],[-74.82185,40.83495],[-74.82166,40.83497],[-74.82139,40.83506],[-74.82124,40.83518],[-74.82104,40.83528],[-74.82099,40.83543],[-74.82096,40.8357],[-74.82092,40.83576],[-74.82085,40.8358],[-74.82052,40.83587],[-74.81985,40.83577],[-74.81938,40.83587],[-74.81905,40.83605],[-74.81861,40.83649],[-74.81847,40.83678],[-74.81843,40.83702],[-74.81847,40.83743],[-74.81866,40.83847],[-74.81873,40.83856],[-74.81901,40.83869],[-74.81985,40.83935],[-74.81994,40.83949],[-74.81993,40.83963],[-74.81969,40.83997],[-74.81955,40.84025],[-74.81956,40.84068],[-74.81965,40.84089],[-74.81998,40.84115],[-74.82056,40.84147],[-74.82113,40.84185],[-74.82148,40.84198],[-74.82226,40.84234],[-74.82255,40.84257],[-74.82346,40.84343],[-74.82374,40.84362],[-74.82382,40.84379],[-74.82383,40.84411],[-74.82379,40.84427],[-74.82368,40.84443],[-74.82356,40.84452],[-74.82255,40.84499],[-74.8224,40.84514],[-74.82224,40.84544],[-74.8221,40.84632],[-74.82179,40.84725],[-74.82183,40.84797],[-74.82167,40.84843],[-74.82161,40.84875],[-74.8215,40.84894],[-74.8216,40.84906],[-74.82158,40.84918],[-74.82133,40.84952],[-74.82104,40.84962],[-74.81928,40.84978],[-74.81872,40.84979],[-74.81825,40.85007],[-74.81805,40.85026],[-74.81793,40.85043],[-74.81763,40.85065],[-74.81699,40.85095],[-74.81676,40.85099],[-74.81636,40.851],[-74.81556,40.85097],[-74.81501,40.8509],[-74.81461,40.85097],[-74.81412,40.85122],[-74.81278,40.85217],[-74.81224,40.8526],[-74.8114,40.85334],[-74.81095,40.85368],[-74.81034,40.85401],[-74.81007,40.85426],[-74.81,40.85437],[-74.80995,40.85448],[-74.80995,40.85466],[-74.81012,40.85518],[-74.81011,40.85562],[-74.81001,40.85576],[-74.80943,40.85622],[-74.80932,40.85639],[-74.80924,40.85672],[-74.80926,40.85721],[-74.8093,40.85734],[-74.80973,40.85832],[-74.80972,40.85851],[-74.80964,40.85886],[-74.80943,40.85914],[-74.80935,40.85943],[-74.80931,40.85963],[-74.80938,40.86002],[-74.80935,40.86013],[-74.80924,40.86021],[-74.80858,40.86031],[-74.80839,40.86039],[-74.80825,40.86053],[-74.80795,40.86092],[-74.80784,40.86102],[-74.80768,40.8611],[-74.80744,40.86111],[-74.80676,40.86098],[-74.80615,40.86091],[-74.8053,40.8609],[-74.80515,40.86092],[-74.80492,40.86101],[-74.80465,40.86135],[-74.80458,40.86138],[-74.80445,40.86138],[-74.80437,40.86134],[-74.80405,40.86104],[-74.80387,40.86101],[-74.8037,40.86106],[-74.80315,40.86155],[-74.80299,40.86174],[-74.80292,40.8619],[-74.80263,40.86288],[-74.80258,40.86298],[-74.80214,40.86348],[-74.80194,40.8639],[-74.80193,40.86413],[-74.80198,40.86429],[-74.80218,40.86453],[-74.80241,40.8647],[-74.80341,40.86521],[-74.80477,40.86585],[-74.80495,40.86601],[-74.80532,40.86654],[-74.80542,40.86661],[-74.80595,40.8668],[-74.80633,40.86697],[-74.80658,40.86716],[-74.80743,40.86812],[-74.80773,40.86867],[-74.8083,40.86949],[-74.8083,40.86972],[-74.80822,40.86988],[-74.8077,40.87036],[-74.80744,40.87067],[-74.80735,40.87092],[-74.80727,40.87142],[-74.80719,40.8716],[-74.80686,40.87216],[-74.80669,40.87233],[-74.80651,40.8724],[-74.80633,40.87257],[-74.80594,40.87352],[-74.8058,40.87396],[-74.80574,40.8742],[-74.80567,40.87479],[-74.80567,40.8751],[-74.80585,40.8756],[-74.80589,40.87608],[-74.80594,40.87623],[-74.80608,40.87644],[-74.8066,40.8769],[-74.80673,40.87754],[-74.80694,40.87788],[-74.80698,40.87818],[-74.80691,40.87905],[-74.80695,40.87982],[-74.80705,40.88031],[-74.80736,40.88097],[-74.8074,40.88114],[-74.80742,40.88155],[-74.80737,40.88171],[-74.80718,40.88192],[-74.80698,40.88204],[-74.8065,40.88215],[-74.80637,40.88222],[-74.80631,40.88232],[-74.80626,40.88257],[-74.80615,40.88282],[-74.80619,40.88333],[-74.80617,40.88362],[-74.80613,40.88372],[-74.80601,40.8838],[-74.80539,40.88405],[-74.80503,40.88429],[-74.80494,40.88439],[-74.80439,40.88526],[-74.80395,40.88571],[-74.80372,40.88581],[-74.80323,40.88588],[-74.803,40.88596],[-74.80285,40.88606],[-74.80262,40.88635],[-74.80233,40.8865],[-74.80201,40.88659],[-74.80128,40.8867],[-74.80008,40.88708],[-74.79981,40.88725],[-74.79959,40.88777],[-74.79945,40.88794],[-74.79931,40.88799],[-74.79909,40.88802],[-74.79788,40.88801],[-74.79726,40.88804],[-74.79628,40.88833],[-74.79491,40.88861],[-74.79424,40.88882],[-74.79347,40.88915],[-74.79263,40.88958],[-74.79231,40.88984],[-74.79209,40.89007],[-74.79165,40.89067],[-74.79119,40.89154],[-74.79048,40.89317],[-74.79044,40.89339],[-74.79062,40.8945],[-74.7906,40.89594],[-74.79051,40.89621],[-74.7903,40.89642],[-74.78948,40.897],[-74.78784,40.89799],[-74.787,40.89862],[-74.78714,40.89914],[-74.78715,40.89937],[-74.78708,40.89958],[-74.78689,40.89979],[-74.78666,40.8999],[-74.78603,40.90012],[-74.78512,40.90064],[-74.78449,40.90076],[-74.7842,40.90087],[-74.78409,40.90097],[-74.78388,40.90148],[-74.78375,40.90167],[-74.78318,40.90211],[-74.78288,40.90241],[-74.78271,40.90252],[-74.78247,40.90259],[-74.78187,40.9027],[-74.78078,40.90308],[-74.78023,40.90315],[-74.77994,40.90324],[-74.77988,40.90328],[-74.77958,40.90393],[-74.77936,40.90476],[-74.77926,40.90548],[-74.77936,40.90592],[-74.77935,40.9061],[-74.77909,40.90635],[-74.77896,40.90642],[-74.77858,40.90645],[-74.77831,40.90635],[-74.77791,40.90606],[-74.77774,40.90591],[-74.77739,40.90549],[-74.77712,40.90527],[-74.77702,40.90522],[-74.77672,40.90516],[-74.77637,40.9052],[-74.77619,40.90527],[-74.77606,40.90534],[-74.77536,40.90592],[-74.77472,40.90635],[-74.77391,40.90682],[-74.77351,40.90713],[-74.77293,40.90768],[-74.77271,40.90809],[-74.77245,40.90843],[-74.77225,40.90867],[-74.77204,40.90884],[-74.77161,40.90906],[-74.77135,40.90904],[-74.7711,40.90908],[-74.77068,40.9093],[-74.77053,40.90948],[-74.77019,40.91006],[-74.76999,40.91031],[-74.76946,40.91091],[-74.7688,40.91138],[-74.76864,40.91172],[-74.76858,40.91179],[-74.7683,40.91192],[-74.76794,40.91195],[-74.76771,40.91201],[-74.7673,40.91231],[-74.76655,40.91263],[-74.76624,40.91272],[-74.76602,40.91273],[-74.76582,40.9126],[-74.76551,40.91224],[-74.76532,40.91209],[-74.765,40.91199],[-74.76461,40.91198],[-74.7645,40.91204],[-74.76438,40.91214],[-74.76422,40.9126],[-74.76417,40.91267],[-74.76406,40.91275],[-74.76377,40.91291],[-74.76346,40.91323],[-74.76339,40.91329],[-74.76305,40.91342],[-74.76267,40.91345],[-74.76222,40.91328],[-74.76177,40.91316],[-74.76167,40.91311],[-74.76162,40.91303],[-74.76162,40.91291],[-74.7617,40.9127],[-74.76172,40.91245],[-74.76165,40.91215],[-74.76148,40.91204],[-74.76114,40.91202],[-74.76102,40.91206],[-74.76087,40.91219],[-74.76058,40.91292],[-74.7604,40.91314],[-74.75997,40.91356],[-74.75964,40.91372],[-74.75933,40.91378],[-74.75906,40.91377],[-74.75782,40.91347],[-74.75744,40.91344],[-74.7567,40.91359],[-74.75598,40.91358],[-74.75572,40.9136],[-74.75463,40.91395],[-74.7543,40.91414],[-74.75379,40.91464],[-74.75367,40.91472],[-74.75117,40.91589],[-74.75099,40.91613],[-74.75093,40.91647],[-74.75088,40.91702],[-74.75076,40.91751],[-74.7506,40.91783],[-74.75044,40.91806],[-74.75024,40.91824],[-74.74928,40.91872],[-74.74892,40.91873],[-74.74879,40.91907],[-74.74854,40.91939],[-74.74801,40.91982],[-74.74773,40.91996],[-74.74758,40.91998],[-74.74661,40.91984],[-74.74567,40.91964],[-74.74497,40.91953],[-74.74461,40.91963],[-74.74355,40.92001],[-74.74284,40.9201],[-74.74182,40.92027],[-74.74111,40.92033],[-74.74087,40.92027],[-74.74073,40.92018],[-74.7407,40.91984],[-74.74062,40.91976],[-74.74052,40.9197],[-74.74007,40.91958],[-74.73945,40.91956],[-74.7391,40.91949],[-74.73835,40.91926],[-74.7376,40.91893],[-74.73692,40.91892],[-74.7364,40.91916],[-74.73608,40.91937],[-74.73602,40.91945],[-74.73576,40.91957],[-74.7356,40.91969],[-74.73543,40.91972],[-74.73522,40.91961],[-74.73511,40.91958],[-74.73482,40.91961],[-74.73472,40.91969],[-74.7346,40.9199],[-74.7345,40.91998],[-74.73305,40.92053],[-74.73275,40.92058],[-74.73193,40.92085],[-74.73135,40.92049],[-74.73123,40.92037],[-74.73103,40.92007],[-74.73079,40.91995],[-74.73049,40.91974],[-74.72985,40.91916],[-74.7298,40.91902],[-74.72986,40.9188],[-74.72974,40.9186],[-74.72922,40.91815],[-74.729,40.91785],[-74.7288,40.91729],[-74.72872,40.91648],[-74.72862,40.91633],[-74.72851,40.91623],[-74.72828,40.91612],[-74.72797,40.91604],[-74.72779,40.91602],[-74.7276,40.91606],[-74.72744,40.91604],[-74.72732,40.91598],[-74.72704,40.91574],[-74.72681,40.91563],[-74.72669,40.9156],[-74.72628,40.91563],[-74.72602,40.91559],[-74.72559,40.91539],[-74.72511,40.91524],[-74.72478,40.91497],[-74.72457,40.91486],[-74.7239,40.91484],[-74.7235,40.91489],[-74.7231,40.91448],[-74.72268,40.91424],[-74.72238,40.91414],[-74.72227,40.91401],[-74.72187,40.91392],[-74.72165,40.91384],[-74.7214,40.91368],[-74.72114,40.91364],[-74.72069,40.91348],[-74.72064,40.91343],[-74.72056,40.91325],[-74.72046,40.91317],[-74.72032,40.91321],[-74.71994,40.91316],[-74.71973,40.91312],[-74.71944,40.91301],[-74.71931,40.91284],[-74.71897,40.91271],[-74.71864,40.91248],[-74.71819,40.91234],[-74.71818,40.91219],[-74.71821,40.91211],[-74.71806,40.91198],[-74.71771,40.91147],[-74.71765,40.91109],[-74.71739,40.91077],[-74.71717,40.91058],[-74.71679,40.91038],[-74.71622,40.91019],[-74.71547,40.90979],[-74.71534,40.90964],[-74.71525,40.90941],[-74.71513,40.90921],[-74.71492,40.909],[-74.71465,40.9088],[-74.71433,40.90841],[-74.71421,40.90835],[-74.71363,40.90839],[-74.71343,40.90837],[-74.71327,40.90832],[-74.71322,40.90827],[-74.7131,40.90814],[-74.71293,40.90773],[-74.71261,40.90745],[-74.71263,40.90739],[-74.71286,40.90715],[-74.71287,40.90684],[-74.71286,40.90674],[-74.71273,40.90648],[-74.71245,40.90619],[-74.7124,40.9061],[-74.71238,40.90592],[-74.71239,40.9052],[-74.71219,40.90485],[-74.71218,40.90475],[-74.71223,40.90466],[-74.71217,40.90457],[-74.71234,40.90429],[-74.71245,40.9042],[-74.71261,40.90433],[-74.71278,40.90416],[-74.71299,40.90369],[-74.7131,40.9036],[-74.71327,40.90335],[-74.71327,40.90295],[-74.71347,40.90235],[-74.71411,40.90186],[-74.71413,40.90171],[-74.71409,40.90155],[-74.71423,40.9014],[-74.71426,40.90128],[-74.71409,40.901],[-74.7139,40.90058],[-74.71386,40.90029],[-74.7139,40.90008],[-74.71387,40.89999],[-74.71304,40.89971],[-74.71231,40.89952],[-74.71214,40.89941],[-74.71178,40.89929],[-74.71156,40.89918],[-74.71138,40.89917],[-74.71093,40.89938],[-74.71036,40.89974],[-74.71005,40.89978],[-74.7097,40.90008],[-74.70877,40.90076],[-74.70819,40.90111],[-74.70788,40.90118],[-74.70722,40.90119],[-74.7071,40.90122],[-74.70662,40.90136],[-74.70611,40.90172],[-74.70577,40.90182],[-74.70478,40.90181],[-74.7038,40.90165],[-74.70348,40.9017],[-74.7031,40.90202],[-74.70298,40.90223],[-74.70271,40.90297],[-74.70254,40.90333],[-74.70195,40.90408],[-74.70147,40.90455],[-74.69981,40.90603],[-74.69891,40.90661],[-74.69791,40.90708],[-74.69688,40.90742],[-74.69616,40.90757],[-74.69549,40.90761],[-74.69432,40.90753],[-74.69198,40.9071],[-74.69126,40.90707],[-74.69047,40.90714],[-74.68953,40.90732],[-74.68914,40.90748],[-74.68874,40.9077],[-74.68822,40.90807],[-74.6875,40.90878],[-74.6861,40.91],[-74.68422,40.91016],[-74.68337,40.91018],[-74.68312,40.91005],[-74.68294,40.91007],[-74.68282,40.90995],[-74.68276,40.90975],[-74.68275,40.9094],[-74.68269,40.90921],[-74.68259,40.90911],[-74.68253,40.90911],[-74.68233,40.90923],[-74.68202,40.90926],[-74.68186,40.90925],[-74.68158,40.90916],[-74.68137,40.90913],[-74.6809,40.90918],[-74.68034,40.9091],[-74.67991,40.90919],[-74.6795,40.90916],[-74.67926,40.90929],[-74.67898,40.90953],[-74.67866,40.9096],[-74.67837,40.9097],[-74.67765,40.91011],[-74.67747,40.91025],[-74.6771,40.91079],[-74.67695,40.9109],[-74.67519,40.91101],[-74.67507,40.91129],[-74.67499,40.91139],[-74.67456,40.91148],[-74.67411,40.91176],[-74.6738,40.91184],[-74.67368,40.91191],[-74.67355,40.91206],[-74.67343,40.91233],[-74.67312,40.91247],[-74.67294,40.91259],[-74.67279,40.91278],[-74.67272,40.91301],[-74.67266,40.91308],[-74.67218,40.91338],[-74.67192,40.91348],[-74.67101,40.91359],[-74.6705,40.91388],[-74.67006,40.91389],[-74.66993,40.91394],[-74.66977,40.9141],[-74.66956,40.91422],[-74.66945,40.91435],[-74.66929,40.91446],[-74.6692,40.91466],[-74.66893,40.91495],[-74.66854,40.91517],[-74.66848,40.91537],[-74.66812,40.91555],[-74.66786,40.91554],[-74.66755,40.91564],[-74.66683,40.916],[-74.66661,40.91618],[-74.66655,40.91639],[-74.66635,40.91663],[-74.66635,40.91681],[-74.66627,40.91692],[-74.66588,40.91716],[-74.66552,40.91729],[-74.66541,40.91741],[-74.66531,40.91747],[-74.66434,40.91769],[-74.66314,40.91806],[-74.66252,40.91816],[-74.66171,40.91821],[-74.66028,40.91822],[-74.65941,40.91818],[-74.65832,40.91808],[-74.65772,40.9186],[-74.65673,40.91924],[-74.65408,40.92075],[-74.65321,40.92131],[-74.6528,40.92166],[-74.65202,40.92239],[-74.65176,40.92276],[-74.65172,40.92279],[-74.65161,40.92305],[-74.65156,40.92336],[-74.65159,40.92375],[-74.65171,40.92402],[-74.65191,40.92427],[-74.65279,40.92502],[-74.65354,40.9258],[-74.65376,40.92614],[-74.65404,40.92664],[-74.65412,40.92735],[-74.65404,40.92791],[-74.65394,40.92826],[-74.65354,40.92904],[-74.65309,40.92964],[-74.65282,40.92996],[-74.65241,40.93031],[-74.65156,40.93089],[-74.65034,40.93138],[-74.6472,40.932],[-74.64374,40.93263],[-74.64274,40.93294],[-74.64188,40.93342],[-74.64158,40.93365],[-74.64125,40.93398],[-74.64104,40.93431],[-74.64079,40.9348],[-74.64064,40.93527],[-74.64053,40.93605],[-74.64045,40.93634],[-74.64027,40.93666],[-74.64006,40.937],[-74.63966,40.9375],[-74.6369,40.94174],[-74.63644,40.94264],[-74.63589,40.94405],[-74.63545,40.94528],[-74.6352,40.94628],[-74.63501,40.9476],[-74.63488,40.94877],[-74.63488,40.94966],[-74.63527,40.95156],[-74.63549,40.95217],[-74.63641,40.95402],[-74.63715,40.95515],[-74.63818,40.95628],[-74.63881,40.95681],[-74.64007,40.95776],[-74.64105,40.95889],[-74.64135,40.95939],[-74.64158,40.96059],[-74.64163,40.96164],[-74.64156,40.9622],[-74.64136,40.96267],[-74.64096,40.96323],[-74.63952,40.96499],[-74.63327,40.97102],[-74.63289,40.97145],[-74.63249,40.97206],[-74.63232,40.97245],[-74.63219,40.97289],[-74.63214,40.97319],[-74.63214,40.97357],[-74.63238,40.97372],[-74.62621,40.97954],[-74.60709,40.99771],[-74.60634,40.99837],[-74.56697,41.03162],[-74.54777,41.04802],[-74.53501,41.05927],[-74.52936,41.06435],[-74.52194,41.07073],[-74.50321,41.08587],[-74.50306,41.08587],[-74.50288,41.08592],[-74.50266,41.08584],[-74.50222,41.08583],[-74.50204,41.08594],[-74.50195,41.08595],[-74.50175,41.08595],[-74.50144,41.08601],[-74.50104,41.08599],[-74.5009,41.08609],[-74.50081,41.08611],[-74.5007,41.0861],[-74.50049,41.086],[-74.50018,41.08573],[-74.49997,41.08566],[-74.49951,41.08505],[-74.49939,41.08483],[-74.49942,41.08452],[-74.49934,41.08437],[-74.49929,41.08395],[-74.49922,41.08375],[-74.49908,41.08356],[-74.49881,41.08331],[-74.49866,41.08308],[-74.49844,41.08294],[-74.49816,41.08287],[-74.4979,41.08273],[-74.4973,41.08268],[-74.49663,41.08247],[-74.49612,41.08242],[-74.49589,41.0823],[-74.4958,41.08219],[-74.4958,41.08208],[-74.4959,41.08168],[-74.49602,41.08157],[-74.49605,41.08149],[-74.49598,41.08131],[-74.49586,41.08117],[-74.49565,41.08107],[-74.49479,41.08097],[-74.4945,41.0809],[-74.49414,41.08073],[-74.49394,41.0806],[-74.49358,41.08026],[-74.49285,41.0797],[-74.49212,41.07856],[-74.4918,41.07819],[-74.49165,41.07814],[-74.49121,41.07812],[-74.49076,41.07801],[-74.49057,41.07793],[-74.49028,41.07773],[-74.49,41.07767],[-74.48973,41.07772],[-74.48899,41.07803],[-74.48868,41.07805],[-74.48851,41.07803],[-74.48837,41.07794],[-74.48812,41.07785],[-74.48795,41.07773],[-74.48774,41.07742],[-74.48736,41.07699],[-74.48692,41.07674],[-74.48683,41.07644],[-74.48684,41.07622],[-74.48694,41.07584],[-74.487,41.07572],[-74.48726,41.07545],[-74.48784,41.07494],[-74.48803,41.0747],[-74.48837,41.07371],[-74.48853,41.07299],[-74.48875,41.0724],[-74.48902,41.07201],[-74.48909,41.07181],[-74.48902,41.07114],[-74.48879,41.07073],[-74.48874,41.0702],[-74.48857,41.06971],[-74.48819,41.06901],[-74.48771,41.06829],[-74.48738,41.06754],[-74.48731,41.06728],[-74.48727,41.06682],[-74.48728,41.06639],[-74.48733,41.06613],[-74.48742,41.06588],[-74.48755,41.06568],[-74.4879,41.06527],[-74.48846,41.06486],[-74.48888,41.06464],[-74.48963,41.06433],[-74.49094,41.06386],[-74.49264,41.06331],[-74.49321,41.06306],[-74.49346,41.06291],[-74.49396,41.0625],[-74.49457,41.06188],[-74.49489,41.06153],[-74.49506,41.06126],[-74.49534,41.06074],[-74.4957,41.05996],[-74.49619,41.05856],[-74.49786,41.0532],[-74.49864,41.04839],[-74.5,41.04472],[-74.50046,41.04397],[-74.50114,41.04307],[-74.50157,41.04239],[-74.50169,41.0421],[-74.50174,41.04181],[-74.50174,41.04153],[-74.50163,41.04107],[-74.50149,41.04085],[-74.50118,41.04055],[-74.50105,41.04051],[-74.50101,41.04042],[-74.50105,41.04032],[-74.50151,41.03984],[-74.50183,41.03942],[-74.50197,41.03917],[-74.502,41.03903],[-74.50192,41.03892],[-74.50154,41.03877],[-74.5011,41.03852],[-74.50091,41.03844],[-74.50067,41.0384],[-74.50034,41.03844],[-74.50016,41.0384],[-74.50003,41.03824],[-74.49977,41.03803],[-74.49974,41.03791],[-74.49981,41.03769],[-74.49979,41.03758],[-74.49942,41.03716],[-74.49933,41.03695],[-74.49935,41.03617],[-74.49941,41.03577],[-74.4994,41.03557],[-74.4993,41.03534],[-74.49899,41.03501],[-74.49877,41.03486],[-74.49789,41.03449],[-74.49776,41.03423],[-74.49767,41.03413],[-74.49755,41.0341],[-74.49736,41.03411],[-74.49708,41.03424],[-74.49694,41.03442],[-74.49694,41.03461],[-74.49715,41.03487],[-74.49712,41.03522],[-74.49704,41.03531],[-74.49677,41.03546],[-74.49651,41.03575],[-74.49632,41.03584],[-74.49596,41.03593],[-74.49571,41.03605],[-74.49555,41.03608],[-74.49539,41.03603],[-74.4953,41.03579],[-74.49517,41.03576],[-74.49502,41.03596],[-74.49482,41.03614],[-74.49469,41.03631],[-74.49463,41.03636],[-74.49451,41.03638],[-74.49445,41.03636],[-74.49434,41.03619],[-74.49428,41.03616],[-74.49417,41.03618],[-74.49405,41.03625],[-74.4937,41.03662],[-74.49367,41.03672],[-74.49375,41.03681],[-74.49421,41.03691],[-74.49428,41.03696],[-74.49429,41.03708],[-74.49406,41.03723],[-74.49374,41.03729],[-74.49365,41.03727],[-74.4935,41.03717],[-74.49331,41.03717],[-74.49322,41.03724],[-74.49319,41.03732],[-74.49343,41.03745],[-74.49342,41.03751],[-74.49335,41.03753],[-74.49319,41.03747],[-74.49307,41.03732],[-74.4929,41.03725],[-74.49281,41.03726],[-74.49268,41.03732],[-74.49214,41.03775],[-74.49184,41.03783],[-74.49164,41.03782],[-74.49146,41.03776],[-74.49142,41.0377],[-74.49138,41.03746],[-74.49126,41.03737],[-74.49093,41.03734],[-74.4908,41.03735],[-74.49065,41.03743],[-74.49048,41.03765],[-74.49019,41.0378],[-74.49011,41.03818],[-74.48986,41.0384],[-74.48963,41.03846],[-74.4894,41.03843],[-74.48918,41.03855],[-74.48906,41.03855],[-74.48879,41.03849],[-74.48852,41.03837],[-74.48839,41.03839],[-74.48823,41.03857],[-74.48821,41.03867],[-74.48825,41.03879],[-74.48843,41.03891],[-74.4888,41.03895],[-74.48884,41.039],[-74.48883,41.03907],[-74.48876,41.03912],[-74.48863,41.03913],[-74.48826,41.03908],[-74.4881,41.03909],[-74.48785,41.03919],[-74.48749,41.03923],[-74.48731,41.03936],[-74.48719,41.03951],[-74.48715,41.03965],[-74.48723,41.0399],[-74.48721,41.0401],[-74.48668,41.04079],[-74.4863,41.0411],[-74.48623,41.04143],[-74.48613,41.04163],[-74.48596,41.04171],[-74.48573,41.04169],[-74.48565,41.04173],[-74.48565,41.04185],[-74.48576,41.042],[-74.48575,41.04208],[-74.48566,41.04213],[-74.48558,41.04213],[-74.48538,41.04203],[-74.48527,41.04201],[-74.48517,41.04203],[-74.48509,41.04209],[-74.48507,41.04217],[-74.48512,41.04232],[-74.48501,41.04252],[-74.485,41.04276],[-74.48494,41.04285],[-74.48439,41.0429],[-74.48417,41.04298],[-74.48396,41.04312],[-74.48375,41.04318],[-74.48359,41.04312],[-74.48355,41.04291],[-74.48349,41.04281],[-74.48341,41.04279],[-74.48328,41.0428],[-74.4829,41.0431],[-74.48284,41.04319],[-74.48276,41.04345],[-74.48269,41.04352],[-74.48262,41.04354],[-74.48252,41.04353],[-74.48244,41.04346],[-74.48233,41.04318],[-74.48227,41.0431],[-74.48213,41.04306],[-74.48203,41.04308],[-74.48199,41.04312],[-74.48194,41.04331],[-74.48191,41.04362],[-74.48171,41.04389],[-74.4817,41.04398],[-74.48177,41.04404],[-74.48183,41.04437],[-74.48202,41.04451],[-74.48205,41.04461],[-74.48197,41.04467],[-74.48175,41.04468],[-74.48167,41.04472],[-74.48165,41.04486],[-74.48178,41.04502],[-74.48178,41.04512],[-74.48131,41.04551],[-74.48117,41.04558],[-74.48077,41.04565],[-74.48052,41.04574],[-74.48015,41.04575],[-74.47982,41.04593],[-74.47964,41.04588],[-74.47952,41.04571],[-74.47941,41.0457],[-74.47908,41.04595],[-74.47879,41.04608],[-74.47823,41.04626],[-74.47745,41.04666],[-74.47733,41.04667],[-74.47719,41.04659],[-74.47709,41.0466],[-74.47698,41.04671],[-74.47696,41.04686],[-74.47691,41.04691],[-74.4768,41.04691],[-74.47661,41.04679],[-74.47646,41.0468],[-74.47638,41.04689],[-74.47643,41.04699],[-74.47656,41.04705],[-74.47707,41.04714],[-74.47714,41.0472],[-74.47714,41.04729],[-74.47702,41.04738],[-74.4767,41.04747],[-74.47639,41.04761],[-74.47597,41.04787],[-74.47536,41.04793],[-74.4747,41.04816],[-74.47457,41.04812],[-74.47457,41.04802],[-74.47468,41.04788],[-74.47466,41.0478],[-74.47457,41.04776],[-74.47417,41.04781],[-74.47321,41.04784],[-74.47282,41.04792],[-74.47227,41.04798],[-74.47174,41.04811],[-74.47127,41.04809],[-74.47078,41.04812],[-74.47044,41.04804],[-74.47037,41.04798],[-74.47029,41.04779],[-74.47013,41.04776],[-74.46964,41.04812],[-74.46943,41.04814],[-74.46909,41.04812],[-74.46877,41.04828],[-74.46847,41.04826],[-74.4683,41.04829],[-74.46812,41.04837],[-74.4675,41.04875],[-74.4671,41.04876],[-74.4666,41.04886],[-74.46631,41.04896],[-74.46597,41.04922],[-74.46548,41.04972],[-74.46514,41.04996],[-74.4645,41.05031],[-74.46408,41.05048],[-74.46368,41.0506],[-74.463,41.05067],[-74.46261,41.05078],[-74.4625,41.05086],[-74.46214,41.05122],[-74.46205,41.05152],[-74.46196,41.05162],[-74.46127,41.05203],[-74.46013,41.05212],[-74.45862,41.05201],[-74.45678,41.05196],[-74.45633,41.05203],[-74.45561,41.05229],[-74.45501,41.05231],[-74.45482,41.05237],[-74.45453,41.05252],[-74.4539,41.05249],[-74.45328,41.05259],[-74.45251,41.0526],[-74.45218,41.05276],[-74.45183,41.05279],[-74.45151,41.0529],[-74.45114,41.05314],[-74.45074,41.05357],[-74.45009,41.05382],[-74.44988,41.05398],[-74.44963,41.05409],[-74.44936,41.05415],[-74.4476,41.05431],[-74.44707,41.05442],[-74.44691,41.05443],[-74.44675,41.05437],[-74.44664,41.05426],[-74.44641,41.05378],[-74.44617,41.05349],[-74.4459,41.05263],[-74.44527,41.05226],[-74.44385,41.0526],[-74.4437,41.05261],[-74.44357,41.05258],[-74.44351,41.05253],[-74.4435,41.05248],[-74.44359,41.05219],[-74.44359,41.052],[-74.44347,41.05154],[-74.44338,41.05139],[-74.44318,41.05125],[-74.44241,41.05097],[-74.44233,41.0509],[-74.44221,41.05069],[-74.44191,41.05043],[-74.44184,41.04985],[-74.44193,41.04922],[-74.44175,41.04899],[-74.44171,41.04882],[-74.44188,41.0483],[-74.44191,41.0479],[-74.44189,41.04777],[-74.44173,41.04738],[-74.44155,41.04707],[-74.44133,41.04643],[-74.44133,41.0462],[-74.4414,41.04583],[-74.44138,41.04557],[-74.4411,41.04504],[-74.44088,41.04469],[-74.44049,41.04385],[-74.44028,41.04356],[-74.43991,41.04326],[-74.43971,41.04319],[-74.43963,41.04321],[-74.43956,41.04328],[-74.43942,41.04355],[-74.43935,41.04359],[-74.43926,41.04358],[-74.43916,41.04351],[-74.43882,41.04303],[-74.43857,41.04289],[-74.43837,41.04289],[-74.43807,41.04303],[-74.43795,41.04304],[-74.43784,41.04304],[-74.43772,41.04297],[-74.4375,41.04277],[-74.43741,41.04262],[-74.43743,41.04251],[-74.43757,41.04248],[-74.43762,41.04243],[-74.43762,41.04234],[-74.43756,41.04226],[-74.43734,41.04213],[-74.43714,41.04194],[-74.43666,41.04194],[-74.4364,41.04177],[-74.43619,41.04169],[-74.43601,41.04158],[-74.43599,41.04149],[-74.43609,41.04135],[-74.43609,41.04127],[-74.43602,41.04103],[-74.43578,41.04054],[-74.43564,41.04044],[-74.43552,41.0404],[-74.43503,41.04035],[-74.43488,41.04021],[-74.43485,41.03998],[-74.43477,41.0399],[-74.43466,41.03987],[-74.4343,41.03987],[-74.43371,41.03947],[-74.43356,41.03944],[-74.43326,41.03945],[-74.43313,41.0394],[-74.4331,41.03936],[-74.4331,41.03926],[-74.4334,41.03892],[-74.43345,41.03877],[-74.43345,41.03855],[-74.43335,41.03842],[-74.43295,41.03822],[-74.43276,41.03798],[-74.43262,41.03787],[-74.43241,41.03783],[-74.43171,41.03794],[-74.43097,41.03798],[-74.42953,41.0378],[-74.42865,41.03759],[-74.42821,41.03743],[-74.42778,41.03711],[-74.42741,41.03675],[-74.42703,41.03618],[-74.42686,41.03571],[-74.42682,41.03544],[-74.42683,41.03463],[-74.4269,41.03414],[-74.42704,41.03352],[-74.42718,41.03309],[-74.42769,41.03189],[-74.42794,41.03153],[-74.42838,41.03102],[-74.42929,41.03012],[-74.43082,41.02851],[-74.4317,41.02748],[-74.43254,41.02636],[-74.43313,41.02541],[-74.43421,41.02317],[-74.43443,41.02258],[-74.43504,41.02002],[-74.43324,41.01995],[-74.43203,41.01999],[-74.43056,41.02011]]]}},{"type":"Feature","properties":{"std_name":"Kings County","std_geoid":"36047","pen":"politicians","std_note":null,"LSAD":"06","NAME":"Kings"},"geometry":{"type":"Polygon","coordinates":[[[-74.05663,40.62729],[-74.05575,40.65148],[-74.03544,40.68512],[-74.03459,40.68483],[-74.03457,40.68487],[-74.01935,40.67955],[-74.01932,40.67961],[-74.01892,40.67984],[-74.01898,40.6799],[-74.0178,40.68062],[-74.01771,40.68066],[-74.01764,40.6806],[-74.01757,40.68064],[-74.01744,40.68064],[-74.01534,40.6819],[-74.01524,40.682],[-74.01532,40.68211],[-74.01283,40.68361],[-74.01277,40.68361],[-74.01263,40.68347],[-74.00795,40.68629],[-74.00784,40.68624],[-74.00767,40.68627],[-74.00702,40.68653],[-74.00644,40.6863],[-74.00587,40.68621],[-74.00563,40.68678],[-74.00504,40.68756],[-74.00459,40.68821],[-74.00382,40.68893],[-74.00341,40.68961],[-74.00299,40.69043],[-74.00196,40.69014],[-74.00185,40.69039],[-74.00096,40.69013],[-74.0007,40.69061],[-74.00197,40.69184],[-74.00174,40.69241],[-74.00132,40.69321],[-74.00096,40.69407],[-74.00028,40.69496],[-73.99946,40.69628],[-73.99943,40.69641],[-73.99953,40.69658],[-73.99947,40.6967],[-73.99918,40.69689],[-73.99899,40.69681],[-73.99894,40.69694],[-73.99886,40.69692],[-73.99876,40.69711],[-73.99885,40.69714],[-73.99803,40.69876],[-73.9975,40.69965],[-73.9967,40.70088],[-73.99507,40.7031],[-73.99466,40.70343],[-73.99499,40.70365],[-73.99482,40.70391],[-73.99471,40.704],[-73.9948,40.7041],[-73.99434,40.70443],[-73.99386,40.70456],[-73.99381,40.70454],[-73.99377,40.70445],[-73.99369,40.70448],[-73.99385,40.70483],[-73.99272,40.70554],[-73.99148,40.70562],[-73.99088,40.70512],[-73.98986,40.70517],[-73.98942,40.70514],[-73.98796,40.70513],[-73.98727,40.70518],[-73.98687,40.70516],[-73.98669,40.70508],[-73.98662,40.70498],[-73.98653,40.70498],[-73.98643,40.70508],[-73.98643,40.70535],[-73.98344,40.70564],[-73.9834,40.70547],[-73.98335,40.70545],[-73.98308,40.70548],[-73.98308,40.70552],[-73.98274,40.70558],[-73.98275,40.70553],[-73.98246,40.70551],[-73.98245,40.70555],[-73.98233,40.70555],[-73.98099,40.70537],[-73.98091,40.70591],[-73.98033,40.70585],[-73.97948,40.70582],[-73.97923,40.70577],[-73.97907,40.70596],[-73.97548,40.70749],[-73.97502,40.70774],[-73.97279,40.70938],[-73.97231,40.70907],[-73.97032,40.70733],[-73.96961,40.70763],[-73.96985,40.70799],[-73.96994,40.70931],[-73.96961,40.71016],[-73.96905,40.71248],[-73.96847,40.713],[-73.96837,40.71413],[-73.96804,40.71497],[-73.96758,40.7165],[-73.96684,40.71756],[-73.9657,40.71878],[-73.96264,40.72275],[-73.96154,40.72388],[-73.96154,40.72469],[-73.96162,40.72486],[-73.96153,40.72591],[-73.9615,40.72699],[-73.96128,40.72804],[-73.96117,40.72806],[-73.96116,40.72811],[-73.96121,40.72815],[-73.96111,40.72819],[-73.96099,40.72876],[-73.96104,40.72878],[-73.96112,40.72936],[-73.96114,40.72943],[-73.9612,40.72942],[-73.96126,40.72975],[-73.96131,40.7303],[-73.96145,40.73099],[-73.96184,40.73163],[-73.96215,40.73245],[-73.9619,40.73248],[-73.96193,40.73268],[-73.96223,40.73265],[-73.96227,40.73277],[-73.96235,40.73381],[-73.9626,40.7349],[-73.96267,40.73645],[-73.96263,40.73654],[-73.96248,40.7368],[-73.95706,40.73917],[-73.95509,40.7394],[-73.95391,40.73942],[-73.95254,40.73923],[-73.94706,40.73752],[-73.94216,40.73568],[-73.94032,40.7332],[-73.94037,40.73277],[-73.93966,40.73149],[-73.93752,40.72982],[-73.93443,40.72882],[-73.93183,40.72848],[-73.92921,40.72778],[-73.92909,40.72771],[-73.9278,40.72649],[-73.92723,40.72533],[-73.92654,40.72407],[-73.92534,40.72164],[-73.92418,40.72002],[-73.92428,40.71854],[-73.92271,40.71648],[-73.92274,40.71616],[-73.92433,40.71557],[-73.92404,40.71401],[-73.92314,40.7134],[-73.92223,40.71285],[-73.92169,40.71189],[-73.92155,40.71104],[-73.92122,40.71079],[-73.92074,40.71053],[-73.92189,40.7094],[-73.91181,40.70343],[-73.9129,40.70236],[-73.91068,40.70105],[-73.91181,40.69994],[-73.91014,40.69903],[-73.90426,40.6957],[-73.9048,40.69515],[-73.90491,40.69507],[-73.9058,40.69413],[-73.90207,40.692],[-73.90159,40.69163],[-73.90124,40.69144],[-73.9018,40.69077],[-73.90042,40.68818],[-73.90116,40.68788],[-73.89652,40.6824],[-73.89633,40.68283],[-73.89612,40.68314],[-73.89529,40.68417],[-73.8942,40.68531],[-73.89252,40.68342],[-73.89166,40.68404],[-73.89014,40.685],[-73.88961,40.68421],[-73.88909,40.68464],[-73.88808,40.68529],[-73.88452,40.68669],[-73.88378,40.68786],[-73.87946,40.69123],[-73.87402,40.69419],[-73.86892,40.69515],[-73.86872,40.69462],[-73.86868,40.69385],[-73.86806,40.69118],[-73.86746,40.68841],[-73.8666,40.68527],[-73.8665,40.68447],[-73.86629,40.68319],[-73.86603,40.68192],[-73.86499,40.68213],[-73.8641,40.68237],[-73.86328,40.67907],[-73.86235,40.67916],[-73.86132,40.67502],[-73.86106,40.67434],[-73.86108,40.67402],[-73.86039,40.67127],[-73.85763,40.67166],[-73.85643,40.66703],[-73.85568,40.66387],[-73.85843,40.66345],[-73.85761,40.66012],[-73.85851,40.6599],[-73.86036,40.65965],[-73.86151,40.65905],[-73.86317,40.65828],[-73.86244,40.65726],[-73.86219,40.65683],[-73.86096,40.65518],[-73.86048,40.65466],[-73.85976,40.6541],[-73.85898,40.65268],[-73.85696,40.65058],[-73.85665,40.65013],[-73.85615,40.6492],[-73.85494,40.64265],[-73.84834,40.64352],[-73.83765,40.63284],[-73.83624,40.63111],[-73.83538,40.63032],[-73.83304,40.62826],[-73.83339,40.62767],[-73.83405,40.61346],[-73.83428,40.60919],[-73.83446,40.60719],[-73.83588,40.60564],[-73.84202,40.59831],[-73.84444,40.59586],[-73.84668,40.59321],[-73.84739,40.59203],[-73.84985,40.58867],[-73.85352,40.58659],[-73.86561,40.5812],[-73.86923,40.57934],[-73.87142,40.57854],[-73.87922,40.57466],[-73.88507,40.57375],[-73.89052,40.5727],[-73.90387,40.57162],[-73.90491,40.57141],[-73.92807,40.56779],[-73.93336,40.56693],[-73.93489,40.56665],[-73.945,40.56531],[-73.9507,40.56443],[-73.95167,40.56431],[-73.95928,40.56308],[-73.99709,40.55728],[-74.03629,40.55104],[-74.03505,40.57285],[-74.03455,40.57625],[-74.03788,40.5892],[-74.04139,40.60311],[-74.0438,40.60677],[-74.04751,40.61232],[-74.05235,40.62013],[-74.05663,40.62729]]]}},{"type":"Feature","properties":{"std_name":"Bronx County","std_geoid":"36005","pen":"politicians","std_note":null,"LSAD":"06","NAME":"Bronx"},"geometry":{"type":"Polygon","coordinates":[[[-73.93381,40.88221],[-73.92982,40.88868],[-73.92724,40.8952],[-73.92655,40.89688],[-73.92495,40.90102],[-73.92384,40.90367],[-73.92247,40.90724],[-73.91832,40.9177],[-73.91052,40.91528],[-73.91001,40.91508],[-73.90211,40.91288],[-73.89951,40.91198],[-73.89725,40.91166],[-73.89663,40.91132],[-73.8928,40.91006],[-73.89181,40.90978],[-73.88601,40.90798],[-73.8854,40.90798],[-73.88483,40.90772],[-73.88425,40.90751],[-73.88299,40.90742],[-73.88183,40.90713],[-73.88093,40.90683],[-73.87924,40.90637],[-73.87835,40.90598],[-73.87801,40.90597],[-73.87785,40.90592],[-73.86788,40.90298],[-73.86695,40.90248],[-73.86526,40.90195],[-73.86467,40.90179],[-73.86288,40.90154],[-73.86264,40.90147],[-73.8624,40.90134],[-73.86159,40.90105],[-73.86026,40.90062],[-73.85939,40.90038],[-73.8593,40.90049],[-73.8592,40.90088],[-73.8594,40.90138],[-73.859,40.90148],[-73.8593,40.90178],[-73.8596,40.90218],[-73.8591,40.90247],[-73.8583,40.90208],[-73.8582,40.90238],[-73.85771,40.90257],[-73.8572,40.90288],[-73.857,40.90358],[-73.857,40.90438],[-73.85759,40.90467],[-73.85732,40.90502],[-73.8567,40.90491],[-73.85639,40.90505],[-73.8562,40.90509],[-73.85594,40.90526],[-73.85596,40.90539],[-73.8562,40.90548],[-73.85633,40.9058],[-73.85632,40.90617],[-73.85611,40.90606],[-73.85569,40.90606],[-73.8547,40.90658],[-73.8541,40.90668],[-73.8538,40.90718],[-73.85382,40.90777],[-73.85398,40.90801],[-73.8543,40.90809],[-73.85448,40.90801],[-73.85488,40.90822],[-73.85434,40.90897],[-73.85423,40.90901],[-73.854,40.90928],[-73.85294,40.90992],[-73.85268,40.9099],[-73.85218,40.90951],[-73.85138,40.91004],[-73.85112,40.91001],[-73.85205,40.90896],[-73.85208,40.90889],[-73.85237,40.90888],[-73.85353,40.90747],[-73.85099,40.90654],[-73.85045,40.90718],[-73.85033,40.90728],[-73.85014,40.9075],[-73.84865,40.90678],[-73.84743,40.90624],[-73.84585,40.90576],[-73.84495,40.90556],[-73.8449,40.90508],[-73.84495,40.90471],[-73.84491,40.90419],[-73.84139,40.90417],[-73.84105,40.90316],[-73.84087,40.90198],[-73.84079,40.90169],[-73.84056,40.90128],[-73.83936,40.89971],[-73.83919,40.89936],[-73.83915,40.89906],[-73.83921,40.89882],[-73.83965,40.89789],[-73.83972,40.89769],[-73.83972,40.89751],[-73.83961,40.89714],[-73.83941,40.89669],[-73.83841,40.89406],[-73.83628,40.89353],[-73.83517,40.89317],[-73.8325,40.89238],[-73.8317,40.89218],[-73.83082,40.89188],[-73.83002,40.89169],[-73.82872,40.89127],[-73.82812,40.89105],[-73.82794,40.89093],[-73.82722,40.89079],[-73.825,40.89018],[-73.8244,40.88998],[-73.82401,40.88998],[-73.82405,40.88987],[-73.82402,40.88975],[-73.82364,40.88985],[-73.82237,40.88948],[-73.82236,40.88964],[-73.82251,40.88988],[-73.82267,40.88996],[-73.8231,40.88989],[-73.8233,40.89006],[-73.82322,40.89037],[-73.82325,40.89047],[-73.82312,40.89065],[-73.82311,40.89078],[-73.82313,40.89087],[-73.8233,40.89099],[-73.82324,40.8912],[-73.82296,40.89106],[-73.8185,40.88988],[-73.8176,40.88967],[-73.8161,40.88928],[-73.8156,40.88918],[-73.81505,40.88895],[-73.81418,40.8888],[-73.79328,40.88342],[-73.79199,40.88317],[-73.7858,40.8816],[-73.7812,40.88048],[-73.76099,40.87518],[-73.74806,40.87172],[-73.7578,40.84568],[-73.78019,40.8264],[-73.77896,40.81171],[-73.77956,40.81125],[-73.78268,40.80539],[-73.78475,40.80259],[-73.78732,40.80085],[-73.78792,40.80036],[-73.79002,40.80023],[-73.79356,40.80038],[-73.79713,40.80141],[-73.79975,40.8022],[-73.80454,40.80355],[-73.8113,40.8054],[-73.81742,40.80579],[-73.82344,40.80481],[-73.82758,40.80394],[-73.83023,40.80327],[-73.83082,40.80306],[-73.83541,40.8022],[-73.84408,40.80102],[-73.84665,40.80102],[-73.85307,40.80011],[-73.86297,40.79767],[-73.86712,40.79374],[-73.87021,40.79091],[-73.87097,40.78906],[-73.87095,40.78895],[-73.87098,40.78888],[-73.87095,40.78847],[-73.87079,40.78803],[-73.8708,40.78793],[-73.87107,40.78757],[-73.87137,40.78727],[-73.87148,40.78704],[-73.87163,40.7868],[-73.87211,40.78647],[-73.87226,40.78642],[-73.87279,40.78608],[-73.87287,40.78598],[-73.87277,40.78594],[-73.87281,40.7859],[-73.87288,40.78596],[-73.87298,40.78589],[-73.87351,40.78572],[-73.87508,40.78587],[-73.87629,40.78586],[-73.87677,40.78581],[-73.87737,40.78569],[-73.87776,40.78558],[-73.87831,40.78536],[-73.88522,40.78663],[-73.8853,40.78668],[-73.88577,40.78668],[-73.88596,40.78675],[-73.88613,40.78671],[-73.88692,40.78673],[-73.88715,40.78683],[-73.88728,40.78681],[-73.8877,40.78687],[-73.88831,40.78701],[-73.88856,40.78716],[-73.88905,40.78737],[-73.8894,40.78779],[-73.8898,40.78865],[-73.88989,40.78901],[-73.89013,40.78964],[-73.8903,40.78988],[-73.89057,40.79011],[-73.8908,40.79021],[-73.89092,40.79023],[-73.89116,40.79017],[-73.89141,40.79019],[-73.89161,40.79016],[-73.89177,40.79022],[-73.89197,40.79024],[-73.89218,40.79039],[-73.89987,40.79245],[-73.91246,40.7961],[-73.91362,40.79679],[-73.9139,40.79684],[-73.91446,40.79704],[-73.91575,40.79759],[-73.91631,40.79788],[-73.91881,40.79885],[-73.9191,40.79901],[-73.91986,40.79935],[-73.92036,40.79967],[-73.92073,40.8001],[-73.92105,40.80064],[-73.9212,40.80101],[-73.92162,40.80145],[-73.92174,40.80169],[-73.92234,40.80196],[-73.92302,40.80242],[-73.92363,40.80255],[-73.92407,40.80247],[-73.92508,40.80252],[-73.92656,40.80248],[-73.92725,40.80256],[-73.92753,40.80276],[-73.9284,40.80411],[-73.93035,40.8062],[-73.93041,40.80648],[-73.93117,40.80721],[-73.93211,40.80818],[-73.93235,40.80859],[-73.93248,40.80886],[-73.93257,40.80926],[-73.93263,40.81061],[-73.9326,40.81199],[-73.93242,40.81357],[-73.93242,40.81403],[-73.93233,40.81492],[-73.93226,40.818],[-73.9324,40.82119],[-73.93249,40.82255],[-73.93275,40.82549],[-73.9329,40.82656],[-73.93306,40.8282],[-73.93326,40.8295],[-73.93342,40.83138],[-73.93346,40.83318],[-73.93301,40.83568],[-73.93061,40.83968],[-73.93041,40.84028],[-73.93037,40.84065],[-73.92973,40.84185],[-73.92958,40.84205],[-73.92969,40.84219],[-73.9295,40.84238],[-73.92901,40.84408],[-73.92811,40.84558],[-73.9273,40.84656],[-73.9239,40.85049],[-73.92271,40.85248],[-73.9222,40.85311],[-73.92163,40.85397],[-73.92122,40.85469],[-73.92001,40.85668],[-73.91821,40.85868],[-73.91434,40.86252],[-73.91085,40.86653],[-73.9098,40.86828],[-73.9092,40.86978],[-73.9091,40.87168],[-73.9086,40.87168],[-73.9079,40.87268],[-73.9071,40.87298],[-73.907,40.87345],[-73.90711,40.87628],[-73.90765,40.87693],[-73.90801,40.87748],[-73.90868,40.87776],[-73.90919,40.87817],[-73.9095,40.87888],[-73.91141,40.87928],[-73.91221,40.87818],[-73.91491,40.87658],[-73.9152,40.87558],[-73.91981,40.87658],[-73.92163,40.87832],[-73.9226,40.87878],[-73.9245,40.87897],[-73.93381,40.88221]]]}},{"type":"Feature","properties":{"std_name":"Nassau County","std_geoid":"36059","pen":"politicians","std_note":null,"LSAD":"06","NAME":"Nassau"},"geometry":{"type":"Polygon","coordinates":[[[-73.78019,40.8264],[-73.7578,40.84568],[-73.748,40.87187],[-73.69897,40.90039],[-73.61289,40.95094],[-73.59067,40.9557],[-73.52777,40.9689],[-73.49957,40.97474],[-73.43192,40.98901],[-73.42945,40.93399],[-73.42925,40.92859],[-73.42965,40.92816],[-73.42988,40.92876],[-73.43015,40.92928],[-73.43069,40.92979],[-73.43148,40.9302],[-73.43205,40.93068],[-73.4326,40.93138],[-73.43332,40.93196],[-73.43429,40.93255],[-73.43673,40.93456],[-73.43757,40.93502],[-73.43824,40.93518],[-73.43939,40.93523],[-73.4408,40.93584],[-73.44216,40.93619],[-73.44325,40.93614],[-73.44394,40.93591],[-73.4453,40.93573],[-73.4462,40.93525],[-73.44726,40.93499],[-73.4488,40.93511],[-73.45033,40.93547],[-73.45121,40.93556],[-73.45305,40.93622],[-73.45568,40.93675],[-73.45709,40.93709],[-73.45924,40.93796],[-73.45984,40.93782],[-73.46062,40.93736],[-73.46111,40.93725],[-73.46252,40.93722],[-73.46437,40.93764],[-73.46775,40.93871],[-73.47092,40.93994],[-73.4736,40.94067],[-73.47638,40.94199],[-73.47834,40.94252],[-73.48067,40.94357],[-73.48414,40.94551],[-73.48498,40.94622],[-73.48462,40.94675],[-73.48462,40.94693],[-73.48495,40.94688],[-73.48673,40.94626],[-73.48818,40.94564],[-73.48848,40.94535],[-73.4886,40.94532],[-73.49002,40.94356],[-73.49104,40.94264],[-73.49167,40.94223],[-73.49282,40.94177],[-73.49318,40.94152],[-73.49369,40.9407],[-73.49369,40.94056],[-73.49378,40.94051],[-73.49402,40.93976],[-73.49336,40.93738],[-73.49441,40.93425],[-73.49504,40.93194],[-73.49579,40.92988],[-73.49603,40.92956],[-73.49639,40.92855],[-73.49678,40.92717],[-73.49702,40.92619],[-73.49713,40.9245],[-73.49741,40.92377],[-73.49737,40.92322],[-73.49713,40.92285],[-73.4955,40.92169],[-73.49284,40.92029],[-73.49097,40.91947],[-73.49061,40.91901],[-73.49061,40.91876],[-73.49031,40.91821],[-73.4897,40.91691],[-73.48901,40.91579],[-73.48846,40.91517],[-73.4881,40.91508],[-73.48798,40.91515],[-73.48813,40.91577],[-73.48786,40.91577],[-73.48744,40.91499],[-73.48704,40.91334],[-73.48695,40.9133],[-73.48571,40.90978],[-73.48447,40.90712],[-73.48371,40.90591],[-73.48356,40.90557],[-73.48269,40.9044],[-73.48187,40.90351],[-73.48024,40.90129],[-73.48018,40.90109],[-73.48003,40.90097],[-73.47988,40.90112],[-73.47967,40.9008],[-73.47847,40.89979],[-73.47731,40.89925],[-73.47608,40.87711],[-73.47347,40.8745],[-73.46737,40.8681],[-73.46437,40.86798],[-73.46404,40.86791],[-73.46385,40.86768],[-73.46385,40.86731],[-73.46253,40.86729],[-73.46226,40.86671],[-73.46407,40.85955],[-73.46296,40.85721],[-73.4606,40.85381],[-73.45958,40.85188],[-73.45771,40.84911],[-73.45749,40.84871],[-73.45717,40.84754],[-73.4571,40.84701],[-73.4569,40.84643],[-73.4566,40.84511],[-73.45586,40.84347],[-73.45536,40.84259],[-73.45526,40.84087],[-73.45549,40.84016],[-73.45468,40.83591],[-73.45458,40.83513],[-73.45462,40.835],[-73.45444,40.83463],[-73.45254,40.82463],[-73.45217,40.8224],[-73.45213,40.82232],[-73.45145,40.81885],[-73.45063,40.81489],[-73.45025,40.81265],[-73.45001,40.8116],[-73.44877,40.80532],[-73.44876,40.805],[-73.44867,40.80442],[-73.44693,40.79588],[-73.44646,40.79297],[-73.4461,40.79107],[-73.44606,40.79015],[-73.44531,40.78593],[-73.44511,40.78556],[-73.44503,40.78546],[-73.44481,40.7839],[-73.44417,40.782],[-73.44352,40.77832],[-73.44326,40.7765],[-73.44197,40.7699],[-73.44097,40.7644],[-73.44052,40.76164],[-73.44022,40.76042],[-73.43967,40.75741],[-73.43953,40.75638],[-73.43939,40.7557],[-73.43943,40.75569],[-73.43862,40.75129],[-73.43802,40.74781],[-73.43571,40.73546],[-73.43558,40.7346],[-73.43554,40.73456],[-73.43223,40.71709],[-73.42865,40.69789],[-73.42652,40.68703],[-73.42452,40.67651],[-73.42335,40.67074],[-73.42341,40.67061],[-73.42332,40.67061],[-73.42328,40.67048],[-73.4233,40.66913],[-73.42336,40.66874],[-73.42462,40.66627],[-73.42474,40.6662],[-73.4248,40.66535],[-73.4248,40.66507],[-73.42461,40.66378],[-73.42448,40.66247],[-73.42446,40.66166],[-73.42454,40.66144],[-73.42447,40.66113],[-73.42431,40.66081],[-73.42423,40.66053],[-73.42429,40.66],[-73.42408,40.65895],[-73.42415,40.65844],[-73.42412,40.65781],[-73.42383,40.65648],[-73.42388,40.65597],[-73.42529,40.65611],[-73.42559,40.65629],[-73.42555,40.65461],[-73.42535,40.65182],[-73.42499,40.63976],[-73.42488,40.63811],[-73.42457,40.63107],[-73.42427,40.62749],[-73.42427,40.6237],[-73.42437,40.62321],[-73.42425,40.62083],[-73.42414,40.61982],[-73.4241,40.61785],[-73.4242,40.6166],[-73.42407,40.6154],[-73.42414,40.61525],[-73.42412,40.61521],[-73.42417,40.6152],[-73.42402,40.60958],[-73.42393,40.60947],[-73.42379,40.6092],[-73.42387,40.60072],[-73.42531,40.55172],[-73.42531,40.53426],[-73.44121,40.53171],[-73.4656,40.52611],[-73.4865,40.5205],[-73.51784,40.52331],[-73.55267,40.52891],[-73.62457,40.53451],[-73.70609,40.53454],[-73.76878,40.53375],[-73.76763,40.53715],[-73.76493,40.5444],[-73.76223,40.5502],[-73.75826,40.55536],[-73.7557,40.57869],[-73.7555,40.58539],[-73.75212,40.58818],[-73.74775,40.5915],[-73.74447,40.5929],[-73.74324,40.59284],[-73.73718,40.59296],[-73.73741,40.59343],[-73.73764,40.59441],[-73.73808,40.59459],[-73.73846,40.59587],[-73.73844,40.59781],[-73.73826,40.60256],[-73.73846,40.60284],[-73.73852,40.60313],[-73.73923,40.60403],[-73.73946,40.60424],[-73.74029,40.6046],[-73.74115,40.60546],[-73.74177,40.60602],[-73.74317,40.60718],[-73.74355,40.60745],[-73.7432,40.60771],[-73.74307,40.60789],[-73.74315,40.60796],[-73.74306,40.608],[-73.74553,40.61187],[-73.74675,40.6114],[-73.74694,40.61178],[-73.74712,40.61204],[-73.7475,40.61189],[-73.74799,40.61231],[-73.74822,40.61201],[-73.74912,40.61179],[-73.75009,40.61164],[-73.75346,40.61052],[-73.75473,40.61041],[-73.7552,40.61059],[-73.75723,40.61099],[-73.76002,40.61135],[-73.76208,40.61273],[-73.76524,40.61494],[-73.76672,40.615],[-73.76757,40.62148],[-73.76855,40.62315],[-73.76867,40.62359],[-73.76884,40.62395],[-73.76881,40.62403],[-73.76883,40.6241],[-73.76878,40.6242],[-73.76878,40.62429],[-73.76865,40.62447],[-73.7686,40.62473],[-73.76833,40.6251],[-73.76825,40.6254],[-73.76815,40.62545],[-73.76778,40.62591],[-73.76776,40.62611],[-73.76743,40.62661],[-73.748,40.63463],[-73.74602,40.63521],[-73.74418,40.63736],[-73.7433,40.63805],[-73.74236,40.63809],[-73.7415,40.63785],[-73.7412,40.63759],[-73.74119,40.63741],[-73.74127,40.63726],[-73.74208,40.63638],[-73.74258,40.63565],[-73.74267,40.63541],[-73.74265,40.63504],[-73.74224,40.63485],[-73.74168,40.63484],[-73.73996,40.63514],[-73.73947,40.63571],[-73.74126,40.63891],[-73.74228,40.64012],[-73.74143,40.6405],[-73.74205,40.64147],[-73.74166,40.6422],[-73.74144,40.64609],[-73.74144,40.64689],[-73.73905,40.6482],[-73.73513,40.64973],[-73.73143,40.65017],[-73.73105,40.65023],[-73.73,40.65048],[-73.72687,40.65154],[-73.72667,40.65169],[-73.72643,40.65179],[-73.72525,40.65219],[-73.72505,40.65234],[-73.72498,40.65268],[-73.72482,40.65302],[-73.72487,40.65345],[-73.72479,40.654],[-73.72534,40.65532],[-73.72593,40.65773],[-73.72644,40.65916],[-73.72721,40.66042],[-73.72793,40.66175],[-73.72833,40.66304],[-73.72808,40.66307],[-73.72781,40.66322],[-73.72776,40.66398],[-73.72784,40.66505],[-73.72822,40.66596],[-73.72827,40.66644],[-73.72822,40.66731],[-73.72826,40.66807],[-73.72794,40.67055],[-73.72794,40.67081],[-73.72791,40.67084],[-73.72753,40.67387],[-73.72756,40.6741],[-73.72744,40.67443],[-73.72654,40.67649],[-73.7262,40.67738],[-73.72563,40.67959],[-73.72591,40.68266],[-73.7258,40.68435],[-73.72591,40.68608],[-73.7262,40.68898],[-73.7265,40.69689],[-73.72654,40.69898],[-73.72665,40.70111],[-73.72678,40.70199],[-73.72673,40.70215],[-73.72705,40.7095],[-73.7269,40.70998],[-73.72697,40.71072],[-73.72732,40.71222],[-73.72918,40.71917],[-73.73033,40.72216],[-73.7295,40.72259],[-73.72923,40.7227],[-73.72603,40.72391],[-73.72553,40.72408],[-73.71999,40.7256],[-73.71753,40.72624],[-73.71649,40.72645],[-73.7105,40.72723],[-73.70794,40.72777],[-73.70017,40.73954],[-73.70036,40.74103],[-73.70077,40.74501],[-73.70143,40.75066],[-73.70154,40.75192],[-73.70163,40.75249],[-73.70274,40.75325],[-73.70527,40.75477],[-73.70782,40.75622],[-73.71245,40.75924],[-73.7135,40.75983],[-73.71607,40.76146],[-73.72058,40.7642],[-73.7251,40.76699],[-73.72605,40.76753],[-73.72952,40.76973],[-73.73635,40.77391],[-73.73762,40.77474],[-73.73781,40.77481],[-73.73943,40.77582],[-73.73954,40.77581],[-73.73933,40.77596],[-73.73938,40.77601],[-73.74008,40.77621],[-73.74076,40.77669],[-73.74153,40.77711],[-73.74342,40.77822],[-73.74421,40.77871],[-73.74637,40.78012],[-73.75029,40.78248],[-73.75082,40.78289],[-73.7571,40.78969],[-73.76371,40.7938],[-73.77896,40.81171],[-73.78019,40.8264]]]}},{"type":"Feature","properties":{"std_name":"Westchester County","std_geoid":"36119","pen":"politicians","std_note":null,"LSAD":"06","NAME":"Westchester"},"geometry":{"type":"Polygon","coordinates":[[[-73.65967,40.98791],[-73.65677,40.98451],[-73.61289,40.95094],[-73.69897,40.90039],[-73.748,40.87187],[-73.74806,40.87172],[-73.76099,40.87518],[-73.7812,40.88048],[-73.7858,40.8816],[-73.79199,40.88317],[-73.79328,40.88342],[-73.81418,40.8888],[-73.81505,40.88895],[-73.8156,40.88918],[-73.8161,40.88928],[-73.8176,40.88967],[-73.8185,40.88988],[-73.82296,40.89106],[-73.82324,40.8912],[-73.8233,40.89099],[-73.82313,40.89087],[-73.82311,40.89078],[-73.82312,40.89065],[-73.82325,40.89047],[-73.82322,40.89037],[-73.8233,40.89006],[-73.8231,40.88989],[-73.82267,40.88996],[-73.82251,40.88988],[-73.82236,40.88964],[-73.82237,40.88948],[-73.82364,40.88985],[-73.82402,40.88975],[-73.82405,40.88987],[-73.82401,40.88998],[-73.8244,40.88998],[-73.825,40.89018],[-73.82722,40.89079],[-73.82794,40.89093],[-73.82812,40.89105],[-73.82872,40.89127],[-73.83002,40.89169],[-73.83082,40.89188],[-73.8317,40.89218],[-73.8325,40.89238],[-73.83517,40.89317],[-73.83628,40.89353],[-73.83841,40.89406],[-73.83941,40.89669],[-73.83961,40.89714],[-73.83972,40.89751],[-73.83972,40.89769],[-73.83965,40.89789],[-73.83921,40.89882],[-73.83915,40.89906],[-73.83919,40.89936],[-73.83936,40.89971],[-73.84056,40.90128],[-73.84079,40.90169],[-73.84087,40.90198],[-73.84105,40.90316],[-73.84139,40.90417],[-73.84491,40.90419],[-73.84495,40.90471],[-73.8449,40.90508],[-73.84495,40.90556],[-73.84585,40.90576],[-73.84743,40.90624],[-73.84865,40.90678],[-73.85014,40.9075],[-73.85033,40.90728],[-73.85045,40.90718],[-73.85099,40.90654],[-73.85353,40.90747],[-73.85237,40.90888],[-73.85208,40.90889],[-73.85205,40.90896],[-73.85112,40.91001],[-73.85138,40.91004],[-73.85218,40.90951],[-73.85268,40.9099],[-73.85294,40.90992],[-73.854,40.90928],[-73.85423,40.90901],[-73.85434,40.90897],[-73.85488,40.90822],[-73.85448,40.90801],[-73.8543,40.90809],[-73.85398,40.90801],[-73.85382,40.90777],[-73.8538,40.90718],[-73.8541,40.90668],[-73.8547,40.90658],[-73.85569,40.90606],[-73.85611,40.90606],[-73.85632,40.90617],[-73.85633,40.9058],[-73.8562,40.90548],[-73.85596,40.90539],[-73.85594,40.90526],[-73.8562,40.90509],[-73.85639,40.90505],[-73.8567,40.90491],[-73.85732,40.90502],[-73.85759,40.90467],[-73.857,40.90438],[-73.857,40.90358],[-73.8572,40.90288],[-73.85771,40.90257],[-73.8582,40.90238],[-73.8583,40.90208],[-73.8591,40.90247],[-73.8596,40.90218],[-73.8593,40.90178],[-73.859,40.90148],[-73.8594,40.90138],[-73.8592,40.90088],[-73.8593,40.90049],[-73.85939,40.90038],[-73.86026,40.90062],[-73.86159,40.90105],[-73.8624,40.90134],[-73.86264,40.90147],[-73.86288,40.90154],[-73.86467,40.90179],[-73.86526,40.90195],[-73.86695,40.90248],[-73.86788,40.90298],[-73.87785,40.90592],[-73.87801,40.90597],[-73.87835,40.90598],[-73.87924,40.90637],[-73.88093,40.90683],[-73.88183,40.90713],[-73.88299,40.90742],[-73.88425,40.90751],[-73.88483,40.90772],[-73.8854,40.90798],[-73.88601,40.90798],[-73.89181,40.90978],[-73.8928,40.91006],[-73.89663,40.91132],[-73.89725,40.91166],[-73.89951,40.91198],[-73.90211,40.91288],[-73.91001,40.91508],[-73.91052,40.91528],[-73.91832,40.9177],[-73.91425,40.92796],[-73.90911,40.94589],[-73.90846,40.94788],[-73.89614,40.98187],[-73.89363,40.99717],[-73.89398,40.99717],[-73.89358,41.0053],[-73.89008,41.0226],[-73.88948,41.0341],[-73.88938,41.0376],[-73.89028,41.0452],[-73.89038,41.0458],[-73.89268,41.0535],[-73.89388,41.0579],[-73.89448,41.0646],[-73.89468,41.0698],[-73.89478,41.0705],[-73.89468,41.0796],[-73.89488,41.0824],[-73.89378,41.0933],[-73.89078,41.1111],[-73.88758,41.12879],[-73.88718,41.13309],[-73.88748,41.13829],[-73.88948,41.14509],[-73.89248,41.1506],[-73.89538,41.154],[-73.89968,41.15729],[-73.90658,41.1619],[-73.90928,41.16439],[-73.91168,41.16779],[-73.91438,41.17419],[-73.92188,41.18659],[-73.92568,41.19519],[-73.92878,41.20089],[-73.93148,41.20499],[-73.93598,41.20989],[-73.93998,41.21449],[-73.95108,41.22649],[-73.95328,41.22899],[-73.95798,41.23169],[-73.96138,41.23419],[-73.96078,41.23939],[-73.96128,41.24199],[-73.96388,41.24369],[-73.97078,41.24789],[-73.97198,41.25149],[-73.97228,41.25619],[-73.97148,41.25959],[-73.96968,41.26319],[-73.96688,41.26719],[-73.96418,41.26999],[-73.95718,41.27639],[-73.94748,41.28459],[-73.94628,41.28619],[-73.94578,41.28759],[-73.94588,41.28949],[-73.94658,41.29099],[-73.94908,41.29259],[-73.95518,41.29499],[-73.96448,41.29969],[-73.96698,41.30169],[-73.97178,41.30729],[-73.97748,41.31209],[-73.98098,41.31419],[-73.98328,41.31739],[-73.98308,41.31969],[-73.98253,41.32182],[-73.97568,41.32255],[-73.97473,41.32269],[-73.9523,41.32492],[-73.94714,41.32558],[-73.92665,41.32764],[-73.91524,41.32886],[-73.9131,41.32906],[-73.91105,41.32934],[-73.91019,41.32939],[-73.90819,41.32959],[-73.89343,41.33115],[-73.89227,41.33125],[-73.88045,41.33254],[-73.87995,41.33262],[-73.87711,41.33282],[-73.87304,41.33322],[-73.86447,41.33414],[-73.86193,41.33438],[-73.85672,41.33499],[-73.79736,41.34092],[-73.75715,41.34499],[-73.75331,41.34537],[-73.75312,41.34534],[-73.753,41.34541],[-73.71978,41.34886],[-73.68061,41.35286],[-73.67266,41.3538],[-73.67214,41.35381],[-73.66163,41.35498],[-73.66097,41.35498],[-73.64325,41.35676],[-73.64125,41.35697],[-73.63906,41.35725],[-73.6386,41.35725],[-73.63788,41.35735],[-73.63748,41.35736],[-73.59994,41.3608],[-73.59669,41.36123],[-73.59619,41.36122],[-73.59509,41.36135],[-73.58719,41.36206],[-73.58568,41.36223],[-73.58504,41.36241],[-73.54471,41.36654],[-73.54512,41.36329],[-73.54565,41.35784],[-73.54621,41.35261],[-73.54709,41.34312],[-73.54805,41.33538],[-73.54909,41.32513],[-73.54929,41.31958],[-73.54948,41.31675],[-73.5496,41.30711],[-73.54988,41.30152],[-73.55096,41.29542],[-73.54811,41.2921],[-73.5406,41.283],[-73.52628,41.26606],[-73.5253,41.26483],[-73.52342,41.26268],[-73.51746,41.25545],[-73.51295,41.2501],[-73.50264,41.23736],[-73.48798,41.21939],[-73.4827,41.21277],[-73.48534,41.21154],[-73.48684,41.21091],[-73.48841,41.21001],[-73.50396,41.20331],[-73.50917,41.20093],[-73.51399,41.19885],[-73.51418,41.19873],[-73.52098,41.19542],[-73.52234,41.19481],[-73.52334,41.19429],[-73.52375,41.1941],[-73.52426,41.19393],[-73.52484,41.19361],[-73.52629,41.193],[-73.536,41.18843],[-73.55147,41.18146],[-73.56494,41.17517],[-73.56616,41.17469],[-73.5788,41.16889],[-73.59183,41.163],[-73.597,41.16089],[-73.59725,41.16066],[-73.60019,41.15915],[-73.61362,41.15314],[-73.62435,41.14826],[-73.62457,41.14831],[-73.6288,41.14643],[-73.63021,41.14579],[-73.6337,41.14408],[-73.63446,41.14376],[-73.63474,41.14368],[-73.63564,41.14329],[-73.63601,41.14323],[-73.63735,41.14263],[-73.63775,41.14232],[-73.63967,41.1415],[-73.65167,41.1361],[-73.65437,41.1348],[-73.65547,41.1342],[-73.65614,41.13397],[-73.66057,41.132],[-73.66087,41.1318],[-73.66497,41.13],[-73.66803,41.12852],[-73.67642,41.12467],[-73.68947,41.1185],[-73.69605,41.11526],[-73.7007,41.11338],[-73.70284,41.11218],[-73.70354,41.11183],[-73.70553,41.11106],[-73.71223,41.10792],[-73.71376,41.10724],[-73.72777,41.1007],[-73.72621,41.09856],[-73.72338,41.09444],[-73.72102,41.09216],[-73.71868,41.09],[-73.71788,41.089],[-73.71706,41.08779],[-73.71581,41.08623],[-73.70507,41.0725],[-73.69468,41.05979],[-73.69421,41.05933],[-73.69286,41.05771],[-73.69235,41.05714],[-73.68953,41.05352],[-73.68885,41.05254],[-73.68842,41.05202],[-73.68789,41.05153],[-73.68717,41.0507],[-73.68247,41.0447],[-73.68184,41.04397],[-73.67977,41.04194],[-73.67928,41.04138],[-73.67878,41.04073],[-73.67856,41.0404],[-73.67592,41.03731],[-73.67574,41.037],[-73.67452,41.03563],[-73.67107,41.03153],[-73.67061,41.03083],[-73.67038,41.03006],[-73.66977,41.0294],[-73.66917,41.0285],[-73.66518,41.02362],[-73.66467,41.023],[-73.66418,41.02229],[-73.6636,41.02166],[-73.66276,41.02057],[-73.65945,41.01765],[-73.65899,41.01718],[-73.65868,41.01671],[-73.65787,41.0158],[-73.65737,41.0151],[-73.6569,41.01452],[-73.65612,41.01313],[-73.65541,41.01244],[-73.65525,41.01225],[-73.65524,41.01185],[-73.65606,41.00892],[-73.65721,41.0064],[-73.65808,41.00475],[-73.65856,41.00402],[-73.65969,41.00151],[-73.66013,41.00068],[-73.66027,41.00048],[-73.66021,41.00036],[-73.65931,40.99717],[-73.65949,40.99553],[-73.65965,40.99445],[-73.65959,40.99414],[-73.65911,40.99334],[-73.65797,40.992],[-73.65723,40.99091],[-73.65863,40.98926],[-73.65891,40.98899],[-73.65967,40.98791]]]}},{"type":"Feature","properties":{"std_name":"Passaic County","std_geoid":"34031","pen":"politicians","std_note":null,"LSAD":"06","NAME":"Passaic"},"geometry":{"type":"Polygon","coordinates":[[[-74.25204,41.05781],[-74.27223,41.01794],[-74.26427,41.01194],[-74.24853,40.99209],[-74.22453,40.9813],[-74.21193,40.98017],[-74.1918,40.97856],[-74.18211,40.97792],[-74.17114,40.97707],[-74.17028,40.9839],[-74.169,40.98311],[-74.16806,40.98257],[-74.16556,40.98101],[-74.1456,40.96905],[-74.14484,40.96855],[-74.14105,40.96635],[-74.14117,40.96576],[-74.14125,40.96517],[-74.14163,40.96359],[-74.14307,40.95979],[-74.14394,40.95736],[-74.14434,40.95635],[-74.14569,40.95155],[-74.14596,40.95025],[-74.14644,40.9484],[-74.14767,40.94461],[-74.14816,40.94234],[-74.14816,40.94207],[-74.14807,40.94164],[-74.1477,40.94172],[-74.14736,40.94175],[-74.14643,40.94168],[-74.14543,40.94148],[-74.14485,40.94132],[-74.14441,40.94113],[-74.14409,40.94092],[-74.14394,40.94077],[-74.14362,40.94033],[-74.14226,40.93822],[-74.14184,40.93773],[-74.1412,40.93708],[-74.14092,40.93673],[-74.14047,40.93601],[-74.13998,40.93503],[-74.13973,40.93438],[-74.13961,40.93392],[-74.13961,40.93343],[-74.13964,40.93306],[-74.1397,40.93287],[-74.13999,40.93228],[-74.14042,40.93167],[-74.14071,40.93134],[-74.14111,40.93102],[-74.14174,40.93064],[-74.14196,40.93044],[-74.14208,40.93029],[-74.14233,40.92982],[-74.14243,40.92956],[-74.14252,40.92895],[-74.14241,40.92794],[-74.14222,40.92715],[-74.14186,40.9263],[-74.14134,40.92542],[-74.1404,40.9242],[-74.14022,40.924],[-74.14,40.92383],[-74.13956,40.92354],[-74.13887,40.9232],[-74.13843,40.92303],[-74.13801,40.92294],[-74.13737,40.92292],[-74.13503,40.92304],[-74.13448,40.92302],[-74.1341,40.92296],[-74.13304,40.92269],[-74.13223,40.92239],[-74.13152,40.92208],[-74.13041,40.9214],[-74.12996,40.92102],[-74.12964,40.92069],[-74.12941,40.92021],[-74.12938,40.92],[-74.12941,40.91973],[-74.12951,40.91946],[-74.13053,40.91764],[-74.1311,40.91656],[-74.13156,40.9159],[-74.1324,40.91495],[-74.13272,40.91448],[-74.13308,40.91381],[-74.13337,40.91321],[-74.13345,40.91291],[-74.1335,40.91216],[-74.13343,40.91188],[-74.13215,40.9089],[-74.13194,40.90801],[-74.13174,40.90685],[-74.13165,40.90632],[-74.13164,40.90569],[-74.1317,40.9053],[-74.13208,40.90438],[-74.13325,40.90265],[-74.13342,40.90236],[-74.13346,40.90219],[-74.13359,40.90114],[-74.13367,40.90007],[-74.13367,40.89959],[-74.13357,40.89879],[-74.13348,40.89847],[-74.13336,40.89812],[-74.13315,40.89766],[-74.13282,40.89707],[-74.13235,40.89696],[-74.13179,40.89674],[-74.13021,40.89591],[-74.12929,40.89526],[-74.12877,40.89479],[-74.12856,40.89455],[-74.12848,40.89442],[-74.12846,40.89428],[-74.12907,40.89044],[-74.12928,40.88953],[-74.12942,40.88858],[-74.12972,40.88755],[-74.12985,40.8869],[-74.13003,40.88645],[-74.13033,40.88587],[-74.13035,40.88564],[-74.13031,40.88549],[-74.1302,40.88527],[-74.13008,40.88512],[-74.12987,40.88498],[-74.12532,40.88283],[-74.1244,40.88251],[-74.1237,40.88211],[-74.12337,40.88184],[-74.12315,40.88173],[-74.12264,40.88154],[-74.1215,40.88095],[-74.12128,40.88063],[-74.12107,40.8804],[-74.12026,40.87961],[-74.11983,40.87891],[-74.11966,40.87854],[-74.11962,40.87833],[-74.11953,40.87815],[-74.11942,40.87801],[-74.11883,40.87753],[-74.11786,40.87655],[-74.11743,40.87619],[-74.11585,40.87519],[-74.11566,40.875],[-74.11539,40.87457],[-74.11504,40.87354],[-74.11441,40.87209],[-74.11413,40.87082],[-74.11398,40.87029],[-74.11381,40.87],[-74.11367,40.86986],[-74.11261,40.86911],[-74.1124,40.86886],[-74.11226,40.86862],[-74.11193,40.86787],[-74.11137,40.86606],[-74.11129,40.86581],[-74.11107,40.86538],[-74.11095,40.86523],[-74.11073,40.86505],[-74.10905,40.86436],[-74.10845,40.86402],[-74.10781,40.86354],[-74.10748,40.86322],[-74.10731,40.8629],[-74.10708,40.86223],[-74.10697,40.8616],[-74.10679,40.8593],[-74.10727,40.85735],[-74.10741,40.85705],[-74.10772,40.85657],[-74.1083,40.85597],[-74.1087,40.85566],[-74.1089,40.85555],[-74.10927,40.8554],[-74.10966,40.85527],[-74.11026,40.85517],[-74.11062,40.85516],[-74.11083,40.85519],[-74.1112,40.8553],[-74.11141,40.8554],[-74.11219,40.85587],[-74.11228,40.85598],[-74.11234,40.85614],[-74.11246,40.85709],[-74.1125,40.85831],[-74.11259,40.85859],[-74.113,40.85906],[-74.11339,40.85941],[-74.11388,40.8597],[-74.11447,40.8599],[-74.11521,40.85998],[-74.11597,40.85998],[-74.11703,40.85989],[-74.1178,40.85972],[-74.11932,40.85916],[-74.11999,40.85884],[-74.12045,40.85855],[-74.12082,40.85825],[-74.12098,40.85808],[-74.12117,40.8578],[-74.12128,40.85749],[-74.1213,40.85728],[-74.12129,40.85707],[-74.12122,40.85677],[-74.12098,40.85638],[-74.11985,40.85501],[-74.11943,40.85391],[-74.1193,40.8531],[-74.11926,40.85256],[-74.11924,40.85204],[-74.11927,40.85168],[-74.11944,40.85078],[-74.11975,40.84989],[-74.12072,40.84805],[-74.12109,40.84721],[-74.12163,40.84512],[-74.12196,40.84338],[-74.12208,40.84286],[-74.12222,40.84243],[-74.12253,40.84182],[-74.12311,40.8411],[-74.12372,40.84021],[-74.12384,40.83997],[-74.124,40.83947],[-74.12404,40.83897],[-74.124,40.83854],[-74.1238,40.83796],[-74.12326,40.83715],[-74.12296,40.83654],[-74.12255,40.83536],[-74.1221,40.83463],[-74.12132,40.83353],[-74.12107,40.83306],[-74.12096,40.8327],[-74.12089,40.83219],[-74.1209,40.83169],[-74.12099,40.83054],[-74.12112,40.82987],[-74.12152,40.82866],[-74.12229,40.82599],[-74.12261,40.82504],[-74.12309,40.82379],[-74.12352,40.82305],[-74.12377,40.82276],[-74.12412,40.82245],[-74.1252,40.8216],[-74.12618,40.82092],[-74.12676,40.82065],[-74.1288,40.82018],[-74.13002,40.81994],[-74.13026,40.82019],[-74.14177,40.8265],[-74.14923,40.83055],[-74.15114,40.83162],[-74.15195,40.832],[-74.16247,40.8377],[-74.17902,40.84675],[-74.18266,40.84878],[-74.18534,40.85023],[-74.18624,40.85075],[-74.19831,40.85729],[-74.19789,40.85721],[-74.1973,40.85806],[-74.19759,40.85818],[-74.19708,40.85906],[-74.197,40.85946],[-74.20172,40.86037],[-74.202,40.85935],[-74.21285,40.86509],[-74.24029,40.88044],[-74.24678,40.88099],[-74.25317,40.88157],[-74.25397,40.88229],[-74.25476,40.88307],[-74.25505,40.88306],[-74.25648,40.88287],[-74.25808,40.88307],[-74.25827,40.8831],[-74.25899,40.8834],[-74.25964,40.88377],[-74.25981,40.88377],[-74.2607,40.88441],[-74.26087,40.88445],[-74.26176,40.885],[-74.26429,40.88691],[-74.26464,40.88736],[-74.26458,40.88745],[-74.26475,40.88772],[-74.26493,40.8884],[-74.26492,40.88876],[-74.26504,40.88894],[-74.26508,40.89024],[-74.26525,40.89083],[-74.26525,40.89106],[-74.26543,40.89146],[-74.26554,40.89223],[-74.26565,40.89245],[-74.26565,40.89272],[-74.26583,40.89295],[-74.26582,40.89313],[-74.26629,40.89404],[-74.26664,40.89453],[-74.26858,40.89603],[-74.26888,40.89608],[-74.27023,40.89681],[-74.271,40.89699],[-74.27118,40.89708],[-74.27177,40.89718],[-74.27197,40.89732],[-74.27267,40.89839],[-74.27285,40.89878],[-74.2729,40.89907],[-74.27288,40.89942],[-74.27277,40.89971],[-74.27263,40.89994],[-74.27238,40.90022],[-74.27187,40.90065],[-74.27178,40.90076],[-74.27117,40.90168],[-74.27102,40.90204],[-74.27099,40.9022],[-74.27102,40.90287],[-74.27091,40.90319],[-74.27102,40.90323],[-74.27141,40.90358],[-74.27146,40.90374],[-74.27156,40.9039],[-74.27194,40.90433],[-74.27198,40.90453],[-74.27199,40.90492],[-74.2721,40.90516],[-74.27227,40.90532],[-74.27255,40.90542],[-74.27313,40.90574],[-74.27345,40.90608],[-74.27351,40.90626],[-74.27351,40.90655],[-74.27345,40.90663],[-74.27334,40.90671],[-74.27312,40.90682],[-74.27291,40.90686],[-74.27246,40.90686],[-74.27215,40.9069],[-74.27195,40.90704],[-74.27178,40.90726],[-74.27163,40.90765],[-74.27164,40.90775],[-74.27168,40.9078],[-74.27197,40.90785],[-74.27209,40.90792],[-74.27217,40.90804],[-74.27225,40.90836],[-74.27222,40.90866],[-74.27211,40.90911],[-74.27192,40.90969],[-74.27167,40.90997],[-74.27149,40.91007],[-74.27089,40.91017],[-74.27072,40.91017],[-74.27065,40.91005],[-74.27064,40.90986],[-74.27059,40.90972],[-74.27062,40.9091],[-74.27024,40.90855],[-74.26995,40.9083],[-74.26946,40.9081],[-74.26905,40.90764],[-74.26868,40.90747],[-74.26786,40.90752],[-74.26701,40.90764],[-74.26669,40.90773],[-74.2666,40.90861],[-74.26659,40.90893],[-74.2666,40.90931],[-74.26671,40.90982],[-74.26686,40.91024],[-74.26698,40.91043],[-74.26732,40.91089],[-74.26822,40.91192],[-74.26983,40.91343],[-74.27012,40.91374],[-74.27041,40.91409],[-74.27106,40.91503],[-74.27138,40.91528],[-74.27159,40.91539],[-74.2722,40.91556],[-74.27305,40.91573],[-74.27412,40.91585],[-74.27668,40.91586],[-74.27844,40.9158],[-74.27873,40.91582],[-74.27892,40.91589],[-74.27901,40.91597],[-74.27904,40.91607],[-74.27902,40.91623],[-74.27894,40.91631],[-74.27867,40.91645],[-74.27793,40.91669],[-74.27771,40.91684],[-74.27766,40.91698],[-74.27769,40.91717],[-74.27783,40.91736],[-74.27857,40.91808],[-74.27887,40.91825],[-74.27921,40.91833],[-74.27946,40.9183],[-74.27962,40.91825],[-74.27974,40.91818],[-74.28011,40.9178],[-74.28039,40.91759],[-74.28097,40.91731],[-74.28204,40.91696],[-74.28264,40.91688],[-74.28328,40.9169],[-74.28401,40.91705],[-74.2842,40.91715],[-74.28441,40.91742],[-74.2846,40.91784],[-74.28472,40.91822],[-74.28472,40.91844],[-74.28467,40.91868],[-74.28446,40.91907],[-74.28382,40.91971],[-74.28371,40.91988],[-74.28364,40.92013],[-74.28363,40.92045],[-74.28375,40.92067],[-74.28393,40.92083],[-74.2842,40.92098],[-74.28493,40.92122],[-74.28517,40.92122],[-74.2857,40.92141],[-74.28591,40.92159],[-74.28596,40.92178],[-74.28593,40.92195],[-74.28588,40.92203],[-74.28571,40.92215],[-74.28532,40.92233],[-74.2851,40.92252],[-74.28508,40.92262],[-74.28511,40.9228],[-74.28516,40.92294],[-74.28529,40.92308],[-74.28587,40.92352],[-74.28663,40.92403],[-74.28693,40.92414],[-74.28751,40.92425],[-74.28814,40.92446],[-74.28841,40.92462],[-74.28851,40.92483],[-74.2885,40.92506],[-74.28845,40.92524],[-74.28821,40.92569],[-74.2881,40.92599],[-74.28805,40.92625],[-74.28806,40.92674],[-74.28813,40.92696],[-74.28827,40.92717],[-74.28841,40.92728],[-74.28877,40.92748],[-74.28907,40.92781],[-74.28923,40.9281],[-74.28931,40.92833],[-74.28932,40.92859],[-74.28925,40.92879],[-74.28897,40.92907],[-74.28804,40.92975],[-74.28769,40.92992],[-74.28639,40.93032],[-74.28588,40.93063],[-74.28535,40.93109],[-74.2851,40.93138],[-74.28481,40.93179],[-74.28461,40.93216],[-74.28413,40.9332],[-74.28385,40.93366],[-74.28311,40.93459],[-74.28285,40.935],[-74.28266,40.93538],[-74.28215,40.93665],[-74.28113,40.93852],[-74.28049,40.93992],[-74.27995,40.94143],[-74.27981,40.94195],[-74.27963,40.94246],[-74.27942,40.94332],[-74.27923,40.94459],[-74.27911,40.94577],[-74.27891,40.94686],[-74.27849,40.94823],[-74.27796,40.95043],[-74.27774,40.95104],[-74.27772,40.95132],[-74.27774,40.95254],[-74.27771,40.95286],[-74.27754,40.95372],[-74.27728,40.95444],[-74.27722,40.95477],[-74.27724,40.95484],[-74.27742,40.95502],[-74.27858,40.95551],[-74.2798,40.9563],[-74.28021,40.95676],[-74.28045,40.9573],[-74.28055,40.95777],[-74.28052,40.95859],[-74.28035,40.9603],[-74.2799,40.96211],[-74.27997,40.96285],[-74.27995,40.96321],[-74.27981,40.96366],[-74.27934,40.96476],[-74.27931,40.96509],[-74.27935,40.9652],[-74.27958,40.96537],[-74.28078,40.96585],[-74.28095,40.96598],[-74.2811,40.96619],[-74.28118,40.96641],[-74.28118,40.96658],[-74.28112,40.96683],[-74.281,40.96707],[-74.28097,40.96734],[-74.281,40.96768],[-74.28113,40.96818],[-74.28125,40.96848],[-74.28131,40.96856],[-74.28187,40.96899],[-74.28231,40.96951],[-74.2824,40.96973],[-74.28242,40.97003],[-74.28233,40.97039],[-74.28189,40.97127],[-74.28162,40.97159],[-74.28117,40.97202],[-74.28097,40.97217],[-74.28069,40.97229],[-74.28038,40.97233],[-74.28017,40.97231],[-74.28004,40.97226],[-74.27994,40.97216],[-74.27972,40.97185],[-74.27946,40.97164],[-74.27918,40.97147],[-74.27892,40.97141],[-74.27867,40.9714],[-74.27845,40.97143],[-74.27825,40.97153],[-74.27808,40.97168],[-74.27787,40.97214],[-74.27777,40.9729],[-74.27761,40.97321],[-74.27751,40.97355],[-74.27766,40.97378],[-74.27812,40.97436],[-74.27855,40.97478],[-74.27886,40.97547],[-74.28053,40.97603],[-74.2808,40.97608],[-74.28127,40.97606],[-74.28142,40.97609],[-74.28163,40.97622],[-74.28175,40.97638],[-74.28187,40.97664],[-74.28191,40.97682],[-74.28195,40.97782],[-74.28185,40.97924],[-74.28169,40.97996],[-74.28209,40.97991],[-74.28249,40.97964],[-74.28267,40.97957],[-74.28307,40.97952],[-74.28327,40.97942],[-74.28332,40.97938],[-74.28333,40.9793],[-74.28318,40.97904],[-74.28318,40.97897],[-74.28322,40.97895],[-74.28335,40.97893],[-74.28355,40.97912],[-74.2837,40.97919],[-74.28395,40.97923],[-74.28415,40.97922],[-74.28445,40.97913],[-74.28469,40.979],[-74.28468,40.97879],[-74.28473,40.9787],[-74.2848,40.97864],[-74.28509,40.97877],[-74.28566,40.97878],[-74.28603,40.9789],[-74.28619,40.97899],[-74.28627,40.97909],[-74.28629,40.97918],[-74.28625,40.97948],[-74.28627,40.97959],[-74.28653,40.97978],[-74.28683,40.97987],[-74.28714,40.97983],[-74.28735,40.97975],[-74.28775,40.97954],[-74.28801,40.97916],[-74.28817,40.97911],[-74.28838,40.97911],[-74.2886,40.97914],[-74.28876,40.97919],[-74.28927,40.97955],[-74.28963,40.97972],[-74.29015,40.9799],[-74.29052,40.97998],[-74.29096,40.97999],[-74.29212,40.97971],[-74.29237,40.97973],[-74.2928,40.97985],[-74.29309,40.97985],[-74.29342,40.97978],[-74.29361,40.97971],[-74.29416,40.97932],[-74.29485,40.9789],[-74.29502,40.97883],[-74.29524,40.9788],[-74.29547,40.97883],[-74.29584,40.97894],[-74.29717,40.97944],[-74.29742,40.97962],[-74.29767,40.97991],[-74.29771,40.98005],[-74.29769,40.98014],[-74.29734,40.98061],[-74.29727,40.98079],[-74.29722,40.98111],[-74.29723,40.98144],[-74.29726,40.98159],[-74.29737,40.98183],[-74.2976,40.9821],[-74.29767,40.98233],[-74.2977,40.9827],[-74.29767,40.98294],[-74.29764,40.98317],[-74.29751,40.98348],[-74.29711,40.98403],[-74.29612,40.98486],[-74.29589,40.98517],[-74.29566,40.98542],[-74.29515,40.98588],[-74.29406,40.98673],[-74.29336,40.98739],[-74.29283,40.98795],[-74.29288,40.98805],[-74.29294,40.98833],[-74.29299,40.98842],[-74.29366,40.98913],[-74.29384,40.98946],[-74.29389,40.98982],[-74.29395,40.98996],[-74.29396,40.99017],[-74.29414,40.99045],[-74.29429,40.9905],[-74.29463,40.99054],[-74.29501,40.99075],[-74.2952,40.99081],[-74.29545,40.99084],[-74.29568,40.99092],[-74.29578,40.99101],[-74.29586,40.99124],[-74.29595,40.99137],[-74.29591,40.99148],[-74.29578,40.99157],[-74.29539,40.99197],[-74.29521,40.99239],[-74.29517,40.99265],[-74.29519,40.99308],[-74.2954,40.99338],[-74.29555,40.9947],[-74.29577,40.99504],[-74.29612,40.9953],[-74.29642,40.99573],[-74.29661,40.99591],[-74.29725,40.99612],[-74.29753,40.99626],[-74.29768,40.99638],[-74.29784,40.99662],[-74.29811,40.99754],[-74.29819,40.99798],[-74.2982,40.99823],[-74.29814,40.99863],[-74.29817,40.99899],[-74.29814,40.99953],[-74.2981,40.99974],[-74.29803,40.9998],[-74.29775,40.99993],[-74.29766,41.0],[-74.29763,41.00007],[-74.29756,41.0007],[-74.29759,41.00099],[-74.29767,41.00125],[-74.29814,41.00196],[-74.29844,41.00225],[-74.29869,41.0027],[-74.29885,41.00291],[-74.29901,41.00301],[-74.29929,41.00308],[-74.29987,41.00312],[-74.30022,41.00308],[-74.3005,41.00293],[-74.30088,41.00254],[-74.3013,41.00229],[-74.30152,41.00211],[-74.30151,41.00203],[-74.30128,41.00176],[-74.30122,41.00162],[-74.30117,41.00142],[-74.30116,41.00103],[-74.30104,41.00067],[-74.30101,41.00035],[-74.30105,41.0],[-74.30112,40.9998],[-74.3013,40.99935],[-74.30143,40.99925],[-74.30169,40.99917],[-74.30203,40.99917],[-74.3025,40.9992],[-74.30303,40.99929],[-74.30381,40.99937],[-74.30429,40.99932],[-74.30482,40.99935],[-74.30519,40.99933],[-74.30589,40.99912],[-74.30679,40.99899],[-74.30789,40.99857],[-74.30839,40.99844],[-74.30897,40.99839],[-74.30949,40.99841],[-74.30976,40.99848],[-74.3107,40.99893],[-74.3123,40.99953],[-74.31245,40.99969],[-74.31252,41.00001],[-74.31278,41.00043],[-74.31298,41.00058],[-74.31333,41.00077],[-74.31374,41.00105],[-74.31434,41.00139],[-74.31465,41.00163],[-74.315,41.00206],[-74.31549,41.00238],[-74.31715,41.00198],[-74.31783,41.00196],[-74.31857,41.00186],[-74.31955,41.00184],[-74.32036,41.00178],[-74.32132,41.00158],[-74.32244,41.00127],[-74.3239,41.00115],[-74.32443,41.00103],[-74.32662,41.0009],[-74.32687,41.00093],[-74.32759,41.00111],[-74.32822,41.00116],[-74.32846,41.00126],[-74.32896,41.00172],[-74.32934,41.00199],[-74.32953,41.00207],[-74.33039,41.00223],[-74.33084,41.00251],[-74.33107,41.0028],[-74.33188,41.00291],[-74.33237,41.00288],[-74.33318,41.00293],[-74.33369,41.0031],[-74.33469,41.00361],[-74.33488,41.00381],[-74.33494,41.00395],[-74.33503,41.00437],[-74.335,41.00479],[-74.3348,41.00523],[-74.33475,41.00556],[-74.33493,41.00629],[-74.33519,41.00672],[-74.3358,41.00727],[-74.33623,41.00749],[-74.33665,41.0076],[-74.33697,41.00757],[-74.33781,41.00735],[-74.33832,41.0073],[-74.33846,41.00724],[-74.33878,41.00705],[-74.33922,41.00664],[-74.34003,41.00619],[-74.34062,41.00579],[-74.34072,41.00577],[-74.34087,41.00577],[-74.34098,41.00581],[-74.34117,41.00598],[-74.34133,41.00621],[-74.34153,41.00663],[-74.34168,41.00683],[-74.34192,41.00692],[-74.34207,41.00692],[-74.34248,41.00677],[-74.34315,41.00659],[-74.34396,41.00621],[-74.34464,41.0058],[-74.3449,41.00561],[-74.34536,41.00534],[-74.34543,41.00529],[-74.34561,41.005],[-74.3457,41.00492],[-74.34589,41.00481],[-74.34625,41.00473],[-74.34681,41.00474],[-74.34709,41.00471],[-74.34889,41.00423],[-74.34954,41.00398],[-74.34995,41.00393],[-74.35019,41.00397],[-74.35075,41.00422],[-74.35139,41.00459],[-74.35159,41.00484],[-74.35184,41.00525],[-74.35237,41.00562],[-74.35244,41.0057],[-74.35247,41.0058],[-74.35246,41.00586],[-74.35238,41.00594],[-74.35186,41.00624],[-74.35155,41.00647],[-74.35124,41.00697],[-74.35113,41.00725],[-74.35109,41.00746],[-74.35109,41.00765],[-74.35118,41.00876],[-74.35119,41.00937],[-74.3511,41.01018],[-74.35114,41.01049],[-74.35128,41.01068],[-74.35197,41.01129],[-74.35248,41.01164],[-74.35305,41.01197],[-74.35414,41.01311],[-74.35509,41.01377],[-74.3553,41.01387],[-74.35547,41.01391],[-74.35581,41.01388],[-74.35641,41.01366],[-74.35662,41.01362],[-74.35791,41.01349],[-74.35878,41.01365],[-74.35905,41.01375],[-74.35937,41.01392],[-74.35973,41.01399],[-74.36094,41.01392],[-74.36146,41.01384],[-74.3619,41.01389],[-74.36213,41.01383],[-74.36274,41.0135],[-74.36283,41.01313],[-74.36287,41.01304],[-74.36333,41.01244],[-74.36351,41.01213],[-74.36363,41.01149],[-74.3637,41.01129],[-74.36376,41.0112],[-74.36395,41.01102],[-74.3642,41.01094],[-74.36441,41.01096],[-74.36533,41.01132],[-74.36553,41.0114],[-74.36573,41.01156],[-74.36587,41.01162],[-74.36688,41.01191],[-74.36703,41.01192],[-74.3679,41.01193],[-74.36825,41.0118],[-74.36925,41.01156],[-74.37043,41.01137],[-74.37127,41.01132],[-74.37193,41.01135],[-74.37222,41.0114],[-74.37236,41.01145],[-74.37287,41.01185],[-74.37442,41.01261],[-74.375,41.01284],[-74.37528,41.01306],[-74.37582,41.01332],[-74.37674,41.01386],[-74.37689,41.01392],[-74.3772,41.01401],[-74.37777,41.01409],[-74.37882,41.01421],[-74.37981,41.01426],[-74.38079,41.01422],[-74.38219,41.01402],[-74.38257,41.01392],[-74.38296,41.01369],[-74.3838,41.01302],[-74.3842,41.0128],[-74.38475,41.01257],[-74.38516,41.01231],[-74.38607,41.01181],[-74.38684,41.01167],[-74.38729,41.01169],[-74.38776,41.01185],[-74.38814,41.01203],[-74.38852,41.01213],[-74.3891,41.01219],[-74.38943,41.01235],[-74.38963,41.01266],[-74.38995,41.01292],[-74.39007,41.01311],[-74.39004,41.01336],[-74.38985,41.0141],[-74.3899,41.01434],[-74.39012,41.01467],[-74.3907,41.01522],[-74.39078,41.01547],[-74.39087,41.0156],[-74.39108,41.01582],[-74.39127,41.01595],[-74.39153,41.016],[-74.39204,41.016],[-74.39287,41.01613],[-74.39492,41.01666],[-74.3959,41.01687],[-74.39656,41.01696],[-74.39803,41.01698],[-74.39844,41.01709],[-74.39939,41.01725],[-74.39991,41.01737],[-74.40001,41.01748],[-74.40018,41.01783],[-74.40051,41.01808],[-74.40146,41.01862],[-74.40169,41.01889],[-74.40189,41.01898],[-74.40239,41.01908],[-74.40258,41.0192],[-74.40266,41.01933],[-74.40267,41.01941],[-74.40256,41.0197],[-74.40251,41.02021],[-74.40252,41.02054],[-74.40267,41.02055],[-74.40311,41.02038],[-74.40334,41.02042],[-74.4034,41.02056],[-74.4034,41.02095],[-74.40344,41.02122],[-74.40374,41.02162],[-74.40408,41.02225],[-74.40524,41.02317],[-74.40585,41.02392],[-74.4062,41.02418],[-74.40644,41.02418],[-74.40738,41.02442],[-74.4083,41.02459],[-74.41005,41.02509],[-74.41025,41.02522],[-74.41048,41.02547],[-74.41048,41.02566],[-74.41057,41.02581],[-74.41088,41.02614],[-74.41104,41.02625],[-74.4116,41.02648],[-74.41259,41.02673],[-74.41307,41.02695],[-74.41384,41.02712],[-74.41393,41.02732],[-74.41405,41.02743],[-74.4145,41.02759],[-74.41488,41.02784],[-74.41512,41.02795],[-74.41538,41.02801],[-74.41694,41.02807],[-74.41733,41.02818],[-74.41768,41.02844],[-74.4179,41.02857],[-74.41888,41.02873],[-74.41953,41.02872],[-74.42019,41.02846],[-74.42047,41.02839],[-74.42104,41.02847],[-74.42151,41.02842],[-74.42192,41.02829],[-74.42242,41.02802],[-74.42292,41.02788],[-74.42317,41.02776],[-74.42333,41.02775],[-74.42355,41.0277],[-74.42369,41.02761],[-74.42395,41.02728],[-74.42405,41.02705],[-74.42411,41.02674],[-74.42475,41.02517],[-74.42547,41.02367],[-74.42588,41.02297],[-74.42689,41.02164],[-74.42723,41.02129],[-74.42767,41.02096],[-74.42815,41.02067],[-74.42903,41.02038],[-74.43056,41.02011],[-74.43203,41.01999],[-74.43324,41.01995],[-74.43504,41.02002],[-74.43443,41.02258],[-74.43421,41.02317],[-74.43313,41.02541],[-74.43254,41.02636],[-74.4317,41.02748],[-74.43082,41.02851],[-74.42929,41.03012],[-74.42838,41.03102],[-74.42794,41.03153],[-74.42769,41.03189],[-74.42718,41.03309],[-74.42704,41.03352],[-74.4269,41.03414],[-74.42683,41.03463],[-74.42682,41.03544],[-74.42686,41.03571],[-74.42694,41.03598],[-74.42725,41.03653],[-74.42755,41.0369],[-74.42811,41.03737],[-74.42861,41.03758],[-74.42953,41.0378],[-74.43097,41.03798],[-74.43171,41.03794],[-74.43241,41.03783],[-74.43262,41.03787],[-74.43276,41.03798],[-74.43295,41.03822],[-74.43335,41.03842],[-74.43345,41.03855],[-74.43345,41.03877],[-74.4334,41.03892],[-74.4331,41.03926],[-74.4331,41.03936],[-74.43313,41.0394],[-74.43326,41.03945],[-74.43356,41.03944],[-74.43371,41.03947],[-74.4343,41.03987],[-74.43466,41.03987],[-74.43477,41.0399],[-74.43485,41.03998],[-74.43488,41.04021],[-74.43503,41.04035],[-74.43552,41.0404],[-74.43564,41.04044],[-74.43578,41.04054],[-74.43602,41.04103],[-74.43609,41.04127],[-74.43609,41.04135],[-74.43599,41.04149],[-74.43601,41.04158],[-74.43619,41.04169],[-74.4364,41.04177],[-74.43666,41.04194],[-74.43714,41.04194],[-74.43734,41.04213],[-74.43756,41.04226],[-74.43762,41.04234],[-74.43762,41.04243],[-74.43757,41.04248],[-74.43743,41.04251],[-74.43741,41.04262],[-74.4375,41.04277],[-74.43772,41.04297],[-74.43784,41.04304],[-74.43795,41.04304],[-74.43807,41.04303],[-74.43837,41.04289],[-74.43857,41.04289],[-74.43882,41.04303],[-74.43916,41.04351],[-74.43926,41.04358],[-74.43935,41.04359],[-74.43942,41.04355],[-74.43956,41.04328],[-74.43963,41.04321],[-74.43971,41.04319],[-74.43991,41.04326],[-74.44028,41.04356],[-74.44049,41.04385],[-74.44088,41.04469],[-74.4411,41.04504],[-74.44138,41.04557],[-74.4414,41.04583],[-74.44133,41.0462],[-74.44133,41.04643],[-74.44155,41.04707],[-74.44173,41.04738],[-74.44189,41.04777],[-74.44191,41.0479],[-74.44188,41.0483],[-74.44171,41.04882],[-74.44175,41.04899],[-74.44193,41.04922],[-74.44184,41.04985],[-74.44191,41.05043],[-74.44221,41.05069],[-74.44233,41.0509],[-74.44241,41.05097],[-74.44318,41.05125],[-74.44338,41.05139],[-74.44347,41.05154],[-74.44359,41.052],[-74.44359,41.05219],[-74.4435,41.05248],[-74.44351,41.05253],[-74.44357,41.05258],[-74.4437,41.05261],[-74.44385,41.0526],[-74.44527,41.05226],[-74.4459,41.05263],[-74.44617,41.05349],[-74.44641,41.05378],[-74.44664,41.05426],[-74.44675,41.05437],[-74.44691,41.05443],[-74.44707,41.05442],[-74.4476,41.05431],[-74.44936,41.05415],[-74.44963,41.05409],[-74.44988,41.05398],[-74.45009,41.05382],[-74.45074,41.05357],[-74.45114,41.05314],[-74.45151,41.0529],[-74.45183,41.05279],[-74.45218,41.05276],[-74.45251,41.0526],[-74.45328,41.05259],[-74.4539,41.05249],[-74.45453,41.05252],[-74.45482,41.05237],[-74.45501,41.05231],[-74.45561,41.05229],[-74.45633,41.05203],[-74.45678,41.05196],[-74.45862,41.05201],[-74.46013,41.05212],[-74.46127,41.05203],[-74.46196,41.05162],[-74.46205,41.05152],[-74.46214,41.05122],[-74.4625,41.05086],[-74.46261,41.05078],[-74.463,41.05067],[-74.46368,41.0506],[-74.46408,41.05048],[-74.4645,41.05031],[-74.46514,41.04996],[-74.46548,41.04972],[-74.46597,41.04922],[-74.46631,41.04896],[-74.4666,41.04886],[-74.4671,41.04876],[-74.4675,41.04875],[-74.46812,41.04837],[-74.4683,41.04829],[-74.46847,41.04826],[-74.46877,41.04828],[-74.46909,41.04812],[-74.46943,41.04814],[-74.46964,41.04812],[-74.47013,41.04776],[-74.47029,41.04779],[-74.47037,41.04798],[-74.47044,41.04804],[-74.47078,41.04812],[-74.47127,41.04809],[-74.47174,41.04811],[-74.47227,41.04798],[-74.47282,41.04792],[-74.47321,41.04784],[-74.47417,41.04781],[-74.47457,41.04776],[-74.47466,41.0478],[-74.47468,41.04788],[-74.47457,41.04802],[-74.47457,41.04812],[-74.4747,41.04816],[-74.47529,41.04795],[-74.47588,41.0479],[-74.476,41.04786],[-74.47639,41.04761],[-74.4767,41.04747],[-74.47702,41.04738],[-74.47714,41.04729],[-74.47714,41.0472],[-74.47707,41.04714],[-74.47656,41.04705],[-74.47643,41.04699],[-74.47638,41.04689],[-74.47646,41.0468],[-74.47661,41.04679],[-74.4768,41.04691],[-74.47691,41.04691],[-74.47696,41.04686],[-74.47698,41.04671],[-74.47709,41.0466],[-74.47719,41.04659],[-74.47733,41.04667],[-74.47745,41.04666],[-74.47823,41.04626],[-74.47879,41.04608],[-74.47908,41.04595],[-74.47941,41.0457],[-74.47952,41.04571],[-74.47964,41.04588],[-74.47982,41.04593],[-74.48015,41.04575],[-74.48052,41.04574],[-74.48077,41.04565],[-74.48117,41.04558],[-74.48131,41.04551],[-74.48178,41.04512],[-74.48178,41.04502],[-74.48165,41.04486],[-74.48167,41.04472],[-74.48175,41.04468],[-74.48197,41.04467],[-74.48205,41.04461],[-74.48202,41.04451],[-74.48183,41.04437],[-74.48177,41.04404],[-74.4817,41.04398],[-74.48171,41.04389],[-74.48191,41.04362],[-74.48194,41.04331],[-74.48199,41.04312],[-74.48203,41.04308],[-74.48213,41.04306],[-74.48227,41.0431],[-74.48233,41.04318],[-74.48244,41.04346],[-74.48252,41.04353],[-74.48262,41.04354],[-74.48269,41.04352],[-74.48276,41.04345],[-74.48284,41.04319],[-74.4829,41.0431],[-74.48328,41.0428],[-74.48341,41.04279],[-74.48349,41.04281],[-74.48355,41.04291],[-74.48359,41.04312],[-74.48375,41.04318],[-74.48396,41.04312],[-74.48417,41.04298],[-74.48439,41.0429],[-74.48494,41.04285],[-74.485,41.04276],[-74.48501,41.04252],[-74.48512,41.04232],[-74.48507,41.04217],[-74.48509,41.04209],[-74.48517,41.04203],[-74.48527,41.04201],[-74.48538,41.04203],[-74.48558,41.04213],[-74.48566,41.04213],[-74.48575,41.04208],[-74.48576,41.042],[-74.48565,41.04185],[-74.48565,41.04173],[-74.48573,41.04169],[-74.48596,41.04171],[-74.48613,41.04163],[-74.48623,41.04143],[-74.4863,41.0411],[-74.48668,41.04079],[-74.48721,41.0401],[-74.48723,41.0399],[-74.48715,41.03965],[-74.48719,41.03951],[-74.48731,41.03936],[-74.48749,41.03923],[-74.48785,41.03919],[-74.4881,41.03909],[-74.48826,41.03908],[-74.48863,41.03913],[-74.48876,41.03912],[-74.48883,41.03907],[-74.48884,41.039],[-74.4888,41.03895],[-74.48843,41.03891],[-74.48825,41.03879],[-74.48821,41.03867],[-74.48823,41.03857],[-74.48837,41.0384],[-74.48852,41.03837],[-74.48884,41.03851],[-74.48912,41.03855],[-74.4894,41.03843],[-74.48963,41.03846],[-74.48986,41.0384],[-74.49011,41.03818],[-74.49019,41.0378],[-74.49048,41.03765],[-74.49065,41.03743],[-74.4908,41.03735],[-74.49093,41.03734],[-74.49126,41.03737],[-74.49138,41.03746],[-74.49142,41.0377],[-74.49146,41.03776],[-74.49164,41.03782],[-74.49184,41.03783],[-74.49214,41.03775],[-74.49268,41.03732],[-74.49281,41.03726],[-74.4929,41.03725],[-74.49307,41.03732],[-74.49319,41.03747],[-74.49335,41.03753],[-74.49342,41.03751],[-74.49343,41.03745],[-74.49319,41.03732],[-74.49322,41.03724],[-74.49331,41.03717],[-74.4935,41.03717],[-74.49365,41.03727],[-74.49374,41.03729],[-74.49406,41.03723],[-74.49429,41.03708],[-74.49428,41.03696],[-74.49421,41.03691],[-74.49375,41.03681],[-74.49367,41.03672],[-74.4937,41.03662],[-74.49405,41.03625],[-74.49417,41.03618],[-74.49428,41.03616],[-74.49434,41.03619],[-74.49445,41.03636],[-74.49451,41.03638],[-74.49463,41.03636],[-74.49469,41.03631],[-74.49482,41.03614],[-74.49502,41.03596],[-74.49517,41.03576],[-74.4953,41.03579],[-74.49539,41.03603],[-74.49555,41.03608],[-74.49571,41.03605],[-74.49596,41.03593],[-74.49632,41.03584],[-74.49651,41.03575],[-74.49677,41.03546],[-74.49704,41.03531],[-74.49714,41.03519],[-74.49714,41.03484],[-74.49695,41.03463],[-74.49693,41.03452],[-74.49694,41.03442],[-74.49701,41.0343],[-74.49708,41.03424],[-74.49736,41.03411],[-74.4975,41.03409],[-74.49763,41.03412],[-74.49774,41.03419],[-74.49789,41.03449],[-74.49884,41.0349],[-74.49911,41.03512],[-74.49934,41.03541],[-74.4994,41.03557],[-74.49941,41.03577],[-74.49935,41.03617],[-74.49933,41.03695],[-74.49942,41.03716],[-74.49979,41.03758],[-74.49981,41.03769],[-74.49974,41.03795],[-74.49979,41.03805],[-74.50003,41.03824],[-74.50016,41.0384],[-74.50034,41.03844],[-74.50067,41.0384],[-74.50091,41.03844],[-74.5011,41.03852],[-74.50154,41.03877],[-74.5019,41.0389],[-74.50198,41.039],[-74.502,41.03912],[-74.50183,41.03942],[-74.50151,41.03984],[-74.50105,41.04032],[-74.50101,41.04042],[-74.50105,41.04051],[-74.50118,41.04055],[-74.50149,41.04085],[-74.50163,41.04107],[-74.50174,41.04153],[-74.50174,41.04181],[-74.50169,41.0421],[-74.50157,41.04239],[-74.50114,41.04307],[-74.50046,41.04397],[-74.5,41.04472],[-74.49864,41.04839],[-74.49786,41.0532],[-74.49619,41.05856],[-74.4957,41.05996],[-74.49534,41.06074],[-74.49506,41.06126],[-74.49489,41.06153],[-74.49457,41.06188],[-74.49396,41.0625],[-74.49346,41.06291],[-74.49321,41.06306],[-74.49264,41.06331],[-74.49094,41.06386],[-74.48963,41.06433],[-74.48888,41.06464],[-74.48846,41.06486],[-74.4879,41.06527],[-74.48755,41.06568],[-74.48742,41.06588],[-74.48733,41.06613],[-74.48728,41.06639],[-74.48727,41.06682],[-74.48731,41.06728],[-74.48738,41.06754],[-74.48771,41.06829],[-74.48819,41.06901],[-74.48857,41.06971],[-74.48874,41.0702],[-74.48879,41.07073],[-74.48902,41.07114],[-74.48909,41.07181],[-74.48902,41.07201],[-74.48875,41.0724],[-74.48853,41.07299],[-74.48837,41.07371],[-74.48803,41.0747],[-74.48784,41.07494],[-74.48726,41.07545],[-74.487,41.07572],[-74.48694,41.07584],[-74.48684,41.07622],[-74.48683,41.07644],[-74.48692,41.07674],[-74.48736,41.07699],[-74.48774,41.07742],[-74.48795,41.07773],[-74.48812,41.07785],[-74.48837,41.07794],[-74.48851,41.07803],[-74.48868,41.07805],[-74.48899,41.07803],[-74.48973,41.07772],[-74.49,41.07767],[-74.49028,41.07773],[-74.49057,41.07793],[-74.49076,41.07801],[-74.49121,41.07812],[-74.49165,41.07814],[-74.4918,41.07819],[-74.49212,41.07856],[-74.49285,41.0797],[-74.49358,41.08026],[-74.49394,41.0806],[-74.49414,41.08073],[-74.4945,41.0809],[-74.49479,41.08097],[-74.49565,41.08107],[-74.49586,41.08117],[-74.49598,41.08131],[-74.49605,41.08149],[-74.49602,41.08157],[-74.4959,41.08168],[-74.4958,41.08208],[-74.4958,41.08219],[-74.49589,41.0823],[-74.49612,41.08242],[-74.49663,41.08247],[-74.4973,41.08268],[-74.4979,41.08273],[-74.49816,41.08287],[-74.49844,41.08294],[-74.49866,41.08308],[-74.49881,41.08331],[-74.49908,41.08356],[-74.49922,41.08375],[-74.49929,41.08395],[-74.49934,41.08437],[-74.49942,41.08452],[-74.49939,41.08483],[-74.49951,41.08505],[-74.49997,41.08566],[-74.50018,41.08573],[-74.50049,41.086],[-74.5007,41.0861],[-74.50081,41.08611],[-74.5009,41.08609],[-74.50104,41.08599],[-74.50144,41.08601],[-74.50175,41.08595],[-74.50195,41.08595],[-74.50204,41.08594],[-74.50222,41.08583],[-74.50266,41.08584],[-74.50288,41.08592],[-74.50306,41.08587],[-74.50321,41.08587],[-74.50168,41.08718],[-74.48314,41.10439],[-74.47676,41.10966],[-74.42126,41.16053],[-74.39001,41.18579],[-74.38996,41.18555],[-74.38433,41.19006],[-74.38418,41.19027],[-74.38327,41.19093],[-74.38313,41.19073],[-74.36751,41.20324],[-74.3621,41.20042],[-74.34642,41.19273],[-74.33067,41.18546],[-74.32641,41.18361],[-74.32185,41.18156],[-74.29991,41.17187],[-74.28766,41.16653],[-74.27957,41.16301],[-74.26702,41.15772],[-74.25074,41.15017],[-74.2349,41.14327],[-74.22798,41.14036],[-74.21777,41.13602],[-74.2127,41.13434],[-74.21122,41.13371],[-74.25046,41.06082],[-74.25204,41.05781]]]}},{"type":"Feature","properties":{"std_name":"New York County","std_geoid":"36061","pen":"politicians","std_note":null,"LSAD":"06","NAME":"New York"},"geometry":{"type":"MultiPolygon","coordinates":[[[[-74.03544,40.68512],[-74.02639,40.7001],[-74.02364,40.71807],[-74.01403,40.75755],[-73.96358,40.82664],[-73.95283,40.85111],[-73.93379,40.88221],[-73.9245,40.87897],[-73.9226,40.87878],[-73.92163,40.87832],[-73.91981,40.87658],[-73.9152,40.87558],[-73.91491,40.87658],[-73.91221,40.87818],[-73.91141,40.87928],[-73.9095,40.87888],[-73.90919,40.87817],[-73.90868,40.87776],[-73.90801,40.87748],[-73.90765,40.87693],[-73.90711,40.87628],[-73.907,40.87345],[-73.9071,40.87298],[-73.9079,40.87268],[-73.9086,40.87168],[-73.9091,40.87168],[-73.9092,40.86978],[-73.9098,40.86828],[-73.91085,40.86653],[-73.91434,40.86252],[-73.91821,40.85868],[-73.92001,40.85668],[-73.92122,40.85469],[-73.92163,40.85397],[-73.9222,40.85311],[-73.92271,40.85248],[-73.9239,40.85049],[-73.9273,40.84656],[-73.92811,40.84558],[-73.92901,40.84408],[-73.9295,40.84238],[-73.92969,40.84219],[-73.92958,40.84205],[-73.92973,40.84185],[-73.93037,40.84065],[-73.93041,40.84028],[-73.93061,40.83968],[-73.93301,40.83568],[-73.93346,40.83318],[-73.93342,40.83138],[-73.93326,40.8295],[-73.93306,40.8282],[-73.9329,40.82656],[-73.93275,40.82549],[-73.93249,40.82255],[-73.9324,40.82119],[-73.93226,40.818],[-73.93233,40.81492],[-73.93242,40.81403],[-73.93242,40.81357],[-73.9326,40.81199],[-73.93263,40.81061],[-73.93257,40.80926],[-73.93248,40.80886],[-73.93235,40.80859],[-73.93211,40.80818],[-73.93117,40.80721],[-73.93041,40.80648],[-73.93035,40.8062],[-73.9284,40.80411],[-73.92753,40.80276],[-73.92725,40.80256],[-73.92656,40.80248],[-73.92508,40.80252],[-73.92407,40.80247],[-73.92363,40.80255],[-73.92302,40.80242],[-73.92234,40.80196],[-73.92174,40.80169],[-73.92162,40.80145],[-73.9212,40.80101],[-73.92105,40.80064],[-73.92073,40.8001],[-73.92036,40.79967],[-73.91986,40.79935],[-73.9191,40.79901],[-73.91881,40.79885],[-73.91631,40.79788],[-73.91575,40.79759],[-73.91446,40.79704],[-73.9139,40.79684],[-73.91362,40.79679],[-73.91246,40.7961],[-73.91067,40.79312],[-73.9103,40.79066],[-73.91113,40.79011],[-73.91125,40.78974],[-73.91162,40.78959],[-73.91177,40.78972],[-73.91208,40.78952],[-73.91195,40.7894],[-73.91207,40.78934],[-73.91223,40.78918],[-73.9126,40.78938],[-73.91424,40.78786],[-73.91559,40.78643],[-73.91526,40.78619],[-73.9154,40.78606],[-73.91575,40.78611],[-73.91683,40.78519],[-73.91718,40.78455],[-73.91717,40.78419],[-73.91724,40.78414],[-73.91774,40.78408],[-73.91819,40.78393],[-73.91909,40.78337],[-73.9221,40.78085],[-73.92263,40.78057],[-73.92296,40.78044],[-73.92319,40.78025],[-73.92423,40.7791],[-73.92482,40.77876],[-73.92557,40.77846],[-73.92632,40.77824],[-73.92828,40.7769],[-73.92861,40.77659],[-73.92988,40.77622],[-73.93063,40.77659],[-73.93107,40.77726],[-73.93105,40.77744],[-73.93179,40.77787],[-73.93272,40.77804],[-73.93278,40.77792],[-73.93391,40.77812],[-73.93474,40.77808],[-73.93508,40.77794],[-73.93586,40.77721],[-73.93609,40.77718],[-73.93638,40.77692],[-73.93705,40.77587],[-73.93766,40.77509],[-73.93786,40.77409],[-73.93781,40.77356],[-73.93747,40.7725],[-73.93496,40.77173],[-73.93532,40.77049],[-73.9364,40.76947],[-73.9382,40.76873],[-73.93984,40.76799],[-73.94035,40.76765],[-73.94046,40.76753],[-73.94131,40.76692],[-73.9435,40.7645],[-73.94472,40.76288],[-73.94571,40.76149],[-73.94581,40.76145],[-73.94596,40.76129],[-73.95088,40.75517],[-73.95102,40.75509],[-73.95137,40.75452],[-73.95208,40.75376],[-73.95217,40.7537],[-73.95266,40.75311],[-73.95301,40.75277],[-73.95297,40.75275],[-73.95364,40.75204],[-73.95368,40.75205],[-73.95399,40.75179],[-73.95394,40.75175],[-73.95432,40.75126],[-73.95606,40.74976],[-73.95612,40.74976],[-73.9562,40.74969],[-73.95617,40.74967],[-73.95684,40.74883],[-73.95919,40.74603],[-73.96027,40.74443],[-73.96083,40.74364],[-73.96118,40.743],[-73.96138,40.7428],[-73.9618,40.74113],[-73.96191,40.741],[-73.96243,40.73967],[-73.96262,40.73903],[-73.96248,40.7368],[-73.96267,40.73645],[-73.9626,40.7349],[-73.96235,40.73381],[-73.96228,40.73283],[-73.96223,40.73265],[-73.96193,40.73268],[-73.9619,40.73248],[-73.96215,40.73245],[-73.96184,40.73163],[-73.96145,40.73099],[-73.96131,40.7303],[-73.96126,40.72975],[-73.9612,40.72942],[-73.96114,40.72943],[-73.96112,40.72936],[-73.96104,40.72878],[-73.96099,40.72876],[-73.96111,40.72819],[-73.96121,40.72815],[-73.96116,40.72811],[-73.96117,40.72806],[-73.96128,40.72804],[-73.9615,40.72699],[-73.96153,40.72591],[-73.96162,40.72486],[-73.96154,40.72469],[-73.96154,40.72388],[-73.96264,40.72275],[-73.9657,40.71878],[-73.96684,40.71756],[-73.96758,40.7165],[-73.96804,40.71497],[-73.96837,40.71413],[-73.96847,40.713],[-73.96905,40.71248],[-73.96961,40.71016],[-73.96994,40.70931],[-73.96985,40.70799],[-73.96961,40.70763],[-73.97032,40.70733],[-73.97231,40.70907],[-73.97279,40.70938],[-73.97502,40.70774],[-73.97548,40.70749],[-73.97907,40.70596],[-73.97923,40.70577],[-73.97948,40.70582],[-73.98033,40.70585],[-73.98091,40.70591],[-73.98099,40.70537],[-73.98233,40.70555],[-73.98245,40.70555],[-73.98246,40.70551],[-73.98275,40.70553],[-73.98274,40.70558],[-73.98308,40.70552],[-73.98308,40.70548],[-73.98335,40.70545],[-73.9834,40.70547],[-73.98344,40.70564],[-73.98643,40.70535],[-73.98643,40.70508],[-73.98653,40.70498],[-73.98662,40.70498],[-73.98669,40.70508],[-73.98687,40.70516],[-73.98727,40.70518],[-73.98796,40.70513],[-73.98942,40.70514],[-73.98986,40.70517],[-73.99088,40.70512],[-73.99148,40.70562],[-73.99272,40.70554],[-73.99385,40.70483],[-73.99369,40.70448],[-73.99377,40.70445],[-73.99381,40.70454],[-73.99386,40.70456],[-73.99434,40.70443],[-73.9948,40.7041],[-73.99471,40.704],[-73.99482,40.70391],[-73.99499,40.70365],[-73.99466,40.70343],[-73.99507,40.7031],[-73.9967,40.70088],[-73.9975,40.69965],[-73.99803,40.69876],[-73.99885,40.69714],[-73.99876,40.69711],[-73.99886,40.69692],[-73.99894,40.69694],[-73.99899,40.69681],[-73.99918,40.69689],[-73.99947,40.6967],[-73.99953,40.69658],[-73.99943,40.69641],[-73.99946,40.69628],[-74.00028,40.69496],[-74.00096,40.69407],[-74.00132,40.69321],[-74.00174,40.69241],[-74.00197,40.69184],[-74.0007,40.69061],[-74.00096,40.69013],[-74.00185,40.69039],[-74.00196,40.69014],[-74.00299,40.69043],[-74.00341,40.68961],[-74.00382,40.68893],[-74.00459,40.68821],[-74.00504,40.68756],[-74.00563,40.68678],[-74.00587,40.68621],[-74.00644,40.6863],[-74.00702,40.68653],[-74.00767,40.68627],[-74.00784,40.68624],[-74.00795,40.68629],[-74.01263,40.68347],[-74.01277,40.68361],[-74.01283,40.68361],[-74.01532,40.68211],[-74.01524,40.682],[-74.01534,40.6819],[-74.01744,40.68064],[-74.01757,40.68064],[-74.01764,40.6806],[-74.01771,40.68066],[-74.0178,40.68062],[-74.01898,40.6799],[-74.01892,40.67984],[-74.01932,40.67961],[-74.01935,40.67955],[-74.03457,40.68487],[-74.03459,40.68483],[-74.03544,40.68512]]],[[[-74.04075,40.70017],[-74.0407,40.70022],[-74.04065,40.70021],[-74.04033,40.7001],[-74.04008,40.70009],[-74.03993,40.69999],[-74.03974,40.69995],[-74.03966,40.69987],[-74.03955,40.69984],[-74.03948,40.69978],[-74.03925,40.69969],[-74.03894,40.69965],[-74.03881,40.69953],[-74.03872,40.6993],[-74.03851,40.69915],[-74.03846,40.69898],[-74.03845,40.69882],[-74.03837,40.69867],[-74.03857,40.69873],[-74.03862,40.6987],[-74.0386,40.69868],[-74.03874,40.69864],[-74.03896,40.69859],[-74.03917,40.69859],[-74.03929,40.69863],[-74.03938,40.69873],[-74.03965,40.69879],[-74.03993,40.69859],[-74.04023,40.69883],[-74.0401,40.69893],[-74.03999,40.69889],[-74.03987,40.69889],[-74.0398,40.69894],[-74.0398,40.69898],[-74.03998,40.69912],[-74.04019,40.69922],[-74.04021,40.69931],[-74.04043,40.69941],[-74.04048,40.6996],[-74.04061,40.69977],[-74.04075,40.70017]]],[[[-74.04721,40.69089],[-74.04715,40.69098],[-74.04704,40.69104],[-74.04618,40.69109],[-74.04611,40.69112],[-74.04598,40.69111],[-74.04457,40.69056],[-74.04389,40.69018],[-74.04345,40.68963],[-74.0435,40.68917],[-74.04362,40.68876],[-74.04394,40.68857],[-74.04413,40.68854],[-74.04435,40.68851],[-74.04479,40.68859],[-74.04625,40.68932],[-74.04718,40.69041],[-74.04704,40.69048],[-74.04703,40.69059],[-74.0472,40.6908],[-74.04721,40.69089]]]]}},{"type":"Feature","properties":{"std_name":"Union County","std_geoid":"34039","pen":"politicians","std_note":null,"LSAD":"06","NAME":"Union"},"geometry":{"type":"Polygon","coordinates":[[[-74.19816,40.63479],[-74.2024,40.63159],[-74.20228,40.62878],[-74.20392,40.62437],[-74.20243,40.61677],[-74.20389,40.61428],[-74.20483,40.60606],[-74.19959,40.60038],[-74.19959,40.59785],[-74.20329,40.59304],[-74.20495,40.59376],[-74.20764,40.59533],[-74.20879,40.59603],[-74.20963,40.59659],[-74.21037,40.59714],[-74.21085,40.59756],[-74.2115,40.59832],[-74.21184,40.59895],[-74.21206,40.59962],[-74.21223,40.60164],[-74.21234,40.60233],[-74.21247,40.60282],[-74.21266,40.60317],[-74.21276,40.6033],[-74.21304,40.60353],[-74.21336,40.60374],[-74.21376,40.60395],[-74.21424,40.60411],[-74.21464,40.60415],[-74.21515,40.60411],[-74.21559,40.60401],[-74.21599,40.60384],[-74.21642,40.60357],[-74.21668,40.6033],[-74.21688,40.60299],[-74.21712,40.60219],[-74.21728,40.6018],[-74.21738,40.60163],[-74.21767,40.60129],[-74.21796,40.60108],[-74.21835,40.60088],[-74.21871,40.60073],[-74.21956,40.60043],[-74.22021,40.60023],[-74.2213,40.60004],[-74.2231,40.59996],[-74.22579,40.59992],[-74.22655,40.59988],[-74.22722,40.5998],[-74.22816,40.59956],[-74.22974,40.59883],[-74.23017,40.59879],[-74.23073,40.59884],[-74.23255,40.5992],[-74.23296,40.59935],[-74.23342,40.59959],[-74.23372,40.59984],[-74.23388,40.60008],[-74.23399,40.60034],[-74.23436,40.60144],[-74.23461,40.60195],[-74.23482,40.60218],[-74.23503,40.60231],[-74.23538,40.60247],[-74.23564,40.60252],[-74.23631,40.60258],[-74.23668,40.60257],[-74.23705,40.60253],[-74.23737,40.60244],[-74.23762,40.60228],[-74.23796,40.60196],[-74.23864,40.60113],[-74.23883,40.60093],[-74.23906,40.60076],[-74.23952,40.6005],[-74.24032,40.6001],[-74.24111,40.59974],[-74.24145,40.59962],[-74.24199,40.59951],[-74.24287,40.59946],[-74.24409,40.59951],[-74.2455,40.59968],[-74.24608,40.5998],[-74.24849,40.60044],[-74.25,40.60065],[-74.25081,40.60071],[-74.25256,40.60073],[-74.25314,40.6008],[-74.25329,40.60084],[-74.25358,40.601],[-74.2543,40.60164],[-74.25489,40.602],[-74.25507,40.60207],[-74.25551,40.60211],[-74.25641,40.60203],[-74.25688,40.60204],[-74.25722,40.60211],[-74.2576,40.60227],[-74.25769,40.60228],[-74.25956,40.59731],[-74.26019,40.59723],[-74.26519,40.59634],[-74.27285,40.59506],[-74.27416,40.59477],[-74.27529,40.59461],[-74.29099,40.59193],[-74.29494,40.59478],[-74.29491,40.59485],[-74.29625,40.59563],[-74.29995,40.59812],[-74.30047,40.59835],[-74.30179,40.59873],[-74.30216,40.59886],[-74.30533,40.60059],[-74.30457,40.60229],[-74.30313,40.60571],[-74.30428,40.60621],[-74.30461,40.60656],[-74.3048,40.60667],[-74.30296,40.60728],[-74.30292,40.60868],[-74.31043,40.60806],[-74.31199,40.60796],[-74.32746,40.60664],[-74.35621,40.60428],[-74.3982,40.60069],[-74.42274,40.59865],[-74.4247,40.59851],[-74.45625,40.59586],[-74.4569,40.5958],[-74.45847,40.59481],[-74.46329,40.59919],[-74.46282,40.59953],[-74.46261,40.59963],[-74.46247,40.59978],[-74.46231,40.59989],[-74.46203,40.59989],[-74.46181,40.59973],[-74.46168,40.59967],[-74.46125,40.59967],[-74.4602,40.6],[-74.45988,40.60003],[-74.45973,40.60009],[-74.45959,40.60019],[-74.45955,40.60031],[-74.45969,40.60084],[-74.45965,40.60104],[-74.45958,40.60118],[-74.45934,40.60136],[-74.4585,40.60165],[-74.45809,40.60187],[-74.45776,40.60213],[-74.4572,40.60238],[-74.4571,40.6024],[-74.45606,40.60222],[-74.45578,40.60203],[-74.45564,40.60202],[-74.45552,40.60209],[-74.45539,40.60223],[-74.4552,40.60273],[-74.45482,40.603],[-74.45476,40.60309],[-74.45446,40.60366],[-74.454,40.60402],[-74.45383,40.60403],[-74.4535,40.60382],[-74.45328,40.60375],[-74.45282,40.60387],[-74.45262,40.60387],[-74.45242,40.6038],[-74.45216,40.60359],[-74.45193,40.6035],[-74.45156,40.60346],[-74.45143,40.60349],[-74.45138,40.60354],[-74.45138,40.60359],[-74.45175,40.60386],[-74.45177,40.60396],[-74.45172,40.6041],[-74.45133,40.60441],[-74.45116,40.60482],[-74.45107,40.60489],[-74.45095,40.60491],[-74.45083,40.60489],[-74.45079,40.60485],[-74.45086,40.60431],[-74.4508,40.60409],[-74.45075,40.60403],[-74.45063,40.604],[-74.45045,40.60405],[-74.45037,40.60417],[-74.45026,40.60458],[-74.4501,40.60473],[-74.44975,40.60544],[-74.44934,40.60567],[-74.44907,40.60603],[-74.4487,40.60681],[-74.4486,40.60713],[-74.44838,40.6075],[-74.44815,40.60771],[-74.44773,40.60796],[-74.44759,40.60804],[-74.44713,40.60813],[-74.44705,40.60817],[-74.44675,40.60839],[-74.44569,40.609],[-74.44546,40.60907],[-74.44508,40.60911],[-74.44383,40.60891],[-74.4435,40.60891],[-74.44316,40.60903],[-74.4425,40.60945],[-74.4423,40.60952],[-74.4419,40.60953],[-74.44136,40.6094],[-74.44109,40.60927],[-74.44078,40.60924],[-74.44058,40.60929],[-74.43995,40.60932],[-74.43973,40.60941],[-74.43965,40.60954],[-74.4393,40.60963],[-74.43895,40.60958],[-74.43864,40.6096],[-74.43821,40.60971],[-74.43801,40.60979],[-74.43793,40.60985],[-74.43778,40.61005],[-74.43731,40.61044],[-74.43693,40.61049],[-74.43671,40.61068],[-74.43653,40.61093],[-74.43641,40.61119],[-74.43615,40.61208],[-74.4359,40.61244],[-74.43546,40.61285],[-74.43509,40.61305],[-74.43478,40.61314],[-74.43415,40.61311],[-74.4337,40.61322],[-74.43303,40.61388],[-74.43239,40.6142],[-74.43214,40.61441],[-74.43195,40.61464],[-74.43142,40.61566],[-74.43136,40.61574],[-74.43094,40.6158],[-74.43024,40.61561],[-74.42994,40.61562],[-74.42976,40.61571],[-74.42966,40.61585],[-74.42955,40.61609],[-74.42938,40.61625],[-74.42918,40.61632],[-74.4282,40.61648],[-74.42795,40.61657],[-74.42783,40.61668],[-74.42702,40.61723],[-74.42669,40.61776],[-74.42583,40.61854],[-74.42569,40.61866],[-74.4251,40.61897],[-74.42435,40.61959],[-74.42405,40.6202],[-74.42355,40.62079],[-74.4232,40.62115],[-74.42318,40.62134],[-74.42325,40.62176],[-74.42308,40.62212],[-74.42306,40.6223],[-74.42319,40.62282],[-74.42328,40.62375],[-74.42323,40.62393],[-74.42309,40.62414],[-74.42307,40.62432],[-74.42294,40.6247],[-74.42269,40.62522],[-74.42254,40.62534],[-74.42219,40.62551],[-74.42154,40.62556],[-74.4214,40.6256],[-74.42129,40.62566],[-74.42103,40.62591],[-74.42082,40.62624],[-74.42059,40.62638],[-74.42028,40.62654],[-74.42001,40.62663],[-74.41912,40.6267],[-74.41873,40.62702],[-74.41815,40.62736],[-74.41765,40.62754],[-74.41738,40.62785],[-74.41722,40.62816],[-74.41713,40.62847],[-74.41705,40.62861],[-74.41704,40.62883],[-74.41699,40.62893],[-74.4168,40.62906],[-74.41638,40.62915],[-74.4162,40.62933],[-74.41616,40.62943],[-74.41617,40.62964],[-74.4163,40.6298],[-74.41641,40.63021],[-74.41657,40.63049],[-74.41667,40.63059],[-74.41668,40.63084],[-74.41655,40.63099],[-74.41627,40.63095],[-74.41613,40.63098],[-74.41611,40.63123],[-74.41597,40.63139],[-74.41589,40.63143],[-74.4155,40.6315],[-74.41533,40.63162],[-74.41522,40.63175],[-74.41519,40.63184],[-74.41522,40.63202],[-74.41521,40.63215],[-74.41515,40.63224],[-74.41498,40.63234],[-74.41493,40.63247],[-74.41503,40.6328],[-74.41503,40.63322],[-74.41533,40.63385],[-74.41542,40.63423],[-74.41514,40.63466],[-74.41506,40.63484],[-74.41506,40.63494],[-74.41515,40.63519],[-74.41515,40.63529],[-74.41491,40.6358],[-74.41477,40.63683],[-74.41493,40.63738],[-74.41495,40.63768],[-74.41509,40.63833],[-74.41504,40.6384],[-74.41477,40.63849],[-74.41469,40.63859],[-74.41469,40.63876],[-74.41475,40.639],[-74.41473,40.63907],[-74.41468,40.63909],[-74.41439,40.63897],[-74.4143,40.63897],[-74.41416,40.63906],[-74.41403,40.63922],[-74.41401,40.63937],[-74.41405,40.63948],[-74.41414,40.63955],[-74.41444,40.63968],[-74.41453,40.6398],[-74.41453,40.63996],[-74.41443,40.64023],[-74.41446,40.6404],[-74.41441,40.64068],[-74.41429,40.64077],[-74.41359,40.64112],[-74.41336,40.64126],[-74.41321,40.64144],[-74.41287,40.64196],[-74.41274,40.64205],[-74.41212,40.64235],[-74.41181,40.64243],[-74.4112,40.64246],[-74.4105,40.64262],[-74.40971,40.64256],[-74.40936,40.64261],[-74.40899,40.64277],[-74.40854,40.64269],[-74.40842,40.64276],[-74.40819,40.64309],[-74.40815,40.64326],[-74.40817,40.64342],[-74.40827,40.64352],[-74.40854,40.64368],[-74.4086,40.6438],[-74.40862,40.64404],[-74.40856,40.64429],[-74.40839,40.64453],[-74.40801,40.64479],[-74.40769,40.6451],[-74.40735,40.64569],[-74.40702,40.64616],[-74.40702,40.64625],[-74.40709,40.6464],[-74.4071,40.64647],[-74.40699,40.6468],[-74.4065,40.64732],[-74.40641,40.64755],[-74.40658,40.64823],[-74.40675,40.64845],[-74.40678,40.64857],[-74.40667,40.64878],[-74.40646,40.64895],[-74.40644,40.64908],[-74.4065,40.64918],[-74.4069,40.6494],[-74.40694,40.64949],[-74.40698,40.6499],[-74.40698,40.65076],[-74.40687,40.65085],[-74.40622,40.651],[-74.40599,40.65111],[-74.40577,40.65144],[-74.4054,40.65214],[-74.40521,40.65268],[-74.40481,40.65318],[-74.40462,40.65328],[-74.40419,40.65339],[-74.4037,40.65358],[-74.4034,40.65383],[-74.40336,40.65409],[-74.40351,40.65458],[-74.40352,40.65487],[-74.4036,40.65521],[-74.40359,40.65527],[-74.4034,40.65555],[-74.40301,40.65571],[-74.40293,40.65577],[-74.40288,40.65585],[-74.40284,40.65617],[-74.40276,40.65639],[-74.40255,40.65668],[-74.40247,40.65698],[-74.40247,40.65737],[-74.40252,40.65757],[-74.40285,40.65791],[-74.40294,40.65807],[-74.40291,40.65855],[-74.40302,40.65889],[-74.403,40.65895],[-74.40283,40.65908],[-74.40278,40.65915],[-74.40293,40.6595],[-74.40301,40.6599],[-74.40299,40.66],[-74.40277,40.66035],[-74.40276,40.66052],[-74.40283,40.6607],[-74.40277,40.66101],[-74.40277,40.66138],[-74.40227,40.6621],[-74.40203,40.66267],[-74.40176,40.66318],[-74.40174,40.6633],[-74.40176,40.66343],[-74.40185,40.66359],[-74.40175,40.66411],[-74.40175,40.66428],[-74.40184,40.66456],[-74.40202,40.66477],[-74.4025,40.66501],[-74.40283,40.66513],[-74.40294,40.66522],[-74.40307,40.66561],[-74.40308,40.66609],[-74.40317,40.66639],[-74.40326,40.66655],[-74.40338,40.66662],[-74.40375,40.66675],[-74.40402,40.66705],[-74.40439,40.66724],[-74.40453,40.66736],[-74.40466,40.66753],[-74.40483,40.66764],[-74.40513,40.66777],[-74.4055,40.66773],[-74.406,40.66733],[-74.40726,40.66659],[-74.40776,40.6665],[-74.40801,40.66651],[-74.40831,40.66647],[-74.40855,40.66638],[-74.40872,40.66621],[-74.40888,40.66594],[-74.40935,40.66571],[-74.40949,40.66559],[-74.40979,40.66517],[-74.40986,40.66502],[-74.41011,40.66481],[-74.41084,40.66365],[-74.41097,40.66351],[-74.41151,40.66314],[-74.41202,40.663],[-74.41212,40.6629],[-74.41226,40.66265],[-74.41237,40.66252],[-74.41293,40.66219],[-74.41305,40.66212],[-74.4132,40.6621],[-74.41357,40.66224],[-74.41375,40.66226],[-74.41424,40.66215],[-74.41437,40.66209],[-74.41446,40.66191],[-74.41464,40.66184],[-74.41497,40.66181],[-74.41512,40.66189],[-74.41519,40.66189],[-74.41537,40.66155],[-74.41543,40.66151],[-74.41561,40.66152],[-74.41579,40.66161],[-74.41598,40.66161],[-74.41679,40.66121],[-74.41725,40.66077],[-74.41709,40.6606],[-74.41707,40.66054],[-74.41706,40.66009],[-74.41709,40.65998],[-74.41715,40.65989],[-74.41816,40.65917],[-74.41891,40.65871],[-74.4192,40.6583],[-74.41946,40.65808],[-74.41973,40.65776],[-74.41989,40.65766],[-74.42012,40.65764],[-74.42034,40.6577],[-74.42089,40.65803],[-74.42133,40.65817],[-74.42166,40.65856],[-74.42247,40.65896],[-74.42269,40.65914],[-74.423,40.6595],[-74.42298,40.65966],[-74.42304,40.65977],[-74.42323,40.6599],[-74.42366,40.66007],[-74.42392,40.66027],[-74.42406,40.66042],[-74.42423,40.66093],[-74.42444,40.66108],[-74.42483,40.66151],[-74.42611,40.66279],[-74.4262,40.66291],[-74.42639,40.66296],[-74.42674,40.66292],[-74.42687,40.66296],[-74.42715,40.66312],[-74.42733,40.66318],[-74.42771,40.66321],[-74.42797,40.66317],[-74.4282,40.66325],[-74.42849,40.6635],[-74.42864,40.66378],[-74.42879,40.6639],[-74.42897,40.66417],[-74.42917,40.66437],[-74.42929,40.66461],[-74.42965,40.66483],[-74.42978,40.66498],[-74.4299,40.66498],[-74.43019,40.6647],[-74.43032,40.66465],[-74.43061,40.66475],[-74.43102,40.66461],[-74.43125,40.6647],[-74.43143,40.66468],[-74.43168,40.66472],[-74.43197,40.66466],[-74.43249,40.66462],[-74.43277,40.66466],[-74.43287,40.66462],[-74.43299,40.66441],[-74.43323,40.6643],[-74.43338,40.66427],[-74.43366,40.66435],[-74.43408,40.66422],[-74.43436,40.66384],[-74.43446,40.66378],[-74.43452,40.66369],[-74.43464,40.66366],[-74.43496,40.66328],[-74.43522,40.66318],[-74.43542,40.66303],[-74.43551,40.66302],[-74.43557,40.66305],[-74.43577,40.66337],[-74.43585,40.66344],[-74.43598,40.66346],[-74.43619,40.66339],[-74.43629,40.6633],[-74.43641,40.66312],[-74.43644,40.66301],[-74.43638,40.66294],[-74.43605,40.66281],[-74.43601,40.66275],[-74.43604,40.66272],[-74.43644,40.66255],[-74.43668,40.66262],[-74.43677,40.66262],[-74.43682,40.66258],[-74.43689,40.66245],[-74.43703,40.66231],[-74.43713,40.66199],[-74.43797,40.66154],[-74.43804,40.66146],[-74.43842,40.66132],[-74.43903,40.66102],[-74.43948,40.66076],[-74.43956,40.66065],[-74.43967,40.66059],[-74.43995,40.66036],[-74.44041,40.65991],[-74.4406,40.6598],[-74.44098,40.65949],[-74.44138,40.65911],[-74.44185,40.65881],[-74.44186,40.65877],[-74.4418,40.65872],[-74.44152,40.65863],[-74.44149,40.65852],[-74.44154,40.65842],[-74.44199,40.65829],[-74.44205,40.65831],[-74.4421,40.65842],[-74.44263,40.65843],[-74.44267,40.65831],[-74.443,40.65821],[-74.4431,40.65795],[-74.44308,40.65765],[-74.44319,40.65751],[-74.44332,40.65747],[-74.44352,40.65749],[-74.44378,40.65728],[-74.44397,40.65732],[-74.44419,40.6573],[-74.44444,40.65726],[-74.4446,40.65719],[-74.44468,40.65709],[-74.44467,40.65696],[-74.44473,40.65685],[-74.44509,40.65656],[-74.44531,40.65665],[-74.4455,40.65665],[-74.44559,40.65659],[-74.4458,40.65662],[-74.44587,40.65671],[-74.446,40.65673],[-74.44607,40.6566],[-74.44619,40.65649],[-74.44676,40.65623],[-74.44694,40.65621],[-74.44711,40.65628],[-74.44722,40.65622],[-74.44743,40.65622],[-74.4476,40.65601],[-74.44757,40.65597],[-74.44748,40.65594],[-74.44746,40.65588],[-74.44784,40.65573],[-74.44781,40.65567],[-74.44785,40.65552],[-74.44813,40.65528],[-74.44836,40.65525],[-74.44888,40.65525],[-74.44916,40.65514],[-74.44923,40.65507],[-74.44936,40.65505],[-74.44981,40.65481],[-74.44996,40.65469],[-74.45076,40.65428],[-74.4508,40.65417],[-74.45085,40.65415],[-74.45378,40.66009],[-74.45708,40.66649],[-74.46103,40.6735],[-74.46068,40.67376],[-74.46004,40.67415],[-74.45959,40.67431],[-74.45916,40.67437],[-74.45842,40.67437],[-74.45766,40.67427],[-74.45627,40.67433],[-74.45569,40.67424],[-74.45523,40.67411],[-74.45485,40.67404],[-74.45461,40.67403],[-74.45418,40.67409],[-74.45402,40.67419],[-74.45395,40.67427],[-74.45392,40.67434],[-74.4539,40.67476],[-74.45378,40.67511],[-74.45372,40.67521],[-74.45354,40.67542],[-74.45271,40.67599],[-74.45263,40.67609],[-74.45258,40.67624],[-74.45262,40.67641],[-74.45272,40.67653],[-74.45335,40.67688],[-74.4534,40.67698],[-74.45337,40.67717],[-74.45319,40.67737],[-74.45232,40.67791],[-74.45208,40.67809],[-74.45193,40.67829],[-74.45185,40.67848],[-74.45166,40.67894],[-74.45156,40.67932],[-74.45153,40.67959],[-74.45183,40.68031],[-74.45223,40.68096],[-74.45231,40.68119],[-74.4525,40.68155],[-74.45297,40.68206],[-74.45304,40.68229],[-74.45306,40.68253],[-74.45306,40.68268],[-74.453,40.68288],[-74.45271,40.68343],[-74.45235,40.6838],[-74.45225,40.68399],[-74.45207,40.68489],[-74.45194,40.68533],[-74.45182,40.68549],[-74.45159,40.6857],[-74.45144,40.68579],[-74.45121,40.68587],[-74.45033,40.68604],[-74.44994,40.68599],[-74.44947,40.68583],[-74.44874,40.68552],[-74.44867,40.68546],[-74.4482,40.68548],[-74.44773,40.68564],[-74.44745,40.68579],[-74.44694,40.68615],[-74.44632,40.68641],[-74.44613,40.68654],[-74.44589,40.68681],[-74.44558,40.68733],[-74.44554,40.68743],[-74.44553,40.68772],[-74.44548,40.68788],[-74.44528,40.68804],[-74.44486,40.6881],[-74.44417,40.68801],[-74.44394,40.68801],[-74.44371,40.68805],[-74.44216,40.68883],[-74.44167,40.68919],[-74.44136,40.68947],[-74.44122,40.68953],[-74.44082,40.68963],[-74.44034,40.68971],[-74.43953,40.6897],[-74.43915,40.68976],[-74.43852,40.68997],[-74.43813,40.6902],[-74.43797,40.69034],[-74.43787,40.69048],[-74.43778,40.69062],[-74.43774,40.69077],[-74.43777,40.69102],[-74.4379,40.6913],[-74.43797,40.69164],[-74.43796,40.6918],[-74.43789,40.69192],[-74.43772,40.69204],[-74.4375,40.69214],[-74.43693,40.69228],[-74.4363,40.69237],[-74.43619,40.69241],[-74.43578,40.69269],[-74.4356,40.69293],[-74.43549,40.69301],[-74.43466,40.69353],[-74.43442,40.69358],[-74.43408,40.69357],[-74.43309,40.69332],[-74.43239,40.693],[-74.43213,40.69295],[-74.43177,40.69299],[-74.43162,40.69303],[-74.4309,40.69334],[-74.43051,40.69366],[-74.43043,40.69389],[-74.43042,40.69435],[-74.43031,40.69553],[-74.43032,40.69601],[-74.43027,40.69622],[-74.43012,40.69648],[-74.42973,40.69683],[-74.42967,40.6969],[-74.42961,40.69704],[-74.42963,40.69718],[-74.42968,40.69729],[-74.42996,40.69753],[-74.43005,40.69764],[-74.43008,40.69776],[-74.43005,40.69792],[-74.42995,40.69808],[-74.4293,40.69871],[-74.42914,40.69882],[-74.42874,40.69899],[-74.4284,40.69925],[-74.42817,40.6995],[-74.42788,40.69967],[-74.42755,40.69997],[-74.42709,40.7006],[-74.42694,40.7009],[-74.42687,40.70129],[-74.42693,40.70168],[-74.42686,40.70181],[-74.42674,40.70187],[-74.42652,40.70191],[-74.42532,40.70178],[-74.42502,40.7018],[-74.42487,40.70184],[-74.42466,40.70197],[-74.4245,40.70214],[-74.42404,40.70277],[-74.42351,40.70305],[-74.4228,40.70317],[-74.42253,40.70317],[-74.42197,40.7031],[-74.42157,40.70317],[-74.42086,40.70357],[-74.42034,40.7039],[-74.41984,40.70431],[-74.41892,40.7048],[-74.41837,40.7052],[-74.41814,40.70528],[-74.41736,40.70545],[-74.41695,40.70546],[-74.4165,40.70541],[-74.4161,40.70547],[-74.41565,40.70561],[-74.4148,40.70612],[-74.41461,40.70629],[-74.41437,40.70671],[-74.414,40.70705],[-74.41385,40.70727],[-74.41379,40.70744],[-74.41376,40.70775],[-74.41394,40.70808],[-74.41395,40.70821],[-74.41378,40.70852],[-74.41344,40.70891],[-74.4132,40.70981],[-74.41305,40.70996],[-74.41256,40.71024],[-74.41217,40.71036],[-74.41186,40.71036],[-74.4117,40.71032],[-74.41075,40.70959],[-74.41049,40.70948],[-74.41021,40.70949],[-74.40994,40.70953],[-74.40923,40.70972],[-74.40884,40.70987],[-74.4086,40.71],[-74.40849,40.71011],[-74.40834,40.71034],[-74.40816,40.71105],[-74.40786,40.71149],[-74.40756,40.71183],[-74.40752,40.71194],[-74.40753,40.71209],[-74.40769,40.71238],[-74.40775,40.71261],[-74.40767,40.71302],[-74.4075,40.71326],[-74.40709,40.71368],[-74.40604,40.71454],[-74.40568,40.71472],[-74.40504,40.71492],[-74.40429,40.71543],[-74.40408,40.71569],[-74.40376,40.71599],[-74.4036,40.71628],[-74.40349,40.71661],[-74.40271,40.71761],[-74.40241,40.71793],[-74.40191,40.71812],[-74.40144,40.71815],[-74.40095,40.71814],[-74.40058,40.71807],[-74.39945,40.71768],[-74.39905,40.71771],[-74.39852,40.71785],[-74.3981,40.71786],[-74.39757,40.71776],[-74.39648,40.71733],[-74.39616,40.71724],[-74.39597,40.71722],[-74.39483,40.71735],[-74.39438,40.71748],[-74.39414,40.71757],[-74.39382,40.7178],[-74.39347,40.71796],[-74.39311,40.71802],[-74.39268,40.71806],[-74.39126,40.71812],[-74.39099,40.7182],[-74.39085,40.71828],[-74.39077,40.71838],[-74.39074,40.71852],[-74.39078,40.71868],[-74.39097,40.71897],[-74.39102,40.71921],[-74.39084,40.7197],[-74.39084,40.71993],[-74.39092,40.72041],[-74.39114,40.72094],[-74.39121,40.72132],[-74.39097,40.72211],[-74.39091,40.72255],[-74.39109,40.72334],[-74.39106,40.72444],[-74.3909,40.72489],[-74.39078,40.72539],[-74.39063,40.72564],[-74.39013,40.72601],[-74.38989,40.72609],[-74.38855,40.72623],[-74.38817,40.72624],[-74.38778,40.72618],[-74.38745,40.72608],[-74.38699,40.72581],[-74.38676,40.72564],[-74.38623,40.72501],[-74.38606,40.72485],[-74.38586,40.7247],[-74.38525,40.72436],[-74.38504,40.7243],[-74.38476,40.72431],[-74.38439,40.72441],[-74.38427,40.72449],[-74.38409,40.72464],[-74.38375,40.725],[-74.38212,40.72615],[-74.38003,40.72781],[-74.37932,40.7285],[-74.37924,40.72868],[-74.3792,40.72893],[-74.3789,40.72929],[-74.37865,40.72946],[-74.37759,40.72988],[-74.37747,40.73002],[-74.37752,40.73018],[-74.37765,40.73033],[-74.37811,40.73074],[-74.37829,40.73104],[-74.37877,40.73166],[-74.37972,40.73245],[-74.37998,40.73278],[-74.38003,40.73294],[-74.38008,40.73355],[-74.37999,40.73373],[-74.37973,40.73398],[-74.37949,40.73411],[-74.37919,40.73418],[-74.37775,40.73435],[-74.37704,40.73424],[-74.37622,40.73404],[-74.37591,40.73393],[-74.37515,40.73356],[-74.37453,40.73354],[-74.37374,40.73367],[-74.37286,40.73389],[-74.37201,40.73407],[-74.37181,40.73415],[-74.37157,40.73433],[-74.37126,40.73448],[-74.37113,40.73458],[-74.37081,40.73536],[-74.37065,40.736],[-74.37071,40.73617],[-74.37103,40.73679],[-74.37126,40.73743],[-74.37139,40.73796],[-74.37151,40.73908],[-74.37174,40.73964],[-74.3698,40.7395],[-74.36915,40.73937],[-74.36867,40.739],[-74.36855,40.73901],[-74.36803,40.73869],[-74.36647,40.73798],[-74.36489,40.73756],[-74.36189,40.73691],[-74.35894,40.73598],[-74.3576,40.73541],[-74.35646,40.73477],[-74.35634,40.73501],[-74.35553,40.73411],[-74.35475,40.73346],[-74.349,40.73045],[-74.34866,40.73022],[-74.34583,40.72775],[-74.34268,40.72518],[-74.34144,40.72444],[-74.34055,40.72415],[-74.34015,40.72398],[-74.33988,40.72392],[-74.3398,40.72386],[-74.33881,40.72347],[-74.3349,40.72152],[-74.3332,40.72077],[-74.33173,40.71999],[-74.33033,40.7193],[-74.3256,40.71708],[-74.32141,40.71907],[-74.32107,40.71909],[-74.32061,40.71931],[-74.32049,40.71921],[-74.32035,40.71916],[-74.32034,40.71911],[-74.32024,40.71908],[-74.32007,40.71896],[-74.31981,40.71892],[-74.31961,40.71896],[-74.31915,40.71913],[-74.31868,40.71917],[-74.3183,40.71915],[-74.31804,40.71904],[-74.31781,40.71905],[-74.31758,40.719],[-74.31737,40.719],[-74.31716,40.71905],[-74.31657,40.71927],[-74.31634,40.71928],[-74.31619,40.7192],[-74.31601,40.71905],[-74.31571,40.71895],[-74.31543,40.71875],[-74.31487,40.71845],[-74.31421,40.7182],[-74.3137,40.71794],[-74.31337,40.71764],[-74.31335,40.71756],[-74.31329,40.7175],[-74.31284,40.7174],[-74.31277,40.71728],[-74.31282,40.71697],[-74.3114,40.71567],[-74.31059,40.71558],[-74.31032,40.71545],[-74.30999,40.71524],[-74.30957,40.71518],[-74.30939,40.7149],[-74.30932,40.71486],[-74.30946,40.71482],[-74.30953,40.71475],[-74.30953,40.71465],[-74.30945,40.71457],[-74.30925,40.71444],[-74.3089,40.71438],[-74.30767,40.71407],[-74.30682,40.71398],[-74.30587,40.71361],[-74.30533,40.71353],[-74.30518,40.71344],[-74.30412,40.71331],[-74.30352,40.71319],[-74.30192,40.71363],[-74.30169,40.71364],[-74.30156,40.71362],[-74.30142,40.71357],[-74.30129,40.71348],[-74.29903,40.71441],[-74.29721,40.71519],[-74.2973,40.71585],[-74.29688,40.71623],[-74.29671,40.71644],[-74.2965,40.71658],[-74.29589,40.71685],[-74.29559,40.71678],[-74.29534,40.71686],[-74.29521,40.71715],[-74.29508,40.71726],[-74.29462,40.71752],[-74.29439,40.71773],[-74.29429,40.71823],[-74.29385,40.7184],[-74.29379,40.71847],[-74.29379,40.71851],[-74.29401,40.71861],[-74.29407,40.71869],[-74.29407,40.71872],[-74.29383,40.71904],[-74.29374,40.71905],[-74.29363,40.71898],[-74.29355,40.71899],[-74.29349,40.71908],[-74.29347,40.71921],[-74.29357,40.71936],[-74.29393,40.71943],[-74.29406,40.71949],[-74.2941,40.71956],[-74.29408,40.71966],[-74.29397,40.7198],[-74.29367,40.71999],[-74.29347,40.72005],[-74.29312,40.72003],[-74.29307,40.72005],[-74.29302,40.72017],[-74.29301,40.7203],[-74.29275,40.72055],[-74.29263,40.72074],[-74.29258,40.7209],[-74.29254,40.72093],[-74.29225,40.72095],[-74.29139,40.72119],[-74.29115,40.72118],[-74.29092,40.72111],[-74.29078,40.72111],[-74.28977,40.72131],[-74.28907,40.72137],[-74.28889,40.72148],[-74.28825,40.72159],[-74.28812,40.72169],[-74.28791,40.72196],[-74.28771,40.72209],[-74.28743,40.72219],[-74.28732,40.72217],[-74.28722,40.72192],[-74.28714,40.72184],[-74.28649,40.72185],[-74.28608,40.72192],[-74.28553,40.72226],[-74.27858,40.72],[-74.26792,40.71695],[-74.25584,40.71337],[-74.24617,40.71161],[-74.22195,40.70734],[-74.21301,40.70091],[-74.20925,40.69071],[-74.20155,40.68667],[-74.16993,40.68855],[-74.16927,40.68862],[-74.16899,40.6888],[-74.16853,40.6894],[-74.16763,40.68996],[-74.16645,40.69015],[-74.16505,40.69016],[-74.16239,40.68961],[-74.16179,40.6894],[-74.16102,40.68891],[-74.16065,40.6885],[-74.16008,40.68752],[-74.15967,40.68697],[-74.15938,40.68667],[-74.15906,40.68642],[-74.15871,40.6862],[-74.15834,40.68602],[-74.15786,40.68595],[-74.15687,40.68606],[-74.15532,40.68612],[-74.15456,40.68607],[-74.15386,40.68592],[-74.15265,40.68522],[-74.15191,40.6846],[-74.15111,40.68376],[-74.15043,40.68315],[-74.14898,40.68224],[-74.13915,40.67712],[-74.13577,40.67556],[-74.1367,40.67444],[-74.13789,40.6731],[-74.15239,40.6556],[-74.16029,40.6459],[-74.16072,40.64526],[-74.16093,40.64525],[-74.1612,40.64543],[-74.1613,40.64544],[-74.16137,40.6454],[-74.16138,40.64522],[-74.16124,40.6451],[-74.16123,40.645],[-74.16124,40.64496],[-74.16138,40.64485],[-74.16142,40.64477],[-74.16143,40.64458],[-74.16139,40.64438],[-74.16143,40.64415],[-74.18165,40.64653],[-74.18564,40.64604],[-74.19143,40.64202],[-74.19625,40.63769],[-74.19816,40.63479]]]}}]}