{"type":"FeatureCollection","features":[{"type":"Feature","properties":{"std_name":"NYC-Staten Island Community District 2--Mid-Island PUMA","std_geoid":"3604502","pen":"statisticians","std_note":null},"geometry":{"type":"Polygon","coordinates":[[[-74.0438,40.60677],[-74.04139,40.60311],[-74.03788,40.5892],[-74.03455,40.57625],[-74.03505,40.57285],[-74.0363,40.55091],[-74.03813,40.53829],[-74.04228,40.50809],[-74.22533,40.47658],[-74.25304,40.48666],[-74.25884,40.49887],[-74.25875,40.5001],[-74.25872,40.5001],[-74.25543,40.49485],[-74.25308,40.49117],[-74.20558,40.49897],[-74.13382,40.52576],[-74.10814,40.54431],[-74.10829,40.54442],[-74.09437,40.55598],[-74.10034,40.55908],[-74.10173,40.5599],[-74.10413,40.56117],[-74.10558,40.56199],[-74.11014,40.56431],[-74.11376,40.5665],[-74.11636,40.56392],[-74.12309,40.56797],[-74.1249,40.56895],[-74.12343,40.56991],[-74.12217,40.57094],[-74.12162,40.5715],[-74.12129,40.57211],[-74.12139,40.57297],[-74.12183,40.57422],[-74.12185,40.57465],[-74.12177,40.57505],[-74.12264,40.57548],[-74.12287,40.57563],[-74.12332,40.57578],[-74.12513,40.57588],[-74.12564,40.57597],[-74.12666,40.57629],[-74.12709,40.57637],[-74.12729,40.5758],[-74.12765,40.57523],[-74.13194,40.57374],[-74.13264,40.57352],[-74.13365,40.57331],[-74.14419,40.57204],[-74.14387,40.57061],[-74.14439,40.56971],[-74.14638,40.57053],[-74.14656,40.57055],[-74.14721,40.57053],[-74.1479,40.57089],[-74.15228,40.56739],[-74.15358,40.56625],[-74.15463,40.56554],[-74.15499,40.56516],[-74.15585,40.56377],[-74.15695,40.56272],[-74.15727,40.56255],[-74.15826,40.5622],[-74.16097,40.56146],[-74.16153,40.56127],[-74.16378,40.56032],[-74.16494,40.56011],[-74.17129,40.56134],[-74.17226,40.5617],[-74.17348,40.56227],[-74.17489,40.56283],[-74.17659,40.56324],[-74.17762,40.5638],[-74.17787,40.56499],[-74.17908,40.56988],[-74.17957,40.57105],[-74.18001,40.57144],[-74.18282,40.5721],[-74.1837,40.57236],[-74.18395,40.57251],[-74.18429,40.57285],[-74.18939,40.57256],[-74.18931,40.57438],[-74.18956,40.57627],[-74.18996,40.57628],[-74.19053,40.57621],[-74.19064,40.57668],[-74.19177,40.57662],[-74.19196,40.57657],[-74.1975,40.57886],[-74.19888,40.5793],[-74.20058,40.57951],[-74.20295,40.5801],[-74.20441,40.58017],[-74.20602,40.57982],[-74.20607,40.57961],[-74.2091,40.57885],[-74.20724,40.58792],[-74.19959,40.59785],[-74.19959,40.60038],[-74.20483,40.60606],[-74.20389,40.61428],[-74.20243,40.61677],[-74.20392,40.62437],[-74.20228,40.62878],[-74.2024,40.63159],[-74.19816,40.63479],[-74.19745,40.63587],[-74.19714,40.6357],[-74.19599,40.63517],[-74.18653,40.63021],[-74.18642,40.63029],[-74.18448,40.62923],[-74.18352,40.62877],[-74.18168,40.62779],[-74.17884,40.62611],[-74.17767,40.62507],[-74.17577,40.62327],[-74.17523,40.62287],[-74.1744,40.6224],[-74.17377,40.62212],[-74.1731,40.62188],[-74.16922,40.62131],[-74.16872,40.62121],[-74.16799,40.62097],[-74.16588,40.62014],[-74.1647,40.61963],[-74.16361,40.6191],[-74.16153,40.61799],[-74.1605,40.61742],[-74.15797,40.61565],[-74.15471,40.61315],[-74.15369,40.61232],[-74.15314,40.61194],[-74.15051,40.60991],[-74.14959,40.60928],[-74.14838,40.60865],[-74.14721,40.60826],[-74.14587,40.60792],[-74.14399,40.60774],[-74.1428,40.60774],[-74.1409,40.60779],[-74.13983,40.60782],[-74.1364,40.60802],[-74.13601,40.60807],[-74.13095,40.60833],[-74.12879,40.60849],[-74.12584,40.60886],[-74.12318,40.60942],[-74.12138,40.6099],[-74.12134,40.60968],[-74.11676,40.61087],[-74.11594,40.61101],[-74.11501,40.61108],[-74.11343,40.61098],[-74.11305,40.61092],[-74.11154,40.61057],[-74.11053,40.61025],[-74.11024,40.6102],[-74.10932,40.61011],[-74.10795,40.61005],[-74.10535,40.61021],[-74.09766,40.6105],[-74.09528,40.61044],[-74.09447,40.61033],[-74.09389,40.61021],[-74.09249,40.60977],[-74.09057,40.609],[-74.08761,40.60768],[-74.08644,40.60721],[-74.08495,40.60673],[-74.08351,40.60641],[-74.08291,40.60631],[-74.08164,40.60618],[-74.07659,40.60601],[-74.07401,40.60557],[-74.07309,40.60537],[-74.07182,40.60498],[-74.06995,40.60421],[-74.06627,40.60284],[-74.06377,40.60213],[-74.0639,40.6025],[-74.06476,40.60366],[-74.06513,40.60386],[-74.06516,40.6042],[-74.06043,40.60635],[-74.06038,40.60628],[-74.05779,40.60745],[-74.05675,40.6081],[-74.04751,40.61232],[-74.0438,40.60677]]]}},{"type":"Feature","properties":{"std_name":"NYC-Queens Community District 14--The Rockaways PUMA","std_geoid":"3604414","pen":"statisticians","std_note":null},"geometry":{"type":"Polygon","coordinates":[[[-73.82301,40.66384],[-73.81446,40.66286],[-73.81334,40.66281],[-73.81207,40.66303],[-73.81104,40.66339],[-73.80964,40.66401],[-73.80818,40.66452],[-73.80614,40.66491],[-73.80445,40.66512],[-73.8019,40.66527],[-73.80073,40.66527],[-73.79763,40.6651],[-73.79509,40.66489],[-73.78985,40.66413],[-73.78755,40.66385],[-73.78505,40.66344],[-73.78079,40.66233],[-73.77878,40.6616],[-73.77724,40.66079],[-73.77689,40.66066],[-73.77554,40.66026],[-73.7742,40.65975],[-73.77401,40.65978],[-73.77301,40.65917],[-73.76976,40.65748],[-73.76567,40.65525],[-73.76513,40.65493],[-73.76439,40.65456],[-73.75502,40.64922],[-73.75162,40.64724],[-73.75202,40.64666],[-73.75171,40.6465],[-73.75132,40.64617],[-73.7504,40.64562],[-73.75018,40.64545],[-73.75003,40.64541],[-73.74976,40.64517],[-73.74953,40.64505],[-73.74943,40.64493],[-73.74926,40.64498],[-73.74912,40.64509],[-73.7489,40.64516],[-73.74872,40.64502],[-73.7487,40.64479],[-73.74877,40.6446],[-73.74853,40.64432],[-73.74827,40.64415],[-73.74806,40.64393],[-73.7479,40.64386],[-73.74776,40.64366],[-73.74761,40.64353],[-73.74756,40.6434],[-73.74727,40.64316],[-73.7472,40.64282],[-73.74696,40.6426],[-73.74688,40.64245],[-73.7468,40.64235],[-73.74664,40.64199],[-73.74662,40.6418],[-73.74651,40.64164],[-73.74637,40.64152],[-73.74634,40.64131],[-73.74636,40.64114],[-73.74628,40.64094],[-73.74628,40.64084],[-73.74635,40.64066],[-73.74626,40.64049],[-73.74615,40.64038],[-73.74627,40.64018],[-73.74635,40.63983],[-73.74639,40.63951],[-73.74633,40.6394],[-73.74635,40.6393],[-73.74651,40.63891],[-73.74654,40.63871],[-73.7466,40.63861],[-73.74657,40.63849],[-73.74661,40.63833],[-73.74667,40.63824],[-73.74681,40.63814],[-73.7468,40.63804],[-73.74685,40.63794],[-73.74676,40.63782],[-73.74688,40.63777],[-73.74712,40.63698],[-73.748,40.63463],[-73.76743,40.62661],[-73.76776,40.62611],[-73.76778,40.62591],[-73.76815,40.62545],[-73.76825,40.6254],[-73.76833,40.6251],[-73.7686,40.62473],[-73.76865,40.62447],[-73.76876,40.62435],[-73.76878,40.6242],[-73.76883,40.6241],[-73.76881,40.62403],[-73.76884,40.62395],[-73.76867,40.62359],[-73.76855,40.62315],[-73.76757,40.62148],[-73.76672,40.615],[-73.76524,40.61494],[-73.76208,40.61273],[-73.76002,40.61135],[-73.75723,40.61099],[-73.7552,40.61059],[-73.75473,40.61041],[-73.75346,40.61052],[-73.75009,40.61164],[-73.74912,40.61179],[-73.74822,40.61201],[-73.74799,40.61231],[-73.7475,40.61189],[-73.74712,40.61204],[-73.74694,40.61178],[-73.74675,40.6114],[-73.74553,40.61187],[-73.74306,40.608],[-73.74315,40.60796],[-73.74307,40.60789],[-73.7432,40.60771],[-73.74355,40.60745],[-73.74317,40.60718],[-73.74177,40.60602],[-73.74115,40.60546],[-73.74029,40.6046],[-73.73946,40.60424],[-73.73923,40.60403],[-73.73852,40.60313],[-73.73846,40.60284],[-73.73826,40.60256],[-73.73844,40.59781],[-73.73846,40.59587],[-73.73808,40.59459],[-73.73764,40.59441],[-73.73741,40.59343],[-73.73718,40.59296],[-73.74324,40.59284],[-73.74447,40.5929],[-73.74775,40.5915],[-73.75212,40.58818],[-73.7555,40.58539],[-73.7557,40.57869],[-73.75826,40.55536],[-73.76223,40.5502],[-73.76493,40.5444],[-73.76763,40.53715],[-73.76878,40.53375],[-73.78397,40.53239],[-73.82616,40.52287],[-73.85484,40.512],[-73.87003,40.50249],[-73.87678,40.50113],[-73.88227,40.49521],[-73.88665,40.48979],[-73.88965,40.48651],[-73.90214,40.49212],[-73.97787,40.5191],[-74.04228,40.50809],[-74.03813,40.53829],[-74.03629,40.55104],[-73.99709,40.55728],[-73.95928,40.56308],[-73.95167,40.56431],[-73.9507,40.56443],[-73.945,40.56531],[-73.93489,40.56665],[-73.93336,40.56693],[-73.92807,40.56779],[-73.90491,40.57141],[-73.90387,40.57162],[-73.89052,40.5727],[-73.88507,40.57375],[-73.87922,40.57466],[-73.87142,40.57854],[-73.86923,40.57934],[-73.86561,40.5812],[-73.85352,40.58659],[-73.84985,40.58867],[-73.84739,40.59203],[-73.84668,40.59321],[-73.84444,40.59586],[-73.84202,40.59831],[-73.83588,40.60564],[-73.83446,40.60719],[-73.83428,40.60919],[-73.83405,40.61346],[-73.83339,40.62767],[-73.83304,40.62826],[-73.83538,40.63032],[-73.83624,40.63111],[-73.83765,40.63284],[-73.84834,40.64352],[-73.84,40.64414],[-73.83566,40.64406],[-73.82534,40.64425],[-73.82641,40.64826],[-73.82685,40.65007],[-73.82839,40.65603],[-73.82871,40.65706],[-73.8298,40.65951],[-73.82987,40.65997],[-73.83022,40.66053],[-73.83096,40.6621],[-73.83271,40.66541],[-73.83174,40.66518],[-73.82838,40.66404],[-73.82683,40.66371],[-73.82528,40.66359],[-73.82305,40.66356],[-73.82301,40.66384]]]}},{"type":"Feature","properties":{"std_name":"NYC-Staten Island Community District 3--South Shore PUMA","std_geoid":"3604503","pen":"statisticians","std_note":null},"geometry":{"type":"Polygon","coordinates":[[[-74.13382,40.52576],[-74.20558,40.49897],[-74.25308,40.49117],[-74.25543,40.49485],[-74.25872,40.5001],[-74.25875,40.5001],[-74.25813,40.50872],[-74.2541,40.51566],[-74.24602,40.52096],[-74.25028,40.5423],[-74.24748,40.54938],[-74.23141,40.55918],[-74.218,40.55706],[-74.21457,40.56053],[-74.21014,40.57372],[-74.2091,40.57885],[-74.20607,40.57961],[-74.20602,40.57982],[-74.20441,40.58017],[-74.20295,40.5801],[-74.20058,40.57951],[-74.19888,40.5793],[-74.1975,40.57886],[-74.19196,40.57657],[-74.19177,40.57662],[-74.19064,40.57668],[-74.19053,40.57621],[-74.18996,40.57628],[-74.18956,40.57627],[-74.18931,40.57438],[-74.18939,40.57256],[-74.18429,40.57285],[-74.18395,40.57251],[-74.1837,40.57236],[-74.18282,40.5721],[-74.18001,40.57144],[-74.17957,40.57105],[-74.17908,40.56988],[-74.17787,40.56499],[-74.17762,40.5638],[-74.17659,40.56324],[-74.17489,40.56283],[-74.17348,40.56227],[-74.17226,40.5617],[-74.17129,40.56134],[-74.16494,40.56011],[-74.16378,40.56032],[-74.16153,40.56127],[-74.16097,40.56146],[-74.15826,40.5622],[-74.15727,40.56255],[-74.15695,40.56272],[-74.15585,40.56377],[-74.15499,40.56516],[-74.15463,40.56554],[-74.15358,40.56625],[-74.15228,40.56739],[-74.1479,40.57089],[-74.14721,40.57053],[-74.14656,40.57055],[-74.14638,40.57053],[-74.14439,40.56971],[-74.14387,40.57061],[-74.14419,40.57204],[-74.13365,40.57331],[-74.13264,40.57352],[-74.13194,40.57374],[-74.12765,40.57523],[-74.12729,40.5758],[-74.12709,40.57637],[-74.12666,40.57629],[-74.12564,40.57597],[-74.12513,40.57588],[-74.12332,40.57578],[-74.12287,40.57563],[-74.12264,40.57548],[-74.12177,40.57505],[-74.12185,40.57465],[-74.12183,40.57422],[-74.12139,40.57297],[-74.12129,40.57211],[-74.12162,40.5715],[-74.12217,40.57094],[-74.12343,40.56991],[-74.1249,40.56895],[-74.12309,40.56797],[-74.11636,40.56392],[-74.11376,40.5665],[-74.11014,40.56431],[-74.10558,40.56199],[-74.10413,40.56117],[-74.10173,40.5599],[-74.10034,40.55908],[-74.09437,40.55598],[-74.10829,40.54442],[-74.10814,40.54431],[-74.13382,40.52576]]]}},{"type":"Feature","properties":{"std_name":"NYC-Brooklyn Community District 15--Sheepshead Bay & Gravesend (East) PUMA","std_geoid":"3604315","pen":"statisticians","std_note":null},"geometry":{"type":"Polygon","coordinates":[[[-73.95374,40.58135],[-73.95403,40.58252],[-73.95414,40.58311],[-73.95654,40.58266],[-73.95721,40.58308],[-73.95901,40.58287],[-73.96003,40.58321],[-73.96023,40.58452],[-73.9603,40.58651],[-73.96068,40.5916],[-73.97557,40.58995],[-73.97751,40.59114],[-73.97769,40.59218],[-73.97948,40.59323],[-73.98071,40.594],[-73.97996,40.59407],[-73.98036,40.59619],[-73.97148,40.59717],[-73.97191,40.59942],[-73.97291,40.59931],[-73.97235,40.60335],[-73.97218,40.60419],[-73.9724,40.60565],[-73.97299,40.60881],[-73.9643,40.60978],[-73.96478,40.61233],[-73.96286,40.61255],[-73.96238,40.60999],[-73.9536,40.61095],[-73.95163,40.61112],[-73.94978,40.61137],[-73.95027,40.61392],[-73.94835,40.61414],[-73.94746,40.6142],[-73.94574,40.61536],[-73.94483,40.61605],[-73.94355,40.60935],[-73.94231,40.60827],[-73.93935,40.61019],[-73.93754,40.60856],[-73.93973,40.60713],[-73.93426,40.60223],[-73.93355,40.60269],[-73.92992,40.59944],[-73.92813,40.59778],[-73.92957,40.59682],[-73.91972,40.58799],[-73.91799,40.58653],[-73.91771,40.58627],[-73.91766,40.58614],[-73.91787,40.58597],[-73.91766,40.58561],[-73.91785,40.5855],[-73.91827,40.58533],[-73.91831,40.58541],[-73.91843,40.58533],[-73.91876,40.58524],[-73.91899,40.58504],[-73.91921,40.58493],[-73.91952,40.5849],[-73.91994,40.58465],[-73.92068,40.5847],[-73.92097,40.58458],[-73.92115,40.58465],[-73.92259,40.58467],[-73.92265,40.58465],[-73.92303,40.58477],[-73.92345,40.58482],[-73.92408,40.58467],[-73.92472,40.58465],[-73.92506,40.58473],[-73.92537,40.58469],[-73.92552,40.58483],[-73.92595,40.58501],[-73.92643,40.58482],[-73.92721,40.5848],[-73.93137,40.58607],[-73.93126,40.58543],[-73.93019,40.58509],[-73.9301,40.5845],[-73.93108,40.58439],[-73.93204,40.58423],[-73.93184,40.58308],[-73.93195,40.58202],[-73.92939,40.57261],[-73.95168,40.5703],[-73.9524,40.57425],[-73.95243,40.57456],[-73.95374,40.58135]]]}},{"type":"Feature","properties":{"std_name":"NYC-Brooklyn Community District 11--Bensonhurst & Bath Beach PUMA","std_geoid":"3604311","pen":"statisticians","std_note":null},"geometry":{"type":"Polygon","coordinates":[[[-73.99154,40.59039],[-73.99331,40.58958],[-73.99376,40.59033],[-73.99803,40.58847],[-73.99802,40.58841],[-73.99767,40.58852],[-73.99764,40.58846],[-74.00042,40.58714],[-74.00429,40.58568],[-74.00809,40.58399],[-74.00947,40.58423],[-74.00362,40.58992],[-74.00578,40.59414],[-74.01602,40.59955],[-74.02185,40.6006],[-74.01945,40.60283],[-74.01924,40.60309],[-74.01864,40.60366],[-74.01732,40.60511],[-74.0155,40.60684],[-74.01702,40.60766],[-73.99932,40.62466],[-73.99771,40.62368],[-73.99679,40.62683],[-73.99508,40.62581],[-73.99465,40.6257],[-73.99489,40.62546],[-73.99433,40.62534],[-73.98569,40.62013],[-73.98628,40.61957],[-73.97478,40.61264],[-73.97403,40.6087],[-73.97299,40.60881],[-73.9724,40.60565],[-73.97218,40.60419],[-73.97235,40.60335],[-73.97291,40.59931],[-73.97191,40.59942],[-73.97148,40.59717],[-73.98036,40.59619],[-73.97996,40.59407],[-73.98464,40.59355],[-73.98468,40.59366],[-73.98602,40.59445],[-73.98962,40.59098],[-73.99036,40.59143],[-73.99154,40.59039]]]}},{"type":"Feature","properties":{"std_name":"NYC-Brooklyn Community District 10--Bay Ridge & Dyker Heights PUMA","std_geoid":"3604310","pen":"statisticians","std_note":null},"geometry":{"type":"Polygon","coordinates":[[[-74.01873,40.60357],[-74.01924,40.60309],[-74.01945,40.60283],[-74.02185,40.6006],[-74.03138,40.60231],[-74.04348,40.60679],[-74.04374,40.60669],[-74.04751,40.61232],[-74.05235,40.62013],[-74.05663,40.62729],[-74.05575,40.65148],[-74.05323,40.65566],[-74.03264,40.6438],[-74.03208,40.64341],[-74.02906,40.64173],[-74.02892,40.64145],[-74.02911,40.64142],[-74.02908,40.64127],[-74.02837,40.64099],[-74.02702,40.64038],[-74.02626,40.64013],[-74.02686,40.63954],[-74.02475,40.63812],[-74.02354,40.63931],[-74.02311,40.64],[-74.02262,40.64043],[-74.02251,40.64056],[-74.02199,40.64086],[-74.02116,40.64142],[-74.0214,40.64115],[-74.02177,40.64041],[-74.02168,40.63983],[-74.02169,40.63946],[-74.02167,40.6393],[-74.02151,40.63886],[-74.02134,40.63854],[-74.0212,40.63837],[-74.02043,40.63767],[-74.01955,40.63709],[-74.0189,40.63686],[-74.01717,40.63575],[-74.01675,40.63544],[-74.01631,40.6359],[-74.01191,40.63323],[-74.01074,40.63436],[-74.00193,40.62903],[-74.00252,40.62848],[-73.99724,40.62529],[-73.99771,40.62368],[-73.99932,40.62466],[-74.01702,40.60766],[-74.0155,40.60684],[-74.01732,40.60511],[-74.01873,40.60357]]]}},{"type":"Feature","properties":{"std_name":"NYC-Brooklyn Community District 12--Borough Park & Kensington PUMA","std_geoid":"3604312","pen":"statisticians","std_note":null},"geometry":{"type":"Polygon","coordinates":[[[-73.98835,40.64456],[-73.9818,40.64713],[-73.97634,40.64773],[-73.97518,40.64782],[-73.97326,40.64758],[-73.97306,40.64763],[-73.9723,40.64794],[-73.9714,40.64826],[-73.96891,40.63976],[-73.96804,40.63665],[-73.97029,40.63641],[-73.96987,40.63419],[-73.97716,40.63075],[-73.9767,40.62835],[-73.97658,40.62757],[-73.97624,40.62598],[-73.97092,40.62657],[-73.97137,40.62897],[-73.96607,40.62955],[-73.96286,40.61255],[-73.96478,40.61233],[-73.9643,40.60978],[-73.97403,40.6087],[-73.97478,40.61264],[-73.98628,40.61957],[-73.98569,40.62013],[-73.99433,40.62534],[-73.99489,40.62546],[-73.99465,40.6257],[-73.99508,40.62581],[-73.99679,40.62683],[-73.99724,40.62529],[-74.00252,40.62848],[-74.00193,40.62903],[-74.00702,40.63211],[-74.00556,40.63308],[-74.00956,40.63549],[-73.99702,40.64754],[-73.99656,40.64789],[-73.99609,40.64831],[-73.99398,40.6471],[-73.98906,40.64412],[-73.98835,40.64456]]]}},{"type":"Feature","properties":{"std_name":"NYC-Brooklyn Community District 17--East Flatbush PUMA","std_geoid":"3604317","pen":"statisticians","std_note":null},"geometry":{"type":"Polygon","coordinates":[[[-73.92356,40.6425],[-73.92538,40.64238],[-73.92548,40.64159],[-73.92574,40.64001],[-73.92603,40.63854],[-73.92615,40.63757],[-73.92651,40.63654],[-73.92679,40.63611],[-73.92745,40.63526],[-73.93727,40.63465],[-73.93701,40.6323],[-73.94562,40.63178],[-73.94587,40.63412],[-73.94777,40.634],[-73.94827,40.63861],[-73.95116,40.63843],[-73.9536,40.63842],[-73.95404,40.63888],[-73.95413,40.63916],[-73.95473,40.64477],[-73.95565,40.64663],[-73.95811,40.64652],[-73.95815,40.64777],[-73.95826,40.64853],[-73.95871,40.65039],[-73.95583,40.65053],[-73.95639,40.65588],[-73.95016,40.65626],[-73.95007,40.65542],[-73.9309,40.65661],[-73.93108,40.6583],[-73.934,40.65812],[-73.93423,40.66042],[-73.93133,40.66059],[-73.93156,40.66276],[-73.93161,40.66356],[-73.93068,40.66362],[-73.92638,40.66551],[-73.92008,40.65986],[-73.91974,40.66077],[-73.91958,40.66199],[-73.9186,40.66112],[-73.9183,40.66116],[-73.91818,40.66073],[-73.91403,40.657],[-73.91234,40.65553],[-73.91012,40.65585],[-73.90933,40.65281],[-73.90856,40.6521],[-73.9183,40.64581],[-73.91995,40.64471],[-73.91973,40.64272],[-73.92161,40.64169],[-73.92333,40.6399],[-73.92356,40.6425]]]}},{"type":"Feature","properties":{"std_name":"NYC-Brooklyn Community District 7--Sunset Park & Windsor Terrace PUMA","std_geoid":"3604307","pen":"statisticians","std_note":null},"geometry":{"type":"Polygon","coordinates":[[[-73.97208,40.65064],[-73.9714,40.64826],[-73.9723,40.64794],[-73.97315,40.6476],[-73.97339,40.64758],[-73.97518,40.64782],[-73.97634,40.64773],[-73.9818,40.64713],[-73.98835,40.64456],[-73.98906,40.64412],[-73.99398,40.6471],[-73.99609,40.64831],[-73.99656,40.64789],[-73.99702,40.64754],[-74.00956,40.63549],[-74.00556,40.63308],[-74.00702,40.63211],[-74.01074,40.63436],[-74.01191,40.63323],[-74.01631,40.6359],[-74.01675,40.63544],[-74.01717,40.63575],[-74.0189,40.63686],[-74.01955,40.63709],[-74.02043,40.63767],[-74.0212,40.63837],[-74.02134,40.63854],[-74.02151,40.63886],[-74.02167,40.6393],[-74.02169,40.63946],[-74.02168,40.63983],[-74.02177,40.64041],[-74.0214,40.64115],[-74.02116,40.64142],[-74.02199,40.64086],[-74.02251,40.64056],[-74.02262,40.64043],[-74.02311,40.64],[-74.02354,40.63931],[-74.02475,40.63812],[-74.02686,40.63954],[-74.02626,40.64013],[-74.02702,40.64038],[-74.02837,40.64099],[-74.02908,40.64127],[-74.02911,40.64142],[-74.02892,40.64145],[-74.02906,40.64173],[-74.03208,40.64341],[-74.03264,40.6438],[-74.05323,40.65566],[-74.04963,40.66163],[-74.0178,40.66254],[-74.00249,40.66722],[-74.00145,40.66763],[-74.00017,40.6686],[-73.99946,40.67014],[-73.99902,40.67143],[-73.9987,40.67171],[-73.99862,40.67183],[-73.99727,40.66972],[-73.99667,40.66874],[-73.99653,40.66889],[-73.99631,40.66861],[-73.99603,40.66806],[-73.9959,40.66797],[-73.99484,40.6668],[-73.99277,40.66551],[-73.99173,40.66674],[-73.98017,40.66116],[-73.98023,40.66105],[-73.98021,40.66093],[-73.98013,40.66083],[-73.97999,40.66075],[-73.97977,40.66074],[-73.97958,40.66085],[-73.97516,40.65872],[-73.97448,40.65834],[-73.97404,40.65735],[-73.97234,40.65138],[-73.9725,40.65131],[-73.97261,40.65121],[-73.97268,40.65105],[-73.97262,40.65084],[-73.97231,40.65065],[-73.97208,40.65064]]]}},{"type":"Feature","properties":{"std_name":"NYC-Brooklyn Community District 5--East New York & Cypress Hills PUMA","std_geoid":"3604305","pen":"statisticians","std_note":null},"geometry":{"type":"Polygon","coordinates":[[[-73.88452,40.68669],[-73.88378,40.68786],[-73.87946,40.69123],[-73.87402,40.69419],[-73.86892,40.69515],[-73.86872,40.69462],[-73.86868,40.69385],[-73.86806,40.69118],[-73.86746,40.68841],[-73.8666,40.68527],[-73.8665,40.68447],[-73.86629,40.68319],[-73.86603,40.68192],[-73.86499,40.68213],[-73.8641,40.68237],[-73.86328,40.67907],[-73.86235,40.67916],[-73.86132,40.67502],[-73.86106,40.67434],[-73.86108,40.67402],[-73.86039,40.67127],[-73.85763,40.67166],[-73.85643,40.66703],[-73.85568,40.66387],[-73.85843,40.66345],[-73.85761,40.66012],[-73.85851,40.6599],[-73.86036,40.65965],[-73.86151,40.65905],[-73.86317,40.65828],[-73.86244,40.65726],[-73.86219,40.65683],[-73.86096,40.65518],[-73.86048,40.65466],[-73.86083,40.65448],[-73.86216,40.65363],[-73.86575,40.65165],[-73.86911,40.64987],[-73.87032,40.64918],[-73.87166,40.64826],[-73.87243,40.64766],[-73.87338,40.64682],[-73.87429,40.64585],[-73.87497,40.645],[-73.87569,40.64395],[-73.87647,40.64261],[-73.87881,40.63794],[-73.87954,40.63886],[-73.88074,40.63961],[-73.8819,40.64084],[-73.88432,40.64294],[-73.88619,40.64477],[-73.88656,40.64509],[-73.88959,40.64811],[-73.89125,40.65003],[-73.88999,40.65114],[-73.89137,40.65237],[-73.89246,40.65371],[-73.89355,40.6552],[-73.89761,40.65345],[-73.89586,40.65188],[-73.90398,40.64663],[-73.90762,40.6499],[-73.90868,40.65072],[-73.90945,40.65152],[-73.9074,40.65284],[-73.90786,40.65459],[-73.90317,40.6553],[-73.90231,40.65579],[-73.90126,40.65645],[-73.90057,40.65709],[-73.9003,40.65726],[-73.89881,40.65741],[-73.89922,40.65911],[-73.89965,40.66074],[-73.89989,40.66064],[-73.90066,40.66059],[-73.90145,40.66366],[-73.90071,40.66374],[-73.90042,40.66381],[-73.90127,40.66688],[-73.90229,40.67094],[-73.90266,40.6722],[-73.90348,40.67551],[-73.89999,40.6769],[-73.90405,40.67922],[-73.90262,40.68066],[-73.90028,40.67944],[-73.8997,40.67954],[-73.8989,40.67956],[-73.89777,40.67993],[-73.89749,40.68007],[-73.89719,40.68037],[-73.89693,40.68075],[-73.89648,40.68253],[-73.89633,40.68283],[-73.89612,40.68314],[-73.89529,40.68417],[-73.8942,40.68531],[-73.89252,40.68342],[-73.89166,40.68404],[-73.89014,40.685],[-73.88961,40.68421],[-73.88909,40.68464],[-73.88808,40.68529],[-73.88452,40.68669]]]}},{"type":"Feature","properties":{"std_name":"NYC-Queens Community District 10--South Ozone Park & Howard Beach PUMA","std_geoid":"3604410","pen":"statisticians","std_note":null},"geometry":{"type":"Polygon","coordinates":[[[-73.83566,40.64406],[-73.84,40.64414],[-73.84834,40.64352],[-73.85494,40.64265],[-73.85615,40.6492],[-73.85665,40.65013],[-73.85696,40.65058],[-73.85898,40.65268],[-73.85976,40.6541],[-73.86048,40.65466],[-73.86096,40.65518],[-73.86219,40.65683],[-73.86244,40.65726],[-73.86317,40.65828],[-73.86151,40.65905],[-73.86036,40.65965],[-73.85851,40.6599],[-73.85761,40.66012],[-73.85843,40.66345],[-73.85568,40.66387],[-73.85643,40.66703],[-73.85763,40.67166],[-73.86039,40.67127],[-73.86108,40.67402],[-73.86106,40.67434],[-73.86132,40.67502],[-73.86235,40.67916],[-73.86328,40.67907],[-73.86335,40.67935],[-73.85879,40.68063],[-73.8582,40.67943],[-73.85392,40.67969],[-73.85099,40.68057],[-73.85198,40.68256],[-73.84787,40.68149],[-73.84672,40.68186],[-73.84583,40.68211],[-73.84451,40.68241],[-73.8412,40.68335],[-73.84019,40.68114],[-73.83865,40.68144],[-73.8378,40.68167],[-73.83697,40.68199],[-73.83808,40.68424],[-73.82753,40.68724],[-73.82851,40.68924],[-73.82599,40.68995],[-73.82501,40.68795],[-73.81354,40.69121],[-73.81075,40.69192],[-73.80875,40.68833],[-73.8077,40.68652],[-73.80675,40.68468],[-73.80503,40.68115],[-73.80458,40.68013],[-73.80179,40.67439],[-73.80156,40.67376],[-73.80139,40.67312],[-73.80125,40.67189],[-73.80122,40.66911],[-73.80129,40.66847],[-73.80166,40.66676],[-73.80216,40.66525],[-73.80393,40.66517],[-73.80503,40.66506],[-73.80614,40.66491],[-73.80818,40.66452],[-73.80964,40.66401],[-73.81104,40.66339],[-73.81207,40.66303],[-73.81334,40.66281],[-73.81446,40.66286],[-73.82301,40.66384],[-73.82305,40.66356],[-73.82528,40.66359],[-73.82683,40.66371],[-73.82838,40.66404],[-73.83174,40.66518],[-73.83271,40.66541],[-73.83096,40.6621],[-73.83022,40.66053],[-73.82987,40.65997],[-73.8298,40.65951],[-73.82871,40.65706],[-73.82839,40.65603],[-73.82685,40.65007],[-73.82641,40.64826],[-73.82534,40.64425],[-73.83566,40.64406]]]}},{"type":"Feature","properties":{"std_name":"NYC-Brooklyn Community District 6--Park Slope & Carroll Gardens PUMA","std_geoid":"3604306","pen":"statisticians","std_note":null},"geometry":{"type":"Polygon","coordinates":[[[-74.03457,40.68487],[-74.01935,40.67955],[-74.01932,40.67961],[-74.01892,40.67984],[-74.01898,40.6799],[-74.0178,40.68062],[-74.01771,40.68066],[-74.01764,40.6806],[-74.01757,40.68064],[-74.01744,40.68064],[-74.01534,40.6819],[-74.01524,40.682],[-74.01532,40.68211],[-74.01283,40.68361],[-74.01277,40.68361],[-74.01263,40.68347],[-74.00795,40.68629],[-74.00784,40.68624],[-74.00767,40.68627],[-74.00702,40.68653],[-74.00644,40.6863],[-74.00587,40.68621],[-74.00563,40.68678],[-74.00504,40.68756],[-74.00459,40.68821],[-74.00382,40.68893],[-74.00341,40.68961],[-74.00299,40.69043],[-74.00196,40.69014],[-74.00185,40.69039],[-74.00096,40.69013],[-74.0007,40.69061],[-74.00197,40.69184],[-74.00174,40.69241],[-74.00032,40.69188],[-73.99236,40.68969],[-73.99393,40.68645],[-73.98913,40.68459],[-73.98829,40.68587],[-73.97961,40.68249],[-73.97803,40.68486],[-73.97746,40.68405],[-73.97593,40.6835],[-73.97378,40.68306],[-73.97395,40.68228],[-73.97469,40.68027],[-73.97618,40.67806],[-73.97369,40.67708],[-73.9719,40.67641],[-73.9695,40.67591],[-73.96969,40.67536],[-73.96941,40.67518],[-73.96909,40.67485],[-73.96883,40.67439],[-73.96874,40.67403],[-73.9688,40.67328],[-73.96892,40.67294],[-73.96845,40.67296],[-73.96791,40.67294],[-73.9663,40.67268],[-73.96549,40.67246],[-73.96362,40.67185],[-73.96262,40.67163],[-73.962,40.66866],[-73.96096,40.66329],[-73.96194,40.66322],[-73.96243,40.66313],[-73.96295,40.66253],[-73.96305,40.6623],[-73.96308,40.66217],[-73.9619,40.65487],[-73.96621,40.65319],[-73.96465,40.65089],[-73.97069,40.6485],[-73.9714,40.64826],[-73.97208,40.65064],[-73.97231,40.65065],[-73.97262,40.65084],[-73.97268,40.65105],[-73.97261,40.65121],[-73.9725,40.65131],[-73.97234,40.65138],[-73.97404,40.65735],[-73.97448,40.65834],[-73.97516,40.65872],[-73.97958,40.66085],[-73.97977,40.66074],[-73.97999,40.66075],[-73.98013,40.66083],[-73.98021,40.66093],[-73.98023,40.66105],[-73.98017,40.66116],[-73.99173,40.66674],[-73.99277,40.66551],[-73.99484,40.6668],[-73.9959,40.66797],[-73.99603,40.66806],[-73.99631,40.66861],[-73.99653,40.66889],[-73.99667,40.66874],[-73.99727,40.66972],[-73.99862,40.67183],[-73.9987,40.67171],[-73.99902,40.67143],[-73.99946,40.67014],[-74.00017,40.6686],[-74.00145,40.66763],[-74.00249,40.66722],[-74.0178,40.66254],[-74.04963,40.66163],[-74.03544,40.68512],[-74.03459,40.68483],[-74.03457,40.68487]]]}},{"type":"Feature","properties":{"std_name":"NYC-Brooklyn Community District 16--Ocean Hill & Brownsville PUMA","std_geoid":"3604316","pen":"statisticians","std_note":null},"geometry":{"type":"Polygon","coordinates":[[[-73.91805,40.68721],[-73.91077,40.68309],[-73.90702,40.68095],[-73.90549,40.68004],[-73.89999,40.6769],[-73.90348,40.67551],[-73.90266,40.6722],[-73.90229,40.67094],[-73.90127,40.66688],[-73.90042,40.66381],[-73.90071,40.66374],[-73.90145,40.66366],[-73.90066,40.66059],[-73.89989,40.66064],[-73.89965,40.66074],[-73.89922,40.65911],[-73.89881,40.65741],[-73.9003,40.65726],[-73.90057,40.65709],[-73.90126,40.65645],[-73.90231,40.65579],[-73.90317,40.6553],[-73.90786,40.65459],[-73.9074,40.65284],[-73.90856,40.6521],[-73.90933,40.65281],[-73.91012,40.65585],[-73.91234,40.65553],[-73.91403,40.657],[-73.91818,40.66073],[-73.9183,40.66116],[-73.9186,40.66112],[-73.91958,40.66199],[-73.91974,40.66077],[-73.92008,40.65986],[-73.92638,40.66551],[-73.92275,40.6671],[-73.92165,40.67887],[-73.9163,40.67858],[-73.91639,40.67891],[-73.91805,40.68721]]]}},{"type":"Feature","properties":{"std_name":"NYC-Brooklyn Community District 9--Crown Heights (South) PUMA","std_geoid":"3604309","pen":"statisticians","std_note":null},"geometry":{"type":"Polygon","coordinates":[[[-73.92854,40.66457],[-73.93068,40.66362],[-73.93161,40.66356],[-73.93156,40.66276],[-73.93133,40.66059],[-73.93423,40.66042],[-73.934,40.65812],[-73.93108,40.6583],[-73.9309,40.65661],[-73.95007,40.65542],[-73.95016,40.65626],[-73.95639,40.65588],[-73.9563,40.65505],[-73.9597,40.65484],[-73.95986,40.65563],[-73.9619,40.65487],[-73.96308,40.66217],[-73.96305,40.6623],[-73.96295,40.66253],[-73.96243,40.66313],[-73.96194,40.66322],[-73.96096,40.66329],[-73.962,40.66866],[-73.96262,40.67163],[-73.95797,40.67066],[-73.95527,40.67012],[-73.92835,40.66865],[-73.92868,40.66509],[-73.92854,40.66457]]]}},{"type":"Feature","properties":{"std_name":"NYC-Brooklyn Community District 8--Crown Heights (North) PUMA","std_geoid":"3604308","pen":"statisticians","std_note":null},"geometry":{"type":"Polygon","coordinates":[[[-73.92275,40.6671],[-73.92854,40.66457],[-73.92868,40.66509],[-73.92835,40.66865],[-73.95527,40.67012],[-73.95797,40.67066],[-73.96362,40.67185],[-73.96549,40.67246],[-73.9663,40.67268],[-73.96791,40.67294],[-73.96845,40.67296],[-73.96892,40.67294],[-73.9688,40.67328],[-73.96874,40.67403],[-73.96883,40.67439],[-73.96909,40.67485],[-73.96941,40.67518],[-73.96969,40.67536],[-73.9695,40.67591],[-73.9719,40.67641],[-73.97369,40.67708],[-73.97618,40.67806],[-73.97469,40.68027],[-73.97395,40.68228],[-73.97378,40.68306],[-73.95602,40.67936],[-73.95564,40.67926],[-73.95531,40.67927],[-73.95301,40.67882],[-73.95205,40.67867],[-73.94968,40.67857],[-73.94318,40.67818],[-73.93859,40.67797],[-73.92182,40.67702],[-73.92275,40.6671]]]}},{"type":"Feature","properties":{"std_name":"NYC-Queens Community District 12--Jamaica, St. Albans, & Hollis PUMA","std_geoid":"3604412","pen":"statisticians","std_note":null},"geometry":{"type":"Polygon","coordinates":[[[-73.80805,40.70936],[-73.80548,40.71009],[-73.80501,40.70947],[-73.80484,40.70934],[-73.80367,40.70874],[-73.80339,40.70853],[-73.80302,40.70814],[-73.80233,40.70857],[-73.80193,40.70891],[-73.8016,40.70955],[-73.80141,40.70969],[-73.7987,40.71066],[-73.79777,40.70914],[-73.79473,40.71001],[-73.79304,40.71071],[-73.78941,40.712],[-73.78901,40.71207],[-73.78879,40.71206],[-73.78785,40.71181],[-73.78657,40.71197],[-73.77357,40.71512],[-73.76733,40.71729],[-73.76664,40.71765],[-73.76447,40.71889],[-73.76197,40.72],[-73.7603,40.72066],[-73.75944,40.72106],[-73.7547,40.71471],[-73.75404,40.71388],[-73.75371,40.71332],[-73.75121,40.70731],[-73.74619,40.69612],[-73.74524,40.69638],[-73.74458,40.69636],[-73.74359,40.69622],[-73.74416,40.69455],[-73.74482,40.69317],[-73.74624,40.69128],[-73.74711,40.69],[-73.74722,40.68971],[-73.74745,40.68935],[-73.7485,40.68778],[-73.74935,40.68664],[-73.75002,40.68589],[-73.75097,40.6842],[-73.75121,40.68372],[-73.75172,40.68238],[-73.75268,40.68087],[-73.75485,40.67793],[-73.75523,40.67729],[-73.75576,40.67589],[-73.75652,40.67604],[-73.75677,40.67626],[-73.75686,40.67644],[-73.75692,40.67649],[-73.75704,40.67648],[-73.76032,40.67511],[-73.75899,40.67321],[-73.75874,40.67288],[-73.7586,40.67275],[-73.75857,40.67264],[-73.75822,40.67269],[-73.75636,40.67243],[-73.75646,40.67168],[-73.75646,40.67109],[-73.75641,40.67037],[-73.75644,40.66967],[-73.75672,40.66856],[-73.757,40.66774],[-73.75732,40.66704],[-73.75763,40.66645],[-73.76046,40.66674],[-73.76205,40.66695],[-73.76407,40.66713],[-73.77155,40.66796],[-73.77343,40.66803],[-73.77616,40.66787],[-73.77701,40.66778],[-73.7833,40.66732],[-73.78566,40.66719],[-73.78941,40.66684],[-73.79306,40.66709],[-73.79393,40.667],[-73.79739,40.66694],[-73.79809,40.66671],[-73.79908,40.66655],[-73.79988,40.66659],[-73.8003,40.66668],[-73.80073,40.66673],[-73.80166,40.66676],[-73.80129,40.66847],[-73.80122,40.66911],[-73.80124,40.67149],[-73.80128,40.67221],[-73.80139,40.67312],[-73.80156,40.67376],[-73.80179,40.67439],[-73.80458,40.68013],[-73.80503,40.68115],[-73.80675,40.68468],[-73.80727,40.6857],[-73.8077,40.68652],[-73.80875,40.68833],[-73.81197,40.69412],[-73.81372,40.69715],[-73.8142,40.69791],[-73.81546,40.70028],[-73.81648,40.70245],[-73.81399,40.70254],[-73.81302,40.70249],[-73.81153,40.70227],[-73.81201,40.70594],[-73.80695,40.70737],[-73.80762,40.70873],[-73.80805,40.70936]]]}},{"type":"Feature","properties":{"std_name":"NYC-Brooklyn Community District 4--Bushwick PUMA","std_geoid":"3604304","pen":"statisticians","std_note":null},"geometry":{"type":"Polygon","coordinates":[[[-73.9058,40.69413],[-73.90207,40.692],[-73.90159,40.69163],[-73.90124,40.69144],[-73.9018,40.69077],[-73.90042,40.68818],[-73.90116,40.68788],[-73.89652,40.6824],[-73.89693,40.68075],[-73.89719,40.68037],[-73.89749,40.68007],[-73.89777,40.67993],[-73.8989,40.67956],[-73.8997,40.67954],[-73.90028,40.67944],[-73.90262,40.68066],[-73.90405,40.67922],[-73.91077,40.68309],[-73.92207,40.68949],[-73.9297,40.69386],[-73.93522,40.69699],[-73.94193,40.70072],[-73.93837,40.70155],[-73.93395,40.70267],[-73.92658,40.70556],[-73.92609,40.70568],[-73.92189,40.7094],[-73.91181,40.70343],[-73.9129,40.70236],[-73.91068,40.70105],[-73.91181,40.69994],[-73.91014,40.69903],[-73.90426,40.6957],[-73.9048,40.69515],[-73.90491,40.69507],[-73.9058,40.69413]]]}},{"type":"Feature","properties":{"std_name":"NYC-Queens Community District 9--Kew Gardens, Richmond Hill, & Woodhaven PUMA","std_geoid":"3604409","pen":"statisticians","std_note":null},"geometry":{"type":"Polygon","coordinates":[[[-73.81372,40.69715],[-73.81075,40.69192],[-73.81354,40.69121],[-73.82501,40.68795],[-73.82599,40.68995],[-73.82851,40.68924],[-73.82753,40.68724],[-73.83808,40.68424],[-73.83697,40.68199],[-73.8378,40.68167],[-73.83865,40.68144],[-73.84019,40.68114],[-73.8412,40.68335],[-73.84451,40.68241],[-73.84583,40.68211],[-73.84672,40.68186],[-73.84787,40.68149],[-73.85198,40.68256],[-73.85099,40.68057],[-73.85392,40.67969],[-73.8582,40.67943],[-73.85879,40.68063],[-73.86335,40.67935],[-73.8641,40.68237],[-73.86499,40.68213],[-73.86603,40.68192],[-73.86629,40.68319],[-73.8665,40.68447],[-73.8666,40.68527],[-73.86746,40.68841],[-73.86806,40.69118],[-73.86868,40.69385],[-73.86872,40.69462],[-73.86892,40.69515],[-73.87066,40.69762],[-73.8708,40.69788],[-73.86931,40.69935],[-73.86952,40.70141],[-73.86912,40.7016],[-73.86916,40.70289],[-73.86325,40.70339],[-73.86142,40.70327],[-73.85815,40.7029],[-73.85858,40.70124],[-73.85739,40.70121],[-73.85703,40.70117],[-73.85691,40.70188],[-73.85631,40.70184],[-73.85529,40.70184],[-73.85529,40.7026],[-73.85215,40.70225],[-73.85268,40.70302],[-73.85369,40.70432],[-73.85473,40.70524],[-73.85464,40.70529],[-73.8544,40.70529],[-73.85435,40.70541],[-73.8544,40.70558],[-73.85435,40.70591],[-73.8544,40.70624],[-73.85453,40.70656],[-73.85475,40.70677],[-73.85277,40.70744],[-73.8511,40.7079],[-73.84952,40.70839],[-73.84858,40.70851],[-73.84763,40.70841],[-73.84663,40.7084],[-73.84568,40.70848],[-73.84302,40.70918],[-73.84069,40.71015],[-73.83973,40.7104],[-73.83771,40.71104],[-73.83672,40.71147],[-73.83612,40.71182],[-73.83598,40.71171],[-73.83363,40.71299],[-73.8311,40.71428],[-73.8299,40.71457],[-73.8285,40.71501],[-73.82698,40.71539],[-73.82625,40.71573],[-73.8257,40.71606],[-73.82544,40.71556],[-73.82428,40.71383],[-73.82404,40.71321],[-73.82395,40.71285],[-73.82343,40.71228],[-73.82117,40.7104],[-73.82066,40.70987],[-73.82038,40.70951],[-73.81954,40.70828],[-73.81946,40.7084],[-73.8191,40.70775],[-73.81902,40.70738],[-73.81819,40.70595],[-73.8172,40.70403],[-73.81546,40.70028],[-73.8142,40.69791],[-73.81372,40.69715]]]}},{"type":"Feature","properties":{"std_name":"NYC-Manhattan Community Districts 1 & 2--Financial District & Greenwich Village PUMA","std_geoid":"3604121","pen":"statisticians","std_note":null},"geometry":{"type":"MultiPolygon","coordinates":[[[[-74.04075,40.70017],[-74.0407,40.70022],[-74.04065,40.70021],[-74.04033,40.7001],[-74.04008,40.70009],[-74.03993,40.69999],[-74.03974,40.69995],[-74.03966,40.69987],[-74.03955,40.69984],[-74.03948,40.69978],[-74.03925,40.69969],[-74.03894,40.69965],[-74.03881,40.69953],[-74.03872,40.6993],[-74.03851,40.69915],[-74.03846,40.69898],[-74.03845,40.69882],[-74.03837,40.69867],[-74.03857,40.69873],[-74.03862,40.6987],[-74.0386,40.69868],[-74.03874,40.69864],[-74.03896,40.69859],[-74.03917,40.69859],[-74.03929,40.69863],[-74.03938,40.69873],[-74.03965,40.69879],[-74.03993,40.69859],[-74.04023,40.69883],[-74.0401,40.69893],[-74.03999,40.69889],[-74.03987,40.69889],[-74.0398,40.69894],[-74.0398,40.69898],[-74.03998,40.69912],[-74.04019,40.69922],[-74.04021,40.69931],[-74.04043,40.69941],[-74.04048,40.6996],[-74.04061,40.69977],[-74.04075,40.70017]]],[[[-74.04721,40.69089],[-74.04715,40.69098],[-74.04704,40.69104],[-74.04618,40.69109],[-74.04611,40.69112],[-74.04598,40.69111],[-74.04457,40.69056],[-74.04389,40.69018],[-74.04345,40.68963],[-74.0435,40.68917],[-74.04362,40.68876],[-74.04394,40.68857],[-74.04413,40.68854],[-74.04435,40.68851],[-74.04479,40.68859],[-74.04625,40.68932],[-74.04718,40.69041],[-74.04704,40.69048],[-74.04703,40.69059],[-74.0472,40.6908],[-74.04721,40.69089]]],[[[-74.00459,40.68821],[-74.00504,40.68756],[-74.00563,40.68678],[-74.00587,40.68621],[-74.00644,40.6863],[-74.00702,40.68653],[-74.00767,40.68627],[-74.00784,40.68624],[-74.00795,40.68629],[-74.01263,40.68347],[-74.01277,40.68361],[-74.01283,40.68361],[-74.01532,40.68211],[-74.01524,40.682],[-74.01534,40.6819],[-74.01744,40.68064],[-74.01757,40.68064],[-74.01764,40.6806],[-74.01771,40.68066],[-74.0178,40.68062],[-74.01898,40.6799],[-74.01892,40.67984],[-74.01932,40.67961],[-74.01935,40.67955],[-74.03457,40.68487],[-74.03459,40.68483],[-74.03544,40.68512],[-74.02639,40.7001],[-74.02364,40.71807],[-74.01728,40.74418],[-74.00933,40.74257],[-74.00889,40.74238],[-74.0087,40.74236],[-73.99362,40.736],[-73.99075,40.73484],[-73.9899,40.73443],[-73.98985,40.73396],[-73.98987,40.73353],[-73.99003,40.73276],[-73.99039,40.73129],[-73.9905,40.73056],[-73.99072,40.7299],[-73.99129,40.72776],[-73.99352,40.72163],[-73.99403,40.72032],[-73.99481,40.71846],[-73.99543,40.71728],[-73.99606,40.71623],[-73.99859,40.7171],[-73.99931,40.71755],[-74.00014,40.7162],[-74.00079,40.71529],[-74.00053,40.71517],[-74.00046,40.71437],[-74.00075,40.71451],[-74.00097,40.71391],[-74.00157,40.71368],[-74.00093,40.71326],[-74.00089,40.71301],[-74.00086,40.71149],[-74.00076,40.71127],[-74.00051,40.71098],[-74.00142,40.70981],[-73.9945,40.70432],[-73.9948,40.7041],[-73.99471,40.704],[-73.99482,40.70391],[-73.99499,40.70365],[-73.99466,40.70343],[-73.99507,40.7031],[-73.9967,40.70088],[-73.9975,40.69965],[-73.99803,40.69876],[-73.99885,40.69714],[-73.99876,40.69711],[-73.99886,40.69692],[-73.99894,40.69694],[-73.99899,40.69681],[-73.99918,40.69689],[-73.99947,40.6967],[-73.99953,40.69658],[-73.99943,40.69641],[-73.99946,40.69628],[-74.00028,40.69496],[-74.00096,40.69407],[-74.00132,40.69321],[-74.00174,40.69241],[-74.00197,40.69184],[-74.0007,40.69061],[-74.00096,40.69013],[-74.00185,40.69039],[-74.00196,40.69014],[-74.00299,40.69043],[-74.00341,40.68961],[-74.00382,40.68893],[-74.00459,40.68821]]]]}},{"type":"Feature","properties":{"std_name":"NYC-Brooklyn Community District 2--Downtown Brooklyn & Fort Greene PUMA","std_geoid":"3604302","pen":"statisticians","std_note":null},"geometry":{"type":"Polygon","coordinates":[[[-73.98653,40.70498],[-73.98643,40.70508],[-73.98643,40.70535],[-73.98585,40.70542],[-73.98344,40.70564],[-73.9834,40.70547],[-73.98335,40.70545],[-73.98308,40.70548],[-73.98308,40.70552],[-73.98274,40.70558],[-73.98275,40.70553],[-73.98246,40.70551],[-73.98245,40.70555],[-73.98233,40.70555],[-73.98099,40.70537],[-73.98091,40.70591],[-73.98033,40.70585],[-73.97948,40.70582],[-73.97923,40.70577],[-73.97907,40.70596],[-73.97548,40.70749],[-73.97502,40.70774],[-73.97279,40.70938],[-73.97231,40.70907],[-73.97032,40.70733],[-73.96961,40.70763],[-73.96928,40.70704],[-73.96928,40.70693],[-73.96918,40.70694],[-73.96839,40.70683],[-73.96762,40.70496],[-73.96721,40.70426],[-73.96387,40.70154],[-73.96218,40.70022],[-73.96284,40.69804],[-73.96105,40.69833],[-73.96016,40.69412],[-73.95943,40.69045],[-73.96029,40.69035],[-73.95884,40.68302],[-73.96167,40.68269],[-73.96142,40.68143],[-73.96131,40.68046],[-73.97593,40.6835],[-73.97746,40.68405],[-73.97803,40.68486],[-73.97961,40.68249],[-73.98829,40.68587],[-73.98913,40.68459],[-73.99393,40.68645],[-73.99236,40.68969],[-74.00032,40.69188],[-74.00174,40.69241],[-74.00132,40.69321],[-74.00096,40.69407],[-74.00028,40.69496],[-73.99946,40.69628],[-73.99943,40.69641],[-73.99953,40.69658],[-73.99947,40.6967],[-73.99918,40.69689],[-73.99899,40.69681],[-73.99894,40.69694],[-73.99886,40.69692],[-73.99876,40.69711],[-73.99885,40.69714],[-73.99803,40.69876],[-73.9975,40.69965],[-73.9967,40.70088],[-73.99507,40.7031],[-73.99466,40.70343],[-73.99499,40.70365],[-73.99482,40.70391],[-73.99471,40.704],[-73.9948,40.7041],[-73.99434,40.70443],[-73.99386,40.70456],[-73.99381,40.70454],[-73.99377,40.70445],[-73.99369,40.70448],[-73.99385,40.70483],[-73.99272,40.70554],[-73.99148,40.70562],[-73.99088,40.70512],[-73.98986,40.70517],[-73.98942,40.70514],[-73.98796,40.70513],[-73.98727,40.70518],[-73.98687,40.70516],[-73.98669,40.70508],[-73.98662,40.70498],[-73.98653,40.70498]]]}},{"type":"Feature","properties":{"std_name":"NYC-Brooklyn Community District 1--Williamsburg & Greenpoint PUMA","std_geoid":"3604301","pen":"statisticians","std_note":null},"geometry":{"type":"Polygon","coordinates":[[[-73.94193,40.70072],[-73.95702,40.69897],[-73.96284,40.69804],[-73.96218,40.70022],[-73.96387,40.70154],[-73.96721,40.70426],[-73.96762,40.70496],[-73.96839,40.70683],[-73.96918,40.70694],[-73.96928,40.70693],[-73.96928,40.70704],[-73.96935,40.7072],[-73.96985,40.70799],[-73.96994,40.70931],[-73.96961,40.71016],[-73.96905,40.71248],[-73.96847,40.713],[-73.96837,40.71413],[-73.96804,40.71497],[-73.96758,40.7165],[-73.96684,40.71756],[-73.9657,40.71878],[-73.96264,40.72275],[-73.96154,40.72388],[-73.96154,40.72469],[-73.96162,40.72486],[-73.96153,40.72591],[-73.9615,40.72699],[-73.96128,40.72804],[-73.96117,40.72806],[-73.96116,40.72811],[-73.96121,40.72815],[-73.96111,40.72819],[-73.96099,40.72876],[-73.96104,40.72878],[-73.96112,40.72936],[-73.96114,40.72943],[-73.9612,40.72942],[-73.96126,40.72975],[-73.96131,40.7303],[-73.96145,40.73099],[-73.96184,40.73163],[-73.96215,40.73245],[-73.9619,40.73248],[-73.96193,40.73268],[-73.96223,40.73265],[-73.96227,40.73277],[-73.96235,40.73381],[-73.9626,40.7349],[-73.96267,40.73645],[-73.96248,40.7368],[-73.95706,40.73917],[-73.95509,40.7394],[-73.95391,40.73942],[-73.95254,40.73923],[-73.94683,40.73744],[-73.94216,40.73568],[-73.94032,40.7332],[-73.94037,40.73277],[-73.93966,40.73149],[-73.93752,40.72982],[-73.93443,40.72882],[-73.93183,40.72848],[-73.92921,40.72778],[-73.92909,40.72771],[-73.9278,40.72649],[-73.92723,40.72533],[-73.92654,40.72407],[-73.92534,40.72164],[-73.92418,40.72002],[-73.92428,40.71854],[-73.92271,40.71648],[-73.92274,40.71616],[-73.92433,40.71557],[-73.92404,40.71401],[-73.92314,40.7134],[-73.92223,40.71285],[-73.92169,40.71189],[-73.92155,40.71104],[-73.92122,40.71079],[-73.92074,40.71053],[-73.92189,40.7094],[-73.92609,40.70568],[-73.92658,40.70556],[-73.93395,40.70267],[-73.93837,40.70155],[-73.94193,40.70072]]]}},{"type":"Feature","properties":{"std_name":"NYC-Queens Community District 8--Fresh Meadows, Hillcrest, & Briarwood PUMA","std_geoid":"3604408","pen":"statisticians","std_note":null},"geometry":{"type":"Polygon","coordinates":[[[-73.76447,40.71889],[-73.76664,40.71765],[-73.76733,40.71729],[-73.77357,40.71512],[-73.78657,40.71197],[-73.78785,40.71181],[-73.78879,40.71206],[-73.78901,40.71207],[-73.78941,40.712],[-73.79304,40.71071],[-73.79473,40.71001],[-73.79777,40.70914],[-73.7987,40.71066],[-73.80141,40.70969],[-73.8016,40.70955],[-73.80193,40.70891],[-73.80233,40.70857],[-73.80302,40.70814],[-73.80339,40.70853],[-73.80367,40.70874],[-73.80484,40.70934],[-73.80501,40.70947],[-73.80548,40.71009],[-73.80805,40.70936],[-73.80762,40.70873],[-73.80695,40.70737],[-73.81201,40.70594],[-73.81153,40.70227],[-73.81302,40.70249],[-73.81399,40.70254],[-73.81648,40.70245],[-73.8172,40.70403],[-73.81819,40.70595],[-73.81902,40.70738],[-73.8191,40.70775],[-73.81946,40.7084],[-73.81954,40.70828],[-73.82038,40.70951],[-73.82066,40.70987],[-73.82117,40.7104],[-73.82343,40.71228],[-73.82395,40.71285],[-73.82404,40.71321],[-73.82428,40.71383],[-73.82544,40.71556],[-73.8257,40.71606],[-73.82557,40.71615],[-73.82485,40.71612],[-73.82428,40.71618],[-73.8228,40.71661],[-73.82216,40.71673],[-73.82128,40.71678],[-73.82032,40.71666],[-73.82005,40.71681],[-73.8193,40.71714],[-73.81952,40.71734],[-73.8217,40.71736],[-73.8223,40.7174],[-73.82265,40.71748],[-73.82294,40.7175],[-73.82373,40.71748],[-73.82532,40.71734],[-73.82542,40.7174],[-73.82549,40.71869],[-73.82548,40.71921],[-73.82557,40.71972],[-73.82574,40.72022],[-73.82586,40.72046],[-73.82713,40.7243],[-73.82731,40.72465],[-73.82756,40.72496],[-73.82802,40.72531],[-73.82858,40.72556],[-73.82933,40.72573],[-73.82995,40.72597],[-73.83038,40.72623],[-73.83075,40.72657],[-73.8317,40.72803],[-73.83224,40.72863],[-73.83248,40.72894],[-73.8327,40.72926],[-73.83307,40.72992],[-73.83386,40.73055],[-73.83415,40.73184],[-73.83466,40.73198],[-73.83515,40.73292],[-73.83536,40.7329],[-73.83585,40.73383],[-73.83608,40.73433],[-73.83604,40.73609],[-73.83618,40.73688],[-73.83575,40.73699],[-73.83561,40.73748],[-73.8358,40.7389],[-73.83604,40.73917],[-73.83647,40.73909],[-73.83663,40.73925],[-73.83679,40.7399],[-73.83672,40.74095],[-73.83711,40.7414],[-73.8371,40.74163],[-73.83703,40.74198],[-73.83699,40.74209],[-73.83668,40.74227],[-73.83643,40.7425],[-73.83614,40.74243],[-73.83586,40.74323],[-73.83302,40.7426],[-73.83113,40.74234],[-73.8313,40.73956],[-73.83054,40.73752],[-73.82947,40.73703],[-73.82809,40.73708],[-73.82805,40.73856],[-73.82756,40.73849],[-73.82717,40.73851],[-73.82684,40.73856],[-73.82643,40.7387],[-73.82614,40.73885],[-73.82586,40.73906],[-73.82558,40.7394],[-73.82499,40.73938],[-73.82481,40.73963],[-73.82487,40.73986],[-73.82006,40.73883],[-73.81678,40.73838],[-73.81633,40.73845],[-73.81608,40.73886],[-73.81519,40.73857],[-73.81497,40.73855],[-73.81506,40.73899],[-73.81416,40.73885],[-73.81322,40.73876],[-73.80941,40.7386],[-73.80132,40.73833],[-73.79741,40.73826],[-73.7963,40.73833],[-73.79445,40.73879],[-73.78041,40.74263],[-73.7777,40.74309],[-73.77444,40.74357],[-73.77245,40.74392],[-73.77147,40.74426],[-73.76948,40.74525],[-73.76863,40.74558],[-73.76776,40.74583],[-73.76698,40.74422],[-73.76681,40.74402],[-73.76645,40.74372],[-73.76557,40.74326],[-73.7626,40.73709],[-73.76249,40.73673],[-73.76246,40.73655],[-73.76248,40.73618],[-73.76273,40.73526],[-73.76504,40.73448],[-73.7637,40.73286],[-73.76555,40.73254],[-73.76453,40.73147],[-73.76341,40.73047],[-73.76226,40.7296],[-73.76158,40.72916],[-73.76066,40.72862],[-73.75845,40.72754],[-73.75703,40.72661],[-73.75677,40.72638],[-73.75678,40.72631],[-73.75688,40.72628],[-73.75671,40.72618],[-73.75567,40.72532],[-73.75548,40.72512],[-73.75524,40.72478],[-73.75509,40.72449],[-73.75497,40.72416],[-73.75577,40.72364],[-73.75944,40.72106],[-73.7603,40.72066],[-73.76197,40.72],[-73.76447,40.71889]]]}},{"type":"Feature","properties":{"std_name":"NYC-Manhattan Community District 3--Lower East Side & Chinatown PUMA","std_geoid":"3604103","pen":"statisticians","std_note":null},"geometry":{"type":"Polygon","coordinates":[[[-73.96847,40.713],[-73.96905,40.71248],[-73.96961,40.71016],[-73.96994,40.70931],[-73.96985,40.70799],[-73.96961,40.70763],[-73.97032,40.70733],[-73.97231,40.70907],[-73.97279,40.70938],[-73.97502,40.70774],[-73.97548,40.70749],[-73.97907,40.70596],[-73.97923,40.70577],[-73.97948,40.70582],[-73.98033,40.70585],[-73.98091,40.70591],[-73.98099,40.70537],[-73.98233,40.70555],[-73.98245,40.70555],[-73.98246,40.70551],[-73.98275,40.70553],[-73.98274,40.70558],[-73.98308,40.70552],[-73.98308,40.70548],[-73.98335,40.70545],[-73.9834,40.70547],[-73.98344,40.70564],[-73.98585,40.70542],[-73.98643,40.70535],[-73.98643,40.70508],[-73.98653,40.70498],[-73.98662,40.70498],[-73.98669,40.70508],[-73.98687,40.70516],[-73.98727,40.70518],[-73.98796,40.70513],[-73.98942,40.70514],[-73.98986,40.70517],[-73.99088,40.70512],[-73.99148,40.70562],[-73.99272,40.70554],[-73.99385,40.70483],[-73.99369,40.70448],[-73.99377,40.70445],[-73.99381,40.70454],[-73.99386,40.70456],[-73.99434,40.70443],[-73.9945,40.70432],[-74.00142,40.70981],[-74.00051,40.71098],[-74.00076,40.71127],[-74.00086,40.71149],[-74.00089,40.71301],[-74.00093,40.71326],[-74.00157,40.71368],[-74.00097,40.71391],[-74.00075,40.71451],[-74.00046,40.71437],[-74.00053,40.71517],[-74.00079,40.71529],[-74.00014,40.7162],[-73.99931,40.71755],[-73.99859,40.7171],[-73.99606,40.71623],[-73.99543,40.71728],[-73.99481,40.71846],[-73.99403,40.72032],[-73.99352,40.72163],[-73.99129,40.72776],[-73.99072,40.7299],[-73.9905,40.73056],[-73.99039,40.73129],[-73.99003,40.73276],[-73.98987,40.73353],[-73.98985,40.73396],[-73.9899,40.73443],[-73.98034,40.73045],[-73.978,40.72943],[-73.9757,40.72848],[-73.97205,40.72688],[-73.97186,40.72676],[-73.9714,40.72666],[-73.96929,40.72581],[-73.96264,40.72275],[-73.9657,40.71878],[-73.96684,40.71756],[-73.96758,40.7165],[-73.96804,40.71497],[-73.96837,40.71413],[-73.96847,40.713]]]}},{"type":"Feature","properties":{"std_name":"NYC-Queens Community District 6--Forest Hills & Rego Park PUMA","std_geoid":"3604406","pen":"statisticians","std_note":null},"geometry":{"type":"Polygon","coordinates":[[[-73.8511,40.7079],[-73.85277,40.70744],[-73.85475,40.70677],[-73.85594,40.7064],[-73.85668,40.70769],[-73.85714,40.71099],[-73.8573,40.71146],[-73.85976,40.71184],[-73.85963,40.7136],[-73.85964,40.71397],[-73.85976,40.71446],[-73.85983,40.71462],[-73.86004,40.71493],[-73.86302,40.71771],[-73.86524,40.71998],[-73.86548,40.72028],[-73.86657,40.72149],[-73.86824,40.72326],[-73.86849,40.72357],[-73.86877,40.72382],[-73.86929,40.72444],[-73.8697,40.72515],[-73.87063,40.72706],[-73.87102,40.72798],[-73.87143,40.72925],[-73.87241,40.72966],[-73.87524,40.73072],[-73.87416,40.73104],[-73.8739,40.73121],[-73.87317,40.73143],[-73.86835,40.73307],[-73.86458,40.73419],[-73.86462,40.73427],[-73.85887,40.73594],[-73.85877,40.73578],[-73.85632,40.73651],[-73.85509,40.7368],[-73.85342,40.73708],[-73.85191,40.73743],[-73.85135,40.73759],[-73.84958,40.73819],[-73.84864,40.73856],[-73.84756,40.73906],[-73.84721,40.73864],[-73.84674,40.73855],[-73.84606,40.7371],[-73.84591,40.7364],[-73.84569,40.73567],[-73.84543,40.73495],[-73.84496,40.73399],[-73.84421,40.73273],[-73.84389,40.73226],[-73.8435,40.73181],[-73.84281,40.73115],[-73.84147,40.73],[-73.84033,40.72881],[-73.83985,40.72818],[-73.83906,40.72688],[-73.83836,40.72556],[-73.83652,40.72237],[-73.83596,40.72168],[-73.83538,40.72072],[-73.83527,40.72046],[-73.83502,40.71953],[-73.83488,40.7193],[-73.83457,40.71903],[-73.83348,40.71833],[-73.8298,40.71557],[-73.83014,40.71507],[-73.83138,40.71453],[-73.83098,40.71431],[-73.8313,40.71419],[-73.83363,40.71299],[-73.83598,40.71171],[-73.83612,40.71182],[-73.83672,40.71147],[-73.83771,40.71104],[-73.83973,40.7104],[-73.84069,40.71015],[-73.84302,40.70918],[-73.84568,40.70848],[-73.84663,40.7084],[-73.84763,40.70841],[-73.84858,40.70851],[-73.84952,40.70839],[-73.8511,40.7079]]]}},{"type":"Feature","properties":{"std_name":"NYC-Queens Community District 4--Elmhurst & Corona PUMA","std_geoid":"3604404","pen":"statisticians","std_note":null},"geometry":{"type":"Polygon","coordinates":[[[-73.8355,40.74533],[-73.83568,40.74485],[-73.83595,40.74373],[-73.83586,40.74323],[-73.83614,40.74243],[-73.83643,40.7425],[-73.83668,40.74227],[-73.83699,40.74209],[-73.83709,40.74175],[-73.83711,40.74151],[-73.83711,40.7414],[-73.83672,40.74095],[-73.83679,40.7399],[-73.83663,40.73925],[-73.83647,40.73909],[-73.83604,40.73917],[-73.8358,40.7389],[-73.83561,40.73748],[-73.83575,40.73699],[-73.83618,40.73688],[-73.83604,40.73609],[-73.83608,40.73433],[-73.83536,40.7329],[-73.83515,40.73292],[-73.83466,40.73198],[-73.83415,40.73184],[-73.83386,40.73055],[-73.83307,40.72992],[-73.8329,40.72959],[-73.83248,40.72894],[-73.83224,40.72863],[-73.8317,40.72803],[-73.83075,40.72657],[-73.83038,40.72623],[-73.82995,40.72597],[-73.82933,40.72573],[-73.82858,40.72556],[-73.82802,40.72531],[-73.82756,40.72496],[-73.82731,40.72465],[-73.82713,40.7243],[-73.82586,40.72046],[-73.82574,40.72022],[-73.82557,40.71972],[-73.82548,40.71921],[-73.82549,40.71869],[-73.82542,40.7174],[-73.82532,40.71734],[-73.82373,40.71748],[-73.82294,40.7175],[-73.82265,40.71748],[-73.8223,40.7174],[-73.8217,40.71736],[-73.81952,40.71734],[-73.8193,40.71714],[-73.82005,40.71681],[-73.82032,40.71666],[-73.82113,40.71677],[-73.82172,40.71678],[-73.82216,40.71673],[-73.8228,40.71661],[-73.82428,40.71618],[-73.82485,40.71612],[-73.82557,40.71615],[-73.8262,40.71576],[-73.82698,40.71539],[-73.8285,40.71501],[-73.8299,40.71457],[-73.83098,40.71431],[-73.83138,40.71453],[-73.83014,40.71507],[-73.8298,40.71557],[-73.83348,40.71833],[-73.83457,40.71903],[-73.83488,40.7193],[-73.83502,40.71953],[-73.83527,40.72046],[-73.83538,40.72072],[-73.83596,40.72168],[-73.83652,40.72237],[-73.83836,40.72556],[-73.83906,40.72688],[-73.83985,40.72818],[-73.84033,40.72881],[-73.84147,40.73],[-73.84281,40.73115],[-73.8435,40.73181],[-73.84406,40.73249],[-73.84475,40.73362],[-73.84512,40.73428],[-73.84543,40.73495],[-73.84569,40.73567],[-73.84591,40.7364],[-73.84606,40.7371],[-73.84674,40.73855],[-73.84721,40.73864],[-73.84756,40.73906],[-73.84864,40.73856],[-73.84958,40.73819],[-73.85135,40.73759],[-73.85191,40.73743],[-73.85342,40.73708],[-73.85509,40.7368],[-73.85632,40.73651],[-73.85877,40.73578],[-73.85887,40.73594],[-73.86462,40.73427],[-73.86458,40.73419],[-73.86835,40.73307],[-73.87317,40.73143],[-73.8739,40.73121],[-73.87416,40.73104],[-73.87634,40.7304],[-73.87708,40.73014],[-73.87972,40.72909],[-73.88005,40.72899],[-73.88073,40.72883],[-73.88143,40.72873],[-73.88517,40.72842],[-73.88629,40.72818],[-73.88695,40.72798],[-73.8872,40.72787],[-73.8872,40.72861],[-73.88724,40.72893],[-73.88736,40.72957],[-73.88756,40.7302],[-73.88806,40.73009],[-73.88852,40.73453],[-73.88902,40.73523],[-73.88936,40.73584],[-73.88961,40.73594],[-73.89138,40.73592],[-73.89137,40.73606],[-73.88981,40.73637],[-73.88938,40.73642],[-73.88753,40.73676],[-73.88733,40.73845],[-73.88725,40.73884],[-73.89468,40.74023],[-73.89089,40.74069],[-73.89344,40.74496],[-73.89566,40.74847],[-73.89241,40.74714],[-73.89175,40.74681],[-73.86751,40.74938],[-73.86112,40.75002],[-73.8522,40.75266],[-73.85262,40.75341],[-73.85301,40.75456],[-73.85335,40.75601],[-73.85359,40.7567],[-73.85382,40.75719],[-73.85421,40.75787],[-73.85464,40.75847],[-73.85525,40.75915],[-73.85604,40.75973],[-73.85638,40.75991],[-73.85811,40.76064],[-73.85864,40.76094],[-73.85912,40.76127],[-73.85976,40.76184],[-73.85982,40.76226],[-73.86094,40.76373],[-73.86043,40.76387],[-73.85498,40.76745],[-73.8537,40.76948],[-73.85183,40.76775],[-73.85028,40.76606],[-73.84922,40.76421],[-73.84852,40.76382],[-73.84671,40.76134],[-73.84635,40.76122],[-73.84686,40.76042],[-73.84602,40.7608],[-73.84549,40.75973],[-73.84363,40.75616],[-73.84324,40.75534],[-73.84114,40.75601],[-73.84046,40.75627],[-73.83862,40.75704],[-73.83821,40.75525],[-73.83792,40.75454],[-73.83767,40.75411],[-73.83701,40.75403],[-73.836,40.75201],[-73.8356,40.7514],[-73.8323,40.75194],[-73.8322,40.75173],[-73.83218,40.75151],[-73.83273,40.74931],[-73.83293,40.74838],[-73.83301,40.74813],[-73.8331,40.74799],[-73.83424,40.7473],[-73.83453,40.74703],[-73.8355,40.74533]]]}},{"type":"Feature","properties":{"std_name":"NYC-Manhattan Community Districts 5 & 6--Midtown, East Midtown, & Flatiron PUMA","std_geoid":"3604165","pen":"statisticians","std_note":null},"geometry":{"type":"Polygon","coordinates":[[[-73.96021,40.74451],[-73.96083,40.74364],[-73.96118,40.743],[-73.96138,40.7428],[-73.9618,40.74113],[-73.96191,40.741],[-73.96243,40.73967],[-73.96262,40.73903],[-73.96248,40.7368],[-73.96267,40.73645],[-73.9626,40.7349],[-73.96235,40.73381],[-73.96228,40.73283],[-73.96223,40.73265],[-73.96193,40.73268],[-73.9619,40.73248],[-73.96215,40.73245],[-73.96184,40.73163],[-73.96145,40.73099],[-73.96131,40.7303],[-73.96126,40.72975],[-73.9612,40.72942],[-73.96114,40.72943],[-73.96112,40.72936],[-73.96104,40.72878],[-73.96099,40.72876],[-73.96111,40.72819],[-73.96121,40.72815],[-73.96116,40.72811],[-73.96117,40.72806],[-73.96128,40.72804],[-73.9615,40.72699],[-73.96153,40.72591],[-73.96162,40.72486],[-73.96154,40.72469],[-73.96154,40.72388],[-73.96264,40.72275],[-73.96929,40.72581],[-73.9714,40.72666],[-73.97186,40.72676],[-73.97205,40.72688],[-73.9757,40.72848],[-73.978,40.72943],[-73.98034,40.73045],[-73.98494,40.73235],[-73.9899,40.73443],[-73.99075,40.73484],[-73.99171,40.73521],[-73.99684,40.73736],[-73.99142,40.7448],[-73.9971,40.74721],[-73.98215,40.76773],[-73.98184,40.76767],[-73.98161,40.76774],[-73.98143,40.76787],[-73.97364,40.76457],[-73.97141,40.76359],[-73.95893,40.75834],[-73.95872,40.75864],[-73.95553,40.75724],[-73.95848,40.75393],[-73.95902,40.75359],[-73.96021,40.75203],[-73.96071,40.75115],[-73.96159,40.74982],[-73.96156,40.74946],[-73.96149,40.74949],[-73.95773,40.74777],[-73.95919,40.74603],[-73.96021,40.74451]]]}},{"type":"Feature","properties":{"std_name":"NYC-Queens Community District 2--Long Island City, Sunnyside, & Woodside PUMA","std_geoid":"3604402","pen":"statisticians","std_note":null},"geometry":{"type":"Polygon","coordinates":[[[-73.93803,40.74949],[-73.93684,40.7484],[-73.93539,40.74941],[-73.93164,40.75137],[-73.92469,40.75173],[-73.92227,40.75151],[-73.92151,40.75131],[-73.92125,40.75115],[-73.921,40.75085],[-73.92081,40.75055],[-73.9207,40.75024],[-73.92062,40.74974],[-73.91526,40.75085],[-73.91314,40.75097],[-73.90985,40.75164],[-73.91045,40.75296],[-73.90691,40.75328],[-73.89874,40.75415],[-73.89793,40.75294],[-73.89773,40.75254],[-73.89761,40.75213],[-73.89748,40.75115],[-73.8974,40.7508],[-73.89726,40.75033],[-73.89708,40.74994],[-73.89636,40.74877],[-73.89566,40.74847],[-73.89344,40.74496],[-73.89089,40.74069],[-73.89468,40.74023],[-73.88725,40.73884],[-73.88733,40.73845],[-73.88753,40.73676],[-73.88938,40.73642],[-73.88981,40.73637],[-73.89137,40.73606],[-73.89138,40.73592],[-73.88961,40.73594],[-73.88936,40.73584],[-73.88902,40.73523],[-73.88857,40.73459],[-73.89233,40.73447],[-73.89324,40.73456],[-73.89415,40.7348],[-73.89464,40.73496],[-73.895,40.73501],[-73.89603,40.73502],[-73.89651,40.7351],[-73.89691,40.73509],[-73.89783,40.73516],[-73.89902,40.73515],[-73.90001,40.73485],[-73.90037,40.73468],[-73.90062,40.73448],[-73.90518,40.72896],[-73.90707,40.72747],[-73.91012,40.72932],[-73.91093,40.72969],[-73.91173,40.72996],[-73.91201,40.72923],[-73.91205,40.72847],[-73.91493,40.72859],[-73.91507,40.72797],[-73.91797,40.7285],[-73.91836,40.72593],[-73.91943,40.7261],[-73.92127,40.7263],[-73.92221,40.72649],[-73.92278,40.72666],[-73.92387,40.72709],[-73.92462,40.72748],[-73.92507,40.72777],[-73.92645,40.72812],[-73.92654,40.72794],[-73.92831,40.72834],[-73.92906,40.72769],[-73.92921,40.72778],[-73.93183,40.72848],[-73.93443,40.72882],[-73.93752,40.72982],[-73.93966,40.73149],[-73.94037,40.73277],[-73.94032,40.7332],[-73.94216,40.73568],[-73.94683,40.73744],[-73.95254,40.73923],[-73.95391,40.73942],[-73.95509,40.7394],[-73.95706,40.73917],[-73.96248,40.7368],[-73.96262,40.73903],[-73.96243,40.73967],[-73.96191,40.741],[-73.9618,40.74113],[-73.96138,40.7428],[-73.96118,40.743],[-73.96083,40.74364],[-73.96027,40.74443],[-73.95919,40.74603],[-73.95684,40.74883],[-73.95617,40.74967],[-73.9562,40.74969],[-73.95612,40.74976],[-73.95606,40.74976],[-73.95432,40.75126],[-73.95394,40.75175],[-73.95399,40.75179],[-73.95368,40.75205],[-73.95364,40.75204],[-73.95297,40.75275],[-73.95301,40.75277],[-73.95266,40.75311],[-73.95217,40.7537],[-73.95208,40.75376],[-73.95137,40.75452],[-73.95102,40.75509],[-73.95084,40.75522],[-73.94488,40.75261],[-73.94409,40.75228],[-73.94402,40.75235],[-73.94051,40.75086],[-73.93788,40.7498],[-73.93797,40.74967],[-73.93803,40.74949]]]}},{"type":"Feature","properties":{"std_name":"NYC-Queens Community District 7--Flushing, Murray Hill, & Whitestone PUMA","std_geoid":"3604407","pen":"statisticians","std_note":null},"geometry":{"type":"Polygon","coordinates":[[[-73.7973,40.74943],[-73.79658,40.74898],[-73.79472,40.7476],[-73.79446,40.74544],[-73.79446,40.74497],[-73.79453,40.74451],[-73.79467,40.74424],[-73.79501,40.74374],[-73.79543,40.74326],[-73.79614,40.74257],[-73.79723,40.7417],[-73.79728,40.74045],[-73.79726,40.74021],[-73.79718,40.73999],[-73.79641,40.73859],[-73.7963,40.73833],[-73.79741,40.73826],[-73.80132,40.73833],[-73.80658,40.7385],[-73.81322,40.73876],[-73.81416,40.73885],[-73.81506,40.73899],[-73.81497,40.73855],[-73.81519,40.73857],[-73.81608,40.73886],[-73.81633,40.73845],[-73.81678,40.73838],[-73.82006,40.73883],[-73.82487,40.73986],[-73.82481,40.73963],[-73.82499,40.73938],[-73.82558,40.7394],[-73.82586,40.73906],[-73.82614,40.73885],[-73.82643,40.7387],[-73.82684,40.73856],[-73.82717,40.73851],[-73.82756,40.73849],[-73.82805,40.73856],[-73.82809,40.73708],[-73.82947,40.73703],[-73.83054,40.73752],[-73.8313,40.73956],[-73.83113,40.74234],[-73.83302,40.7426],[-73.83586,40.74323],[-73.83593,40.7435],[-73.83595,40.74373],[-73.83585,40.74418],[-73.83568,40.74485],[-73.8355,40.74533],[-73.83463,40.7469],[-73.83446,40.74711],[-73.83424,40.7473],[-73.8331,40.74799],[-73.83301,40.74813],[-73.83293,40.74838],[-73.83273,40.74931],[-73.83218,40.75151],[-73.8322,40.75173],[-73.8323,40.75194],[-73.8356,40.7514],[-73.836,40.75201],[-73.83701,40.75403],[-73.83767,40.75411],[-73.83792,40.75454],[-73.83821,40.75525],[-73.83862,40.75704],[-73.84046,40.75627],[-73.84114,40.75601],[-73.84324,40.75534],[-73.84363,40.75616],[-73.84549,40.75973],[-73.84602,40.7608],[-73.84686,40.76042],[-73.84635,40.76122],[-73.84671,40.76134],[-73.84852,40.76382],[-73.84922,40.76421],[-73.85028,40.76606],[-73.85183,40.76775],[-73.8537,40.76948],[-73.85264,40.77208],[-73.8529,40.77546],[-73.86051,40.77898],[-73.86542,40.78497],[-73.87163,40.7868],[-73.87148,40.78704],[-73.87137,40.78727],[-73.87107,40.78757],[-73.8708,40.78793],[-73.87079,40.78803],[-73.87095,40.78847],[-73.87098,40.78888],[-73.87095,40.78895],[-73.87097,40.78906],[-73.87021,40.79091],[-73.86712,40.79374],[-73.86297,40.79767],[-73.85307,40.80011],[-73.84665,40.80102],[-73.84408,40.80102],[-73.83541,40.8022],[-73.83082,40.80306],[-73.83023,40.80327],[-73.82758,40.80394],[-73.82344,40.80481],[-73.81742,40.80579],[-73.8113,40.8054],[-73.80454,40.80355],[-73.79975,40.8022],[-73.79713,40.80141],[-73.79356,40.80038],[-73.79002,40.80023],[-73.78792,40.80036],[-73.78732,40.80085],[-73.78475,40.80259],[-73.78268,40.80539],[-73.77956,40.81125],[-73.77896,40.81171],[-73.76371,40.7938],[-73.7571,40.78969],[-73.75619,40.7887],[-73.7588,40.7843],[-73.76014,40.78067],[-73.76816,40.77813],[-73.76864,40.77909],[-73.77554,40.77703],[-73.77572,40.7779],[-73.77584,40.77861],[-73.77678,40.77841],[-73.77948,40.77766],[-73.78655,40.77556],[-73.78827,40.77508],[-73.79163,40.77424],[-73.79365,40.77336],[-73.79566,40.77303],[-73.79513,40.77265],[-73.7948,40.7723],[-73.79397,40.77125],[-73.79318,40.7704],[-73.79396,40.7647],[-73.79303,40.76462],[-73.79344,40.7616],[-73.79344,40.76076],[-73.79076,40.76099],[-73.79032,40.75782],[-73.79403,40.75774],[-73.79493,40.7578],[-73.79458,40.75356],[-73.79472,40.75065],[-73.79566,40.75024],[-73.7973,40.74943]]]}},{"type":"Feature","properties":{"std_name":"NYC-Manhattan Community District 4--Chelsea & Hell's Kitchen PUMA","std_geoid":"3604104","pen":"statisticians","std_note":null},"geometry":{"type":"Polygon","coordinates":[[[-73.99142,40.7448],[-73.99684,40.73736],[-74.0087,40.74236],[-74.00889,40.74238],[-74.00933,40.74257],[-74.01728,40.74418],[-74.01403,40.75755],[-74.00045,40.77615],[-73.99597,40.77401],[-73.99614,40.77383],[-73.99395,40.77288],[-73.99332,40.77283],[-73.99378,40.7722],[-73.98238,40.7674],[-73.9971,40.74721],[-73.99142,40.7448]]]}},{"type":"Feature","properties":{"std_name":"NYC-Queens Community District 3--Jackson Heights & East Elmhurst PUMA","std_geoid":"3604403","pen":"statisticians","std_note":null},"geometry":{"type":"Polygon","coordinates":[[[-73.868,40.77025],[-73.86721,40.76973],[-73.86598,40.76886],[-73.86484,40.76794],[-73.86344,40.76662],[-73.86273,40.76589],[-73.86094,40.76373],[-73.85982,40.76226],[-73.85976,40.76184],[-73.85912,40.76127],[-73.85864,40.76094],[-73.85811,40.76064],[-73.85638,40.75991],[-73.85604,40.75973],[-73.85525,40.75915],[-73.85501,40.75888],[-73.85464,40.75847],[-73.85421,40.75787],[-73.85372,40.75697],[-73.85335,40.75601],[-73.85301,40.75456],[-73.85262,40.75341],[-73.8522,40.75266],[-73.86112,40.75002],[-73.86751,40.74938],[-73.89175,40.74681],[-73.89241,40.74714],[-73.89636,40.74877],[-73.89708,40.74994],[-73.89726,40.75033],[-73.89748,40.75115],[-73.89763,40.75222],[-73.89779,40.75267],[-73.89793,40.75294],[-73.89877,40.7542],[-73.89861,40.75428],[-73.89886,40.75471],[-73.89923,40.75554],[-73.89967,40.75681],[-73.89974,40.75726],[-73.89968,40.75811],[-73.89961,40.75839],[-73.89948,40.75864],[-73.89855,40.75993],[-73.89877,40.75992],[-73.89655,40.76308],[-73.89632,40.76335],[-73.8955,40.76395],[-73.8951,40.76436],[-73.89495,40.76467],[-73.89457,40.76581],[-73.89432,40.76615],[-73.89408,40.76633],[-73.89386,40.76642],[-73.89324,40.76634],[-73.89246,40.76629],[-73.89184,40.76628],[-73.89109,40.76634],[-73.8909,40.76586],[-73.88919,40.7663],[-73.88877,40.76651],[-73.88834,40.7666],[-73.88836,40.76677],[-73.88623,40.76733],[-73.88521,40.76765],[-73.88432,40.76798],[-73.88238,40.76886],[-73.87952,40.77043],[-73.87862,40.77086],[-73.87825,40.77101],[-73.87788,40.77115],[-73.8767,40.7715],[-73.87553,40.77173],[-73.87441,40.77185],[-73.87383,40.77187],[-73.87299,40.77186],[-73.87185,40.77174],[-73.87129,40.77164],[-73.87026,40.77136],[-73.86957,40.77109],[-73.86883,40.77073],[-73.868,40.77025]]]}},{"type":"Feature","properties":{"std_name":"NYC-Manhattan Community District 8--Upper East Side & Roosevelt Island PUMA","std_geoid":"3604108","pen":"statisticians","std_note":null},"geometry":{"type":"Polygon","coordinates":[[[-73.95578,40.78791],[-73.94405,40.78296],[-73.94376,40.78283],[-73.9436,40.78265],[-73.93761,40.78175],[-73.93729,40.78096],[-73.93441,40.77809],[-73.93474,40.77808],[-73.93508,40.77794],[-73.93586,40.77721],[-73.93609,40.77718],[-73.93638,40.77692],[-73.93705,40.77587],[-73.93766,40.77509],[-73.93786,40.77409],[-73.93781,40.77356],[-73.93747,40.7725],[-73.93496,40.77173],[-73.93532,40.77049],[-73.9364,40.76947],[-73.9382,40.76873],[-73.93984,40.76799],[-73.94035,40.76765],[-73.94046,40.76753],[-73.94131,40.76692],[-73.9435,40.7645],[-73.94472,40.76288],[-73.94571,40.76149],[-73.94581,40.76145],[-73.94596,40.76129],[-73.95088,40.75517],[-73.95102,40.75509],[-73.95137,40.75452],[-73.95208,40.75376],[-73.95217,40.7537],[-73.95266,40.75311],[-73.95301,40.75277],[-73.95297,40.75275],[-73.95364,40.75204],[-73.95368,40.75205],[-73.95399,40.75179],[-73.95394,40.75175],[-73.95432,40.75126],[-73.95606,40.74976],[-73.95612,40.74976],[-73.9562,40.74969],[-73.95617,40.74967],[-73.95684,40.74883],[-73.95773,40.74777],[-73.96149,40.74949],[-73.96156,40.74946],[-73.96159,40.74982],[-73.96071,40.75115],[-73.96021,40.75203],[-73.95902,40.75359],[-73.95848,40.75393],[-73.95553,40.75724],[-73.95872,40.75864],[-73.95893,40.75834],[-73.97302,40.76428],[-73.95578,40.78791]]]}},{"type":"Feature","properties":{"std_name":"NYC-Queens Community District 1--Astoria & Queensbridge PUMA","std_geoid":"3604401","pen":"statisticians","std_note":null},"geometry":{"type":"Polygon","coordinates":[[[-73.89876,40.75415],[-73.90691,40.75328],[-73.91045,40.75296],[-73.90985,40.75164],[-73.91314,40.75097],[-73.91526,40.75085],[-73.92062,40.74974],[-73.9207,40.75024],[-73.92081,40.75055],[-73.921,40.75085],[-73.92125,40.75115],[-73.92151,40.75131],[-73.92227,40.75151],[-73.92469,40.75173],[-73.93164,40.75137],[-73.93539,40.74941],[-73.93684,40.7484],[-73.93803,40.74949],[-73.93797,40.74967],[-73.93788,40.7498],[-73.94051,40.75086],[-73.94402,40.75235],[-73.94409,40.75228],[-73.94488,40.75261],[-73.95084,40.75522],[-73.94596,40.76129],[-73.94581,40.76145],[-73.94571,40.76149],[-73.94472,40.76288],[-73.9435,40.7645],[-73.94131,40.76692],[-73.94046,40.76753],[-73.94035,40.76765],[-73.93984,40.76799],[-73.9382,40.76873],[-73.9364,40.76947],[-73.93532,40.77049],[-73.93496,40.77173],[-73.93747,40.7725],[-73.93781,40.77356],[-73.93786,40.77409],[-73.93766,40.77509],[-73.93705,40.77587],[-73.93638,40.77692],[-73.93609,40.77718],[-73.93586,40.77721],[-73.93508,40.77794],[-73.93474,40.77808],[-73.93391,40.77812],[-73.93278,40.77792],[-73.93272,40.77804],[-73.93185,40.77789],[-73.93105,40.77744],[-73.93107,40.77726],[-73.93063,40.77659],[-73.92988,40.77622],[-73.92861,40.77659],[-73.92828,40.7769],[-73.92632,40.77824],[-73.92557,40.77846],[-73.92482,40.77876],[-73.92423,40.7791],[-73.92319,40.78025],[-73.92296,40.78044],[-73.92263,40.78057],[-73.9221,40.78085],[-73.91909,40.78337],[-73.91819,40.78393],[-73.91774,40.78408],[-73.91724,40.78414],[-73.91717,40.78419],[-73.91718,40.78455],[-73.91683,40.78519],[-73.91575,40.78611],[-73.9154,40.78606],[-73.91526,40.78619],[-73.91559,40.78643],[-73.91424,40.78786],[-73.9126,40.78938],[-73.91223,40.78918],[-73.91207,40.78934],[-73.91195,40.7894],[-73.91208,40.78952],[-73.91177,40.78972],[-73.91162,40.78959],[-73.91125,40.78974],[-73.91113,40.79011],[-73.9103,40.79066],[-73.91067,40.79312],[-73.91246,40.7961],[-73.89987,40.79245],[-73.89218,40.79039],[-73.89197,40.79024],[-73.89177,40.79022],[-73.89161,40.79016],[-73.89141,40.79019],[-73.89116,40.79017],[-73.89092,40.79023],[-73.8908,40.79021],[-73.89057,40.79011],[-73.8903,40.78988],[-73.89013,40.78964],[-73.88989,40.78901],[-73.8898,40.78865],[-73.8894,40.78779],[-73.88905,40.78737],[-73.88856,40.78716],[-73.88831,40.78701],[-73.8877,40.78687],[-73.88728,40.78681],[-73.88715,40.78683],[-73.88692,40.78673],[-73.88613,40.78671],[-73.88596,40.78675],[-73.88577,40.78668],[-73.8853,40.78668],[-73.88522,40.78663],[-73.87831,40.78536],[-73.87776,40.78558],[-73.87737,40.78569],[-73.87677,40.78581],[-73.87629,40.78586],[-73.87508,40.78587],[-73.87351,40.78572],[-73.87298,40.78589],[-73.87288,40.78596],[-73.87281,40.7859],[-73.87277,40.78594],[-73.87287,40.78598],[-73.87279,40.78608],[-73.87226,40.78642],[-73.87211,40.78647],[-73.87163,40.7868],[-73.86542,40.78497],[-73.86051,40.77898],[-73.8529,40.77546],[-73.85264,40.77208],[-73.8537,40.76948],[-73.85498,40.76745],[-73.86043,40.76387],[-73.86094,40.76373],[-73.86273,40.76589],[-73.86425,40.76741],[-73.86484,40.76794],[-73.86598,40.76886],[-73.86721,40.76973],[-73.868,40.77025],[-73.86883,40.77073],[-73.86957,40.77109],[-73.87026,40.77136],[-73.87129,40.77164],[-73.8726,40.77183],[-73.87383,40.77187],[-73.87441,40.77185],[-73.87553,40.77173],[-73.8767,40.7715],[-73.87788,40.77115],[-73.87862,40.77086],[-73.87952,40.77043],[-73.88238,40.76886],[-73.88432,40.76798],[-73.88521,40.76765],[-73.88623,40.76733],[-73.88836,40.76677],[-73.88834,40.7666],[-73.88877,40.76651],[-73.88919,40.7663],[-73.89042,40.76596],[-73.8909,40.76586],[-73.89109,40.76634],[-73.89184,40.76628],[-73.89246,40.76629],[-73.89324,40.76634],[-73.89386,40.76642],[-73.89401,40.76638],[-73.89432,40.76615],[-73.89457,40.76581],[-73.89495,40.76467],[-73.8951,40.76436],[-73.8955,40.76395],[-73.89632,40.76335],[-73.89655,40.76308],[-73.89877,40.75992],[-73.89855,40.75993],[-73.89937,40.7588],[-73.89961,40.75839],[-73.89968,40.75811],[-73.89974,40.75742],[-73.89973,40.75716],[-73.89967,40.75681],[-73.89923,40.75554],[-73.89886,40.75471],[-73.89861,40.75428],[-73.89877,40.7542],[-73.89874,40.75415],[-73.89876,40.75415]]]}},{"type":"Feature","properties":{"std_name":"NYC-Manhattan Community District 7--Upper West Side PUMA","std_geoid":"3604107","pen":"statisticians","std_note":null},"geometry":{"type":"Polygon","coordinates":[[[-73.9578,40.80048],[-73.94922,40.79691],[-73.9497,40.79622],[-73.97302,40.76428],[-73.97364,40.76457],[-73.98143,40.76787],[-73.98161,40.76774],[-73.98184,40.76767],[-73.98215,40.76773],[-73.98238,40.7674],[-73.99378,40.7722],[-73.99332,40.77283],[-73.99395,40.77288],[-73.99614,40.77383],[-73.99597,40.77401],[-74.00045,40.77615],[-73.97717,40.80803],[-73.9667,40.80417],[-73.96108,40.8018],[-73.95856,40.8007],[-73.9582,40.80055],[-73.9578,40.80048]]]}},{"type":"Feature","properties":{"std_name":"NYC-Manhattan Community District 11--East Harlem PUMA","std_geoid":"3604111","pen":"statisticians","std_note":null},"geometry":{"type":"Polygon","coordinates":[[[-73.91631,40.79788],[-73.91575,40.79759],[-73.91446,40.79704],[-73.9139,40.79684],[-73.91362,40.79679],[-73.91246,40.7961],[-73.91067,40.79312],[-73.9103,40.79066],[-73.91113,40.79011],[-73.91125,40.78974],[-73.91162,40.78959],[-73.91177,40.78972],[-73.91208,40.78952],[-73.91195,40.7894],[-73.91207,40.78934],[-73.91223,40.78918],[-73.9126,40.78938],[-73.91424,40.78786],[-73.91559,40.78643],[-73.91526,40.78619],[-73.9154,40.78606],[-73.91575,40.78611],[-73.91683,40.78519],[-73.91718,40.78455],[-73.91717,40.78419],[-73.91724,40.78414],[-73.91774,40.78408],[-73.91819,40.78393],[-73.91909,40.78337],[-73.9221,40.78085],[-73.92263,40.78057],[-73.92296,40.78044],[-73.92319,40.78025],[-73.92423,40.7791],[-73.92482,40.77876],[-73.92557,40.77846],[-73.92632,40.77824],[-73.92828,40.7769],[-73.92861,40.77659],[-73.92988,40.77622],[-73.93063,40.77659],[-73.93107,40.77726],[-73.93105,40.77744],[-73.93179,40.77787],[-73.93272,40.77804],[-73.93278,40.77792],[-73.93391,40.77812],[-73.93441,40.77809],[-73.93729,40.78096],[-73.93761,40.78175],[-73.9436,40.78265],[-73.94376,40.78283],[-73.94405,40.78296],[-73.95578,40.78791],[-73.95344,40.79109],[-73.9446,40.80323],[-73.94613,40.80388],[-73.94478,40.80576],[-73.9443,40.80639],[-73.94275,40.80574],[-73.93621,40.81467],[-73.93487,40.81653],[-73.93445,40.81719],[-73.93429,40.81724],[-73.93413,40.81773],[-73.93398,40.8177],[-73.93427,40.81874],[-73.93434,40.81876],[-73.93444,40.81915],[-73.93448,40.8197],[-73.93412,40.81955],[-73.93382,40.81949],[-73.93233,40.8195],[-73.93226,40.818],[-73.93233,40.81492],[-73.93242,40.81403],[-73.93242,40.81357],[-73.9326,40.81199],[-73.93263,40.81061],[-73.93257,40.80926],[-73.93248,40.80886],[-73.93211,40.80818],[-73.93117,40.80721],[-73.93041,40.80648],[-73.93035,40.8062],[-73.9284,40.80411],[-73.92753,40.80276],[-73.92725,40.80256],[-73.92656,40.80248],[-73.92508,40.80252],[-73.92407,40.80247],[-73.92363,40.80255],[-73.92302,40.80242],[-73.92234,40.80196],[-73.92174,40.80169],[-73.92162,40.80145],[-73.9212,40.80101],[-73.92105,40.80064],[-73.92073,40.8001],[-73.92036,40.79967],[-73.91986,40.79935],[-73.9191,40.79901],[-73.91881,40.79885],[-73.91631,40.79788]]]}},{"type":"Feature","properties":{"std_name":"NYC-Brooklyn Community District 18--Canarsie & Flatlands PUMA","std_geoid":"3604318","pen":"statisticians","std_note":null},"geometry":{"type":"Polygon","coordinates":[[[-73.90762,40.6499],[-73.90398,40.64663],[-73.89586,40.65188],[-73.89761,40.65345],[-73.89355,40.6552],[-73.89246,40.65371],[-73.89137,40.65237],[-73.88999,40.65114],[-73.89125,40.65003],[-73.88959,40.64811],[-73.88656,40.64509],[-73.88619,40.64477],[-73.88432,40.64294],[-73.8819,40.64084],[-73.88074,40.63961],[-73.87954,40.63886],[-73.87881,40.63794],[-73.87647,40.64261],[-73.87569,40.64395],[-73.87497,40.645],[-73.87429,40.64585],[-73.87338,40.64682],[-73.87243,40.64766],[-73.87166,40.64826],[-73.87032,40.64918],[-73.86911,40.64987],[-73.86575,40.65165],[-73.86216,40.65363],[-73.86083,40.65448],[-73.86048,40.65466],[-73.85976,40.6541],[-73.85898,40.65268],[-73.85696,40.65058],[-73.85665,40.65013],[-73.85615,40.6492],[-73.85494,40.64265],[-73.84834,40.64352],[-73.83765,40.63284],[-73.83624,40.63111],[-73.83538,40.63032],[-73.83304,40.62826],[-73.83339,40.62767],[-73.83405,40.61346],[-73.83428,40.60919],[-73.83446,40.60719],[-73.83588,40.60564],[-73.84202,40.59831],[-73.84444,40.59586],[-73.84668,40.59321],[-73.84739,40.59203],[-73.84985,40.58867],[-73.85352,40.58659],[-73.86561,40.5812],[-73.86923,40.57934],[-73.87142,40.57854],[-73.87922,40.57466],[-73.88507,40.57375],[-73.89052,40.5727],[-73.90387,40.57162],[-73.90491,40.57141],[-73.92807,40.56779],[-73.93195,40.58202],[-73.93184,40.58308],[-73.93204,40.58423],[-73.93108,40.58439],[-73.9301,40.5845],[-73.93019,40.58509],[-73.93126,40.58543],[-73.93137,40.58607],[-73.92721,40.5848],[-73.92643,40.58482],[-73.92595,40.58501],[-73.92552,40.58483],[-73.92537,40.58469],[-73.92506,40.58473],[-73.92472,40.58465],[-73.92408,40.58467],[-73.92345,40.58482],[-73.92303,40.58477],[-73.92265,40.58465],[-73.92259,40.58467],[-73.92115,40.58465],[-73.92097,40.58458],[-73.92068,40.5847],[-73.91994,40.58465],[-73.91952,40.5849],[-73.91921,40.58493],[-73.91899,40.58504],[-73.91876,40.58524],[-73.91843,40.58533],[-73.91831,40.58541],[-73.91827,40.58533],[-73.91785,40.5855],[-73.91766,40.58561],[-73.91787,40.58597],[-73.91766,40.58614],[-73.91771,40.58627],[-73.91799,40.58653],[-73.91972,40.58799],[-73.92957,40.59682],[-73.92813,40.59778],[-73.92992,40.59944],[-73.93355,40.60269],[-73.93426,40.60223],[-73.93973,40.60713],[-73.93754,40.60856],[-73.93935,40.61019],[-73.94231,40.60827],[-73.94355,40.60935],[-73.94483,40.61605],[-73.94574,40.61536],[-73.94651,40.61949],[-73.94452,40.61971],[-73.94543,40.6245],[-73.94642,40.62438],[-73.94733,40.62917],[-73.94415,40.62951],[-73.94648,40.63171],[-73.93701,40.6323],[-73.93727,40.63465],[-73.92745,40.63526],[-73.92679,40.63611],[-73.92651,40.63654],[-73.92615,40.63757],[-73.92603,40.63854],[-73.92574,40.64001],[-73.92548,40.64159],[-73.92538,40.64238],[-73.92356,40.6425],[-73.92333,40.6399],[-73.92161,40.64169],[-73.91973,40.64272],[-73.91995,40.64471],[-73.9183,40.64581],[-73.90945,40.65152],[-73.90868,40.65072],[-73.90762,40.6499]]]}},{"type":"Feature","properties":{"std_name":"NYC-Queens Community District 5--Ridgewood, Maspeth, & Middle Village PUMA","std_geoid":"3604405","pen":"statisticians","std_note":null},"geometry":{"type":"Polygon","coordinates":[[[-73.85976,40.71184],[-73.8573,40.71146],[-73.85714,40.71099],[-73.85668,40.70769],[-73.85594,40.7064],[-73.85475,40.70677],[-73.85453,40.70656],[-73.8544,40.70624],[-73.85435,40.70591],[-73.8544,40.70558],[-73.85435,40.70541],[-73.8544,40.70529],[-73.85464,40.70529],[-73.85473,40.70524],[-73.85369,40.70432],[-73.85268,40.70302],[-73.85215,40.70225],[-73.85529,40.7026],[-73.85529,40.70184],[-73.85631,40.70184],[-73.85691,40.70188],[-73.85703,40.70117],[-73.85739,40.70121],[-73.85858,40.70124],[-73.85815,40.7029],[-73.86142,40.70327],[-73.86325,40.70339],[-73.86916,40.70289],[-73.86912,40.7016],[-73.86952,40.70141],[-73.86931,40.69935],[-73.8708,40.69788],[-73.87066,40.69762],[-73.86892,40.69515],[-73.87402,40.69419],[-73.87946,40.69123],[-73.88378,40.68786],[-73.88452,40.68669],[-73.88808,40.68529],[-73.88909,40.68464],[-73.88961,40.68421],[-73.89014,40.685],[-73.89166,40.68404],[-73.89252,40.68342],[-73.8942,40.68531],[-73.89529,40.68417],[-73.89612,40.68314],[-73.89633,40.68283],[-73.89652,40.6824],[-73.90116,40.68788],[-73.90042,40.68818],[-73.9018,40.69077],[-73.90124,40.69144],[-73.90159,40.69163],[-73.90207,40.692],[-73.9058,40.69413],[-73.90491,40.69507],[-73.9048,40.69515],[-73.90426,40.6957],[-73.91014,40.69903],[-73.91181,40.69994],[-73.91068,40.70105],[-73.9129,40.70236],[-73.91181,40.70343],[-73.92189,40.7094],[-73.92074,40.71053],[-73.92122,40.71079],[-73.92155,40.71104],[-73.92169,40.71189],[-73.92223,40.71285],[-73.92314,40.7134],[-73.92404,40.71401],[-73.92433,40.71557],[-73.92274,40.71616],[-73.92271,40.71648],[-73.92428,40.71854],[-73.92418,40.72002],[-73.92534,40.72164],[-73.92654,40.72407],[-73.92723,40.72533],[-73.9278,40.72649],[-73.92906,40.72769],[-73.92831,40.72834],[-73.92654,40.72794],[-73.92645,40.72812],[-73.92507,40.72777],[-73.92462,40.72748],[-73.92387,40.72709],[-73.92278,40.72666],[-73.92221,40.72649],[-73.92127,40.7263],[-73.91943,40.7261],[-73.91836,40.72593],[-73.91797,40.7285],[-73.91507,40.72797],[-73.91493,40.72859],[-73.91205,40.72847],[-73.91201,40.72923],[-73.91173,40.72996],[-73.91093,40.72969],[-73.91012,40.72932],[-73.90707,40.72747],[-73.90518,40.72896],[-73.90062,40.73448],[-73.90037,40.73468],[-73.90011,40.73481],[-73.89902,40.73515],[-73.89783,40.73516],[-73.89691,40.73509],[-73.89651,40.7351],[-73.89603,40.73502],[-73.895,40.73501],[-73.89464,40.73496],[-73.89415,40.7348],[-73.89324,40.73456],[-73.89233,40.73447],[-73.88857,40.73459],[-73.88852,40.73453],[-73.88844,40.73385],[-73.88806,40.73009],[-73.88756,40.7302],[-73.88736,40.72957],[-73.88724,40.72893],[-73.8872,40.72861],[-73.8872,40.72787],[-73.88695,40.72798],[-73.88629,40.72818],[-73.88517,40.72842],[-73.88143,40.72873],[-73.88039,40.7289],[-73.87972,40.72909],[-73.87708,40.73014],[-73.87634,40.7304],[-73.87524,40.73072],[-73.87241,40.72966],[-73.87143,40.72925],[-73.87102,40.72798],[-73.87063,40.72706],[-73.8697,40.72515],[-73.86929,40.72444],[-73.86877,40.72382],[-73.86849,40.72357],[-73.86824,40.72326],[-73.86657,40.72149],[-73.86548,40.72028],[-73.86524,40.71998],[-73.86302,40.71771],[-73.86004,40.71493],[-73.85983,40.71462],[-73.85976,40.71446],[-73.85964,40.71397],[-73.85963,40.7136],[-73.85976,40.71184]]]}},{"type":"Feature","properties":{"std_name":"NYC-Bronx Community Districts 1 & 2--Melrose, Mott Haven, Longwood, & Hunts Point PUMA","std_geoid":"3604221","pen":"statisticians","std_note":null},"geometry":{"type":"Polygon","coordinates":[[[-73.87797,40.81615],[-73.8713,40.81395],[-73.86648,40.8059],[-73.86297,40.79767],[-73.86712,40.79374],[-73.87021,40.79091],[-73.87097,40.78906],[-73.87095,40.78895],[-73.87098,40.78888],[-73.87095,40.78847],[-73.87079,40.78803],[-73.87081,40.7879],[-73.87137,40.78727],[-73.87148,40.78704],[-73.87163,40.7868],[-73.87211,40.78647],[-73.87226,40.78642],[-73.87279,40.78608],[-73.87287,40.78598],[-73.87277,40.78594],[-73.87281,40.7859],[-73.87288,40.78596],[-73.87298,40.78589],[-73.87351,40.78572],[-73.87508,40.78587],[-73.87629,40.78586],[-73.87677,40.78581],[-73.87737,40.78569],[-73.87776,40.78558],[-73.87831,40.78536],[-73.88522,40.78663],[-73.8853,40.78668],[-73.88577,40.78668],[-73.88596,40.78675],[-73.88613,40.78671],[-73.88692,40.78673],[-73.88715,40.78683],[-73.88728,40.78681],[-73.8877,40.78687],[-73.88831,40.78701],[-73.88856,40.78716],[-73.88905,40.78737],[-73.8894,40.78779],[-73.8898,40.78865],[-73.88989,40.78901],[-73.89013,40.78964],[-73.8903,40.78988],[-73.89057,40.79011],[-73.8908,40.79021],[-73.89092,40.79023],[-73.89116,40.79017],[-73.89141,40.79019],[-73.89161,40.79016],[-73.89177,40.79022],[-73.89197,40.79024],[-73.89218,40.79039],[-73.89987,40.79245],[-73.91246,40.7961],[-73.91362,40.79679],[-73.9139,40.79684],[-73.91446,40.79704],[-73.91575,40.79759],[-73.91631,40.79788],[-73.91881,40.79885],[-73.9191,40.79901],[-73.91986,40.79935],[-73.92036,40.79967],[-73.92073,40.8001],[-73.92105,40.80064],[-73.9212,40.80101],[-73.92162,40.80145],[-73.92174,40.80169],[-73.92234,40.80196],[-73.92302,40.80242],[-73.92363,40.80255],[-73.92407,40.80247],[-73.92508,40.80252],[-73.92656,40.80248],[-73.92725,40.80256],[-73.92753,40.80276],[-73.9284,40.80411],[-73.93035,40.8062],[-73.93041,40.80648],[-73.93117,40.80721],[-73.93211,40.80818],[-73.93248,40.80886],[-73.93257,40.80926],[-73.93263,40.81061],[-73.9326,40.81199],[-73.93242,40.81357],[-73.9324,40.81415],[-73.93216,40.81415],[-73.93135,40.81383],[-73.93127,40.81371],[-73.93028,40.81326],[-73.92886,40.81488],[-73.92822,40.81654],[-73.92731,40.81856],[-73.92518,40.81801],[-73.92403,40.81929],[-73.92265,40.82049],[-73.92195,40.82103],[-73.92114,40.82156],[-73.92066,40.82184],[-73.92034,40.82209],[-73.91677,40.82439],[-73.91588,40.8241],[-73.91622,40.82347],[-73.91174,40.82211],[-73.9107,40.82232],[-73.90985,40.82255],[-73.9095,40.82244],[-73.90646,40.82171],[-73.90566,40.82156],[-73.90129,40.82048],[-73.90061,40.82211],[-73.90199,40.82244],[-73.90054,40.82594],[-73.90165,40.82622],[-73.90094,40.82793],[-73.8998,40.82769],[-73.89568,40.82822],[-73.8956,40.82832],[-73.89506,40.82801],[-73.89513,40.82789],[-73.89484,40.82624],[-73.89293,40.82679],[-73.88998,40.82681],[-73.8879,40.82674],[-73.8864,40.8275],[-73.88609,40.82769],[-73.88661,40.82533],[-73.88675,40.82439],[-73.88689,40.82372],[-73.88719,40.82302],[-73.88736,40.82277],[-73.88754,40.82256],[-73.88797,40.82226],[-73.88741,40.82254],[-73.88699,40.82265],[-73.88558,40.82286],[-73.88441,40.82297],[-73.88433,40.82261],[-73.88379,40.82193],[-73.88245,40.81927],[-73.87797,40.81615]]]}},{"type":"Feature","properties":{"std_name":"NYC-Brooklyn Community District 3--Bedford-Stuyvesant PUMA","std_geoid":"3604303","pen":"statisticians","std_note":null},"geometry":{"type":"Polygon","coordinates":[[[-73.95702,40.69897],[-73.94193,40.70072],[-73.93522,40.69699],[-73.9297,40.69386],[-73.91805,40.68721],[-73.91639,40.67891],[-73.9163,40.67858],[-73.92165,40.67887],[-73.92182,40.67702],[-73.93859,40.67797],[-73.94318,40.67818],[-73.94968,40.67857],[-73.95205,40.67867],[-73.95301,40.67882],[-73.95531,40.67927],[-73.95564,40.67926],[-73.95602,40.67936],[-73.96131,40.68046],[-73.96142,40.68143],[-73.96167,40.68269],[-73.95884,40.68302],[-73.96029,40.69035],[-73.95943,40.69045],[-73.96016,40.69412],[-73.96105,40.69833],[-73.95702,40.69897]]]}},{"type":"Feature","properties":{"std_name":"NYC-Brooklyn Community District 13--Coney Island & Brighton Beach PUMA","std_geoid":"3604313","pen":"statisticians","std_note":null},"geometry":{"type":"Polygon","coordinates":[[[-73.95403,40.58252],[-73.95374,40.58135],[-73.95243,40.57456],[-73.9524,40.57425],[-73.95168,40.5703],[-73.92939,40.57261],[-73.92807,40.56779],[-73.93336,40.56693],[-73.93489,40.56665],[-73.945,40.56531],[-73.9507,40.56443],[-73.95167,40.56431],[-73.95928,40.56308],[-73.99709,40.55728],[-74.03629,40.55104],[-74.03505,40.57285],[-74.03455,40.57625],[-74.03788,40.5892],[-74.04139,40.60311],[-74.04374,40.60669],[-74.04348,40.60679],[-74.03138,40.60231],[-74.01602,40.59955],[-74.00578,40.59414],[-74.00362,40.58992],[-74.00947,40.58423],[-74.00809,40.58399],[-74.00429,40.58568],[-74.00042,40.58714],[-73.99764,40.58846],[-73.99767,40.58852],[-73.99802,40.58841],[-73.99803,40.58847],[-73.99376,40.59033],[-73.99331,40.58958],[-73.99154,40.59039],[-73.99036,40.59143],[-73.98962,40.59098],[-73.98602,40.59445],[-73.98468,40.59366],[-73.98464,40.59355],[-73.98071,40.594],[-73.97948,40.59323],[-73.97769,40.59218],[-73.97751,40.59114],[-73.97557,40.58995],[-73.96068,40.5916],[-73.9603,40.58651],[-73.96023,40.58452],[-73.96003,40.58321],[-73.95901,40.58287],[-73.95721,40.58308],[-73.95654,40.58266],[-73.95414,40.58311],[-73.95403,40.58252]]]}},{"type":"Feature","properties":{"std_name":"NYC-Brooklyn Community District 14--Flatbush & Midwood PUMA","std_geoid":"3604314","pen":"statisticians","std_note":null},"geometry":{"type":"Polygon","coordinates":[[[-73.9536,40.61095],[-73.96238,40.60999],[-73.96607,40.62955],[-73.97137,40.62897],[-73.97092,40.62657],[-73.97624,40.62598],[-73.97658,40.62757],[-73.9767,40.62835],[-73.97716,40.63075],[-73.96987,40.63419],[-73.97029,40.63641],[-73.96804,40.63665],[-73.96891,40.63976],[-73.9714,40.64826],[-73.97069,40.6485],[-73.96465,40.65089],[-73.96621,40.65319],[-73.9607,40.65534],[-73.95986,40.65563],[-73.9597,40.65484],[-73.9563,40.65505],[-73.95583,40.65053],[-73.95871,40.65039],[-73.95826,40.64853],[-73.95815,40.64777],[-73.95811,40.64652],[-73.95565,40.64663],[-73.95473,40.64477],[-73.95413,40.63916],[-73.95404,40.63888],[-73.9536,40.63842],[-73.95116,40.63843],[-73.94827,40.63861],[-73.94777,40.634],[-73.94587,40.63412],[-73.94562,40.63178],[-73.94648,40.63171],[-73.94415,40.62951],[-73.94733,40.62917],[-73.94642,40.62438],[-73.94543,40.6245],[-73.94452,40.61971],[-73.94651,40.61949],[-73.94574,40.61536],[-73.94746,40.6142],[-73.94835,40.61414],[-73.95027,40.61392],[-73.94978,40.61137],[-73.95163,40.61112],[-73.9536,40.61095]]]}},{"type":"Feature","properties":{"std_name":"NYC-Staten Island Community District 1--North Shore PUMA","std_geoid":"3604501","pen":"statisticians","std_note":null},"geometry":{"type":"Polygon","coordinates":[[[-74.12602,40.64215],[-74.10985,40.64806],[-74.09344,40.64807],[-74.08699,40.65151],[-74.05575,40.65148],[-74.05663,40.62729],[-74.05235,40.62013],[-74.04751,40.61232],[-74.05675,40.6081],[-74.05779,40.60745],[-74.06038,40.60628],[-74.06043,40.60635],[-74.06516,40.6042],[-74.06513,40.60386],[-74.06476,40.60366],[-74.0639,40.6025],[-74.06377,40.60213],[-74.06627,40.60284],[-74.06995,40.60421],[-74.07182,40.60498],[-74.07309,40.60537],[-74.07401,40.60557],[-74.07659,40.60601],[-74.08164,40.60618],[-74.08291,40.60631],[-74.08351,40.60641],[-74.08495,40.60673],[-74.08644,40.60721],[-74.08761,40.60768],[-74.09057,40.609],[-74.09249,40.60977],[-74.09389,40.61021],[-74.09447,40.61033],[-74.09528,40.61044],[-74.09766,40.6105],[-74.10535,40.61021],[-74.10795,40.61005],[-74.10932,40.61011],[-74.11024,40.6102],[-74.11053,40.61025],[-74.11154,40.61057],[-74.11305,40.61092],[-74.11343,40.61098],[-74.11501,40.61108],[-74.11594,40.61101],[-74.11676,40.61087],[-74.12134,40.60968],[-74.12138,40.6099],[-74.12318,40.60942],[-74.12584,40.60886],[-74.12879,40.60849],[-74.13095,40.60833],[-74.13601,40.60807],[-74.1364,40.60802],[-74.13983,40.60782],[-74.1409,40.60779],[-74.1428,40.60774],[-74.14399,40.60774],[-74.14587,40.60792],[-74.14721,40.60826],[-74.14838,40.60865],[-74.14959,40.60928],[-74.15051,40.60991],[-74.15314,40.61194],[-74.15369,40.61232],[-74.15471,40.61315],[-74.15797,40.61565],[-74.1605,40.61742],[-74.16153,40.61799],[-74.16361,40.6191],[-74.1647,40.61963],[-74.16588,40.62014],[-74.16799,40.62097],[-74.16872,40.62121],[-74.16922,40.62131],[-74.1731,40.62188],[-74.17377,40.62212],[-74.1744,40.6224],[-74.17523,40.62287],[-74.17577,40.62327],[-74.17767,40.62507],[-74.17884,40.62611],[-74.18168,40.62779],[-74.18352,40.62877],[-74.18448,40.62923],[-74.18642,40.63029],[-74.18653,40.63021],[-74.19599,40.63517],[-74.19714,40.6357],[-74.19745,40.63587],[-74.1962,40.63773],[-74.19143,40.64202],[-74.18569,40.64601],[-74.18564,40.64604],[-74.18165,40.64653],[-74.14311,40.64199],[-74.13292,40.64368],[-74.12602,40.64215]]]}},{"type":"Feature","properties":{"std_name":"Westchester County (South Central West)--New Rochelle City PUMA","std_geoid":"3603114","pen":"statisticians","std_note":null},"geometry":{"type":"Polygon","coordinates":[[[-73.71577,40.95915],[-73.71437,40.94942],[-73.71426,40.94897],[-73.71429,40.94895],[-73.71418,40.94844],[-73.71417,40.94838],[-73.7142,40.94836],[-73.714,40.94697],[-73.71392,40.94696],[-73.71368,40.94598],[-73.71379,40.94595],[-73.71386,40.94601],[-73.71364,40.9446],[-73.71353,40.94454],[-73.71352,40.94449],[-73.71047,40.9245],[-73.70957,40.91477],[-73.70967,40.89417],[-73.7425,40.8751],[-73.748,40.87187],[-73.74806,40.87172],[-73.76099,40.87518],[-73.7812,40.88048],[-73.7837,40.88108],[-73.78473,40.88186],[-73.78538,40.88218],[-73.78666,40.88347],[-73.78666,40.88358],[-73.7883,40.88509],[-73.78834,40.88517],[-73.79473,40.89159],[-73.79764,40.89457],[-73.79812,40.8952],[-73.79831,40.89565],[-73.79853,40.89595],[-73.79911,40.89859],[-73.79927,40.89956],[-73.7998,40.902],[-73.80013,40.90427],[-73.80095,40.90824],[-73.80121,40.90841],[-73.80195,40.91181],[-73.80198,40.91182],[-73.80179,40.91246],[-73.8018,40.91272],[-73.80191,40.91287],[-73.80207,40.9132],[-73.80225,40.91322],[-73.80305,40.91683],[-73.80314,40.91751],[-73.80356,40.91917],[-73.80397,40.92099],[-73.80397,40.92118],[-73.80389,40.92152],[-73.80441,40.92415],[-73.80471,40.92517],[-73.80474,40.92527],[-73.80481,40.92532],[-73.80501,40.92592],[-73.80504,40.9265],[-73.80508,40.9266],[-73.80519,40.92672],[-73.8054,40.92684],[-73.80513,40.92724],[-73.80513,40.92737],[-73.80502,40.92765],[-73.80453,40.92805],[-73.80438,40.92814],[-73.80395,40.92817],[-73.80365,40.9285],[-73.8033,40.92861],[-73.80196,40.92935],[-73.80178,40.92953],[-73.80165,40.92992],[-73.80139,40.93003],[-73.801,40.93003],[-73.80066,40.93013],[-73.80089,40.93032],[-73.80098,40.93052],[-73.80087,40.93164],[-73.80086,40.93203],[-73.80077,40.93275],[-73.80108,40.93271],[-73.80134,40.93273],[-73.80134,40.93279],[-73.80153,40.9329],[-73.80194,40.93336],[-73.80227,40.93327],[-73.803,40.93332],[-73.80327,40.93338],[-73.80355,40.93326],[-73.80382,40.93323],[-73.80391,40.93326],[-73.80398,40.93338],[-73.80405,40.93342],[-73.80419,40.93344],[-73.80466,40.93334],[-73.80583,40.9339],[-73.80652,40.93445],[-73.80676,40.93466],[-73.80692,40.93498],[-73.807,40.93544],[-73.80676,40.9362],[-73.80626,40.93699],[-73.80556,40.93841],[-73.80519,40.9388],[-73.80448,40.93908],[-73.80406,40.93935],[-73.80385,40.93965],[-73.80388,40.94023],[-73.8036,40.94111],[-73.8028,40.94239],[-73.80267,40.94296],[-73.80254,40.94318],[-73.80243,40.94333],[-73.80198,40.94377],[-73.80188,40.94426],[-73.80136,40.94418],[-73.8008,40.94451],[-73.80078,40.94462],[-73.80052,40.94494],[-73.80023,40.94568],[-73.79982,40.94604],[-73.7997,40.94624],[-73.79964,40.94651],[-73.79961,40.94689],[-73.79965,40.94703],[-73.79962,40.94722],[-73.79921,40.94786],[-73.79916,40.94803],[-73.79933,40.94815],[-73.79908,40.94851],[-73.79908,40.94909],[-73.79858,40.95003],[-73.79841,40.9502],[-73.79833,40.95035],[-73.79839,40.9506],[-73.79844,40.95066],[-73.7986,40.95075],[-73.79892,40.95074],[-73.79891,40.95081],[-73.79873,40.95103],[-73.79844,40.95124],[-73.79845,40.95152],[-73.79878,40.9519],[-73.79906,40.95214],[-73.79944,40.95275],[-73.79965,40.95293],[-73.79984,40.95302],[-73.7999,40.9532],[-73.79973,40.95347],[-73.7998,40.95381],[-73.7998,40.95415],[-73.79965,40.95472],[-73.79931,40.95509],[-73.79881,40.95603],[-73.79872,40.95631],[-73.79833,40.95704],[-73.79915,40.95731],[-73.80062,40.95772],[-73.80077,40.95795],[-73.80094,40.95804],[-73.80099,40.95815],[-73.80079,40.95842],[-73.80057,40.95922],[-73.80036,40.96024],[-73.79974,40.96057],[-73.79967,40.96076],[-73.79966,40.96096],[-73.79933,40.96157],[-73.79897,40.96209],[-73.79804,40.9631],[-73.79755,40.96372],[-73.7973,40.96421],[-73.79711,40.96451],[-73.79662,40.96491],[-73.79646,40.96518],[-73.79654,40.96542],[-73.79657,40.96571],[-73.79645,40.96591],[-73.79597,40.96625],[-73.7959,40.96646],[-73.79559,40.96673],[-73.79555,40.96663],[-73.79478,40.96728],[-73.79396,40.96784],[-73.79378,40.96803],[-73.79362,40.96831],[-73.79357,40.96847],[-73.79347,40.96856],[-73.793,40.96881],[-73.79293,40.96891],[-73.79277,40.96929],[-73.79252,40.96938],[-73.79246,40.96949],[-73.79259,40.96966],[-73.79242,40.96981],[-73.79239,40.96999],[-73.79252,40.97053],[-73.79257,40.97103],[-73.79277,40.97176],[-73.7928,40.97182],[-73.79302,40.97198],[-73.79333,40.97205],[-73.79343,40.97213],[-73.79353,40.97235],[-73.79385,40.97282],[-73.79395,40.97302],[-73.79394,40.97337],[-73.79407,40.9736],[-73.79395,40.97371],[-73.79388,40.97387],[-73.7939,40.97399],[-73.79371,40.97414],[-73.79366,40.97424],[-73.79352,40.97438],[-73.79312,40.97512],[-73.79277,40.97548],[-73.79247,40.9757],[-73.79243,40.97577],[-73.79197,40.976],[-73.79179,40.976],[-73.79163,40.9761],[-73.79156,40.97622],[-73.79133,40.97634],[-73.79104,40.97657],[-73.79097,40.97673],[-73.79088,40.97683],[-73.79087,40.9769],[-73.79078,40.97699],[-73.79056,40.97707],[-73.79027,40.97727],[-73.79035,40.97741],[-73.79049,40.9775],[-73.79057,40.9777],[-73.79055,40.9778],[-73.7906,40.97794],[-73.79079,40.97806],[-73.79083,40.97814],[-73.79077,40.97822],[-73.7908,40.97832],[-73.79101,40.97873],[-73.79106,40.97888],[-73.79117,40.97899],[-73.7911,40.98005],[-73.79091,40.98016],[-73.79082,40.98032],[-73.79083,40.98053],[-73.79069,40.9806],[-73.79062,40.98067],[-73.7906,40.98077],[-73.7904,40.98112],[-73.79013,40.9812],[-73.79001,40.98127],[-73.79,40.98137],[-73.79003,40.98139],[-73.78994,40.9815],[-73.79001,40.98155],[-73.7899,40.98162],[-73.78987,40.98178],[-73.78972,40.98196],[-73.78957,40.98196],[-73.78948,40.98202],[-73.78938,40.98203],[-73.78918,40.98214],[-73.78916,40.98221],[-73.78904,40.98223],[-73.78902,40.98233],[-73.78885,40.98238],[-73.78877,40.98266],[-73.78871,40.98275],[-73.78853,40.9828],[-73.78852,40.98285],[-73.78851,40.98301],[-73.78843,40.98317],[-73.78856,40.98324],[-73.78739,40.98501],[-73.7872,40.98526],[-73.78703,40.98542],[-73.78643,40.98579],[-73.78651,40.98635],[-73.78643,40.9869],[-73.7864,40.98745],[-73.77795,40.98834],[-73.77765,40.98703],[-73.77666,40.98394],[-73.77586,40.9842],[-73.77619,40.98345],[-73.77625,40.98329],[-73.77626,40.98299],[-73.77626,40.98243],[-73.7762,40.98166],[-73.7762,40.98126],[-73.77625,40.98114],[-73.7761,40.98009],[-73.77585,40.9787],[-73.7755,40.97738],[-73.77533,40.97638],[-73.77532,40.97599],[-73.7752,40.97517],[-73.7748,40.97318],[-73.7738,40.96749],[-73.77341,40.9658],[-73.77334,40.96511],[-73.7725,40.96044],[-73.77184,40.95586],[-73.76819,40.95924],[-73.76809,40.95941],[-73.76776,40.95973],[-73.76482,40.96227],[-73.76452,40.9624],[-73.7635,40.96296],[-73.76401,40.96336],[-73.76086,40.96641],[-73.75843,40.96853],[-73.7561,40.97065],[-73.75414,40.97224],[-73.75393,40.97232],[-73.74452,40.98106],[-73.74431,40.98074],[-73.7444,40.9806],[-73.74457,40.98048],[-73.74464,40.98035],[-73.74462,40.98024],[-73.74459,40.98016],[-73.74439,40.98006],[-73.74432,40.97997],[-73.74425,40.97959],[-73.74428,40.97917],[-73.74411,40.9789],[-73.7438,40.97863],[-73.74376,40.97854],[-73.74386,40.97828],[-73.74406,40.97813],[-73.74414,40.97802],[-73.74406,40.9778],[-73.74375,40.97733],[-73.7437,40.97716],[-73.74372,40.97695],[-73.74387,40.9767],[-73.74381,40.9765],[-73.74359,40.97602],[-73.74344,40.9755],[-73.74341,40.97516],[-73.74348,40.97444],[-73.74345,40.97414],[-73.74351,40.97235],[-73.74338,40.97207],[-73.74392,40.9716],[-73.74401,40.97141],[-73.74402,40.9713],[-73.74396,40.97116],[-73.74371,40.97093],[-73.74349,40.97068],[-73.74305,40.97001],[-73.74314,40.96975],[-73.74347,40.96941],[-73.74358,40.96922],[-73.74356,40.96889],[-73.74309,40.9687],[-73.7428,40.96872],[-73.74238,40.9687],[-73.7423,40.96873],[-73.74225,40.96884],[-73.74232,40.96916],[-73.7423,40.96924],[-73.7422,40.96926],[-73.74211,40.96921],[-73.74188,40.96875],[-73.74179,40.96849],[-73.74179,40.96821],[-73.74173,40.96814],[-73.74162,40.96813],[-73.74087,40.96832],[-73.74045,40.96813],[-73.7398,40.96789],[-73.73925,40.96792],[-73.73874,40.96809],[-73.73848,40.96833],[-73.73834,40.96872],[-73.73795,40.96878],[-73.73762,40.96867],[-73.73744,40.9687],[-73.73687,40.96899],[-73.73662,40.96916],[-73.73651,40.96929],[-73.7363,40.9693],[-73.73616,40.9692],[-73.73606,40.96879],[-73.73596,40.96869],[-73.73569,40.9686],[-73.73528,40.96862],[-73.73494,40.9686],[-73.73476,40.96853],[-73.73456,40.9683],[-73.73402,40.96834],[-73.73225,40.96823],[-73.7318,40.96801],[-73.7316,40.96799],[-73.73128,40.96789],[-73.73114,40.96779],[-73.73105,40.96757],[-73.73089,40.96738],[-73.7308,40.96732],[-73.73086,40.96705],[-73.731,40.96669],[-73.73102,40.96655],[-73.73099,40.96649],[-73.73066,40.96625],[-73.73061,40.96606],[-73.73066,40.96567],[-73.73051,40.96498],[-73.73024,40.96411],[-73.72363,40.96177],[-73.72042,40.96068],[-73.71581,40.95917],[-73.71577,40.95915]]]}},{"type":"Feature","properties":{"std_name":"Nassau County (West Central)--Hempstead Town (Northwest) PUMA","std_geoid":"3603205","pen":"statisticians","std_note":null},"geometry":{"type":"Polygon","coordinates":[[[-73.72732,40.71222],[-73.72918,40.71917],[-73.73033,40.72216],[-73.7295,40.72259],[-73.72923,40.7227],[-73.72603,40.72391],[-73.72553,40.72408],[-73.71999,40.7256],[-73.71753,40.72624],[-73.71649,40.72645],[-73.7105,40.72723],[-73.70766,40.72783],[-73.70765,40.7278],[-73.70674,40.72797],[-73.70341,40.72868],[-73.6953,40.73035],[-73.69345,40.73076],[-73.69251,40.73076],[-73.69208,40.73081],[-73.69118,40.73102],[-73.69028,40.73112],[-73.68937,40.73131],[-73.68757,40.73152],[-73.68716,40.73164],[-73.68713,40.73167],[-73.6867,40.73178],[-73.68667,40.73166],[-73.68623,40.73176],[-73.68529,40.73187],[-73.68524,40.73183],[-73.68519,40.73174],[-73.68466,40.73187],[-73.68467,40.73191],[-73.6844,40.73198],[-73.68438,40.73203],[-73.68433,40.732],[-73.6835,40.73217],[-73.68317,40.7322],[-73.68207,40.7324],[-73.68109,40.73248],[-73.68106,40.73233],[-73.6797,40.73266],[-73.67929,40.7328],[-73.67747,40.733],[-73.67702,40.7331],[-73.67567,40.73328],[-73.67426,40.73359],[-73.6727,40.73383],[-73.6712,40.73414],[-73.67118,40.73401],[-73.67109,40.734],[-73.66473,40.73503],[-73.66347,40.7352],[-73.65779,40.73619],[-73.6513,40.73713],[-73.651,40.73685],[-73.65037,40.73693],[-73.6392,40.73898],[-73.63672,40.73938],[-73.63395,40.73995],[-73.62278,40.74193],[-73.6171,40.743],[-73.61648,40.7412],[-73.6165,40.74109],[-73.61642,40.741],[-73.61627,40.74092],[-73.61634,40.74073],[-73.61632,40.74059],[-73.61584,40.73927],[-73.61579,40.73904],[-73.61489,40.73683],[-73.61397,40.73434],[-73.6136,40.73345],[-73.61369,40.73343],[-73.61298,40.73153],[-73.61283,40.73126],[-73.61243,40.73027],[-73.61206,40.72925],[-73.61204,40.72889],[-73.61172,40.72805],[-73.61137,40.72812],[-73.61054,40.72594],[-73.60978,40.72612],[-73.609,40.72409],[-73.60976,40.72392],[-73.6089,40.72174],[-73.60871,40.72113],[-73.60909,40.72078],[-73.60908,40.72072],[-73.61164,40.72103],[-73.61163,40.72151],[-73.61245,40.72137],[-73.61331,40.72115],[-73.61347,40.72116],[-73.61404,40.72102],[-73.61405,40.72106],[-73.61804,40.72004],[-73.62319,40.71889],[-73.62387,40.7187],[-73.62435,40.71862],[-73.62895,40.71762],[-73.62888,40.71747],[-73.62895,40.71744],[-73.6288,40.71708],[-73.62981,40.71748],[-73.63005,40.71749],[-73.62995,40.71738],[-73.63071,40.71704],[-73.63092,40.71699],[-73.63378,40.71578],[-73.6339,40.71568],[-73.63701,40.71431],[-73.63706,40.71399],[-73.63832,40.71378],[-73.64391,40.71263],[-73.64404,40.71258],[-73.64494,40.71249],[-73.64615,40.71247],[-73.64891,40.71222],[-73.64892,40.71169],[-73.65013,40.71157],[-73.65016,40.71108],[-73.65196,40.71107],[-73.65204,40.71111],[-73.6529,40.71007],[-73.65391,40.70893],[-73.65732,40.70583],[-73.65748,40.70566],[-73.65848,40.70579],[-73.66124,40.70634],[-73.66121,40.70441],[-73.66103,40.70273],[-73.66117,40.70276],[-73.66247,40.70176],[-73.66329,40.70109],[-73.66604,40.6984],[-73.6663,40.69796],[-73.66653,40.69745],[-73.66766,40.69194],[-73.66816,40.6849],[-73.66802,40.68357],[-73.66796,40.68342],[-73.66787,40.68332],[-73.66738,40.68315],[-73.6676,40.68298],[-73.66835,40.68303],[-73.6736,40.68304],[-73.67423,40.68306],[-73.67483,40.68312],[-73.67767,40.68359],[-73.67863,40.68364],[-73.68202,40.68338],[-73.68359,40.68335],[-73.68636,40.68345],[-73.68749,40.68337],[-73.68836,40.68326],[-73.68799,40.68411],[-73.68787,40.68445],[-73.68783,40.68469],[-73.68852,40.68491],[-73.68882,40.68507],[-73.6924,40.68619],[-73.69421,40.68671],[-73.69488,40.68685],[-73.69561,40.68688],[-73.69624,40.6868],[-73.69806,40.68633],[-73.6985,40.68623],[-73.69907,40.68618],[-73.69952,40.68619],[-73.6999,40.68624],[-73.70102,40.68645],[-73.70164,40.68662],[-73.70473,40.68792],[-73.70951,40.69013],[-73.71309,40.69193],[-73.71498,40.69283],[-73.71581,40.69328],[-73.71748,40.69428],[-73.71983,40.69536],[-73.72072,40.69562],[-73.7265,40.69689],[-73.72654,40.69898],[-73.72665,40.70111],[-73.72678,40.70199],[-73.72673,40.70215],[-73.72705,40.7095],[-73.7269,40.70998],[-73.72697,40.71072],[-73.72732,40.71222]]]}},{"type":"Feature","properties":{"std_name":"Nassau County (West Central)--Hempstead Town (West Central) PUMA","std_geoid":"3603211","pen":"statisticians","std_note":null},"geometry":{"type":"Polygon","coordinates":[[[-73.65748,40.70566],[-73.65732,40.70583],[-73.65391,40.70893],[-73.6529,40.71007],[-73.65204,40.71111],[-73.65196,40.71107],[-73.65016,40.71108],[-73.65013,40.71157],[-73.64892,40.71169],[-73.64891,40.71222],[-73.64615,40.71247],[-73.64494,40.71249],[-73.64404,40.71258],[-73.64391,40.71263],[-73.6432,40.71278],[-73.64291,40.7122],[-73.64226,40.71106],[-73.6398,40.70774],[-73.63872,40.70656],[-73.63859,40.70618],[-73.63731,40.7049],[-73.63791,40.70449],[-73.63934,40.7039],[-73.63862,40.70131],[-73.63842,40.70098],[-73.63881,40.7009],[-73.63872,40.70057],[-73.6387,40.70036],[-73.63852,40.70002],[-73.63638,40.6999],[-73.63627,40.7008],[-73.63556,40.70091],[-73.63667,40.7036],[-73.63677,40.70386],[-73.63679,40.70414],[-73.63645,40.70376],[-73.63607,40.7035],[-73.63356,40.70229],[-73.63318,40.69892],[-73.63314,40.69859],[-73.63309,40.6985],[-73.63327,40.6977],[-73.63477,40.6965],[-73.63647,40.6949],[-73.63327,40.69399],[-73.63277,40.6939],[-73.63237,40.69379],[-73.6318,40.69355],[-73.63202,40.69295],[-73.63244,40.69161],[-73.63271,40.69026],[-73.63298,40.68926],[-73.63296,40.689],[-73.63324,40.68817],[-73.6342,40.68642],[-73.63617,40.68241],[-73.63655,40.68133],[-73.63668,40.68109],[-73.63684,40.6809],[-73.6375,40.68024],[-73.63778,40.67988],[-73.63923,40.67762],[-73.64045,40.675],[-73.64073,40.67453],[-73.64231,40.67315],[-73.64249,40.67295],[-73.64358,40.67147],[-73.64435,40.67133],[-73.64474,40.67149],[-73.64573,40.67144],[-73.65126,40.67489],[-73.64987,40.6726],[-73.65187,40.671],[-73.65295,40.66981],[-73.65384,40.66826],[-73.65362,40.66819],[-73.65413,40.66747],[-73.654,40.66677],[-73.65433,40.6661],[-73.65458,40.66544],[-73.65553,40.66434],[-73.6556,40.66392],[-73.65662,40.66347],[-73.65676,40.66347],[-73.65742,40.66294],[-73.65818,40.66266],[-73.65868,40.66242],[-73.65744,40.66057],[-73.65716,40.65984],[-73.65715,40.65965],[-73.65689,40.65914],[-73.6566,40.65696],[-73.65737,40.65697],[-73.65745,40.65649],[-73.65769,40.65573],[-73.65612,40.65544],[-73.65624,40.65469],[-73.65606,40.65402],[-73.65574,40.65305],[-73.65735,40.65323],[-73.65745,40.65303],[-73.65772,40.65308],[-73.65768,40.65329],[-73.65835,40.65337],[-73.65849,40.65329],[-73.65866,40.65287],[-73.65892,40.6529],[-73.65894,40.65263],[-73.65924,40.65256],[-73.65946,40.65256],[-73.65956,40.65221],[-73.66026,40.65224],[-73.66029,40.65197],[-73.66068,40.65191],[-73.66086,40.65192],[-73.66089,40.65158],[-73.66112,40.65162],[-73.66117,40.6516],[-73.66242,40.65161],[-73.66346,40.65174],[-73.66354,40.65164],[-73.66358,40.65176],[-73.66378,40.65179],[-73.66388,40.65151],[-73.66431,40.6516],[-73.66422,40.65189],[-73.66488,40.65202],[-73.66505,40.65172],[-73.66629,40.65101],[-73.66776,40.65028],[-73.66905,40.64957],[-73.67158,40.64832],[-73.67325,40.64756],[-73.67347,40.64749],[-73.67365,40.64738],[-73.67388,40.64712],[-73.67413,40.64725],[-73.67421,40.64716],[-73.67436,40.64716],[-73.67459,40.64688],[-73.67557,40.64613],[-73.67628,40.64567],[-73.67658,40.64582],[-73.67702,40.64557],[-73.67826,40.64498],[-73.67919,40.64445],[-73.67936,40.64316],[-73.68161,40.64414],[-73.67984,40.6459],[-73.67755,40.64791],[-73.68043,40.64975],[-73.68112,40.65038],[-73.68165,40.65081],[-73.68184,40.6508],[-73.68206,40.65061],[-73.68238,40.65041],[-73.68141,40.64916],[-73.68201,40.64879],[-73.68203,40.64867],[-73.68252,40.6484],[-73.68417,40.648],[-73.68524,40.64912],[-73.68703,40.64863],[-73.68779,40.64833],[-73.68902,40.64938],[-73.68986,40.64998],[-73.69048,40.64971],[-73.69094,40.64946],[-73.69308,40.64797],[-73.69343,40.6477],[-73.69431,40.64718],[-73.6969,40.64636],[-73.69978,40.64551],[-73.70131,40.64496],[-73.70184,40.64472],[-73.70184,40.64501],[-73.70297,40.6449],[-73.70554,40.64493],[-73.70735,40.64776],[-73.70746,40.64799],[-73.70781,40.64855],[-73.70834,40.64915],[-73.70869,40.64966],[-73.71176,40.65005],[-73.7121,40.65015],[-73.7128,40.65058],[-73.71482,40.64755],[-73.71504,40.64762],[-73.71533,40.64725],[-73.71568,40.64694],[-73.71548,40.64673],[-73.71571,40.6466],[-73.71663,40.64628],[-73.71866,40.64569],[-73.71889,40.64555],[-73.71958,40.64523],[-73.72019,40.64509],[-73.72134,40.64494],[-73.7217,40.64482],[-73.72348,40.64755],[-73.72091,40.64824],[-73.72037,40.64824],[-73.71991,40.64806],[-73.71971,40.64776],[-73.71933,40.64764],[-73.719,40.64697],[-73.71835,40.6464],[-73.71607,40.64731],[-73.71534,40.64808],[-73.71417,40.6499],[-73.71307,40.65153],[-73.71217,40.651],[-73.71161,40.65074],[-73.71141,40.65069],[-73.70882,40.65035],[-73.70861,40.65037],[-73.70865,40.6508],[-73.70877,40.65129],[-73.70899,40.65133],[-73.70912,40.65198],[-73.70935,40.65276],[-73.70913,40.65271],[-73.70921,40.65303],[-73.70941,40.65337],[-73.70967,40.65342],[-73.70974,40.65436],[-73.70958,40.65449],[-73.70935,40.65511],[-73.70941,40.65567],[-73.70942,40.65601],[-73.70961,40.65839],[-73.71054,40.65906],[-73.7108,40.65955],[-73.71042,40.6601],[-73.70991,40.66104],[-73.71048,40.66137],[-73.71076,40.66132],[-73.71091,40.66134],[-73.71153,40.66154],[-73.71186,40.66161],[-73.71276,40.66172],[-73.71314,40.66183],[-73.71309,40.662],[-73.71344,40.66211],[-73.71387,40.66229],[-73.71434,40.66197],[-73.71448,40.66183],[-73.71479,40.6618],[-73.71511,40.66276],[-73.71513,40.66292],[-73.71645,40.66336],[-73.71682,40.66326],[-73.71914,40.66387],[-73.72281,40.6637],[-73.72485,40.66433],[-73.72776,40.66398],[-73.72784,40.66505],[-73.72822,40.66596],[-73.72827,40.66644],[-73.72822,40.66731],[-73.72826,40.66807],[-73.72794,40.67055],[-73.72794,40.67081],[-73.72791,40.67084],[-73.72753,40.67387],[-73.72756,40.6741],[-73.72744,40.67443],[-73.72654,40.67649],[-73.7262,40.67738],[-73.72563,40.67959],[-73.72591,40.68266],[-73.7258,40.68435],[-73.72591,40.68608],[-73.7262,40.68898],[-73.7265,40.69689],[-73.72072,40.69562],[-73.71983,40.69536],[-73.71748,40.69428],[-73.71581,40.69328],[-73.71498,40.69283],[-73.71309,40.69193],[-73.70951,40.69013],[-73.70473,40.68792],[-73.70164,40.68662],[-73.70102,40.68645],[-73.6999,40.68624],[-73.69952,40.68619],[-73.69907,40.68618],[-73.6985,40.68623],[-73.69806,40.68633],[-73.69624,40.6868],[-73.69561,40.68688],[-73.69488,40.68685],[-73.69421,40.68671],[-73.6924,40.68619],[-73.68882,40.68507],[-73.68852,40.68491],[-73.68783,40.68469],[-73.68787,40.68445],[-73.68799,40.68411],[-73.68836,40.68326],[-73.68749,40.68337],[-73.68636,40.68345],[-73.68359,40.68335],[-73.68202,40.68338],[-73.67863,40.68364],[-73.67767,40.68359],[-73.67483,40.68312],[-73.67423,40.68306],[-73.6736,40.68304],[-73.66835,40.68303],[-73.6676,40.68298],[-73.66738,40.68315],[-73.66787,40.68332],[-73.66796,40.68342],[-73.66802,40.68357],[-73.66816,40.6849],[-73.66766,40.69194],[-73.66653,40.69745],[-73.66647,40.69763],[-73.66604,40.6984],[-73.66329,40.70109],[-73.66247,40.70176],[-73.66117,40.70276],[-73.66103,40.70273],[-73.66121,40.70441],[-73.66124,40.70634],[-73.65848,40.70579],[-73.65748,40.70566]]]}},{"type":"Feature","properties":{"std_name":"Nassau County (West Central)--North Hempstead Town (South) PUMA","std_geoid":"3603204","pen":"statisticians","std_note":null},"geometry":{"type":"Polygon","coordinates":[[[-73.60059,40.76348],[-73.59307,40.76608],[-73.59206,40.76638],[-73.58433,40.76806],[-73.58319,40.76842],[-73.58172,40.76906],[-73.57805,40.77074],[-73.57707,40.77123],[-73.57289,40.77349],[-73.56963,40.77517],[-73.5698,40.77527],[-73.57012,40.77533],[-73.57116,40.77611],[-73.56883,40.77732],[-73.56753,40.77626],[-73.56767,40.77611],[-73.56752,40.77593],[-73.56472,40.77417],[-73.56399,40.77376],[-73.56344,40.77338],[-73.5633,40.77335],[-73.56244,40.77291],[-73.56014,40.77154],[-73.56006,40.77149],[-73.55984,40.77121],[-73.55945,40.77055],[-73.55271,40.76649],[-73.5507,40.76519],[-73.5505,40.765],[-73.55036,40.76395],[-73.55016,40.76198],[-73.54961,40.75763],[-73.54955,40.75668],[-73.55476,40.75565],[-73.55984,40.75457],[-73.56281,40.7537],[-73.56544,40.75287],[-73.56945,40.75143],[-73.57012,40.75124],[-73.5716,40.75093],[-73.57453,40.75047],[-73.57702,40.75002],[-73.58098,40.74925],[-73.58575,40.74809],[-73.5877,40.74755],[-73.58856,40.74736],[-73.58904,40.74731],[-73.5913,40.74731],[-73.59255,40.74723],[-73.59304,40.74716],[-73.59915,40.74589],[-73.60129,40.74553],[-73.60318,40.74533],[-73.60852,40.74428],[-73.61081,40.74379],[-73.61208,40.74359],[-73.61285,40.7434],[-73.61464,40.74316],[-73.6171,40.743],[-73.62278,40.74193],[-73.63395,40.73995],[-73.63672,40.73938],[-73.6392,40.73898],[-73.65037,40.73693],[-73.651,40.73685],[-73.6513,40.73713],[-73.65779,40.73619],[-73.66347,40.7352],[-73.66473,40.73503],[-73.67109,40.734],[-73.67118,40.73401],[-73.6712,40.73414],[-73.6727,40.73383],[-73.67426,40.73359],[-73.67567,40.73328],[-73.67702,40.7331],[-73.67747,40.733],[-73.67929,40.7328],[-73.6797,40.73266],[-73.68106,40.73233],[-73.68109,40.73248],[-73.68207,40.7324],[-73.68317,40.7322],[-73.6835,40.73217],[-73.68433,40.732],[-73.68438,40.73203],[-73.6844,40.73198],[-73.68467,40.73191],[-73.68466,40.73187],[-73.68519,40.73174],[-73.68524,40.73183],[-73.68529,40.73187],[-73.68623,40.73176],[-73.68667,40.73166],[-73.6867,40.73178],[-73.68713,40.73167],[-73.68716,40.73164],[-73.68757,40.73152],[-73.68937,40.73131],[-73.69028,40.73112],[-73.69118,40.73102],[-73.69208,40.73081],[-73.69251,40.73076],[-73.69345,40.73076],[-73.6953,40.73035],[-73.70341,40.72868],[-73.70674,40.72797],[-73.70765,40.7278],[-73.70766,40.72783],[-73.70794,40.72777],[-73.70017,40.73954],[-73.70036,40.74103],[-73.70077,40.74501],[-73.70143,40.75066],[-73.70154,40.75192],[-73.70163,40.75249],[-73.70362,40.75479],[-73.70434,40.75646],[-73.6982,40.75689],[-73.69682,40.75828],[-73.69572,40.75806],[-73.69358,40.75773],[-73.69289,40.75754],[-73.69178,40.75718],[-73.6917,40.75874],[-73.68878,40.75876],[-73.68893,40.76017],[-73.68964,40.76308],[-73.69169,40.76269],[-73.69415,40.76131],[-73.69409,40.76202],[-73.69378,40.76412],[-73.68962,40.764],[-73.687,40.76344],[-73.68537,40.76314],[-73.68494,40.76296],[-73.68396,40.76281],[-73.68227,40.76331],[-73.67265,40.76261],[-73.67166,40.76257],[-73.67111,40.76264],[-73.67083,40.76271],[-73.66974,40.76314],[-73.66872,40.76224],[-73.66872,40.76219],[-73.66853,40.76227],[-73.66969,40.76326],[-73.66998,40.76356],[-73.67015,40.7638],[-73.67038,40.7643],[-73.67074,40.76534],[-73.67082,40.76573],[-73.67084,40.76603],[-73.67081,40.76632],[-73.67058,40.76722],[-73.66804,40.76752],[-73.66687,40.76774],[-73.66545,40.76846],[-73.6668,40.76945],[-73.66696,40.76963],[-73.66722,40.77004],[-73.66771,40.77302],[-73.66718,40.77325],[-73.66724,40.77353],[-73.66658,40.77374],[-73.6668,40.7754],[-73.66546,40.77679],[-73.66488,40.77726],[-73.66451,40.7775],[-73.66375,40.77791],[-73.66322,40.77815],[-73.66244,40.77842],[-73.66142,40.77867],[-73.66086,40.7789],[-73.66035,40.77852],[-73.65964,40.77791],[-73.65946,40.77773],[-73.65924,40.77743],[-73.65921,40.77734],[-73.6583,40.77755],[-73.65654,40.77779],[-73.65661,40.77882],[-73.65678,40.77892],[-73.65731,40.77965],[-73.65533,40.78075],[-73.65454,40.78108],[-73.65354,40.78135],[-73.65292,40.78145],[-73.6522,40.78151],[-73.64705,40.78178],[-73.64645,40.7818],[-73.64584,40.78176],[-73.64258,40.7812],[-73.63931,40.78086],[-73.63929,40.78071],[-73.63907,40.78009],[-73.63247,40.78008],[-73.62957,40.77997],[-73.62872,40.77982],[-73.62775,40.77939],[-73.62678,40.77877],[-73.62626,40.77818],[-73.62557,40.77807],[-73.62543,40.77783],[-73.62518,40.7772],[-73.62513,40.77685],[-73.62514,40.7765],[-73.62561,40.77409],[-73.62573,40.77315],[-73.62578,40.77218],[-73.62576,40.77083],[-73.62532,40.76473],[-73.62514,40.76354],[-73.62496,40.76282],[-73.62463,40.76191],[-73.62316,40.75856],[-73.6228,40.75799],[-73.62187,40.75711],[-73.62127,40.75661],[-73.6197,40.7574],[-73.61964,40.7573],[-73.61786,40.75826],[-73.61707,40.75874],[-73.61531,40.75959],[-73.61292,40.7606],[-73.61067,40.76132],[-73.60689,40.76226],[-73.60242,40.76304],[-73.60129,40.76328],[-73.60059,40.76348]]]}},{"type":"Feature","properties":{"std_name":"Nassau County (South Central)--Hempstead Town (Southeast) PUMA","std_geoid":"3603210","pen":"statisticians","std_note":null},"geometry":{"type":"Polygon","coordinates":[[[-73.63757,40.58879],[-73.63746,40.59516],[-73.63757,40.59584],[-73.6386,40.59579],[-73.64657,40.5957],[-73.64945,40.59559],[-73.65255,40.59553],[-73.65673,40.59536],[-73.65944,40.59534],[-73.66173,40.59529],[-73.66254,40.59523],[-73.67067,40.5949],[-73.68108,40.5941],[-73.68469,40.59233],[-73.68464,40.60051],[-73.69358,40.60424],[-73.69396,40.60451],[-73.69307,40.60617],[-73.69305,40.60652],[-73.69317,40.60744],[-73.69211,40.60886],[-73.69209,40.6094],[-73.69251,40.61043],[-73.69273,40.61084],[-73.69308,40.6111],[-73.69377,40.61113],[-73.70343,40.61398],[-73.7039,40.61445],[-73.70417,40.61464],[-73.70282,40.61536],[-73.70198,40.61556],[-73.70185,40.61572],[-73.70114,40.61612],[-73.70036,40.61929],[-73.69957,40.6195],[-73.69912,40.62004],[-73.69872,40.62099],[-73.69871,40.62115],[-73.69762,40.62132],[-73.69737,40.6209],[-73.69552,40.62218],[-73.69526,40.62211],[-73.69461,40.62261],[-73.69296,40.62251],[-73.69237,40.62255],[-73.68926,40.62293],[-73.68899,40.62314],[-73.68842,40.62298],[-73.68227,40.62555],[-73.6817,40.62583],[-73.68009,40.62673],[-73.6774,40.62877],[-73.67557,40.628],[-73.67047,40.62623],[-73.66893,40.62558],[-73.66765,40.62311],[-73.66693,40.6227],[-73.66519,40.62216],[-73.66255,40.6222],[-73.66238,40.6224],[-73.66221,40.62269],[-73.66215,40.62288],[-73.66194,40.62305],[-73.6619,40.62386],[-73.66088,40.6284],[-73.66032,40.62897],[-73.65975,40.62983],[-73.65973,40.63046],[-73.65921,40.63388],[-73.65901,40.63452],[-73.65871,40.63424],[-73.65785,40.63463],[-73.65727,40.6352],[-73.65761,40.63533],[-73.6577,40.6355],[-73.6582,40.63564],[-73.6584,40.63567],[-73.65933,40.63568],[-73.65962,40.63571],[-73.65994,40.63582],[-73.65973,40.63602],[-73.65977,40.63612],[-73.65964,40.63642],[-73.65934,40.63773],[-73.65905,40.63809],[-73.65908,40.63835],[-73.65915,40.6384],[-73.65877,40.63974],[-73.65839,40.64076],[-73.65827,40.6419],[-73.65857,40.64254],[-73.6588,40.64279],[-73.6585,40.6444],[-73.6575,40.64836],[-73.65719,40.64899],[-73.65681,40.65005],[-73.65613,40.65139],[-73.65563,40.65273],[-73.65606,40.65402],[-73.65624,40.65469],[-73.65612,40.65544],[-73.65769,40.65573],[-73.65745,40.65649],[-73.65737,40.65697],[-73.6566,40.65696],[-73.65689,40.65914],[-73.65715,40.65965],[-73.65716,40.65984],[-73.65744,40.66057],[-73.65868,40.66242],[-73.65818,40.66266],[-73.65742,40.66294],[-73.65676,40.66347],[-73.65662,40.66347],[-73.6556,40.66392],[-73.65553,40.66434],[-73.65458,40.66544],[-73.65433,40.6661],[-73.654,40.66677],[-73.65413,40.66747],[-73.65362,40.66819],[-73.65384,40.66826],[-73.65295,40.66981],[-73.65187,40.671],[-73.64987,40.6726],[-73.65126,40.67489],[-73.64573,40.67144],[-73.64474,40.67149],[-73.64435,40.67133],[-73.64358,40.67147],[-73.64249,40.67295],[-73.64231,40.67315],[-73.64073,40.67453],[-73.64045,40.675],[-73.63923,40.67762],[-73.63778,40.67988],[-73.6375,40.68024],[-73.63684,40.6809],[-73.63668,40.68109],[-73.63655,40.68133],[-73.63617,40.68241],[-73.6342,40.68642],[-73.63324,40.68817],[-73.63296,40.689],[-73.63298,40.68926],[-73.63264,40.69061],[-73.63251,40.6906],[-73.63229,40.6907],[-73.63204,40.69068],[-73.63092,40.69038],[-73.63075,40.6903],[-73.63076,40.69017],[-73.63012,40.68995],[-73.62381,40.68822],[-73.62182,40.688],[-73.62171,40.68829],[-73.62109,40.68821],[-73.62117,40.68791],[-73.61965,40.68769],[-73.61738,40.68763],[-73.61659,40.68771],[-73.61636,40.68761],[-73.61583,40.68787],[-73.61564,40.68787],[-73.61497,40.6878],[-73.61498,40.68822],[-73.61435,40.68814],[-73.61449,40.68745],[-73.61385,40.68741],[-73.61141,40.68701],[-73.61131,40.68689],[-73.61116,40.68504],[-73.61108,40.68483],[-73.61056,40.68472],[-73.60747,40.68449],[-73.60726,40.68402],[-73.60674,40.68408],[-73.60618,40.68423],[-73.60587,40.68435],[-73.60381,40.68539],[-73.60321,40.68563],[-73.60262,40.68582],[-73.60204,40.68596],[-73.60114,40.68611],[-73.60067,40.68615],[-73.59838,40.68616],[-73.59684,40.68629],[-73.59724,40.68453],[-73.59757,40.68287],[-73.59812,40.68119],[-73.59846,40.68032],[-73.59954,40.67693],[-73.59982,40.67588],[-73.59996,40.67509],[-73.60004,40.67392],[-73.60023,40.67327],[-73.60081,40.67189],[-73.60149,40.67226],[-73.60167,40.67239],[-73.60189,40.67191],[-73.60192,40.67099],[-73.6021,40.67031],[-73.60216,40.66914],[-73.60252,40.66777],[-73.60285,40.66294],[-73.60318,40.66136],[-73.60316,40.66076],[-73.60295,40.65908],[-73.60285,40.65869],[-73.60294,40.6585],[-73.60273,40.65734],[-73.60279,40.65665],[-73.60295,40.65629],[-73.6038,40.6563],[-73.60378,40.65494],[-73.60294,40.65283],[-73.60311,40.65262],[-73.60316,40.65238],[-73.60306,40.65205],[-73.60282,40.65035],[-73.60258,40.64976],[-73.60258,40.6494],[-73.6025,40.64892],[-73.60243,40.6488],[-73.60229,40.64867],[-73.60214,40.64838],[-73.60212,40.64821],[-73.60221,40.64773],[-73.60217,40.64725],[-73.60211,40.64693],[-73.60188,40.64634],[-73.60171,40.64603],[-73.60153,40.64516],[-73.60107,40.64463],[-73.60077,40.64399],[-73.60074,40.64376],[-73.60034,40.64335],[-73.59944,40.64272],[-73.59934,40.64269],[-73.59926,40.64248],[-73.59886,40.64172],[-73.59869,40.6413],[-73.59864,40.64105],[-73.59866,40.64078],[-73.59878,40.64046],[-73.59916,40.64016],[-73.59914,40.64008],[-73.59833,40.63964],[-73.59817,40.63959],[-73.59804,40.63947],[-73.5981,40.63935],[-73.59862,40.63888],[-73.59876,40.63853],[-73.59875,40.63848],[-73.59865,40.63841],[-73.59853,40.63838],[-73.59819,40.6384],[-73.5979,40.63832],[-73.59771,40.63817],[-73.59762,40.63797],[-73.5977,40.63695],[-73.59764,40.63685],[-73.5973,40.63663],[-73.59727,40.63643],[-73.59741,40.63627],[-73.59757,40.63615],[-73.59775,40.6359],[-73.59785,40.63559],[-73.5979,40.6351],[-73.59789,40.63491],[-73.59783,40.63482],[-73.59764,40.63472],[-73.59734,40.63465],[-73.5965,40.63471],[-73.59613,40.6346],[-73.59343,40.63314],[-73.58774,40.63181],[-73.58636,40.63139],[-73.58577,40.62832],[-73.58628,40.62731],[-73.58567,40.6259],[-73.58247,40.6266],[-73.57957,40.6274],[-73.57726,40.62337],[-73.57307,40.624],[-73.57298,40.62502],[-73.57263,40.62499],[-73.57218,40.6253],[-73.57121,40.62544],[-73.57004,40.62853],[-73.56506,40.63093],[-73.56249,40.6298],[-73.56226,40.62975],[-73.56166,40.62952],[-73.56133,40.62924],[-73.55973,40.62889],[-73.55942,40.6287],[-73.55938,40.62886],[-73.558,40.63023],[-73.5577,40.63069],[-73.55764,40.63169],[-73.5574,40.63222],[-73.55683,40.63318],[-73.55607,40.63389],[-73.55586,40.63396],[-73.55582,40.63387],[-73.55316,40.63535],[-73.5491,40.63691],[-73.53717,40.6334],[-73.53467,40.6326],[-73.53087,40.6316],[-73.52767,40.6318],[-73.52547,40.63175],[-73.52176,40.62909],[-73.51913,40.62848],[-73.51911,40.62889],[-73.51893,40.62896],[-73.51869,40.62894],[-73.51337,40.6308],[-73.51038,40.63416],[-73.51024,40.6341],[-73.50996,40.63468],[-73.50854,40.6362],[-73.50866,40.6374],[-73.50833,40.6375],[-73.50853,40.63788],[-73.50745,40.64031],[-73.50699,40.64046],[-73.5066,40.64082],[-73.50663,40.64117],[-73.50732,40.64167],[-73.50738,40.64199],[-73.50726,40.64206],[-73.50693,40.64204],[-73.50618,40.64178],[-73.50597,40.64185],[-73.50594,40.64293],[-73.50527,40.64407],[-73.50491,40.64407],[-73.50491,40.64334],[-73.50558,40.64245],[-73.50555,40.64197],[-73.50543,40.64178],[-73.50507,40.64185],[-73.5042,40.64261],[-73.50377,40.64338],[-73.50353,40.64457],[-73.50287,40.64505],[-73.50222,40.64537],[-73.50114,40.64491],[-73.50105,40.6457],[-73.50053,40.64578],[-73.49957,40.64636],[-73.49942,40.64661],[-73.49903,40.64657],[-73.49843,40.64661],[-73.49717,40.64682],[-73.496,40.64687],[-73.49486,40.64705],[-73.49396,40.64735],[-73.49267,40.64815],[-73.49135,40.64843],[-73.48963,40.64729],[-73.48855,40.64665],[-73.48723,40.64608],[-73.48699,40.64626],[-73.48675,40.64672],[-73.48654,40.64887],[-73.48465,40.64878],[-73.4848,40.64814],[-73.48492,40.648],[-73.48546,40.64649],[-73.48546,40.64621],[-73.48525,40.64605],[-73.48494,40.64505],[-73.48496,40.64137],[-73.48487,40.63788],[-73.48487,40.63502],[-73.48491,40.62824],[-73.48498,40.62377],[-73.48504,40.62233],[-73.48487,40.61954],[-73.4849,40.6175],[-73.48484,40.61741],[-73.48498,40.61408],[-73.48438,40.60789],[-73.48489,40.60619],[-73.48484,40.60452],[-73.48483,40.60025],[-73.48494,40.59685],[-73.48487,40.58969],[-73.52483,40.5826],[-73.55535,40.57442],[-73.6357,40.5754],[-73.63742,40.58348],[-73.63746,40.58544],[-73.63765,40.5867],[-73.63757,40.58879]]]}},{"type":"Feature","properties":{"std_name":"NYC-Queens Community District 11--Auburndale, Bayside, & Douglaston PUMA","std_geoid":"3604411","pen":"statisticians","std_note":null},"geometry":{"type":"Polygon","coordinates":[[[-73.72904,40.74723],[-73.72943,40.74668],[-73.73096,40.74486],[-73.73233,40.74365],[-73.7327,40.74385],[-73.7332,40.74321],[-73.7345,40.7424],[-73.7372,40.74094],[-73.73804,40.74053],[-73.73835,40.74034],[-73.73922,40.73968],[-73.73959,40.73933],[-73.74029,40.73852],[-73.7416,40.73691],[-73.74307,40.73546],[-73.74384,40.73481],[-73.74606,40.73313],[-73.74674,40.73258],[-73.74962,40.73],[-73.75066,40.72919],[-73.75133,40.72875],[-73.75264,40.72799],[-73.75375,40.72742],[-73.75522,40.72682],[-73.75678,40.72631],[-73.75677,40.72638],[-73.75703,40.72661],[-73.75845,40.72754],[-73.76066,40.72862],[-73.76158,40.72916],[-73.76226,40.7296],[-73.76341,40.73047],[-73.76453,40.73147],[-73.76555,40.73254],[-73.7637,40.73286],[-73.76504,40.73448],[-73.76273,40.73526],[-73.76248,40.73618],[-73.76246,40.73655],[-73.76249,40.73673],[-73.7626,40.73709],[-73.76557,40.74326],[-73.76645,40.74372],[-73.76681,40.74402],[-73.76698,40.74422],[-73.76776,40.74583],[-73.76863,40.74558],[-73.76948,40.74525],[-73.77147,40.74426],[-73.77245,40.74392],[-73.77444,40.74357],[-73.7777,40.74309],[-73.78041,40.74263],[-73.79445,40.73879],[-73.7963,40.73833],[-73.79641,40.73859],[-73.79718,40.73999],[-73.79726,40.74021],[-73.79728,40.74045],[-73.79723,40.7417],[-73.79614,40.74257],[-73.79543,40.74326],[-73.79501,40.74374],[-73.79467,40.74424],[-73.79453,40.74451],[-73.79446,40.74497],[-73.79446,40.74544],[-73.79472,40.7476],[-73.79658,40.74898],[-73.7973,40.74943],[-73.79566,40.75024],[-73.79472,40.75065],[-73.79458,40.75356],[-73.79493,40.7578],[-73.79403,40.75774],[-73.79032,40.75782],[-73.79076,40.76099],[-73.79344,40.76076],[-73.79344,40.7616],[-73.79303,40.76462],[-73.79396,40.7647],[-73.79318,40.7704],[-73.79397,40.77125],[-73.7948,40.7723],[-73.79513,40.77265],[-73.79566,40.77303],[-73.79365,40.77336],[-73.79163,40.77424],[-73.78827,40.77508],[-73.78655,40.77556],[-73.77948,40.77766],[-73.77678,40.77841],[-73.77584,40.77861],[-73.77572,40.7779],[-73.77554,40.77703],[-73.76864,40.77909],[-73.76816,40.77813],[-73.76014,40.78067],[-73.7588,40.7843],[-73.75619,40.7887],[-73.75082,40.78289],[-73.75029,40.78248],[-73.74637,40.78012],[-73.74421,40.77871],[-73.74342,40.77822],[-73.74153,40.77711],[-73.74076,40.77669],[-73.74008,40.77621],[-73.73938,40.77601],[-73.73933,40.77596],[-73.73954,40.77581],[-73.73943,40.77582],[-73.73781,40.77481],[-73.73762,40.77474],[-73.73635,40.77391],[-73.72952,40.76973],[-73.72605,40.76753],[-73.7251,40.76699],[-73.72058,40.7642],[-73.71607,40.76146],[-73.71332,40.75973],[-73.71437,40.75971],[-73.7155,40.75965],[-73.71612,40.75958],[-73.71699,40.75943],[-73.71778,40.75921],[-73.71877,40.7588],[-73.7195,40.7584],[-73.72015,40.75791],[-73.72071,40.75741],[-73.72134,40.75666],[-73.72212,40.75521],[-73.72255,40.75456],[-73.72293,40.75413],[-73.72329,40.75378],[-73.72377,40.75342],[-73.72507,40.75259],[-73.72626,40.75188],[-73.72686,40.75138],[-73.72736,40.75084],[-73.72796,40.75003],[-73.72822,40.74942],[-73.72865,40.74807],[-73.72904,40.74723]]]}},{"type":"Feature","properties":{"std_name":"NYC-Queens Community District 13--Queens Village, Bellerose, & Rosedale PUMA","std_geoid":"3604413","pen":"statisticians","std_note":null},"geometry":{"type":"Polygon","coordinates":[[[-73.726,40.68693],[-73.7258,40.68435],[-73.72591,40.68266],[-73.72563,40.67959],[-73.7262,40.67738],[-73.72654,40.67649],[-73.72744,40.67443],[-73.72756,40.6741],[-73.72753,40.67387],[-73.72791,40.67084],[-73.72794,40.67081],[-73.72794,40.67055],[-73.72826,40.66807],[-73.72822,40.66731],[-73.72827,40.66644],[-73.72822,40.66596],[-73.72784,40.66505],[-73.72776,40.66398],[-73.72781,40.66322],[-73.72808,40.66307],[-73.72833,40.66304],[-73.72793,40.66175],[-73.72721,40.66042],[-73.72644,40.65916],[-73.72593,40.65773],[-73.72534,40.65532],[-73.72479,40.654],[-73.72487,40.65345],[-73.72482,40.65302],[-73.72498,40.65268],[-73.72505,40.65234],[-73.72525,40.65219],[-73.72643,40.65179],[-73.72667,40.65169],[-73.72687,40.65154],[-73.72899,40.65084],[-73.72974,40.65056],[-73.73105,40.65023],[-73.73513,40.64973],[-73.73905,40.6482],[-73.74144,40.64689],[-73.74144,40.64609],[-73.74166,40.6422],[-73.74205,40.64147],[-73.74143,40.6405],[-73.74228,40.64012],[-73.74126,40.63891],[-73.73947,40.63571],[-73.73996,40.63514],[-73.74168,40.63484],[-73.74224,40.63485],[-73.74265,40.63504],[-73.74267,40.63541],[-73.74258,40.63565],[-73.74208,40.63638],[-73.74127,40.63726],[-73.74119,40.63741],[-73.7412,40.63759],[-73.7415,40.63785],[-73.74236,40.63809],[-73.7433,40.63805],[-73.74418,40.63736],[-73.74602,40.63521],[-73.748,40.63463],[-73.74712,40.63698],[-73.74688,40.63777],[-73.74676,40.63782],[-73.74685,40.63794],[-73.7468,40.63804],[-73.74681,40.63814],[-73.74667,40.63824],[-73.74661,40.63833],[-73.74657,40.63849],[-73.7466,40.63861],[-73.74654,40.63871],[-73.74651,40.63891],[-73.74633,40.6394],[-73.74639,40.63951],[-73.74632,40.64002],[-73.74627,40.64018],[-73.74615,40.64038],[-73.74626,40.64049],[-73.74635,40.64066],[-73.74628,40.64084],[-73.74628,40.64094],[-73.74636,40.64114],[-73.74634,40.64131],[-73.74637,40.64152],[-73.74651,40.64164],[-73.74662,40.6418],[-73.74664,40.64199],[-73.7468,40.64235],[-73.74688,40.64245],[-73.74696,40.6426],[-73.7472,40.64282],[-73.74727,40.64316],[-73.74756,40.6434],[-73.74761,40.64353],[-73.74776,40.64366],[-73.7479,40.64386],[-73.74806,40.64393],[-73.74827,40.64415],[-73.74853,40.64432],[-73.74877,40.6446],[-73.7487,40.64479],[-73.74872,40.64502],[-73.7489,40.64516],[-73.74912,40.64509],[-73.74926,40.64498],[-73.74943,40.64493],[-73.74953,40.64505],[-73.74976,40.64517],[-73.75003,40.64541],[-73.75018,40.64545],[-73.7504,40.64562],[-73.75132,40.64617],[-73.75171,40.6465],[-73.75202,40.64666],[-73.75162,40.64724],[-73.75502,40.64922],[-73.76439,40.65456],[-73.76513,40.65493],[-73.76567,40.65525],[-73.76976,40.65748],[-73.77301,40.65917],[-73.77401,40.65978],[-73.7742,40.65975],[-73.77554,40.66026],[-73.77689,40.66066],[-73.77724,40.66079],[-73.77878,40.6616],[-73.78079,40.66233],[-73.78505,40.66344],[-73.78755,40.66385],[-73.78985,40.66413],[-73.79509,40.66489],[-73.79763,40.6651],[-73.80073,40.66527],[-73.8019,40.66527],[-73.80216,40.66525],[-73.80166,40.66676],[-73.80073,40.66673],[-73.8003,40.66668],[-73.79988,40.66659],[-73.79908,40.66655],[-73.79809,40.66671],[-73.79739,40.66694],[-73.79393,40.667],[-73.79306,40.66709],[-73.78941,40.66684],[-73.78566,40.66719],[-73.7833,40.66732],[-73.77701,40.66778],[-73.77616,40.66787],[-73.77343,40.66803],[-73.77155,40.66796],[-73.76407,40.66713],[-73.76205,40.66695],[-73.76046,40.66674],[-73.75763,40.66645],[-73.75732,40.66704],[-73.757,40.66774],[-73.75672,40.66856],[-73.75644,40.66967],[-73.75641,40.67037],[-73.75646,40.67109],[-73.75646,40.67168],[-73.75636,40.67243],[-73.75822,40.67269],[-73.75857,40.67264],[-73.7586,40.67275],[-73.75874,40.67288],[-73.75899,40.67321],[-73.76032,40.67511],[-73.75704,40.67648],[-73.75692,40.67649],[-73.75686,40.67644],[-73.75677,40.67626],[-73.75652,40.67604],[-73.75576,40.67589],[-73.75523,40.67729],[-73.75485,40.67793],[-73.75268,40.68087],[-73.75172,40.68238],[-73.75121,40.68372],[-73.75097,40.6842],[-73.75002,40.68589],[-73.74935,40.68664],[-73.7485,40.68778],[-73.74745,40.68935],[-73.74722,40.68971],[-73.74711,40.69],[-73.74624,40.69128],[-73.74482,40.69317],[-73.74416,40.69455],[-73.74359,40.69622],[-73.74458,40.69636],[-73.74524,40.69638],[-73.74619,40.69612],[-73.75121,40.70731],[-73.75371,40.71332],[-73.75404,40.71388],[-73.7547,40.71471],[-73.75944,40.72106],[-73.75577,40.72364],[-73.75497,40.72416],[-73.75509,40.72449],[-73.75524,40.72478],[-73.75548,40.72512],[-73.75567,40.72532],[-73.75671,40.72618],[-73.75688,40.72628],[-73.75522,40.72682],[-73.75375,40.72742],[-73.75264,40.72799],[-73.75133,40.72875],[-73.75066,40.72919],[-73.74962,40.73],[-73.74674,40.73258],[-73.74606,40.73313],[-73.74384,40.73481],[-73.74307,40.73546],[-73.7416,40.73691],[-73.74029,40.73852],[-73.73959,40.73933],[-73.73922,40.73968],[-73.73835,40.74034],[-73.73804,40.74053],[-73.7372,40.74094],[-73.7345,40.7424],[-73.7332,40.74321],[-73.7327,40.74385],[-73.73233,40.74365],[-73.73096,40.74486],[-73.72943,40.74668],[-73.72904,40.74723],[-73.72865,40.74807],[-73.72822,40.74942],[-73.72796,40.75003],[-73.72736,40.75084],[-73.72686,40.75138],[-73.72626,40.75188],[-73.72507,40.75259],[-73.72377,40.75342],[-73.72329,40.75378],[-73.72293,40.75413],[-73.72255,40.75456],[-73.72212,40.75521],[-73.72134,40.75666],[-73.72071,40.75741],[-73.72015,40.75791],[-73.7195,40.7584],[-73.71877,40.7588],[-73.71778,40.75921],[-73.71699,40.75943],[-73.71612,40.75958],[-73.7155,40.75965],[-73.71437,40.75971],[-73.71332,40.75973],[-73.71245,40.75924],[-73.70782,40.75622],[-73.70527,40.75477],[-73.70274,40.75325],[-73.70163,40.75249],[-73.70154,40.75192],[-73.70143,40.75066],[-73.70077,40.74501],[-73.70036,40.74103],[-73.70017,40.73954],[-73.70794,40.72777],[-73.7105,40.72723],[-73.71649,40.72645],[-73.71753,40.72624],[-73.71999,40.7256],[-73.72553,40.72408],[-73.72603,40.72391],[-73.72923,40.7227],[-73.7295,40.72259],[-73.73033,40.72216],[-73.72918,40.71917],[-73.72732,40.71222],[-73.72697,40.71072],[-73.7269,40.70998],[-73.72705,40.7095],[-73.72673,40.70215],[-73.72678,40.70199],[-73.72665,40.70111],[-73.72654,40.69898],[-73.7265,40.69689],[-73.72622,40.68931],[-73.726,40.68693]]]}},{"type":"Feature","properties":{"std_name":"Nassau County (Northeast)--Oyster Bay Town (North) & Glen Cove City PUMA","std_geoid":"3603202","pen":"statisticians","std_note":null},"geometry":{"type":"Polygon","coordinates":[[[-73.52777,40.9689],[-73.49957,40.97474],[-73.43192,40.98901],[-73.42945,40.93399],[-73.42925,40.92859],[-73.42965,40.92816],[-73.42988,40.92876],[-73.43015,40.92928],[-73.43069,40.92979],[-73.43148,40.9302],[-73.43205,40.93068],[-73.4326,40.93138],[-73.43332,40.93196],[-73.43429,40.93255],[-73.43673,40.93456],[-73.43757,40.93502],[-73.43824,40.93518],[-73.43939,40.93523],[-73.4408,40.93584],[-73.44216,40.93619],[-73.44325,40.93614],[-73.44394,40.93591],[-73.4453,40.93573],[-73.4462,40.93525],[-73.44726,40.93499],[-73.4488,40.93511],[-73.45033,40.93547],[-73.45121,40.93556],[-73.45305,40.93622],[-73.45568,40.93675],[-73.45709,40.93709],[-73.45924,40.93796],[-73.45984,40.93782],[-73.46062,40.93736],[-73.46111,40.93725],[-73.46252,40.93722],[-73.46437,40.93764],[-73.46775,40.93871],[-73.47092,40.93994],[-73.4736,40.94067],[-73.47638,40.94199],[-73.47834,40.94252],[-73.48067,40.94357],[-73.48414,40.94551],[-73.48498,40.94622],[-73.48462,40.94675],[-73.48462,40.94693],[-73.48495,40.94688],[-73.48673,40.94626],[-73.48818,40.94564],[-73.48848,40.94535],[-73.4886,40.94532],[-73.49002,40.94356],[-73.49104,40.94264],[-73.49167,40.94223],[-73.49282,40.94177],[-73.49318,40.94152],[-73.49369,40.9407],[-73.49369,40.94056],[-73.49378,40.94051],[-73.49402,40.93976],[-73.49336,40.93738],[-73.49441,40.93425],[-73.49504,40.93194],[-73.49579,40.92988],[-73.49603,40.92956],[-73.49639,40.92855],[-73.49678,40.92717],[-73.49702,40.92619],[-73.49713,40.9245],[-73.49741,40.92377],[-73.49737,40.92322],[-73.49713,40.92285],[-73.4955,40.92169],[-73.49284,40.92029],[-73.49097,40.91947],[-73.49061,40.91901],[-73.49061,40.91876],[-73.49031,40.91821],[-73.4897,40.91691],[-73.48901,40.91579],[-73.48846,40.91517],[-73.4881,40.91508],[-73.48798,40.91515],[-73.48813,40.91577],[-73.48786,40.91577],[-73.48744,40.91499],[-73.48704,40.91334],[-73.48695,40.9133],[-73.48571,40.90978],[-73.48447,40.90712],[-73.48371,40.90591],[-73.48356,40.90557],[-73.48269,40.9044],[-73.48187,40.90351],[-73.48024,40.90129],[-73.48018,40.90109],[-73.48003,40.90097],[-73.47988,40.90112],[-73.47967,40.9008],[-73.47847,40.89979],[-73.47731,40.89925],[-73.47608,40.87711],[-73.47347,40.8745],[-73.46737,40.8681],[-73.46437,40.86798],[-73.46404,40.86791],[-73.46385,40.86768],[-73.46385,40.86731],[-73.46253,40.86729],[-73.46226,40.86671],[-73.46407,40.85955],[-73.46296,40.85721],[-73.4606,40.85381],[-73.45958,40.85188],[-73.45771,40.84911],[-73.45749,40.84871],[-73.45717,40.84754],[-73.4571,40.84701],[-73.4569,40.84643],[-73.4566,40.84511],[-73.45586,40.84347],[-73.45536,40.84259],[-73.45526,40.84087],[-73.45549,40.84016],[-73.45468,40.83591],[-73.45458,40.83513],[-73.45462,40.835],[-73.45444,40.83463],[-73.45254,40.82463],[-73.45217,40.8224],[-73.45213,40.82232],[-73.45145,40.81885],[-73.45063,40.81489],[-73.45025,40.81265],[-73.45001,40.8116],[-73.44877,40.80532],[-73.44876,40.805],[-73.44953,40.80518],[-73.45058,40.80535],[-73.45149,40.80543],[-73.45232,40.80544],[-73.45331,40.80537],[-73.45436,40.80523],[-73.45542,40.80504],[-73.45688,40.80465],[-73.45758,40.80442],[-73.45862,40.804],[-73.45956,40.80351],[-73.46017,40.80311],[-73.46104,40.80242],[-73.46227,40.80115],[-73.46301,40.80053],[-73.46393,40.79998],[-73.46481,40.79958],[-73.46577,40.79927],[-73.46659,40.7991],[-73.46754,40.79899],[-73.4695,40.79896],[-73.4716,40.79879],[-73.47323,40.79849],[-73.47434,40.7982],[-73.47528,40.79789],[-73.47701,40.79717],[-73.4776,40.79688],[-73.47882,40.79618],[-73.47976,40.79575],[-73.48009,40.79562],[-73.48114,40.7953],[-73.48188,40.79513],[-73.48255,40.79502],[-73.48402,40.7949],[-73.48515,40.79493],[-73.48845,40.79516],[-73.48987,40.79522],[-73.48951,40.79563],[-73.48796,40.79687],[-73.49125,40.80668],[-73.49147,40.80776],[-73.49171,40.80942],[-73.49163,40.81178],[-73.49606,40.81098],[-73.49708,40.81076],[-73.4997,40.81032],[-73.50139,40.81028],[-73.50704,40.8103],[-73.50807,40.81023],[-73.51042,40.81006],[-73.51277,40.80972],[-73.51413,40.80948],[-73.51418,40.80956],[-73.5158,40.80914],[-73.51745,40.80859],[-73.51789,40.80822],[-73.51822,40.80805],[-73.52056,40.80649],[-73.52158,40.80589],[-73.52712,40.80349],[-73.52752,40.80329],[-73.52832,40.80281],[-73.52773,40.80228],[-73.52707,40.80195],[-73.5243,40.80103],[-73.5207,40.79976],[-73.51714,40.79842],[-73.51618,40.79804],[-73.51559,40.79774],[-73.51503,40.7974],[-73.5152,40.79669],[-73.51574,40.79312],[-73.51605,40.7913],[-73.51671,40.79113],[-73.51757,40.79084],[-73.51831,40.79051],[-73.51901,40.79011],[-73.51962,40.78966],[-73.52008,40.78926],[-73.52041,40.78892],[-73.52146,40.78767],[-73.5221,40.78707],[-73.52293,40.78647],[-73.52376,40.78601],[-73.52437,40.78574],[-73.52524,40.78543],[-73.52849,40.78462],[-73.53049,40.78399],[-73.53157,40.78357],[-73.53265,40.7831],[-73.53384,40.78251],[-73.5345,40.78214],[-73.53509,40.78178],[-73.5353,40.78161],[-73.5367,40.78067],[-73.53736,40.78016],[-73.53816,40.77947],[-73.54004,40.7777],[-73.5407,40.77713],[-73.54141,40.77661],[-73.54269,40.77583],[-73.54464,40.77488],[-73.54627,40.77435],[-73.54726,40.7741],[-73.54874,40.77383],[-73.55042,40.77364],[-73.55332,40.77349],[-73.5539,40.77343],[-73.5553,40.77318],[-73.55664,40.77284],[-73.55763,40.77249],[-73.55956,40.77172],[-73.56014,40.77154],[-73.56244,40.77291],[-73.5633,40.77335],[-73.56344,40.77338],[-73.56399,40.77376],[-73.56472,40.77417],[-73.56752,40.77593],[-73.56767,40.77611],[-73.56753,40.77626],[-73.56883,40.77732],[-73.57143,40.77905],[-73.57191,40.77928],[-73.57237,40.77969],[-73.57845,40.78357],[-73.57934,40.78416],[-73.58017,40.7848],[-73.58085,40.78512],[-73.58178,40.78585],[-73.58426,40.78741],[-73.58889,40.7905],[-73.59219,40.7929],[-73.59445,40.79431],[-73.59722,40.79629],[-73.60532,40.80159],[-73.60797,40.8032],[-73.61237,40.8062],[-73.61647,40.8088],[-73.62112,40.81165],[-73.62157,40.81191],[-73.62188,40.81189],[-73.622,40.81232],[-73.62208,40.81234],[-73.62396,40.81365],[-73.62536,40.81436],[-73.6265,40.81486],[-73.62708,40.81537],[-73.62761,40.81577],[-73.6281,40.81604],[-73.62839,40.81606],[-73.63446,40.8202],[-73.6352,40.82179],[-73.63674,40.82198],[-73.64192,40.82536],[-73.64307,40.82616],[-73.64737,40.829],[-73.65024,40.82864],[-73.65065,40.82862],[-73.6522,40.82801],[-73.65253,40.82872],[-73.65597,40.8345],[-73.66217,40.8455],[-73.67107,40.8593],[-73.676,40.86657],[-73.69445,40.90305],[-73.61289,40.95094],[-73.59067,40.9557],[-73.52777,40.9689]]]}},{"type":"Feature","properties":{"std_name":"Nassau County (Northwest)--North Hempstead Town (North) PUMA","std_geoid":"3603201","pen":"statisticians","std_note":null},"geometry":{"type":"Polygon","coordinates":[[[-73.69378,40.76412],[-73.69409,40.76202],[-73.69415,40.76131],[-73.69169,40.76269],[-73.68964,40.76308],[-73.68893,40.76017],[-73.68878,40.75876],[-73.6917,40.75874],[-73.69178,40.75718],[-73.69289,40.75754],[-73.69358,40.75773],[-73.69572,40.75806],[-73.69682,40.75828],[-73.6982,40.75689],[-73.70434,40.75646],[-73.70362,40.75479],[-73.70163,40.75249],[-73.70274,40.75325],[-73.70527,40.75477],[-73.70782,40.75622],[-73.71245,40.75924],[-73.7135,40.75983],[-73.71607,40.76146],[-73.72058,40.7642],[-73.7251,40.76699],[-73.72605,40.76753],[-73.72952,40.76973],[-73.73635,40.77391],[-73.73762,40.77474],[-73.73781,40.77481],[-73.73943,40.77582],[-73.73954,40.77581],[-73.73933,40.77596],[-73.73938,40.77601],[-73.74008,40.77621],[-73.74076,40.77669],[-73.74153,40.77711],[-73.74342,40.77822],[-73.74421,40.77871],[-73.74637,40.78012],[-73.75029,40.78248],[-73.75082,40.78289],[-73.7571,40.78969],[-73.76371,40.7938],[-73.77896,40.81171],[-73.78019,40.8264],[-73.7578,40.84568],[-73.748,40.87187],[-73.69445,40.90305],[-73.676,40.86657],[-73.67107,40.8593],[-73.66217,40.8455],[-73.65597,40.8345],[-73.65253,40.82872],[-73.6522,40.82801],[-73.65065,40.82862],[-73.65024,40.82864],[-73.64737,40.829],[-73.64307,40.82616],[-73.64192,40.82536],[-73.63674,40.82198],[-73.6352,40.82179],[-73.63446,40.8202],[-73.62839,40.81606],[-73.6281,40.81604],[-73.62761,40.81577],[-73.62708,40.81537],[-73.6265,40.81486],[-73.62536,40.81436],[-73.62396,40.81365],[-73.62208,40.81234],[-73.622,40.81232],[-73.62188,40.81189],[-73.62157,40.81191],[-73.62112,40.81165],[-73.61647,40.8088],[-73.61237,40.8062],[-73.60797,40.8032],[-73.60532,40.80159],[-73.59722,40.79629],[-73.59445,40.79431],[-73.59219,40.7929],[-73.58889,40.7905],[-73.58426,40.78741],[-73.58178,40.78585],[-73.58085,40.78512],[-73.58017,40.7848],[-73.57934,40.78416],[-73.57845,40.78357],[-73.57237,40.77969],[-73.57191,40.77928],[-73.57143,40.77905],[-73.56883,40.77732],[-73.57116,40.77611],[-73.57012,40.77533],[-73.5698,40.77527],[-73.56963,40.77517],[-73.57289,40.77349],[-73.57649,40.77153],[-73.57805,40.77074],[-73.58071,40.76952],[-73.58319,40.76842],[-73.58433,40.76806],[-73.58483,40.76793],[-73.59206,40.76638],[-73.59307,40.76608],[-73.60059,40.76348],[-73.60129,40.76328],[-73.60242,40.76304],[-73.60689,40.76226],[-73.61067,40.76132],[-73.61195,40.76092],[-73.61326,40.76048],[-73.61531,40.75959],[-73.61707,40.75874],[-73.61786,40.75826],[-73.61964,40.7573],[-73.6197,40.7574],[-73.62127,40.75661],[-73.62187,40.75711],[-73.6228,40.75799],[-73.62316,40.75856],[-73.62463,40.76191],[-73.62496,40.76282],[-73.62514,40.76354],[-73.62532,40.76473],[-73.62576,40.77083],[-73.62578,40.77218],[-73.62573,40.77315],[-73.62561,40.77409],[-73.62514,40.7765],[-73.62513,40.77685],[-73.62518,40.7772],[-73.62543,40.77783],[-73.62557,40.77807],[-73.62626,40.77818],[-73.62678,40.77877],[-73.62775,40.77939],[-73.62872,40.77982],[-73.62957,40.77997],[-73.63247,40.78008],[-73.63907,40.78009],[-73.63929,40.78071],[-73.63931,40.78086],[-73.64258,40.7812],[-73.64584,40.78176],[-73.64645,40.7818],[-73.64705,40.78178],[-73.65104,40.78158],[-73.65292,40.78145],[-73.65382,40.7813],[-73.65454,40.78108],[-73.65533,40.78075],[-73.65731,40.77965],[-73.65678,40.77892],[-73.65661,40.77882],[-73.65654,40.77779],[-73.6583,40.77755],[-73.65921,40.77734],[-73.65924,40.77743],[-73.65946,40.77773],[-73.65964,40.77791],[-73.66035,40.77852],[-73.66086,40.7789],[-73.66142,40.77867],[-73.66244,40.77842],[-73.66343,40.77806],[-73.66401,40.77778],[-73.66469,40.77738],[-73.66513,40.77707],[-73.66546,40.77679],[-73.6668,40.7754],[-73.66658,40.77374],[-73.66724,40.77353],[-73.66718,40.77325],[-73.66771,40.77302],[-73.66722,40.77004],[-73.66696,40.76963],[-73.6668,40.76945],[-73.66545,40.76846],[-73.66687,40.76774],[-73.66804,40.76752],[-73.67058,40.76722],[-73.67081,40.76632],[-73.67084,40.76603],[-73.67082,40.76573],[-73.67074,40.76534],[-73.67038,40.7643],[-73.6702,40.7639],[-73.66998,40.76356],[-73.66969,40.76326],[-73.66853,40.76227],[-73.66872,40.76219],[-73.66872,40.76224],[-73.66974,40.76314],[-73.67083,40.76271],[-73.67111,40.76264],[-73.67166,40.76257],[-73.67265,40.76261],[-73.68227,40.76331],[-73.68396,40.76281],[-73.68494,40.76296],[-73.68537,40.76314],[-73.687,40.76344],[-73.68962,40.764],[-73.69378,40.76412]]]}},{"type":"Feature","properties":{"std_name":"Nassau County (Southeast)--Oyster Bay Town (South) PUMA","std_geoid":"3603208","pen":"statisticians","std_note":null},"geometry":{"type":"Polygon","coordinates":[[[-73.4656,40.52611],[-73.4865,40.5205],[-73.51784,40.52331],[-73.55267,40.52891],[-73.62457,40.53451],[-73.70609,40.53454],[-73.76878,40.53375],[-73.76763,40.53715],[-73.76493,40.5444],[-73.76223,40.5502],[-73.75826,40.55536],[-73.7557,40.57869],[-73.73818,40.58018],[-73.72494,40.58065],[-73.7181,40.58023],[-73.7014,40.57914],[-73.68134,40.57902],[-73.65861,40.57612],[-73.64668,40.57463],[-73.6357,40.5754],[-73.55535,40.57442],[-73.52483,40.5826],[-73.48487,40.58969],[-73.48494,40.59685],[-73.48483,40.60025],[-73.48484,40.60452],[-73.48489,40.60619],[-73.48438,40.60789],[-73.48498,40.61408],[-73.48484,40.61741],[-73.4849,40.6175],[-73.48487,40.61954],[-73.48504,40.62233],[-73.48498,40.62377],[-73.48491,40.62824],[-73.48487,40.63502],[-73.48487,40.63788],[-73.48496,40.64137],[-73.48494,40.64505],[-73.48525,40.64605],[-73.48546,40.64621],[-73.48546,40.64649],[-73.48492,40.648],[-73.4848,40.64814],[-73.48465,40.64878],[-73.48654,40.64887],[-73.48561,40.65035],[-73.48613,40.65182],[-73.48607,40.65241],[-73.48589,40.65299],[-73.48595,40.65335],[-73.48637,40.65355],[-73.48592,40.65411],[-73.48578,40.65438],[-73.48586,40.65472],[-73.48608,40.65499],[-73.48639,40.65525],[-73.48703,40.65557],[-73.48704,40.65735],[-73.48671,40.65859],[-73.48644,40.6593],[-73.48599,40.6601],[-73.48539,40.66088],[-73.48437,40.66175],[-73.48386,40.66333],[-73.48314,40.66431],[-73.48311,40.66461],[-73.4829,40.66491],[-73.48233,40.66534],[-73.4822,40.6663],[-73.48208,40.66679],[-73.48107,40.6676],[-73.48237,40.6689],[-73.48207,40.66964],[-73.48217,40.6709],[-73.48167,40.6722],[-73.48237,40.6736],[-73.48197,40.67493],[-73.48207,40.6761],[-73.48207,40.6787],[-73.48155,40.6812],[-73.48148,40.68379],[-73.48166,40.6883],[-73.48209,40.69129],[-73.48277,40.69465],[-73.48291,40.69471],[-73.48295,40.69492],[-73.48259,40.695],[-73.48275,40.69519],[-73.48285,40.69526],[-73.48319,40.69701],[-73.48329,40.69705],[-73.48331,40.69762],[-73.48328,40.69768],[-73.48373,40.69974],[-73.48408,40.70185],[-73.48432,40.70206],[-73.48438,40.70222],[-73.48422,40.70252],[-73.48426,40.70307],[-73.48461,40.70489],[-73.48463,40.70512],[-73.48467,40.70522],[-73.48507,40.7071],[-73.48528,40.7077],[-73.48533,40.70825],[-73.48526,40.70843],[-73.4854,40.70869],[-73.48534,40.70913],[-73.48562,40.71055],[-73.48604,40.71051],[-73.48621,40.71148],[-73.48621,40.71185],[-73.48648,40.71303],[-73.48628,40.71326],[-73.48658,40.71331],[-73.48668,40.71359],[-73.48707,40.71569],[-73.48741,40.71661],[-73.48807,40.71974],[-73.48814,40.7199],[-73.48825,40.72004],[-73.48811,40.72011],[-73.48812,40.72032],[-73.48828,40.72048],[-73.48871,40.72235],[-73.48873,40.72234],[-73.4891,40.72407],[-73.4893,40.72525],[-73.48943,40.72558],[-73.4901,40.72813],[-73.49023,40.72817],[-73.49031,40.72828],[-73.48997,40.72837],[-73.49023,40.72875],[-73.49107,40.7321],[-73.48415,40.73181],[-73.48163,40.73179],[-73.47774,40.7315],[-73.4768,40.73161],[-73.47661,40.7316],[-73.47561,40.73165],[-73.47484,40.7314],[-73.46977,40.73122],[-73.46992,40.73207],[-73.47005,40.73329],[-73.47007,40.73431],[-73.46953,40.73392],[-73.4685,40.73327],[-73.4676,40.73275],[-73.46634,40.73221],[-73.46233,40.73104],[-73.46193,40.73156],[-73.46077,40.73316],[-73.46033,40.73401],[-73.46048,40.73426],[-73.46104,40.73496],[-73.45941,40.7354],[-73.45868,40.73595],[-73.45989,40.73687],[-73.45932,40.73805],[-73.45908,40.73844],[-73.45893,40.73864],[-73.45875,40.7388],[-73.45841,40.73901],[-73.45785,40.73918],[-73.45781,40.73868],[-73.45638,40.7389],[-73.45539,40.73941],[-73.45485,40.73936],[-73.45432,40.7394],[-73.45378,40.73947],[-73.45324,40.73949],[-73.45287,40.73947],[-73.44689,40.73965],[-73.44138,40.74001],[-73.44064,40.73975],[-73.43992,40.73906],[-73.43896,40.73815],[-73.43878,40.73769],[-73.43863,40.73741],[-73.43824,40.73752],[-73.43747,40.73673],[-73.43693,40.73609],[-73.43554,40.73456],[-73.43223,40.71709],[-73.43098,40.71032],[-73.43057,40.70828],[-73.43007,40.70545],[-73.42865,40.69789],[-73.42652,40.68703],[-73.42452,40.67651],[-73.42335,40.67074],[-73.42341,40.67061],[-73.42332,40.67061],[-73.42328,40.67048],[-73.4233,40.66913],[-73.42336,40.66874],[-73.42462,40.66627],[-73.42474,40.6662],[-73.4248,40.66535],[-73.4248,40.66507],[-73.42461,40.66378],[-73.42448,40.66247],[-73.42446,40.66166],[-73.42454,40.66144],[-73.42447,40.66113],[-73.42431,40.66081],[-73.42423,40.66053],[-73.42429,40.66],[-73.42408,40.65895],[-73.42415,40.65844],[-73.42412,40.65781],[-73.42383,40.65648],[-73.42388,40.65597],[-73.42529,40.65611],[-73.42559,40.65629],[-73.42555,40.65461],[-73.42535,40.65182],[-73.42499,40.63976],[-73.42488,40.63811],[-73.42457,40.63107],[-73.42427,40.62749],[-73.42427,40.6237],[-73.42437,40.62321],[-73.42425,40.62083],[-73.42414,40.61982],[-73.4241,40.61785],[-73.4242,40.6166],[-73.42407,40.6154],[-73.42414,40.61525],[-73.42412,40.61521],[-73.42417,40.6152],[-73.42402,40.60958],[-73.42393,40.60947],[-73.42379,40.6092],[-73.42387,40.60072],[-73.42531,40.55172],[-73.42531,40.53426],[-73.44121,40.53171],[-73.4656,40.52611]]]}},{"type":"Feature","properties":{"std_name":"Nassau County (Southwest)--Hempstead Town (Southwest) & Long Beach City PUMA","std_geoid":"3603212","pen":"statisticians","std_note":null},"geometry":{"type":"Polygon","coordinates":[[[-73.69307,40.60617],[-73.69396,40.60451],[-73.69358,40.60424],[-73.68464,40.60051],[-73.68469,40.59233],[-73.68108,40.5941],[-73.67067,40.5949],[-73.66254,40.59523],[-73.66173,40.59529],[-73.65944,40.59534],[-73.65673,40.59536],[-73.65255,40.59553],[-73.64945,40.59559],[-73.64657,40.5957],[-73.6386,40.59579],[-73.63757,40.59584],[-73.63746,40.59516],[-73.63757,40.58879],[-73.63765,40.5867],[-73.63746,40.58544],[-73.63742,40.58348],[-73.6357,40.5754],[-73.64668,40.57463],[-73.65861,40.57612],[-73.68134,40.57902],[-73.7014,40.57914],[-73.7181,40.58023],[-73.72494,40.58065],[-73.73818,40.58018],[-73.7557,40.57869],[-73.7555,40.58539],[-73.75212,40.58818],[-73.74775,40.5915],[-73.74447,40.5929],[-73.74324,40.59284],[-73.73718,40.59296],[-73.73741,40.59343],[-73.73764,40.59441],[-73.73808,40.59459],[-73.73846,40.59587],[-73.73844,40.59781],[-73.73826,40.60256],[-73.73846,40.60284],[-73.73852,40.60313],[-73.73923,40.60403],[-73.73946,40.60424],[-73.74029,40.6046],[-73.74115,40.60546],[-73.74177,40.60602],[-73.74317,40.60718],[-73.74355,40.60745],[-73.7432,40.60771],[-73.74307,40.60789],[-73.74315,40.60796],[-73.74306,40.608],[-73.74553,40.61187],[-73.74675,40.6114],[-73.74694,40.61178],[-73.74712,40.61204],[-73.7475,40.61189],[-73.74799,40.61231],[-73.74822,40.61201],[-73.74912,40.61179],[-73.75009,40.61164],[-73.75346,40.61052],[-73.75473,40.61041],[-73.7552,40.61059],[-73.75723,40.61099],[-73.76002,40.61135],[-73.76208,40.61273],[-73.76524,40.61494],[-73.76672,40.615],[-73.76757,40.62148],[-73.76855,40.62315],[-73.76867,40.62359],[-73.76884,40.62395],[-73.76881,40.62403],[-73.76883,40.6241],[-73.76878,40.6242],[-73.76878,40.62429],[-73.76865,40.62447],[-73.7686,40.62473],[-73.76833,40.6251],[-73.76825,40.6254],[-73.76815,40.62545],[-73.76778,40.62591],[-73.76776,40.62611],[-73.76743,40.62661],[-73.748,40.63463],[-73.74602,40.63521],[-73.74418,40.63736],[-73.7433,40.63805],[-73.74236,40.63809],[-73.7415,40.63785],[-73.7412,40.63759],[-73.74119,40.63741],[-73.74127,40.63726],[-73.74208,40.63638],[-73.74258,40.63565],[-73.74267,40.63541],[-73.74265,40.63504],[-73.74224,40.63485],[-73.74168,40.63484],[-73.73996,40.63514],[-73.73947,40.63571],[-73.74126,40.63891],[-73.74228,40.64012],[-73.74143,40.6405],[-73.74205,40.64147],[-73.74166,40.6422],[-73.74144,40.64609],[-73.74144,40.64689],[-73.73905,40.6482],[-73.73513,40.64973],[-73.73143,40.65017],[-73.73105,40.65023],[-73.73,40.65048],[-73.72687,40.65154],[-73.72667,40.65169],[-73.72643,40.65179],[-73.72525,40.65219],[-73.72505,40.65234],[-73.72498,40.65268],[-73.72482,40.65302],[-73.72487,40.65345],[-73.72479,40.654],[-73.72534,40.65532],[-73.72593,40.65773],[-73.72644,40.65916],[-73.72721,40.66042],[-73.72793,40.66175],[-73.72833,40.66304],[-73.72808,40.66307],[-73.72781,40.66322],[-73.72776,40.66398],[-73.72485,40.66433],[-73.72281,40.6637],[-73.71914,40.66387],[-73.71682,40.66326],[-73.71645,40.66336],[-73.71513,40.66292],[-73.71511,40.66276],[-73.71479,40.6618],[-73.71448,40.66183],[-73.71434,40.66197],[-73.71387,40.66229],[-73.71344,40.66211],[-73.71309,40.662],[-73.71314,40.66183],[-73.71276,40.66172],[-73.71186,40.66161],[-73.71153,40.66154],[-73.71091,40.66134],[-73.71076,40.66132],[-73.71048,40.66137],[-73.70991,40.66104],[-73.71042,40.6601],[-73.7108,40.65955],[-73.71054,40.65906],[-73.70961,40.65839],[-73.70942,40.65601],[-73.70941,40.65567],[-73.70935,40.65511],[-73.70958,40.65449],[-73.70974,40.65436],[-73.70967,40.65342],[-73.70941,40.65337],[-73.70921,40.65303],[-73.70913,40.65271],[-73.70935,40.65276],[-73.70912,40.65198],[-73.70899,40.65133],[-73.70877,40.65129],[-73.70865,40.6508],[-73.70861,40.65037],[-73.70882,40.65035],[-73.70951,40.65042],[-73.71161,40.65074],[-73.71217,40.651],[-73.71307,40.65153],[-73.71417,40.6499],[-73.71534,40.64808],[-73.71607,40.64731],[-73.71835,40.6464],[-73.719,40.64697],[-73.71933,40.64764],[-73.71971,40.64776],[-73.71991,40.64806],[-73.72037,40.64824],[-73.72091,40.64824],[-73.72348,40.64755],[-73.7217,40.64482],[-73.72134,40.64494],[-73.72019,40.64509],[-73.71958,40.64523],[-73.71889,40.64555],[-73.71866,40.64569],[-73.71663,40.64628],[-73.71571,40.6466],[-73.71548,40.64673],[-73.71568,40.64694],[-73.71533,40.64725],[-73.71504,40.64762],[-73.71482,40.64755],[-73.7128,40.65058],[-73.7121,40.65015],[-73.71176,40.65005],[-73.70869,40.64966],[-73.70834,40.64915],[-73.70781,40.64855],[-73.70746,40.64799],[-73.70735,40.64776],[-73.70554,40.64493],[-73.70297,40.6449],[-73.70184,40.64501],[-73.70184,40.64472],[-73.70131,40.64496],[-73.69978,40.64551],[-73.6969,40.64636],[-73.69431,40.64718],[-73.69343,40.6477],[-73.69308,40.64797],[-73.69094,40.64946],[-73.69048,40.64971],[-73.68986,40.64998],[-73.68902,40.64938],[-73.68779,40.64833],[-73.68703,40.64863],[-73.68524,40.64912],[-73.68417,40.648],[-73.68252,40.6484],[-73.68203,40.64867],[-73.68201,40.64879],[-73.68141,40.64916],[-73.68238,40.65041],[-73.68206,40.65061],[-73.68184,40.6508],[-73.68165,40.65081],[-73.68112,40.65038],[-73.68043,40.64975],[-73.67755,40.64791],[-73.67984,40.6459],[-73.68161,40.64414],[-73.67936,40.64316],[-73.67919,40.64445],[-73.67826,40.64498],[-73.67702,40.64557],[-73.67658,40.64582],[-73.67628,40.64567],[-73.67557,40.64613],[-73.67459,40.64688],[-73.67436,40.64716],[-73.67421,40.64716],[-73.67413,40.64725],[-73.67388,40.64712],[-73.67365,40.64738],[-73.67347,40.64749],[-73.67325,40.64756],[-73.67158,40.64832],[-73.66905,40.64957],[-73.66776,40.65028],[-73.66629,40.65101],[-73.66505,40.65172],[-73.66488,40.65202],[-73.66422,40.65189],[-73.66431,40.6516],[-73.66388,40.65151],[-73.66378,40.65179],[-73.66358,40.65176],[-73.66354,40.65164],[-73.66346,40.65174],[-73.66242,40.65161],[-73.66117,40.6516],[-73.66112,40.65162],[-73.66089,40.65158],[-73.66086,40.65192],[-73.66068,40.65191],[-73.66029,40.65197],[-73.66026,40.65224],[-73.65956,40.65221],[-73.65946,40.65256],[-73.65924,40.65256],[-73.65894,40.65263],[-73.65892,40.6529],[-73.65866,40.65287],[-73.65849,40.65329],[-73.65835,40.65337],[-73.65768,40.65329],[-73.65772,40.65308],[-73.65745,40.65303],[-73.65735,40.65323],[-73.65574,40.65305],[-73.65563,40.65273],[-73.65605,40.65159],[-73.65681,40.65005],[-73.65719,40.64899],[-73.6575,40.64836],[-73.6585,40.6444],[-73.6588,40.64279],[-73.65857,40.64254],[-73.65827,40.6419],[-73.65839,40.64076],[-73.65877,40.63974],[-73.65915,40.6384],[-73.65908,40.63835],[-73.65905,40.63809],[-73.65934,40.63773],[-73.65964,40.63642],[-73.65977,40.63612],[-73.65973,40.63602],[-73.65994,40.63582],[-73.65962,40.63571],[-73.65933,40.63568],[-73.6584,40.63567],[-73.6582,40.63564],[-73.6577,40.6355],[-73.65761,40.63533],[-73.65727,40.6352],[-73.65785,40.63463],[-73.65871,40.63424],[-73.65901,40.63452],[-73.65921,40.63388],[-73.65973,40.63046],[-73.65975,40.62983],[-73.66032,40.62897],[-73.66088,40.6284],[-73.6619,40.62386],[-73.66194,40.62305],[-73.66215,40.62288],[-73.66221,40.62269],[-73.66238,40.6224],[-73.66255,40.6222],[-73.66519,40.62216],[-73.66693,40.6227],[-73.66765,40.62311],[-73.66893,40.62558],[-73.67047,40.62623],[-73.67557,40.628],[-73.6774,40.62877],[-73.68009,40.62673],[-73.6817,40.62583],[-73.68227,40.62555],[-73.68842,40.62298],[-73.68899,40.62314],[-73.68926,40.62293],[-73.69237,40.62255],[-73.69296,40.62251],[-73.69461,40.62261],[-73.69526,40.62211],[-73.69552,40.62218],[-73.69737,40.6209],[-73.69762,40.62132],[-73.69871,40.62115],[-73.69872,40.62099],[-73.69912,40.62004],[-73.69957,40.6195],[-73.70036,40.61929],[-73.70114,40.61612],[-73.70185,40.61572],[-73.70198,40.61556],[-73.70282,40.61536],[-73.70417,40.61464],[-73.7039,40.61445],[-73.70343,40.61398],[-73.69377,40.61113],[-73.69308,40.6111],[-73.69273,40.61084],[-73.69251,40.61043],[-73.69209,40.6094],[-73.69211,40.60886],[-73.69317,40.60744],[-73.69305,40.60652],[-73.69307,40.60617]]]}},{"type":"Feature","properties":{"std_name":"NYC-Bronx Community District 9--Soundview & Parkchester PUMA","std_geoid":"3604209","pen":"statisticians","std_note":null},"geometry":{"type":"Polygon","coordinates":[[[-73.84525,40.82846],[-73.84455,40.82854],[-73.84392,40.82845],[-73.84281,40.82864],[-73.84123,40.82881],[-73.83758,40.82897],[-73.83702,40.82905],[-73.83675,40.8282],[-73.83654,40.82712],[-73.83602,40.82376],[-73.83594,40.81999],[-73.83603,40.81786],[-73.83673,40.81782],[-73.83671,40.81755],[-73.83674,40.81719],[-73.83696,40.81634],[-73.83998,40.81639],[-73.83986,40.81598],[-73.83991,40.81447],[-73.84043,40.81187],[-73.83902,40.80822],[-73.83798,40.80623],[-73.83648,40.80592],[-73.83592,40.80559],[-73.8345,40.80501],[-73.83288,40.80482],[-73.83196,40.80486],[-73.83183,40.80494],[-73.83068,40.80311],[-73.83541,40.8022],[-73.84408,40.80102],[-73.84665,40.80102],[-73.85307,40.80011],[-73.86297,40.79767],[-73.86648,40.8059],[-73.8713,40.81395],[-73.87797,40.81615],[-73.88245,40.81927],[-73.88379,40.82193],[-73.88433,40.82261],[-73.88441,40.82297],[-73.88457,40.82493],[-73.88453,40.82565],[-73.88383,40.82827],[-73.88356,40.82894],[-73.88358,40.82951],[-73.88389,40.82981],[-73.88235,40.8315],[-73.87998,40.83468],[-73.87925,40.83442],[-73.87841,40.83529],[-73.87797,40.83561],[-73.87753,40.83589],[-73.87694,40.83614],[-73.87662,40.83621],[-73.87394,40.83598],[-73.8737,40.83682],[-73.87359,40.83709],[-73.87323,40.83816],[-73.87294,40.83925],[-73.87284,40.83976],[-73.87072,40.83966],[-73.86943,40.83952],[-73.86831,40.84],[-73.86741,40.84031],[-73.86547,40.84086],[-73.86358,40.84128],[-73.86176,40.84151],[-73.85334,40.84247],[-73.85309,40.84105],[-73.85207,40.83563],[-73.85168,40.8342],[-73.84849,40.83452],[-73.84726,40.82931],[-73.84585,40.82892],[-73.84504,40.8288],[-73.84525,40.82846]]]}},{"type":"Feature","properties":{"std_name":"NYC-Bronx Community District 10--Co-op City & Throgs Neck PUMA","std_geoid":"3604210","pen":"statisticians","std_note":null},"geometry":{"type":"Polygon","coordinates":[[[-73.84328,40.84354],[-73.8415,40.84102],[-73.84204,40.84065],[-73.8417,40.8406],[-73.84132,40.84061],[-73.84046,40.84073],[-73.83986,40.84085],[-73.83936,40.84088],[-73.83832,40.84065],[-73.83763,40.84029],[-73.83766,40.84094],[-73.83732,40.84202],[-73.83715,40.84273],[-73.83687,40.84347],[-73.83669,40.84364],[-73.83654,40.8446],[-73.83618,40.84592],[-73.83556,40.85196],[-73.83504,40.85313],[-73.83481,40.85351],[-73.83391,40.85447],[-73.83341,40.85471],[-73.83158,40.85538],[-73.83129,40.85543],[-73.83178,40.85553],[-73.83231,40.85576],[-73.83277,40.85599],[-73.83282,40.85612],[-73.83199,40.85674],[-73.83143,40.85729],[-73.83033,40.85855],[-73.82837,40.86095],[-73.82959,40.86217],[-73.82981,40.86258],[-73.83057,40.86437],[-73.83203,40.86706],[-73.8336,40.87021],[-73.83401,40.87117],[-73.83434,40.87203],[-73.83449,40.87256],[-73.83488,40.87443],[-73.83488,40.8755],[-73.83479,40.87608],[-73.8345,40.87723],[-73.834,40.87839],[-73.8334,40.87915],[-73.83245,40.88022],[-73.83144,40.88111],[-73.82986,40.88217],[-73.82905,40.88262],[-73.82606,40.88415],[-73.82661,40.88465],[-73.82206,40.88611],[-73.82146,40.88611],[-73.82119,40.88598],[-73.82103,40.88587],[-73.82091,40.88571],[-73.82079,40.88548],[-73.82076,40.8853],[-73.81936,40.88573],[-73.81541,40.88665],[-73.81313,40.88672],[-73.81254,40.88666],[-73.80847,40.88588],[-73.80758,40.88577],[-73.80632,40.8858],[-73.80576,40.88589],[-73.8053,40.886],[-73.80339,40.88545],[-73.79925,40.88463],[-73.79449,40.88307],[-73.79417,40.88299],[-73.7937,40.8829],[-73.79302,40.88336],[-73.79199,40.88317],[-73.7858,40.8816],[-73.7812,40.88048],[-73.76099,40.87518],[-73.74806,40.87172],[-73.7578,40.84568],[-73.78019,40.8264],[-73.77896,40.81171],[-73.77956,40.81125],[-73.78268,40.80539],[-73.78475,40.80259],[-73.78732,40.80085],[-73.78792,40.80036],[-73.79002,40.80023],[-73.79356,40.80038],[-73.79713,40.80141],[-73.79975,40.8022],[-73.80454,40.80355],[-73.8113,40.8054],[-73.81742,40.80579],[-73.82344,40.80481],[-73.82758,40.80394],[-73.83023,40.80327],[-73.83068,40.80311],[-73.83183,40.80494],[-73.83196,40.80486],[-73.83288,40.80482],[-73.8345,40.80501],[-73.83592,40.80559],[-73.83648,40.80592],[-73.83798,40.80623],[-73.83902,40.80822],[-73.84043,40.81187],[-73.83991,40.81447],[-73.83986,40.81598],[-73.83998,40.81639],[-73.83696,40.81634],[-73.83674,40.81719],[-73.83671,40.81755],[-73.83673,40.81782],[-73.83603,40.81786],[-73.83594,40.81999],[-73.83602,40.82376],[-73.83654,40.82712],[-73.83675,40.8282],[-73.83702,40.82905],[-73.83758,40.82897],[-73.84123,40.82881],[-73.84281,40.82864],[-73.84392,40.82845],[-73.84455,40.82854],[-73.84525,40.82846],[-73.84504,40.8288],[-73.84585,40.82892],[-73.84726,40.82931],[-73.84849,40.83452],[-73.85168,40.8342],[-73.85207,40.83563],[-73.85309,40.84105],[-73.85334,40.84247],[-73.84807,40.84307],[-73.84749,40.84356],[-73.84623,40.84449],[-73.84789,40.84599],[-73.84721,40.84649],[-73.84657,40.84707],[-73.84604,40.84763],[-73.84575,40.84802],[-73.84536,40.84868],[-73.8453,40.84945],[-73.84525,40.84963],[-73.84511,40.84995],[-73.84493,40.85014],[-73.84505,40.84913],[-73.84503,40.84865],[-73.84462,40.84636],[-73.84467,40.84593],[-73.84491,40.84543],[-73.84328,40.84354]]]}},{"type":"Feature","properties":{"std_name":"NYC-Manhattan Community District 9--Morningside Heights & Hamilton Heights PUMA","std_geoid":"3604109","pen":"statisticians","std_note":null},"geometry":{"type":"Polygon","coordinates":[[[-73.94582,40.83277],[-73.93859,40.82972],[-73.93896,40.82899],[-73.93925,40.8283],[-73.9406,40.82641],[-73.94292,40.82326],[-73.94515,40.82088],[-73.94608,40.82126],[-73.94885,40.81532],[-73.9494,40.81442],[-73.95035,40.81316],[-73.9521,40.81144],[-73.95308,40.81009],[-73.95358,40.80948],[-73.95497,40.81006],[-73.95772,40.80629],[-73.95818,40.8056],[-73.95825,40.80471],[-73.9582,40.80389],[-73.95825,40.80311],[-73.95965,40.80116],[-73.96108,40.8018],[-73.9667,40.80417],[-73.97717,40.80803],[-73.96358,40.82664],[-73.95882,40.83746],[-73.94934,40.83398],[-73.9489,40.83407],[-73.94829,40.83386],[-73.94582,40.83277]]]}},{"type":"Feature","properties":{"std_name":"NYC-Bronx Community District 4--Highbridge & Concourse PUMA","std_geoid":"3604204","pen":"statisticians","std_note":null},"geometry":{"type":"Polygon","coordinates":[[[-73.91317,40.82546],[-73.91351,40.8248],[-73.91475,40.8252],[-73.91523,40.82561],[-73.91545,40.82575],[-73.91661,40.82499],[-73.91609,40.82484],[-73.92034,40.82209],[-73.92066,40.82184],[-73.92114,40.82156],[-73.92195,40.82103],[-73.92265,40.82049],[-73.92403,40.81929],[-73.92518,40.81801],[-73.92731,40.81856],[-73.92822,40.81654],[-73.92886,40.81488],[-73.93028,40.81326],[-73.93127,40.81371],[-73.93135,40.81383],[-73.93216,40.81415],[-73.9324,40.81415],[-73.93233,40.81492],[-73.93226,40.818],[-73.9324,40.82119],[-73.93249,40.82255],[-73.93275,40.82549],[-73.9329,40.82656],[-73.93306,40.8282],[-73.93326,40.8295],[-73.93342,40.83138],[-73.93346,40.83318],[-73.93301,40.83568],[-73.93061,40.83968],[-73.93041,40.84028],[-73.93037,40.84065],[-73.92973,40.84185],[-73.92958,40.84205],[-73.92969,40.84219],[-73.9295,40.84238],[-73.92901,40.84408],[-73.92816,40.84549],[-73.92674,40.84517],[-73.92517,40.84488],[-73.92473,40.84481],[-73.92397,40.84479],[-73.92354,40.84446],[-73.92282,40.84426],[-73.92263,40.84473],[-73.9215,40.84482],[-73.9174,40.84504],[-73.9142,40.84511],[-73.912,40.84509],[-73.90936,40.84501],[-73.90485,40.84473],[-73.905,40.84253],[-73.90511,40.84126],[-73.90516,40.84087],[-73.90531,40.84045],[-73.90561,40.83984],[-73.90538,40.83977],[-73.90598,40.8385],[-73.9074,40.83623],[-73.91049,40.83074],[-73.90896,40.83023],[-73.90948,40.82959],[-73.91031,40.82877],[-73.91169,40.82776],[-73.91179,40.82643],[-73.91131,40.82485],[-73.91317,40.82546]]]}},{"type":"Feature","properties":{"std_name":"NYC-Bronx Community Districts 3 & 6--Morrisania, Tremont, Belmont, & West Farms PUMA","std_geoid":"3604263","pen":"statisticians","std_note":null},"geometry":{"type":"Polygon","coordinates":[[[-73.88998,40.82681],[-73.89293,40.82679],[-73.89484,40.82624],[-73.89513,40.82789],[-73.89506,40.82801],[-73.8956,40.82832],[-73.89568,40.82822],[-73.8998,40.82769],[-73.90094,40.82793],[-73.90165,40.82622],[-73.90054,40.82594],[-73.90199,40.82244],[-73.90061,40.82211],[-73.90129,40.82048],[-73.90566,40.82156],[-73.90646,40.82171],[-73.9095,40.82244],[-73.90985,40.82255],[-73.9107,40.82232],[-73.91174,40.82211],[-73.91622,40.82347],[-73.91588,40.8241],[-73.91677,40.82439],[-73.91609,40.82484],[-73.91661,40.82499],[-73.91545,40.82575],[-73.91523,40.82561],[-73.91475,40.8252],[-73.91351,40.8248],[-73.91317,40.82546],[-73.91131,40.82485],[-73.91179,40.82643],[-73.91169,40.82776],[-73.91031,40.82877],[-73.90948,40.82959],[-73.90896,40.83023],[-73.91049,40.83074],[-73.9074,40.83623],[-73.90598,40.8385],[-73.90538,40.83977],[-73.90561,40.83984],[-73.90531,40.84045],[-73.90516,40.84087],[-73.90511,40.84126],[-73.905,40.84253],[-73.90485,40.84473],[-73.90463,40.84489],[-73.90263,40.84467],[-73.9013,40.84448],[-73.89967,40.84744],[-73.89561,40.85457],[-73.89644,40.85491],[-73.89321,40.85987],[-73.89145,40.86163],[-73.89181,40.86182],[-73.89065,40.86295],[-73.8889,40.86475],[-73.88812,40.86425],[-73.88683,40.86539],[-73.88362,40.86726],[-73.88308,40.86659],[-73.88129,40.8675],[-73.87986,40.86827],[-73.87773,40.86955],[-73.87629,40.87053],[-73.87528,40.8716],[-73.87437,40.8727],[-73.87255,40.87517],[-73.87161,40.87692],[-73.87094,40.87851],[-73.86943,40.87813],[-73.86942,40.87799],[-73.87003,40.87649],[-73.87027,40.87564],[-73.87031,40.87534],[-73.87038,40.87329],[-73.87056,40.87151],[-73.87042,40.86536],[-73.87046,40.86327],[-73.87058,40.8614],[-73.87108,40.85738],[-73.87104,40.85729],[-73.8709,40.85727],[-73.86955,40.85773],[-73.86861,40.85777],[-73.86838,40.85781],[-73.86989,40.85597],[-73.86993,40.85586],[-73.8699,40.85571],[-73.86872,40.85242],[-73.86823,40.85091],[-73.86921,40.84924],[-73.86837,40.84897],[-73.86786,40.84889],[-73.86835,40.84708],[-73.86893,40.84688],[-73.86879,40.84666],[-73.86868,40.84635],[-73.86866,40.8459],[-73.86874,40.84561],[-73.86864,40.84531],[-73.86828,40.84497],[-73.86802,40.84484],[-73.86889,40.84441],[-73.87099,40.84311],[-73.87153,40.84251],[-73.87225,40.8416],[-73.87281,40.84087],[-73.87356,40.83979],[-73.87284,40.83976],[-73.87294,40.83925],[-73.87323,40.83816],[-73.87359,40.83709],[-73.8737,40.83682],[-73.87394,40.83598],[-73.87662,40.83621],[-73.87694,40.83614],[-73.87753,40.83589],[-73.87797,40.83561],[-73.87841,40.83529],[-73.87925,40.83442],[-73.87998,40.83468],[-73.88235,40.8315],[-73.88389,40.82981],[-73.88358,40.82951],[-73.88356,40.82894],[-73.88383,40.82827],[-73.88453,40.82565],[-73.88457,40.82493],[-73.88441,40.82297],[-73.88558,40.82286],[-73.88699,40.82265],[-73.88741,40.82254],[-73.88797,40.82226],[-73.88754,40.82256],[-73.88736,40.82277],[-73.88719,40.82302],[-73.88689,40.82372],[-73.88675,40.82439],[-73.88661,40.82533],[-73.88609,40.82769],[-73.8864,40.8275],[-73.8879,40.82674],[-73.88998,40.82681]]]}},{"type":"Feature","properties":{"std_name":"NYC-Manhattan Community District 12--Washington Heights & Inwood PUMA","std_geoid":"3604112","pen":"statisticians","std_note":null},"geometry":{"type":"Polygon","coordinates":[[[-73.93506,40.83568],[-73.93838,40.83311],[-73.93868,40.8328],[-73.93891,40.83248],[-73.93915,40.83208],[-73.93938,40.83154],[-73.93959,40.83127],[-73.93991,40.83093],[-73.94008,40.83046],[-73.94017,40.83038],[-73.94582,40.83277],[-73.94829,40.83386],[-73.9489,40.83407],[-73.94934,40.83398],[-73.95882,40.83746],[-73.95283,40.85111],[-73.93379,40.88221],[-73.9245,40.87897],[-73.9226,40.87878],[-73.92163,40.87832],[-73.91981,40.87658],[-73.9152,40.87558],[-73.91491,40.87658],[-73.91221,40.87818],[-73.91141,40.87928],[-73.9095,40.87888],[-73.90919,40.87817],[-73.90868,40.87776],[-73.90801,40.87748],[-73.90765,40.87693],[-73.90711,40.87628],[-73.907,40.87345],[-73.9071,40.87298],[-73.9079,40.87268],[-73.9086,40.87168],[-73.9091,40.87168],[-73.9092,40.86978],[-73.9098,40.86828],[-73.91006,40.86785],[-73.91085,40.86653],[-73.91434,40.86252],[-73.91821,40.85868],[-73.92001,40.85668],[-73.92122,40.85469],[-73.92163,40.85397],[-73.9222,40.85311],[-73.92271,40.85248],[-73.9239,40.85049],[-73.9273,40.84656],[-73.92811,40.84558],[-73.92901,40.84408],[-73.9295,40.84238],[-73.92969,40.84219],[-73.92958,40.84205],[-73.92973,40.84185],[-73.93037,40.84065],[-73.93041,40.84028],[-73.93061,40.83968],[-73.93301,40.83568],[-73.9347,40.83563],[-73.9344,40.83605],[-73.93498,40.8357],[-73.93506,40.83568]]]}},{"type":"Feature","properties":{"std_name":"NYC-Bronx Community District 11--Pelham Parkway & Morris Park PUMA","std_geoid":"3604211","pen":"statisticians","std_note":null},"geometry":{"type":"Polygon","coordinates":[[[-73.83481,40.85351],[-73.83504,40.85313],[-73.83556,40.85196],[-73.83618,40.84592],[-73.83654,40.8446],[-73.83669,40.84364],[-73.83687,40.84347],[-73.83715,40.84273],[-73.83732,40.84202],[-73.83766,40.84094],[-73.83763,40.84029],[-73.83832,40.84065],[-73.83936,40.84088],[-73.83986,40.84085],[-73.84046,40.84073],[-73.84132,40.84061],[-73.8417,40.8406],[-73.84204,40.84065],[-73.8415,40.84102],[-73.84328,40.84354],[-73.84491,40.84543],[-73.84467,40.84593],[-73.84462,40.84636],[-73.84503,40.84865],[-73.84505,40.84913],[-73.84493,40.85014],[-73.84511,40.84995],[-73.84525,40.84963],[-73.8453,40.84945],[-73.84536,40.84868],[-73.84575,40.84802],[-73.84604,40.84763],[-73.84657,40.84707],[-73.84721,40.84649],[-73.84789,40.84599],[-73.84623,40.84449],[-73.84749,40.84356],[-73.84807,40.84307],[-73.86176,40.84151],[-73.86358,40.84128],[-73.86547,40.84086],[-73.86741,40.84031],[-73.86831,40.84],[-73.86943,40.83952],[-73.87072,40.83966],[-73.87356,40.83979],[-73.87281,40.84087],[-73.87225,40.8416],[-73.87153,40.84251],[-73.87099,40.84311],[-73.86889,40.84441],[-73.86802,40.84484],[-73.86828,40.84497],[-73.86864,40.84531],[-73.86874,40.84561],[-73.86866,40.8459],[-73.86868,40.84635],[-73.86879,40.84666],[-73.86893,40.84688],[-73.86835,40.84708],[-73.86786,40.84889],[-73.86837,40.84897],[-73.86921,40.84924],[-73.86823,40.85091],[-73.86872,40.85242],[-73.8699,40.85571],[-73.86993,40.85586],[-73.86989,40.85597],[-73.86838,40.85781],[-73.86861,40.85777],[-73.86955,40.85773],[-73.8709,40.85727],[-73.87104,40.85729],[-73.87108,40.85738],[-73.87058,40.8614],[-73.87046,40.86327],[-73.87042,40.86536],[-73.87054,40.86967],[-73.86649,40.8697],[-73.86433,40.86966],[-73.86427,40.87139],[-73.85661,40.87125],[-73.85651,40.87422],[-73.85166,40.87268],[-73.8486,40.87167],[-73.83643,40.86536],[-73.8316,40.86263],[-73.82959,40.86217],[-73.82837,40.86095],[-73.83033,40.85855],[-73.83143,40.85729],[-73.83199,40.85674],[-73.83282,40.85612],[-73.83277,40.85599],[-73.83231,40.85576],[-73.83178,40.85553],[-73.83129,40.85543],[-73.83158,40.85538],[-73.83341,40.85471],[-73.83391,40.85447],[-73.83481,40.85351]]]}},{"type":"Feature","properties":{"std_name":"NYC-Bronx Community District 5--Morris Heights & Mount Hope PUMA","std_geoid":"3604205","pen":"statisticians","std_note":null},"geometry":{"type":"Polygon","coordinates":[[[-73.89967,40.84744],[-73.9013,40.84448],[-73.90263,40.84467],[-73.90463,40.84489],[-73.90485,40.84473],[-73.90936,40.84501],[-73.91319,40.84512],[-73.9142,40.84511],[-73.9174,40.84504],[-73.9215,40.84482],[-73.92263,40.84473],[-73.92282,40.84426],[-73.92354,40.84446],[-73.92397,40.84479],[-73.92473,40.84481],[-73.92517,40.84488],[-73.92674,40.84517],[-73.92816,40.84549],[-73.9273,40.84656],[-73.9239,40.85049],[-73.92271,40.85248],[-73.9222,40.85311],[-73.92163,40.85397],[-73.92122,40.85469],[-73.92001,40.85668],[-73.91929,40.85748],[-73.91759,40.85681],[-73.91742,40.85677],[-73.91746,40.85632],[-73.91736,40.8561],[-73.91722,40.85601],[-73.91719,40.85684],[-73.91692,40.85753],[-73.91616,40.85878],[-73.91564,40.85916],[-73.91481,40.8594],[-73.91451,40.85945],[-73.91445,40.85943],[-73.9145,40.85937],[-73.91509,40.85906],[-73.91516,40.85891],[-73.91419,40.85919],[-73.91328,40.85962],[-73.9109,40.85878],[-73.91021,40.85829],[-73.90981,40.85735],[-73.90777,40.85961],[-73.90726,40.85935],[-73.9068,40.85937],[-73.90487,40.85869],[-73.90351,40.86092],[-73.90255,40.86058],[-73.90203,40.86149],[-73.90161,40.86214],[-73.90108,40.86276],[-73.89996,40.86235],[-73.89962,40.86216],[-73.89707,40.86253],[-73.89588,40.86226],[-73.89482,40.86207],[-73.89285,40.86183],[-73.89181,40.86182],[-73.89145,40.86163],[-73.89321,40.85987],[-73.89644,40.85491],[-73.89561,40.85457],[-73.89967,40.84744]]]}},{"type":"Feature","properties":{"std_name":"NYC-Bronx Community District 7--Fordham, Bedford Park, & Norwood PUMA","std_geoid":"3604207","pen":"statisticians","std_note":null},"geometry":{"type":"Polygon","coordinates":[[[-73.87986,40.86827],[-73.88129,40.8675],[-73.88308,40.86659],[-73.88362,40.86726],[-73.88683,40.86539],[-73.88812,40.86425],[-73.8889,40.86475],[-73.89065,40.86295],[-73.89181,40.86182],[-73.89285,40.86183],[-73.89482,40.86207],[-73.89588,40.86226],[-73.89707,40.86253],[-73.89962,40.86216],[-73.89996,40.86235],[-73.90108,40.86276],[-73.90161,40.86214],[-73.90203,40.86149],[-73.90255,40.86058],[-73.90351,40.86092],[-73.90487,40.85869],[-73.9068,40.85937],[-73.90726,40.85935],[-73.90777,40.85961],[-73.90981,40.85735],[-73.91021,40.85829],[-73.9109,40.85878],[-73.91328,40.85962],[-73.91419,40.85919],[-73.91516,40.85891],[-73.91509,40.85906],[-73.9145,40.85937],[-73.91445,40.85943],[-73.91451,40.85945],[-73.91481,40.8594],[-73.91525,40.85928],[-73.91564,40.85916],[-73.91616,40.85878],[-73.91692,40.85753],[-73.91713,40.85704],[-73.91719,40.85684],[-73.91722,40.85601],[-73.91736,40.8561],[-73.91746,40.85632],[-73.91742,40.85677],[-73.91759,40.85681],[-73.91929,40.85748],[-73.91821,40.85868],[-73.91434,40.86252],[-73.91085,40.86653],[-73.9098,40.86828],[-73.9092,40.86978],[-73.9091,40.87168],[-73.9086,40.87168],[-73.9079,40.87268],[-73.9071,40.87298],[-73.907,40.87345],[-73.90571,40.87314],[-73.90466,40.87264],[-73.9045,40.87253],[-73.90446,40.87242],[-73.90444,40.87218],[-73.90444,40.87158],[-73.90449,40.87084],[-73.90448,40.87057],[-73.9044,40.87035],[-73.90402,40.86994],[-73.90379,40.86962],[-73.90236,40.8687],[-73.90165,40.86842],[-73.89953,40.86788],[-73.89956,40.86826],[-73.89964,40.86847],[-73.89965,40.86869],[-73.8996,40.86893],[-73.89892,40.86966],[-73.89656,40.86856],[-73.89545,40.86993],[-73.895,40.87036],[-73.89391,40.87097],[-73.89272,40.87158],[-73.89233,40.87171],[-73.89171,40.87181],[-73.89099,40.87176],[-73.89068,40.87178],[-73.8903,40.87189],[-73.89006,40.87205],[-73.88984,40.87232],[-73.88774,40.87703],[-73.88566,40.87889],[-73.88594,40.88048],[-73.88701,40.88247],[-73.88697,40.88281],[-73.88705,40.88436],[-73.88686,40.88435],[-73.88657,40.88424],[-73.88517,40.88363],[-73.88438,40.88325],[-73.88386,40.88315],[-73.88351,40.88318],[-73.88292,40.88338],[-73.88267,40.88338],[-73.88248,40.88333],[-73.88124,40.88271],[-73.87936,40.88522],[-73.87792,40.88721],[-73.87783,40.8868],[-73.87761,40.88452],[-73.87773,40.88345],[-73.87813,40.88215],[-73.87467,40.88156],[-73.87479,40.88007],[-73.87495,40.87995],[-73.87192,40.88024],[-73.87092,40.88026],[-73.87024,40.88023],[-73.87161,40.87692],[-73.87255,40.87517],[-73.87437,40.8727],[-73.87528,40.8716],[-73.87629,40.87053],[-73.87773,40.86955],[-73.87986,40.86827]]]}},{"type":"Feature","properties":{"std_name":"NYC-Bronx Community District 12--Wakefield, Williamsbridge, & Eastchester PUMA","std_geoid":"3604212","pen":"statisticians","std_note":null},"geometry":{"type":"Polygon","coordinates":[[[-73.82079,40.88548],[-73.82091,40.88571],[-73.82103,40.88587],[-73.82146,40.88611],[-73.82206,40.88611],[-73.82661,40.88465],[-73.82606,40.88415],[-73.82905,40.88262],[-73.82986,40.88217],[-73.83144,40.88111],[-73.83212,40.88054],[-73.83245,40.88022],[-73.8334,40.87915],[-73.834,40.87839],[-73.8345,40.87723],[-73.83479,40.87608],[-73.83488,40.8755],[-73.83488,40.87443],[-73.83449,40.87256],[-73.83434,40.87203],[-73.83401,40.87117],[-73.8336,40.87021],[-73.83203,40.86706],[-73.83057,40.86437],[-73.82981,40.86258],[-73.82959,40.86217],[-73.8316,40.86263],[-73.83643,40.86536],[-73.8486,40.87167],[-73.85166,40.87268],[-73.85651,40.87422],[-73.85661,40.87125],[-73.86427,40.87139],[-73.86433,40.86966],[-73.86649,40.8697],[-73.87054,40.86967],[-73.87056,40.87151],[-73.87038,40.87329],[-73.87031,40.87534],[-73.87027,40.87564],[-73.87003,40.87649],[-73.86942,40.87799],[-73.86943,40.87813],[-73.87094,40.87851],[-73.87024,40.88023],[-73.87092,40.88026],[-73.87192,40.88024],[-73.87495,40.87995],[-73.87479,40.88007],[-73.87467,40.88156],[-73.87813,40.88215],[-73.87773,40.88345],[-73.87761,40.88452],[-73.87783,40.8868],[-73.87806,40.88783],[-73.87851,40.88878],[-73.87919,40.89031],[-73.88019,40.89213],[-73.88033,40.89249],[-73.8804,40.893],[-73.88037,40.8934],[-73.88026,40.89403],[-73.88012,40.89445],[-73.88001,40.89524],[-73.87928,40.89532],[-73.87712,40.89547],[-73.87644,40.89687],[-73.87589,40.89756],[-73.87482,40.89845],[-73.87389,40.89896],[-73.87136,40.90004],[-73.8701,40.90074],[-73.869,40.90156],[-73.86825,40.90233],[-73.86804,40.90264],[-73.86788,40.90298],[-73.86695,40.90248],[-73.86526,40.90195],[-73.86467,40.90179],[-73.86288,40.90154],[-73.86264,40.90147],[-73.8624,40.90134],[-73.86159,40.90105],[-73.86026,40.90062],[-73.85939,40.90038],[-73.8593,40.90049],[-73.8592,40.90088],[-73.8594,40.90138],[-73.859,40.90148],[-73.8593,40.90178],[-73.8596,40.90218],[-73.8591,40.90247],[-73.8583,40.90208],[-73.8582,40.90238],[-73.85771,40.90257],[-73.8572,40.90288],[-73.857,40.90358],[-73.857,40.90438],[-73.85759,40.90467],[-73.85732,40.90502],[-73.8567,40.90491],[-73.85639,40.90505],[-73.8562,40.90509],[-73.85594,40.90526],[-73.85596,40.90539],[-73.8562,40.90548],[-73.85633,40.9058],[-73.85632,40.90617],[-73.85611,40.90606],[-73.85569,40.90606],[-73.8547,40.90658],[-73.8541,40.90668],[-73.8538,40.90718],[-73.85382,40.90777],[-73.85398,40.90801],[-73.8543,40.90809],[-73.85448,40.90801],[-73.85488,40.90822],[-73.85434,40.90897],[-73.85423,40.90901],[-73.854,40.90928],[-73.85294,40.90992],[-73.85268,40.9099],[-73.85218,40.90951],[-73.85138,40.91004],[-73.85112,40.91001],[-73.85205,40.90896],[-73.85208,40.90889],[-73.85237,40.90888],[-73.85353,40.90747],[-73.85099,40.90654],[-73.85045,40.90718],[-73.85033,40.90728],[-73.85014,40.9075],[-73.84865,40.90678],[-73.84743,40.90624],[-73.84585,40.90576],[-73.84495,40.90556],[-73.8449,40.90508],[-73.84495,40.90471],[-73.84491,40.90419],[-73.84139,40.90417],[-73.84105,40.90316],[-73.84087,40.90198],[-73.84079,40.90169],[-73.84056,40.90128],[-73.83936,40.89971],[-73.83919,40.89936],[-73.83915,40.89906],[-73.83921,40.89882],[-73.83965,40.89789],[-73.83972,40.89769],[-73.83972,40.89751],[-73.83961,40.89714],[-73.83941,40.89669],[-73.83841,40.89406],[-73.83628,40.89353],[-73.83517,40.89317],[-73.8325,40.89238],[-73.8317,40.89218],[-73.83082,40.89188],[-73.83002,40.89169],[-73.82872,40.89127],[-73.82812,40.89105],[-73.82794,40.89093],[-73.82722,40.89079],[-73.825,40.89018],[-73.8244,40.88998],[-73.82401,40.88998],[-73.82405,40.88987],[-73.82402,40.88975],[-73.82364,40.88985],[-73.82237,40.88948],[-73.82236,40.88964],[-73.82251,40.88988],[-73.82267,40.88996],[-73.8231,40.88989],[-73.8233,40.89006],[-73.82322,40.89037],[-73.82325,40.89047],[-73.82312,40.89065],[-73.82311,40.89078],[-73.82313,40.89087],[-73.8233,40.89099],[-73.82324,40.8912],[-73.82296,40.89106],[-73.8185,40.88988],[-73.8176,40.88967],[-73.8161,40.88928],[-73.8156,40.88918],[-73.81505,40.88895],[-73.81418,40.8888],[-73.79302,40.88336],[-73.7937,40.8829],[-73.79417,40.88299],[-73.79449,40.88307],[-73.79925,40.88463],[-73.80339,40.88545],[-73.8053,40.886],[-73.80604,40.88584],[-73.80661,40.88578],[-73.80724,40.88576],[-73.80791,40.8858],[-73.81007,40.88617],[-73.81245,40.88665],[-73.81313,40.88672],[-73.81559,40.88663],[-73.81936,40.88573],[-73.82076,40.8853],[-73.82079,40.88548]]]}},{"type":"Feature","properties":{"std_name":"Westchester County (South Central East)--Mount Vernon City PUMA","std_geoid":"3603113","pen":"statisticians","std_note":null},"geometry":{"type":"Polygon","coordinates":[[[-73.82138,40.96167],[-73.82123,40.96226],[-73.82108,40.96249],[-73.82068,40.96257],[-73.82047,40.96267],[-73.82001,40.9634],[-73.81965,40.96373],[-73.81954,40.96393],[-73.81917,40.96432],[-73.81915,40.96442],[-73.81923,40.96466],[-73.81924,40.9648],[-73.81919,40.96514],[-73.8189,40.96522],[-73.81854,40.96518],[-73.81825,40.96524],[-73.81805,40.9657],[-73.81804,40.9659],[-73.81847,40.96589],[-73.81835,40.96626],[-73.81812,40.96669],[-73.81792,40.96724],[-73.81758,40.9677],[-73.81762,40.9678],[-73.81774,40.96792],[-73.81778,40.96812],[-73.81758,40.96853],[-73.81731,40.96925],[-73.81714,40.96952],[-73.81616,40.9699],[-73.81605,40.97019],[-73.81624,40.97033],[-73.8162,40.97072],[-73.816,40.97119],[-73.81568,40.9715],[-73.81565,40.9716],[-73.8157,40.97216],[-73.81575,40.97234],[-73.81572,40.97263],[-73.81532,40.9727],[-73.81523,40.97287],[-73.8152,40.97315],[-73.81482,40.97371],[-73.81475,40.97387],[-73.81456,40.97514],[-73.81428,40.97556],[-73.81393,40.97597],[-73.81324,40.97659],[-73.81299,40.97717],[-73.81312,40.9773],[-73.81347,40.97754],[-73.8135,40.97766],[-73.81343,40.97819],[-73.81347,40.9784],[-73.81376,40.97901],[-73.8139,40.97967],[-73.81436,40.98043],[-73.81438,40.98076],[-73.81436,40.98132],[-73.81458,40.98209],[-73.815,40.98256],[-73.81486,40.98301],[-73.81484,40.98349],[-73.81479,40.98356],[-73.81397,40.98393],[-73.81353,40.98411],[-73.81297,40.98428],[-73.8128,40.98439],[-73.81246,40.98473],[-73.81217,40.98519],[-73.81196,40.98561],[-73.81193,40.98617],[-73.8111,40.98698],[-73.81069,40.98782],[-73.80973,40.9872],[-73.8083,40.98605],[-73.80623,40.9842],[-73.80577,40.98376],[-73.80507,40.98319],[-73.80482,40.98295],[-73.80461,40.98281],[-73.80411,40.98237],[-73.80366,40.98188],[-73.80296,40.9812],[-73.80258,40.9809],[-73.80121,40.97967],[-73.80059,40.97919],[-73.79834,40.97723],[-73.79677,40.9758],[-73.79672,40.97578],[-73.79651,40.9756],[-73.79323,40.97492],[-73.79352,40.97438],[-73.79366,40.97424],[-73.79371,40.97414],[-73.7939,40.97399],[-73.79388,40.97387],[-73.79395,40.97371],[-73.79407,40.9736],[-73.79394,40.97337],[-73.79395,40.97302],[-73.79385,40.97282],[-73.79353,40.97235],[-73.79343,40.97213],[-73.79333,40.97205],[-73.79302,40.97198],[-73.7928,40.97182],[-73.79277,40.97176],[-73.79257,40.97103],[-73.79252,40.97053],[-73.79239,40.96999],[-73.79242,40.96981],[-73.79259,40.96966],[-73.79246,40.96949],[-73.79252,40.96938],[-73.79277,40.96929],[-73.79293,40.96891],[-73.793,40.96881],[-73.79347,40.96856],[-73.79357,40.96847],[-73.79362,40.96831],[-73.79378,40.96803],[-73.79396,40.96784],[-73.79478,40.96728],[-73.79555,40.96663],[-73.79559,40.96673],[-73.7959,40.96646],[-73.79597,40.96625],[-73.79645,40.96591],[-73.79657,40.96571],[-73.79654,40.96542],[-73.79646,40.96518],[-73.79662,40.96491],[-73.79711,40.96451],[-73.7973,40.96421],[-73.79755,40.96372],[-73.79804,40.9631],[-73.79897,40.96209],[-73.79933,40.96157],[-73.79966,40.96096],[-73.79967,40.96076],[-73.79974,40.96057],[-73.80036,40.96024],[-73.80057,40.95922],[-73.80079,40.95842],[-73.80099,40.95815],[-73.80094,40.95804],[-73.80077,40.95795],[-73.80062,40.95772],[-73.79915,40.95731],[-73.79833,40.95704],[-73.79872,40.95631],[-73.79881,40.95603],[-73.79931,40.95509],[-73.79965,40.95472],[-73.7998,40.95415],[-73.7998,40.95381],[-73.79973,40.95347],[-73.7999,40.9532],[-73.79984,40.95302],[-73.79965,40.95293],[-73.79944,40.95275],[-73.79906,40.95214],[-73.79878,40.9519],[-73.79845,40.95152],[-73.79844,40.95124],[-73.79873,40.95103],[-73.79891,40.95081],[-73.79892,40.95074],[-73.7986,40.95075],[-73.79844,40.95066],[-73.79839,40.9506],[-73.79833,40.95035],[-73.79841,40.9502],[-73.79858,40.95003],[-73.79908,40.94909],[-73.79908,40.94851],[-73.79933,40.94815],[-73.79916,40.94803],[-73.79921,40.94786],[-73.79962,40.94722],[-73.79965,40.94703],[-73.79961,40.94689],[-73.79964,40.94651],[-73.7997,40.94624],[-73.79982,40.94604],[-73.80023,40.94568],[-73.80052,40.94494],[-73.80078,40.94462],[-73.8008,40.94451],[-73.80136,40.94418],[-73.80188,40.94426],[-73.80198,40.94377],[-73.80243,40.94333],[-73.80254,40.94318],[-73.80267,40.94296],[-73.8028,40.94239],[-73.8036,40.94111],[-73.80388,40.94023],[-73.80385,40.93965],[-73.80406,40.93935],[-73.80448,40.93908],[-73.80519,40.9388],[-73.80556,40.93841],[-73.80626,40.93699],[-73.80676,40.9362],[-73.807,40.93544],[-73.80692,40.93498],[-73.80676,40.93466],[-73.80652,40.93445],[-73.80583,40.9339],[-73.80466,40.93334],[-73.80419,40.93344],[-73.80405,40.93342],[-73.80398,40.93338],[-73.80391,40.93326],[-73.80382,40.93323],[-73.80355,40.93326],[-73.80327,40.93338],[-73.803,40.93332],[-73.80227,40.93327],[-73.80194,40.93336],[-73.80153,40.9329],[-73.80134,40.93279],[-73.80134,40.93273],[-73.80108,40.93271],[-73.80077,40.93275],[-73.80086,40.93203],[-73.80087,40.93164],[-73.80098,40.93052],[-73.80089,40.93032],[-73.80066,40.93013],[-73.801,40.93003],[-73.80139,40.93003],[-73.80165,40.92992],[-73.80178,40.92953],[-73.80196,40.92935],[-73.8033,40.92861],[-73.80365,40.9285],[-73.80395,40.92817],[-73.80438,40.92814],[-73.80453,40.92805],[-73.80502,40.92765],[-73.80513,40.92737],[-73.80513,40.92724],[-73.8054,40.92684],[-73.80519,40.92672],[-73.80508,40.9266],[-73.80504,40.9265],[-73.80501,40.92592],[-73.80481,40.92532],[-73.80474,40.92527],[-73.80471,40.92517],[-73.80441,40.92415],[-73.80389,40.92152],[-73.80397,40.92118],[-73.80397,40.92099],[-73.80356,40.91917],[-73.80314,40.91751],[-73.80305,40.91683],[-73.80225,40.91322],[-73.80207,40.9132],[-73.80191,40.91287],[-73.8018,40.91272],[-73.80179,40.91246],[-73.80198,40.91182],[-73.80195,40.91181],[-73.80121,40.90841],[-73.80095,40.90824],[-73.80013,40.90427],[-73.7999,40.90261],[-73.79969,40.90145],[-73.79927,40.89956],[-73.79911,40.89859],[-73.79853,40.89595],[-73.79831,40.89565],[-73.79812,40.8952],[-73.79764,40.89457],[-73.79402,40.89087],[-73.78834,40.88517],[-73.7883,40.88509],[-73.78666,40.88358],[-73.78666,40.88347],[-73.78538,40.88218],[-73.78473,40.88186],[-73.7837,40.88108],[-73.79199,40.88317],[-73.79328,40.88342],[-73.81418,40.8888],[-73.81505,40.88895],[-73.8156,40.88918],[-73.8161,40.88928],[-73.8176,40.88967],[-73.8185,40.88988],[-73.82296,40.89106],[-73.82324,40.8912],[-73.8233,40.89099],[-73.82313,40.89087],[-73.82311,40.89078],[-73.82312,40.89065],[-73.82325,40.89047],[-73.82322,40.89037],[-73.8233,40.89006],[-73.8231,40.88989],[-73.82267,40.88996],[-73.82251,40.88988],[-73.82236,40.88964],[-73.82237,40.88948],[-73.82364,40.88985],[-73.82402,40.88975],[-73.82405,40.88987],[-73.82401,40.88998],[-73.8244,40.88998],[-73.825,40.89018],[-73.82722,40.89079],[-73.82794,40.89093],[-73.82812,40.89105],[-73.82872,40.89127],[-73.83002,40.89169],[-73.83082,40.89188],[-73.8317,40.89218],[-73.8325,40.89238],[-73.83517,40.89317],[-73.83628,40.89353],[-73.83841,40.89406],[-73.83941,40.89669],[-73.83961,40.89714],[-73.83972,40.89751],[-73.83972,40.89769],[-73.83965,40.89789],[-73.83921,40.89882],[-73.83915,40.89906],[-73.83919,40.89936],[-73.83936,40.89971],[-73.84056,40.90128],[-73.84079,40.90169],[-73.84087,40.90198],[-73.84105,40.90316],[-73.84139,40.90417],[-73.84491,40.90419],[-73.84495,40.90471],[-73.8449,40.90508],[-73.84495,40.90556],[-73.84585,40.90576],[-73.84743,40.90624],[-73.84865,40.90678],[-73.85014,40.9075],[-73.85033,40.90728],[-73.85045,40.90718],[-73.85099,40.90654],[-73.85353,40.90747],[-73.85237,40.90888],[-73.85208,40.90889],[-73.85205,40.90896],[-73.85112,40.91001],[-73.85138,40.91004],[-73.85218,40.90951],[-73.85268,40.9099],[-73.85268,40.91012],[-73.85228,40.91057],[-73.8522,40.91073],[-73.8522,40.91093],[-73.85213,40.91109],[-73.85175,40.91122],[-73.85163,40.91132],[-73.85172,40.91166],[-73.85171,40.91175],[-73.85154,40.91214],[-73.85104,40.9129],[-73.85065,40.91322],[-73.85033,40.91366],[-73.85012,40.91417],[-73.84999,40.9143],[-73.84983,40.91429],[-73.84963,40.91422],[-73.84957,40.91425],[-73.84943,40.91458],[-73.84913,40.91481],[-73.84891,40.91482],[-73.84869,40.91492],[-73.84844,40.91494],[-73.84801,40.91483],[-73.84771,40.91496],[-73.84742,40.91526],[-73.84723,40.9155],[-73.8472,40.91575],[-73.84713,40.91587],[-73.84699,40.91602],[-73.84692,40.91619],[-73.84695,40.91626],[-73.84702,40.91627],[-73.84732,40.91612],[-73.84753,40.91609],[-73.84767,40.91611],[-73.8479,40.91623],[-73.848,40.91636],[-73.84782,40.91653],[-73.84766,40.91654],[-73.847,40.91708],[-73.84625,40.91761],[-73.84638,40.91783],[-73.84647,40.91811],[-73.84637,40.91841],[-73.84641,40.91855],[-73.8465,40.91868],[-73.84659,40.91898],[-73.84677,40.9193],[-73.84652,40.91971],[-73.84645,40.91989],[-73.84651,40.9203],[-73.84658,40.92049],[-73.84673,40.92056],[-73.84685,40.92075],[-73.84681,40.92103],[-73.84664,40.92125],[-73.84653,40.92133],[-73.84616,40.92113],[-73.84578,40.92117],[-73.84547,40.92117],[-73.84517,40.9213],[-73.84491,40.92155],[-73.84486,40.92171],[-73.84499,40.92181],[-73.84542,40.9217],[-73.84571,40.92171],[-73.84585,40.92182],[-73.84571,40.92203],[-73.84546,40.92223],[-73.84535,40.92239],[-73.84531,40.92258],[-73.84537,40.92269],[-73.84532,40.923],[-73.84521,40.92317],[-73.84489,40.92335],[-73.84477,40.92352],[-73.84473,40.92366],[-73.84488,40.9241],[-73.84483,40.92422],[-73.84456,40.92406],[-73.84423,40.92405],[-73.84381,40.92412],[-73.84378,40.92406],[-73.84377,40.9237],[-73.84362,40.92352],[-73.84335,40.92349],[-73.84262,40.92378],[-73.84192,40.92469],[-73.84166,40.92482],[-73.84104,40.92577],[-73.84072,40.92645],[-73.84042,40.9269],[-73.84055,40.92698],[-73.84059,40.92736],[-73.84075,40.9275],[-73.84032,40.92816],[-73.84018,40.92811],[-73.84001,40.92837],[-73.83961,40.92933],[-73.83945,40.92963],[-73.83886,40.92949],[-73.8386,40.92973],[-73.83768,40.93095],[-73.83712,40.93112],[-73.83603,40.93168],[-73.83503,40.93197],[-73.8348,40.93213],[-73.83474,40.93226],[-73.83476,40.9329],[-73.83472,40.93303],[-73.8346,40.93326],[-73.83459,40.93344],[-73.83467,40.93378],[-73.835,40.93438],[-73.83495,40.93476],[-73.83463,40.93536],[-73.8347,40.9355],[-73.83465,40.93558],[-73.83478,40.93576],[-73.83527,40.93599],[-73.83601,40.93611],[-73.83701,40.93653],[-73.83746,40.93683],[-73.83768,40.93702],[-73.83782,40.9372],[-73.83789,40.93746],[-73.83782,40.93789],[-73.83771,40.93824],[-73.8377,40.93861],[-73.83796,40.93906],[-73.83806,40.93953],[-73.83815,40.93967],[-73.83817,40.94015],[-73.83822,40.94027],[-73.8386,40.94087],[-73.83866,40.94152],[-73.83852,40.94167],[-73.83799,40.94195],[-73.83778,40.94219],[-73.83764,40.94244],[-73.8375,40.94284],[-73.83746,40.94318],[-73.8375,40.94357],[-73.83739,40.9439],[-73.83709,40.94448],[-73.83708,40.94471],[-73.83687,40.94503],[-73.83662,40.94509],[-73.83642,40.94499],[-73.83611,40.9453],[-73.83557,40.94532],[-73.83529,40.94541],[-73.8347,40.94537],[-73.83453,40.94544],[-73.83373,40.94645],[-73.8336,40.94653],[-73.83349,40.94668],[-73.83344,40.9468],[-73.83379,40.94709],[-73.83392,40.94728],[-73.834,40.94752],[-73.83397,40.94766],[-73.83351,40.94809],[-73.83351,40.94849],[-73.83367,40.94863],[-73.83373,40.94881],[-73.8334,40.95045],[-73.83339,40.95114],[-73.83332,40.95138],[-73.83277,40.95188],[-73.83264,40.95216],[-73.83233,40.95214],[-73.83222,40.95205],[-73.83217,40.95187],[-73.83219,40.95181],[-73.83244,40.95166],[-73.83247,40.9516],[-73.8323,40.95142],[-73.83212,40.95132],[-73.83194,40.95133],[-73.83178,40.95141],[-73.8316,40.95156],[-73.83137,40.95182],[-73.83109,40.95181],[-73.83088,40.95175],[-73.83023,40.95119],[-73.82989,40.95098],[-73.82983,40.95099],[-73.82962,40.9511],[-73.82924,40.95139],[-73.82899,40.95257],[-73.82901,40.95333],[-73.82898,40.95365],[-73.82858,40.95452],[-73.82855,40.95473],[-73.82851,40.95481],[-73.82833,40.95491],[-73.828,40.95492],[-73.82761,40.95489],[-73.82733,40.95494],[-73.82713,40.95504],[-73.82684,40.95531],[-73.82622,40.9562],[-73.82608,40.95634],[-73.82567,40.95656],[-73.82537,40.95658],[-73.82473,40.95645],[-73.82452,40.95658],[-73.82425,40.9571],[-73.82357,40.95736],[-73.82251,40.95761],[-73.82208,40.95776],[-73.82165,40.95823],[-73.82147,40.95879],[-73.82176,40.95958],[-73.82192,40.96026],[-73.8214,40.96034],[-73.82108,40.9605],[-73.82102,40.96056],[-73.82095,40.9607],[-73.82102,40.96121],[-73.82138,40.96167]]]}},{"type":"Feature","properties":{"std_name":"Westchester County (Southeast)--White Plains & Rye City PUMA","std_geoid":"3603110","pen":"statisticians","std_note":null},"geometry":{"type":"Polygon","coordinates":[[[-73.67061,41.03083],[-73.67038,41.03006],[-73.66977,41.0294],[-73.66917,41.0285],[-73.66467,41.023],[-73.66418,41.02229],[-73.6636,41.02166],[-73.66276,41.02057],[-73.65945,41.01765],[-73.65899,41.01718],[-73.65868,41.01671],[-73.65787,41.0158],[-73.65737,41.0151],[-73.6569,41.01452],[-73.65612,41.01313],[-73.65541,41.01244],[-73.65525,41.01225],[-73.65524,41.01185],[-73.65606,41.00892],[-73.65721,41.0064],[-73.65808,41.00475],[-73.65856,41.00402],[-73.65969,41.00151],[-73.66013,41.00068],[-73.66027,41.00048],[-73.66021,41.00036],[-73.65931,40.99717],[-73.65949,40.99553],[-73.65965,40.99445],[-73.65959,40.99414],[-73.65911,40.99334],[-73.65797,40.992],[-73.65723,40.99091],[-73.65863,40.98926],[-73.65891,40.98899],[-73.65967,40.98791],[-73.65677,40.98451],[-73.61289,40.95094],[-73.69897,40.90039],[-73.70967,40.89417],[-73.70957,40.91477],[-73.71047,40.9245],[-73.71352,40.94449],[-73.71353,40.94454],[-73.71364,40.9446],[-73.71379,40.94553],[-73.71386,40.94601],[-73.71379,40.94595],[-73.71368,40.94598],[-73.71392,40.94696],[-73.714,40.94697],[-73.7142,40.94836],[-73.71417,40.94838],[-73.71418,40.94844],[-73.71429,40.94895],[-73.71426,40.94897],[-73.71437,40.94942],[-73.71577,40.95915],[-73.72363,40.96177],[-73.73024,40.96411],[-73.73051,40.96498],[-73.73066,40.96567],[-73.73061,40.96606],[-73.73066,40.96625],[-73.73099,40.96649],[-73.73102,40.96655],[-73.731,40.96669],[-73.73086,40.96705],[-73.7308,40.96732],[-73.73089,40.96738],[-73.73105,40.96757],[-73.73114,40.96779],[-73.73128,40.96789],[-73.7316,40.96799],[-73.7318,40.96801],[-73.73225,40.96823],[-73.73402,40.96834],[-73.73456,40.9683],[-73.73476,40.96853],[-73.73494,40.9686],[-73.73528,40.96862],[-73.73569,40.9686],[-73.73596,40.96869],[-73.73606,40.96879],[-73.73616,40.9692],[-73.7363,40.9693],[-73.73651,40.96929],[-73.73662,40.96916],[-73.73687,40.96899],[-73.73744,40.9687],[-73.73762,40.96867],[-73.73795,40.96878],[-73.73834,40.96872],[-73.73848,40.96833],[-73.73874,40.96809],[-73.73925,40.96792],[-73.7398,40.96789],[-73.74045,40.96813],[-73.74087,40.96832],[-73.74162,40.96813],[-73.74173,40.96814],[-73.74179,40.96821],[-73.74179,40.96849],[-73.74188,40.96875],[-73.74211,40.96921],[-73.7422,40.96926],[-73.7423,40.96924],[-73.74232,40.96916],[-73.74225,40.96884],[-73.7423,40.96873],[-73.74238,40.9687],[-73.7428,40.96872],[-73.74309,40.9687],[-73.74356,40.96889],[-73.74358,40.96922],[-73.74347,40.96941],[-73.74314,40.96975],[-73.74305,40.97001],[-73.74349,40.97068],[-73.74371,40.97093],[-73.74396,40.97116],[-73.74402,40.9713],[-73.74401,40.97141],[-73.74392,40.9716],[-73.74338,40.97207],[-73.74351,40.97235],[-73.74345,40.97414],[-73.74348,40.97444],[-73.74341,40.97516],[-73.74344,40.9755],[-73.74359,40.97602],[-73.74381,40.9765],[-73.74387,40.9767],[-73.74372,40.97695],[-73.7437,40.97716],[-73.74375,40.97733],[-73.74406,40.9778],[-73.74414,40.97802],[-73.74406,40.97813],[-73.74386,40.97828],[-73.74376,40.97854],[-73.7438,40.97863],[-73.74411,40.9789],[-73.74428,40.97917],[-73.74425,40.97959],[-73.74432,40.97997],[-73.74439,40.98006],[-73.74459,40.98016],[-73.74462,40.98024],[-73.74464,40.98035],[-73.74457,40.98048],[-73.7444,40.9806],[-73.74431,40.98074],[-73.74512,40.9821],[-73.74519,40.98233],[-73.74507,40.98252],[-73.74494,40.98262],[-73.74525,40.98289],[-73.74529,40.98306],[-73.7451,40.98332],[-73.74534,40.98365],[-73.74532,40.98378],[-73.74507,40.98388],[-73.74476,40.98408],[-73.74461,40.98442],[-73.7446,40.98495],[-73.7449,40.98612],[-73.7453,40.98741],[-73.74555,40.98809],[-73.74584,40.98842],[-73.746,40.98855],[-73.74632,40.98865],[-73.74674,40.98899],[-73.74696,40.98924],[-73.74715,40.98931],[-73.74727,40.98924],[-73.74739,40.98923],[-73.74762,40.9893],[-73.74811,40.98931],[-73.74835,40.98954],[-73.74853,40.98946],[-73.74872,40.98945],[-73.74888,40.98953],[-73.74877,40.98966],[-73.74886,40.98975],[-73.74906,40.98985],[-73.74965,40.98964],[-73.74971,40.98968],[-73.74986,40.98997],[-73.74986,40.99005],[-73.74981,40.9901],[-73.74906,40.99048],[-73.74909,40.99083],[-73.74916,40.99098],[-73.74941,40.99133],[-73.74958,40.99153],[-73.74972,40.99159],[-73.74998,40.99185],[-73.75009,40.9922],[-73.75028,40.99232],[-73.75065,40.99242],[-73.7508,40.99249],[-73.7509,40.99274],[-73.75104,40.99279],[-73.75143,40.99282],[-73.75184,40.99277],[-73.75216,40.99287],[-73.7523,40.9928],[-73.75248,40.99266],[-73.75296,40.9922],[-73.7531,40.99223],[-73.75348,40.99249],[-73.75347,40.99257],[-73.75338,40.9928],[-73.75355,40.99337],[-73.75352,40.99361],[-73.75332,40.99394],[-73.75331,40.99437],[-73.75408,40.99447],[-73.75448,40.99458],[-73.75579,40.99467],[-73.75594,40.99475],[-73.75649,40.99513],[-73.75696,40.9953],[-73.75715,40.99528],[-73.75748,40.99538],[-73.75752,40.99555],[-73.75766,40.99574],[-73.75792,40.99583],[-73.75804,40.99591],[-73.7581,40.99599],[-73.75826,40.99605],[-73.75828,40.99611],[-73.75825,40.99619],[-73.7583,40.99629],[-73.75827,40.99645],[-73.75835,40.9965],[-73.75847,40.99652],[-73.75864,40.99664],[-73.75874,40.99668],[-73.75908,40.99663],[-73.75929,40.99654],[-73.75937,40.99661],[-73.75958,40.99669],[-73.75952,40.99682],[-73.76067,40.99702],[-73.76201,40.99754],[-73.76255,40.99758],[-73.76312,40.99793],[-73.76414,40.99885],[-73.76613,41.0003],[-73.76823,41.00228],[-73.76873,41.00282],[-73.77122,41.00668],[-73.77203,41.00853],[-73.77206,41.00872],[-73.77251,41.00901],[-73.77314,41.00989],[-73.77378,41.01047],[-73.77565,41.01288],[-73.77611,41.01328],[-73.77829,41.01487],[-73.7803,41.01606],[-73.78074,41.01638],[-73.78091,41.01652],[-73.78102,41.01671],[-73.7817,41.01737],[-73.78196,41.01783],[-73.78224,41.01871],[-73.78237,41.01898],[-73.78282,41.01955],[-73.78357,41.02026],[-73.78405,41.02096],[-73.78492,41.02187],[-73.78508,41.02208],[-73.78671,41.02444],[-73.78692,41.02497],[-73.78711,41.02502],[-73.78995,41.02913],[-73.78713,41.0329],[-73.78692,41.03302],[-73.78639,41.03374],[-73.786,41.03414],[-73.78324,41.0365],[-73.78209,41.03663],[-73.78187,41.03705],[-73.7816,41.03722],[-73.78135,41.03719],[-73.78118,41.03737],[-73.78056,41.03764],[-73.78001,41.03794],[-73.77933,41.03824],[-73.7793,41.03815],[-73.77881,41.03804],[-73.77846,41.03805],[-73.77806,41.03789],[-73.77686,41.03775],[-73.77705,41.03831],[-73.77678,41.03846],[-73.77698,41.03892],[-73.77715,41.03903],[-73.77717,41.03926],[-73.77693,41.03963],[-73.77612,41.04024],[-73.77649,41.04053],[-73.77666,41.0411],[-73.77623,41.04128],[-73.7766,41.04163],[-73.77553,41.04398],[-73.77506,41.04518],[-73.77487,41.04527],[-73.77485,41.04548],[-73.77459,41.04559],[-73.77447,41.04574],[-73.77458,41.04587],[-73.7748,41.04602],[-73.77487,41.04622],[-73.7745,41.04665],[-73.77469,41.04707],[-73.7747,41.04718],[-73.77463,41.04789],[-73.77476,41.04833],[-73.77528,41.0485],[-73.77539,41.04869],[-73.77552,41.04921],[-73.77541,41.04945],[-73.77518,41.04943],[-73.77468,41.04919],[-73.77448,41.04903],[-73.77423,41.04907],[-73.77407,41.04929],[-73.77343,41.04957],[-73.77342,41.05006],[-73.7735,41.05037],[-73.77341,41.05063],[-73.77339,41.05097],[-73.77347,41.05123],[-73.77326,41.05175],[-73.77323,41.05221],[-73.77291,41.05251],[-73.77238,41.05245],[-73.77209,41.05332],[-73.77211,41.05344],[-73.77249,41.05379],[-73.77254,41.05391],[-73.77253,41.05418],[-73.77259,41.05441],[-73.76223,41.0534],[-73.7624,41.05352],[-73.76245,41.05359],[-73.76248,41.0537],[-73.76252,41.05414],[-73.76256,41.05419],[-73.76305,41.05449],[-73.76259,41.05505],[-73.76222,41.0556],[-73.76326,41.05692],[-73.76271,41.05786],[-73.76252,41.05875],[-73.76295,41.0591],[-73.76361,41.06082],[-73.76551,41.06322],[-73.76535,41.06395],[-73.7637,41.06427],[-73.76396,41.06465],[-73.76403,41.065],[-73.76353,41.06505],[-73.76304,41.06505],[-73.76208,41.06492],[-73.76152,41.06598],[-73.76082,41.0677],[-73.76041,41.06817],[-73.75985,41.0689],[-73.75913,41.07003],[-73.75741,41.06958],[-73.75769,41.06889],[-73.75812,41.06732],[-73.75695,41.0671],[-73.75684,41.06746],[-73.75403,41.06688],[-73.75386,41.06744],[-73.75356,41.06756],[-73.75298,41.06759],[-73.75285,41.06755],[-73.75262,41.0671],[-73.75246,41.0667],[-73.75234,41.06652],[-73.75199,41.06625],[-73.75146,41.06608],[-73.75214,41.06494],[-73.75234,41.06445],[-73.75233,41.06424],[-73.75224,41.06401],[-73.75222,41.06381],[-73.75161,41.06377],[-73.75186,41.06287],[-73.75188,41.06259],[-73.75185,41.06223],[-73.75146,41.06204],[-73.75177,41.06143],[-73.75235,41.06071],[-73.75223,41.06037],[-73.75214,41.05944],[-73.75227,41.05869],[-73.7525,41.05835],[-73.75115,41.0581],[-73.74961,41.05828],[-73.74975,41.05794],[-73.74972,41.05775],[-73.75018,41.05722],[-73.75052,41.05631],[-73.75065,41.05633],[-73.7515,41.05519],[-73.75178,41.05497],[-73.75219,41.05432],[-73.75276,41.05357],[-73.75336,41.05287],[-73.75361,41.05263],[-73.74702,41.05222],[-73.74415,41.05214],[-73.74395,41.05216],[-73.74413,41.05239],[-73.7442,41.05257],[-73.74441,41.05264],[-73.74497,41.05289],[-73.74509,41.05288],[-73.74544,41.05268],[-73.7457,41.05264],[-73.74593,41.05252],[-73.74619,41.05252],[-73.74647,41.05262],[-73.74658,41.0526],[-73.74703,41.05263],[-73.74762,41.05259],[-73.74789,41.05263],[-73.7485,41.05287],[-73.74861,41.05308],[-73.74905,41.05338],[-73.74957,41.05351],[-73.74986,41.05366],[-73.75062,41.05393],[-73.75069,41.054],[-73.75062,41.05441],[-73.75051,41.05471],[-73.75022,41.05521],[-73.74981,41.05578],[-73.74941,41.0559],[-73.74922,41.056],[-73.74882,41.05667],[-73.74873,41.05713],[-73.74876,41.05736],[-73.74882,41.05749],[-73.74883,41.05766],[-73.74851,41.05788],[-73.74846,41.05794],[-73.7485,41.05799],[-73.74865,41.05804],[-73.74887,41.05826],[-73.749,41.05854],[-73.74908,41.059],[-73.74908,41.05943],[-73.74929,41.05959],[-73.74965,41.05967],[-73.75013,41.05983],[-73.75034,41.05994],[-73.75054,41.06025],[-73.75056,41.06056],[-73.7505,41.06092],[-73.75032,41.06132],[-73.74983,41.06223],[-73.74975,41.06256],[-73.7496,41.06328],[-73.74961,41.06394],[-73.74978,41.06457],[-73.75015,41.06514],[-73.75046,41.06613],[-73.75118,41.07015],[-73.75191,41.0731],[-73.75212,41.0742],[-73.75226,41.07548],[-73.75245,41.07633],[-73.75244,41.0764],[-73.75237,41.07648],[-73.75252,41.07746],[-73.75252,41.07803],[-73.75258,41.07875],[-73.7516,41.07892],[-73.74701,41.07955],[-73.74606,41.0784],[-73.74579,41.07817],[-73.74515,41.07795],[-73.74425,41.07783],[-73.74373,41.07794],[-73.74336,41.07796],[-73.74285,41.07807],[-73.74092,41.07866],[-73.73988,41.0789],[-73.73919,41.07891],[-73.73852,41.07888],[-73.73801,41.07863],[-73.73761,41.07851],[-73.73739,41.0784],[-73.73688,41.07802],[-73.7364,41.07742],[-73.73607,41.07687],[-73.73595,41.07659],[-73.73576,41.07631],[-73.73533,41.07598],[-73.73504,41.07556],[-73.73458,41.07514],[-73.73411,41.07507],[-73.73364,41.07516],[-73.73316,41.07539],[-73.73218,41.07605],[-73.7318,41.07624],[-73.73135,41.07613],[-73.73092,41.07578],[-73.73033,41.07563],[-73.72967,41.07556],[-73.72892,41.07524],[-73.72794,41.07494],[-73.72756,41.07513],[-73.72628,41.07593],[-73.72597,41.07636],[-73.72582,41.07674],[-73.72553,41.07719],[-73.72534,41.07849],[-73.72505,41.07914],[-73.72376,41.07952],[-73.722,41.07933],[-73.72157,41.07916],[-73.72126,41.07919],[-73.72102,41.07912],[-73.72082,41.079],[-73.72072,41.07886],[-73.72076,41.07845],[-73.72064,41.07785],[-73.72086,41.0765],[-73.72069,41.07584],[-73.72066,41.07513],[-73.72059,41.07492],[-73.72069,41.07359],[-73.72082,41.07304],[-73.72113,41.07239],[-73.72136,41.07205],[-73.71143,41.07268],[-73.7066,41.07295],[-73.70664,41.07325],[-73.70661,41.07357],[-73.70656,41.07374],[-73.7063,41.07407],[-73.70507,41.0725],[-73.69617,41.0616],[-73.69468,41.05979],[-73.69421,41.05933],[-73.69286,41.05771],[-73.69235,41.05714],[-73.68953,41.05352],[-73.68885,41.05254],[-73.68842,41.05202],[-73.68789,41.05153],[-73.68717,41.0507],[-73.68247,41.0447],[-73.68184,41.04397],[-73.67977,41.04194],[-73.67928,41.04138],[-73.67878,41.04073],[-73.67856,41.0404],[-73.67592,41.03731],[-73.67574,41.037],[-73.67452,41.03563],[-73.67107,41.03153],[-73.67061,41.03083]]]}},{"type":"Feature","properties":{"std_name":"Westchester County (Southwest)--Yonkers City PUMA","std_geoid":"3603112","pen":"statisticians","std_note":null},"geometry":{"type":"Polygon","coordinates":[[[-73.84216,40.98388],[-73.83231,40.98535],[-73.82781,40.98592],[-73.82656,40.98611],[-73.81647,40.98738],[-73.81535,40.98762],[-73.81042,40.98834],[-73.8111,40.98698],[-73.81193,40.98617],[-73.81196,40.98561],[-73.81217,40.98519],[-73.81246,40.98473],[-73.8128,40.98439],[-73.81297,40.98428],[-73.81353,40.98411],[-73.81397,40.98393],[-73.81479,40.98356],[-73.81484,40.98349],[-73.81486,40.98301],[-73.815,40.98256],[-73.81458,40.98209],[-73.81436,40.98132],[-73.81438,40.98076],[-73.81436,40.98043],[-73.8139,40.97967],[-73.81376,40.97901],[-73.81347,40.9784],[-73.81343,40.97819],[-73.8135,40.97766],[-73.81347,40.97754],[-73.81312,40.9773],[-73.81299,40.97717],[-73.81324,40.97659],[-73.81393,40.97597],[-73.81428,40.97556],[-73.81456,40.97514],[-73.81475,40.97387],[-73.81482,40.97371],[-73.8152,40.97315],[-73.81523,40.97287],[-73.81532,40.9727],[-73.81572,40.97263],[-73.81575,40.97234],[-73.8157,40.97216],[-73.81565,40.9716],[-73.81568,40.9715],[-73.816,40.97119],[-73.8162,40.97072],[-73.81624,40.97033],[-73.81605,40.97019],[-73.81616,40.9699],[-73.81714,40.96952],[-73.81731,40.96925],[-73.81758,40.96853],[-73.81778,40.96812],[-73.81774,40.96792],[-73.81762,40.9678],[-73.81758,40.9677],[-73.81792,40.96724],[-73.81812,40.96669],[-73.81835,40.96626],[-73.81847,40.96589],[-73.81804,40.9659],[-73.81805,40.9657],[-73.81825,40.96524],[-73.81854,40.96518],[-73.8189,40.96522],[-73.81919,40.96514],[-73.81924,40.9648],[-73.81923,40.96466],[-73.81915,40.96442],[-73.81917,40.96432],[-73.81954,40.96393],[-73.81965,40.96373],[-73.82001,40.9634],[-73.82047,40.96267],[-73.82068,40.96257],[-73.82108,40.96249],[-73.82123,40.96226],[-73.82138,40.96167],[-73.82102,40.96121],[-73.82095,40.9607],[-73.82102,40.96056],[-73.82108,40.9605],[-73.8214,40.96034],[-73.82192,40.96026],[-73.82176,40.95958],[-73.82147,40.95879],[-73.82165,40.95823],[-73.82208,40.95776],[-73.82251,40.95761],[-73.82357,40.95736],[-73.82425,40.9571],[-73.82452,40.95658],[-73.82473,40.95645],[-73.82537,40.95658],[-73.82567,40.95656],[-73.82608,40.95634],[-73.82622,40.9562],[-73.82684,40.95531],[-73.82713,40.95504],[-73.82733,40.95494],[-73.82761,40.95489],[-73.828,40.95492],[-73.82833,40.95491],[-73.82851,40.95481],[-73.82855,40.95473],[-73.82858,40.95452],[-73.82898,40.95365],[-73.82901,40.95333],[-73.82899,40.95257],[-73.82924,40.95139],[-73.82962,40.9511],[-73.82983,40.95099],[-73.82989,40.95098],[-73.83023,40.95119],[-73.83088,40.95175],[-73.83109,40.95181],[-73.83137,40.95182],[-73.8316,40.95156],[-73.83178,40.95141],[-73.83194,40.95133],[-73.83212,40.95132],[-73.8323,40.95142],[-73.83247,40.9516],[-73.83244,40.95166],[-73.83219,40.95181],[-73.83217,40.95187],[-73.83222,40.95205],[-73.83233,40.95214],[-73.83264,40.95216],[-73.83277,40.95188],[-73.83332,40.95138],[-73.83339,40.95114],[-73.8334,40.95045],[-73.83373,40.94881],[-73.83367,40.94863],[-73.83351,40.94849],[-73.83351,40.94809],[-73.83397,40.94766],[-73.834,40.94752],[-73.83392,40.94728],[-73.83379,40.94709],[-73.83344,40.9468],[-73.83349,40.94668],[-73.8336,40.94653],[-73.83373,40.94645],[-73.83453,40.94544],[-73.8347,40.94537],[-73.83529,40.94541],[-73.83557,40.94532],[-73.83611,40.9453],[-73.83642,40.94499],[-73.83662,40.94509],[-73.83687,40.94503],[-73.83708,40.94471],[-73.83709,40.94448],[-73.83739,40.9439],[-73.8375,40.94357],[-73.83746,40.94318],[-73.8375,40.94284],[-73.83764,40.94244],[-73.83778,40.94219],[-73.83799,40.94195],[-73.83852,40.94167],[-73.83866,40.94152],[-73.8386,40.94087],[-73.83822,40.94027],[-73.83817,40.94015],[-73.83815,40.93967],[-73.83806,40.93953],[-73.83796,40.93906],[-73.8377,40.93861],[-73.83771,40.93824],[-73.83782,40.93789],[-73.83789,40.93746],[-73.83782,40.9372],[-73.83768,40.93702],[-73.83746,40.93683],[-73.83701,40.93653],[-73.83601,40.93611],[-73.83527,40.93599],[-73.83478,40.93576],[-73.83465,40.93558],[-73.8347,40.9355],[-73.83463,40.93536],[-73.83495,40.93476],[-73.835,40.93438],[-73.83467,40.93378],[-73.83459,40.93344],[-73.8346,40.93326],[-73.83472,40.93303],[-73.83476,40.9329],[-73.83474,40.93226],[-73.8348,40.93213],[-73.83503,40.93197],[-73.83603,40.93168],[-73.83712,40.93112],[-73.83768,40.93095],[-73.8386,40.92973],[-73.83886,40.92949],[-73.83945,40.92963],[-73.83961,40.92933],[-73.84001,40.92837],[-73.84018,40.92811],[-73.84032,40.92816],[-73.84075,40.9275],[-73.84059,40.92736],[-73.84055,40.92698],[-73.84042,40.9269],[-73.84072,40.92645],[-73.84104,40.92577],[-73.84166,40.92482],[-73.84192,40.92469],[-73.84262,40.92378],[-73.84335,40.92349],[-73.84362,40.92352],[-73.84377,40.9237],[-73.84378,40.92406],[-73.84381,40.92412],[-73.84423,40.92405],[-73.84456,40.92406],[-73.84483,40.92422],[-73.84488,40.9241],[-73.84473,40.92366],[-73.84477,40.92352],[-73.84489,40.92335],[-73.84521,40.92317],[-73.84532,40.923],[-73.84537,40.92269],[-73.84531,40.92258],[-73.84535,40.92239],[-73.84546,40.92223],[-73.84571,40.92203],[-73.84585,40.92182],[-73.84571,40.92171],[-73.84542,40.9217],[-73.84499,40.92181],[-73.84486,40.92171],[-73.84491,40.92155],[-73.84517,40.9213],[-73.84547,40.92117],[-73.84578,40.92117],[-73.84616,40.92113],[-73.84653,40.92133],[-73.84664,40.92125],[-73.84681,40.92103],[-73.84685,40.92075],[-73.84673,40.92056],[-73.84658,40.92049],[-73.84651,40.9203],[-73.84645,40.91989],[-73.84652,40.91971],[-73.84677,40.9193],[-73.84659,40.91898],[-73.8465,40.91868],[-73.84641,40.91855],[-73.84637,40.91841],[-73.84647,40.91811],[-73.84638,40.91783],[-73.84625,40.91761],[-73.847,40.91708],[-73.84766,40.91654],[-73.84782,40.91653],[-73.848,40.91636],[-73.8479,40.91623],[-73.84767,40.91611],[-73.84753,40.91609],[-73.84732,40.91612],[-73.84702,40.91627],[-73.84695,40.91626],[-73.84692,40.91619],[-73.84699,40.91602],[-73.84713,40.91587],[-73.8472,40.91575],[-73.84723,40.9155],[-73.84742,40.91526],[-73.84771,40.91496],[-73.84801,40.91483],[-73.84844,40.91494],[-73.84869,40.91492],[-73.84891,40.91482],[-73.84913,40.91481],[-73.84943,40.91458],[-73.84957,40.91425],[-73.84963,40.91422],[-73.84983,40.91429],[-73.84999,40.9143],[-73.85014,40.91413],[-73.85033,40.91366],[-73.85065,40.91322],[-73.85104,40.9129],[-73.85154,40.91214],[-73.85171,40.91175],[-73.85172,40.91166],[-73.85163,40.91132],[-73.85175,40.91122],[-73.85213,40.91109],[-73.8522,40.91093],[-73.8522,40.91073],[-73.85228,40.91057],[-73.85268,40.91012],[-73.85268,40.9099],[-73.85294,40.90992],[-73.854,40.90928],[-73.85423,40.90901],[-73.85434,40.90897],[-73.85488,40.90822],[-73.85448,40.90801],[-73.8543,40.90809],[-73.85398,40.90801],[-73.85382,40.90777],[-73.8538,40.90718],[-73.8541,40.90668],[-73.8547,40.90658],[-73.85569,40.90606],[-73.85611,40.90606],[-73.85632,40.90617],[-73.85633,40.9058],[-73.8562,40.90548],[-73.85596,40.90539],[-73.85594,40.90526],[-73.8562,40.90509],[-73.85639,40.90505],[-73.8567,40.90491],[-73.85732,40.90502],[-73.85759,40.90467],[-73.857,40.90438],[-73.857,40.90358],[-73.8572,40.90288],[-73.85771,40.90257],[-73.8582,40.90238],[-73.8583,40.90208],[-73.8591,40.90247],[-73.8596,40.90218],[-73.8593,40.90178],[-73.859,40.90148],[-73.8594,40.90138],[-73.8592,40.90088],[-73.8593,40.90049],[-73.85939,40.90038],[-73.86026,40.90062],[-73.86159,40.90105],[-73.8624,40.90134],[-73.86264,40.90147],[-73.86288,40.90154],[-73.86467,40.90179],[-73.86526,40.90195],[-73.86695,40.90248],[-73.86788,40.90298],[-73.87785,40.90592],[-73.87801,40.90597],[-73.87835,40.90598],[-73.87924,40.90637],[-73.88093,40.90683],[-73.88183,40.90713],[-73.88299,40.90742],[-73.88425,40.90751],[-73.88483,40.90772],[-73.8854,40.90798],[-73.88601,40.90798],[-73.89181,40.90978],[-73.8928,40.91006],[-73.89663,40.91132],[-73.89725,40.91166],[-73.89951,40.91198],[-73.90211,40.91288],[-73.91001,40.91508],[-73.91052,40.91528],[-73.91832,40.9177],[-73.91425,40.92796],[-73.90911,40.94589],[-73.90846,40.94788],[-73.8987,40.97481],[-73.89714,40.97512],[-73.88882,40.97654],[-73.888,40.97672],[-73.88199,40.97778],[-73.87234,40.97933],[-73.86513,40.98045],[-73.8454,40.98334],[-73.84216,40.98388]]]}},{"type":"Feature","properties":{"std_name":"NYC-Manhattan Community District 10--Harlem PUMA","std_geoid":"3604110","pen":"statisticians","std_note":null},"geometry":{"type":"Polygon","coordinates":[[[-73.94105,40.82579],[-73.93925,40.8283],[-73.93896,40.82899],[-73.93859,40.82972],[-73.94017,40.83038],[-73.94008,40.83046],[-73.93991,40.83093],[-73.93959,40.83127],[-73.93938,40.83154],[-73.93904,40.83228],[-73.93868,40.8328],[-73.93838,40.83311],[-73.93506,40.83568],[-73.93498,40.8357],[-73.9344,40.83605],[-73.9347,40.83563],[-73.93301,40.83568],[-73.93346,40.83318],[-73.93342,40.83138],[-73.93326,40.8295],[-73.93306,40.8282],[-73.93264,40.82436],[-73.9324,40.82119],[-73.93233,40.8195],[-73.93382,40.81949],[-73.93412,40.81955],[-73.93448,40.8197],[-73.93444,40.81915],[-73.93434,40.81876],[-73.93427,40.81874],[-73.93398,40.8177],[-73.93413,40.81773],[-73.93429,40.81724],[-73.93445,40.81719],[-73.93487,40.81653],[-73.93621,40.81467],[-73.94275,40.80574],[-73.9443,40.80639],[-73.94478,40.80576],[-73.94613,40.80388],[-73.9446,40.80323],[-73.9491,40.79706],[-73.94922,40.79691],[-73.9496,40.79705],[-73.95776,40.80047],[-73.9582,40.80055],[-73.95965,40.80116],[-73.95825,40.80311],[-73.9582,40.80389],[-73.95825,40.80471],[-73.95818,40.8056],[-73.95772,40.80629],[-73.95497,40.81006],[-73.95358,40.80948],[-73.95308,40.81009],[-73.9521,40.81144],[-73.95035,40.81316],[-73.94962,40.8141],[-73.94919,40.81474],[-73.9487,40.81565],[-73.94608,40.82126],[-73.94515,40.82088],[-73.94292,40.82326],[-73.94105,40.82579]]]}},{"type":"Feature","properties":{"std_name":"NYC-Bronx Community District 8--Riverdale, Kingsbridge, & Marble Hill PUMA","std_geoid":"3604208","pen":"statisticians","std_note":null},"geometry":{"type":"Polygon","coordinates":[[[-73.89663,40.91132],[-73.8928,40.91006],[-73.89181,40.90978],[-73.88601,40.90798],[-73.8854,40.90798],[-73.88483,40.90772],[-73.88425,40.90751],[-73.88299,40.90742],[-73.88183,40.90713],[-73.88093,40.90683],[-73.87924,40.90637],[-73.87835,40.90598],[-73.87801,40.90597],[-73.87785,40.90592],[-73.86788,40.90298],[-73.86804,40.90264],[-73.86825,40.90233],[-73.869,40.90156],[-73.8701,40.90074],[-73.87136,40.90004],[-73.87389,40.89896],[-73.87482,40.89845],[-73.87589,40.89756],[-73.87644,40.89687],[-73.87712,40.89547],[-73.87928,40.89532],[-73.88001,40.89524],[-73.88012,40.89445],[-73.88026,40.89403],[-73.88037,40.8934],[-73.8804,40.893],[-73.88033,40.89249],[-73.88019,40.89213],[-73.87919,40.89031],[-73.87851,40.88878],[-73.87806,40.88783],[-73.87792,40.88721],[-73.87936,40.88522],[-73.88124,40.88271],[-73.88248,40.88333],[-73.88267,40.88338],[-73.88292,40.88338],[-73.88351,40.88318],[-73.88386,40.88315],[-73.88438,40.88325],[-73.88517,40.88363],[-73.88657,40.88424],[-73.88686,40.88435],[-73.88705,40.88436],[-73.88697,40.88281],[-73.88701,40.88247],[-73.88594,40.88048],[-73.88566,40.87889],[-73.88774,40.87703],[-73.88984,40.87232],[-73.89006,40.87205],[-73.8903,40.87189],[-73.89068,40.87178],[-73.89099,40.87176],[-73.89171,40.87181],[-73.89233,40.87171],[-73.89272,40.87158],[-73.89391,40.87097],[-73.895,40.87036],[-73.89545,40.86993],[-73.89656,40.86856],[-73.89892,40.86966],[-73.8996,40.86893],[-73.89965,40.86869],[-73.89964,40.86847],[-73.89956,40.86826],[-73.89953,40.86788],[-73.90165,40.86842],[-73.90236,40.8687],[-73.90379,40.86962],[-73.90402,40.86994],[-73.9044,40.87035],[-73.90448,40.87057],[-73.90449,40.87084],[-73.90444,40.87158],[-73.90444,40.87218],[-73.90446,40.87242],[-73.9045,40.87253],[-73.90466,40.87264],[-73.90571,40.87314],[-73.907,40.87345],[-73.90711,40.87628],[-73.90765,40.87693],[-73.90801,40.87748],[-73.90868,40.87776],[-73.90919,40.87817],[-73.9095,40.87888],[-73.91141,40.87928],[-73.91221,40.87818],[-73.91491,40.87658],[-73.9152,40.87558],[-73.91981,40.87658],[-73.92163,40.87832],[-73.9226,40.87878],[-73.9245,40.87897],[-73.93381,40.88221],[-73.92982,40.88868],[-73.92724,40.8952],[-73.92655,40.89688],[-73.92495,40.90102],[-73.92384,40.90367],[-73.92247,40.90724],[-73.91832,40.9177],[-73.91052,40.91528],[-73.91001,40.91508],[-73.90211,40.91288],[-73.89951,40.91198],[-73.89725,40.91166],[-73.89663,40.91132]]]}}]}