{"type":"FeatureCollection","features":[{"type":"Feature","properties":{"std_name":"New York City Department Of Education","std_geoid":"3620580","pen":"politicians","std_note":null,"LSAD":"00","NAME":"New York City Department Of Education"},"geometry":{"type":"MultiPolygon","coordinates":[[[[-74.04075,40.70017],[-74.0407,40.70022],[-74.04065,40.70021],[-74.04033,40.7001],[-74.04008,40.70009],[-74.03993,40.69999],[-74.03974,40.69995],[-74.03966,40.69987],[-74.03955,40.69984],[-74.03948,40.69978],[-74.03925,40.69969],[-74.03894,40.69965],[-74.03881,40.69953],[-74.03872,40.6993],[-74.03851,40.69915],[-74.03846,40.69898],[-74.03845,40.69882],[-74.03837,40.69867],[-74.03857,40.69873],[-74.03862,40.6987],[-74.0386,40.69868],[-74.03874,40.69864],[-74.03896,40.69859],[-74.03917,40.69859],[-74.03929,40.69863],[-74.03938,40.69873],[-74.03965,40.69879],[-74.03993,40.69859],[-74.04023,40.69883],[-74.0401,40.69893],[-74.03999,40.69889],[-74.03987,40.69889],[-74.0398,40.69894],[-74.0398,40.69898],[-74.03998,40.69912],[-74.04019,40.69922],[-74.04021,40.69931],[-74.04043,40.69941],[-74.04048,40.6996],[-74.04061,40.69977],[-74.04075,40.70017]]],[[[-74.04721,40.69089],[-74.04715,40.69098],[-74.04704,40.69104],[-74.04618,40.69109],[-74.04611,40.69112],[-74.04598,40.69111],[-74.04457,40.69056],[-74.04389,40.69018],[-74.04345,40.68963],[-74.0435,40.68917],[-74.04362,40.68876],[-74.04394,40.68857],[-74.04413,40.68854],[-74.04435,40.68851],[-74.04479,40.68859],[-74.04625,40.68932],[-74.04718,40.69041],[-74.04704,40.69048],[-74.04703,40.69059],[-74.0472,40.6908],[-74.04721,40.69089]]],[[[-74.25884,40.49887],[-74.25813,40.50872],[-74.2541,40.51566],[-74.24602,40.52096],[-74.25028,40.5423],[-74.24748,40.54938],[-74.23141,40.55918],[-74.218,40.55706],[-74.21457,40.56053],[-74.21014,40.57372],[-74.20724,40.58792],[-74.19959,40.59785],[-74.19959,40.60038],[-74.20483,40.60606],[-74.20389,40.61428],[-74.20243,40.61677],[-74.20392,40.62437],[-74.20228,40.62878],[-74.2024,40.63159],[-74.19816,40.63479],[-74.19625,40.63769],[-74.19143,40.64202],[-74.18564,40.64604],[-74.18165,40.64653],[-74.14311,40.64199],[-74.13292,40.64368],[-74.12602,40.64215],[-74.10985,40.64806],[-74.09344,40.64807],[-74.08699,40.65151],[-74.05575,40.65148],[-74.02639,40.7001],[-74.02364,40.71807],[-74.01403,40.75755],[-73.96358,40.82664],[-73.95283,40.85111],[-73.93379,40.88221],[-73.93381,40.88221],[-73.92982,40.88868],[-73.92724,40.8952],[-73.92655,40.89688],[-73.92495,40.90102],[-73.92384,40.90367],[-73.92247,40.90724],[-73.91832,40.9177],[-73.91052,40.91528],[-73.91001,40.91508],[-73.90211,40.91288],[-73.89951,40.91198],[-73.89725,40.91166],[-73.89663,40.91132],[-73.8928,40.91006],[-73.89181,40.90978],[-73.88601,40.90798],[-73.8854,40.90798],[-73.88483,40.90772],[-73.88425,40.90751],[-73.88299,40.90742],[-73.88183,40.90713],[-73.88093,40.90683],[-73.87924,40.90637],[-73.87835,40.90598],[-73.87801,40.90597],[-73.87785,40.90592],[-73.86788,40.90298],[-73.86695,40.90248],[-73.86526,40.90195],[-73.86467,40.90179],[-73.86288,40.90154],[-73.86264,40.90147],[-73.8624,40.90134],[-73.86159,40.90105],[-73.86026,40.90062],[-73.85939,40.90038],[-73.8593,40.90049],[-73.8592,40.90088],[-73.8594,40.90138],[-73.859,40.90148],[-73.8593,40.90178],[-73.8596,40.90218],[-73.8591,40.90247],[-73.8583,40.90208],[-73.8582,40.90238],[-73.85771,40.90257],[-73.8572,40.90288],[-73.857,40.90358],[-73.857,40.90438],[-73.85759,40.90467],[-73.85732,40.90502],[-73.8567,40.90491],[-73.85639,40.90505],[-73.8562,40.90509],[-73.85594,40.90526],[-73.85596,40.90539],[-73.8562,40.90548],[-73.85633,40.9058],[-73.85632,40.90617],[-73.85611,40.90606],[-73.85569,40.90606],[-73.8547,40.90658],[-73.8541,40.90668],[-73.8538,40.90718],[-73.85382,40.90777],[-73.85398,40.90801],[-73.8543,40.90809],[-73.85448,40.90801],[-73.85488,40.90822],[-73.85434,40.90897],[-73.85423,40.90901],[-73.854,40.90928],[-73.85294,40.90992],[-73.85268,40.9099],[-73.85218,40.90951],[-73.85138,40.91004],[-73.85112,40.91001],[-73.85205,40.90896],[-73.85208,40.90889],[-73.85237,40.90888],[-73.85353,40.90747],[-73.85099,40.90654],[-73.85045,40.90718],[-73.85033,40.90728],[-73.85014,40.9075],[-73.84865,40.90678],[-73.84743,40.90624],[-73.84585,40.90576],[-73.84495,40.90556],[-73.8449,40.90508],[-73.84495,40.90471],[-73.84491,40.90419],[-73.84139,40.90417],[-73.84105,40.90316],[-73.84087,40.90198],[-73.84079,40.90169],[-73.84056,40.90128],[-73.83936,40.89971],[-73.83919,40.89936],[-73.83915,40.89906],[-73.83921,40.89882],[-73.83965,40.89789],[-73.83972,40.89769],[-73.83972,40.89751],[-73.83961,40.89714],[-73.83941,40.89669],[-73.83841,40.89406],[-73.83628,40.89353],[-73.83517,40.89317],[-73.8325,40.89238],[-73.8317,40.89218],[-73.83082,40.89188],[-73.83002,40.89169],[-73.82872,40.89127],[-73.82812,40.89105],[-73.82794,40.89093],[-73.82722,40.89079],[-73.825,40.89018],[-73.8244,40.88998],[-73.82401,40.88998],[-73.82405,40.88987],[-73.82402,40.88975],[-73.82364,40.88985],[-73.82237,40.88948],[-73.82236,40.88964],[-73.82251,40.88988],[-73.82267,40.88996],[-73.8231,40.88989],[-73.8233,40.89006],[-73.82322,40.89037],[-73.82325,40.89047],[-73.82312,40.89065],[-73.82311,40.89078],[-73.82313,40.89087],[-73.8233,40.89099],[-73.82324,40.8912],[-73.82296,40.89106],[-73.8185,40.88988],[-73.8176,40.88967],[-73.8161,40.88928],[-73.8156,40.88918],[-73.81505,40.88895],[-73.81418,40.8888],[-73.79328,40.88342],[-73.79199,40.88317],[-73.7858,40.8816],[-73.7812,40.88048],[-73.76099,40.87518],[-73.74806,40.87172],[-73.7578,40.84568],[-73.78019,40.8264],[-73.77896,40.81171],[-73.76371,40.7938],[-73.7571,40.78969],[-73.75082,40.78289],[-73.75029,40.78248],[-73.74637,40.78012],[-73.74421,40.77871],[-73.74342,40.77822],[-73.74153,40.77711],[-73.74076,40.77669],[-73.74008,40.77621],[-73.73938,40.77601],[-73.73933,40.77596],[-73.73954,40.77581],[-73.73943,40.77582],[-73.73781,40.77481],[-73.73762,40.77474],[-73.73635,40.77391],[-73.72952,40.76973],[-73.72605,40.76753],[-73.7251,40.76699],[-73.72058,40.7642],[-73.71607,40.76146],[-73.7135,40.75983],[-73.71245,40.75924],[-73.70782,40.75622],[-73.70527,40.75477],[-73.70274,40.75325],[-73.70163,40.75249],[-73.70154,40.75192],[-73.70143,40.75066],[-73.70077,40.74501],[-73.70036,40.74103],[-73.70017,40.73954],[-73.70794,40.72777],[-73.7105,40.72723],[-73.71649,40.72645],[-73.71753,40.72624],[-73.71999,40.7256],[-73.72553,40.72408],[-73.72603,40.72391],[-73.72923,40.7227],[-73.7295,40.72259],[-73.73033,40.72216],[-73.72918,40.71917],[-73.72732,40.71222],[-73.72697,40.71072],[-73.7269,40.70998],[-73.72705,40.7095],[-73.72673,40.70215],[-73.72678,40.70199],[-73.72665,40.70111],[-73.72654,40.69898],[-73.7265,40.69689],[-73.7262,40.68898],[-73.72591,40.68608],[-73.7258,40.68435],[-73.72591,40.68266],[-73.72563,40.67959],[-73.7262,40.67738],[-73.72654,40.67649],[-73.72744,40.67443],[-73.72756,40.6741],[-73.72753,40.67387],[-73.72791,40.67084],[-73.72794,40.67081],[-73.72794,40.67055],[-73.72826,40.66807],[-73.72822,40.66731],[-73.72827,40.66644],[-73.72822,40.66596],[-73.72784,40.66505],[-73.72776,40.66398],[-73.72781,40.66322],[-73.72808,40.66307],[-73.72833,40.66304],[-73.72793,40.66175],[-73.72721,40.66042],[-73.72644,40.65916],[-73.72593,40.65773],[-73.72534,40.65532],[-73.72479,40.654],[-73.72487,40.65345],[-73.72482,40.65302],[-73.72498,40.65268],[-73.72505,40.65234],[-73.72525,40.65219],[-73.72643,40.65179],[-73.72667,40.65169],[-73.72687,40.65154],[-73.73,40.65048],[-73.73105,40.65023],[-73.73143,40.65017],[-73.73513,40.64973],[-73.73905,40.6482],[-73.74144,40.64689],[-73.74144,40.64609],[-73.74166,40.6422],[-73.74205,40.64147],[-73.74143,40.6405],[-73.74228,40.64012],[-73.74126,40.63891],[-73.73947,40.63571],[-73.73996,40.63514],[-73.74168,40.63484],[-73.74224,40.63485],[-73.74265,40.63504],[-73.74267,40.63541],[-73.74258,40.63565],[-73.74208,40.63638],[-73.74127,40.63726],[-73.74119,40.63741],[-73.7412,40.63759],[-73.7415,40.63785],[-73.74236,40.63809],[-73.7433,40.63805],[-73.74418,40.63736],[-73.74602,40.63521],[-73.748,40.63463],[-73.76743,40.62661],[-73.76776,40.62611],[-73.76778,40.62591],[-73.76815,40.62545],[-73.76825,40.6254],[-73.76833,40.6251],[-73.7686,40.62473],[-73.76865,40.62447],[-73.76878,40.62429],[-73.76878,40.6242],[-73.76883,40.6241],[-73.76881,40.62403],[-73.76884,40.62395],[-73.76867,40.62359],[-73.76855,40.62315],[-73.76757,40.62148],[-73.76672,40.615],[-73.76524,40.61494],[-73.76208,40.61273],[-73.76002,40.61135],[-73.75723,40.61099],[-73.7552,40.61059],[-73.75473,40.61041],[-73.75346,40.61052],[-73.75009,40.61164],[-73.74912,40.61179],[-73.74822,40.61201],[-73.74799,40.61231],[-73.7475,40.61189],[-73.74712,40.61204],[-73.74694,40.61178],[-73.74675,40.6114],[-73.74553,40.61187],[-73.74306,40.608],[-73.74315,40.60796],[-73.74307,40.60789],[-73.7432,40.60771],[-73.74355,40.60745],[-73.74317,40.60718],[-73.74177,40.60602],[-73.74115,40.60546],[-73.74029,40.6046],[-73.73946,40.60424],[-73.73923,40.60403],[-73.73852,40.60313],[-73.73846,40.60284],[-73.73826,40.60256],[-73.73844,40.59781],[-73.73846,40.59587],[-73.73808,40.59459],[-73.73764,40.59441],[-73.73741,40.59343],[-73.73718,40.59296],[-73.74324,40.59284],[-73.74447,40.5929],[-73.74775,40.5915],[-73.75212,40.58818],[-73.7555,40.58539],[-73.7557,40.57869],[-73.75826,40.55536],[-73.76223,40.5502],[-73.76493,40.5444],[-73.76763,40.53715],[-73.76878,40.53375],[-73.78397,40.53239],[-73.82616,40.52287],[-73.85484,40.512],[-73.87003,40.50249],[-73.87678,40.50113],[-73.88227,40.49521],[-73.88665,40.48979],[-73.88965,40.48651],[-73.90214,40.49212],[-73.97787,40.5191],[-74.04378,40.50783],[-74.22533,40.47658],[-74.25304,40.48666],[-74.25884,40.49887]]]]}},{"type":"Feature","properties":{"std_name":"Yonkers City School District","std_geoid":"3631920","pen":"politicians","std_note":null,"LSAD":"00","NAME":"Yonkers City School District"},"geometry":{"type":"Polygon","coordinates":[[[-73.91832,40.9177],[-73.91425,40.92796],[-73.90911,40.94589],[-73.90846,40.94788],[-73.8987,40.97481],[-73.89714,40.97512],[-73.88882,40.97654],[-73.888,40.97672],[-73.88155,40.97785],[-73.86822,40.97998],[-73.84782,40.98298],[-73.8454,40.98334],[-73.84216,40.98388],[-73.83231,40.98535],[-73.82781,40.98592],[-73.82656,40.98611],[-73.81647,40.98738],[-73.81535,40.98762],[-73.81042,40.98834],[-73.8111,40.98698],[-73.81193,40.98617],[-73.81196,40.98561],[-73.81217,40.98519],[-73.81246,40.98473],[-73.8128,40.98439],[-73.81297,40.98428],[-73.81353,40.98411],[-73.81397,40.98393],[-73.81479,40.98356],[-73.81484,40.98349],[-73.81486,40.98301],[-73.815,40.98256],[-73.81458,40.98209],[-73.81436,40.98132],[-73.81438,40.98076],[-73.81436,40.98043],[-73.8139,40.97967],[-73.81376,40.97901],[-73.81347,40.9784],[-73.81343,40.97819],[-73.8135,40.97766],[-73.81347,40.97754],[-73.81312,40.9773],[-73.81299,40.97717],[-73.81324,40.97659],[-73.81393,40.97597],[-73.81428,40.97556],[-73.81456,40.97514],[-73.81475,40.97387],[-73.81482,40.97371],[-73.8152,40.97315],[-73.81523,40.97287],[-73.81532,40.9727],[-73.81572,40.97263],[-73.81575,40.97234],[-73.8157,40.97216],[-73.81565,40.9716],[-73.81568,40.9715],[-73.816,40.97119],[-73.8162,40.97072],[-73.81624,40.97033],[-73.81605,40.97019],[-73.81616,40.9699],[-73.81714,40.96952],[-73.81731,40.96925],[-73.81758,40.96853],[-73.81778,40.96812],[-73.81774,40.96792],[-73.81762,40.9678],[-73.81758,40.9677],[-73.81792,40.96724],[-73.81812,40.96669],[-73.81835,40.96626],[-73.81847,40.96589],[-73.81804,40.9659],[-73.81805,40.9657],[-73.81825,40.96524],[-73.81854,40.96518],[-73.8189,40.96522],[-73.81919,40.96514],[-73.81924,40.9648],[-73.81923,40.96466],[-73.81915,40.96442],[-73.81917,40.96432],[-73.81954,40.96393],[-73.81965,40.96373],[-73.82001,40.9634],[-73.82047,40.96267],[-73.82068,40.96257],[-73.82108,40.96249],[-73.82123,40.96226],[-73.82138,40.96167],[-73.82102,40.96121],[-73.82095,40.9607],[-73.82102,40.96056],[-73.82108,40.9605],[-73.8214,40.96034],[-73.82192,40.96026],[-73.82176,40.95958],[-73.82147,40.95879],[-73.82165,40.95823],[-73.82208,40.95776],[-73.82251,40.95761],[-73.82357,40.95736],[-73.82425,40.9571],[-73.82452,40.95658],[-73.82473,40.95645],[-73.82537,40.95658],[-73.82567,40.95656],[-73.82608,40.95634],[-73.82622,40.9562],[-73.82684,40.95531],[-73.82713,40.95504],[-73.82733,40.95494],[-73.82761,40.95489],[-73.828,40.95492],[-73.82833,40.95491],[-73.82851,40.95481],[-73.82855,40.95473],[-73.82858,40.95452],[-73.82898,40.95365],[-73.82901,40.95333],[-73.82899,40.95257],[-73.82924,40.95139],[-73.82962,40.9511],[-73.82983,40.95099],[-73.82989,40.95098],[-73.83023,40.95119],[-73.83088,40.95175],[-73.83109,40.95181],[-73.83137,40.95182],[-73.8316,40.95156],[-73.83178,40.95141],[-73.83194,40.95133],[-73.83212,40.95132],[-73.8323,40.95142],[-73.83247,40.9516],[-73.83244,40.95166],[-73.83219,40.95181],[-73.83217,40.95187],[-73.83222,40.95205],[-73.83233,40.95214],[-73.83264,40.95216],[-73.83277,40.95188],[-73.83332,40.95138],[-73.83339,40.95114],[-73.8334,40.95045],[-73.83373,40.94881],[-73.83367,40.94863],[-73.83351,40.94849],[-73.83351,40.94809],[-73.83397,40.94766],[-73.834,40.94752],[-73.83392,40.94728],[-73.83379,40.94709],[-73.83344,40.9468],[-73.83349,40.94668],[-73.8336,40.94653],[-73.83373,40.94645],[-73.83453,40.94544],[-73.8347,40.94537],[-73.83529,40.94541],[-73.83557,40.94532],[-73.83611,40.9453],[-73.83642,40.94499],[-73.83662,40.94509],[-73.83687,40.94503],[-73.83708,40.94471],[-73.83709,40.94448],[-73.83739,40.9439],[-73.8375,40.94357],[-73.83746,40.94318],[-73.8375,40.94284],[-73.83764,40.94244],[-73.83778,40.94219],[-73.83799,40.94195],[-73.83852,40.94167],[-73.83866,40.94152],[-73.8386,40.94087],[-73.83822,40.94027],[-73.83817,40.94015],[-73.83815,40.93967],[-73.83806,40.93953],[-73.83796,40.93906],[-73.8377,40.93861],[-73.83771,40.93824],[-73.83782,40.93789],[-73.83789,40.93746],[-73.83782,40.9372],[-73.83768,40.93702],[-73.83746,40.93683],[-73.83701,40.93653],[-73.83601,40.93611],[-73.83527,40.93599],[-73.83478,40.93576],[-73.83465,40.93558],[-73.8347,40.9355],[-73.83463,40.93536],[-73.83495,40.93476],[-73.835,40.93438],[-73.83467,40.93378],[-73.83459,40.93344],[-73.8346,40.93326],[-73.83472,40.93303],[-73.83476,40.9329],[-73.83474,40.93226],[-73.8348,40.93213],[-73.83503,40.93197],[-73.83603,40.93168],[-73.83712,40.93112],[-73.83768,40.93095],[-73.8386,40.92973],[-73.83886,40.92949],[-73.83945,40.92963],[-73.83961,40.92933],[-73.84001,40.92837],[-73.84018,40.92811],[-73.84032,40.92816],[-73.84075,40.9275],[-73.84059,40.92736],[-73.84055,40.92698],[-73.84042,40.9269],[-73.84072,40.92645],[-73.84104,40.92577],[-73.84166,40.92482],[-73.84192,40.92469],[-73.84262,40.92378],[-73.84335,40.92349],[-73.84362,40.92352],[-73.84377,40.9237],[-73.84378,40.92406],[-73.84381,40.92412],[-73.84423,40.92405],[-73.84456,40.92406],[-73.84483,40.92422],[-73.84488,40.9241],[-73.84473,40.92366],[-73.84477,40.92352],[-73.84489,40.92335],[-73.84521,40.92317],[-73.84532,40.923],[-73.84537,40.92269],[-73.84531,40.92258],[-73.84535,40.92239],[-73.84546,40.92223],[-73.84571,40.92203],[-73.84585,40.92182],[-73.84571,40.92171],[-73.84542,40.9217],[-73.84499,40.92181],[-73.84486,40.92171],[-73.84491,40.92155],[-73.84517,40.9213],[-73.84547,40.92117],[-73.84578,40.92117],[-73.84616,40.92113],[-73.84653,40.92133],[-73.84664,40.92125],[-73.84681,40.92103],[-73.84685,40.92075],[-73.84673,40.92056],[-73.84658,40.92049],[-73.84651,40.9203],[-73.84645,40.91989],[-73.84652,40.91971],[-73.84677,40.9193],[-73.84659,40.91898],[-73.8465,40.91868],[-73.84641,40.91855],[-73.84637,40.91841],[-73.84647,40.91811],[-73.84638,40.91783],[-73.84625,40.91761],[-73.847,40.91708],[-73.84766,40.91654],[-73.84782,40.91653],[-73.848,40.91636],[-73.8479,40.91623],[-73.84767,40.91611],[-73.84753,40.91609],[-73.84732,40.91612],[-73.84702,40.91627],[-73.84695,40.91626],[-73.84692,40.91619],[-73.84699,40.91602],[-73.84713,40.91587],[-73.8472,40.91575],[-73.84723,40.9155],[-73.84742,40.91526],[-73.84771,40.91496],[-73.84801,40.91483],[-73.84844,40.91494],[-73.84869,40.91492],[-73.84891,40.91482],[-73.84913,40.91481],[-73.84943,40.91458],[-73.84957,40.91425],[-73.84963,40.91422],[-73.84983,40.91429],[-73.84999,40.9143],[-73.85014,40.91413],[-73.85033,40.91366],[-73.85065,40.91322],[-73.85104,40.9129],[-73.85154,40.91214],[-73.85171,40.91175],[-73.85172,40.91166],[-73.85163,40.91132],[-73.85175,40.91122],[-73.85213,40.91109],[-73.8522,40.91093],[-73.8522,40.91073],[-73.85228,40.91057],[-73.85268,40.91012],[-73.85268,40.9099],[-73.85294,40.90992],[-73.854,40.90928],[-73.85423,40.90901],[-73.85434,40.90897],[-73.85488,40.90822],[-73.85448,40.90801],[-73.8543,40.90809],[-73.85398,40.90801],[-73.85382,40.90777],[-73.8538,40.90718],[-73.8541,40.90668],[-73.8547,40.90658],[-73.85569,40.90606],[-73.85611,40.90606],[-73.85632,40.90617],[-73.85633,40.9058],[-73.8562,40.90548],[-73.85596,40.90539],[-73.85594,40.90526],[-73.8562,40.90509],[-73.85639,40.90505],[-73.8567,40.90491],[-73.85732,40.90502],[-73.85759,40.90467],[-73.857,40.90438],[-73.857,40.90358],[-73.8572,40.90288],[-73.85771,40.90257],[-73.8582,40.90238],[-73.8583,40.90208],[-73.8591,40.90247],[-73.8596,40.90218],[-73.8593,40.90178],[-73.859,40.90148],[-73.8594,40.90138],[-73.8592,40.90088],[-73.8593,40.90049],[-73.85939,40.90038],[-73.86026,40.90062],[-73.86159,40.90105],[-73.8624,40.90134],[-73.86264,40.90147],[-73.86288,40.90154],[-73.86467,40.90179],[-73.86526,40.90195],[-73.86695,40.90248],[-73.86788,40.90298],[-73.87785,40.90592],[-73.87801,40.90597],[-73.87835,40.90598],[-73.87924,40.90637],[-73.88093,40.90683],[-73.88183,40.90713],[-73.88299,40.90742],[-73.88425,40.90751],[-73.88483,40.90772],[-73.8854,40.90798],[-73.88601,40.90798],[-73.89181,40.90978],[-73.8928,40.91006],[-73.89663,40.91132],[-73.89725,40.91166],[-73.89951,40.91198],[-73.90211,40.91288],[-73.91001,40.91508],[-73.91052,40.91528],[-73.91832,40.9177]]]}},{"type":"Feature","properties":{"std_name":"Mount Vernon School District","std_geoid":"3620100","pen":"politicians","std_note":null,"LSAD":"00","NAME":"Mount Vernon School District"},"geometry":{"type":"Polygon","coordinates":[[[-73.85353,40.90747],[-73.85237,40.90888],[-73.85208,40.90889],[-73.85205,40.90896],[-73.85112,40.91001],[-73.85138,40.91004],[-73.85218,40.90951],[-73.85268,40.9099],[-73.85268,40.91012],[-73.85228,40.91057],[-73.8522,40.91073],[-73.8522,40.91093],[-73.85213,40.91109],[-73.85175,40.91122],[-73.85163,40.91132],[-73.85172,40.91166],[-73.85171,40.91175],[-73.85154,40.91214],[-73.85104,40.9129],[-73.85065,40.91322],[-73.85033,40.91366],[-73.85012,40.91417],[-73.84999,40.9143],[-73.84983,40.91429],[-73.84963,40.91422],[-73.84957,40.91425],[-73.84943,40.91458],[-73.84913,40.91481],[-73.84891,40.91482],[-73.84869,40.91492],[-73.84844,40.91494],[-73.84801,40.91483],[-73.84771,40.91496],[-73.84742,40.91526],[-73.84723,40.9155],[-73.8472,40.91575],[-73.84713,40.91587],[-73.84699,40.91602],[-73.84692,40.91619],[-73.84695,40.91626],[-73.84702,40.91627],[-73.84732,40.91612],[-73.84753,40.91609],[-73.84767,40.91611],[-73.8479,40.91623],[-73.848,40.91636],[-73.84782,40.91653],[-73.84766,40.91654],[-73.847,40.91708],[-73.84625,40.91761],[-73.84638,40.91783],[-73.84647,40.91811],[-73.84637,40.91841],[-73.84641,40.91855],[-73.8465,40.91868],[-73.84659,40.91898],[-73.84677,40.9193],[-73.84652,40.91971],[-73.84645,40.91989],[-73.84651,40.9203],[-73.84658,40.92049],[-73.84673,40.92056],[-73.84685,40.92075],[-73.84681,40.92103],[-73.84664,40.92125],[-73.84653,40.92133],[-73.84616,40.92113],[-73.84578,40.92117],[-73.84547,40.92117],[-73.84517,40.9213],[-73.84491,40.92155],[-73.84486,40.92171],[-73.84499,40.92181],[-73.84542,40.9217],[-73.84571,40.92171],[-73.84585,40.92182],[-73.84571,40.92203],[-73.84546,40.92223],[-73.84535,40.92239],[-73.84531,40.92258],[-73.84537,40.92269],[-73.84532,40.923],[-73.84521,40.92317],[-73.84489,40.92335],[-73.84477,40.92352],[-73.84473,40.92366],[-73.84488,40.9241],[-73.84483,40.92422],[-73.84456,40.92406],[-73.84423,40.92405],[-73.84381,40.92412],[-73.84378,40.92406],[-73.84377,40.9237],[-73.84362,40.92352],[-73.84335,40.92349],[-73.84262,40.92378],[-73.84192,40.92469],[-73.84166,40.92482],[-73.84104,40.92577],[-73.84072,40.92645],[-73.84042,40.9269],[-73.84055,40.92698],[-73.84059,40.92736],[-73.84075,40.9275],[-73.84032,40.92816],[-73.84018,40.92811],[-73.84001,40.92837],[-73.83961,40.92933],[-73.83945,40.92963],[-73.83886,40.92949],[-73.8386,40.92973],[-73.83768,40.93095],[-73.83712,40.93112],[-73.83603,40.93168],[-73.83503,40.93197],[-73.8348,40.93213],[-73.83474,40.93226],[-73.83476,40.9329],[-73.83472,40.93303],[-73.8346,40.93326],[-73.83459,40.93344],[-73.83467,40.93378],[-73.835,40.93438],[-73.83495,40.93476],[-73.83463,40.93536],[-73.83463,40.93533],[-73.83452,40.93536],[-73.83431,40.93532],[-73.83064,40.93428],[-73.8089,40.92782],[-73.80675,40.92733],[-73.80658,40.9272],[-73.80642,40.92713],[-73.8056,40.92691],[-73.80532,40.9268],[-73.80513,40.92666],[-73.80504,40.9265],[-73.80502,40.92613],[-73.80518,40.92595],[-73.80527,40.92572],[-73.80546,40.92545],[-73.80621,40.92537],[-73.80631,40.92552],[-73.80647,40.92567],[-73.80668,40.92571],[-73.80697,40.92572],[-73.80723,40.92568],[-73.80754,40.92558],[-73.80777,40.92558],[-73.80794,40.92547],[-73.80811,40.92519],[-73.80842,40.925],[-73.80891,40.92448],[-73.80914,40.92419],[-73.80931,40.92391],[-73.80936,40.9221],[-73.81027,40.92066],[-73.81054,40.92016],[-73.81136,40.9184],[-73.81124,40.91826],[-73.81114,40.91797],[-73.81094,40.91763],[-73.81097,40.91751],[-73.81118,40.91723],[-73.81097,40.91699],[-73.81094,40.9169],[-73.81109,40.91681],[-73.81123,40.91663],[-73.81127,40.91629],[-73.81142,40.91613],[-73.81175,40.91594],[-73.81181,40.91573],[-73.81184,40.91506],[-73.81194,40.91472],[-73.81206,40.91466],[-73.8129,40.91474],[-73.81314,40.91469],[-73.81341,40.91441],[-73.81343,40.91431],[-73.81337,40.91421],[-73.81317,40.91403],[-73.81317,40.91362],[-73.8132,40.91347],[-73.81304,40.91314],[-73.81337,40.9124],[-73.81336,40.91214],[-73.81342,40.91154],[-73.81364,40.91078],[-73.81366,40.91052],[-73.81387,40.91031],[-73.81398,40.91016],[-73.81416,40.91011],[-73.81414,40.90991],[-73.81426,40.90965],[-73.81429,40.90946],[-73.81428,40.90932],[-73.81414,40.90925],[-73.81409,40.90907],[-73.81401,40.909],[-73.81386,40.90894],[-73.81348,40.90793],[-73.81345,40.90776],[-73.8135,40.90759],[-73.81369,40.9073],[-73.81379,40.9072],[-73.81368,40.90694],[-73.81362,40.90655],[-73.81352,40.90635],[-73.81373,40.90619],[-73.81388,40.906],[-73.81396,40.90553],[-73.81393,40.90517],[-73.81378,40.90495],[-73.81381,40.90487],[-73.81394,40.90479],[-73.81403,40.90458],[-73.81431,40.90434],[-73.81487,40.90368],[-73.81494,40.90346],[-73.81507,40.9033],[-73.81528,40.90315],[-73.81532,40.90292],[-73.81528,40.90271],[-73.81536,40.90256],[-73.81576,40.90212],[-73.81613,40.90199],[-73.81624,40.90186],[-73.81626,40.90155],[-73.81709,40.90081],[-73.81752,40.90026],[-73.81758,40.89981],[-73.81734,40.89922],[-73.81806,40.89798],[-73.81842,40.89681],[-73.81851,40.89664],[-73.81936,40.89604],[-73.81993,40.89574],[-73.82085,40.89544],[-73.82113,40.8953],[-73.82287,40.89264],[-73.82332,40.8913],[-73.82332,40.89124],[-73.82324,40.8912],[-73.8233,40.89099],[-73.82313,40.89087],[-73.82311,40.89078],[-73.82312,40.89065],[-73.82325,40.89047],[-73.82322,40.89037],[-73.8233,40.89006],[-73.8231,40.88989],[-73.82267,40.88996],[-73.82251,40.88988],[-73.82236,40.88964],[-73.82237,40.88948],[-73.82364,40.88985],[-73.82402,40.88975],[-73.82405,40.88987],[-73.82401,40.88998],[-73.8244,40.88998],[-73.825,40.89018],[-73.82722,40.89079],[-73.82794,40.89093],[-73.82812,40.89105],[-73.82872,40.89127],[-73.83002,40.89169],[-73.83082,40.89188],[-73.8317,40.89218],[-73.8325,40.89238],[-73.83517,40.89317],[-73.83628,40.89353],[-73.83841,40.89406],[-73.83941,40.89669],[-73.83961,40.89714],[-73.83972,40.89751],[-73.83972,40.89769],[-73.83965,40.89789],[-73.83921,40.89882],[-73.83915,40.89906],[-73.83919,40.89936],[-73.83936,40.89971],[-73.84056,40.90128],[-73.84079,40.90169],[-73.84087,40.90198],[-73.84105,40.90316],[-73.84139,40.90417],[-73.84491,40.90419],[-73.84495,40.90471],[-73.8449,40.90508],[-73.84495,40.90556],[-73.84585,40.90576],[-73.84743,40.90624],[-73.84865,40.90678],[-73.85014,40.9075],[-73.85033,40.90728],[-73.85045,40.90718],[-73.85099,40.90654],[-73.85353,40.90747]]]}},{"type":"Feature","properties":{"std_name":"Bronxville Union Free School District","std_geoid":"3605640","pen":"politicians","std_note":null,"LSAD":"00","NAME":"Bronxville Union Free School District"},"geometry":{"type":"Polygon","coordinates":[[[-73.83866,40.94152],[-73.83852,40.94167],[-73.83799,40.94195],[-73.83778,40.94219],[-73.83764,40.94244],[-73.8375,40.94284],[-73.83746,40.94318],[-73.8375,40.94357],[-73.83739,40.9439],[-73.83709,40.94448],[-73.83708,40.94471],[-73.83687,40.94503],[-73.83662,40.94509],[-73.83642,40.94499],[-73.83611,40.9453],[-73.83557,40.94532],[-73.83529,40.94541],[-73.8347,40.94537],[-73.83453,40.94544],[-73.83373,40.94645],[-73.8336,40.94653],[-73.83349,40.94668],[-73.83344,40.9468],[-73.83379,40.94709],[-73.83392,40.94728],[-73.834,40.94752],[-73.83397,40.94766],[-73.83351,40.94809],[-73.83351,40.94849],[-73.83029,40.94737],[-73.82908,40.94702],[-73.82623,40.94608],[-73.82601,40.94605],[-73.82073,40.94434],[-73.82077,40.94408],[-73.81837,40.94442],[-73.81802,40.94397],[-73.81708,40.94393],[-73.81689,40.94323],[-73.81688,40.94305],[-73.81677,40.94275],[-73.8165,40.94172],[-73.81634,40.94128],[-73.81636,40.94117],[-73.8161,40.9406],[-73.81592,40.94033],[-73.81559,40.93962],[-73.81546,40.93951],[-73.81526,40.93912],[-73.81515,40.93861],[-73.81514,40.93819],[-73.81528,40.93776],[-73.8153,40.9375],[-73.81524,40.93651],[-73.81526,40.93623],[-73.8153,40.93608],[-73.81538,40.93601],[-73.81503,40.93527],[-73.81479,40.93485],[-73.81406,40.9338],[-73.81524,40.93349],[-73.81557,40.93335],[-73.81641,40.93319],[-73.81852,40.93261],[-73.81865,40.93219],[-73.81883,40.9319],[-73.81906,40.93165],[-73.81981,40.93105],[-73.83064,40.93428],[-73.83431,40.93532],[-73.83452,40.93536],[-73.83463,40.93533],[-73.8347,40.9355],[-73.83465,40.93558],[-73.83478,40.93576],[-73.83533,40.93601],[-73.83601,40.93611],[-73.83701,40.93653],[-73.83746,40.93683],[-73.83768,40.93702],[-73.83782,40.9372],[-73.83789,40.93746],[-73.83782,40.93789],[-73.83771,40.93824],[-73.8377,40.93861],[-73.83796,40.93906],[-73.83806,40.93953],[-73.83815,40.93967],[-73.83817,40.94015],[-73.83822,40.94027],[-73.8386,40.94087],[-73.83866,40.94152]]]}},{"type":"Feature","properties":{"std_name":"Tuckahoe Union Free School District","std_geoid":"3629040","pen":"politicians","std_note":null,"LSAD":"00","NAME":"Tuckahoe Union Free School District"},"geometry":{"type":"Polygon","coordinates":[[[-73.83373,40.94881],[-73.8334,40.95045],[-73.83339,40.95114],[-73.83332,40.95138],[-73.83277,40.95188],[-73.83264,40.95216],[-73.83233,40.95214],[-73.83222,40.95205],[-73.83217,40.95187],[-73.83219,40.95181],[-73.83244,40.95166],[-73.83247,40.9516],[-73.8323,40.95142],[-73.83212,40.95132],[-73.83194,40.95133],[-73.83178,40.95141],[-73.8316,40.95156],[-73.83137,40.95182],[-73.83109,40.95181],[-73.83088,40.95175],[-73.83023,40.95119],[-73.82989,40.95098],[-73.82983,40.95099],[-73.82962,40.9511],[-73.82924,40.95139],[-73.82899,40.95257],[-73.82901,40.95333],[-73.82898,40.95365],[-73.82858,40.95452],[-73.82855,40.95473],[-73.82851,40.95481],[-73.82704,40.95433],[-73.8247,40.95384],[-73.82263,40.95355],[-73.82192,40.95351],[-73.82004,40.95322],[-73.81937,40.95307],[-73.82117,40.94953],[-73.82179,40.94781],[-73.81976,40.94708],[-73.81921,40.94779],[-73.81818,40.9476],[-73.81722,40.94783],[-73.81715,40.94804],[-73.81618,40.94785],[-73.81271,40.94878],[-73.812,40.94849],[-73.81177,40.94679],[-73.80547,40.94605],[-73.80627,40.94429],[-73.80656,40.9435],[-73.80546,40.94344],[-73.80529,40.94407],[-73.80192,40.94414],[-73.80198,40.94377],[-73.80243,40.94333],[-73.80254,40.94318],[-73.80267,40.94296],[-73.8028,40.94239],[-73.8036,40.94111],[-73.80388,40.94023],[-73.80385,40.93965],[-73.80406,40.93935],[-73.80448,40.93908],[-73.80519,40.9388],[-73.80556,40.93841],[-73.80626,40.93699],[-73.80676,40.9362],[-73.807,40.93544],[-73.80692,40.93498],[-73.80676,40.93466],[-73.80652,40.93445],[-73.80583,40.9339],[-73.80466,40.93334],[-73.80419,40.93344],[-73.80405,40.93342],[-73.80398,40.93338],[-73.80391,40.93326],[-73.80382,40.93323],[-73.80355,40.93326],[-73.80327,40.93338],[-73.803,40.93332],[-73.80227,40.93327],[-73.80194,40.93336],[-73.80153,40.9329],[-73.80134,40.93279],[-73.80134,40.93273],[-73.80108,40.93271],[-73.80077,40.93275],[-73.80086,40.93203],[-73.80087,40.93164],[-73.80098,40.93052],[-73.80089,40.93032],[-73.80066,40.93013],[-73.801,40.93003],[-73.80139,40.93003],[-73.80165,40.92992],[-73.80178,40.92953],[-73.80196,40.92935],[-73.8033,40.92861],[-73.80365,40.9285],[-73.80395,40.92817],[-73.80438,40.92814],[-73.80453,40.92805],[-73.80502,40.92765],[-73.80513,40.92737],[-73.80513,40.92724],[-73.8054,40.92684],[-73.80642,40.92713],[-73.80658,40.9272],[-73.80675,40.92733],[-73.8089,40.92782],[-73.81981,40.93105],[-73.81906,40.93165],[-73.81883,40.9319],[-73.81865,40.93219],[-73.81852,40.93261],[-73.81641,40.93319],[-73.81557,40.93335],[-73.81524,40.93349],[-73.81406,40.9338],[-73.81479,40.93485],[-73.81503,40.93527],[-73.81538,40.93601],[-73.8153,40.93608],[-73.81526,40.93623],[-73.81524,40.93651],[-73.8153,40.9375],[-73.81528,40.93776],[-73.81514,40.93819],[-73.81515,40.93861],[-73.81526,40.93912],[-73.81546,40.93951],[-73.81559,40.93962],[-73.81592,40.94033],[-73.8161,40.9406],[-73.81636,40.94117],[-73.81634,40.94128],[-73.8165,40.94172],[-73.81677,40.94275],[-73.81688,40.94305],[-73.81689,40.94323],[-73.81708,40.94393],[-73.81802,40.94397],[-73.81837,40.94442],[-73.82077,40.94408],[-73.82073,40.94434],[-73.82601,40.94605],[-73.82623,40.94608],[-73.82908,40.94702],[-73.83029,40.94737],[-73.83356,40.94851],[-73.83367,40.94863],[-73.83373,40.94881]]]}},{"type":"Feature","properties":{"std_name":"Eastchester Union Free School District","std_geoid":"3610080","pen":"politicians","std_note":null,"LSAD":"00","NAME":"Eastchester Union Free School District"},"geometry":{"type":"Polygon","coordinates":[[[-73.82833,40.95491],[-73.828,40.95492],[-73.82761,40.95489],[-73.82733,40.95494],[-73.82713,40.95504],[-73.82684,40.95531],[-73.82622,40.9562],[-73.82608,40.95634],[-73.82567,40.95656],[-73.82537,40.95658],[-73.82473,40.95645],[-73.82452,40.95658],[-73.82425,40.9571],[-73.82357,40.95736],[-73.82251,40.95761],[-73.82208,40.95776],[-73.82165,40.95823],[-73.82147,40.95879],[-73.82176,40.95958],[-73.82192,40.96026],[-73.8214,40.96034],[-73.82108,40.9605],[-73.82102,40.96056],[-73.82095,40.9607],[-73.82102,40.96121],[-73.82138,40.96167],[-73.82123,40.96226],[-73.82108,40.96249],[-73.82068,40.96257],[-73.82047,40.96267],[-73.82001,40.9634],[-73.81965,40.96373],[-73.81954,40.96393],[-73.81917,40.96432],[-73.81915,40.96442],[-73.81923,40.96466],[-73.81924,40.9648],[-73.81919,40.96514],[-73.8189,40.96522],[-73.81854,40.96518],[-73.81825,40.96524],[-73.81805,40.9657],[-73.81804,40.9659],[-73.81847,40.96589],[-73.81835,40.96626],[-73.81812,40.96669],[-73.81792,40.96724],[-73.81758,40.9677],[-73.81762,40.9678],[-73.81774,40.96792],[-73.81778,40.96812],[-73.81758,40.96853],[-73.81731,40.96925],[-73.81714,40.96952],[-73.81616,40.9699],[-73.81605,40.97019],[-73.81624,40.97033],[-73.8162,40.97072],[-73.816,40.97119],[-73.81568,40.9715],[-73.81565,40.9716],[-73.8157,40.97216],[-73.81575,40.97234],[-73.81572,40.97263],[-73.81532,40.9727],[-73.81523,40.97287],[-73.8152,40.97315],[-73.81482,40.97371],[-73.81475,40.97387],[-73.81456,40.97514],[-73.81428,40.97556],[-73.81393,40.97597],[-73.81324,40.97659],[-73.81299,40.97717],[-73.81312,40.9773],[-73.81347,40.97754],[-73.8135,40.97766],[-73.81343,40.97819],[-73.81347,40.9784],[-73.81376,40.97901],[-73.8139,40.97967],[-73.81436,40.98043],[-73.81438,40.98076],[-73.81436,40.98132],[-73.81458,40.98209],[-73.815,40.98256],[-73.81486,40.98301],[-73.81484,40.98349],[-73.81479,40.98356],[-73.81397,40.98393],[-73.81353,40.98411],[-73.81297,40.98428],[-73.8128,40.98439],[-73.81246,40.98473],[-73.81217,40.98519],[-73.81196,40.98561],[-73.81193,40.98617],[-73.8111,40.98698],[-73.81069,40.98782],[-73.80973,40.9872],[-73.8083,40.98605],[-73.80623,40.9842],[-73.80577,40.98376],[-73.80507,40.98319],[-73.80482,40.98295],[-73.80461,40.98281],[-73.80411,40.98237],[-73.80366,40.98188],[-73.80296,40.9812],[-73.80258,40.9809],[-73.80121,40.97967],[-73.80059,40.97919],[-73.79834,40.97723],[-73.79677,40.9758],[-73.79672,40.97578],[-73.79651,40.9756],[-73.79323,40.97492],[-73.79352,40.97438],[-73.79366,40.97424],[-73.79371,40.97414],[-73.7939,40.97399],[-73.79388,40.97387],[-73.79395,40.97371],[-73.79407,40.9736],[-73.79394,40.97337],[-73.79395,40.97302],[-73.79385,40.97282],[-73.79353,40.97235],[-73.79343,40.97213],[-73.79333,40.97205],[-73.79302,40.97198],[-73.7928,40.97182],[-73.79277,40.97176],[-73.79257,40.97103],[-73.79252,40.97053],[-73.79239,40.96999],[-73.79242,40.96981],[-73.79259,40.96966],[-73.79246,40.96949],[-73.79252,40.96938],[-73.79277,40.96929],[-73.79293,40.96891],[-73.793,40.96881],[-73.79347,40.96856],[-73.79357,40.96847],[-73.79362,40.96831],[-73.79378,40.96803],[-73.79396,40.96784],[-73.79478,40.96728],[-73.79555,40.96663],[-73.79559,40.96673],[-73.7959,40.96646],[-73.79597,40.96625],[-73.79645,40.96591],[-73.79657,40.96571],[-73.79654,40.96542],[-73.79646,40.96518],[-73.79662,40.96491],[-73.79711,40.96451],[-73.7973,40.96421],[-73.79755,40.96372],[-73.79804,40.9631],[-73.79897,40.96209],[-73.79933,40.96157],[-73.79966,40.96096],[-73.79967,40.96076],[-73.79974,40.96057],[-73.80036,40.96024],[-73.80057,40.95922],[-73.80079,40.95842],[-73.80099,40.95815],[-73.80094,40.95804],[-73.80077,40.95795],[-73.80062,40.95772],[-73.79915,40.95731],[-73.79833,40.95704],[-73.79872,40.95631],[-73.79881,40.95603],[-73.79931,40.95509],[-73.79965,40.95472],[-73.7998,40.95415],[-73.7998,40.95381],[-73.79973,40.95347],[-73.7999,40.9532],[-73.79984,40.95302],[-73.79965,40.95293],[-73.79944,40.95275],[-73.79906,40.95214],[-73.79878,40.9519],[-73.79845,40.95152],[-73.79844,40.95124],[-73.79873,40.95103],[-73.79891,40.95081],[-73.79892,40.95074],[-73.7986,40.95075],[-73.79844,40.95066],[-73.79839,40.9506],[-73.79833,40.95035],[-73.79841,40.9502],[-73.79858,40.95003],[-73.79908,40.94909],[-73.79908,40.94851],[-73.79933,40.94815],[-73.79916,40.94803],[-73.79921,40.94786],[-73.79962,40.94722],[-73.79965,40.94703],[-73.79961,40.94689],[-73.79964,40.94651],[-73.7997,40.94624],[-73.79982,40.94604],[-73.80023,40.94568],[-73.80052,40.94494],[-73.80078,40.94462],[-73.8008,40.94451],[-73.80115,40.94429],[-73.80136,40.94418],[-73.80188,40.94426],[-73.80192,40.94414],[-73.80529,40.94407],[-73.80546,40.94344],[-73.80656,40.9435],[-73.80627,40.94429],[-73.80547,40.94605],[-73.81177,40.94679],[-73.812,40.94849],[-73.81271,40.94878],[-73.81618,40.94785],[-73.81715,40.94804],[-73.81722,40.94783],[-73.81818,40.9476],[-73.81921,40.94779],[-73.81976,40.94708],[-73.82179,40.94781],[-73.82117,40.94953],[-73.81937,40.95307],[-73.82004,40.95322],[-73.82192,40.95351],[-73.82263,40.95355],[-73.8247,40.95384],[-73.82704,40.95433],[-73.82851,40.95481],[-73.82833,40.95491]]]}},{"type":"Feature","properties":{"std_name":"Pelham Union Free School District","std_geoid":"3622680","pen":"politicians","std_note":null,"LSAD":"00","NAME":"Pelham Union Free School District"},"geometry":{"type":"Polygon","coordinates":[[[-73.82332,40.89124],[-73.82287,40.89264],[-73.82113,40.8953],[-73.82085,40.89544],[-73.81993,40.89574],[-73.81936,40.89604],[-73.81851,40.89664],[-73.81842,40.89681],[-73.81806,40.89798],[-73.81734,40.89922],[-73.81758,40.89981],[-73.81752,40.90026],[-73.81709,40.90081],[-73.81626,40.90155],[-73.81624,40.90186],[-73.81613,40.90199],[-73.81576,40.90212],[-73.81536,40.90256],[-73.81528,40.90271],[-73.81532,40.90292],[-73.81528,40.90315],[-73.81507,40.9033],[-73.81494,40.90346],[-73.81487,40.90368],[-73.81431,40.90434],[-73.81403,40.90458],[-73.81394,40.90479],[-73.81381,40.90487],[-73.81378,40.90495],[-73.81393,40.90517],[-73.81396,40.90553],[-73.81388,40.906],[-73.81373,40.90619],[-73.81352,40.90635],[-73.81362,40.90655],[-73.81368,40.90694],[-73.81379,40.9072],[-73.81369,40.9073],[-73.8135,40.90759],[-73.81345,40.90776],[-73.81348,40.90793],[-73.81386,40.90894],[-73.81401,40.909],[-73.81409,40.90907],[-73.81414,40.90925],[-73.81428,40.90932],[-73.81429,40.90946],[-73.81426,40.90965],[-73.81414,40.90991],[-73.81416,40.91011],[-73.81398,40.91016],[-73.81387,40.91031],[-73.81366,40.91052],[-73.81364,40.91078],[-73.81342,40.91154],[-73.81336,40.91214],[-73.81337,40.9124],[-73.81304,40.91314],[-73.8132,40.91347],[-73.81317,40.91362],[-73.81317,40.91403],[-73.81337,40.91421],[-73.81343,40.91431],[-73.81341,40.91441],[-73.81314,40.91469],[-73.8129,40.91474],[-73.81206,40.91466],[-73.81194,40.91472],[-73.81184,40.91506],[-73.81181,40.91573],[-73.81175,40.91594],[-73.81142,40.91613],[-73.81127,40.91629],[-73.81123,40.91663],[-73.81109,40.91681],[-73.81094,40.9169],[-73.81097,40.91699],[-73.81118,40.91723],[-73.81097,40.91751],[-73.81094,40.91763],[-73.81114,40.91797],[-73.81124,40.91826],[-73.81136,40.9184],[-73.81054,40.92016],[-73.81027,40.92066],[-73.80936,40.9221],[-73.80931,40.92391],[-73.80914,40.92419],[-73.80891,40.92448],[-73.80842,40.925],[-73.80811,40.92519],[-73.80794,40.92547],[-73.80777,40.92558],[-73.80754,40.92558],[-73.80723,40.92568],[-73.80697,40.92572],[-73.80668,40.92571],[-73.80647,40.92567],[-73.80631,40.92552],[-73.80621,40.92537],[-73.80546,40.92545],[-73.80527,40.92572],[-73.80518,40.92595],[-73.80502,40.92613],[-73.80501,40.92592],[-73.80492,40.9256],[-73.80481,40.92532],[-73.80474,40.92527],[-73.80441,40.92415],[-73.80389,40.92152],[-73.80397,40.92118],[-73.80397,40.92099],[-73.80356,40.91917],[-73.80314,40.91751],[-73.80305,40.91683],[-73.80225,40.91322],[-73.80207,40.9132],[-73.80191,40.91287],[-73.8018,40.91272],[-73.80179,40.91246],[-73.80198,40.91182],[-73.80195,40.91181],[-73.80121,40.90841],[-73.80095,40.90824],[-73.80013,40.90427],[-73.7999,40.90261],[-73.79969,40.90145],[-73.79927,40.89956],[-73.79911,40.89859],[-73.79853,40.89595],[-73.79831,40.89565],[-73.79812,40.8952],[-73.79764,40.89457],[-73.79402,40.89087],[-73.78834,40.88517],[-73.7883,40.88509],[-73.78666,40.88358],[-73.78666,40.88347],[-73.78538,40.88218],[-73.78473,40.88186],[-73.7837,40.88108],[-73.79199,40.88317],[-73.79328,40.88342],[-73.81418,40.8888],[-73.81505,40.88895],[-73.8156,40.88918],[-73.8161,40.88928],[-73.8176,40.88967],[-73.8185,40.88988],[-73.82296,40.89106],[-73.82332,40.89124]]]}},{"type":"Feature","properties":{"std_name":"New Rochelle City School District","std_geoid":"3620490","pen":"politicians","std_note":null,"LSAD":"00","NAME":"New Rochelle City School District"},"geometry":{"type":"Polygon","coordinates":[[[-73.807,40.93544],[-73.80676,40.9362],[-73.80626,40.93699],[-73.80556,40.93841],[-73.80519,40.9388],[-73.80448,40.93908],[-73.80406,40.93935],[-73.80385,40.93965],[-73.80388,40.94023],[-73.8036,40.94111],[-73.8028,40.94239],[-73.80267,40.94296],[-73.80254,40.94318],[-73.80243,40.94333],[-73.80198,40.94377],[-73.80188,40.94426],[-73.80136,40.94418],[-73.8008,40.94451],[-73.80078,40.94462],[-73.80052,40.94494],[-73.80023,40.94568],[-73.79982,40.94604],[-73.7997,40.94624],[-73.79964,40.94651],[-73.79961,40.94689],[-73.79965,40.94703],[-73.79962,40.94722],[-73.79921,40.94786],[-73.79916,40.94803],[-73.79933,40.94815],[-73.79908,40.94851],[-73.79908,40.94909],[-73.79858,40.95003],[-73.79841,40.9502],[-73.79833,40.95035],[-73.79839,40.9506],[-73.79844,40.95066],[-73.7986,40.95075],[-73.79892,40.95074],[-73.79891,40.95081],[-73.79873,40.95103],[-73.79844,40.95124],[-73.79845,40.95152],[-73.79878,40.9519],[-73.79906,40.95214],[-73.79944,40.95275],[-73.79965,40.95293],[-73.79984,40.95302],[-73.7999,40.9532],[-73.79973,40.95347],[-73.7998,40.95381],[-73.7998,40.95415],[-73.79965,40.95472],[-73.79931,40.95509],[-73.79881,40.95603],[-73.79872,40.95631],[-73.79833,40.95704],[-73.79915,40.95731],[-73.80062,40.95772],[-73.80077,40.95795],[-73.80094,40.95804],[-73.80099,40.95815],[-73.80079,40.95842],[-73.80057,40.95922],[-73.80036,40.96024],[-73.79974,40.96057],[-73.79967,40.96076],[-73.79966,40.96096],[-73.79933,40.96157],[-73.79897,40.96209],[-73.79804,40.9631],[-73.79755,40.96372],[-73.7973,40.96421],[-73.79711,40.96451],[-73.79662,40.96491],[-73.79646,40.96518],[-73.79654,40.96542],[-73.79657,40.96571],[-73.79645,40.96591],[-73.79597,40.96625],[-73.7959,40.96646],[-73.79559,40.96673],[-73.79555,40.96663],[-73.79478,40.96728],[-73.79396,40.96784],[-73.79378,40.96803],[-73.79362,40.96831],[-73.79357,40.96847],[-73.79347,40.96856],[-73.793,40.96881],[-73.79293,40.96891],[-73.79277,40.96929],[-73.79252,40.96938],[-73.79246,40.96949],[-73.79259,40.96966],[-73.79242,40.96981],[-73.79239,40.96999],[-73.79252,40.97053],[-73.79257,40.97103],[-73.79277,40.97176],[-73.7928,40.97182],[-73.79302,40.97198],[-73.79333,40.97205],[-73.79343,40.97213],[-73.79353,40.97235],[-73.79385,40.97282],[-73.79395,40.97302],[-73.79394,40.97337],[-73.79407,40.9736],[-73.79395,40.97371],[-73.79388,40.97387],[-73.7939,40.97399],[-73.79371,40.97414],[-73.79366,40.97424],[-73.79352,40.97438],[-73.79312,40.97512],[-73.79277,40.97548],[-73.79247,40.9757],[-73.79243,40.97577],[-73.79197,40.976],[-73.79179,40.976],[-73.79163,40.9761],[-73.79156,40.97622],[-73.79133,40.97634],[-73.79104,40.97657],[-73.79097,40.97673],[-73.79088,40.97683],[-73.79087,40.9769],[-73.79078,40.97699],[-73.79056,40.97707],[-73.79027,40.97727],[-73.79035,40.97741],[-73.79049,40.9775],[-73.79057,40.9777],[-73.79055,40.9778],[-73.7906,40.97794],[-73.79079,40.97806],[-73.79083,40.97814],[-73.79077,40.97822],[-73.7908,40.97832],[-73.79101,40.97873],[-73.79106,40.97888],[-73.79117,40.97899],[-73.7911,40.98005],[-73.79091,40.98016],[-73.79082,40.98032],[-73.79083,40.98053],[-73.79069,40.9806],[-73.79062,40.98067],[-73.7906,40.98077],[-73.7904,40.98112],[-73.79013,40.9812],[-73.79001,40.98127],[-73.79,40.98137],[-73.79003,40.98139],[-73.78994,40.9815],[-73.79001,40.98155],[-73.7899,40.98162],[-73.78987,40.98178],[-73.78972,40.98196],[-73.78957,40.98196],[-73.78948,40.98202],[-73.78938,40.98203],[-73.78918,40.98214],[-73.78916,40.98221],[-73.78904,40.98223],[-73.78902,40.98233],[-73.78885,40.98238],[-73.78877,40.98266],[-73.78871,40.98275],[-73.78853,40.9828],[-73.78852,40.98285],[-73.78851,40.98301],[-73.78843,40.98317],[-73.78856,40.98324],[-73.78739,40.98501],[-73.7872,40.98526],[-73.78703,40.98542],[-73.78643,40.98579],[-73.78651,40.98635],[-73.78643,40.9869],[-73.7864,40.98745],[-73.77795,40.98834],[-73.77765,40.98703],[-73.77663,40.98384],[-73.77639,40.98238],[-73.7761,40.98009],[-73.77594,40.97917],[-73.7755,40.97738],[-73.7754,40.97689],[-73.77533,40.97638],[-73.77532,40.97599],[-73.7752,40.97517],[-73.7748,40.97318],[-73.7738,40.96749],[-73.77341,40.9658],[-73.77334,40.96511],[-73.7725,40.96044],[-73.77184,40.95586],[-73.7727,40.95508],[-73.77224,40.95307],[-73.77101,40.94736],[-73.7705,40.94521],[-73.77026,40.94557],[-73.7701,40.94552],[-73.77007,40.94524],[-73.76964,40.94497],[-73.76902,40.94191],[-73.76882,40.94067],[-73.76855,40.93944],[-73.7682,40.9376],[-73.76802,40.93681],[-73.7685,40.93661],[-73.76813,40.93489],[-73.76732,40.93136],[-73.76726,40.9312],[-73.7672,40.93068],[-73.767,40.92972],[-73.76683,40.92924],[-73.76479,40.9203],[-73.76255,40.91997],[-73.76105,40.91968],[-73.75812,40.9194],[-73.7566,40.91921],[-73.75517,40.91897],[-73.75539,40.91841],[-73.75543,40.91819],[-73.75539,40.91813],[-73.7555,40.918],[-73.7555,40.91787],[-73.75549,40.91777],[-73.75519,40.91755],[-73.75512,40.91728],[-73.75489,40.91714],[-73.7548,40.91697],[-73.75485,40.91673],[-73.75497,40.91654],[-73.75521,40.91639],[-73.75577,40.91615],[-73.75628,40.91602],[-73.75963,40.91203],[-73.76128,40.9097],[-73.76168,40.9084],[-73.76188,40.9072],[-73.76138,40.9052],[-73.75968,40.901],[-73.75508,40.8933],[-73.74958,40.88623],[-73.7406,40.8762],[-73.748,40.87187],[-73.74806,40.87172],[-73.76099,40.87518],[-73.7812,40.88048],[-73.7837,40.88108],[-73.78473,40.88186],[-73.78538,40.88218],[-73.78666,40.88347],[-73.78666,40.88358],[-73.7883,40.88509],[-73.78834,40.88517],[-73.79402,40.89087],[-73.79764,40.89457],[-73.79812,40.8952],[-73.79831,40.89565],[-73.79853,40.89595],[-73.79911,40.89859],[-73.79927,40.89956],[-73.79969,40.90145],[-73.7999,40.90261],[-73.80013,40.90427],[-73.80095,40.90824],[-73.80121,40.90841],[-73.80195,40.91181],[-73.80198,40.91182],[-73.80179,40.91246],[-73.8018,40.91272],[-73.80191,40.91287],[-73.80207,40.9132],[-73.80225,40.91322],[-73.80305,40.91683],[-73.80314,40.91751],[-73.80356,40.91917],[-73.80397,40.92099],[-73.80397,40.92118],[-73.80389,40.92152],[-73.80441,40.92415],[-73.80471,40.92517],[-73.80474,40.92527],[-73.80481,40.92532],[-73.80501,40.92592],[-73.80504,40.9265],[-73.80508,40.9266],[-73.80519,40.92672],[-73.8054,40.92684],[-73.80513,40.92724],[-73.80513,40.92737],[-73.80502,40.92765],[-73.80453,40.92805],[-73.80438,40.92814],[-73.80395,40.92817],[-73.80365,40.9285],[-73.8033,40.92861],[-73.80196,40.92935],[-73.80178,40.92953],[-73.80165,40.92992],[-73.80139,40.93003],[-73.801,40.93003],[-73.80066,40.93013],[-73.80089,40.93032],[-73.80098,40.93052],[-73.80087,40.93164],[-73.80086,40.93203],[-73.80077,40.93275],[-73.80108,40.93271],[-73.80134,40.93273],[-73.80134,40.93279],[-73.80153,40.9329],[-73.80194,40.93336],[-73.80227,40.93327],[-73.803,40.93332],[-73.80327,40.93338],[-73.80355,40.93326],[-73.80382,40.93323],[-73.80391,40.93326],[-73.80398,40.93338],[-73.80405,40.93342],[-73.80419,40.93344],[-73.80466,40.93334],[-73.80583,40.9339],[-73.80637,40.93431],[-73.80676,40.93466],[-73.80692,40.93498],[-73.807,40.93544]]]}},{"type":"Feature","properties":{"std_name":"Great Neck Union Free School District","std_geoid":"3612510","pen":"politicians","std_note":null,"LSAD":"00","NAME":"Great Neck Union Free School District"},"geometry":{"type":"Polygon","coordinates":[[[-73.78019,40.8264],[-73.75797,40.84554],[-73.75244,40.8421],[-73.7496,40.84056],[-73.74158,40.8361],[-73.72028,40.8285],[-73.72034,40.82884],[-73.71941,40.82843],[-73.71141,40.81782],[-73.71157,40.8171],[-73.71197,40.80973],[-73.71215,40.80804],[-73.71233,40.80469],[-73.71258,40.8019],[-73.71218,40.8011],[-73.71157,40.7995],[-73.71157,40.7983],[-73.71141,40.79704],[-73.71113,40.79692],[-73.71058,40.7963],[-73.71049,40.7958],[-73.71043,40.79516],[-73.71273,40.79507],[-73.71283,40.79515],[-73.71283,40.79507],[-73.71249,40.79409],[-73.71203,40.79305],[-73.71179,40.7926],[-73.71122,40.79205],[-73.71094,40.79182],[-73.71068,40.79168],[-73.70947,40.7907],[-73.70645,40.78687],[-73.70639,40.78617],[-73.70797,40.78603],[-73.70825,40.78628],[-73.70913,40.78627],[-73.71053,40.78621],[-73.71049,40.78538],[-73.71031,40.78497],[-73.71122,40.78463],[-73.71273,40.78377],[-73.71198,40.78334],[-73.71064,40.78272],[-73.70974,40.78272],[-73.70597,40.78138],[-73.70333,40.7804],[-73.6983,40.78019],[-73.68824,40.77907],[-73.68807,40.776],[-73.68815,40.77598],[-73.68808,40.77125],[-73.68804,40.77093],[-73.68794,40.77036],[-73.68655,40.76659],[-73.68707,40.76288],[-73.6871,40.76197],[-73.68708,40.76039],[-73.68714,40.75992],[-73.68713,40.75975],[-73.68726,40.75966],[-73.68725,40.75794],[-73.68689,40.7572],[-73.68708,40.7549],[-73.68778,40.75479],[-73.689,40.75465],[-73.68913,40.75433],[-73.68958,40.75365],[-73.69045,40.75288],[-73.69084,40.75151],[-73.69052,40.75087],[-73.6908,40.75014],[-73.69091,40.75009],[-73.69116,40.75005],[-73.69113,40.74977],[-73.69152,40.7497],[-73.69149,40.74941],[-73.69171,40.74935],[-73.69259,40.74733],[-73.69237,40.74609],[-73.69298,40.74544],[-73.69371,40.74323],[-73.69753,40.74096],[-73.69988,40.73947],[-73.70038,40.73919],[-73.70017,40.73954],[-73.70036,40.74103],[-73.70077,40.74501],[-73.70143,40.75066],[-73.70154,40.75192],[-73.70163,40.75249],[-73.70274,40.75325],[-73.70527,40.75477],[-73.70782,40.75622],[-73.71245,40.75924],[-73.7135,40.75983],[-73.71607,40.76146],[-73.72058,40.7642],[-73.7251,40.76699],[-73.72605,40.76753],[-73.72952,40.76973],[-73.73635,40.77391],[-73.73762,40.77474],[-73.73781,40.77481],[-73.73943,40.77582],[-73.73954,40.77581],[-73.73933,40.77596],[-73.73938,40.77601],[-73.74008,40.77621],[-73.74076,40.77669],[-73.74153,40.77711],[-73.74342,40.77822],[-73.74421,40.77871],[-73.74637,40.78012],[-73.75029,40.78248],[-73.75082,40.78289],[-73.7571,40.78969],[-73.76371,40.7938],[-73.77896,40.81171],[-73.78019,40.8264]]]}},{"type":"Feature","properties":{"std_name":"Mamaroneck Union Free School District","std_geoid":"3618240","pen":"politicians","std_note":null,"LSAD":"00","NAME":"Mamaroneck Union Free School District"},"geometry":{"type":"Polygon","coordinates":[[[-73.7727,40.95508],[-73.77184,40.95586],[-73.77168,40.95493],[-73.7709,40.95488],[-73.76967,40.95586],[-73.76614,40.95879],[-73.76603,40.9587],[-73.76571,40.95856],[-73.76348,40.95804],[-73.76294,40.95789],[-73.76247,40.95768],[-73.7615,40.95885],[-73.76055,40.96044],[-73.76013,40.96133],[-73.75925,40.96242],[-73.758,40.96411],[-73.75646,40.96557],[-73.75534,40.96635],[-73.74939,40.97109],[-73.74854,40.97217],[-73.74728,40.97286],[-73.7461,40.97363],[-73.74349,40.97568],[-73.74344,40.9755],[-73.74341,40.97516],[-73.74348,40.97444],[-73.74345,40.97414],[-73.74351,40.97235],[-73.74338,40.97207],[-73.74392,40.9716],[-73.74401,40.97141],[-73.74402,40.9713],[-73.74396,40.97116],[-73.74371,40.97093],[-73.74349,40.97068],[-73.74305,40.97001],[-73.74314,40.96975],[-73.74347,40.96941],[-73.74358,40.96922],[-73.74356,40.96889],[-73.74309,40.9687],[-73.7428,40.96872],[-73.74238,40.9687],[-73.7423,40.96873],[-73.74225,40.96884],[-73.74232,40.96916],[-73.7423,40.96924],[-73.7422,40.96926],[-73.74211,40.96921],[-73.74188,40.96875],[-73.74179,40.96849],[-73.74179,40.96821],[-73.74173,40.96814],[-73.74162,40.96813],[-73.74087,40.96832],[-73.74045,40.96813],[-73.7398,40.96789],[-73.73925,40.96792],[-73.73874,40.96809],[-73.73848,40.96833],[-73.73834,40.96872],[-73.73795,40.96878],[-73.73762,40.96867],[-73.73744,40.9687],[-73.73687,40.96899],[-73.73662,40.96916],[-73.73651,40.96929],[-73.7363,40.9693],[-73.73616,40.9692],[-73.73606,40.96879],[-73.73589,40.96865],[-73.73569,40.9686],[-73.73528,40.96862],[-73.73494,40.9686],[-73.73476,40.96853],[-73.73456,40.9683],[-73.73402,40.96834],[-73.73225,40.96823],[-73.7318,40.96801],[-73.7316,40.96799],[-73.73128,40.96789],[-73.73114,40.96779],[-73.73105,40.96757],[-73.73089,40.96738],[-73.7308,40.96732],[-73.73086,40.96705],[-73.731,40.96669],[-73.73102,40.96655],[-73.73099,40.96649],[-73.73066,40.96625],[-73.73061,40.96606],[-73.73066,40.96567],[-73.73051,40.96498],[-73.73024,40.9641],[-73.73023,40.96393],[-73.73032,40.96382],[-73.73055,40.9637],[-73.73198,40.96317],[-73.73273,40.96279],[-73.73307,40.9626],[-73.73336,40.96234],[-73.73412,40.96193],[-73.73464,40.96128],[-73.73527,40.9607],[-73.73537,40.96057],[-73.73546,40.96042],[-73.73548,40.96017],[-73.73526,40.95965],[-73.73492,40.95932],[-73.7349,40.95887],[-73.73498,40.95859],[-73.73511,40.95835],[-73.73552,40.95782],[-73.73589,40.95751],[-73.73628,40.95705],[-73.73634,40.95692],[-73.73634,40.9567],[-73.7364,40.95653],[-73.7367,40.956],[-73.73678,40.95574],[-73.73678,40.95558],[-73.73662,40.95495],[-73.73572,40.95481],[-73.73555,40.95482],[-73.73523,40.95495],[-73.7351,40.95494],[-73.73477,40.95463],[-73.73443,40.95386],[-73.7344,40.9533],[-73.73433,40.953],[-73.73432,40.9528],[-73.73454,40.95204],[-73.7345,40.95192],[-73.73439,40.95181],[-73.73408,40.95167],[-73.73367,40.95158],[-73.73301,40.95151],[-73.73282,40.95142],[-73.73261,40.95121],[-73.73255,40.95119],[-73.73208,40.9505],[-73.73185,40.94999],[-73.7319,40.94978],[-73.73251,40.94923],[-73.7326,40.94912],[-73.73262,40.94904],[-73.73265,40.94839],[-73.73256,40.94817],[-73.73237,40.94801],[-73.73223,40.94781],[-73.73218,40.94756],[-73.72815,40.94492],[-73.72807,40.94467],[-73.7277,40.94406],[-73.72688,40.9421],[-73.72607,40.9412],[-73.72167,40.9399],[-73.71687,40.9377],[-73.71177,40.9331],[-73.71047,40.9245],[-73.70957,40.91477],[-73.70967,40.89417],[-73.7406,40.8762],[-73.74958,40.88623],[-73.75508,40.8933],[-73.75968,40.901],[-73.76138,40.9052],[-73.76188,40.9072],[-73.76168,40.9084],[-73.76128,40.9097],[-73.75963,40.91203],[-73.75628,40.91602],[-73.75577,40.91615],[-73.75521,40.91639],[-73.75497,40.91654],[-73.75485,40.91673],[-73.7548,40.91697],[-73.75489,40.91714],[-73.75512,40.91728],[-73.75519,40.91755],[-73.75549,40.91777],[-73.7555,40.91787],[-73.7555,40.918],[-73.75539,40.91813],[-73.75543,40.91819],[-73.75539,40.91841],[-73.75517,40.91897],[-73.7566,40.91921],[-73.75812,40.9194],[-73.76105,40.91968],[-73.76255,40.91997],[-73.76479,40.9203],[-73.76683,40.92924],[-73.767,40.92972],[-73.7672,40.93068],[-73.76726,40.9312],[-73.76732,40.93136],[-73.76813,40.93489],[-73.7685,40.93661],[-73.76802,40.93681],[-73.7682,40.9376],[-73.76855,40.93944],[-73.76882,40.94067],[-73.76902,40.94191],[-73.76964,40.94497],[-73.77007,40.94524],[-73.7701,40.94552],[-73.77026,40.94557],[-73.7705,40.94521],[-73.77101,40.94736],[-73.77224,40.95307],[-73.7727,40.95508]]]}},{"type":"Feature","properties":{"std_name":"Lawrence Union Free School District","std_geoid":"3616830","pen":"politicians","std_note":null,"LSAD":"00","NAME":"Lawrence Union Free School District"},"geometry":{"type":"Polygon","coordinates":[[[-73.76881,40.62403],[-73.76883,40.6241],[-73.76878,40.6242],[-73.76876,40.62435],[-73.76865,40.62447],[-73.7686,40.62473],[-73.76833,40.6251],[-73.76825,40.6254],[-73.76815,40.62545],[-73.76778,40.62591],[-73.76776,40.62611],[-73.76743,40.62661],[-73.748,40.63463],[-73.74602,40.63521],[-73.74418,40.63736],[-73.7433,40.63805],[-73.74236,40.63809],[-73.7415,40.63785],[-73.7412,40.63759],[-73.74119,40.63741],[-73.74127,40.63726],[-73.74208,40.63638],[-73.74258,40.63565],[-73.74267,40.63541],[-73.74265,40.63504],[-73.74224,40.63485],[-73.74168,40.63484],[-73.73996,40.63514],[-73.73947,40.63571],[-73.74126,40.63891],[-73.74228,40.64012],[-73.74143,40.6405],[-73.74205,40.64147],[-73.74166,40.6422],[-73.74144,40.64609],[-73.74144,40.64689],[-73.73905,40.6482],[-73.73513,40.64973],[-73.73105,40.65023],[-73.73,40.65048],[-73.72853,40.65097],[-73.72843,40.65036],[-73.72785,40.64923],[-73.72607,40.64728],[-73.72573,40.64731],[-73.72548,40.64709],[-73.72504,40.64729],[-73.72494,40.64711],[-73.72528,40.64694],[-73.72501,40.64654],[-73.72478,40.6461],[-73.72487,40.64525],[-73.72457,40.64502],[-73.72429,40.64524],[-73.72416,40.64522],[-73.72407,40.64512],[-73.72373,40.64508],[-73.72372,40.64483],[-73.72333,40.64484],[-73.72325,40.64452],[-73.72316,40.64453],[-73.72298,40.64448],[-73.72313,40.64386],[-73.72302,40.64337],[-73.7227,40.6433],[-73.72162,40.64288],[-73.72054,40.64159],[-73.71796,40.63812],[-73.71761,40.63786],[-73.71736,40.6375],[-73.71694,40.63701],[-73.71249,40.632],[-73.71345,40.63128],[-73.71228,40.62994],[-73.71313,40.62951],[-73.71336,40.62933],[-73.71269,40.6286],[-73.71243,40.62825],[-73.71237,40.6281],[-73.71233,40.62778],[-73.71239,40.62775],[-73.71241,40.62719],[-73.7123,40.62696],[-73.71167,40.62616],[-73.71145,40.62602],[-73.71111,40.62588],[-73.71075,40.62522],[-73.71085,40.62477],[-73.71061,40.62452],[-73.71007,40.62412],[-73.70998,40.62399],[-73.70996,40.62383],[-73.71,40.62375],[-73.71031,40.62347],[-73.71006,40.62332],[-73.7099,40.62316],[-73.7098,40.62255],[-73.70973,40.62245],[-73.70951,40.6223],[-73.70919,40.6222],[-73.70898,40.6222],[-73.70891,40.62182],[-73.70884,40.6217],[-73.70843,40.62143],[-73.70816,40.62121],[-73.70792,40.62111],[-73.70761,40.6205],[-73.70758,40.6201],[-73.70707,40.61912],[-73.70672,40.61882],[-73.70644,40.61879],[-73.70617,40.61869],[-73.70574,40.61798],[-73.70553,40.61769],[-73.70583,40.61646],[-73.70593,40.61594],[-73.7039,40.61445],[-73.70343,40.61398],[-73.69377,40.61113],[-73.69308,40.6111],[-73.69273,40.61084],[-73.69251,40.61043],[-73.69209,40.6094],[-73.69211,40.60886],[-73.69317,40.60744],[-73.69305,40.60652],[-73.69307,40.60617],[-73.69396,40.60451],[-73.69358,40.60424],[-73.68464,40.60051],[-73.68469,40.59325],[-73.68597,40.59296],[-73.69255,40.59194],[-73.70108,40.5907],[-73.70613,40.59096],[-73.70615,40.5894],[-73.7061,40.58482],[-73.70615,40.58363],[-73.70615,40.57945],[-73.70602,40.55244],[-73.70609,40.53454],[-73.76878,40.53375],[-73.76763,40.53715],[-73.76493,40.5444],[-73.76223,40.5502],[-73.75826,40.55536],[-73.7557,40.57869],[-73.7555,40.58539],[-73.75212,40.58818],[-73.74775,40.5915],[-73.74447,40.5929],[-73.74324,40.59284],[-73.73718,40.59296],[-73.73741,40.59343],[-73.73764,40.59441],[-73.73808,40.59459],[-73.73846,40.59587],[-73.73844,40.59781],[-73.73826,40.60256],[-73.73846,40.60284],[-73.73852,40.60313],[-73.73923,40.60403],[-73.73946,40.60424],[-73.74029,40.6046],[-73.74115,40.60546],[-73.74177,40.60602],[-73.74317,40.60718],[-73.74355,40.60745],[-73.7432,40.60771],[-73.74307,40.60789],[-73.74315,40.60796],[-73.74306,40.608],[-73.74553,40.61187],[-73.74675,40.6114],[-73.74694,40.61178],[-73.74712,40.61204],[-73.7475,40.61189],[-73.74799,40.61231],[-73.74822,40.61201],[-73.74912,40.61179],[-73.75009,40.61164],[-73.75346,40.61052],[-73.75473,40.61041],[-73.7552,40.61059],[-73.75723,40.61099],[-73.76002,40.61135],[-73.76208,40.61273],[-73.76524,40.61494],[-73.76672,40.615],[-73.76757,40.62148],[-73.76855,40.62315],[-73.76867,40.62359],[-73.76884,40.62395],[-73.76881,40.62403]]]}},{"type":"Feature","properties":{"std_name":"Port Washington Union Free School District","std_geoid":"3623580","pen":"politicians","std_note":null,"LSAD":"00","NAME":"Port Washington Union Free School District"},"geometry":{"type":"Polygon","coordinates":[[[-73.7578,40.84568],[-73.748,40.87187],[-73.69445,40.90305],[-73.676,40.86657],[-73.67107,40.8593],[-73.66217,40.8455],[-73.65597,40.8345],[-73.65253,40.82872],[-73.65096,40.82849],[-73.65069,40.82836],[-73.65069,40.82804],[-73.65123,40.82779],[-73.65206,40.8276],[-73.65057,40.8252],[-73.64967,40.8214],[-73.65007,40.81484],[-73.65548,40.81158],[-73.65883,40.80972],[-73.66157,40.80797],[-73.66273,40.80726],[-73.6637,40.80715],[-73.66379,40.80698],[-73.66525,40.80609],[-73.66527,40.80612],[-73.66743,40.80508],[-73.66827,40.80472],[-73.66842,40.8048],[-73.6684,40.80461],[-73.67085,40.80493],[-73.67282,40.80529],[-73.67676,40.80617],[-73.67691,40.80617],[-73.67759,40.80604],[-73.67771,40.80636],[-73.68223,40.80731],[-73.6853,40.80845],[-73.68546,40.80845],[-73.68636,40.80805],[-73.6868,40.80862],[-73.6869,40.8087],[-73.6883,40.80894],[-73.68825,40.80875],[-73.69366,40.8099],[-73.69406,40.80978],[-73.69434,40.81043],[-73.69442,40.8107],[-73.69382,40.81088],[-73.69434,40.81179],[-73.69477,40.8124],[-73.69649,40.81817],[-73.69648,40.81826],[-73.69651,40.81836],[-73.69692,40.8182],[-73.69811,40.82084],[-73.69972,40.82049],[-73.70252,40.81976],[-73.70376,40.81924],[-73.70458,40.81894],[-73.71157,40.8171],[-73.71141,40.81782],[-73.71941,40.82843],[-73.72034,40.82884],[-73.72028,40.8285],[-73.74158,40.8361],[-73.7496,40.84056],[-73.75244,40.8421],[-73.75797,40.84554],[-73.7578,40.84568]]]}},{"type":"Feature","properties":{"std_name":"Rye Neck Union Free School District","std_geoid":"3625290","pen":"politicians","std_note":null,"LSAD":"00","NAME":"Rye Neck Union Free School District"},"geometry":{"type":"Polygon","coordinates":[[[-73.73678,40.95574],[-73.7367,40.956],[-73.7364,40.95653],[-73.73634,40.9567],[-73.73634,40.95692],[-73.73628,40.95705],[-73.73589,40.95751],[-73.73552,40.95782],[-73.73511,40.95835],[-73.73498,40.95859],[-73.7349,40.95887],[-73.73492,40.95932],[-73.73526,40.95965],[-73.73548,40.96017],[-73.73546,40.96042],[-73.73527,40.9607],[-73.73464,40.96128],[-73.73412,40.96193],[-73.73336,40.96234],[-73.73307,40.9626],[-73.73198,40.96317],[-73.73055,40.9637],[-73.73032,40.96382],[-73.73023,40.96393],[-73.73024,40.96411],[-73.72363,40.96177],[-73.72042,40.96068],[-73.71581,40.95917],[-73.71491,40.96016],[-73.71255,40.96261],[-73.71206,40.96303],[-73.71183,40.96326],[-73.71105,40.9629],[-73.70914,40.96163],[-73.70862,40.96173],[-73.70726,40.96076],[-73.70646,40.96047],[-73.70566,40.9601],[-73.70545,40.95991],[-73.70431,40.95911],[-73.70369,40.95846],[-73.70249,40.95707],[-73.70407,40.95609],[-73.69788,40.951],[-73.69641,40.94976],[-73.71047,40.9245],[-73.71177,40.9331],[-73.71687,40.9377],[-73.72167,40.9399],[-73.72607,40.9412],[-73.72688,40.9421],[-73.7277,40.94406],[-73.72807,40.94467],[-73.72815,40.94492],[-73.73218,40.94756],[-73.73223,40.94781],[-73.73237,40.94801],[-73.73256,40.94817],[-73.7326,40.94826],[-73.73265,40.94839],[-73.73264,40.9486],[-73.7326,40.94912],[-73.73251,40.94923],[-73.7319,40.94978],[-73.73185,40.94999],[-73.73208,40.9505],[-73.73255,40.95119],[-73.73261,40.95121],[-73.73288,40.95147],[-73.73301,40.95151],[-73.73367,40.95158],[-73.73408,40.95167],[-73.73439,40.95181],[-73.7345,40.95192],[-73.73454,40.95204],[-73.73432,40.9528],[-73.73433,40.953],[-73.7344,40.9533],[-73.73443,40.95386],[-73.73477,40.95463],[-73.7351,40.95494],[-73.73523,40.95495],[-73.73555,40.95482],[-73.73572,40.95481],[-73.73662,40.95495],[-73.73678,40.95558],[-73.73678,40.95574]]]}},{"type":"Feature","properties":{"std_name":"Hewlett-Woodmere Union Free School District","std_geoid":"3631710","pen":"politicians","std_note":null,"LSAD":"00","NAME":"Hewlett-Woodmere Union Free School District"},"geometry":{"type":"Polygon","coordinates":[[[-73.72853,40.65097],[-73.72687,40.65154],[-73.72667,40.65169],[-73.72643,40.65179],[-73.72525,40.65219],[-73.72505,40.65234],[-73.72498,40.65268],[-73.72482,40.65302],[-73.72487,40.65345],[-73.7246,40.65336],[-73.7225,40.65252],[-73.72196,40.65234],[-73.72125,40.65218],[-73.71738,40.65167],[-73.71657,40.65163],[-73.71511,40.65171],[-73.71461,40.65168],[-73.71397,40.65156],[-73.71357,40.6514],[-73.71196,40.65053],[-73.71156,40.65038],[-73.70868,40.65],[-73.70842,40.64999],[-73.70827,40.64975],[-73.70737,40.64854],[-73.70434,40.64928],[-73.70237,40.65013],[-73.70236,40.65026],[-73.70176,40.65035],[-73.70132,40.65058],[-73.70127,40.6499],[-73.69237,40.64985],[-73.69193,40.64994],[-73.69178,40.65001],[-73.69153,40.65021],[-73.69117,40.65037],[-73.69082,40.65045],[-73.69056,40.65045],[-73.69044,40.65041],[-73.68986,40.64998],[-73.68937,40.65017],[-73.68807,40.65056],[-73.68682,40.65109],[-73.68646,40.65037],[-73.68552,40.64904],[-73.68524,40.64912],[-73.68417,40.648],[-73.68362,40.6472],[-73.68505,40.64599],[-73.68385,40.645],[-73.68358,40.64487],[-73.68161,40.64414],[-73.68171,40.644],[-73.68282,40.64288],[-73.68294,40.64282],[-73.68429,40.64095],[-73.68467,40.64034],[-73.6844,40.64027],[-73.68347,40.6402],[-73.6831,40.64021],[-73.68215,40.63744],[-73.68128,40.63509],[-73.68108,40.63395],[-73.68054,40.63315],[-73.67889,40.62841],[-73.67866,40.62781],[-73.68009,40.62673],[-73.6817,40.62583],[-73.68227,40.62555],[-73.68842,40.62298],[-73.68899,40.62314],[-73.68926,40.62293],[-73.69237,40.62255],[-73.69296,40.62251],[-73.69461,40.62261],[-73.69526,40.62211],[-73.69552,40.62218],[-73.69737,40.6209],[-73.69762,40.62132],[-73.69871,40.62115],[-73.69872,40.62099],[-73.69912,40.62004],[-73.69957,40.6195],[-73.70036,40.61929],[-73.70114,40.61612],[-73.70185,40.61572],[-73.70198,40.61556],[-73.70282,40.61536],[-73.70417,40.61464],[-73.70593,40.61594],[-73.70583,40.61646],[-73.70553,40.61769],[-73.70574,40.61798],[-73.70617,40.61869],[-73.70644,40.61879],[-73.70672,40.61882],[-73.70707,40.61912],[-73.70758,40.6201],[-73.70761,40.6205],[-73.70792,40.62111],[-73.70816,40.62121],[-73.70843,40.62143],[-73.70884,40.6217],[-73.70891,40.62182],[-73.70898,40.6222],[-73.70919,40.6222],[-73.7094,40.62226],[-73.70958,40.62234],[-73.70973,40.62245],[-73.70984,40.62265],[-73.7099,40.62316],[-73.71006,40.62332],[-73.71031,40.62347],[-73.71,40.62375],[-73.70996,40.62383],[-73.71002,40.62405],[-73.71061,40.62452],[-73.71085,40.62477],[-73.71075,40.62522],[-73.71111,40.62588],[-73.71145,40.62602],[-73.71167,40.62616],[-73.71201,40.62657],[-73.71237,40.62708],[-73.71242,40.62732],[-73.71239,40.62775],[-73.71233,40.62778],[-73.71237,40.6281],[-73.71243,40.62825],[-73.71269,40.6286],[-73.71336,40.62933],[-73.71313,40.62951],[-73.71228,40.62994],[-73.71345,40.63128],[-73.71249,40.632],[-73.71694,40.63701],[-73.71736,40.6375],[-73.71761,40.63786],[-73.71796,40.63812],[-73.72054,40.64159],[-73.72162,40.64288],[-73.7227,40.6433],[-73.72302,40.64337],[-73.72313,40.64386],[-73.72298,40.64448],[-73.72316,40.64453],[-73.72325,40.64452],[-73.72333,40.64484],[-73.72372,40.64483],[-73.72373,40.64508],[-73.72407,40.64512],[-73.72416,40.64522],[-73.72429,40.64524],[-73.72457,40.64502],[-73.72487,40.64525],[-73.72478,40.6461],[-73.72501,40.64654],[-73.72528,40.64694],[-73.72494,40.64711],[-73.72504,40.64729],[-73.72548,40.64709],[-73.72573,40.64731],[-73.72607,40.64728],[-73.72785,40.64923],[-73.72843,40.65036],[-73.72853,40.65097]]]}},{"type":"Feature","properties":{"std_name":"Manhasset Union Free School District","std_geoid":"3618270","pen":"politicians","std_note":null,"LSAD":"00","NAME":"Manhasset Union Free School District"},"geometry":{"type":"Polygon","coordinates":[[[-73.71283,40.79515],[-73.71273,40.79507],[-73.71043,40.79516],[-73.71049,40.7958],[-73.71058,40.7963],[-73.71113,40.79692],[-73.71141,40.79704],[-73.71157,40.7983],[-73.71157,40.7995],[-73.71218,40.8011],[-73.71258,40.8019],[-73.71233,40.80469],[-73.71215,40.80804],[-73.71197,40.80973],[-73.71157,40.8171],[-73.70458,40.81894],[-73.70376,40.81924],[-73.70252,40.81976],[-73.69972,40.82049],[-73.69811,40.82084],[-73.69692,40.8182],[-73.69651,40.81836],[-73.69648,40.81826],[-73.69649,40.81817],[-73.69477,40.8124],[-73.69434,40.81179],[-73.69382,40.81088],[-73.69442,40.8107],[-73.69434,40.81043],[-73.69406,40.80978],[-73.69366,40.8099],[-73.68825,40.80875],[-73.6883,40.80894],[-73.6869,40.8087],[-73.6868,40.80862],[-73.68636,40.80805],[-73.68546,40.80845],[-73.6853,40.80845],[-73.68223,40.80731],[-73.67771,40.80636],[-73.67759,40.80604],[-73.67691,40.80617],[-73.67676,40.80617],[-73.67282,40.80529],[-73.67085,40.80493],[-73.6684,40.80461],[-73.66838,40.80413],[-73.6684,40.80381],[-73.66917,40.80039],[-73.66923,40.80003],[-73.66926,40.79931],[-73.66934,40.79917],[-73.66913,40.79764],[-73.66902,40.79716],[-73.66899,40.79682],[-73.66866,40.79575],[-73.66757,40.79257],[-73.66743,40.79181],[-73.66736,40.7916],[-73.66667,40.79003],[-73.6663,40.78925],[-73.66449,40.78667],[-73.66415,40.78614],[-73.66353,40.785],[-73.6633,40.78437],[-73.66279,40.78209],[-73.6639,40.782],[-73.66431,40.78171],[-73.66554,40.78157],[-73.66672,40.78175],[-73.66716,40.78167],[-73.66834,40.78113],[-73.66913,40.78009],[-73.66941,40.7793],[-73.66953,40.77949],[-73.66965,40.77961],[-73.66998,40.77976],[-73.67015,40.77979],[-73.67046,40.77977],[-73.67064,40.77971],[-73.67082,40.7796],[-73.67118,40.77925],[-73.67126,40.77912],[-73.6713,40.77898],[-73.67124,40.77855],[-73.67132,40.7783],[-73.6715,40.77811],[-73.67191,40.77783],[-73.67266,40.77757],[-73.67294,40.77737],[-73.67486,40.77763],[-73.67556,40.77718],[-73.67624,40.77688],[-73.67672,40.77783],[-73.6983,40.78019],[-73.70333,40.7804],[-73.70597,40.78138],[-73.70974,40.78272],[-73.71064,40.78272],[-73.71198,40.78334],[-73.71273,40.78377],[-73.71122,40.78463],[-73.71031,40.78497],[-73.71049,40.78538],[-73.71053,40.78621],[-73.70913,40.78627],[-73.70825,40.78628],[-73.70797,40.78603],[-73.70639,40.78617],[-73.70645,40.78687],[-73.70947,40.7907],[-73.71068,40.79168],[-73.71094,40.79182],[-73.71122,40.79205],[-73.71179,40.7926],[-73.71203,40.79305],[-73.71249,40.79409],[-73.71277,40.79487],[-73.71283,40.79515]]]}},{"type":"Feature","properties":{"std_name":"Rye City School District","std_geoid":"3625260","pen":"politicians","std_note":null,"LSAD":"00","NAME":"Rye City School District"},"geometry":{"type":"Polygon","coordinates":[[[-73.71183,40.96326],[-73.71147,40.96337],[-73.71053,40.96388],[-73.71003,40.96402],[-73.70968,40.96417],[-73.70904,40.9646],[-73.70878,40.96473],[-73.70852,40.96481],[-73.70835,40.96497],[-73.70785,40.96564],[-73.70769,40.96591],[-73.70752,40.96607],[-73.70719,40.96693],[-73.70638,40.96833],[-73.70612,40.96868],[-73.70576,40.96893],[-73.70539,40.96925],[-73.70495,40.97034],[-73.70474,40.97061],[-73.70422,40.97106],[-73.70398,40.97131],[-73.70385,40.97151],[-73.70369,40.97188],[-73.70388,40.97203],[-73.70357,40.97252],[-73.70301,40.97292],[-73.70332,40.97317],[-73.70524,40.97188],[-73.70614,40.97134],[-73.70665,40.97108],[-73.70746,40.97073],[-73.70802,40.97054],[-73.70854,40.97038],[-73.70923,40.97023],[-73.70775,40.9723],[-73.70183,40.98083],[-73.7018,40.98091],[-73.70178,40.9809],[-73.7008,40.98385],[-73.69821,40.98701],[-73.69668,40.9888],[-73.69616,40.98935],[-73.68607,40.99193],[-73.68673,40.99372],[-73.68663,40.99387],[-73.6864,40.9939],[-73.68583,40.99466],[-73.68561,40.99505],[-73.68566,40.99558],[-73.68518,40.99596],[-73.68504,40.99624],[-73.68466,40.99645],[-73.68467,40.99766],[-73.68499,40.99786],[-73.68233,40.99761],[-73.68256,40.99729],[-73.68308,40.99671],[-73.68358,40.99594],[-73.68382,40.9955],[-73.68002,40.99481],[-73.67953,40.99467],[-73.67966,40.99283],[-73.67242,40.99008],[-73.67108,40.98937],[-73.66983,40.98912],[-73.66302,40.98661],[-73.66297,40.9867],[-73.66217,40.9865],[-73.65762,40.9855],[-73.65677,40.98451],[-73.61289,40.95094],[-73.69897,40.90039],[-73.70967,40.89417],[-73.70957,40.91477],[-73.71047,40.9245],[-73.69641,40.94976],[-73.69788,40.951],[-73.70407,40.95609],[-73.70249,40.95707],[-73.70369,40.95846],[-73.70431,40.95911],[-73.70545,40.95991],[-73.70566,40.9601],[-73.70646,40.96047],[-73.70726,40.96076],[-73.70862,40.96173],[-73.70914,40.96163],[-73.71105,40.9629],[-73.71183,40.96326]]]}},{"type":"Feature","properties":{"std_name":"Long Beach City School District","std_geoid":"3617730","pen":"politicians","std_note":null,"LSAD":"00","NAME":"Long Beach City School District"},"geometry":{"type":"Polygon","coordinates":[[[-73.70615,40.58363],[-73.7061,40.58482],[-73.70615,40.5894],[-73.70613,40.59096],[-73.70108,40.5907],[-73.68707,40.5908],[-73.68597,40.5917],[-73.68108,40.5941],[-73.67067,40.5949],[-73.66254,40.59523],[-73.66173,40.59529],[-73.65944,40.59534],[-73.65673,40.59536],[-73.65255,40.59553],[-73.64945,40.59559],[-73.64657,40.5957],[-73.6386,40.59579],[-73.63757,40.59584],[-73.63755,40.59569],[-73.62407,40.59683],[-73.62089,40.59714],[-73.61562,40.59735],[-73.61157,40.59735],[-73.60111,40.59606],[-73.58609,40.59448],[-73.57411,40.59587],[-73.57441,40.58528],[-73.57441,40.57465],[-73.57486,40.5527],[-73.57488,40.53064],[-73.62457,40.53451],[-73.70609,40.53454],[-73.70602,40.55244],[-73.70615,40.57945],[-73.70615,40.58363]]]}},{"type":"Feature","properties":{"std_name":"Oceanside Union Free School District","std_geoid":"3621570","pen":"politicians","std_note":null,"LSAD":"00","NAME":"Oceanside Union Free School District"},"geometry":{"type":"Polygon","coordinates":[[[-73.70417,40.61464],[-73.70282,40.61536],[-73.70198,40.61556],[-73.70185,40.61572],[-73.70114,40.61612],[-73.70036,40.61929],[-73.69957,40.6195],[-73.69912,40.62004],[-73.69872,40.62099],[-73.69871,40.62115],[-73.69762,40.62132],[-73.69737,40.6209],[-73.69552,40.62218],[-73.69526,40.62211],[-73.69461,40.62261],[-73.69296,40.62251],[-73.69237,40.62255],[-73.68926,40.62293],[-73.68899,40.62314],[-73.68842,40.62298],[-73.68227,40.62555],[-73.6817,40.62583],[-73.68009,40.62673],[-73.6774,40.62877],[-73.67625,40.62896],[-73.67557,40.628],[-73.67047,40.62623],[-73.66757,40.6278],[-73.66746,40.62808],[-73.66744,40.62862],[-73.66736,40.62902],[-73.66621,40.62908],[-73.66143,40.62779],[-73.66032,40.62897],[-73.65975,40.62983],[-73.65973,40.63046],[-73.65921,40.63388],[-73.65901,40.63452],[-73.65871,40.63424],[-73.65785,40.63463],[-73.65727,40.6352],[-73.65761,40.63533],[-73.6577,40.6355],[-73.6582,40.63564],[-73.6584,40.63567],[-73.65933,40.63568],[-73.65962,40.63571],[-73.66001,40.63585],[-73.66046,40.63626],[-73.66043,40.63663],[-73.66007,40.63725],[-73.65968,40.63745],[-73.65934,40.63773],[-73.65905,40.63809],[-73.65908,40.63835],[-73.65915,40.6384],[-73.65877,40.63974],[-73.65842,40.63974],[-73.65791,40.63997],[-73.65764,40.64003],[-73.65659,40.64052],[-73.65635,40.64055],[-73.65795,40.64265],[-73.65701,40.64256],[-73.65635,40.64263],[-73.65626,40.64272],[-73.65632,40.64297],[-73.65656,40.64322],[-73.65788,40.64363],[-73.65764,40.64427],[-73.65713,40.64464],[-73.65656,40.64537],[-73.65617,40.64574],[-73.65545,40.64661],[-73.6553,40.64695],[-73.65533,40.64853],[-73.65566,40.64915],[-73.65563,40.6494],[-73.65506,40.64933],[-73.65219,40.64952],[-73.65048,40.64957],[-73.64919,40.64966],[-73.64815,40.64956],[-73.64787,40.64994],[-73.64754,40.6519],[-73.64758,40.65213],[-73.64539,40.65325],[-73.64254,40.65302],[-73.64254,40.65232],[-73.64021,40.65192],[-73.64006,40.65199],[-73.63858,40.65188],[-73.63787,40.65602],[-73.63695,40.65588],[-73.63664,40.65673],[-73.6361,40.6567],[-73.63604,40.65743],[-73.63551,40.6579],[-73.63164,40.65767],[-73.6308,40.65864],[-73.63018,40.65928],[-73.63004,40.65937],[-73.62884,40.66137],[-73.6242,40.66126],[-73.62206,40.66162],[-73.62157,40.66165],[-73.62116,40.66177],[-73.62032,40.66095],[-73.61931,40.6604],[-73.61935,40.65996],[-73.62006,40.65995],[-73.62039,40.65991],[-73.62133,40.65813],[-73.62276,40.65743],[-73.62193,40.6574],[-73.62225,40.65695],[-73.62159,40.65626],[-73.62161,40.65575],[-73.62145,40.65576],[-73.62106,40.65542],[-73.62076,40.65503],[-73.61992,40.65427],[-73.61948,40.65414],[-73.6192,40.65391],[-73.61896,40.65382],[-73.61875,40.65361],[-73.61839,40.6526],[-73.61778,40.65214],[-73.61778,40.65137],[-73.6179,40.65029],[-73.61787,40.64974],[-73.61736,40.64894],[-73.61637,40.64814],[-73.61616,40.64782],[-73.61598,40.64736],[-73.61601,40.64665],[-73.61625,40.64643],[-73.6162,40.64621],[-73.61628,40.64558],[-73.61672,40.64442],[-73.61724,40.64367],[-73.61728,40.64336],[-73.61726,40.64301],[-73.61715,40.6424],[-73.61713,40.6419],[-73.61726,40.63984],[-73.61682,40.63785],[-73.61692,40.63692],[-73.61699,40.63669],[-73.61704,40.63624],[-73.6168,40.63533],[-73.61593,40.6333],[-73.61596,40.6328],[-73.61629,40.63216],[-73.61638,40.63188],[-73.61644,40.6318],[-73.61634,40.63056],[-73.61634,40.62995],[-73.61675,40.62952],[-73.61668,40.62899],[-73.61367,40.6247],[-73.61067,40.6213],[-73.60517,40.6197],[-73.60177,40.6194],[-73.59385,40.61981],[-73.59006,40.62322],[-73.58567,40.6259],[-73.58247,40.6266],[-73.57957,40.6274],[-73.57726,40.62337],[-73.57726,40.62115],[-73.57866,40.61825],[-73.57878,40.61733],[-73.57857,40.61668],[-73.57777,40.61579],[-73.5727,40.61196],[-73.57188,40.61118],[-73.57113,40.61004],[-73.5705,40.60831],[-73.56956,40.60605],[-73.56847,40.60272],[-73.56854,40.60102],[-73.5689,40.59996],[-73.56975,40.59869],[-73.57049,40.59815],[-73.57166,40.59742],[-73.57297,40.59692],[-73.57409,40.59604],[-73.57411,40.59587],[-73.58609,40.59448],[-73.60111,40.59606],[-73.61157,40.59735],[-73.61562,40.59735],[-73.62089,40.59714],[-73.62407,40.59683],[-73.63755,40.59569],[-73.63757,40.59584],[-73.6386,40.59579],[-73.64657,40.5957],[-73.64945,40.59559],[-73.65255,40.59553],[-73.65673,40.59536],[-73.65944,40.59534],[-73.66173,40.59529],[-73.66254,40.59523],[-73.67067,40.5949],[-73.68108,40.5941],[-73.68597,40.5917],[-73.68707,40.5908],[-73.70108,40.5907],[-73.69255,40.59194],[-73.68597,40.59296],[-73.68469,40.59325],[-73.68464,40.60051],[-73.69358,40.60424],[-73.69396,40.60451],[-73.69307,40.60617],[-73.69305,40.60652],[-73.69317,40.60744],[-73.69211,40.60886],[-73.69209,40.6094],[-73.69251,40.61043],[-73.69273,40.61084],[-73.69308,40.6111],[-73.69377,40.61113],[-73.70343,40.61398],[-73.7039,40.61445],[-73.70417,40.61464]],[[-73.66938,40.60206],[-73.66871,40.60085],[-73.66788,40.59987],[-73.66575,40.59738],[-73.66427,40.59609],[-73.65657,40.59634],[-73.65424,40.59577],[-73.65138,40.59589],[-73.65022,40.5959],[-73.65051,40.59707],[-73.64954,40.597],[-73.64674,40.5975],[-73.63629,40.59969],[-73.63617,40.6],[-73.63307,40.6037],[-73.63187,40.6095],[-73.63322,40.61068],[-73.63455,40.61042],[-73.63451,40.61122],[-73.6346,40.6116],[-73.63484,40.61183],[-73.63532,40.61183],[-73.6356,40.61197],[-73.63784,40.61223],[-73.63999,40.61314],[-73.64111,40.61541],[-73.6416,40.61624],[-73.64201,40.61678],[-73.64244,40.61707],[-73.64314,40.61747],[-73.64396,40.61765],[-73.64508,40.61772],[-73.64729,40.61747],[-73.64938,40.61728],[-73.64994,40.6172],[-73.64995,40.61723],[-73.65008,40.6172],[-73.65063,40.6173],[-73.65077,40.61718],[-73.65194,40.61696],[-73.65236,40.61692],[-73.65238,40.61698],[-73.65244,40.61698],[-73.65246,40.61708],[-73.65328,40.6165],[-73.6532,40.61146],[-73.65654,40.60875],[-73.65703,40.60831],[-73.66089,40.60724],[-73.6621,40.60705],[-73.66298,40.60681],[-73.66384,40.60647],[-73.66575,40.60609],[-73.66746,40.6055],[-73.66912,40.60452],[-73.66941,40.60376],[-73.66938,40.60206]]]}},{"type":"Feature","properties":{"std_name":"Glen Cove City School District","std_geoid":"3612180","pen":"politicians","std_note":null,"LSAD":"00","NAME":"Glen Cove City School District"},"geometry":{"type":"Polygon","coordinates":[[[-73.69445,40.90305],[-73.61309,40.95082],[-73.62024,40.90247],[-73.62102,40.89851],[-73.62099,40.89802],[-73.62039,40.89579],[-73.62029,40.89567],[-73.6202,40.89464],[-73.61968,40.89056],[-73.61927,40.88905],[-73.61912,40.88867],[-73.61881,40.88812],[-73.6186,40.88734],[-73.61797,40.88636],[-73.61761,40.88494],[-73.61684,40.88281],[-73.61616,40.88026],[-73.61516,40.87827],[-73.61404,40.87658],[-73.61399,40.87559],[-73.61406,40.87528],[-73.61419,40.87498],[-73.61455,40.87478],[-73.6123,40.87378],[-73.60489,40.87063],[-73.59708,40.86721],[-73.59381,40.86597],[-73.59376,40.86561],[-73.59367,40.86527],[-73.59266,40.86362],[-73.59256,40.86339],[-73.59252,40.86304],[-73.59253,40.86235],[-73.59259,40.8614],[-73.59257,40.86118],[-73.59251,40.86099],[-73.59207,40.8599],[-73.59194,40.85971],[-73.59191,40.85943],[-73.59172,40.859],[-73.59111,40.85825],[-73.591,40.85806],[-73.59085,40.85764],[-73.59069,40.85698],[-73.5926,40.85685],[-73.59584,40.85671],[-73.59618,40.85678],[-73.59896,40.85652],[-73.60166,40.85634],[-73.60392,40.85625],[-73.60402,40.85629],[-73.60407,40.85623],[-73.60544,40.85597],[-73.60643,40.85585],[-73.60847,40.856],[-73.60823,40.85535],[-73.61133,40.85507],[-73.61137,40.85524],[-73.6119,40.8552],[-73.61212,40.85513],[-73.6128,40.85484],[-73.61454,40.85491],[-73.61447,40.85434],[-73.61417,40.85367],[-73.61893,40.8533],[-73.61927,40.85299],[-73.6192,40.85262],[-73.62021,40.85183],[-73.62154,40.85086],[-73.62267,40.8503],[-73.62547,40.8481],[-73.62677,40.8475],[-73.63139,40.84643],[-73.63571,40.84608],[-73.63576,40.84622],[-73.63581,40.84651],[-73.63578,40.8476],[-73.63546,40.84902],[-73.63536,40.851],[-73.63524,40.85188],[-73.63484,40.8531],[-73.63438,40.85368],[-73.63433,40.85382],[-73.63434,40.85393],[-73.636,40.85346],[-73.63757,40.8533],[-73.63947,40.853],[-73.64127,40.85236],[-73.64221,40.85207],[-73.64228,40.85225],[-73.64235,40.85234],[-73.64252,40.85246],[-73.64265,40.85251],[-73.64294,40.85246],[-73.6435,40.85227],[-73.64364,40.85232],[-73.64375,40.85246],[-73.64386,40.85321],[-73.64529,40.85286],[-73.6458,40.85262],[-73.64599,40.85247],[-73.64723,40.85268],[-73.6488,40.85357],[-73.64961,40.85376],[-73.65013,40.85556],[-73.65208,40.85574],[-73.67107,40.8593],[-73.676,40.86657],[-73.69445,40.90305]]]}},{"type":"Feature","properties":{"std_name":"Lynbrook Union Free School District","std_geoid":"3617910","pen":"politicians","std_note":null,"LSAD":"00","NAME":"Lynbrook Union Free School District"},"geometry":{"type":"Polygon","coordinates":[[[-73.69085,40.66278],[-73.68775,40.66456],[-73.68368,40.66702],[-73.68002,40.669],[-73.67603,40.6713],[-73.67603,40.6708],[-73.67572,40.66903],[-73.67557,40.6667],[-73.67569,40.66588],[-73.67488,40.66466],[-73.67469,40.66445],[-73.67469,40.66333],[-73.67364,40.66338],[-73.67366,40.66298],[-73.67379,40.66289],[-73.67372,40.66256],[-73.67358,40.66253],[-73.67364,40.66198],[-73.67366,40.66102],[-73.67355,40.66096],[-73.67356,40.66052],[-73.67136,40.66045],[-73.67134,40.66095],[-73.67127,40.66145],[-73.67064,40.66145],[-73.66901,40.6611],[-73.66655,40.66027],[-73.66291,40.65916],[-73.66227,40.65839],[-73.6616,40.65787],[-73.66201,40.65608],[-73.66268,40.65527],[-73.66418,40.65335],[-73.66478,40.65239],[-73.6654,40.65118],[-73.66598,40.65039],[-73.66671,40.64952],[-73.66701,40.64831],[-73.66844,40.64305],[-73.66858,40.64303],[-73.66863,40.64218],[-73.66873,40.64208],[-73.66877,40.6416],[-73.66901,40.64159],[-73.66901,40.64146],[-73.66942,40.64148],[-73.66943,40.64122],[-73.66947,40.64112],[-73.66981,40.64123],[-73.66972,40.64073],[-73.66977,40.64019],[-73.67014,40.64023],[-73.67044,40.63865],[-73.67075,40.63829],[-73.67083,40.63797],[-73.67091,40.63788],[-73.67143,40.63759],[-73.67148,40.63716],[-73.67179,40.63659],[-73.67208,40.63538],[-73.67233,40.63504],[-73.67302,40.63437],[-73.67305,40.63414],[-73.67391,40.63296],[-73.67436,40.6318],[-73.67551,40.63063],[-73.6765,40.62935],[-73.67652,40.62908],[-73.67625,40.62896],[-73.6774,40.62877],[-73.67866,40.62781],[-73.67889,40.62841],[-73.68054,40.63315],[-73.68108,40.63395],[-73.68128,40.63509],[-73.68215,40.63744],[-73.6831,40.64021],[-73.68347,40.6402],[-73.6844,40.64027],[-73.68467,40.64034],[-73.68429,40.64095],[-73.68294,40.64282],[-73.68282,40.64288],[-73.68171,40.644],[-73.68161,40.64414],[-73.68358,40.64487],[-73.68385,40.645],[-73.68505,40.64599],[-73.68362,40.6472],[-73.68417,40.648],[-73.68524,40.64912],[-73.68552,40.64904],[-73.68646,40.65037],[-73.68682,40.65109],[-73.68604,40.65149],[-73.68509,40.65204],[-73.68418,40.6525],[-73.68137,40.6537],[-73.68358,40.65531],[-73.68977,40.65729],[-73.68966,40.65749],[-73.68841,40.66063],[-73.68801,40.66167],[-73.68797,40.66186],[-73.69085,40.66278]]]}},{"type":"Feature","properties":{"std_name":"Herricks Union Free School District","std_geoid":"3614280","pen":"politicians","std_note":null,"LSAD":"00","NAME":"Herricks Union Free School District"},"geometry":{"type":"Polygon","coordinates":[[[-73.68824,40.77907],[-73.68637,40.7789],[-73.67672,40.77783],[-73.67624,40.77688],[-73.67556,40.77718],[-73.67486,40.77763],[-73.67294,40.77737],[-73.67266,40.77757],[-73.67191,40.77783],[-73.6715,40.77811],[-73.67132,40.7783],[-73.67124,40.77855],[-73.6713,40.77898],[-73.67126,40.77912],[-73.67095,40.77949],[-73.67074,40.77966],[-73.67046,40.77977],[-73.67015,40.77979],[-73.66998,40.77976],[-73.66965,40.77961],[-73.66953,40.77949],[-73.66941,40.7793],[-73.66913,40.78009],[-73.66834,40.78113],[-73.66716,40.78167],[-73.66672,40.78175],[-73.66554,40.78157],[-73.66431,40.78171],[-73.6639,40.782],[-73.66279,40.78209],[-73.66293,40.78273],[-73.65707,40.78351],[-73.65675,40.78357],[-73.65521,40.78412],[-73.65448,40.78434],[-73.65308,40.78463],[-73.65127,40.78493],[-73.65033,40.78511],[-73.64883,40.78534],[-73.6489,40.78482],[-73.64927,40.78339],[-73.64959,40.78113],[-73.64992,40.77914],[-73.65026,40.77795],[-73.65036,40.77791],[-73.65051,40.77778],[-73.65097,40.77726],[-73.65105,40.77708],[-73.65108,40.77686],[-73.65096,40.77656],[-73.65057,40.77606],[-73.65035,40.77584],[-73.65012,40.77549],[-73.64958,40.77431],[-73.64931,40.77351],[-73.64923,40.7732],[-73.64903,40.77202],[-73.64881,40.7711],[-73.64734,40.76631],[-73.64699,40.76465],[-73.6461,40.76107],[-73.64589,40.76065],[-73.64557,40.76021],[-73.64544,40.75986],[-73.64548,40.75827],[-73.64542,40.75783],[-73.64512,40.75626],[-73.64786,40.75527],[-73.65056,40.75446],[-73.65163,40.75425],[-73.65412,40.75391],[-73.6579,40.75321],[-73.65741,40.75057],[-73.6574,40.75011],[-73.65747,40.74912],[-73.65787,40.7471],[-73.65791,40.74655],[-73.6579,40.74632],[-73.65755,40.7445],[-73.65749,40.74429],[-73.65724,40.7438],[-73.65766,40.74363],[-73.65986,40.74257],[-73.66112,40.74277],[-73.66157,40.74289],[-73.66197,40.74306],[-73.66347,40.74379],[-73.66603,40.74527],[-73.66678,40.74575],[-73.66923,40.74748],[-73.67021,40.74828],[-73.6704,40.74849],[-73.67082,40.74907],[-73.67314,40.75048],[-73.67457,40.75138],[-73.67622,40.75233],[-73.67755,40.75318],[-73.68003,40.75467],[-73.68049,40.7547],[-73.68073,40.75475],[-73.68098,40.75488],[-73.68117,40.75493],[-73.68211,40.75504],[-73.68614,40.75498],[-73.68708,40.7549],[-73.68689,40.7572],[-73.68725,40.75794],[-73.68726,40.75966],[-73.68713,40.75975],[-73.68714,40.75992],[-73.68708,40.76039],[-73.6871,40.76197],[-73.68707,40.76288],[-73.68655,40.76659],[-73.68794,40.77036],[-73.68804,40.77093],[-73.68808,40.77125],[-73.68815,40.77598],[-73.68807,40.776],[-73.68824,40.77907]]]}},{"type":"Feature","properties":{"std_name":"Garden City Union Free School District","std_geoid":"3611760","pen":"politicians","std_note":null,"LSAD":"00","NAME":"Garden City Union Free School District"},"geometry":{"type":"Polygon","coordinates":[[[-73.68293,40.71699],[-73.68275,40.72161],[-73.68263,40.72314],[-73.6826,40.72445],[-73.68253,40.72445],[-73.68253,40.72483],[-73.68133,40.72483],[-73.68142,40.7249],[-73.68141,40.72521],[-73.68155,40.72521],[-73.68156,40.72581],[-73.68061,40.72582],[-73.68058,40.72692],[-73.68036,40.72692],[-73.68035,40.72727],[-73.6801,40.72727],[-73.68008,40.72763],[-73.67963,40.72762],[-73.67961,40.72828],[-73.67977,40.72875],[-73.67924,40.72885],[-73.67924,40.72914],[-73.67907,40.72919],[-73.67905,40.72971],[-73.6797,40.72964],[-73.67996,40.73098],[-73.67489,40.73223],[-73.67202,40.7329],[-73.67096,40.73309],[-73.67097,40.73318],[-73.67108,40.73317],[-73.67129,40.73402],[-73.67109,40.734],[-73.66473,40.73503],[-73.66347,40.7352],[-73.65779,40.73619],[-73.6513,40.73713],[-73.65188,40.73773],[-73.65078,40.738],[-73.65062,40.73729],[-73.65022,40.73736],[-73.6501,40.73699],[-73.6392,40.73898],[-73.63672,40.73938],[-73.63395,40.73995],[-73.62278,40.74193],[-73.6171,40.743],[-73.61648,40.7412],[-73.6165,40.74109],[-73.61642,40.741],[-73.61627,40.74092],[-73.61634,40.74073],[-73.61632,40.74059],[-73.61584,40.73927],[-73.61579,40.73904],[-73.61489,40.73683],[-73.61397,40.73434],[-73.6136,40.73345],[-73.61369,40.73343],[-73.61298,40.73153],[-73.61283,40.73126],[-73.61243,40.73027],[-73.61206,40.72925],[-73.61204,40.72889],[-73.61172,40.72805],[-73.61137,40.72812],[-73.61054,40.72594],[-73.60978,40.72612],[-73.609,40.72409],[-73.60976,40.72392],[-73.6089,40.72174],[-73.60871,40.72113],[-73.60909,40.72078],[-73.60908,40.72072],[-73.61164,40.72103],[-73.61163,40.72151],[-73.61245,40.72137],[-73.61331,40.72115],[-73.61347,40.72116],[-73.61404,40.72102],[-73.61405,40.72106],[-73.61804,40.72004],[-73.62319,40.71889],[-73.62387,40.7187],[-73.62435,40.71862],[-73.62895,40.71762],[-73.62888,40.71747],[-73.62895,40.71744],[-73.6288,40.71708],[-73.62981,40.71748],[-73.63005,40.71749],[-73.62995,40.71738],[-73.63071,40.71704],[-73.63092,40.71699],[-73.63378,40.71578],[-73.6339,40.71568],[-73.63701,40.71431],[-73.63706,40.71399],[-73.63832,40.71378],[-73.64391,40.71263],[-73.64404,40.71258],[-73.64494,40.71249],[-73.64615,40.71247],[-73.64891,40.71222],[-73.64892,40.71169],[-73.65013,40.71157],[-73.65016,40.71108],[-73.65196,40.71107],[-73.65204,40.71111],[-73.6529,40.71007],[-73.65391,40.70893],[-73.65567,40.70732],[-73.65784,40.70837],[-73.65775,40.70889],[-73.65738,40.71052],[-73.65745,40.71057],[-73.65567,40.71037],[-73.65541,40.71497],[-73.65107,40.7164],[-73.6512,40.71664],[-73.65204,40.71724],[-73.65542,40.71686],[-73.65685,40.71675],[-73.65721,40.7167],[-73.65721,40.71666],[-73.6576,40.71662],[-73.65762,40.71667],[-73.65912,40.71651],[-73.65917,40.71651],[-73.65921,40.71735],[-73.66002,40.71737],[-73.6601,40.71735],[-73.66099,40.7174],[-73.66099,40.71756],[-73.66412,40.71757],[-73.6645,40.71752],[-73.66705,40.71759],[-73.67075,40.71765],[-73.6711,40.71661],[-73.67228,40.71665],[-73.67752,40.71654],[-73.68235,40.71651],[-73.68291,40.71655],[-73.68293,40.71699]]]}},{"type":"Feature","properties":{"std_name":"East Rockaway Union Free School District","std_geoid":"3609960","pen":"politicians","std_note":null,"LSAD":"00","NAME":"East Rockaway Union Free School District"},"geometry":{"type":"Polygon","coordinates":[[[-73.6765,40.62935],[-73.67551,40.63063],[-73.67436,40.6318],[-73.67391,40.63296],[-73.67305,40.63414],[-73.67302,40.63437],[-73.67233,40.63504],[-73.67208,40.63538],[-73.67179,40.63659],[-73.67148,40.63716],[-73.67143,40.63759],[-73.67091,40.63788],[-73.67083,40.63797],[-73.67075,40.63829],[-73.67044,40.63865],[-73.67014,40.64023],[-73.66977,40.64019],[-73.66972,40.64073],[-73.66981,40.64123],[-73.66947,40.64112],[-73.66943,40.64122],[-73.66942,40.64148],[-73.66901,40.64146],[-73.66901,40.64159],[-73.66877,40.6416],[-73.66873,40.64208],[-73.66863,40.64218],[-73.66858,40.64303],[-73.66844,40.64305],[-73.66701,40.64831],[-73.66671,40.64952],[-73.66598,40.65039],[-73.6654,40.65118],[-73.66478,40.65239],[-73.66418,40.65335],[-73.66268,40.65527],[-73.66201,40.65608],[-73.66187,40.65667],[-73.6589,40.65707],[-73.6583,40.65707],[-73.65711,40.65695],[-73.65654,40.65696],[-73.65381,40.65728],[-73.65363,40.65703],[-73.65346,40.65687],[-73.653,40.65664],[-73.65265,40.65656],[-73.65386,40.65614],[-73.65305,40.65608],[-73.65305,40.65537],[-73.6532,40.655],[-73.65386,40.65457],[-73.65401,40.65432],[-73.65422,40.65276],[-73.65419,40.65187],[-73.65443,40.65077],[-73.65563,40.6494],[-73.65566,40.64915],[-73.65533,40.64853],[-73.6553,40.64695],[-73.65545,40.64661],[-73.65617,40.64574],[-73.65656,40.64537],[-73.65713,40.64464],[-73.65764,40.64427],[-73.65788,40.64363],[-73.65656,40.64322],[-73.65632,40.64297],[-73.65626,40.64272],[-73.65635,40.64263],[-73.65701,40.64256],[-73.65795,40.64265],[-73.65635,40.64055],[-73.65659,40.64052],[-73.65764,40.64003],[-73.65791,40.63997],[-73.65842,40.63974],[-73.65877,40.63974],[-73.65915,40.6384],[-73.65908,40.63835],[-73.65905,40.63809],[-73.65934,40.63773],[-73.65968,40.63745],[-73.66007,40.63725],[-73.66043,40.63663],[-73.66046,40.63626],[-73.66001,40.63585],[-73.65962,40.63571],[-73.65933,40.63568],[-73.6584,40.63567],[-73.6582,40.63564],[-73.6577,40.6355],[-73.65761,40.63533],[-73.65727,40.6352],[-73.65785,40.63463],[-73.65871,40.63424],[-73.65901,40.63452],[-73.65921,40.63388],[-73.65973,40.63046],[-73.65975,40.62983],[-73.66032,40.62897],[-73.66143,40.62779],[-73.66621,40.62908],[-73.66736,40.62902],[-73.66744,40.62862],[-73.66746,40.62808],[-73.66757,40.6278],[-73.67047,40.62623],[-73.67557,40.628],[-73.67625,40.62896],[-73.67652,40.62908],[-73.6765,40.62935]]]}},{"type":"Feature","properties":{"std_name":"Malverne Union Free School District","std_geoid":"3618210","pen":"politicians","std_note":null,"LSAD":"00","NAME":"Malverne Union Free School District"},"geometry":{"type":"Polygon","coordinates":[[[-73.67603,40.6713],[-73.67428,40.67233],[-73.67473,40.67272],[-73.67502,40.67291],[-73.6756,40.67319],[-73.67556,40.67337],[-73.67502,40.67429],[-73.67473,40.67416],[-73.67419,40.67497],[-73.67409,40.67523],[-73.67429,40.67518],[-73.67455,40.67525],[-73.67398,40.67679],[-73.67363,40.67762],[-73.67509,40.67808],[-73.67275,40.68012],[-73.67183,40.68103],[-73.67107,40.68156],[-73.67061,40.68184],[-73.67034,40.68188],[-73.66989,40.68201],[-73.66987,40.68175],[-73.66967,40.68177],[-73.66961,40.68188],[-73.66948,40.6818],[-73.66877,40.68193],[-73.66873,40.68205],[-73.6677,40.68226],[-73.66772,40.68203],[-73.66646,40.68179],[-73.66654,40.68147],[-73.66579,40.68131],[-73.66563,40.68172],[-73.6654,40.68169],[-73.66537,40.682],[-73.66359,40.68162],[-73.66377,40.68096],[-73.66381,40.68046],[-73.66264,40.68052],[-73.66145,40.68099],[-73.66028,40.68093],[-73.65915,40.68104],[-73.65847,40.68127],[-73.65822,40.68124],[-73.65788,40.68127],[-73.65753,40.68125],[-73.6575,40.68144],[-73.65744,40.68151],[-73.65657,40.68145],[-73.65653,40.68175],[-73.65545,40.68179],[-73.65483,40.68174],[-73.65476,40.68206],[-73.65238,40.68195],[-73.65229,40.68211],[-73.65216,40.68269],[-73.65171,40.68261],[-73.65176,40.68225],[-73.64926,40.68208],[-73.64925,40.68244],[-73.64838,40.68243],[-73.6482,40.68248],[-73.64777,40.68289],[-73.64723,40.68247],[-73.64261,40.68309],[-73.64181,40.68326],[-73.6381,40.68374],[-73.63831,40.68367],[-73.63833,40.68296],[-73.63918,40.68148],[-73.63945,40.68122],[-73.63978,40.6807],[-73.64071,40.67962],[-73.64116,40.67951],[-73.64122,40.67868],[-73.64218,40.67704],[-73.64212,40.67688],[-73.64269,40.67617],[-73.64332,40.67505],[-73.64425,40.67402],[-73.645,40.67285],[-73.64549,40.67253],[-73.64608,40.67258],[-73.64667,40.6719],[-73.64777,40.6709],[-73.64869,40.67027],[-73.64918,40.66956],[-73.65095,40.66731],[-73.6514,40.66724],[-73.65242,40.66647],[-73.65324,40.6653],[-73.6539,40.66409],[-73.65387,40.66237],[-73.6535,40.6621],[-73.65359,40.66177],[-73.65368,40.66168],[-73.65543,40.66132],[-73.656,40.66107],[-73.65594,40.66086],[-73.65567,40.66081],[-73.65513,40.66104],[-73.65417,40.66104],[-73.65411,40.66017],[-73.65389,40.65969],[-73.65317,40.65924],[-73.65329,40.6588],[-73.65341,40.65867],[-73.65323,40.65831],[-73.65309,40.65787],[-73.6525,40.65744],[-73.65269,40.65731],[-73.65408,40.65727],[-73.65566,40.65705],[-73.65654,40.65696],[-73.65711,40.65695],[-73.6583,40.65707],[-73.6589,40.65707],[-73.66187,40.65667],[-73.6616,40.65787],[-73.66227,40.65839],[-73.66291,40.65916],[-73.66655,40.66027],[-73.66901,40.6611],[-73.67064,40.66145],[-73.67127,40.66145],[-73.67134,40.66095],[-73.67136,40.66045],[-73.67356,40.66052],[-73.67355,40.66096],[-73.67366,40.66102],[-73.67364,40.66198],[-73.67358,40.66253],[-73.67372,40.66256],[-73.67379,40.66289],[-73.67366,40.66298],[-73.67364,40.66338],[-73.67469,40.66333],[-73.67469,40.66445],[-73.67488,40.66466],[-73.67569,40.66588],[-73.67557,40.6667],[-73.67572,40.66903],[-73.67603,40.6708],[-73.67603,40.6713]]]}},{"type":"Feature","properties":{"std_name":"North Shore Central School District","std_geoid":"3626370","pen":"politicians","std_note":null,"LSAD":"00","NAME":"North Shore Central School District"},"geometry":{"type":"Polygon","coordinates":[[[-73.67107,40.8593],[-73.65208,40.85574],[-73.65013,40.85556],[-73.64961,40.85376],[-73.6488,40.85357],[-73.64723,40.85268],[-73.64599,40.85247],[-73.6458,40.85262],[-73.64529,40.85286],[-73.64386,40.85321],[-73.64375,40.85246],[-73.64364,40.85232],[-73.6435,40.85227],[-73.64294,40.85246],[-73.64265,40.85251],[-73.64252,40.85246],[-73.64235,40.85234],[-73.64228,40.85225],[-73.64221,40.85207],[-73.64127,40.85236],[-73.63947,40.853],[-73.63757,40.8533],[-73.636,40.85346],[-73.63434,40.85393],[-73.63433,40.85382],[-73.63438,40.85368],[-73.63484,40.8531],[-73.63524,40.85188],[-73.63536,40.851],[-73.63546,40.84902],[-73.63578,40.8476],[-73.63581,40.84651],[-73.63576,40.84622],[-73.63571,40.84608],[-73.63139,40.84643],[-73.62677,40.8475],[-73.62547,40.8481],[-73.62267,40.8503],[-73.62154,40.85086],[-73.62021,40.85183],[-73.6192,40.85262],[-73.61927,40.85299],[-73.61893,40.8533],[-73.61417,40.85367],[-73.61447,40.85434],[-73.61454,40.85491],[-73.6128,40.85484],[-73.61212,40.85513],[-73.6119,40.8552],[-73.61137,40.85524],[-73.61133,40.85507],[-73.60823,40.85535],[-73.60847,40.856],[-73.60643,40.85585],[-73.60544,40.85597],[-73.60407,40.85623],[-73.60402,40.85629],[-73.60392,40.85625],[-73.60166,40.85634],[-73.59896,40.85652],[-73.59618,40.85678],[-73.59584,40.85671],[-73.5926,40.85685],[-73.5921,40.85459],[-73.59114,40.85131],[-73.58932,40.84326],[-73.58652,40.84246],[-73.58523,40.83973],[-73.58782,40.83716],[-73.58768,40.8344],[-73.58753,40.8321],[-73.58729,40.83212],[-73.58727,40.83185],[-73.58641,40.82885],[-73.58643,40.82581],[-73.59517,40.82237],[-73.59605,40.82196],[-73.59837,40.82078],[-73.60006,40.81996],[-73.60117,40.81952],[-73.6052,40.81777],[-73.61179,40.81443],[-73.61259,40.81405],[-73.61368,40.81359],[-73.61535,40.81301],[-73.61859,40.81223],[-73.6218,40.81149],[-73.62362,40.81279],[-73.62455,40.81386],[-73.62559,40.81431],[-73.6265,40.81486],[-73.62642,40.8149],[-73.62557,40.8172],[-73.62537,40.81797],[-73.62526,40.81852],[-73.6251,40.81972],[-73.62538,40.81979],[-73.62549,40.81991],[-73.62562,40.82051],[-73.62587,40.82138],[-73.62581,40.82201],[-73.62575,40.8221],[-73.62662,40.8236],[-73.62745,40.81651],[-73.62826,40.81648],[-73.62839,40.81606],[-73.63707,40.81638],[-73.6421,40.81653],[-73.64352,40.81648],[-73.64654,40.81609],[-73.65001,40.81582],[-73.64967,40.8214],[-73.65057,40.8252],[-73.65206,40.8276],[-73.65123,40.82779],[-73.65069,40.82804],[-73.65069,40.82836],[-73.65096,40.82849],[-73.65253,40.82872],[-73.65597,40.8345],[-73.66217,40.8455],[-73.67107,40.8593]]]}},{"type":"Feature","properties":{"std_name":"Island Park Union Free School District","std_geoid":"3615480","pen":"politicians","std_note":null,"LSAD":"00","NAME":"Island Park Union Free School District"},"geometry":{"type":"Polygon","coordinates":[[[-73.66941,40.60376],[-73.66912,40.60452],[-73.66746,40.6055],[-73.66575,40.60609],[-73.66384,40.60647],[-73.66298,40.60681],[-73.6621,40.60705],[-73.66089,40.60724],[-73.65703,40.60831],[-73.65654,40.60875],[-73.6532,40.61146],[-73.65328,40.6165],[-73.65246,40.61708],[-73.65244,40.61698],[-73.65238,40.61698],[-73.65236,40.61692],[-73.65194,40.61696],[-73.65077,40.61718],[-73.65063,40.6173],[-73.65008,40.6172],[-73.64995,40.61723],[-73.64994,40.6172],[-73.64938,40.61728],[-73.64729,40.61747],[-73.64508,40.61772],[-73.64396,40.61765],[-73.64314,40.61747],[-73.64244,40.61707],[-73.64201,40.61678],[-73.6416,40.61624],[-73.64111,40.61541],[-73.63999,40.61314],[-73.63784,40.61223],[-73.6356,40.61197],[-73.63532,40.61183],[-73.63484,40.61183],[-73.6346,40.6116],[-73.63451,40.61122],[-73.63455,40.61042],[-73.63322,40.61068],[-73.63187,40.6095],[-73.63307,40.6037],[-73.63617,40.6],[-73.63629,40.59969],[-73.64674,40.5975],[-73.64954,40.597],[-73.65051,40.59707],[-73.65022,40.5959],[-73.65138,40.59589],[-73.65424,40.59577],[-73.65657,40.59634],[-73.66427,40.59609],[-73.66575,40.59738],[-73.66871,40.60085],[-73.66938,40.60206],[-73.66941,40.60376]]]}},{"type":"Feature","properties":{"std_name":"Roslyn Union Free School District","std_geoid":"3625050","pen":"politicians","std_note":null,"LSAD":"00","NAME":"Roslyn Union Free School District"},"geometry":{"type":"Polygon","coordinates":[[[-73.66934,40.79917],[-73.66926,40.79931],[-73.66923,40.80003],[-73.66917,40.80039],[-73.6684,40.80381],[-73.66838,40.80413],[-73.66842,40.8048],[-73.66827,40.80472],[-73.66743,40.80508],[-73.66527,40.80612],[-73.66525,40.80609],[-73.66379,40.80698],[-73.6637,40.80715],[-73.66273,40.80726],[-73.66157,40.80797],[-73.65883,40.80972],[-73.65548,40.81158],[-73.65427,40.8123],[-73.65007,40.81484],[-73.65001,40.81582],[-73.64654,40.81609],[-73.64352,40.81648],[-73.64329,40.81647],[-73.64241,40.81652],[-73.64149,40.81653],[-73.62839,40.81606],[-73.62826,40.81648],[-73.62745,40.81651],[-73.62662,40.8236],[-73.62575,40.8221],[-73.62581,40.82201],[-73.62587,40.82138],[-73.62562,40.82051],[-73.62549,40.81991],[-73.62538,40.81979],[-73.6251,40.81972],[-73.62526,40.81852],[-73.62537,40.81797],[-73.62557,40.8172],[-73.62642,40.8149],[-73.6265,40.81486],[-73.62559,40.81431],[-73.62455,40.81386],[-73.62362,40.81279],[-73.6218,40.81149],[-73.62112,40.81165],[-73.61647,40.8088],[-73.61237,40.8062],[-73.60792,40.80317],[-73.60812,40.80309],[-73.60874,40.80273],[-73.60897,40.80263],[-73.60935,40.80253],[-73.60969,40.80251],[-73.61011,40.80256],[-73.61104,40.80299],[-73.6115,40.80316],[-73.61189,40.80325],[-73.61293,40.80329],[-73.61328,40.80308],[-73.61337,40.80299],[-73.61323,40.80187],[-73.61308,40.80112],[-73.61304,40.80038],[-73.61448,40.79731],[-73.61584,40.79565],[-73.61593,40.79545],[-73.61817,40.79263],[-73.61858,40.79232],[-73.61879,40.79225],[-73.61889,40.79187],[-73.61914,40.79187],[-73.61921,40.7916],[-73.61951,40.79152],[-73.61958,40.79124],[-73.61979,40.79116],[-73.61987,40.79088],[-73.62007,40.7909],[-73.62013,40.79088],[-73.62087,40.79004],[-73.62153,40.78968],[-73.62172,40.78943],[-73.62181,40.78899],[-73.62236,40.78904],[-73.62248,40.78878],[-73.62281,40.78875],[-73.62305,40.78841],[-73.6236,40.78814],[-73.62367,40.78802],[-73.62373,40.78776],[-73.62406,40.78774],[-73.62424,40.78746],[-73.62449,40.78744],[-73.62463,40.78731],[-73.62474,40.78728],[-73.6248,40.7871],[-73.62521,40.78692],[-73.62566,40.78685],[-73.62571,40.78655],[-73.62608,40.78651],[-73.62606,40.7861],[-73.62648,40.78603],[-73.62656,40.78568],[-73.6265,40.78549],[-73.62697,40.78528],[-73.62741,40.78528],[-73.6275,40.78494],[-73.62778,40.78466],[-73.62817,40.7842],[-73.629,40.78382],[-73.62977,40.78325],[-73.63083,40.78213],[-73.63272,40.78072],[-73.6349,40.78094],[-73.63521,40.78114],[-73.63816,40.7807],[-73.63931,40.78086],[-73.64311,40.78044],[-73.643,40.77988],[-73.64329,40.77991],[-73.6438,40.7799],[-73.64492,40.78001],[-73.64555,40.78008],[-73.64594,40.78021],[-73.64602,40.77983],[-73.64807,40.78005],[-73.64812,40.77982],[-73.64977,40.77999],[-73.64927,40.78339],[-73.6489,40.78482],[-73.64883,40.78534],[-73.65033,40.78511],[-73.65127,40.78493],[-73.65308,40.78463],[-73.65448,40.78434],[-73.65521,40.78412],[-73.65675,40.78357],[-73.65707,40.78351],[-73.66293,40.78273],[-73.6633,40.78437],[-73.66353,40.785],[-73.66375,40.78542],[-73.66415,40.78614],[-73.66449,40.78667],[-73.6663,40.78925],[-73.66667,40.79003],[-73.66736,40.7916],[-73.66743,40.79181],[-73.66757,40.79257],[-73.66866,40.79575],[-73.66899,40.79682],[-73.66902,40.79716],[-73.66913,40.79764],[-73.66934,40.79917]]]}},{"type":"Feature","properties":{"std_name":"West Hempstead Union Free School District","std_geoid":"3630660","pen":"politicians","std_note":null,"LSAD":"00","NAME":"West Hempstead Union Free School District"},"geometry":{"type":"Polygon","coordinates":[[[-73.66815,40.68514],[-73.66803,40.68643],[-73.66767,40.6918],[-73.66677,40.69177],[-73.66675,40.69187],[-73.66667,40.69189],[-73.66653,40.69205],[-73.66634,40.69215],[-73.66554,40.69244],[-73.66454,40.69288],[-73.66299,40.69345],[-73.66289,40.6955],[-73.66015,40.69547],[-73.66005,40.69586],[-73.66005,40.69695],[-73.65966,40.69703],[-73.65988,40.69913],[-73.65967,40.69952],[-73.65915,40.70015],[-73.65905,40.70065],[-73.65861,40.70242],[-73.65762,40.70568],[-73.65748,40.70566],[-73.65732,40.70583],[-73.65391,40.70893],[-73.6529,40.71007],[-73.65204,40.71111],[-73.65196,40.71107],[-73.65016,40.71108],[-73.65013,40.71157],[-73.64892,40.71169],[-73.64891,40.71222],[-73.64615,40.71247],[-73.64494,40.71249],[-73.64404,40.71258],[-73.64391,40.71263],[-73.6432,40.71278],[-73.64317,40.7127],[-73.64119,40.71309],[-73.64097,40.71147],[-73.641,40.71112],[-73.64093,40.7109],[-73.64068,40.71058],[-73.64111,40.71037],[-73.64063,40.70966],[-73.64104,40.7095],[-73.64088,40.70929],[-73.64083,40.70913],[-73.64019,40.70687],[-73.63982,40.7062],[-73.63979,40.70566],[-73.63981,40.70549],[-73.63957,40.70484],[-73.63934,40.7039],[-73.63862,40.70131],[-73.63842,40.70098],[-73.63881,40.7009],[-73.63872,40.70057],[-73.6387,40.70036],[-73.63852,40.70002],[-73.63647,40.6949],[-73.63327,40.69399],[-73.63277,40.6939],[-73.63237,40.69379],[-73.63314,40.69132],[-73.63328,40.69102],[-73.63382,40.69034],[-73.63451,40.68978],[-73.63423,40.68916],[-73.63705,40.68389],[-73.64181,40.68326],[-73.64261,40.68309],[-73.64723,40.68247],[-73.64777,40.68289],[-73.6482,40.68248],[-73.64838,40.68243],[-73.64925,40.68244],[-73.64926,40.68208],[-73.65176,40.68225],[-73.65171,40.68261],[-73.65216,40.68269],[-73.65229,40.68211],[-73.65238,40.68195],[-73.65476,40.68206],[-73.65483,40.68174],[-73.65545,40.68179],[-73.65653,40.68175],[-73.65657,40.68145],[-73.65744,40.68151],[-73.6575,40.68144],[-73.65753,40.68125],[-73.65788,40.68127],[-73.65822,40.68124],[-73.65847,40.68127],[-73.65915,40.68104],[-73.66028,40.68093],[-73.66145,40.68099],[-73.66264,40.68052],[-73.66381,40.68046],[-73.66377,40.68096],[-73.66359,40.68162],[-73.66537,40.682],[-73.6654,40.68169],[-73.66563,40.68172],[-73.66579,40.68131],[-73.66654,40.68147],[-73.66646,40.68179],[-73.66772,40.68203],[-73.6677,40.68226],[-73.66715,40.68293],[-73.66738,40.68315],[-73.66787,40.68332],[-73.66796,40.68342],[-73.66802,40.68357],[-73.66814,40.68457],[-73.66815,40.68514]]]}},{"type":"Feature","properties":{"std_name":"Mineola Union Free School District","std_geoid":"3619500","pen":"politicians","std_note":null,"LSAD":"00","NAME":"Mineola Union Free School District"},"geometry":{"type":"Polygon","coordinates":[[[-73.66101,40.73619],[-73.65998,40.74215],[-73.65996,40.74251],[-73.65766,40.74363],[-73.65724,40.7438],[-73.65749,40.74429],[-73.65755,40.7445],[-73.6579,40.74632],[-73.65791,40.74655],[-73.65787,40.7471],[-73.65747,40.74912],[-73.6574,40.75011],[-73.65741,40.75057],[-73.6579,40.75321],[-73.65412,40.75391],[-73.65163,40.75425],[-73.65056,40.75446],[-73.64786,40.75527],[-73.64512,40.75626],[-73.64542,40.75783],[-73.64548,40.75827],[-73.64544,40.75986],[-73.64557,40.76021],[-73.64589,40.76065],[-73.6461,40.76107],[-73.64699,40.76465],[-73.64734,40.76631],[-73.64881,40.7711],[-73.64903,40.77202],[-73.64923,40.7732],[-73.64931,40.77351],[-73.64958,40.77431],[-73.65012,40.77549],[-73.65035,40.77584],[-73.65057,40.77606],[-73.65096,40.77656],[-73.65105,40.77674],[-73.65108,40.77696],[-73.65105,40.77708],[-73.65097,40.77726],[-73.65051,40.77778],[-73.65036,40.77791],[-73.65026,40.77795],[-73.64992,40.77914],[-73.64977,40.77999],[-73.64812,40.77982],[-73.64807,40.78005],[-73.64602,40.77983],[-73.64594,40.78021],[-73.64555,40.78008],[-73.64492,40.78001],[-73.6438,40.7799],[-73.64329,40.77991],[-73.643,40.77988],[-73.64277,40.77828],[-73.64239,40.77621],[-73.64167,40.77195],[-73.64153,40.771],[-73.64129,40.76982],[-73.64076,40.76649],[-73.64049,40.76514],[-73.64023,40.76342],[-73.63982,40.76039],[-73.6396,40.75778],[-73.63918,40.75467],[-73.63903,40.75383],[-73.63888,40.75231],[-73.63816,40.75014],[-73.6259,40.75424],[-73.6251,40.75463],[-73.62492,40.75303],[-73.62472,40.75245],[-73.62514,40.7523],[-73.62496,40.752],[-73.62474,40.75119],[-73.62466,40.75116],[-73.62449,40.75074],[-73.62475,40.75066],[-73.62472,40.75052],[-73.62467,40.75049],[-73.62463,40.74978],[-73.62469,40.74972],[-73.62447,40.74914],[-73.62456,40.74908],[-73.62446,40.74834],[-73.62337,40.74537],[-73.6241,40.74431],[-73.62404,40.74368],[-73.62366,40.74179],[-73.63395,40.73995],[-73.63672,40.73938],[-73.6392,40.73898],[-73.6501,40.73699],[-73.65022,40.73736],[-73.65062,40.73729],[-73.65078,40.738],[-73.65188,40.73773],[-73.6513,40.73713],[-73.65779,40.73619],[-73.66089,40.73565],[-73.66101,40.73619]]]}},{"type":"Feature","properties":{"std_name":"Rockville Centre Union Free School District","std_geoid":"3624780","pen":"politicians","std_note":null,"LSAD":"00","NAME":"Rockville Centre Union Free School District"},"geometry":{"type":"Polygon","coordinates":[[[-73.656,40.66107],[-73.65543,40.66132],[-73.65368,40.66168],[-73.65359,40.66177],[-73.6535,40.6621],[-73.65387,40.66237],[-73.6539,40.66409],[-73.65324,40.6653],[-73.65242,40.66647],[-73.6514,40.66724],[-73.65095,40.66731],[-73.64918,40.66956],[-73.64869,40.67027],[-73.64777,40.6709],[-73.64667,40.6719],[-73.64608,40.67258],[-73.64549,40.67253],[-73.645,40.67285],[-73.64425,40.67402],[-73.64332,40.67505],[-73.64269,40.67617],[-73.64212,40.67688],[-73.64218,40.67704],[-73.64122,40.67868],[-73.64116,40.67951],[-73.64071,40.67962],[-73.63978,40.6807],[-73.63945,40.68122],[-73.63918,40.68148],[-73.63833,40.68296],[-73.63831,40.68367],[-73.6381,40.68374],[-73.63705,40.68389],[-73.63576,40.684],[-73.63521,40.68438],[-73.63464,40.68555],[-73.63263,40.68539],[-73.63281,40.68492],[-73.63201,40.68483],[-73.62475,40.68644],[-73.62306,40.68702],[-73.62174,40.68771],[-73.62076,40.68844],[-73.62063,40.68863],[-73.62023,40.68862],[-73.6202,40.68877],[-73.62006,40.68884],[-73.61987,40.68889],[-73.6197,40.68888],[-73.61965,40.68914],[-73.61929,40.68908],[-73.61924,40.68921],[-73.61895,40.68918],[-73.61886,40.68932],[-73.61872,40.6894],[-73.61838,40.6894],[-73.61832,40.68947],[-73.61828,40.6896],[-73.6179,40.68955],[-73.61768,40.68965],[-73.61765,40.68991],[-73.61749,40.68988],[-73.61713,40.69],[-73.61697,40.68997],[-73.61691,40.69024],[-73.61656,40.69021],[-73.61648,40.69051],[-73.61632,40.69055],[-73.61627,40.69049],[-73.61612,40.69046],[-73.61619,40.69028],[-73.61648,40.6903],[-73.61648,40.69019],[-73.61619,40.69016],[-73.61626,40.6899],[-73.61638,40.68989],[-73.61642,40.68984],[-73.61702,40.68847],[-73.61729,40.68779],[-73.61853,40.68503],[-73.61934,40.68304],[-73.61974,40.68252],[-73.61978,40.68123],[-73.62027,40.67665],[-73.62047,40.6744],[-73.62113,40.67169],[-73.6214,40.66965],[-73.62167,40.66849],[-73.62132,40.6686],[-73.61833,40.66815],[-73.61803,40.66717],[-73.61833,40.66706],[-73.61856,40.66627],[-73.62166,40.66618],[-73.62161,40.66434],[-73.62152,40.66429],[-73.62139,40.6643],[-73.62138,40.66409],[-73.62174,40.66409],[-73.62174,40.66394],[-73.62136,40.66395],[-73.62134,40.66371],[-73.62151,40.6637],[-73.62157,40.66366],[-73.62153,40.66297],[-73.62157,40.66165],[-73.62206,40.66162],[-73.6242,40.66126],[-73.62884,40.66137],[-73.63004,40.65937],[-73.63018,40.65928],[-73.6308,40.65864],[-73.63164,40.65767],[-73.63551,40.6579],[-73.63604,40.65743],[-73.6361,40.6567],[-73.63664,40.65673],[-73.63695,40.65588],[-73.63787,40.65602],[-73.63858,40.65188],[-73.64006,40.65199],[-73.64021,40.65192],[-73.64254,40.65232],[-73.64254,40.65302],[-73.64539,40.65325],[-73.64758,40.65213],[-73.64754,40.6519],[-73.64787,40.64994],[-73.64815,40.64956],[-73.64919,40.64966],[-73.65048,40.64957],[-73.65219,40.64952],[-73.65506,40.64933],[-73.65563,40.6494],[-73.65443,40.65077],[-73.65419,40.65187],[-73.65422,40.65276],[-73.65401,40.65432],[-73.65386,40.65457],[-73.6532,40.655],[-73.65305,40.65537],[-73.65305,40.65608],[-73.65386,40.65614],[-73.65265,40.65656],[-73.653,40.65664],[-73.65346,40.65687],[-73.65363,40.65703],[-73.65381,40.65728],[-73.65269,40.65731],[-73.6525,40.65744],[-73.65309,40.65787],[-73.65323,40.65831],[-73.65341,40.65867],[-73.65329,40.6588],[-73.65317,40.65924],[-73.65389,40.65969],[-73.65411,40.66017],[-73.65417,40.66104],[-73.65513,40.66104],[-73.65567,40.66081],[-73.65594,40.66086],[-73.656,40.66107]]]}}]}