{"type":"FeatureCollection","features":[{"type":"Feature","properties":{"std_name":"New York city","std_geoid":"3651000","pen":"politicians","std_note":null,"LSAD":"25","NAME":"New York"},"geometry":{"type":"MultiPolygon","coordinates":[[[[-74.04075,40.70017],[-74.0407,40.70022],[-74.04065,40.70021],[-74.04033,40.7001],[-74.04008,40.70009],[-74.03993,40.69999],[-74.03974,40.69995],[-74.03966,40.69987],[-74.03955,40.69984],[-74.03948,40.69978],[-74.03925,40.69969],[-74.03894,40.69965],[-74.03881,40.69953],[-74.03872,40.6993],[-74.03851,40.69915],[-74.03846,40.69898],[-74.03845,40.69882],[-74.03837,40.69867],[-74.03857,40.69873],[-74.03862,40.6987],[-74.0386,40.69868],[-74.03874,40.69864],[-74.03896,40.69859],[-74.03917,40.69859],[-74.03929,40.69863],[-74.03938,40.69873],[-74.03965,40.69879],[-74.03993,40.69859],[-74.04023,40.69883],[-74.0401,40.69893],[-74.03999,40.69889],[-74.03987,40.69889],[-74.0398,40.69894],[-74.0398,40.69898],[-74.03998,40.69912],[-74.04019,40.69922],[-74.04021,40.69931],[-74.04043,40.69941],[-74.04048,40.6996],[-74.04061,40.69977],[-74.04075,40.70017]]],[[[-74.04721,40.69089],[-74.04715,40.69098],[-74.04704,40.69104],[-74.04618,40.69109],[-74.04611,40.69112],[-74.04598,40.69111],[-74.04457,40.69056],[-74.04389,40.69018],[-74.04345,40.68963],[-74.0435,40.68917],[-74.04362,40.68876],[-74.04394,40.68857],[-74.04413,40.68854],[-74.04435,40.68851],[-74.04479,40.68859],[-74.04625,40.68932],[-74.04718,40.69041],[-74.04704,40.69048],[-74.04703,40.69059],[-74.0472,40.6908],[-74.04721,40.69089]]],[[[-74.25884,40.49887],[-74.25813,40.50872],[-74.2541,40.51566],[-74.24602,40.52096],[-74.25028,40.5423],[-74.24748,40.54938],[-74.23141,40.55918],[-74.218,40.55706],[-74.21457,40.56053],[-74.21014,40.57372],[-74.20724,40.58792],[-74.19959,40.59785],[-74.19959,40.60038],[-74.20483,40.60606],[-74.20389,40.61428],[-74.20243,40.61677],[-74.20392,40.62437],[-74.20228,40.62878],[-74.2024,40.63159],[-74.19816,40.63479],[-74.19625,40.63769],[-74.19143,40.64202],[-74.18564,40.64604],[-74.18165,40.64653],[-74.14311,40.64199],[-74.13292,40.64368],[-74.12602,40.64215],[-74.10985,40.64806],[-74.09344,40.64807],[-74.08699,40.65151],[-74.05575,40.65148],[-74.02639,40.7001],[-74.02364,40.71807],[-74.01403,40.75755],[-73.96358,40.82664],[-73.95283,40.85111],[-73.93379,40.88221],[-73.93381,40.88221],[-73.92982,40.88868],[-73.92724,40.8952],[-73.92655,40.89688],[-73.92495,40.90102],[-73.92384,40.90367],[-73.92247,40.90724],[-73.91832,40.9177],[-73.91052,40.91528],[-73.91001,40.91508],[-73.90211,40.91288],[-73.89951,40.91198],[-73.89725,40.91166],[-73.89663,40.91132],[-73.8928,40.91006],[-73.89181,40.90978],[-73.88601,40.90798],[-73.8854,40.90798],[-73.88483,40.90772],[-73.88425,40.90751],[-73.88299,40.90742],[-73.88183,40.90713],[-73.88093,40.90683],[-73.87924,40.90637],[-73.87835,40.90598],[-73.87801,40.90597],[-73.87785,40.90592],[-73.86788,40.90298],[-73.86695,40.90248],[-73.86526,40.90195],[-73.86467,40.90179],[-73.86288,40.90154],[-73.86264,40.90147],[-73.8624,40.90134],[-73.86159,40.90105],[-73.86026,40.90062],[-73.85939,40.90038],[-73.8593,40.90049],[-73.8592,40.90088],[-73.8594,40.90138],[-73.859,40.90148],[-73.8593,40.90178],[-73.8596,40.90218],[-73.8591,40.90247],[-73.8583,40.90208],[-73.8582,40.90238],[-73.85771,40.90257],[-73.8572,40.90288],[-73.857,40.90358],[-73.857,40.90438],[-73.85759,40.90467],[-73.85732,40.90502],[-73.8567,40.90491],[-73.85639,40.90505],[-73.8562,40.90509],[-73.85594,40.90526],[-73.85596,40.90539],[-73.8562,40.90548],[-73.85633,40.9058],[-73.85632,40.90617],[-73.85611,40.90606],[-73.85569,40.90606],[-73.8547,40.90658],[-73.8541,40.90668],[-73.8538,40.90718],[-73.85382,40.90777],[-73.85398,40.90801],[-73.8543,40.90809],[-73.85448,40.90801],[-73.85488,40.90822],[-73.85434,40.90897],[-73.85423,40.90901],[-73.854,40.90928],[-73.85294,40.90992],[-73.85268,40.9099],[-73.85218,40.90951],[-73.85138,40.91004],[-73.85112,40.91001],[-73.85205,40.90896],[-73.85208,40.90889],[-73.85237,40.90888],[-73.85353,40.90747],[-73.85099,40.90654],[-73.85045,40.90718],[-73.85033,40.90728],[-73.85014,40.9075],[-73.84865,40.90678],[-73.84743,40.90624],[-73.84585,40.90576],[-73.84495,40.90556],[-73.8449,40.90508],[-73.84495,40.90471],[-73.84491,40.90419],[-73.84139,40.90417],[-73.84105,40.90316],[-73.84087,40.90198],[-73.84079,40.90169],[-73.84056,40.90128],[-73.83936,40.89971],[-73.83919,40.89936],[-73.83915,40.89906],[-73.83921,40.89882],[-73.83965,40.89789],[-73.83972,40.89769],[-73.83972,40.89751],[-73.83961,40.89714],[-73.83941,40.89669],[-73.83841,40.89406],[-73.83628,40.89353],[-73.83517,40.89317],[-73.8325,40.89238],[-73.8317,40.89218],[-73.83082,40.89188],[-73.83002,40.89169],[-73.82872,40.89127],[-73.82812,40.89105],[-73.82794,40.89093],[-73.82722,40.89079],[-73.825,40.89018],[-73.8244,40.88998],[-73.82401,40.88998],[-73.82405,40.88987],[-73.82402,40.88975],[-73.82364,40.88985],[-73.82237,40.88948],[-73.82236,40.88964],[-73.82251,40.88988],[-73.82267,40.88996],[-73.8231,40.88989],[-73.8233,40.89006],[-73.82322,40.89037],[-73.82325,40.89047],[-73.82312,40.89065],[-73.82311,40.89078],[-73.82313,40.89087],[-73.8233,40.89099],[-73.82324,40.8912],[-73.82296,40.89106],[-73.8185,40.88988],[-73.8176,40.88967],[-73.8161,40.88928],[-73.8156,40.88918],[-73.81505,40.88895],[-73.81418,40.8888],[-73.79328,40.88342],[-73.79199,40.88317],[-73.7858,40.8816],[-73.7812,40.88048],[-73.76099,40.87518],[-73.74806,40.87172],[-73.7578,40.84568],[-73.78019,40.8264],[-73.77896,40.81171],[-73.76371,40.7938],[-73.7571,40.78969],[-73.75082,40.78289],[-73.75029,40.78248],[-73.74637,40.78012],[-73.74421,40.77871],[-73.74342,40.77822],[-73.74153,40.77711],[-73.74076,40.77669],[-73.74008,40.77621],[-73.73938,40.77601],[-73.73933,40.77596],[-73.73954,40.77581],[-73.73943,40.77582],[-73.73781,40.77481],[-73.73762,40.77474],[-73.73635,40.77391],[-73.72952,40.76973],[-73.72605,40.76753],[-73.7251,40.76699],[-73.72058,40.7642],[-73.71607,40.76146],[-73.7135,40.75983],[-73.71245,40.75924],[-73.70782,40.75622],[-73.70527,40.75477],[-73.70274,40.75325],[-73.70163,40.75249],[-73.70154,40.75192],[-73.70143,40.75066],[-73.70077,40.74501],[-73.70036,40.74103],[-73.70017,40.73954],[-73.70794,40.72777],[-73.7105,40.72723],[-73.71649,40.72645],[-73.71753,40.72624],[-73.71999,40.7256],[-73.72553,40.72408],[-73.72603,40.72391],[-73.72923,40.7227],[-73.7295,40.72259],[-73.73033,40.72216],[-73.72918,40.71917],[-73.72732,40.71222],[-73.72697,40.71072],[-73.7269,40.70998],[-73.72705,40.7095],[-73.72673,40.70215],[-73.72678,40.70199],[-73.72665,40.70111],[-73.72654,40.69898],[-73.7265,40.69689],[-73.7262,40.68898],[-73.72591,40.68608],[-73.7258,40.68435],[-73.72591,40.68266],[-73.72563,40.67959],[-73.7262,40.67738],[-73.72654,40.67649],[-73.72744,40.67443],[-73.72756,40.6741],[-73.72753,40.67387],[-73.72791,40.67084],[-73.72794,40.67081],[-73.72794,40.67055],[-73.72826,40.66807],[-73.72822,40.66731],[-73.72827,40.66644],[-73.72822,40.66596],[-73.72784,40.66505],[-73.72776,40.66398],[-73.72781,40.66322],[-73.72808,40.66307],[-73.72833,40.66304],[-73.72793,40.66175],[-73.72721,40.66042],[-73.72644,40.65916],[-73.72593,40.65773],[-73.72534,40.65532],[-73.72479,40.654],[-73.72487,40.65345],[-73.72482,40.65302],[-73.72498,40.65268],[-73.72505,40.65234],[-73.72525,40.65219],[-73.72643,40.65179],[-73.72667,40.65169],[-73.72687,40.65154],[-73.73,40.65048],[-73.73105,40.65023],[-73.73143,40.65017],[-73.73513,40.64973],[-73.73905,40.6482],[-73.74144,40.64689],[-73.74144,40.64609],[-73.74166,40.6422],[-73.74205,40.64147],[-73.74143,40.6405],[-73.74228,40.64012],[-73.74126,40.63891],[-73.73947,40.63571],[-73.73996,40.63514],[-73.74168,40.63484],[-73.74224,40.63485],[-73.74265,40.63504],[-73.74267,40.63541],[-73.74258,40.63565],[-73.74208,40.63638],[-73.74127,40.63726],[-73.74119,40.63741],[-73.7412,40.63759],[-73.7415,40.63785],[-73.74236,40.63809],[-73.7433,40.63805],[-73.74418,40.63736],[-73.74602,40.63521],[-73.748,40.63463],[-73.76743,40.62661],[-73.76776,40.62611],[-73.76778,40.62591],[-73.76815,40.62545],[-73.76825,40.6254],[-73.76833,40.6251],[-73.7686,40.62473],[-73.76865,40.62447],[-73.76878,40.62429],[-73.76878,40.6242],[-73.76883,40.6241],[-73.76881,40.62403],[-73.76884,40.62395],[-73.76867,40.62359],[-73.76855,40.62315],[-73.76757,40.62148],[-73.76672,40.615],[-73.76524,40.61494],[-73.76208,40.61273],[-73.76002,40.61135],[-73.75723,40.61099],[-73.7552,40.61059],[-73.75473,40.61041],[-73.75346,40.61052],[-73.75009,40.61164],[-73.74912,40.61179],[-73.74822,40.61201],[-73.74799,40.61231],[-73.7475,40.61189],[-73.74712,40.61204],[-73.74694,40.61178],[-73.74675,40.6114],[-73.74553,40.61187],[-73.74306,40.608],[-73.74315,40.60796],[-73.74307,40.60789],[-73.7432,40.60771],[-73.74355,40.60745],[-73.74317,40.60718],[-73.74177,40.60602],[-73.74115,40.60546],[-73.74029,40.6046],[-73.73946,40.60424],[-73.73923,40.60403],[-73.73852,40.60313],[-73.73846,40.60284],[-73.73826,40.60256],[-73.73844,40.59781],[-73.73846,40.59587],[-73.73808,40.59459],[-73.73764,40.59441],[-73.73741,40.59343],[-73.73718,40.59296],[-73.74324,40.59284],[-73.74447,40.5929],[-73.74775,40.5915],[-73.75212,40.58818],[-73.7555,40.58539],[-73.7557,40.57869],[-73.75826,40.55536],[-73.76223,40.5502],[-73.76493,40.5444],[-73.76763,40.53715],[-73.76878,40.53375],[-73.78397,40.53239],[-73.82616,40.52287],[-73.85484,40.512],[-73.87003,40.50249],[-73.87678,40.50113],[-73.88227,40.49521],[-73.88665,40.48979],[-73.88965,40.48651],[-73.90214,40.49212],[-73.97787,40.5191],[-74.04378,40.50783],[-74.22533,40.47658],[-74.25304,40.48666],[-74.25884,40.49887]]]]}},{"type":"Feature","properties":{"std_name":"Inwood CDP","std_geoid":"3637583","pen":"politicians","std_note":null,"LSAD":"57","NAME":"Inwood"},"geometry":{"type":"Polygon","coordinates":[[[-73.76881,40.62403],[-73.76883,40.6241],[-73.76878,40.6242],[-73.76876,40.62435],[-73.76865,40.62447],[-73.7686,40.62473],[-73.76833,40.6251],[-73.76825,40.6254],[-73.76815,40.62545],[-73.76778,40.62591],[-73.76776,40.62611],[-73.76743,40.62661],[-73.748,40.63463],[-73.7443,40.63151],[-73.74169,40.6309],[-73.74127,40.63104],[-73.74001,40.6321],[-73.73989,40.6323],[-73.73863,40.63267],[-73.73788,40.63272],[-73.73717,40.63305],[-73.73636,40.63236],[-73.73644,40.63231],[-73.73644,40.63187],[-73.73565,40.63013],[-73.73565,40.62995],[-73.73547,40.62981],[-73.73544,40.62958],[-73.73563,40.6295],[-73.73552,40.62924],[-73.73735,40.62869],[-73.73622,40.62586],[-73.73604,40.62547],[-73.73153,40.61832],[-73.7367,40.61527],[-73.73737,40.61492],[-73.73857,40.6144],[-73.73954,40.61406],[-73.74067,40.6136],[-73.74092,40.61422],[-73.74139,40.6142],[-73.74129,40.61389],[-73.74141,40.61387],[-73.74124,40.61337],[-73.74323,40.6126],[-73.74549,40.6118],[-73.74553,40.61187],[-73.74675,40.6114],[-73.74694,40.61178],[-73.74712,40.61204],[-73.7475,40.61189],[-73.74799,40.61231],[-73.74822,40.61201],[-73.74912,40.61179],[-73.75009,40.61164],[-73.75346,40.61052],[-73.75473,40.61041],[-73.7552,40.61059],[-73.75723,40.61099],[-73.76002,40.61135],[-73.76208,40.61273],[-73.76524,40.61494],[-73.76672,40.615],[-73.76757,40.62148],[-73.76855,40.62315],[-73.76867,40.62359],[-73.76884,40.62395],[-73.76881,40.62403]]]}},{"type":"Feature","properties":{"std_name":"Pelham Manor village","std_geoid":"3657023","pen":"politicians","std_note":null,"LSAD":"47","NAME":"Pelham Manor"},"geometry":{"type":"Polygon","coordinates":[[[-73.82332,40.89124],[-73.82287,40.89264],[-73.82113,40.8953],[-73.82085,40.89544],[-73.81993,40.89574],[-73.81936,40.89604],[-73.81851,40.89664],[-73.81842,40.89681],[-73.81806,40.89798],[-73.81734,40.89922],[-73.81758,40.89981],[-73.81752,40.90026],[-73.81709,40.90081],[-73.81626,40.90155],[-73.81624,40.90186],[-73.81613,40.90199],[-73.81576,40.90212],[-73.81536,40.90256],[-73.8147,40.90274],[-73.81409,40.90281],[-73.81372,40.90275],[-73.81181,40.9023],[-73.81144,40.90224],[-73.81031,40.90218],[-73.80893,40.90203],[-73.808,40.90198],[-73.80731,40.90213],[-73.80656,40.90242],[-73.80592,40.90252],[-73.805,40.90261],[-73.80386,40.90261],[-73.80337,40.90257],[-73.80258,40.90245],[-73.80171,40.90239],[-73.80126,40.90242],[-73.80044,40.90256],[-73.7999,40.90261],[-73.79969,40.90145],[-73.79927,40.89956],[-73.79911,40.89859],[-73.79853,40.89595],[-73.79831,40.89565],[-73.79812,40.8952],[-73.79793,40.89495],[-73.79764,40.89457],[-73.79402,40.89087],[-73.78834,40.88517],[-73.7883,40.88509],[-73.78666,40.88358],[-73.78666,40.88347],[-73.78538,40.88218],[-73.78473,40.88186],[-73.7837,40.88108],[-73.79199,40.88317],[-73.79328,40.88342],[-73.81418,40.8888],[-73.81505,40.88895],[-73.8156,40.88918],[-73.8161,40.88928],[-73.8176,40.88967],[-73.8185,40.88988],[-73.82296,40.89106],[-73.82332,40.89124]]]}},{"type":"Feature","properties":{"std_name":"Mount Vernon city","std_geoid":"3649121","pen":"politicians","std_note":null,"LSAD":"25","NAME":"Mount Vernon"},"geometry":{"type":"Polygon","coordinates":[[[-73.85353,40.90747],[-73.85237,40.90888],[-73.85208,40.90889],[-73.85205,40.90896],[-73.85112,40.91001],[-73.85138,40.91004],[-73.85218,40.90951],[-73.85268,40.9099],[-73.85268,40.91012],[-73.85228,40.91057],[-73.8522,40.91073],[-73.8522,40.91093],[-73.85213,40.91109],[-73.85175,40.91122],[-73.85163,40.91132],[-73.85172,40.91166],[-73.85171,40.91175],[-73.85154,40.91214],[-73.85104,40.9129],[-73.85065,40.91322],[-73.85033,40.91366],[-73.85012,40.91417],[-73.84999,40.9143],[-73.84983,40.91429],[-73.84963,40.91422],[-73.84957,40.91425],[-73.84943,40.91458],[-73.84913,40.91481],[-73.84891,40.91482],[-73.84869,40.91492],[-73.84844,40.91494],[-73.84801,40.91483],[-73.84771,40.91496],[-73.84742,40.91526],[-73.84723,40.9155],[-73.8472,40.91575],[-73.84713,40.91587],[-73.84699,40.91602],[-73.84692,40.91619],[-73.84695,40.91626],[-73.84702,40.91627],[-73.84732,40.91612],[-73.84753,40.91609],[-73.84767,40.91611],[-73.8479,40.91623],[-73.848,40.91636],[-73.84782,40.91653],[-73.84766,40.91654],[-73.847,40.91708],[-73.84625,40.91761],[-73.84638,40.91783],[-73.84647,40.91811],[-73.84637,40.91841],[-73.84641,40.91855],[-73.8465,40.91868],[-73.84659,40.91898],[-73.84677,40.9193],[-73.84652,40.91971],[-73.84645,40.91989],[-73.84651,40.9203],[-73.84658,40.92049],[-73.84673,40.92056],[-73.84685,40.92075],[-73.84681,40.92103],[-73.84664,40.92125],[-73.84653,40.92133],[-73.84616,40.92113],[-73.84578,40.92117],[-73.84547,40.92117],[-73.84517,40.9213],[-73.84491,40.92155],[-73.84486,40.92171],[-73.84499,40.92181],[-73.84542,40.9217],[-73.84571,40.92171],[-73.84585,40.92182],[-73.84571,40.92203],[-73.84546,40.92223],[-73.84535,40.92239],[-73.84531,40.92258],[-73.84537,40.92269],[-73.84532,40.923],[-73.84521,40.92317],[-73.84489,40.92335],[-73.84477,40.92352],[-73.84473,40.92366],[-73.84488,40.9241],[-73.84483,40.92422],[-73.84456,40.92406],[-73.84423,40.92405],[-73.84381,40.92412],[-73.84378,40.92406],[-73.84377,40.9237],[-73.84362,40.92352],[-73.84335,40.92349],[-73.84262,40.92378],[-73.84192,40.92469],[-73.84166,40.92482],[-73.84104,40.92577],[-73.84072,40.92645],[-73.84042,40.9269],[-73.84055,40.92698],[-73.84059,40.92736],[-73.84075,40.9275],[-73.84032,40.92816],[-73.84018,40.92811],[-73.84001,40.92837],[-73.83961,40.92933],[-73.83945,40.92963],[-73.83886,40.92949],[-73.8386,40.92973],[-73.83768,40.93095],[-73.83712,40.93112],[-73.83603,40.93168],[-73.83503,40.93197],[-73.8348,40.93213],[-73.83474,40.93226],[-73.83476,40.9329],[-73.83472,40.93303],[-73.8346,40.93326],[-73.83459,40.93344],[-73.83467,40.93378],[-73.835,40.93438],[-73.83495,40.93476],[-73.83463,40.93536],[-73.83463,40.93533],[-73.83452,40.93536],[-73.83431,40.93532],[-73.83064,40.93428],[-73.8089,40.92782],[-73.80675,40.92733],[-73.80658,40.9272],[-73.80642,40.92713],[-73.8056,40.92691],[-73.80532,40.9268],[-73.80513,40.92666],[-73.80504,40.9265],[-73.80502,40.92613],[-73.80518,40.92595],[-73.80527,40.92572],[-73.80546,40.92545],[-73.80621,40.92537],[-73.80631,40.92552],[-73.80647,40.92567],[-73.80668,40.92571],[-73.80697,40.92572],[-73.80723,40.92568],[-73.80754,40.92558],[-73.80777,40.92558],[-73.80794,40.92547],[-73.80811,40.92519],[-73.80842,40.925],[-73.80891,40.92448],[-73.80914,40.92419],[-73.80931,40.92391],[-73.80936,40.9221],[-73.81027,40.92066],[-73.81054,40.92016],[-73.81136,40.9184],[-73.81124,40.91826],[-73.81114,40.91797],[-73.81094,40.91763],[-73.81097,40.91751],[-73.81118,40.91723],[-73.81097,40.91699],[-73.81094,40.9169],[-73.81109,40.91681],[-73.81123,40.91663],[-73.81127,40.91629],[-73.81142,40.91613],[-73.81175,40.91594],[-73.81181,40.91573],[-73.81184,40.91506],[-73.81194,40.91472],[-73.81206,40.91466],[-73.8129,40.91474],[-73.81314,40.91469],[-73.81341,40.91441],[-73.81343,40.91431],[-73.81337,40.91421],[-73.81317,40.91403],[-73.81317,40.91362],[-73.8132,40.91347],[-73.81304,40.91314],[-73.81337,40.9124],[-73.81336,40.91214],[-73.81342,40.91154],[-73.81364,40.91078],[-73.81366,40.91052],[-73.81387,40.91031],[-73.81398,40.91016],[-73.81416,40.91011],[-73.81414,40.90991],[-73.81426,40.90965],[-73.81429,40.90946],[-73.81428,40.90932],[-73.81414,40.90925],[-73.81409,40.90907],[-73.81401,40.909],[-73.81386,40.90894],[-73.81348,40.90793],[-73.81345,40.90776],[-73.8135,40.90759],[-73.81369,40.9073],[-73.81379,40.9072],[-73.81368,40.90694],[-73.81362,40.90655],[-73.81352,40.90635],[-73.81373,40.90619],[-73.81388,40.906],[-73.81396,40.90553],[-73.81393,40.90517],[-73.81378,40.90495],[-73.81381,40.90487],[-73.81394,40.90479],[-73.81403,40.90458],[-73.81431,40.90434],[-73.81487,40.90368],[-73.81494,40.90346],[-73.81507,40.9033],[-73.81528,40.90315],[-73.81532,40.90292],[-73.81528,40.90271],[-73.81536,40.90256],[-73.81576,40.90212],[-73.81613,40.90199],[-73.81624,40.90186],[-73.81626,40.90155],[-73.81709,40.90081],[-73.81752,40.90026],[-73.81758,40.89981],[-73.81734,40.89922],[-73.81806,40.89798],[-73.81842,40.89681],[-73.81851,40.89664],[-73.81936,40.89604],[-73.81993,40.89574],[-73.82085,40.89544],[-73.82113,40.8953],[-73.82287,40.89264],[-73.82332,40.8913],[-73.82332,40.89124],[-73.82324,40.8912],[-73.8233,40.89099],[-73.82313,40.89087],[-73.82311,40.89078],[-73.82312,40.89065],[-73.82325,40.89047],[-73.82322,40.89037],[-73.8233,40.89006],[-73.8231,40.88989],[-73.82267,40.88996],[-73.82251,40.88988],[-73.82236,40.88964],[-73.82237,40.88948],[-73.82364,40.88985],[-73.82402,40.88975],[-73.82405,40.88987],[-73.82401,40.88998],[-73.8244,40.88998],[-73.825,40.89018],[-73.82722,40.89079],[-73.82794,40.89093],[-73.82812,40.89105],[-73.82872,40.89127],[-73.83002,40.89169],[-73.83082,40.89188],[-73.8317,40.89218],[-73.8325,40.89238],[-73.83517,40.89317],[-73.83628,40.89353],[-73.83841,40.89406],[-73.83941,40.89669],[-73.83961,40.89714],[-73.83972,40.89751],[-73.83972,40.89769],[-73.83965,40.89789],[-73.83921,40.89882],[-73.83915,40.89906],[-73.83919,40.89936],[-73.83936,40.89971],[-73.84056,40.90128],[-73.84079,40.90169],[-73.84087,40.90198],[-73.84105,40.90316],[-73.84139,40.90417],[-73.84491,40.90419],[-73.84495,40.90471],[-73.8449,40.90508],[-73.84495,40.90556],[-73.84585,40.90576],[-73.84743,40.90624],[-73.84865,40.90678],[-73.85014,40.9075],[-73.85033,40.90728],[-73.85045,40.90718],[-73.85099,40.90654],[-73.85353,40.90747]]]}},{"type":"Feature","properties":{"std_name":"Yonkers city","std_geoid":"3684000","pen":"politicians","std_note":null,"LSAD":"25","NAME":"Yonkers"},"geometry":{"type":"Polygon","coordinates":[[[-73.91832,40.9177],[-73.91425,40.92796],[-73.90911,40.94589],[-73.90846,40.94788],[-73.8987,40.97481],[-73.89714,40.97512],[-73.88882,40.97654],[-73.888,40.97672],[-73.88155,40.97785],[-73.86822,40.97998],[-73.84782,40.98298],[-73.8454,40.98334],[-73.84216,40.98388],[-73.83231,40.98535],[-73.82781,40.98592],[-73.82656,40.98611],[-73.81647,40.98738],[-73.81535,40.98762],[-73.81042,40.98834],[-73.8111,40.98698],[-73.81193,40.98617],[-73.81196,40.98561],[-73.81217,40.98519],[-73.81246,40.98473],[-73.8128,40.98439],[-73.81297,40.98428],[-73.81353,40.98411],[-73.81397,40.98393],[-73.81479,40.98356],[-73.81484,40.98349],[-73.81486,40.98301],[-73.815,40.98256],[-73.81458,40.98209],[-73.81436,40.98132],[-73.81438,40.98076],[-73.81436,40.98043],[-73.8139,40.97967],[-73.81376,40.97901],[-73.81347,40.9784],[-73.81343,40.97819],[-73.8135,40.97766],[-73.81347,40.97754],[-73.81312,40.9773],[-73.81299,40.97717],[-73.81324,40.97659],[-73.81393,40.97597],[-73.81428,40.97556],[-73.81456,40.97514],[-73.81475,40.97387],[-73.81482,40.97371],[-73.8152,40.97315],[-73.81523,40.97287],[-73.81532,40.9727],[-73.81572,40.97263],[-73.81575,40.97234],[-73.8157,40.97216],[-73.81565,40.9716],[-73.81568,40.9715],[-73.816,40.97119],[-73.8162,40.97072],[-73.81624,40.97033],[-73.81605,40.97019],[-73.81616,40.9699],[-73.81714,40.96952],[-73.81731,40.96925],[-73.81758,40.96853],[-73.81778,40.96812],[-73.81774,40.96792],[-73.81762,40.9678],[-73.81758,40.9677],[-73.81792,40.96724],[-73.81812,40.96669],[-73.81835,40.96626],[-73.81847,40.96589],[-73.81804,40.9659],[-73.81805,40.9657],[-73.81825,40.96524],[-73.81854,40.96518],[-73.8189,40.96522],[-73.81919,40.96514],[-73.81924,40.9648],[-73.81923,40.96466],[-73.81915,40.96442],[-73.81917,40.96432],[-73.81954,40.96393],[-73.81965,40.96373],[-73.82001,40.9634],[-73.82047,40.96267],[-73.82068,40.96257],[-73.82108,40.96249],[-73.82123,40.96226],[-73.82138,40.96167],[-73.82102,40.96121],[-73.82095,40.9607],[-73.82102,40.96056],[-73.82108,40.9605],[-73.8214,40.96034],[-73.82192,40.96026],[-73.82176,40.95958],[-73.82147,40.95879],[-73.82165,40.95823],[-73.82208,40.95776],[-73.82251,40.95761],[-73.82357,40.95736],[-73.82425,40.9571],[-73.82452,40.95658],[-73.82473,40.95645],[-73.82537,40.95658],[-73.82567,40.95656],[-73.82608,40.95634],[-73.82622,40.9562],[-73.82684,40.95531],[-73.82713,40.95504],[-73.82733,40.95494],[-73.82761,40.95489],[-73.828,40.95492],[-73.82833,40.95491],[-73.82851,40.95481],[-73.82855,40.95473],[-73.82858,40.95452],[-73.82898,40.95365],[-73.82901,40.95333],[-73.82899,40.95257],[-73.82924,40.95139],[-73.82962,40.9511],[-73.82983,40.95099],[-73.82989,40.95098],[-73.83023,40.95119],[-73.83088,40.95175],[-73.83109,40.95181],[-73.83137,40.95182],[-73.8316,40.95156],[-73.83178,40.95141],[-73.83194,40.95133],[-73.83212,40.95132],[-73.8323,40.95142],[-73.83247,40.9516],[-73.83244,40.95166],[-73.83219,40.95181],[-73.83217,40.95187],[-73.83222,40.95205],[-73.83233,40.95214],[-73.83264,40.95216],[-73.83277,40.95188],[-73.83332,40.95138],[-73.83339,40.95114],[-73.8334,40.95045],[-73.83373,40.94881],[-73.83367,40.94863],[-73.83351,40.94849],[-73.83351,40.94809],[-73.83397,40.94766],[-73.834,40.94752],[-73.83392,40.94728],[-73.83379,40.94709],[-73.83344,40.9468],[-73.83349,40.94668],[-73.8336,40.94653],[-73.83373,40.94645],[-73.83453,40.94544],[-73.8347,40.94537],[-73.83529,40.94541],[-73.83557,40.94532],[-73.83611,40.9453],[-73.83642,40.94499],[-73.83662,40.94509],[-73.83687,40.94503],[-73.83708,40.94471],[-73.83709,40.94448],[-73.83739,40.9439],[-73.8375,40.94357],[-73.83746,40.94318],[-73.8375,40.94284],[-73.83764,40.94244],[-73.83778,40.94219],[-73.83799,40.94195],[-73.83852,40.94167],[-73.83866,40.94152],[-73.8386,40.94087],[-73.83822,40.94027],[-73.83817,40.94015],[-73.83815,40.93967],[-73.83806,40.93953],[-73.83796,40.93906],[-73.8377,40.93861],[-73.83771,40.93824],[-73.83782,40.93789],[-73.83789,40.93746],[-73.83782,40.9372],[-73.83768,40.93702],[-73.83746,40.93683],[-73.83701,40.93653],[-73.83601,40.93611],[-73.83527,40.93599],[-73.83478,40.93576],[-73.83465,40.93558],[-73.8347,40.9355],[-73.83463,40.93536],[-73.83495,40.93476],[-73.835,40.93438],[-73.83467,40.93378],[-73.83459,40.93344],[-73.8346,40.93326],[-73.83472,40.93303],[-73.83476,40.9329],[-73.83474,40.93226],[-73.8348,40.93213],[-73.83503,40.93197],[-73.83603,40.93168],[-73.83712,40.93112],[-73.83768,40.93095],[-73.8386,40.92973],[-73.83886,40.92949],[-73.83945,40.92963],[-73.83961,40.92933],[-73.84001,40.92837],[-73.84018,40.92811],[-73.84032,40.92816],[-73.84075,40.9275],[-73.84059,40.92736],[-73.84055,40.92698],[-73.84042,40.9269],[-73.84072,40.92645],[-73.84104,40.92577],[-73.84166,40.92482],[-73.84192,40.92469],[-73.84262,40.92378],[-73.84335,40.92349],[-73.84362,40.92352],[-73.84377,40.9237],[-73.84378,40.92406],[-73.84381,40.92412],[-73.84423,40.92405],[-73.84456,40.92406],[-73.84483,40.92422],[-73.84488,40.9241],[-73.84473,40.92366],[-73.84477,40.92352],[-73.84489,40.92335],[-73.84521,40.92317],[-73.84532,40.923],[-73.84537,40.92269],[-73.84531,40.92258],[-73.84535,40.92239],[-73.84546,40.92223],[-73.84571,40.92203],[-73.84585,40.92182],[-73.84571,40.92171],[-73.84542,40.9217],[-73.84499,40.92181],[-73.84486,40.92171],[-73.84491,40.92155],[-73.84517,40.9213],[-73.84547,40.92117],[-73.84578,40.92117],[-73.84616,40.92113],[-73.84653,40.92133],[-73.84664,40.92125],[-73.84681,40.92103],[-73.84685,40.92075],[-73.84673,40.92056],[-73.84658,40.92049],[-73.84651,40.9203],[-73.84645,40.91989],[-73.84652,40.91971],[-73.84677,40.9193],[-73.84659,40.91898],[-73.8465,40.91868],[-73.84641,40.91855],[-73.84637,40.91841],[-73.84647,40.91811],[-73.84638,40.91783],[-73.84625,40.91761],[-73.847,40.91708],[-73.84766,40.91654],[-73.84782,40.91653],[-73.848,40.91636],[-73.8479,40.91623],[-73.84767,40.91611],[-73.84753,40.91609],[-73.84732,40.91612],[-73.84702,40.91627],[-73.84695,40.91626],[-73.84692,40.91619],[-73.84699,40.91602],[-73.84713,40.91587],[-73.8472,40.91575],[-73.84723,40.9155],[-73.84742,40.91526],[-73.84771,40.91496],[-73.84801,40.91483],[-73.84844,40.91494],[-73.84869,40.91492],[-73.84891,40.91482],[-73.84913,40.91481],[-73.84943,40.91458],[-73.84957,40.91425],[-73.84963,40.91422],[-73.84983,40.91429],[-73.84999,40.9143],[-73.85014,40.91413],[-73.85033,40.91366],[-73.85065,40.91322],[-73.85104,40.9129],[-73.85154,40.91214],[-73.85171,40.91175],[-73.85172,40.91166],[-73.85163,40.91132],[-73.85175,40.91122],[-73.85213,40.91109],[-73.8522,40.91093],[-73.8522,40.91073],[-73.85228,40.91057],[-73.85268,40.91012],[-73.85268,40.9099],[-73.85294,40.90992],[-73.854,40.90928],[-73.85423,40.90901],[-73.85434,40.90897],[-73.85488,40.90822],[-73.85448,40.90801],[-73.8543,40.90809],[-73.85398,40.90801],[-73.85382,40.90777],[-73.8538,40.90718],[-73.8541,40.90668],[-73.8547,40.90658],[-73.85569,40.90606],[-73.85611,40.90606],[-73.85632,40.90617],[-73.85633,40.9058],[-73.8562,40.90548],[-73.85596,40.90539],[-73.85594,40.90526],[-73.8562,40.90509],[-73.85639,40.90505],[-73.8567,40.90491],[-73.85732,40.90502],[-73.85759,40.90467],[-73.857,40.90438],[-73.857,40.90358],[-73.8572,40.90288],[-73.85771,40.90257],[-73.8582,40.90238],[-73.8583,40.90208],[-73.8591,40.90247],[-73.8596,40.90218],[-73.8593,40.90178],[-73.859,40.90148],[-73.8594,40.90138],[-73.8592,40.90088],[-73.8593,40.90049],[-73.85939,40.90038],[-73.86026,40.90062],[-73.86159,40.90105],[-73.8624,40.90134],[-73.86264,40.90147],[-73.86288,40.90154],[-73.86467,40.90179],[-73.86526,40.90195],[-73.86695,40.90248],[-73.86788,40.90298],[-73.87785,40.90592],[-73.87801,40.90597],[-73.87835,40.90598],[-73.87924,40.90637],[-73.88093,40.90683],[-73.88183,40.90713],[-73.88299,40.90742],[-73.88425,40.90751],[-73.88483,40.90772],[-73.8854,40.90798],[-73.88601,40.90798],[-73.89181,40.90978],[-73.8928,40.91006],[-73.89663,40.91132],[-73.89725,40.91166],[-73.89951,40.91198],[-73.90211,40.91288],[-73.91001,40.91508],[-73.91052,40.91528],[-73.91832,40.9177]]]}},{"type":"Feature","properties":{"std_name":"Pelham village","std_geoid":"3657001","pen":"politicians","std_note":null,"LSAD":"47","NAME":"Pelham"},"geometry":{"type":"Polygon","coordinates":[[[-73.81528,40.90271],[-73.81532,40.90292],[-73.81528,40.90315],[-73.81507,40.9033],[-73.81494,40.90346],[-73.81487,40.90368],[-73.81431,40.90434],[-73.81403,40.90458],[-73.81394,40.90479],[-73.81381,40.90487],[-73.81378,40.90495],[-73.81393,40.90517],[-73.81396,40.90553],[-73.81388,40.906],[-73.81373,40.90619],[-73.81352,40.90635],[-73.81362,40.90655],[-73.81368,40.90694],[-73.81379,40.9072],[-73.81369,40.9073],[-73.81346,40.9077],[-73.81348,40.90793],[-73.81386,40.90894],[-73.81401,40.909],[-73.81409,40.90907],[-73.81414,40.90925],[-73.81428,40.90932],[-73.81429,40.90946],[-73.81426,40.90965],[-73.81414,40.90991],[-73.81416,40.91011],[-73.81398,40.91016],[-73.81387,40.91031],[-73.81366,40.91052],[-73.81364,40.91078],[-73.81342,40.91154],[-73.81336,40.91214],[-73.81337,40.9124],[-73.81304,40.91314],[-73.8132,40.91347],[-73.81317,40.91362],[-73.81317,40.91403],[-73.81337,40.91421],[-73.81343,40.91431],[-73.81341,40.91441],[-73.81314,40.91469],[-73.8129,40.91474],[-73.81206,40.91466],[-73.81194,40.91472],[-73.81184,40.91506],[-73.81181,40.91573],[-73.81175,40.91594],[-73.81142,40.91613],[-73.81127,40.91629],[-73.81123,40.91663],[-73.81109,40.91681],[-73.81094,40.9169],[-73.81097,40.91699],[-73.81118,40.91723],[-73.81097,40.91751],[-73.81094,40.91763],[-73.81114,40.91797],[-73.81124,40.91826],[-73.81136,40.9184],[-73.81054,40.92016],[-73.81027,40.92066],[-73.80936,40.9221],[-73.80931,40.92391],[-73.80914,40.92419],[-73.80891,40.92448],[-73.80842,40.925],[-73.80811,40.92519],[-73.80794,40.92547],[-73.80777,40.92558],[-73.80754,40.92558],[-73.80723,40.92568],[-73.80697,40.92572],[-73.80668,40.92571],[-73.80647,40.92567],[-73.80631,40.92552],[-73.80621,40.92537],[-73.80546,40.92545],[-73.80527,40.92572],[-73.80518,40.92595],[-73.80502,40.92613],[-73.80501,40.92592],[-73.80492,40.9256],[-73.80481,40.92532],[-73.80474,40.92527],[-73.80441,40.92415],[-73.80389,40.92152],[-73.80397,40.92118],[-73.80397,40.92099],[-73.80356,40.91917],[-73.80314,40.91751],[-73.80305,40.91683],[-73.80225,40.91322],[-73.80207,40.9132],[-73.80191,40.91287],[-73.8018,40.91272],[-73.80179,40.91246],[-73.80198,40.91182],[-73.80195,40.91181],[-73.80121,40.90841],[-73.80095,40.90824],[-73.80013,40.90427],[-73.7999,40.90261],[-73.80044,40.90256],[-73.80126,40.90242],[-73.80171,40.90239],[-73.80258,40.90245],[-73.80337,40.90257],[-73.80386,40.90261],[-73.805,40.90261],[-73.8064,40.90245],[-73.80762,40.90204],[-73.80817,40.90198],[-73.80893,40.90203],[-73.81031,40.90218],[-73.81144,40.90224],[-73.81181,40.9023],[-73.81391,40.90279],[-73.8144,40.90279],[-73.8147,40.90274],[-73.81536,40.90256],[-73.81528,40.90271]]]}},{"type":"Feature","properties":{"std_name":"Eastchester CDP","std_geoid":"3621809","pen":"politicians","std_note":null,"LSAD":"57","NAME":"Eastchester"},"geometry":{"type":"Polygon","coordinates":[[[-73.82179,40.94781],[-73.82117,40.94953],[-73.81937,40.95307],[-73.81802,40.95548],[-73.81806,40.95581],[-73.81823,40.95588],[-73.8176,40.9569],[-73.81662,40.95694],[-73.81629,40.95739],[-73.81522,40.95709],[-73.81487,40.95738],[-73.81455,40.9582],[-73.81417,40.95899],[-73.81473,40.9592],[-73.81443,40.95993],[-73.81412,40.96055],[-73.81405,40.96057],[-73.81321,40.96178],[-73.81392,40.96206],[-73.81537,40.96232],[-73.81572,40.96248],[-73.81633,40.96264],[-73.81691,40.96284],[-73.81851,40.96332],[-73.81965,40.96373],[-73.81954,40.96393],[-73.81917,40.96432],[-73.81915,40.96442],[-73.81923,40.96466],[-73.81924,40.9648],[-73.81919,40.96514],[-73.8189,40.96522],[-73.81854,40.96518],[-73.81825,40.96524],[-73.81812,40.96551],[-73.81805,40.9657],[-73.81804,40.9659],[-73.81847,40.96589],[-73.81835,40.96626],[-73.81812,40.96669],[-73.81792,40.96724],[-73.81758,40.9677],[-73.81762,40.9678],[-73.81774,40.96792],[-73.81778,40.96812],[-73.81758,40.96853],[-73.81731,40.96925],[-73.81714,40.96952],[-73.81616,40.9699],[-73.81605,40.97019],[-73.81624,40.97033],[-73.8162,40.97072],[-73.816,40.97119],[-73.81568,40.9715],[-73.81565,40.9716],[-73.8157,40.97216],[-73.81575,40.97234],[-73.81572,40.97263],[-73.81532,40.9727],[-73.81523,40.97287],[-73.8152,40.97315],[-73.81482,40.97371],[-73.81475,40.97387],[-73.81456,40.97514],[-73.81428,40.97556],[-73.81393,40.97597],[-73.81324,40.97659],[-73.81299,40.97717],[-73.81312,40.9773],[-73.81347,40.97754],[-73.8135,40.97766],[-73.81343,40.97819],[-73.81347,40.9784],[-73.81376,40.97901],[-73.8139,40.97967],[-73.81436,40.98043],[-73.81438,40.98076],[-73.81436,40.98132],[-73.81458,40.98209],[-73.815,40.98256],[-73.81486,40.98301],[-73.81484,40.98349],[-73.81479,40.98356],[-73.81397,40.98393],[-73.81353,40.98411],[-73.81297,40.98428],[-73.8128,40.98439],[-73.81246,40.98473],[-73.81217,40.98519],[-73.81196,40.98561],[-73.81193,40.98617],[-73.8111,40.98698],[-73.81069,40.98782],[-73.80973,40.9872],[-73.8083,40.98605],[-73.80623,40.9842],[-73.80577,40.98376],[-73.80507,40.98319],[-73.80482,40.98295],[-73.80461,40.98281],[-73.80411,40.98237],[-73.80366,40.98188],[-73.80296,40.9812],[-73.80258,40.9809],[-73.80121,40.97967],[-73.80059,40.97919],[-73.79834,40.97723],[-73.79677,40.9758],[-73.79672,40.97578],[-73.79651,40.9756],[-73.79323,40.97492],[-73.79352,40.97438],[-73.79366,40.97424],[-73.79371,40.97414],[-73.7939,40.97399],[-73.79388,40.97387],[-73.79395,40.97371],[-73.79407,40.9736],[-73.79394,40.97337],[-73.79395,40.97302],[-73.79385,40.97282],[-73.79353,40.97235],[-73.79343,40.97213],[-73.79333,40.97205],[-73.79302,40.97198],[-73.7928,40.97182],[-73.79277,40.97176],[-73.79257,40.97103],[-73.79252,40.97053],[-73.79239,40.96999],[-73.79242,40.96981],[-73.79259,40.96966],[-73.79246,40.96949],[-73.79252,40.96938],[-73.79277,40.96929],[-73.79293,40.96891],[-73.793,40.96881],[-73.79347,40.96856],[-73.79357,40.96847],[-73.79362,40.96831],[-73.79378,40.96803],[-73.79396,40.96784],[-73.79478,40.96728],[-73.79555,40.96663],[-73.79559,40.96673],[-73.7959,40.96646],[-73.79597,40.96625],[-73.79645,40.96591],[-73.79657,40.96571],[-73.79654,40.96542],[-73.79646,40.96518],[-73.79662,40.96491],[-73.79711,40.96451],[-73.7973,40.96421],[-73.79755,40.96372],[-73.79804,40.9631],[-73.79897,40.96209],[-73.79933,40.96157],[-73.79966,40.96096],[-73.79967,40.96076],[-73.79974,40.96057],[-73.80036,40.96024],[-73.80057,40.95922],[-73.80079,40.95842],[-73.80099,40.95815],[-73.80094,40.95804],[-73.80077,40.95795],[-73.80062,40.95772],[-73.79915,40.95731],[-73.79833,40.95704],[-73.79872,40.95631],[-73.79881,40.95603],[-73.79931,40.95509],[-73.79965,40.95472],[-73.7998,40.95415],[-73.7998,40.95381],[-73.79973,40.95347],[-73.7999,40.9532],[-73.79984,40.95302],[-73.79965,40.95293],[-73.79944,40.95275],[-73.79906,40.95214],[-73.79878,40.9519],[-73.79845,40.95152],[-73.79844,40.95124],[-73.79873,40.95103],[-73.79891,40.95081],[-73.79892,40.95074],[-73.7986,40.95075],[-73.79844,40.95066],[-73.79839,40.9506],[-73.79833,40.95035],[-73.79841,40.9502],[-73.79858,40.95003],[-73.79908,40.94909],[-73.79908,40.94851],[-73.79933,40.94815],[-73.79916,40.94803],[-73.79921,40.94786],[-73.79962,40.94722],[-73.79965,40.94703],[-73.79961,40.94689],[-73.79964,40.94651],[-73.7997,40.94624],[-73.79982,40.94604],[-73.80023,40.94568],[-73.80052,40.94494],[-73.80078,40.94462],[-73.8008,40.94451],[-73.80136,40.94418],[-73.80188,40.94426],[-73.80198,40.94377],[-73.80243,40.94333],[-73.80254,40.94318],[-73.80267,40.94296],[-73.8028,40.94239],[-73.8036,40.94111],[-73.80388,40.94023],[-73.80385,40.93965],[-73.80406,40.93935],[-73.80448,40.93908],[-73.80519,40.9388],[-73.80556,40.93841],[-73.80626,40.93699],[-73.80676,40.9362],[-73.807,40.93544],[-73.80692,40.93498],[-73.80676,40.93466],[-73.80652,40.93445],[-73.80583,40.9339],[-73.80466,40.93334],[-73.80419,40.93344],[-73.80405,40.93342],[-73.80398,40.93338],[-73.80391,40.93326],[-73.80382,40.93323],[-73.80355,40.93326],[-73.80327,40.93338],[-73.803,40.93332],[-73.80227,40.93327],[-73.80194,40.93336],[-73.80153,40.9329],[-73.80134,40.93279],[-73.80134,40.93273],[-73.80108,40.93271],[-73.80077,40.93275],[-73.80086,40.93203],[-73.80087,40.93164],[-73.80098,40.93052],[-73.80089,40.93032],[-73.80066,40.93013],[-73.801,40.93003],[-73.80139,40.93003],[-73.80165,40.92992],[-73.80178,40.92953],[-73.80196,40.92935],[-73.8033,40.92861],[-73.80365,40.9285],[-73.80395,40.92817],[-73.80438,40.92814],[-73.80453,40.92805],[-73.80502,40.92765],[-73.80513,40.92737],[-73.80513,40.92724],[-73.8054,40.92684],[-73.80642,40.92713],[-73.80658,40.9272],[-73.80675,40.92733],[-73.8089,40.92782],[-73.81981,40.93105],[-73.81906,40.93165],[-73.81883,40.9319],[-73.81865,40.93219],[-73.81852,40.93261],[-73.81641,40.93319],[-73.81557,40.93335],[-73.81524,40.93349],[-73.81406,40.9338],[-73.81479,40.93485],[-73.81503,40.93527],[-73.81538,40.93601],[-73.8153,40.93608],[-73.81526,40.93623],[-73.81524,40.93651],[-73.8153,40.9375],[-73.81528,40.93776],[-73.81514,40.93819],[-73.81515,40.93861],[-73.81526,40.93912],[-73.81546,40.93951],[-73.81559,40.93962],[-73.81592,40.94033],[-73.8161,40.9406],[-73.81636,40.94117],[-73.81634,40.94128],[-73.8165,40.94172],[-73.81677,40.94275],[-73.81688,40.94305],[-73.81689,40.94323],[-73.81708,40.94393],[-73.81802,40.94397],[-73.81837,40.94442],[-73.81742,40.94741],[-73.81722,40.94783],[-73.81818,40.9476],[-73.81921,40.94779],[-73.81976,40.94708],[-73.82179,40.94781]]]}},{"type":"Feature","properties":{"std_name":"Bronxville village","std_geoid":"3608532","pen":"politicians","std_note":null,"LSAD":"47","NAME":"Bronxville"},"geometry":{"type":"Polygon","coordinates":[[[-73.83866,40.94152],[-73.83852,40.94167],[-73.83799,40.94195],[-73.83778,40.94219],[-73.83764,40.94244],[-73.8375,40.94284],[-73.83746,40.94318],[-73.8375,40.94357],[-73.83739,40.9439],[-73.83709,40.94448],[-73.83708,40.94471],[-73.83687,40.94503],[-73.83662,40.94509],[-73.83642,40.94499],[-73.83611,40.9453],[-73.83557,40.94532],[-73.83529,40.94541],[-73.8347,40.94537],[-73.83453,40.94544],[-73.83373,40.94645],[-73.8336,40.94653],[-73.83349,40.94668],[-73.83344,40.9468],[-73.83379,40.94709],[-73.83392,40.94728],[-73.834,40.94752],[-73.83397,40.94766],[-73.83351,40.94809],[-73.83351,40.94849],[-73.83029,40.94737],[-73.82908,40.94702],[-73.82623,40.94608],[-73.82601,40.94605],[-73.82073,40.94434],[-73.82077,40.94408],[-73.81837,40.94442],[-73.81802,40.94397],[-73.81708,40.94393],[-73.81689,40.94323],[-73.81688,40.94305],[-73.81677,40.94275],[-73.8165,40.94172],[-73.81634,40.94128],[-73.81636,40.94117],[-73.8161,40.9406],[-73.81592,40.94033],[-73.81559,40.93962],[-73.81546,40.93951],[-73.81526,40.93912],[-73.81515,40.93861],[-73.81514,40.93819],[-73.81528,40.93776],[-73.8153,40.9375],[-73.81524,40.93651],[-73.81526,40.93623],[-73.8153,40.93608],[-73.81538,40.93601],[-73.81503,40.93527],[-73.81479,40.93485],[-73.81406,40.9338],[-73.81524,40.93349],[-73.81557,40.93335],[-73.81641,40.93319],[-73.81852,40.93261],[-73.81865,40.93219],[-73.81883,40.9319],[-73.81906,40.93165],[-73.81981,40.93105],[-73.83064,40.93428],[-73.83431,40.93532],[-73.83452,40.93536],[-73.83463,40.93533],[-73.8347,40.9355],[-73.83465,40.93558],[-73.83478,40.93576],[-73.83533,40.93601],[-73.83601,40.93611],[-73.83701,40.93653],[-73.83746,40.93683],[-73.83768,40.93702],[-73.83782,40.9372],[-73.83789,40.93746],[-73.83782,40.93789],[-73.83771,40.93824],[-73.8377,40.93861],[-73.83796,40.93906],[-73.83806,40.93953],[-73.83815,40.93967],[-73.83817,40.94015],[-73.83822,40.94027],[-73.8386,40.94087],[-73.83866,40.94152]]]}},{"type":"Feature","properties":{"std_name":"Tuckahoe village","std_geoid":"3675583","pen":"politicians","std_note":null,"LSAD":"47","NAME":"Tuckahoe"},"geometry":{"type":"Polygon","coordinates":[[[-73.83373,40.94881],[-73.8334,40.95045],[-73.83339,40.95114],[-73.83332,40.95138],[-73.83277,40.95188],[-73.83264,40.95216],[-73.83233,40.95214],[-73.83222,40.95205],[-73.83217,40.95187],[-73.83219,40.95181],[-73.83244,40.95166],[-73.83247,40.9516],[-73.8323,40.95142],[-73.83212,40.95132],[-73.83194,40.95133],[-73.83178,40.95141],[-73.8316,40.95156],[-73.83137,40.95182],[-73.83109,40.95181],[-73.83088,40.95175],[-73.83023,40.95119],[-73.82989,40.95098],[-73.82983,40.95099],[-73.82962,40.9511],[-73.82924,40.95139],[-73.82899,40.95257],[-73.82901,40.95333],[-73.82898,40.95365],[-73.82858,40.95452],[-73.82855,40.95473],[-73.82851,40.95481],[-73.82833,40.95491],[-73.828,40.95492],[-73.82761,40.95489],[-73.82733,40.95494],[-73.82713,40.95504],[-73.82684,40.95531],[-73.82622,40.9562],[-73.82608,40.95634],[-73.82567,40.95656],[-73.82537,40.95658],[-73.82473,40.95645],[-73.82452,40.95658],[-73.82425,40.9571],[-73.82357,40.95736],[-73.82251,40.95761],[-73.82208,40.95776],[-73.82179,40.95806],[-73.82165,40.95823],[-73.82147,40.95879],[-73.82176,40.95958],[-73.82192,40.96026],[-73.8214,40.96034],[-73.82108,40.9605],[-73.82102,40.96056],[-73.82095,40.9607],[-73.82102,40.96121],[-73.82138,40.96167],[-73.82123,40.96226],[-73.82108,40.96249],[-73.82068,40.96257],[-73.82047,40.96267],[-73.82001,40.9634],[-73.81965,40.96373],[-73.81851,40.96332],[-73.81691,40.96284],[-73.81633,40.96264],[-73.81572,40.96248],[-73.81537,40.96232],[-73.81392,40.96206],[-73.81321,40.96178],[-73.81405,40.96057],[-73.81412,40.96055],[-73.81443,40.95993],[-73.81473,40.9592],[-73.81417,40.95899],[-73.81455,40.9582],[-73.81487,40.95738],[-73.81522,40.95709],[-73.81629,40.95739],[-73.81662,40.95694],[-73.8176,40.9569],[-73.81783,40.95653],[-73.81823,40.95588],[-73.81806,40.95581],[-73.81802,40.95548],[-73.81937,40.95307],[-73.82117,40.94953],[-73.82179,40.94781],[-73.81976,40.94708],[-73.81921,40.94779],[-73.81818,40.9476],[-73.81722,40.94783],[-73.81742,40.94741],[-73.81837,40.94442],[-73.82077,40.94408],[-73.82073,40.94434],[-73.82601,40.94605],[-73.82623,40.94608],[-73.82908,40.94702],[-73.83029,40.94737],[-73.83356,40.94851],[-73.83367,40.94863],[-73.83373,40.94881]]]}},{"type":"Feature","properties":{"std_name":"Long Beach city","std_geoid":"3643335","pen":"politicians","std_note":null,"LSAD":"25","NAME":"Long Beach"},"geometry":{"type":"Polygon","coordinates":[[[-73.70114,40.58327],[-73.70112,40.58831],[-73.70108,40.5907],[-73.68707,40.5908],[-73.68597,40.5917],[-73.68108,40.5941],[-73.67067,40.5949],[-73.66254,40.59523],[-73.66173,40.59529],[-73.65944,40.59534],[-73.65673,40.59536],[-73.65255,40.59553],[-73.64945,40.59559],[-73.64657,40.5957],[-73.6386,40.59579],[-73.63757,40.59584],[-73.63746,40.59516],[-73.63757,40.58879],[-73.63765,40.5867],[-73.63746,40.58544],[-73.63742,40.58348],[-73.6357,40.5754],[-73.64668,40.57463],[-73.65861,40.57612],[-73.68134,40.57902],[-73.7014,40.57914],[-73.70114,40.58327]]]}},{"type":"Feature","properties":{"std_name":"East Atlantic Beach CDP","std_geoid":"3621578","pen":"politicians","std_note":null,"LSAD":"57","NAME":"East Atlantic Beach"},"geometry":{"type":"Polygon","coordinates":[[[-73.71777,40.58476],[-73.7174,40.58723],[-73.71753,40.58822],[-73.71728,40.58888],[-73.71721,40.58924],[-73.71698,40.5915],[-73.70108,40.5907],[-73.70112,40.58831],[-73.70114,40.58327],[-73.7014,40.57914],[-73.7181,40.58023],[-73.71777,40.58476]]]}},{"type":"Feature","properties":{"std_name":"Atlantic Beach village","std_geoid":"3602968","pen":"politicians","std_note":null,"LSAD":"47","NAME":"Atlantic Beach"},"geometry":{"type":"Polygon","coordinates":[[[-73.74324,40.59284],[-73.73718,40.59296],[-73.73742,40.59346],[-73.72352,40.59236],[-73.71698,40.5915],[-73.71721,40.58924],[-73.71728,40.58888],[-73.71753,40.58822],[-73.7174,40.58723],[-73.71777,40.58476],[-73.7181,40.58023],[-73.72494,40.58065],[-73.73818,40.58018],[-73.74015,40.58669],[-73.74118,40.58693],[-73.74146,40.58816],[-73.74151,40.58817],[-73.74165,40.58839],[-73.74198,40.58916],[-73.74223,40.5896],[-73.7424,40.59021],[-73.74249,40.59107],[-73.74258,40.5914],[-73.7426,40.59166],[-73.74253,40.59214],[-73.74279,40.59248],[-73.74324,40.59284]]]}},{"type":"Feature","properties":{"std_name":"Lawrence village","std_geoid":"3641553","pen":"politicians","std_note":null,"LSAD":"47","NAME":"Lawrence"},"geometry":{"type":"Polygon","coordinates":[[[-73.74549,40.6118],[-73.74323,40.6126],[-73.74124,40.61337],[-73.74141,40.61387],[-73.74129,40.61389],[-73.74139,40.6142],[-73.74092,40.61422],[-73.74067,40.6136],[-73.73954,40.61406],[-73.73857,40.6144],[-73.73737,40.61492],[-73.7367,40.61527],[-73.73159,40.61828],[-73.728,40.6208],[-73.72767,40.62106],[-73.7256,40.61724],[-73.72552,40.61717],[-73.72341,40.61814],[-73.72184,40.61896],[-73.72141,40.61928],[-73.7186,40.62163],[-73.71807,40.62125],[-73.71679,40.62061],[-73.71595,40.61835],[-73.71532,40.6181],[-73.71505,40.6181],[-73.71494,40.61814],[-73.71469,40.61843],[-73.71451,40.61858],[-73.71449,40.61867],[-73.71416,40.61872],[-73.71359,40.61871],[-73.71326,40.61878],[-73.71192,40.61882],[-73.70953,40.6187],[-73.70857,40.6188],[-73.70849,40.61869],[-73.70766,40.6171],[-73.70717,40.61686],[-73.7039,40.61445],[-73.70343,40.61398],[-73.69377,40.61113],[-73.69308,40.6111],[-73.69273,40.61084],[-73.69251,40.61043],[-73.69209,40.6094],[-73.69211,40.60886],[-73.69317,40.60744],[-73.69305,40.60652],[-73.69307,40.60617],[-73.69396,40.60451],[-73.69358,40.60424],[-73.68464,40.60051],[-73.68469,40.59233],[-73.68597,40.5917],[-73.68707,40.5908],[-73.70108,40.5907],[-73.71698,40.5915],[-73.72352,40.59236],[-73.73742,40.59346],[-73.73764,40.59441],[-73.73808,40.59459],[-73.73846,40.59587],[-73.73844,40.59781],[-73.73826,40.60256],[-73.73846,40.60284],[-73.73852,40.60313],[-73.73923,40.60403],[-73.73946,40.60424],[-73.74029,40.6046],[-73.74115,40.60546],[-73.74177,40.60602],[-73.74317,40.60718],[-73.74355,40.60745],[-73.7432,40.60771],[-73.74307,40.60789],[-73.74315,40.60796],[-73.74306,40.608],[-73.74549,40.6118]]]}},{"type":"Feature","properties":{"std_name":"Barnum Island CDP","std_geoid":"3604550","pen":"politicians","std_note":null,"LSAD":"57","NAME":"Barnum Island"},"geometry":{"type":"Polygon","coordinates":[[[-73.65673,40.59536],[-73.65675,40.59681],[-73.65652,40.59735],[-73.65542,40.59895],[-73.654,40.60069],[-73.6538,40.60088],[-73.65458,40.60142],[-73.65233,40.60383],[-73.64905,40.60825],[-73.64884,40.60858],[-73.64854,40.60928],[-73.64841,40.60972],[-73.64833,40.61018],[-73.64831,40.61056],[-73.64836,40.61121],[-73.64853,40.61201],[-73.64994,40.6172],[-73.64938,40.61728],[-73.64729,40.61747],[-73.64508,40.61772],[-73.64396,40.61765],[-73.64314,40.61747],[-73.64244,40.61707],[-73.64201,40.61678],[-73.6416,40.61624],[-73.64111,40.61541],[-73.63999,40.61314],[-73.63784,40.61223],[-73.6356,40.61197],[-73.63532,40.61183],[-73.63484,40.61183],[-73.6346,40.6116],[-73.63451,40.61122],[-73.63455,40.61042],[-73.63322,40.61068],[-73.63187,40.6095],[-73.63307,40.6037],[-73.63617,40.6],[-73.63757,40.59584],[-73.6386,40.59579],[-73.64657,40.5957],[-73.64945,40.59559],[-73.65255,40.59553],[-73.65673,40.59536]]]}},{"type":"Feature","properties":{"std_name":"Island Park village","std_geoid":"3637847","pen":"politicians","std_note":null,"LSAD":"47","NAME":"Island Park"},"geometry":{"type":"Polygon","coordinates":[[[-73.6619,40.60025],[-73.66174,40.60166],[-73.66167,40.60304],[-73.66146,40.60579],[-73.66125,40.60588],[-73.66099,40.60586],[-73.66082,40.60591],[-73.66063,40.60609],[-73.66009,40.60598],[-73.65957,40.6061],[-73.65923,40.60634],[-73.65915,40.60625],[-73.65891,40.60619],[-73.65713,40.60681],[-73.65632,40.60771],[-73.65584,40.60833],[-73.65537,40.60859],[-73.65488,40.60898],[-73.65426,40.60983],[-73.65408,40.61001],[-73.65332,40.61038],[-73.65288,40.61068],[-73.65259,40.61094],[-73.65246,40.61124],[-73.65232,40.61212],[-73.65226,40.61234],[-73.65201,40.61278],[-73.65212,40.61329],[-73.65216,40.61359],[-73.65234,40.61377],[-73.65239,40.61412],[-73.65208,40.61431],[-73.65202,40.61467],[-73.65204,40.61507],[-73.65215,40.61564],[-73.65213,40.61591],[-73.65184,40.61622],[-73.65112,40.61651],[-73.65029,40.61666],[-73.64988,40.61696],[-73.64853,40.61201],[-73.64836,40.61121],[-73.64831,40.61056],[-73.64833,40.61018],[-73.64841,40.60972],[-73.64854,40.60928],[-73.64884,40.60858],[-73.64905,40.60825],[-73.65233,40.60383],[-73.65458,40.60142],[-73.6538,40.60088],[-73.654,40.60069],[-73.65542,40.59895],[-73.65652,40.59735],[-73.65675,40.59681],[-73.65675,40.59647],[-73.65732,40.59669],[-73.65766,40.59666],[-73.65814,40.5967],[-73.65812,40.59681],[-73.65953,40.59676],[-73.65967,40.59668],[-73.66008,40.59654],[-73.66072,40.59655],[-73.66107,40.59642],[-73.66194,40.59644],[-73.66198,40.59655],[-73.6616,40.59725],[-73.66156,40.59753],[-73.66163,40.59754],[-73.66161,40.59789],[-73.66175,40.59792],[-73.6617,40.59808],[-73.66202,40.59815],[-73.6619,40.60025]]]}},{"type":"Feature","properties":{"std_name":"Woodsburgh village","std_geoid":"3682986","pen":"politicians","std_note":null,"LSAD":"47","NAME":"Woodsburgh"},"geometry":{"type":"Polygon","coordinates":[[[-73.71341,40.62723],[-73.71304,40.62745],[-73.71286,40.62751],[-73.70983,40.62899],[-73.70661,40.62534],[-73.70595,40.62542],[-73.70524,40.62543],[-73.70407,40.62524],[-73.70357,40.62506],[-73.70378,40.62484],[-73.70397,40.62475],[-73.70454,40.62475],[-73.70492,40.62465],[-73.70529,40.62446],[-73.70561,40.6242],[-73.70537,40.62395],[-73.70395,40.62294],[-73.70306,40.62298],[-73.70217,40.62294],[-73.70184,40.62288],[-73.70077,40.62239],[-73.70066,40.62227],[-73.70041,40.62188],[-73.70025,40.62147],[-73.70017,40.6206],[-73.70001,40.62021],[-73.70005,40.6202],[-73.69912,40.62004],[-73.69957,40.6195],[-73.70036,40.61929],[-73.70114,40.61612],[-73.70185,40.61572],[-73.70198,40.61556],[-73.70282,40.61536],[-73.70417,40.61464],[-73.70717,40.61686],[-73.70766,40.6171],[-73.70849,40.61869],[-73.70857,40.6188],[-73.70953,40.6187],[-73.71184,40.61881],[-73.71192,40.61892],[-73.71216,40.6191],[-73.7127,40.61964],[-73.71274,40.61979],[-73.71161,40.62273],[-73.71136,40.62345],[-73.71134,40.62362],[-73.71155,40.62382],[-73.71271,40.62516],[-73.71318,40.62563],[-73.71425,40.62683],[-73.71341,40.62723]]]}},{"type":"Feature","properties":{"std_name":"Cedarhurst village","std_geoid":"3613233","pen":"politicians","std_note":null,"LSAD":"47","NAME":"Cedarhurst"},"geometry":{"type":"Polygon","coordinates":[[[-73.73735,40.62869],[-73.73552,40.62924],[-73.73563,40.6295],[-73.73544,40.62958],[-73.73547,40.62981],[-73.73565,40.62995],[-73.73565,40.63013],[-73.73644,40.63187],[-73.73644,40.63231],[-73.73599,40.63263],[-73.73479,40.63327],[-73.73428,40.63366],[-73.7338,40.63384],[-73.73338,40.63387],[-73.73265,40.63268],[-73.73166,40.63073],[-73.7316,40.6305],[-73.73111,40.63063],[-73.73103,40.6306],[-73.73098,40.63051],[-73.73031,40.63076],[-73.73028,40.63086],[-73.72861,40.6313],[-73.72731,40.6316],[-73.72677,40.63098],[-73.72524,40.63001],[-73.72512,40.62998],[-73.72486,40.63006],[-73.7248,40.62992],[-73.72503,40.62985],[-73.72496,40.62973],[-73.7247,40.62981],[-73.72451,40.62955],[-73.72415,40.62967],[-73.72404,40.62948],[-73.72391,40.62937],[-73.72176,40.6278],[-73.71708,40.62473],[-73.71861,40.62161],[-73.7187,40.62152],[-73.72141,40.61928],[-73.72184,40.61896],[-73.72341,40.61814],[-73.72514,40.61733],[-73.72552,40.61717],[-73.7256,40.61724],[-73.72767,40.62106],[-73.728,40.6208],[-73.73153,40.61832],[-73.73604,40.62547],[-73.73622,40.62586],[-73.73735,40.62869]]]}},{"type":"Feature","properties":{"std_name":"Hewlett Neck village","std_geoid":"3634319","pen":"politicians","std_note":null,"LSAD":"47","NAME":"Hewlett Neck"},"geometry":{"type":"Polygon","coordinates":[[[-73.70561,40.6242],[-73.70516,40.62454],[-73.70467,40.62473],[-73.70443,40.62476],[-73.70408,40.62474],[-73.70389,40.62477],[-73.70378,40.62484],[-73.70357,40.62506],[-73.70373,40.62511],[-73.70282,40.62717],[-73.70131,40.62718],[-73.70026,40.62702],[-73.69883,40.62695],[-73.69744,40.62703],[-73.69647,40.62734],[-73.69602,40.62679],[-73.69217,40.62808],[-73.69262,40.62701],[-73.69186,40.62705],[-73.69164,40.62717],[-73.69169,40.62548],[-73.69199,40.62511],[-73.69462,40.6231],[-73.69461,40.62261],[-73.69526,40.62211],[-73.69552,40.62218],[-73.69737,40.6209],[-73.69762,40.62132],[-73.69871,40.62115],[-73.69872,40.62099],[-73.69912,40.62004],[-73.70005,40.6202],[-73.70001,40.62021],[-73.70017,40.6206],[-73.70025,40.62147],[-73.70041,40.62188],[-73.70066,40.62227],[-73.70077,40.62239],[-73.70184,40.62288],[-73.70217,40.62294],[-73.70306,40.62298],[-73.70395,40.62294],[-73.70537,40.62395],[-73.70561,40.6242]]]}},{"type":"Feature","properties":{"std_name":"Bay Park CDP","std_geoid":"3604891","pen":"politicians","std_note":null,"LSAD":"57","NAME":"Bay Park"},"geometry":{"type":"Polygon","coordinates":[[[-73.67625,40.62896],[-73.67652,40.62908],[-73.6765,40.62935],[-73.67551,40.63063],[-73.67436,40.6318],[-73.67391,40.63296],[-73.67298,40.63422],[-73.67232,40.6347],[-73.67199,40.6353],[-73.67178,40.63626],[-73.67117,40.63683],[-73.67065,40.63721],[-73.67046,40.63743],[-73.67024,40.63782],[-73.67014,40.63771],[-73.66937,40.63745],[-73.66789,40.63676],[-73.66679,40.63636],[-73.66669,40.6364],[-73.66634,40.63627],[-73.66647,40.6361],[-73.66608,40.63598],[-73.66593,40.63627],[-73.66545,40.63611],[-73.66566,40.63575],[-73.66526,40.63563],[-73.6652,40.63576],[-73.66504,40.63582],[-73.66497,40.63594],[-73.66461,40.63581],[-73.66461,40.63576],[-73.66427,40.63567],[-73.66426,40.63558],[-73.66345,40.63527],[-73.66019,40.63428],[-73.66009,40.63427],[-73.65933,40.63568],[-73.6584,40.63567],[-73.6582,40.63564],[-73.6577,40.6355],[-73.65761,40.63533],[-73.65727,40.6352],[-73.65785,40.63463],[-73.65871,40.63424],[-73.65901,40.63452],[-73.65921,40.63388],[-73.65973,40.63046],[-73.65975,40.62983],[-73.66032,40.62897],[-73.66088,40.6284],[-73.6619,40.62386],[-73.66194,40.62305],[-73.66215,40.62288],[-73.66221,40.62269],[-73.66238,40.6224],[-73.66255,40.6222],[-73.66519,40.62216],[-73.66693,40.6227],[-73.66765,40.62311],[-73.66893,40.62558],[-73.67047,40.62623],[-73.67557,40.628],[-73.6774,40.62877],[-73.67625,40.62896]]]}},{"type":"Feature","properties":{"std_name":"Hewlett Harbor village","std_geoid":"3634308","pen":"politicians","std_note":null,"LSAD":"47","NAME":"Hewlett Harbor"},"geometry":{"type":"Polygon","coordinates":[[[-73.69253,40.63585],[-73.69123,40.6376],[-73.69109,40.6376],[-73.69072,40.63723],[-73.69068,40.63733],[-73.69087,40.63791],[-73.6907,40.63839],[-73.69,40.63929],[-73.68952,40.6395],[-73.68969,40.63964],[-73.6896,40.63965],[-73.68947,40.63982],[-73.68983,40.63979],[-73.69036,40.64007],[-73.69038,40.64092],[-73.68885,40.64098],[-73.68858,40.64095],[-73.68745,40.64074],[-73.6862,40.64055],[-73.68489,40.64035],[-73.68467,40.64034],[-73.6844,40.64027],[-73.67918,40.64],[-73.67896,40.63851],[-73.67886,40.6375],[-73.6766,40.63759],[-73.67494,40.63758],[-73.67528,40.63723],[-73.67535,40.63725],[-73.67597,40.637],[-73.67637,40.63692],[-73.67656,40.63638],[-73.67624,40.63607],[-73.67566,40.63567],[-73.67421,40.6343],[-73.67333,40.63376],[-73.67391,40.63296],[-73.67436,40.6318],[-73.67551,40.63063],[-73.6765,40.62935],[-73.67652,40.62908],[-73.67625,40.62896],[-73.6774,40.62877],[-73.68009,40.62673],[-73.6817,40.62583],[-73.68227,40.62555],[-73.68842,40.62298],[-73.68899,40.62314],[-73.68901,40.62333],[-73.68927,40.62424],[-73.68927,40.62499],[-73.69097,40.6251],[-73.69097,40.6255],[-73.69164,40.62717],[-73.69163,40.6277],[-73.69139,40.62806],[-73.69091,40.62829],[-73.69025,40.62836],[-73.68991,40.62851],[-73.69078,40.62963],[-73.69157,40.63052],[-73.69203,40.63195],[-73.69307,40.63358],[-73.69253,40.63585]]]}},{"type":"Feature","properties":{"std_name":"Hewlett Bay Park village","std_geoid":"3634297","pen":"politicians","std_note":null,"LSAD":"47","NAME":"Hewlett Bay Park"},"geometry":{"type":"Polygon","coordinates":[[[-73.70018,40.63291],[-73.70047,40.6341],[-73.69997,40.6341],[-73.69995,40.63434],[-73.69961,40.63436],[-73.6996,40.63409],[-73.69944,40.6341],[-73.69946,40.63441],[-73.69848,40.63444],[-73.69807,40.6344],[-73.69808,40.63489],[-73.69926,40.6352],[-73.69908,40.63571],[-73.69964,40.63603],[-73.69982,40.63619],[-73.69991,40.63639],[-73.70069,40.63676],[-73.70006,40.63714],[-73.70074,40.63752],[-73.70022,40.6379],[-73.69847,40.63973],[-73.69685,40.64108],[-73.6947,40.6406],[-73.69255,40.64078],[-73.69038,40.64092],[-73.69036,40.64007],[-73.68983,40.63979],[-73.68947,40.63982],[-73.6896,40.63965],[-73.68969,40.63964],[-73.68952,40.6395],[-73.69,40.63929],[-73.6907,40.63839],[-73.69087,40.63791],[-73.69068,40.63733],[-73.69072,40.63723],[-73.69109,40.6376],[-73.69123,40.6376],[-73.69253,40.63585],[-73.69307,40.63358],[-73.69203,40.63195],[-73.69157,40.63052],[-73.69078,40.62963],[-73.68991,40.62851],[-73.69025,40.62836],[-73.69091,40.62829],[-73.69139,40.62806],[-73.69163,40.6277],[-73.69164,40.62717],[-73.69186,40.62705],[-73.69262,40.62701],[-73.69217,40.62808],[-73.69602,40.62679],[-73.69647,40.62734],[-73.69737,40.62907],[-73.698,40.6309],[-73.69842,40.63153],[-73.69952,40.63147],[-73.69926,40.63225],[-73.69961,40.63223],[-73.70088,40.63233],[-73.70018,40.63291]]]}},{"type":"Feature","properties":{"std_name":"East Rockaway village","std_geoid":"3622876","pen":"politicians","std_note":null,"LSAD":"47","NAME":"East Rockaway"},"geometry":{"type":"Polygon","coordinates":[[[-73.67941,40.64266],[-73.67919,40.64445],[-73.67826,40.64498],[-73.67702,40.64557],[-73.67658,40.64582],[-73.67628,40.64567],[-73.67557,40.64613],[-73.67459,40.64688],[-73.67436,40.64716],[-73.67421,40.64716],[-73.67413,40.64725],[-73.67388,40.64712],[-73.67365,40.64738],[-73.67347,40.64749],[-73.67325,40.64756],[-73.67158,40.64832],[-73.66905,40.64957],[-73.66776,40.65028],[-73.66629,40.65101],[-73.66505,40.65172],[-73.66488,40.65202],[-73.66422,40.65189],[-73.66431,40.6516],[-73.66388,40.65151],[-73.66378,40.65179],[-73.66358,40.65176],[-73.66354,40.65164],[-73.66346,40.65174],[-73.66242,40.65161],[-73.66117,40.6516],[-73.66112,40.65162],[-73.66089,40.65158],[-73.66086,40.65192],[-73.66068,40.65191],[-73.66029,40.65197],[-73.66026,40.65224],[-73.65956,40.65221],[-73.65946,40.65256],[-73.65924,40.65256],[-73.65894,40.65263],[-73.65892,40.6529],[-73.65866,40.65287],[-73.65849,40.65329],[-73.65835,40.65337],[-73.65768,40.65329],[-73.65772,40.65308],[-73.65745,40.65303],[-73.65735,40.65323],[-73.65574,40.65305],[-73.65563,40.65273],[-73.65605,40.65159],[-73.65681,40.65005],[-73.65719,40.64899],[-73.6575,40.64836],[-73.6585,40.6444],[-73.6588,40.64279],[-73.65857,40.64254],[-73.65827,40.6419],[-73.65839,40.64076],[-73.65877,40.63974],[-73.65915,40.6384],[-73.65908,40.63835],[-73.65905,40.63809],[-73.65934,40.63773],[-73.65964,40.63642],[-73.65977,40.63612],[-73.65973,40.63602],[-73.65994,40.63582],[-73.65962,40.63571],[-73.65933,40.63568],[-73.66009,40.63427],[-73.6609,40.63448],[-73.66345,40.63527],[-73.66426,40.63558],[-73.66427,40.63567],[-73.66461,40.63576],[-73.66461,40.63581],[-73.66497,40.63594],[-73.66504,40.63582],[-73.6652,40.63576],[-73.66526,40.63563],[-73.66566,40.63575],[-73.66545,40.63611],[-73.66593,40.63627],[-73.66608,40.63598],[-73.66647,40.6361],[-73.66634,40.63627],[-73.66669,40.6364],[-73.66679,40.63636],[-73.66789,40.63676],[-73.66937,40.63745],[-73.67014,40.63771],[-73.67024,40.63782],[-73.67046,40.63743],[-73.67065,40.63721],[-73.67117,40.63683],[-73.67178,40.63626],[-73.67199,40.6353],[-73.67232,40.6347],[-73.67298,40.63422],[-73.67333,40.63376],[-73.67421,40.6343],[-73.67566,40.63567],[-73.67624,40.63607],[-73.67656,40.63638],[-73.67637,40.63692],[-73.67597,40.637],[-73.67535,40.63725],[-73.67528,40.63723],[-73.67494,40.63758],[-73.6766,40.63759],[-73.67886,40.6375],[-73.67896,40.63851],[-73.67926,40.64072],[-73.67941,40.64266]]]}},{"type":"Feature","properties":{"std_name":"Lynbrook village","std_geoid":"3643874","pen":"politicians","std_note":null,"LSAD":"47","NAME":"Lynbrook"},"geometry":{"type":"Polygon","coordinates":[[[-73.69078,40.65058],[-73.6904,40.65089],[-73.69026,40.65109],[-73.68976,40.65208],[-73.68922,40.65339],[-73.6876,40.65628],[-73.68988,40.65701],[-73.69026,40.65716],[-73.68926,40.65942],[-73.68904,40.66004],[-73.68854,40.66132],[-73.68833,40.66198],[-73.68793,40.66358],[-73.6884,40.66373],[-73.68919,40.66373],[-73.68775,40.66456],[-73.68368,40.66702],[-73.68002,40.669],[-73.67603,40.6713],[-73.67603,40.6708],[-73.67572,40.66903],[-73.67557,40.6667],[-73.67569,40.66588],[-73.67144,40.6662],[-73.67118,40.66616],[-73.671,40.66562],[-73.67034,40.66563],[-73.67048,40.6661],[-73.66984,40.6663],[-73.66987,40.6666],[-73.66549,40.6667],[-73.66548,40.6662],[-73.66532,40.66643],[-73.66438,40.66675],[-73.66384,40.66683],[-73.66336,40.66695],[-73.66186,40.66713],[-73.65939,40.6675],[-73.65942,40.66644],[-73.65933,40.66571],[-73.65921,40.6653],[-73.65843,40.66445],[-73.65765,40.66315],[-73.65742,40.66294],[-73.65818,40.66266],[-73.65868,40.66242],[-73.65752,40.66072],[-73.66071,40.66037],[-73.66058,40.65843],[-73.65898,40.65851],[-73.6584,40.65868],[-73.65755,40.65904],[-73.65721,40.65912],[-73.65689,40.65914],[-73.6566,40.65696],[-73.65737,40.65697],[-73.65745,40.65649],[-73.65769,40.65573],[-73.65612,40.65544],[-73.65624,40.65469],[-73.65606,40.65402],[-73.65574,40.65305],[-73.65735,40.65323],[-73.65745,40.65303],[-73.65772,40.65308],[-73.65768,40.65329],[-73.65835,40.65337],[-73.65849,40.65329],[-73.65866,40.65287],[-73.65892,40.6529],[-73.65894,40.65263],[-73.65924,40.65256],[-73.65946,40.65256],[-73.65956,40.65221],[-73.66026,40.65224],[-73.66029,40.65197],[-73.66068,40.65191],[-73.66086,40.65192],[-73.66089,40.65158],[-73.66112,40.65162],[-73.66117,40.6516],[-73.66242,40.65161],[-73.66346,40.65174],[-73.66354,40.65164],[-73.66358,40.65176],[-73.66378,40.65179],[-73.66388,40.65151],[-73.66431,40.6516],[-73.66422,40.65189],[-73.66488,40.65202],[-73.66505,40.65172],[-73.66629,40.65101],[-73.66776,40.65028],[-73.66905,40.64957],[-73.67158,40.64832],[-73.67325,40.64756],[-73.67347,40.64749],[-73.67365,40.64738],[-73.67388,40.64712],[-73.67413,40.64725],[-73.67421,40.64716],[-73.67436,40.64716],[-73.67459,40.64688],[-73.67557,40.64613],[-73.67628,40.64567],[-73.67658,40.64582],[-73.67702,40.64557],[-73.67826,40.64498],[-73.67919,40.64445],[-73.67936,40.64316],[-73.68161,40.64414],[-73.67984,40.6459],[-73.67755,40.64791],[-73.68043,40.64975],[-73.68112,40.65038],[-73.68165,40.65081],[-73.68184,40.6508],[-73.68206,40.65061],[-73.68238,40.65041],[-73.68141,40.64916],[-73.68201,40.64879],[-73.68203,40.64867],[-73.68252,40.6484],[-73.68417,40.648],[-73.68524,40.64912],[-73.68703,40.64863],[-73.68779,40.64833],[-73.68902,40.64938],[-73.68939,40.64962],[-73.69022,40.65026],[-73.69078,40.65058]]]}},{"type":"Feature","properties":{"std_name":"Valley Stream village","std_geoid":"3676705","pen":"politicians","std_note":null,"LSAD":"47","NAME":"Valley Stream"},"geometry":{"type":"Polygon","coordinates":[[[-73.72826,40.66661],[-73.72822,40.66731],[-73.72826,40.66807],[-73.72794,40.67055],[-73.72794,40.67081],[-73.72791,40.67084],[-73.72753,40.67387],[-73.72756,40.6741],[-73.72744,40.67443],[-73.72654,40.67649],[-73.7262,40.67738],[-73.72584,40.67875],[-73.72494,40.67863],[-73.72488,40.67859],[-73.72415,40.67844],[-73.72404,40.67856],[-73.72236,40.67844],[-73.722,40.67822],[-73.72181,40.6784],[-73.72157,40.67826],[-73.72024,40.67828],[-73.7193,40.67815],[-73.71837,40.67949],[-73.71779,40.67912],[-73.71823,40.67828],[-73.71774,40.67826],[-73.71631,40.67788],[-73.71583,40.6778],[-73.71565,40.67795],[-73.71489,40.67757],[-73.71472,40.67769],[-73.71278,40.67763],[-73.71053,40.67734],[-73.7096,40.67755],[-73.70634,40.67788],[-73.70589,40.67786],[-73.7055,40.6778],[-73.70386,40.67735],[-73.70163,40.67687],[-73.70064,40.67646],[-73.69974,40.67637],[-73.6988,40.67631],[-73.69774,40.67605],[-73.69719,40.67555],[-73.69638,40.6753],[-73.69602,40.67531],[-73.69558,40.6752],[-73.69472,40.67573],[-73.6932,40.6771],[-73.69273,40.67743],[-73.6925,40.67723],[-73.69239,40.67735],[-73.69223,40.67744],[-73.69205,40.67765],[-73.69173,40.67747],[-73.69171,40.67742],[-73.69142,40.67733],[-73.69136,40.67735],[-73.68921,40.67675],[-73.68869,40.67688],[-73.68782,40.67716],[-73.68695,40.67736],[-73.68684,40.67727],[-73.68642,40.67738],[-73.68635,40.67731],[-73.68604,40.67739],[-73.68588,40.67733],[-73.68398,40.67769],[-73.6817,40.67643],[-73.68151,40.67638],[-73.682,40.67572],[-73.68311,40.67474],[-73.68581,40.67048],[-73.68601,40.67031],[-73.68508,40.66931],[-73.68376,40.66744],[-73.68368,40.66702],[-73.68775,40.66456],[-73.68919,40.66373],[-73.6884,40.66373],[-73.68793,40.66358],[-73.68833,40.66198],[-73.68854,40.66132],[-73.68904,40.66004],[-73.68926,40.65942],[-73.69026,40.65716],[-73.68988,40.65701],[-73.6876,40.65628],[-73.68922,40.65339],[-73.68976,40.65208],[-73.69026,40.65109],[-73.6904,40.65089],[-73.69078,40.65058],[-73.69033,40.65033],[-73.68986,40.64998],[-73.69048,40.64971],[-73.69094,40.64946],[-73.69308,40.64797],[-73.69343,40.6477],[-73.69431,40.64718],[-73.6969,40.64636],[-73.69978,40.64551],[-73.70131,40.64496],[-73.70184,40.64472],[-73.70184,40.64501],[-73.70297,40.6449],[-73.70554,40.64493],[-73.70735,40.64776],[-73.70746,40.64799],[-73.70781,40.64855],[-73.70834,40.64915],[-73.70869,40.64966],[-73.71176,40.65005],[-73.7121,40.65015],[-73.7128,40.65058],[-73.71482,40.64755],[-73.71504,40.64762],[-73.71533,40.64725],[-73.71568,40.64694],[-73.71548,40.64673],[-73.71571,40.6466],[-73.71663,40.64628],[-73.71866,40.64569],[-73.71889,40.64555],[-73.71958,40.64523],[-73.72019,40.64509],[-73.72134,40.64494],[-73.7217,40.64482],[-73.72348,40.64755],[-73.72091,40.64824],[-73.72037,40.64824],[-73.71991,40.64806],[-73.71971,40.64776],[-73.71933,40.64764],[-73.719,40.64697],[-73.71835,40.6464],[-73.71607,40.64731],[-73.71534,40.64808],[-73.71417,40.6499],[-73.71307,40.65153],[-73.71217,40.651],[-73.71161,40.65074],[-73.70951,40.65042],[-73.70882,40.65035],[-73.70861,40.65037],[-73.70865,40.6508],[-73.70877,40.65129],[-73.70899,40.65133],[-73.70912,40.65198],[-73.70935,40.65276],[-73.70913,40.65271],[-73.70921,40.65303],[-73.70941,40.65337],[-73.70967,40.65342],[-73.70974,40.65436],[-73.70958,40.65449],[-73.70935,40.65511],[-73.70941,40.65567],[-73.70942,40.65601],[-73.70961,40.65839],[-73.71054,40.65906],[-73.7108,40.65955],[-73.71042,40.6601],[-73.70991,40.66104],[-73.71048,40.66137],[-73.71076,40.66132],[-73.71091,40.66134],[-73.71153,40.66154],[-73.71186,40.66161],[-73.71276,40.66172],[-73.71314,40.66183],[-73.71309,40.662],[-73.71344,40.66211],[-73.71387,40.66229],[-73.71434,40.66197],[-73.71448,40.66183],[-73.71479,40.6618],[-73.71511,40.66276],[-73.71513,40.66292],[-73.71645,40.66336],[-73.71682,40.66326],[-73.71914,40.66387],[-73.72281,40.6637],[-73.72485,40.66433],[-73.72776,40.66398],[-73.72784,40.66505],[-73.72822,40.66596],[-73.72826,40.66661]]]}},{"type":"Feature","properties":{"std_name":"Rockville Centre village","std_geoid":"3663264","pen":"politicians","std_note":null,"LSAD":"47","NAME":"Rockville Centre"},"geometry":{"type":"Polygon","coordinates":[[[-73.65868,40.66242],[-73.65779,40.66282],[-73.65742,40.66294],[-73.65676,40.66347],[-73.65662,40.66347],[-73.6556,40.66392],[-73.65553,40.66434],[-73.65458,40.66544],[-73.65433,40.6661],[-73.654,40.66677],[-73.65413,40.66747],[-73.65362,40.66819],[-73.65384,40.66826],[-73.65295,40.66981],[-73.65187,40.671],[-73.64987,40.6726],[-73.65126,40.67489],[-73.64573,40.67144],[-73.64474,40.67149],[-73.64435,40.67133],[-73.64358,40.67147],[-73.64249,40.67295],[-73.64231,40.67315],[-73.64085,40.67441],[-73.64064,40.67465],[-73.64008,40.67577],[-73.63923,40.67762],[-73.63833,40.67905],[-73.63762,40.6801],[-73.63668,40.68109],[-73.63647,40.68152],[-73.63617,40.68241],[-73.6342,40.68642],[-73.63324,40.68817],[-73.63296,40.689],[-73.63298,40.68926],[-73.63277,40.69003],[-73.63243,40.69002],[-73.63168,40.68994],[-73.63126,40.68985],[-73.631,40.68973],[-73.6309,40.68943],[-73.63036,40.68879],[-73.62457,40.68707],[-73.62439,40.68718],[-73.62511,40.68569],[-73.62558,40.68497],[-73.62631,40.68406],[-73.62654,40.68366],[-73.62687,40.68291],[-73.62704,40.6826],[-73.62758,40.68214],[-73.62825,40.68172],[-73.6289,40.68114],[-73.63007,40.6806],[-73.6304,40.68033],[-73.63084,40.67988],[-73.63109,40.67953],[-73.63121,40.67927],[-73.63031,40.67905],[-73.63042,40.67873],[-73.63052,40.67833],[-73.6286,40.67781],[-73.62897,40.677],[-73.62927,40.677],[-73.63098,40.6724],[-73.62696,40.67133],[-73.62624,40.67346],[-73.62605,40.6742],[-73.62593,40.6751],[-73.62087,40.6744],[-73.62047,40.6744],[-73.62113,40.67169],[-73.62153,40.67155],[-73.62207,40.67143],[-73.62224,40.67027],[-73.62313,40.67018],[-73.62369,40.66863],[-73.62197,40.6684],[-73.62189,40.66855],[-73.62167,40.66849],[-73.62132,40.6686],[-73.61833,40.66815],[-73.61803,40.66717],[-73.61833,40.66706],[-73.61856,40.66627],[-73.61904,40.6658],[-73.61912,40.6653],[-73.61927,40.66511],[-73.61934,40.66506],[-73.61953,40.66507],[-73.61947,40.66474],[-73.61911,40.66484],[-73.61854,40.66491],[-73.61759,40.6624],[-73.61846,40.66227],[-73.61845,40.66202],[-73.6186,40.66037],[-73.61931,40.6604],[-73.61935,40.65996],[-73.62006,40.65995],[-73.62039,40.65991],[-73.62133,40.65813],[-73.62637,40.65567],[-73.62644,40.65561],[-73.62645,40.65552],[-73.62677,40.65554],[-73.62681,40.65522],[-73.62728,40.65519],[-73.62739,40.65516],[-73.62997,40.6539],[-73.63153,40.65323],[-73.63352,40.65366],[-73.63471,40.65387],[-73.63518,40.6529],[-73.63819,40.64748],[-73.63825,40.64728],[-73.63919,40.64745],[-73.6397,40.64744],[-73.64032,40.64724],[-73.64056,40.64756],[-73.64081,40.64744],[-73.64096,40.64742],[-73.6422,40.64748],[-73.64473,40.64746],[-73.64541,40.64752],[-73.64666,40.64771],[-73.64705,40.64787],[-73.64821,40.64722],[-73.64951,40.64736],[-73.6502,40.64761],[-73.652,40.6478],[-73.65255,40.64824],[-73.65272,40.64775],[-73.65355,40.64768],[-73.65418,40.64752],[-73.65484,40.64745],[-73.65492,40.64749],[-73.65687,40.64986],[-73.65681,40.65005],[-73.65613,40.65139],[-73.65563,40.65273],[-73.65606,40.65402],[-73.65624,40.65469],[-73.65612,40.65544],[-73.65626,40.65575],[-73.6576,40.65599],[-73.65745,40.65649],[-73.65737,40.65697],[-73.6566,40.65696],[-73.65689,40.65914],[-73.65715,40.65965],[-73.65716,40.65984],[-73.65744,40.66057],[-73.65868,40.66242]]]}},{"type":"Feature","properties":{"std_name":"Malverne village","std_geoid":"3644787","pen":"politicians","std_note":null,"LSAD":"47","NAME":"Malverne"},"geometry":{"type":"Polygon","coordinates":[[[-73.68581,40.67048],[-73.68311,40.67474],[-73.682,40.67572],[-73.68149,40.67641],[-73.68131,40.67689],[-73.68134,40.67829],[-73.68158,40.67952],[-73.68132,40.68057],[-73.68179,40.68078],[-73.68198,40.68083],[-73.68104,40.68148],[-73.68095,40.68167],[-73.67979,40.68356],[-73.67788,40.68313],[-73.6769,40.68297],[-73.67678,40.6829],[-73.67174,40.68252],[-73.67172,40.68256],[-73.67006,40.68256],[-73.67002,40.68246],[-73.66877,40.6823],[-73.66861,40.68232],[-73.66821,40.6825],[-73.66784,40.68208],[-73.66731,40.67832],[-73.66725,40.67813],[-73.66699,40.67834],[-73.66551,40.6792],[-73.66445,40.67968],[-73.66412,40.67989],[-73.66382,40.68021],[-73.66381,40.68046],[-73.66264,40.68052],[-73.66231,40.67998],[-73.66189,40.67999],[-73.66192,40.67972],[-73.66191,40.67941],[-73.66255,40.67908],[-73.66253,40.67905],[-73.66232,40.67669],[-73.66246,40.67525],[-73.66198,40.67388],[-73.66198,40.6737],[-73.66143,40.67383],[-73.66014,40.6711],[-73.65943,40.6699],[-73.65881,40.66915],[-73.65819,40.66798],[-73.65857,40.66774],[-73.65877,40.66766],[-73.65939,40.6675],[-73.66186,40.66713],[-73.66336,40.66695],[-73.66384,40.66683],[-73.66438,40.66675],[-73.66532,40.66643],[-73.66548,40.6662],[-73.66549,40.6667],[-73.66987,40.6666],[-73.66988,40.66711],[-73.67076,40.66708],[-73.67126,40.66722],[-73.67148,40.6677],[-73.67107,40.66781],[-73.67156,40.6686],[-73.67185,40.66927],[-73.67211,40.66993],[-73.67198,40.66994],[-73.67284,40.67068],[-73.67286,40.67099],[-73.6732,40.67092],[-73.67329,40.67125],[-73.67348,40.67159],[-73.67428,40.67233],[-73.68002,40.669],[-73.68368,40.66702],[-73.68376,40.66744],[-73.68508,40.66931],[-73.68601,40.67031],[-73.68581,40.67048]]]}},{"type":"Feature","properties":{"std_name":"Harbor Isle CDP","std_geoid":"3632105","pen":"politicians","std_note":null,"LSAD":"57","NAME":"Harbor Isle"},"geometry":{"type":"Polygon","coordinates":[[[-73.66941,40.60376],[-73.66912,40.60452],[-73.66746,40.6055],[-73.66575,40.60609],[-73.66384,40.60647],[-73.66298,40.60681],[-73.6621,40.60705],[-73.66089,40.60724],[-73.66099,40.60586],[-73.66125,40.60588],[-73.66146,40.60579],[-73.66167,40.60304],[-73.66174,40.60166],[-73.6619,40.60025],[-73.66202,40.59815],[-73.6617,40.59808],[-73.66175,40.59792],[-73.66161,40.59789],[-73.66163,40.59754],[-73.66156,40.59753],[-73.6616,40.59725],[-73.66198,40.59655],[-73.66194,40.59644],[-73.6616,40.59643],[-73.66158,40.59618],[-73.66427,40.59609],[-73.66575,40.59738],[-73.66871,40.60085],[-73.66938,40.60206],[-73.66941,40.60376]]]}},{"type":"Feature","properties":{"std_name":"Hewlett CDP","std_geoid":"3634286","pen":"politicians","std_note":null,"LSAD":"57","NAME":"Hewlett"},"geometry":{"type":"Polygon","coordinates":[[[-73.71062,40.63557],[-73.70502,40.63824],[-73.70682,40.64173],[-73.70736,40.64258],[-73.70426,40.64374],[-73.70504,40.64493],[-73.70297,40.6449],[-73.70184,40.64501],[-73.70184,40.64472],[-73.70131,40.64496],[-73.69978,40.64551],[-73.69475,40.64702],[-73.69415,40.64725],[-73.69343,40.6477],[-73.69308,40.64797],[-73.69094,40.64946],[-73.69048,40.64971],[-73.68986,40.64998],[-73.68902,40.64938],[-73.68779,40.64833],[-73.68703,40.64863],[-73.68524,40.64912],[-73.68417,40.648],[-73.68252,40.6484],[-73.68203,40.64867],[-73.68201,40.64879],[-73.68141,40.64916],[-73.68238,40.65041],[-73.68206,40.65061],[-73.68184,40.6508],[-73.68165,40.65081],[-73.68112,40.65038],[-73.68043,40.64975],[-73.67755,40.64791],[-73.67984,40.6459],[-73.68161,40.64414],[-73.67936,40.64316],[-73.67941,40.64266],[-73.67918,40.64],[-73.6844,40.64027],[-73.68467,40.64034],[-73.68489,40.64035],[-73.6862,40.64055],[-73.68745,40.64074],[-73.68858,40.64095],[-73.68885,40.64098],[-73.69223,40.64081],[-73.6947,40.6406],[-73.69685,40.64108],[-73.69847,40.63973],[-73.70022,40.6379],[-73.70074,40.63752],[-73.70006,40.63714],[-73.70069,40.63676],[-73.69991,40.63639],[-73.69982,40.63619],[-73.69964,40.63603],[-73.69908,40.63571],[-73.69926,40.6352],[-73.69808,40.63489],[-73.69807,40.6344],[-73.69848,40.63444],[-73.69946,40.63441],[-73.69944,40.6341],[-73.6996,40.63409],[-73.69961,40.63436],[-73.69995,40.63434],[-73.69997,40.6341],[-73.70047,40.6341],[-73.70018,40.63291],[-73.70088,40.63233],[-73.70203,40.63242],[-73.70209,40.63233],[-73.70258,40.63244],[-73.70286,40.63262],[-73.7039,40.63278],[-73.7057,40.6333],[-73.70717,40.63173],[-73.71062,40.63557]]]}},{"type":"Feature","properties":{"std_name":"Lakeview CDP","std_geoid":"3641003","pen":"politicians","std_note":null,"LSAD":"57","NAME":"Lakeview"},"geometry":{"type":"Polygon","coordinates":[[[-73.66255,40.67908],[-73.66191,40.67941],[-73.65864,40.68132],[-73.65488,40.68356],[-73.65308,40.68337],[-73.65045,40.68286],[-73.64954,40.68278],[-73.64866,40.6828],[-73.64729,40.68296],[-73.64638,40.68317],[-73.64543,40.68345],[-73.64351,40.68429],[-73.64279,40.68482],[-73.63869,40.68805],[-73.63825,40.68834],[-73.63753,40.68876],[-73.63598,40.6895],[-73.6351,40.68986],[-73.63444,40.69007],[-73.63373,40.69021],[-73.63314,40.69026],[-73.63271,40.69026],[-73.63298,40.68926],[-73.63296,40.689],[-73.63324,40.68817],[-73.6342,40.68642],[-73.63617,40.68241],[-73.63655,40.68133],[-73.63668,40.68109],[-73.63684,40.6809],[-73.6375,40.68024],[-73.63778,40.67988],[-73.63923,40.67762],[-73.64045,40.675],[-73.64073,40.67453],[-73.64231,40.67315],[-73.64249,40.67295],[-73.64358,40.67147],[-73.64435,40.67133],[-73.64474,40.67149],[-73.64573,40.67144],[-73.65126,40.67489],[-73.64987,40.6726],[-73.65187,40.671],[-73.65295,40.66981],[-73.65384,40.66826],[-73.65362,40.66819],[-73.65413,40.66747],[-73.654,40.66677],[-73.65433,40.6661],[-73.65458,40.66544],[-73.65553,40.66434],[-73.6556,40.66392],[-73.65662,40.66347],[-73.65676,40.66347],[-73.65742,40.66294],[-73.65765,40.66315],[-73.65843,40.66445],[-73.65921,40.6653],[-73.65933,40.66571],[-73.65942,40.66644],[-73.65939,40.6675],[-73.65877,40.66766],[-73.65857,40.66774],[-73.65819,40.66798],[-73.65881,40.66915],[-73.65943,40.6699],[-73.66014,40.6711],[-73.66143,40.67383],[-73.66198,40.6737],[-73.66198,40.67388],[-73.66246,40.67525],[-73.66232,40.67669],[-73.66253,40.67905],[-73.66255,40.67908]]]}},{"type":"Feature","properties":{"std_name":"Malverne Park Oaks CDP","std_geoid":"3644792","pen":"politicians","std_note":null,"LSAD":"57","NAME":"Malverne Park Oaks"},"geometry":{"type":"Polygon","coordinates":[[[-73.67979,40.68356],[-73.67863,40.68364],[-73.67767,40.68359],[-73.67483,40.68312],[-73.67423,40.68306],[-73.66802,40.68302],[-73.66656,40.68286],[-73.6649,40.68258],[-73.66395,40.68252],[-73.66191,40.68258],[-73.66114,40.68268],[-73.65969,40.68296],[-73.65748,40.68351],[-73.65666,40.68364],[-73.65572,40.68364],[-73.65488,40.68356],[-73.65864,40.68132],[-73.66191,40.67941],[-73.66192,40.67972],[-73.66189,40.67999],[-73.66231,40.67998],[-73.66264,40.68052],[-73.66381,40.68046],[-73.66382,40.68021],[-73.66412,40.67989],[-73.66445,40.67968],[-73.66551,40.6792],[-73.66699,40.67834],[-73.66725,40.67813],[-73.66731,40.67832],[-73.66784,40.68208],[-73.66821,40.6825],[-73.66861,40.68232],[-73.66877,40.6823],[-73.67002,40.68246],[-73.67006,40.68256],[-73.67172,40.68256],[-73.67174,40.68252],[-73.67678,40.6829],[-73.6769,40.68297],[-73.67788,40.68313],[-73.67979,40.68356]]]}},{"type":"Feature","properties":{"std_name":"North Lynbrook CDP","std_geoid":"3653231","pen":"politicians","std_note":null,"LSAD":"57","NAME":"North Lynbrook"},"geometry":{"type":"Polygon","coordinates":[[[-73.67603,40.6713],[-73.67428,40.67233],[-73.67348,40.67159],[-73.67329,40.67125],[-73.6732,40.67092],[-73.67286,40.67099],[-73.67284,40.67068],[-73.67198,40.66994],[-73.67211,40.66993],[-73.67185,40.66927],[-73.67156,40.6686],[-73.67107,40.66781],[-73.67148,40.6677],[-73.67126,40.66722],[-73.67076,40.66708],[-73.66988,40.66711],[-73.66984,40.6663],[-73.67048,40.6661],[-73.67034,40.66563],[-73.671,40.66562],[-73.67118,40.66616],[-73.67144,40.6662],[-73.67569,40.66588],[-73.67557,40.6667],[-73.67572,40.66903],[-73.67603,40.6708],[-73.67603,40.6713]]]}},{"type":"Feature","properties":{"std_name":"Oceanside CDP","std_geoid":"3654441","pen":"politicians","std_note":null,"LSAD":"57","NAME":"Oceanside"},"geometry":{"type":"Polygon","coordinates":[[[-73.6619,40.62386],[-73.66088,40.6284],[-73.66032,40.62897],[-73.65975,40.62983],[-73.65973,40.63046],[-73.65921,40.63388],[-73.65901,40.63452],[-73.65871,40.63424],[-73.65785,40.63463],[-73.65727,40.6352],[-73.65761,40.63533],[-73.6577,40.6355],[-73.6582,40.63564],[-73.6584,40.63567],[-73.65933,40.63568],[-73.65962,40.63571],[-73.65994,40.63582],[-73.65973,40.63602],[-73.65977,40.63612],[-73.65964,40.63642],[-73.65934,40.63773],[-73.65905,40.63809],[-73.65908,40.63835],[-73.65915,40.6384],[-73.65877,40.63974],[-73.65839,40.64076],[-73.65827,40.6419],[-73.65857,40.64254],[-73.6588,40.64279],[-73.6585,40.6444],[-73.6575,40.64836],[-73.65719,40.64899],[-73.65687,40.64986],[-73.65492,40.64749],[-73.65484,40.64745],[-73.65418,40.64752],[-73.65355,40.64768],[-73.65272,40.64775],[-73.65255,40.64824],[-73.652,40.6478],[-73.6502,40.64761],[-73.64951,40.64736],[-73.64821,40.64722],[-73.64705,40.64787],[-73.64666,40.64771],[-73.64541,40.64752],[-73.64473,40.64746],[-73.6422,40.64748],[-73.64096,40.64742],[-73.64081,40.64744],[-73.64056,40.64756],[-73.64032,40.64724],[-73.6397,40.64744],[-73.63919,40.64745],[-73.63825,40.64728],[-73.63819,40.64748],[-73.63518,40.6529],[-73.63471,40.65387],[-73.63352,40.65366],[-73.63153,40.65323],[-73.62997,40.6539],[-73.62739,40.65516],[-73.62728,40.65519],[-73.62681,40.65522],[-73.62677,40.65554],[-73.62645,40.65552],[-73.62644,40.65561],[-73.62637,40.65567],[-73.62276,40.65743],[-73.62193,40.6574],[-73.62225,40.65695],[-73.62218,40.6534],[-73.62091,40.6534],[-73.61958,40.65361],[-73.61878,40.64615],[-73.61802,40.64626],[-73.61715,40.64652],[-73.616,40.64692],[-73.61601,40.64665],[-73.61625,40.64643],[-73.6162,40.64621],[-73.61628,40.64558],[-73.61672,40.64442],[-73.61724,40.64367],[-73.61728,40.64336],[-73.61726,40.64301],[-73.61715,40.6424],[-73.61713,40.6419],[-73.61726,40.63984],[-73.61682,40.63785],[-73.61692,40.63692],[-73.61699,40.63669],[-73.61704,40.63624],[-73.6168,40.63533],[-73.61593,40.6333],[-73.61596,40.6328],[-73.61629,40.63216],[-73.61638,40.63188],[-73.61644,40.6318],[-73.61634,40.63056],[-73.61634,40.62995],[-73.61675,40.62952],[-73.61668,40.62899],[-73.61367,40.6247],[-73.61377,40.6214],[-73.62887,40.6114],[-73.63187,40.6095],[-73.63322,40.61068],[-73.63455,40.61042],[-73.63451,40.61122],[-73.6346,40.6116],[-73.63484,40.61183],[-73.63532,40.61183],[-73.6356,40.61197],[-73.63784,40.61223],[-73.63999,40.61314],[-73.64111,40.61541],[-73.6416,40.61624],[-73.64201,40.61678],[-73.64244,40.61707],[-73.64314,40.61747],[-73.64396,40.61765],[-73.64508,40.61772],[-73.64729,40.61747],[-73.64938,40.61728],[-73.64994,40.6172],[-73.64995,40.61723],[-73.65008,40.6172],[-73.65063,40.6173],[-73.65077,40.61718],[-73.65194,40.61696],[-73.65196,40.61714],[-73.65288,40.61706],[-73.65512,40.62181],[-73.65628,40.6232],[-73.65642,40.62353],[-73.6569,40.62372],[-73.65747,40.6238],[-73.65785,40.62341],[-73.65824,40.6232],[-73.65849,40.62301],[-73.65956,40.62289],[-73.66035,40.62297],[-73.66163,40.62287],[-73.66194,40.62305],[-73.6619,40.62386]]]}},{"type":"Feature","properties":{"std_name":"South Valley Stream CDP","std_geoid":"3669892","pen":"politicians","std_note":null,"LSAD":"57","NAME":"South Valley Stream"},"geometry":{"type":"Polygon","coordinates":[[[-73.72833,40.66304],[-73.72808,40.66307],[-73.72781,40.66322],[-73.72776,40.66398],[-73.72485,40.66433],[-73.72281,40.6637],[-73.71914,40.66387],[-73.71682,40.66326],[-73.71645,40.66336],[-73.71513,40.66292],[-73.71511,40.66276],[-73.71479,40.6618],[-73.71448,40.66183],[-73.71434,40.66197],[-73.71387,40.66229],[-73.71344,40.66211],[-73.71309,40.662],[-73.71314,40.66183],[-73.71276,40.66172],[-73.71186,40.66161],[-73.71153,40.66154],[-73.71091,40.66134],[-73.71076,40.66132],[-73.71048,40.66137],[-73.70991,40.66104],[-73.71042,40.6601],[-73.7108,40.65955],[-73.71054,40.65906],[-73.70961,40.65839],[-73.70942,40.65601],[-73.70941,40.65567],[-73.70935,40.65511],[-73.70958,40.65449],[-73.70974,40.65436],[-73.70967,40.65342],[-73.70941,40.65337],[-73.70921,40.65303],[-73.70913,40.65271],[-73.70935,40.65276],[-73.70912,40.65198],[-73.70899,40.65133],[-73.70877,40.65129],[-73.70865,40.6508],[-73.70861,40.65037],[-73.70882,40.65035],[-73.70951,40.65042],[-73.71161,40.65074],[-73.71217,40.651],[-73.71307,40.65153],[-73.71417,40.6499],[-73.71534,40.64808],[-73.71607,40.64731],[-73.71835,40.6464],[-73.719,40.64697],[-73.71933,40.64764],[-73.71971,40.64776],[-73.71991,40.64806],[-73.72037,40.64824],[-73.72091,40.64824],[-73.72348,40.64755],[-73.7217,40.64482],[-73.72275,40.64452],[-73.72364,40.64442],[-73.72442,40.64446],[-73.7247,40.64451],[-73.72522,40.64466],[-73.7257,40.64483],[-73.72532,40.64549],[-73.72524,40.64579],[-73.72524,40.64609],[-73.72541,40.64641],[-73.72607,40.64728],[-73.72525,40.6476],[-73.72468,40.64787],[-73.72414,40.64822],[-73.724,40.64837],[-73.72396,40.64859],[-73.7241,40.64951],[-73.72414,40.65015],[-73.72414,40.65031],[-73.72403,40.65069],[-73.72386,40.65094],[-73.7225,40.65252],[-73.7246,40.65336],[-73.72487,40.65345],[-73.72479,40.654],[-73.72534,40.65532],[-73.72593,40.65773],[-73.72644,40.65916],[-73.72721,40.66042],[-73.72793,40.66175],[-73.72833,40.66304]]]}},{"type":"Feature","properties":{"std_name":"Woodmere CDP","std_geoid":"3682942","pen":"politicians","std_note":null,"LSAD":"57","NAME":"Woodmere"},"geometry":{"type":"Polygon","coordinates":[[[-73.74602,40.63521],[-73.74418,40.63736],[-73.7433,40.63805],[-73.74236,40.63809],[-73.7415,40.63785],[-73.7412,40.63759],[-73.74119,40.63741],[-73.74127,40.63726],[-73.74208,40.63638],[-73.74258,40.63565],[-73.74267,40.63541],[-73.74265,40.63504],[-73.74224,40.63485],[-73.74168,40.63484],[-73.73996,40.63514],[-73.73947,40.63571],[-73.74126,40.63891],[-73.74228,40.64012],[-73.74143,40.6405],[-73.74205,40.64147],[-73.74166,40.6422],[-73.74144,40.64609],[-73.74144,40.64689],[-73.73905,40.6482],[-73.73513,40.64973],[-73.73105,40.65023],[-73.72974,40.65056],[-73.72899,40.65084],[-73.72687,40.65154],[-73.72667,40.65169],[-73.72643,40.65179],[-73.72525,40.65219],[-73.72505,40.65234],[-73.72498,40.65268],[-73.72482,40.65302],[-73.72487,40.65345],[-73.7246,40.65336],[-73.7225,40.65252],[-73.72386,40.65094],[-73.72403,40.65069],[-73.72414,40.65031],[-73.72414,40.65015],[-73.7241,40.64951],[-73.72396,40.64859],[-73.724,40.64837],[-73.72414,40.64822],[-73.72468,40.64787],[-73.72525,40.6476],[-73.72607,40.64728],[-73.72541,40.64641],[-73.72524,40.64609],[-73.72524,40.64579],[-73.72532,40.64549],[-73.7257,40.64483],[-73.72522,40.64466],[-73.7247,40.64451],[-73.72397,40.64442],[-73.72364,40.64442],[-73.72303,40.64447],[-73.72244,40.6446],[-73.72134,40.64494],[-73.71987,40.64514],[-73.71958,40.64523],[-73.71915,40.64542],[-73.71866,40.64569],[-73.71663,40.64628],[-73.71571,40.6466],[-73.71548,40.64673],[-73.71568,40.64694],[-73.71533,40.64725],[-73.71504,40.64762],[-73.71482,40.64755],[-73.7128,40.65058],[-73.7121,40.65015],[-73.71176,40.65005],[-73.70869,40.64966],[-73.70834,40.64915],[-73.70781,40.64855],[-73.70746,40.64799],[-73.70735,40.64776],[-73.70554,40.64493],[-73.70504,40.64493],[-73.70426,40.64374],[-73.70736,40.64258],[-73.70682,40.64173],[-73.70502,40.63824],[-73.71062,40.63557],[-73.70717,40.63173],[-73.7057,40.6333],[-73.7039,40.63278],[-73.70286,40.63262],[-73.70258,40.63244],[-73.70209,40.63233],[-73.70203,40.63242],[-73.69961,40.63223],[-73.69926,40.63225],[-73.69952,40.63147],[-73.69842,40.63153],[-73.698,40.6309],[-73.69737,40.62907],[-73.69647,40.62734],[-73.69744,40.62703],[-73.69883,40.62695],[-73.70026,40.62702],[-73.70131,40.62718],[-73.70282,40.62717],[-73.70373,40.62511],[-73.70407,40.62524],[-73.70524,40.62543],[-73.70595,40.62542],[-73.70661,40.62534],[-73.70983,40.62899],[-73.71286,40.62751],[-73.71304,40.62745],[-73.71341,40.62723],[-73.71425,40.62683],[-73.71318,40.62563],[-73.71271,40.62516],[-73.71155,40.62382],[-73.71134,40.62362],[-73.71136,40.62345],[-73.71161,40.62273],[-73.71274,40.61979],[-73.71274,40.61972],[-73.71265,40.61958],[-73.71216,40.6191],[-73.71192,40.61892],[-73.71184,40.61881],[-73.71326,40.61878],[-73.71359,40.61871],[-73.71416,40.61872],[-73.71449,40.61867],[-73.71451,40.61858],[-73.71469,40.61843],[-73.71494,40.61814],[-73.71505,40.6181],[-73.71532,40.6181],[-73.71595,40.61835],[-73.71679,40.62061],[-73.71807,40.62125],[-73.7186,40.62163],[-73.71708,40.62473],[-73.72176,40.6278],[-73.72391,40.62937],[-73.72404,40.62948],[-73.72415,40.62967],[-73.72451,40.62955],[-73.7247,40.62981],[-73.72496,40.62973],[-73.72503,40.62985],[-73.7248,40.62992],[-73.72486,40.63006],[-73.72512,40.62998],[-73.72524,40.63001],[-73.72677,40.63098],[-73.72731,40.6316],[-73.72861,40.6313],[-73.73028,40.63086],[-73.73031,40.63076],[-73.73098,40.63051],[-73.73103,40.6306],[-73.73111,40.63063],[-73.7316,40.6305],[-73.73166,40.63073],[-73.73265,40.63268],[-73.73338,40.63387],[-73.7338,40.63384],[-73.73428,40.63366],[-73.73479,40.63327],[-73.73599,40.63263],[-73.73636,40.63236],[-73.73717,40.63305],[-73.73788,40.63272],[-73.73863,40.63267],[-73.73989,40.6323],[-73.74001,40.6321],[-73.74127,40.63104],[-73.74169,40.6309],[-73.7443,40.63151],[-73.748,40.63463],[-73.74602,40.63521]]]}},{"type":"Feature","properties":{"std_name":"Kings Point village","std_geoid":"3639694","pen":"politicians","std_note":null,"LSAD":"47","NAME":"Kings Point"},"geometry":{"type":"Polygon","coordinates":[[[-73.7653,40.81443],[-73.76227,40.81787],[-73.75789,40.81816],[-73.75687,40.81874],[-73.7543,40.82156],[-73.75388,40.82417],[-73.75484,40.82506],[-73.75534,40.82741],[-73.75838,40.83006],[-73.75837,40.83376],[-73.75504,40.83626],[-73.75466,40.83826],[-73.75466,40.83844],[-73.75427,40.84043],[-73.74878,40.83681],[-73.74769,40.83476],[-73.74287,40.83394],[-73.73763,40.82891],[-73.73746,40.82834],[-73.73056,40.82868],[-73.72829,40.82485],[-73.72573,40.82511],[-73.71969,40.82267],[-73.71417,40.8158],[-73.7152,40.81473],[-73.71461,40.81418],[-73.71442,40.81221],[-73.71332,40.81044],[-73.71311,40.80615],[-73.71456,40.80566],[-73.71258,40.8019],[-73.71414,40.80126],[-73.71502,40.80133],[-73.7178,40.80065],[-73.71812,40.80069],[-73.71831,40.80063],[-73.7185,40.80078],[-73.71922,40.80097],[-73.71914,40.80144],[-73.71936,40.80282],[-73.7195,40.80353],[-73.7207,40.80341],[-73.72159,40.80358],[-73.72168,40.80407],[-73.72085,40.80473],[-73.72166,40.8052],[-73.72172,40.80532],[-73.72193,40.8065],[-73.72283,40.80632],[-73.72304,40.80741],[-73.72643,40.80709],[-73.72781,40.80691],[-73.72807,40.80762],[-73.73088,40.8073],[-73.73118,40.80784],[-73.73131,40.80782],[-73.73134,40.808],[-73.73122,40.80801],[-73.73141,40.80911],[-73.73153,40.80962],[-73.7311,40.80968],[-73.73125,40.81099],[-73.73352,40.81068],[-73.73411,40.81064],[-73.7342,40.81108],[-73.73628,40.81157],[-73.73598,40.81196],[-73.73587,40.81228],[-73.7374,40.81254],[-73.73793,40.81272],[-73.73815,40.81283],[-73.73809,40.8119],[-73.73828,40.8116],[-73.73774,40.8116],[-73.73824,40.81045],[-73.73909,40.81022],[-73.74045,40.81012],[-73.74087,40.81011],[-73.74093,40.81092],[-73.74161,40.81094],[-73.74156,40.80995],[-73.74308,40.81016],[-73.74308,40.80981],[-73.74529,40.80939],[-73.74785,40.80871],[-73.75113,40.81],[-73.75173,40.8089],[-73.75271,40.80944],[-73.75213,40.81024],[-73.75394,40.81111],[-73.75471,40.81135],[-73.75543,40.81174],[-73.75611,40.81221],[-73.75667,40.81133],[-73.75751,40.81031],[-73.75597,40.809],[-73.75481,40.80823],[-73.75428,40.80891],[-73.75385,40.80857],[-73.75368,40.8087],[-73.7529,40.80843],[-73.75282,40.80848],[-73.75207,40.80794],[-73.7515,40.8076],[-73.75217,40.80701],[-73.75031,40.80612],[-73.74942,40.80523],[-73.74876,40.80552],[-73.74735,40.80638],[-73.74715,40.80653],[-73.7473,40.8068],[-73.74401,40.80429],[-73.74155,40.8015],[-73.74359,40.8003],[-73.74418,40.80014],[-73.74437,40.80032],[-73.74571,40.79965],[-73.74645,40.79939],[-73.74663,40.79961],[-73.7472,40.79995],[-73.74759,40.80002],[-73.74883,40.79995],[-73.74958,40.79977],[-73.75063,40.79944],[-73.75127,40.79898],[-73.75154,40.79818],[-73.75193,40.79825],[-73.75202,40.79756],[-73.75341,40.79775],[-73.75358,40.79769],[-73.75378,40.79867],[-73.75544,40.80052],[-73.75868,40.80134],[-73.76159,40.80521],[-73.76499,40.80736],[-73.76424,40.80947],[-73.7653,40.81443]]]}},{"type":"Feature","properties":{"std_name":"Plandome Heights village","std_geoid":"3658486","pen":"politicians","std_note":null,"LSAD":"47","NAME":"Plandome Heights"},"geometry":{"type":"Polygon","coordinates":[[[-73.71157,40.80191],[-73.71146,40.80387],[-73.70958,40.804],[-73.70901,40.80396],[-73.707,40.80423],[-73.70548,40.80468],[-73.70437,40.80484],[-73.70387,40.80497],[-73.70355,40.80527],[-73.70309,40.80489],[-73.70335,40.80472],[-73.70319,40.80446],[-73.70242,40.80269],[-73.70263,40.8029],[-73.70229,40.8023],[-73.69811,40.80312],[-73.69706,40.80346],[-73.69655,40.80351],[-73.69639,40.80319],[-73.69639,40.80309],[-73.69621,40.80269],[-73.69614,40.80201],[-73.69598,40.80132],[-73.69661,40.80121],[-73.6966,40.8011],[-73.70172,40.80034],[-73.7056,40.80027],[-73.70563,40.79985],[-73.70598,40.79985],[-73.70598,40.80023],[-73.70639,40.8002],[-73.70643,40.79985],[-73.70942,40.79978],[-73.7112,40.80009],[-73.71157,40.80191]]]}},{"type":"Feature","properties":{"std_name":"Plandome village","std_geoid":"3658475","pen":"politicians","std_note":null,"LSAD":"47","NAME":"Plandome"},"geometry":{"type":"Polygon","coordinates":[[[-73.7114,40.80453],[-73.71133,40.80644],[-73.7109,40.80646],[-73.71078,40.80694],[-73.71057,40.80742],[-73.71015,40.80788],[-73.71005,40.80807],[-73.7109,40.80804],[-73.71001,40.80972],[-73.70897,40.80966],[-73.70654,40.80973],[-73.70633,40.81003],[-73.70611,40.81019],[-73.7058,40.81034],[-73.70561,40.80988],[-73.70003,40.81049],[-73.69982,40.81063],[-73.69878,40.81051],[-73.69814,40.81035],[-73.69803,40.81054],[-73.69794,40.81083],[-73.69777,40.81086],[-73.69706,40.81081],[-73.69686,40.81084],[-73.69656,40.81099],[-73.69645,40.81105],[-73.69638,40.81118],[-73.69622,40.81131],[-73.69619,40.81153],[-73.6963,40.81169],[-73.69631,40.81182],[-73.69605,40.81186],[-73.69587,40.812],[-73.69526,40.81223],[-73.69511,40.81153],[-73.69506,40.81074],[-73.69487,40.80952],[-73.69366,40.8099],[-73.68861,40.80882],[-73.68817,40.80762],[-73.68738,40.80525],[-73.68862,40.80497],[-73.69319,40.80431],[-73.69373,40.80426],[-73.69469,40.80424],[-73.69536,40.80409],[-73.69519,40.80356],[-73.6953,40.80349],[-73.69655,40.80351],[-73.69706,40.80346],[-73.69811,40.80312],[-73.70229,40.8023],[-73.70263,40.8029],[-73.70242,40.80269],[-73.70319,40.80446],[-73.70335,40.80472],[-73.70309,40.80489],[-73.70355,40.80527],[-73.70387,40.80497],[-73.70437,40.80484],[-73.70548,40.80468],[-73.707,40.80423],[-73.70901,40.80396],[-73.70958,40.804],[-73.71146,40.80387],[-73.7114,40.80453]]]}},{"type":"Feature","properties":{"std_name":"Plandome Manor village","std_geoid":"3658497","pen":"politicians","std_note":null,"LSAD":"47","NAME":"Plandome Manor"},"geometry":{"type":"Polygon","coordinates":[[[-73.7102,40.8103],[-73.71034,40.81111],[-73.70959,40.81332],[-73.70727,40.81501],[-73.706,40.81872],[-73.70532,40.81901],[-73.69972,40.82049],[-73.69811,40.82084],[-73.69671,40.81775],[-73.69543,40.81822],[-73.69463,40.81845],[-73.69372,40.8188],[-73.69255,40.81915],[-73.69154,40.81956],[-73.68858,40.82068],[-73.68778,40.81839],[-73.68704,40.8185],[-73.68703,40.81819],[-73.68713,40.81786],[-73.68719,40.81704],[-73.68737,40.81679],[-73.68778,40.81639],[-73.68812,40.81614],[-73.6885,40.81593],[-73.69249,40.8144],[-73.69306,40.81411],[-73.69353,40.81379],[-73.69401,40.81336],[-73.69438,40.81292],[-73.69467,40.81244],[-73.68971,40.81311],[-73.68885,40.81085],[-73.6896,40.81074],[-73.6894,40.81014],[-73.68869,40.81024],[-73.68845,40.80955],[-73.68825,40.80875],[-73.69366,40.8099],[-73.69487,40.80952],[-73.69506,40.81074],[-73.69511,40.81153],[-73.69526,40.81223],[-73.69587,40.812],[-73.69605,40.81186],[-73.69631,40.81182],[-73.6963,40.81169],[-73.69619,40.81153],[-73.69622,40.81131],[-73.69638,40.81118],[-73.69645,40.81105],[-73.69656,40.81099],[-73.69686,40.81084],[-73.69706,40.81081],[-73.69777,40.81086],[-73.69794,40.81083],[-73.69803,40.81054],[-73.69814,40.81035],[-73.69878,40.81051],[-73.69982,40.81063],[-73.70003,40.81049],[-73.70561,40.80988],[-73.7058,40.81034],[-73.70611,40.81019],[-73.70633,40.81003],[-73.70654,40.80973],[-73.70897,40.80966],[-73.71048,40.80974],[-73.7102,40.8103]]]}},{"type":"Feature","properties":{"std_name":"Baxter Estates village","std_geoid":"3604803","pen":"politicians","std_note":null,"LSAD":"47","NAME":"Baxter Estates"},"geometry":{"type":"Polygon","coordinates":[[[-73.70018,40.83533],[-73.69977,40.83568],[-73.69894,40.83618],[-73.69861,40.83632],[-73.69807,40.83645],[-73.69796,40.83655],[-73.69781,40.83684],[-73.69666,40.83669],[-73.69403,40.83655],[-73.69288,40.83665],[-73.69257,40.83671],[-73.69165,40.83698],[-73.69124,40.83717],[-73.69113,40.83666],[-73.69071,40.83243],[-73.68982,40.83244],[-73.68985,40.83196],[-73.68987,40.83194],[-73.68985,40.83156],[-73.69006,40.83153],[-73.69006,40.83144],[-73.68922,40.83151],[-73.68917,40.8313],[-73.68924,40.83049],[-73.69138,40.83039],[-73.69188,40.83044],[-73.69654,40.8314],[-73.6973,40.83189],[-73.69739,40.83207],[-73.69755,40.83222],[-73.69969,40.83261],[-73.69989,40.83262],[-73.70009,40.83259],[-73.70051,40.83247],[-73.69982,40.83364],[-73.69982,40.83397],[-73.70006,40.83435],[-73.70069,40.83497],[-73.70018,40.83533]]]}},{"type":"Feature","properties":{"std_name":"Sands Point village","std_geoid":"3665035","pen":"politicians","std_note":null,"LSAD":"47","NAME":"Sands Point"},"geometry":{"type":"Polygon","coordinates":[[[-73.74069,40.847],[-73.74016,40.85168],[-73.7358,40.85257],[-73.7308,40.85489],[-73.73021,40.85674],[-73.73483,40.86564],[-73.73053,40.86936],[-73.72231,40.8684],[-73.71869,40.87158],[-73.71354,40.87327],[-73.6728,40.85941],[-73.6727,40.85589],[-73.66514,40.84437],[-73.66829,40.84312],[-73.67153,40.84168],[-73.67142,40.84124],[-73.67105,40.84078],[-73.67126,40.84054],[-73.67159,40.84066],[-73.6748,40.8397],[-73.6747,40.83863],[-73.67751,40.83812],[-73.68552,40.83694],[-73.68672,40.8368],[-73.68685,40.83707],[-73.68554,40.83724],[-73.68556,40.83755],[-73.687,40.83735],[-73.6874,40.83812],[-73.68772,40.83859],[-73.68876,40.83969],[-73.68928,40.84031],[-73.68952,40.84072],[-73.68972,40.84121],[-73.69007,40.84286],[-73.69014,40.84334],[-73.69068,40.84808],[-73.69096,40.85028],[-73.69101,40.85053],[-73.69123,40.85075],[-73.69348,40.85267],[-73.69509,40.85397],[-73.69551,40.85315],[-73.6961,40.85263],[-73.69714,40.85145],[-73.69814,40.85023],[-73.6987,40.84969],[-73.69916,40.84905],[-73.70078,40.84987],[-73.7029,40.85024],[-73.70464,40.85008],[-73.70755,40.85063],[-73.70824,40.85059],[-73.70907,40.84871],[-73.70967,40.84811],[-73.71297,40.84731],[-73.71358,40.8471],[-73.71412,40.84687],[-73.71411,40.84677],[-73.71455,40.84671],[-73.71506,40.84672],[-73.71498,40.84645],[-73.71621,40.84588],[-73.71704,40.84546],[-73.71788,40.84511],[-73.71868,40.84448],[-73.71957,40.84444],[-73.71978,40.84459],[-73.72035,40.84467],[-73.72075,40.8446],[-73.72216,40.84447],[-73.72121,40.8396],[-73.72115,40.83919],[-73.72133,40.83912],[-73.72229,40.83849],[-73.72199,40.83756],[-73.72213,40.83739],[-73.72344,40.83816],[-73.72386,40.83852],[-73.72447,40.83852],[-73.72544,40.8393],[-73.72639,40.83919],[-73.727,40.83896],[-73.72823,40.83821],[-73.7285,40.8379],[-73.72857,40.8371],[-73.72726,40.83465],[-73.72715,40.83327],[-73.72744,40.83287],[-73.72772,40.83303],[-73.72871,40.83438],[-73.72945,40.83632],[-73.73297,40.83631],[-73.73302,40.84108],[-73.74069,40.847]]]}},{"type":"Feature","properties":{"std_name":"Port Washington North village","std_geoid":"3659531","pen":"politicians","std_note":null,"LSAD":"47","NAME":"Port Washington North"},"geometry":{"type":"Polygon","coordinates":[[[-73.70824,40.85059],[-73.70755,40.85063],[-73.70464,40.85008],[-73.7029,40.85024],[-73.70078,40.84987],[-73.69916,40.84905],[-73.69827,40.84841],[-73.69831,40.84837],[-73.6973,40.84763],[-73.6967,40.84583],[-73.69656,40.84515],[-73.69606,40.84537],[-73.69563,40.84568],[-73.69552,40.84583],[-73.69534,40.8463],[-73.69517,40.84651],[-73.69435,40.84681],[-73.69315,40.8469],[-73.69154,40.84674],[-73.69054,40.84678],[-73.69049,40.84631],[-73.69476,40.84557],[-73.69451,40.84475],[-73.69559,40.84435],[-73.696,40.8441],[-73.69576,40.8437],[-73.69566,40.84348],[-73.69556,40.84311],[-73.69543,40.84231],[-73.69541,40.84154],[-73.69551,40.84149],[-73.69563,40.84136],[-73.69639,40.84049],[-73.69742,40.83914],[-73.69748,40.83898],[-73.69736,40.83868],[-73.69727,40.83834],[-73.69727,40.83799],[-73.69738,40.83765],[-73.69796,40.83655],[-73.69807,40.83645],[-73.69861,40.83632],[-73.69894,40.83618],[-73.69977,40.83568],[-73.70018,40.83533],[-73.70069,40.83497],[-73.70206,40.83438],[-73.70297,40.8357],[-73.70482,40.83899],[-73.70405,40.83928],[-73.70346,40.83959],[-73.70395,40.84021],[-73.70437,40.84049],[-73.70612,40.84126],[-73.70809,40.84293],[-73.70793,40.84306],[-73.70789,40.84312],[-73.70782,40.84339],[-73.70729,40.84467],[-73.70724,40.84491],[-73.70714,40.8459],[-73.70698,40.84672],[-73.70697,40.84713],[-73.7071,40.84851],[-73.7073,40.84986],[-73.7074,40.85002],[-73.70757,40.85018],[-73.70824,40.85059]]]}},{"type":"Feature","properties":{"std_name":"Sea Cliff village","std_geoid":"3666047","pen":"politicians","std_note":null,"LSAD":"47","NAME":"Sea Cliff"},"geometry":{"type":"Polygon","coordinates":[[[-73.67107,40.8593],[-73.65208,40.85574],[-73.65013,40.85556],[-73.64961,40.85376],[-73.6488,40.85357],[-73.64723,40.85268],[-73.64599,40.85247],[-73.6458,40.85262],[-73.64529,40.85286],[-73.64386,40.85321],[-73.64375,40.85246],[-73.64364,40.85232],[-73.6435,40.85227],[-73.64294,40.85246],[-73.64265,40.85251],[-73.64252,40.85246],[-73.64235,40.85234],[-73.64228,40.85225],[-73.64221,40.85207],[-73.64127,40.85236],[-73.63947,40.853],[-73.63757,40.8533],[-73.636,40.85346],[-73.63434,40.85393],[-73.63433,40.85382],[-73.63438,40.85368],[-73.63484,40.8531],[-73.63524,40.85188],[-73.63532,40.85133],[-73.63546,40.84902],[-73.63578,40.8476],[-73.63581,40.84685],[-73.63576,40.84622],[-73.63551,40.84564],[-73.63537,40.84512],[-73.63538,40.84469],[-73.63542,40.84448],[-73.63565,40.84389],[-73.63571,40.84358],[-73.6357,40.84323],[-73.63558,40.84255],[-73.63549,40.8422],[-73.63481,40.84151],[-73.63456,40.84117],[-73.63443,40.84088],[-73.63408,40.83986],[-73.6338,40.83922],[-73.6325,40.83717],[-73.6341,40.83655],[-73.63585,40.83638],[-73.63747,40.83668],[-73.64972,40.8351],[-73.65179,40.83499],[-73.65597,40.8345],[-73.66217,40.8455],[-73.67107,40.8593]]]}},{"type":"Feature","properties":{"std_name":"New Rochelle city","std_geoid":"3650617","pen":"politicians","std_note":null,"LSAD":"25","NAME":"New Rochelle"},"geometry":{"type":"Polygon","coordinates":[[[-73.807,40.93544],[-73.80676,40.9362],[-73.80626,40.93699],[-73.80556,40.93841],[-73.80519,40.9388],[-73.80448,40.93908],[-73.80406,40.93935],[-73.80385,40.93965],[-73.80388,40.94023],[-73.8036,40.94111],[-73.8028,40.94239],[-73.80267,40.94296],[-73.80254,40.94318],[-73.80243,40.94333],[-73.80198,40.94377],[-73.80188,40.94426],[-73.80136,40.94418],[-73.8008,40.94451],[-73.80078,40.94462],[-73.80052,40.94494],[-73.80023,40.94568],[-73.79982,40.94604],[-73.7997,40.94624],[-73.79964,40.94651],[-73.79961,40.94689],[-73.79965,40.94703],[-73.79962,40.94722],[-73.79921,40.94786],[-73.79916,40.94803],[-73.79933,40.94815],[-73.79908,40.94851],[-73.79908,40.94909],[-73.79858,40.95003],[-73.79841,40.9502],[-73.79833,40.95035],[-73.79839,40.9506],[-73.79844,40.95066],[-73.7986,40.95075],[-73.79892,40.95074],[-73.79891,40.95081],[-73.79873,40.95103],[-73.79844,40.95124],[-73.79845,40.95152],[-73.79878,40.9519],[-73.79906,40.95214],[-73.79944,40.95275],[-73.79965,40.95293],[-73.79984,40.95302],[-73.7999,40.9532],[-73.79973,40.95347],[-73.7998,40.95381],[-73.7998,40.95415],[-73.79965,40.95472],[-73.79931,40.95509],[-73.79881,40.95603],[-73.79872,40.95631],[-73.79833,40.95704],[-73.79915,40.95731],[-73.80062,40.95772],[-73.80077,40.95795],[-73.80094,40.95804],[-73.80099,40.95815],[-73.80079,40.95842],[-73.80057,40.95922],[-73.80036,40.96024],[-73.79974,40.96057],[-73.79967,40.96076],[-73.79966,40.96096],[-73.79933,40.96157],[-73.79897,40.96209],[-73.79804,40.9631],[-73.79755,40.96372],[-73.7973,40.96421],[-73.79711,40.96451],[-73.79662,40.96491],[-73.79646,40.96518],[-73.79654,40.96542],[-73.79657,40.96571],[-73.79645,40.96591],[-73.79597,40.96625],[-73.7959,40.96646],[-73.79559,40.96673],[-73.79555,40.96663],[-73.79478,40.96728],[-73.79396,40.96784],[-73.79378,40.96803],[-73.79362,40.96831],[-73.79357,40.96847],[-73.79347,40.96856],[-73.793,40.96881],[-73.79293,40.96891],[-73.79277,40.96929],[-73.79252,40.96938],[-73.79246,40.96949],[-73.79259,40.96966],[-73.79242,40.96981],[-73.79239,40.96999],[-73.79252,40.97053],[-73.79257,40.97103],[-73.79277,40.97176],[-73.7928,40.97182],[-73.79302,40.97198],[-73.79333,40.97205],[-73.79343,40.97213],[-73.79353,40.97235],[-73.79385,40.97282],[-73.79395,40.97302],[-73.79394,40.97337],[-73.79407,40.9736],[-73.79395,40.97371],[-73.79388,40.97387],[-73.7939,40.97399],[-73.79371,40.97414],[-73.79366,40.97424],[-73.79352,40.97438],[-73.79312,40.97512],[-73.79277,40.97548],[-73.79247,40.9757],[-73.79243,40.97577],[-73.79197,40.976],[-73.79179,40.976],[-73.79163,40.9761],[-73.79156,40.97622],[-73.79133,40.97634],[-73.79104,40.97657],[-73.79097,40.97673],[-73.79088,40.97683],[-73.79087,40.9769],[-73.79078,40.97699],[-73.79056,40.97707],[-73.79027,40.97727],[-73.79035,40.97741],[-73.79049,40.9775],[-73.79057,40.9777],[-73.79055,40.9778],[-73.7906,40.97794],[-73.79079,40.97806],[-73.79083,40.97814],[-73.79077,40.97822],[-73.7908,40.97832],[-73.79101,40.97873],[-73.79106,40.97888],[-73.79117,40.97899],[-73.7911,40.98005],[-73.79091,40.98016],[-73.79082,40.98032],[-73.79083,40.98053],[-73.79069,40.9806],[-73.79062,40.98067],[-73.7906,40.98077],[-73.7904,40.98112],[-73.79013,40.9812],[-73.79001,40.98127],[-73.79,40.98137],[-73.79003,40.98139],[-73.78994,40.9815],[-73.79001,40.98155],[-73.7899,40.98162],[-73.78987,40.98178],[-73.78972,40.98196],[-73.78957,40.98196],[-73.78948,40.98202],[-73.78938,40.98203],[-73.78918,40.98214],[-73.78916,40.98221],[-73.78904,40.98223],[-73.78902,40.98233],[-73.78885,40.98238],[-73.78877,40.98266],[-73.78871,40.98275],[-73.78853,40.9828],[-73.78852,40.98285],[-73.78851,40.98301],[-73.78843,40.98317],[-73.78856,40.98324],[-73.78739,40.98501],[-73.7872,40.98526],[-73.78703,40.98542],[-73.78643,40.98579],[-73.78651,40.98635],[-73.78643,40.9869],[-73.7864,40.98745],[-73.77795,40.98834],[-73.77765,40.98703],[-73.77663,40.98384],[-73.77639,40.98238],[-73.7761,40.98009],[-73.77594,40.97917],[-73.7755,40.97738],[-73.7754,40.97689],[-73.77533,40.97638],[-73.77532,40.97599],[-73.7752,40.97517],[-73.7748,40.97318],[-73.7738,40.96749],[-73.77341,40.9658],[-73.77334,40.96511],[-73.7725,40.96044],[-73.77184,40.95586],[-73.7727,40.95508],[-73.77224,40.95307],[-73.77101,40.94736],[-73.7705,40.94521],[-73.77026,40.94557],[-73.7701,40.94552],[-73.77007,40.94524],[-73.76964,40.94497],[-73.76902,40.94191],[-73.76882,40.94067],[-73.76855,40.93944],[-73.7682,40.9376],[-73.76802,40.93681],[-73.7685,40.93661],[-73.76813,40.93489],[-73.76732,40.93136],[-73.76726,40.9312],[-73.7672,40.93068],[-73.767,40.92972],[-73.76683,40.92924],[-73.76479,40.9203],[-73.76255,40.91997],[-73.76105,40.91968],[-73.75812,40.9194],[-73.7566,40.91921],[-73.75517,40.91897],[-73.75539,40.91841],[-73.75543,40.91819],[-73.75539,40.91813],[-73.7555,40.918],[-73.7555,40.91787],[-73.75549,40.91777],[-73.75519,40.91755],[-73.75512,40.91728],[-73.75489,40.91714],[-73.7548,40.91697],[-73.75485,40.91673],[-73.75497,40.91654],[-73.75521,40.91639],[-73.75577,40.91615],[-73.75628,40.91602],[-73.75963,40.91203],[-73.76128,40.9097],[-73.76168,40.9084],[-73.76188,40.9072],[-73.76138,40.9052],[-73.75968,40.901],[-73.75508,40.8933],[-73.74958,40.88623],[-73.7406,40.8762],[-73.748,40.87187],[-73.74806,40.87172],[-73.76099,40.87518],[-73.7812,40.88048],[-73.7837,40.88108],[-73.78473,40.88186],[-73.78538,40.88218],[-73.78666,40.88347],[-73.78666,40.88358],[-73.7883,40.88509],[-73.78834,40.88517],[-73.79402,40.89087],[-73.79764,40.89457],[-73.79812,40.8952],[-73.79831,40.89565],[-73.79853,40.89595],[-73.79911,40.89859],[-73.79927,40.89956],[-73.79969,40.90145],[-73.7999,40.90261],[-73.80013,40.90427],[-73.80095,40.90824],[-73.80121,40.90841],[-73.80195,40.91181],[-73.80198,40.91182],[-73.80179,40.91246],[-73.8018,40.91272],[-73.80191,40.91287],[-73.80207,40.9132],[-73.80225,40.91322],[-73.80305,40.91683],[-73.80314,40.91751],[-73.80356,40.91917],[-73.80397,40.92099],[-73.80397,40.92118],[-73.80389,40.92152],[-73.80441,40.92415],[-73.80471,40.92517],[-73.80474,40.92527],[-73.80481,40.92532],[-73.80501,40.92592],[-73.80504,40.9265],[-73.80508,40.9266],[-73.80519,40.92672],[-73.8054,40.92684],[-73.80513,40.92724],[-73.80513,40.92737],[-73.80502,40.92765],[-73.80453,40.92805],[-73.80438,40.92814],[-73.80395,40.92817],[-73.80365,40.9285],[-73.8033,40.92861],[-73.80196,40.92935],[-73.80178,40.92953],[-73.80165,40.92992],[-73.80139,40.93003],[-73.801,40.93003],[-73.80066,40.93013],[-73.80089,40.93032],[-73.80098,40.93052],[-73.80087,40.93164],[-73.80086,40.93203],[-73.80077,40.93275],[-73.80108,40.93271],[-73.80134,40.93273],[-73.80134,40.93279],[-73.80153,40.9329],[-73.80194,40.93336],[-73.80227,40.93327],[-73.803,40.93332],[-73.80327,40.93338],[-73.80355,40.93326],[-73.80382,40.93323],[-73.80391,40.93326],[-73.80398,40.93338],[-73.80405,40.93342],[-73.80419,40.93344],[-73.80466,40.93334],[-73.80583,40.9339],[-73.80637,40.93431],[-73.80676,40.93466],[-73.80692,40.93498],[-73.807,40.93544]]]}},{"type":"Feature","properties":{"std_name":"Rye city","std_geoid":"3664309","pen":"politicians","std_note":null,"LSAD":"25","NAME":"Rye"},"geometry":{"type":"Polygon","coordinates":[[[-73.71581,40.95917],[-73.71491,40.96016],[-73.71255,40.96261],[-73.71206,40.96303],[-73.71183,40.96326],[-73.71147,40.96337],[-73.71053,40.96388],[-73.71003,40.96402],[-73.70968,40.96417],[-73.70904,40.9646],[-73.70878,40.96473],[-73.70852,40.96481],[-73.70835,40.96497],[-73.70785,40.96564],[-73.70769,40.96591],[-73.70752,40.96607],[-73.70719,40.96693],[-73.70638,40.96833],[-73.70612,40.96868],[-73.70576,40.96893],[-73.70539,40.96925],[-73.70495,40.97034],[-73.70474,40.97061],[-73.70422,40.97106],[-73.70398,40.97131],[-73.70379,40.9716],[-73.70369,40.97188],[-73.70388,40.97203],[-73.70357,40.97252],[-73.70301,40.97292],[-73.70332,40.97317],[-73.70524,40.97188],[-73.70614,40.97134],[-73.70665,40.97108],[-73.70746,40.97073],[-73.70802,40.97054],[-73.70854,40.97038],[-73.70923,40.97023],[-73.70775,40.9723],[-73.70183,40.98083],[-73.7018,40.98091],[-73.70178,40.9809],[-73.7008,40.98385],[-73.69821,40.98701],[-73.69668,40.9888],[-73.69616,40.98935],[-73.68607,40.99193],[-73.68673,40.99372],[-73.68663,40.99387],[-73.6864,40.9939],[-73.68583,40.99466],[-73.68561,40.99505],[-73.68566,40.99558],[-73.68518,40.99596],[-73.68504,40.99624],[-73.68466,40.99645],[-73.68467,40.99766],[-73.68499,40.99786],[-73.68233,40.99761],[-73.68256,40.99729],[-73.68308,40.99671],[-73.68358,40.99594],[-73.68382,40.9955],[-73.68002,40.99481],[-73.67953,40.99467],[-73.67966,40.99283],[-73.67242,40.99008],[-73.67108,40.98937],[-73.66983,40.98912],[-73.66302,40.98661],[-73.66297,40.9867],[-73.66217,40.9865],[-73.65762,40.9855],[-73.65677,40.98451],[-73.61289,40.95094],[-73.69897,40.90039],[-73.70967,40.89417],[-73.70957,40.91477],[-73.71047,40.9245],[-73.71352,40.94449],[-73.71353,40.94454],[-73.71364,40.9446],[-73.71386,40.94601],[-73.71379,40.94595],[-73.71368,40.94598],[-73.71392,40.94696],[-73.714,40.94697],[-73.7142,40.94836],[-73.71417,40.94838],[-73.71418,40.94844],[-73.71429,40.94895],[-73.71426,40.94897],[-73.71437,40.94942],[-73.71577,40.95915],[-73.71581,40.95917]]]}},{"type":"Feature","properties":{"std_name":"Larchmont village","std_geoid":"3641333","pen":"politicians","std_note":null,"LSAD":"47","NAME":"Larchmont"},"geometry":{"type":"Polygon","coordinates":[[[-73.76568,40.92867],[-73.76413,40.92976],[-73.76258,40.93096],[-73.75982,40.9333],[-73.76019,40.93346],[-73.75858,40.93492],[-73.75774,40.93561],[-73.75738,40.93552],[-73.7565,40.93633],[-73.75609,40.936],[-73.7549,40.9356],[-73.75402,40.93503],[-73.75296,40.93414],[-73.75236,40.93387],[-73.75186,40.93355],[-73.75164,40.93338],[-73.75024,40.93253],[-73.74947,40.93212],[-73.74911,40.93197],[-73.74893,40.93197],[-73.74884,40.93193],[-73.74878,40.93199],[-73.74859,40.93193],[-73.74855,40.93201],[-73.74842,40.93195],[-73.7482,40.93203],[-73.74805,40.93199],[-73.74804,40.93206],[-73.74808,40.93211],[-73.74795,40.93213],[-73.74792,40.93226],[-73.74789,40.93227],[-73.74778,40.9322],[-73.74777,40.93226],[-73.74786,40.93231],[-73.74785,40.93233],[-73.74773,40.93241],[-73.74766,40.93239],[-73.74764,40.93244],[-73.74766,40.9326],[-73.7476,40.93266],[-73.74765,40.93272],[-73.74758,40.93281],[-73.74769,40.93286],[-73.74779,40.93279],[-73.7478,40.93285],[-73.74772,40.93294],[-73.74763,40.93298],[-73.74776,40.93303],[-73.74781,40.93309],[-73.7477,40.93314],[-73.74749,40.93311],[-73.74746,40.93315],[-73.74747,40.9333],[-73.74737,40.9333],[-73.74727,40.93335],[-73.74721,40.93348],[-73.74716,40.93347],[-73.74711,40.93339],[-73.74706,40.93342],[-73.74707,40.93359],[-73.747,40.93361],[-73.74686,40.93349],[-73.74676,40.9336],[-73.74669,40.93354],[-73.74669,40.93349],[-73.74677,40.93341],[-73.74673,40.93332],[-73.74664,40.93332],[-73.74658,40.93336],[-73.74652,40.93351],[-73.74643,40.93351],[-73.74639,40.93345],[-73.74654,40.9333],[-73.7465,40.93323],[-73.74634,40.93325],[-73.74626,40.93312],[-73.74618,40.93312],[-73.74594,40.93323],[-73.74578,40.93301],[-73.74551,40.93296],[-73.74512,40.93304],[-73.74493,40.93294],[-73.74474,40.93303],[-73.74419,40.93289],[-73.74399,40.93304],[-73.74375,40.93277],[-73.74318,40.93246],[-73.74322,40.93243],[-73.74308,40.93231],[-73.74303,40.93217],[-73.74289,40.9321],[-73.74275,40.93192],[-73.74261,40.93143],[-73.74266,40.93105],[-73.74285,40.93105],[-73.74291,40.93075],[-73.74308,40.93043],[-73.74342,40.92992],[-73.74391,40.92942],[-73.74405,40.92937],[-73.74408,40.92931],[-73.74409,40.92911],[-73.74424,40.9288],[-73.74432,40.92872],[-73.74448,40.92861],[-73.74492,40.92861],[-73.74518,40.92877],[-73.74522,40.92884],[-73.74522,40.929],[-73.74516,40.92921],[-73.74514,40.9294],[-73.74516,40.92948],[-73.74523,40.92953],[-73.74534,40.92959],[-73.74568,40.92961],[-73.74577,40.92959],[-73.74587,40.92952],[-73.74591,40.92935],[-73.74586,40.92896],[-73.74575,40.92883],[-73.74532,40.92854],[-73.74479,40.92838],[-73.74462,40.92815],[-73.7446,40.92802],[-73.74462,40.92791],[-73.74471,40.92778],[-73.74493,40.92762],[-73.74506,40.92757],[-73.74529,40.92758],[-73.74547,40.92764],[-73.74579,40.9279],[-73.74589,40.92795],[-73.74598,40.92794],[-73.746,40.92788],[-73.74585,40.9277],[-73.74555,40.92757],[-73.74545,40.92749],[-73.74539,40.92741],[-73.74537,40.92724],[-73.74546,40.927],[-73.74582,40.92679],[-73.74585,40.92668],[-73.74599,40.92659],[-73.74602,40.92648],[-73.74601,40.92644],[-73.7459,40.92637],[-73.74587,40.92625],[-73.74566,40.9265],[-73.74513,40.92692],[-73.7445,40.92754],[-73.74417,40.92771],[-73.74386,40.92779],[-73.74365,40.92778],[-73.74341,40.92755],[-73.74343,40.92738],[-73.74376,40.927],[-73.74398,40.92655],[-73.74408,40.92641],[-73.74434,40.92621],[-73.74466,40.92605],[-73.74483,40.92601],[-73.74577,40.92602],[-73.7458,40.92588],[-73.74542,40.92571],[-73.74486,40.92557],[-73.74429,40.92576],[-73.74411,40.92575],[-73.74379,40.92565],[-73.743,40.92549],[-73.74293,40.92545],[-73.74295,40.9254],[-73.74306,40.92541],[-73.74366,40.92553],[-73.74366,40.92549],[-73.7435,40.92544],[-73.74333,40.92534],[-73.74316,40.92518],[-73.74314,40.92509],[-73.74317,40.92505],[-73.74323,40.92506],[-73.74349,40.92532],[-73.74367,40.9254],[-73.74379,40.92542],[-73.74378,40.92539],[-73.74381,40.92535],[-73.74375,40.92533],[-73.74369,40.92522],[-73.74366,40.92499],[-73.74355,40.9249],[-73.74352,40.92484],[-73.74354,40.92476],[-73.74358,40.9247],[-73.7439,40.92466],[-73.74425,40.92413],[-73.74466,40.92386],[-73.74481,40.92372],[-73.74488,40.92359],[-73.74469,40.92359],[-73.74463,40.92356],[-73.74463,40.92352],[-73.74478,40.92336],[-73.74498,40.92335],[-73.74505,40.92331],[-73.74508,40.92325],[-73.74508,40.92303],[-73.74504,40.92267],[-73.74498,40.92255],[-73.74487,40.9225],[-73.7447,40.92248],[-73.74457,40.92251],[-73.74446,40.92257],[-73.74435,40.92271],[-73.74422,40.92272],[-73.74416,40.92269],[-73.74403,40.92246],[-73.74419,40.92237],[-73.74433,40.92233],[-73.74435,40.92224],[-73.74428,40.92218],[-73.74408,40.9221],[-73.74385,40.92214],[-73.74356,40.92241],[-73.74345,40.92242],[-73.7434,40.9224],[-73.74332,40.92217],[-73.74317,40.92203],[-73.74304,40.92199],[-73.74301,40.92195],[-73.74301,40.92185],[-73.74327,40.92159],[-73.74356,40.92139],[-73.74388,40.92109],[-73.74398,40.92088],[-73.74395,40.92072],[-73.74401,40.92051],[-73.74407,40.92042],[-73.74417,40.92036],[-73.74442,40.92032],[-73.74449,40.92025],[-73.74448,40.92016],[-73.74443,40.9201],[-73.74417,40.92004],[-73.74376,40.91988],[-73.74344,40.91988],[-73.74321,40.91982],[-73.74321,40.91966],[-73.74342,40.9194],[-73.74343,40.9193],[-73.74337,40.91917],[-73.74297,40.91904],[-73.74272,40.91886],[-73.74272,40.91871],[-73.7428,40.91862],[-73.74329,40.91841],[-73.74332,40.91832],[-73.74305,40.91828],[-73.74304,40.9182],[-73.74308,40.91814],[-73.74382,40.91768],[-73.7454,40.91725],[-73.74562,40.91716],[-73.74571,40.91707],[-73.74578,40.91692],[-73.74621,40.9167],[-73.74665,40.91668],[-73.7468,40.91678],[-73.74685,40.91696],[-73.74691,40.91754],[-73.74694,40.91758],[-73.74797,40.9176],[-73.74805,40.91759],[-73.74828,40.91748],[-73.74867,40.9171],[-73.74877,40.91685],[-73.74875,40.91672],[-73.74839,40.91636],[-73.74822,40.91631],[-73.74807,40.91632],[-73.74774,40.91651],[-73.74763,40.91652],[-73.74757,40.91627],[-73.74737,40.91619],[-73.74735,40.91615],[-73.74736,40.91604],[-73.74739,40.91599],[-73.74745,40.91595],[-73.74781,40.91591],[-73.748,40.91583],[-73.74806,40.91578],[-73.74815,40.91554],[-73.74828,40.9155],[-73.74843,40.91553],[-73.74846,40.91557],[-73.74849,40.91566],[-73.74843,40.91597],[-73.74853,40.91609],[-73.74882,40.91613],[-73.74918,40.91607],[-73.75028,40.91555],[-73.75039,40.91542],[-73.75055,40.91508],[-73.75056,40.91472],[-73.75061,40.91469],[-73.75078,40.91471],[-73.75092,40.91469],[-73.75113,40.91459],[-73.75127,40.91447],[-73.75147,40.91415],[-73.75156,40.91412],[-73.75178,40.91426],[-73.75189,40.91426],[-73.75224,40.91413],[-73.75274,40.91343],[-73.75302,40.91326],[-73.75348,40.9131],[-73.75383,40.91309],[-73.75395,40.91312],[-73.75437,40.9133],[-73.75444,40.91336],[-73.75449,40.91354],[-73.75454,40.91358],[-73.75508,40.91362],[-73.75513,40.91377],[-73.75483,40.91377],[-73.75458,40.91388],[-73.75428,40.91385],[-73.75421,40.91399],[-73.75423,40.91433],[-73.75428,40.91447],[-73.75433,40.91457],[-73.75454,40.91471],[-73.75462,40.91481],[-73.75462,40.91485],[-73.75446,40.91495],[-73.75441,40.91506],[-73.75449,40.91555],[-73.75442,40.91556],[-73.75439,40.91573],[-73.75444,40.91603],[-73.75433,40.91663],[-73.75437,40.91717],[-73.7544,40.91723],[-73.75453,40.9173],[-73.75481,40.91728],[-73.75496,40.91729],[-73.75504,40.9176],[-73.75516,40.91774],[-73.75529,40.91775],[-73.75535,40.91782],[-73.75533,40.91787],[-73.75525,40.9179],[-73.75527,40.91795],[-73.75511,40.91804],[-73.75504,40.91814],[-73.75502,40.91828],[-73.75513,40.91848],[-73.75517,40.91863],[-73.75488,40.91896],[-73.75478,40.91917],[-73.75482,40.91953],[-73.75513,40.91979],[-73.75529,40.92005],[-73.7555,40.92014],[-73.75575,40.92013],[-73.75598,40.92035],[-73.75611,40.92039],[-73.75625,40.9204],[-73.75701,40.92018],[-73.75727,40.92017],[-73.75753,40.92027],[-73.75774,40.92057],[-73.75774,40.92077],[-73.75758,40.92092],[-73.75735,40.92105],[-73.75732,40.9211],[-73.75727,40.92148],[-73.75722,40.92161],[-73.75725,40.92168],[-73.75718,40.92171],[-73.75717,40.92184],[-73.75696,40.92205],[-73.75708,40.92213],[-73.75716,40.92203],[-73.75725,40.92201],[-73.75905,40.92324],[-73.75907,40.92318],[-73.7592,40.92309],[-73.75986,40.9228],[-73.76058,40.92263],[-73.7612,40.92263],[-73.76137,40.92271],[-73.76159,40.92291],[-73.76314,40.92196],[-73.76568,40.92867]]]}},{"type":"Feature","properties":{"std_name":"Manorhaven village","std_geoid":"3645106","pen":"politicians","std_note":null,"LSAD":"47","NAME":"Manorhaven"},"geometry":{"type":"Polygon","coordinates":[[[-73.7223,40.83722],[-73.72199,40.83756],[-73.72229,40.83849],[-73.72133,40.83912],[-73.72115,40.83919],[-73.72121,40.8396],[-73.72216,40.84447],[-73.72075,40.8446],[-73.72035,40.84467],[-73.71978,40.84459],[-73.71957,40.84444],[-73.71868,40.84448],[-73.71788,40.84511],[-73.71704,40.84546],[-73.71621,40.84588],[-73.71498,40.84645],[-73.71506,40.84672],[-73.71455,40.84671],[-73.71411,40.84677],[-73.71412,40.84687],[-73.71358,40.8471],[-73.71297,40.84731],[-73.70839,40.84319],[-73.70612,40.84126],[-73.70437,40.84049],[-73.70395,40.84021],[-73.70346,40.83959],[-73.70405,40.83928],[-73.70482,40.83899],[-73.70297,40.8357],[-73.70747,40.8314],[-73.71037,40.8314],[-73.71318,40.8367],[-73.72177,40.8364],[-73.72195,40.83713],[-73.7223,40.83722]]]}},{"type":"Feature","properties":{"std_name":"Glen Cove city","std_geoid":"3629113","pen":"politicians","std_note":null,"LSAD":"25","NAME":"Glen Cove"},"geometry":{"type":"Polygon","coordinates":[[[-73.69445,40.90305],[-73.61309,40.95082],[-73.62024,40.90247],[-73.62102,40.89851],[-73.62099,40.89802],[-73.62039,40.89579],[-73.62029,40.89567],[-73.6202,40.89464],[-73.61968,40.89056],[-73.61927,40.88905],[-73.61912,40.88867],[-73.61881,40.88812],[-73.6186,40.88734],[-73.61797,40.88636],[-73.61761,40.88494],[-73.61684,40.88281],[-73.61616,40.88026],[-73.61516,40.87827],[-73.61404,40.87658],[-73.61399,40.87559],[-73.61406,40.87528],[-73.61419,40.87498],[-73.61455,40.87478],[-73.6123,40.87378],[-73.60489,40.87063],[-73.59708,40.86721],[-73.59381,40.86597],[-73.59376,40.86561],[-73.59367,40.86527],[-73.59266,40.86362],[-73.59256,40.86339],[-73.59252,40.86304],[-73.59253,40.86235],[-73.59259,40.8614],[-73.59257,40.86118],[-73.59251,40.86099],[-73.59207,40.8599],[-73.59194,40.85971],[-73.59191,40.85943],[-73.59172,40.859],[-73.59111,40.85825],[-73.591,40.85806],[-73.59085,40.85764],[-73.59069,40.85698],[-73.5926,40.85685],[-73.59584,40.85671],[-73.59618,40.85678],[-73.59896,40.85652],[-73.60166,40.85634],[-73.60392,40.85625],[-73.60402,40.85629],[-73.60407,40.85623],[-73.60544,40.85597],[-73.60643,40.85585],[-73.60847,40.856],[-73.60823,40.85535],[-73.61133,40.85507],[-73.61137,40.85524],[-73.6119,40.8552],[-73.61212,40.85513],[-73.6128,40.85484],[-73.61454,40.85491],[-73.61447,40.85434],[-73.61417,40.85367],[-73.61893,40.8533],[-73.61927,40.85299],[-73.6192,40.85262],[-73.62021,40.85183],[-73.62154,40.85086],[-73.62267,40.8503],[-73.62547,40.8481],[-73.62677,40.8475],[-73.63139,40.84643],[-73.63571,40.84608],[-73.63576,40.84622],[-73.63581,40.84651],[-73.63578,40.8476],[-73.63546,40.84902],[-73.63536,40.851],[-73.63524,40.85188],[-73.63484,40.8531],[-73.63438,40.85368],[-73.63433,40.85382],[-73.63434,40.85393],[-73.636,40.85346],[-73.63757,40.8533],[-73.63947,40.853],[-73.64127,40.85236],[-73.64221,40.85207],[-73.64228,40.85225],[-73.64235,40.85234],[-73.64252,40.85246],[-73.64265,40.85251],[-73.64294,40.85246],[-73.6435,40.85227],[-73.64364,40.85232],[-73.64375,40.85246],[-73.64386,40.85321],[-73.64529,40.85286],[-73.6458,40.85262],[-73.64599,40.85247],[-73.64723,40.85268],[-73.6488,40.85357],[-73.64961,40.85376],[-73.65013,40.85556],[-73.65208,40.85574],[-73.67107,40.8593],[-73.676,40.86657],[-73.69445,40.90305]]]}},{"type":"Feature","properties":{"std_name":"Mamaroneck village","std_geoid":"3644831","pen":"politicians","std_note":null,"LSAD":"47","NAME":"Mamaroneck"},"geometry":{"type":"Polygon","coordinates":[[[-73.74986,40.94727],[-73.7496,40.94751],[-73.74935,40.94764],[-73.74966,40.94781],[-73.74745,40.9511],[-73.74667,40.95235],[-73.74429,40.95588],[-73.7428,40.9586],[-73.74202,40.96037],[-73.74175,40.9607],[-73.74029,40.96341],[-73.74,40.964],[-73.74137,40.9652],[-73.74155,40.96581],[-73.74188,40.96613],[-73.74203,40.96642],[-73.74208,40.96666],[-73.74207,40.96689],[-73.74196,40.96717],[-73.74175,40.96741],[-73.74138,40.96766],[-73.74129,40.96788],[-73.74125,40.96789],[-73.74137,40.96818],[-73.74087,40.96832],[-73.74045,40.96813],[-73.7398,40.96789],[-73.73925,40.96792],[-73.73874,40.96809],[-73.73848,40.96833],[-73.73834,40.96872],[-73.73795,40.96878],[-73.73762,40.96867],[-73.73744,40.9687],[-73.73687,40.96899],[-73.73662,40.96916],[-73.73651,40.96929],[-73.7363,40.9693],[-73.73616,40.9692],[-73.73606,40.96879],[-73.73589,40.96865],[-73.73569,40.9686],[-73.73528,40.96862],[-73.73494,40.9686],[-73.73476,40.96853],[-73.73456,40.9683],[-73.73402,40.96834],[-73.73225,40.96823],[-73.7318,40.96801],[-73.7316,40.96799],[-73.73128,40.96789],[-73.73114,40.96779],[-73.73105,40.96757],[-73.73089,40.96738],[-73.7308,40.96732],[-73.73086,40.96705],[-73.731,40.96669],[-73.73102,40.96655],[-73.73099,40.96649],[-73.73066,40.96625],[-73.73061,40.96606],[-73.73066,40.96567],[-73.73051,40.96498],[-73.73024,40.96411],[-73.72363,40.96177],[-73.71577,40.95915],[-73.71437,40.94942],[-73.71426,40.94897],[-73.71429,40.94895],[-73.71418,40.94844],[-73.71417,40.94838],[-73.7142,40.94836],[-73.714,40.94697],[-73.71392,40.94696],[-73.71368,40.94598],[-73.71379,40.94595],[-73.71386,40.94601],[-73.71379,40.94553],[-73.71364,40.9446],[-73.71353,40.94454],[-73.71352,40.94449],[-73.71047,40.9245],[-73.70957,40.91477],[-73.70967,40.89417],[-73.7185,40.88904],[-73.7352,40.9213],[-73.73652,40.92265],[-73.73759,40.92595],[-73.7396,40.92979],[-73.74,40.92954],[-73.74057,40.93054],[-73.74029,40.93079],[-73.74026,40.93087],[-73.74038,40.93109],[-73.74098,40.93158],[-73.74107,40.9317],[-73.74107,40.93175],[-73.74128,40.93176],[-73.74503,40.93861],[-73.74986,40.94727]]]}},{"type":"Feature","properties":{"std_name":"Glenwood Landing CDP","std_geoid":"3629421","pen":"politicians","std_note":null,"LSAD":"57","NAME":"Glenwood Landing"},"geometry":{"type":"Polygon","coordinates":[[[-73.65179,40.83499],[-73.64972,40.8351],[-73.63747,40.83668],[-73.63585,40.83638],[-73.6341,40.83655],[-73.6325,40.83717],[-73.63221,40.83679],[-73.6315,40.83611],[-73.63138,40.83595],[-73.63053,40.83422],[-73.62986,40.83301],[-73.62973,40.83262],[-73.62962,40.83143],[-73.62949,40.83095],[-73.62904,40.82996],[-73.62598,40.83074],[-73.62564,40.82748],[-73.62562,40.82681],[-73.62562,40.82563],[-73.62579,40.82292],[-73.62575,40.8221],[-73.62581,40.82201],[-73.62587,40.82138],[-73.62562,40.82051],[-73.62549,40.81991],[-73.62538,40.81979],[-73.6251,40.81972],[-73.62534,40.8181],[-73.62646,40.81808],[-73.62623,40.82017],[-73.62702,40.82011],[-73.62849,40.82026],[-73.62894,40.82214],[-73.62914,40.82286],[-73.62941,40.82418],[-73.63159,40.8241],[-73.63321,40.82334],[-73.63498,40.82324],[-73.63528,40.82226],[-73.63533,40.82189],[-73.63674,40.82198],[-73.63722,40.82337],[-73.63814,40.82466],[-73.6386,40.82554],[-73.63736,40.82605],[-73.63668,40.82623],[-73.63663,40.8272],[-73.63687,40.82804],[-73.63705,40.82841],[-73.64095,40.82793],[-73.64082,40.82727],[-73.64126,40.82721],[-73.64088,40.82542],[-73.64134,40.82543],[-73.64167,40.8254],[-73.64201,40.82533],[-73.64231,40.82519],[-73.64289,40.82467],[-73.64316,40.82448],[-73.64348,40.82434],[-73.64309,40.82412],[-73.64382,40.8233],[-73.64394,40.82344],[-73.64487,40.82319],[-73.64605,40.82241],[-73.64713,40.82204],[-73.64731,40.82216],[-73.64731,40.82264],[-73.64719,40.82294],[-73.64716,40.82321],[-73.64759,40.82323],[-73.6478,40.82358],[-73.64852,40.82811],[-73.64792,40.82827],[-73.64804,40.82859],[-73.65111,40.83245],[-73.65102,40.83259],[-73.65036,40.83289],[-73.65024,40.83305],[-73.65066,40.83364],[-73.65159,40.8347],[-73.65179,40.83499]]]}},{"type":"Feature","properties":{"std_name":"Port Washington CDP","std_geoid":"3659520","pen":"politicians","std_note":null,"LSAD":"57","NAME":"Port Washington"},"geometry":{"type":"MultiPolygon","coordinates":[[[[-73.69916,40.84905],[-73.6987,40.84969],[-73.69814,40.85023],[-73.69714,40.85145],[-73.6961,40.85263],[-73.69551,40.85315],[-73.69509,40.85397],[-73.69348,40.85267],[-73.69123,40.85075],[-73.69101,40.85053],[-73.69076,40.84873],[-73.69054,40.84678],[-73.69154,40.84674],[-73.69315,40.8469],[-73.69435,40.84681],[-73.69517,40.84651],[-73.69534,40.8463],[-73.69552,40.84583],[-73.69563,40.84568],[-73.69606,40.84537],[-73.69656,40.84515],[-73.6967,40.84583],[-73.6973,40.84763],[-73.69831,40.84837],[-73.69827,40.84841],[-73.69916,40.84905]]],[[[-73.71297,40.84731],[-73.70967,40.84811],[-73.70907,40.84871],[-73.70824,40.85059],[-73.7075,40.85012],[-73.7073,40.84986],[-73.70726,40.84964],[-73.7071,40.84851],[-73.707,40.84754],[-73.70698,40.84672],[-73.70714,40.8459],[-73.70724,40.84491],[-73.70729,40.84467],[-73.70782,40.84339],[-73.70793,40.84306],[-73.70809,40.84293],[-73.71297,40.84731]]],[[[-73.72177,40.8364],[-73.71318,40.8367],[-73.71037,40.8314],[-73.70747,40.8314],[-73.70297,40.8357],[-73.70206,40.83438],[-73.70069,40.83497],[-73.70006,40.83435],[-73.69982,40.83397],[-73.69982,40.83364],[-73.70051,40.83247],[-73.70009,40.83259],[-73.69989,40.83262],[-73.69969,40.83261],[-73.69755,40.83222],[-73.69739,40.83207],[-73.6973,40.83189],[-73.69654,40.8314],[-73.69188,40.83044],[-73.69138,40.83039],[-73.68924,40.83049],[-73.68917,40.8313],[-73.68922,40.83151],[-73.69006,40.83144],[-73.69006,40.83153],[-73.68985,40.83156],[-73.68987,40.83194],[-73.68985,40.83196],[-73.68982,40.83244],[-73.69071,40.83243],[-73.69113,40.83666],[-73.69124,40.83717],[-73.69165,40.83698],[-73.69257,40.83671],[-73.69288,40.83665],[-73.69403,40.83655],[-73.69666,40.83669],[-73.69781,40.83684],[-73.69738,40.83765],[-73.69727,40.83799],[-73.69727,40.83834],[-73.69736,40.83868],[-73.69748,40.83898],[-73.69742,40.83914],[-73.69639,40.84049],[-73.69563,40.84136],[-73.69551,40.84149],[-73.69541,40.84154],[-73.69543,40.84231],[-73.69556,40.84311],[-73.69566,40.84348],[-73.69576,40.8437],[-73.696,40.8441],[-73.69559,40.84435],[-73.69451,40.84475],[-73.69476,40.84557],[-73.69049,40.84631],[-73.69007,40.84286],[-73.68979,40.84147],[-73.68964,40.84099],[-73.68952,40.84072],[-73.68928,40.84031],[-73.68907,40.84004],[-73.68772,40.83859],[-73.6874,40.83812],[-73.687,40.83735],[-73.68556,40.83755],[-73.68554,40.83724],[-73.68685,40.83707],[-73.68672,40.8368],[-73.68552,40.83694],[-73.67751,40.83812],[-73.6747,40.83863],[-73.6748,40.8397],[-73.67159,40.84066],[-73.67126,40.84054],[-73.67105,40.84078],[-73.67142,40.84124],[-73.67153,40.84168],[-73.66829,40.84312],[-73.66514,40.84437],[-73.66217,40.8455],[-73.65597,40.8345],[-73.65253,40.82872],[-73.6522,40.82801],[-73.65206,40.8276],[-73.65057,40.8252],[-73.64967,40.8214],[-73.65007,40.81484],[-73.65042,40.81145],[-73.65164,40.80772],[-73.65325,40.80644],[-73.65474,40.80666],[-73.65617,40.8068],[-73.66187,40.80511],[-73.66273,40.80726],[-73.66341,40.80887],[-73.66412,40.80878],[-73.66495,40.81006],[-73.66492,40.81058],[-73.66558,40.8105],[-73.66677,40.8147],[-73.66907,40.8143],[-73.66964,40.8155],[-73.67125,40.8156],[-73.67164,40.8162],[-73.67558,40.8159],[-73.68018,40.81538],[-73.67987,40.8165],[-73.67982,40.8173],[-73.68773,40.81644],[-73.68737,40.81679],[-73.68719,40.81704],[-73.68713,40.81786],[-73.68703,40.81819],[-73.68704,40.8185],[-73.68778,40.81839],[-73.68858,40.82068],[-73.69154,40.81956],[-73.69255,40.81915],[-73.69372,40.8188],[-73.69463,40.81845],[-73.69543,40.81822],[-73.69671,40.81775],[-73.69811,40.82084],[-73.69972,40.82049],[-73.70516,40.81905],[-73.706,40.81872],[-73.70605,40.81856],[-73.71157,40.8171],[-73.72028,40.8285],[-73.72177,40.8364]]]]}},{"type":"Feature","properties":{"std_name":"Great Neck village","std_geoid":"3630169","pen":"politicians","std_note":null,"LSAD":"47","NAME":"Great Neck"},"geometry":{"type":"Polygon","coordinates":[[[-73.75751,40.81031],[-73.75667,40.81133],[-73.75611,40.81221],[-73.75543,40.81174],[-73.75471,40.81135],[-73.75394,40.81111],[-73.75213,40.81024],[-73.75271,40.80944],[-73.75173,40.8089],[-73.75113,40.81],[-73.74785,40.80871],[-73.74529,40.80939],[-73.74308,40.80981],[-73.74308,40.81016],[-73.74156,40.80995],[-73.74161,40.81094],[-73.74093,40.81092],[-73.74087,40.81011],[-73.74045,40.81012],[-73.73909,40.81022],[-73.73824,40.81045],[-73.73774,40.8116],[-73.73828,40.8116],[-73.73809,40.8119],[-73.73815,40.81283],[-73.73793,40.81272],[-73.7374,40.81254],[-73.73587,40.81228],[-73.73598,40.81196],[-73.73628,40.81157],[-73.7342,40.81108],[-73.73411,40.81064],[-73.73352,40.81068],[-73.73125,40.81099],[-73.7311,40.80968],[-73.73153,40.80962],[-73.73141,40.80911],[-73.73122,40.80801],[-73.73134,40.808],[-73.73131,40.80782],[-73.73118,40.80784],[-73.73088,40.8073],[-73.72807,40.80762],[-73.72781,40.80691],[-73.72643,40.80709],[-73.72304,40.80741],[-73.72283,40.80632],[-73.72193,40.8065],[-73.72172,40.80532],[-73.72166,40.8052],[-73.72085,40.80473],[-73.72168,40.80407],[-73.72159,40.80358],[-73.7207,40.80341],[-73.7195,40.80353],[-73.71936,40.80282],[-73.71914,40.80144],[-73.71922,40.80097],[-73.7185,40.80078],[-73.71831,40.80063],[-73.71812,40.80069],[-73.7178,40.80065],[-73.71502,40.80133],[-73.71414,40.80126],[-73.71258,40.8019],[-73.71218,40.8011],[-73.71157,40.7995],[-73.71157,40.7983],[-73.7105,40.79665],[-73.71011,40.7952],[-73.71043,40.79516],[-73.71273,40.79507],[-73.71283,40.79515],[-73.71401,40.79522],[-73.7144,40.79499],[-73.71493,40.79496],[-73.71537,40.79482],[-73.71591,40.79479],[-73.71574,40.79487],[-73.71586,40.79559],[-73.71561,40.7956],[-73.71567,40.79587],[-73.71551,40.79586],[-73.71551,40.79592],[-73.71553,40.79617],[-73.71573,40.79618],[-73.71588,40.79745],[-73.71729,40.79726],[-73.71719,40.79721],[-73.71727,40.79719],[-73.7198,40.79693],[-73.71994,40.79684],[-73.71997,40.79753],[-73.71993,40.79778],[-73.7197,40.79856],[-73.7197,40.7987],[-73.7199,40.79961],[-73.72349,40.7992],[-73.72363,40.79912],[-73.72439,40.79909],[-73.72462,40.80024],[-73.72557,40.80019],[-73.72742,40.79997],[-73.72833,40.79977],[-73.72755,40.79594],[-73.7294,40.7957],[-73.73034,40.79566],[-73.73127,40.79556],[-73.73143,40.79561],[-73.73211,40.7956],[-73.73222,40.79556],[-73.73216,40.79518],[-73.73261,40.7951],[-73.73269,40.7953],[-73.7331,40.79526],[-73.73408,40.79526],[-73.73425,40.79592],[-73.73427,40.79608],[-73.73778,40.794],[-73.73876,40.79516],[-73.73962,40.79655],[-73.74269,40.79527],[-73.74388,40.7962],[-73.74518,40.7976],[-73.74558,40.79812],[-73.74571,40.79965],[-73.74437,40.80032],[-73.74418,40.80014],[-73.74359,40.8003],[-73.74155,40.8015],[-73.74401,40.80429],[-73.7473,40.8068],[-73.74715,40.80653],[-73.74735,40.80638],[-73.74876,40.80552],[-73.74942,40.80523],[-73.75031,40.80612],[-73.75217,40.80701],[-73.7515,40.8076],[-73.75207,40.80794],[-73.75282,40.80848],[-73.7529,40.80843],[-73.75368,40.8087],[-73.75385,40.80857],[-73.75428,40.80891],[-73.75481,40.80823],[-73.75597,40.809],[-73.75751,40.81031]]]}},{"type":"Feature","properties":{"std_name":"Harbor Hills CDP","std_geoid":"3632094","pen":"politicians","std_note":null,"LSAD":"57","NAME":"Harbor Hills"},"geometry":{"type":"Polygon","coordinates":[[[-73.75389,40.78957],[-73.75154,40.78957],[-73.75052,40.78967],[-73.75044,40.78984],[-73.75034,40.7899],[-73.74469,40.79305],[-73.74436,40.79249],[-73.74444,40.79244],[-73.744,40.79172],[-73.74337,40.79095],[-73.74329,40.79097],[-73.74306,40.79073],[-73.74798,40.7877],[-73.74838,40.7867],[-73.74928,40.786],[-73.74958,40.78467],[-73.74966,40.78211],[-73.75029,40.78248],[-73.75082,40.78289],[-73.75619,40.7887],[-73.75389,40.78957]]]}},{"type":"Feature","properties":{"std_name":"Saddle Rock village","std_geoid":"3664430","pen":"politicians","std_note":null,"LSAD":"47","NAME":"Saddle Rock"},"geometry":{"type":"Polygon","coordinates":[[[-73.75404,40.79585],[-73.75386,40.79679],[-73.7538,40.7975],[-73.75368,40.79766],[-73.75341,40.79775],[-73.75202,40.79756],[-73.75193,40.79825],[-73.75154,40.79818],[-73.75127,40.79898],[-73.75063,40.79944],[-73.74958,40.79977],[-73.74883,40.79995],[-73.74759,40.80002],[-73.7472,40.79995],[-73.74663,40.79961],[-73.74645,40.79939],[-73.74571,40.79965],[-73.74558,40.79812],[-73.74518,40.7976],[-73.74381,40.79615],[-73.74455,40.79589],[-73.74454,40.7948],[-73.74292,40.79219],[-73.7432,40.79205],[-73.74357,40.79265],[-73.74416,40.79243],[-73.7438,40.79179],[-73.74321,40.79102],[-73.74337,40.79095],[-73.744,40.79172],[-73.74444,40.79244],[-73.74436,40.79249],[-73.74469,40.79305],[-73.75034,40.7899],[-73.75044,40.78984],[-73.75052,40.78967],[-73.75154,40.78957],[-73.75389,40.78957],[-73.75391,40.79015],[-73.75317,40.79011],[-73.75321,40.79022],[-73.75351,40.7907],[-73.75348,40.79102],[-73.75306,40.79169],[-73.75341,40.79441],[-73.75401,40.79512],[-73.75404,40.79585]]]}},{"type":"Feature","properties":{"std_name":"Great Neck Estates village","std_geoid":"3630191","pen":"politicians","std_note":null,"LSAD":"47","NAME":"Great Neck Estates"},"geometry":{"type":"Polygon","coordinates":[[[-73.74958,40.78467],[-73.74928,40.786],[-73.74838,40.7867],[-73.74798,40.7877],[-73.73778,40.794],[-73.73427,40.79608],[-73.73425,40.79592],[-73.73397,40.79489],[-73.73355,40.79408],[-73.73317,40.79347],[-73.73168,40.79148],[-73.7304,40.78997],[-73.72997,40.78941],[-73.72938,40.78855],[-73.73097,40.78782],[-73.73094,40.78762],[-73.73169,40.78721],[-73.73149,40.78697],[-73.73172,40.78688],[-73.7316,40.78673],[-73.73192,40.78629],[-73.73178,40.78608],[-73.73229,40.78559],[-73.73298,40.78531],[-73.73432,40.78444],[-73.73467,40.78418],[-73.73339,40.7832],[-73.73377,40.78288],[-73.73406,40.78258],[-73.73442,40.78229],[-73.73341,40.78122],[-73.73423,40.7803],[-73.73575,40.77892],[-73.73715,40.77777],[-73.73784,40.77725],[-73.73938,40.77601],[-73.74008,40.77621],[-73.74076,40.77669],[-73.74153,40.77711],[-73.74342,40.77822],[-73.74421,40.77871],[-73.74637,40.78012],[-73.74966,40.78211],[-73.74958,40.78467]]]}},{"type":"Feature","properties":{"std_name":"Saddle Rock Estates CDP","std_geoid":"3664441","pen":"politicians","std_note":null,"LSAD":"57","NAME":"Saddle Rock Estates"},"geometry":{"type":"Polygon","coordinates":[[[-73.74455,40.79589],[-73.74381,40.79615],[-73.74269,40.79527],[-73.73962,40.79655],[-73.73876,40.79516],[-73.73778,40.794],[-73.74306,40.79073],[-73.74329,40.79097],[-73.74321,40.79102],[-73.7438,40.79179],[-73.74416,40.79243],[-73.74357,40.79265],[-73.7432,40.79205],[-73.74292,40.79219],[-73.74454,40.7948],[-73.74455,40.79589]]]}},{"type":"Feature","properties":{"std_name":"Great Neck Plaza village","std_geoid":"3630213","pen":"politicians","std_note":null,"LSAD":"47","NAME":"Great Neck Plaza"},"geometry":{"type":"Polygon","coordinates":[[[-73.73432,40.78444],[-73.73298,40.78531],[-73.73229,40.78559],[-73.73178,40.78608],[-73.73192,40.78629],[-73.7316,40.78673],[-73.73172,40.78688],[-73.73149,40.78697],[-73.73169,40.78721],[-73.73094,40.78762],[-73.73097,40.78782],[-73.72938,40.78855],[-73.72997,40.78941],[-73.73059,40.79018],[-73.72958,40.79041],[-73.72979,40.79102],[-73.72817,40.7912],[-73.72805,40.79057],[-73.72162,40.79131],[-73.72125,40.78936],[-73.72106,40.78879],[-73.72105,40.78833],[-73.71916,40.78867],[-73.71889,40.7887],[-73.71801,40.78869],[-73.7155,40.78897],[-73.71556,40.78828],[-73.7155,40.78742],[-73.71553,40.78684],[-73.71752,40.7867],[-73.7176,40.78718],[-73.72018,40.78692],[-73.72014,40.78645],[-73.72078,40.78639],[-73.7206,40.7849],[-73.72163,40.78482],[-73.72289,40.78509],[-73.72504,40.78609],[-73.72607,40.78505],[-73.72603,40.78402],[-73.72666,40.78398],[-73.72674,40.78393],[-73.72672,40.78366],[-73.72664,40.78339],[-73.72638,40.78303],[-73.72799,40.7832],[-73.72968,40.7831],[-73.73017,40.78302],[-73.73117,40.78297],[-73.73137,40.78264],[-73.7329,40.78071],[-73.73442,40.78229],[-73.73406,40.78258],[-73.73377,40.78288],[-73.73339,40.7832],[-73.73467,40.78418],[-73.73432,40.78444]]]}},{"type":"Feature","properties":{"std_name":"Kensington village","std_geoid":"3639309","pen":"politicians","std_note":null,"LSAD":"47","NAME":"Kensington"},"geometry":{"type":"Polygon","coordinates":[[[-73.73307,40.79334],[-73.73073,40.79364],[-73.72941,40.79407],[-73.7294,40.79434],[-73.72946,40.795],[-73.72906,40.79498],[-73.72885,40.79518],[-73.72743,40.79535],[-73.72748,40.79501],[-73.72648,40.79518],[-73.7265,40.79546],[-73.72465,40.79568],[-73.72458,40.79512],[-73.72442,40.7945],[-73.72188,40.7948],[-73.722,40.79412],[-73.72213,40.79394],[-73.71954,40.79428],[-73.71946,40.79437],[-73.71855,40.7944],[-73.71677,40.79462],[-73.71591,40.79479],[-73.71537,40.79482],[-73.71493,40.79496],[-73.7144,40.79499],[-73.71401,40.79522],[-73.71283,40.79515],[-73.71273,40.79507],[-73.71043,40.79516],[-73.71037,40.79452],[-73.70983,40.79333],[-73.7095,40.79301],[-73.71203,40.79305],[-73.71261,40.7929],[-73.71293,40.79279],[-73.7134,40.79246],[-73.71395,40.79268],[-73.71594,40.79185],[-73.72032,40.79136],[-73.72162,40.79131],[-73.72805,40.79057],[-73.72817,40.7912],[-73.72979,40.79102],[-73.72958,40.79041],[-73.73059,40.79018],[-73.73168,40.79148],[-73.73307,40.79334]]]}},{"type":"Feature","properties":{"std_name":"Russell Gardens village","std_geoid":"3664232","pen":"politicians","std_note":null,"LSAD":"47","NAME":"Russell Gardens"},"geometry":{"type":"Polygon","coordinates":[[[-73.73065,40.78258],[-73.73017,40.78302],[-73.72968,40.7831],[-73.72799,40.7832],[-73.72638,40.78303],[-73.72456,40.78277],[-73.72421,40.78263],[-73.72355,40.78249],[-73.72307,40.783],[-73.72188,40.78466],[-73.71905,40.78357],[-73.72063,40.78217],[-73.72058,40.78115],[-73.72045,40.78032],[-73.72202,40.77964],[-73.72802,40.77685],[-73.72833,40.77668],[-73.72878,40.7773],[-73.72953,40.77894],[-73.73029,40.78125],[-73.73072,40.78231],[-73.73065,40.78258]]]}},{"type":"Feature","properties":{"std_name":"Bellerose Terrace CDP","std_geoid":"3605661","pen":"politicians","std_note":null,"LSAD":"57","NAME":"Bellerose Terrace"},"geometry":{"type":"Polygon","coordinates":[[[-73.73033,40.72216],[-73.72923,40.7227],[-73.72603,40.72391],[-73.72414,40.72447],[-73.72092,40.72534],[-73.7214,40.72438],[-73.72094,40.72375],[-73.72067,40.72305],[-73.72055,40.72243],[-73.72053,40.7218],[-73.72032,40.72135],[-73.72607,40.72004],[-73.72835,40.71946],[-73.72918,40.71917],[-73.73033,40.72216]]]}},{"type":"Feature","properties":{"std_name":"Lake Success village","std_geoid":"3640937","pen":"politicians","std_note":null,"LSAD":"47","NAME":"Lake Success"},"geometry":{"type":"Polygon","coordinates":[[[-73.7297,40.7729],[-73.72892,40.7732],[-73.72882,40.77306],[-73.72783,40.77329],[-73.72684,40.77345],[-73.72577,40.7737],[-73.72437,40.7743],[-73.71758,40.77628],[-73.71697,40.7752],[-73.71665,40.77531],[-73.71606,40.77559],[-73.71682,40.77676],[-73.71731,40.77723],[-73.71839,40.77809],[-73.71845,40.77887],[-73.71723,40.77936],[-73.71836,40.78123],[-73.71594,40.78229],[-73.71458,40.78046],[-73.7087,40.78092],[-73.70807,40.7809],[-73.70759,40.78093],[-73.70726,40.78103],[-73.70744,40.78241],[-73.7044,40.78278],[-73.70432,40.78261],[-73.7042,40.78262],[-73.70418,40.7823],[-73.70528,40.7822],[-73.70516,40.78153],[-73.70401,40.78162],[-73.70387,40.7812],[-73.70353,40.78102],[-73.70316,40.77986],[-73.70293,40.77857],[-73.70305,40.7765],[-73.70304,40.77626],[-73.70359,40.77611],[-73.70443,40.776],[-73.70439,40.77338],[-73.70328,40.77341],[-73.7034,40.77242],[-73.70338,40.77088],[-73.7035,40.76996],[-73.70355,40.76965],[-73.70364,40.76939],[-73.70383,40.76917],[-73.70394,40.76897],[-73.70108,40.76781],[-73.70009,40.76746],[-73.69907,40.76724],[-73.69818,40.76713],[-73.69693,40.76708],[-73.69571,40.76717],[-73.69532,40.76679],[-73.69454,40.76691],[-73.69433,40.76667],[-73.69388,40.76631],[-73.6936,40.76619],[-73.69334,40.76614],[-73.69238,40.76616],[-73.69378,40.76412],[-73.69409,40.76202],[-73.69415,40.76131],[-73.69169,40.76269],[-73.68964,40.76308],[-73.68893,40.76017],[-73.68878,40.75876],[-73.6917,40.75874],[-73.69178,40.75718],[-73.69289,40.75754],[-73.69358,40.75773],[-73.69572,40.75806],[-73.69682,40.75828],[-73.6982,40.75689],[-73.70434,40.75646],[-73.70362,40.75479],[-73.70163,40.75249],[-73.70274,40.75325],[-73.70527,40.75477],[-73.70782,40.75622],[-73.71245,40.75924],[-73.7135,40.75983],[-73.71607,40.76146],[-73.72162,40.76484],[-73.72114,40.76487],[-73.72146,40.76503],[-73.72044,40.7652],[-73.72051,40.76934],[-73.72057,40.7694],[-73.7223,40.76934],[-73.72288,40.76929],[-73.72676,40.76887],[-73.72692,40.77076],[-73.72736,40.77081],[-73.72754,40.77074],[-73.72845,40.77066],[-73.72871,40.77097],[-73.7287,40.7711],[-73.72899,40.77154],[-73.72918,40.77164],[-73.72949,40.77213],[-73.72946,40.77222],[-73.7297,40.7729]]]}},{"type":"Feature","properties":{"std_name":"Elmont CDP","std_geoid":"3624273","pen":"politicians","std_note":null,"LSAD":"57","NAME":"Elmont"},"geometry":{"type":"Polygon","coordinates":[[[-73.72918,40.71917],[-73.72835,40.71946],[-73.72748,40.71969],[-73.72607,40.72004],[-73.72239,40.72087],[-73.72175,40.71911],[-73.72093,40.71864],[-73.72023,40.71841],[-73.71966,40.71859],[-73.71989,40.71807],[-73.71988,40.71729],[-73.71977,40.7167],[-73.71977,40.71631],[-73.716,40.716],[-73.71507,40.71606],[-73.71423,40.71631],[-73.71382,40.71763],[-73.71382,40.71785],[-73.71304,40.71802],[-73.71209,40.71802],[-73.71053,40.71785],[-73.71022,40.7168],[-73.70982,40.71662],[-73.70869,40.71623],[-73.70864,40.7163],[-73.7082,40.71614],[-73.70799,40.71628],[-73.70751,40.71613],[-73.70743,40.71594],[-73.70799,40.71405],[-73.70816,40.71385],[-73.70824,40.71357],[-73.70468,40.71285],[-73.70496,40.71262],[-73.70485,40.7126],[-73.7013,40.71093],[-73.70042,40.71121],[-73.69972,40.71156],[-73.69843,40.71205],[-73.69727,40.71257],[-73.69731,40.71288],[-73.69698,40.7128],[-73.69674,40.71319],[-73.69627,40.7134],[-73.69299,40.71289],[-73.69255,40.7129],[-73.69238,40.71319],[-73.6922,40.71386],[-73.69097,40.717],[-73.69047,40.71866],[-73.68957,40.71826],[-73.68909,40.71799],[-73.6888,40.71726],[-73.68836,40.71597],[-73.68828,40.71558],[-73.68828,40.71541],[-73.68839,40.71507],[-73.68917,40.71362],[-73.68943,40.71302],[-73.6906,40.70885],[-73.69073,40.7081],[-73.68868,40.70834],[-73.68875,40.70197],[-73.68852,40.70154],[-73.68853,40.70147],[-73.68946,40.69615],[-73.68925,40.69611],[-73.68919,40.69595],[-73.68938,40.69503],[-73.69029,40.69344],[-73.69033,40.69342],[-73.6911,40.69344],[-73.69118,40.69156],[-73.69095,40.69069],[-73.69091,40.69032],[-73.69174,40.68824],[-73.6924,40.68619],[-73.69442,40.68677],[-73.69511,40.68687],[-73.69561,40.68688],[-73.69624,40.6868],[-73.69806,40.68633],[-73.6985,40.68623],[-73.69907,40.68618],[-73.69952,40.68619],[-73.6999,40.68624],[-73.70102,40.68645],[-73.70164,40.68662],[-73.70473,40.68792],[-73.70951,40.69013],[-73.71309,40.69193],[-73.71498,40.69283],[-73.71581,40.69328],[-73.71748,40.69428],[-73.71983,40.69536],[-73.72072,40.69562],[-73.7265,40.69689],[-73.72654,40.69898],[-73.72665,40.70111],[-73.72678,40.70199],[-73.72673,40.70215],[-73.72705,40.7095],[-73.7269,40.70998],[-73.72697,40.71072],[-73.72732,40.71222],[-73.72918,40.71917]]]}},{"type":"Feature","properties":{"std_name":"Great Neck Gardens CDP","std_geoid":"3630202","pen":"politicians","std_note":null,"LSAD":"57","NAME":"Great Neck Gardens"},"geometry":{"type":"Polygon","coordinates":[[[-73.72833,40.79977],[-73.72742,40.79997],[-73.72557,40.80019],[-73.72462,40.80024],[-73.72439,40.79909],[-73.72363,40.79912],[-73.72349,40.7992],[-73.7199,40.79961],[-73.7197,40.7987],[-73.7197,40.79856],[-73.71993,40.79778],[-73.71997,40.79753],[-73.71994,40.79684],[-73.7198,40.79693],[-73.71727,40.79719],[-73.71719,40.79721],[-73.71729,40.79726],[-73.71588,40.79745],[-73.71573,40.79618],[-73.71553,40.79617],[-73.71551,40.79592],[-73.71551,40.79586],[-73.71567,40.79587],[-73.71561,40.7956],[-73.71586,40.79559],[-73.71574,40.79487],[-73.71591,40.79479],[-73.71677,40.79462],[-73.71855,40.7944],[-73.71946,40.79437],[-73.71954,40.79428],[-73.72213,40.79394],[-73.722,40.79412],[-73.72188,40.7948],[-73.72442,40.7945],[-73.72458,40.79512],[-73.72465,40.79568],[-73.7265,40.79546],[-73.72648,40.79518],[-73.72748,40.79501],[-73.72743,40.79535],[-73.72833,40.79977]]]}},{"type":"Feature","properties":{"std_name":"Thomaston village","std_geoid":"3673605","pen":"politicians","std_note":null,"LSAD":"47","NAME":"Thomaston"},"geometry":{"type":"Polygon","coordinates":[[[-73.72674,40.78393],[-73.72666,40.78398],[-73.72603,40.78402],[-73.72607,40.78505],[-73.72504,40.78609],[-73.72289,40.78509],[-73.72163,40.78482],[-73.7206,40.7849],[-73.72078,40.78639],[-73.72014,40.78645],[-73.72018,40.78692],[-73.7176,40.78718],[-73.71752,40.7867],[-73.71553,40.78684],[-73.7155,40.78742],[-73.71556,40.78828],[-73.7155,40.78897],[-73.71801,40.78869],[-73.71889,40.7887],[-73.71916,40.78867],[-73.72105,40.78833],[-73.72106,40.78879],[-73.72125,40.78936],[-73.72162,40.79131],[-73.72032,40.79136],[-73.71594,40.79185],[-73.71395,40.79268],[-73.7134,40.79246],[-73.71293,40.79279],[-73.71261,40.7929],[-73.71203,40.79305],[-73.7095,40.79301],[-73.70929,40.79232],[-73.70869,40.79153],[-73.70947,40.7907],[-73.70645,40.78687],[-73.70639,40.78617],[-73.70797,40.78603],[-73.70728,40.78543],[-73.70975,40.78508],[-73.71031,40.78497],[-73.71074,40.78483],[-73.71122,40.78463],[-73.71263,40.78382],[-73.71356,40.78336],[-73.71682,40.7819],[-73.71735,40.78261],[-73.71757,40.78285],[-73.71779,40.78302],[-73.71813,40.78322],[-73.72188,40.78466],[-73.72307,40.783],[-73.72355,40.78249],[-73.72421,40.78263],[-73.72456,40.78277],[-73.72638,40.78303],[-73.72664,40.78339],[-73.72672,40.78366],[-73.72674,40.78393]]]}},{"type":"Feature","properties":{"std_name":"North Valley Stream CDP","std_geoid":"3653748","pen":"politicians","std_note":null,"LSAD":"57","NAME":"North Valley Stream"},"geometry":{"type":"Polygon","coordinates":[[[-73.7265,40.69689],[-73.72072,40.69562],[-73.71983,40.69536],[-73.71748,40.69428],[-73.71581,40.69328],[-73.71498,40.69283],[-73.71309,40.69193],[-73.70951,40.69013],[-73.70473,40.68792],[-73.70164,40.68662],[-73.70102,40.68645],[-73.6999,40.68624],[-73.69952,40.68619],[-73.69907,40.68618],[-73.6985,40.68623],[-73.69806,40.68633],[-73.69664,40.68671],[-73.69588,40.68686],[-73.69511,40.68687],[-73.69442,40.68677],[-73.6924,40.68619],[-73.69009,40.68548],[-73.68882,40.68507],[-73.68852,40.68491],[-73.68783,40.68469],[-73.68787,40.68445],[-73.68799,40.68411],[-73.68836,40.68326],[-73.68749,40.68337],[-73.68636,40.68345],[-73.68303,40.68335],[-73.68202,40.68338],[-73.67979,40.68356],[-73.68095,40.68167],[-73.68104,40.68148],[-73.68198,40.68083],[-73.68179,40.68078],[-73.68132,40.68057],[-73.68158,40.67952],[-73.68134,40.67829],[-73.68131,40.67689],[-73.68149,40.67641],[-73.68151,40.67638],[-73.6817,40.67643],[-73.68398,40.67769],[-73.68588,40.67733],[-73.68604,40.67739],[-73.68635,40.67731],[-73.68642,40.67738],[-73.68684,40.67727],[-73.68695,40.67736],[-73.68782,40.67716],[-73.68869,40.67688],[-73.68921,40.67675],[-73.69136,40.67735],[-73.69142,40.67733],[-73.69171,40.67742],[-73.69173,40.67747],[-73.69205,40.67765],[-73.69223,40.67744],[-73.69239,40.67735],[-73.6925,40.67723],[-73.69273,40.67743],[-73.6932,40.6771],[-73.69472,40.67573],[-73.69558,40.6752],[-73.69602,40.67531],[-73.69638,40.6753],[-73.69719,40.67555],[-73.69774,40.67605],[-73.6988,40.67631],[-73.69974,40.67637],[-73.70064,40.67646],[-73.70163,40.67687],[-73.70386,40.67735],[-73.7055,40.6778],[-73.70589,40.67786],[-73.70634,40.67788],[-73.7096,40.67755],[-73.71053,40.67734],[-73.71278,40.67763],[-73.71472,40.67769],[-73.71489,40.67757],[-73.71565,40.67795],[-73.71583,40.6778],[-73.71631,40.67788],[-73.71774,40.67826],[-73.71823,40.67828],[-73.71779,40.67912],[-73.71837,40.67949],[-73.7193,40.67815],[-73.72024,40.67828],[-73.72157,40.67826],[-73.72181,40.6784],[-73.722,40.67822],[-73.72236,40.67844],[-73.72404,40.67856],[-73.72415,40.67844],[-73.72488,40.67859],[-73.72494,40.67863],[-73.72584,40.67875],[-73.72563,40.67959],[-73.72591,40.68266],[-73.7258,40.68435],[-73.72591,40.68608],[-73.72616,40.68847],[-73.72622,40.68931],[-73.7265,40.69689]]]}},{"type":"Feature","properties":{"std_name":"Floral Park village","std_geoid":"3626264","pen":"politicians","std_note":null,"LSAD":"47","NAME":"Floral Park"},"geometry":{"type":"Polygon","coordinates":[[[-73.72239,40.72087],[-73.71517,40.72253],[-73.71228,40.72316],[-73.71243,40.72546],[-73.71246,40.7257],[-73.71258,40.72617],[-73.7124,40.72698],[-73.7105,40.72723],[-73.70794,40.72777],[-73.70149,40.73756],[-73.70147,40.73751],[-73.70064,40.73698],[-73.7002,40.73664],[-73.69965,40.7352],[-73.69945,40.73504],[-73.69941,40.73478],[-73.69909,40.73426],[-73.6982,40.73296],[-73.6974,40.73168],[-73.69695,40.73111],[-73.69607,40.73019],[-73.69482,40.73045],[-73.69421,40.7288],[-73.69415,40.72877],[-73.694,40.72835],[-73.69412,40.7283],[-73.69403,40.72809],[-73.69394,40.72809],[-73.69366,40.72757],[-73.69365,40.72721],[-73.69374,40.72693],[-73.69336,40.72529],[-73.69282,40.72539],[-73.69258,40.72551],[-73.69241,40.72554],[-73.69264,40.72488],[-73.69282,40.72421],[-73.69278,40.72415],[-73.6925,40.72413],[-73.69257,40.72378],[-73.69243,40.72378],[-73.69235,40.72373],[-73.6879,40.72332],[-73.6891,40.71858],[-73.68913,40.71818],[-73.68909,40.71799],[-73.68957,40.71826],[-73.69047,40.71866],[-73.69097,40.717],[-73.6922,40.71386],[-73.69238,40.71319],[-73.69255,40.7129],[-73.69299,40.71289],[-73.69627,40.7134],[-73.69594,40.71377],[-73.69916,40.7162],[-73.70316,40.71476],[-73.70347,40.71444],[-73.70468,40.71285],[-73.70824,40.71357],[-73.70816,40.71385],[-73.70799,40.71405],[-73.70743,40.71594],[-73.70751,40.71613],[-73.70799,40.71628],[-73.7082,40.71614],[-73.70864,40.7163],[-73.70869,40.71623],[-73.70982,40.71662],[-73.71022,40.7168],[-73.71053,40.71785],[-73.71209,40.71802],[-73.71304,40.71802],[-73.71382,40.71785],[-73.71382,40.71763],[-73.71423,40.71631],[-73.71507,40.71606],[-73.716,40.716],[-73.71977,40.71631],[-73.71977,40.7167],[-73.71988,40.71729],[-73.71989,40.71807],[-73.71966,40.71859],[-73.72023,40.71841],[-73.72093,40.71864],[-73.72175,40.71911],[-73.72239,40.72087]]]}},{"type":"Feature","properties":{"std_name":"Bellerose village","std_geoid":"3605639","pen":"politicians","std_note":null,"LSAD":"47","NAME":"Bellerose"},"geometry":{"type":"Polygon","coordinates":[[[-73.7214,40.72438],[-73.72092,40.72534],[-73.7169,40.72639],[-73.7124,40.72698],[-73.71258,40.72617],[-73.71246,40.7257],[-73.71243,40.72546],[-73.71228,40.72316],[-73.72032,40.72135],[-73.72053,40.7218],[-73.72055,40.72243],[-73.72067,40.72305],[-73.72094,40.72375],[-73.7214,40.72438]]]}},{"type":"Feature","properties":{"std_name":"Manhasset CDP","std_geoid":"3644897","pen":"politicians","std_note":null,"LSAD":"57","NAME":"Manhasset"},"geometry":{"type":"Polygon","coordinates":[[[-73.71594,40.78229],[-73.71294,40.78366],[-73.71138,40.78455],[-73.71074,40.78483],[-73.71031,40.78497],[-73.70975,40.78508],[-73.70728,40.78543],[-73.70797,40.78603],[-73.70639,40.78617],[-73.70645,40.78687],[-73.70947,40.7907],[-73.70869,40.79153],[-73.70929,40.79232],[-73.7095,40.79301],[-73.70983,40.79333],[-73.71037,40.79452],[-73.71043,40.79516],[-73.71011,40.7952],[-73.7105,40.79665],[-73.71157,40.7983],[-73.71157,40.7995],[-73.70942,40.79978],[-73.70643,40.79985],[-73.70639,40.8002],[-73.70598,40.80023],[-73.70598,40.79985],[-73.70563,40.79985],[-73.7056,40.80027],[-73.70172,40.80034],[-73.6966,40.8011],[-73.69661,40.80121],[-73.69598,40.80132],[-73.69614,40.80201],[-73.69621,40.80269],[-73.69639,40.80309],[-73.69639,40.80319],[-73.69655,40.80351],[-73.6953,40.80349],[-73.69519,40.80356],[-73.6949,40.8025],[-73.69483,40.80208],[-73.69481,40.80121],[-73.69486,40.80075],[-73.69504,40.80022],[-73.69527,40.79984],[-73.69571,40.79934],[-73.69376,40.79963],[-73.69306,40.7967],[-73.69193,40.79688],[-73.68925,40.79709],[-73.68821,40.79724],[-73.68827,40.79743],[-73.68865,40.79742],[-73.68879,40.79783],[-73.68879,40.7985],[-73.68713,40.79856],[-73.68698,40.79825],[-73.68623,40.79534],[-73.68568,40.79443],[-73.67826,40.79528],[-73.67687,40.79548],[-73.67493,40.79582],[-73.6736,40.7961],[-73.66902,40.79716],[-73.66899,40.79682],[-73.66882,40.79628],[-73.66757,40.79257],[-73.66744,40.79185],[-73.66837,40.7916],[-73.66869,40.79221],[-73.67077,40.7917],[-73.67205,40.79153],[-73.67185,40.7906],[-73.67146,40.79064],[-73.67096,40.78862],[-73.67092,40.78828],[-73.67055,40.78748],[-73.6711,40.78724],[-73.67175,40.78729],[-73.67191,40.78774],[-73.67266,40.7878],[-73.6752,40.78717],[-73.67552,40.7877],[-73.67797,40.78718],[-73.67918,40.78869],[-73.68075,40.78842],[-73.6806,40.7874],[-73.68348,40.78701],[-73.68603,40.78843],[-73.68676,40.78935],[-73.68592,40.79006],[-73.68706,40.79046],[-73.68727,40.7908],[-73.68844,40.79128],[-73.68757,40.7932],[-73.68827,40.7932],[-73.68849,40.79263],[-73.68897,40.7927],[-73.68887,40.7932],[-73.69334,40.79232],[-73.69307,40.79197],[-73.69283,40.79192],[-73.69261,40.79183],[-73.69268,40.79134],[-73.69283,40.79112],[-73.69198,40.78993],[-73.69181,40.78971],[-73.69158,40.78952],[-73.69126,40.78938],[-73.69083,40.78929],[-73.69034,40.78944],[-73.68984,40.78952],[-73.68961,40.78953],[-73.68927,40.78943],[-73.68795,40.78894],[-73.68766,40.78878],[-73.68753,40.78876],[-73.68667,40.78789],[-73.68423,40.78082],[-73.68347,40.7788],[-73.68637,40.7789],[-73.68657,40.7798],[-73.68827,40.7796],[-73.68807,40.776],[-73.69067,40.7753],[-73.69057,40.7759],[-73.69327,40.7763],[-73.69297,40.7769],[-73.69607,40.7771],[-73.69627,40.773],[-73.69917,40.7733],[-73.69877,40.7719],[-73.70108,40.7715],[-73.70127,40.7723],[-73.7034,40.77217],[-73.70328,40.77341],[-73.70439,40.77338],[-73.70443,40.776],[-73.70359,40.77611],[-73.70304,40.77626],[-73.70305,40.7765],[-73.70293,40.77836],[-73.70293,40.77857],[-73.70309,40.77959],[-73.70353,40.78102],[-73.70387,40.7812],[-73.70401,40.78162],[-73.70516,40.78153],[-73.70528,40.7822],[-73.70418,40.7823],[-73.7042,40.78262],[-73.70432,40.78261],[-73.7044,40.78278],[-73.70744,40.78241],[-73.70726,40.78103],[-73.70759,40.78093],[-73.70807,40.7809],[-73.7087,40.78092],[-73.71458,40.78046],[-73.71594,40.78229]]]}},{"type":"Feature","properties":{"std_name":"South Floral Park village","std_geoid":"3669023","pen":"politicians","std_note":null,"LSAD":"47","NAME":"South Floral Park"},"geometry":{"type":"Polygon","coordinates":[[[-73.70496,40.71262],[-73.70468,40.71285],[-73.70347,40.71444],[-73.70316,40.71476],[-73.69916,40.7162],[-73.69594,40.71377],[-73.69627,40.7134],[-73.69674,40.71319],[-73.69698,40.7128],[-73.69731,40.71288],[-73.69727,40.71257],[-73.69843,40.71205],[-73.69972,40.71156],[-73.70042,40.71121],[-73.7013,40.71093],[-73.70485,40.7126],[-73.70496,40.71262]]]}},{"type":"Feature","properties":{"std_name":"North New Hyde Park CDP","std_geoid":"3653275","pen":"politicians","std_note":null,"LSAD":"57","NAME":"North New Hyde Park"},"geometry":{"type":"Polygon","coordinates":[[[-73.70434,40.75646],[-73.6982,40.75689],[-73.69682,40.75828],[-73.69572,40.75806],[-73.69358,40.75773],[-73.69289,40.75754],[-73.69005,40.75661],[-73.6882,40.75577],[-73.68778,40.75479],[-73.68708,40.7549],[-73.68614,40.75498],[-73.68211,40.75504],[-73.68142,40.75497],[-73.68048,40.75477],[-73.67819,40.75455],[-73.6771,40.75437],[-73.67664,40.75417],[-73.67636,40.75395],[-73.67617,40.75368],[-73.67597,40.75322],[-73.67583,40.75296],[-73.67551,40.75268],[-73.67516,40.75251],[-73.67394,40.75224],[-73.67365,40.7521],[-73.6734,40.75192],[-73.67332,40.75176],[-73.67321,40.75119],[-73.67315,40.75067],[-73.67313,40.7502],[-73.67306,40.74976],[-73.67271,40.74835],[-73.67212,40.74663],[-73.67184,40.74464],[-73.67157,40.74341],[-73.67161,40.74222],[-73.67173,40.74172],[-73.67174,40.74134],[-73.67165,40.74014],[-73.67143,40.739],[-73.67118,40.73708],[-73.67116,40.73647],[-73.67121,40.73481],[-73.67118,40.73401],[-73.67129,40.73402],[-73.67108,40.73317],[-73.67097,40.73318],[-73.67096,40.73309],[-73.67202,40.7329],[-73.67489,40.73223],[-73.67594,40.73478],[-73.67618,40.73564],[-73.67684,40.73678],[-73.677,40.73715],[-73.67884,40.74182],[-73.68295,40.74094],[-73.68247,40.7396],[-73.68215,40.73899],[-73.68284,40.73879],[-73.68538,40.73819],[-73.68965,40.7373],[-73.6899,40.73772],[-73.68993,40.73791],[-73.69321,40.73674],[-73.69721,40.73494],[-73.69399,40.73078],[-73.69393,40.73065],[-73.69607,40.73019],[-73.69695,40.73111],[-73.6974,40.73168],[-73.6982,40.73296],[-73.69909,40.73426],[-73.69941,40.73478],[-73.69945,40.73504],[-73.69965,40.7352],[-73.7002,40.73664],[-73.70064,40.73698],[-73.70147,40.73751],[-73.70149,40.73756],[-73.70017,40.73954],[-73.70036,40.74103],[-73.70077,40.74501],[-73.70143,40.75066],[-73.70154,40.75192],[-73.70163,40.75249],[-73.70362,40.75479],[-73.70434,40.75646]]]}},{"type":"Feature","properties":{"std_name":"North Hills village","std_geoid":"3653022","pen":"politicians","std_note":null,"LSAD":"47","NAME":"North Hills"},"geometry":{"type":"Polygon","coordinates":[[[-73.70383,40.76917],[-73.70364,40.76939],[-73.70355,40.76965],[-73.7035,40.76996],[-73.70338,40.77088],[-73.7034,40.77217],[-73.70127,40.7723],[-73.70108,40.7715],[-73.69877,40.7719],[-73.69917,40.7733],[-73.69627,40.773],[-73.69607,40.7771],[-73.69297,40.7769],[-73.69327,40.7763],[-73.69057,40.7759],[-73.69067,40.7753],[-73.68807,40.776],[-73.68827,40.7796],[-73.68657,40.7798],[-73.68637,40.7789],[-73.68347,40.7788],[-73.68423,40.78082],[-73.68667,40.78789],[-73.68753,40.78876],[-73.68766,40.78878],[-73.68795,40.78894],[-73.68927,40.78943],[-73.68961,40.78953],[-73.68984,40.78952],[-73.69034,40.78944],[-73.69083,40.78929],[-73.69126,40.78938],[-73.69158,40.78952],[-73.69181,40.78971],[-73.69198,40.78993],[-73.69283,40.79112],[-73.69268,40.79134],[-73.69261,40.79183],[-73.69283,40.79192],[-73.69307,40.79197],[-73.69334,40.79232],[-73.68887,40.7932],[-73.68897,40.7927],[-73.68849,40.79263],[-73.68827,40.7932],[-73.68757,40.7932],[-73.68844,40.79128],[-73.68727,40.7908],[-73.68706,40.79046],[-73.68592,40.79006],[-73.68676,40.78935],[-73.68603,40.78843],[-73.68348,40.78701],[-73.6806,40.7874],[-73.68075,40.78842],[-73.67918,40.78869],[-73.67797,40.78718],[-73.67552,40.7877],[-73.6752,40.78717],[-73.67266,40.7878],[-73.67191,40.78774],[-73.67175,40.78729],[-73.6711,40.78724],[-73.67055,40.78748],[-73.67092,40.78828],[-73.67096,40.78862],[-73.67146,40.79064],[-73.67185,40.7906],[-73.67205,40.79153],[-73.67077,40.7917],[-73.66869,40.79221],[-73.66837,40.7916],[-73.66744,40.79185],[-73.66667,40.79003],[-73.66636,40.78939],[-73.66589,40.78955],[-73.66556,40.78962],[-73.66539,40.78962],[-73.66527,40.7896],[-73.66437,40.78919],[-73.66398,40.78915],[-73.66271,40.78938],[-73.66136,40.78959],[-73.66073,40.78965],[-73.66064,40.78961],[-73.66052,40.78949],[-73.66047,40.78909],[-73.66042,40.78894],[-73.65995,40.78805],[-73.65964,40.78777],[-73.65916,40.78754],[-73.65903,40.78752],[-73.65861,40.78759],[-73.65795,40.78782],[-73.6576,40.78795],[-73.65686,40.78829],[-73.65572,40.78854],[-73.65535,40.78661],[-73.65578,40.78656],[-73.65528,40.7841],[-73.65675,40.78357],[-73.65771,40.78341],[-73.65788,40.7834],[-73.65734,40.78094],[-73.6573,40.7807],[-73.65731,40.77965],[-73.65678,40.77892],[-73.65661,40.77882],[-73.65654,40.77779],[-73.6583,40.77755],[-73.65921,40.77734],[-73.65924,40.77743],[-73.65946,40.77773],[-73.65964,40.77791],[-73.66035,40.77852],[-73.66086,40.7789],[-73.66142,40.77867],[-73.66244,40.77842],[-73.66322,40.77815],[-73.66375,40.77791],[-73.66451,40.7775],[-73.66488,40.77726],[-73.66546,40.77679],[-73.6668,40.7754],[-73.66658,40.77374],[-73.66724,40.77353],[-73.66718,40.77325],[-73.66771,40.77302],[-73.66722,40.77004],[-73.66696,40.76963],[-73.6668,40.76945],[-73.66545,40.76846],[-73.66687,40.76774],[-73.66804,40.76752],[-73.67058,40.76722],[-73.67081,40.76632],[-73.67084,40.76603],[-73.67082,40.76573],[-73.67074,40.76534],[-73.67038,40.7643],[-73.6702,40.7639],[-73.66998,40.76356],[-73.66969,40.76326],[-73.66853,40.76227],[-73.66872,40.76219],[-73.66872,40.76224],[-73.66974,40.76314],[-73.67083,40.76271],[-73.67111,40.76264],[-73.67166,40.76257],[-73.67265,40.76261],[-73.68227,40.76331],[-73.68396,40.76281],[-73.68494,40.76296],[-73.68537,40.76314],[-73.687,40.76344],[-73.68962,40.764],[-73.69378,40.76412],[-73.69238,40.76616],[-73.69334,40.76614],[-73.6936,40.76619],[-73.69388,40.76631],[-73.69433,40.76667],[-73.69454,40.76691],[-73.69532,40.76679],[-73.69571,40.76717],[-73.69693,40.76708],[-73.69818,40.76713],[-73.69907,40.76724],[-73.70009,40.76746],[-73.70108,40.76781],[-73.70394,40.76897],[-73.70383,40.76917]]]}},{"type":"Feature","properties":{"std_name":"New Hyde Park village","std_geoid":"3650397","pen":"politicians","std_note":null,"LSAD":"47","NAME":"New Hyde Park"},"geometry":{"type":"Polygon","coordinates":[[[-73.69721,40.73494],[-73.69321,40.73674],[-73.68993,40.73791],[-73.6899,40.73772],[-73.68965,40.7373],[-73.68538,40.73819],[-73.68284,40.73879],[-73.68215,40.73899],[-73.68247,40.7396],[-73.68295,40.74094],[-73.67884,40.74182],[-73.677,40.73715],[-73.67684,40.73678],[-73.67618,40.73564],[-73.67594,40.73478],[-73.67489,40.73223],[-73.67996,40.73098],[-73.6797,40.72964],[-73.67905,40.72971],[-73.67907,40.72919],[-73.67924,40.72914],[-73.67924,40.72885],[-73.67977,40.72875],[-73.67961,40.72828],[-73.67963,40.72762],[-73.68008,40.72763],[-73.6801,40.72727],[-73.68035,40.72727],[-73.68036,40.72692],[-73.68058,40.72692],[-73.68061,40.72582],[-73.68156,40.72581],[-73.68156,40.72577],[-73.68203,40.72578],[-73.68206,40.72514],[-73.68392,40.72519],[-73.68741,40.72522],[-73.6879,40.72332],[-73.69235,40.72373],[-73.69243,40.72378],[-73.69257,40.72378],[-73.6925,40.72413],[-73.69278,40.72415],[-73.69282,40.72421],[-73.69264,40.72488],[-73.69241,40.72554],[-73.69258,40.72551],[-73.69282,40.72539],[-73.69336,40.72529],[-73.69374,40.72693],[-73.69365,40.72721],[-73.69366,40.72757],[-73.69394,40.72809],[-73.69403,40.72809],[-73.69412,40.7283],[-73.694,40.72835],[-73.69415,40.72877],[-73.69421,40.7288],[-73.69482,40.73045],[-73.69393,40.73065],[-73.69399,40.73078],[-73.69721,40.73494]]]}},{"type":"Feature","properties":{"std_name":"Flower Hill village","std_geoid":"3626352","pen":"politicians","std_note":null,"LSAD":"47","NAME":"Flower Hill"},"geometry":{"type":"Polygon","coordinates":[[[-73.69527,40.79984],[-73.69504,40.80022],[-73.69486,40.80075],[-73.69481,40.80158],[-73.69483,40.80208],[-73.6949,40.8025],[-73.69536,40.80409],[-73.69469,40.80424],[-73.69373,40.80426],[-73.69319,40.80431],[-73.68894,40.80492],[-73.68738,40.80525],[-73.68817,40.80762],[-73.68861,40.80882],[-73.68825,40.80875],[-73.68845,40.80955],[-73.68869,40.81024],[-73.6894,40.81014],[-73.6896,40.81074],[-73.68885,40.81085],[-73.68971,40.81311],[-73.69467,40.81244],[-73.69448,40.81277],[-73.69421,40.81314],[-73.69388,40.81349],[-73.69353,40.81379],[-73.69306,40.81411],[-73.69264,40.81433],[-73.6885,40.81593],[-73.68812,40.81614],[-73.68773,40.81644],[-73.67982,40.8173],[-73.67987,40.8165],[-73.68018,40.81538],[-73.67558,40.8159],[-73.67164,40.8162],[-73.67125,40.8156],[-73.66964,40.8155],[-73.66907,40.8143],[-73.66677,40.8147],[-73.66558,40.8105],[-73.66492,40.81058],[-73.66495,40.81006],[-73.66412,40.80878],[-73.66341,40.80887],[-73.66273,40.80726],[-73.66187,40.80511],[-73.65617,40.8068],[-73.65474,40.80666],[-73.65325,40.80644],[-73.65336,40.80628],[-73.65303,40.80509],[-73.65291,40.805],[-73.65285,40.80454],[-73.65264,40.80357],[-73.65296,40.80398],[-73.65325,40.80414],[-73.65408,40.8043],[-73.65386,40.80315],[-73.65413,40.8032],[-73.65448,40.80321],[-73.6555,40.80299],[-73.65577,40.8029],[-73.65632,40.80259],[-73.6575,40.80181],[-73.65856,40.80102],[-73.65875,40.80157],[-73.65907,40.80156],[-73.65902,40.80072],[-73.65913,40.80064],[-73.65924,40.7997],[-73.65946,40.79975],[-73.66062,40.79904],[-73.66104,40.79884],[-73.66135,40.79879],[-73.66179,40.79877],[-73.66236,40.79885],[-73.66317,40.79851],[-73.66902,40.79716],[-73.66913,40.79764],[-73.66934,40.79917],[-73.66926,40.79931],[-73.66923,40.80003],[-73.66917,40.80039],[-73.66862,40.80278],[-73.66877,40.80281],[-73.67152,40.80259],[-73.67278,40.8035],[-73.68361,40.80151],[-73.68565,40.80119],[-73.68588,40.802],[-73.68757,40.80197],[-73.68921,40.80165],[-73.68896,40.80035],[-73.69014,40.80016],[-73.69571,40.79934],[-73.69527,40.79984]]]}},{"type":"Feature","properties":{"std_name":"Manhasset Hills CDP","std_geoid":"3644908","pen":"politicians","std_note":null,"LSAD":"57","NAME":"Manhasset Hills"},"geometry":{"type":"Polygon","coordinates":[[[-73.69409,40.76202],[-73.69378,40.76412],[-73.68962,40.764],[-73.687,40.76344],[-73.68537,40.76314],[-73.68494,40.76296],[-73.68396,40.76281],[-73.68227,40.76331],[-73.67265,40.76261],[-73.67166,40.76257],[-73.67111,40.76264],[-73.67083,40.76271],[-73.66974,40.76314],[-73.66872,40.76224],[-73.66872,40.76219],[-73.66853,40.76227],[-73.66726,40.76118],[-73.66972,40.76014],[-73.67094,40.76003],[-73.67286,40.75972],[-73.67319,40.75908],[-73.67346,40.75845],[-73.67347,40.75824],[-73.67294,40.7561],[-73.67298,40.75592],[-73.67308,40.75576],[-73.67361,40.75526],[-73.67362,40.75504],[-73.67359,40.75468],[-73.67337,40.75314],[-73.6733,40.75219],[-73.67332,40.75176],[-73.6734,40.75192],[-73.67365,40.7521],[-73.67394,40.75224],[-73.67499,40.75246],[-73.6753,40.75257],[-73.67551,40.75268],[-73.67583,40.75296],[-73.67597,40.75322],[-73.67617,40.75368],[-73.67636,40.75395],[-73.67648,40.75406],[-73.67679,40.75426],[-73.67731,40.75442],[-73.67819,40.75455],[-73.68048,40.75477],[-73.68142,40.75497],[-73.68211,40.75504],[-73.68614,40.75498],[-73.68708,40.7549],[-73.68778,40.75479],[-73.6882,40.75577],[-73.69005,40.75661],[-73.69178,40.75718],[-73.6917,40.75874],[-73.68878,40.75876],[-73.68893,40.76017],[-73.68964,40.76308],[-73.69169,40.76269],[-73.69415,40.76131],[-73.69409,40.76202]]]}},{"type":"Feature","properties":{"std_name":"Munsey Park village","std_geoid":"3649231","pen":"politicians","std_note":null,"LSAD":"47","NAME":"Munsey Park"},"geometry":{"type":"Polygon","coordinates":[[[-73.69376,40.79963],[-73.69014,40.80016],[-73.68896,40.80035],[-73.68921,40.80165],[-73.68757,40.80197],[-73.68588,40.802],[-73.68565,40.80119],[-73.68361,40.80151],[-73.67278,40.8035],[-73.67152,40.80259],[-73.66877,40.80281],[-73.66862,40.80278],[-73.66917,40.80039],[-73.66923,40.80003],[-73.66926,40.79931],[-73.66934,40.79917],[-73.66913,40.79764],[-73.66902,40.79716],[-73.6736,40.7961],[-73.67493,40.79582],[-73.67687,40.79548],[-73.67826,40.79528],[-73.68568,40.79443],[-73.68623,40.79534],[-73.68698,40.79825],[-73.68713,40.79856],[-73.68879,40.7985],[-73.68879,40.79783],[-73.68865,40.79742],[-73.68827,40.79743],[-73.68821,40.79724],[-73.68925,40.79709],[-73.69193,40.79688],[-73.69306,40.7967],[-73.69376,40.79963]]]}},{"type":"Feature","properties":{"std_name":"Franklin Square CDP","std_geoid":"3627309","pen":"politicians","std_note":null,"LSAD":"57","NAME":"Franklin Square"},"geometry":{"type":"Polygon","coordinates":[[[-73.6924,40.68619],[-73.69174,40.68824],[-73.69091,40.69032],[-73.69095,40.69069],[-73.69118,40.69156],[-73.6911,40.69344],[-73.69033,40.69342],[-73.69029,40.69344],[-73.68938,40.69503],[-73.68919,40.69595],[-73.68925,40.69611],[-73.68946,40.69615],[-73.68853,40.70147],[-73.68852,40.70154],[-73.68875,40.70197],[-73.68868,40.70834],[-73.69073,40.7081],[-73.6906,40.70885],[-73.68943,40.71302],[-73.68917,40.71362],[-73.68839,40.71507],[-73.68828,40.71541],[-73.68828,40.71558],[-73.68836,40.71597],[-73.6888,40.71726],[-73.68909,40.71799],[-73.6888,40.71756],[-73.68846,40.71725],[-73.68727,40.71644],[-73.6873,40.71623],[-73.68685,40.71619],[-73.68688,40.71586],[-73.68645,40.71583],[-73.68564,40.7151],[-73.68541,40.71508],[-73.68541,40.71502],[-73.6852,40.71499],[-73.68523,40.71473],[-73.68478,40.71471],[-73.68475,40.71463],[-73.68477,40.71449],[-73.68411,40.71443],[-73.68391,40.71429],[-73.68299,40.71385],[-73.68284,40.71398],[-73.68273,40.71447],[-73.68284,40.71447],[-73.68286,40.71509],[-73.6829,40.7152],[-73.68285,40.71614],[-73.68291,40.71655],[-73.68235,40.71651],[-73.67752,40.71654],[-73.67228,40.71665],[-73.6711,40.71661],[-73.67075,40.71765],[-73.66705,40.71759],[-73.6645,40.71752],[-73.6655,40.71752],[-73.6655,40.71489],[-73.66571,40.71489],[-73.66567,40.70674],[-73.66334,40.70661],[-73.66213,40.70647],[-73.66124,40.70634],[-73.66121,40.70441],[-73.66103,40.70273],[-73.66117,40.70276],[-73.66247,40.70176],[-73.66329,40.70109],[-73.66604,40.6984],[-73.6663,40.69796],[-73.66653,40.69745],[-73.66766,40.69194],[-73.66803,40.68643],[-73.66815,40.68514],[-73.66814,40.68457],[-73.66802,40.68357],[-73.66796,40.68342],[-73.66787,40.68332],[-73.66738,40.68315],[-73.6676,40.68298],[-73.66835,40.68303],[-73.6736,40.68304],[-73.67423,40.68306],[-73.67483,40.68312],[-73.67767,40.68359],[-73.67863,40.68364],[-73.68202,40.68338],[-73.68359,40.68335],[-73.68636,40.68345],[-73.68749,40.68337],[-73.68836,40.68326],[-73.68799,40.68411],[-73.68787,40.68445],[-73.68783,40.68469],[-73.68852,40.68491],[-73.68882,40.68507],[-73.6924,40.68619]]]}},{"type":"Feature","properties":{"std_name":"Stewart Manor village","std_geoid":"3671267","pen":"politicians","std_note":null,"LSAD":"47","NAME":"Stewart Manor"},"geometry":{"type":"Polygon","coordinates":[[[-73.68913,40.71818],[-73.6891,40.71858],[-73.68741,40.72522],[-73.68392,40.72519],[-73.68206,40.72514],[-73.68155,40.72516],[-73.68155,40.72521],[-73.68141,40.72521],[-73.68142,40.7249],[-73.68133,40.72483],[-73.68253,40.72483],[-73.68253,40.72445],[-73.6826,40.72445],[-73.68263,40.72314],[-73.68275,40.72161],[-73.68294,40.71695],[-73.68285,40.71614],[-73.6829,40.7152],[-73.68286,40.71509],[-73.68284,40.71447],[-73.68273,40.71447],[-73.68284,40.71398],[-73.68299,40.71385],[-73.68391,40.71429],[-73.68411,40.71443],[-73.68477,40.71449],[-73.68475,40.71463],[-73.68478,40.71471],[-73.68523,40.71473],[-73.6852,40.71499],[-73.68541,40.71502],[-73.68541,40.71508],[-73.68564,40.7151],[-73.68645,40.71583],[-73.68688,40.71586],[-73.68685,40.71619],[-73.6873,40.71623],[-73.68727,40.71644],[-73.68846,40.71725],[-73.6888,40.71756],[-73.68909,40.71799],[-73.68913,40.71818]]]}},{"type":"Feature","properties":{"std_name":"University Gardens CDP","std_geoid":"3676287","pen":"politicians","std_note":null,"LSAD":"57","NAME":"University Gardens"},"geometry":{"type":"Polygon","coordinates":[[[-73.73954,40.77581],[-73.73933,40.77596],[-73.73938,40.77601],[-73.73784,40.77725],[-73.73715,40.77777],[-73.73575,40.77892],[-73.73423,40.7803],[-73.73341,40.78122],[-73.7329,40.78071],[-73.73137,40.78264],[-73.73117,40.78297],[-73.73017,40.78302],[-73.73065,40.78258],[-73.73072,40.78231],[-73.73029,40.78125],[-73.72953,40.77894],[-73.72878,40.7773],[-73.72833,40.77668],[-73.72802,40.77685],[-73.72202,40.77964],[-73.71836,40.78123],[-73.71723,40.77936],[-73.71845,40.77887],[-73.71839,40.77809],[-73.71731,40.77723],[-73.71682,40.77676],[-73.71606,40.77559],[-73.71665,40.77531],[-73.71697,40.7752],[-73.71758,40.77628],[-73.72437,40.7743],[-73.72577,40.7737],[-73.72684,40.77345],[-73.72783,40.77329],[-73.72882,40.77306],[-73.72892,40.7732],[-73.7297,40.7729],[-73.72946,40.77222],[-73.72949,40.77213],[-73.72918,40.77164],[-73.72899,40.77154],[-73.7287,40.7711],[-73.72871,40.77097],[-73.72845,40.77066],[-73.72754,40.77074],[-73.72736,40.77081],[-73.72692,40.77076],[-73.72676,40.76887],[-73.7223,40.76934],[-73.72057,40.7694],[-73.72051,40.76934],[-73.72044,40.7652],[-73.72146,40.76503],[-73.72114,40.76487],[-73.72162,40.76484],[-73.7251,40.76699],[-73.72605,40.76753],[-73.72952,40.76973],[-73.73635,40.77391],[-73.73762,40.77474],[-73.73781,40.77481],[-73.73943,40.77582],[-73.73954,40.77581]]]}},{"type":"Feature","properties":{"std_name":"Garden City village","std_geoid":"3628178","pen":"politicians","std_note":null,"LSAD":"47","NAME":"Garden City"},"geometry":{"type":"Polygon","coordinates":[[[-73.68293,40.71699],[-73.68275,40.72161],[-73.68263,40.72314],[-73.6826,40.72445],[-73.68253,40.72445],[-73.68253,40.72483],[-73.68133,40.72483],[-73.68142,40.7249],[-73.68141,40.72521],[-73.68155,40.72521],[-73.68156,40.72581],[-73.68061,40.72582],[-73.68058,40.72692],[-73.68036,40.72692],[-73.68035,40.72727],[-73.6801,40.72727],[-73.68008,40.72763],[-73.67963,40.72762],[-73.67961,40.72828],[-73.67977,40.72875],[-73.67924,40.72885],[-73.67924,40.72914],[-73.67907,40.72919],[-73.67905,40.72971],[-73.6797,40.72964],[-73.67996,40.73098],[-73.67489,40.73223],[-73.67202,40.7329],[-73.67096,40.73309],[-73.67097,40.73318],[-73.67108,40.73317],[-73.67129,40.73402],[-73.67109,40.734],[-73.66473,40.73503],[-73.66347,40.7352],[-73.65779,40.73619],[-73.6513,40.73713],[-73.65188,40.73773],[-73.65078,40.738],[-73.65062,40.73729],[-73.65022,40.73736],[-73.6501,40.73699],[-73.6392,40.73898],[-73.63672,40.73938],[-73.63395,40.73995],[-73.62278,40.74193],[-73.6171,40.743],[-73.61648,40.7412],[-73.6165,40.74109],[-73.61642,40.741],[-73.61627,40.74092],[-73.61634,40.74073],[-73.61632,40.74059],[-73.61584,40.73927],[-73.61579,40.73904],[-73.61489,40.73683],[-73.61397,40.73434],[-73.6136,40.73345],[-73.61369,40.73343],[-73.61298,40.73153],[-73.61283,40.73126],[-73.61243,40.73027],[-73.61206,40.72925],[-73.61204,40.72889],[-73.61172,40.72805],[-73.61137,40.72812],[-73.61054,40.72594],[-73.60978,40.72612],[-73.609,40.72409],[-73.60976,40.72392],[-73.6089,40.72174],[-73.60871,40.72113],[-73.60909,40.72078],[-73.60908,40.72072],[-73.61164,40.72103],[-73.61163,40.72151],[-73.61245,40.72137],[-73.61331,40.72115],[-73.61347,40.72116],[-73.61404,40.72102],[-73.61405,40.72106],[-73.61804,40.72004],[-73.62319,40.71889],[-73.62387,40.7187],[-73.62435,40.71862],[-73.62895,40.71762],[-73.62888,40.71747],[-73.62895,40.71744],[-73.6288,40.71708],[-73.62981,40.71748],[-73.63005,40.71749],[-73.62995,40.71738],[-73.63071,40.71704],[-73.63092,40.71699],[-73.63378,40.71578],[-73.6339,40.71568],[-73.63701,40.71431],[-73.63706,40.71399],[-73.63832,40.71378],[-73.64391,40.71263],[-73.64404,40.71258],[-73.64494,40.71249],[-73.64615,40.71247],[-73.64891,40.71222],[-73.64892,40.71169],[-73.65013,40.71157],[-73.65016,40.71108],[-73.65196,40.71107],[-73.65204,40.71111],[-73.6529,40.71007],[-73.65391,40.70893],[-73.65567,40.70732],[-73.65784,40.70837],[-73.65775,40.70889],[-73.65738,40.71052],[-73.65745,40.71057],[-73.65567,40.71037],[-73.65541,40.71497],[-73.65107,40.7164],[-73.6512,40.71664],[-73.65204,40.71724],[-73.65542,40.71686],[-73.65685,40.71675],[-73.65721,40.7167],[-73.65721,40.71666],[-73.6576,40.71662],[-73.65762,40.71667],[-73.65912,40.71651],[-73.65917,40.71651],[-73.65921,40.71735],[-73.66002,40.71737],[-73.6601,40.71735],[-73.66099,40.7174],[-73.66099,40.71756],[-73.66412,40.71757],[-73.6645,40.71752],[-73.66705,40.71759],[-73.67075,40.71765],[-73.6711,40.71661],[-73.67228,40.71665],[-73.67752,40.71654],[-73.68235,40.71651],[-73.68291,40.71655],[-73.68293,40.71699]]]}},{"type":"Feature","properties":{"std_name":"Herricks CDP","std_geoid":"3634198","pen":"politicians","std_note":null,"LSAD":"57","NAME":"Herricks"},"geometry":{"type":"Polygon","coordinates":[[[-73.67361,40.75526],[-73.67308,40.75576],[-73.67295,40.75602],[-73.67296,40.7562],[-73.67347,40.75824],[-73.67346,40.75845],[-73.67319,40.75908],[-73.67286,40.75972],[-73.67094,40.76003],[-73.66972,40.76014],[-73.66726,40.76118],[-73.66661,40.76063],[-73.66629,40.76039],[-73.66555,40.76005],[-73.66532,40.75998],[-73.66473,40.75988],[-73.66397,40.75989],[-73.66354,40.75993],[-73.66234,40.76016],[-73.66078,40.76056],[-73.65995,40.76069],[-73.65908,40.76078],[-73.65844,40.76096],[-73.65803,40.76118],[-73.65773,40.76144],[-73.6575,40.76174],[-73.65688,40.76273],[-73.65586,40.76267],[-73.65514,40.76259],[-73.65511,40.76216],[-73.65494,40.76218],[-73.65494,40.76199],[-73.65431,40.76206],[-73.65425,40.76181],[-73.65386,40.75933],[-73.65346,40.75709],[-73.65376,40.75706],[-73.65359,40.75703],[-73.65345,40.75657],[-73.65389,40.75652],[-73.65371,40.75581],[-73.65359,40.75576],[-73.65321,40.75403],[-73.65412,40.75391],[-73.65703,40.75336],[-73.65946,40.75297],[-73.66131,40.75278],[-73.66133,40.75288],[-73.66407,40.75263],[-73.67328,40.75153],[-73.67332,40.75176],[-73.6733,40.75219],[-73.67337,40.75314],[-73.67359,40.75468],[-73.67362,40.75504],[-73.67361,40.75526]]]}},{"type":"Feature","properties":{"std_name":"Garden City Park CDP","std_geoid":"3628189","pen":"politicians","std_note":null,"LSAD":"57","NAME":"Garden City Park"},"geometry":{"type":"Polygon","coordinates":[[[-73.67328,40.75153],[-73.66497,40.75254],[-73.66133,40.75288],[-73.66131,40.75278],[-73.65946,40.75297],[-73.6579,40.75321],[-73.65741,40.75057],[-73.65741,40.74973],[-73.65747,40.74912],[-73.65787,40.7471],[-73.65791,40.74655],[-73.65788,40.74614],[-73.65761,40.74475],[-73.65749,40.74429],[-73.65724,40.7438],[-73.65712,40.74385],[-73.65605,40.74266],[-73.65188,40.73773],[-73.6513,40.73713],[-73.65779,40.73619],[-73.66347,40.7352],[-73.66473,40.73503],[-73.67109,40.734],[-73.67118,40.73401],[-73.67121,40.73481],[-73.67116,40.73647],[-73.67118,40.73708],[-73.67143,40.739],[-73.67165,40.74014],[-73.67174,40.74134],[-73.67173,40.74172],[-73.67161,40.74222],[-73.67157,40.74341],[-73.67184,40.74464],[-73.67212,40.74663],[-73.67271,40.74835],[-73.67306,40.74976],[-73.67313,40.7502],[-73.67315,40.75067],[-73.67321,40.75119],[-73.67328,40.75153]]]}},{"type":"Feature","properties":{"std_name":"Searingtown CDP","std_geoid":"3666102","pen":"politicians","std_note":null,"LSAD":"57","NAME":"Searingtown"},"geometry":{"type":"Polygon","coordinates":[[[-73.67084,40.76603],[-73.67081,40.76632],[-73.67058,40.76722],[-73.66804,40.76752],[-73.66687,40.76774],[-73.66545,40.76846],[-73.6668,40.76945],[-73.66696,40.76963],[-73.66722,40.77004],[-73.66771,40.77302],[-73.66718,40.77325],[-73.66724,40.77353],[-73.66658,40.77374],[-73.6668,40.7754],[-73.66546,40.77679],[-73.66488,40.77726],[-73.66401,40.77778],[-73.66322,40.77815],[-73.66244,40.77842],[-73.66142,40.77867],[-73.66086,40.7789],[-73.66035,40.77852],[-73.65964,40.77791],[-73.65946,40.77773],[-73.65924,40.77743],[-73.65921,40.77734],[-73.6583,40.77755],[-73.65654,40.77779],[-73.65661,40.77882],[-73.65678,40.77892],[-73.65731,40.77965],[-73.65577,40.78052],[-73.65533,40.78075],[-73.65454,40.78108],[-73.65354,40.78135],[-73.65292,40.78145],[-73.6522,40.78151],[-73.64952,40.78165],[-73.64985,40.77951],[-73.64999,40.77888],[-73.65073,40.77887],[-73.65075,40.77853],[-73.65083,40.77833],[-73.651,40.77808],[-73.6516,40.77741],[-73.65174,40.77714],[-73.65172,40.77677],[-73.65145,40.77599],[-73.65126,40.77503],[-73.65153,40.77307],[-73.65159,40.77288],[-73.65197,40.7722],[-73.652,40.77206],[-73.652,40.77178],[-73.65186,40.77146],[-73.65123,40.77049],[-73.65742,40.76973],[-73.65698,40.76861],[-73.65595,40.76618],[-73.65585,40.76565],[-73.65589,40.76494],[-73.65596,40.76447],[-73.6562,40.76388],[-73.6575,40.76174],[-73.65773,40.76144],[-73.65803,40.76118],[-73.65844,40.76096],[-73.65887,40.76082],[-73.66078,40.76056],[-73.66234,40.76016],[-73.66354,40.75993],[-73.66397,40.75989],[-73.66473,40.75988],[-73.66532,40.75998],[-73.66555,40.76005],[-73.66609,40.76028],[-73.66661,40.76063],[-73.66969,40.76326],[-73.66998,40.76356],[-73.67015,40.7638],[-73.67038,40.7643],[-73.67074,40.76534],[-73.67082,40.76573],[-73.67084,40.76603]]]}},{"type":"Feature","properties":{"std_name":"Roslyn Estates village","std_geoid":"3663792","pen":"politicians","std_note":null,"LSAD":"47","NAME":"Roslyn Estates"},"geometry":{"type":"Polygon","coordinates":[[[-73.66902,40.79716],[-73.66317,40.79851],[-73.66236,40.79885],[-73.66179,40.79877],[-73.66135,40.79879],[-73.66104,40.79884],[-73.66062,40.79904],[-73.65946,40.79975],[-73.65873,40.79959],[-73.65817,40.7993],[-73.65784,40.79894],[-73.65722,40.79796],[-73.65672,40.79662],[-73.6566,40.79637],[-73.65634,40.79594],[-73.6546,40.79396],[-73.65397,40.79316],[-73.65385,40.79297],[-73.65365,40.79252],[-73.65328,40.79134],[-73.65311,40.79093],[-73.6553,40.79072],[-73.65565,40.79073],[-73.65616,40.79102],[-73.65572,40.78854],[-73.65686,40.78829],[-73.6576,40.78795],[-73.65861,40.78759],[-73.65886,40.78753],[-73.65916,40.78754],[-73.65931,40.78761],[-73.65964,40.78777],[-73.65995,40.78805],[-73.66042,40.78894],[-73.66047,40.78909],[-73.66052,40.78949],[-73.66064,40.78961],[-73.66073,40.78965],[-73.66136,40.78959],[-73.66271,40.78938],[-73.66398,40.78915],[-73.66437,40.78919],[-73.66527,40.7896],[-73.66539,40.78962],[-73.66556,40.78962],[-73.66589,40.78955],[-73.66636,40.78939],[-73.66667,40.79003],[-73.66743,40.79181],[-73.66757,40.79257],[-73.66882,40.79628],[-73.66899,40.79682],[-73.66902,40.79716]]]}},{"type":"Feature","properties":{"std_name":"Garden City South CDP","std_geoid":"3628200","pen":"politicians","std_note":null,"LSAD":"57","NAME":"Garden City South"},"geometry":{"type":"Polygon","coordinates":[[[-73.6655,40.71489],[-73.6655,40.71752],[-73.6646,40.7175],[-73.66412,40.71757],[-73.66099,40.71756],[-73.66099,40.7174],[-73.6601,40.71735],[-73.66002,40.71737],[-73.65921,40.71735],[-73.65917,40.71651],[-73.65762,40.71667],[-73.6576,40.71662],[-73.65721,40.71666],[-73.65721,40.7167],[-73.65685,40.71675],[-73.65542,40.71686],[-73.65204,40.71724],[-73.6512,40.71664],[-73.65107,40.7164],[-73.65541,40.71497],[-73.65567,40.71037],[-73.65745,40.71057],[-73.65738,40.71052],[-73.65775,40.70889],[-73.65784,40.70837],[-73.65567,40.70732],[-73.65732,40.70583],[-73.65748,40.70566],[-73.65848,40.70579],[-73.66124,40.70634],[-73.66213,40.70647],[-73.66334,40.70661],[-73.66567,40.70674],[-73.66571,40.71489],[-73.6655,40.71489]]]}},{"type":"Feature","properties":{"std_name":"Roslyn village","std_geoid":"3663770","pen":"politicians","std_note":null,"LSAD":"47","NAME":"Roslyn"},"geometry":{"type":"Polygon","coordinates":[[[-73.65924,40.7997],[-73.65913,40.80064],[-73.65902,40.80072],[-73.65907,40.80156],[-73.65875,40.80157],[-73.65856,40.80102],[-73.6575,40.80181],[-73.65632,40.80259],[-73.65577,40.8029],[-73.6555,40.80299],[-73.65448,40.80321],[-73.65413,40.8032],[-73.65386,40.80315],[-73.65408,40.8043],[-73.65325,40.80414],[-73.65296,40.80398],[-73.65264,40.80357],[-73.65208,40.80395],[-73.65176,40.80381],[-73.65068,40.80235],[-73.65002,40.80097],[-73.64965,40.80084],[-73.64969,40.80173],[-73.65017,40.80225],[-73.65029,40.80235],[-73.65086,40.80331],[-73.65095,40.80434],[-73.65074,40.80491],[-73.64986,40.80642],[-73.6485,40.8059],[-73.64842,40.80603],[-73.64664,40.80556],[-73.64666,40.80548],[-73.64618,40.80541],[-73.6462,40.80537],[-73.64606,40.80535],[-73.64569,40.80544],[-73.6457,40.80553],[-73.64418,40.80568],[-73.64419,40.8055],[-73.64397,40.8055],[-73.64397,40.80567],[-73.6438,40.80567],[-73.64373,40.80475],[-73.64335,40.80482],[-73.64341,40.80557],[-73.64169,40.80573],[-73.64158,40.80581],[-73.64135,40.80547],[-73.64108,40.80551],[-73.64099,40.80528],[-73.64032,40.80556],[-73.63911,40.80636],[-73.63865,40.80659],[-73.6383,40.80672],[-73.63769,40.80689],[-73.63639,40.8071],[-73.63728,40.80624],[-73.63802,40.80561],[-73.63834,40.80548],[-73.6393,40.80443],[-73.64143,40.80276],[-73.6427,40.8013],[-73.64317,40.80068],[-73.64361,40.79963],[-73.64395,40.79846],[-73.64406,40.79702],[-73.64404,40.79613],[-73.6435,40.79435],[-73.64331,40.79353],[-73.64311,40.79346],[-73.64306,40.79203],[-73.64383,40.79192],[-73.64948,40.79132],[-73.64969,40.79232],[-73.65347,40.79194],[-73.65376,40.79278],[-73.65397,40.79316],[-73.6546,40.79396],[-73.65634,40.79594],[-73.6566,40.79637],[-73.65672,40.79662],[-73.65722,40.79796],[-73.65784,40.79894],[-73.65806,40.79921],[-73.6583,40.79938],[-73.65873,40.79959],[-73.65924,40.7997]]]}},{"type":"Feature","properties":{"std_name":"Mineola village","std_geoid":"3647636","pen":"politicians","std_note":null,"LSAD":"47","NAME":"Mineola"},"geometry":{"type":"Polygon","coordinates":[[[-73.6579,40.74663],[-73.65787,40.7471],[-73.65747,40.74912],[-73.6574,40.75011],[-73.65741,40.75057],[-73.6579,40.75321],[-73.65412,40.75391],[-73.65284,40.75408],[-73.65248,40.75259],[-73.65241,40.75189],[-73.65202,40.75119],[-73.64941,40.75179],[-73.64844,40.75187],[-73.64757,40.75206],[-73.64628,40.75238],[-73.6455,40.75266],[-73.64539,40.75248],[-73.64336,40.75308],[-73.64333,40.75315],[-73.64234,40.75348],[-73.6422,40.75326],[-73.64184,40.75339],[-73.64197,40.75361],[-73.64178,40.75367],[-73.64163,40.75341],[-73.64135,40.7535],[-73.64141,40.75374],[-73.64062,40.75383],[-73.63969,40.75378],[-73.63903,40.75383],[-73.63897,40.75337],[-73.63856,40.75368],[-73.6356,40.754],[-73.63557,40.7543],[-73.63559,40.7546],[-73.63427,40.75479],[-73.63211,40.75545],[-73.6319,40.75526],[-73.63175,40.75482],[-73.6264,40.75671],[-73.62623,40.75648],[-73.62534,40.7569],[-73.6266,40.75964],[-73.62547,40.75974],[-73.62379,40.75999],[-73.62325,40.75875],[-73.6228,40.75799],[-73.62187,40.75711],[-73.62127,40.75661],[-73.62144,40.75652],[-73.62157,40.7564],[-73.62406,40.75515],[-73.62372,40.7546],[-73.6239,40.75415],[-73.62402,40.75409],[-73.62306,40.7523],[-73.62258,40.75165],[-73.62298,40.75158],[-73.62243,40.75098],[-73.62221,40.75031],[-73.62215,40.74961],[-73.62244,40.7488],[-73.6218,40.74894],[-73.6221,40.74809],[-73.62234,40.7477],[-73.62275,40.74718],[-73.62287,40.74707],[-73.62312,40.74667],[-73.62327,40.74632],[-73.62334,40.74566],[-73.62321,40.74513],[-73.62273,40.74437],[-73.62201,40.74208],[-73.63395,40.73995],[-73.63672,40.73938],[-73.6392,40.73898],[-73.6501,40.73699],[-73.65022,40.73736],[-73.65062,40.73729],[-73.65078,40.738],[-73.65188,40.73773],[-73.65576,40.74233],[-73.65712,40.74385],[-73.65724,40.7438],[-73.65749,40.74429],[-73.65761,40.74475],[-73.65788,40.74614],[-73.6579,40.74663]]]}},{"type":"Feature","properties":{"std_name":"Roslyn Heights CDP","std_geoid":"3663814","pen":"politicians","std_note":null,"LSAD":"57","NAME":"Roslyn Heights"},"geometry":{"type":"Polygon","coordinates":[[[-73.65771,40.78341],[-73.65675,40.78357],[-73.65528,40.7841],[-73.65578,40.78656],[-73.65535,40.78661],[-73.65565,40.78807],[-73.65616,40.79102],[-73.65565,40.79073],[-73.6553,40.79072],[-73.65311,40.79093],[-73.65328,40.79134],[-73.65347,40.79194],[-73.6502,40.79229],[-73.64969,40.79232],[-73.64948,40.79132],[-73.64383,40.79192],[-73.64306,40.79203],[-73.64311,40.79346],[-73.6424,40.79312],[-73.6417,40.79271],[-73.64083,40.79271],[-73.64033,40.79288],[-73.63911,40.79282],[-73.63988,40.79117],[-73.64037,40.7912],[-73.6407,40.79145],[-73.64072,40.79104],[-73.64072,40.78969],[-73.64068,40.78945],[-73.64061,40.78931],[-73.64049,40.78913],[-73.64006,40.78867],[-73.63989,40.78842],[-73.63959,40.78693],[-73.63896,40.7852],[-73.63884,40.78457],[-73.63884,40.78423],[-73.63888,40.78391],[-73.63933,40.78229],[-73.63939,40.78198],[-73.63941,40.78151],[-73.63929,40.78071],[-73.63907,40.78009],[-73.63247,40.78008],[-73.62957,40.77997],[-73.62872,40.77982],[-73.62775,40.77939],[-73.62678,40.77877],[-73.62626,40.77818],[-73.62557,40.77807],[-73.62543,40.77783],[-73.62518,40.7772],[-73.62513,40.77685],[-73.62514,40.7765],[-73.62561,40.77409],[-73.62573,40.77315],[-73.62578,40.77204],[-73.62576,40.77083],[-73.6257,40.76982],[-73.62562,40.76904],[-73.62532,40.76473],[-73.62514,40.76354],[-73.62496,40.76282],[-73.62463,40.76191],[-73.62379,40.75999],[-73.62547,40.75974],[-73.6266,40.75964],[-73.62634,40.7616],[-73.62857,40.7661],[-73.63069,40.76741],[-73.63655,40.76698],[-73.64076,40.76649],[-73.64129,40.76982],[-73.64153,40.771],[-73.64167,40.77195],[-73.64239,40.77621],[-73.64277,40.77828],[-73.643,40.77988],[-73.64331,40.78132],[-73.64545,40.78171],[-73.64645,40.7818],[-73.65104,40.78158],[-73.65292,40.78145],[-73.65382,40.7813],[-73.6549,40.78094],[-73.65577,40.78052],[-73.65731,40.77965],[-73.6573,40.7807],[-73.65734,40.78094],[-73.65788,40.7834],[-73.65771,40.78341]]]}},{"type":"Feature","properties":{"std_name":"Albertson CDP","std_geoid":"3601011","pen":"politicians","std_note":null,"LSAD":"57","NAME":"Albertson"},"geometry":{"type":"Polygon","coordinates":[[[-73.65742,40.76973],[-73.65123,40.77049],[-73.65186,40.77146],[-73.652,40.77178],[-73.652,40.77206],[-73.65197,40.7722],[-73.65159,40.77288],[-73.65153,40.77307],[-73.65126,40.77503],[-73.65145,40.77599],[-73.65172,40.77677],[-73.65174,40.77714],[-73.6516,40.77741],[-73.651,40.77808],[-73.65083,40.77833],[-73.65075,40.77853],[-73.65073,40.77887],[-73.64999,40.77888],[-73.64985,40.77951],[-73.64952,40.78165],[-73.64844,40.78172],[-73.64645,40.7818],[-73.64545,40.78171],[-73.64331,40.78132],[-73.643,40.77988],[-73.64277,40.77828],[-73.64239,40.77621],[-73.64167,40.77195],[-73.64153,40.771],[-73.64129,40.76982],[-73.64076,40.76649],[-73.64182,40.76629],[-73.64313,40.76608],[-73.64447,40.76592],[-73.64535,40.76575],[-73.6472,40.76572],[-73.64712,40.76534],[-73.64808,40.76502],[-73.64852,40.76476],[-73.64857,40.76455],[-73.64942,40.76421],[-73.65098,40.763],[-73.65499,40.7629],[-73.65516,40.76287],[-73.65514,40.76259],[-73.65586,40.76267],[-73.65688,40.76273],[-73.6562,40.76388],[-73.65602,40.76428],[-73.65593,40.76462],[-73.65589,40.76494],[-73.65586,40.76579],[-73.65595,40.76618],[-73.65698,40.76861],[-73.65742,40.76973]]]}},{"type":"Feature","properties":{"std_name":"Williston Park village","std_geoid":"3682117","pen":"politicians","std_note":null,"LSAD":"47","NAME":"Williston Park"},"geometry":{"type":"Polygon","coordinates":[[[-73.65516,40.76287],[-73.65499,40.7629],[-73.65098,40.763],[-73.64942,40.76421],[-73.64857,40.76455],[-73.64852,40.76476],[-73.64808,40.76502],[-73.64712,40.76534],[-73.6472,40.76572],[-73.64535,40.76575],[-73.64447,40.76592],[-73.64313,40.76608],[-73.64182,40.76629],[-73.64076,40.76649],[-73.64049,40.76514],[-73.63993,40.76129],[-73.63982,40.76039],[-73.6396,40.75778],[-73.63918,40.75467],[-73.63903,40.75383],[-73.63969,40.75378],[-73.64062,40.75383],[-73.64141,40.75374],[-73.64135,40.7535],[-73.64163,40.75341],[-73.64178,40.75367],[-73.64197,40.75361],[-73.64184,40.75339],[-73.6422,40.75326],[-73.64234,40.75348],[-73.64333,40.75315],[-73.64336,40.75308],[-73.64539,40.75248],[-73.6455,40.75266],[-73.64628,40.75238],[-73.64757,40.75206],[-73.64844,40.75187],[-73.64941,40.75179],[-73.65202,40.75119],[-73.65241,40.75189],[-73.65248,40.75259],[-73.65284,40.75408],[-73.65321,40.75403],[-73.65359,40.75576],[-73.65371,40.75581],[-73.65389,40.75652],[-73.65345,40.75657],[-73.65359,40.75703],[-73.65376,40.75706],[-73.65346,40.75709],[-73.65386,40.75933],[-73.65425,40.76181],[-73.65431,40.76206],[-73.65494,40.76199],[-73.65494,40.76218],[-73.65511,40.76216],[-73.65516,40.76287]]]}},{"type":"Feature","properties":{"std_name":"West Hempstead CDP","std_geoid":"3680225","pen":"politicians","std_note":null,"LSAD":"57","NAME":"West Hempstead"},"geometry":{"type":"Polygon","coordinates":[[[-73.66815,40.68514],[-73.66803,40.68643],[-73.66766,40.69194],[-73.66653,40.69745],[-73.6663,40.69796],[-73.66604,40.6984],[-73.66329,40.70109],[-73.66247,40.70176],[-73.66117,40.70276],[-73.66103,40.70273],[-73.66121,40.70441],[-73.66124,40.70634],[-73.65848,40.70579],[-73.65748,40.70566],[-73.65732,40.70583],[-73.65391,40.70893],[-73.6529,40.71007],[-73.65204,40.71111],[-73.65196,40.71107],[-73.65016,40.71108],[-73.65013,40.71157],[-73.64892,40.71169],[-73.64891,40.71222],[-73.64615,40.71247],[-73.64494,40.71249],[-73.64404,40.71258],[-73.64391,40.71263],[-73.6432,40.71278],[-73.64291,40.7122],[-73.64226,40.71106],[-73.6398,40.70774],[-73.63872,40.70656],[-73.63859,40.70618],[-73.63731,40.7049],[-73.63791,40.70449],[-73.63934,40.7039],[-73.63862,40.70131],[-73.63842,40.70098],[-73.63881,40.7009],[-73.63872,40.70057],[-73.6387,40.70036],[-73.63852,40.70002],[-73.63638,40.6999],[-73.63627,40.7008],[-73.63556,40.70091],[-73.63667,40.7036],[-73.63677,40.70386],[-73.63679,40.70414],[-73.63645,40.70376],[-73.63607,40.7035],[-73.63356,40.70229],[-73.63318,40.69892],[-73.63314,40.69859],[-73.63309,40.6985],[-73.63327,40.6977],[-73.63477,40.6965],[-73.63647,40.6949],[-73.63327,40.69399],[-73.63277,40.6939],[-73.63237,40.69379],[-73.6318,40.69355],[-73.63202,40.69295],[-73.63244,40.69161],[-73.63271,40.69026],[-73.63314,40.69026],[-73.63393,40.69018],[-73.63444,40.69007],[-73.6351,40.68986],[-73.63659,40.68923],[-73.63791,40.68856],[-73.63869,40.68805],[-73.63912,40.68773],[-73.64279,40.68482],[-73.64351,40.68429],[-73.6451,40.68358],[-73.64589,40.6833],[-73.64729,40.68296],[-73.64866,40.6828],[-73.64954,40.68278],[-73.65045,40.68286],[-73.65308,40.68337],[-73.65536,40.68361],[-73.65618,40.68366],[-73.65666,40.68364],[-73.65748,40.68351],[-73.65969,40.68296],[-73.66114,40.68268],[-73.66191,40.68258],[-73.66395,40.68252],[-73.66509,40.6826],[-73.66656,40.68286],[-73.6676,40.68298],[-73.66738,40.68315],[-73.66787,40.68332],[-73.66796,40.68342],[-73.66802,40.68357],[-73.66814,40.68457],[-73.66815,40.68514]]]}}]}