{"type":"FeatureCollection","features":[{"type":"Feature","properties":{"std_name":"Special 125th Street District","std_geoid":"125th","pen":"politicians","std_note":null},"geometry":{"type":"Polygon","coordinates":[[[-73.95445,40.81202],[-73.95422,40.81191],[-73.95397,40.81224],[-73.93533,40.80437],[-73.93604,40.80339],[-73.93547,40.80315],[-73.93525,40.80346],[-73.93358,40.80275],[-73.93406,40.80208],[-73.95474,40.8108],[-73.95471,40.81084],[-73.95828,40.81494],[-73.95872,40.81512],[-73.95784,40.81632],[-73.95748,40.81619],[-73.95571,40.81415],[-73.95595,40.81381],[-73.95445,40.81202]]]}},{"type":"Feature","properties":{"std_name":"Special Atlantic Avenue Mixed Use District (AAM)","std_geoid":"AAM","pen":"politicians","std_note":null},"geometry":{"type":"Polygon","coordinates":[[[-73.95611,40.67771],[-73.95639,40.67694],[-73.95866,40.67741],[-73.95838,40.67818],[-73.9593,40.67838],[-73.95958,40.67761],[-73.9627,40.67826],[-73.962,40.68016],[-73.96695,40.68119],[-73.96708,40.68083],[-73.96768,40.68095],[-73.96738,40.68182],[-73.95822,40.6799],[-73.95831,40.68036],[-73.95539,40.67974],[-73.95537,40.67959],[-73.95322,40.67983],[-73.9527,40.67981],[-73.95262,40.67944],[-73.95028,40.67931],[-73.95036,40.67858],[-73.95018,40.67857],[-73.95022,40.67805],[-73.95268,40.6782],[-73.95289,40.67824],[-73.95281,40.67784],[-73.95418,40.67813],[-73.95432,40.67775],[-73.95487,40.67786],[-73.95501,40.67747],[-73.95547,40.67757],[-73.95519,40.67834],[-73.95559,40.67842],[-73.95586,40.67765],[-73.95611,40.67771]]]}},{"type":"Feature","properties":{"std_name":"Special Battery Park City District","std_geoid":"BPC","pen":"politicians","std_note":null},"geometry":{"type":"Polygon","coordinates":[[[-74.01921,40.70502],[-74.0194,40.70583],[-74.01816,40.71082],[-74.01666,40.71883],[-74.01324,40.71837],[-74.01398,40.71522],[-74.01499,40.71121],[-74.01755,40.70477],[-74.01812,40.70472],[-74.01816,40.70461],[-74.01902,40.70481],[-74.01921,40.70502]]]}},{"type":"Feature","properties":{"std_name":"Special Bay Ridge District","std_geoid":"BR","pen":"politicians","std_note":null},"geometry":{"type":"Polygon","coordinates":[[[-74.02286,40.63963],[-74.02265,40.6397],[-74.02168,40.63911],[-74.02143,40.63902],[-74.02127,40.6387],[-74.02107,40.6384],[-74.02078,40.63808],[-74.02045,40.63778],[-74.01893,40.63682],[-74.019,40.63676],[-74.0175,40.63586],[-74.01682,40.63534],[-74.01647,40.63494],[-74.01624,40.63457],[-74.01614,40.63435],[-74.01603,40.63395],[-74.016,40.63373],[-74.01602,40.63332],[-74.0161,40.63282],[-74.01643,40.63179],[-74.01692,40.63055],[-74.01798,40.62747],[-74.01824,40.62683],[-74.01882,40.62546],[-74.01913,40.62486],[-74.01947,40.62427],[-74.02001,40.62354],[-74.02742,40.61488],[-74.02872,40.61553],[-74.03256,40.61107],[-74.03424,40.61191],[-74.03454,40.61154],[-74.03481,40.6117],[-74.03591,40.6125],[-74.0366,40.61331],[-74.03701,40.61399],[-74.0373,40.61461],[-74.03759,40.61535],[-74.03792,40.61602],[-74.0391,40.61802],[-74.03992,40.61931],[-74.04025,40.61987],[-74.04033,40.62009],[-74.04037,40.62034],[-74.04036,40.62055],[-74.04029,40.62095],[-74.0401,40.62149],[-74.04003,40.62189],[-74.04003,40.62221],[-74.04008,40.62246],[-74.04029,40.62283],[-74.04059,40.62326],[-74.04066,40.6234],[-74.04072,40.62367],[-74.04069,40.62404],[-74.04051,40.62504],[-74.04057,40.62589],[-74.04052,40.62658],[-74.0404,40.62694],[-74.03986,40.62785],[-74.03972,40.62832],[-74.03972,40.62855],[-74.03976,40.62881],[-74.03992,40.62927],[-74.03998,40.62954],[-74.03999,40.62975],[-74.03994,40.62997],[-74.03969,40.63035],[-74.03932,40.63071],[-74.03855,40.63138],[-74.03763,40.63237],[-74.03686,40.63347],[-74.03672,40.63376],[-74.03665,40.63395],[-74.03661,40.63418],[-74.03666,40.63443],[-74.0368,40.63465],[-74.03728,40.63515],[-74.03738,40.63532],[-74.03741,40.63551],[-74.03729,40.63575],[-74.03635,40.63664],[-74.036,40.63714],[-74.03592,40.63737],[-74.03593,40.63787],[-74.03598,40.63817],[-74.0359,40.63861],[-74.03565,40.63932],[-74.03539,40.6398],[-74.03101,40.63844],[-74.03051,40.63969],[-74.02865,40.64142],[-74.02646,40.64007],[-74.02582,40.64069],[-74.02355,40.63932],[-74.02286,40.63963]]]}},{"type":"Feature","properties":{"std_name":"Special Bay Street Corridor District","std_geoid":"BSC","pen":"politicians","std_note":null},"geometry":{"type":"Polygon","coordinates":[[[-74.0771,40.63609],[-74.07667,40.63622],[-74.07675,40.63639],[-74.0762,40.63656],[-74.07626,40.63669],[-74.07604,40.63753],[-74.07494,40.63763],[-74.07474,40.63687],[-74.07432,40.63421],[-74.07423,40.63344],[-74.07427,40.63313],[-74.07441,40.63267],[-74.07497,40.63155],[-74.07514,40.6311],[-74.07519,40.63088],[-74.07527,40.63013],[-74.07517,40.62866],[-74.07643,40.62855],[-74.07657,40.62931],[-74.07707,40.62925],[-74.07724,40.63021],[-74.0779,40.63034],[-74.07764,40.63064],[-74.07808,40.63072],[-74.07769,40.63116],[-74.07749,40.63157],[-74.07691,40.63141],[-74.07673,40.63173],[-74.07663,40.6317],[-74.07643,40.63211],[-74.07668,40.63218],[-74.0761,40.63337],[-74.07654,40.63349],[-74.07622,40.63418],[-74.0765,40.63502],[-74.0771,40.63609]]]}},{"type":"Feature","properties":{"std_name":"Special Brooklyn Navy Yard","std_geoid":"BNY","pen":"politicians","std_note":null},"geometry":{"type":"Polygon","coordinates":[[[-73.97988,40.69945],[-73.98048,40.69947],[-73.9804,40.70083],[-73.98075,40.70128],[-73.98062,40.70197],[-73.98016,40.70191],[-73.97978,40.7023],[-73.97788,40.70199],[-73.97658,40.70646],[-73.97552,40.70668],[-73.97211,40.7084],[-73.97031,40.70692],[-73.97022,40.70529],[-73.96799,40.70583],[-73.96734,40.70436],[-73.96257,40.70052],[-73.96239,40.69964],[-73.96288,40.69802],[-73.96542,40.69762],[-73.97798,40.69813],[-73.97791,40.69918],[-73.97889,40.69922],[-73.9793,40.69956],[-73.97987,40.69959],[-73.97988,40.69945]]]}},{"type":"Feature","properties":{"std_name":"Special City Island District","std_geoid":"CD","pen":"politicians","std_note":null},"geometry":{"type":"Polygon","coordinates":[[[-73.78571,40.83922],[-73.78611,40.83959],[-73.78628,40.83961],[-73.78651,40.83974],[-73.78698,40.83973],[-73.78728,40.83968],[-73.78733,40.83971],[-73.78748,40.83998],[-73.78748,40.84006],[-73.78745,40.84007],[-73.78765,40.84052],[-73.78735,40.84059],[-73.78749,40.84084],[-73.78819,40.84071],[-73.78811,40.8405],[-73.78817,40.84049],[-73.78822,40.84071],[-73.78825,40.8407],[-73.78824,40.84075],[-73.78832,40.84082],[-73.78822,40.84076],[-73.78779,40.84081],[-73.7878,40.84084],[-73.78776,40.84085],[-73.78786,40.84108],[-73.7876,40.84114],[-73.78761,40.84119],[-73.78786,40.8415],[-73.78813,40.84146],[-73.78823,40.84149],[-73.78827,40.84153],[-73.78837,40.84151],[-73.78828,40.84155],[-73.78822,40.84169],[-73.78799,40.84176],[-73.78815,40.8421],[-73.78826,40.84226],[-73.78831,40.84224],[-73.78829,40.84229],[-73.7884,40.84244],[-73.78885,40.84235],[-73.78854,40.84243],[-73.7887,40.84267],[-73.78886,40.84306],[-73.78897,40.84317],[-73.78905,40.84322],[-73.78962,40.84311],[-73.78966,40.84322],[-73.78979,40.8432],[-73.78978,40.84317],[-73.78984,40.84316],[-73.78986,40.84323],[-73.78995,40.84321],[-73.78995,40.84323],[-73.78986,40.84325],[-73.7899,40.84338],[-73.78973,40.84341],[-73.78974,40.84345],[-73.7899,40.84342],[-73.78975,40.84347],[-73.7898,40.84358],[-73.78927,40.8437],[-73.78936,40.84385],[-73.78942,40.84384],[-73.78946,40.84394],[-73.78935,40.84397],[-73.78951,40.84435],[-73.7899,40.84489],[-73.79002,40.84496],[-73.79061,40.84574],[-73.79099,40.84565],[-73.79102,40.8457],[-73.79066,40.8458],[-73.79104,40.84635],[-73.79108,40.84637],[-73.79119,40.84657],[-73.7915,40.84651],[-73.79151,40.84653],[-73.79132,40.84659],[-73.79146,40.84679],[-73.7918,40.84673],[-73.79181,40.84677],[-73.79133,40.84687],[-73.79138,40.84698],[-73.79169,40.84695],[-73.7917,40.84698],[-73.79142,40.847],[-73.79143,40.84734],[-73.79176,40.84724],[-73.79177,40.84727],[-73.79141,40.84738],[-73.7914,40.84757],[-73.79126,40.84761],[-73.79129,40.84773],[-73.79154,40.84769],[-73.79143,40.84779],[-73.79148,40.84804],[-73.79174,40.84804],[-73.79142,40.84808],[-73.79141,40.84831],[-73.79129,40.84857],[-73.79109,40.84877],[-73.79111,40.84881],[-73.79107,40.84878],[-73.79092,40.84887],[-73.79101,40.84899],[-73.79098,40.849],[-73.79089,40.84889],[-73.79007,40.84937],[-73.78989,40.84955],[-73.78977,40.84974],[-73.78961,40.84977],[-73.78968,40.84989],[-73.78983,40.84986],[-73.78991,40.85014],[-73.78988,40.85019],[-73.78981,40.8502],[-73.78984,40.85031],[-73.79001,40.85028],[-73.79006,40.85045],[-73.78992,40.85047],[-73.78989,40.85054],[-73.79003,40.85078],[-73.79012,40.85119],[-73.78951,40.8513],[-73.78957,40.85149],[-73.78966,40.85149],[-73.78971,40.85169],[-73.79012,40.8516],[-73.79017,40.85166],[-73.79089,40.85154],[-73.79092,40.85164],[-73.7902,40.85175],[-73.79021,40.85181],[-73.79059,40.85173],[-73.7906,40.85176],[-73.79018,40.85184],[-73.79021,40.852],[-73.79008,40.85203],[-73.79015,40.85225],[-73.79113,40.85202],[-73.79144,40.85277],[-73.79041,40.85302],[-73.79048,40.85319],[-73.79077,40.85312],[-73.79085,40.85333],[-73.79111,40.85327],[-73.79123,40.85352],[-73.79119,40.85354],[-73.79127,40.8537],[-73.7913,40.8539],[-73.79159,40.85389],[-73.79171,40.85392],[-73.79187,40.85414],[-73.79187,40.85425],[-73.79176,40.85432],[-73.79122,40.85445],[-73.79109,40.85453],[-73.79111,40.85455],[-73.79119,40.85453],[-73.79194,40.85552],[-73.79208,40.8556],[-73.79292,40.8559],[-73.79285,40.85632],[-73.79209,40.85605],[-73.79198,40.85636],[-73.79195,40.85636],[-73.79192,40.85643],[-73.79209,40.85645],[-73.79209,40.85648],[-73.79201,40.85654],[-73.7919,40.85652],[-73.79189,40.85655],[-73.79306,40.85673],[-73.79307,40.85668],[-73.7931,40.85669],[-73.79307,40.85682],[-73.79303,40.85682],[-73.79305,40.85675],[-73.79189,40.85656],[-73.79185,40.85667],[-73.79183,40.85666],[-73.79171,40.85685],[-73.79177,40.85685],[-73.79182,40.8569],[-73.79183,40.85696],[-73.79187,40.85699],[-73.79185,40.85701],[-73.79269,40.85742],[-73.79261,40.85751],[-73.79259,40.8575],[-73.79264,40.85743],[-73.79184,40.85703],[-73.79174,40.85714],[-73.79174,40.8572],[-73.79166,40.8573],[-73.7917,40.85733],[-73.79169,40.85735],[-73.79247,40.85772],[-73.79255,40.85763],[-73.79258,40.85765],[-73.7924,40.85785],[-73.79237,40.85784],[-73.79245,40.85774],[-73.79167,40.85737],[-73.79161,40.8574],[-73.79152,40.85737],[-73.79126,40.85744],[-73.79101,40.85758],[-73.79131,40.85771],[-73.79163,40.8579],[-73.79176,40.85777],[-73.79179,40.85778],[-73.79144,40.85816],[-73.79142,40.85815],[-73.79162,40.85791],[-73.79102,40.85761],[-73.79096,40.85776],[-73.79089,40.85781],[-73.79051,40.8579],[-73.79037,40.858],[-73.79007,40.85847],[-73.79016,40.85854],[-73.79012,40.85857],[-73.79005,40.85848],[-73.78999,40.85853],[-73.78998,40.8585],[-73.78982,40.85854],[-73.78942,40.85852],[-73.789,40.85847],[-73.78889,40.85791],[-73.78885,40.85789],[-73.78878,40.85743],[-73.78802,40.85755],[-73.78801,40.8575],[-73.78816,40.85748],[-73.78816,40.8575],[-73.78874,40.8574],[-73.78869,40.85717],[-73.78862,40.85711],[-73.78871,40.85705],[-73.78876,40.85694],[-73.7888,40.85679],[-73.78878,40.85671],[-73.7889,40.8566],[-73.7888,40.85639],[-73.78886,40.85637],[-73.78878,40.85627],[-73.78862,40.85631],[-73.78853,40.85615],[-73.78843,40.85577],[-73.78815,40.85583],[-73.7884,40.85576],[-73.78836,40.85564],[-73.78843,40.85531],[-73.78841,40.85519],[-73.78845,40.85518],[-73.7884,40.85507],[-73.78828,40.85504],[-73.78824,40.85494],[-73.78824,40.85481],[-73.78833,40.85468],[-73.78828,40.85448],[-73.78818,40.85431],[-73.78809,40.85422],[-73.78766,40.85434],[-73.78765,40.85431],[-73.78808,40.8542],[-73.78798,40.85412],[-73.78769,40.85418],[-73.78725,40.85419],[-73.78717,40.85414],[-73.78713,40.85405],[-73.78702,40.85404],[-73.7882,40.85371],[-73.7875,40.85301],[-73.7864,40.85212],[-73.78588,40.85178],[-73.78565,40.85178],[-73.78547,40.85166],[-73.78549,40.85162],[-73.78541,40.85156],[-73.78536,40.85154],[-73.78424,40.8518],[-73.78431,40.85177],[-73.784,40.85159],[-73.78398,40.85153],[-73.78387,40.85156],[-73.78386,40.85154],[-73.78397,40.85151],[-73.78396,40.85149],[-73.78356,40.85157],[-73.78345,40.8514],[-73.78381,40.85125],[-73.78452,40.85103],[-73.78447,40.85075],[-73.78433,40.85078],[-73.78407,40.85062],[-73.78402,40.85054],[-73.78404,40.85047],[-73.78422,40.85032],[-73.78421,40.85015],[-73.78386,40.84969],[-73.78337,40.84919],[-73.78318,40.84925],[-73.78304,40.84907],[-73.78242,40.84935],[-73.78194,40.84893],[-73.78184,40.84897],[-73.78159,40.84874],[-73.7815,40.84871],[-73.7815,40.84859],[-73.7821,40.84843],[-73.78221,40.84835],[-73.78273,40.8482],[-73.78269,40.84813],[-73.7816,40.8484],[-73.78157,40.84833],[-73.78135,40.84839],[-73.78133,40.84834],[-73.78173,40.84823],[-73.78183,40.84825],[-73.78264,40.84808],[-73.78253,40.84796],[-73.78169,40.84806],[-73.78153,40.84799],[-73.78148,40.8479],[-73.78147,40.84781],[-73.78149,40.84773],[-73.7814,40.8475],[-73.78147,40.84732],[-73.78187,40.84714],[-73.78184,40.84706],[-73.782,40.84704],[-73.78221,40.84678],[-73.78217,40.84665],[-73.78064,40.84694],[-73.78069,40.84707],[-73.78047,40.84711],[-73.78042,40.84694],[-73.78215,40.84662],[-73.78214,40.84658],[-73.78232,40.84655],[-73.78229,40.84646],[-73.7825,40.84642],[-73.78236,40.846],[-73.7826,40.84595],[-73.78253,40.84568],[-73.78262,40.84563],[-73.78305,40.84554],[-73.78313,40.84549],[-73.78315,40.84538],[-73.78317,40.84512],[-73.78298,40.84493],[-73.78292,40.84471],[-73.78299,40.84461],[-73.78316,40.8445],[-73.78313,40.84443],[-73.78303,40.84438],[-73.78298,40.84422],[-73.78302,40.84416],[-73.78319,40.8441],[-73.78309,40.84387],[-73.78336,40.84378],[-73.78343,40.8437],[-73.78345,40.84364],[-73.78332,40.84322],[-73.78309,40.84279],[-73.78297,40.84265],[-73.78273,40.84245],[-73.78232,40.84254],[-73.7822,40.84201],[-73.78205,40.84178],[-73.7819,40.84169],[-73.78185,40.84158],[-73.78183,40.84129],[-73.78176,40.84119],[-73.78166,40.84113],[-73.78155,40.8408],[-73.78142,40.84073],[-73.7815,40.84062],[-73.78146,40.8405],[-73.78156,40.84045],[-73.78157,40.84039],[-73.78137,40.83982],[-73.7813,40.83975],[-73.7812,40.83974],[-73.78133,40.83969],[-73.78128,40.83954],[-73.78121,40.83953],[-73.78128,40.83949],[-73.78133,40.83936],[-73.78133,40.83902],[-73.78143,40.83865],[-73.7817,40.83822],[-73.782,40.83793],[-73.78189,40.83765],[-73.78234,40.83735],[-73.78242,40.83733],[-73.78258,40.83737],[-73.78264,40.83735],[-73.78225,40.8363],[-73.78254,40.83624],[-73.7827,40.83668],[-73.78267,40.83652],[-73.78271,40.83641],[-73.78282,40.83634],[-73.78305,40.83634],[-73.78339,40.83689],[-73.78365,40.83683],[-73.78346,40.83647],[-73.78367,40.83683],[-73.78374,40.83681],[-73.78355,40.83644],[-73.78357,40.83644],[-73.78376,40.83681],[-73.78406,40.83675],[-73.78424,40.83677],[-73.78433,40.83683],[-73.78448,40.83702],[-73.78492,40.83684],[-73.78487,40.83678],[-73.78498,40.83673],[-73.78509,40.83687],[-73.78498,40.83692],[-73.78494,40.83686],[-73.78451,40.83706],[-73.78458,40.83721],[-73.78465,40.83727],[-73.78512,40.83744],[-73.78554,40.83715],[-73.78558,40.83718],[-73.78517,40.83747],[-73.78522,40.83768],[-73.78527,40.83776],[-73.78557,40.83793],[-73.78545,40.83838],[-73.78545,40.8384],[-73.78554,40.83839],[-73.78559,40.83852],[-73.78548,40.83854],[-73.78553,40.83884],[-73.78564,40.83903],[-73.78575,40.83901],[-73.7858,40.83914],[-73.78568,40.83916],[-73.78571,40.83922]]]}},{"type":"Feature","properties":{"std_name":"Special Clinton District","std_geoid":"CL","pen":"politicians","std_note":null},"geometry":{"type":"Polygon","coordinates":[[[-73.98853,40.76999],[-73.98315,40.76775],[-73.98415,40.76638],[-73.98337,40.76605],[-73.98978,40.75724],[-73.99154,40.75797],[-73.99203,40.75731],[-74.00148,40.76129],[-74.00107,40.76185],[-74.00079,40.76202],[-74.00017,40.7625],[-74.0003,40.76255],[-73.99927,40.76337],[-73.99864,40.76404],[-73.99438,40.76987],[-73.99417,40.77158],[-73.99328,40.77281],[-73.98808,40.77061],[-73.98853,40.76999]]]}},{"type":"Feature","properties":{"std_name":"Special Coastal Risk District 1","std_geoid":"CR-1","pen":"politicians","std_note":null},"geometry":{"type":"Polygon","coordinates":[[[-73.82378,40.59396],[-73.83512,40.59373],[-73.83516,40.59639],[-73.82594,40.59965],[-73.82338,40.60304],[-73.82336,40.60618],[-73.82364,40.61246],[-73.82163,40.61578],[-73.81779,40.61595],[-73.81429,40.61622],[-73.81355,40.6112],[-73.81505,40.60705],[-73.81589,40.60554],[-73.81908,40.59697],[-73.82378,40.59396]]]}},{"type":"Feature","properties":{"std_name":"Special Coastal Risk District 2","std_geoid":"CR-2","pen":"politicians","std_note":null},"geometry":{"type":"Polygon","coordinates":[[[-73.83206,40.65405],[-73.83304,40.65811],[-73.83101,40.65839],[-73.83121,40.65912],[-73.82978,40.65932],[-73.82958,40.65891],[-73.8298,40.65888],[-73.82913,40.65749],[-73.8287,40.65624],[-73.82725,40.65054],[-73.8271,40.65056],[-73.82708,40.65046],[-73.83074,40.64994],[-73.83162,40.65353],[-73.83162,40.65371],[-73.83172,40.65393],[-73.83194,40.65403],[-73.832,40.654],[-73.83206,40.65405]]]}},{"type":"Feature","properties":{"std_name":"Special Coastal Risk District 3","std_geoid":"CR-3","pen":"politicians","std_note":null},"geometry":{"type":"MultiPolygon","coordinates":[[[[-74.11374,40.5574],[-74.10938,40.55317],[-74.11079,40.55234],[-74.11049,40.55206],[-74.11233,40.55056],[-74.11273,40.55029],[-74.11339,40.54992],[-74.11437,40.54951],[-74.11497,40.55007],[-74.11486,40.55014],[-74.11492,40.5502],[-74.11421,40.55059],[-74.11697,40.5531],[-74.11717,40.5532],[-74.11739,40.55325],[-74.11762,40.55324],[-74.11801,40.55318],[-74.11878,40.55241],[-74.11926,40.5528],[-74.12047,40.55339],[-74.11853,40.55514],[-74.1189,40.55537],[-74.11861,40.55565],[-74.11896,40.55586],[-74.11862,40.55618],[-74.11789,40.55574],[-74.11759,40.55601],[-74.11668,40.55546],[-74.11589,40.55645],[-74.11558,40.55675],[-74.11518,40.55698],[-74.11483,40.55713],[-74.11374,40.5574]]],[[[-74.07765,40.57917],[-74.07903,40.57795],[-74.08068,40.57694],[-74.08232,40.57601],[-74.08281,40.57641],[-74.08364,40.57582],[-74.08372,40.57588],[-74.08482,40.5751],[-74.08489,40.57516],[-74.08521,40.57493],[-74.08489,40.57468],[-74.08606,40.574],[-74.0866,40.57428],[-74.08688,40.57396],[-74.08648,40.57375],[-74.08718,40.57335],[-74.08775,40.57366],[-74.08767,40.57374],[-74.08918,40.57458],[-74.08836,40.57545],[-74.08985,40.57622],[-74.08898,40.57715],[-74.08715,40.57936],[-74.0851,40.57829],[-74.08395,40.57734],[-74.08318,40.57827],[-74.08287,40.57812],[-74.08235,40.57871],[-74.08167,40.57836],[-74.08074,40.57941],[-74.08095,40.57951],[-74.0807,40.57978],[-74.08085,40.57986],[-74.08029,40.58054],[-74.07765,40.57917]]]]}},{"type":"Feature","properties":{"std_name":"Special Coastal Risk District 4","std_geoid":"CR-4","pen":"politicians","std_note":null},"geometry":{"type":"Polygon","coordinates":[[[-73.9302,40.59668],[-73.92487,40.59188],[-73.92479,40.59193],[-73.92136,40.58883],[-73.92081,40.58918],[-73.91732,40.58605],[-73.91796,40.58562],[-73.91929,40.58507],[-73.9209,40.58491],[-73.92502,40.58488],[-73.92795,40.58733],[-73.93063,40.5897],[-73.93155,40.59464],[-73.932,40.59474],[-73.93301,40.59464],[-73.93304,40.59483],[-73.9302,40.59668]]]}},{"type":"Feature","properties":{"std_name":"Special Coastal Risk District 5","std_geoid":"CR-5","pen":"politicians","std_note":null},"geometry":{"type":"Polygon","coordinates":[[[-73.77434,40.59891],[-73.77469,40.599],[-73.77437,40.59618],[-73.78,40.5958],[-73.78008,40.59639],[-73.78038,40.59663],[-73.77991,40.59666],[-73.7797,40.5968],[-73.77975,40.59711],[-73.77742,40.59872],[-73.77657,40.60059],[-73.7755,40.60159],[-73.77374,40.60233],[-73.77434,40.59891]]]}},{"type":"Feature","properties":{"std_name":"Special College Point District","std_geoid":"CP","pen":"politicians","std_note":null},"geometry":{"type":"Polygon","coordinates":[[[-73.8397,40.76615],[-73.84032,40.7662],[-73.84085,40.76616],[-73.84349,40.76556],[-73.8449,40.76542],[-73.84628,40.76571],[-73.84744,40.76634],[-73.84816,40.76728],[-73.85075,40.77173],[-73.84796,40.77165],[-73.84787,40.77316],[-73.84188,40.77296],[-73.84178,40.77555],[-73.84085,40.77551],[-73.8408,40.77654],[-73.83999,40.77651],[-73.83899,40.77664],[-73.83895,40.7768],[-73.83891,40.77755],[-73.83854,40.78471],[-73.83623,40.78463],[-73.83623,40.78435],[-73.83069,40.78437],[-73.83073,40.78461],[-73.82689,40.78461],[-73.82483,40.78511],[-73.82531,40.78307],[-73.8257,40.78169],[-73.82606,40.78098],[-73.82913,40.77563],[-73.82974,40.77472],[-73.83008,40.7743],[-73.83097,40.77339],[-73.83195,40.7726],[-73.83351,40.77162],[-73.83549,40.77057],[-73.83642,40.76996],[-73.83729,40.76918],[-73.83914,40.7669],[-73.83883,40.76672],[-73.83926,40.76604],[-73.8397,40.76615]]]}},{"type":"Feature","properties":{"std_name":"Special Coney Island District","std_geoid":"CI","pen":"politicians","std_note":null},"geometry":{"type":"Polygon","coordinates":[[[-73.97708,40.57356],[-73.98521,40.57264],[-73.98736,40.57261],[-73.98934,40.57212],[-73.98946,40.57282],[-73.98847,40.57295],[-73.98872,40.5743],[-73.98661,40.57489],[-73.98689,40.57639],[-73.98153,40.57701],[-73.98138,40.57622],[-73.98035,40.57603],[-73.97794,40.5757],[-73.97756,40.57569],[-73.97705,40.57575],[-73.97657,40.57587],[-73.9766,40.5753],[-73.97692,40.57534],[-73.97708,40.57356]]]}},{"type":"Feature","properties":{"std_name":"Special Coney Island Mixed Use District","std_geoid":"CO","pen":"politicians","std_note":null},"geometry":{"type":"Polygon","coordinates":[[[-73.98368,40.5823],[-73.98349,40.58128],[-73.98294,40.58134],[-73.98307,40.58201],[-73.98233,40.58209],[-73.98177,40.58151],[-73.98136,40.57925],[-73.98309,40.57916],[-73.98529,40.57892],[-73.98565,40.58066],[-73.98448,40.5808],[-73.98464,40.58153],[-73.98378,40.58235],[-73.98368,40.5823]]]}},{"type":"Feature","properties":{"std_name":"Special Downtown Brooklyn District","std_geoid":"DB","pen":"politicians","std_note":null},"geometry":{"type":"Polygon","coordinates":[[[-73.98179,40.69203],[-73.98157,40.69202],[-73.98137,40.69065],[-73.98055,40.69065],[-73.98043,40.6899],[-73.97863,40.68983],[-73.97835,40.68787],[-73.9775,40.68754],[-73.97702,40.6852],[-73.97525,40.68541],[-73.97495,40.68397],[-73.97393,40.68376],[-73.97379,40.68306],[-73.97593,40.68351],[-73.9762,40.68274],[-73.97655,40.68282],[-73.97664,40.68294],[-73.97874,40.68376],[-73.97853,40.68406],[-73.98051,40.68482],[-73.98071,40.68452],[-73.98113,40.68469],[-73.98093,40.68498],[-73.98716,40.68741],[-73.98932,40.68825],[-73.99215,40.68928],[-73.99228,40.68903],[-73.99263,40.68915],[-73.99237,40.68969],[-73.99284,40.68982],[-73.99193,40.69175],[-73.99386,40.69227],[-73.99196,40.69626],[-73.99154,40.69615],[-73.99146,40.6963],[-73.98155,40.69592],[-73.98159,40.69519],[-73.98243,40.69521],[-73.98251,40.69362],[-73.97917,40.69349],[-73.97908,40.69288],[-73.98093,40.69295],[-73.98094,40.6925],[-73.98177,40.69253],[-73.98179,40.69203]]]}},{"type":"Feature","properties":{"std_name":"Special Downtown Far Rockaway District","std_geoid":"DFR","pen":"politicians","std_note":null},"geometry":{"type":"Polygon","coordinates":[[[-73.75001,40.60215],[-73.75164,40.60178],[-73.75162,40.60185],[-73.75229,40.60194],[-73.75237,40.60166],[-73.75432,40.6016],[-73.75415,40.60224],[-73.75477,40.60221],[-73.75434,40.60385],[-73.75477,40.60392],[-73.75469,40.60421],[-73.75453,40.6043],[-73.75551,40.60476],[-73.7561,40.60487],[-73.75555,40.60655],[-73.75441,40.60632],[-73.75453,40.60595],[-73.75396,40.60584],[-73.75384,40.60607],[-73.75373,40.60618],[-73.75289,40.6069],[-73.75242,40.60777],[-73.7521,40.60823],[-73.75156,40.60805],[-73.75101,40.60769],[-73.75141,40.6073],[-73.75089,40.60692],[-73.75012,40.60754],[-73.74897,40.60669],[-73.74936,40.60637],[-73.74997,40.60623],[-73.74994,40.60614],[-73.75136,40.60494],[-73.75037,40.60422],[-73.75066,40.60384],[-73.74939,40.60313],[-73.74923,40.6027],[-73.74878,40.6028],[-73.74865,40.60245],[-73.74834,40.60223],[-73.74875,40.60194],[-73.74796,40.60132],[-73.7483,40.60108],[-73.74909,40.60169],[-73.74922,40.6016],[-73.75001,40.60215]]]}},{"type":"Feature","properties":{"std_name":"Special Downtown Jamaica District","std_geoid":"DJ","pen":"politicians","std_note":null},"geometry":{"type":"MultiPolygon","coordinates":[[[[-73.77743,40.69281],[-73.77727,40.69202],[-73.77712,40.69177],[-73.77844,40.69144],[-73.77752,40.69005],[-73.77743,40.69008],[-73.77701,40.68938],[-73.77666,40.6895],[-73.77613,40.68853],[-73.77714,40.68819],[-73.7775,40.68858],[-73.77835,40.68966],[-73.77924,40.6909],[-73.77961,40.69077],[-73.77996,40.69137],[-73.77979,40.69145],[-73.78019,40.69196],[-73.7796,40.69216],[-73.77958,40.69214],[-73.77743,40.69281]]],[[[-73.77085,40.7156],[-73.77323,40.71478],[-73.78338,40.71233],[-73.78332,40.7122],[-73.78512,40.71177],[-73.78472,40.71092],[-73.78549,40.71074],[-73.78562,40.71108],[-73.78722,40.71069],[-73.78796,40.71185],[-73.78876,40.71206],[-73.78901,40.71207],[-73.78931,40.71202],[-73.78941,40.712],[-73.78917,40.7116],[-73.79171,40.71074],[-73.79281,40.71032],[-73.79442,40.70965],[-73.79571,40.70929],[-73.795,40.70821],[-73.79393,40.70861],[-73.7934,40.70778],[-73.79167,40.70838],[-73.7908,40.70687],[-73.78882,40.70744],[-73.78819,40.70755],[-73.78842,40.70794],[-73.78793,40.70803],[-73.78705,40.70826],[-73.78621,40.70834],[-73.78386,40.70834],[-73.78304,40.70838],[-73.77986,40.70898],[-73.77968,40.7086],[-73.77817,40.70886],[-73.77649,40.709],[-73.7749,40.70942],[-73.77164,40.71034],[-73.7689,40.70986],[-73.76823,40.70954],[-73.76901,40.70908],[-73.76878,40.70824],[-73.77063,40.70791],[-73.77075,40.70829],[-73.77159,40.70813],[-73.77249,40.70799],[-73.77314,40.70781],[-73.77356,40.70764],[-73.77393,40.70745],[-73.77457,40.70701],[-73.77513,40.70649],[-73.77526,40.70625],[-73.77535,40.70597],[-73.7754,40.70562],[-73.7754,40.7053],[-73.77507,40.70524],[-73.77231,40.70057],[-73.77099,40.69845],[-73.7704,40.69782],[-73.77105,40.69746],[-73.77351,40.70005],[-73.77398,40.69983],[-73.77488,40.70075],[-73.77587,40.70166],[-73.77949,40.70465],[-73.78109,40.70402],[-73.78176,40.70503],[-73.78219,40.70486],[-73.78236,40.70512],[-73.78463,40.70425],[-73.78486,40.70458],[-73.78597,40.70417],[-73.78575,40.70383],[-73.78923,40.70278],[-73.7897,40.70252],[-73.79004,40.70228],[-73.79008,40.70213],[-73.78997,40.70195],[-73.78977,40.70172],[-73.78959,40.70178],[-73.78886,40.70104],[-73.78903,40.70099],[-73.787,40.69908],[-73.78665,40.69886],[-73.78637,40.69897],[-73.78624,40.69857],[-73.78614,40.6985],[-73.78475,40.69799],[-73.78432,40.69742],[-73.78392,40.69759],[-73.78371,40.69731],[-73.78287,40.69672],[-73.78194,40.69709],[-73.78154,40.69653],[-73.78228,40.69621],[-73.78165,40.69535],[-73.78127,40.69551],[-73.78102,40.69516],[-73.78066,40.69531],[-73.7804,40.69494],[-73.78065,40.69483],[-73.78015,40.69417],[-73.78093,40.69384],[-73.78021,40.69294],[-73.78087,40.69266],[-73.78202,40.69424],[-73.78194,40.69427],[-73.78317,40.69572],[-73.784,40.6964],[-73.78529,40.69729],[-73.78595,40.69694],[-73.78642,40.6978],[-73.78737,40.6974],[-73.78782,40.69801],[-73.78833,40.6978],[-73.78886,40.69829],[-73.78896,40.69843],[-73.78761,40.699],[-73.78874,40.70006],[-73.78997,40.69927],[-73.79121,40.701],[-73.79161,40.70083],[-73.79156,40.70077],[-73.79198,40.70059],[-73.79189,40.70047],[-73.79239,40.70026],[-73.79232,40.70016],[-73.79307,40.69983],[-73.78774,40.69254],[-73.78727,40.69273],[-73.78702,40.69239],[-73.78667,40.69215],[-73.7869,40.69195],[-73.78622,40.69148],[-73.78669,40.69109],[-73.78575,40.68979],[-73.7861,40.6895],[-73.78463,40.68701],[-73.78714,40.68856],[-73.78623,40.68885],[-73.78672,40.68962],[-73.78741,40.69056],[-73.78781,40.69023],[-73.78798,40.69017],[-73.78861,40.69056],[-73.78846,40.69062],[-73.78785,40.69115],[-73.78843,40.69155],[-73.78825,40.69162],[-73.7894,40.6932],[-73.78985,40.69301],[-73.79025,40.69356],[-73.7898,40.69374],[-73.79029,40.69441],[-73.79025,40.69443],[-73.79051,40.6948],[-73.79056,40.69478],[-73.79081,40.69512],[-73.79126,40.69494],[-73.7914,40.69514],[-73.79096,40.69533],[-73.79377,40.69918],[-73.79423,40.69901],[-73.79425,40.69903],[-73.79548,40.69869],[-73.79573,40.69902],[-73.79441,40.69941],[-73.79357,40.69976],[-73.79296,40.70019],[-73.79235,40.7007],[-73.79187,40.70137],[-73.79231,40.70197],[-73.79243,40.70227],[-73.79349,40.70365],[-73.79696,40.70276],[-73.79907,40.70233],[-73.80205,40.70155],[-73.80161,40.70119],[-73.80157,40.70121],[-73.80076,40.70079],[-73.80004,40.70133],[-73.79988,40.70099],[-73.79961,40.70106],[-73.79944,40.70093],[-73.79878,40.70114],[-73.79823,40.7003],[-73.79777,40.70047],[-73.79803,40.70085],[-73.79723,40.70117],[-73.79679,40.70054],[-73.79865,40.69978],[-73.7993,40.69934],[-73.79748,40.69823],[-73.79759,40.69818],[-73.79711,40.69781],[-73.79668,40.69742],[-73.79604,40.69661],[-73.79708,40.69617],[-73.79792,40.69734],[-73.79758,40.69761],[-73.79788,40.69802],[-73.79848,40.69756],[-73.79928,40.69678],[-73.8012,40.69534],[-73.80094,40.69442],[-73.80055,40.69463],[-73.80033,40.69413],[-73.79957,40.6937],[-73.79912,40.69334],[-73.79949,40.6931],[-73.79924,40.69287],[-73.79886,40.6931],[-73.79841,40.69269],[-73.79879,40.69245],[-73.79827,40.69193],[-73.79865,40.69167],[-73.79883,40.6919],[-73.80006,40.69306],[-73.80018,40.69295],[-73.80051,40.69314],[-73.80043,40.69325],[-73.80087,40.69348],[-73.80165,40.69372],[-73.80443,40.69561],[-73.80857,40.69224],[-73.80925,40.69185],[-73.80975,40.69219],[-73.81061,40.69196],[-73.81083,40.69234],[-73.80955,40.69268],[-73.80973,40.69299],[-73.80799,40.69348],[-73.80835,40.69419],[-73.80707,40.69454],[-73.80749,40.69521],[-73.80579,40.6957],[-73.80729,40.69805],[-73.80832,40.69767],[-73.81069,40.69698],[-73.81104,40.69689],[-73.81138,40.69685],[-73.81315,40.69636],[-73.81365,40.69721],[-73.81275,40.69725],[-73.81156,40.69757],[-73.80854,40.69843],[-73.80696,40.69902],[-73.80754,40.70016],[-73.80864,40.70002],[-73.80869,40.70024],[-73.80942,40.69995],[-73.81442,40.69852],[-73.81492,40.69942],[-73.81278,40.70003],[-73.81261,40.69969],[-73.81219,40.69982],[-73.81206,40.69956],[-73.81163,40.69968],[-73.81176,40.69994],[-73.81002,40.70043],[-73.81018,40.70077],[-73.80974,40.70089],[-73.81003,40.70149],[-73.81048,40.70137],[-73.81065,40.70172],[-73.81164,40.70192],[-73.8127,40.70209],[-73.8136,40.70216],[-73.81621,40.70208],[-73.81639,40.70244],[-73.81708,40.70404],[-73.8164,40.70408],[-73.81856,40.70727],[-73.81758,40.70764],[-73.81678,40.70645],[-73.81595,40.70663],[-73.81469,40.70477],[-73.80045,40.70882],[-73.80084,40.70944],[-73.79963,40.70988],[-73.79919,40.70918],[-73.7958,40.71013],[-73.79484,40.71044],[-73.79324,40.7111],[-73.79003,40.71224],[-73.79019,40.7125],[-73.78901,40.71258],[-73.78882,40.71252],[-73.78859,40.71235],[-73.78787,40.71261],[-73.78709,40.71285],[-73.78484,40.71341],[-73.78463,40.7129],[-73.78254,40.71339],[-73.78262,40.7136],[-73.77868,40.71455],[-73.7786,40.71434],[-73.77815,40.71444],[-73.77819,40.71455],[-73.77637,40.71498],[-73.77633,40.71489],[-73.7738,40.71549],[-73.77291,40.7158],[-73.77306,40.71607],[-73.77148,40.7166],[-73.77085,40.7156]],[[-73.78853,40.70694],[-73.79078,40.7063],[-73.79084,40.70643],[-73.79168,40.70619],[-73.79111,40.70499],[-73.79165,40.70486],[-73.79135,40.7044],[-73.78128,40.70677],[-73.7817,40.70778],[-73.78313,40.70754],[-73.78661,40.7075],[-73.78699,40.70745],[-73.78789,40.70719],[-73.78783,40.70706],[-73.78853,40.70694]],[[-73.80854,40.70218],[-73.80994,40.70523],[-73.8142,40.70405],[-73.81414,40.70397],[-73.8146,40.70384],[-73.81396,40.7029],[-73.81354,40.70306],[-73.8134,40.70286],[-73.81296,40.70299],[-73.81279,40.70274],[-73.81163,40.70305],[-73.81157,40.70265],[-73.80854,40.70218]]]]}},{"type":"Feature","properties":{"std_name":"Special East Harlem Corridors","std_geoid":"EHC","pen":"politicians","std_note":null},"geometry":{"type":"MultiPolygon","coordinates":[[[[-73.93901,40.80415],[-73.94243,40.79944],[-73.94178,40.79917],[-73.94155,40.79948],[-73.94112,40.7993],[-73.93883,40.80244],[-73.93927,40.80263],[-73.93835,40.80387],[-73.9375,40.80351],[-73.94092,40.7988],[-73.94023,40.79851],[-73.93816,40.80134],[-73.93832,40.8014],[-73.93804,40.80179],[-73.93787,40.80172],[-73.93678,40.80321],[-73.93585,40.80281],[-73.9363,40.8022],[-73.93677,40.8024],[-73.93723,40.80177],[-73.93675,40.80157],[-73.93928,40.79811],[-73.93798,40.79756],[-73.93683,40.79913],[-73.93686,40.79915],[-73.9364,40.79978],[-73.93637,40.79976],[-73.93544,40.80102],[-73.93492,40.80081],[-73.93581,40.79959],[-73.9354,40.79942],[-73.93781,40.79611],[-73.93875,40.7965],[-73.93851,40.79684],[-73.93981,40.79739],[-73.94005,40.79705],[-73.94053,40.79725],[-73.94051,40.79727],[-73.94099,40.79747],[-73.94076,40.79779],[-73.94145,40.79808],[-73.94168,40.79776],[-73.94255,40.79812],[-73.94231,40.79845],[-73.94297,40.79873],[-73.94321,40.79839],[-73.94428,40.79884],[-73.94191,40.80211],[-73.94136,40.80188],[-73.94091,40.80249],[-73.94147,40.80272],[-73.94011,40.80461],[-73.93901,40.80415]]],[[[-73.94236,40.79561],[-73.9414,40.7952],[-73.94283,40.79326],[-73.9433,40.79346],[-73.94467,40.79157],[-73.94419,40.79137],[-73.94518,40.79004],[-73.94611,40.79047],[-73.94236,40.79561]]],[[[-73.9439,40.79626],[-73.94306,40.7959],[-73.94681,40.79077],[-73.94765,40.79112],[-73.94621,40.7931],[-73.94578,40.79292],[-73.94441,40.79481],[-73.94484,40.79498],[-73.9439,40.79626]]],[[[-73.93916,40.79426],[-73.94101,40.79171],[-73.94147,40.7919],[-73.94101,40.79254],[-73.9415,40.79274],[-73.94011,40.79466],[-73.93916,40.79426]]],[[[-73.9429,40.79081],[-73.942,40.79043],[-73.94293,40.78913],[-73.94387,40.78949],[-73.9429,40.79081]]],[[[-73.93822,40.80641],[-73.93777,40.80703],[-73.93691,40.80667],[-73.93714,40.80637],[-73.93732,40.80644],[-73.938,40.80551],[-73.93907,40.80597],[-73.93863,40.80658],[-73.93822,40.80641]]],[[[-73.93777,40.80703],[-73.93808,40.80716],[-73.93763,40.80778],[-73.93769,40.80781],[-73.93746,40.80812],[-73.93748,40.80813],[-73.93633,40.80972],[-73.93593,40.80955],[-73.93777,40.80703]]],[[[-73.93455,40.80227],[-73.93402,40.80204],[-73.93445,40.80142],[-73.935,40.80165],[-73.93455,40.80227]]]]}},{"type":"Feature","properties":{"std_name":"Special Eastchester \u2013 East Tremont Corridor District (ETC)","std_geoid":"ETC","pen":"politicians","std_note":null},"geometry":{"type":"MultiPolygon","coordinates":[[[[-73.85641,40.84407],[-73.85618,40.84377],[-73.85603,40.84381],[-73.85587,40.84349],[-73.85528,40.84365],[-73.85516,40.8434],[-73.85422,40.84309],[-73.85206,40.84367],[-73.85193,40.84333],[-73.85188,40.84305],[-73.84962,40.8433],[-73.84966,40.8436],[-73.8485,40.8438],[-73.84836,40.84345],[-73.8475,40.84355],[-73.84733,40.84366],[-73.84699,40.8434],[-73.84738,40.84313],[-73.84722,40.843],[-73.84786,40.84249],[-73.8481,40.84266],[-73.85008,40.84243],[-73.84992,40.84231],[-73.85099,40.84218],[-73.85109,40.84222],[-73.8511,40.84232],[-73.85328,40.84205],[-73.85335,40.84246],[-73.85517,40.84226],[-73.85782,40.84196],[-73.85771,40.84142],[-73.86078,40.84107],[-73.86088,40.84161],[-73.86356,40.84129],[-73.86268,40.84042],[-73.86394,40.84004],[-73.86428,40.8407],[-73.86501,40.84055],[-73.86793,40.8397],[-73.8683,40.83955],[-73.86831,40.83998],[-73.8671,40.84037],[-73.86736,40.84077],[-73.86651,40.8411],[-73.86685,40.84143],[-73.86517,40.84247],[-73.86514,40.84242],[-73.86409,40.84166],[-73.8629,40.84184],[-73.85999,40.84213],[-73.86017,40.84322],[-73.857,40.84358],[-73.85726,40.84367],[-73.85746,40.84379],[-73.85804,40.84449],[-73.85747,40.84475],[-73.85684,40.84395],[-73.85641,40.84407]]],[[[-73.84682,40.84641],[-73.84591,40.84729],[-73.84516,40.84817],[-73.84499,40.84842],[-73.8451,40.84905],[-73.84511,40.84959],[-73.84476,40.85047],[-73.84376,40.85206],[-73.84337,40.85272],[-73.84331,40.85291],[-73.84328,40.85319],[-73.84333,40.85342],[-73.8452,40.8534],[-73.84521,40.85428],[-73.84346,40.8543],[-73.84236,40.85413],[-73.84206,40.85444],[-73.84138,40.85502],[-73.8404,40.8543],[-73.84103,40.85372],[-73.84141,40.8533],[-73.84309,40.85084],[-73.84325,40.85087],[-73.84483,40.84859],[-73.8422,40.84819],[-73.8429,40.84644],[-73.84347,40.84646],[-73.84462,40.84636],[-73.84461,40.84624],[-73.84484,40.84564],[-73.84432,40.84553],[-73.84437,40.84541],[-73.84389,40.84488],[-73.84571,40.84394],[-73.84622,40.84448],[-73.84654,40.84425],[-73.84714,40.84479],[-73.84743,40.84462],[-73.84828,40.84539],[-73.84743,40.84593],[-73.84682,40.84641]],[[-73.84706,40.84621],[-73.84698,40.84627],[-73.84701,40.84625],[-73.84706,40.84621]]],[[[-73.84391,40.85656],[-73.84394,40.85617],[-73.84599,40.85648],[-73.84593,40.85696],[-73.84584,40.85734],[-73.84379,40.85714],[-73.84391,40.85656]]]]}},{"type":"Feature","properties":{"std_name":"Special Enhanced Commercial District 1","std_geoid":"EC-1","pen":"politicians","std_note":null},"geometry":{"type":"MultiPolygon","coordinates":[[[[-73.99244,40.66511],[-73.99757,40.66021],[-73.99801,40.66047],[-73.99277,40.66551],[-73.9932,40.66579],[-73.99222,40.66695],[-73.99128,40.66649],[-73.99244,40.66511]]],[[[-73.97855,40.68406],[-73.97875,40.68376],[-73.97924,40.68395],[-73.97904,40.68425],[-73.97855,40.68406]]]]}},{"type":"Feature","properties":{"std_name":"Special Enhanced Commercial District 2","std_geoid":"EC-2","pen":"politicians","std_note":null},"geometry":{"type":"MultiPolygon","coordinates":[[[[-73.97406,40.78816],[-73.98068,40.7791],[-73.98113,40.77929],[-73.98021,40.78056],[-73.98067,40.78075],[-73.97928,40.78266],[-73.96896,40.79681],[-73.9685,40.79662],[-73.97452,40.78836],[-73.97406,40.78816]]],[[[-73.97119,40.78696],[-73.97408,40.78304],[-73.97454,40.78324],[-73.9764,40.78069],[-73.97593,40.78049],[-73.97833,40.77722],[-73.97879,40.77742],[-73.97853,40.77778],[-73.97899,40.77797],[-73.9736,40.78536],[-73.97218,40.78737],[-73.97119,40.78696]]],[[[-73.96758,40.79788],[-73.96804,40.79724],[-73.96851,40.79744],[-73.96804,40.79807],[-73.96758,40.79788]]],[[[-73.96384,40.80218],[-73.96573,40.79956],[-73.96621,40.79976],[-73.96712,40.7985],[-73.96759,40.7987],[-73.96432,40.80316],[-73.96386,40.80297],[-73.9643,40.80237],[-73.96384,40.80218]]]]}},{"type":"Feature","properties":{"std_name":"Special Enhanced Commercial District 3","std_geoid":"EC-3","pen":"politicians","std_note":null},"geometry":{"type":"Polygon","coordinates":[[[-73.97928,40.78266],[-73.9807,40.78072],[-73.98028,40.78055],[-73.98072,40.77995],[-73.98152,40.78028],[-73.98194,40.77874],[-73.98252,40.77899],[-73.98136,40.78271],[-73.98097,40.78347],[-73.97817,40.78721],[-73.97648,40.78917],[-73.96908,40.79936],[-73.96879,40.79992],[-73.96864,40.80038],[-73.96856,40.80075],[-73.96905,40.80096],[-73.96812,40.80233],[-73.9686,40.80254],[-73.96726,40.80441],[-73.96617,40.80395],[-73.96702,40.80279],[-73.96706,40.80269],[-73.9672,40.80215],[-73.96728,40.80108],[-73.9674,40.80026],[-73.96758,40.79969],[-73.96797,40.79894],[-73.97218,40.79312],[-73.97542,40.78874],[-73.97706,40.78682],[-73.97995,40.78294],[-73.97928,40.78266]]]}},{"type":"Feature","properties":{"std_name":"Special Enhanced Commercial District 4","std_geoid":"EC-4","pen":"politicians","std_note":null},"geometry":{"type":"Polygon","coordinates":[[[-73.92119,40.68884],[-73.92129,40.68883],[-73.94129,40.70014],[-73.94116,40.70029],[-73.92121,40.68901],[-73.92119,40.68884]]]}},{"type":"Feature","properties":{"std_name":"Special Enhanced Commercial District 5","std_geoid":"EC-5","pen":"politicians","std_note":null},"geometry":{"type":"MultiPolygon","coordinates":[[[[-73.87661,40.68032],[-73.87639,40.67947],[-73.87732,40.67934],[-73.87738,40.67958],[-73.87828,40.67932],[-73.87824,40.67914],[-73.87869,40.67907],[-73.87871,40.67914],[-73.87916,40.67908],[-73.87927,40.67949],[-73.88106,40.67898],[-73.88095,40.67855],[-73.88359,40.6778],[-73.8837,40.67823],[-73.88607,40.67756],[-73.88596,40.67713],[-73.8877,40.67672],[-73.8885,40.6766],[-73.88848,40.67653],[-73.89035,40.67616],[-73.89297,40.67572],[-73.89481,40.67548],[-73.8948,40.67545],[-73.8957,40.67531],[-73.89583,40.67581],[-73.89685,40.67574],[-73.89674,40.6753],[-73.89771,40.67516],[-73.89798,40.67616],[-73.89753,40.67622],[-73.89767,40.67678],[-73.89659,40.67694],[-73.89644,40.67635],[-73.89552,40.67643],[-73.89548,40.67629],[-73.89408,40.67645],[-73.89229,40.6767],[-73.88959,40.67719],[-73.88784,40.67758],[-73.88612,40.67802],[-73.87372,40.68155],[-73.87362,40.68117],[-73.87661,40.68032]]],[[[-73.86998,40.67529],[-73.87886,40.67402],[-73.87895,40.67439],[-73.88035,40.67419],[-73.88025,40.67382],[-73.88843,40.67261],[-73.88853,40.67298],[-73.88941,40.67285],[-73.88931,40.67248],[-73.89292,40.67194],[-73.89302,40.67232],[-73.89486,40.67204],[-73.89476,40.67166],[-73.89577,40.67151],[-73.89607,40.67267],[-73.89553,40.67275],[-73.8955,40.67262],[-73.89503,40.67269],[-73.89496,40.67242],[-73.89223,40.67282],[-73.89213,40.67245],[-73.89032,40.67272],[-73.89042,40.67309],[-73.87016,40.67604],[-73.86998,40.67529]]],[[[-73.90693,40.67806],[-73.90329,40.67787],[-73.90336,40.67711],[-73.90484,40.67719],[-73.9048,40.67756],[-73.90697,40.67768],[-73.90693,40.67806]]]]}},{"type":"Feature","properties":{"std_name":"Special Enhanced Commercial District 6","std_geoid":"EC-6","pen":"politicians","std_note":null},"geometry":{"type":"Polygon","coordinates":[[[-73.88968,40.67797],[-73.89767,40.67678],[-73.89776,40.67713],[-73.89821,40.67707],[-73.8983,40.67741],[-73.88991,40.67865],[-73.88387,40.68054],[-73.88398,40.68095],[-73.88025,40.68149],[-73.88033,40.68183],[-73.87958,40.68194],[-73.87419,40.68346],[-73.87402,40.68274],[-73.88013,40.68101],[-73.88968,40.67797]]]}},{"type":"Feature","properties":{"std_name":"Special Flushing Waterfront District","std_geoid":"FW","pen":"politicians","std_note":null},"geometry":{"type":"Polygon","coordinates":[[[-73.83828,40.75683],[-73.83643,40.76085],[-73.83635,40.76117],[-73.83633,40.76138],[-73.83639,40.76216],[-73.83545,40.76221],[-73.83517,40.76104],[-73.83452,40.75898],[-73.83537,40.75882],[-73.83514,40.75805],[-73.83427,40.7582],[-73.83397,40.75724],[-73.83663,40.75565],[-73.83809,40.75593],[-73.83828,40.75683]]]}},{"type":"Feature","properties":{"std_name":"Special Forest Hills District","std_geoid":"FH","pen":"politicians","std_note":null},"geometry":{"type":"Polygon","coordinates":[[[-73.85225,40.72251],[-73.85172,40.7226],[-73.85135,40.72258],[-73.84914,40.72262],[-73.84802,40.72281],[-73.84754,40.72222],[-73.8471,40.72204],[-73.84523,40.72162],[-73.84501,40.7219],[-73.84085,40.72006],[-73.84159,40.71889],[-73.84056,40.71837],[-73.84077,40.71803],[-73.84208,40.71867],[-73.84347,40.71926],[-73.85225,40.72251]]]}},{"type":"Feature","properties":{"std_name":"Special Fort Totten Natural Area District-4","std_geoid":"NA-4","pen":"politicians","std_note":null},"geometry":{"type":"Polygon","coordinates":[[[-73.78131,40.79099],[-73.78228,40.79139],[-73.78477,40.79187],[-73.78442,40.79525],[-73.78367,40.79484],[-73.78362,40.79488],[-73.78335,40.79471],[-73.78304,40.7947],[-73.78303,40.79476],[-73.78218,40.79476],[-73.78212,40.79565],[-73.78069,40.79651],[-73.77947,40.79674],[-73.77781,40.79675],[-73.77637,40.7964],[-73.77446,40.7946],[-73.7735,40.79247],[-73.77237,40.79135],[-73.77226,40.79018],[-73.7704,40.78799],[-73.77356,40.78681],[-73.77512,40.78719],[-73.77554,40.78743],[-73.77586,40.78779],[-73.77687,40.78821],[-73.77742,40.78857],[-73.77878,40.78904],[-73.78005,40.78938],[-73.78001,40.78951],[-73.78178,40.7898],[-73.78184,40.78991],[-73.78173,40.79023],[-73.78152,40.79072],[-73.78131,40.79099]]]}},{"type":"Feature","properties":{"std_name":"Special Governors Island District","std_geoid":"GI","pen":"politicians","std_note":null},"geometry":{"type":"Polygon","coordinates":[[[-74.02617,40.68643],[-74.0202,40.69202],[-74.01982,40.69299],[-74.01972,40.69312],[-74.0196,40.69318],[-74.01941,40.69322],[-74.01863,40.6932],[-74.01676,40.69334],[-74.0154,40.69307],[-74.01535,40.69322],[-74.01541,40.69324],[-74.01539,40.6933],[-74.01517,40.69326],[-74.01519,40.6932],[-74.01525,40.69321],[-74.01531,40.69305],[-74.01526,40.69304],[-74.01512,40.69319],[-74.01516,40.69321],[-74.01512,40.69326],[-74.01493,40.69316],[-74.01498,40.69312],[-74.01503,40.69315],[-74.01516,40.69302],[-74.01419,40.6928],[-74.01326,40.69192],[-74.01319,40.69196],[-74.01291,40.69169],[-74.01293,40.69168],[-74.01286,40.6916],[-74.0129,40.69158],[-74.01282,40.6915],[-74.01263,40.69141],[-74.01261,40.69136],[-74.01255,40.69139],[-74.01253,40.69143],[-74.01252,40.6914],[-74.01203,40.6915],[-74.01202,40.69146],[-74.0126,40.69133],[-74.01253,40.69115],[-74.01218,40.69114],[-74.01219,40.69108],[-74.01183,40.69106],[-74.01183,40.69101],[-74.0122,40.69103],[-74.01221,40.69079],[-74.01208,40.69078],[-74.01205,40.69074],[-74.01197,40.69077],[-74.01198,40.69061],[-74.01205,40.69061],[-74.01206,40.69055],[-74.01213,40.69053],[-74.01214,40.69045],[-74.01223,40.69046],[-74.01231,40.68928],[-74.01317,40.68815],[-74.01342,40.68805],[-74.01488,40.68725],[-74.01605,40.68734],[-74.01705,40.68688],[-74.01672,40.68645],[-74.01665,40.68642],[-74.01515,40.68652],[-74.01514,40.68644],[-74.01667,40.68631],[-74.01727,40.68569],[-74.01753,40.68536],[-74.01762,40.68541],[-74.01736,40.68575],[-74.01678,40.68635],[-74.01677,40.6864],[-74.01712,40.68684],[-74.02054,40.68527],[-74.02021,40.68483],[-74.01946,40.68515],[-74.0194,40.68509],[-74.02095,40.68438],[-74.02101,40.68445],[-74.02028,40.68481],[-74.02061,40.68524],[-74.02259,40.68436],[-74.02213,40.68377],[-74.02306,40.68292],[-74.02319,40.683],[-74.02237,40.68378],[-74.02276,40.68428],[-74.02308,40.68415],[-74.02347,40.68402],[-74.02392,40.68395],[-74.0247,40.68399],[-74.02517,40.68409],[-74.02555,40.68421],[-74.02575,40.6843],[-74.02597,40.68446],[-74.02624,40.68471],[-74.02641,40.68492],[-74.02652,40.68513],[-74.0266,40.68537],[-74.02662,40.68563],[-74.02659,40.68584],[-74.02643,40.68616],[-74.02617,40.68643]]]}},{"type":"Feature","properties":{"std_name":"Special Gowanus Mixed-Use District","std_geoid":"G","pen":"politicians","std_note":null},"geometry":{"type":"Polygon","coordinates":[[[-73.988,40.67507],[-73.99021,40.67614],[-73.99063,40.67566],[-73.99329,40.67606],[-73.99375,40.67606],[-73.99417,40.67601],[-73.9946,40.67588],[-73.99504,40.67565],[-73.99549,40.67527],[-73.99578,40.67493],[-73.99745,40.6754],[-73.99629,40.67782],[-73.99508,40.67724],[-73.99483,40.67753],[-73.99535,40.67778],[-73.9951,40.67807],[-73.99394,40.67752],[-73.99373,40.67784],[-73.99187,40.67695],[-73.99044,40.67869],[-73.987,40.68377],[-73.98658,40.6836],[-73.9868,40.68328],[-73.98501,40.68259],[-73.98566,40.68164],[-73.98486,40.68133],[-73.98442,40.68198],[-73.98139,40.68079],[-73.97929,40.68388],[-73.97829,40.6835],[-73.98295,40.67658],[-73.98282,40.67652],[-73.9834,40.67567],[-73.98507,40.67368],[-73.98521,40.67374],[-73.99127,40.66651],[-73.99221,40.66697],[-73.98793,40.67209],[-73.98855,40.67238],[-73.9888,40.67208],[-73.99001,40.67267],[-73.988,40.67507]],[[-73.98566,40.68164],[-73.98712,40.68221],[-73.98754,40.68158],[-73.98706,40.68139],[-73.98749,40.68075],[-73.98653,40.68037],[-73.98566,40.68164]],[[-73.988,40.67507],[-73.98571,40.67397],[-73.98471,40.67517],[-73.98699,40.67628],[-73.988,40.67507]]]}},{"type":"Feature","properties":{"std_name":"Special Grand Concourse Preservation District","std_geoid":"C","pen":"politicians","std_note":null},"geometry":{"type":"Polygon","coordinates":[[[-73.90136,40.85633],[-73.89941,40.8596],[-73.89786,40.8625],[-73.89241,40.86968],[-73.89194,40.87017],[-73.89157,40.87047],[-73.88904,40.87194],[-73.88837,40.87244],[-73.88812,40.87271],[-73.88799,40.87295],[-73.88602,40.87738],[-73.88596,40.87778],[-73.88598,40.87796],[-73.88555,40.87836],[-73.8855,40.87807],[-73.88461,40.87813],[-73.88443,40.87779],[-73.88472,40.87704],[-73.88638,40.87332],[-73.88673,40.8726],[-73.88704,40.87209],[-73.88745,40.87162],[-73.88787,40.87129],[-73.88826,40.87103],[-73.8895,40.87038],[-73.89048,40.86982],[-73.8908,40.86958],[-73.89127,40.86911],[-73.89199,40.8682],[-73.89491,40.86427],[-73.89545,40.86361],[-73.89647,40.86226],[-73.8982,40.85911],[-73.89932,40.85717],[-73.90054,40.85523],[-73.90077,40.85439],[-73.9012,40.85446],[-73.90502,40.84965],[-73.90585,40.84864],[-73.90639,40.84807],[-73.90703,40.84747],[-73.90776,40.84688],[-73.91011,40.8452],[-73.9104,40.84494],[-73.91063,40.84466],[-73.91083,40.84433],[-73.91105,40.84378],[-73.91233,40.84002],[-73.91267,40.8393],[-73.91304,40.83867],[-73.91373,40.83781],[-73.91435,40.8371],[-73.91748,40.8339],[-73.91842,40.83288],[-73.91901,40.83308],[-73.91956,40.83239],[-73.91896,40.83218],[-73.91949,40.8313],[-73.92173,40.82728],[-73.92382,40.82374],[-73.92382,40.82345],[-73.92393,40.82304],[-73.92434,40.82229],[-73.9249,40.82106],[-73.92523,40.82104],[-73.92564,40.82094],[-73.92592,40.8208],[-73.92623,40.82059],[-73.92667,40.82114],[-73.92604,40.82167],[-73.92564,40.8222],[-73.92542,40.82263],[-73.92501,40.82366],[-73.92489,40.8241],[-73.92313,40.82696],[-73.92449,40.82739],[-73.92285,40.8302],[-73.92179,40.82984],[-73.92056,40.83201],[-73.92021,40.83254],[-73.91962,40.83333],[-73.91868,40.83438],[-73.91504,40.83811],[-73.91468,40.83853],[-73.91412,40.83936],[-73.91366,40.84025],[-73.91336,40.84101],[-73.91241,40.84386],[-73.9121,40.84459],[-73.91171,40.84523],[-73.91137,40.84563],[-73.91103,40.84594],[-73.90933,40.84715],[-73.90817,40.84808],[-73.9077,40.84852],[-73.907,40.84926],[-73.90542,40.85113],[-73.90443,40.85242],[-73.90202,40.85538],[-73.90136,40.85633]]]}},{"type":"Feature","properties":{"std_name":"Special Harlem River Waterfront District","std_geoid":"HRW","pen":"politicians","std_note":null},"geometry":{"type":"Polygon","coordinates":[[[-73.93182,40.8111],[-73.93041,40.80999],[-73.93025,40.81012],[-73.92937,40.80945],[-73.93095,40.80828],[-73.92955,40.8077],[-73.93046,40.80638],[-73.93183,40.80777],[-73.93227,40.80833],[-73.93262,40.80894],[-73.93278,40.80947],[-73.93285,40.80984],[-73.93287,40.81053],[-73.93247,40.81352],[-73.93242,40.81436],[-73.93232,40.81846],[-73.93248,40.82137],[-73.9315,40.82125],[-73.93147,40.82074],[-73.93078,40.82055],[-73.93068,40.81935],[-73.93033,40.8193],[-73.93044,40.81872],[-73.93062,40.81823],[-73.9309,40.81763],[-73.931,40.81725],[-73.93107,40.81656],[-73.93094,40.81534],[-73.93095,40.81483],[-73.93106,40.81434],[-73.93157,40.81283],[-73.93165,40.81251],[-73.93167,40.81201],[-73.9316,40.81161],[-73.93151,40.81133],[-73.93182,40.8111]]]}},{"type":"Feature","properties":{"std_name":"Special Hillsides Preservation District","std_geoid":"HS","pen":"politicians","std_note":null},"geometry":{"type":"Polygon","coordinates":[[[-74.08426,40.64741],[-74.08108,40.64663],[-74.08069,40.64731],[-74.08026,40.64718],[-74.07974,40.64694],[-74.08023,40.64644],[-74.07943,40.64598],[-74.07927,40.64563],[-74.07914,40.64504],[-74.08028,40.64478],[-74.0782,40.64211],[-74.07885,40.642],[-74.07788,40.63809],[-74.07798,40.63786],[-74.07797,40.63663],[-74.0783,40.63529],[-74.07928,40.63233],[-74.07981,40.63168],[-74.08246,40.62939],[-74.08317,40.62853],[-74.08376,40.62764],[-74.08393,40.62732],[-74.08407,40.62695],[-74.0842,40.62617],[-74.08445,40.62566],[-74.08484,40.625],[-74.08495,40.62473],[-74.08525,40.6228],[-74.0859,40.61991],[-74.08616,40.61807],[-74.08631,40.61771],[-74.08658,40.61717],[-74.08721,40.61622],[-74.08778,40.61543],[-74.08785,40.61527],[-74.08782,40.61509],[-74.0876,40.61481],[-74.08746,40.61456],[-74.08719,40.61332],[-74.08749,40.61293],[-74.08898,40.61069],[-74.08955,40.61091],[-74.09044,40.60955],[-74.09267,40.61041],[-74.09318,40.61056],[-74.09413,40.61079],[-74.09556,40.61099],[-74.09656,40.61102],[-74.09768,40.61099],[-74.09807,40.61106],[-74.0983,40.61117],[-74.09842,40.61128],[-74.09935,40.61242],[-74.09988,40.61292],[-74.10055,40.61346],[-74.10209,40.6146],[-74.1035,40.61642],[-74.10619,40.61525],[-74.1118,40.61404],[-74.11262,40.61389],[-74.11415,40.61374],[-74.11434,40.61475],[-74.11446,40.61702],[-74.11464,40.61804],[-74.11478,40.61815],[-74.11495,40.61817],[-74.11788,40.61789],[-74.11847,40.61915],[-74.11901,40.61995],[-74.11915,40.62022],[-74.11967,40.62174],[-74.12008,40.62167],[-74.1215,40.62287],[-74.12167,40.62304],[-74.12213,40.62449],[-74.12294,40.62738],[-74.12207,40.6275],[-74.12123,40.62783],[-74.12091,40.62747],[-74.12051,40.62692],[-74.1202,40.62659],[-74.11816,40.62504],[-74.11762,40.62476],[-74.11411,40.62341],[-74.11331,40.62304],[-74.11293,40.62278],[-74.11256,40.62239],[-74.11094,40.62119],[-74.11008,40.62072],[-74.1067,40.62182],[-74.10498,40.62264],[-74.10454,40.62287],[-74.10429,40.62305],[-74.10419,40.62326],[-74.10426,40.62368],[-74.10507,40.6272],[-74.10591,40.63054],[-74.10051,40.63121],[-74.10085,40.63315],[-74.10084,40.63341],[-74.10072,40.63381],[-74.10045,40.63429],[-74.10253,40.63466],[-74.1031,40.63736],[-74.10446,40.63718],[-74.10481,40.63898],[-74.10542,40.6389],[-74.10655,40.6443],[-74.10557,40.6444],[-74.10518,40.64448],[-74.10503,40.6446],[-74.10466,40.64529],[-74.10454,40.64529],[-74.10324,40.64535],[-74.10296,40.64534],[-74.1021,40.64515],[-74.10084,40.64472],[-74.1006,40.64469],[-74.09971,40.64473],[-74.09957,40.64316],[-74.10039,40.64312],[-74.09991,40.64016],[-74.09844,40.64027],[-74.09634,40.64053],[-74.09481,40.64077],[-74.09454,40.64085],[-74.09427,40.64101],[-74.09402,40.6412],[-74.0937,40.64157],[-74.09318,40.64242],[-74.09203,40.6427],[-74.09252,40.64437],[-74.08863,40.64536],[-74.08932,40.6465],[-74.08895,40.64668],[-74.08735,40.64495],[-74.08669,40.64401],[-74.08661,40.64386],[-74.0865,40.64343],[-74.08648,40.64316],[-74.08652,40.64256],[-74.08497,40.64313],[-74.08572,40.64412],[-74.08507,40.64465],[-74.08696,40.64702],[-74.08648,40.64727],[-74.08617,40.6474],[-74.08582,40.64747],[-74.08533,40.64751],[-74.08478,40.64748],[-74.08426,40.64741]],[[-74.09803,40.6111],[-74.09812,40.61114],[-74.09812,40.61114],[-74.09803,40.6111]]]}},{"type":"Feature","properties":{"std_name":"Special Hudson River Park District","std_geoid":"HRP","pen":"politicians","std_note":null},"geometry":{"type":"MultiPolygon","coordinates":[[[[-74.01434,40.73118],[-74.01113,40.73088],[-74.01146,40.7275],[-74.01497,40.72783],[-74.01434,40.73118]]],[[[-74.01135,40.74841],[-74.00819,40.74808],[-74.00873,40.74502],[-74.0119,40.74535],[-74.01135,40.74841]]],[[[-74.00921,40.7297],[-74.00967,40.72731],[-74.01072,40.72742],[-74.01046,40.72982],[-74.00921,40.7297]]],[[[-74.00433,40.75266],[-74.00612,40.75341],[-74.00589,40.75373],[-74.0051,40.7534],[-74.00489,40.75367],[-74.00389,40.75324],[-74.00433,40.75266]]],[[[-74.00433,40.75266],[-74.00433,40.75266],[-74.00429,40.75265],[-74.00433,40.75266]]]]}},{"type":"Feature","properties":{"std_name":"Special Hudson Square District","std_geoid":"HSQ","pen":"politicians","std_note":null},"geometry":{"type":"Polygon","coordinates":[[[-74.00791,40.7237],[-74.00756,40.72584],[-74.0091,40.72599],[-74.00859,40.72892],[-74.00476,40.72855],[-74.00512,40.72638],[-74.00373,40.72625],[-74.00403,40.72551],[-74.00417,40.72552],[-74.00457,40.72417],[-74.00547,40.72193],[-74.00791,40.7237]]]}},{"type":"Feature","properties":{"std_name":"Special Hudson Yards District","std_geoid":"HY","pen":"politicians","std_note":null},"geometry":{"type":"Polygon","coordinates":[[[-73.99879,40.76015],[-73.99312,40.75776],[-73.99356,40.75714],[-73.99072,40.75595],[-73.99117,40.75533],[-73.99165,40.75553],[-73.99345,40.75306],[-73.99298,40.75286],[-73.99395,40.75152],[-73.99206,40.75072],[-73.99295,40.7495],[-73.9977,40.7515],[-73.99813,40.75089],[-74.00664,40.75445],[-74.00529,40.75631],[-74.00247,40.75512],[-73.99969,40.75892],[-74.00024,40.75915],[-73.99979,40.75977],[-73.99925,40.75953],[-73.99879,40.76015]]]}},{"type":"Feature","properties":{"std_name":"Special Hunts Point District","std_geoid":"HP","pen":"politicians","std_note":null},"geometry":{"type":"Polygon","coordinates":[[[-73.88321,40.81738],[-73.88273,40.81686],[-73.88211,40.81634],[-73.87929,40.80565],[-73.88121,40.80536],[-73.8822,40.80914],[-73.88312,40.80899],[-73.88355,40.81061],[-73.89649,40.80866],[-73.89731,40.81176],[-73.89671,40.81245],[-73.89832,40.81312],[-73.89733,40.81382],[-73.89441,40.81664],[-73.89453,40.81671],[-73.89048,40.82063],[-73.88999,40.82099],[-73.88896,40.8216],[-73.88777,40.82236],[-73.88458,40.82278],[-73.88388,40.82165],[-73.88356,40.82086],[-73.88429,40.82075],[-73.88408,40.82024],[-73.88369,40.81877],[-73.88469,40.81862],[-73.88442,40.81761],[-73.88341,40.81776],[-73.88348,40.81797],[-73.88227,40.81815],[-73.88211,40.81754],[-73.88321,40.81738]],[[-73.88706,40.82066],[-73.88755,40.82034],[-73.88767,40.82079],[-73.88964,40.81951],[-73.89038,40.81875],[-73.89013,40.81837],[-73.8906,40.8179],[-73.89042,40.81778],[-73.89007,40.81719],[-73.88996,40.81683],[-73.88924,40.81689],[-73.88906,40.81657],[-73.8918,40.81635],[-73.89097,40.81319],[-73.88955,40.81341],[-73.88921,40.81214],[-73.88507,40.81276],[-73.8854,40.81411],[-73.88556,40.81464],[-73.88464,40.81478],[-73.88591,40.81963],[-73.88638,40.81957],[-73.88668,40.82071],[-73.88706,40.82066]]]}},{"type":"Feature","properties":{"std_name":"Special Inwood District","std_geoid":"IN","pen":"politicians","std_note":null},"geometry":{"type":"Polygon","coordinates":[[[-73.91045,40.8712],[-73.91062,40.8704],[-73.9108,40.86975],[-73.91219,40.87034],[-73.91216,40.87038],[-73.91401,40.87116],[-73.91892,40.86449],[-73.9182,40.86418],[-73.91811,40.8643],[-73.91711,40.86439],[-73.91722,40.86423],[-73.9168,40.86406],[-73.91654,40.86442],[-73.91486,40.86369],[-73.91608,40.86239],[-73.91712,40.86284],[-73.91757,40.8622],[-73.91664,40.86181],[-73.91942,40.85886],[-73.92056,40.85934],[-73.92129,40.86051],[-73.92169,40.86068],[-73.91934,40.8639],[-73.92137,40.86707],[-73.92646,40.86522],[-73.92425,40.86177],[-73.92523,40.86141],[-73.92772,40.86529],[-73.92727,40.86553],[-73.92773,40.86593],[-73.92528,40.86676],[-73.92532,40.86683],[-73.92343,40.86751],[-73.92311,40.86702],[-73.92241,40.86727],[-73.92272,40.86776],[-73.92152,40.86818],[-73.92149,40.86813],[-73.92103,40.86828],[-73.91923,40.86548],[-73.91827,40.86583],[-73.9186,40.86631],[-73.91749,40.86671],[-73.91767,40.867],[-73.9166,40.86845],[-73.9176,40.86888],[-73.91628,40.86958],[-73.91664,40.86989],[-73.91636,40.87006],[-73.91462,40.87142],[-73.91409,40.87119],[-73.91185,40.87293],[-73.9119,40.87297],[-73.91158,40.87323],[-73.91111,40.87284],[-73.91075,40.87238],[-73.91052,40.87188],[-73.91046,40.87152],[-73.91045,40.8712]]]}},{"type":"Feature","properties":{"std_name":"Special Jerome Corridor District","std_geoid":"J","pen":"politicians","std_note":null},"geometry":{"type":"MultiPolygon","coordinates":[[[[-73.91446,40.84563],[-73.91517,40.84592],[-73.91535,40.84597],[-73.91556,40.84597],[-73.91585,40.84588],[-73.9162,40.84562],[-73.9165,40.84546],[-73.91682,40.84542],[-73.91709,40.84551],[-73.91712,40.84599],[-73.91682,40.84647],[-73.9162,40.8466],[-73.91605,40.84623],[-73.91528,40.84641],[-73.91421,40.84597],[-73.91446,40.84563]]],[[[-73.91446,40.84563],[-73.91398,40.84543],[-73.91236,40.84768],[-73.91283,40.84788],[-73.91251,40.84833],[-73.91344,40.84852],[-73.91249,40.84986],[-73.91211,40.85022],[-73.91192,40.85017],[-73.91129,40.85009],[-73.91084,40.85073],[-73.90976,40.85197],[-73.91017,40.85199],[-73.90985,40.85234],[-73.90939,40.85228],[-73.90831,40.85344],[-73.90886,40.85342],[-73.90891,40.85337],[-73.90927,40.85356],[-73.90936,40.85345],[-73.90998,40.85381],[-73.9102,40.85399],[-73.9103,40.8541],[-73.91028,40.85413],[-73.91062,40.85423],[-73.91044,40.85459],[-73.91059,40.85463],[-73.91017,40.85507],[-73.90974,40.85485],[-73.90981,40.85477],[-73.90943,40.85457],[-73.90952,40.85447],[-73.90914,40.85428],[-73.90901,40.85442],[-73.90829,40.85405],[-73.90811,40.85425],[-73.90776,40.85406],[-73.9063,40.85566],[-73.90672,40.85581],[-73.90645,40.85611],[-73.90625,40.85643],[-73.90577,40.85627],[-73.90459,40.8582],[-73.90708,40.85908],[-73.90652,40.85967],[-73.90419,40.85885],[-73.90303,40.86075],[-73.90205,40.8604],[-73.903,40.85886],[-73.90075,40.85808],[-73.90113,40.85743],[-73.90339,40.85822],[-73.90477,40.85596],[-73.90658,40.85395],[-73.9049,40.85331],[-73.90463,40.85325],[-73.90395,40.853],[-73.90443,40.85242],[-73.905,40.85254],[-73.90508,40.85246],[-73.90538,40.85264],[-73.90714,40.85332],[-73.90849,40.85185],[-73.90813,40.85163],[-73.90822,40.85153],[-73.90748,40.85109],[-73.9076,40.85096],[-73.90772,40.85053],[-73.90843,40.85067],[-73.90833,40.85077],[-73.90906,40.85123],[-73.90978,40.85044],[-73.91011,40.85001],[-73.91404,40.84445],[-73.91281,40.84395],[-73.91277,40.84401],[-73.91241,40.84386],[-73.9127,40.84302],[-73.91329,40.84327],[-73.91325,40.84332],[-73.91448,40.84383],[-73.91696,40.84037],[-73.91525,40.83971],[-73.91493,40.83964],[-73.91413,40.83936],[-73.91446,40.83883],[-73.91462,40.83862],[-73.91745,40.83973],[-73.91871,40.83797],[-73.91877,40.8375],[-73.9192,40.83767],[-73.91926,40.83714],[-73.9201,40.83574],[-73.91962,40.83558],[-73.91924,40.83552],[-73.91799,40.83509],[-73.91868,40.83438],[-73.91977,40.83474],[-73.92003,40.83489],[-73.92099,40.83521],[-73.92301,40.8318],[-73.92349,40.83197],[-73.92221,40.83416],[-73.92273,40.83434],[-73.92201,40.83556],[-73.9225,40.83573],[-73.9223,40.83608],[-73.92237,40.83611],[-73.9229,40.83576],[-73.92283,40.83773],[-73.923,40.83775],[-73.92291,40.83809],[-73.92277,40.83806],[-73.92215,40.8391],[-73.92206,40.83906],[-73.92191,40.84032],[-73.92216,40.84034],[-73.9224,40.84044],[-73.92214,40.84079],[-73.92254,40.84096],[-73.92245,40.84108],[-73.92285,40.84125],[-73.92261,40.84158],[-73.92302,40.84175],[-73.92288,40.84193],[-73.92328,40.8421],[-73.92297,40.84252],[-73.9238,40.84288],[-73.92361,40.84424],[-73.92319,40.84413],[-73.92296,40.84398],[-73.92298,40.84376],[-73.92295,40.84326],[-73.92282,40.84275],[-73.92265,40.84302],[-73.92226,40.84286],[-73.92242,40.84261],[-73.92202,40.84244],[-73.92225,40.84208],[-73.92184,40.84192],[-73.92193,40.84179],[-73.92152,40.84162],[-73.92169,40.84139],[-73.92129,40.84122],[-73.92147,40.84098],[-73.92107,40.84081],[-73.92099,40.84092],[-73.92051,40.84072],[-73.92029,40.84102],[-73.92023,40.841],[-73.91992,40.8414],[-73.91951,40.84122],[-73.91941,40.84135],[-73.91868,40.84103],[-73.91808,40.84173],[-73.91888,40.84207],[-73.91733,40.84413],[-73.91656,40.84382],[-73.91587,40.84479],[-73.91521,40.84453],[-73.91446,40.84563]],[[-73.9214,40.83933],[-73.92155,40.83902],[-73.9209,40.83874],[-73.92119,40.83816],[-73.92103,40.838],[-73.91997,40.8387],[-73.91999,40.83872],[-73.91978,40.83914],[-73.92057,40.83936],[-73.92051,40.83949],[-73.92133,40.83983],[-73.9214,40.83933]],[[-73.91069,40.85002],[-73.91126,40.85009],[-73.91223,40.84875],[-73.91168,40.84864],[-73.91069,40.85002]]]]}},{"type":"Feature","properties":{"std_name":"Special Limited Commercial District","std_geoid":"LC","pen":"politicians","std_note":null},"geometry":{"type":"Polygon","coordinates":[[[-73.99887,40.73371],[-73.99661,40.73276],[-73.99683,40.73246],[-73.99698,40.73252],[-73.99712,40.73232],[-73.99787,40.73264],[-73.99798,40.73249],[-73.99934,40.73307],[-73.99961,40.7327],[-74.00053,40.73316],[-73.99989,40.73404],[-73.99962,40.73408],[-73.99998,40.73469],[-73.99884,40.73485],[-73.99824,40.73458],[-73.99887,40.73371]]]}},{"type":"Feature","properties":{"std_name":"Special Lincoln Square District","std_geoid":"L","pen":"politicians","std_note":null},"geometry":{"type":"Polygon","coordinates":[[[-73.98064,40.77403],[-73.98111,40.77423],[-73.98157,40.7736],[-73.9795,40.77273],[-73.98135,40.77023],[-73.98057,40.7699],[-73.98101,40.76927],[-73.98221,40.76978],[-73.9822,40.76892],[-73.98433,40.76982],[-73.98431,40.76986],[-73.98714,40.77105],[-73.98348,40.77603],[-73.98019,40.77465],[-73.98064,40.77403]]]}},{"type":"Feature","properties":{"std_name":"Special Little Italy District","std_geoid":"LI","pen":"politicians","std_note":null},"geometry":{"type":"Polygon","coordinates":[[[-73.99221,40.72524],[-73.99395,40.72049],[-73.99502,40.718],[-73.99606,40.71622],[-73.99872,40.71715],[-73.99931,40.71755],[-73.9984,40.719],[-73.99816,40.71959],[-73.99854,40.71977],[-73.99763,40.72083],[-73.99738,40.72146],[-73.99774,40.72158],[-73.99708,40.72235],[-73.99665,40.72345],[-73.99647,40.72367],[-73.99569,40.72335],[-73.99447,40.72583],[-73.99221,40.72524]]]}},{"type":"Feature","properties":{"std_name":"Special Long Island City Mixed Use District","std_geoid":"LIC","pen":"politicians","std_note":null},"geometry":{"type":"Polygon","coordinates":[[[-73.93258,40.75582],[-73.93229,40.75617],[-73.93113,40.75564],[-73.93044,40.75648],[-73.92881,40.75569],[-73.92854,40.75602],[-73.92815,40.75584],[-73.92954,40.75412],[-73.92639,40.75236],[-73.92644,40.75207],[-73.93214,40.75196],[-73.93272,40.75189],[-73.93383,40.7516],[-73.93475,40.75098],[-73.93612,40.74975],[-73.93539,40.74941],[-73.93535,40.74938],[-73.9354,40.74932],[-73.93964,40.74636],[-73.94052,40.74587],[-73.94449,40.74403],[-73.94533,40.7437],[-73.94604,40.74474],[-73.94883,40.74369],[-73.94923,40.74252],[-73.94948,40.74163],[-73.95018,40.74165],[-73.95189,40.74141],[-73.95178,40.7417],[-73.9531,40.74181],[-73.95436,40.74204],[-73.95458,40.74134],[-73.9569,40.74179],[-73.95686,40.74193],[-73.9577,40.74209],[-73.95814,40.74204],[-73.95889,40.74218],[-73.95843,40.74357],[-73.95793,40.74347],[-73.95772,40.74417],[-73.95621,40.74387],[-73.95481,40.74804],[-73.95702,40.74891],[-73.95494,40.75075],[-73.95259,40.75317],[-73.95067,40.75548],[-73.94898,40.75467],[-73.94941,40.75416],[-73.9489,40.75411],[-73.94842,40.75397],[-73.94589,40.75287],[-73.9451,40.75247],[-73.94425,40.7521],[-73.94069,40.7558],[-73.93893,40.75486],[-73.93918,40.7546],[-73.93842,40.75421],[-73.93782,40.75487],[-73.93743,40.75467],[-73.93539,40.75689],[-73.93577,40.75709],[-73.93549,40.7574],[-73.93258,40.75582]]]}},{"type":"Feature","properties":{"std_name":"Special Lower Manhattan District","std_geoid":"LM","pen":"politicians","std_note":null},"geometry":{"type":"Polygon","coordinates":[[[-74.01691,40.70243],[-74.01893,40.70474],[-74.01812,40.70456],[-74.01808,40.70466],[-74.01749,40.70471],[-74.01551,40.70978],[-74.01499,40.71103],[-74.01425,40.71379],[-74.01393,40.71533],[-74.01145,40.71494],[-74.01146,40.7149],[-74.00726,40.71301],[-74.0063,40.71417],[-74.00406,40.71313],[-74.00441,40.71277],[-74.0045,40.7126],[-74.0045,40.71237],[-74.00437,40.71215],[-73.99798,40.70699],[-74.00005,40.70582],[-74.00714,40.70122],[-74.00899,40.70038],[-74.01171,40.69974],[-74.01391,40.69981],[-74.01594,40.70147],[-74.01639,40.70188],[-74.01691,40.70243]]]}},{"type":"Feature","properties":{"std_name":"Special Madison Avenue Preservation District","std_geoid":"MP","pen":"politicians","std_note":null},"geometry":{"type":"Polygon","coordinates":[[[-73.95347,40.78741],[-73.96984,40.76498],[-73.96926,40.76473],[-73.96949,40.76442],[-73.97094,40.76503],[-73.95433,40.78777],[-73.95347,40.78741]]]}},{"type":"Feature","properties":{"std_name":"Special Manhattanville Mixed Use District","std_geoid":"MMU","pen":"politicians","std_note":null},"geometry":{"type":"Polygon","coordinates":[[[-73.95885,40.8217],[-73.95829,40.82146],[-73.95783,40.82195],[-73.95733,40.82235],[-73.95708,40.82225],[-73.95793,40.8213],[-73.95818,40.82095],[-73.95756,40.8207],[-73.95826,40.81975],[-73.95602,40.8188],[-73.95507,40.8201],[-73.95418,40.81972],[-73.95513,40.81841],[-73.95529,40.81848],[-73.95558,40.81737],[-73.9558,40.81705],[-73.95696,40.81752],[-73.95831,40.8157],[-73.95949,40.81701],[-73.96303,40.81848],[-73.96131,40.82105],[-73.95994,40.82046],[-73.95885,40.8217]]]}},{"type":"Feature","properties":{"std_name":"Special Midtown District","std_geoid":"MiD","pen":"politicians","std_note":null},"geometry":{"type":"Polygon","coordinates":[[[-73.98108,40.7692],[-73.98163,40.76842],[-73.98142,40.76826],[-73.98136,40.76815],[-73.98135,40.76803],[-73.98144,40.76783],[-73.98162,40.76769],[-73.98178,40.76672],[-73.97615,40.76436],[-73.97569,40.76499],[-73.97448,40.76448],[-73.9747,40.76418],[-73.97347,40.76366],[-73.97305,40.76423],[-73.97252,40.764],[-73.97204,40.76466],[-73.97147,40.76443],[-73.97104,40.76503],[-73.97001,40.76459],[-73.97047,40.76396],[-73.96834,40.76307],[-73.96923,40.76184],[-73.96907,40.76178],[-73.96929,40.76147],[-73.96945,40.76154],[-73.96998,40.76081],[-73.97039,40.76099],[-73.9713,40.75974],[-73.97073,40.7595],[-73.96982,40.76075],[-73.96896,40.76038],[-73.96987,40.75913],[-73.96925,40.75887],[-73.96834,40.76012],[-73.96716,40.75963],[-73.96739,40.75931],[-73.96624,40.75883],[-73.96669,40.7582],[-73.96785,40.75869],[-73.97128,40.754],[-73.97112,40.75393],[-73.97318,40.75111],[-73.97172,40.7505],[-73.97222,40.74982],[-73.97367,40.75044],[-73.97416,40.74978],[-73.9737,40.74958],[-73.97413,40.74896],[-73.97452,40.74912],[-73.97496,40.7485],[-73.9763,40.74906],[-73.97607,40.74937],[-73.97831,40.75032],[-73.97853,40.75001],[-73.98024,40.75073],[-73.98069,40.75011],[-73.98211,40.75071],[-73.98396,40.74819],[-73.98456,40.74844],[-73.98505,40.74778],[-73.98725,40.7487],[-73.98752,40.7472],[-73.99295,40.7495],[-73.99206,40.75072],[-73.99395,40.75152],[-73.99346,40.75219],[-73.99109,40.7512],[-73.99084,40.75155],[-73.9899,40.75115],[-73.99016,40.75079],[-73.98794,40.74986],[-73.98734,40.75289],[-73.98881,40.75351],[-73.98766,40.75506],[-73.9905,40.75626],[-73.99072,40.75595],[-73.99356,40.75714],[-73.99312,40.75775],[-73.99204,40.7573],[-73.99154,40.75797],[-73.99042,40.7575],[-73.98901,40.75943],[-73.98839,40.75916],[-73.98337,40.76605],[-73.98415,40.76638],[-73.98308,40.76784],[-73.98427,40.76834],[-73.98355,40.76937],[-73.98209,40.76876],[-73.98212,40.76965],[-73.98108,40.7692]],[[-73.98668,40.7502],[-73.98469,40.74937],[-73.98289,40.75184],[-73.98305,40.7519],[-73.98283,40.75221],[-73.98464,40.75298],[-73.98668,40.7502]]]}},{"type":"Feature","properties":{"std_name":"Special Midtown South Mixed-Use District","std_geoid":"MSX","pen":"politicians","std_note":null},"geometry":{"type":"MultiPolygon","coordinates":[[[[-73.9905,40.75626],[-73.98766,40.75506],[-73.98881,40.75351],[-73.98734,40.75289],[-73.98778,40.75068],[-73.99014,40.75166],[-73.99036,40.75135],[-73.99321,40.75254],[-73.99298,40.75286],[-73.99345,40.75306],[-73.99165,40.75553],[-73.99117,40.75533],[-73.9905,40.75626]]],[[[-73.98862,40.74767],[-73.98642,40.74674],[-73.98867,40.74365],[-73.98945,40.74398],[-73.98958,40.74321],[-73.98968,40.74325],[-73.99061,40.74198],[-73.99233,40.74271],[-73.99208,40.74305],[-73.99192,40.74299],[-73.98989,40.74577],[-73.98998,40.74581],[-73.98862,40.74767]]],[[[-73.99483,40.74947],[-73.9916,40.74811],[-73.99114,40.74874],[-73.98971,40.74813],[-73.9931,40.74348],[-73.99491,40.74425],[-73.99424,40.74518],[-73.99471,40.74538],[-73.99336,40.74724],[-73.99573,40.74824],[-73.99483,40.74947]]],[[[-73.98289,40.75184],[-73.98469,40.74937],[-73.98668,40.7502],[-73.98464,40.75298],[-73.98283,40.75221],[-73.98305,40.75191],[-73.98289,40.75184]]]]}},{"type":"Feature","properties":{"std_name":"Special Mixed Use District (MX-1)","std_geoid":"MX-1","pen":"politicians","std_note":null},"geometry":{"type":"Polygon","coordinates":[[[-73.92907,40.80837],[-73.91709,40.8033],[-73.91322,40.80166],[-73.91371,40.801],[-73.91978,40.80359],[-73.92028,40.80292],[-73.92443,40.80466],[-73.9248,40.80415],[-73.92649,40.80488],[-73.92574,40.80522],[-73.92995,40.80697],[-73.92944,40.80772],[-73.93083,40.8083],[-73.93017,40.80874],[-73.92931,40.80941],[-73.92866,40.80891],[-73.92907,40.80837]]]}},{"type":"Feature","properties":{"std_name":"Special Mixed Use District (MX-10)","std_geoid":"MX-10","pen":"politicians","std_note":null},"geometry":{"type":"MultiPolygon","coordinates":[[[[-73.92089,40.67752],[-73.92094,40.67698],[-73.92327,40.6771],[-73.92323,40.67765],[-73.92089,40.67752]]],[[[-73.91918,40.67742],[-73.91922,40.67689],[-73.92011,40.67693],[-73.92004,40.67747],[-73.91918,40.67742]]]]}},{"type":"Feature","properties":{"std_name":"Special Mixed Use District (MX-11)","std_geoid":"MX-11","pen":"politicians","std_note":null},"geometry":{"type":"Polygon","coordinates":[[[-73.98926,40.67729],[-73.98971,40.67676],[-73.99136,40.67756],[-73.99043,40.67869],[-73.9892,40.6782],[-73.98926,40.67729]]]}},{"type":"Feature","properties":{"std_name":"Special Mixed Use District (MX-12)","std_geoid":"MX-12","pen":"politicians","std_note":null},"geometry":{"type":"Polygon","coordinates":[[[-73.98733,40.64307],[-73.98552,40.64199],[-73.98498,40.6425],[-73.98458,40.64226],[-73.98513,40.64175],[-73.98323,40.6406],[-73.98319,40.6403],[-73.98368,40.64059],[-73.98408,40.64021],[-73.9839,40.64009],[-73.98418,40.63983],[-73.98565,40.64071],[-73.98627,40.64013],[-73.9866,40.64033],[-73.98629,40.64062],[-73.98849,40.64196],[-73.98733,40.64307]]]}},{"type":"Feature","properties":{"std_name":"Special Mixed Use District (MX-13)","std_geoid":"MX-13","pen":"politicians","std_note":null},"geometry":{"type":"MultiPolygon","coordinates":[[[[-73.92634,40.81219],[-73.92719,40.8109],[-73.92862,40.80896],[-73.9302,40.81015],[-73.92973,40.81051],[-73.92927,40.81017],[-73.9279,40.81109],[-73.92884,40.81179],[-73.9294,40.81136],[-73.93039,40.8121],[-73.92983,40.81234],[-73.92932,40.81262],[-73.92919,40.81252],[-73.92883,40.81303],[-73.92807,40.81246],[-73.92817,40.81234],[-73.92775,40.81201],[-73.92744,40.81229],[-73.92545,40.81515],[-73.92603,40.81539],[-73.92569,40.81588],[-73.92667,40.81613],[-73.92622,40.81676],[-73.92522,40.8165],[-73.9255,40.81583],[-73.924,40.81544],[-73.92634,40.81219]]],[[[-73.92872,40.81742],[-73.93004,40.81452],[-73.93088,40.81474],[-73.93083,40.81498],[-73.93097,40.81661],[-73.93094,40.81718],[-73.93081,40.8176],[-73.93056,40.81812],[-73.93038,40.81861],[-73.93027,40.81897],[-73.93022,40.81929],[-73.92955,40.81915],[-73.92828,40.81881],[-73.92872,40.81742]]]]}},{"type":"Feature","properties":{"std_name":"Special Mixed Use District (MX-14)","std_geoid":"MX-14","pen":"politicians","std_note":null},"geometry":{"type":"MultiPolygon","coordinates":[[[[-73.89885,40.84669],[-73.89834,40.84653],[-73.89832,40.84657],[-73.89736,40.84625],[-73.8972,40.84654],[-73.89637,40.84627],[-73.89742,40.8442],[-73.89788,40.84426],[-73.89994,40.84493],[-73.89909,40.84646],[-73.899,40.84643],[-73.89885,40.84669]]],[[[-73.89445,40.84893],[-73.89467,40.84853],[-73.89516,40.84868],[-73.89542,40.84816],[-73.89495,40.84801],[-73.89512,40.8477],[-73.89558,40.84785],[-73.89591,40.84719],[-73.89638,40.84734],[-73.89488,40.85013],[-73.89449,40.85002],[-73.89495,40.8491],[-73.89445,40.84893]]],[[[-73.8906,40.85841],[-73.89103,40.85794],[-73.89039,40.85761],[-73.89075,40.85723],[-73.88992,40.8568],[-73.8903,40.85636],[-73.88999,40.85553],[-73.89008,40.85543],[-73.88996,40.8551],[-73.89036,40.85467],[-73.892,40.85555],[-73.89152,40.8561],[-73.89212,40.85641],[-73.89167,40.857],[-73.8921,40.85718],[-73.89167,40.85779],[-73.8918,40.85785],[-73.89157,40.85817],[-73.89182,40.85827],[-73.8916,40.85857],[-73.89114,40.85838],[-73.89112,40.85866],[-73.8906,40.85841]]]]}},{"type":"Feature","properties":{"std_name":"Special Mixed Use District (MX-15)","std_geoid":"MX-15","pen":"politicians","std_note":null},"geometry":{"type":"Polygon","coordinates":[[[-73.95353,40.81286],[-73.95422,40.81191],[-73.95445,40.81202],[-73.95595,40.81381],[-73.955,40.81511],[-73.95356,40.8145],[-73.95362,40.8129],[-73.95353,40.81286]]]}},{"type":"Feature","properties":{"std_name":"Special Mixed Use District (MX-16)","std_geoid":"MX-16","pen":"politicians","std_note":null},"geometry":{"type":"MultiPolygon","coordinates":[[[[-73.87536,40.68275],[-73.87411,40.6831],[-73.87362,40.68117],[-73.87661,40.68032],[-73.87659,40.68025],[-73.87734,40.68004],[-73.87761,40.6811],[-73.87632,40.68129],[-73.87642,40.68169],[-73.87598,40.68176],[-73.87608,40.68216],[-73.87527,40.68239],[-73.87536,40.68275]]],[[[-73.89367,40.67483],[-73.89376,40.67517],[-73.88924,40.67584],[-73.88948,40.67677],[-73.88859,40.67696],[-73.88816,40.67528],[-73.89268,40.6746],[-73.89277,40.67496],[-73.89367,40.67483]]],[[[-73.89459,40.67469],[-73.89367,40.67483],[-73.89358,40.67447],[-73.89589,40.67413],[-73.89597,40.67448],[-73.89577,40.67451],[-73.89586,40.67486],[-73.89467,40.67503],[-73.89459,40.67469]]],[[[-73.90693,40.67806],[-73.90476,40.67794],[-73.9048,40.67756],[-73.90697,40.67768],[-73.90693,40.67806]]],[[[-73.89397,40.67602],[-73.89381,40.67537],[-73.89472,40.67523],[-73.8949,40.67591],[-73.89397,40.67602]]],[[[-73.88111,40.67537],[-73.88119,40.67569],[-73.88028,40.67582],[-73.8802,40.6755],[-73.88111,40.67537]]]]}},{"type":"Feature","properties":{"std_name":"Special Mixed Use District (MX-17)","std_geoid":"MX-17","pen":"politicians","std_note":null},"geometry":{"type":"Polygon","coordinates":[[[-73.89135,40.81489],[-73.88959,40.81516],[-73.88945,40.81463],[-73.88847,40.81478],[-73.88833,40.81423],[-73.89106,40.81381],[-73.89135,40.81489]]]}},{"type":"Feature","properties":{"std_name":"Special Mixed Use District (MX-18)","std_geoid":"MX-18","pen":"politicians","std_note":null},"geometry":{"type":"MultiPolygon","coordinates":[[[[-73.90979,40.80764],[-73.91036,40.80656],[-73.91078,40.8067],[-73.91022,40.80777],[-73.90979,40.80764]]],[[[-73.90822,40.81014],[-73.90838,40.80968],[-73.9093,40.80987],[-73.90913,40.81033],[-73.90822,40.81014]]]]}},{"type":"Feature","properties":{"std_name":"Special Mixed Use District (MX-19)","std_geoid":"MX-19","pen":"politicians","std_note":null},"geometry":{"type":"Polygon","coordinates":[[[-73.90841,40.66065],[-73.90749,40.66079],[-73.90719,40.65962],[-73.90811,40.65948],[-73.90841,40.66065]]]}},{"type":"Feature","properties":{"std_name":"Special Mixed Use District (MX-2)","std_geoid":"MX-2","pen":"politicians","std_note":null},"geometry":{"type":"MultiPolygon","coordinates":[[[[-73.98654,40.70476],[-73.98657,40.70441],[-73.98458,40.70434],[-73.98462,40.70369],[-73.98416,40.70367],[-73.98418,40.70334],[-73.98382,40.70332],[-73.98384,40.703],[-73.98411,40.70301],[-73.98414,40.70268],[-73.98431,40.70269],[-73.98433,40.70234],[-73.9847,40.70235],[-73.98478,40.70087],[-73.98563,40.7009],[-73.9856,40.70149],[-73.9903,40.70166],[-73.99025,40.70253],[-73.99258,40.70259],[-73.99255,40.70331],[-73.98875,40.70317],[-73.9888,40.70326],[-73.98877,40.70357],[-73.98882,40.70384],[-73.9885,40.70382],[-73.98845,40.70449],[-73.98751,40.70446],[-73.9875,40.7048],[-73.98654,40.70476]]],[[[-73.9868,40.70018],[-73.98686,40.69922],[-73.98781,40.69926],[-73.98776,40.70021],[-73.9868,40.70018]]]]}},{"type":"Feature","properties":{"std_name":"Special Mixed Use District (MX-21)","std_geoid":"MX-21","pen":"politicians","std_note":null},"geometry":{"type":"Polygon","coordinates":[[[-73.76743,40.59215],[-73.76764,40.5932],[-73.76711,40.59326],[-73.76689,40.59218],[-73.76743,40.59215]]]}},{"type":"Feature","properties":{"std_name":"Special Mixed Use District (MX-22)","std_geoid":"MX-22","pen":"politicians","std_note":null},"geometry":{"type":"Polygon","coordinates":[[[-73.92177,40.7047],[-73.92215,40.70432],[-73.92252,40.70453],[-73.92215,40.70492],[-73.92177,40.7047]]]}},{"type":"Feature","properties":{"std_name":"Special Mixed Use District (MX-23)","std_geoid":"MX-23","pen":"politicians","std_note":null},"geometry":{"type":"MultiPolygon","coordinates":[[[[-73.936,40.7659],[-73.93703,40.76424],[-73.9378,40.76461],[-73.93595,40.76758],[-73.93494,40.76701],[-73.936,40.7659]]],[[[-73.94053,40.76342],[-73.94087,40.76289],[-73.94172,40.7632],[-73.94139,40.76373],[-73.94053,40.76342]]]]}},{"type":"Feature","properties":{"std_name":"Special Mixed Use District (MX-24)","std_geoid":"MX-24","pen":"politicians","std_note":null},"geometry":{"type":"Polygon","coordinates":[[[-73.91972,40.75401],[-73.9203,40.75333],[-73.92197,40.75295],[-73.92495,40.75434],[-73.9237,40.75588],[-73.91972,40.75401]]]}},{"type":"Feature","properties":{"std_name":"Special Mixed Use District (MX-25)","std_geoid":"MX-25","pen":"politicians","std_note":null},"geometry":{"type":"Polygon","coordinates":[[[-73.99119,40.67197],[-73.99144,40.67167],[-73.99274,40.67229],[-73.99249,40.6726],[-73.99119,40.67197]]]}},{"type":"Feature","properties":{"std_name":"Special Mixed Use District (MX-26)","std_geoid":"MX-26","pen":"politicians","std_note":null},"geometry":{"type":"Polygon","coordinates":[[[-73.99051,40.57835],[-73.99071,40.57939],[-73.99032,40.57943],[-73.9896,40.5793],[-73.98945,40.57847],[-73.99051,40.57835]]]}},{"type":"Feature","properties":{"std_name":"Special Mixed Use District (MX-27)","std_geoid":"MX-27","pen":"politicians","std_note":null},"geometry":{"type":"Polygon","coordinates":[[[-73.96676,40.69768],[-73.96581,40.69764],[-73.96541,40.69563],[-73.96637,40.69567],[-73.9665,40.69634],[-73.96603,40.69639],[-73.96616,40.69702],[-73.96662,40.69696],[-73.96676,40.69768]]]}},{"type":"Feature","properties":{"std_name":"Special Mixed Use District (MX-30)","std_geoid":"MX-30","pen":"politicians","std_note":null},"geometry":{"type":"Polygon","coordinates":[[[-73.89889,40.86964],[-73.89656,40.86856],[-73.8974,40.86748],[-73.89842,40.86763],[-73.89894,40.86776],[-73.89923,40.86791],[-73.8995,40.8682],[-73.8996,40.86845],[-73.89962,40.86868],[-73.89958,40.86886],[-73.8995,40.869],[-73.89889,40.86964]]]}},{"type":"Feature","properties":{"std_name":"Special Mixed Use District (MX-4)","std_geoid":"MX-4","pen":"politicians","std_note":null},"geometry":{"type":"Polygon","coordinates":[[[-73.95653,40.69904],[-73.95609,40.69684],[-73.95564,40.69689],[-73.9552,40.69469],[-73.95614,40.69458],[-73.95621,40.69493],[-73.95763,40.69477],[-73.95792,40.69631],[-73.95884,40.69621],[-73.9589,40.69652],[-73.95844,40.69657],[-73.95875,40.69807],[-73.95783,40.69818],[-73.95796,40.69882],[-73.95653,40.69904]]]}},{"type":"Feature","properties":{"std_name":"Special Mixed Use District (MX-5)","std_geoid":"MX-5","pen":"politicians","std_note":null},"geometry":{"type":"MultiPolygon","coordinates":[[[[-74.01449,40.676],[-74.0189,40.67226],[-74.01953,40.67255],[-74.01967,40.67347],[-74.01571,40.67683],[-74.01449,40.676]]],[[[-74.0029,40.67766],[-74.00306,40.67733],[-74.00387,40.67756],[-74.00403,40.67724],[-74.00445,40.67735],[-74.00415,40.678],[-74.0029,40.67766]]]]}},{"type":"Feature","properties":{"std_name":"Special Mixed Use District (MX-6)","std_geoid":"MX-6","pen":"politicians","std_note":null},"geometry":{"type":"Polygon","coordinates":[[[-74.00732,40.731],[-74.00744,40.73029],[-74.00905,40.73044],[-74.00897,40.73087],[-74.00808,40.73078],[-74.00801,40.73107],[-74.00732,40.731]]]}},{"type":"Feature","properties":{"std_name":"Special Mixed Use District (MX-7)","std_geoid":"MX-7","pen":"politicians","std_note":null},"geometry":{"type":"Polygon","coordinates":[[[-73.90529,40.83088],[-73.90535,40.8309],[-73.90609,40.82929],[-73.90655,40.82818],[-73.90603,40.82805],[-73.90765,40.8267],[-73.90871,40.82407],[-73.91057,40.82466],[-73.90992,40.82585],[-73.91088,40.82616],[-73.91022,40.82729],[-73.90993,40.8272],[-73.90891,40.82903],[-73.90932,40.82916],[-73.90892,40.82983],[-73.90724,40.82929],[-73.90706,40.82961],[-73.90716,40.82964],[-73.90635,40.83123],[-73.90584,40.83106],[-73.90558,40.8316],[-73.90502,40.83142],[-73.90529,40.83088]]]}},{"type":"Feature","properties":{"std_name":"Special Mixed Use District (MX-8)","std_geoid":"MX-8","pen":"politicians","std_note":null},"geometry":{"type":"MultiPolygon","coordinates":[[[[-73.95317,40.71407],[-73.95446,40.71488],[-73.95386,40.71543],[-73.95558,40.7165],[-73.95499,40.71705],[-73.95621,40.71781],[-73.95561,40.71837],[-73.95618,40.71872],[-73.95498,40.71982],[-73.95535,40.72005],[-73.95475,40.7206],[-73.95537,40.72098],[-73.95655,40.71986],[-73.95723,40.72029],[-73.95753,40.72002],[-73.95819,40.72043],[-73.95669,40.72181],[-73.95604,40.7214],[-73.95498,40.72238],[-73.95249,40.72321],[-73.95269,40.72355],[-73.95183,40.72382],[-73.95165,40.72349],[-73.95121,40.72364],[-73.95045,40.7223],[-73.9509,40.72215],[-73.95064,40.7217],[-73.94984,40.72219],[-73.94908,40.72254],[-73.94817,40.72265],[-73.94795,40.72138],[-73.94749,40.72144],[-73.94689,40.72055],[-73.94641,40.71994],[-73.94604,40.72016],[-73.94561,40.71958],[-73.94539,40.71983],[-73.94506,40.72009],[-73.94486,40.72029],[-73.94484,40.72048],[-73.94494,40.7208],[-73.94471,40.72082],[-73.94471,40.72093],[-73.9442,40.72097],[-73.94414,40.72062],[-73.94396,40.72038],[-73.94691,40.7186],[-73.94575,40.71873],[-73.94563,40.71801],[-73.94665,40.71791],[-73.9466,40.71754],[-73.94776,40.71744],[-73.94771,40.71709],[-73.94818,40.71705],[-73.94812,40.71669],[-73.94912,40.7166],[-73.94907,40.71625],[-73.95017,40.71613],[-73.95007,40.71542],[-73.95181,40.71525],[-73.95317,40.71407]]],[[[-73.95583,40.71407],[-73.95162,40.71407],[-73.95112,40.71096],[-73.95665,40.71041],[-73.95527,40.71259],[-73.9566,40.71309],[-73.9564,40.7134],[-73.95793,40.71396],[-73.95805,40.71377],[-73.95927,40.71438],[-73.95947,40.71419],[-73.96088,40.71489],[-73.96044,40.7153],[-73.96002,40.71514],[-73.95903,40.71488],[-73.96142,40.71638],[-73.96254,40.71533],[-73.96411,40.71609],[-73.96447,40.71573],[-73.96496,40.71469],[-73.96575,40.71491],[-73.96542,40.71561],[-73.96583,40.71573],[-73.96567,40.71609],[-73.96612,40.71622],[-73.96526,40.71702],[-73.96573,40.71726],[-73.96555,40.71744],[-73.96508,40.71719],[-73.96054,40.72143],[-73.95924,40.72063],[-73.96043,40.71952],[-73.95902,40.71863],[-73.95929,40.71836],[-73.95837,40.71778],[-73.95898,40.71723],[-73.95989,40.71781],[-73.96079,40.71697],[-73.95951,40.71617],[-73.95891,40.71673],[-73.95763,40.71593],[-73.95821,40.71537],[-73.95627,40.71416],[-73.95583,40.71407]]],[[[-73.95935,40.73332],[-73.95901,40.73119],[-73.95782,40.7313],[-73.95717,40.72732],[-73.95735,40.7263],[-73.95866,40.72618],[-73.95924,40.72972],[-73.9581,40.72983],[-73.95821,40.73054],[-73.95936,40.73043],[-73.96006,40.73469],[-73.95889,40.7348],[-73.95876,40.7341],[-73.95938,40.73403],[-73.95926,40.73333],[-73.95935,40.73332]]],[[[-73.96514,40.71429],[-73.96578,40.71286],[-73.96494,40.71263],[-73.96058,40.71104],[-73.96094,40.71047],[-73.96496,40.71168],[-73.96773,40.7126],[-73.96742,40.7133],[-73.96623,40.71298],[-73.96595,40.7136],[-73.96663,40.71378],[-73.96626,40.71459],[-73.96514,40.71429]]],[[[-73.95697,40.73642],[-73.95687,40.73572],[-73.95853,40.73555],[-73.95864,40.73621],[-73.9569,40.73715],[-73.95275,40.73752],[-73.95264,40.73683],[-73.95697,40.73642]]],[[[-73.95829,40.73414],[-73.95701,40.73425],[-73.95696,40.73389],[-73.95539,40.73404],[-73.95527,40.73334],[-73.95758,40.73312],[-73.95756,40.73299],[-73.95809,40.73294],[-73.95829,40.73414]]]]}},{"type":"Feature","properties":{"std_name":"Special Natural Area District-1","std_geoid":"NA-1","pen":"politicians","std_note":null},"geometry":{"type":"Polygon","coordinates":[[[-74.09488,40.61018],[-74.09435,40.61009],[-74.09358,40.6099],[-74.09238,40.6095],[-74.09151,40.60911],[-74.09096,40.60863],[-74.09141,40.60823],[-74.09175,40.60769],[-74.09248,40.60699],[-74.09261,40.60678],[-74.09271,40.60635],[-74.09272,40.60618],[-74.09245,40.60415],[-74.09294,40.60417],[-74.0935,40.60415],[-74.0935,40.60408],[-74.09485,40.60427],[-74.09477,40.6046],[-74.09567,40.60472],[-74.09617,40.6047],[-74.09637,40.60464],[-74.0966,40.60452],[-74.09688,40.60428],[-74.09737,40.60412],[-74.09727,40.60383],[-74.09803,40.6036],[-74.09812,40.6036],[-74.09794,40.60312],[-74.09805,40.6031],[-74.09871,40.60312],[-74.09874,40.60379],[-74.09878,40.60393],[-74.09895,40.60411],[-74.09935,40.60432],[-74.0996,40.60438],[-74.10039,40.60438],[-74.10068,40.60427],[-74.1009,40.60408],[-74.10097,40.60394],[-74.101,40.60377],[-74.10092,40.60324],[-74.1002,40.60228],[-74.09976,40.60237],[-74.09926,40.60235],[-74.0989,40.60222],[-74.09848,40.60192],[-74.09818,40.60182],[-74.09801,40.60184],[-74.09752,40.602],[-74.09785,40.60144],[-74.09866,40.59988],[-74.10073,40.59769],[-74.10144,40.59816],[-74.10162,40.59789],[-74.10251,40.59855],[-74.10384,40.59717],[-74.10286,40.59658],[-74.10428,40.59526],[-74.10441,40.59543],[-74.1048,40.59524],[-74.10445,40.59481],[-74.10359,40.59428],[-74.10353,40.59434],[-74.10082,40.59265],[-74.10092,40.59235],[-74.10098,40.59194],[-74.10097,40.59175],[-74.10167,40.59172],[-74.10162,40.5911],[-74.10129,40.59105],[-74.10185,40.59019],[-74.10109,40.5898],[-74.10149,40.58934],[-74.10218,40.58865],[-74.10261,40.58886],[-74.10485,40.58683],[-74.10448,40.58657],[-74.10813,40.58351],[-74.10897,40.58287],[-74.10966,40.58245],[-74.11049,40.58213],[-74.11135,40.58175],[-74.1131,40.58075],[-74.11395,40.58004],[-74.11501,40.57901],[-74.11563,40.57848],[-74.11586,40.57839],[-74.11654,40.57832],[-74.1169,40.57826],[-74.11711,40.57815],[-74.11758,40.5777],[-74.11828,40.57818],[-74.11828,40.57834],[-74.11894,40.58086],[-74.12039,40.58022],[-74.12065,40.5806],[-74.12209,40.57972],[-74.12324,40.57878],[-74.12377,40.578],[-74.12375,40.57768],[-74.12517,40.57788],[-74.12513,40.57802],[-74.12596,40.57833],[-74.12688,40.57873],[-74.1269,40.57846],[-74.12713,40.57802],[-74.12722,40.57772],[-74.12724,40.57732],[-74.12716,40.57685],[-74.12779,40.57663],[-74.12802,40.57636],[-74.12762,40.57621],[-74.12799,40.57567],[-74.12774,40.5752],[-74.13006,40.57441],[-74.13113,40.57401],[-74.13166,40.57375],[-74.13258,40.57346],[-74.135,40.57318],[-74.13509,40.57357],[-74.13645,40.57341],[-74.13652,40.57374],[-74.13829,40.57353],[-74.13837,40.57395],[-74.13961,40.57363],[-74.13955,40.57332],[-74.14126,40.57309],[-74.14117,40.57272],[-74.14323,40.57247],[-74.14317,40.5722],[-74.14419,40.57207],[-74.14382,40.57024],[-74.14423,40.56966],[-74.14501,40.56998],[-74.14574,40.5701],[-74.14659,40.57034],[-74.1472,40.57057],[-74.14797,40.57093],[-74.14873,40.57031],[-74.14918,40.57064],[-74.14969,40.57026],[-74.15048,40.57092],[-74.1556,40.56933],[-74.16277,40.56704],[-74.16327,40.56677],[-74.16367,40.56641],[-74.16517,40.56448],[-74.16539,40.56414],[-74.16569,40.56365],[-74.16584,40.56334],[-74.16687,40.56059],[-74.1695,40.56116],[-74.17109,40.56139],[-74.17149,40.5615],[-74.17144,40.56155],[-74.17404,40.56274],[-74.17513,40.56315],[-74.1761,40.56332],[-74.17656,40.56345],[-74.17701,40.56364],[-74.17737,40.56386],[-74.17748,40.56395],[-74.17795,40.56704],[-74.17807,40.56813],[-74.17821,40.56878],[-74.17834,40.56917],[-74.17857,40.56965],[-74.17883,40.57002],[-74.17917,40.57039],[-74.17985,40.57099],[-74.18041,40.57133],[-74.18396,40.57281],[-74.1847,40.57321],[-74.18497,40.57339],[-74.18526,40.57366],[-74.18612,40.57474],[-74.18636,40.57493],[-74.18663,40.57507],[-74.18692,40.57514],[-74.18724,40.57516],[-74.18759,40.57511],[-74.18789,40.57502],[-74.18819,40.57485],[-74.18841,40.57463],[-74.18856,40.57436],[-74.18864,40.57403],[-74.18912,40.57401],[-74.18921,40.57468],[-74.18979,40.57724],[-74.19055,40.57711],[-74.19127,40.5803],[-74.18961,40.58045],[-74.1895,40.58013],[-74.18928,40.57983],[-74.18892,40.57957],[-74.18855,40.57943],[-74.18743,40.57926],[-74.18383,40.57886],[-74.1832,40.57889],[-74.18269,40.57902],[-74.18219,40.5793],[-74.18187,40.57963],[-74.18176,40.57993],[-74.18173,40.58025],[-74.18177,40.58057],[-74.18189,40.58088],[-74.18214,40.58135],[-74.18334,40.58306],[-74.18376,40.58357],[-74.18413,40.58411],[-74.18432,40.58455],[-74.1844,40.58499],[-74.18438,40.58538],[-74.18429,40.58571],[-74.18411,40.58607],[-74.18393,40.58636],[-74.18347,40.58689],[-74.18254,40.58767],[-74.18195,40.58826],[-74.18174,40.58854],[-74.18164,40.5888],[-74.18162,40.58908],[-74.18281,40.59217],[-74.18046,40.59596],[-74.18035,40.59626],[-74.18029,40.59651],[-74.18021,40.59728],[-74.18008,40.59793],[-74.17989,40.59839],[-74.17964,40.59881],[-74.17499,40.60218],[-74.17256,40.60298],[-74.17219,40.60278],[-74.17189,40.60267],[-74.17128,40.60251],[-74.16724,40.60208],[-74.16871,40.59468],[-74.16767,40.59415],[-74.16691,40.59389],[-74.16609,40.59371],[-74.16472,40.59355],[-74.16344,40.59332],[-74.16342,40.59245],[-74.16607,40.59049],[-74.16758,40.58896],[-74.16799,40.58912],[-74.16843,40.5892],[-74.16921,40.58929],[-74.17024,40.58936],[-74.17298,40.58942],[-74.17363,40.58935],[-74.17448,40.58918],[-74.17489,40.58906],[-74.17584,40.58862],[-74.17651,40.58823],[-74.17717,40.58776],[-74.17757,40.58739],[-74.178,40.58684],[-74.1783,40.58627],[-74.17845,40.58588],[-74.17851,40.58561],[-74.17854,40.58518],[-74.1785,40.58457],[-74.17836,40.58399],[-74.17786,40.58246],[-74.17754,40.58131],[-74.17749,40.58099],[-74.17749,40.5805],[-74.1776,40.57986],[-74.17783,40.57929],[-74.17933,40.57699],[-74.17958,40.57648],[-74.1797,40.57607],[-74.1797,40.57567],[-74.17959,40.57513],[-74.17937,40.57464],[-74.17912,40.57431],[-74.17853,40.57365],[-74.17762,40.57265],[-74.17732,40.57237],[-74.17619,40.57165],[-74.17516,40.57115],[-74.17399,40.57075],[-74.17347,40.57065],[-74.1729,40.57058],[-74.1721,40.57058],[-74.17151,40.57065],[-74.17062,40.57081],[-74.16986,40.571],[-74.16984,40.5708],[-74.16215,40.57509],[-74.16046,40.57608],[-74.15316,40.58017],[-74.15241,40.5807],[-74.15113,40.5821],[-74.14675,40.58565],[-74.14656,40.58585],[-74.14637,40.58613],[-74.14626,40.58639],[-74.14581,40.58856],[-74.14461,40.58854],[-74.14273,40.5887],[-74.1427,40.58905],[-74.14459,40.58892],[-74.14581,40.58895],[-74.14555,40.59114],[-74.14539,40.5916],[-74.14516,40.5919],[-74.14405,40.59137],[-74.14158,40.59371],[-74.14102,40.59415],[-74.1395,40.59579],[-74.14025,40.59618],[-74.14143,40.5967],[-74.14077,40.59755],[-74.13895,40.59731],[-74.13863,40.59735],[-74.13819,40.5975],[-74.1379,40.59755],[-74.13742,40.59755],[-74.13695,40.59749],[-74.13641,40.59734],[-74.13376,40.5963],[-74.13271,40.59727],[-74.1322,40.59769],[-74.13149,40.59815],[-74.13086,40.5985],[-74.1306,40.59861],[-74.13022,40.59868],[-74.12983,40.59867],[-74.12545,40.59814],[-74.12508,40.59818],[-74.12473,40.5983],[-74.12386,40.59879],[-74.12259,40.59946],[-74.12051,40.60079],[-74.12054,40.6012],[-74.11955,40.60121],[-74.11945,40.59769],[-74.11778,40.59773],[-74.1178,40.59837],[-74.1165,40.59839],[-74.11669,40.59975],[-74.1167,40.60101],[-74.11664,40.60116],[-74.11663,40.60205],[-74.11656,40.60223],[-74.11631,40.60264],[-74.11588,40.60329],[-74.11537,40.60397],[-74.11545,40.60477],[-74.11474,40.60482],[-74.11463,40.60485],[-74.1138,40.60587],[-74.11411,40.60817],[-74.10991,40.6085],[-74.10929,40.60893],[-74.10866,40.60925],[-74.10797,40.60949],[-74.10713,40.60967],[-74.10641,40.60975],[-74.10408,40.60992],[-74.10127,40.61009],[-74.10104,40.60779],[-74.10049,40.60767],[-74.09934,40.60755],[-74.09918,40.60758],[-74.09941,40.61017],[-74.09662,40.6103],[-74.09575,40.61026],[-74.09488,40.61018]]]}},{"type":"Feature","properties":{"std_name":"Special Natural Area District-2","std_geoid":"NA-2","pen":"politicians","std_note":null},"geometry":{"type":"Polygon","coordinates":[[[-73.9055,40.89028],[-73.90592,40.89069],[-73.90625,40.89087],[-73.90647,40.89094],[-73.90677,40.89099],[-73.90726,40.89094],[-73.90741,40.89097],[-73.90768,40.89108],[-73.90778,40.89117],[-73.90788,40.89131],[-73.90791,40.89146],[-73.90794,40.8936],[-73.9085,40.89359],[-73.90847,40.89482],[-73.90823,40.89733],[-73.90853,40.89727],[-73.90886,40.89713],[-73.90903,40.89701],[-73.90925,40.89678],[-73.90944,40.89667],[-73.90968,40.89662],[-73.9099,40.89663],[-73.91002,40.89628],[-73.91006,40.89591],[-73.91007,40.89351],[-73.90862,40.89353],[-73.90903,40.89316],[-73.90942,40.89289],[-73.90991,40.89269],[-73.91212,40.89221],[-73.91264,40.89073],[-73.91282,40.89067],[-73.9141,40.89053],[-73.91621,40.89099],[-73.91664,40.88961],[-73.91688,40.88869],[-73.91692,40.8882],[-73.91674,40.88703],[-73.9166,40.88691],[-73.91398,40.88637],[-73.91592,40.88489],[-73.91475,40.88458],[-73.91515,40.88403],[-73.91538,40.88353],[-73.91677,40.88398],[-73.91733,40.883],[-73.91967,40.88397],[-73.92005,40.88314],[-73.92183,40.88374],[-73.92298,40.8811],[-73.92305,40.88075],[-73.92305,40.88048],[-73.92252,40.8803],[-73.92247,40.88018],[-73.92237,40.88006],[-73.92202,40.87989],[-73.92239,40.87953],[-73.92178,40.87939],[-73.92155,40.87929],[-73.92125,40.8791],[-73.92108,40.87905],[-73.9209,40.87903],[-73.92066,40.87912],[-73.92045,40.8791],[-73.92032,40.87905],[-73.91989,40.87868],[-73.91972,40.87874],[-73.919,40.87752],[-73.91891,40.87733],[-73.91888,40.87712],[-73.9189,40.87692],[-73.91986,40.87675],[-73.92149,40.87821],[-73.9218,40.87801],[-73.92219,40.8782],[-73.9226,40.87834],[-73.92478,40.87873],[-73.92508,40.87889],[-73.92503,40.87894],[-73.92599,40.87932],[-73.91749,40.89995],[-73.91322,40.9102],[-73.91146,40.9158],[-73.90241,40.91312],[-73.90346,40.90922],[-73.9059,40.91006],[-73.90602,40.90987],[-73.90624,40.90965],[-73.90692,40.90921],[-73.90716,40.90898],[-73.90731,40.90875],[-73.90748,40.90841],[-73.90766,40.9076],[-73.90806,40.90641],[-73.90681,40.90616],[-73.90709,40.90535],[-73.90714,40.90495],[-73.90715,40.90448],[-73.90715,40.90453],[-73.9079,40.90227],[-73.90613,40.90168],[-73.90746,40.89939],[-73.90686,40.8992],[-73.90649,40.89953],[-73.90593,40.89997],[-73.90489,40.90048],[-73.90462,40.90056],[-73.90296,40.90081],[-73.90241,40.9008],[-73.90132,40.90063],[-73.90053,40.90062],[-73.89973,40.90068],[-73.89951,40.90066],[-73.8992,40.90052],[-73.89892,40.90016],[-73.89869,40.89997],[-73.89846,40.89986],[-73.89815,40.89977],[-73.89863,40.89766],[-73.89876,40.89747],[-73.89929,40.89716],[-73.89965,40.89681],[-73.89962,40.89656],[-73.89937,40.89584],[-73.89884,40.89481],[-73.89882,40.8947],[-73.89884,40.89454],[-73.89891,40.89442],[-73.89944,40.8938],[-73.89976,40.89332],[-73.89989,40.89306],[-73.90013,40.89287],[-73.90032,40.89266],[-73.90121,40.89113],[-73.90209,40.89108],[-73.90241,40.89099],[-73.9029,40.89104],[-73.9031,40.89101],[-73.90339,40.89086],[-73.9037,40.8906],[-73.90402,40.8904],[-73.90438,40.89024],[-73.90468,40.89016],[-73.90495,40.89013],[-73.90524,40.89016],[-73.9055,40.89028]]]}},{"type":"Feature","properties":{"std_name":"Special Natural Area District-3","std_geoid":"NA-3","pen":"politicians","std_note":null},"geometry":{"type":"Polygon","coordinates":[[[-74.05806,40.61189],[-74.05557,40.60839],[-74.06043,40.60635],[-74.06289,40.6097],[-74.05806,40.61189]]]}},{"type":"Feature","properties":{"std_name":"Special Ocean Parkway District","std_geoid":"OP","pen":"politicians","std_note":null},"geometry":{"type":"Polygon","coordinates":[[[-73.96736,40.57635],[-73.96825,40.57629],[-73.96882,40.57631],[-73.96978,40.57645],[-73.97646,40.57703],[-73.97625,40.57924],[-73.97615,40.58077],[-73.9761,40.58102],[-73.97596,40.58124],[-73.97459,40.58233],[-73.97417,40.58959],[-73.97415,40.59055],[-73.9722,40.60449],[-73.97292,40.60842],[-73.97717,40.63075],[-73.97851,40.63793],[-73.97896,40.64053],[-73.97944,40.6428],[-73.98036,40.64769],[-73.9766,40.64915],[-73.97544,40.64953],[-73.97549,40.64977],[-73.97222,40.651],[-73.9714,40.64826],[-73.96626,40.63047],[-73.96195,40.60777],[-73.96189,40.60734],[-73.96165,40.60431],[-73.95963,40.57799],[-73.96736,40.57635]]]}},{"type":"Feature","properties":{"std_name":"Special Park Improvement District","std_geoid":"PI","pen":"politicians","std_note":null},"geometry":{"type":"MultiPolygon","coordinates":[[[[-73.9516,40.78662],[-73.95212,40.78592],[-73.95227,40.78599],[-73.95573,40.78126],[-73.95557,40.78119],[-73.95702,40.77921],[-73.95717,40.77927],[-73.95972,40.77578],[-73.95964,40.77575],[-73.96017,40.77502],[-73.96025,40.77505],[-73.96302,40.77124],[-73.96294,40.77121],[-73.96347,40.77048],[-73.96355,40.77052],[-73.96879,40.76332],[-73.96994,40.7638],[-73.96926,40.76473],[-73.96918,40.7647],[-73.96462,40.77096],[-73.96527,40.77124],[-73.96474,40.77196],[-73.96409,40.77169],[-73.96131,40.7755],[-73.96195,40.77577],[-73.96143,40.77649],[-73.96078,40.77622],[-73.958,40.78004],[-73.95864,40.78031],[-73.95811,40.78104],[-73.95746,40.78077],[-73.95678,40.7817],[-73.95686,40.78174],[-73.9564,40.78237],[-73.95632,40.78233],[-73.95334,40.78641],[-73.95399,40.78669],[-73.95347,40.78741],[-73.9516,40.78662]]],[[[-73.94717,40.79681],[-73.94763,40.79617],[-73.94862,40.79659],[-73.95488,40.78801],[-73.95433,40.78777],[-73.95486,40.78705],[-73.95549,40.78732],[-73.95962,40.78167],[-73.95898,40.7814],[-73.95951,40.78068],[-73.96015,40.78095],[-73.96294,40.77713],[-73.9623,40.77686],[-73.96283,40.77614],[-73.96347,40.7764],[-73.96625,40.7726],[-73.96561,40.77233],[-73.96614,40.77161],[-73.96677,40.77188],[-73.97135,40.76561],[-73.97095,40.76545],[-73.97119,40.76513],[-73.97158,40.7653],[-73.97249,40.76405],[-73.97302,40.76428],[-73.94879,40.79749],[-73.94717,40.79681]]]]}},{"type":"Feature","properties":{"std_name":"Special Planned Community Preservation District","std_geoid":"PC","pen":"politicians","std_note":null},"geometry":{"type":"MultiPolygon","coordinates":[[[[-73.78085,40.7422],[-73.77597,40.74061],[-73.77572,40.74038],[-73.77529,40.73971],[-73.77816,40.73892],[-73.77645,40.73521],[-73.77863,40.73456],[-73.78495,40.7325],[-73.7881,40.73763],[-73.78826,40.73796],[-73.78784,40.73818],[-73.78799,40.7385],[-73.78765,40.73859],[-73.78782,40.73896],[-73.78739,40.73908],[-73.78766,40.73965],[-73.78809,40.73953],[-73.78836,40.7401],[-73.78657,40.7406],[-73.78647,40.74038],[-73.78544,40.74063],[-73.78528,40.74051],[-73.78457,40.74069],[-73.78478,40.74111],[-73.78299,40.7416],[-73.78283,40.74127],[-73.78238,40.74141],[-73.78251,40.74173],[-73.78085,40.7422]]],[[[-73.91164,40.74868],[-73.91185,40.74827],[-73.9129,40.74839],[-73.91281,40.74882],[-73.91164,40.74868]]],[[[-73.91351,40.7502],[-73.91374,40.74893],[-73.91329,40.74887],[-73.91338,40.74837],[-73.91385,40.74842],[-73.91382,40.74855],[-73.91428,40.74861],[-73.91443,40.74785],[-73.9149,40.7479],[-73.91511,40.74683],[-73.91604,40.74694],[-73.9161,40.74663],[-73.91703,40.74674],[-73.91709,40.74646],[-73.91616,40.74635],[-73.91662,40.74407],[-73.9171,40.74412],[-73.91721,40.74353],[-73.91802,40.74363],[-73.91745,40.7465],[-73.9208,40.74689],[-73.92034,40.74916],[-73.91858,40.74949],[-73.91645,40.74924],[-73.91637,40.74962],[-73.91553,40.74952],[-73.9154,40.75013],[-73.91362,40.75022],[-73.91351,40.7502]]],[[[-73.93487,40.82474],[-73.93636,40.82536],[-73.93631,40.82543],[-73.93846,40.82633],[-73.93655,40.82726],[-73.93517,40.82668],[-73.93524,40.82657],[-73.93498,40.82648],[-73.93487,40.82474]]],[[[-73.85517,40.84226],[-73.85468,40.84134],[-73.85363,40.84147],[-73.85348,40.84069],[-73.85405,40.84063],[-73.85396,40.84017],[-73.8542,40.84014],[-73.85478,40.83919],[-73.85446,40.83757],[-73.85539,40.83747],[-73.85513,40.83605],[-73.85594,40.83595],[-73.85555,40.83568],[-73.85808,40.83503],[-73.86004,40.8347],[-73.86102,40.8346],[-73.86087,40.8336],[-73.86108,40.8336],[-73.86129,40.83354],[-73.86161,40.83364],[-73.86173,40.83374],[-73.86203,40.83556],[-73.86262,40.83559],[-73.86343,40.8402],[-73.86268,40.84042],[-73.86356,40.84129],[-73.86088,40.84161],[-73.86078,40.84107],[-73.85771,40.84142],[-73.85782,40.84196],[-73.85517,40.84226]]]]}},{"type":"Feature","properties":{"std_name":"Special Scenic View District","std_geoid":"SV-1","pen":"politicians","std_note":null},"geometry":{"type":"Polygon","coordinates":[[[-74.00466,40.69216],[-74.00364,40.69373],[-73.9993,40.70069],[-73.99717,40.70294],[-73.99641,40.70332],[-73.99642,40.69992],[-73.99856,40.69541],[-74.00466,40.69216]]]}},{"type":"Feature","properties":{"std_name":"Special Sheepshead Bay District","std_geoid":"SB","pen":"politicians","std_note":null},"geometry":{"type":"Polygon","coordinates":[[[-73.93457,40.58461],[-73.93309,40.58467],[-73.93117,40.5849],[-73.93108,40.58438],[-73.93206,40.58427],[-73.93177,40.58266],[-73.94817,40.58314],[-73.94824,40.58351],[-73.95027,40.58329],[-73.95106,40.58463],[-73.94978,40.58456],[-73.94758,40.58466],[-73.94514,40.58484],[-73.94185,40.58523],[-73.94162,40.58436],[-73.94082,40.58439],[-73.94088,40.58473],[-73.93997,40.58489],[-73.93994,40.58477],[-73.93935,40.58423],[-73.9388,40.58425],[-73.93884,40.58447],[-73.93846,40.58448],[-73.93828,40.58427],[-73.93688,40.58433],[-73.93689,40.5844],[-73.93454,40.58446],[-73.93457,40.58461]]]}},{"type":"Feature","properties":{"std_name":"Special SoHo-NoHo Mixed Use District","std_geoid":"SNX","pen":"politicians","std_note":null},"geometry":{"type":"Polygon","coordinates":[[[-73.99147,40.72986],[-73.99177,40.72949],[-73.99087,40.72934],[-73.9911,40.72852],[-73.99179,40.72638],[-73.99229,40.72662],[-73.99273,40.72537],[-73.99448,40.72585],[-73.99487,40.72502],[-73.99528,40.72514],[-73.99616,40.72406],[-73.9955,40.72378],[-73.9957,40.72337],[-73.99647,40.72369],[-73.99667,40.72345],[-73.9971,40.72237],[-73.9982,40.72106],[-73.99763,40.72083],[-73.99854,40.71977],[-73.99816,40.71959],[-73.9984,40.719],[-73.99931,40.71755],[-74.00546,40.72193],[-74.00479,40.72362],[-74.00383,40.72345],[-74.00319,40.72421],[-74.00286,40.72404],[-74.00023,40.72718],[-73.99675,40.72546],[-73.99284,40.73008],[-73.99147,40.72986]]]}},{"type":"Feature","properties":{"std_name":"Special South Richmond Development District","std_geoid":"SRD","pen":"politicians","std_note":null},"geometry":{"type":"Polygon","coordinates":[[[-74.19078,40.57682],[-74.1899,40.57697],[-74.18945,40.57504],[-74.18929,40.57389],[-74.18847,40.57393],[-74.18841,40.57424],[-74.18828,40.57453],[-74.18808,40.57474],[-74.18782,40.57489],[-74.18735,40.57501],[-74.18686,40.57499],[-74.18654,40.57486],[-74.18626,40.57467],[-74.18608,40.57449],[-74.18574,40.57397],[-74.18529,40.57346],[-74.18481,40.5731],[-74.18409,40.57271],[-74.1806,40.57125],[-74.18017,40.57102],[-74.17984,40.57078],[-74.17931,40.5703],[-74.17893,40.56987],[-74.17867,40.56945],[-74.17842,40.56887],[-74.17828,40.56828],[-74.17813,40.56698],[-74.17765,40.56385],[-74.17697,40.56347],[-74.17651,40.56328],[-74.17507,40.56294],[-74.17437,40.56269],[-74.17137,40.56136],[-74.16958,40.56104],[-74.16689,40.56048],[-74.16582,40.56333],[-74.16559,40.56379],[-74.16516,40.56448],[-74.1638,40.56624],[-74.16347,40.56659],[-74.16302,40.5669],[-74.16249,40.56712],[-74.1556,40.56932],[-74.15296,40.56678],[-74.15195,40.56775],[-74.14796,40.57092],[-74.14721,40.57056],[-74.14639,40.57025],[-74.14574,40.57009],[-74.14502,40.56997],[-74.14131,40.56843],[-74.13687,40.56633],[-74.13561,40.56569],[-74.13486,40.56535],[-74.1324,40.56476],[-74.13168,40.56453],[-74.13118,40.56472],[-74.12828,40.56408],[-74.12786,40.56386],[-74.12859,40.56323],[-74.13029,40.56185],[-74.12982,40.56026],[-74.1292,40.55858],[-74.12869,40.5582],[-74.12729,40.55729],[-74.13042,40.55444],[-74.13178,40.5535],[-74.13441,40.55137],[-74.1349,40.55107],[-74.13602,40.55046],[-74.13754,40.54948],[-74.13796,40.54914],[-74.13864,40.54847],[-74.13703,40.54695],[-74.13577,40.54509],[-74.13656,40.54514],[-74.14108,40.54145],[-74.14027,40.53884],[-74.14336,40.52973],[-74.14532,40.52895],[-74.14637,40.52838],[-74.15268,40.52438],[-74.15947,40.52194],[-74.16765,40.51788],[-74.17135,40.51761],[-74.17245,40.5169],[-74.17491,40.51568],[-74.1773,40.51507],[-74.19252,40.50984],[-74.19429,40.50961],[-74.19937,40.51006],[-74.19967,40.51118],[-74.20024,40.51124],[-74.19994,40.51011],[-74.20128,40.51026],[-74.20308,40.51019],[-74.20475,40.50993],[-74.20647,40.50945],[-74.20813,40.50878],[-74.21667,40.50255],[-74.21886,40.50139],[-74.24197,40.49165],[-74.24335,40.49111],[-74.24574,40.49115],[-74.24761,40.49174],[-74.25008,40.49387],[-74.25147,40.49539],[-74.25582,40.50428],[-74.25617,40.50562],[-74.25605,40.50702],[-74.25458,40.51145],[-74.25383,40.51267],[-74.25368,40.51282],[-74.25319,40.5135],[-74.25088,40.51563],[-74.24998,40.51668],[-74.24742,40.51808],[-74.24446,40.52208],[-74.24442,40.52935],[-74.24685,40.53727],[-74.24822,40.54037],[-74.24802,40.54311],[-74.24632,40.54564],[-74.24078,40.55001],[-74.23262,40.55549],[-74.23007,40.55654],[-74.2283,40.55669],[-74.22717,40.55675],[-74.22581,40.55628],[-74.22198,40.55559],[-74.21982,40.55569],[-74.21626,40.55666],[-74.2132,40.55902],[-74.212,40.56167],[-74.21162,40.5638],[-74.2091,40.57025],[-74.20828,40.57331],[-74.20774,40.57595],[-74.20696,40.57893],[-74.20609,40.57923],[-74.20411,40.57982],[-74.20315,40.57986],[-74.19842,40.5791],[-74.19706,40.57885],[-74.19606,40.57854],[-74.19215,40.57693],[-74.19155,40.57681],[-74.19109,40.5768],[-74.19078,40.57682]]]}},{"type":"Feature","properties":{"std_name":"Special Southern Hunters Point District","std_geoid":"SHP","pen":"politicians","std_note":null},"geometry":{"type":"Polygon","coordinates":[[[-73.96096,40.74398],[-73.95845,40.7435],[-73.95935,40.74081],[-73.95735,40.74041],[-73.9577,40.73943],[-73.95787,40.73937],[-73.95972,40.73844],[-73.96077,40.73805],[-73.96389,40.73844],[-73.96277,40.74139],[-73.96096,40.74398]]]}},{"type":"Feature","properties":{"std_name":"Special Southern Roosevelt Island District","std_geoid":"SRI","pen":"politicians","std_note":null},"geometry":{"type":"Polygon","coordinates":[[[-73.95394,40.75567],[-73.95713,40.75278],[-73.95888,40.75373],[-73.95614,40.75679],[-73.95394,40.75567]]]}},{"type":"Feature","properties":{"std_name":"Special St. George District","std_geoid":"SG","pen":"politicians","std_note":null},"geometry":{"type":"Polygon","coordinates":[[[-74.08025,40.64478],[-74.07913,40.64503],[-74.07927,40.64563],[-74.07943,40.64598],[-74.08023,40.64644],[-74.07973,40.64695],[-74.08015,40.64715],[-74.08059,40.6473],[-74.08307,40.64786],[-74.08457,40.64829],[-74.08426,40.64934],[-74.07969,40.64937],[-74.07567,40.6481],[-74.0711,40.64477],[-74.0705,40.64297],[-74.07398,40.64236],[-74.07401,40.64117],[-74.07261,40.64117],[-74.07244,40.64057],[-74.06984,40.64097],[-74.06979,40.64064],[-74.07328,40.64033],[-74.07289,40.63782],[-74.07604,40.63753],[-74.07598,40.63776],[-74.0769,40.63775],[-74.07628,40.63654],[-74.07675,40.63639],[-74.07667,40.63622],[-74.0771,40.63609],[-74.07798,40.63786],[-74.07788,40.63809],[-74.07885,40.64199],[-74.0782,40.64211],[-74.08025,40.64478]]]}},{"type":"Feature","properties":{"std_name":"Special Stapleton Waterfront District","std_geoid":"SW","pen":"politicians","std_note":null},"geometry":{"type":"Polygon","coordinates":[[[-74.06744,40.62598],[-74.06662,40.62384],[-74.06507,40.62136],[-74.06455,40.62065],[-74.06755,40.61823],[-74.06907,40.61933],[-74.07087,40.62051],[-74.07022,40.62103],[-74.07125,40.62224],[-74.07195,40.62323],[-74.07226,40.62312],[-74.07354,40.62445],[-74.0736,40.62443],[-74.07404,40.62502],[-74.07471,40.62606],[-74.0748,40.62626],[-74.07493,40.62666],[-74.07515,40.6285],[-74.07524,40.62947],[-74.07526,40.63033],[-74.07521,40.63081],[-74.0751,40.63122],[-74.0749,40.63171],[-74.07448,40.63252],[-74.07426,40.63317],[-74.07423,40.63356],[-74.07438,40.63461],[-74.06891,40.63516],[-74.06744,40.62598]]]}},{"type":"Feature","properties":{"std_name":"Special Transit Land Use District","std_geoid":"TA","pen":"politicians","std_note":null},"geometry":{"type":"MultiPolygon","coordinates":[[[[-73.94158,40.8066],[-73.93931,40.80565],[-73.93908,40.80596],[-73.93486,40.80417],[-73.93584,40.80283],[-73.94189,40.80538],[-73.94166,40.8057],[-73.94251,40.80606],[-73.94176,40.80708],[-73.94135,40.80691],[-73.94158,40.8066]]],[[[-73.99773,40.71415],[-73.99742,40.7139],[-73.99721,40.71315],[-73.99799,40.71309],[-73.99789,40.71272],[-73.99894,40.71255],[-73.99896,40.71337],[-73.99937,40.71328],[-73.99923,40.71366],[-73.99948,40.71378],[-73.99949,40.71401],[-73.99873,40.71406],[-73.99871,40.71395],[-73.99787,40.7143],[-73.99773,40.71415]]],[[[-73.99306,40.7183],[-73.99341,40.71761],[-73.99439,40.71791],[-73.99404,40.7186],[-73.99306,40.7183]]],[[[-73.99026,40.72395],[-73.99061,40.72296],[-73.99184,40.72333],[-73.99154,40.72399],[-73.99139,40.72443],[-73.99026,40.72395]]],[[[-73.98494,40.73315],[-73.98403,40.73278],[-73.98422,40.73252],[-73.98406,40.73246],[-73.9846,40.73172],[-73.98475,40.73179],[-73.98522,40.73115],[-73.98613,40.73153],[-73.98566,40.73217],[-73.98582,40.73224],[-73.98528,40.73297],[-73.98512,40.7329],[-73.98494,40.73315]]],[[[-73.98093,40.73868],[-73.98,40.73829],[-73.98018,40.73805],[-73.98002,40.73798],[-73.98054,40.73727],[-73.98179,40.73779],[-73.98127,40.7385],[-73.98111,40.73844],[-73.98093,40.73868]]],[[[-73.97838,40.74052],[-73.97905,40.7396],[-73.97998,40.73999],[-73.97931,40.74091],[-73.97838,40.74052]]],[[[-73.97591,40.74558],[-73.97487,40.74514],[-73.97573,40.74394],[-73.97678,40.74437],[-73.97661,40.74462],[-73.97677,40.74468],[-73.97624,40.7454],[-73.97609,40.74533],[-73.97591,40.74558]]],[[[-73.97335,40.74741],[-73.97398,40.74655],[-73.97491,40.74695],[-73.97429,40.74781],[-73.97335,40.74741]]],[[[-73.96875,40.75374],[-73.972,40.74928],[-73.97309,40.74973],[-73.97257,40.75045],[-73.97241,40.75038],[-73.97059,40.75288],[-73.97075,40.75295],[-73.97029,40.75358],[-73.97013,40.75351],[-73.96968,40.75414],[-73.96875,40.75374]]],[[[-73.96293,40.76157],[-73.9638,40.76038],[-73.96356,40.76028],[-73.96477,40.75862],[-73.96509,40.75875],[-73.96691,40.75625],[-73.97009,40.75759],[-73.96963,40.75821],[-73.96737,40.75726],[-73.96602,40.75914],[-73.96617,40.75921],[-73.96565,40.75993],[-73.96549,40.75986],[-73.96504,40.76049],[-73.9652,40.76056],[-73.96497,40.76087],[-73.96492,40.76085],[-73.96403,40.76203],[-73.96293,40.76157]]],[[[-73.95882,40.7672],[-73.95946,40.76632],[-73.96055,40.76678],[-73.95991,40.76766],[-73.95882,40.7672]]],[[[-73.95846,40.76964],[-73.95738,40.76918],[-73.95756,40.76893],[-73.95748,40.7689],[-73.95801,40.76817],[-73.95809,40.76821],[-73.95827,40.76795],[-73.95936,40.76842],[-73.95917,40.76867],[-73.95925,40.7687],[-73.95872,40.76943],[-73.95864,40.7694],[-73.95846,40.76964]]],[[[-73.95221,40.77626],[-73.95331,40.77476],[-73.95439,40.77521],[-73.9533,40.77672],[-73.95221,40.77626]]],[[[-73.95094,40.778],[-73.9517,40.77696],[-73.95279,40.77743],[-73.95203,40.77846],[-73.95094,40.778]]],[[[-73.94711,40.78505],[-73.94601,40.78459],[-73.94672,40.78363],[-73.9468,40.78366],[-73.9479,40.78216],[-73.949,40.78262],[-73.94789,40.78412],[-73.94797,40.78416],[-73.94745,40.78487],[-73.94729,40.78481],[-73.94711,40.78505]]],[[[-73.93986,40.7933],[-73.94194,40.79042],[-73.94199,40.79044],[-73.94271,40.78945],[-73.94362,40.78983],[-73.94081,40.7937],[-73.93986,40.7933]]],[[[-73.9364,40.79978],[-73.93585,40.79954],[-73.93581,40.79959],[-73.9354,40.79942],[-73.93806,40.79576],[-73.939,40.79616],[-73.93683,40.79913],[-73.93686,40.79915],[-73.9364,40.79978]]]]}},{"type":"Feature","properties":{"std_name":"Special Tribeca Mixed Use District","std_geoid":"TMU","pen":"politicians","std_note":null},"geometry":{"type":"Polygon","coordinates":[[[-74.00616,40.72244],[-74.00188,40.7194],[-74.00254,40.71863],[-74.00519,40.71984],[-74.00517,40.719],[-74.00547,40.71914],[-74.0064,40.71796],[-74.00705,40.71827],[-74.00725,40.71802],[-74.00696,40.71789],[-74.00701,40.71783],[-74.00677,40.71772],[-74.00701,40.71742],[-74.0069,40.71737],[-74.00815,40.71571],[-74.00647,40.71494],[-74.00781,40.71334],[-74.01134,40.71494],[-74.01053,40.71811],[-74.00995,40.72145],[-74.01176,40.72162],[-74.01103,40.72515],[-74.00986,40.72502],[-74.00794,40.72365],[-74.00812,40.72263],[-74.00616,40.72244]]]}},{"type":"Feature","properties":{"std_name":"Special Union Square District","std_geoid":"US","pen":"politicians","std_note":null},"geometry":{"type":"Polygon","coordinates":[[[-73.98829,40.73465],[-73.98904,40.73359],[-73.99242,40.73502],[-73.99073,40.7373],[-73.99065,40.73766],[-73.98836,40.73667],[-73.989,40.73579],[-73.98897,40.73578],[-73.98944,40.73515],[-73.98829,40.73465]]]}},{"type":"Feature","properties":{"std_name":"Special United Nations Development District","std_geoid":"U","pen":"politicians","std_note":null},"geometry":{"type":"MultiPolygon","coordinates":[[[[-73.96882,40.75051],[-73.969,40.75026],[-73.97004,40.7507],[-73.96968,40.75119],[-73.96904,40.75092],[-73.96917,40.75074],[-73.96909,40.7507],[-73.96913,40.75064],[-73.96882,40.75051]]],[[[-73.96911,40.75011],[-73.96946,40.74964],[-73.9697,40.74973],[-73.96956,40.74991],[-73.96964,40.74995],[-73.9696,40.75001],[-73.97032,40.75031],[-73.97014,40.75055],[-73.96911,40.75011]]]]}},{"type":"Feature","properties":{"std_name":"Special West Chelsea District","std_geoid":"WCh","pen":"politicians","std_note":null},"geometry":{"type":"Polygon","coordinates":[[[-74.00638,40.74465],[-74.00496,40.74405],[-74.00538,40.74346],[-74.0053,40.74343],[-74.00573,40.74284],[-74.00442,40.74228],[-74.0051,40.74131],[-74.00675,40.74201],[-74.00703,40.74164],[-74.00821,40.74213],[-74.00681,40.74406],[-74.00825,40.74467],[-74.0076,40.7481],[-74.00563,40.75079],[-74.00779,40.7517],[-74.00727,40.75309],[-74.00473,40.75203],[-74.00383,40.75326],[-74.00098,40.75207],[-74.00638,40.74465]]]}},{"type":"Feature","properties":{"std_name":"Special Willets Point District","std_geoid":"WP","pen":"politicians","std_note":null},"geometry":{"type":"Polygon","coordinates":[[[-73.84179,40.75576],[-73.84322,40.75534],[-73.84587,40.7605],[-73.84455,40.76129],[-73.84372,40.76174],[-73.84283,40.76208],[-73.84221,40.76224],[-73.8411,40.76242],[-73.83992,40.76247],[-73.83962,40.76212],[-73.83931,40.7616],[-73.83915,40.76118],[-73.83905,40.76077],[-73.83947,40.76062],[-73.84179,40.75576]]]}}]}