{"type":"FeatureCollection","features":[{"type":"Feature","properties":{"std_name":"Long Island City Partnership","std_geoid":"0","pen":"politicians","std_note":null},"geometry":{"type":"MultiPolygon","coordinates":[[[[-73.94288,40.73975],[-73.94304,40.73924],[-73.94516,40.73965],[-73.94498,40.74015],[-73.94288,40.73975]]],[[[-73.93556,40.74002],[-73.9356,40.73982],[-73.93631,40.74001],[-73.93626,40.74024],[-73.93556,40.74002]]],[[[-73.93646,40.74028],[-73.93651,40.74005],[-73.93721,40.74024],[-73.93719,40.74037],[-73.93646,40.74028]]],[[[-73.95116,40.74058],[-73.94326,40.73902],[-73.94391,40.73884],[-73.94396,40.73878],[-73.94524,40.73836],[-73.9452,40.73847],[-73.94647,40.73865],[-73.94645,40.7387],[-73.94721,40.73886],[-73.94807,40.7391],[-73.95013,40.73978],[-73.95125,40.74029],[-73.95116,40.74058]]],[[[-73.94519,40.74019],[-73.94537,40.73967],[-73.94748,40.74008],[-73.94732,40.7406],[-73.94519,40.74019]]],[[[-73.94475,40.74084],[-73.94315,40.74052],[-73.94265,40.74043],[-73.94279,40.74002],[-73.94435,40.74066],[-73.94442,40.74046],[-73.94339,40.74003],[-73.9434,40.74],[-73.94493,40.74031],[-73.94475,40.74084]]],[[[-73.93351,40.74083],[-73.9337,40.73984],[-73.93401,40.73988],[-73.93408,40.73954],[-73.93441,40.73969],[-73.93417,40.74091],[-73.93351,40.74083]]],[[[-73.93448,40.74095],[-73.9347,40.73984],[-73.93533,40.74012],[-73.93515,40.74102],[-73.93448,40.74095]]],[[[-73.9475,40.74064],[-73.94768,40.74012],[-73.94975,40.74052],[-73.94958,40.74103],[-73.9475,40.74064]]],[[[-73.94088,40.7408],[-73.94104,40.74054],[-73.94231,40.74079],[-73.94222,40.74106],[-73.94088,40.7408]]],[[[-73.94503,40.74065],[-73.94515,40.74032],[-73.94727,40.74075],[-73.94717,40.7411],[-73.94545,40.74076],[-73.94503,40.74065]]],[[[-73.94984,40.74108],[-73.95002,40.74056],[-73.95088,40.74073],[-73.95046,40.74093],[-73.95045,40.74097],[-73.95028,40.74107],[-73.95006,40.74113],[-73.94984,40.74108]]],[[[-73.93536,40.74105],[-73.93553,40.7402],[-73.93622,40.7404],[-73.93608,40.74113],[-73.93536,40.74105]]],[[[-73.93629,40.74115],[-73.93643,40.74045],[-73.93715,40.74053],[-73.93701,40.74123],[-73.93629,40.74115]]],[[[-73.93719,40.74126],[-73.93733,40.74055],[-73.93808,40.74061],[-73.93793,40.74134],[-73.93719,40.74126]]],[[[-73.94243,40.74109],[-73.9426,40.74059],[-73.9447,40.74099],[-73.94453,40.7415],[-73.94243,40.74109]]],[[[-73.95448,40.74199],[-73.95466,40.74147],[-73.95473,40.74148],[-73.95467,40.74166],[-73.95495,40.74172],[-73.95491,40.74186],[-73.95484,40.74184],[-73.95477,40.74204],[-73.95448,40.74199]]],[[[-73.95242,40.74233],[-73.95251,40.74206],[-73.95259,40.74208],[-73.95309,40.742],[-73.95313,40.74189],[-73.95348,40.74195],[-73.95267,40.74237],[-73.95242,40.74233]]],[[[-73.94914,40.7424],[-73.94829,40.74224],[-73.94808,40.7423],[-73.94698,40.7421],[-73.9472,40.74203],[-73.94474,40.74155],[-73.94492,40.74103],[-73.94722,40.74148],[-73.94725,40.74139],[-73.94797,40.74153],[-73.94805,40.74126],[-73.94734,40.74112],[-73.94744,40.74079],[-73.95013,40.7413],[-73.94994,40.74138],[-73.94966,40.74143],[-73.94945,40.74156],[-73.94935,40.74171],[-73.94914,40.7424]]],[[[-73.95311,40.74245],[-73.95392,40.74204],[-73.95402,40.74206],[-73.95384,40.74259],[-73.95311,40.74245]]],[[[-73.95426,40.74268],[-73.95443,40.74213],[-73.95479,40.7422],[-73.95461,40.74275],[-73.95426,40.74268]]],[[[-73.93314,40.74267],[-73.93346,40.74104],[-73.93411,40.74112],[-73.93379,40.74275],[-73.93314,40.74267]]],[[[-73.95174,40.74265],[-73.95177,40.74257],[-73.95181,40.74262],[-73.95187,40.74257],[-73.95197,40.74255],[-73.95202,40.74241],[-73.95224,40.74246],[-73.95229,40.74251],[-73.95227,40.74257],[-73.95186,40.74278],[-73.95174,40.74265]]],[[[-73.93412,40.74279],[-73.93445,40.74115],[-73.93511,40.74122],[-73.93478,40.74287],[-73.93412,40.74279]]],[[[-73.94193,40.7417],[-73.94236,40.74129],[-73.94249,40.74132],[-73.94338,40.74258],[-73.94339,40.7427],[-73.94331,40.74277],[-73.94282,40.74296],[-73.94193,40.7417]]],[[[-73.93498,40.74289],[-73.93531,40.74124],[-73.93605,40.74133],[-73.93571,40.74298],[-73.93498,40.74289]]],[[[-73.93592,40.74299],[-73.93625,40.74136],[-73.93697,40.74144],[-73.93664,40.74308],[-73.93592,40.74299]]],[[[-73.93685,40.74311],[-73.93718,40.74146],[-73.93789,40.74155],[-73.93757,40.74319],[-73.93685,40.74311]]],[[[-73.95114,40.74322],[-73.95144,40.74229],[-73.95175,40.74235],[-73.95165,40.74269],[-73.95167,40.74277],[-73.95179,40.74289],[-73.95114,40.74322]]],[[[-73.94354,40.7425],[-73.94278,40.74138],[-73.9461,40.74202],[-73.94302,40.74325],[-73.94291,40.7431],[-73.94351,40.74283],[-73.94359,40.74267],[-73.94354,40.7425]]],[[[-73.95307,40.74287],[-73.95289,40.74286],[-73.95268,40.74291],[-73.95262,40.74311],[-73.95206,40.743],[-73.95288,40.74257],[-73.95394,40.74278],[-73.95376,40.74333],[-73.95331,40.74324],[-73.9534,40.74296],[-73.95307,40.7429],[-73.95307,40.74287]]],[[[-73.95402,40.74337],[-73.9542,40.74282],[-73.95456,40.74289],[-73.95438,40.74344],[-73.95402,40.74337]]],[[[-73.94037,40.74356],[-73.93776,40.74323],[-73.93827,40.74063],[-73.93943,40.74073],[-73.94022,40.74089],[-73.93913,40.74264],[-73.93864,40.74255],[-73.93856,40.74297],[-73.93999,40.74325],[-73.94015,40.74283],[-73.93965,40.74273],[-73.94074,40.74099],[-73.94216,40.74127],[-73.94052,40.74284],[-73.94037,40.74356]]],[[[-73.94129,40.74232],[-73.9418,40.74183],[-73.94284,40.74334],[-73.94218,40.7436],[-73.94129,40.74232]]],[[[-73.94071,40.74289],[-73.94111,40.74249],[-73.94192,40.74368],[-73.94058,40.74353],[-73.94071,40.74289]]],[[[-73.95354,40.74401],[-73.95143,40.74361],[-73.95152,40.74328],[-73.95186,40.74311],[-73.95196,40.74313],[-73.95187,40.7434],[-73.95236,40.7435],[-73.95334,40.74369],[-73.95343,40.74341],[-73.95372,40.74347],[-73.95354,40.74401]]],[[[-73.95001,40.74407],[-73.95082,40.74365],[-73.95104,40.74369],[-73.95095,40.74396],[-73.95052,40.74401],[-73.95047,40.74416],[-73.95001,40.74407]]],[[[-73.94044,40.74427],[-73.94054,40.74375],[-73.94152,40.74385],[-73.94044,40.74427]]],[[[-73.92998,40.74419],[-73.93031,40.74255],[-73.93103,40.74264],[-73.9307,40.74428],[-73.92998,40.74419]]],[[[-73.93091,40.7443],[-73.93097,40.74403],[-73.93169,40.74412],[-73.93163,40.74439],[-73.93091,40.7443]]],[[[-73.94874,40.74441],[-73.94887,40.74401],[-73.94933,40.74409],[-73.94874,40.74441]]],[[[-73.9538,40.74404],[-73.95397,40.74351],[-73.95433,40.74358],[-73.95423,40.74386],[-73.95599,40.7442],[-73.95591,40.74445],[-73.9538,40.74404]]],[[[-73.93184,40.74441],[-73.93188,40.74421],[-73.9326,40.74429],[-73.93256,40.74449],[-73.93184,40.74441]]],[[[-73.93276,40.74452],[-73.93309,40.74287],[-73.93375,40.74295],[-73.93341,40.74459],[-73.93276,40.74452]]],[[[-73.93938,40.74462],[-73.93958,40.74362],[-73.94033,40.7437],[-73.94023,40.74434],[-73.93938,40.74462]]],[[[-73.95295,40.74463],[-73.95313,40.74409],[-73.95349,40.74416],[-73.95331,40.7447],[-73.95295,40.74463]]],[[[-73.93374,40.74463],[-73.93406,40.74299],[-73.93474,40.74307],[-73.93442,40.74472],[-73.93374,40.74463]]],[[[-73.9495,40.74453],[-73.9494,40.74454],[-73.94932,40.74458],[-73.9493,40.74456],[-73.94927,40.74466],[-73.94898,40.7446],[-73.94978,40.74419],[-73.94997,40.74422],[-73.94988,40.74449],[-73.95006,40.74452],[-73.94997,40.74479],[-73.94945,40.74469],[-73.9495,40.74453]]],[[[-73.95356,40.74475],[-73.95374,40.74421],[-73.9541,40.74428],[-73.95391,40.74482],[-73.95356,40.74475]]],[[[-73.93462,40.74474],[-73.93495,40.74309],[-73.93567,40.74317],[-73.93534,40.74483],[-73.93462,40.74474]]],[[[-73.93555,40.74485],[-73.93588,40.74321],[-73.9366,40.74329],[-73.93627,40.74494],[-73.93555,40.74485]]],[[[-73.93837,40.74494],[-73.93866,40.74351],[-73.93939,40.7436],[-73.93917,40.74468],[-73.93837,40.74494]]],[[[-73.93648,40.74495],[-73.9368,40.74331],[-73.93753,40.7434],[-73.9372,40.74503],[-73.93648,40.74495]]],[[[-73.94861,40.7448],[-73.94875,40.74472],[-73.94904,40.74478],[-73.94895,40.74505],[-73.94855,40.74497],[-73.94861,40.7448]]],[[[-73.93739,40.74507],[-73.93772,40.74342],[-73.93844,40.7435],[-73.93818,40.74501],[-73.93782,40.74513],[-73.93739,40.74507]]],[[[-73.9478,40.74511],[-73.94827,40.74492],[-73.94819,40.74518],[-73.9478,40.74511]]],[[[-73.93075,40.74512],[-73.9308,40.74485],[-73.93152,40.74493],[-73.93147,40.7452],[-73.93075,40.74512]]],[[[-73.95272,40.74533],[-73.9529,40.74478],[-73.95326,40.74485],[-73.95308,40.74539],[-73.95272,40.74533]]],[[[-73.95333,40.74544],[-73.95351,40.7449],[-73.95386,40.74497],[-73.95368,40.74551],[-73.95333,40.74544]]],[[[-73.9469,40.74548],[-73.94754,40.74522],[-73.94764,40.74524],[-73.94746,40.74577],[-73.94684,40.74565],[-73.9469,40.74548]]],[[[-73.93365,40.74512],[-73.9337,40.7449],[-73.93713,40.74529],[-73.93451,40.74593],[-73.93365,40.74512]]],[[[-73.94471,40.74574],[-73.94536,40.74548],[-73.94553,40.74573],[-73.94488,40.74598],[-73.94471,40.74574]]],[[[-73.9524,40.74571],[-73.95249,40.74544],[-73.95302,40.74554],[-73.95284,40.74608],[-73.95258,40.74603],[-73.95262,40.7459],[-73.95253,40.74588],[-73.95258,40.74574],[-73.9524,40.74571]]],[[[-73.93168,40.74522],[-73.93173,40.74495],[-73.93245,40.74503],[-73.93223,40.74612],[-73.93188,40.74608],[-73.93205,40.74526],[-73.93168,40.74522]]],[[[-73.9334,40.74614],[-73.93354,40.74541],[-73.93414,40.74599],[-73.9334,40.74614]]],[[[-73.9296,40.7461],[-73.92987,40.74473],[-73.93061,40.74482],[-73.93033,40.74618],[-73.9296,40.7461]]],[[[-73.9531,40.74613],[-73.95327,40.74559],[-73.95363,40.74566],[-73.95345,40.7462],[-73.9531,40.74613]]],[[[-73.94261,40.7462],[-73.94072,40.74577],[-73.9405,40.74588],[-73.94005,40.74578],[-73.94177,40.74488],[-73.94286,40.74439],[-73.94677,40.74279],[-73.94797,40.74239],[-73.94802,40.7424],[-73.94799,40.74248],[-73.94904,40.74266],[-73.94906,40.7426],[-73.94919,40.74262],[-73.94915,40.74275],[-73.94984,40.74299],[-73.95043,40.74312],[-73.95052,40.74288],[-73.95104,40.74299],[-73.95099,40.74323],[-73.94956,40.74398],[-73.94892,40.74386],[-73.94906,40.74344],[-73.94876,40.74351],[-73.94839,40.74459],[-73.94821,40.74466],[-73.94791,40.74423],[-73.9477,40.74431],[-73.94799,40.74475],[-73.94655,40.74532],[-73.94567,40.74404],[-73.94541,40.74397],[-73.94511,40.74395],[-73.94494,40.74397],[-73.94463,40.74408],[-73.94457,40.744],[-73.94299,40.74476],[-73.94194,40.74522],[-73.94261,40.7462]]],[[[-73.94568,40.74617],[-73.94576,40.74593],[-73.9463,40.74571],[-73.94706,40.74586],[-73.94697,40.74613],[-73.94636,40.74601],[-73.94609,40.74604],[-73.946,40.74602],[-73.94598,40.74608],[-73.94591,40.74607],[-73.94586,40.74621],[-73.94568,40.74617]]],[[[-73.94347,40.74546],[-73.94412,40.7452],[-73.9447,40.74605],[-73.94406,40.74631],[-73.94347,40.74546]]],[[[-73.9324,40.74634],[-73.93266,40.74506],[-73.93324,40.74512],[-73.93336,40.74524],[-73.93317,40.74618],[-73.9324,40.74634]]],[[[-73.94256,40.74578],[-73.94321,40.74552],[-73.94383,40.74642],[-73.94373,40.74646],[-73.94289,40.74626],[-73.94256,40.74578]]],[[[-73.93042,40.74674],[-73.93049,40.74641],[-73.93121,40.7465],[-73.93119,40.74659],[-73.93042,40.74674]]],[[[-73.95138,40.74654],[-73.95147,40.74626],[-73.95174,40.74631],[-73.95182,40.74605],[-73.952,40.74608],[-73.95191,40.74635],[-73.95209,40.74638],[-73.95218,40.74612],[-73.95235,40.74615],[-73.95226,40.74643],[-73.95234,40.74644],[-73.95243,40.74617],[-73.95279,40.74623],[-73.95261,40.74677],[-73.95138,40.74654]]],[[[-73.94437,40.74648],[-73.94506,40.74621],[-73.94538,40.74627],[-73.9452,40.74682],[-73.94432,40.74666],[-73.94437,40.74648]]],[[[-73.95286,40.74682],[-73.95305,40.74629],[-73.9534,40.74635],[-73.95321,40.74689],[-73.95286,40.74682]]],[[[-73.94546,40.74687],[-73.94564,40.74633],[-73.94577,40.74635],[-73.94569,40.74657],[-73.94589,40.7466],[-73.94578,40.74693],[-73.94546,40.74687]]],[[[-73.94246,40.74695],[-73.94205,40.74634],[-73.94284,40.74652],[-73.94299,40.74674],[-73.94246,40.74695]]],[[[-73.92943,40.74694],[-73.92956,40.7463],[-73.93029,40.74639],[-73.93021,40.74678],[-73.92943,40.74694]]],[[[-73.94149,40.74732],[-73.94071,40.74604],[-73.94159,40.74624],[-73.94216,40.74708],[-73.94149,40.74732]]],[[[-73.95127,40.74701],[-73.95137,40.7467],[-73.95254,40.74693],[-73.95236,40.74746],[-73.95134,40.74726],[-73.95142,40.74704],[-73.95127,40.74701]]],[[[-73.94307,40.747],[-73.9438,40.74671],[-73.94516,40.74697],[-73.94497,40.74751],[-73.94302,40.74714],[-73.94307,40.747]]],[[[-73.9398,40.74627],[-73.94035,40.74596],[-73.94044,40.74598],[-73.9413,40.74739],[-73.94065,40.74762],[-73.9398,40.74627]]],[[[-73.93907,40.74675],[-73.93935,40.74656],[-73.93939,40.74661],[-73.93972,40.74649],[-73.94046,40.74769],[-73.9398,40.74792],[-73.93907,40.74675]]],[[[-73.94521,40.74756],[-73.9454,40.74702],[-73.9456,40.74706],[-73.94551,40.74733],[-73.94735,40.74768],[-73.94726,40.74796],[-73.94521,40.74756]]],[[[-73.94143,40.7476],[-73.94235,40.74727],[-73.94276,40.74735],[-73.94297,40.74767],[-73.94175,40.74812],[-73.94143,40.7476]]],[[[-73.95074,40.74789],[-73.95092,40.74735],[-73.95233,40.74762],[-73.95215,40.74816],[-73.95074,40.74789]]],[[[-73.93835,40.74726],[-73.93891,40.74687],[-73.93961,40.74799],[-73.93895,40.74823],[-73.93835,40.74726]]],[[[-73.94339,40.7477],[-73.94381,40.74755],[-73.9449,40.74776],[-73.9447,40.7483],[-73.94311,40.74799],[-73.94339,40.7477]]],[[[-73.94946,40.74838],[-73.94754,40.748],[-73.94756,40.74794],[-73.94774,40.74798],[-73.94781,40.74777],[-73.94934,40.74807],[-73.94943,40.7478],[-73.94964,40.74784],[-73.94946,40.74838]]],[[[-73.94496,40.74836],[-73.94514,40.74781],[-73.94718,40.74821],[-73.94716,40.74828],[-73.94689,40.74823],[-73.94682,40.7484],[-73.94663,40.74836],[-73.94662,40.74838],[-73.94545,40.74816],[-73.94536,40.74843],[-73.94496,40.74836]]],[[[-73.95231,40.74843],[-73.95281,40.74698],[-73.95352,40.74711],[-73.95331,40.74773],[-73.95315,40.7477],[-73.9531,40.7478],[-73.95299,40.74812],[-73.95309,40.74814],[-73.9529,40.74867],[-73.95231,40.74856],[-73.95231,40.74843]]],[[[-73.94184,40.74826],[-73.94246,40.74804],[-73.94271,40.74809],[-73.94213,40.74872],[-73.94184,40.74826]]],[[[-73.93691,40.74827],[-73.93819,40.74738],[-73.93875,40.74829],[-73.93743,40.74877],[-73.93691,40.74827]]],[[[-73.95163,40.7488],[-73.9498,40.74845],[-73.9499,40.74818],[-73.95113,40.74841],[-73.95122,40.74814],[-73.95138,40.74818],[-73.95129,40.74844],[-73.95148,40.74848],[-73.95158,40.74845],[-73.95166,40.74823],[-73.95206,40.74831],[-73.95163,40.7488]]],[[[-73.93937,40.74834],[-73.94118,40.74769],[-73.9415,40.7482],[-73.93969,40.74885],[-73.93937,40.74834]]],[[[-73.95232,40.74894],[-73.95231,40.74863],[-73.95287,40.74874],[-73.95279,40.74903],[-73.95232,40.74894]]],[[[-73.94445,40.74899],[-73.94488,40.7485],[-73.94533,40.74859],[-73.94516,40.74913],[-73.94445,40.74899]]],[[[-73.9423,40.74888],[-73.94299,40.74813],[-73.94371,40.74827],[-73.94292,40.74918],[-73.9423,40.74888]]],[[[-73.9489,40.74883],[-73.9482,40.74869],[-73.94811,40.74897],[-73.94726,40.7488],[-73.94745,40.74825],[-73.9495,40.74864],[-73.94932,40.7492],[-73.94884,40.74911],[-73.94891,40.74891],[-73.94888,40.7489],[-73.9489,40.74883]]],[[[-73.93997,40.74893],[-73.94126,40.74846],[-73.94129,40.74848],[-73.9405,40.74933],[-73.9399,40.74901],[-73.93997,40.74893]]],[[[-73.94956,40.74924],[-73.94975,40.7487],[-73.95144,40.74902],[-73.951,40.74952],[-73.94956,40.74924]]],[[[-73.9431,40.74927],[-73.94393,40.74831],[-73.94465,40.74844],[-73.94366,40.74955],[-73.9431,40.74927]]],[[[-73.9354,40.74932],[-73.93666,40.74844],[-73.93712,40.74889],[-73.93664,40.74905],[-73.93601,40.74962],[-73.9354,40.74932]]],[[[-73.95123,40.74956],[-73.95165,40.74907],[-73.95208,40.74915],[-73.95209,40.74957],[-73.95197,40.74971],[-73.95123,40.74956]]],[[[-73.94067,40.74941],[-73.94163,40.74838],[-73.94197,40.74892],[-73.94123,40.74972],[-73.94067,40.74941]]],[[[-73.93803,40.74932],[-73.93776,40.7489],[-73.93914,40.74841],[-73.93944,40.74891],[-73.93939,40.74893],[-73.93946,40.74905],[-73.93941,40.7491],[-73.93948,40.74911],[-73.93892,40.74972],[-73.93803,40.74932]]],[[[-73.94388,40.74965],[-73.94433,40.74914],[-73.94492,40.74925],[-73.94436,40.74989],[-73.94388,40.74965]]],[[[-73.94745,40.74957],[-73.94753,40.7493],[-73.94745,40.74929],[-73.94734,40.74932],[-73.9471,40.7492],[-73.9472,40.74902],[-73.94751,40.74908],[-73.94753,40.74901],[-73.94823,40.74915],[-73.94814,40.74942],[-73.94884,40.74956],[-73.94893,40.74928],[-73.94927,40.74935],[-73.94909,40.74989],[-73.94745,40.74957]]],[[[-73.93915,40.74981],[-73.9398,40.74911],[-73.9404,40.74943],[-73.9398,40.75009],[-73.93915,40.74981]]],[[[-73.94143,40.74982],[-73.94217,40.74901],[-73.94279,40.74932],[-73.94203,40.75014],[-73.94143,40.74982]]],[[[-73.94933,40.74995],[-73.94952,40.74939],[-73.95089,40.74966],[-73.95045,40.75017],[-73.94933,40.74995]]],[[[-73.95067,40.75021],[-73.95111,40.7497],[-73.95186,40.74984],[-73.95141,40.75036],[-73.95067,40.75021]]],[[[-73.94749,40.74999],[-73.94767,40.74978],[-73.94842,40.74992],[-73.94798,40.75042],[-73.94749,40.74999]]],[[[-73.93998,40.75017],[-73.94057,40.74953],[-73.94113,40.74982],[-73.94058,40.75043],[-73.93998,40.75017]]],[[[-73.95162,40.7504],[-73.95206,40.74988],[-73.95211,40.74989],[-73.95213,40.75049],[-73.95162,40.7504]]],[[[-73.94221,40.75023],[-73.94297,40.74941],[-73.94354,40.7497],[-73.94277,40.75053],[-73.94221,40.75023]]],[[[-73.93824,40.75053],[-73.938,40.7504],[-73.93798,40.75042],[-73.93793,40.75039],[-73.93781,40.75052],[-73.9375,40.75036],[-73.93781,40.75001],[-73.93846,40.7503],[-73.93824,40.75053]]],[[[-73.94817,40.7505],[-73.94864,40.74997],[-73.94904,40.75004],[-73.94897,40.75024],[-73.94864,40.75018],[-73.94857,40.75038],[-73.94861,40.75039],[-73.94859,40.75044],[-73.94854,40.75042],[-73.94836,40.75063],[-73.94817,40.7505]]],[[[-73.94078,40.75052],[-73.94133,40.74993],[-73.94194,40.75025],[-73.94143,40.7508],[-73.94078,40.75052]]],[[[-73.93672,40.75087],[-73.93681,40.75006],[-73.93743,40.74984],[-73.93765,40.74993],[-73.93728,40.75034],[-73.93706,40.75022],[-73.937,40.75035],[-73.93718,40.75045],[-73.93677,40.7509],[-73.93672,40.75087]]],[[[-73.94161,40.75088],[-73.94211,40.75034],[-73.94267,40.75064],[-73.94221,40.75115],[-73.94161,40.75088]]],[[[-73.93915,40.75107],[-73.93947,40.75072],[-73.94011,40.751],[-73.9399,40.75122],[-73.93915,40.75107]]],[[[-73.93791,40.75117],[-73.93865,40.75036],[-73.93929,40.75064],[-73.93852,40.75149],[-73.93791,40.75117]]],[[[-73.94244,40.75123],[-73.94374,40.74981],[-73.94405,40.74996],[-73.94375,40.75029],[-73.94406,40.75044],[-73.94308,40.75151],[-73.94244,40.75123]],[[-73.94366,40.75039],[-73.94369,40.75035],[-73.94353,40.75041],[-73.94366,40.75039]]],[[[-73.94012,40.75126],[-73.94029,40.75107],[-73.94093,40.75136],[-73.94078,40.75152],[-73.94048,40.75135],[-73.94049,40.75133],[-73.94012,40.75126]]],[[[-73.94038,40.75096],[-73.94067,40.75065],[-73.9421,40.75127],[-73.94181,40.75158],[-73.94038,40.75096]]],[[[-73.93497,40.751],[-73.93627,40.7498],[-73.9366,40.74998],[-73.93648,40.75119],[-73.9361,40.7516],[-73.93497,40.751]]],[[[-73.9345,40.74997],[-73.93529,40.74945],[-73.93588,40.74974],[-73.93447,40.75102],[-73.93396,40.75132],[-73.93335,40.75157],[-73.93257,40.75175],[-73.93199,40.75179],[-73.9316,40.75108],[-73.9318,40.751],[-73.93305,40.75063],[-73.93378,40.75035],[-73.9345,40.74997]]],[[[-73.93402,40.75162],[-73.93482,40.75112],[-73.93509,40.75126],[-73.93457,40.75182],[-73.93402,40.75162]]],[[[-73.94203,40.75168],[-73.94233,40.75135],[-73.94297,40.75162],[-73.94267,40.75195],[-73.94203,40.75168]]],[[[-73.93066,40.75148],[-73.93145,40.75124],[-73.93179,40.75186],[-73.92656,40.75195],[-73.92659,40.75173],[-73.93032,40.75158],[-73.93031,40.75153],[-73.93066,40.75148]]],[[[-73.94326,40.75158],[-73.94416,40.7506],[-73.94504,40.75104],[-73.94415,40.75197],[-73.94326,40.75158]]],[[[-73.94124,40.75219],[-73.94101,40.75207],[-73.94095,40.75211],[-73.94064,40.75194],[-73.9411,40.75143],[-73.9417,40.75169],[-73.94124,40.75219]]],[[[-73.92445,40.75226],[-73.92455,40.7518],[-73.92471,40.75179],[-73.9247,40.75185],[-73.92638,40.75173],[-73.92635,40.75195],[-73.92583,40.75195],[-73.92445,40.75226]]],[[[-73.9503,40.75193],[-73.95132,40.75075],[-73.95163,40.7509],[-73.95167,40.75085],[-73.95188,40.75079],[-73.95194,40.7506],[-73.95213,40.75063],[-73.95214,40.75082],[-73.95085,40.75232],[-73.9503,40.75193]]],[[[-73.94446,40.75212],[-73.94471,40.75185],[-73.94526,40.75216],[-73.94506,40.75237],[-73.94446,40.75212]]],[[[-73.94285,40.75203],[-73.94315,40.7517],[-73.94406,40.7521],[-73.94374,40.75243],[-73.94285,40.75203]]],[[[-73.92919,40.75216],[-73.92991,40.75215],[-73.92969,40.75243],[-73.92919,40.75216]]],[[[-73.94897,40.75218],[-73.9495,40.75157],[-73.95004,40.75194],[-73.94958,40.75248],[-73.94897,40.75218]]],[[[-73.9307,40.75252],[-73.9304,40.75238],[-73.93035,40.75244],[-73.93004,40.75229],[-73.93017,40.75214],[-73.93102,40.75213],[-73.9307,40.75252]]],[[[-73.93245,40.75209],[-73.93339,40.75188],[-73.93285,40.75256],[-73.9323,40.75227],[-73.93245,40.75209]]],[[[-73.93103,40.75246],[-73.93131,40.75212],[-73.93167,40.75212],[-73.93178,40.75218],[-73.93156,40.75241],[-73.93151,40.75239],[-73.93132,40.75262],[-73.93103,40.75246]]],[[[-73.94525,40.75245],[-73.94545,40.75224],[-73.94606,40.75256],[-73.94589,40.75273],[-73.94525,40.75245]]],[[[-73.92681,40.7522],[-73.92768,40.75219],[-73.92724,40.75272],[-73.92666,40.75239],[-73.92681,40.7522]]],[[[-73.92761,40.75257],[-73.92793,40.75219],[-73.92878,40.75218],[-73.92858,40.75243],[-73.92827,40.75228],[-73.92791,40.75274],[-73.92761,40.75257]]],[[[-73.94975,40.75256],[-73.95019,40.75205],[-73.95075,40.75243],[-73.95037,40.75287],[-73.94975,40.75256]]],[[[-73.94109,40.75268],[-73.94193,40.7518],[-73.94256,40.75207],[-73.94169,40.75301],[-73.94109,40.75268]]],[[[-73.94248,40.75244],[-73.94275,40.75215],[-73.94361,40.75253],[-73.94315,40.75301],[-73.9425,40.75272],[-73.94252,40.75247],[-73.94248,40.75244]]],[[[-73.93312,40.75271],[-73.9339,40.75172],[-73.93444,40.75193],[-73.93425,40.75214],[-73.9344,40.75222],[-73.93369,40.75301],[-73.93312,40.75271]]],[[[-73.94607,40.75281],[-73.94638,40.75247],[-73.94696,40.75279],[-73.94668,40.75307],[-73.94607,40.75281]]],[[[-73.94693,40.75318],[-73.94714,40.75296],[-73.94746,40.75309],[-73.94751,40.75304],[-73.9472,40.7529],[-73.94753,40.75256],[-73.94812,40.75287],[-73.9476,40.75347],[-73.94693,40.75318]]],[[[-73.94779,40.75355],[-73.94849,40.75273],[-73.94879,40.75288],[-73.94894,40.75271],[-73.94917,40.75283],[-73.94936,40.7526],[-73.94944,40.75264],[-73.94842,40.75382],[-73.94779,40.75355]]],[[[-73.94861,40.7539],[-73.94962,40.75272],[-73.95023,40.75303],[-73.94934,40.75406],[-73.94896,40.754],[-73.94861,40.7539]]]]}},{"type":"Feature","properties":{"std_name":"Cypress Hills Fulton","std_geoid":"0","pen":"politicians","std_note":null},"geometry":{"type":"MultiPolygon","coordinates":[[[[-73.89166,40.6776],[-73.89203,40.67755],[-73.89204,40.67761],[-73.89187,40.67764],[-73.89188,40.67769],[-73.89176,40.67771],[-73.89182,40.67793],[-73.89174,40.67794],[-73.89166,40.6776]]],[[[-73.89077,40.6778],[-73.89148,40.6777],[-73.89155,40.67797],[-73.89085,40.67807],[-73.89077,40.6778]]],[[[-73.88995,40.6782],[-73.8899,40.67801],[-73.89026,40.67796],[-73.89028,40.67802],[-73.89063,40.67797],[-73.89067,40.6781],[-73.88995,40.6782]]],[[[-73.89131,40.67845],[-73.89127,40.67829],[-73.89091,40.67834],[-73.89088,40.67823],[-73.89159,40.67812],[-73.89166,40.6784],[-73.89131,40.67845]]],[[[-73.88934,40.67801],[-73.88968,40.67796],[-73.88975,40.67824],[-73.88908,40.67845],[-73.889,40.67815],[-73.88936,40.67809],[-73.88934,40.67801]]],[[[-73.89,40.67836],[-73.89071,40.67826],[-73.89078,40.67853],[-73.89007,40.67863],[-73.89,40.67836]]],[[[-73.8885,40.67833],[-73.88883,40.67828],[-73.88889,40.67851],[-73.88822,40.67872],[-73.88816,40.67846],[-73.88852,40.67841],[-73.8885,40.67833]]],[[[-73.88932,40.67881],[-73.88929,40.67876],[-73.88916,40.67878],[-73.88911,40.6786],[-73.88979,40.67839],[-73.88986,40.67866],[-73.8895,40.67872],[-73.88952,40.67878],[-73.88932,40.67881]]],[[[-73.88758,40.67862],[-73.88798,40.67856],[-73.88804,40.67878],[-73.88738,40.67899],[-73.88732,40.67873],[-73.88761,40.67869],[-73.88758,40.67862]]],[[[-73.88827,40.67888],[-73.88893,40.67866],[-73.889,40.67893],[-73.88863,40.67898],[-73.88865,40.67905],[-73.88833,40.6791],[-73.88827,40.67888]]],[[[-73.88644,40.679],[-73.88672,40.67896],[-73.8867,40.67889],[-73.88695,40.67886],[-73.88699,40.679],[-73.88716,40.67897],[-73.88719,40.67905],[-73.88651,40.67926],[-73.88644,40.679]]],[[[-73.88742,40.67914],[-73.88808,40.67893],[-73.88815,40.6792],[-73.88778,40.67925],[-73.8878,40.67932],[-73.88748,40.67937],[-73.88742,40.67914]]],[[[-73.88591,40.67915],[-73.88626,40.6791],[-73.88632,40.67933],[-73.88563,40.67954],[-73.88556,40.67927],[-73.88592,40.67922],[-73.88591,40.67915]]],[[[-73.88655,40.67942],[-73.88723,40.6792],[-73.88729,40.67947],[-73.88697,40.67952],[-73.88699,40.67958],[-73.8866,40.67964],[-73.88655,40.67942]]],[[[-73.88502,40.67942],[-73.88537,40.67937],[-73.88543,40.67961],[-73.88474,40.67983],[-73.88467,40.67955],[-73.88503,40.6795],[-73.88502,40.67942]]],[[[-73.88567,40.6797],[-73.88636,40.67948],[-73.88642,40.67973],[-73.88624,40.67977],[-73.88626,40.67982],[-73.88608,40.67985],[-73.8861,40.67992],[-73.88574,40.67997],[-73.88567,40.6797]]],[[[-73.88413,40.6797],[-73.88449,40.67964],[-73.88456,40.67989],[-73.88386,40.68011],[-73.88379,40.67982],[-73.88415,40.67976],[-73.88413,40.6797]]],[[[-73.88485,40.68024],[-73.88479,40.67998],[-73.88548,40.67976],[-73.88556,40.68007],[-73.88547,40.68008],[-73.88546,40.68004],[-73.88536,40.68006],[-73.88537,40.6801],[-73.88519,40.68012],[-73.88521,40.68019],[-73.88485,40.68024]]],[[[-73.88328,40.68006],[-73.88325,40.67999],[-73.88311,40.68001],[-73.88309,40.6799],[-73.88338,40.67981],[-73.8834,40.67989],[-73.88359,40.67986],[-73.88366,40.68017],[-73.88297,40.68039],[-73.8829,40.68011],[-73.88328,40.68006]]],[[[-73.8839,40.68026],[-73.88459,40.68004],[-73.88467,40.68034],[-73.8843,40.68039],[-73.88432,40.68046],[-73.88396,40.68052],[-73.8839,40.68026]]],[[[-73.88233,40.6802],[-73.88269,40.68014],[-73.88276,40.68046],[-73.88208,40.68068],[-73.88201,40.68038],[-73.8823,40.68034],[-73.88227,40.68027],[-73.88235,40.68026],[-73.88233,40.6802]]],[[[-73.883,40.68055],[-73.88371,40.68033],[-73.88378,40.68061],[-73.88358,40.68064],[-73.88359,40.68067],[-73.88341,40.68069],[-73.88341,40.68072],[-73.88305,40.68077],[-73.883,40.68055]]],[[[-73.88148,40.68065],[-73.88145,40.68053],[-73.88165,40.6805],[-73.88168,40.68056],[-73.88183,40.68053],[-73.88188,40.68074],[-73.88117,40.68096],[-73.88111,40.68071],[-73.88148,40.68065]]],[[[-73.88219,40.68113],[-73.88211,40.68083],[-73.88281,40.68061],[-73.88285,40.68079],[-73.88276,40.6808],[-73.88277,40.68084],[-73.88267,40.68085],[-73.88268,40.68087],[-73.88259,40.68088],[-73.88258,40.68082],[-73.88249,40.68084],[-73.8825,40.68088],[-73.88241,40.68089],[-73.88246,40.68109],[-73.88237,40.6811],[-73.88232,40.68092],[-73.88224,40.68094],[-73.88228,40.68112],[-73.88219,40.68113]]],[[[-73.88055,40.6808],[-73.88091,40.68075],[-73.88098,40.68103],[-73.88029,40.68125],[-73.88022,40.68098],[-73.88058,40.68093],[-73.88055,40.6808]]],[[[-73.88121,40.68112],[-73.88192,40.68089],[-73.88199,40.68116],[-73.88125,40.68127],[-73.88121,40.68112]]],[[[-73.88033,40.6814],[-73.88102,40.68118],[-73.88105,40.68129],[-73.88033,40.6814]]],[[[-73.87966,40.6811],[-73.88003,40.68104],[-73.8801,40.68132],[-73.87921,40.68156],[-73.87913,40.68125],[-73.87968,40.68117],[-73.87966,40.6811]]],[[[-73.87841,40.68151],[-73.87895,40.68144],[-73.879,40.68161],[-73.87795,40.68191],[-73.8779,40.68169],[-73.87844,40.68162],[-73.87841,40.68151]]],[[[-73.87931,40.68196],[-73.87925,40.68174],[-73.87948,40.68167],[-73.88017,40.68158],[-73.88024,40.68186],[-73.87931,40.68196]]],[[[-73.87745,40.68184],[-73.8777,40.68181],[-73.87774,40.68198],[-73.87767,40.682],[-73.87745,40.68184]]],[[[-73.87671,40.68227],[-73.87661,40.6819],[-73.87693,40.68186],[-73.87694,40.6819],[-73.87725,40.68186],[-73.8775,40.68205],[-73.87671,40.68227]]],[[[-73.87804,40.68227],[-73.878,40.68209],[-73.87904,40.6818],[-73.87911,40.68208],[-73.87874,40.68214],[-73.87875,40.6822],[-73.87859,40.68223],[-73.87859,40.6822],[-73.87813,40.68234],[-73.87804,40.68227]]],[[[-73.87588,40.68213],[-73.87642,40.68205],[-73.87649,40.68234],[-73.87545,40.68263],[-73.87539,40.6824],[-73.87565,40.68232],[-73.87564,40.68228],[-73.8759,40.68221],[-73.87588,40.68213]]],[[[-73.87674,40.68245],[-73.8777,40.68218],[-73.87781,40.68226],[-73.87784,40.6824],[-73.87731,40.68248],[-73.87734,40.68262],[-73.8768,40.68269],[-73.87674,40.68245]]],[[[-73.87403,40.68232],[-73.8751,40.68216],[-73.87523,40.68269],[-73.87419,40.68298],[-73.87403,40.68232]]],[[[-73.87549,40.6828],[-73.87654,40.6825],[-73.8766,40.68276],[-73.87624,40.68282],[-73.87627,40.68293],[-73.87608,40.68295],[-73.8761,40.68301],[-73.87556,40.68309],[-73.87549,40.6828]]],[[[-73.87339,40.68297],[-73.87336,40.68284],[-73.87355,40.68281],[-73.87357,40.68288],[-73.87393,40.68282],[-73.87399,40.68304],[-73.87311,40.6833],[-73.87304,40.68302],[-73.87339,40.68297]]],[[[-73.87423,40.68316],[-73.87528,40.68286],[-73.87536,40.68318],[-73.87483,40.68326],[-73.87486,40.68338],[-73.87431,40.68346],[-73.87423,40.68316]]],[[[-73.87251,40.68318],[-73.87286,40.68312],[-73.87291,40.68335],[-73.87226,40.68353],[-73.87219,40.68328],[-73.87252,40.68322],[-73.87251,40.68318]]],[[[-73.87332,40.68342],[-73.87402,40.68322],[-73.87409,40.6835],[-73.87354,40.68359],[-73.87355,40.68365],[-73.87338,40.68368],[-73.87332,40.68342]]],[[[-73.87156,40.68347],[-73.87155,40.68341],[-73.87159,40.68341],[-73.8716,40.68344],[-73.87199,40.68336],[-73.87206,40.68359],[-73.87126,40.68382],[-73.8712,40.68357],[-73.87151,40.68353],[-73.87149,40.68348],[-73.87156,40.68347]]],[[[-73.87064,40.68363],[-73.87099,40.68358],[-73.87106,40.68388],[-73.87037,40.68407],[-73.87031,40.68381],[-73.8706,40.68377],[-73.87059,40.68371],[-73.87066,40.6837],[-73.87064,40.68363]]],[[[-73.87131,40.684],[-73.87212,40.68377],[-73.87218,40.68399],[-73.87134,40.68413],[-73.87131,40.684]]],[[[-73.8704,40.68425],[-73.87112,40.68406],[-73.87115,40.68417],[-73.87041,40.6843],[-73.8704,40.68425]]],[[[-73.86981,40.68396],[-73.87013,40.68391],[-73.87018,40.68413],[-73.86957,40.6843],[-73.86951,40.68405],[-73.86982,40.684],[-73.86981,40.68396]]],[[[-73.87231,40.6837],[-73.87313,40.68348],[-73.8732,40.68374],[-73.87281,40.68381],[-73.87283,40.68387],[-73.87276,40.68388],[-73.87289,40.68431],[-73.87252,40.68438],[-73.87231,40.6837]]],[[[-73.86903,40.68415],[-73.86935,40.68411],[-73.8694,40.68435],[-73.86879,40.68452],[-73.86873,40.68427],[-73.86905,40.68422],[-73.86903,40.68415]]],[[[-73.86961,40.68447],[-73.87022,40.68431],[-73.87028,40.68459],[-73.86998,40.68467],[-73.86999,40.6847],[-73.86967,40.68475],[-73.86961,40.68447]]],[[[-73.86768,40.68483],[-73.86762,40.68456],[-73.86769,40.68455],[-73.86771,40.68464],[-73.86782,40.68462],[-73.86778,40.68447],[-73.8685,40.68437],[-73.86855,40.68459],[-73.86768,40.68483]]],[[[-73.86884,40.6847],[-73.86945,40.68452],[-73.86951,40.68475],[-73.86888,40.68487],[-73.86884,40.6847]]],[[[-73.86668,40.68462],[-73.86739,40.68452],[-73.86748,40.6849],[-73.86666,40.68513],[-73.86663,40.68485],[-73.86673,40.68484],[-73.86668,40.68462]]],[[[-73.86772,40.68502],[-73.8686,40.68477],[-73.86865,40.68501],[-73.86846,40.68504],[-73.86847,40.6851],[-73.86826,40.68513],[-73.86828,40.68519],[-73.86777,40.68526],[-73.86772,40.68502]]],[[[-73.86668,40.6853],[-73.86752,40.68506],[-73.86759,40.68536],[-73.86723,40.68541],[-73.86725,40.68549],[-73.86675,40.68556],[-73.86668,40.6853]]]]}},{"type":"Feature","properties":{"std_name":"Union Square Partnership","std_geoid":"0","pen":"politicians","std_note":null},"geometry":{"type":"MultiPolygon","coordinates":[[[[-73.98282,40.73131],[-73.9829,40.73121],[-73.98308,40.73129],[-73.98318,40.73114],[-73.98325,40.73117],[-73.98342,40.73092],[-73.98369,40.73103],[-73.98351,40.73128],[-73.98504,40.73191],[-73.98486,40.73215],[-73.98282,40.73131]]],[[[-73.98462,40.73254],[-73.98425,40.73238],[-73.98417,40.7325],[-73.98282,40.73191],[-73.98274,40.73188],[-73.98285,40.73174],[-73.9826,40.73163],[-73.98268,40.73153],[-73.98471,40.73241],[-73.98462,40.73254]]],[[[-73.98711,40.73311],[-73.98519,40.73231],[-73.98532,40.73213],[-73.98567,40.73228],[-73.98572,40.73222],[-73.98648,40.73253],[-73.98665,40.73228],[-73.98715,40.73249],[-73.98693,40.73279],[-73.98701,40.73282],[-73.98694,40.73292],[-73.98701,40.73295],[-73.98699,40.73298],[-73.98716,40.73305],[-73.98711,40.73311]]],[[[-73.98644,40.73347],[-73.98506,40.73289],[-73.98516,40.73276],[-73.9849,40.73266],[-73.98499,40.73253],[-73.98694,40.73336],[-73.98689,40.73342],[-73.98658,40.73328],[-73.98644,40.73347]]],[[[-73.98743,40.73323],[-73.98752,40.73311],[-73.98776,40.7332],[-73.98784,40.73308],[-73.98808,40.73318],[-73.98821,40.73315],[-73.98833,40.73298],[-73.9888,40.73317],[-73.9897,40.73354],[-73.98966,40.73385],[-73.9897,40.73417],[-73.98743,40.73323]]],[[[-73.98686,40.73397],[-73.98721,40.73348],[-73.98858,40.73405],[-73.98823,40.73452],[-73.98686,40.73397]]],[[[-73.99002,40.73411],[-73.99003,40.7337],[-73.99082,40.73404],[-73.99068,40.73462],[-73.99007,40.73436],[-73.99002,40.73411]]],[[[-73.99105,40.73417],[-73.99183,40.73445],[-73.99175,40.73458],[-73.99197,40.73469],[-73.99167,40.73504],[-73.99092,40.73472],[-73.99105,40.73417]]],[[[-73.98847,40.73461],[-73.98881,40.73414],[-73.98975,40.73452],[-73.98987,40.73511],[-73.98982,40.73516],[-73.98847,40.73461]]],[[[-73.99195,40.73514],[-73.99215,40.73491],[-73.99258,40.73508],[-73.99275,40.73483],[-73.99301,40.73494],[-73.99289,40.73507],[-73.99305,40.73514],[-73.99315,40.735],[-73.99392,40.73533],[-73.99357,40.73581],[-73.99195,40.73514]]],[[[-73.98881,40.73559],[-73.98897,40.73537],[-73.98903,40.7354],[-73.9892,40.73517],[-73.98967,40.73537],[-73.98934,40.73582],[-73.98881,40.73559]]],[[[-73.99279,40.73613],[-73.99211,40.73584],[-73.99193,40.73609],[-73.99142,40.73587],[-73.99176,40.73538],[-73.99336,40.73604],[-73.99314,40.73636],[-73.99275,40.73619],[-73.99279,40.73613]]],[[[-73.98844,40.73622],[-73.98876,40.73578],[-73.98923,40.73598],[-73.98891,40.73642],[-73.98844,40.73622]]],[[[-73.98753,40.73662],[-73.98784,40.73617],[-73.98879,40.73656],[-73.98865,40.73676],[-73.98829,40.73661],[-73.9882,40.73673],[-73.98817,40.73672],[-73.98824,40.73662],[-73.98809,40.73655],[-73.98792,40.73679],[-73.98753,40.73662]]],[[[-73.99097,40.73653],[-73.9913,40.73604],[-73.99197,40.73632],[-73.99163,40.73681],[-73.99097,40.73653]]],[[[-73.99679,40.73718],[-73.99475,40.73633],[-73.99388,40.73597],[-73.994,40.73579],[-73.99434,40.73594],[-73.99439,40.73586],[-73.99445,40.73589],[-73.99462,40.73564],[-73.9961,40.73625],[-73.99593,40.7365],[-73.99609,40.73657],[-73.99626,40.73632],[-73.99641,40.73639],[-73.99624,40.73663],[-73.99656,40.73677],[-73.99673,40.73652],[-73.99712,40.73668],[-73.99679,40.73718]]],[[[-73.99054,40.73711],[-73.99083,40.73666],[-73.99144,40.73692],[-73.99114,40.73736],[-73.99054,40.73711]]],[[[-73.98967,40.73751],[-73.98905,40.73724],[-73.98913,40.73712],[-73.98889,40.73701],[-73.9891,40.73669],[-73.99012,40.73713],[-73.99013,40.7373],[-73.98988,40.73727],[-73.98967,40.73751]]],[[[-73.99039,40.73741],[-73.99042,40.73727],[-73.99078,40.73743],[-73.99069,40.73754],[-73.99039,40.73741]]],[[[-73.99556,40.73761],[-73.99573,40.73737],[-73.99502,40.73707],[-73.99504,40.73705],[-73.99442,40.73692],[-73.99429,40.73709],[-73.99382,40.73689],[-73.994,40.73665],[-73.99351,40.73645],[-73.99369,40.73621],[-73.9966,40.73741],[-73.9965,40.73755],[-73.99627,40.73744],[-73.99618,40.73758],[-73.99597,40.73747],[-73.9958,40.73771],[-73.99556,40.73761]]]]}},{"type":"Feature","properties":{"std_name":"Third Avenue","std_geoid":"0","pen":"politicians","std_note":null},"geometry":{"type":"MultiPolygon","coordinates":[[[[-73.91762,40.8159],[-73.91701,40.81566],[-73.9173,40.81551],[-73.9175,40.81571],[-73.91756,40.81568],[-73.91738,40.81547],[-73.91745,40.81543],[-73.91765,40.81567],[-73.91789,40.81553],[-73.91768,40.81531],[-73.91774,40.81528],[-73.9181,40.81543],[-73.91778,40.81583],[-73.91762,40.8159]]],[[[-73.91798,40.81603],[-73.91868,40.81564],[-73.91897,40.81571],[-73.91884,40.81599],[-73.91875,40.81596],[-73.91864,40.81619],[-73.91798,40.81603]]],[[[-73.91603,40.8163],[-73.91671,40.81584],[-73.91731,40.81607],[-73.91731,40.81613],[-73.91685,40.81637],[-73.91603,40.8163]]],[[[-73.91699,40.81657],[-73.91753,40.8163],[-73.91737,40.81667],[-73.91699,40.81657]]],[[[-73.91621,40.81719],[-73.91681,40.81668],[-73.9173,40.81681],[-73.91718,40.81706],[-73.91712,40.81704],[-73.9171,40.81709],[-73.91684,40.81702],[-73.9167,40.81732],[-73.91621,40.81719]]],[[[-73.91498,40.81713],[-73.91528,40.81687],[-73.91556,40.81705],[-73.91562,40.817],[-73.91534,40.81682],[-73.91566,40.81655],[-73.91649,40.81664],[-73.91551,40.81745],[-73.91498,40.81713]]],[[[-73.91546,40.81782],[-73.91605,40.81732],[-73.91637,40.8174],[-73.91624,40.81769],[-73.91607,40.81764],[-73.91593,40.81794],[-73.91546,40.81782]]],[[[-73.9138,40.81816],[-73.91462,40.81746],[-73.91485,40.81761],[-73.91509,40.81741],[-73.91537,40.81759],[-73.91442,40.8184],[-73.9138,40.81816]]],[[[-73.91498,40.81842],[-73.91509,40.81813],[-73.91533,40.81793],[-73.91579,40.81805],[-73.91568,40.81831],[-73.91541,40.81824],[-73.91529,40.8185],[-73.91498,40.81842]]],[[[-73.91381,40.8186],[-73.914,40.81843],[-73.91428,40.81853],[-73.91409,40.81871],[-73.91381,40.8186]]],[[[-73.91445,40.81871],[-73.91467,40.81848],[-73.91472,40.81849],[-73.91462,40.81875],[-73.91445,40.81871]]],[[[-73.91479,40.81879],[-73.91489,40.81855],[-73.91525,40.81864],[-73.91514,40.81888],[-73.91479,40.81879]]]]}},{"type":"Feature","properties":{"std_name":"Throggs Neck BID","std_geoid":"0","pen":"politicians","std_note":null},"geometry":{"type":"MultiPolygon","coordinates":[[[[-73.81716,40.8186],[-73.8175,40.81848],[-73.81764,40.81876],[-73.81733,40.8189],[-73.81716,40.8186]]],[[[-73.81654,40.81888],[-73.81687,40.81877],[-73.81702,40.81902],[-73.81669,40.81913],[-73.81654,40.81888]]],[[[-73.8168,40.81933],[-73.81713,40.81922],[-73.81744,40.81973],[-73.81711,40.81985],[-73.8168,40.81933]]],[[[-73.81745,40.81909],[-73.81777,40.81895],[-73.81852,40.82022],[-73.81819,40.82033],[-73.81745,40.81909]]],[[[-73.8172,40.82],[-73.81753,40.81989],[-73.81786,40.82045],[-73.81753,40.82056],[-73.8172,40.82]]],[[[-73.81773,40.82073],[-73.81798,40.82065],[-73.81853,40.82158],[-73.8179,40.82128],[-73.81794,40.82126],[-73.8178,40.82101],[-73.81788,40.82098],[-73.81773,40.82073]]],[[[-73.81955,40.82206],[-73.81905,40.82182],[-73.81829,40.82054],[-73.81864,40.82042],[-73.81954,40.82194],[-73.81988,40.82182],[-73.81995,40.82193],[-73.81955,40.82206]]],[[[-73.82031,40.82417],[-73.81978,40.82311],[-73.82104,40.82374],[-73.82038,40.82387],[-73.82048,40.82413],[-73.82031,40.82417]]],[[[-73.81976,40.82449],[-73.81965,40.82423],[-73.81956,40.82425],[-73.81898,40.82295],[-73.81882,40.82299],[-73.81888,40.82288],[-73.81868,40.82281],[-73.81869,40.82285],[-73.81862,40.82287],[-73.81852,40.82263],[-73.81857,40.82262],[-73.81928,40.82284],[-73.82003,40.82436],[-73.81976,40.82449]]],[[[-73.82038,40.82432],[-73.82079,40.82424],[-73.82099,40.82477],[-73.82064,40.82484],[-73.82038,40.82432]]],[[[-73.82072,40.82499],[-73.82114,40.82491],[-73.82123,40.82517],[-73.82115,40.82519],[-73.82124,40.82546],[-73.82109,40.82549],[-73.82106,40.82546],[-73.82084,40.82523],[-73.82072,40.82499]]],[[[-73.82172,40.82604],[-73.82124,40.82562],[-73.82166,40.82554],[-73.82173,40.82575],[-73.82181,40.82571],[-73.82198,40.82592],[-73.82172,40.82604]]],[[[-73.82092,40.8261],[-73.82077,40.82593],[-73.8205,40.82607],[-73.82011,40.82561],[-73.82034,40.8255],[-73.82004,40.82515],[-73.82012,40.82511],[-73.81976,40.82469],[-73.82011,40.82452],[-73.82056,40.82539],[-73.82078,40.82563],[-73.82142,40.82619],[-73.82108,40.82636],[-73.82087,40.82613],[-73.82092,40.8261]]],[[[-73.82195,40.82625],[-73.82232,40.82607],[-73.82272,40.82654],[-73.82243,40.82668],[-73.82195,40.82625]]],[[[-73.82363,40.82772],[-73.82258,40.8268],[-73.82291,40.82664],[-73.82314,40.8269],[-73.82338,40.82681],[-73.82371,40.8272],[-73.82363,40.82723],[-73.82393,40.82758],[-73.82363,40.82772]]],[[[-73.82302,40.82802],[-73.82282,40.82779],[-73.82267,40.82786],[-73.82238,40.82752],[-73.8223,40.82756],[-73.82191,40.82709],[-73.82183,40.82714],[-73.8213,40.82651],[-73.82162,40.82635],[-73.82335,40.82786],[-73.82302,40.82802]]],[[[-73.82325,40.82816],[-73.82353,40.82802],[-73.82396,40.82848],[-73.82363,40.82864],[-73.82325,40.82816]]],[[[-73.82423,40.8292],[-73.82403,40.82896],[-73.82396,40.829],[-73.82376,40.82877],[-73.82407,40.82862],[-73.82449,40.82907],[-73.82423,40.8292]]],[[[-73.82533,40.82951],[-73.82434,40.82846],[-73.82381,40.82789],[-73.82415,40.82773],[-73.82443,40.82806],[-73.82454,40.82802],[-73.82503,40.8286],[-73.82497,40.82864],[-73.82502,40.8287],[-73.82508,40.82866],[-73.82546,40.82911],[-73.82542,40.82913],[-73.82562,40.82937],[-73.82533,40.82951]]],[[[-73.82435,40.82933],[-73.82462,40.8292],[-73.82508,40.82969],[-73.82478,40.82984],[-73.82435,40.82933]]],[[[-73.82507,40.82995],[-73.82524,40.82986],[-73.82577,40.83043],[-73.82543,40.8306],[-73.82513,40.83025],[-73.82527,40.83019],[-73.82507,40.82995]]],[[[-73.82659,40.83087],[-73.82619,40.83044],[-73.82551,40.82972],[-73.82583,40.82956],[-73.82604,40.82981],[-73.82611,40.82977],[-73.82685,40.83064],[-73.82718,40.83053],[-73.82722,40.83056],[-73.82659,40.83087]]],[[[-73.82562,40.8307],[-73.8259,40.83057],[-73.82632,40.83101],[-73.82601,40.83116],[-73.82562,40.8307]]],[[[-73.82612,40.83129],[-73.82645,40.83113],[-73.82692,40.83169],[-73.82659,40.83185],[-73.82612,40.83129]]],[[[-73.8268,40.83192],[-73.82702,40.83181],[-73.8275,40.83237],[-73.82718,40.83253],[-73.8269,40.83221],[-73.827,40.83216],[-73.8268,40.83192]]],[[[-73.82826,40.83284],[-73.82732,40.83173],[-73.8267,40.831],[-73.82703,40.83085],[-73.82836,40.83241],[-73.82867,40.83226],[-73.82885,40.83248],[-73.82826,40.83284]]],[[[-73.82728,40.83266],[-73.82761,40.8325],[-73.828,40.83297],[-73.82745,40.83324],[-73.82724,40.833],[-73.82747,40.83289],[-73.82728,40.83266]]]]}},{"type":"Feature","properties":{"std_name":"Times Square Alliance","std_geoid":"0","pen":"politicians","std_note":null},"geometry":{"type":"MultiPolygon","coordinates":[[[[-73.98436,40.75481],[-73.98472,40.75432],[-73.98646,40.75506],[-73.98628,40.75562],[-73.98436,40.75481]]],[[[-73.9866,40.75575],[-73.98678,40.75519],[-73.98724,40.75538],[-73.98689,40.75587],[-73.9866,40.75575]]],[[[-73.9864,40.7564],[-73.98651,40.75601],[-73.9867,40.7561],[-73.98646,40.75643],[-73.9864,40.7564]]],[[[-73.99017,40.75645],[-73.98764,40.75538],[-73.98777,40.7552],[-73.98809,40.75533],[-73.98814,40.75526],[-73.98863,40.75546],[-73.98879,40.75523],[-73.99052,40.75596],[-73.99017,40.75645]]],[[[-73.98383,40.75552],[-73.98418,40.75503],[-73.9862,40.75588],[-73.98603,40.75645],[-73.98383,40.75552]]],[[[-73.98718,40.75601],[-73.98754,40.75551],[-73.99007,40.75658],[-73.98971,40.75708],[-73.98718,40.75601]]],[[[-73.9841,40.75614],[-73.98427,40.75589],[-73.98597,40.7566],[-73.98572,40.75713],[-73.98414,40.75647],[-73.98431,40.75623],[-73.9841,40.75614]]],[[[-73.98664,40.75672],[-73.98701,40.7562],[-73.98956,40.75728],[-73.98919,40.7578],[-73.98664,40.75672]]],[[[-73.98349,40.75669],[-73.98367,40.75645],[-73.98568,40.75729],[-73.98543,40.75783],[-73.98361,40.75706],[-73.98379,40.75682],[-73.98349,40.75669]]],[[[-73.9895,40.75792],[-73.98986,40.75741],[-73.99019,40.75755],[-73.99,40.75781],[-73.99008,40.75784],[-73.9899,40.75809],[-73.9895,40.75792]]],[[[-73.9862,40.75734],[-73.98656,40.75684],[-73.9891,40.75792],[-73.98875,40.75841],[-73.9862,40.75734]]],[[[-73.98302,40.75731],[-73.9832,40.75706],[-73.98537,40.75798],[-73.985,40.75848],[-73.98309,40.75767],[-73.98327,40.75742],[-73.98302,40.75731]]],[[[-73.98904,40.75854],[-73.9894,40.75805],[-73.98973,40.75818],[-73.98955,40.75843],[-73.99011,40.75866],[-73.98992,40.75892],[-73.98904,40.75854]]],[[[-73.98572,40.75796],[-73.98608,40.75747],[-73.98865,40.75854],[-73.98829,40.75903],[-73.98572,40.75796]]],[[[-73.98328,40.75824],[-73.98346,40.75799],[-73.9849,40.7586],[-73.98454,40.7591],[-73.98314,40.75851],[-73.98332,40.75826],[-73.98328,40.75824]]],[[[-73.98483,40.75919],[-73.98509,40.75884],[-73.98511,40.75885],[-73.98496,40.75924],[-73.98483,40.75919]]],[[[-73.98859,40.75917],[-73.98895,40.75867],[-73.98928,40.75881],[-73.98909,40.75906],[-73.98951,40.75923],[-73.98934,40.75948],[-73.98859,40.75917]]],[[[-73.9855,40.75869],[-73.98567,40.75812],[-73.98819,40.75917],[-73.98783,40.75966],[-73.9855,40.75869]]],[[[-73.98282,40.75918],[-73.98299,40.75894],[-73.98311,40.75899],[-73.9833,40.75874],[-73.98445,40.75922],[-73.98409,40.75972],[-73.98282,40.75918]]],[[[-73.98439,40.75985],[-73.98475,40.75935],[-73.98489,40.75941],[-73.98469,40.75998],[-73.98439,40.75985]]],[[[-73.98525,40.7594],[-73.98545,40.75883],[-73.98774,40.7598],[-73.98737,40.7603],[-73.98525,40.7594]]],[[[-73.98284,40.7597],[-73.98301,40.75946],[-73.98398,40.75985],[-73.98363,40.76034],[-73.98274,40.75998],[-73.98292,40.75973],[-73.98284,40.7597]]],[[[-73.98392,40.76047],[-73.98428,40.75998],[-73.98463,40.76013],[-73.98436,40.76066],[-73.98392,40.76047]]],[[[-73.99047,40.76078],[-73.98813,40.7598],[-73.98849,40.7593],[-73.98881,40.75944],[-73.98863,40.75968],[-73.98903,40.75985],[-73.98921,40.7596],[-73.98938,40.75967],[-73.9892,40.75992],[-73.99053,40.76048],[-73.99046,40.76058],[-73.99058,40.76063],[-73.99047,40.76078]]],[[[-73.985,40.76011],[-73.9852,40.75954],[-73.98728,40.76042],[-73.98692,40.76092],[-73.985,40.76011]]],[[[-73.98206,40.7605],[-73.98222,40.76028],[-73.98247,40.76038],[-73.98266,40.76012],[-73.98353,40.76048],[-73.98318,40.76097],[-73.98206,40.7605]]],[[[-73.98722,40.76105],[-73.98758,40.76055],[-73.9879,40.76069],[-73.98772,40.76094],[-73.98777,40.76096],[-73.98759,40.76121],[-73.98722,40.76105]]],[[[-73.99008,40.76111],[-73.98833,40.76037],[-73.98828,40.76045],[-73.98815,40.76035],[-73.988,40.76056],[-73.98768,40.76042],[-73.98803,40.75992],[-73.99042,40.76092],[-73.98999,40.76124],[-73.99008,40.76111]]],[[[-73.98345,40.7611],[-73.98382,40.76061],[-73.98427,40.7608],[-73.98395,40.76131],[-73.98345,40.7611]]],[[[-73.98464,40.76077],[-73.98491,40.76024],[-73.98681,40.76104],[-73.98646,40.76154],[-73.98464,40.76077]]],[[[-73.98146,40.76107],[-73.98183,40.76057],[-73.98307,40.76109],[-73.9827,40.76159],[-73.98146,40.76107]]],[[[-73.98675,40.76167],[-73.98711,40.76117],[-73.98745,40.76131],[-73.98731,40.7615],[-73.98747,40.76156],[-73.98742,40.76162],[-73.98734,40.76159],[-73.98716,40.76184],[-73.98675,40.76167]]],[[[-73.983,40.76174],[-73.98337,40.76123],[-73.98386,40.76144],[-73.98353,40.76196],[-73.983,40.76174]]],[[[-73.98424,40.76143],[-73.98456,40.76092],[-73.98636,40.76167],[-73.986,40.76217],[-73.98424,40.76143]]],[[[-73.98099,40.76168],[-73.98134,40.7612],[-73.9826,40.76173],[-73.98225,40.76221],[-73.98099,40.76168]]],[[[-73.98256,40.76235],[-73.98292,40.76185],[-73.98345,40.76207],[-73.9831,40.76258],[-73.98256,40.76235]]],[[[-73.98629,40.7623],[-73.98666,40.76179],[-73.9876,40.76219],[-73.98723,40.76269],[-73.98629,40.7623]]],[[[-73.98383,40.76207],[-73.98417,40.76156],[-73.98591,40.7623],[-73.98554,40.7628],[-73.98383,40.76207]]],[[[-73.98063,40.76202],[-73.9808,40.76178],[-73.98215,40.76235],[-73.98179,40.76285],[-73.9807,40.76239],[-73.98088,40.76213],[-73.98063,40.76202]]],[[[-73.98585,40.76293],[-73.98621,40.76243],[-73.98665,40.76262],[-73.98647,40.76287],[-73.98628,40.76279],[-73.9861,40.76304],[-73.98585,40.76293]]],[[[-73.98208,40.76297],[-73.98245,40.76247],[-73.98303,40.76272],[-73.98272,40.76324],[-73.98208,40.76297]]],[[[-73.98341,40.7627],[-73.98374,40.7622],[-73.98545,40.76293],[-73.98509,40.76342],[-73.98341,40.7627]]],[[[-73.9854,40.76355],[-73.98575,40.76306],[-73.98626,40.76328],[-73.98609,40.76352],[-73.98589,40.76344],[-73.98572,40.76369],[-73.9854,40.76355]]],[[[-73.98303,40.76336],[-73.98331,40.76284],[-73.985,40.76354],[-73.98464,40.76404],[-73.98303,40.76336]]],[[[-73.98493,40.76418],[-73.9853,40.76369],[-73.98578,40.76389],[-73.98542,40.76438],[-73.98493,40.76418]]]]}},{"type":"Feature","properties":{"std_name":"Village Alliance","std_geoid":"0","pen":"politicians","std_note":null},"geometry":{"type":"MultiPolygon","coordinates":[[[[-73.98981,40.72941],[-73.98791,40.72861],[-73.98798,40.72851],[-73.98829,40.72864],[-73.98838,40.72852],[-73.98844,40.72854],[-73.98849,40.72848],[-73.98979,40.72903],[-73.98964,40.72925],[-73.98987,40.72934],[-73.98981,40.72941]]],[[[-73.99012,40.72954],[-73.99046,40.72908],[-73.99073,40.7292],[-73.99061,40.72962],[-73.99012,40.72954]]],[[[-73.989,40.72965],[-73.98902,40.72963],[-73.98794,40.72918],[-73.98805,40.72902],[-73.98768,40.72887],[-73.98776,40.72876],[-73.98967,40.72956],[-73.98961,40.72963],[-73.98939,40.72953],[-73.9893,40.72963],[-73.98922,40.7296],[-73.98918,40.72965],[-73.989,40.72965]]],[[[-73.99101,40.72965],[-73.99113,40.72924],[-73.99162,40.72947],[-73.99141,40.72973],[-73.99101,40.72965]]],[[[-73.99176,40.72978],[-73.99214,40.72932],[-73.99297,40.72973],[-73.9928,40.72994],[-73.99176,40.72978]]],[[[-73.9897,40.73014],[-73.98998,40.72975],[-73.99056,40.72993],[-73.99042,40.73044],[-73.9897,40.73014]]],[[[-73.99148,40.73011],[-73.99156,40.73],[-73.99242,40.73013],[-73.99259,40.73019],[-73.99234,40.73048],[-73.99148,40.73011]]],[[[-73.99258,40.73059],[-73.99293,40.73016],[-73.99352,40.73045],[-73.9932,40.73085],[-73.99258,40.73059]]],[[[-73.9908,40.73062],[-73.99114,40.73017],[-73.99222,40.73062],[-73.99188,40.73105],[-73.9908,40.73062]]],[[[-73.99341,40.73094],[-73.99364,40.73065],[-73.99423,40.73094],[-73.99403,40.73119],[-73.99341,40.73094]]],[[[-73.9942,40.73127],[-73.99441,40.73101],[-73.99466,40.73113],[-73.99469,40.73109],[-73.99495,40.73122],[-73.99472,40.73149],[-73.9942,40.73127]]],[[[-73.99056,40.73127],[-73.99072,40.73077],[-73.99173,40.73119],[-73.99136,40.73161],[-73.99056,40.73127]]],[[[-73.99166,40.73172],[-73.99202,40.7313],[-73.99255,40.73153],[-73.9924,40.73175],[-73.99221,40.73167],[-73.99205,40.73189],[-73.99166,40.73172]]],[[[-73.99216,40.73117],[-73.99252,40.73075],[-73.99461,40.73162],[-73.99424,40.73206],[-73.99216,40.73117]]],[[[-73.99625,40.73212],[-73.99499,40.73158],[-73.99521,40.7313],[-73.99582,40.73156],[-73.99578,40.73163],[-73.99601,40.73173],[-73.99606,40.73166],[-73.99645,40.73183],[-73.99625,40.73212]]],[[[-74.00019,40.73206],[-74.00055,40.73162],[-74.00076,40.73171],[-74.00043,40.73217],[-74.00019,40.73206]]],[[[-74.00088,40.73241],[-74.00071,40.73233],[-74.00102,40.73185],[-74.00118,40.73193],[-74.00125,40.73201],[-74.00114,40.73207],[-74.00104,40.73226],[-74.00108,40.7323],[-74.001,40.73239],[-74.00093,40.73236],[-74.00088,40.73241]]],[[[-73.99329,40.73242],[-73.99345,40.7322],[-73.99362,40.73227],[-73.99379,40.73205],[-73.99409,40.73219],[-73.99374,40.73262],[-73.99329,40.73242]]],[[[-73.99451,40.73216],[-73.99487,40.73172],[-73.99614,40.73226],[-73.99582,40.73271],[-73.99451,40.73216]]],[[[-73.99969,40.73264],[-74.00005,40.73219],[-74.0003,40.73231],[-73.99997,40.73278],[-73.99969,40.73264]]],[[[-73.994,40.73272],[-73.99436,40.7323],[-73.9945,40.73236],[-73.99421,40.73281],[-73.994,40.73272]]],[[[-73.99797,40.73283],[-73.99657,40.73226],[-73.99705,40.73156],[-73.99755,40.7318],[-73.99731,40.73214],[-73.99711,40.73206],[-73.99705,40.73214],[-73.99752,40.73233],[-73.99745,40.73242],[-73.99777,40.73254],[-73.99773,40.73259],[-73.99781,40.73262],[-73.99791,40.73249],[-73.99815,40.73259],[-73.99797,40.73283]]],[[[-74.00028,40.73293],[-74.00058,40.73246],[-74.00088,40.73261],[-74.0007,40.73284],[-74.00075,40.73286],[-74.00057,40.73307],[-74.00028,40.73293]]],[[[-73.99269,40.73295],[-73.99286,40.73273],[-73.99312,40.73284],[-73.99328,40.73261],[-73.99363,40.73276],[-73.99326,40.73319],[-73.99269,40.73295]]],[[[-73.99351,40.73329],[-73.99388,40.73285],[-73.99419,40.73299],[-73.99402,40.73321],[-73.99396,40.73326],[-73.99393,40.73325],[-73.99381,40.73342],[-73.99351,40.73329]]],[[[-73.99952,40.73349],[-73.9982,40.73295],[-73.99838,40.73272],[-73.99868,40.73286],[-73.99871,40.73282],[-73.99888,40.73286],[-73.99892,40.73279],[-73.99932,40.73298],[-73.99928,40.73304],[-73.99946,40.73312],[-73.99966,40.73283],[-73.9999,40.73294],[-73.99952,40.73349]]],[[[-73.99264,40.73325],[-73.99271,40.73316],[-73.99315,40.73334],[-73.99275,40.73382],[-73.99249,40.73371],[-73.99257,40.73361],[-73.99264,40.73325]]],[[[-73.99974,40.73371],[-74.00017,40.73308],[-74.00041,40.73321],[-74.00002,40.73381],[-74.00009,40.73395],[-73.99983,40.73398],[-73.99974,40.73371]]],[[[-73.99298,40.73392],[-73.99338,40.73345],[-73.99367,40.73357],[-73.9935,40.73381],[-73.99356,40.73385],[-73.99349,40.73382],[-73.99332,40.73406],[-73.99298,40.73392]]],[[[-73.99647,40.73244],[-73.9975,40.73286],[-73.99935,40.73363],[-73.99903,40.73407],[-73.99894,40.73404],[-73.99871,40.73394],[-73.99886,40.73372],[-73.99662,40.73279],[-73.99673,40.73264],[-73.99642,40.73251],[-73.99647,40.73244]]],[[[-73.99191,40.7343],[-73.99212,40.73401],[-73.9922,40.73402],[-73.99234,40.73383],[-73.99262,40.73395],[-73.99222,40.73443],[-73.99191,40.7343]]],[[[-73.99854,40.73406],[-73.9989,40.73421],[-73.99858,40.73465],[-73.99834,40.73455],[-73.9985,40.73433],[-73.99838,40.73428],[-73.99854,40.73406]]],[[[-73.99247,40.73454],[-73.99288,40.73407],[-73.99322,40.73421],[-73.99295,40.73457],[-73.99286,40.73454],[-73.99278,40.73467],[-73.99247,40.73454]]],[[[-73.99937,40.73419],[-73.99952,40.73415],[-73.9998,40.73463],[-73.99895,40.73474],[-73.99937,40.73419]]],[[[-73.99884,40.73492],[-73.99919,40.73487],[-73.9992,40.73492],[-73.99872,40.73508],[-73.99884,40.73492]]],[[[-73.99785,40.73501],[-73.99797,40.73485],[-73.99811,40.73492],[-73.99819,40.73481],[-73.99824,40.73484],[-73.99832,40.73473],[-73.99848,40.7348],[-73.99817,40.73525],[-73.99795,40.73515],[-73.99785,40.73501]]],[[[-73.99869,40.73513],[-73.99875,40.73511],[-73.99884,40.73515],[-73.99889,40.73523],[-73.99853,40.73535],[-73.99869,40.73513]]],[[[-73.99746,40.73578],[-73.99779,40.73529],[-73.998,40.73538],[-73.99767,40.73587],[-73.99746,40.73578]]],[[[-73.99805,40.73602],[-73.99838,40.73552],[-73.99857,40.7356],[-73.99843,40.73581],[-73.99848,40.73583],[-73.99846,40.73587],[-73.99874,40.73599],[-73.99856,40.73624],[-73.99805,40.73602]]],[[[-73.99693,40.7364],[-73.99727,40.7359],[-73.99758,40.73604],[-73.99724,40.73653],[-73.99693,40.7364]]]]}},{"type":"Feature","properties":{"std_name":"125th Street","std_geoid":"0","pen":"politicians","std_note":null},"geometry":{"type":"MultiPolygon","coordinates":[[[[-73.94193,40.80614],[-73.94207,40.80595],[-73.94234,40.80607],[-73.9422,40.80625],[-73.94193,40.80614]]],[[[-73.94139,40.80685],[-73.94176,40.80636],[-73.94204,40.80648],[-73.94167,40.80697],[-73.94139,40.80685]]],[[[-73.94534,40.80757],[-73.9425,40.80638],[-73.9426,40.80625],[-73.94287,40.80636],[-73.94295,40.80624],[-73.94392,40.80665],[-73.9441,40.8064],[-73.94424,40.80646],[-73.94406,40.80671],[-73.94552,40.80733],[-73.94534,40.80757]]],[[[-73.94504,40.80798],[-73.94484,40.8079],[-73.9448,40.80796],[-73.94392,40.80759],[-73.94375,40.80784],[-73.9437,40.80782],[-73.94388,40.80757],[-73.9429,40.80716],[-73.94272,40.8074],[-73.9423,40.80723],[-73.94248,40.80699],[-73.94216,40.80685],[-73.94234,40.8066],[-73.94518,40.80779],[-73.94504,40.80798]]],[[[-73.94817,40.80877],[-73.94578,40.80777],[-73.94598,40.80751],[-73.94694,40.80791],[-73.94712,40.80767],[-73.94799,40.80804],[-73.94781,40.80829],[-73.94836,40.80852],[-73.94817,40.80877]]],[[[-73.94528,40.80846],[-73.94562,40.80798],[-73.94802,40.80899],[-73.94766,40.80946],[-73.94528,40.80846]]],[[[-73.95111,40.80999],[-73.94976,40.80943],[-73.94864,40.80896],[-73.949,40.80847],[-73.95099,40.8093],[-73.95081,40.80955],[-73.95097,40.80961],[-73.95115,40.80937],[-73.95146,40.8095],[-73.95111,40.80999]]],[[[-73.95076,40.81047],[-73.95004,40.81017],[-73.94987,40.81041],[-73.94853,40.80985],[-73.9487,40.80961],[-73.9483,40.80944],[-73.94848,40.80919],[-73.95094,40.81022],[-73.95076,40.81047]]],[[[-73.95138,40.81013],[-73.95174,40.80961],[-73.95289,40.8101],[-73.95253,40.81062],[-73.95138,40.81013]]],[[[-73.95213,40.81116],[-73.95187,40.81091],[-73.95184,40.81096],[-73.9517,40.8109],[-73.95154,40.81112],[-73.95137,40.81105],[-73.95155,40.81081],[-73.95138,40.81074],[-73.95121,40.81098],[-73.95087,40.81084],[-73.95123,40.81034],[-73.95237,40.81082],[-73.95213,40.81116]]],[[[-73.95282,40.81073],[-73.953,40.81047],[-73.95339,40.81064],[-73.95352,40.81046],[-73.95405,40.81106],[-73.95395,40.8112],[-73.95282,40.81073]]],[[[-73.95279,40.81165],[-73.95296,40.8114],[-73.95248,40.8112],[-73.95266,40.81094],[-73.95379,40.81142],[-73.95365,40.81161],[-73.95332,40.81147],[-73.9531,40.81179],[-73.95279,40.81165]]]]}},{"type":"Feature","properties":{"std_name":"161st Street","std_geoid":"0","pen":"politicians","std_note":null},"geometry":{"type":"MultiPolygon","coordinates":[[[[-73.91866,40.8255],[-73.91942,40.82413],[-73.92214,40.82499],[-73.92115,40.82622],[-73.92097,40.82623],[-73.91866,40.8255]]],[[[-73.92622,40.82641],[-73.92651,40.82591],[-73.92685,40.82602],[-73.92656,40.82652],[-73.92622,40.82641]]],[[[-73.92242,40.82658],[-73.92138,40.82626],[-73.92143,40.82621],[-73.92176,40.82631],[-73.92184,40.82619],[-73.92152,40.82609],[-73.9216,40.826],[-73.92267,40.82636],[-73.92255,40.82653],[-73.92242,40.82658]]],[[[-73.91811,40.82649],[-73.91851,40.82575],[-73.91922,40.82598],[-73.91882,40.82672],[-73.91811,40.82649]]],[[[-73.92301,40.82655],[-73.92357,40.82561],[-73.92464,40.82598],[-73.92407,40.82692],[-73.92401,40.82696],[-73.92393,40.82696],[-73.92306,40.82666],[-73.923,40.82661],[-73.92301,40.82655]]],[[[-73.91901,40.82678],[-73.91942,40.82604],[-73.9201,40.82625],[-73.91969,40.82699],[-73.91901,40.82678]]],[[[-73.92434,40.82708],[-73.92453,40.82677],[-73.92515,40.82698],[-73.92498,40.82727],[-73.92434,40.82708]]],[[[-73.92517,40.82733],[-73.92535,40.82703],[-73.92573,40.82716],[-73.9259,40.82686],[-73.92619,40.82695],[-73.92639,40.82661],[-73.9265,40.82664],[-73.92596,40.82756],[-73.92517,40.82733]]],[[[-73.92166,40.8271],[-73.92133,40.82699],[-73.92117,40.82729],[-73.92083,40.82717],[-73.92115,40.82659],[-73.92215,40.82691],[-73.92225,40.82702],[-73.92198,40.82756],[-73.9215,40.8274],[-73.92166,40.8271]]],[[[-73.91962,40.82753],[-73.92029,40.82632],[-73.92097,40.82654],[-73.92065,40.8271],[-73.92032,40.82699],[-73.91997,40.82763],[-73.91962,40.82753]]],[[[-73.92369,40.82807],[-73.92405,40.82754],[-73.92428,40.82759],[-73.92425,40.82763],[-73.92467,40.82778],[-73.92437,40.8283],[-73.92369,40.82807]]],[[[-73.9246,40.82827],[-73.9249,40.82777],[-73.92567,40.82801],[-73.9253,40.82866],[-73.92467,40.82846],[-73.9246,40.82827]]],[[[-73.92297,40.82719],[-73.92384,40.82745],[-73.92237,40.82995],[-73.92151,40.82965],[-73.92284,40.82724],[-73.92297,40.82719]]]]}},{"type":"Feature","properties":{"std_name":"Washington Heights","std_geoid":"0","pen":"politicians","std_note":null},"geometry":{"type":"MultiPolygon","coordinates":[[[[-73.93382,40.84836],[-73.93416,40.84788],[-73.93447,40.84801],[-73.93413,40.8485],[-73.93382,40.84836]]],[[[-73.93112,40.84811],[-73.93134,40.84781],[-73.93248,40.84831],[-73.93227,40.84861],[-73.93112,40.84811]]],[[[-73.93448,40.84864],[-73.93482,40.84816],[-73.93512,40.84828],[-73.93479,40.84876],[-73.93448,40.84864]]],[[[-73.93253,40.84871],[-73.93275,40.84842],[-73.93344,40.84872],[-73.93322,40.84901],[-73.93253,40.84871]]],[[[-73.93199,40.84904],[-73.93121,40.84869],[-73.93109,40.84886],[-73.93069,40.84868],[-73.93099,40.8483],[-73.93215,40.84881],[-73.93199,40.84904]]],[[[-73.9333,40.84904],[-73.9337,40.8485],[-73.93401,40.84863],[-73.93361,40.84917],[-73.9333,40.84904]]],[[[-73.93598,40.84927],[-73.93614,40.84902],[-73.93631,40.84909],[-73.93646,40.84884],[-73.93677,40.84896],[-73.93635,40.84941],[-73.93598,40.84927]]],[[[-73.9368,40.84955],[-73.93724,40.84909],[-73.93764,40.84916],[-73.93757,40.84942],[-73.93734,40.84938],[-73.93728,40.84964],[-73.9368,40.84955]]],[[[-73.93398,40.84932],[-73.93438,40.84878],[-73.93469,40.84891],[-73.93451,40.84916],[-73.93482,40.84928],[-73.93479,40.84933],[-73.9351,40.84946],[-73.93493,40.8497],[-73.93398,40.84932]]],[[[-73.93223,40.84913],[-73.93241,40.8489],[-73.93352,40.84937],[-73.93321,40.84976],[-73.93289,40.84963],[-73.93302,40.84946],[-73.93223,40.84913]]],[[[-73.9351,40.8498],[-73.93549,40.84926],[-73.93582,40.84939],[-73.93558,40.84968],[-73.93593,40.8498],[-73.9357,40.85004],[-73.9351,40.8498]]],[[[-73.93462,40.85013],[-73.93399,40.84987],[-73.93387,40.85004],[-73.93355,40.84991],[-73.93385,40.84952],[-73.93479,40.8499],[-73.93462,40.85013]]],[[[-73.93292,40.84986],[-73.93312,40.84992],[-73.93278,40.85036],[-73.93271,40.85033],[-73.93289,40.85008],[-73.93279,40.85003],[-73.93292,40.84986]]],[[[-73.93312,40.85049],[-73.93345,40.85006],[-73.93376,40.85019],[-73.93362,40.85038],[-73.93378,40.85044],[-73.9336,40.8507],[-73.93312,40.85049]]],[[[-73.93819,40.85078],[-73.93619,40.85025],[-73.93668,40.84971],[-73.93708,40.84978],[-73.93697,40.85007],[-73.937,40.8501],[-73.93838,40.85031],[-73.93819,40.85078]]],[[[-73.9367,40.8508],[-73.93683,40.85055],[-73.93714,40.85064],[-73.93698,40.85088],[-73.9367,40.8508]]],[[[-73.93595,40.85094],[-73.93563,40.8508],[-73.93587,40.85035],[-73.93632,40.85047],[-73.9361,40.85092],[-73.936,40.85087],[-73.93595,40.85094]]]]}},{"type":"Feature","properties":{"std_name":"West Village","std_geoid":"0","pen":"politicians","std_note":null},"geometry":{"type":"MultiPolygon","coordinates":[[[[-74.0026,40.7304],[-74.00294,40.73029],[-74.00321,40.73075],[-74.00286,40.73086],[-74.0026,40.7304]]],[[[-74.00488,40.73033],[-74.00503,40.73054],[-74.00478,40.73063],[-74.00492,40.73087],[-74.00466,40.73095],[-74.00459,40.73083],[-74.00488,40.73033]]],[[[-74.00319,40.73141],[-74.00292,40.73096],[-74.00318,40.73087],[-74.00331,40.7311],[-74.00373,40.73097],[-74.0036,40.73074],[-74.00377,40.73069],[-74.0039,40.73091],[-74.00415,40.73083],[-74.00404,40.7306],[-74.00427,40.73053],[-74.00433,40.73063],[-74.00403,40.73114],[-74.00319,40.73141]]],[[[-74.00497,40.73149],[-74.00471,40.73104],[-74.00488,40.73099],[-74.00492,40.73104],[-74.00502,40.73101],[-74.00521,40.73134],[-74.00507,40.73138],[-74.00511,40.73144],[-74.00497,40.73149]]],[[[-74.00196,40.73059],[-74.00245,40.73043],[-74.00285,40.73112],[-74.00121,40.7317],[-74.00119,40.73168],[-74.00196,40.73059]]],[[[-74.00443,40.73112],[-74.00459,40.73107],[-74.00486,40.73153],[-74.00405,40.73178],[-74.00443,40.73112]]],[[[-74.00503,40.73159],[-74.00528,40.7315],[-74.0054,40.7317],[-74.00514,40.73178],[-74.00503,40.73159]]],[[[-74.00324,40.7315],[-74.00396,40.73127],[-74.00358,40.73193],[-74.0035,40.73195],[-74.00324,40.7315]]],[[[-74.00398,40.73191],[-74.00491,40.73161],[-74.00503,40.73182],[-74.00381,40.7322],[-74.00398,40.73191]]],[[[-74.00128,40.73179],[-74.0029,40.73122],[-74.0032,40.73171],[-74.00169,40.73224],[-74.00128,40.73179]]],[[[-74.00549,40.73238],[-74.00519,40.73187],[-74.00536,40.73181],[-74.00545,40.73197],[-74.00564,40.7319],[-74.00571,40.73212],[-74.00546,40.73219],[-74.00557,40.73236],[-74.00549,40.73238]]],[[[-74.00179,40.73235],[-74.00326,40.73183],[-74.00345,40.73217],[-74.00334,40.73237],[-74.00217,40.73278],[-74.00179,40.73235]]],[[[-74.00373,40.73235],[-74.00508,40.73191],[-74.00538,40.73242],[-74.00402,40.73285],[-74.00373,40.73235]]],[[[-74.00178,40.73266],[-74.00165,40.73262],[-74.00166,40.7326],[-74.0016,40.73257],[-74.00163,40.73254],[-74.00111,40.73227],[-74.00105,40.73226],[-74.00116,40.73208],[-74.00129,40.73201],[-74.00202,40.73284],[-74.00186,40.73289],[-74.00167,40.7328],[-74.00178,40.73266]]],[[[-74.00332,40.73306],[-74.00364,40.7325],[-74.00387,40.73289],[-74.00332,40.73306]]],[[[-74.0059,40.73309],[-74.00555,40.73249],[-74.00578,40.73243],[-74.00635,40.73248],[-74.0063,40.7328],[-74.00596,40.73277],[-74.00597,40.73296],[-74.00604,40.73297],[-74.00605,40.73306],[-74.0059,40.73309]]],[[[-74.00225,40.73286],[-74.00325,40.7325],[-74.00285,40.73322],[-74.00262,40.73329],[-74.00225,40.73286]]],[[[-74.00409,40.73296],[-74.00544,40.73253],[-74.00577,40.73311],[-74.00431,40.73333],[-74.00409,40.73296]]],[[[-74.00321,40.73324],[-74.00394,40.73301],[-74.00414,40.73336],[-74.00305,40.73353],[-74.00321,40.73324]]],[[[-74.00169,40.73332],[-74.0016,40.73328],[-74.00164,40.73323],[-74.00176,40.73329],[-74.00205,40.73317],[-74.00244,40.73336],[-74.00167,40.73363],[-74.00161,40.7336],[-74.00175,40.73343],[-74.00169,40.73332]]],[[[-74.00254,40.73345],[-74.00265,40.7336],[-74.0018,40.73372],[-74.00181,40.73371],[-74.00254,40.73345]]],[[[-74.00126,40.73377],[-74.0012,40.73359],[-74.00144,40.73371],[-74.00126,40.73377]]],[[[-74.00037,40.73379],[-74.00046,40.73366],[-74.00061,40.73371],[-74.00065,40.73366],[-74.00069,40.73368],[-74.00077,40.73364],[-74.0008,40.73359],[-74.00085,40.73362],[-74.00106,40.73358],[-74.00112,40.7338],[-74.0004,40.73391],[-74.00037,40.73379]]],[[[-74.00449,40.73343],[-74.0058,40.73322],[-74.00623,40.73316],[-74.00619,40.73341],[-74.00595,40.73339],[-74.00597,40.73346],[-74.00475,40.73367],[-74.00481,40.73392],[-74.00464,40.73394],[-74.00449,40.73343]]],[[[-74.00008,40.73366],[-74.00011,40.73361],[-74.00031,40.7337],[-74.00026,40.73377],[-74.00031,40.73392],[-74.00009,40.73395],[-74.00001,40.7338],[-74.00011,40.73367],[-74.00008,40.73366]]],[[[-74.00297,40.73367],[-74.00419,40.73347],[-74.00444,40.73397],[-74.00302,40.73419],[-74.0029,40.73378],[-74.00297,40.73367]]],[[[-74.00264,40.73425],[-74.00281,40.73395],[-74.00288,40.73421],[-74.00264,40.73425]]],[[[-74.0013,40.73392],[-74.00255,40.73373],[-74.00223,40.7343],[-74.00144,40.73442],[-74.0013,40.73392]]],[[[-74.00482,40.73459],[-74.00467,40.73407],[-74.00503,40.73401],[-74.00518,40.73454],[-74.00482,40.73459]]],[[[-73.99978,40.73412],[-74.00116,40.73393],[-74.0013,40.73444],[-74.00009,40.73462],[-73.99978,40.73412]]],[[[-74.00439,40.73466],[-74.00432,40.73442],[-74.00422,40.73443],[-74.00421,40.73438],[-74.00439,40.73436],[-74.00432,40.73412],[-74.00451,40.73409],[-74.00466,40.73462],[-74.00439,40.73466]]],[[[-74.00241,40.73468],[-74.00256,40.73439],[-74.00292,40.73434],[-74.00294,40.73439],[-74.00265,40.73444],[-74.00269,40.7346],[-74.00262,40.73461],[-74.00263,40.73465],[-74.00241,40.73468]]],[[[-74.00241,40.73468],[-74.00249,40.73495],[-74.00222,40.73499],[-74.00239,40.73469],[-74.00241,40.73468]]],[[[-74.00148,40.73455],[-74.00213,40.73445],[-74.0018,40.73504],[-74.00163,40.73507],[-74.00148,40.73455]]],[[[-74.00134,40.73511],[-74.00128,40.7349],[-74.00114,40.73492],[-74.00112,40.73487],[-74.00063,40.73494],[-74.00055,40.73468],[-74.00134,40.73456],[-74.0015,40.73508],[-74.00134,40.73511]]],[[[-74.0018,40.73569],[-74.00214,40.73511],[-74.00233,40.73508],[-74.0024,40.73535],[-74.00211,40.73542],[-74.00211,40.73539],[-74.00201,40.7354],[-74.00209,40.73567],[-74.0018,40.73569]]],[[[-74.00136,40.73577],[-74.00128,40.73552],[-74.0012,40.73553],[-74.00112,40.73527],[-74.00153,40.73521],[-74.00158,40.73544],[-74.00139,40.73577],[-74.00136,40.73577]]]]}},{"type":"Feature","properties":{"std_name":"180th Street","std_geoid":"0","pen":"politicians","std_note":null},"geometry":{"type":"MultiPolygon","coordinates":[[[[-73.77805,40.70332],[-73.77886,40.70301],[-73.77902,40.70325],[-73.7783,40.70353],[-73.77805,40.70332]]],[[[-73.77958,40.70462],[-73.78105,40.70405],[-73.78121,40.70428],[-73.77987,40.70482],[-73.77958,40.70462]]],[[[-73.78125,40.70532],[-73.78041,40.70529],[-73.78002,40.70496],[-73.78081,40.70465],[-73.78125,40.70532]]],[[[-73.7795,40.70524],[-73.77644,40.7027],[-73.77648,40.70267],[-73.77643,40.70262],[-73.77638,40.70264],[-73.77511,40.70157],[-73.77457,40.70108],[-73.77364,40.70011],[-73.77394,40.69997],[-73.77529,40.70138],[-73.77722,40.70293],[-73.77728,40.70272],[-73.77548,40.70126],[-73.77457,40.70033],[-73.77415,40.69985],[-73.77655,40.69875],[-73.77657,40.69877],[-73.7766,40.69876],[-73.77687,40.69914],[-73.77695,40.6991],[-73.77775,40.70017],[-73.77916,40.69961],[-73.7796,40.69996],[-73.77971,40.70007],[-73.77958,40.70022],[-73.7795,40.70038],[-73.77935,40.70077],[-73.77928,40.7008],[-73.7791,40.70126],[-73.77907,40.70121],[-73.77864,40.70159],[-73.7789,40.70196],[-73.77822,40.70223],[-73.77818,40.70243],[-73.77911,40.70209],[-73.77927,40.70234],[-73.77845,40.70264],[-73.77862,40.70289],[-73.77797,40.70314],[-73.77786,40.70347],[-73.77892,40.70439],[-73.77949,40.7048],[-73.7801,40.70533],[-73.77976,40.70536],[-73.7795,40.70524]]],[[[-73.78157,40.70536],[-73.78102,40.70459],[-73.78135,40.70445],[-73.78177,40.70506],[-73.7821,40.70493],[-73.78237,40.70533],[-73.78184,40.70537],[-73.78157,40.70536]]]]}},{"type":"Feature","properties":{"std_name":"34th Street Partnership","std_geoid":"0","pen":"politicians","std_note":null},"geometry":{"type":"MultiPolygon","coordinates":[[[[-73.98209,40.74644],[-73.9824,40.74597],[-73.98306,40.74624],[-73.98273,40.7467],[-73.98209,40.74644]]],[[[-73.98162,40.74709],[-73.98198,40.74661],[-73.98326,40.74713],[-73.9829,40.74762],[-73.98162,40.74709]]],[[[-73.98235,40.7478],[-73.98243,40.74769],[-73.98274,40.74782],[-73.98266,40.74794],[-73.98235,40.7478]]],[[[-73.9876,40.74765],[-73.98778,40.74742],[-73.98815,40.74758],[-73.98805,40.74815],[-73.98745,40.74789],[-73.98762,40.74766],[-73.9876,40.74765]]],[[[-73.98318,40.74773],[-73.98352,40.74727],[-73.98486,40.7478],[-73.9845,40.74828],[-73.98318,40.74773]]],[[[-73.98832,40.74826],[-73.98834,40.74814],[-73.98868,40.74829],[-73.98862,40.74838],[-73.98832,40.74826]]],[[[-73.98791,40.7489],[-73.9862,40.74818],[-73.98527,40.74778],[-73.98559,40.74732],[-73.98615,40.74755],[-73.98598,40.74778],[-73.98606,40.74781],[-73.98621,40.74788],[-73.98638,40.74764],[-73.98646,40.74768],[-73.98629,40.74791],[-73.98637,40.74795],[-73.98675,40.7481],[-73.98691,40.74787],[-73.98722,40.748],[-73.98705,40.74823],[-73.98743,40.74839],[-73.98746,40.7484],[-73.98762,40.74816],[-73.98801,40.74832],[-73.98791,40.7489]]],[[[-73.98818,40.74894],[-73.98828,40.74844],[-73.98849,40.74853],[-73.98818,40.74894]]],[[[-73.98266,40.74843],[-73.98302,40.74795],[-73.98432,40.7485],[-73.98397,40.74897],[-73.98266,40.74843]]],[[[-73.98891,40.74851],[-73.98925,40.74804],[-73.99174,40.74909],[-73.9914,40.74956],[-73.98891,40.74851]]],[[[-73.98481,40.74841],[-73.98516,40.74793],[-73.98787,40.74907],[-73.9878,40.74946],[-73.98769,40.74961],[-73.98481,40.74841]]],[[[-73.99472,40.75013],[-73.99253,40.74922],[-73.99222,40.7491],[-73.99256,40.74863],[-73.99381,40.74914],[-73.99364,40.74938],[-73.99434,40.74967],[-73.99423,40.74982],[-73.99431,40.74985],[-73.99442,40.7497],[-73.99458,40.74977],[-73.99444,40.74995],[-73.99476,40.75008],[-73.99472,40.75013]]],[[[-73.98849,40.74914],[-73.98884,40.74867],[-73.99133,40.74973],[-73.99099,40.75019],[-73.98849,40.74914]]],[[[-73.9843,40.74908],[-73.98465,40.74862],[-73.98752,40.74984],[-73.98717,40.7503],[-73.9843,40.74908]]],[[[-73.9878,40.74991],[-73.98783,40.74993],[-73.9877,40.75049],[-73.98765,40.75053],[-73.98759,40.75053],[-73.98747,40.75047],[-73.98745,40.7504],[-73.98777,40.75],[-73.9878,40.74991]]],[[[-73.98817,40.74956],[-73.98838,40.74929],[-73.99088,40.75034],[-73.99054,40.75082],[-73.98813,40.7498],[-73.98817,40.74956]]],[[[-73.98707,40.75106],[-73.98741,40.75059],[-73.9876,40.75068],[-73.98749,40.75124],[-73.98707,40.75106]]],[[[-73.99758,40.75134],[-73.99508,40.7503],[-73.99516,40.75019],[-73.99547,40.75032],[-73.99555,40.7502],[-73.99775,40.7511],[-73.99758,40.75134]]],[[[-73.99132,40.75034],[-73.99212,40.74926],[-73.99463,40.75029],[-73.99383,40.75137],[-73.99132,40.75034]]],[[[-73.98795,40.75065],[-73.98806,40.75009],[-73.99035,40.75105],[-73.99,40.75151],[-73.98795,40.75065]]],[[[-73.98785,40.75141],[-73.98795,40.75085],[-73.9886,40.75111],[-73.98843,40.75135],[-73.98827,40.75129],[-73.9881,40.75152],[-73.98785,40.75141]]],[[[-73.99084,40.75096],[-73.99119,40.7505],[-73.99371,40.75153],[-73.99336,40.752],[-73.99084,40.75096]]],[[[-73.99007,40.75201],[-73.99022,40.75181],[-73.99053,40.75194],[-73.99039,40.75213],[-73.99007,40.75201]]],[[[-73.98914,40.75164],[-73.98931,40.75141],[-73.98994,40.75167],[-73.98959,40.75214],[-73.98915,40.75196],[-73.98933,40.75172],[-73.98914,40.75164]]],[[[-73.99415,40.75154],[-73.99494,40.75045],[-73.99745,40.75149],[-73.99667,40.75258],[-73.99415,40.75154]]],[[[-73.99273,40.75234],[-73.99179,40.75194],[-73.99161,40.75217],[-73.99138,40.75207],[-73.99155,40.75185],[-73.99092,40.75158],[-73.99076,40.75152],[-73.99058,40.75175],[-73.99035,40.75166],[-73.9907,40.75119],[-73.99322,40.75223],[-73.99289,40.75269],[-73.99257,40.75256],[-73.99273,40.75234]]],[[[-73.9937,40.75217],[-73.99405,40.7517],[-73.99657,40.75274],[-73.99623,40.75322],[-73.9937,40.75217]]],[[[-73.99202,40.75316],[-73.99219,40.75292],[-73.99228,40.75296],[-73.99246,40.75273],[-73.99275,40.75285],[-73.99241,40.75332],[-73.99202,40.75316]]],[[[-73.99294,40.7532],[-73.99306,40.75302],[-73.99348,40.75319],[-73.99331,40.75342],[-73.99315,40.75335],[-73.99319,40.7533],[-73.99294,40.7532]]],[[[-73.99702,40.75273],[-73.9978,40.75164],[-74.0003,40.75268],[-73.99952,40.75377],[-73.99702,40.75273]]],[[[-73.9932,40.75286],[-73.99354,40.75239],[-73.99607,40.75344],[-73.99574,40.7539],[-73.9932,40.75286]]],[[[-73.99603,40.75407],[-73.99638,40.7536],[-73.99702,40.75386],[-73.99667,40.75433],[-73.99603,40.75407]]],[[[-73.9985,40.75418],[-73.99867,40.75395],[-73.99871,40.75396],[-73.99885,40.75372],[-73.99939,40.75394],[-73.99905,40.75441],[-73.9985,40.75418]]]]}},{"type":"Feature","properties":{"std_name":"82nd Street Partnership","std_geoid":"0","pen":"politicians","std_note":null},"geometry":{"type":"MultiPolygon","coordinates":[[[[-73.88401,40.74754],[-73.88377,40.74619],[-73.88425,40.74634],[-73.88417,40.74634],[-73.88433,40.74721],[-73.88418,40.74723],[-73.8842,40.74734],[-73.88406,40.74735],[-73.88409,40.74753],[-73.88401,40.74754]]],[[[-73.88339,40.74731],[-73.88336,40.74715],[-73.883,40.74719],[-73.88346,40.74652],[-73.88364,40.7466],[-73.88381,40.74756],[-73.88308,40.74765],[-73.88302,40.74736],[-73.88339,40.74731]]],[[[-73.88405,40.74774],[-73.88441,40.7477],[-73.88476,40.74961],[-73.8844,40.74964],[-73.88405,40.74774]]],[[[-73.88363,40.74777],[-73.88384,40.74775],[-73.88419,40.74967],[-73.88383,40.74971],[-73.88353,40.74807],[-73.88368,40.74806],[-73.88363,40.74777]]],[[[-73.88444,40.74985],[-73.88515,40.74977],[-73.8852,40.75004],[-73.88449,40.75012],[-73.88444,40.74985]]],[[[-73.88385,40.7499],[-73.88423,40.74986],[-73.88428,40.75014],[-73.8839,40.75018],[-73.88385,40.7499]]]]}},{"type":"Feature","properties":{"std_name":"Atlantic Avenue","std_geoid":"0","pen":"politicians","std_note":null},"geometry":{"type":"MultiPolygon","coordinates":[[[[-73.98066,40.68518],[-73.97857,40.68437],[-73.97888,40.68391],[-73.97932,40.68408],[-73.97917,40.6843],[-73.9796,40.68447],[-73.97973,40.68452],[-73.97988,40.6843],[-73.98006,40.68437],[-73.97991,40.68459],[-73.97997,40.68461],[-73.98012,40.68439],[-73.98097,40.68472],[-73.98066,40.68518]]],[[[-73.98005,40.68548],[-73.97981,40.68539],[-73.9798,40.68541],[-73.97907,40.68513],[-73.97892,40.68536],[-73.97846,40.68519],[-73.97822,40.68486],[-73.97842,40.68457],[-73.98053,40.6854],[-73.98022,40.68586],[-73.98006,40.6858],[-73.9801,40.68573],[-73.97993,40.68567],[-73.98005,40.68548]]],[[[-73.98267,40.68595],[-73.98164,40.68555],[-73.98088,40.68525],[-73.98118,40.6848],[-73.98144,40.6849],[-73.98127,40.68515],[-73.98159,40.68528],[-73.98168,40.68529],[-73.9817,40.68526],[-73.98195,40.68534],[-73.98193,40.68538],[-73.98217,40.68547],[-73.98215,40.6855],[-73.98231,40.68556],[-73.98248,40.68531],[-73.98271,40.6854],[-73.98258,40.6856],[-73.98264,40.68562],[-73.98277,40.68567],[-73.9829,40.68547],[-73.98297,40.6855],[-73.98267,40.68595]]],[[[-73.9823,40.68639],[-73.98146,40.68606],[-73.98132,40.68628],[-73.98125,40.68626],[-73.98142,40.68601],[-73.98122,40.68594],[-73.9812,40.68596],[-73.98108,40.68588],[-73.98091,40.68586],[-73.98077,40.68607],[-73.98042,40.68593],[-73.98072,40.68548],[-73.98251,40.68618],[-73.98221,40.68663],[-73.98215,40.68661],[-73.9823,40.68639]]],[[[-73.98483,40.6868],[-73.98376,40.68639],[-73.98281,40.68602],[-73.98312,40.68556],[-73.98318,40.68558],[-73.98302,40.6858],[-73.98426,40.68628],[-73.98425,40.68631],[-73.98491,40.68654],[-73.98507,40.68632],[-73.98514,40.68634],[-73.98483,40.6868]]],[[[-73.98431,40.68717],[-73.9842,40.68712],[-73.98417,40.68716],[-73.98409,40.68713],[-73.98412,40.68709],[-73.98354,40.6869],[-73.98357,40.68685],[-73.98328,40.68673],[-73.9832,40.68674],[-73.98283,40.68659],[-73.98285,40.68657],[-73.98278,40.68654],[-73.98274,40.68659],[-73.98258,40.68653],[-73.98244,40.68673],[-73.98235,40.68669],[-73.98266,40.68623],[-73.9847,40.68701],[-73.98438,40.68748],[-73.98415,40.68739],[-73.98431,40.68717]]],[[[-73.987,40.68765],[-73.98539,40.68702],[-73.98497,40.68686],[-73.98529,40.6864],[-73.98537,40.68643],[-73.98522,40.68666],[-73.98562,40.68681],[-73.98566,40.68675],[-73.98574,40.68679],[-73.98571,40.68684],[-73.98578,40.68689],[-73.98619,40.68703],[-73.98617,40.68706],[-73.98633,40.68712],[-73.98658,40.68721],[-73.98659,40.68719],[-73.98668,40.68722],[-73.98667,40.68725],[-73.98689,40.68734],[-73.98706,40.68709],[-73.98731,40.68718],[-73.987,40.68765]]],[[[-73.9859,40.68806],[-73.98606,40.68782],[-73.9859,40.68775],[-73.98589,40.68778],[-73.9858,40.68775],[-73.98582,40.68772],[-73.98495,40.68738],[-73.98492,40.68742],[-73.98483,40.68739],[-73.98477,40.68748],[-73.98468,40.68745],[-73.9846,40.68756],[-73.98452,40.68753],[-73.98483,40.68708],[-73.98685,40.68786],[-73.98669,40.6881],[-73.98621,40.68791],[-73.98606,40.68813],[-73.9859,40.68806]]],[[[-73.98917,40.68849],[-73.98756,40.68786],[-73.98715,40.68771],[-73.98746,40.68724],[-73.98755,40.68728],[-73.9874,40.68749],[-73.9886,40.68797],[-73.98858,40.688],[-73.98862,40.68801],[-73.98866,40.68803],[-73.98868,40.688],[-73.989,40.68813],[-73.98902,40.68811],[-73.98908,40.68813],[-73.98922,40.68793],[-73.98948,40.68803],[-73.98917,40.68849]]],[[[-73.98837,40.68875],[-73.98711,40.68823],[-73.98694,40.68847],[-73.9867,40.68838],[-73.987,40.68793],[-73.98853,40.68852],[-73.98837,40.68875]]],[[[-73.9907,40.68901],[-73.98935,40.68856],[-73.98966,40.68809],[-73.98974,40.68813],[-73.98963,40.6883],[-73.9898,40.68835],[-73.98976,40.68841],[-73.98984,40.68844],[-73.98982,40.68848],[-73.99001,40.68855],[-73.99047,40.68872],[-73.99064,40.68847],[-73.99097,40.6886],[-73.9907,40.68901]]],[[[-73.99232,40.68955],[-73.99088,40.68907],[-73.99115,40.68867],[-73.99123,40.6887],[-73.9911,40.6889],[-73.99118,40.68893],[-73.99132,40.68874],[-73.99193,40.68897],[-73.99181,40.68915],[-73.99213,40.68925],[-73.99223,40.68909],[-73.99249,40.68919],[-73.99232,40.68955]]],[[[-73.99431,40.6901],[-73.99255,40.68962],[-73.99278,40.68914],[-73.99309,40.68922],[-73.99297,40.68948],[-73.99402,40.68977],[-73.99403,40.68975],[-73.99412,40.68978],[-73.9942,40.68961],[-73.99431,40.68963],[-73.99432,40.68956],[-73.99454,40.68962],[-73.99431,40.6901]]],[[[-73.99411,40.69056],[-73.9936,40.69043],[-73.99358,40.69047],[-73.9935,40.69045],[-73.99352,40.69041],[-73.99343,40.69037],[-73.99281,40.6902],[-73.99279,40.69025],[-73.99256,40.69019],[-73.99269,40.68991],[-73.99421,40.69033],[-73.99411,40.69056]]],[[[-73.99618,40.69063],[-73.99453,40.69017],[-73.99476,40.68968],[-73.99508,40.68977],[-73.99495,40.69004],[-73.99553,40.6902],[-73.99566,40.68993],[-73.99587,40.68999],[-73.99575,40.69026],[-73.99597,40.69032],[-73.9961,40.69005],[-73.99642,40.69014],[-73.99618,40.69063]]],[[[-73.99636,40.69067],[-73.9966,40.69019],[-73.99708,40.69032],[-73.99714,40.69021],[-73.99803,40.69046],[-73.99774,40.69106],[-73.99636,40.69067]]],[[[-73.99792,40.6911],[-73.99815,40.69061],[-73.99858,40.69073],[-73.99848,40.69098],[-73.99833,40.69114],[-73.99822,40.69119],[-73.99792,40.6911]]],[[[-73.99564,40.69099],[-73.9948,40.69075],[-73.99475,40.69086],[-73.99466,40.69083],[-73.99471,40.69072],[-73.99463,40.6907],[-73.9945,40.69096],[-73.99419,40.69088],[-73.99442,40.6904],[-73.99608,40.69085],[-73.99584,40.69134],[-73.99552,40.69125],[-73.99564,40.69099]]],[[[-73.99746,40.69156],[-73.99725,40.6915],[-73.99716,40.6917],[-73.99709,40.69169],[-73.99722,40.69142],[-73.99649,40.69122],[-73.99636,40.69148],[-73.99604,40.6914],[-73.99628,40.69091],[-73.99766,40.69129],[-73.99743,40.69178],[-73.99736,40.69176],[-73.99746,40.69156]]],[[[-73.9976,40.69182],[-73.99783,40.69135],[-73.99844,40.69151],[-73.99832,40.69172],[-73.99815,40.69168],[-73.99802,40.69194],[-73.9976,40.69182]]]]}},{"type":"Feature","properties":{"std_name":"Bay Ridge 5th Avenue","std_geoid":"0","pen":"politicians","std_note":null},"geometry":{"type":"MultiPolygon","coordinates":[[[[-74.02497,40.62219],[-74.02519,40.62198],[-74.02548,40.62216],[-74.02527,40.62272],[-74.02508,40.6226],[-74.02512,40.62256],[-74.025,40.62249],[-74.02509,40.6224],[-74.02503,40.62236],[-74.02512,40.62229],[-74.02497,40.62219]]],[[[-74.02551,40.62286],[-74.02574,40.6223],[-74.02606,40.62249],[-74.02583,40.62271],[-74.02595,40.62277],[-74.02572,40.62298],[-74.02551,40.62286]]],[[[-74.02466,40.62291],[-74.02489,40.62269],[-74.0252,40.62288],[-74.02497,40.62345],[-74.02469,40.62327],[-74.02488,40.62304],[-74.02466,40.62291]]],[[[-74.02521,40.6236],[-74.02543,40.62304],[-74.02575,40.62323],[-74.02553,40.62345],[-74.02565,40.62351],[-74.02556,40.6236],[-74.02561,40.62363],[-74.02548,40.62377],[-74.02521,40.6236]]],[[[-74.02446,40.6237],[-74.02468,40.62349],[-74.02488,40.62361],[-74.02465,40.62417],[-74.02434,40.62398],[-74.02457,40.62377],[-74.02446,40.6237]]],[[[-74.02491,40.62432],[-74.02515,40.62376],[-74.02545,40.62395],[-74.02523,40.62417],[-74.02535,40.62423],[-74.02513,40.62445],[-74.02491,40.62432]]],[[[-74.02415,40.62442],[-74.02437,40.62421],[-74.0246,40.62435],[-74.02438,40.6249],[-74.02418,40.62478],[-74.02422,40.62474],[-74.02409,40.62466],[-74.02426,40.62449],[-74.02415,40.62442]]],[[[-74.02462,40.62506],[-74.02485,40.6245],[-74.02518,40.6247],[-74.02496,40.62491],[-74.02507,40.62498],[-74.02485,40.6252],[-74.02462,40.62506]]],[[[-74.02384,40.62515],[-74.02407,40.62494],[-74.0243,40.62508],[-74.02406,40.62563],[-74.02374,40.62543],[-74.02396,40.62522],[-74.02384,40.62515]]],[[[-74.0243,40.62578],[-74.02454,40.62521],[-74.02486,40.62541],[-74.02464,40.62563],[-74.0248,40.62573],[-74.02458,40.62594],[-74.0243,40.62578]]],[[[-74.02356,40.62588],[-74.02371,40.62574],[-74.02378,40.62577],[-74.02385,40.62571],[-74.02401,40.62581],[-74.02377,40.62636],[-74.02359,40.62624],[-74.02363,40.6262],[-74.02349,40.62612],[-74.02367,40.62595],[-74.02356,40.62588]]],[[[-74.02401,40.62651],[-74.02425,40.62595],[-74.02449,40.6261],[-74.02444,40.62614],[-74.0245,40.62617],[-74.02435,40.62636],[-74.02446,40.62642],[-74.02423,40.62664],[-74.02401,40.62651]]],[[[-74.02325,40.62661],[-74.02346,40.6264],[-74.02369,40.62654],[-74.02346,40.6271],[-74.02315,40.62691],[-74.02334,40.62673],[-74.02328,40.6267],[-74.02333,40.62666],[-74.02325,40.62661]]],[[[-74.02406,40.62737],[-74.02394,40.62729],[-74.02389,40.62734],[-74.02373,40.62724],[-74.02396,40.62667],[-74.02424,40.62684],[-74.02414,40.62693],[-74.02413,40.627],[-74.02409,40.62704],[-74.02412,40.62706],[-74.02408,40.6271],[-74.02423,40.62719],[-74.02406,40.62737]]],[[[-74.02293,40.62734],[-74.02316,40.62712],[-74.02339,40.62726],[-74.02316,40.62781],[-74.02299,40.62771],[-74.02303,40.62767],[-74.0229,40.62759],[-74.02299,40.62751],[-74.02293,40.62747],[-74.02302,40.62739],[-74.02293,40.62734]]],[[[-74.02341,40.62796],[-74.02365,40.6274],[-74.02382,40.62751],[-74.02375,40.62758],[-74.02388,40.62765],[-74.02384,40.6277],[-74.0239,40.62773],[-74.02377,40.62784],[-74.02385,40.62788],[-74.02363,40.62809],[-74.02341,40.62796]]],[[[-74.02273,40.62798],[-74.02286,40.62785],[-74.02309,40.62799],[-74.02286,40.62856],[-74.0226,40.62839],[-74.02273,40.62826],[-74.02268,40.62823],[-74.02277,40.62814],[-74.0227,40.6281],[-74.02278,40.62801],[-74.02273,40.62798]]],[[[-74.02312,40.6287],[-74.02334,40.62814],[-74.02361,40.6283],[-74.02349,40.62843],[-74.02353,40.62845],[-74.02349,40.6285],[-74.02352,40.62852],[-74.02354,40.62849],[-74.02365,40.62856],[-74.02364,40.62858],[-74.02369,40.62861],[-74.02364,40.62865],[-74.02359,40.62862],[-74.02337,40.62884],[-74.02312,40.6287]]],[[[-74.02233,40.62879],[-74.02256,40.62856],[-74.0228,40.62871],[-74.02255,40.62928],[-74.02227,40.62911],[-74.02245,40.62893],[-74.0224,40.6289],[-74.02244,40.62885],[-74.02233,40.62879]]],[[[-74.0228,40.62944],[-74.02305,40.62887],[-74.02334,40.62904],[-74.02323,40.62912],[-74.02327,40.62915],[-74.02337,40.62906],[-74.0234,40.62907],[-74.02316,40.6293],[-74.02327,40.62936],[-74.02304,40.62958],[-74.0228,40.62944]]],[[[-74.02195,40.62959],[-74.02216,40.62939],[-74.02244,40.62955],[-74.02218,40.63019],[-74.02186,40.63004],[-74.02202,40.62984],[-74.022,40.62983],[-74.02204,40.62978],[-74.02195,40.62973],[-74.02203,40.62963],[-74.02195,40.62959]]],[[[-74.02244,40.6303],[-74.0227,40.6297],[-74.02299,40.62988],[-74.02289,40.62996],[-74.02296,40.63],[-74.02281,40.63012],[-74.02292,40.63018],[-74.02272,40.63042],[-74.02244,40.6303]]],[[[-74.02167,40.63043],[-74.0218,40.63028],[-74.0219,40.63033],[-74.02196,40.63026],[-74.02214,40.63035],[-74.02192,40.63086],[-74.02173,40.63078],[-74.02178,40.63071],[-74.02166,40.63065],[-74.02179,40.63049],[-74.02167,40.63043]]],[[[-74.02218,40.63097],[-74.0224,40.63047],[-74.02269,40.63061],[-74.02249,40.63085],[-74.02262,40.63091],[-74.02246,40.6311],[-74.02218,40.63097]]],[[[-74.02138,40.63112],[-74.02157,40.63088],[-74.02186,40.63101],[-74.02165,40.63156],[-74.02132,40.63141],[-74.02144,40.63125],[-74.02141,40.63124],[-74.02147,40.63117],[-74.02138,40.63112]]],[[[-74.02221,40.63175],[-74.02209,40.6317],[-74.02206,40.63175],[-74.0219,40.63168],[-74.02211,40.63113],[-74.0223,40.63121],[-74.02226,40.63126],[-74.02237,40.63131],[-74.02228,40.63146],[-74.02232,40.63149],[-74.02229,40.63153],[-74.02235,40.63156],[-74.02221,40.63175]]],[[[-74.02124,40.63163],[-74.02127,40.63158],[-74.02157,40.63172],[-74.02128,40.63244],[-74.02099,40.6323],[-74.02116,40.63209],[-74.02109,40.63206],[-74.02124,40.63189],[-74.02112,40.63183],[-74.02126,40.63164],[-74.02124,40.63163]]],[[[-74.02154,40.63255],[-74.02183,40.63184],[-74.02218,40.632],[-74.022,40.63223],[-74.02208,40.63226],[-74.02178,40.63265],[-74.02154,40.63255]]],[[[-74.0206,40.6332],[-74.02079,40.63297],[-74.02083,40.63299],[-74.02113,40.6326],[-74.02121,40.63264],[-74.02091,40.63334],[-74.0206,40.6332]]],[[[-74.02118,40.63344],[-74.02147,40.63274],[-74.0218,40.63289],[-74.0215,40.63328],[-74.02161,40.63334],[-74.02144,40.63356],[-74.02118,40.63344]]],[[[-74.01981,40.63335],[-74.02,40.63311],[-74.02084,40.63348],[-74.02063,40.63404],[-74.02044,40.63395],[-74.02048,40.6339],[-74.02035,40.63384],[-74.02049,40.63365],[-74.01981,40.63335]]],[[[-74.02089,40.63418],[-74.02111,40.63362],[-74.02144,40.63377],[-74.02125,40.63401],[-74.02138,40.63407],[-74.02119,40.63431],[-74.02089,40.63418]]],[[[-74.02032,40.6341],[-74.02056,40.63419],[-74.02039,40.63458],[-74.02007,40.63446],[-74.02032,40.6341]]],[[[-74.01992,40.63481],[-74.02004,40.63463],[-74.02033,40.63475],[-74.02027,40.63489],[-74.01992,40.63481]]],[[[-74.02057,40.63495],[-74.02083,40.63432],[-74.02112,40.63445],[-74.02106,40.63454],[-74.02097,40.63475],[-74.02108,40.63479],[-74.02105,40.63484],[-74.02098,40.63481],[-74.02082,40.63506],[-74.02057,40.63495]]],[[[-74.01966,40.63515],[-74.01996,40.63491],[-74.02024,40.63497],[-74.02006,40.6354],[-74.01966,40.63515]]],[[[-74.02031,40.63557],[-74.0205,40.63513],[-74.02082,40.63528],[-74.02057,40.63552],[-74.0207,40.6356],[-74.02057,40.63573],[-74.02031,40.63557]]],[[[-74.01771,40.63479],[-74.01792,40.63431],[-74.01998,40.63556],[-74.01995,40.63566],[-74.01963,40.63595],[-74.01771,40.63479]]],[[[-74.01885,40.63629],[-74.01922,40.63593],[-74.0195,40.6361],[-74.01913,40.63646],[-74.01885,40.63629]]],[[[-74.01931,40.63664],[-74.01974,40.63623],[-74.02141,40.63723],[-74.0199,40.63691],[-74.01931,40.63664]]],[[[-74.01987,40.63611],[-74.02026,40.63573],[-74.02223,40.63691],[-74.02184,40.6373],[-74.01987,40.63611]]]]}},{"type":"Feature","properties":{"std_name":"86th Street Bay Ridge","std_geoid":"0","pen":"politicians","std_note":null},"geometry":{"type":"MultiPolygon","coordinates":[[[[-74.02386,40.61991],[-74.02406,40.61968],[-74.0247,40.62],[-74.02446,40.62028],[-74.02386,40.61991]]],[[[-74.02468,40.62043],[-74.0249,40.62017],[-74.02559,40.62058],[-74.02536,40.62084],[-74.02468,40.62043]]],[[[-74.0272,40.62102],[-74.02693,40.62085],[-74.02728,40.62044],[-74.02762,40.62061],[-74.02737,40.6209],[-74.02734,40.62088],[-74.0272,40.62102]]],[[[-74.02554,40.62094],[-74.02571,40.62074],[-74.02596,40.6209],[-74.02601,40.62085],[-74.02608,40.62089],[-74.02656,40.62033],[-74.02661,40.62035],[-74.02675,40.62018],[-74.02707,40.62034],[-74.0262,40.62134],[-74.02554,40.62094]]],[[[-74.02417,40.6208],[-74.02447,40.6206],[-74.02603,40.62153],[-74.02561,40.62201],[-74.02528,40.62181],[-74.0255,40.6216],[-74.02417,40.6208]]],[[[-74.02641,40.62146],[-74.02681,40.62099],[-74.0285,40.62201],[-74.02827,40.62258],[-74.02641,40.62146]]],[[[-74.02855,40.62274],[-74.02877,40.62221],[-74.02913,40.6223],[-74.02891,40.62283],[-74.02855,40.62274]]],[[[-74.02777,40.62296],[-74.0263,40.62208],[-74.02608,40.6223],[-74.02582,40.62215],[-74.02623,40.62168],[-74.02816,40.62284],[-74.02792,40.62341],[-74.02755,40.62318],[-74.02777,40.62296]]],[[[-74.02817,40.62366],[-74.02845,40.62297],[-74.02882,40.62306],[-74.02854,40.62375],[-74.02817,40.62366]]]]}},{"type":"Feature","properties":{"std_name":"Bayside Village","std_geoid":"0","pen":"politicians","std_note":null},"geometry":{"type":"MultiPolygon","coordinates":[[[[-73.77004,40.76131],[-73.7696,40.76039],[-73.76988,40.76033],[-73.77001,40.7606],[-73.77035,40.76051],[-73.77066,40.76116],[-73.77004,40.76131]]],[[[-73.76911,40.76089],[-73.76871,40.76094],[-73.76869,40.76087],[-73.76908,40.76081],[-73.76903,40.76068],[-73.76865,40.76074],[-73.76859,40.76052],[-73.76924,40.76044],[-73.76944,40.76069],[-73.76976,40.76139],[-73.76888,40.76153],[-73.76881,40.76127],[-73.76923,40.7612],[-73.76911,40.76089]]],[[[-73.77014,40.7615],[-73.77076,40.76134],[-73.77095,40.76176],[-73.77061,40.76185],[-73.77094,40.76258],[-73.77064,40.76263],[-73.77014,40.7615]]],[[[-73.76996,40.76269],[-73.76988,40.76242],[-73.76969,40.76245],[-73.76949,40.76192],[-73.76937,40.76195],[-73.76929,40.76168],[-73.76985,40.76159],[-73.77033,40.76262],[-73.76996,40.76269]]],[[[-73.7711,40.76351],[-73.77095,40.76325],[-73.77089,40.76325],[-73.77082,40.76311],[-73.77086,40.7631],[-73.77071,40.76277],[-73.77136,40.76265],[-73.77149,40.76295],[-73.77161,40.76302],[-73.77368,40.76284],[-73.77542,40.76264],[-73.77552,40.76278],[-73.77223,40.76312],[-73.77225,40.76325],[-73.7724,40.76329],[-73.77253,40.76336],[-73.77158,40.76346],[-73.77142,40.76319],[-73.77125,40.76321],[-73.77131,40.76334],[-73.77135,40.76333],[-73.77143,40.76348],[-73.7711,40.76351]]],[[[-73.76571,40.7642],[-73.76556,40.76368],[-73.77011,40.76323],[-73.77007,40.76309],[-73.77011,40.76309],[-73.77006,40.76289],[-73.77045,40.76282],[-73.77083,40.76358],[-73.76985,40.76374],[-73.76977,40.76343],[-73.76855,40.76366],[-73.76851,40.76351],[-73.76679,40.76368],[-73.76668,40.76371],[-73.76676,40.764],[-73.76571,40.7642]]],[[[-73.77084,40.76427],[-73.77081,40.76417],[-73.77067,40.76419],[-73.77064,40.76402],[-73.77,40.76413],[-73.76992,40.76386],[-73.77088,40.7637],[-73.77113,40.76422],[-73.77084,40.76427]]],[[[-73.77197,40.76519],[-73.77154,40.76433],[-73.77119,40.76366],[-73.77149,40.76363],[-73.77197,40.76458],[-73.77229,40.76448],[-73.77256,40.76501],[-73.77197,40.76519]]],[[[-73.77129,40.76535],[-73.7712,40.76495],[-73.77114,40.76496],[-73.77107,40.76469],[-73.77098,40.7647],[-73.7709,40.76444],[-73.77123,40.76439],[-73.77171,40.76528],[-73.77129,40.76535]]],[[[-73.77265,40.76646],[-73.77208,40.76537],[-73.77235,40.76529],[-73.77249,40.76556],[-73.77283,40.76546],[-73.77326,40.76628],[-73.77265,40.76646]]],[[[-73.77202,40.76656],[-73.77194,40.76629],[-73.77175,40.76633],[-73.7717,40.7662],[-73.77157,40.76621],[-73.7715,40.76595],[-73.77159,40.76593],[-73.77154,40.7658],[-73.77128,40.76584],[-73.7712,40.76557],[-73.77183,40.76548],[-73.77237,40.7665],[-73.77202,40.76656]]],[[[-73.77274,40.76662],[-73.77301,40.76653],[-73.77369,40.76783],[-73.77339,40.76791],[-73.77274,40.76662]]],[[[-73.77225,40.7681],[-73.77219,40.76785],[-73.77205,40.76787],[-73.77197,40.76758],[-73.77224,40.76754],[-73.77204,40.76701],[-73.77208,40.767],[-73.77201,40.76674],[-73.77246,40.76667],[-73.77311,40.76797],[-73.77225,40.7681]]],[[[-73.77347,40.76807],[-73.77377,40.76798],[-73.77418,40.7688],[-73.77383,40.76886],[-73.77347,40.76807]]],[[[-73.77312,40.76901],[-73.77306,40.76877],[-73.77289,40.7688],[-73.77285,40.76865],[-73.77259,40.76869],[-73.77248,40.76828],[-73.77321,40.76816],[-73.77353,40.76888],[-73.77348,40.76893],[-73.77312,40.76901]]]]}},{"type":"Feature","properties":{"std_name":"Bed-Stuy Gateway","std_geoid":"0","pen":"politicians","std_note":null},"geometry":{"type":"MultiPolygon","coordinates":[[[[-73.94978,40.67891],[-73.94981,40.67864],[-73.9499,40.67865],[-73.94987,40.67891],[-73.94978,40.67891]]],[[[-73.9491,40.67952],[-73.94917,40.67888],[-73.94928,40.67889],[-73.9493,40.67862],[-73.94955,40.67864],[-73.94946,40.67953],[-73.9491,40.67952]]],[[[-73.9497,40.67954],[-73.94976,40.67904],[-73.95012,40.67906],[-73.95006,40.67956],[-73.9497,40.67954]]],[[[-73.93521,40.67952],[-73.93577,40.67899],[-73.93593,40.679],[-73.93589,40.67936],[-73.93631,40.67936],[-73.93631,40.6793],[-73.93798,40.67939],[-73.93797,40.67944],[-73.93832,40.67946],[-73.9383,40.67968],[-73.93521,40.67952]]],[[[-73.93857,40.6797],[-73.93859,40.67947],[-73.93866,40.67948],[-73.93867,40.67942],[-73.94111,40.67955],[-73.94108,40.67983],[-73.93857,40.6797]]],[[[-73.94132,40.67985],[-73.94135,40.67957],[-73.94184,40.6796],[-73.94188,40.67932],[-73.94196,40.67933],[-73.94193,40.6796],[-73.94215,40.67962],[-73.94251,40.67964],[-73.94254,40.67936],[-73.94357,40.67942],[-73.94353,40.67969],[-73.94382,40.67971],[-73.9438,40.67984],[-73.94388,40.67985],[-73.94386,40.67998],[-73.94378,40.67998],[-73.94132,40.67985]]],[[[-73.94409,40.67999],[-73.94415,40.67944],[-73.9452,40.6795],[-73.94517,40.67976],[-73.94521,40.67977],[-73.94609,40.67983],[-73.94609,40.67977],[-73.94593,40.67962],[-73.94585,40.67962],[-73.94586,40.67954],[-73.94669,40.67958],[-73.94664,40.68014],[-73.94409,40.67999]]],[[[-73.93791,40.68009],[-73.93763,40.68013],[-73.93758,40.67989],[-73.93828,40.67991],[-73.93826,40.68011],[-73.93791,40.6802],[-73.93791,40.68009]]],[[[-73.94689,40.68015],[-73.94692,40.67987],[-73.9492,40.68],[-73.94921,40.67991],[-73.94926,40.67991],[-73.94928,40.67973],[-73.94945,40.67974],[-73.9494,40.68029],[-73.94689,40.68015]]],[[[-73.9391,40.6802],[-73.93853,40.68018],[-73.93851,40.68008],[-73.93855,40.67994],[-73.94023,40.68001],[-73.94028,40.68024],[-73.93916,40.68035],[-73.93914,40.68041],[-73.93908,40.68042],[-73.9391,40.6802]]],[[[-73.94135,40.68031],[-73.94053,40.68028],[-73.94048,40.68003],[-73.94123,40.68007],[-73.94123,40.68009],[-73.94123,40.68007],[-73.94314,40.68016],[-73.94317,40.68024],[-73.94192,40.68038],[-73.94194,40.68021],[-73.94179,40.6802],[-73.94179,40.68023],[-73.9415,40.68024],[-73.94151,40.68042],[-73.94138,40.68044],[-73.94135,40.68031]]],[[[-73.94967,40.68029],[-73.9497,40.67974],[-73.94992,40.67975],[-73.9499,40.68002],[-73.95275,40.68019],[-73.95275,40.68023],[-73.95282,40.68023],[-73.95313,40.68021],[-73.95319,40.68049],[-73.94967,40.68029]]],[[[-73.94588,40.68051],[-73.94558,40.68051],[-73.94558,40.68048],[-73.94533,40.68051],[-73.94532,40.68048],[-73.94508,40.68048],[-73.94467,40.68053],[-73.94465,40.68044],[-73.94388,40.68053],[-73.94389,40.68044],[-73.94376,40.68046],[-73.94377,40.68041],[-73.94345,40.6804],[-73.94341,40.68019],[-73.94612,40.68031],[-73.94608,40.68051],[-73.94603,40.68057],[-73.94588,40.68065],[-73.94588,40.68051]]],[[[-73.94714,40.68066],[-73.94715,40.6806],[-73.94644,40.68055],[-73.94647,40.68034],[-73.94759,40.68041],[-73.94757,40.68062],[-73.94722,40.6806],[-73.94721,40.68066],[-73.94714,40.68066]]],[[[-73.94983,40.68097],[-73.94975,40.68053],[-73.95107,40.6806],[-73.95103,40.68076],[-73.95095,40.68083],[-73.95086,40.68086],[-73.95075,40.68087],[-73.95074,40.68078],[-73.95038,40.68076],[-73.9504,40.68091],[-73.94983,40.68097]]],[[[-73.95554,40.681],[-73.95348,40.68057],[-73.95342,40.68029],[-73.95375,40.68026],[-73.95379,40.68045],[-73.9541,40.68047],[-73.95433,40.68052],[-73.95454,40.6805],[-73.95493,40.68059],[-73.95496,40.68051],[-73.95543,40.68046],[-73.95554,40.681]]],[[[-73.94947,40.68102],[-73.94941,40.68074],[-73.94918,40.68077],[-73.94826,40.68071],[-73.94819,40.68071],[-73.94819,40.68065],[-73.94784,40.68063],[-73.94786,40.68042],[-73.94947,40.6805],[-73.94958,40.681],[-73.94947,40.68102]]],[[[-73.95276,40.68107],[-73.95263,40.68104],[-73.95262,40.68092],[-73.95255,40.68091],[-73.95254,40.68095],[-73.95199,40.68092],[-73.95198,40.68094],[-73.95177,40.68093],[-73.95175,40.68098],[-73.95162,40.681],[-73.9516,40.68093],[-73.95154,40.68091],[-73.95132,40.68094],[-73.95131,40.68085],[-73.95133,40.68077],[-73.9514,40.68069],[-73.95159,40.68062],[-73.95321,40.68071],[-73.95325,40.68087],[-73.95298,40.6809],[-73.953,40.68107],[-73.95277,40.6811],[-73.95276,40.68107]]],[[[-73.95397,40.68122],[-73.95396,40.68115],[-73.95391,40.68116],[-73.9539,40.6811],[-73.95361,40.68113],[-73.95354,40.68081],[-73.95432,40.68097],[-73.95436,40.68118],[-73.95397,40.68122]]],[[[-73.95527,40.68153],[-73.95526,40.68149],[-73.95504,40.68151],[-73.95501,40.6814],[-73.95497,40.68141],[-73.95497,40.68136],[-73.95491,40.68136],[-73.95491,40.6813],[-73.95459,40.68133],[-73.95453,40.68101],[-73.95559,40.68124],[-73.95564,40.68151],[-73.95527,40.68153]]],[[[-73.95842,40.6816],[-73.95579,40.68103],[-73.95566,40.68034],[-73.95591,40.68039],[-73.9559,40.68073],[-73.95776,40.68115],[-73.95779,40.68105],[-73.95794,40.6811],[-73.95794,40.68117],[-73.95815,40.68122],[-73.95828,40.68121],[-73.9582,40.68143],[-73.95828,40.68145],[-73.95832,40.68134],[-73.95837,40.68135],[-73.95842,40.6816]]],[[[-73.94989,40.68117],[-73.95023,40.68113],[-73.95033,40.68166],[-73.94999,40.6817],[-73.94989,40.68117]]],[[[-73.95626,40.6816],[-73.95607,40.68161],[-73.95606,40.68157],[-73.956,40.68156],[-73.95599,40.68151],[-73.95592,40.68151],[-73.95593,40.68144],[-73.95586,40.68143],[-73.95583,40.68129],[-73.95724,40.6816],[-73.95728,40.68177],[-73.95687,40.68182],[-73.95689,40.68177],[-73.95627,40.68164],[-73.95626,40.6816]]],[[[-73.94854,40.68132],[-73.9496,40.68121],[-73.94969,40.68173],[-73.94864,40.68185],[-73.94854,40.68132]]],[[[-73.95792,40.68199],[-73.95791,40.68195],[-73.9577,40.68198],[-73.95769,40.68194],[-73.95758,40.68194],[-73.95752,40.68165],[-73.95847,40.68185],[-73.95851,40.68205],[-73.95831,40.68207],[-73.95792,40.68199]]]]}},{"type":"Feature","properties":{"std_name":"Belmont","std_geoid":"0","pen":"politicians","std_note":null},"geometry":{"type":"MultiPolygon","coordinates":[[[[-73.88854,40.85277],[-73.88867,40.85252],[-73.889,40.85262],[-73.88888,40.85287],[-73.88854,40.85277]]],[[[-73.88906,40.85293],[-73.88922,40.85262],[-73.8897,40.85275],[-73.88955,40.85307],[-73.88906,40.85293]]],[[[-73.88886,40.85336],[-73.889,40.85311],[-73.88933,40.85321],[-73.88932,40.85326],[-73.88886,40.85336]]],[[[-73.88189,40.8533],[-73.88198,40.85297],[-73.88251,40.85312],[-73.88256,40.85301],[-73.88287,40.8531],[-73.88266,40.85353],[-73.88189,40.8533]]],[[[-73.88774,40.8536],[-73.88787,40.85334],[-73.88821,40.85345],[-73.88845,40.85296],[-73.88878,40.85305],[-73.8886,40.85341],[-73.88774,40.8536]]],[[[-73.88291,40.85358],[-73.883,40.85341],[-73.88363,40.85361],[-73.88355,40.85377],[-73.88291,40.85358]]],[[[-73.88665,40.85389],[-73.88678,40.85362],[-73.88706,40.85371],[-73.88719,40.85346],[-73.88757,40.85357],[-73.88751,40.85368],[-73.88665,40.85389]]],[[[-73.88381,40.85385],[-73.88387,40.85373],[-73.88413,40.85381],[-73.88421,40.85367],[-73.88454,40.85376],[-73.88441,40.85402],[-73.88381,40.85385]]],[[[-73.88552,40.85416],[-73.88579,40.85363],[-73.88647,40.85382],[-73.88641,40.85394],[-73.88552,40.85416]]],[[[-73.88461,40.85406],[-73.88467,40.85393],[-73.88535,40.85412],[-73.88531,40.85421],[-73.8852,40.85423],[-73.88461,40.85406]]],[[[-73.88171,40.85391],[-73.88183,40.8535],[-73.88257,40.85372],[-73.88251,40.85385],[-73.88219,40.85376],[-73.88213,40.85389],[-73.88244,40.85398],[-73.88232,40.85424],[-73.882,40.85414],[-73.88206,40.85401],[-73.88171,40.85391]]],[[[-73.88699,40.85402],[-73.88794,40.8538],[-73.8875,40.85432],[-73.88697,40.85405],[-73.88699,40.85402]]],[[[-73.88271,40.85406],[-73.88284,40.85381],[-73.88341,40.85398],[-73.88316,40.85449],[-73.88283,40.85439],[-73.88296,40.85414],[-73.88271,40.85406]]],[[[-73.8837,40.85408],[-73.88429,40.85426],[-73.88417,40.85451],[-73.88384,40.85441],[-73.88387,40.85434],[-73.88361,40.85426],[-73.8837,40.85408]]],[[[-73.88898,40.85357],[-73.88906,40.85358],[-73.88907,40.85364],[-73.88819,40.85465],[-73.88768,40.8544],[-73.88823,40.85373],[-73.88898,40.85357]]],[[[-73.88513,40.85473],[-73.88497,40.85465],[-73.88484,40.85472],[-73.88467,40.85465],[-73.88477,40.85459],[-73.88466,40.85456],[-73.88469,40.85449],[-73.88443,40.85442],[-73.8845,40.85429],[-73.88502,40.85446],[-73.88527,40.85457],[-73.88513,40.85473]]],[[[-73.88658,40.85413],[-73.88668,40.85416],[-73.8862,40.85473],[-73.88559,40.85444],[-73.88567,40.85436],[-73.88658,40.85413]]],[[[-73.88686,40.85422],[-73.88741,40.85447],[-73.88686,40.85509],[-73.88634,40.85482],[-73.88686,40.85422]]],[[[-73.8853,40.8548],[-73.88544,40.85465],[-73.88604,40.85494],[-73.8859,40.85509],[-73.8853,40.8548]]],[[[-73.88703,40.85517],[-73.88757,40.85454],[-73.88809,40.8548],[-73.88755,40.85542],[-73.88703,40.85517]]],[[[-73.88775,40.85553],[-73.88937,40.85366],[-73.88943,40.85366],[-73.88983,40.85428],[-73.88974,40.85439],[-73.88939,40.85421],[-73.88851,40.85521],[-73.88841,40.85533],[-73.88877,40.8555],[-73.88867,40.85561],[-73.88831,40.85544],[-73.88826,40.85549],[-73.88821,40.85555],[-73.8883,40.85559],[-73.88823,40.85568],[-73.8885,40.8558],[-73.88843,40.85588],[-73.88775,40.85553]]],[[[-73.88589,40.85536],[-73.88619,40.85501],[-73.88674,40.85527],[-73.8861,40.85598],[-73.88585,40.85585],[-73.88615,40.85549],[-73.88589,40.85536]]],[[[-73.88569,40.85605],[-73.88572,40.85601],[-73.88599,40.85614],[-73.88595,40.85618],[-73.88569,40.85605]]],[[[-73.88863,40.85598],[-73.88871,40.85588],[-73.889,40.85602],[-73.88895,40.85607],[-73.88925,40.85622],[-73.8892,40.85628],[-73.88863,40.85598]]],[[[-73.88688,40.85536],[-73.88741,40.8556],[-73.88678,40.8563],[-73.88628,40.85605],[-73.88688,40.85536]]],[[[-73.887,40.85641],[-73.8876,40.85572],[-73.88827,40.85608],[-73.88812,40.85626],[-73.88778,40.85607],[-73.88733,40.85658],[-73.887,40.85641]]],[[[-73.88885,40.85668],[-73.88827,40.8564],[-73.88847,40.85618],[-73.88904,40.85647],[-73.88885,40.85668]]],[[[-73.88434,40.85669],[-73.88449,40.85675],[-73.88432,40.85696],[-73.88418,40.85688],[-73.88434,40.85669]]],[[[-73.88462,40.85685],[-73.88465,40.85682],[-73.8852,40.85709],[-73.88512,40.85718],[-73.88485,40.85704],[-73.88489,40.85699],[-73.88462,40.85685]]],[[[-73.88094,40.85677],[-73.88106,40.85618],[-73.88157,40.85641],[-73.88152,40.85656],[-73.88171,40.85664],[-73.88188,40.85633],[-73.88221,40.85641],[-73.8818,40.85719],[-73.88094,40.85677]]],[[[-73.88602,40.85638],[-73.88615,40.85623],[-73.88666,40.85647],[-73.88599,40.85724],[-73.88574,40.85713],[-73.88627,40.85651],[-73.88602,40.85638]]],[[[-73.88618,40.85736],[-73.88687,40.85657],[-73.88721,40.85673],[-73.88651,40.85754],[-73.88618,40.85736]]],[[[-73.88207,40.85731],[-73.8826,40.85625],[-73.88305,40.85638],[-73.88256,40.85698],[-73.88303,40.85721],[-73.88273,40.85757],[-73.88236,40.85746],[-73.88207,40.85731]]],[[[-73.88292,40.85762],[-73.88314,40.85736],[-73.88322,40.85741],[-73.88329,40.85733],[-73.8838,40.85757],[-73.88359,40.85783],[-73.88292,40.85762]]],[[[-73.88377,40.85787],[-73.88405,40.85753],[-73.88458,40.85779],[-73.88435,40.85805],[-73.88377,40.85787]]],[[[-73.88223,40.8582],[-73.88186,40.85804],[-73.88174,40.85818],[-73.88159,40.8581],[-73.88178,40.85793],[-73.88196,40.85789],[-73.88239,40.85802],[-73.88223,40.8582]]],[[[-73.88456,40.85811],[-73.8848,40.85782],[-73.88506,40.85794],[-73.88554,40.85738],[-73.88527,40.85726],[-73.88535,40.85716],[-73.88585,40.85741],[-73.88511,40.85829],[-73.88456,40.85811]]],[[[-73.88288,40.85864],[-73.88264,40.85853],[-73.88259,40.85859],[-73.88252,40.85855],[-73.88281,40.85821],[-73.88254,40.85808],[-73.88255,40.85806],[-73.88324,40.85823],[-73.88288,40.85864]]],[[[-73.88533,40.85837],[-73.88605,40.85752],[-73.88638,40.8577],[-73.88632,40.85776],[-73.88665,40.85793],[-73.88659,40.85801],[-73.88626,40.85784],[-73.88586,40.85829],[-73.8862,40.85845],[-73.88599,40.8587],[-73.88533,40.85837]]],[[[-73.88322,40.8585],[-73.88343,40.85825],[-73.88414,40.85833],[-73.88377,40.85876],[-73.88322,40.8585]]],[[[-73.88617,40.85878],[-73.88633,40.8586],[-73.88663,40.85876],[-73.88667,40.85871],[-73.88695,40.85885],[-73.88675,40.85908],[-73.88617,40.85878]]],[[[-73.88476,40.859],[-73.88495,40.85878],[-73.8848,40.8587],[-73.8846,40.85892],[-73.88445,40.85884],[-73.88455,40.85873],[-73.88431,40.85865],[-73.88423,40.85873],[-73.88409,40.85866],[-73.88432,40.85837],[-73.88513,40.85861],[-73.88574,40.85893],[-73.88556,40.85911],[-73.88518,40.85891],[-73.88499,40.85912],[-73.88476,40.859]]],[[[-73.88612,40.85945],[-73.88585,40.85929],[-73.88587,40.85926],[-73.88571,40.85919],[-73.88589,40.859],[-73.8864,40.85927],[-73.88624,40.85945],[-73.88616,40.85941],[-73.88612,40.85945]]]]}},{"type":"Feature","properties":{"std_name":"Brighton Beach","std_geoid":"0","pen":"politicians","std_note":null},"geometry":{"type":"MultiPolygon","coordinates":[[[[-73.96747,40.57619],[-73.96754,40.57588],[-73.96822,40.57599],[-73.96818,40.57614],[-73.96747,40.57619]]],[[[-73.96655,40.57641],[-73.96659,40.57622],[-73.96694,40.57628],[-73.967,40.576],[-73.96665,40.57594],[-73.96685,40.57498],[-73.96757,40.57506],[-73.96755,40.57515],[-73.96761,40.57516],[-73.96734,40.57628],[-73.96655,40.57641]]],[[[-73.96584,40.57623],[-73.96637,40.57618],[-73.96632,40.57642],[-73.96589,40.5765],[-73.96584,40.57623]]],[[[-73.96512,40.57639],[-73.96569,40.57634],[-73.96572,40.57653],[-73.96517,40.57666],[-73.96512,40.57639]]],[[[-73.96802,40.57682],[-73.96757,40.57676],[-73.96756,40.57682],[-73.96721,40.57676],[-73.96726,40.57655],[-73.9681,40.57648],[-73.96802,40.57682]]],[[[-73.96454,40.57651],[-73.96488,40.57649],[-73.96492,40.57671],[-73.96426,40.57684],[-73.96421,40.5766],[-73.96455,40.57657],[-73.96454,40.57651]]],[[[-73.96326,40.57674],[-73.964,40.57667],[-73.96404,40.57688],[-73.96332,40.57704],[-73.96326,40.57674]]],[[[-73.96607,40.57679],[-73.967,40.57659],[-73.96694,40.57689],[-73.96617,40.57705],[-73.96607,40.57679]]],[[[-73.96535,40.57723],[-73.96526,40.57696],[-73.96592,40.57682],[-73.96603,40.57709],[-73.96535,40.57723]]],[[[-73.96306,40.57686],[-73.96311,40.5771],[-73.96242,40.57725],[-73.96237,40.57699],[-73.96274,40.57696],[-73.96272,40.57689],[-73.96306,40.57686]]],[[[-73.96502,40.57701],[-73.96513,40.57727],[-73.96445,40.57742],[-73.96436,40.57715],[-73.96502,40.57701]]],[[[-73.96144,40.57712],[-73.96219,40.57706],[-73.96224,40.57729],[-73.96149,40.57745],[-73.96144,40.57712]]],[[[-73.96346,40.57734],[-73.96415,40.57721],[-73.96424,40.57747],[-73.96355,40.57761],[-73.96346,40.57734]]],[[[-73.96061,40.57733],[-73.96126,40.57731],[-73.96129,40.57749],[-73.96063,40.57763],[-73.96061,40.57733]]],[[[-73.95981,40.5778],[-73.95979,40.57742],[-73.96013,40.57741],[-73.96013,40.57746],[-73.9604,40.57745],[-73.96042,40.57768],[-73.95981,40.5778]]],[[[-73.96256,40.57754],[-73.96325,40.5774],[-73.96334,40.57766],[-73.96266,40.57781],[-73.96256,40.57754]]],[[[-73.96231,40.57758],[-73.96242,40.57785],[-73.96174,40.578],[-73.96164,40.57773],[-73.96231,40.57758]]],[[[-73.95918,40.57757],[-73.95945,40.57756],[-73.95947,40.57788],[-73.95876,40.57804],[-73.95874,40.57771],[-73.95919,40.57768],[-73.95918,40.57757]]],[[[-73.96075,40.57792],[-73.96145,40.57778],[-73.96154,40.57804],[-73.96085,40.57819],[-73.96075,40.57792]]],[[[-73.95594,40.57805],[-73.95604,40.57792],[-73.95671,40.57815],[-73.95648,40.57847],[-73.95616,40.57834],[-73.95626,40.5782],[-73.95594,40.57805]]],[[[-73.95746,40.57858],[-73.95714,40.57846],[-73.95706,40.57858],[-73.95699,40.57854],[-73.95701,40.57851],[-73.95678,40.57841],[-73.95693,40.5782],[-73.9576,40.57839],[-73.95746,40.57858]]],[[[-73.95907,40.57826],[-73.95944,40.57819],[-73.95945,40.5783],[-73.95921,40.57863],[-73.9589,40.5785],[-73.95907,40.57826]]],[[[-73.95986,40.57882],[-73.9598,40.57812],[-73.96053,40.57796],[-73.96062,40.57823],[-73.96025,40.57831],[-73.96025,40.57838],[-73.96029,40.57837],[-73.9603,40.57848],[-73.96013,40.57849],[-73.96017,40.57881],[-73.95986,40.57882]]],[[[-73.95921,40.57897],[-73.95947,40.5786],[-73.9595,40.57896],[-73.95921,40.57897]]],[[[-73.95806,40.57869],[-73.95793,40.57864],[-73.9579,40.57868],[-73.95767,40.57863],[-73.95781,40.57843],[-73.95823,40.57844],[-73.95871,40.57836],[-73.95825,40.57901],[-73.95792,40.57888],[-73.95806,40.57869]]]]}},{"type":"Feature","properties":{"std_name":"Bryant Park Corporation","std_geoid":"0","pen":"politicians","std_note":null},"geometry":{"type":"MultiPolygon","coordinates":[[[[-73.98085,40.75248],[-73.98102,40.75224],[-73.98108,40.75226],[-73.98124,40.75205],[-73.98162,40.75221],[-73.98128,40.75266],[-73.98085,40.75248]]],[[[-73.98031,40.75309],[-73.98065,40.75263],[-73.98117,40.75285],[-73.98083,40.75331],[-73.98031,40.75309]]],[[[-73.98491,40.75341],[-73.98327,40.75272],[-73.98205,40.7522],[-73.98238,40.75174],[-73.98296,40.75198],[-73.98279,40.75221],[-73.98397,40.75271],[-73.9841,40.75276],[-73.98427,40.75253],[-73.9844,40.75259],[-73.98424,40.75282],[-73.98478,40.75305],[-73.98471,40.75315],[-73.98502,40.75328],[-73.98491,40.75341]]],[[[-73.98482,40.75418],[-73.98517,40.75371],[-73.9858,40.75397],[-73.98546,40.75444],[-73.98482,40.75418]]],[[[-73.98113,40.75344],[-73.9819,40.75237],[-73.98479,40.75357],[-73.98401,40.75465],[-73.98113,40.75344]]],[[[-73.9853,40.7549],[-73.98522,40.75487],[-73.98505,40.75511],[-73.98435,40.75482],[-73.98468,40.75434],[-73.98563,40.75473],[-73.98529,40.75521],[-73.98513,40.75514],[-73.9853,40.7549]]],[[[-73.98081,40.75393],[-73.98097,40.7537],[-73.98385,40.7549],[-73.98349,40.75538],[-73.98142,40.7545],[-73.98159,40.75426],[-73.98081,40.75393]]],[[[-73.98384,40.7555],[-73.9842,40.75503],[-73.98557,40.7556],[-73.98523,40.75608],[-73.98384,40.7555]]]]}},{"type":"Feature","properties":{"std_name":"Castle Hill","std_geoid":"0","pen":"politicians","std_note":null},"geometry":{"type":"MultiPolygon","coordinates":[[[[-73.85102,40.83112],[-73.85092,40.8307],[-73.85125,40.8308],[-73.85132,40.83108],[-73.85102,40.83112]]],[[[-73.8499,40.83068],[-73.85055,40.8306],[-73.85069,40.83116],[-73.85004,40.83125],[-73.8499,40.83068]]],[[[-73.85119,40.83183],[-73.85105,40.83128],[-73.85125,40.83125],[-73.85131,40.83153],[-73.85142,40.83152],[-73.85149,40.83179],[-73.85119,40.83183]]],[[[-73.85043,40.83136],[-73.85073,40.83132],[-73.85087,40.83188],[-73.85047,40.83194],[-73.8504,40.83165],[-73.85049,40.83164],[-73.85043,40.83136]]],[[[-73.85135,40.83256],[-73.85121,40.83199],[-73.8515,40.83195],[-73.85157,40.83224],[-73.85166,40.83222],[-73.85173,40.83251],[-73.85135,40.83256]]],[[[-73.85059,40.83208],[-73.85088,40.83204],[-73.85102,40.8326],[-73.85072,40.83264],[-73.85059,40.83208]]],[[[-73.85138,40.83271],[-73.85169,40.83267],[-73.85182,40.83324],[-73.85151,40.83328],[-73.85138,40.83271]]],[[[-73.85092,40.83336],[-73.85077,40.83279],[-73.85105,40.83276],[-73.85119,40.83332],[-73.85092,40.83336]]],[[[-73.85178,40.83407],[-73.85157,40.83343],[-73.85193,40.83338],[-73.85202,40.83374],[-73.8523,40.83377],[-73.8523,40.83352],[-73.85279,40.83347],[-73.85281,40.83362],[-73.85299,40.8336],[-73.85297,40.83353],[-73.85392,40.8334],[-73.85395,40.83367],[-73.85445,40.8336],[-73.85449,40.83378],[-73.85178,40.83407]],[[-73.85336,40.83372],[-73.85341,40.83371],[-73.85336,40.83371],[-73.85336,40.83372]]],[[[-73.851,40.83351],[-73.85123,40.83348],[-73.85144,40.83411],[-73.84959,40.8343],[-73.84953,40.83405],[-73.84989,40.83401],[-73.84987,40.83393],[-73.85107,40.83378],[-73.851,40.83351]]],[[[-73.85295,40.83421],[-73.85333,40.83417],[-73.85365,40.83441],[-73.853,40.83449],[-73.85295,40.83421]]],[[[-73.84958,40.83461],[-73.8501,40.83453],[-73.85018,40.83483],[-73.84966,40.83491],[-73.84958,40.83461]]],[[[-73.85152,40.83561],[-73.85147,40.83529],[-73.85054,40.83539],[-73.85031,40.8345],[-73.85154,40.83436],[-73.85182,40.83515],[-73.85189,40.83557],[-73.85152,40.83561]]],[[[-73.85234,40.83625],[-73.85197,40.8343],[-73.85275,40.83422],[-73.8528,40.83451],[-73.85244,40.83455],[-73.85275,40.83621],[-73.85234,40.83625]]],[[[-73.85195,40.83628],[-73.85189,40.83598],[-73.8516,40.83601],[-73.85155,40.83577],[-73.85193,40.83573],[-73.85203,40.83627],[-73.85195,40.83628]]],[[[-73.85196,40.83644],[-73.85204,40.83643],[-73.85214,40.83697],[-73.85207,40.83698],[-73.85196,40.83644]]],[[[-73.85239,40.83646],[-73.85279,40.83642],[-73.85289,40.83699],[-73.8525,40.83704],[-73.85239,40.83646]]]]}},{"type":"Feature","properties":{"std_name":"Chinatown","std_geoid":"0","pen":"politicians","std_note":null},"geometry":{"type":"MultiPolygon","coordinates":[[[[-73.99465,40.71201],[-73.99474,40.712],[-73.99472,40.71193],[-73.99635,40.71179],[-73.99637,40.71194],[-73.99656,40.71192],[-73.99657,40.712],[-73.99683,40.71198],[-73.99684,40.71203],[-73.99445,40.71224],[-73.99444,40.71215],[-73.9946,40.71214],[-73.99459,40.71208],[-73.99466,40.71208],[-73.99465,40.71201]]],[[[-73.99266,40.71238],[-73.99262,40.7121],[-73.99281,40.71209],[-73.99277,40.7118],[-73.99345,40.71175],[-73.99359,40.71202],[-73.99389,40.712],[-73.99391,40.7122],[-73.99424,40.71218],[-73.99425,40.71225],[-73.99266,40.71238]]],[[[-73.99701,40.71216],[-73.99771,40.71209],[-73.99787,40.71266],[-73.99716,40.71273],[-73.99701,40.71216]]],[[[-73.99447,40.71239],[-73.99688,40.71218],[-73.99704,40.71274],[-73.99456,40.71295],[-73.99447,40.71239]]],[[[-73.99268,40.71254],[-73.99427,40.7124],[-73.99435,40.71296],[-73.99276,40.71309],[-73.99268,40.71254]]],[[[-73.99721,40.71288],[-73.99792,40.71282],[-73.99804,40.71326],[-73.99798,40.71331],[-73.99734,40.71336],[-73.99721,40.71288]]],[[[-73.99457,40.7131],[-73.99708,40.71289],[-73.99721,40.71338],[-73.99464,40.71359],[-73.99457,40.7131]]],[[[-73.99818,40.71344],[-73.99835,40.71348],[-73.99793,40.71364],[-73.99805,40.7135],[-73.99818,40.71344]]],[[[-73.99279,40.71325],[-73.99436,40.71312],[-73.99442,40.71361],[-73.99286,40.71374],[-73.99279,40.71325]]],[[[-73.99739,40.71356],[-73.99764,40.71354],[-73.99768,40.71375],[-73.99748,40.71388],[-73.99739,40.71356]]],[[[-73.99025,40.71346],[-73.99228,40.71329],[-73.99235,40.71378],[-73.99031,40.71395],[-73.99025,40.71346]]],[[[-73.99494,40.71416],[-73.99473,40.71379],[-73.99727,40.71357],[-73.99738,40.71397],[-73.99494,40.71416]]],[[[-73.99406,40.71385],[-73.99454,40.71381],[-73.99473,40.71418],[-73.99425,40.71421],[-73.99406,40.71385]]],[[[-73.99313,40.71429],[-73.99307,40.71392],[-73.99379,40.71387],[-73.99385,40.71424],[-73.99313,40.71429]]],[[[-73.99034,40.71415],[-73.99238,40.71398],[-73.99243,40.71434],[-73.99079,40.71446],[-73.99037,40.71434],[-73.99034,40.71415]]],[[[-73.99887,40.71447],[-73.99874,40.71365],[-73.99949,40.71401],[-73.99953,40.71443],[-73.99887,40.71447]]],[[[-73.9973,40.71464],[-73.99765,40.71416],[-73.99774,40.7142],[-73.99786,40.71434],[-73.99809,40.71444],[-73.99809,40.71458],[-73.99801,40.71479],[-73.9973,40.71464]]],[[[-73.9922,40.71448],[-73.99244,40.71446],[-73.99246,40.71466],[-73.99232,40.71493],[-73.99224,40.71491],[-73.99235,40.71472],[-73.99211,40.71465],[-73.9922,40.71448]]],[[[-73.99772,40.71407],[-73.99859,40.71367],[-73.99879,40.71495],[-73.99809,40.7148],[-73.99816,40.71459],[-73.99817,40.71442],[-73.99788,40.71427],[-73.99772,40.71407]]],[[[-73.9931,40.71441],[-73.99385,40.71436],[-73.99337,40.71525],[-73.99277,40.71507],[-73.9931,40.71441]]],[[[-73.99401,40.71435],[-73.99444,40.71507],[-73.9942,40.71551],[-73.9935,40.71529],[-73.99401,40.71435]]],[[[-73.997,40.71504],[-73.99725,40.7147],[-73.99878,40.71502],[-73.99846,40.71556],[-73.997,40.71504]]],[[[-74.0006,40.71513],[-74.00054,40.71452],[-74.00195,40.71519],[-74.00163,40.71563],[-74.0006,40.71513]]],[[[-73.99889,40.71454],[-73.99954,40.7145],[-73.99959,40.71511],[-73.99928,40.71585],[-73.9986,40.71561],[-73.99896,40.71498],[-73.99889,40.71454]]],[[[-73.99975,40.71519],[-73.99964,40.71407],[-74.00037,40.71441],[-74.00046,40.71549],[-74.00008,40.71611],[-73.99945,40.71589],[-73.99975,40.71519]]],[[[-73.99632,40.71617],[-73.99693,40.71516],[-73.99761,40.7154],[-73.99698,40.71641],[-73.99632,40.71617]]],[[[-73.99217,40.71622],[-73.99268,40.71524],[-73.99329,40.71543],[-73.99278,40.71641],[-73.99217,40.71622]]],[[[-73.99713,40.71646],[-73.99776,40.71545],[-73.99839,40.71567],[-73.99776,40.71668],[-73.99713,40.71646]]],[[[-73.99791,40.71673],[-73.99854,40.71572],[-73.99921,40.71596],[-73.99859,40.71697],[-73.99791,40.71673]]],[[[-73.9946,40.71696],[-73.9951,40.71598],[-73.99537,40.71606],[-73.99566,40.71659],[-73.99532,40.71718],[-73.9946,40.71696]]],[[[-73.99873,40.71702],[-73.99936,40.71601],[-74.00004,40.71625],[-73.99941,40.71726],[-73.99873,40.71702]]],[[[-73.99169,40.71718],[-73.99211,40.71635],[-73.99272,40.71653],[-73.9923,40.71736],[-73.99169,40.71718]]],[[[-73.99562,40.71728],[-73.99617,40.71641],[-73.99684,40.71664],[-73.99629,40.71752],[-73.99562,40.71728]]],[[[-73.99957,40.7173],[-73.99968,40.71712],[-74.00031,40.71739],[-74.0002,40.71753],[-73.99957,40.7173]]],[[[-73.99302,40.71759],[-73.99278,40.71753],[-73.99285,40.71738],[-73.99277,40.71736],[-73.99274,40.71742],[-73.99247,40.71735],[-73.99287,40.71657],[-73.99356,40.71678],[-73.99311,40.71765],[-73.99301,40.71762],[-73.99302,40.71759]]],[[[-73.99644,40.71757],[-73.99699,40.7167],[-73.99762,40.71692],[-73.99708,40.7178],[-73.99644,40.71757]]],[[[-73.99946,40.71748],[-73.99949,40.71742],[-74.00011,40.71764],[-73.99995,40.71784],[-73.99946,40.71748]]],[[[-74.00043,40.71762],[-74.00071,40.71727],[-74.0009,40.71735],[-74.00106,40.71713],[-74.00141,40.7173],[-74.00091,40.71784],[-74.00043,40.71762]]],[[[-73.99293,40.71644],[-73.99343,40.71547],[-73.99411,40.71568],[-73.99404,40.71582],[-73.99428,40.71589],[-73.99435,40.71575],[-73.99478,40.71588],[-73.99368,40.71802],[-73.99326,40.71789],[-73.99386,40.71672],[-73.99293,40.71644]]],[[[-73.99722,40.71785],[-73.99777,40.71697],[-73.99844,40.71721],[-73.99836,40.71733],[-73.99803,40.71721],[-73.99772,40.71771],[-73.99788,40.71777],[-73.9978,40.7179],[-73.99788,40.71793],[-73.9978,40.71806],[-73.99722,40.71785]]],[[[-74.00015,40.71798],[-74.00035,40.71773],[-74.00082,40.71794],[-74.00053,40.71825],[-74.00015,40.71798]]],[[[-74.00115,40.71794],[-74.00163,40.71741],[-74.00177,40.71748],[-74.0016,40.71768],[-74.00167,40.71771],[-74.00163,40.71776],[-74.00171,40.7178],[-74.00167,40.71784],[-74.00205,40.71802],[-74.00184,40.71826],[-74.00115,40.71794]]],[[[-73.99401,40.71812],[-73.99454,40.71708],[-73.99526,40.7173],[-73.99471,40.71833],[-73.99401,40.71812]]],[[[-73.99821,40.7182],[-73.99837,40.71794],[-73.99853,40.718],[-73.99881,40.71756],[-73.99847,40.71745],[-73.99859,40.71725],[-73.99917,40.71765],[-73.99872,40.71838],[-73.99821,40.7182]]],[[[-74.00191,40.71828],[-74.00234,40.71776],[-74.00289,40.71803],[-74.00247,40.71853],[-74.00191,40.71828]]],[[[-73.99887,40.71842],[-73.9993,40.71772],[-73.99978,40.71807],[-73.99936,40.71859],[-73.99887,40.71842]]],[[[-73.99521,40.71793],[-73.99554,40.71739],[-73.99622,40.71763],[-73.99591,40.71814],[-73.99566,40.71868],[-73.99497,40.71844],[-73.99521,40.71793]]],[[[-74.00073,40.7184],[-74.00106,40.71804],[-74.00176,40.71835],[-74.00135,40.71884],[-74.00073,40.7184]]],[[[-73.99605,40.71819],[-73.99637,40.71768],[-73.99701,40.71791],[-73.99666,40.71848],[-73.99644,40.71896],[-73.9958,40.71873],[-73.99605,40.71819]]],[[[-73.99938,40.71893],[-73.99996,40.7182],[-74.00034,40.71847],[-73.99976,40.7191],[-73.99938,40.71893]]],[[[-73.99692,40.71834],[-73.99715,40.71795],[-73.99774,40.71816],[-73.99763,40.71835],[-73.99755,40.71832],[-73.9975,40.71839],[-73.99733,40.71833],[-73.99707,40.71877],[-73.99705,40.71883],[-73.9972,40.71888],[-73.99716,40.71895],[-73.99721,40.71897],[-73.99709,40.71917],[-73.99659,40.719],[-73.99692,40.71834]]],[[[-74.0014,40.71887],[-74.00182,40.71838],[-74.00238,40.71863],[-74.00188,40.71922],[-74.0014,40.71887]]],[[[-73.99354,40.71907],[-73.99394,40.71828],[-73.99463,40.71849],[-73.99428,40.71929],[-73.99354,40.71907]]],[[[-73.9975,40.71929],[-73.99759,40.7191],[-73.99785,40.71919],[-73.998,40.71886],[-73.99815,40.71862],[-73.9979,40.71853],[-73.99806,40.71827],[-73.99865,40.71848],[-73.99833,40.71897],[-73.99812,40.7195],[-73.9975,40.71929]]],[[[-74.00097,40.71966],[-74.00001,40.71921],[-74.00054,40.71861],[-74.0017,40.71944],[-74.00158,40.7196],[-74.00117,40.71942],[-74.00097,40.71966]]],[[[-73.99847,40.71903],[-73.99879,40.71853],[-73.99927,40.7187],[-73.99848,40.71967],[-73.99824,40.71957],[-73.99847,40.71903]]],[[[-73.99456,40.7195],[-73.99491,40.71861],[-73.9956,40.71885],[-73.99522,40.71976],[-73.99456,40.7195]]],[[[-73.99869,40.71977],[-73.99929,40.71903],[-73.99968,40.7192],[-73.99901,40.71993],[-73.99869,40.71977]]],[[[-73.99537,40.71982],[-73.99574,40.71889],[-73.99638,40.71911],[-73.99614,40.71972],[-73.99581,40.71961],[-73.99578,40.71967],[-73.99586,40.7197],[-73.99575,40.71998],[-73.99537,40.71982]]],[[[-73.99923,40.72004],[-73.99991,40.7193],[-74.0002,40.71943],[-73.99971,40.72],[-73.99948,40.71988],[-73.99931,40.72007],[-73.99923,40.72004]]]]}},{"type":"Feature","properties":{"std_name":"Church Flatbush Community Alliance","std_geoid":"0","pen":"politicians","std_note":null},"geometry":{"type":"MultiPolygon","coordinates":[[[[-73.9574,40.64412],[-73.95777,40.6441],[-73.95782,40.64449],[-73.95744,40.64451],[-73.9574,40.64412]]],[[[-73.95807,40.6442],[-73.95836,40.64407],[-73.95846,40.64458],[-73.95837,40.6446],[-73.95841,40.64494],[-73.95815,40.64497],[-73.95807,40.6442]]],[[[-73.95747,40.64472],[-73.95784,40.6447],[-73.95789,40.64525],[-73.95752,40.64528],[-73.95747,40.64472]]],[[[-73.95825,40.64638],[-73.95818,40.64517],[-73.95853,40.64513],[-73.95855,40.64523],[-73.95851,40.64524],[-73.95856,40.64573],[-73.9586,40.64573],[-73.95859,40.64597],[-73.95864,40.64624],[-73.95825,40.64638]]],[[[-73.95722,40.64648],[-73.95721,40.64636],[-73.95671,40.64638],[-73.95665,40.64577],[-73.9575,40.64572],[-73.95746,40.64541],[-73.95792,40.64538],[-73.95796,40.64645],[-73.95722,40.64648]]],[[[-73.97044,40.64666],[-73.97072,40.64655],[-73.97079,40.64678],[-73.97047,40.64683],[-73.97044,40.64666]]],[[[-73.96942,40.64706],[-73.97025,40.64673],[-73.97028,40.64685],[-73.96991,40.64689],[-73.96996,40.64714],[-73.96945,40.6472],[-73.96942,40.64706]]],[[[-73.95826,40.64655],[-73.95857,40.64644],[-73.95867,40.64696],[-73.95862,40.64699],[-73.95869,40.64735],[-73.95829,40.64739],[-73.95826,40.64655]]],[[[-73.96854,40.64741],[-73.96923,40.64714],[-73.96928,40.64743],[-73.96892,40.64747],[-73.96896,40.64765],[-73.96859,40.64769],[-73.96854,40.64741]]],[[[-73.95624,40.64778],[-73.9562,40.6467],[-73.95797,40.64663],[-73.958,40.64771],[-73.95693,40.64775],[-73.95691,40.64737],[-73.95643,40.64739],[-73.95645,40.64777],[-73.95624,40.64778]]],[[[-73.96767,40.64775],[-73.96835,40.64748],[-73.9684,40.64775],[-73.96804,40.64779],[-73.96808,40.648],[-73.96772,40.64804],[-73.96767,40.64775]]],[[[-73.96681,40.64821],[-73.96679,40.6481],[-73.96746,40.64783],[-73.96752,40.64814],[-73.96681,40.64821]]],[[[-73.95767,40.64801],[-73.95764,40.64787],[-73.958,40.64785],[-73.95802,40.64814],[-73.95809,40.64847],[-73.95755,40.6485],[-73.95754,40.64822],[-73.95767,40.64821],[-73.95767,40.64801]]],[[[-73.96591,40.64844],[-73.96658,40.64818],[-73.96661,40.64837],[-73.96626,40.64841],[-73.96628,40.6485],[-73.96593,40.64854],[-73.96591,40.64844]]],[[[-73.96502,40.64879],[-73.96571,40.64852],[-73.96574,40.64868],[-73.96538,40.64873],[-73.96541,40.64891],[-73.96505,40.64895],[-73.96502,40.64879]]],[[[-73.96352,40.64917],[-73.96374,40.64846],[-73.96383,40.64858],[-73.96427,40.64841],[-73.96454,40.64877],[-73.96352,40.64917]]],[[[-73.96414,40.64914],[-73.96482,40.64887],[-73.96486,40.6491],[-73.96451,40.64914],[-73.96453,40.64925],[-73.96416,40.64929],[-73.96414,40.64914]]],[[[-73.96312,40.6491],[-73.96333,40.64907],[-73.96327,40.64927],[-73.96316,40.64931],[-73.96312,40.6491]]],[[[-73.96238,40.6492],[-73.96291,40.64914],[-73.96296,40.64939],[-73.96221,40.64968],[-73.96217,40.64945],[-73.96245,40.64939],[-73.96238,40.6492]]],[[[-73.96166,40.64954],[-73.96199,40.64947],[-73.96204,40.64975],[-73.96115,40.64997],[-73.9611,40.6497],[-73.96135,40.64967],[-73.96134,40.64963],[-73.96167,40.64959],[-73.96166,40.64954]]],[[[-73.96006,40.65011],[-73.95999,40.64974],[-73.96036,40.6497],[-73.96039,40.64986],[-73.96081,40.64981],[-73.96085,40.65001],[-73.96006,40.65011]]],[[[-73.96319,40.64951],[-73.96388,40.64924],[-73.96393,40.64952],[-73.96359,40.64966],[-73.9636,40.64969],[-73.96336,40.64971],[-73.96321,40.65018],[-73.96313,40.64974],[-73.96319,40.64951]]],[[[-73.96287,40.65001],[-73.96247,40.65011],[-73.96234,40.64984],[-73.963,40.64959],[-73.96307,40.64994],[-73.96298,40.65024],[-73.96287,40.65001]]],[[[-73.95881,40.65026],[-73.95836,40.6484],[-73.95827,40.6476],[-73.95864,40.64756],[-73.95879,40.64835],[-73.95873,40.64835],[-73.95896,40.64934],[-73.95941,40.64927],[-73.95947,40.64957],[-73.95974,40.64954],[-73.95986,40.65013],[-73.95881,40.65026]]],[[[-73.95813,40.65034],[-73.95804,40.64998],[-73.95645,40.65001],[-73.95644,40.64993],[-73.95593,40.64995],[-73.95591,40.64927],[-73.95722,40.64922],[-73.95719,40.64867],[-73.95736,40.64867],[-73.95738,40.64895],[-73.95765,40.64893],[-73.95774,40.64893],[-73.95772,40.64865],[-73.95813,40.64863],[-73.95854,40.65032],[-73.95813,40.65034]]],[[[-73.96009,40.6503],[-73.96089,40.6502],[-73.96092,40.65038],[-73.96041,40.65044],[-73.96044,40.65063],[-73.96016,40.65066],[-73.96009,40.6503]]],[[[-73.96222,40.65071],[-73.96203,40.6503],[-73.96124,40.65043],[-73.96119,40.65016],[-73.96218,40.64991],[-73.96252,40.65065],[-73.96222,40.65071]]],[[[-73.95835,40.65116],[-73.95834,40.65088],[-73.95812,40.65089],[-73.95812,40.6508],[-73.95833,40.65079],[-73.95832,40.65054],[-73.95859,40.65053],[-73.95875,40.65114],[-73.95835,40.65116]]],[[[-73.95858,40.65207],[-73.95857,40.65194],[-73.95853,40.65194],[-73.95851,40.65171],[-73.95846,40.65172],[-73.95843,40.65134],[-73.9588,40.65132],[-73.95898,40.65205],[-73.95858,40.65207]]],[[[-73.95946,40.65283],[-73.95888,40.65045],[-73.9599,40.65032],[-73.95997,40.65071],[-73.95935,40.65078],[-73.95951,40.65142],[-73.95962,40.65141],[-73.95966,40.65161],[-73.95959,40.65162],[-73.95972,40.6523],[-73.95981,40.65229],[-73.95985,40.65253],[-73.95977,40.65257],[-73.9598,40.6527],[-73.95946,40.65283]]],[[[-73.9589,40.65231],[-73.95903,40.6523],[-73.95916,40.65284],[-73.95872,40.65286],[-73.95869,40.65257],[-73.95892,40.65256],[-73.9589,40.65231]]],[[[-73.95885,40.65309],[-73.95922,40.65307],[-73.9593,40.65351],[-73.9589,40.65353],[-73.95885,40.65309]]],[[[-73.95949,40.65303],[-73.95995,40.65285],[-73.96017,40.65317],[-73.96004,40.65319],[-73.96022,40.65414],[-73.96007,40.65416],[-73.96016,40.65463],[-73.95983,40.65475],[-73.95949,40.65303]]],[[[-73.95913,40.65481],[-73.95907,40.65449],[-73.95899,40.6545],[-73.95895,40.65415],[-73.95877,40.65416],[-73.95877,40.65411],[-73.95901,40.65409],[-73.95896,40.6537],[-73.95933,40.65368],[-73.95954,40.65478],[-73.95913,40.65481]]],[[[-73.95999,40.6555],[-73.95986,40.65491],[-73.96015,40.6548],[-73.96034,40.65507],[-73.96053,40.655],[-73.96068,40.65523],[-73.95999,40.6555]]],[[[-73.95936,40.65562],[-73.95932,40.65529],[-73.95928,40.65529],[-73.95925,40.65496],[-73.95957,40.65494],[-73.9597,40.6556],[-73.95936,40.65562]]]]}},{"type":"Feature","properties":{"std_name":"Columbus Amsterdam","std_geoid":"0","pen":"politicians","std_note":null},"geometry":{"type":"MultiPolygon","coordinates":[[[[-73.96974,40.79459],[-73.96787,40.7938],[-73.96725,40.79353],[-73.96762,40.79304],[-73.96823,40.7933],[-73.96805,40.79355],[-73.96875,40.79385],[-73.96907,40.79398],[-73.96925,40.79373],[-73.96957,40.79387],[-73.96938,40.79412],[-73.96961,40.79422],[-73.96965,40.79416],[-73.96969,40.79417],[-73.96983,40.79398],[-73.97011,40.7941],[-73.96974,40.79459]]],[[[-73.97053,40.79493],[-73.97065,40.79482],[-73.97062,40.79481],[-73.97066,40.79475],[-73.97057,40.79471],[-73.97043,40.79488],[-73.9701,40.79474],[-73.97045,40.79424],[-73.97101,40.79448],[-73.97078,40.79471],[-73.97085,40.79474],[-73.97067,40.79498],[-73.97053,40.79493]]],[[[-73.96967,40.79536],[-73.97002,40.79489],[-73.97056,40.79512],[-73.97034,40.79534],[-73.97013,40.79525],[-73.96996,40.79549],[-73.96967,40.79536]]],[[[-73.96921,40.796],[-73.96955,40.79553],[-73.96981,40.79564],[-73.96945,40.7961],[-73.96921,40.796]]],[[[-73.96848,40.79587],[-73.96715,40.79533],[-73.9673,40.79514],[-73.96671,40.79489],[-73.96622,40.79556],[-73.9659,40.79543],[-73.96712,40.79379],[-73.96742,40.79392],[-73.96695,40.79456],[-73.96754,40.79481],[-73.96768,40.79461],[-73.96819,40.79483],[-73.96851,40.79438],[-73.96961,40.79484],[-73.96841,40.79647],[-73.96813,40.79635],[-73.96848,40.79587]]],[[[-73.96953,40.79681],[-73.96912,40.79662],[-73.96902,40.79675],[-73.96871,40.79661],[-73.96905,40.79615],[-73.96962,40.79639],[-73.96945,40.79662],[-73.96962,40.79669],[-73.96953,40.79681]]],[[[-73.96828,40.79724],[-73.96862,40.79678],[-73.96934,40.79709],[-73.96926,40.7972],[-73.96907,40.79712],[-73.96903,40.79718],[-73.9688,40.79708],[-73.96857,40.79737],[-73.96828,40.79724]]],[[[-73.96784,40.79789],[-73.96818,40.79742],[-73.96848,40.79754],[-73.96826,40.79784],[-73.96816,40.79779],[-73.96813,40.79801],[-73.96784,40.79789]]],[[[-73.96312,40.79838],[-73.96329,40.79814],[-73.96333,40.79815],[-73.96351,40.79791],[-73.96362,40.79796],[-73.96326,40.79844],[-73.96312,40.79838]]],[[[-73.96735,40.79852],[-73.9677,40.79802],[-73.96801,40.79816],[-73.96784,40.7984],[-73.96821,40.79856],[-73.96817,40.79861],[-73.96785,40.79847],[-73.9677,40.79867],[-73.96735,40.79852]]],[[[-73.96359,40.7986],[-73.96396,40.7981],[-73.96408,40.79814],[-73.96389,40.7984],[-73.96411,40.79848],[-73.96392,40.79873],[-73.96359,40.7986]]],[[[-73.96407,40.79789],[-73.96568,40.79566],[-73.96707,40.79625],[-73.96675,40.79669],[-73.96725,40.79689],[-73.96757,40.79646],[-73.9682,40.79673],[-73.96746,40.79774],[-73.96683,40.79748],[-73.96718,40.797],[-73.96671,40.79679],[-73.96635,40.79728],[-73.96621,40.79725],[-73.96609,40.79732],[-73.96608,40.79741],[-73.96615,40.79748],[-73.96654,40.79751],[-73.96737,40.79785],[-73.96655,40.79899],[-73.96597,40.79875],[-73.96601,40.79869],[-73.96407,40.79789]]],[[[-73.96259,40.79866],[-73.96277,40.79842],[-73.96314,40.79858],[-73.96279,40.79906],[-73.96255,40.79896],[-73.96273,40.79872],[-73.96259,40.79866]]],[[[-73.96686,40.79912],[-73.96719,40.79864],[-73.96752,40.79877],[-73.96717,40.79925],[-73.96686,40.79912]]],[[[-73.96344,40.79875],[-73.96369,40.79884],[-73.96335,40.7993],[-73.96312,40.7992],[-73.96344,40.79875]]],[[[-73.96477,40.79908],[-73.96495,40.79883],[-73.96519,40.79893],[-73.96537,40.79868],[-73.96646,40.79914],[-73.96611,40.79963],[-73.96477,40.79908]]],[[[-73.96203,40.79969],[-73.96239,40.7992],[-73.96263,40.7993],[-73.96226,40.79979],[-73.96203,40.79969]]],[[[-73.9664,40.79976],[-73.96676,40.79928],[-73.96709,40.79942],[-73.96686,40.79972],[-73.9666,40.79961],[-73.96647,40.79979],[-73.9664,40.79976]]],[[[-73.96257,40.79993],[-73.96292,40.79945],[-73.96324,40.79958],[-73.96289,40.80006],[-73.96257,40.79993]]],[[[-73.96533,40.80011],[-73.96566,40.79965],[-73.96598,40.79979],[-73.96564,40.80025],[-73.96533,40.80011]]],[[[-73.96149,40.80028],[-73.96186,40.7998],[-73.96218,40.79993],[-73.96182,40.80041],[-73.96149,40.80028]]],[[[-73.96628,40.79994],[-73.96661,40.80007],[-73.96627,40.80054],[-73.96595,40.8004],[-73.96628,40.79994]]],[[[-73.9648,40.80085],[-73.96514,40.80036],[-73.96546,40.80049],[-73.96512,40.80098],[-73.9648,40.80085]]],[[[-73.96106,40.80091],[-73.9614,40.80044],[-73.96172,40.80056],[-73.96137,40.80104],[-73.96106,40.80091]]],[[[-73.96542,40.80112],[-73.96577,40.80064],[-73.96609,40.80077],[-73.96592,40.80101],[-73.96575,40.80094],[-73.96558,40.80119],[-73.96542,40.80112]]],[[[-73.96165,40.80118],[-73.962,40.80071],[-73.96232,40.80084],[-73.96197,40.80131],[-73.96165,40.80118]]],[[[-73.9621,40.80055],[-73.96246,40.80007],[-73.9642,40.80079],[-73.96403,40.80103],[-73.96442,40.8012],[-73.96425,40.80144],[-73.9621,40.80055]]],[[[-73.96111,40.80124],[-73.96121,40.80124],[-73.96098,40.80155],[-73.96058,40.80138],[-73.96082,40.80135],[-73.96111,40.80124]]],[[[-73.96446,40.80129],[-73.96468,40.80099],[-73.965,40.80112],[-73.96465,40.8016],[-73.96441,40.80151],[-73.96446,40.80129]]],[[[-73.96496,40.80176],[-73.9653,40.80127],[-73.96562,40.80141],[-73.96541,40.80171],[-73.96533,40.80167],[-73.9652,40.80185],[-73.96496,40.80176]]],[[[-73.96125,40.80174],[-73.96157,40.8013],[-73.96205,40.8015],[-73.96173,40.80193],[-73.96125,40.80174]]],[[[-73.96389,40.8021],[-73.96423,40.80162],[-73.96455,40.80175],[-73.96421,40.80223],[-73.96389,40.8021]]],[[[-73.96483,40.80191],[-73.96516,40.80203],[-73.96481,40.8025],[-73.96449,40.80237],[-73.96483,40.80191]]],[[[-73.96307,40.80248],[-73.96339,40.80205],[-73.96413,40.80235],[-73.96382,40.80279],[-73.96307,40.80248]]],[[[-73.96409,40.80295],[-73.96439,40.80251],[-73.96471,40.80264],[-73.9644,40.80308],[-73.96409,40.80295]]]]}},{"type":"Feature","properties":{"std_name":"Columbus Avenue","std_geoid":"0","pen":"politicians","std_note":null},"geometry":{"type":"MultiPolygon","coordinates":[[[[-73.98026,40.77428],[-73.98043,40.77404],[-73.9809,40.77424],[-73.98056,40.77471],[-73.98029,40.7746],[-73.98047,40.77436],[-73.98026,40.77428]]],[[[-73.97991,40.77527],[-73.98008,40.77503],[-73.98013,40.77505],[-73.9803,40.77481],[-73.98046,40.77488],[-73.98011,40.77535],[-73.97991,40.77527]]],[[[-73.98041,40.77547],[-73.98077,40.77499],[-73.98101,40.7751],[-73.98066,40.77557],[-73.98041,40.77547]]],[[[-73.97944,40.77588],[-73.97979,40.77541],[-73.98,40.7755],[-73.97966,40.77598],[-73.97944,40.77588]]],[[[-73.97996,40.77609],[-73.98031,40.77562],[-73.9805,40.7757],[-73.98033,40.77594],[-73.98045,40.77599],[-73.98027,40.77623],[-73.97996,40.77609]]],[[[-73.97888,40.77648],[-73.97923,40.77601],[-73.97954,40.77614],[-73.97919,40.77661],[-73.97888,40.77648]]],[[[-73.97954,40.7767],[-73.97989,40.77622],[-73.98007,40.7763],[-73.97973,40.77678],[-73.97954,40.7767]]],[[[-73.97854,40.77683],[-73.97871,40.77659],[-73.97906,40.77674],[-73.97872,40.77722],[-73.97858,40.77716],[-73.97874,40.77692],[-73.97854,40.77683]]],[[[-73.97908,40.77735],[-73.97943,40.77687],[-73.97954,40.77692],[-73.97941,40.77709],[-73.97952,40.77714],[-73.97947,40.7772],[-73.97941,40.77718],[-73.97924,40.77742],[-73.97908,40.77735]]],[[[-73.97803,40.77789],[-73.97838,40.77739],[-73.97853,40.77746],[-73.97818,40.77795],[-73.97803,40.77789]]],[[[-73.97853,40.77808],[-73.9789,40.77759],[-73.9791,40.77768],[-73.97873,40.77817],[-73.97853,40.77808]]],[[[-73.97741,40.77847],[-73.97758,40.77822],[-73.97774,40.77828],[-73.97791,40.77803],[-73.97807,40.7781],[-73.97772,40.77859],[-73.97741,40.77847]]],[[[-73.9781,40.7787],[-73.97846,40.77821],[-73.97862,40.77828],[-73.97823,40.77876],[-73.9781,40.7787]]],[[[-73.97695,40.7791],[-73.97729,40.7786],[-73.97761,40.77873],[-73.97726,40.77923],[-73.97695,40.7791]]],[[[-73.9776,40.77937],[-73.97794,40.77887],[-73.97825,40.779],[-73.97791,40.7795],[-73.9776,40.77937]]],[[[-73.97663,40.77948],[-73.9768,40.77923],[-73.97715,40.77937],[-73.97681,40.77987],[-73.9765,40.77974],[-73.97667,40.77949],[-73.97663,40.77948]]],[[[-73.97715,40.78001],[-73.9775,40.77952],[-73.97781,40.77965],[-73.97764,40.7799],[-73.97751,40.77985],[-73.97734,40.78009],[-73.97715,40.78001]]],[[[-73.97631,40.78017],[-73.97648,40.77993],[-73.97667,40.78001],[-73.97633,40.78051],[-73.97617,40.78044],[-73.97634,40.78019],[-73.97631,40.78017]]],[[[-73.97813,40.78126],[-73.97669,40.78066],[-73.97703,40.78016],[-73.97778,40.78047],[-73.97761,40.78072],[-73.97781,40.7808],[-73.97798,40.78056],[-73.97855,40.7808],[-73.97838,40.78104],[-73.9783,40.78101],[-73.97813,40.78126]]],[[[-73.97629,40.78127],[-73.97664,40.78077],[-73.97684,40.78086],[-73.97667,40.7811],[-73.97678,40.78116],[-73.97661,40.78141],[-73.97629,40.78127]]],[[[-73.97581,40.78193],[-73.97616,40.78143],[-73.97647,40.78156],[-73.97625,40.78187],[-73.97619,40.78184],[-73.97606,40.78203],[-73.97581,40.78193]]],[[[-73.97528,40.78264],[-73.97564,40.78216],[-73.976,40.78232],[-73.97583,40.78256],[-73.97566,40.78248],[-73.97548,40.78272],[-73.97528,40.78264]]],[[[-73.97194,40.78198],[-73.97363,40.77966],[-73.97618,40.78074],[-73.97446,40.78304],[-73.97194,40.78198]]],[[[-73.97476,40.78327],[-73.97512,40.78279],[-73.97543,40.78292],[-73.97521,40.78322],[-73.9753,40.78325],[-73.97526,40.78332],[-73.97513,40.78326],[-73.97504,40.78339],[-73.97476,40.78327]]],[[[-73.97381,40.78336],[-73.97399,40.78312],[-73.9743,40.78325],[-73.97394,40.78373],[-73.97374,40.78365],[-73.97392,40.7834],[-73.97381,40.78336]]],[[[-73.9743,40.7839],[-73.97467,40.78341],[-73.97507,40.78359],[-73.97472,40.78407],[-73.9743,40.7839]]]]}},{"type":"Feature","properties":{"std_name":"Court-Livingston-Schermerhorn","std_geoid":"0","pen":"politicians","std_note":null},"geometry":{"type":"MultiPolygon","coordinates":[[[[-73.98109,40.68694],[-73.98049,40.68676],[-73.98,40.68656],[-73.98017,40.68632],[-73.98088,40.68661],[-73.98086,40.68664],[-73.98116,40.68675],[-73.98123,40.68678],[-73.98125,40.68675],[-73.98165,40.68691],[-73.98169,40.68685],[-73.98196,40.68696],[-73.98179,40.68721],[-73.98109,40.68694]]],[[[-73.97973,40.68695],[-73.97984,40.68681],[-73.98098,40.68714],[-73.98165,40.68741],[-73.98136,40.68783],[-73.97998,40.68729],[-73.97973,40.68695]]],[[[-73.98397,40.68806],[-73.9823,40.6874],[-73.98197,40.68726],[-73.98227,40.68683],[-73.98241,40.68689],[-73.98225,40.68712],[-73.98283,40.68735],[-73.9828,40.6874],[-73.98301,40.68747],[-73.98299,40.68751],[-73.98343,40.68769],[-73.98346,40.68764],[-73.98353,40.68767],[-73.98355,40.68764],[-73.98409,40.68789],[-73.98397,40.68806]]],[[[-73.98088,40.68852],[-73.98026,40.68765],[-73.98122,40.68802],[-73.98088,40.68852]]],[[[-73.98155,40.68788],[-73.98184,40.68746],[-73.98385,40.68825],[-73.98355,40.68867],[-73.98155,40.68788]]],[[[-73.98236,40.68884],[-73.98149,40.6885],[-73.98139,40.68865],[-73.98109,40.68853],[-73.98142,40.68808],[-73.98256,40.68853],[-73.98236,40.68884]]],[[[-73.98613,40.68891],[-73.9847,40.68833],[-73.98414,40.6881],[-73.98426,40.68793],[-73.98476,40.68811],[-73.98493,40.68786],[-73.98527,40.68799],[-73.98511,40.68823],[-73.98582,40.68852],[-73.98599,40.68827],[-73.98644,40.68845],[-73.98613,40.68891]]],[[[-73.98318,40.68884],[-73.98321,40.68879],[-73.98342,40.68888],[-73.98338,40.68893],[-73.98318,40.68884]]],[[[-73.98838,40.68875],[-73.98854,40.68852],[-73.98894,40.68869],[-73.98864,40.68913],[-73.98842,40.68904],[-73.98857,40.68882],[-73.98838,40.68875]]],[[[-73.98371,40.68874],[-73.98401,40.6883],[-73.98601,40.6891],[-73.98571,40.68953],[-73.98371,40.68874]]],[[[-73.9889,40.68921],[-73.9892,40.68877],[-73.9903,40.68915],[-73.99001,40.68959],[-73.9889,40.68921]]],[[[-73.98819,40.68976],[-73.98629,40.68901],[-73.98662,40.68851],[-73.98714,40.68871],[-73.98698,40.68896],[-73.98727,40.68907],[-73.98743,40.68882],[-73.98851,40.68926],[-73.98819,40.68976]]],[[[-73.98847,40.68984],[-73.98879,40.68936],[-73.98989,40.68975],[-73.98957,40.69023],[-73.98847,40.68984]]],[[[-73.99044,40.68975],[-73.99074,40.6893],[-73.99219,40.68979],[-73.99197,40.69025],[-73.99044,40.68975]]],[[[-73.9859,40.68957],[-73.98618,40.68915],[-73.98811,40.68991],[-73.98783,40.69033],[-73.9859,40.68957]]],[[[-73.99222,40.69032],[-73.99243,40.68987],[-73.99269,40.68994],[-73.99247,40.69039],[-73.99222,40.69032]]],[[[-73.98756,40.6908],[-73.98732,40.69072],[-73.98737,40.69065],[-73.98729,40.69061],[-73.98742,40.69043],[-73.98769,40.69053],[-73.98756,40.6908]]],[[[-73.98806,40.69042],[-73.98836,40.68998],[-73.98947,40.69035],[-73.98915,40.69085],[-73.98806,40.69042]]],[[[-73.99003,40.69035],[-73.99036,40.68988],[-73.9919,40.6904],[-73.99166,40.69092],[-73.99003,40.69035]]],[[[-73.99192,40.69095],[-73.99215,40.69045],[-73.99247,40.69054],[-73.99232,40.69088],[-73.99225,40.69085],[-73.99218,40.69102],[-73.99192,40.69095]]],[[[-73.9878,40.69093],[-73.98793,40.69063],[-73.98905,40.69108],[-73.98858,40.6914],[-73.98814,40.69121],[-73.98822,40.6911],[-73.9878,40.69093]]],[[[-73.98961,40.69098],[-73.98993,40.69051],[-73.99158,40.69105],[-73.99139,40.69145],[-73.98961,40.69098]]],[[[-73.99164,40.69157],[-73.99185,40.6911],[-73.99207,40.69116],[-73.99198,40.69134],[-73.99213,40.69138],[-73.99204,40.69156],[-73.99199,40.69155],[-73.99194,40.69165],[-73.99164,40.69157]]],[[[-73.99127,40.69231],[-73.99156,40.69171],[-73.99187,40.6918],[-73.99165,40.6923],[-73.9916,40.69229],[-73.99154,40.69238],[-73.99127,40.69231]]],[[[-73.98931,40.69209],[-73.98951,40.69118],[-73.99131,40.69167],[-73.99091,40.69245],[-73.98966,40.69226],[-73.98933,40.69212],[-73.98931,40.69209]]],[[[-73.98912,40.69494],[-73.98913,40.69471],[-73.98961,40.69473],[-73.9897,40.69311],[-73.98921,40.69307],[-73.98925,40.69242],[-73.98966,40.69243],[-73.9907,40.6926],[-73.99074,40.69269],[-73.99031,40.69359],[-73.99027,40.69378],[-73.99059,40.69495],[-73.99014,40.69498],[-73.98912,40.69494]]]]}},{"type":"Feature","properties":{"std_name":"47th Street (Diamond District Partnership)","std_geoid":"0","pen":"politicians","std_note":null},"geometry":{"type":"MultiPolygon","coordinates":[[[[-73.9791,40.75682],[-73.97927,40.75658],[-73.98103,40.7573],[-73.98086,40.75754],[-73.9791,40.75682]]],[[[-73.98105,40.75762],[-73.98123,40.75738],[-73.98155,40.75751],[-73.98153,40.75754],[-73.98158,40.75756],[-73.98155,40.75761],[-73.98179,40.75771],[-73.98168,40.75788],[-73.98105,40.75762]]],[[[-73.98143,40.7582],[-73.9812,40.7581],[-73.98115,40.75816],[-73.97999,40.75768],[-73.97982,40.75792],[-73.97969,40.75787],[-73.97986,40.75763],[-73.97929,40.75739],[-73.97946,40.75716],[-73.98156,40.75802],[-73.98143,40.7582]]]]}},{"type":"Feature","properties":{"std_name":"Downtown Flushing Transit Hub","std_geoid":"0","pen":"politicians","std_note":null},"geometry":{"type":"MultiPolygon","coordinates":[[[[-73.828,40.7543],[-73.82862,40.75407],[-73.82883,40.7544],[-73.82864,40.75447],[-73.82875,40.75464],[-73.82858,40.7547],[-73.82884,40.7551],[-73.82839,40.75527],[-73.828,40.7543]]],[[[-73.82712,40.75464],[-73.8277,40.75441],[-73.82808,40.75538],[-73.8274,40.75564],[-73.8271,40.75519],[-73.82741,40.75507],[-73.82712,40.75464]]],[[[-73.83354,40.75541],[-73.83386,40.75535],[-73.83407,40.75601],[-73.83381,40.75617],[-73.83354,40.75541]]],[[[-73.83091,40.75579],[-73.83214,40.75521],[-73.83237,40.7555],[-73.83287,40.75526],[-73.83304,40.75546],[-73.83317,40.7554],[-73.83321,40.75551],[-73.83139,40.75637],[-73.83091,40.75579]]],[[[-73.82846,40.75542],[-73.8288,40.7553],[-73.82908,40.75565],[-73.82897,40.75569],[-73.82924,40.75636],[-73.8289,40.75652],[-73.82846,40.75542]]],[[[-73.82757,40.75577],[-73.82815,40.75554],[-73.82859,40.75665],[-73.82784,40.75685],[-73.8276,40.75634],[-73.82788,40.75623],[-73.82757,40.75577]]],[[[-73.83384,40.75631],[-73.83406,40.75617],[-73.8342,40.7563],[-73.83425,40.75627],[-73.83454,40.7561],[-73.8344,40.75597],[-73.83481,40.75572],[-73.83505,40.75596],[-73.83616,40.75532],[-73.83623,40.75556],[-73.83432,40.75664],[-73.83448,40.7568],[-73.83408,40.75704],[-73.83384,40.75631]]],[[[-73.82924,40.75739],[-73.82896,40.7567],[-73.82918,40.7566],[-73.8293,40.75691],[-73.82942,40.75689],[-73.82975,40.75674],[-73.82981,40.75681],[-73.83009,40.75666],[-73.8298,40.75631],[-73.83003,40.7562],[-73.83032,40.75655],[-73.83101,40.75623],[-73.8312,40.75646],[-73.82924,40.75739]]],[[[-73.83413,40.75718],[-73.83667,40.75566],[-73.83826,40.75597],[-73.83844,40.75634],[-73.83833,40.75653],[-73.8383,40.75672],[-73.83819,40.75697],[-73.83822,40.75702],[-73.83833,40.75699],[-73.83834,40.75701],[-73.83692,40.75758],[-73.83439,40.75801],[-73.83413,40.75718]]],[[[-73.82931,40.75754],[-73.83327,40.75568],[-73.8335,40.75636],[-73.82959,40.75808],[-73.82931,40.75754]]],[[[-73.82875,40.75756],[-73.82854,40.75736],[-73.82849,40.75741],[-73.82821,40.75695],[-73.82868,40.75682],[-73.82898,40.75756],[-73.82929,40.75819],[-73.82926,40.75821],[-73.82853,40.7578],[-73.82875,40.75756]]],[[[-73.82602,40.75754],[-73.82706,40.75725],[-73.82782,40.75767],[-73.82741,40.7581],[-73.82727,40.75816],[-73.82639,40.75834],[-73.82602,40.75754]]],[[[-73.82756,40.75823],[-73.82799,40.75778],[-73.82936,40.75853],[-73.82792,40.75883],[-73.82773,40.75835],[-73.82777,40.75835],[-73.82756,40.75823]]],[[[-73.82997,40.75885],[-73.82964,40.75821],[-73.83356,40.75648],[-73.83406,40.7581],[-73.83375,40.75824],[-73.83194,40.75882],[-73.83159,40.75827],[-73.82997,40.75885]]],[[[-73.83003,40.75898],[-73.83147,40.75846],[-73.83176,40.75893],[-73.83025,40.75943],[-73.83003,40.75898]]],[[[-73.83385,40.75843],[-73.83417,40.75838],[-73.83435,40.75898],[-73.83239,40.7596],[-73.83205,40.75902],[-73.83385,40.75843]]],[[[-73.83034,40.75963],[-73.8319,40.75907],[-73.83223,40.75965],[-73.83059,40.76018],[-73.83034,40.75963]]],[[[-73.82842,40.75921],[-73.82929,40.75884],[-73.82919,40.75886],[-73.82915,40.75874],[-73.8295,40.75867],[-73.82995,40.75953],[-73.82659,40.76037],[-73.82639,40.75998],[-73.82675,40.75988],[-73.82671,40.75979],[-73.82787,40.7595],[-73.82769,40.75936],[-73.82842,40.75921]]],[[[-73.83642,40.76062],[-73.83583,40.76015],[-73.8351,40.76029],[-73.83448,40.75834],[-73.83475,40.7583],[-73.83494,40.75891],[-73.83546,40.75882],[-73.83548,40.75888],[-73.83531,40.75891],[-73.83545,40.75939],[-73.83558,40.75936],[-73.83705,40.75939],[-73.83642,40.76062]]],[[[-73.83064,40.76031],[-73.8323,40.75978],[-73.8325,40.76015],[-73.83083,40.7607],[-73.83064,40.76031]]],[[[-73.82788,40.76023],[-73.83004,40.7597],[-73.83027,40.76016],[-73.82808,40.7607],[-73.82788,40.76023]]],[[[-73.83246,40.75972],[-73.83439,40.75911],[-73.83475,40.76024],[-73.83355,40.76058],[-73.83302,40.76078],[-73.83246,40.75972]]],[[[-73.82674,40.76052],[-73.8278,40.76025],[-73.828,40.76072],[-73.82696,40.76098],[-73.82674,40.76052]]],[[[-73.82929,40.76056],[-73.83034,40.76029],[-73.8306,40.76084],[-73.82947,40.76108],[-73.82929,40.76056]]],[[[-73.83354,40.76135],[-73.8335,40.76121],[-73.83294,40.76131],[-73.83284,40.761],[-73.83361,40.7607],[-73.83479,40.76035],[-73.835,40.76102],[-73.83411,40.76124],[-73.834,40.76096],[-73.83379,40.76102],[-73.83393,40.76128],[-73.83354,40.76135]]],[[[-73.83088,40.76082],[-73.83256,40.76026],[-73.83272,40.76055],[-73.83267,40.76091],[-73.83123,40.76146],[-73.83088,40.76082]]],[[[-73.82667,40.76169],[-73.82649,40.76128],[-73.82626,40.76134],[-73.82621,40.76121],[-73.82547,40.76139],[-73.82543,40.7613],[-73.82526,40.76134],[-73.82507,40.76092],[-73.82646,40.76057],[-73.82697,40.76163],[-73.82667,40.76169]]],[[[-73.82951,40.76121],[-73.83066,40.76096],[-73.83096,40.76153],[-73.82978,40.76182],[-73.82951,40.76121]]],[[[-73.82705,40.76115],[-73.82907,40.76065],[-73.82951,40.76183],[-73.82761,40.7623],[-73.82705,40.76115]]],[[[-73.82693,40.76177],[-73.82704,40.76175],[-73.82736,40.76242],[-73.82663,40.7626],[-73.82647,40.76225],[-73.82699,40.76213],[-73.82693,40.76198],[-73.82699,40.76197],[-73.82693,40.76177]]],[[[-73.83199,40.76272],[-73.83128,40.76159],[-73.83269,40.76105],[-73.83273,40.76121],[-73.8325,40.76126],[-73.83254,40.76132],[-73.83244,40.76136],[-73.83248,40.76151],[-73.83225,40.76153],[-73.83247,40.76193],[-73.83294,40.76189],[-73.8331,40.76241],[-73.83274,40.76244],[-73.83245,40.76251],[-73.83247,40.76267],[-73.83199,40.76272]]],[[[-73.82983,40.76327],[-73.82966,40.76292],[-73.8293,40.76302],[-73.82915,40.76271],[-73.82825,40.76296],[-73.82813,40.76271],[-73.82805,40.76273],[-73.82802,40.76267],[-73.82793,40.76269],[-73.82789,40.7626],[-73.82774,40.76264],[-73.82767,40.7625],[-73.83101,40.76163],[-73.83164,40.76275],[-73.83129,40.76285],[-73.83111,40.7625],[-73.8309,40.76256],[-73.83076,40.76229],[-73.83062,40.76233],[-73.83049,40.76204],[-73.83037,40.76208],[-73.8305,40.76236],[-73.82972,40.76257],[-73.82987,40.76287],[-73.82981,40.76288],[-73.82998,40.76323],[-73.82983,40.76327]]]]}},{"type":"Feature","properties":{"std_name":"Downtown Jamaica","std_geoid":"0","pen":"politicians","std_note":null},"geometry":{"type":"MultiPolygon","coordinates":[[[[-73.80784,40.70042],[-73.80719,40.69903],[-73.80745,40.69894],[-73.80767,40.69929],[-73.80804,40.69914],[-73.80782,40.6988],[-73.80895,40.6984],[-73.80907,40.6986],[-73.80986,40.69829],[-73.80981,40.69816],[-73.81275,40.69732],[-73.8133,40.69735],[-73.81371,40.69789],[-73.81404,40.69787],[-73.81409,40.69795],[-73.8138,40.69804],[-73.81383,40.6981],[-73.81412,40.69802],[-73.81438,40.69846],[-73.80917,40.69995],[-73.80847,40.70025],[-73.80784,40.70042]]],[[[-73.80802,40.70109],[-73.80793,40.70069],[-73.80808,40.70065],[-73.80811,40.70077],[-73.80818,40.70076],[-73.8082,40.70085],[-73.80835,40.70083],[-73.8084,40.70104],[-73.80802,40.70109]]],[[[-73.80405,40.7011],[-73.80369,40.70049],[-73.80471,40.70012],[-73.80555,40.69989],[-73.80556,40.69992],[-73.8059,40.6998],[-73.80592,40.69983],[-73.80678,40.69952],[-73.80663,40.69922],[-73.80684,40.69914],[-73.8075,40.70052],[-73.80681,40.70071],[-73.80617,40.70081],[-73.806,40.70055],[-73.80405,40.7011]]],[[[-73.80806,40.70125],[-73.80844,40.7012],[-73.80849,40.70142],[-73.80819,40.70146],[-73.80824,40.70168],[-73.80816,40.70168],[-73.80806,40.70125]]],[[[-73.80737,40.70138],[-73.80701,40.70141],[-73.80689,40.7009],[-73.80759,40.70072],[-73.80781,40.70167],[-73.80708,40.70169],[-73.80702,40.70147],[-73.80738,40.70142],[-73.80737,40.70138]]],[[[-73.8064,40.70169],[-73.80631,40.70142],[-73.80679,40.70139],[-73.80686,40.70168],[-73.8064,40.70169]]],[[[-73.80548,40.70153],[-73.80612,40.70139],[-73.80622,40.7017],[-73.80557,40.70177],[-73.80548,40.70153]]],[[[-73.80446,40.70177],[-73.80531,40.70157],[-73.8054,40.70181],[-73.8046,40.702],[-73.80446,40.70177]]],[[[-73.80577,40.70226],[-73.80562,40.70195],[-73.80635,40.70186],[-73.80637,40.7019],[-73.80673,40.70188],[-73.80684,40.70213],[-73.80651,40.70222],[-73.80647,40.70214],[-73.80612,40.70223],[-73.8061,40.70217],[-73.80577,40.70226]]],[[[-73.80338,40.70179],[-73.8041,40.7016],[-73.8043,40.70207],[-73.80361,40.70226],[-73.80338,40.70179]]],[[[-73.80509,40.70248],[-73.80504,40.70237],[-73.8047,40.70247],[-73.80457,40.70221],[-73.80545,40.70199],[-73.80562,40.70234],[-73.80509,40.70248]]],[[[-73.80207,40.70206],[-73.80327,40.70181],[-73.8035,40.70229],[-73.80234,40.70261],[-73.80207,40.70206]]],[[[-73.80756,40.70222],[-73.80753,40.70214],[-73.80746,40.70216],[-73.80744,40.70213],[-73.80732,40.70217],[-73.80729,40.7021],[-73.80708,40.70217],[-73.80695,40.70188],[-73.80779,40.70188],[-73.80827,40.70296],[-73.80768,40.70303],[-73.80748,40.70308],[-73.80735,40.70279],[-73.8077,40.7027],[-73.80749,40.70223],[-73.80756,40.70222]]],[[[-73.80013,40.70257],[-73.80182,40.70213],[-73.80208,40.70268],[-73.8003,40.70317],[-73.80013,40.70257]]],[[[-73.79861,40.70284],[-73.7998,40.70263],[-73.8,40.70328],[-73.79918,40.70362],[-73.79861,40.70284]]],[[[-73.80888,40.70372],[-73.80807,40.70186],[-73.80823,40.70186],[-73.80835,40.70211],[-73.80849,40.70208],[-73.80903,40.70323],[-73.80917,40.70364],[-73.80888,40.70372]]],[[[-73.80803,40.70395],[-73.80787,40.70362],[-73.8075,40.70373],[-73.80729,40.7033],[-73.80771,40.70319],[-73.80835,40.70312],[-73.80863,40.70379],[-73.80803,40.70395]]],[[[-73.79796,40.70408],[-73.79729,40.70315],[-73.79766,40.70301],[-73.79781,40.70323],[-73.79809,40.70313],[-73.79822,40.70331],[-73.79811,40.70335],[-73.79817,40.70345],[-73.79836,40.70338],[-73.79832,40.70331],[-73.79864,40.70319],[-73.799,40.70369],[-73.79796,40.70408]]],[[[-73.7996,40.70429],[-73.7993,40.70382],[-73.80011,40.7035],[-73.80027,40.70376],[-73.79992,40.7039],[-73.80006,40.70412],[-73.7996,40.70429]]],[[[-73.79908,40.70436],[-73.79902,40.70426],[-73.79895,40.70429],[-73.79899,40.70437],[-73.79889,40.7044],[-73.7987,40.70407],[-73.79916,40.70388],[-73.79929,40.70409],[-73.79914,40.70414],[-73.79923,40.70429],[-73.79915,40.70432],[-73.79917,40.70436],[-73.79891,40.70443],[-73.79908,40.70436]]],[[[-73.797,40.70369],[-73.79678,40.70339],[-73.79663,40.70345],[-73.79657,40.70337],[-73.79673,40.70331],[-73.79668,40.70325],[-73.79707,40.70316],[-73.79779,40.70416],[-73.79705,40.70447],[-73.79661,40.70385],[-73.797,40.70369]]],[[[-73.80105,40.70408],[-73.80083,40.70367],[-73.80056,40.70376],[-73.80037,40.70342],[-73.80226,40.70288],[-73.80243,40.7032],[-73.80136,40.70355],[-73.80143,40.70367],[-73.80166,40.70359],[-73.80192,40.70407],[-73.80172,40.70414],[-73.80175,40.7042],[-73.80167,40.70422],[-73.80175,40.70436],[-73.80108,40.70459],[-73.8011,40.70462],[-73.80107,40.70463],[-73.80079,40.70416],[-73.80105,40.70408]]],[[[-73.80935,40.70475],[-73.80894,40.70387],[-73.80922,40.7038],[-73.80932,40.70406],[-73.80941,40.70404],[-73.8097,40.70466],[-73.80935,40.70475]]],[[[-73.79841,40.7049],[-73.7983,40.70473],[-73.79809,40.7048],[-73.79784,40.70441],[-73.79852,40.70414],[-73.79887,40.70473],[-73.79841,40.7049]]],[[[-73.80772,40.70422],[-73.80871,40.70395],[-73.80911,40.7048],[-73.80812,40.70507],[-73.80772,40.70422]]],[[[-73.80247,40.70282],[-73.80437,40.70227],[-73.8055,40.70463],[-73.80365,40.70513],[-73.80324,40.70425],[-73.80247,40.70282]]],[[[-73.79726,40.70526],[-73.79695,40.70477],[-73.79767,40.70447],[-73.79793,40.70489],[-73.79763,40.705],[-73.79765,40.70504],[-73.79752,40.70509],[-73.79757,40.70516],[-73.79726,40.70526]]],[[[-73.79491,40.70468],[-73.79534,40.70451],[-73.79537,40.70455],[-73.79582,40.70436],[-73.79575,40.70427],[-73.796,40.70415],[-73.79612,40.70431],[-73.79654,40.70413],[-73.79684,40.70456],[-73.79492,40.70535],[-73.79471,40.70508],[-73.79511,40.70493],[-73.79491,40.70468]]],[[[-73.79603,40.70548],[-73.79585,40.70521],[-73.79677,40.70484],[-73.79697,40.70515],[-73.79667,40.70526],[-73.79665,40.70523],[-73.79603,40.70548]]],[[[-73.80941,40.7049],[-73.80976,40.7048],[-73.80996,40.70524],[-73.80976,40.7053],[-73.80988,40.70557],[-73.80975,40.70561],[-73.80941,40.7049]]],[[[-73.80928,40.70573],[-73.80916,40.70547],[-73.80899,40.70552],[-73.80891,40.70536],[-73.8091,40.70531],[-73.80896,40.70503],[-73.80919,40.70497],[-73.80951,40.70567],[-73.80928,40.70573]]],[[[-73.79392,40.70543],[-73.79371,40.70514],[-73.79395,40.70503],[-73.79416,40.70533],[-73.79458,40.7052],[-73.79475,40.70542],[-73.79399,40.70572],[-73.79379,40.70548],[-73.79392,40.70543]],[[-73.79409,40.70535],[-73.79394,40.70514],[-73.7938,40.70515],[-73.79398,40.7054],[-73.79409,40.70535]]],[[[-73.79286,40.7058],[-73.79272,40.70559],[-73.79286,40.70554],[-73.79283,40.70551],[-73.79286,40.70549],[-73.79304,40.70576],[-73.7932,40.7057],[-73.79323,40.70575],[-73.79362,40.70556],[-73.79379,40.70579],[-73.79305,40.70608],[-73.79267,40.70619],[-73.79251,40.70595],[-73.79286,40.7058]]],[[[-73.79136,40.70628],[-73.79219,40.70604],[-73.79233,40.70631],[-73.79149,40.70654],[-73.79136,40.70628]]],[[[-73.79281,40.70672],[-73.79264,40.70646],[-73.79395,40.70595],[-73.79411,40.70621],[-73.79329,40.70652],[-73.79337,40.70664],[-73.79319,40.70671],[-73.79312,40.7066],[-73.79281,40.70672]]],[[[-73.79017,40.70692],[-73.78993,40.70614],[-73.7902,40.70607],[-73.79025,40.70621],[-73.79039,40.70618],[-73.79043,40.70629],[-73.79079,40.70619],[-73.79089,40.7064],[-73.79098,40.70637],[-73.79099,40.70641],[-73.79121,40.70635],[-73.79132,40.70658],[-73.79017,40.70692]]],[[[-73.79504,40.70553],[-73.79565,40.70529],[-73.79698,40.70739],[-73.79636,40.70762],[-73.79504,40.70553]]],[[[-73.79097,40.70697],[-73.79249,40.70655],[-73.79268,40.70687],[-73.79237,40.70698],[-73.79252,40.70723],[-73.79241,40.70727],[-73.79221,40.70693],[-73.79212,40.70696],[-73.79232,40.7073],[-73.79135,40.70763],[-73.79097,40.70697]]],[[[-73.79554,40.7071],[-73.79538,40.70686],[-73.79525,40.70691],[-73.79513,40.70671],[-73.79477,40.70685],[-73.79413,40.70588],[-73.79485,40.7056],[-73.79619,40.70768],[-73.79548,40.70794],[-73.79505,40.70729],[-73.79554,40.7071]]]]}},{"type":"Feature","properties":{"std_name":"Alliance for Downtown New York","std_geoid":"0","pen":"politicians","std_note":null},"geometry":{"type":"MultiPolygon","coordinates":[[[[-74.0127,40.70148],[-74.01276,40.7015],[-74.01296,40.70174],[-74.01312,40.70186],[-74.0135,40.7023],[-74.01346,40.70233],[-74.01286,40.7023],[-74.01264,40.70153],[-74.0127,40.70148]]],[[[-74.013,40.70135],[-74.01347,40.70123],[-74.01358,40.70125],[-74.01371,40.70133],[-74.01382,40.70155],[-74.01385,40.70219],[-74.01401,40.70259],[-74.01354,40.70192],[-74.01301,40.70139],[-74.013,40.70135]]],[[[-74.01133,40.70184],[-74.01252,40.70161],[-74.01269,40.70238],[-74.01211,40.70266],[-74.01159,40.70282],[-74.01133,40.70184]]],[[[-74.01295,40.70251],[-74.01368,40.70247],[-74.01385,40.70256],[-74.0142,40.70287],[-74.0143,40.7031],[-74.0131,40.70307],[-74.01295,40.70251]]],[[[-74.01247,40.70287],[-74.01281,40.7028],[-74.01288,40.70307],[-74.0126,40.70313],[-74.01247,40.70287]]],[[[-74.01164,40.70306],[-74.01233,40.70291],[-74.01246,40.70318],[-74.0117,40.70336],[-74.01164,40.70306]]],[[[-74.01177,40.70347],[-74.01296,40.70324],[-74.01303,40.70353],[-74.01176,40.70354],[-74.01177,40.70347]]],[[[-74.01314,40.70317],[-74.01342,40.70314],[-74.0138,40.70318],[-74.01433,40.70327],[-74.01427,40.70356],[-74.01323,40.70353],[-74.01314,40.70317]]],[[[-74.0106,40.70332],[-74.01141,40.70314],[-74.01145,40.70344],[-74.01069,40.7036],[-74.0106,40.70332]]],[[[-74.01006,40.70217],[-74.01104,40.70192],[-74.01135,40.70289],[-74.01009,40.70321],[-74.00896,40.70396],[-74.0081,40.70322],[-74.00927,40.7025],[-74.01006,40.70217]]],[[[-74.01171,40.70396],[-74.01173,40.70363],[-74.01302,40.70368],[-74.01306,40.704],[-74.01171,40.70396]]],[[[-74.00789,40.70335],[-74.00796,40.7033],[-74.0088,40.70405],[-74.00874,40.70409],[-74.00789,40.70335]]],[[[-74.01145,40.70365],[-74.01145,40.70395],[-74.01111,40.70401],[-74.01073,40.70412],[-74.01063,40.70384],[-74.01076,40.70377],[-74.01145,40.70365]]],[[[-74.00719,40.70381],[-74.00776,40.70346],[-74.00822,40.70384],[-74.00766,40.70423],[-74.00719,40.70381]]],[[[-74.00914,40.70413],[-74.01016,40.70344],[-74.01047,40.70371],[-74.00949,40.70443],[-74.00914,40.70413]]],[[[-74.01338,40.7044],[-74.01326,40.70365],[-74.01425,40.70368],[-74.01409,40.70444],[-74.01338,40.7044]]],[[[-74.00779,40.70429],[-74.00835,40.70391],[-74.00864,40.70416],[-74.00808,40.70454],[-74.00779,40.70429]]],[[[-74.01667,40.7046],[-74.01625,40.70456],[-74.01445,40.70455],[-74.01438,40.70451],[-74.01437,40.70443],[-74.01454,40.70347],[-74.01456,40.70322],[-74.01454,40.70305],[-74.01415,40.70216],[-74.01407,40.70141],[-74.0141,40.70133],[-74.01419,40.7013],[-74.0146,40.70142],[-74.01463,40.70151],[-74.0147,40.70156],[-74.01477,40.70157],[-74.01486,40.70153],[-74.01498,40.70138],[-74.01426,40.70112],[-74.01381,40.70105],[-74.01363,40.70107],[-74.01366,40.70096],[-74.01395,40.701],[-74.01409,40.70055],[-74.01494,40.70095],[-74.01503,40.7009],[-74.01508,40.70093],[-74.01514,40.70086],[-74.01608,40.70161],[-74.01727,40.70307],[-74.01763,40.70342],[-74.01768,40.70365],[-74.01769,40.70384],[-74.01752,40.70436],[-74.01777,40.70432],[-74.01786,40.7041],[-74.0179,40.7041],[-74.0178,40.70436],[-74.01849,40.70427],[-74.01852,40.7044],[-74.01756,40.70452],[-74.01759,40.70444],[-74.01681,40.70419],[-74.01667,40.7046]]],[[[-74.01109,40.70409],[-74.01145,40.70402],[-74.01144,40.70421],[-74.01078,40.70443],[-74.01032,40.70471],[-74.01015,40.70455],[-74.01057,40.70427],[-74.01109,40.70409]]],[[[-74.00645,40.70426],[-74.00708,40.70386],[-74.00757,40.70429],[-74.00698,40.70471],[-74.00645,40.70426]]],[[[-74.00962,40.70454],[-74.01056,40.70385],[-74.01065,40.70412],[-74.01032,40.70428],[-74.00977,40.70472],[-74.00962,40.70454]]],[[[-74.00946,40.70465],[-74.0095,40.70466],[-74.00959,40.70477],[-74.00904,40.7049],[-74.00946,40.70465]]],[[[-74.01164,40.70474],[-74.01256,40.70473],[-74.01256,40.70493],[-74.01162,40.70486],[-74.01164,40.70474]]],[[[-74.01263,40.70463],[-74.01165,40.70466],[-74.01168,40.70406],[-74.01212,40.70408],[-74.01212,40.70432],[-74.01218,40.70431],[-74.01216,40.7043],[-74.01215,40.70408],[-74.01309,40.70412],[-74.01323,40.70495],[-74.01266,40.70491],[-74.01263,40.70463]]],[[[-74.00983,40.70479],[-74.01007,40.70461],[-74.01024,40.70476],[-74.01001,40.70502],[-74.00998,40.70502],[-74.00983,40.70479]]],[[[-74.00708,40.70479],[-74.00767,40.70437],[-74.00795,40.70461],[-74.00736,40.70503],[-74.00708,40.70479]]],[[[-74.01121,40.70438],[-74.01144,40.70431],[-74.01144,40.70496],[-74.01016,40.70509],[-74.01018,40.70504],[-74.01035,40.70484],[-74.01051,40.70471],[-74.01068,40.7046],[-74.01121,40.70438]]],[[[-74.00556,40.70484],[-74.00611,40.70449],[-74.00673,40.70488],[-74.00619,40.70524],[-74.00556,40.70484]]],[[[-74.00898,40.70497],[-74.00968,40.70482],[-74.00986,40.70512],[-74.0097,40.70517],[-74.00908,40.70524],[-74.00898,40.70497]]],[[[-74.0136,40.70476],[-74.01373,40.70476],[-74.01386,40.70481],[-74.01393,40.70487],[-74.01393,40.70497],[-74.01387,40.70511],[-74.01373,40.70525],[-74.01365,40.7053],[-74.01354,40.70531],[-74.01344,40.70523],[-74.01341,40.705],[-74.01346,40.70485],[-74.0136,40.70476]]],[[[-74.00854,40.70511],[-74.00887,40.70501],[-74.00894,40.70527],[-74.00832,40.70534],[-74.00827,40.7053],[-74.00854,40.70511]]],[[[-74.00761,40.70521],[-74.00891,40.70429],[-74.00921,40.70458],[-74.00833,40.70507],[-74.00818,40.70518],[-74.00791,40.70544],[-74.00761,40.70521]]],[[[-74.00492,40.70525],[-74.00545,40.70491],[-74.00608,40.7053],[-74.00551,40.70568],[-74.00492,40.70525]]],[[[-74.00909,40.70535],[-74.00988,40.70526],[-74.00989,40.70539],[-74.0098,40.70572],[-74.00911,40.70549],[-74.00909,40.70535]]],[[[-74.00809,40.70547],[-74.00894,40.70539],[-74.00897,40.70557],[-74.00879,40.70594],[-74.00804,40.70552],[-74.00809,40.70547]]],[[[-74.00693,40.70567],[-74.00743,40.70532],[-74.00782,40.70557],[-74.00742,40.70596],[-74.00693,40.70567]]],[[[-74.00571,40.70578],[-74.00686,40.70497],[-74.00718,40.70518],[-74.006,40.706],[-74.00571,40.70578]]],[[[-74.01413,40.70502],[-74.01424,40.70477],[-74.01485,40.70489],[-74.01428,40.70615],[-74.01345,40.70588],[-74.01384,40.70541],[-74.01413,40.70502]]],[[[-74.01007,40.70522],[-74.01136,40.70511],[-74.01129,40.70581],[-74.01107,40.70619],[-74.00995,40.70578],[-74.01007,40.70522]]],[[[-74.00892,40.70599],[-74.00909,40.70563],[-74.00976,40.70585],[-74.00952,40.70627],[-74.00892,40.70599]]],[[[-74.00533,40.70605],[-74.00556,40.70591],[-74.00585,40.70613],[-74.00563,40.70628],[-74.00533,40.70605]]],[[[-74.0115,40.70596],[-74.01162,40.70503],[-74.01248,40.70506],[-74.01185,40.7065],[-74.01137,40.7063],[-74.0115,40.70596]]],[[[-74.01521,40.70641],[-74.01568,40.70508],[-74.01636,40.70519],[-74.01583,40.70655],[-74.01521,40.70641]]],[[[-74.0062,40.70617],[-74.00682,40.70575],[-74.00732,40.70605],[-74.0068,40.70661],[-74.0062,40.70617]]],[[[-74.0047,40.70643],[-74.00524,40.7061],[-74.00554,40.70633],[-74.00502,40.70671],[-74.0047,40.70643]]],[[[-74.01199,40.70656],[-74.01264,40.70509],[-74.01323,40.70513],[-74.01327,40.70533],[-74.01317,40.70569],[-74.01309,40.70586],[-74.01243,40.70675],[-74.01199,40.70656]]],[[[-74.00753,40.70607],[-74.00793,40.70564],[-74.00934,40.7064],[-74.00897,40.70685],[-74.00753,40.70607]]],[[[-74.00585,40.70644],[-74.00607,40.70629],[-74.00667,40.70675],[-74.00647,40.70693],[-74.00585,40.70644]]],[[[-74.00962,40.70635],[-74.00987,40.70589],[-74.01099,40.70631],[-74.01064,40.70695],[-74.0106,40.70698],[-74.00962,40.70635]]],[[[-74.01268,40.70682],[-74.01337,40.70594],[-74.01396,40.70615],[-74.0133,40.70709],[-74.01268,40.70682]]],[[[-74.00723,40.70639],[-74.00748,40.70614],[-74.0089,40.70693],[-74.00863,40.70725],[-74.00723,40.70639]]],[[[-74.00514,40.70692],[-74.00575,40.70648],[-74.00634,40.70698],[-74.00554,40.7073],[-74.00514,40.70692]]],[[[-74.00378,40.70696],[-74.00448,40.70653],[-74.00483,40.70684],[-74.00408,40.7073],[-74.00378,40.70696]]],[[[-74.01081,40.70715],[-74.01125,40.70639],[-74.01173,40.70659],[-74.01126,40.70742],[-74.01081,40.70715]]],[[[-74.00909,40.70695],[-74.00945,40.70651],[-74.01062,40.70718],[-74.01019,40.70761],[-74.00909,40.70695]]],[[[-74.00693,40.70674],[-74.00718,40.70646],[-74.00854,40.70735],[-74.00824,40.70764],[-74.00693,40.70674]]],[[[-74.01135,40.70749],[-74.01188,40.70666],[-74.01229,40.70684],[-74.01168,40.70765],[-74.01135,40.70749]]],[[[-74.01214,40.70747],[-74.01261,40.70687],[-74.01323,40.70714],[-74.01286,40.70771],[-74.01214,40.70747]]],[[[-74.00496,40.70704],[-74.00531,40.70738],[-74.00438,40.70774],[-74.00421,40.7075],[-74.00496,40.70704]]],[[[-74.00628,40.70713],[-74.00678,40.70681],[-74.00736,40.70724],[-74.00702,40.7075],[-74.00683,40.70777],[-74.00606,40.70722],[-74.00628,40.70713]]],[[[-74.01358,40.70709],[-74.01382,40.70716],[-74.01351,40.7079],[-74.01314,40.70777],[-74.01358,40.70709]]],[[[-74.0056,40.70744],[-74.00595,40.7073],[-74.00677,40.7079],[-74.00655,40.70818],[-74.00596,40.70779],[-74.0056,40.70744]]],[[[-74.0103,40.7077],[-74.01049,40.70748],[-74.01054,40.70751],[-74.01074,40.7073],[-74.01157,40.70775],[-74.0112,40.70821],[-74.0103,40.7077]]],[[[-74.00715,40.70752],[-74.00742,40.70731],[-74.00792,40.70798],[-74.00762,40.70827],[-74.0069,40.70782],[-74.00715,40.70752]]],[[[-74.00449,40.70783],[-74.00548,40.70748],[-74.0059,40.7079],[-74.00489,40.70832],[-74.00449,40.70783]]],[[[-74.01477,40.70753],[-74.0146,40.70747],[-74.01434,40.70816],[-74.01374,40.70798],[-74.01505,40.7049],[-74.01557,40.705],[-74.01512,40.70615],[-74.01506,40.70652],[-74.01579,40.70669],[-74.01509,40.70839],[-74.01449,40.70821],[-74.01477,40.70753]]],[[[-74.00831,40.70775],[-74.00901,40.70701],[-74.01017,40.70767],[-74.00941,40.70862],[-74.00831,40.70775]]],[[[-74.00659,40.7082],[-74.00682,40.70792],[-74.00752,40.70836],[-74.00725,40.70863],[-74.00659,40.7082]]],[[[-74.00994,40.70814],[-74.01023,40.7078],[-74.01113,40.7083],[-74.01079,40.7087],[-74.00994,40.70814]]],[[[-74.00525,40.70885],[-74.0049,40.70841],[-74.00597,40.70797],[-74.0064,40.70825],[-74.00594,40.70863],[-74.00576,40.70848],[-74.00525,40.70885]]],[[[-74.00807,40.70796],[-74.00825,40.70778],[-74.0088,40.70824],[-74.00929,40.7086],[-74.0089,40.70896],[-74.00807,40.70796]]],[[[-74.0112,40.70859],[-74.01203,40.70753],[-74.01278,40.70777],[-74.012,40.70898],[-74.0112,40.70859]]],[[[-74.01336,40.70873],[-74.01366,40.70802],[-74.01425,40.70822],[-74.01395,40.70901],[-74.01336,40.70873]]],[[[-74.00537,40.7089],[-74.00584,40.70856],[-74.00598,40.70867],[-74.00555,40.70902],[-74.00537,40.7089]]],[[[-74.00952,40.70865],[-74.00991,40.70822],[-74.01079,40.70878],[-74.01049,40.70914],[-74.00952,40.70865]]],[[[-74.00899,40.70904],[-74.0094,40.70871],[-74.00958,40.70879],[-74.00915,40.70922],[-74.00899,40.70904]]],[[[-74.01102,40.70882],[-74.01113,40.70868],[-74.01194,40.70907],[-74.01184,40.70922],[-74.01102,40.70882]]],[[[-74.01231,40.70899],[-74.01306,40.70782],[-74.01344,40.70796],[-74.01289,40.70928],[-74.01231,40.70899]]],[[[-74.01417,40.70906],[-74.01446,40.70827],[-74.01505,40.70847],[-74.01472,40.70931],[-74.01417,40.70906]]],[[[-74.01324,40.70911],[-74.01336,40.70881],[-74.01396,40.70909],[-74.01384,40.7094],[-74.01324,40.70911]]],[[[-74.00737,40.70868],[-74.00795,40.70809],[-74.00883,40.70906],[-74.00844,40.70946],[-74.00737,40.70868]]],[[[-74.00561,40.70906],[-74.00652,40.70831],[-74.0072,40.70873],[-74.00641,40.70949],[-74.00561,40.70906]]],[[[-74.01073,40.70915],[-74.01093,40.70891],[-74.01175,40.70932],[-74.0116,40.70954],[-74.01073,40.70915]]],[[[-74.0121,40.7093],[-74.01227,40.70905],[-74.01286,40.70935],[-74.01274,40.70963],[-74.0121,40.7093]]],[[[-74.01402,40.70943],[-74.01414,40.70913],[-74.01469,40.70938],[-74.01456,40.70971],[-74.01402,40.70943]]],[[[-74.0092,40.70925],[-74.00963,40.70881],[-74.01038,40.70916],[-74.00991,40.70971],[-74.00951,40.7095],[-74.0092,40.70925]]],[[[-74.00652,40.70952],[-74.00728,40.70878],[-74.00774,40.70911],[-74.00705,40.70979],[-74.00652,40.70952]]],[[[-74.00522,40.70947],[-74.00549,40.7092],[-74.00635,40.70957],[-74.00609,40.70986],[-74.00522,40.70947]]],[[[-74.01187,40.70966],[-74.01206,40.70938],[-74.01274,40.70972],[-74.01258,40.71003],[-74.01187,40.70966]]],[[[-74.0071,40.70983],[-74.00779,40.70916],[-74.00834,40.70956],[-74.00773,40.71016],[-74.0071,40.70983]]],[[[-74.00852,40.70952],[-74.00891,40.70914],[-74.00924,40.70947],[-74.00945,40.70962],[-74.00985,40.70982],[-74.00952,40.71022],[-74.00852,40.70952]]],[[[-74.01379,40.71001],[-74.01396,40.70958],[-74.0145,40.70984],[-74.01433,40.71027],[-74.01379,40.71001]]],[[[-74.01017,40.70983],[-74.01061,40.70931],[-74.01151,40.70972],[-74.01115,40.71028],[-74.01017,40.70983]]],[[[-74.00494,40.70972],[-74.00516,40.70952],[-74.00604,40.70992],[-74.00564,40.71035],[-74.00494,40.70972]]],[[[-74.01282,40.71011],[-74.01318,40.70924],[-74.0138,40.70953],[-74.01345,40.71043],[-74.01282,40.71011]]],[[[-74.00609,40.70989],[-74.00635,40.7096],[-74.00765,40.71022],[-74.00739,40.7105],[-74.00609,40.70989]]],[[[-74.01363,40.71049],[-74.01375,40.71017],[-74.0143,40.71044],[-74.01418,40.71076],[-74.01363,40.71049]]],[[[-74.00784,40.71018],[-74.00844,40.70959],[-74.00942,40.7103],[-74.009,40.71079],[-74.00784,40.71018]]],[[[-74.00967,40.71043],[-74.01008,40.70991],[-74.01108,40.71037],[-74.01071,40.71089],[-74.00967,40.71043]]],[[[-74.00562,40.7104],[-74.00602,40.70997],[-74.0073,40.71058],[-74.00649,40.71116],[-74.00562,40.7104]]],[[[-74.00749,40.71059],[-74.00774,40.71033],[-74.00891,40.71093],[-74.00867,40.7112],[-74.00853,40.71123],[-74.00749,40.71059]]],[[[-74.00927,40.71093],[-74.00957,40.71055],[-74.01063,40.71102],[-74.01037,40.71141],[-74.00927,40.71093]]],[[[-74.0066,40.71125],[-74.0074,40.71068],[-74.00769,40.71086],[-74.00684,40.71146],[-74.0066,40.71125]]],[[[-74.00688,40.71149],[-74.00774,40.71089],[-74.00836,40.71127],[-74.00701,40.7116],[-74.00688,40.71149]]],[[[-74.0057,40.71141],[-74.00598,40.71122],[-74.00603,40.71127],[-74.00627,40.71111],[-74.00643,40.71126],[-74.0059,40.71161],[-74.0057,40.71141]]],[[[-74.00591,40.71168],[-74.00644,40.71133],[-74.00678,40.71165],[-74.00605,40.71181],[-74.00591,40.71168]]],[[[-74.00884,40.71143],[-74.00916,40.71106],[-74.01028,40.71156],[-74.01004,40.71198],[-74.00884,40.71143]]],[[[-74.00834,40.71201],[-74.00872,40.71156],[-74.00996,40.71212],[-74.0096,40.71258],[-74.00834,40.71201]]],[[[-74.00791,40.71252],[-74.00821,40.71217],[-74.00946,40.71274],[-74.00918,40.71309],[-74.00791,40.71252]]],[[[-74.00987,40.7127],[-74.01023,40.71224],[-74.01141,40.71278],[-74.01091,40.71319],[-74.00987,40.7127]]],[[[-74.01262,40.71309],[-74.01242,40.713],[-74.0124,40.71304],[-74.01191,40.71282],[-74.01192,40.7128],[-74.01186,40.71277],[-74.01162,40.71252],[-74.01155,40.71265],[-74.01031,40.71208],[-74.01054,40.71168],[-74.01073,40.71177],[-74.01083,40.71162],[-74.01061,40.71151],[-74.01085,40.71114],[-74.01119,40.71131],[-74.01129,40.71117],[-74.01094,40.711],[-74.01129,40.71048],[-74.01167,40.71066],[-74.01171,40.7106],[-74.01153,40.71051],[-74.01158,40.71044],[-74.01138,40.71034],[-74.01174,40.70982],[-74.01248,40.71017],[-74.0124,40.71035],[-74.01263,40.71046],[-74.0127,40.7103],[-74.01332,40.71059],[-74.01321,40.71085],[-74.01337,40.71094],[-74.01349,40.71067],[-74.01403,40.71094],[-74.01387,40.7115],[-74.01382,40.71148],[-74.01376,40.71173],[-74.0138,40.71174],[-74.01367,40.71224],[-74.01363,40.71222],[-74.01357,40.71246],[-74.01362,40.71249],[-74.01353,40.71285],[-74.0135,40.71285],[-74.01347,40.713],[-74.0135,40.71301],[-74.01337,40.71349],[-74.0126,40.71313],[-74.01262,40.71309]]],[[[-74.00744,40.7131],[-74.00773,40.71273],[-74.00901,40.7133],[-74.00873,40.71366],[-74.00744,40.7131]]],[[[-74.00948,40.71326],[-74.00977,40.71289],[-74.01079,40.71334],[-74.01049,40.71371],[-74.00948,40.71326]]],[[[-74.01121,40.71331],[-74.01165,40.71295],[-74.01237,40.71328],[-74.01225,40.71375],[-74.01121,40.71331]]],[[[-74.01074,40.71384],[-74.01104,40.71348],[-74.0115,40.71368],[-74.01137,40.71412],[-74.01074,40.71384]]],[[[-74.01247,40.71389],[-74.0126,40.71335],[-74.01339,40.71369],[-74.01325,40.71423],[-74.01247,40.71389]]],[[[-74.00906,40.71381],[-74.00937,40.71342],[-74.01038,40.71387],[-74.01008,40.71424],[-74.00906,40.71381]]],[[[-74.01035,40.71437],[-74.01065,40.714],[-74.01134,40.71431],[-74.0112,40.71473],[-74.01035,40.71437]]],[[[-74.01157,40.71482],[-74.01185,40.71393],[-74.01192,40.71393],[-74.0128,40.71431],[-74.0128,40.71427],[-74.01321,40.71445],[-74.01305,40.71505],[-74.01157,40.71482]]]]}},{"type":"Feature","properties":{"std_name":"DUMBO","std_geoid":"0","pen":"politicians","std_note":null},"geometry":{"type":"MultiPolygon","coordinates":[[[[-73.98733,40.69989],[-73.98736,40.69931],[-73.98774,40.69932],[-73.9877,40.6999],[-73.98733,40.69989]]],[[[-73.98721,40.70059],[-73.98704,40.70029],[-73.98769,40.70031],[-73.98767,40.7006],[-73.98721,40.70059]]],[[[-73.98784,40.70061],[-73.98785,40.70031],[-73.98861,40.70034],[-73.98858,40.70064],[-73.98784,40.70061]]],[[[-73.98685,40.70148],[-73.98691,40.70071],[-73.98767,40.70074],[-73.98763,40.70151],[-73.98685,40.70148]]],[[[-73.98778,40.70151],[-73.98783,40.70074],[-73.98857,40.70077],[-73.98853,40.70153],[-73.98778,40.70151]]],[[[-73.98874,40.70153],[-73.98879,40.70078],[-73.98962,40.70081],[-73.98958,40.70156],[-73.98874,40.70153]]],[[[-73.9848,40.7023],[-73.98485,40.70153],[-73.98665,40.70159],[-73.9866,40.70236],[-73.9848,40.7023]]],[[[-73.98679,40.70237],[-73.98683,40.7016],[-73.9876,40.70163],[-73.98756,40.7024],[-73.98679,40.70237]]],[[[-73.98772,40.7024],[-73.98777,40.70163],[-73.98852,40.70166],[-73.98847,40.70242],[-73.98772,40.7024]]],[[[-73.98978,40.7016],[-73.98984,40.70081],[-73.99067,40.70082],[-73.99085,40.70088],[-73.99268,40.7023],[-73.99271,40.70236],[-73.99266,40.70242],[-73.99249,40.70244],[-73.99184,40.70241],[-73.99164,40.70232],[-73.99102,40.70186],[-73.99071,40.70172],[-73.99029,40.70162],[-73.98978,40.7016]]],[[[-73.98868,40.70243],[-73.98873,40.70166],[-73.98913,40.70168],[-73.9891,40.70217],[-73.98914,40.70217],[-73.98918,40.70168],[-73.98957,40.70169],[-73.98952,40.70246],[-73.98868,40.70243]]],[[[-73.99146,40.70249],[-73.98971,40.70247],[-73.98976,40.70171],[-73.99034,40.70173],[-73.99073,40.70185],[-73.99106,40.70204],[-73.99152,40.7024],[-73.99154,40.70244],[-73.99146,40.70249]]],[[[-73.98411,40.70297],[-73.98415,40.70241],[-73.98424,40.70241],[-73.98422,40.70269],[-73.98431,40.7027],[-73.98433,40.70241],[-73.9846,40.70242],[-73.98457,40.70298],[-73.98411,40.70297]]],[[[-73.98476,40.70299],[-73.9848,40.70243],[-73.98659,40.7025],[-73.98656,40.70306],[-73.98476,40.70299]]],[[[-73.98674,40.70306],[-73.98677,40.70249],[-73.98756,40.70252],[-73.98753,40.70309],[-73.98674,40.70306]]],[[[-73.98771,40.70265],[-73.98771,40.70254],[-73.98834,40.70256],[-73.98855,40.70299],[-73.98801,40.70316],[-73.98771,40.70265]]],[[[-73.98866,40.70284],[-73.98867,40.70257],[-73.98952,40.7026],[-73.98948,40.70316],[-73.98883,40.70314],[-73.98866,40.70284]]],[[[-73.98969,40.70317],[-73.98972,40.70261],[-73.99063,40.70264],[-73.99059,40.70319],[-73.98969,40.70317]]],[[[-73.99075,40.70321],[-73.99076,40.70288],[-73.99125,40.7029],[-73.99125,40.70285],[-73.99076,40.70284],[-73.99077,40.70264],[-73.9925,40.70269],[-73.99248,40.70325],[-73.99075,40.70321]]],[[[-73.99298,40.70263],[-73.99323,40.70253],[-73.99413,40.70305],[-73.99388,40.7033],[-73.99263,40.70327],[-73.99265,40.70269],[-73.99298,40.70263]]],[[[-73.99617,40.70337],[-73.99617,40.70336],[-73.99618,40.70337],[-73.99617,40.70337]]],[[[-73.98417,40.70363],[-73.9842,40.70308],[-73.98456,40.70309],[-73.98453,40.70364],[-73.98417,40.70363]]],[[[-73.98807,40.70326],[-73.98862,40.7031],[-73.98872,40.70329],[-73.98869,40.70371],[-73.98832,40.7037],[-73.98807,40.70326]]],[[[-73.98473,40.70365],[-73.98477,40.7031],[-73.98655,40.70316],[-73.98651,40.70371],[-73.98473,40.70365]]],[[[-73.98671,40.70372],[-73.98674,40.70317],[-73.9875,40.70319],[-73.98748,40.70375],[-73.98671,40.70372]]],[[[-73.98763,40.70375],[-73.98767,40.70319],[-73.98785,40.7032],[-73.98817,40.70377],[-73.98763,40.70375]]],[[[-73.98887,40.70352],[-73.98889,40.70324],[-73.98949,40.70326],[-73.98945,40.70382],[-73.989,40.7038],[-73.98887,40.70352]]],[[[-73.98965,40.70383],[-73.98968,40.70325],[-73.99051,40.70328],[-73.99048,40.70386],[-73.98965,40.70383]]],[[[-73.98268,40.70423],[-73.98275,40.70369],[-73.98452,40.70374],[-73.98449,40.70429],[-73.98268,40.70423]]],[[[-73.98469,40.70428],[-73.98472,40.70376],[-73.98651,40.70382],[-73.98647,40.70434],[-73.98469,40.70428]]],[[[-73.98666,40.70439],[-73.98669,40.7038],[-73.98749,40.70384],[-73.98745,40.70442],[-73.98666,40.70439]]],[[[-73.9876,40.70441],[-73.98764,40.70385],[-73.98839,40.70388],[-73.98836,40.70444],[-73.9876,40.70441]]],[[[-73.99381,40.70452],[-73.99323,40.7034],[-73.99418,40.70343],[-73.99452,40.70304],[-73.99499,40.70322],[-73.99509,40.70306],[-73.99505,40.70315],[-73.99543,40.70329],[-73.9953,40.70356],[-73.99481,40.70331],[-73.99467,40.70345],[-73.99499,40.70366],[-73.99492,40.70377],[-73.99502,40.70381],[-73.99488,40.70403],[-73.99477,40.70398],[-73.9948,40.70409],[-73.99471,40.70417],[-73.99453,40.70425],[-73.99449,40.7042],[-73.99381,40.70452]]],[[[-73.98982,40.7049],[-73.98968,40.70493],[-73.98933,40.70468],[-73.98901,40.70459],[-73.98883,40.70456],[-73.98856,40.70456],[-73.9886,40.70389],[-73.98944,40.70392],[-73.9894,40.70457],[-73.9895,40.70457],[-73.98951,40.70449],[-73.98961,40.70449],[-73.98965,40.70393],[-73.99081,40.70398],[-73.99085,40.70333],[-73.99301,40.7034],[-73.99361,40.70455],[-73.99342,40.70462],[-73.99322,40.70464],[-73.99219,40.70464],[-73.99211,40.70459],[-73.99203,40.70438],[-73.99184,40.70415],[-73.99151,40.70404],[-73.99111,40.70401],[-73.99089,40.70406],[-73.99082,40.7043],[-73.99058,40.70436],[-73.99056,40.70445],[-73.9902,40.70494],[-73.9901,40.70495],[-73.98982,40.7049]]],[[[-73.98664,40.70509],[-73.98668,40.70448],[-73.98743,40.70451],[-73.9874,40.70497],[-73.98758,40.70498],[-73.9876,40.70453],[-73.98831,40.70456],[-73.98828,40.70509],[-73.98699,40.70521],[-73.98664,40.70509]]],[[[-73.98342,40.70548],[-73.98308,40.70549],[-73.98308,40.70553],[-73.98274,40.70558],[-73.98275,40.70555],[-73.98254,40.70553],[-73.98268,40.70435],[-73.98648,40.70449],[-73.9864,40.70542],[-73.98344,40.70565],[-73.98342,40.70548]]]]}},{"type":"Feature","properties":{"std_name":"East Midtown Partnership","std_geoid":"0","pen":"politicians","std_note":null},"geometry":{"type":"MultiPolygon","coordinates":[[[[-73.97014,40.75547],[-73.97028,40.75529],[-73.9704,40.75533],[-73.97053,40.755],[-73.97103,40.75521],[-73.97068,40.75569],[-73.97014,40.75547]]],[[[-73.9698,40.75583],[-73.96997,40.75559],[-73.97058,40.75584],[-73.97023,40.75633],[-73.96967,40.75611],[-73.96985,40.75586],[-73.9698,40.75583]]],[[[-73.97094,40.75582],[-73.97131,40.75534],[-73.97264,40.75589],[-73.97231,40.75636],[-73.97094,40.75582]]],[[[-73.96959,40.75655],[-73.96978,40.75631],[-73.97012,40.75644],[-73.96977,40.75693],[-73.96945,40.7568],[-73.96962,40.75656],[-73.96959,40.75655]]],[[[-73.97254,40.75648],[-73.97289,40.75601],[-73.97417,40.75653],[-73.97382,40.757],[-73.97254,40.75648]]],[[[-73.9705,40.75646],[-73.97086,40.75599],[-73.97219,40.75652],[-73.97184,40.757],[-73.9705,40.75646]]],[[[-73.96873,40.75733],[-73.96888,40.75711],[-73.96895,40.75714],[-73.96914,40.75687],[-73.96966,40.75708],[-73.96931,40.75756],[-73.96873,40.75733]]],[[[-73.97006,40.75708],[-73.97041,40.75659],[-73.97176,40.75714],[-73.97142,40.75761],[-73.97006,40.75708]]],[[[-73.96961,40.7577],[-73.96994,40.75723],[-73.97057,40.75748],[-73.97022,40.75796],[-73.96961,40.7577]]],[[[-73.96834,40.75798],[-73.96851,40.75774],[-73.96871,40.75782],[-73.96889,40.75758],[-73.96921,40.75771],[-73.96886,40.7582],[-73.96834,40.75798]]],[[[-73.96704,40.75828],[-73.9674,40.7578],[-73.96872,40.75834],[-73.96838,40.75883],[-73.96704,40.75828]]],[[[-73.96696,40.75873],[-73.96714,40.75849],[-73.96831,40.75897],[-73.96795,40.75945],[-73.96703,40.75907],[-73.9672,40.75884],[-73.96696,40.75873]]],[[[-73.96866,40.75895],[-73.96901,40.75848],[-73.97033,40.75902],[-73.96999,40.75949],[-73.96866,40.75895]]],[[[-73.9655,40.75929],[-73.96585,40.7588],[-73.96782,40.7596],[-73.96745,40.76007],[-73.9655,40.75929]]],[[[-73.96824,40.75958],[-73.9686,40.75911],[-73.96993,40.75965],[-73.96958,40.76013],[-73.96824,40.75958]]],[[[-73.97024,40.75963],[-73.97058,40.75916],[-73.97187,40.75968],[-73.97152,40.76015],[-73.97024,40.75963]]],[[[-73.97333,40.75978],[-73.9735,40.75955],[-73.97402,40.75977],[-73.97367,40.76023],[-73.97321,40.76004],[-73.97338,40.75981],[-73.97333,40.75978]]],[[[-73.96777,40.7602],[-73.96813,40.75972],[-73.96946,40.76027],[-73.96912,40.76074],[-73.96777,40.7602]]],[[[-73.9698,40.76026],[-73.97014,40.75978],[-73.97143,40.7603],[-73.97107,40.76078],[-73.9698,40.76026]]],[[[-73.96501,40.75999],[-73.96536,40.75952],[-73.96731,40.76032],[-73.96696,40.7608],[-73.96501,40.75999]]],[[[-73.97195,40.76035],[-73.97231,40.75987],[-73.97358,40.76038],[-73.97322,40.76086],[-73.97195,40.76035]]],[[[-73.97351,40.76099],[-73.97385,40.76051],[-73.97478,40.7609],[-73.97461,40.76113],[-73.97407,40.76091],[-73.9739,40.76115],[-73.97351,40.76099]]],[[[-73.96934,40.76086],[-73.96969,40.76039],[-73.97097,40.76091],[-73.97062,40.76139],[-73.96934,40.76086]]],[[[-73.96455,40.76061],[-73.96489,40.76014],[-73.96682,40.76093],[-73.96648,40.76141],[-73.96455,40.76061]]],[[[-73.96724,40.76092],[-73.96759,40.76045],[-73.96892,40.761],[-73.96859,40.76147],[-73.96724,40.76092]]],[[[-73.97151,40.76097],[-73.97187,40.7605],[-73.97311,40.76102],[-73.97277,40.76149],[-73.97151,40.76097]]],[[[-73.97303,40.76162],[-73.9734,40.76114],[-73.97399,40.76138],[-73.97359,40.76185],[-73.97303,40.76162]]],[[[-73.96431,40.76133],[-73.96466,40.76085],[-73.96639,40.76155],[-73.96602,40.76204],[-73.96431,40.76133]]],[[[-73.96678,40.76154],[-73.96713,40.76107],[-73.96846,40.76162],[-73.96813,40.76209],[-73.96678,40.76154]]],[[[-73.97106,40.76158],[-73.97141,40.7611],[-73.97267,40.76162],[-73.97231,40.7621],[-73.97106,40.76158]]],[[[-73.96881,40.76159],[-73.96915,40.76112],[-73.97044,40.76164],[-73.97009,40.76211],[-73.96881,40.76159]]],[[[-73.97053,40.76232],[-73.97088,40.76184],[-73.9713,40.76201],[-73.97113,40.76225],[-73.97102,40.76221],[-73.97085,40.76245],[-73.97053,40.76232]]],[[[-73.96543,40.76232],[-73.9641,40.76176],[-73.96393,40.762],[-73.96366,40.76188],[-73.964,40.76142],[-73.96592,40.76221],[-73.96557,40.76268],[-73.96524,40.76255],[-73.96543,40.76232]]],[[[-73.96634,40.76219],[-73.96669,40.76172],[-73.96803,40.76227],[-73.96768,40.76274],[-73.96634,40.76219]]],[[[-73.96836,40.76223],[-73.96871,40.76175],[-73.96999,40.76228],[-73.96965,40.76276],[-73.96836,40.76223]]],[[[-73.97009,40.76295],[-73.97042,40.76247],[-73.97123,40.7628],[-73.97106,40.76303],[-73.97066,40.76287],[-73.97049,40.76311],[-73.97009,40.76295]]],[[[-73.96473,40.76314],[-73.9649,40.7629],[-73.96499,40.76293],[-73.96516,40.7627],[-73.96546,40.76282],[-73.96511,40.7633],[-73.96473,40.76314]]],[[[-73.96687,40.76291],[-73.9665,40.76275],[-73.96633,40.763],[-73.96587,40.7628],[-73.96622,40.76233],[-73.96755,40.76288],[-73.96721,40.76336],[-73.9667,40.76315],[-73.96687,40.76291]]],[[[-73.96791,40.76284],[-73.96825,40.76237],[-73.96954,40.7629],[-73.96919,40.76337],[-73.96791,40.76284]]],[[[-73.96542,40.76343],[-73.96576,40.76296],[-73.96609,40.76309],[-73.96572,40.76355],[-73.96542,40.76343]]],[[[-73.96962,40.76356],[-73.96996,40.76309],[-73.9704,40.76328],[-73.97023,40.76352],[-73.97016,40.76349],[-73.96999,40.76373],[-73.96962,40.76356]]],[[[-73.96464,40.76331],[-73.96502,40.76345],[-73.96466,40.76393],[-73.96434,40.76379],[-73.96451,40.76356],[-73.96447,40.76354],[-73.96464,40.76331]]],[[[-73.96648,40.76387],[-73.96682,40.76339],[-73.9671,40.76351],[-73.96676,40.76398],[-73.96648,40.76387]]],[[[-73.96788,40.76334],[-73.96784,40.76338],[-73.96771,40.76333],[-73.96757,40.76352],[-73.96745,40.76347],[-73.9678,40.763],[-73.96907,40.76353],[-73.96873,40.764],[-73.96842,40.76387],[-73.96859,40.76364],[-73.96788,40.76334]]],[[[-73.96733,40.76364],[-73.96755,40.76371],[-73.96738,40.76395],[-73.96742,40.76397],[-73.96724,40.76421],[-73.967,40.76411],[-73.96733,40.76364]]],[[[-73.96497,40.76407],[-73.96532,40.76359],[-73.96561,40.76372],[-73.96545,40.76396],[-73.96567,40.76403],[-73.9655,40.76429],[-73.96497,40.76407]]],[[[-73.96914,40.7642],[-73.96949,40.76372],[-73.96988,40.76388],[-73.96969,40.76412],[-73.96974,40.76414],[-73.96957,40.76437],[-73.96914,40.7642]]],[[[-73.96591,40.76445],[-73.96611,40.76419],[-73.96627,40.76424],[-73.9664,40.76404],[-73.96665,40.76414],[-73.9663,40.76461],[-73.96591,40.76445]]],[[[-73.96655,40.76473],[-73.96689,40.76427],[-73.96714,40.76437],[-73.9668,40.76483],[-73.96655,40.76473]]],[[[-73.96885,40.76458],[-73.96903,40.76434],[-73.96982,40.76466],[-73.96964,40.7649],[-73.96885,40.76458]]]]}},{"type":"Feature","properties":{"std_name":"East Brooklyn","std_geoid":"0","pen":"politicians","std_note":null},"geometry":{"type":"MultiPolygon","coordinates":[[[[-73.90277,40.66837],[-73.90347,40.66828],[-73.90374,40.66931],[-73.90304,40.66942],[-73.90277,40.66837]]],[[[-73.9016,40.66856],[-73.90188,40.66961],[-73.9012,40.6697],[-73.90093,40.66866],[-73.9016,40.66856]]],[[[-73.90001,40.6688],[-73.90069,40.6687],[-73.90097,40.66974],[-73.90026,40.66984],[-73.90001,40.6688]]],[[[-73.89908,40.66892],[-73.89977,40.66882],[-73.90003,40.66986],[-73.89934,40.66997],[-73.89908,40.66892]]],[[[-73.89815,40.66904],[-73.89886,40.66894],[-73.89912,40.66999],[-73.89843,40.6701],[-73.89815,40.66904]]],[[[-73.89728,40.66937],[-73.89799,40.66927],[-73.89821,40.67014],[-73.8975,40.67025],[-73.89728,40.66937]]],[[[-73.89638,40.6695],[-73.89707,40.6694],[-73.89728,40.67028],[-73.8966,40.67038],[-73.89638,40.6695]]],[[[-73.9031,40.66961],[-73.90379,40.66951],[-73.90406,40.67057],[-73.90336,40.67067],[-73.9031,40.66961]]],[[[-73.90222,40.66973],[-73.90218,40.66957],[-73.90202,40.6696],[-73.90176,40.66852],[-73.90257,40.6684],[-73.90315,40.67071],[-73.90233,40.67083],[-73.90206,40.66976],[-73.90222,40.66973]]],[[[-73.90125,40.66988],[-73.90194,40.66977],[-73.90221,40.67086],[-73.90152,40.67096],[-73.90125,40.66988]]],[[[-73.90033,40.67001],[-73.90102,40.66991],[-73.90128,40.67099],[-73.90059,40.67108],[-73.90033,40.67001]]],[[[-73.8994,40.67014],[-73.90009,40.67004],[-73.90036,40.67112],[-73.89968,40.67123],[-73.8994,40.67014]]],[[[-73.89916,40.67018],[-73.89943,40.67127],[-73.89875,40.67137],[-73.89849,40.67029],[-73.89916,40.67018]]],[[[-73.89827,40.67032],[-73.89854,40.6714],[-73.89783,40.67151],[-73.89756,40.67043],[-73.89827,40.67032]]],[[[-73.89666,40.67056],[-73.89733,40.67046],[-73.89761,40.67154],[-73.89692,40.67164],[-73.89666,40.67056]]],[[[-73.90412,40.6708],[-73.90439,40.67186],[-73.90369,40.67197],[-73.90342,40.6709],[-73.90412,40.6708]]],[[[-73.90242,40.67105],[-73.90324,40.67093],[-73.9035,40.67198],[-73.90267,40.67211],[-73.90242,40.67105]]],[[[-73.90157,40.67118],[-73.90227,40.67107],[-73.90253,40.67214],[-73.90186,40.67224],[-73.90157,40.67118]]],[[[-73.90132,40.67121],[-73.90161,40.67227],[-73.90093,40.67237],[-73.90065,40.67131],[-73.90132,40.67121]]],[[[-73.89975,40.67145],[-73.90044,40.67134],[-73.9007,40.67241],[-73.90002,40.67252],[-73.89975,40.67145]]],[[[-73.89949,40.67147],[-73.89977,40.67254],[-73.89906,40.67265],[-73.8988,40.67158],[-73.89949,40.67147]]],[[[-73.89788,40.67171],[-73.89859,40.6716],[-73.89886,40.67267],[-73.89814,40.67278],[-73.89788,40.67171]]],[[[-73.89696,40.67185],[-73.89766,40.67175],[-73.89793,40.67281],[-73.89724,40.67292],[-73.89696,40.67185]]],[[[-73.90443,40.67204],[-73.90471,40.67312],[-73.90401,40.67322],[-73.90373,40.67214],[-73.90443,40.67204]]],[[[-73.90274,40.67228],[-73.90357,40.67215],[-73.90383,40.67324],[-73.90301,40.67336],[-73.90274,40.67228]]],[[[-73.90188,40.67241],[-73.90258,40.6723],[-73.90286,40.67339],[-73.90217,40.67349],[-73.90188,40.67241]]],[[[-73.90097,40.67254],[-73.90166,40.67244],[-73.90193,40.67352],[-73.90124,40.67362],[-73.90097,40.67254]]],[[[-73.90005,40.67268],[-73.90075,40.67257],[-73.90101,40.67365],[-73.90034,40.67375],[-73.90005,40.67268]]],[[[-73.89913,40.67282],[-73.89983,40.67272],[-73.9001,40.6738],[-73.8994,40.6739],[-73.89913,40.67282]]],[[[-73.8982,40.67296],[-73.89891,40.67285],[-73.89919,40.67393],[-73.89846,40.67404],[-73.8982,40.67296]]],[[[-73.89799,40.67299],[-73.89826,40.67406],[-73.89757,40.67416],[-73.89729,40.6731],[-73.89799,40.67299]]],[[[-73.90474,40.67327],[-73.90511,40.6747],[-73.90445,40.67499],[-73.90405,40.67338],[-73.90474,40.67327]]],[[[-73.90304,40.67352],[-73.90387,40.67339],[-73.90428,40.67507],[-73.904,40.67516],[-73.90401,40.67519],[-73.90355,40.67539],[-73.90345,40.67519],[-73.90304,40.67352]]],[[[-73.90038,40.67394],[-73.90107,40.67383],[-73.90148,40.67543],[-73.90073,40.67543],[-73.90038,40.67394]]],[[[-73.9013,40.6738],[-73.90199,40.67369],[-73.90243,40.67544],[-73.90171,40.67544],[-73.9013,40.6738]]],[[[-73.89945,40.67407],[-73.90015,40.67397],[-73.90048,40.67543],[-73.89976,40.67544],[-73.89945,40.67407]]],[[[-73.9022,40.67366],[-73.9029,40.67355],[-73.90337,40.67544],[-73.9033,40.67547],[-73.90266,40.67544],[-73.9022,40.67366]]],[[[-73.89923,40.67408],[-73.89958,40.67544],[-73.89883,40.67547],[-73.89851,40.67419],[-73.89923,40.67408]]],[[[-73.89828,40.67422],[-73.89861,40.67548],[-73.89791,40.67552],[-73.89761,40.67432],[-73.89828,40.67422]]]]}},{"type":"Feature","properties":{"std_name":"Fulton Area Business (FAB) Alliance","std_geoid":"0","pen":"politicians","std_note":null},"geometry":{"type":"MultiPolygon","coordinates":[[[[-73.95869,40.68166],[-73.95862,40.68129],[-73.95877,40.68126],[-73.95928,40.68137],[-73.95924,40.68148],[-73.95984,40.68161],[-73.95986,40.68156],[-73.96034,40.68166],[-73.96032,40.68171],[-73.96107,40.68187],[-73.96104,40.68193],[-73.96141,40.682],[-73.96145,40.68224],[-73.95869,40.68166]]],[[[-73.95914,40.68233],[-73.95913,40.68227],[-73.95905,40.68228],[-73.9591,40.68215],[-73.95895,40.68212],[-73.95878,40.68214],[-73.95873,40.68188],[-73.95951,40.68204],[-73.95955,40.68224],[-73.95934,40.68226],[-73.95932,40.68232],[-73.95914,40.68233]]],[[[-73.96034,40.68246],[-73.95978,40.68236],[-73.95972,40.68209],[-73.96051,40.68225],[-73.96054,40.68244],[-73.96034,40.68246]]],[[[-73.96178,40.68259],[-73.96177,40.68253],[-73.96196,40.68257],[-73.96178,40.68259]]],[[[-73.96125,40.68255],[-73.96097,40.6825],[-73.96095,40.68254],[-73.96077,40.68253],[-73.96072,40.6823],[-73.96151,40.68246],[-73.96154,40.68262],[-73.96127,40.68265],[-73.96125,40.68255]]],[[[-73.96352,40.68269],[-73.96171,40.68231],[-73.96168,40.68214],[-73.96184,40.68212],[-73.96187,40.68204],[-73.96234,40.68214],[-73.96237,40.68203],[-73.96307,40.68217],[-73.96303,40.68228],[-73.96316,40.68231],[-73.96315,40.68236],[-73.96327,40.68239],[-73.96326,40.68243],[-73.96347,40.68243],[-73.96352,40.68269]]],[[[-73.96376,40.68274],[-73.96374,40.68259],[-73.96416,40.68254],[-73.96418,40.68261],[-73.96429,40.6826],[-73.9643,40.68268],[-73.96448,40.68266],[-73.96447,40.68271],[-73.96458,40.68273],[-73.96462,40.68292],[-73.96376,40.68274]]],[[[-73.96181,40.68278],[-73.96253,40.68269],[-73.96258,40.68293],[-73.96186,40.68302],[-73.96181,40.68278]]],[[[-73.96485,40.68274],[-73.96533,40.6827],[-73.96531,40.6826],[-73.96523,40.68261],[-73.96521,40.68249],[-73.96524,40.68249],[-73.9652,40.68229],[-73.96558,40.68224],[-73.96576,40.68316],[-73.9649,40.68298],[-73.96485,40.68274]]],[[[-73.96319,40.68318],[-73.96322,40.6831],[-73.96302,40.68313],[-73.96307,40.68298],[-73.96303,40.68295],[-73.96282,40.68295],[-73.96278,40.68274],[-73.96356,40.6829],[-73.9636,40.68307],[-73.96332,40.6831],[-73.96329,40.68316],[-73.96319,40.68318]]],[[[-73.96417,40.68328],[-73.96387,40.68326],[-73.96381,40.68295],[-73.96466,40.68313],[-73.96468,40.68325],[-73.96417,40.6833],[-73.96417,40.68328]]],[[[-73.96673,40.68335],[-73.96594,40.68318],[-73.96588,40.68289],[-73.96617,40.68286],[-73.96619,40.68299],[-73.96626,40.68298],[-73.96631,40.68326],[-73.9667,40.68321],[-73.96673,40.68335]]],[[[-73.96701,40.68342],[-73.96697,40.68324],[-73.96741,40.68319],[-73.96743,40.68327],[-73.96758,40.68327],[-73.96757,40.68331],[-73.96775,40.68329],[-73.96781,40.68359],[-73.96701,40.68342]]],[[[-73.96654,40.68369],[-73.96605,40.68368],[-73.96599,40.68341],[-73.96677,40.68357],[-73.96678,40.68362],[-73.96655,40.68365],[-73.96654,40.68369]]],[[[-73.96543,40.68372],[-73.9654,40.68358],[-73.96502,40.68362],[-73.96493,40.68318],[-73.96578,40.68336],[-73.96584,40.68367],[-73.96543,40.68372]]],[[[-73.96749,40.68396],[-73.96745,40.68374],[-73.96708,40.68378],[-73.96705,40.68363],[-73.96783,40.68379],[-73.96784,40.68385],[-73.96757,40.68389],[-73.96759,40.68395],[-73.96749,40.68396]]],[[[-73.96808,40.68366],[-73.96805,40.68354],[-73.9688,40.68348],[-73.96882,40.68358],[-73.96868,40.6836],[-73.96866,40.68363],[-73.96874,40.68366],[-73.96883,40.68364],[-73.9689,40.68399],[-73.96808,40.68366]]],[[[-73.96817,40.6841],[-73.96814,40.68391],[-73.96852,40.68406],[-73.96823,40.6841],[-73.96817,40.6841]]],[[[-73.9682,40.68428],[-73.96889,40.6842],[-73.96894,40.68423],[-73.96898,40.68441],[-73.96824,40.6845],[-73.9682,40.68428]]],[[[-73.97107,40.68485],[-73.96919,40.6841],[-73.96911,40.6837],[-73.96953,40.68365],[-73.96947,40.68359],[-73.96982,40.68355],[-73.9698,40.68345],[-73.97076,40.68332],[-73.97107,40.68485]],[[-73.96993,40.68409],[-73.96991,40.68398],[-73.9696,40.68401],[-73.9696,40.68406],[-73.96979,40.68404],[-73.96976,40.68408],[-73.96983,40.68411],[-73.96993,40.68409]]],[[[-73.96971,40.68486],[-73.96969,40.68472],[-73.96931,40.68476],[-73.96923,40.68434],[-73.97005,40.68467],[-73.97008,40.68481],[-73.96971,40.68486]]],[[[-73.97132,40.68497],[-73.97128,40.68474],[-73.97163,40.6847],[-73.97164,40.68478],[-73.97174,40.68482],[-73.97184,40.68481],[-73.97203,40.68488],[-73.97208,40.68513],[-73.97212,40.68516],[-73.97215,40.68527],[-73.97213,40.6853],[-73.97132,40.68497]]],[[[-73.97082,40.68545],[-73.97076,40.68516],[-73.97064,40.68518],[-73.97063,40.68511],[-73.97039,40.68514],[-73.97032,40.68479],[-73.97112,40.6851],[-73.97118,40.68541],[-73.97082,40.68545]]],[[[-73.97289,40.68558],[-73.97239,40.68538],[-73.97233,40.68511],[-73.97237,40.68508],[-73.97236,40.68501],[-73.97263,40.68498],[-73.97265,40.68521],[-73.97273,40.6852],[-73.97279,40.6855],[-73.97285,40.68552],[-73.97316,40.68549],[-73.97317,40.68555],[-73.97289,40.68558]]],[[[-73.97186,40.68573],[-73.97184,40.68565],[-73.97178,40.68566],[-73.97177,40.68561],[-73.97171,40.68561],[-73.97165,40.68551],[-73.97152,40.68552],[-73.97153,40.68545],[-73.97148,40.68544],[-73.97149,40.68548],[-73.97144,40.68549],[-73.97139,40.68522],[-73.97219,40.68554],[-73.97222,40.68568],[-73.97186,40.68573]]],[[[-73.97251,40.68586],[-73.97246,40.68565],[-73.97287,40.68581],[-73.97251,40.68586]]],[[[-73.96986,40.68558],[-73.97022,40.68553],[-73.97028,40.68583],[-73.96992,40.68587],[-73.96986,40.68558]]],[[[-73.97429,40.68615],[-73.97347,40.68581],[-73.97345,40.68572],[-73.97389,40.68567],[-73.97392,40.68583],[-73.97402,40.68586],[-73.97423,40.68583],[-73.97429,40.68615]]],[[[-73.97254,40.68604],[-73.97326,40.68597],[-73.97331,40.68621],[-73.97259,40.68629],[-73.97254,40.68604]]],[[[-73.97454,40.68624],[-73.97449,40.68598],[-73.97486,40.68595],[-73.9749,40.68615],[-73.97498,40.68614],[-73.97497,40.68616],[-73.9751,40.68623],[-73.97528,40.68621],[-73.97535,40.68658],[-73.97454,40.68624]]],[[[-73.97403,40.68669],[-73.97399,40.68648],[-73.97392,40.68649],[-73.97391,40.68643],[-73.97378,40.68644],[-73.97377,40.68639],[-73.9737,40.68636],[-73.97359,40.68639],[-73.97353,40.68607],[-73.97434,40.6864],[-73.97439,40.68665],[-73.97403,40.68669]]],[[[-73.97689,40.68657],[-73.97721,40.68654],[-73.97726,40.68681],[-73.97664,40.68688],[-73.97663,40.68682],[-73.97693,40.68679],[-73.97689,40.68657]]],[[[-73.97562,40.68668],[-73.97559,40.68654],[-73.97595,40.68649],[-73.97604,40.68666],[-73.97634,40.68662],[-73.9764,40.6869],[-73.97624,40.68693],[-73.97562,40.68668]]],[[[-73.9748,40.68675],[-73.97465,40.68674],[-73.9746,40.6865],[-73.97541,40.68683],[-73.97544,40.68702],[-73.97472,40.6871],[-73.97467,40.68688],[-73.9748,40.68687],[-73.9748,40.68675]]],[[[-73.9767,40.68711],[-73.97729,40.68704],[-73.97735,40.68737],[-73.9767,40.68711]]],[[[-73.97476,40.68732],[-73.97549,40.68724],[-73.97554,40.68748],[-73.97481,40.68756],[-73.97476,40.68732]]],[[[-73.97616,40.68757],[-73.97614,40.68746],[-73.97607,40.68747],[-73.97606,40.68741],[-73.97577,40.68745],[-73.97572,40.68722],[-73.97625,40.68715],[-73.97646,40.68724],[-73.97652,40.68753],[-73.97616,40.68757]]],[[[-73.97747,40.68702],[-73.97811,40.68695],[-73.97822,40.68772],[-73.97756,40.68745],[-73.97747,40.68702]]],[[[-73.97746,40.68777],[-73.97712,40.68779],[-73.9771,40.68771],[-73.97681,40.68774],[-73.97673,40.68735],[-73.97743,40.68763],[-73.97746,40.68777]]],[[[-73.97863,40.68756],[-73.9791,40.68753],[-73.97918,40.68811],[-73.97849,40.68784],[-73.97847,40.6877],[-73.97865,40.68769],[-73.97863,40.68756]]],[[[-73.97771,40.68819],[-73.97761,40.6877],[-73.97825,40.68796],[-73.97827,40.68814],[-73.97771,40.68819]]],[[[-73.97853,40.68877],[-73.97842,40.68802],[-73.97906,40.68828],[-73.97894,40.68845],[-73.97896,40.68859],[-73.97887,40.68859],[-73.97889,40.68874],[-73.97853,40.68877]]]]}},{"type":"Feature","properties":{"std_name":"Fifth Avenue Association","std_geoid":"0","pen":"politicians","std_note":null},"geometry":{"type":"MultiPolygon","coordinates":[[[[-73.97783,40.75626],[-73.978,40.75603],[-73.97807,40.75605],[-73.97825,40.75582],[-73.97881,40.75605],[-73.97845,40.75652],[-73.97783,40.75626]]],[[[-73.97878,40.75669],[-73.97913,40.75622],[-73.97944,40.75634],[-73.9791,40.75682],[-73.97878,40.75669]]],[[[-73.97754,40.75696],[-73.9779,40.75648],[-73.97837,40.75668],[-73.97801,40.75715],[-73.97754,40.75696]]],[[[-73.97833,40.7573],[-73.97868,40.75684],[-73.97946,40.75716],[-73.97929,40.75739],[-73.9789,40.75723],[-73.97873,40.75747],[-73.97833,40.7573]]],[[[-73.977,40.75755],[-73.97718,40.75732],[-73.97741,40.75741],[-73.97759,40.75718],[-73.9779,40.75731],[-73.97755,40.75778],[-73.977,40.75755]]],[[[-73.97792,40.75796],[-73.9781,40.75771],[-73.97861,40.75792],[-73.97843,40.75816],[-73.97792,40.75796]]],[[[-73.97619,40.75802],[-73.97651,40.75754],[-73.97745,40.75793],[-73.97711,40.7584],[-73.97619,40.75802]]],[[[-73.97533,40.75849],[-73.97568,40.75801],[-73.97699,40.75855],[-73.97665,40.75902],[-73.97533,40.75849]]],[[[-73.97575,40.75916],[-73.97592,40.75892],[-73.97652,40.75917],[-73.97618,40.75965],[-73.97562,40.75941],[-73.97579,40.75918],[-73.97575,40.75916]]],[[[-73.97655,40.7598],[-73.9769,40.75933],[-73.97737,40.75952],[-73.9772,40.75976],[-73.97736,40.75983],[-73.97719,40.76007],[-73.97655,40.7598]]],[[[-73.97535,40.76011],[-73.97568,40.75963],[-73.97609,40.7598],[-73.97574,40.76028],[-73.97535,40.76011]]],[[[-73.97702,40.76082],[-73.97607,40.76043],[-73.97642,40.75995],[-73.97741,40.76036],[-73.97724,40.7606],[-73.97719,40.76058],[-73.97702,40.76082]]],[[[-73.97489,40.76074],[-73.97506,40.7605],[-73.97514,40.76053],[-73.97531,40.76029],[-73.97562,40.76043],[-73.97527,40.7609],[-73.97489,40.76074]]],[[[-73.97561,40.76108],[-73.97597,40.7606],[-73.97678,40.76094],[-73.97661,40.76118],[-73.97618,40.761],[-73.97601,40.76124],[-73.97561,40.76108]]],[[[-73.97404,40.76121],[-73.97422,40.76097],[-73.97461,40.76113],[-73.97478,40.7609],[-73.97517,40.76106],[-73.97481,40.76153],[-73.97404,40.76121]]],[[[-73.97512,40.76166],[-73.97547,40.76119],[-73.97602,40.76141],[-73.97568,40.7619],[-73.97512,40.76166]]],[[[-73.97359,40.76185],[-73.97377,40.76161],[-73.97381,40.76162],[-73.97399,40.76138],[-73.9747,40.76167],[-73.97435,40.76215],[-73.97359,40.76185]]],[[[-73.97463,40.76228],[-73.97498,40.76181],[-73.97561,40.76207],[-73.97527,40.76254],[-73.97463,40.76228]]],[[[-73.9726,40.76226],[-73.97295,40.76179],[-73.97427,40.76232],[-73.97392,40.7628],[-73.9726,40.76226]]],[[[-73.97224,40.76273],[-73.97241,40.76249],[-73.97373,40.76303],[-73.97339,40.7635],[-73.97276,40.76324],[-73.97293,40.76301],[-73.97224,40.76273]]],[[[-73.97164,40.76362],[-73.97197,40.76314],[-73.97327,40.76367],[-73.97294,40.76414],[-73.97164,40.76362]]],[[[-73.97712,40.76415],[-73.97579,40.76359],[-73.97419,40.76293],[-73.97456,40.76246],[-73.97526,40.76275],[-73.97509,40.76299],[-73.97548,40.76316],[-73.97564,40.76322],[-73.97582,40.76298],[-73.97598,40.76304],[-73.9758,40.76329],[-73.97603,40.76339],[-73.97636,40.76352],[-73.97653,40.76327],[-73.97693,40.76344],[-73.97675,40.76368],[-73.97683,40.76371],[-73.97698,40.76377],[-73.97715,40.76353],[-73.97747,40.76366],[-73.97712,40.76415]]],[[[-73.97355,40.76387],[-73.97376,40.76389],[-73.97385,40.76397],[-73.97388,40.76406],[-73.97386,40.76414],[-73.97359,40.76448],[-73.97315,40.76428],[-73.97339,40.76394],[-73.97355,40.76387]]],[[[-73.97597,40.76457],[-73.97613,40.76433],[-73.97558,40.7641],[-73.97541,40.76435],[-73.97368,40.76364],[-73.97402,40.76316],[-73.97692,40.76435],[-73.97671,40.76465],[-73.97641,40.76452],[-73.97628,40.7647],[-73.97597,40.76457]]],[[[-73.97215,40.76439],[-73.97219,40.76433],[-73.97226,40.76436],[-73.97244,40.76411],[-73.97284,40.76427],[-73.97249,40.76476],[-73.97209,40.7646],[-73.97222,40.76442],[-73.97215,40.76439]]],[[[-73.97463,40.76487],[-73.97384,40.76455],[-73.97418,40.76407],[-73.97508,40.76444],[-73.97492,40.76468],[-73.9748,40.76463],[-73.97463,40.76487]]],[[[-73.97118,40.76505],[-73.97135,40.76481],[-73.9715,40.76487],[-73.97167,40.76463],[-73.97239,40.76491],[-73.97204,40.76539],[-73.97118,40.76505]]]]}},{"type":"Feature","properties":{"std_name":"Flatbush-Nostrand Junction","std_geoid":"0","pen":"politicians","std_note":null},"geometry":{"type":"MultiPolygon","coordinates":[[[[-73.94555,40.63057],[-73.94731,40.63038],[-73.94741,40.63147],[-73.94661,40.63156],[-73.94555,40.63057]]],[[[-73.94571,40.63166],[-73.94566,40.63118],[-73.94616,40.63164],[-73.94571,40.63166]]],[[[-73.9461,40.63187],[-73.94639,40.63185],[-73.94646,40.63191],[-73.94648,40.63213],[-73.94612,40.63216],[-73.9461,40.63187]]],[[[-73.94833,40.63094],[-73.94792,40.63141],[-73.94782,40.63142],[-73.9477,40.63136],[-73.94764,40.63071],[-73.95049,40.63044],[-73.95227,40.63021],[-73.95258,40.63204],[-73.94963,40.63238],[-73.94822,40.63157],[-73.94818,40.63144],[-73.9482,40.63134],[-73.94847,40.63098],[-73.94833,40.63094]]],[[[-73.94853,40.6323],[-73.94874,40.63212],[-73.94892,40.63222],[-73.94864,40.6324],[-73.94853,40.6323]]],[[[-73.94691,40.63177],[-73.94739,40.63172],[-73.94747,40.63243],[-73.94693,40.63192],[-73.94691,40.63177]]],[[[-73.94771,40.63169],[-73.94801,40.63165],[-73.94809,40.6317],[-73.94806,40.63173],[-73.9486,40.63204],[-73.94778,40.63273],[-73.94771,40.63169]]],[[[-73.94789,40.63389],[-73.94783,40.63323],[-73.94849,40.63385],[-73.94789,40.63389]]],[[[-73.94733,40.63317],[-73.94693,40.63279],[-73.94679,40.6328],[-73.94672,40.63215],[-73.94752,40.63291],[-73.94761,40.6339],[-73.94726,40.63392],[-73.94718,40.63317],[-73.94733,40.63317]]],[[[-73.9495,40.63434],[-73.9479,40.63284],[-73.94838,40.63243],[-73.94855,40.63259],[-73.94828,40.63276],[-73.94837,40.63285],[-73.94865,40.63268],[-73.94879,40.63282],[-73.94852,40.63299],[-73.94855,40.63302],[-73.94955,40.63396],[-73.94982,40.63379],[-73.95005,40.634],[-73.9495,40.63434]]],[[[-73.94797,40.63435],[-73.94793,40.63408],[-73.9486,40.63406],[-73.94862,40.63413],[-73.94835,40.63413],[-73.94838,40.63432],[-73.94797,40.63435]]],[[[-73.94928,40.63492],[-73.94911,40.63474],[-73.94891,40.63474],[-73.94883,40.63409],[-73.9497,40.63494],[-73.94973,40.63529],[-73.94937,40.63531],[-73.94933,40.63503],[-73.94923,40.63495],[-73.94928,40.63492]]],[[[-73.9497,40.63452],[-73.95025,40.63418],[-73.95047,40.63439],[-73.95018,40.63456],[-73.9516,40.63592],[-73.9512,40.63596],[-73.9497,40.63452]]],[[[-73.94999,40.63577],[-73.94993,40.63519],[-73.95075,40.63598],[-73.95074,40.63601],[-73.95016,40.63604],[-73.95014,40.63579],[-73.94999,40.63577]]]]}},{"type":"Feature","properties":{"std_name":"Flatiron/23rd Street Partnership","std_geoid":"0","pen":"politicians","std_note":null},"geometry":{"type":"MultiPolygon","coordinates":[[[[-73.98721,40.73804],[-73.98738,40.7378],[-73.9878,40.73798],[-73.98764,40.73821],[-73.98721,40.73804]]],[[[-73.9869,40.73866],[-73.98724,40.73821],[-73.98754,40.73834],[-73.98721,40.73879],[-73.9869,40.73866]]],[[[-73.98793,40.73833],[-73.98811,40.73808],[-73.98832,40.73817],[-73.98834,40.73813],[-73.98846,40.73818],[-73.98842,40.73824],[-73.98976,40.7388],[-73.98969,40.73907],[-73.98793,40.73833]]],[[[-73.98472,40.73936],[-73.98337,40.73879],[-73.98343,40.73871],[-73.98368,40.73879],[-73.98379,40.73864],[-73.98426,40.73884],[-73.98444,40.7386],[-73.98507,40.73887],[-73.98472,40.73936]]],[[[-73.9867,40.73906],[-73.98636,40.73892],[-73.98653,40.73868],[-73.98711,40.73892],[-73.98676,40.73941],[-73.98652,40.73931],[-73.9867,40.73906]]],[[[-73.9899,40.73916],[-73.98998,40.73885],[-73.99047,40.73906],[-73.99045,40.73909],[-73.99069,40.73919],[-73.99065,40.73924],[-73.99098,40.73938],[-73.99086,40.73956],[-73.9899,40.73916]]],[[[-73.9875,40.73892],[-73.98784,40.73845],[-73.98963,40.73921],[-73.98949,40.73976],[-73.9875,40.73892]]],[[[-73.98493,40.73945],[-73.98529,40.73896],[-73.98666,40.73954],[-73.98631,40.74003],[-73.98493,40.73945]]],[[[-73.98422,40.73975],[-73.98389,40.73961],[-73.9837,40.73986],[-73.98313,40.73962],[-73.98318,40.73956],[-73.9829,40.73944],[-73.98321,40.73901],[-73.98456,40.73958],[-73.9842,40.74008],[-73.98404,40.74001],[-73.98422,40.73975]]],[[[-73.98971,40.73985],[-73.98986,40.7393],[-73.99077,40.73968],[-73.99043,40.74015],[-73.98971,40.73985]]],[[[-73.98705,40.73954],[-73.98742,40.73904],[-73.98944,40.73989],[-73.98926,40.74047],[-73.98705,40.73954]]],[[[-73.98268,40.74024],[-73.98304,40.73974],[-73.98411,40.74019],[-73.98375,40.74069],[-73.98268,40.74024]]],[[[-73.98441,40.74017],[-73.98477,40.73967],[-73.98614,40.74025],[-73.98579,40.74075],[-73.98441,40.74017]]],[[[-73.9896,40.74061],[-73.98969,40.74],[-73.99033,40.74027],[-73.98997,40.74076],[-73.9896,40.74061]]],[[[-73.99407,40.74092],[-73.99192,40.74002],[-73.99112,40.73968],[-73.99131,40.73941],[-73.99201,40.73975],[-73.99218,40.73952],[-73.99258,40.73968],[-73.99241,40.73991],[-73.99249,40.73995],[-73.99266,40.73972],[-73.99274,40.73975],[-73.99257,40.73998],[-73.99281,40.74008],[-73.99298,40.73985],[-73.99313,40.73991],[-73.99296,40.74015],[-73.99371,40.74046],[-73.99375,40.74041],[-73.99429,40.74063],[-73.99407,40.74092]]],[[[-73.98658,40.74014],[-73.98695,40.73964],[-73.9892,40.74059],[-73.98902,40.74117],[-73.98658,40.74014]]],[[[-73.99436,40.74103],[-73.99469,40.74058],[-73.99522,40.7408],[-73.99489,40.74126],[-73.99436,40.74103]]],[[[-73.98398,40.74079],[-73.98434,40.7403],[-73.98569,40.74087],[-73.98533,40.74136],[-73.98398,40.74079]]],[[[-73.9895,40.74137],[-73.98958,40.74075],[-73.98988,40.74087],[-73.9895,40.74137]]],[[[-73.98609,40.74086],[-73.98644,40.74038],[-73.98778,40.74095],[-73.98743,40.74143],[-73.98609,40.74086]]],[[[-73.99072,40.74026],[-73.99105,40.73981],[-73.99397,40.74104],[-73.99364,40.7415],[-73.99072,40.74026]]],[[[-73.99394,40.74162],[-73.99427,40.74117],[-73.99477,40.74138],[-73.99466,40.74153],[-73.9944,40.74143],[-73.99418,40.74172],[-73.99394,40.74162]]],[[[-73.98353,40.7414],[-73.98389,40.74091],[-73.98524,40.74148],[-73.98488,40.74197],[-73.98353,40.7414]]],[[[-73.98564,40.74148],[-73.98599,40.741],[-73.98733,40.74157],[-73.98698,40.74204],[-73.98564,40.74148]]],[[[-73.99027,40.74089],[-73.99062,40.7404],[-73.99354,40.74163],[-73.99319,40.74211],[-73.99027,40.74089]]],[[[-73.99349,40.74224],[-73.99385,40.74175],[-73.99449,40.74202],[-73.99413,40.74251],[-73.99349,40.74224]]],[[[-73.98391,40.74237],[-73.98409,40.74213],[-73.98422,40.74218],[-73.9844,40.74194],[-73.98478,40.7421],[-73.98443,40.74259],[-73.98391,40.74237]]],[[[-73.98518,40.74209],[-73.98554,40.74161],[-73.9869,40.74218],[-73.98654,40.74266],[-73.98518,40.74209]]],[[[-73.98981,40.7415],[-73.99017,40.74101],[-73.99308,40.74224],[-73.99272,40.74273],[-73.98981,40.7415]]],[[[-73.98902,40.74245],[-73.98914,40.7425],[-73.98906,40.74296],[-73.98874,40.74282],[-73.98902,40.74245]]],[[[-73.99304,40.74286],[-73.99339,40.74237],[-73.99406,40.74265],[-73.99387,40.7429],[-73.99369,40.74282],[-73.99352,40.74306],[-73.99304,40.74286]]],[[[-73.98339,40.74296],[-73.98357,40.74272],[-73.98363,40.74274],[-73.98381,40.74249],[-73.98434,40.74272],[-73.98397,40.74321],[-73.98339,40.74296]]],[[[-73.98473,40.74272],[-73.9851,40.74222],[-73.98644,40.74279],[-73.98608,40.74329],[-73.98473,40.74272]]],[[[-73.98827,40.74118],[-73.98892,40.74143],[-73.98899,40.74153],[-73.98883,40.74209],[-73.98865,40.74253],[-73.98848,40.74286],[-73.98814,40.74334],[-73.98674,40.74276],[-73.98735,40.74194],[-73.98767,40.74158],[-73.98795,40.74134],[-73.98827,40.74118]]],[[[-73.98939,40.74207],[-73.98965,40.74172],[-73.99257,40.74294],[-73.99221,40.74345],[-73.98937,40.74226],[-73.98939,40.74207]]],[[[-73.9884,40.74345],[-73.98875,40.74297],[-73.98901,40.74308],[-73.98891,40.74367],[-73.9884,40.74345]]],[[[-73.99252,40.74358],[-73.99287,40.74309],[-73.99327,40.74326],[-73.99292,40.74374],[-73.99252,40.74358]]],[[[-73.9831,40.74364],[-73.98328,40.7434],[-73.98337,40.74344],[-73.98355,40.7432],[-73.98388,40.74334],[-73.98352,40.74382],[-73.9831,40.74364]]],[[[-73.98428,40.74334],[-73.98464,40.74284],[-73.98599,40.74341],[-73.98562,40.74391],[-73.98428,40.74334]]],[[[-73.9863,40.74338],[-73.98667,40.74288],[-73.98802,40.74345],[-73.98765,40.74396],[-73.9863,40.74338]]],[[[-73.98927,40.74301],[-73.98935,40.74242],[-73.9921,40.74357],[-73.99175,40.74405],[-73.98927,40.74301]]],[[[-73.99206,40.74419],[-73.99241,40.7437],[-73.9929,40.74391],[-73.99251,40.74438],[-73.99206,40.74419]]],[[[-73.98795,40.74407],[-73.9883,40.74358],[-73.98888,40.74383],[-73.98877,40.74442],[-73.98795,40.74407]]],[[[-73.9829,40.74411],[-73.98299,40.74399],[-73.98305,40.74401],[-73.98317,40.74385],[-73.98343,40.74395],[-73.98307,40.74444],[-73.98288,40.74436],[-73.98303,40.74416],[-73.9829,40.74411]]],[[[-73.98383,40.74396],[-73.98419,40.74346],[-73.98555,40.74403],[-73.98518,40.74453],[-73.98383,40.74396]]],[[[-73.98584,40.744],[-73.9862,40.7435],[-73.98757,40.74408],[-73.9872,40.74457],[-73.98584,40.744]]],[[[-73.98914,40.74376],[-73.98924,40.74317],[-73.99165,40.74418],[-73.99129,40.74467],[-73.98914,40.74376]]],[[[-73.99162,40.74481],[-73.99197,40.74432],[-73.99255,40.74456],[-73.99237,40.74481],[-73.99221,40.74474],[-73.99204,40.74498],[-73.99162,40.74481]]],[[[-73.98244,40.74474],[-73.98252,40.74462],[-73.98255,40.74464],[-73.98269,40.74444],[-73.983,40.74457],[-73.98264,40.74507],[-73.98243,40.74498],[-73.98256,40.7448],[-73.98244,40.74474]]],[[[-73.98338,40.74458],[-73.98374,40.74408],[-73.9851,40.74465],[-73.98473,40.74515],[-73.98338,40.74458]]],[[[-73.9875,40.74469],[-73.98785,40.7442],[-73.98874,40.74458],[-73.98863,40.74517],[-73.9875,40.74469]]],[[[-73.98539,40.74462],[-73.98575,40.74412],[-73.98711,40.74469],[-73.98675,40.74519],[-73.98539,40.74462]]],[[[-73.989,40.74452],[-73.98912,40.74393],[-73.99122,40.74481],[-73.99086,40.7453],[-73.989,40.74452]]],[[[-73.99116,40.74543],[-73.99152,40.74494],[-73.99192,40.74511],[-73.99174,40.74535],[-73.99186,40.7454],[-73.99168,40.74565],[-73.99116,40.74543]]],[[[-73.98167,40.74546],[-73.98184,40.74522],[-73.98203,40.7453],[-73.98221,40.74505],[-73.98255,40.74519],[-73.9822,40.74568],[-73.98167,40.74546]]],[[[-73.98293,40.74519],[-73.98329,40.74471],[-73.98464,40.74528],[-73.98429,40.74576],[-73.98293,40.74519]]],[[[-73.98494,40.74523],[-73.98531,40.74474],[-73.98666,40.74531],[-73.9863,40.74581],[-73.98494,40.74523]]],[[[-73.98886,40.74526],[-73.98897,40.74467],[-73.99077,40.74543],[-73.99041,40.74592],[-73.98886,40.74526]]],[[[-73.98704,40.74531],[-73.9874,40.74482],[-73.9886,40.74532],[-73.98849,40.74592],[-73.98704,40.74531]]],[[[-73.98319,40.74576],[-73.98294,40.74565],[-73.98275,40.74593],[-73.98248,40.74581],[-73.98284,40.74531],[-73.9842,40.74588],[-73.98402,40.74614],[-73.98319,40.74579],[-73.98319,40.74576]]],[[[-73.99072,40.74604],[-73.99107,40.74556],[-73.99152,40.74575],[-73.99117,40.74623],[-73.99072,40.74604]]],[[[-73.98095,40.74597],[-73.98129,40.74548],[-73.98204,40.74579],[-73.98169,40.74628],[-73.98095,40.74597]]],[[[-73.9845,40.74585],[-73.98486,40.74536],[-73.98622,40.74593],[-73.98587,40.74642],[-73.9845,40.74585]]],[[[-73.98873,40.74602],[-73.98883,40.74543],[-73.99032,40.74606],[-73.98997,40.74654],[-73.98873,40.74602]]],[[[-73.98659,40.74593],[-73.98695,40.74544],[-73.98846,40.74607],[-73.98835,40.74666],[-73.98659,40.74593]]],[[[-73.98489,40.7465],[-73.98461,40.74638],[-73.98442,40.74664],[-73.98436,40.74661],[-73.98445,40.74648],[-73.98414,40.74635],[-73.98442,40.74597],[-73.98578,40.74654],[-73.98567,40.74669],[-73.98517,40.74648],[-73.98491,40.74684],[-73.9847,40.74676],[-73.98489,40.7465]]],[[[-73.99027,40.74667],[-73.99062,40.74618],[-73.99115,40.7464],[-73.99097,40.74664],[-73.99133,40.74679],[-73.99115,40.74704],[-73.99027,40.74667]]],[[[-73.98859,40.74676],[-73.9887,40.74618],[-73.98987,40.74667],[-73.98952,40.74715],[-73.98859,40.74676]]],[[[-73.98615,40.74655],[-73.98651,40.74606],[-73.98833,40.74683],[-73.98822,40.74742],[-73.98615,40.74655]]],[[[-73.98982,40.74729],[-73.99018,40.7468],[-73.99078,40.74706],[-73.99062,40.74727],[-73.99044,40.74723],[-73.99026,40.74747],[-73.98982,40.74729]]],[[[-73.98844,40.74751],[-73.98854,40.74692],[-73.98942,40.74728],[-73.98906,40.74777],[-73.98844,40.74751]]],[[[-73.98596,40.7468],[-73.98606,40.74667],[-73.9878,40.74741],[-73.98747,40.7479],[-73.98733,40.74785],[-73.98751,40.74761],[-73.9862,40.74705],[-73.98628,40.74694],[-73.98596,40.7468]]],[[[-73.98936,40.74791],[-73.98971,40.74742],[-73.99032,40.74767],[-73.99022,40.74791],[-73.99001,40.74818],[-73.98936,40.74791]]]]}},{"type":"Feature","properties":{"std_name":"Fordham Road","std_geoid":"0","pen":"politicians","std_note":null},"geometry":{"type":"MultiPolygon","coordinates":[[[[-73.89187,40.86012],[-73.89202,40.85991],[-73.8922,40.86],[-73.89218,40.86003],[-73.89235,40.86012],[-73.89229,40.86016],[-73.89258,40.8603],[-73.8925,40.86038],[-73.89187,40.86012]]],[[[-73.88909,40.86032],[-73.88982,40.85948],[-73.89097,40.86008],[-73.89022,40.86092],[-73.88909,40.86032]]],[[[-73.89071,40.86106],[-73.89137,40.86015],[-73.89157,40.86025],[-73.89095,40.86111],[-73.89071,40.86106]]],[[[-73.89114,40.86114],[-73.89173,40.8603],[-73.89234,40.86055],[-73.89138,40.8615],[-73.8912,40.86141],[-73.89114,40.86114]]],[[[-73.89179,40.8617],[-73.89167,40.86165],[-73.89279,40.86054],[-73.89306,40.8607],[-73.89237,40.86143],[-73.89244,40.86145],[-73.89249,40.86139],[-73.89254,40.86141],[-73.89264,40.86128],[-73.89303,40.86146],[-73.89284,40.86171],[-73.89253,40.86171],[-73.89209,40.86176],[-73.89179,40.8617]]],[[[-73.89306,40.86173],[-73.89327,40.86145],[-73.89383,40.86167],[-73.89373,40.86182],[-73.89306,40.86173]]],[[[-73.89388,40.86183],[-73.89414,40.86143],[-73.89453,40.86152],[-73.89451,40.86159],[-73.89489,40.86168],[-73.89478,40.86193],[-73.89388,40.86183]]],[[[-73.89497,40.86198],[-73.89509,40.86168],[-73.89593,40.86189],[-73.89583,40.86213],[-73.89497,40.86198]]],[[[-73.89859,40.86215],[-73.89871,40.86192],[-73.89904,40.86207],[-73.89859,40.86215]]],[[[-73.89113,40.86207],[-73.89135,40.86192],[-73.89155,40.86202],[-73.89133,40.86222],[-73.89113,40.86207]]],[[[-73.89396,40.86206],[-73.89444,40.86211],[-73.89447,40.86214],[-73.89423,40.86223],[-73.89413,40.86224],[-73.89405,40.86221],[-73.89394,40.86211],[-73.89396,40.86206]]],[[[-73.89758,40.86229],[-73.89785,40.86179],[-73.89845,40.86198],[-73.89834,40.86219],[-73.89758,40.86229]]],[[[-73.89608,40.86218],[-73.89629,40.86168],[-73.89667,40.86178],[-73.89673,40.86164],[-73.89717,40.86175],[-73.89686,40.86233],[-73.89608,40.86218]]],[[[-73.89977,40.86215],[-73.89993,40.86182],[-73.90049,40.862],[-73.90028,40.86234],[-73.89977,40.86215]]],[[[-73.89279,40.8621],[-73.89286,40.86197],[-73.89337,40.86207],[-73.8932,40.86239],[-73.89301,40.86232],[-73.89308,40.86219],[-73.89279,40.8621]]],[[[-73.89199,40.86226],[-73.89173,40.8621],[-73.89178,40.86205],[-73.89265,40.86197],[-73.89245,40.86233],[-73.89211,40.86224],[-73.89198,40.86247],[-73.89191,40.86244],[-73.89195,40.8624],[-73.89189,40.86236],[-73.89199,40.86226]]],[[[-73.90045,40.86241],[-73.90061,40.86214],[-73.90088,40.86223],[-73.90091,40.86219],[-73.90123,40.86231],[-73.90099,40.86262],[-73.90045,40.86241]]],[[[-73.90144,40.86257],[-73.90154,40.86243],[-73.90183,40.86255],[-73.90175,40.86265],[-73.90152,40.86268],[-73.90143,40.86264],[-73.90144,40.86257]]],[[[-73.89923,40.86273],[-73.8991,40.86267],[-73.89906,40.86273],[-73.8989,40.86266],[-73.89883,40.86275],[-73.89869,40.86269],[-73.89858,40.86283],[-73.89825,40.86269],[-73.8984,40.86245],[-73.89918,40.8623],[-73.89943,40.86231],[-73.89979,40.86244],[-73.89946,40.86285],[-73.89922,40.86275],[-73.89923,40.86273]]],[[[-73.89325,40.8627],[-73.89356,40.86213],[-73.89373,40.86224],[-73.89388,40.86239],[-73.89395,40.86253],[-73.89401,40.86292],[-73.89325,40.8627]]],[[[-73.8944,40.86331],[-73.8943,40.86242],[-73.8948,40.86225],[-73.895,40.86224],[-73.89566,40.86236],[-73.89546,40.86262],[-73.89503,40.8625],[-73.89497,40.8626],[-73.89464,40.86289],[-73.89476,40.86294],[-73.89466,40.86329],[-73.8944,40.86331]]],[[[-73.89751,40.86346],[-73.89725,40.86335],[-73.89717,40.86345],[-73.89685,40.8633],[-73.89739,40.86259],[-73.89793,40.86253],[-73.898,40.86272],[-73.89765,40.86325],[-73.89741,40.86314],[-73.89732,40.86325],[-73.89758,40.86336],[-73.89751,40.86346]]],[[[-73.89968,40.86288],[-73.89996,40.86251],[-73.9008,40.86284],[-73.90017,40.86366],[-73.89967,40.86345],[-73.89999,40.86304],[-73.89968,40.86288]]],[[[-73.89558,40.8629],[-73.89595,40.86241],[-73.89669,40.86255],[-73.8958,40.86372],[-73.89549,40.86358],[-73.89589,40.86304],[-73.89558,40.8629]]],[[[-73.90117,40.86296],[-73.90163,40.86292],[-73.90084,40.86396],[-73.90047,40.86379],[-73.90108,40.86302],[-73.90117,40.86296]]],[[[-73.89979,40.86467],[-73.90037,40.86393],[-73.90074,40.86409],[-73.90016,40.86484],[-73.89979,40.86467]]],[[[-73.88502,40.8654],[-73.88701,40.86433],[-73.88672,40.86416],[-73.88656,40.86414],[-73.88632,40.86404],[-73.88595,40.86378],[-73.88448,40.86456],[-73.8843,40.86453],[-73.88211,40.86186],[-73.88153,40.86138],[-73.88069,40.86088],[-73.88094,40.85946],[-73.88201,40.85988],[-73.88264,40.85864],[-73.88366,40.85913],[-73.88376,40.85903],[-73.88413,40.85922],[-73.88424,40.8591],[-73.88411,40.85904],[-73.88423,40.8589],[-73.8845,40.85904],[-73.88418,40.85941],[-73.88464,40.85964],[-73.88497,40.85928],[-73.88764,40.86066],[-73.88811,40.86016],[-73.89066,40.86149],[-73.89082,40.86162],[-73.89086,40.86181],[-73.89076,40.86198],[-73.88952,40.86281],[-73.8875,40.86461],[-73.88744,40.86457],[-73.88632,40.86524],[-73.88652,40.86543],[-73.8858,40.86584],[-73.8856,40.86564],[-73.88593,40.86544],[-73.88575,40.86526],[-73.88452,40.86598],[-73.88463,40.86612],[-73.88365,40.8664],[-73.8833,40.86661],[-73.88319,40.86647],[-73.88503,40.86542],[-73.88502,40.8654]]]]}},{"type":"Feature","properties":{"std_name":"Forest Avenue","std_geoid":"0","pen":"politicians","std_note":null},"geometry":{"type":"MultiPolygon","coordinates":[[[[-74.1135,40.62917],[-74.11344,40.62891],[-74.11437,40.62879],[-74.11438,40.62882],[-74.11459,40.62879],[-74.11458,40.62876],[-74.11555,40.62863],[-74.11554,40.62856],[-74.11558,40.62856],[-74.11597,40.62852],[-74.11598,40.62855],[-74.116,40.62887],[-74.11542,40.62895],[-74.11541,40.62892],[-74.1135,40.62917]]],[[[-74.1114,40.62954],[-74.11131,40.62889],[-74.11164,40.62885],[-74.1117,40.62909],[-74.11313,40.62894],[-74.11318,40.62921],[-74.11254,40.6293],[-74.1114,40.62954]]],[[[-74.11039,40.62941],[-74.1111,40.62935],[-74.11113,40.62958],[-74.11005,40.62979],[-74.11,40.62953],[-74.1104,40.62949],[-74.11039,40.62941]]],[[[-74.10916,40.62972],[-74.10943,40.62967],[-74.10944,40.62969],[-74.10951,40.62968],[-74.1095,40.6296],[-74.10984,40.62956],[-74.10988,40.6298],[-74.10921,40.62995],[-74.10916,40.62972]]],[[[-74.11484,40.62995],[-74.11476,40.62957],[-74.11357,40.62973],[-74.11348,40.62936],[-74.11413,40.62927],[-74.11414,40.6293],[-74.11528,40.62919],[-74.11527,40.62915],[-74.1161,40.62906],[-74.11616,40.62941],[-74.11574,40.62946],[-74.11575,40.62952],[-74.11582,40.62951],[-74.11588,40.62982],[-74.11484,40.62995]]],[[[-74.10862,40.62978],[-74.10901,40.62973],[-74.10906,40.62995],[-74.10837,40.6301],[-74.10835,40.62998],[-74.10866,40.62994],[-74.10862,40.62978]]],[[[-74.11032,40.62991],[-74.11111,40.62975],[-74.11116,40.63003],[-74.11036,40.63012],[-74.11032,40.62991]]],[[[-74.1075,40.62995],[-74.10786,40.6299],[-74.10786,40.62994],[-74.10813,40.6299],[-74.10817,40.63007],[-74.10757,40.63024],[-74.1075,40.62995]]],[[[-74.11202,40.63025],[-74.11197,40.63001],[-74.11148,40.63007],[-74.11139,40.62971],[-74.11246,40.62956],[-74.11322,40.6294],[-74.1133,40.62975],[-74.11296,40.62978],[-74.11298,40.62986],[-74.11267,40.62989],[-74.11268,40.62994],[-74.11202,40.63001],[-74.11208,40.63032],[-74.11196,40.63033],[-74.11194,40.63026],[-74.11202,40.63025]]],[[[-74.1094,40.63015],[-74.11017,40.63001],[-74.1102,40.63014],[-74.10978,40.6302],[-74.10982,40.63037],[-74.10946,40.63042],[-74.1094,40.63015]]],[[[-74.10258,40.63049],[-74.10255,40.63026],[-74.10309,40.63025],[-74.10344,40.63025],[-74.10348,40.63047],[-74.10258,40.63049]]],[[[-74.10893,40.63021],[-74.10928,40.63015],[-74.10934,40.63044],[-74.10898,40.63048],[-74.10893,40.63021]]],[[[-74.106,40.63048],[-74.10595,40.63029],[-74.10732,40.62994],[-74.10739,40.6303],[-74.1071,40.63037],[-74.10709,40.63031],[-74.10612,40.63052],[-74.106,40.63048]]],[[[-74.10507,40.63031],[-74.10548,40.63054],[-74.10374,40.63069],[-74.10367,40.63043],[-74.10507,40.63031]]],[[[-74.1015,40.63053],[-74.10242,40.63048],[-74.10247,40.63071],[-74.10154,40.63076],[-74.1015,40.63053]]],[[[-74.10706,40.63055],[-74.10804,40.6304],[-74.10809,40.63067],[-74.10743,40.63071],[-74.10744,40.63081],[-74.10711,40.63084],[-74.10706,40.63055]]],[[[-74.10078,40.63062],[-74.10131,40.63059],[-74.10135,40.63084],[-74.10059,40.6309],[-74.10056,40.63074],[-74.1008,40.63073],[-74.10078,40.63062]]],[[[-74.10584,40.6308],[-74.10682,40.63061],[-74.1069,40.63095],[-74.10641,40.63102],[-74.10641,40.63105],[-74.1059,40.63112],[-74.10584,40.6308]]],[[[-74.10532,40.63119],[-74.10532,40.63114],[-74.10488,40.63119],[-74.1048,40.6308],[-74.10544,40.63073],[-74.10554,40.63078],[-74.10558,40.63085],[-74.10567,40.63085],[-74.10574,40.63115],[-74.10532,40.63119]]],[[[-74.10821,40.63036],[-74.10886,40.63024],[-74.10897,40.63084],[-74.10867,40.63087],[-74.10873,40.63116],[-74.10836,40.63119],[-74.10821,40.63036]]],[[[-74.10428,40.63126],[-74.10424,40.6311],[-74.1039,40.63114],[-74.10385,40.63092],[-74.10462,40.63082],[-74.1047,40.6312],[-74.10428,40.63126]]],[[[-74.1033,40.63127],[-74.10327,40.63114],[-74.10285,40.63117],[-74.10281,40.63103],[-74.10374,40.63096],[-74.10378,40.6312],[-74.1033,40.63127]]],[[[-74.1012,40.63158],[-74.10119,40.63152],[-74.10083,40.63155],[-74.10076,40.63126],[-74.10252,40.63101],[-74.10257,40.63119],[-74.10236,40.63122],[-74.10239,40.63136],[-74.10228,40.63138],[-74.1023,40.63143],[-74.1012,40.63158]]]]}},{"type":"Feature","properties":{"std_name":"Fulton Mall Improvement Association","std_geoid":"0","pen":"politicians","std_note":null},"geometry":{"type":"MultiPolygon","coordinates":[[[[-73.981,40.68866],[-73.98109,40.68853],[-73.98139,40.68865],[-73.98146,40.68855],[-73.98232,40.68891],[-73.98209,40.68925],[-73.98115,40.68887],[-73.981,40.68866]]],[[[-73.98224,40.68933],[-73.98273,40.68861],[-73.98321,40.68879],[-73.98318,40.68884],[-73.98338,40.68893],[-73.98293,40.68961],[-73.98224,40.68933]]],[[[-73.98158,40.68965],[-73.98133,40.68916],[-73.98278,40.68975],[-73.98271,40.68988],[-73.98167,40.68984],[-73.98166,40.68981],[-73.98173,40.68971],[-73.98158,40.68965]]],[[[-73.98309,40.68964],[-73.98358,40.68893],[-73.98453,40.6893],[-73.98402,40.69002],[-73.98309,40.68964]]],[[[-73.98421,40.6901],[-73.98471,40.68936],[-73.98558,40.6897],[-73.98508,40.69045],[-73.98421,40.6901]]],[[[-73.98361,40.69068],[-73.98365,40.69018],[-73.98436,40.69036],[-73.98435,40.69056],[-73.98404,40.69056],[-73.98403,40.69068],[-73.98361,40.69068]]],[[[-73.98223,40.69097],[-73.98178,40.69007],[-73.98295,40.69011],[-73.98223,40.69097]]],[[[-73.98526,40.69052],[-73.98575,40.68978],[-73.98695,40.69024],[-73.98644,40.691],[-73.98526,40.69052]]],[[[-73.9845,40.69124],[-73.98455,40.69046],[-73.98526,40.69075],[-73.98522,40.69129],[-73.9845,40.69124]]],[[[-73.98662,40.69107],[-73.98712,40.69031],[-73.98742,40.69043],[-73.98729,40.69061],[-73.98737,40.69065],[-73.98732,40.69072],[-73.98757,40.69081],[-73.98751,40.69095],[-73.98724,40.69132],[-73.98662,40.69107]]],[[[-73.98545,40.69146],[-73.98548,40.69083],[-73.98623,40.69112],[-73.98619,40.69152],[-73.98545,40.69146]]],[[[-73.9875,40.69143],[-73.9878,40.69093],[-73.98822,40.6911],[-73.98814,40.69121],[-73.98858,40.6914],[-73.98814,40.69169],[-73.9875,40.69143]]],[[[-73.98643,40.69142],[-73.98645,40.69122],[-73.98719,40.69151],[-73.98718,40.69171],[-73.98677,40.69169],[-73.98678,40.69159],[-73.98658,40.69153],[-73.98659,40.69146],[-73.98643,40.69142]]],[[[-73.9883,40.69179],[-73.98902,40.69121],[-73.98888,40.69175],[-73.98872,40.69194],[-73.9883,40.69179]]],[[[-73.98232,40.69109],[-73.98258,40.6908],[-73.98257,40.69092],[-73.98274,40.69093],[-73.98277,40.69058],[-73.98318,40.69009],[-73.98341,40.69011],[-73.98328,40.692],[-73.98275,40.69197],[-73.98254,40.69149],[-73.98254,40.69135],[-73.98244,40.69134],[-73.98232,40.69109]]],[[[-73.98749,40.69165],[-73.98812,40.69189],[-73.9881,40.69217],[-73.98765,40.69215],[-73.98766,40.69194],[-73.98747,40.69193],[-73.98749,40.69165]]],[[[-73.98834,40.69218],[-73.98836,40.69197],[-73.98872,40.69211],[-73.98871,40.6922],[-73.98834,40.69218]]]]}},{"type":"Feature","properties":{"std_name":"Garment District Alliance","std_geoid":"0","pen":"politicians","std_note":null},"geometry":{"type":"MultiPolygon","coordinates":[[[[-73.98441,40.74965],[-73.98458,40.74942],[-73.98707,40.75046],[-73.98672,40.75093],[-73.98437,40.74994],[-73.98454,40.74971],[-73.98441,40.74965]]],[[[-73.98396,40.75028],[-73.98413,40.75004],[-73.98663,40.75108],[-73.98628,40.75155],[-73.98383,40.75053],[-73.98401,40.7503],[-73.98396,40.75028]]],[[[-73.9881,40.75152],[-73.98827,40.75129],[-73.98843,40.75135],[-73.9886,40.75111],[-73.98928,40.7514],[-73.98911,40.75163],[-73.98933,40.75172],[-73.98915,40.75196],[-73.9881,40.75152]]],[[[-73.98661,40.75171],[-73.98696,40.75124],[-73.98745,40.75144],[-73.98734,40.75202],[-73.98661,40.75171]]],[[[-73.99064,40.75178],[-73.99081,40.75154],[-73.99155,40.75185],[-73.99138,40.75207],[-73.99064,40.75178]]],[[[-73.98341,40.75115],[-73.98375,40.75069],[-73.98618,40.7517],[-73.98582,40.75217],[-73.98341,40.75115]]],[[[-73.99161,40.75217],[-73.99179,40.75194],[-73.99273,40.75234],[-73.99257,40.75256],[-73.99161,40.75217]]],[[[-73.98617,40.75233],[-73.98651,40.75186],[-73.98729,40.75218],[-73.98716,40.75273],[-73.98617,40.75233]]],[[[-73.98771,40.75215],[-73.98783,40.75159],[-73.9895,40.75229],[-73.98916,40.75276],[-73.98771,40.75215]]],[[[-73.98323,40.7524],[-73.9834,40.75216],[-73.98427,40.75253],[-73.9841,40.75276],[-73.98323,40.7524]]],[[[-73.9833,40.75191],[-73.98365,40.75145],[-73.98572,40.75233],[-73.98536,40.75279],[-73.9833,40.75191]]],[[[-73.99202,40.75316],[-73.99016,40.7524],[-73.98986,40.75228],[-73.99007,40.75201],[-73.99039,40.75213],[-73.99053,40.75194],[-73.99246,40.75273],[-73.99228,40.75296],[-73.99219,40.75292],[-73.99202,40.75316]]],[[[-73.98424,40.75282],[-73.9844,40.75259],[-73.98526,40.75295],[-73.98509,40.75318],[-73.98424,40.75282]]],[[[-73.9875,40.75288],[-73.98762,40.75234],[-73.98902,40.7529],[-73.98868,40.75337],[-73.9875,40.75288]]],[[[-73.98572,40.75296],[-73.98606,40.75249],[-73.98713,40.75292],[-73.98696,40.75347],[-73.98572,40.75296]]],[[[-73.98942,40.7529],[-73.98975,40.75242],[-73.99229,40.75348],[-73.99194,40.75394],[-73.98942,40.7529]]],[[[-73.98728,40.7536],[-73.98745,40.75307],[-73.98857,40.75352],[-73.98824,40.754],[-73.98728,40.7536]]],[[[-73.98531,40.75359],[-73.98565,40.75312],[-73.98695,40.75365],[-73.98677,40.75419],[-73.98531,40.75359]]],[[[-73.99273,40.75348],[-73.99293,40.75321],[-73.99318,40.75331],[-73.99315,40.75335],[-73.99337,40.75344],[-73.99354,40.75321],[-73.99521,40.7539],[-73.99504,40.75413],[-73.99512,40.75416],[-73.99495,40.7544],[-73.99273,40.75348]]],[[[-73.98902,40.75353],[-73.98935,40.75307],[-73.99187,40.75411],[-73.99153,40.75457],[-73.98902,40.75353]]],[[[-73.98706,40.75431],[-73.98723,40.75378],[-73.98812,40.75415],[-73.98779,40.75462],[-73.98706,40.75431]]],[[[-73.98546,40.75444],[-73.9858,40.75397],[-73.98668,40.75434],[-73.98652,40.75488],[-73.98546,40.75444]]],[[[-73.99228,40.7541],[-73.99262,40.75363],[-73.99484,40.75455],[-73.9945,40.75502],[-73.99228,40.7541]]],[[[-73.98855,40.75413],[-73.98887,40.75367],[-73.99138,40.7547],[-73.99104,40.75517],[-73.98855,40.75413]]],[[[-73.98683,40.75503],[-73.987,40.75449],[-73.98767,40.75476],[-73.98733,40.75524],[-73.98683,40.75503]]],[[[-73.9886,40.75547],[-73.98813,40.75528],[-73.98808,40.75534],[-73.98777,40.75522],[-73.98799,40.75491],[-73.98877,40.75524],[-73.9886,40.75547]]],[[[-73.99188,40.75472],[-73.9922,40.75426],[-73.99439,40.75517],[-73.99406,40.75564],[-73.99188,40.75472]]],[[[-73.9881,40.75476],[-73.98843,40.75428],[-73.99094,40.75532],[-73.99061,40.75579],[-73.9881,40.75476]]],[[[-73.99142,40.75535],[-73.99174,40.75488],[-73.99394,40.7558],[-73.9936,40.75626],[-73.99142,40.75535]]],[[[-73.99095,40.75597],[-73.99131,40.75548],[-73.99351,40.75641],[-73.99315,40.75688],[-73.99095,40.75597]]],[[[-73.99005,40.75723],[-73.99083,40.75614],[-73.99334,40.75718],[-73.99301,40.75763],[-73.99172,40.75711],[-73.99149,40.75721],[-73.99133,40.75744],[-73.9914,40.75747],[-73.99123,40.75771],[-73.99005,40.75723]]]]}},{"type":"Feature","properties":{"std_name":"GatewayJFK","std_geoid":"0","pen":"politicians","std_note":null},"geometry":{"type":"MultiPolygon","coordinates":[[[[-73.76428,40.65474],[-73.7643,40.65472],[-73.76469,40.65494],[-73.76432,40.655],[-73.76428,40.65474]]],[[[-73.76432,40.65513],[-73.76493,40.65508],[-73.76558,40.65545],[-73.7656,40.65557],[-73.7644,40.65568],[-73.76432,40.65513]]],[[[-73.76583,40.65569],[-73.76599,40.65568],[-73.76683,40.65614],[-73.76681,40.65616],[-73.76591,40.65624],[-73.76583,40.65569]]],[[[-73.76432,40.65626],[-73.76296,40.6558],[-73.76326,40.65535],[-73.76392,40.65452],[-73.76405,40.6546],[-73.76432,40.65626]]],[[[-73.76442,40.65581],[-73.76564,40.6557],[-73.76573,40.65625],[-73.76451,40.65637],[-73.76442,40.65581]]],[[[-73.76763,40.65658],[-73.76768,40.65659],[-73.76825,40.65689],[-73.7681,40.65693],[-73.76811,40.65696],[-73.7676,40.65701],[-73.76756,40.65674],[-73.76758,40.65662],[-73.76763,40.65658]]],[[[-73.76592,40.65637],[-73.76707,40.65627],[-73.76721,40.65635],[-73.76732,40.657],[-73.76604,40.65711],[-73.76592,40.65637]]],[[[-73.76453,40.6565],[-73.76575,40.65639],[-73.76587,40.65713],[-73.76465,40.65724],[-73.76453,40.6565]]],[[[-73.76769,40.65764],[-73.76761,40.6571],[-73.7683,40.65703],[-73.7683,40.65707],[-73.76855,40.65705],[-73.76864,40.6571],[-73.76864,40.65714],[-73.76868,40.65712],[-73.76917,40.65739],[-73.76919,40.65744],[-73.76915,40.65748],[-73.76874,40.65752],[-73.76875,40.65755],[-73.76769,40.65764]]],[[[-73.76606,40.65725],[-73.76733,40.65713],[-73.76742,40.65769],[-73.76616,40.65781],[-73.76606,40.65725]]],[[[-73.76467,40.65738],[-73.76589,40.65727],[-73.76597,40.65782],[-73.76476,40.65793],[-73.76467,40.65738]]],[[[-73.76771,40.65773],[-73.76875,40.65764],[-73.76883,40.65815],[-73.76779,40.65824],[-73.76771,40.65773]]],[[[-73.76617,40.65793],[-73.76744,40.65781],[-73.76752,40.65836],[-73.76626,40.65848],[-73.76617,40.65793]]],[[[-73.76203,40.65661],[-73.76246,40.65661],[-73.76253,40.6565],[-73.76286,40.65661],[-73.76318,40.6566],[-73.76262,40.65641],[-73.7629,40.65592],[-73.76434,40.6564],[-73.76465,40.65853],[-73.76171,40.65816],[-73.76194,40.65668],[-73.76203,40.65661]]],[[[-73.76501,40.65859],[-73.76486,40.65856],[-73.76478,40.65806],[-73.76599,40.65795],[-73.76608,40.6585],[-73.76501,40.65859]]],[[[-73.76891,40.65765],[-73.76958,40.65759],[-73.77031,40.65799],[-73.77044,40.65816],[-73.77052,40.6586],[-73.76788,40.65884],[-73.76782,40.65845],[-73.76799,40.65838],[-73.76901,40.65829],[-73.76891,40.65765]]],[[[-73.77072,40.65822],[-73.77227,40.65902],[-73.77231,40.65909],[-73.77226,40.65912],[-73.77082,40.65924],[-73.77067,40.65827],[-73.77072,40.65822]]],[[[-73.76789,40.65897],[-73.77054,40.65873],[-73.77061,40.65928],[-73.76797,40.65952],[-73.76789,40.65897]]],[[[-73.76425,40.65864],[-73.76497,40.65874],[-73.76468,40.65981],[-73.76396,40.65972],[-73.76425,40.65864]]],[[[-73.77084,40.65939],[-73.77267,40.65923],[-73.77272,40.65926],[-73.77093,40.65991],[-73.77084,40.65939]]],[[[-73.76487,40.65983],[-73.76518,40.65868],[-73.76535,40.65871],[-73.76597,40.65865],[-73.76589,40.65879],[-73.76559,40.65993],[-73.76487,40.65983]]],[[[-73.76694,40.65895],[-73.76677,40.65892],[-73.76646,40.66006],[-73.76575,40.65996],[-73.76606,40.65881],[-73.76633,40.65886],[-73.76629,40.65863],[-73.76754,40.65851],[-73.76781,40.66026],[-73.76664,40.66009],[-73.76694,40.65895]]],[[[-73.76801,40.65958],[-73.76878,40.65952],[-73.76894,40.66057],[-73.76813,40.66033],[-73.76801,40.65958]]],[[[-73.7724,40.66037],[-73.77368,40.6599],[-73.77406,40.66017],[-73.77272,40.66077],[-73.7724,40.66037]]],[[[-73.7698,40.66077],[-73.76932,40.66063],[-73.76932,40.66068],[-73.76904,40.6606],[-73.76888,40.65958],[-73.76959,40.65951],[-73.7698,40.66077]]],[[[-73.77284,40.65935],[-73.77348,40.65974],[-73.77147,40.66049],[-73.77128,40.6606],[-73.7711,40.6608],[-73.77105,40.6608],[-73.77095,40.66005],[-73.77284,40.65935]]],[[[-73.76981,40.65949],[-73.77064,40.65941],[-73.77088,40.66099],[-73.77085,40.66105],[-73.77075,40.66106],[-73.77001,40.66084],[-73.76981,40.65949]]],[[[-73.77169,40.66065],[-73.77221,40.66045],[-73.77253,40.66086],[-73.77167,40.66124],[-73.77142,40.66125],[-73.77117,40.66117],[-73.77134,40.66092],[-73.77151,40.66076],[-73.77169,40.66065]]],[[[-73.77082,40.66161],[-73.77109,40.66131],[-73.77137,40.66138],[-73.77134,40.6616],[-73.77129,40.66154],[-73.77109,40.66176],[-73.77082,40.66161]]],[[[-73.77191,40.66129],[-73.77235,40.6611],[-73.77271,40.66157],[-73.77216,40.66181],[-73.77199,40.66158],[-73.77209,40.66154],[-73.77191,40.66129]]],[[[-73.77253,40.66102],[-73.77418,40.66028],[-73.77459,40.6607],[-73.77427,40.66084],[-73.77439,40.66099],[-73.7747,40.66084],[-73.77506,40.6613],[-73.77334,40.66207],[-73.77253,40.66102]]],[[[-73.77213,40.66201],[-73.77282,40.6617],[-73.77316,40.66215],[-73.77248,40.66246],[-73.77213,40.66201]]],[[[-73.77374,40.66208],[-73.77517,40.66144],[-73.77553,40.66189],[-73.77409,40.66253],[-73.77374,40.66208]]],[[[-73.77419,40.66267],[-73.77563,40.66202],[-73.77599,40.66247],[-73.77566,40.66262],[-73.77549,40.6624],[-73.77437,40.6629],[-73.77419,40.66267]]],[[[-73.77575,40.66276],[-73.7761,40.6626],[-73.77645,40.66306],[-73.7761,40.66322],[-73.77575,40.66276]]],[[[-73.77939,40.66395],[-73.78025,40.66281],[-73.78089,40.66308],[-73.78002,40.66423],[-73.77939,40.66395]]],[[[-73.77703,40.66431],[-73.77663,40.6638],[-73.77657,40.66382],[-73.77639,40.66358],[-73.77595,40.66378],[-73.77578,40.66355],[-73.77656,40.66319],[-73.7774,40.66415],[-73.77703,40.66431]]],[[[-73.7802,40.6643],[-73.78106,40.66316],[-73.78168,40.66343],[-73.78082,40.66457],[-73.7802,40.6643]]],[[[-73.77833,40.6649],[-73.77663,40.66285],[-73.77685,40.6629],[-73.7772,40.66293],[-73.77743,40.66292],[-73.77777,40.66284],[-73.77807,40.66271],[-73.77825,40.66259],[-73.7784,40.66246],[-73.77863,40.66216],[-73.77949,40.66254],[-73.77963,40.66236],[-73.78016,40.66259],[-73.77833,40.6649]]],[[[-73.77721,40.66443],[-73.77752,40.66429],[-73.77805,40.66488],[-73.77733,40.6652],[-73.77715,40.66496],[-73.77743,40.66484],[-73.77732,40.66469],[-73.77739,40.66466],[-73.77721,40.66443]]],[[[-73.78061,40.66517],[-73.78187,40.6635],[-73.78249,40.66377],[-73.78123,40.66544],[-73.78061,40.66517]]],[[[-73.7786,40.66502],[-73.77929,40.6641],[-73.77992,40.66437],[-73.77905,40.66552],[-73.7786,40.66502]]],[[[-73.78139,40.66551],[-73.78264,40.66383],[-73.78327,40.66411],[-73.78202,40.66578],[-73.78139,40.66551]]],[[[-73.77842,40.6658],[-73.77823,40.66556],[-73.77799,40.66567],[-73.77792,40.66557],[-73.77798,40.66555],[-73.7779,40.66545],[-73.77802,40.66539],[-73.77784,40.66515],[-73.77816,40.66501],[-73.77874,40.66566],[-73.77842,40.6658]]],[[[-73.77919,40.66568],[-73.78011,40.66445],[-73.78072,40.66472],[-73.77963,40.66616],[-73.77919,40.66568]]],[[[-73.78583,40.66446],[-73.78604,40.66445],[-73.78648,40.66483],[-73.78691,40.66512],[-73.78759,40.66546],[-73.78814,40.66567],[-73.7878,40.66614],[-73.78604,40.66623],[-73.78583,40.66446]]],[[[-73.78492,40.6647],[-73.78564,40.66465],[-73.78582,40.66624],[-73.78511,40.6663],[-73.78492,40.6647]]],[[[-73.78401,40.66476],[-73.78473,40.66471],[-73.78491,40.66632],[-73.7842,40.66637],[-73.78401,40.66476]]],[[[-73.78261,40.66525],[-73.78297,40.66477],[-73.78356,40.66502],[-73.78363,40.6649],[-73.78306,40.66465],[-73.78342,40.66417],[-73.78378,40.66432],[-73.78375,40.6641],[-73.78228,40.66342],[-73.78246,40.66319],[-73.78457,40.6639],[-73.78407,40.66459],[-73.78383,40.6646],[-73.78381,40.66463],[-73.78401,40.66638],[-73.78329,40.66643],[-73.78319,40.66557],[-73.78329,40.66554],[-73.78261,40.66525]]],[[[-73.78172,40.66644],[-73.78208,40.66596],[-73.7827,40.66623],[-73.78273,40.66621],[-73.78276,40.66611],[-73.78217,40.66584],[-73.78252,40.66537],[-73.78315,40.66564],[-73.78304,40.66579],[-73.78311,40.66644],[-73.7819,40.66652],[-73.78172,40.66644]]],[[[-73.7806,40.66657],[-73.78131,40.66562],[-73.78193,40.6659],[-73.78143,40.66656],[-73.78069,40.66661],[-73.7806,40.66657]]],[[[-73.78008,40.66664],[-73.77977,40.6663],[-73.78053,40.66528],[-73.78114,40.66555],[-73.78031,40.66663],[-73.78008,40.66664]]],[[[-73.77923,40.66672],[-73.77899,40.66643],[-73.77892,40.66646],[-73.77881,40.66632],[-73.77869,40.66637],[-73.77858,40.66623],[-73.77871,40.66618],[-73.77852,40.66594],[-73.77886,40.66579],[-73.77966,40.66669],[-73.77923,40.66672]]],[[[-73.78027,40.66799],[-73.78027,40.66796],[-73.77984,40.66799],[-73.77981,40.66775],[-73.78054,40.6677],[-73.78084,40.66803],[-73.77988,40.66834],[-73.77985,40.66813],[-73.78021,40.6681],[-73.7802,40.668],[-73.78027,40.66799]]],[[[-73.78205,40.66875],[-73.78115,40.66786],[-73.78092,40.6676],[-73.78264,40.66749],[-73.78302,40.6679],[-73.78289,40.66797],[-73.7831,40.6682],[-73.78263,40.66844],[-73.78242,40.66822],[-73.78212,40.66837],[-73.78233,40.6686],[-73.78205,40.66875]]],[[[-73.78064,40.66828],[-73.78099,40.66817],[-73.78148,40.66864],[-73.78106,40.66882],[-73.78064,40.66828]]],[[[-73.78215,40.66886],[-73.7829,40.66846],[-73.78311,40.66869],[-73.78269,40.66891],[-73.7829,40.66914],[-73.78259,40.6693],[-73.78215,40.66886]]],[[[-73.78271,40.6694],[-73.78326,40.66911],[-73.78346,40.66934],[-73.78325,40.66945],[-73.78345,40.66968],[-73.78315,40.66984],[-73.78271,40.6694]]],[[[-73.78265,40.67025],[-73.78245,40.66998],[-73.78238,40.67001],[-73.78206,40.66958],[-73.78174,40.66972],[-73.78117,40.66896],[-73.7816,40.66877],[-73.78297,40.6701],[-73.78265,40.67025]]],[[[-73.78368,40.67036],[-73.78326,40.66994],[-73.78358,40.66977],[-73.78379,40.67],[-73.78427,40.66975],[-73.78446,40.66996],[-73.78368,40.67036]]],[[[-73.78499,40.6697],[-73.78566,40.66935],[-73.7864,40.66896],[-73.78594,40.67092],[-73.78511,40.67128],[-73.7843,40.67023],[-73.78509,40.66983],[-73.78499,40.6697]]],[[[-73.7838,40.67049],[-73.78413,40.67032],[-73.78492,40.67136],[-73.78475,40.67144],[-73.7838,40.67049]]],[[[-73.78416,40.67169],[-73.78398,40.67145],[-73.78373,40.67157],[-73.78308,40.67071],[-73.78295,40.67077],[-73.78288,40.67067],[-73.78294,40.67065],[-73.78274,40.67038],[-73.78309,40.67023],[-73.78442,40.67158],[-73.78416,40.67169]]],[[[-73.78511,40.67179],[-73.78487,40.67157],[-73.78546,40.67131],[-73.78565,40.67155],[-73.7854,40.67166],[-73.78547,40.67176],[-73.78577,40.67162],[-73.78565,40.67218],[-73.78511,40.67179]]],[[[-73.7844,40.67178],[-73.78457,40.67171],[-73.78505,40.67213],[-73.78558,40.67247],[-73.78529,40.67294],[-73.7844,40.67178]]]]}},{"type":"Feature","properties":{"std_name":"Graham Avenue","std_geoid":"0","pen":"politicians","std_note":null},"geometry":{"type":"MultiPolygon","coordinates":[[[[-73.94223,40.70078],[-73.94265,40.70073],[-73.94267,40.70084],[-73.94276,40.70089],[-73.94304,40.70095],[-73.94329,40.70119],[-73.94309,40.70132],[-73.94223,40.70078]]],[[[-73.94238,40.70156],[-73.94232,40.70111],[-73.94296,40.7015],[-73.94238,40.70156]]],[[[-73.94139,40.70165],[-73.94135,40.70138],[-73.94096,40.70141],[-73.94094,40.70134],[-73.94061,40.70138],[-73.94057,40.70114],[-73.94189,40.70084],[-73.94201,40.70092],[-73.94211,40.70158],[-73.94139,40.70165]]],[[[-73.94324,40.70141],[-73.94351,40.70123],[-73.9437,40.7014],[-73.94376,40.70136],[-73.94404,40.70162],[-73.94384,40.70175],[-73.94324,40.70141]]],[[[-73.9424,40.70171],[-73.94319,40.70164],[-73.94394,40.70206],[-73.94395,40.70213],[-73.94249,40.70226],[-73.9424,40.70171]]],[[[-73.94169,40.70234],[-73.94165,40.70206],[-73.94156,40.70207],[-73.94151,40.70179],[-73.94216,40.70173],[-73.94224,40.70229],[-73.94169,40.70234]]],[[[-73.94261,40.70297],[-73.94252,40.70242],[-73.94343,40.70233],[-73.94348,40.70261],[-73.94355,40.70261],[-73.9436,40.70288],[-73.94261,40.70297]]],[[[-73.94181,40.70248],[-73.94227,40.70244],[-73.94235,40.70299],[-73.94189,40.70304],[-73.94181,40.70248]]],[[[-73.94264,40.70312],[-73.94302,40.70309],[-73.94311,40.70365],[-73.94273,40.70368],[-73.94264,40.70312]]],[[[-73.94201,40.70318],[-73.94238,40.70315],[-73.94248,40.70371],[-73.94121,40.70383],[-73.94116,40.70355],[-73.94205,40.70347],[-73.94201,40.70318]]],[[[-73.94276,40.70384],[-73.94322,40.70379],[-73.94327,40.70407],[-73.94317,40.70408],[-73.94322,40.70436],[-73.94285,40.70439],[-73.94276,40.70384]]],[[[-73.94218,40.70446],[-73.94213,40.70418],[-73.94145,40.70424],[-73.94144,40.70418],[-73.94108,40.70421],[-73.94105,40.704],[-73.9425,40.70386],[-73.9426,40.70442],[-73.94218,40.70446]]],[[[-73.94296,40.7051],[-73.94287,40.70454],[-73.94316,40.70451],[-73.94319,40.70473],[-73.94328,40.70472],[-73.94334,40.70507],[-73.94296,40.7051]]],[[[-73.94249,40.70515],[-73.94248,40.70493],[-73.9423,40.70495],[-73.94224,40.7046],[-73.94261,40.70457],[-73.9427,40.70513],[-73.94249,40.70515]]],[[[-73.94308,40.70581],[-73.94299,40.70525],[-73.94325,40.70523],[-73.94327,40.70537],[-73.94339,40.70536],[-73.94341,40.7055],[-73.94331,40.70551],[-73.94336,40.70579],[-73.94308,40.70581]]],[[[-73.94236,40.70531],[-73.94273,40.70528],[-73.94281,40.70584],[-73.94245,40.70587],[-73.94236,40.70531]]]]}},{"type":"Feature","properties":{"std_name":"Grand Central Partnership","std_geoid":"0","pen":"politicians","std_note":null},"geometry":{"type":"MultiPolygon","coordinates":[[[[-73.97415,40.74886],[-73.97449,40.74841],[-73.97563,40.74888],[-73.97529,40.74933],[-73.97415,40.74886]]],[[[-73.98221,40.74904],[-73.98257,40.74855],[-73.98387,40.7491],[-73.98352,40.74957],[-73.98221,40.74904]]],[[[-73.97158,40.74942],[-73.97175,40.74919],[-73.97183,40.74922],[-73.972,40.74899],[-73.97244,40.74918],[-73.97212,40.74963],[-73.97158,40.74942]]],[[[-73.97558,40.74948],[-73.97592,40.74903],[-73.97622,40.74915],[-73.97606,40.74936],[-73.97626,40.74947],[-73.97609,40.74969],[-73.97558,40.74948]]],[[[-73.98419,40.74926],[-73.98458,40.74942],[-73.98441,40.74965],[-73.98454,40.74971],[-73.98437,40.74994],[-73.98384,40.74973],[-73.98419,40.74926]]],[[[-73.97408,40.74965],[-73.97442,40.74917],[-73.97518,40.74949],[-73.97483,40.74996],[-73.97408,40.74965]]],[[[-73.97666,40.74992],[-73.97675,40.7498],[-73.97703,40.74991],[-73.97694,40.75004],[-73.97666,40.74992]]],[[[-73.98273,40.74975],[-73.9829,40.74952],[-73.98344,40.74973],[-73.98309,40.75019],[-73.98261,40.75],[-73.98278,40.74977],[-73.98273,40.74975]]],[[[-73.9772,40.75014],[-73.9773,40.75001],[-73.97756,40.75012],[-73.97746,40.75026],[-73.9772,40.75014]]],[[[-73.97072,40.74998],[-73.97107,40.7495],[-73.97195,40.74987],[-73.9716,40.75035],[-73.97072,40.74998]]],[[[-73.98339,40.75034],[-73.98375,40.74988],[-73.98413,40.75004],[-73.98396,40.75028],[-73.98401,40.7503],[-73.98383,40.75053],[-73.98339,40.75034]]],[[[-73.97243,40.74979],[-73.97275,40.74934],[-73.97473,40.75014],[-73.9744,40.75059],[-73.97243,40.74979]]],[[[-73.97515,40.75011],[-73.97549,40.74964],[-73.97681,40.75019],[-73.97647,40.75065],[-73.97515,40.75011]]],[[[-73.97784,40.75041],[-73.978,40.75019],[-73.97814,40.75024],[-73.97832,40.75002],[-73.9788,40.75021],[-73.97846,40.75067],[-73.97784,40.75041]]],[[[-73.97869,40.75072],[-73.97898,40.75028],[-73.97905,40.75031],[-73.97876,40.75074],[-73.97872,40.75074],[-73.97869,40.75072]]],[[[-73.98037,40.75039],[-73.98055,40.75016],[-73.98094,40.75032],[-73.9806,40.75078],[-73.98023,40.75063],[-73.9804,40.7504],[-73.98037,40.75039]]],[[[-73.982,40.75056],[-73.98237,40.75011],[-73.98297,40.75035],[-73.98263,40.75081],[-73.982,40.75056]]],[[[-73.98295,40.75096],[-73.98329,40.7505],[-73.98375,40.75069],[-73.98341,40.75115],[-73.98295,40.75096]]],[[[-73.97468,40.75073],[-73.97501,40.75025],[-73.97638,40.75082],[-73.97606,40.75128],[-73.97468,40.75073]]],[[[-73.97673,40.75078],[-73.97706,40.75032],[-73.97834,40.75084],[-73.978,40.7513],[-73.97673,40.75078]]],[[[-73.97192,40.7505],[-73.97227,40.75002],[-73.97421,40.75083],[-73.97388,40.75133],[-73.97192,40.7505]]],[[[-73.97889,40.75086],[-73.97923,40.75039],[-73.98053,40.75094],[-73.98018,40.7514],[-73.97889,40.75086]]],[[[-73.98085,40.7509],[-73.9812,40.75043],[-73.98251,40.75097],[-73.98217,40.75144],[-73.98085,40.7509]]],[[[-73.98249,40.75157],[-73.98285,40.7511],[-73.98365,40.75145],[-73.9833,40.75191],[-73.98249,40.75157]]],[[[-73.97626,40.75139],[-73.9766,40.75093],[-73.97788,40.75146],[-73.97754,40.75192],[-73.97626,40.75139]]],[[[-73.97184,40.75129],[-73.97216,40.75082],[-73.97374,40.75147],[-73.9734,40.75194],[-73.97184,40.75129]]],[[[-73.97416,40.75144],[-73.97452,40.75097],[-73.97588,40.75151],[-73.97553,40.75199],[-73.97416,40.75144]]],[[[-73.97845,40.75149],[-73.97879,40.75103],[-73.98006,40.75154],[-73.97972,40.75201],[-73.97845,40.75149]]],[[[-73.9777,40.752],[-73.97848,40.75091],[-73.97857,40.75096],[-73.97788,40.75195],[-73.97781,40.75204],[-73.9777,40.752]]],[[[-73.98041,40.75152],[-73.98075,40.75105],[-73.98207,40.75159],[-73.98173,40.75205],[-73.98041,40.75152]]],[[[-73.98085,40.75248],[-73.97997,40.75212],[-73.9803,40.75166],[-73.98124,40.75205],[-73.98108,40.75226],[-73.98102,40.75224],[-73.98085,40.75248]]],[[[-73.97149,40.75197],[-73.97167,40.75173],[-73.97173,40.75181],[-73.97196,40.75149],[-73.97335,40.75206],[-73.97298,40.75257],[-73.97149,40.75197]]],[[[-73.97797,40.75211],[-73.97831,40.75165],[-73.97958,40.75216],[-73.97925,40.75263],[-73.97797,40.75211]]],[[[-73.97372,40.75207],[-73.97406,40.7516],[-73.97543,40.75215],[-73.97509,40.75262],[-73.97372,40.75207]]],[[[-73.97952,40.75275],[-73.97985,40.75229],[-73.98065,40.75263],[-73.98031,40.75309],[-73.97952,40.75275]]],[[[-73.97322,40.7527],[-73.97361,40.75219],[-73.97498,40.75275],[-73.9746,40.75325],[-73.97322,40.7527]]],[[[-73.97804,40.75307],[-73.97838,40.7526],[-73.97907,40.75288],[-73.97872,40.75335],[-73.97804,40.75307]]],[[[-73.97279,40.75331],[-73.97313,40.75284],[-73.97449,40.75341],[-73.97415,40.75388],[-73.97279,40.75331]]],[[[-73.97758,40.7537],[-73.97792,40.75323],[-73.97859,40.75351],[-73.97824,40.75398],[-73.97758,40.7537]]],[[[-73.979,40.75347],[-73.97935,40.75299],[-73.98067,40.75355],[-73.98033,40.75402],[-73.979,40.75347]]],[[[-73.97482,40.75336],[-73.9761,40.75162],[-73.97822,40.75248],[-73.97696,40.75424],[-73.97482,40.75336]]],[[[-73.98063,40.75417],[-73.98081,40.75393],[-73.9812,40.7541],[-73.98102,40.75433],[-73.98063,40.75417]]],[[[-73.97234,40.75394],[-73.97268,40.75346],[-73.97404,40.75402],[-73.97369,40.7545],[-73.97234,40.75394]]],[[[-73.97713,40.75434],[-73.9775,40.75384],[-73.97816,40.75413],[-73.97781,40.75462],[-73.97713,40.75434]]],[[[-73.97854,40.7541],[-73.97888,40.75363],[-73.98021,40.75419],[-73.97986,40.75466],[-73.97854,40.7541]]],[[[-73.9739,40.75461],[-73.97426,40.75413],[-73.97554,40.75466],[-73.97519,40.75514],[-73.9739,40.75461]]],[[[-73.98018,40.75481],[-73.98053,40.75434],[-73.98091,40.7545],[-73.98074,40.75474],[-73.98114,40.75491],[-73.98097,40.75514],[-73.98018,40.75481]]],[[[-73.97434,40.75399],[-73.97468,40.75352],[-73.97769,40.75476],[-73.97735,40.75524],[-73.97434,40.75399]]],[[[-73.97808,40.75474],[-73.97844,40.75425],[-73.97974,40.7548],[-73.97939,40.75531],[-73.97808,40.75474]]],[[[-73.97972,40.7554],[-73.98008,40.75492],[-73.98062,40.75515],[-73.98045,40.75539],[-73.98022,40.75529],[-73.98003,40.75553],[-73.97972,40.7554]]],[[[-73.97347,40.75521],[-73.97382,40.75474],[-73.9751,40.75528],[-73.97475,40.75574],[-73.97347,40.75521]]],[[[-73.97561,40.75532],[-73.97595,40.75484],[-73.97723,40.75538],[-73.97688,40.75585],[-73.97561,40.75532]]],[[[-73.97518,40.75539],[-73.97527,40.75538],[-73.97534,40.75541],[-73.97535,40.75547],[-73.97506,40.75588],[-73.97491,40.75586],[-73.97487,40.75583],[-73.97518,40.75539]]],[[[-73.97762,40.75537],[-73.97797,40.7549],[-73.97927,40.75544],[-73.97893,40.75591],[-73.97762,40.75537]]],[[[-73.97714,40.75598],[-73.9775,40.75551],[-73.97825,40.75582],[-73.97807,40.75605],[-73.97775,40.75592],[-73.97758,40.75616],[-73.97714,40.75598]]],[[[-73.97924,40.75604],[-73.9796,40.75556],[-73.98009,40.75576],[-73.97991,40.756],[-73.97974,40.75593],[-73.97956,40.75617],[-73.97924,40.75604]]],[[[-73.97365,40.75614],[-73.974,40.75567],[-73.97464,40.75593],[-73.97428,40.7564],[-73.97365,40.75614]]],[[[-73.97516,40.75597],[-73.97551,40.7555],[-73.97679,40.75602],[-73.97643,40.75649],[-73.97516,40.75597]]],[[[-73.97474,40.75601],[-73.97481,40.75598],[-73.9749,40.75606],[-73.9746,40.7565],[-73.97445,40.75647],[-73.97444,40.7564],[-73.97474,40.75601]]],[[[-73.9767,40.75661],[-73.97706,40.75614],[-73.9779,40.75648],[-73.97754,40.75696],[-73.9767,40.75661]]],[[[-73.9747,40.7566],[-73.97504,40.75612],[-73.97631,40.75664],[-73.97597,40.75711],[-73.9747,40.7566]]],[[[-73.97397,40.75709],[-73.97427,40.75663],[-73.97434,40.75663],[-73.97444,40.75671],[-73.97413,40.75714],[-73.97397,40.75709]]],[[[-73.977,40.75755],[-73.97624,40.75723],[-73.97659,40.75676],[-73.97759,40.75718],[-73.97741,40.75741],[-73.97718,40.75732],[-73.977,40.75755]]],[[[-73.97208,40.75713],[-73.97243,40.75665],[-73.97371,40.75717],[-73.97336,40.75764],[-73.97208,40.75713]]],[[[-73.97425,40.75723],[-73.97459,40.75673],[-73.97586,40.75725],[-73.97551,40.75773],[-73.97425,40.75723]]],[[[-73.97352,40.75768],[-73.97384,40.75724],[-73.97402,40.75729],[-73.97369,40.75774],[-73.9736,40.75776],[-73.97352,40.75768]]],[[[-73.9758,40.75786],[-73.97614,40.75738],[-73.97651,40.75754],[-73.97619,40.75802],[-73.9758,40.75786]]],[[[-73.97161,40.75775],[-73.97196,40.75728],[-73.97325,40.7578],[-73.97291,40.75827],[-73.97161,40.75775]]],[[[-73.97379,40.75786],[-73.97413,40.7574],[-73.97539,40.7579],[-73.97506,40.75836],[-73.97379,40.75786]]],[[[-73.97339,40.75787],[-73.97351,40.75787],[-73.97356,40.75792],[-73.97324,40.75836],[-73.97315,40.75838],[-73.97309,40.75832],[-73.97339,40.75787]]],[[[-73.96913,40.75832],[-73.96947,40.75783],[-73.97081,40.75839],[-73.97047,40.75886],[-73.96913,40.75832]]],[[[-73.97114,40.75837],[-73.97148,40.75789],[-73.97278,40.75841],[-73.97243,40.75889],[-73.97114,40.75837]]],[[[-73.97336,40.75847],[-73.9737,40.75801],[-73.97496,40.75851],[-73.97462,40.75899],[-73.97336,40.75847]]],[[[-73.97293,40.75851],[-73.97301,40.7585],[-73.97309,40.75855],[-73.97278,40.759],[-73.97262,40.75899],[-73.97262,40.75894],[-73.97293,40.75851]]],[[[-73.97071,40.75902],[-73.97106,40.75853],[-73.97233,40.75905],[-73.97199,40.75954],[-73.97071,40.75902]]],[[[-73.97287,40.75912],[-73.97322,40.75863],[-73.97448,40.75914],[-73.97413,40.75962],[-73.97287,40.75912]]],[[[-73.97214,40.7596],[-73.97247,40.75915],[-73.97261,40.75919],[-73.9723,40.75964],[-73.97214,40.7596]]],[[[-73.97243,40.75971],[-73.97276,40.75926],[-73.97325,40.75945],[-73.97308,40.75968],[-73.9732,40.75973],[-73.97302,40.75996],[-73.97243,40.75971]]]]}},{"type":"Feature","properties":{"std_name":"Grand Street","std_geoid":"0","pen":"politicians","std_note":null},"geometry":{"type":"MultiPolygon","coordinates":[[[[-73.94983,40.71069],[-73.94982,40.71066],[-73.95,40.71065],[-73.95001,40.71068],[-73.95036,40.71064],[-73.95035,40.71057],[-73.95043,40.71056],[-73.95045,40.71063],[-73.95089,40.71059],[-73.95094,40.71084],[-73.949,40.71104],[-73.94896,40.71084],[-73.94923,40.71082],[-73.94921,40.71075],[-73.94983,40.71069]]],[[[-73.94729,40.71094],[-73.948,40.71087],[-73.948,40.71082],[-73.9483,40.71079],[-73.94835,40.71079],[-73.94835,40.71084],[-73.94871,40.71081],[-73.94875,40.71107],[-73.94734,40.7112],[-73.94729,40.71094]]],[[[-73.94567,40.71116],[-73.94594,40.71115],[-73.94593,40.71108],[-73.94637,40.71104],[-73.94638,40.7111],[-73.94665,40.71107],[-73.94674,40.71106],[-73.94673,40.71101],[-73.94706,40.71098],[-73.9471,40.71124],[-73.94571,40.71137],[-73.94567,40.71116]]],[[[-73.94401,40.71126],[-73.94506,40.71115],[-73.94507,40.71122],[-73.94541,40.71119],[-73.94544,40.71139],[-73.94405,40.71152],[-73.94401,40.71126]]],[[[-73.94972,40.71155],[-73.94971,40.71149],[-73.94907,40.71154],[-73.94903,40.71127],[-73.95098,40.71109],[-73.95101,40.71129],[-73.95082,40.71129],[-73.95084,40.71139],[-73.95051,40.71142],[-73.95052,40.7115],[-73.95044,40.7115],[-73.95043,40.71147],[-73.95027,40.71146],[-73.95027,40.71144],[-73.94987,40.71147],[-73.94988,40.71154],[-73.94972,40.71155]]],[[[-73.9476,40.71169],[-73.94759,40.71162],[-73.94741,40.71164],[-73.94738,40.71144],[-73.94879,40.7113],[-73.94884,40.71157],[-73.9476,40.71169]]],[[[-73.94335,40.71126],[-73.94369,40.71123],[-73.94375,40.71155],[-73.94235,40.71169],[-73.9423,40.71142],[-73.94336,40.71133],[-73.94335,40.71126]]],[[[-73.94108,40.71153],[-73.94205,40.71145],[-73.94209,40.71172],[-73.9408,40.71182],[-73.94068,40.71164],[-73.94109,40.7116],[-73.94108,40.71153]]],[[[-73.94596,40.71184],[-73.94595,40.71178],[-73.94577,40.71179],[-73.94574,40.71158],[-73.94714,40.71146],[-73.94717,40.71163],[-73.94701,40.71165],[-73.94702,40.71171],[-73.94695,40.71171],[-73.94695,40.71175],[-73.94622,40.71181],[-73.94622,40.71179],[-73.94596,40.71184]]],[[[-73.94484,40.71202],[-73.94448,40.71205],[-73.94446,40.71198],[-73.9443,40.712],[-73.94428,40.71191],[-73.9441,40.71193],[-73.94407,40.71174],[-73.94548,40.71161],[-73.94553,40.71188],[-73.94517,40.71192],[-73.94519,40.71203],[-73.94484,40.71206],[-73.94484,40.71202]]],[[[-73.94314,40.71218],[-73.94312,40.71211],[-73.94259,40.71216],[-73.94259,40.7121],[-73.94241,40.71212],[-73.94238,40.71191],[-73.94379,40.71178],[-73.94383,40.71204],[-73.9434,40.71209],[-73.9434,40.71216],[-73.94314,40.71218]]],[[[-73.94125,40.71229],[-73.94123,40.71222],[-73.94101,40.71228],[-73.94089,40.71205],[-73.94211,40.71194],[-73.94215,40.71214],[-73.9418,40.71217],[-73.94182,40.71224],[-73.94125,40.71229]]]]}},{"type":"Feature","properties":{"std_name":"Hudson Square","std_geoid":"0","pen":"politicians","std_note":null},"geometry":{"type":"MultiPolygon","coordinates":[[[[-74.00528,40.72294],[-74.00577,40.72236],[-74.00614,40.72262],[-74.00606,40.72301],[-74.00528,40.72294]]],[[[-74.00511,40.72333],[-74.00529,40.72312],[-74.00603,40.72319],[-74.00595,40.72367],[-74.00501,40.72358],[-74.00511,40.72333]]],[[[-74.0063,40.72371],[-74.00645,40.72285],[-74.00776,40.72379],[-74.00775,40.72385],[-74.0063,40.72371]]],[[[-74.00483,40.7242],[-74.00492,40.72375],[-74.00592,40.72384],[-74.00584,40.72431],[-74.00488,40.72422],[-74.00483,40.7242]]],[[[-74.00621,40.72435],[-74.00629,40.72388],[-74.00772,40.72402],[-74.00764,40.72448],[-74.00621,40.72435]]],[[[-74.00476,40.72485],[-74.00485,40.72438],[-74.00581,40.72447],[-74.00573,40.72494],[-74.00476,40.72485]]],[[[-74.00608,40.72497],[-74.00616,40.7245],[-74.00762,40.72464],[-74.00754,40.72511],[-74.00608,40.72497]]],[[[-74.00465,40.72549],[-74.00473,40.72501],[-74.0057,40.7251],[-74.00562,40.72558],[-74.00465,40.72549]]],[[[-74.00597,40.72561],[-74.00606,40.72513],[-74.00656,40.72517],[-74.00652,40.7254],[-74.00656,40.72517],[-74.00751,40.72526],[-74.00743,40.72575],[-74.00597,40.72561]]],[[[-74.00773,40.72578],[-74.00804,40.72406],[-74.00816,40.72407],[-74.00854,40.72434],[-74.00827,40.72583],[-74.00773,40.72578]]],[[[-74.00844,40.72585],[-74.00869,40.72445],[-74.00919,40.7248],[-74.009,40.7259],[-74.00844,40.72585]]],[[[-74.00922,40.72591],[-74.00939,40.72495],[-74.00992,40.72532],[-74.00981,40.72596],[-74.00922,40.72591]]],[[[-74.01002,40.72598],[-74.01011,40.72545],[-74.01075,40.72591],[-74.01072,40.72605],[-74.01002,40.72598]]],[[[-74.00409,40.72579],[-74.00424,40.72561],[-74.00559,40.72574],[-74.0055,40.72635],[-74.00393,40.7262],[-74.00409,40.72579]]],[[[-74.00584,40.72638],[-74.00595,40.72578],[-74.0074,40.72592],[-74.0073,40.72651],[-74.00584,40.72638]]],[[[-74.00759,40.72654],[-74.00769,40.72594],[-74.00897,40.72607],[-74.00887,40.72667],[-74.00759,40.72654]]],[[[-74.00494,40.72674],[-74.00498,40.72646],[-74.00547,40.72651],[-74.00539,40.72707],[-74.00503,40.72703],[-74.00507,40.72675],[-74.00494,40.72674]]],[[[-74.00719,40.72725],[-74.00573,40.7271],[-74.00582,40.72654],[-74.00728,40.72667],[-74.00719,40.72725]]],[[[-74.00748,40.72726],[-74.00757,40.72671],[-74.00884,40.72683],[-74.00875,40.72738],[-74.00748,40.72726]]],[[[-74.00492,40.72775],[-74.005,40.7272],[-74.00536,40.72723],[-74.00527,40.72779],[-74.00492,40.72775]]],[[[-74.00561,40.72783],[-74.0057,40.72726],[-74.00716,40.7274],[-74.00707,40.72797],[-74.00561,40.72783]]],[[[-74.00736,40.72799],[-74.00745,40.72744],[-74.00872,40.72756],[-74.00863,40.7281],[-74.00736,40.72799]]],[[[-74.0042,40.72842],[-74.00424,40.72814],[-74.00487,40.7282],[-74.00492,40.72793],[-74.00524,40.72796],[-74.00515,40.72851],[-74.0042,40.72842]]],[[[-74.0055,40.72855],[-74.00559,40.72799],[-74.00705,40.72812],[-74.00696,40.72869],[-74.0055,40.72855]]],[[[-74.00725,40.7287],[-74.00734,40.72816],[-74.0086,40.72828],[-74.00851,40.72882],[-74.00725,40.7287]]],[[[-74.00873,40.72885],[-74.00919,40.72612],[-74.00978,40.72618],[-74.00925,40.7289],[-74.00873,40.72885]]],[[[-74.00471,40.72897],[-74.00461,40.72881],[-74.00452,40.72882],[-74.00455,40.72862],[-74.00513,40.72868],[-74.0051,40.72885],[-74.00471,40.72897]]],[[[-74.00538,40.72927],[-74.00547,40.72871],[-74.00693,40.72885],[-74.00685,40.72941],[-74.00538,40.72927]]],[[[-74.00481,40.7295],[-74.00472,40.72935],[-74.00463,40.72938],[-74.00449,40.72914],[-74.00508,40.72895],[-74.00501,40.72944],[-74.00481,40.7295]]],[[[-74.00712,40.72943],[-74.00721,40.72888],[-74.00846,40.729],[-74.00831,40.72955],[-74.00712,40.72943]]],[[[-74.00853,40.72957],[-74.00868,40.72902],[-74.00921,40.72907],[-74.00911,40.72963],[-74.00853,40.72957]]],[[[-74.00932,40.72964],[-74.00999,40.72621],[-74.01067,40.72628],[-74.01033,40.72974],[-74.00932,40.72964]]]]}},{"type":"Feature","properties":{"std_name":"Jerome Gun Hill","std_geoid":"0","pen":"politicians","std_note":null},"geometry":{"type":"MultiPolygon","coordinates":[[[[-73.87178,40.87858],[-73.87185,40.87836],[-73.87217,40.87842],[-73.87222,40.87828],[-73.87258,40.87834],[-73.87248,40.87865],[-73.87178,40.87858]]],[[[-73.87269,40.87866],[-73.8728,40.8783],[-73.87352,40.87843],[-73.87342,40.87873],[-73.87269,40.87866]]],[[[-73.87362,40.87878],[-73.87371,40.87851],[-73.87441,40.87867],[-73.87432,40.87896],[-73.87362,40.87878]]],[[[-73.87495,40.87903],[-73.87511,40.87898],[-73.87564,40.87923],[-73.8754,40.87944],[-73.87462,40.87907],[-73.87495,40.87903]]],[[[-73.87244,40.87928],[-73.87261,40.87889],[-73.87334,40.87896],[-73.87318,40.87946],[-73.8728,40.8794],[-73.87244,40.87928]]],[[[-73.87346,40.87929],[-73.87354,40.87901],[-73.87424,40.87919],[-73.87415,40.87947],[-73.87346,40.87929]]],[[[-73.87144,40.8794],[-73.8717,40.8788],[-73.8724,40.87887],[-73.87228,40.87914],[-73.87199,40.87907],[-73.87181,40.87949],[-73.87144,40.8794]]],[[[-73.87433,40.87958],[-73.87442,40.87929],[-73.87516,40.87964],[-73.87492,40.87986],[-73.87433,40.87958]]],[[[-73.87557,40.87953],[-73.8758,40.87932],[-73.87648,40.87963],[-73.87683,40.87981],[-73.87674,40.88009],[-73.87557,40.87953]]],[[[-73.87501,40.88002],[-73.87535,40.87973],[-73.87581,40.87995],[-73.87572,40.88022],[-73.87533,40.88015],[-73.87535,40.88008],[-73.87501,40.88002]]],[[[-73.87692,40.88017],[-73.87712,40.87961],[-73.87782,40.87974],[-73.87758,40.88048],[-73.87692,40.88017]]],[[[-73.87587,40.8804],[-73.876,40.88005],[-73.87665,40.88036],[-73.87657,40.88061],[-73.8762,40.88054],[-73.87623,40.88047],[-73.87587,40.8804]]],[[[-73.88327,40.88023],[-73.88352,40.88014],[-73.88368,40.88041],[-73.88343,40.88062],[-73.88315,40.88044],[-73.88333,40.88028],[-73.88327,40.88023]]],[[[-73.87776,40.88056],[-73.87791,40.88014],[-73.87832,40.88022],[-73.87846,40.8798],[-73.87821,40.87975],[-73.87828,40.87954],[-73.87884,40.87965],[-73.87843,40.88088],[-73.87776,40.88056]]],[[[-73.87672,40.88076],[-73.87683,40.88045],[-73.87748,40.88076],[-73.87739,40.88103],[-73.87703,40.88096],[-73.87708,40.88083],[-73.87672,40.88076]]],[[[-73.87754,40.88123],[-73.87767,40.88085],[-73.87833,40.88117],[-73.87822,40.8815],[-73.87785,40.88143],[-73.8779,40.8813],[-73.87754,40.88123]]],[[[-73.87862,40.88189],[-73.8784,40.88179],[-73.87857,40.88129],[-73.87922,40.8816],[-73.87911,40.88192],[-73.87875,40.88185],[-73.8787,40.88201],[-73.87857,40.88196],[-73.87862,40.88189]]],[[[-73.87931,40.88134],[-73.87865,40.88102],[-73.87909,40.87969],[-73.88071,40.88001],[-73.88053,40.88055],[-73.88061,40.88057],[-73.88063,40.88063],[-73.8807,40.88068],[-73.88085,40.88067],[-73.88089,40.88071],[-73.88083,40.88075],[-73.88087,40.88079],[-73.88084,40.88081],[-73.88106,40.88104],[-73.88116,40.88106],[-73.88117,40.88104],[-73.88129,40.88106],[-73.88128,40.88109],[-73.88132,40.8811],[-73.8812,40.88146],[-73.88047,40.88209],[-73.87931,40.88134]]],[[[-73.87928,40.88204],[-73.87939,40.88172],[-73.88026,40.88228],[-73.88008,40.88253],[-73.87965,40.88235],[-73.87968,40.88229],[-73.87956,40.88224],[-73.87961,40.88218],[-73.87928,40.88204]]],[[[-73.88065,40.88218],[-73.8809,40.88196],[-73.88117,40.88215],[-73.88297,40.8806],[-73.88325,40.88078],[-73.88121,40.88254],[-73.88065,40.88218]]],[[[-73.88152,40.88266],[-73.88383,40.88068],[-73.88399,40.88096],[-73.88179,40.88287],[-73.88151,40.88273],[-73.88152,40.88266]]],[[[-73.87955,40.88414],[-73.88053,40.88281],[-73.88021,40.88268],[-73.88044,40.88237],[-73.88101,40.88274],[-73.87988,40.88428],[-73.87955,40.88414]]]]}},{"type":"Feature","properties":{"std_name":"Kingsbridge","std_geoid":"0","pen":"politicians","std_note":null},"geometry":{"type":"MultiPolygon","coordinates":[[[[-73.90585,40.8777],[-73.90618,40.87725],[-73.90642,40.87701],[-73.90659,40.87694],[-73.90674,40.87701],[-73.9068,40.87711],[-73.90666,40.87731],[-73.9066,40.87729],[-73.90618,40.87784],[-73.90585,40.8777]]],[[[-73.90392,40.87848],[-73.90473,40.87673],[-73.90586,40.87715],[-73.90511,40.8782],[-73.90434,40.87792],[-73.90428,40.87805],[-73.90503,40.87832],[-73.90471,40.87877],[-73.90392,40.87848]]],[[[-73.90499,40.87891],[-73.90576,40.87783],[-73.90609,40.87797],[-73.90587,40.87827],[-73.90596,40.87831],[-73.90552,40.87892],[-73.90592,40.87908],[-73.90577,40.8793],[-73.90499,40.87891]]],[[[-73.90594,40.87937],[-73.90611,40.87912],[-73.90645,40.87929],[-73.9065,40.87924],[-73.90685,40.87941],[-73.90658,40.87969],[-73.90594,40.87937]]],[[[-73.9054,40.87982],[-73.90461,40.87947],[-73.90487,40.8791],[-73.90567,40.8795],[-73.9054,40.87982]]],[[[-73.90545,40.87985],[-73.90573,40.87952],[-73.9064,40.87985],[-73.90609,40.88017],[-73.90545,40.87985]]],[[[-73.90676,40.87977],[-73.90719,40.87932],[-73.90764,40.87957],[-73.90774,40.87947],[-73.90818,40.87972],[-73.90765,40.88027],[-73.90676,40.87977]]],[[[-73.90414,40.88014],[-73.90455,40.87956],[-73.90481,40.87969],[-73.90439,40.88028],[-73.90414,40.88014]]],[[[-73.90252,40.88013],[-73.90378,40.87866],[-73.90457,40.87896],[-73.90348,40.88053],[-73.90252,40.88013]]],[[[-73.90727,40.88065],[-73.90696,40.8805],[-73.90692,40.88054],[-73.90634,40.88021],[-73.90659,40.87995],[-73.90747,40.88044],[-73.90727,40.88065]]],[[[-73.90362,40.88083],[-73.90402,40.88028],[-73.90437,40.88047],[-73.90388,40.88097],[-73.90362,40.88083]]],[[[-73.90173,40.88098],[-73.90237,40.88025],[-73.90336,40.88067],[-73.90273,40.88154],[-73.90173,40.88098]]],[[[-73.90302,40.88171],[-73.90353,40.88097],[-73.90384,40.88115],[-73.90368,40.88139],[-73.9041,40.88163],[-73.90387,40.88186],[-73.90425,40.88207],[-73.90404,40.88227],[-73.90302,40.88171]]],[[[-73.90051,40.88301],[-73.90199,40.88133],[-73.90263,40.88169],[-73.90175,40.88294],[-73.90149,40.88335],[-73.90051,40.88301]]],[[[-73.90179,40.88347],[-73.90291,40.88185],[-73.90321,40.88202],[-73.90296,40.88237],[-73.9036,40.88273],[-73.90321,40.88313],[-73.90286,40.88296],[-73.90275,40.88312],[-73.9027,40.88309],[-73.9026,40.88323],[-73.90256,40.88321],[-73.90247,40.88334],[-73.90281,40.8835],[-73.90254,40.88374],[-73.90179,40.88347]]],[[[-73.90059,40.88415],[-73.89977,40.88386],[-73.89965,40.88401],[-73.89967,40.88407],[-73.89973,40.88411],[-73.89927,40.88397],[-73.90014,40.88297],[-73.90003,40.88293],[-73.90158,40.88117],[-73.90161,40.88118],[-73.90164,40.88114],[-73.90186,40.88126],[-73.90025,40.8831],[-73.90106,40.88338],[-73.90059,40.88415]]]]}},{"type":"Feature","properties":{"std_name":"Kings Highway","std_geoid":"0","pen":"politicians","std_note":null},"geometry":{"type":"MultiPolygon","coordinates":[[[[-73.96568,40.60565],[-73.96603,40.60561],[-73.96608,40.60585],[-73.96573,40.60598],[-73.96568,40.60565]]],[[[-73.96506,40.60591],[-73.96505,40.60583],[-73.96546,40.60579],[-73.96552,40.60606],[-73.96472,40.60634],[-73.96466,40.60605],[-73.96506,40.60591]]],[[[-73.96578,40.60619],[-73.96662,40.6059],[-73.96669,40.60627],[-73.96631,40.60631],[-73.96583,40.60648],[-73.96578,40.60619]]],[[[-73.96409,40.60617],[-73.96443,40.60613],[-73.96449,40.60642],[-73.96383,40.60664],[-73.96377,40.60632],[-73.96411,40.60628],[-73.96409,40.60617]]],[[[-73.96477,40.60656],[-73.96556,40.60627],[-73.96562,40.60656],[-73.9652,40.60671],[-73.96521,40.60673],[-73.9648,40.60677],[-73.96477,40.60656]]],[[[-73.96326,40.60648],[-73.96357,40.60645],[-73.96361,40.60669],[-73.96294,40.6069],[-73.96289,40.60663],[-73.96329,40.60658],[-73.96326,40.60648]]],[[[-73.96387,40.60685],[-73.96453,40.60664],[-73.96458,40.6069],[-73.96424,40.60693],[-73.96426,40.60704],[-73.96391,40.60708],[-73.96387,40.60685]]],[[[-73.96203,40.60718],[-73.96198,40.60651],[-73.96235,40.60649],[-73.96237,40.60674],[-73.96274,40.60669],[-73.96278,40.60694],[-73.96203,40.60718]]],[[[-73.96097,40.60718],[-73.96118,40.60717],[-73.96117,40.60706],[-73.96132,40.60705],[-73.96131,40.60683],[-73.96166,40.60681],[-73.96169,40.60729],[-73.961,40.60755],[-73.96097,40.60718]]],[[[-73.96248,40.60768],[-73.96245,40.60755],[-73.96207,40.60758],[-73.96203,40.60741],[-73.96366,40.60691],[-73.9637,40.60713],[-73.96341,40.60718],[-73.96343,40.60731],[-73.96255,40.6074],[-73.9626,40.60767],[-73.96248,40.60768]]],[[[-73.96104,40.60778],[-73.96172,40.60753],[-73.96176,40.60776],[-73.96106,40.60784],[-73.96104,40.60778]]],[[[-73.96039,40.60732],[-73.96074,40.6073],[-73.96077,40.60763],[-73.96013,40.60788],[-73.96008,40.60758],[-73.96041,40.60751],[-73.96039,40.60732]]],[[[-73.95953,40.60785],[-73.95953,40.60781],[-73.95966,40.60779],[-73.95967,40.60782],[-73.95987,40.60775],[-73.95991,40.60796],[-73.95924,40.60825],[-73.95918,40.6079],[-73.95953,40.60785]]],[[[-73.96108,40.60804],[-73.96182,40.60796],[-73.96184,40.60808],[-73.96148,40.60811],[-73.96151,40.60828],[-73.96113,40.60831],[-73.96108,40.60804]]],[[[-73.96058,40.60834],[-73.96023,40.60838],[-73.96018,40.60817],[-73.96089,40.60807],[-73.96094,40.60835],[-73.96059,40.60839],[-73.96058,40.60834]]],[[[-73.95894,40.60809],[-73.95901,40.60834],[-73.95837,40.6086],[-73.9583,40.60825],[-73.9586,40.60822],[-73.95871,40.60817],[-73.9587,40.6081],[-73.95894,40.60809]]],[[[-73.95996,40.60821],[-73.96003,40.60853],[-73.95966,40.60858],[-73.95968,40.60868],[-73.95932,40.60872],[-73.95928,40.6085],[-73.95996,40.60821]]],[[[-73.95759,40.60858],[-73.95755,40.60837],[-73.9574,40.60839],[-73.95737,40.60826],[-73.95753,40.60824],[-73.9571,40.606],[-73.95723,40.60599],[-73.9572,40.60588],[-73.95734,40.60586],[-73.95784,40.60848],[-73.9581,40.60844],[-73.95815,40.60872],[-73.95751,40.609],[-73.95744,40.6086],[-73.95759,40.60858]]],[[[-73.95904,40.60856],[-73.95913,40.609],[-73.95848,40.60908],[-73.95844,40.60885],[-73.95904,40.60856]]],[[[-73.95665,40.60904],[-73.95697,40.60891],[-73.9569,40.60891],[-73.95688,40.6088],[-73.95724,40.60876],[-73.9573,40.60909],[-73.95661,40.60936],[-73.95657,40.60914],[-73.95669,40.60909],[-73.95665,40.60904]]],[[[-73.95567,40.6098],[-73.95557,40.60923],[-73.95593,40.60919],[-73.95596,40.60937],[-73.95632,40.60933],[-73.95635,40.60949],[-73.95567,40.6098]]],[[[-73.95666,40.60962],[-73.95734,40.6093],[-73.95739,40.6096],[-73.95689,40.60984],[-73.95671,40.60988],[-73.95666,40.60962]]],[[[-73.95539,40.60969],[-73.95544,40.60989],[-73.95478,40.61013],[-73.95474,40.60987],[-73.95508,40.60983],[-73.95506,40.60973],[-73.95539,40.60969]]],[[[-73.95639,40.60972],[-73.95646,40.61012],[-73.9561,40.61016],[-73.95612,40.61027],[-73.95576,40.61031],[-73.95571,40.61003],[-73.95639,40.60972]]],[[[-73.95793,40.61034],[-73.95781,40.60971],[-73.95766,40.60973],[-73.95756,40.60922],[-73.95819,40.60894],[-73.95825,40.60922],[-73.95799,40.60924],[-73.9582,40.61031],[-73.95793,40.61034]]],[[[-73.95486,40.61035],[-73.95552,40.61011],[-73.95556,40.61033],[-73.95487,40.61041],[-73.95486,40.61035]]],[[[-73.95446,40.6099],[-73.95454,40.61022],[-73.95371,40.61052],[-73.95365,40.61021],[-73.95407,40.61006],[-73.95405,40.60995],[-73.95446,40.6099]]],[[[-73.95377,40.61073],[-73.9546,40.61043],[-73.95464,40.61071],[-73.95379,40.6108],[-73.95377,40.61073]]]]}},{"type":"Feature","properties":{"std_name":"Lower East Side","std_geoid":"0","pen":"politicians","std_note":null},"geometry":{"type":"MultiPolygon","coordinates":[[[[-73.99109,40.71559],[-73.9914,40.71501],[-73.99155,40.71506],[-73.99162,40.71492],[-73.99178,40.71497],[-73.99127,40.71595],[-73.99111,40.7159],[-73.99117,40.71579],[-73.9911,40.71577],[-73.99118,40.71562],[-73.99109,40.71559]]],[[[-73.99142,40.71599],[-73.99192,40.71502],[-73.99201,40.71504],[-73.99193,40.7152],[-73.99202,40.71522],[-73.992,40.71527],[-73.9921,40.7153],[-73.99203,40.71542],[-73.99207,40.71543],[-73.99173,40.71609],[-73.99142,40.71599]]],[[[-73.99007,40.71692],[-73.99018,40.71671],[-73.99048,40.7168],[-73.99074,40.7163],[-73.99044,40.71621],[-73.99061,40.71588],[-73.99122,40.71606],[-73.99068,40.7171],[-73.99007,40.71692]]],[[[-73.99082,40.71715],[-73.99136,40.71612],[-73.99166,40.71621],[-73.99113,40.71724],[-73.99082,40.71715]]],[[[-73.99158,40.71738],[-73.99169,40.71718],[-73.9923,40.71736],[-73.99219,40.71756],[-73.99158,40.71738]]],[[[-73.99234,40.71761],[-73.99247,40.71735],[-73.99282,40.71745],[-73.99278,40.71753],[-73.99302,40.71759],[-73.99301,40.71762],[-73.99311,40.71765],[-73.99303,40.71782],[-73.99234,40.71761]]],[[[-73.98882,40.71764],[-73.98923,40.71685],[-73.98984,40.71704],[-73.98943,40.71782],[-73.98882,40.71764]]],[[[-73.99138,40.71777],[-73.9915,40.71755],[-73.99211,40.71773],[-73.99199,40.71796],[-73.99138,40.71777]]],[[[-73.9875,40.71796],[-73.98599,40.7175],[-73.98626,40.71698],[-73.98635,40.71701],[-73.98641,40.7169],[-73.98631,40.71687],[-73.98672,40.71608],[-73.98755,40.71635],[-73.98716,40.71711],[-73.98783,40.71731],[-73.9875,40.71796]]],[[[-73.98987,40.71732],[-73.98999,40.71708],[-73.9906,40.71727],[-73.99019,40.71805],[-73.98998,40.71799],[-73.9901,40.71776],[-73.99,40.71773],[-73.99017,40.71741],[-73.98987,40.71732]]],[[[-73.99034,40.7181],[-73.99074,40.71732],[-73.99105,40.71741],[-73.99065,40.71819],[-73.99034,40.7181]]],[[[-73.99214,40.718],[-73.99226,40.71778],[-73.99294,40.71799],[-73.99283,40.71821],[-73.99214,40.718]]],[[[-73.98917,40.71832],[-73.98887,40.71823],[-73.98856,40.71815],[-73.98863,40.71801],[-73.98881,40.71806],[-73.98894,40.7178],[-73.98937,40.71793],[-73.98917,40.71832]]],[[[-73.98758,40.71818],[-73.98794,40.7175],[-73.98851,40.71767],[-73.98816,40.71836],[-73.98758,40.71818]]],[[[-73.98843,40.71841],[-73.98853,40.71821],[-73.98883,40.7183],[-73.98878,40.7184],[-73.98909,40.71849],[-73.98903,40.71859],[-73.98843,40.71841]]],[[[-73.98673,40.7187],[-73.9864,40.7186],[-73.98656,40.71828],[-73.98724,40.71848],[-73.98718,40.71861],[-73.987,40.71855],[-73.98697,40.71862],[-73.98689,40.7186],[-73.98685,40.71867],[-73.98676,40.71864],[-73.98673,40.7187]]],[[[-73.98919,40.71864],[-73.98927,40.71848],[-73.98957,40.71857],[-73.98982,40.71807],[-73.99013,40.71817],[-73.98979,40.71882],[-73.98919,40.71864]]],[[[-73.98994,40.71887],[-73.99028,40.71821],[-73.99059,40.7183],[-73.99024,40.71897],[-73.98994,40.71887]]],[[[-73.9879,40.71943],[-73.98823,40.71878],[-73.98884,40.71896],[-73.98871,40.71923],[-73.98841,40.71913],[-73.98837,40.7192],[-73.98868,40.7193],[-73.98851,40.71961],[-73.9879,40.71943]]],[[[-73.98726,40.71879],[-73.9874,40.71853],[-73.98798,40.71871],[-73.98744,40.71974],[-73.98737,40.71972],[-73.98751,40.71946],[-73.98734,40.71941],[-73.98761,40.71889],[-73.98726,40.71879]]],[[[-73.98846,40.72005],[-73.9886,40.71979],[-73.9889,40.71988],[-73.98914,40.71942],[-73.98883,40.71932],[-73.98899,40.71901],[-73.9896,40.71919],[-73.98907,40.72024],[-73.98846,40.72005]]],[[[-73.98922,40.72028],[-73.98975,40.71924],[-73.99006,40.71933],[-73.98952,40.72037],[-73.98922,40.72028]]],[[[-73.98832,40.72034],[-73.98841,40.72016],[-73.98901,40.72034],[-73.98848,40.72139],[-73.98817,40.7213],[-73.9886,40.72046],[-73.98832,40.72034]]],[[[-73.98863,40.72143],[-73.98916,40.7204],[-73.98947,40.72049],[-73.98894,40.72153],[-73.98863,40.72143]]],[[[-73.98729,40.72235],[-73.98745,40.72203],[-73.98776,40.72212],[-73.98789,40.72187],[-73.98758,40.72177],[-73.98765,40.72165],[-73.98795,40.72174],[-73.98805,40.72154],[-73.98802,40.72153],[-73.98808,40.7214],[-73.98842,40.7215],[-73.9879,40.72253],[-73.98729,40.72235]]],[[[-73.98805,40.72258],[-73.98857,40.72155],[-73.98888,40.72164],[-73.98868,40.72203],[-73.98873,40.72205],[-73.98866,40.72225],[-73.98858,40.72222],[-73.98848,40.72242],[-73.98857,40.72244],[-73.98845,40.72271],[-73.98805,40.72258]]]]}},{"type":"Feature","properties":{"std_name":"Lincoln Square","std_geoid":"0","pen":"politicians","std_note":null},"geometry":{"type":"MultiPolygon","coordinates":[[[[-73.98245,40.76766],[-73.98248,40.76761],[-73.98403,40.76824],[-73.98329,40.76924],[-73.98234,40.76887],[-73.98234,40.76855],[-73.98256,40.76838],[-73.98267,40.76819],[-73.98269,40.76808],[-73.98264,40.76786],[-73.98245,40.76766]]],[[[-73.98124,40.76926],[-73.98169,40.76864],[-73.98172,40.76865],[-73.98185,40.76952],[-73.98124,40.76926]]],[[[-73.9824,40.76978],[-73.98238,40.76916],[-73.98409,40.76984],[-73.98375,40.77033],[-73.9824,40.76978]]],[[[-73.98076,40.7699],[-73.98112,40.76943],[-73.98183,40.76972],[-73.98185,40.77035],[-73.98076,40.7699]]],[[[-73.9824,40.7706],[-73.98238,40.76997],[-73.98362,40.77047],[-73.98328,40.77096],[-73.9824,40.7706]]],[[[-73.98111,40.77086],[-73.98145,40.77038],[-73.98187,40.77055],[-73.98189,40.77119],[-73.98111,40.77086]]],[[[-73.98243,40.77143],[-73.98242,40.7708],[-73.98318,40.77111],[-73.98283,40.7716],[-73.98243,40.77143]]],[[[-73.98074,40.77153],[-73.98109,40.77105],[-73.9819,40.77138],[-73.98192,40.77202],[-73.98074,40.77153]]],[[[-73.98243,40.77215],[-73.98241,40.77164],[-73.9827,40.77176],[-73.98243,40.77215]]],[[[-73.98611,40.77216],[-73.98361,40.7711],[-73.98441,40.77002],[-73.9869,40.77108],[-73.98656,40.77154],[-73.98607,40.77134],[-73.98607,40.77124],[-73.98598,40.77116],[-73.98589,40.77115],[-73.98576,40.77123],[-73.98567,40.77136],[-73.98645,40.77169],[-73.98611,40.77216]]],[[[-73.98099,40.77245],[-73.98133,40.77196],[-73.98192,40.77221],[-73.98194,40.77284],[-73.98099,40.77245]]],[[[-73.98001,40.77255],[-73.98018,40.77231],[-73.98183,40.77299],[-73.98149,40.77347],[-73.98005,40.77288],[-73.98023,40.77264],[-73.98001,40.77255]]],[[[-73.98181,40.77358],[-73.98197,40.77336],[-73.98197,40.77364],[-73.98181,40.77358]]],[[[-73.98246,40.77266],[-73.98348,40.77126],[-73.98601,40.77231],[-73.98481,40.77397],[-73.98253,40.77305],[-73.98246,40.77266]]],[[[-73.97849,40.77304],[-73.97883,40.77258],[-73.98136,40.77362],[-73.98101,40.77409],[-73.97849,40.77304]]],[[[-73.98131,40.77421],[-73.98166,40.77373],[-73.98194,40.77385],[-73.98192,40.77446],[-73.98131,40.77421]]],[[[-73.98252,40.77391],[-73.9825,40.77328],[-73.98466,40.77419],[-73.98432,40.77467],[-73.98252,40.77391]]],[[[-73.9809,40.77481],[-73.98124,40.77433],[-73.98195,40.77463],[-73.98192,40.77524],[-73.9809,40.77481]]],[[[-73.98249,40.7747],[-73.98251,40.77409],[-73.98421,40.77479],[-73.98386,40.77528],[-73.98249,40.7747]]],[[[-73.98241,40.7755],[-73.98244,40.77488],[-73.98371,40.77542],[-73.98336,40.7759],[-73.98241,40.7755]]],[[[-73.98152,40.77563],[-73.98109,40.77544],[-73.98127,40.7752],[-73.98188,40.77546],[-73.98185,40.77608],[-73.98135,40.77587],[-73.98152,40.77563]]],[[[-73.98238,40.77632],[-73.98241,40.77571],[-73.98327,40.77607],[-73.98291,40.77655],[-73.98238,40.77632]]],[[[-73.98136,40.7767],[-73.98172,40.77622],[-73.98185,40.77628],[-73.98182,40.7769],[-73.98136,40.7767]]],[[[-73.98235,40.77714],[-73.98237,40.77652],[-73.9828,40.7767],[-73.98245,40.77719],[-73.98235,40.77714]]]]}},{"type":"Feature","properties":{"std_name":"Madison Avenue","std_geoid":"0","pen":"politicians","std_note":null},"geometry":{"type":"MultiPolygon","coordinates":[[[[-73.97132,40.76265],[-73.97168,40.76215],[-73.97216,40.76235],[-73.9718,40.76285],[-73.97132,40.76265]]],[[[-73.9707,40.76321],[-73.97089,40.76296],[-73.97104,40.76303],[-73.97122,40.76279],[-73.9717,40.76299],[-73.97134,40.76348],[-73.9707,40.76321]]],[[[-73.9706,40.76398],[-73.97095,40.76349],[-73.97125,40.76361],[-73.9709,40.76411],[-73.9706,40.76398]]],[[[-73.97007,40.76426],[-73.97026,40.764],[-73.97081,40.76423],[-73.97045,40.76474],[-73.96994,40.76453],[-73.97012,40.76428],[-73.97007,40.76426]]],[[[-73.97068,40.76484],[-73.97104,40.76433],[-73.97166,40.76459],[-73.97147,40.76485],[-73.97133,40.76479],[-73.97115,40.76503],[-73.97068,40.76484]]],[[[-73.96907,40.76498],[-73.96925,40.76473],[-73.96966,40.76491],[-73.96984,40.76466],[-73.97033,40.76487],[-73.96997,40.76536],[-73.96907,40.76498]]],[[[-73.97021,40.76546],[-73.97056,40.76497],[-73.97095,40.76513],[-73.97059,40.76562],[-73.97021,40.76546]]],[[[-73.96888,40.76572],[-73.96924,40.76522],[-73.96988,40.76549],[-73.96952,40.76599],[-73.96888,40.76572]]],[[[-73.96976,40.76609],[-73.97012,40.76559],[-73.97047,40.76574],[-73.97028,40.76599],[-73.97022,40.76596],[-73.97004,40.76621],[-73.96976,40.76609]]],[[[-73.96864,40.76643],[-73.96882,40.76619],[-73.96891,40.76623],[-73.9691,40.76598],[-73.96942,40.76611],[-73.96906,40.76661],[-73.96864,40.76643]]],[[[-73.96929,40.76671],[-73.96965,40.76621],[-73.96996,40.76634],[-73.96961,40.76684],[-73.96929,40.76671]]],[[[-73.96805,40.76668],[-73.96823,40.76643],[-73.96897,40.76674],[-73.96861,40.76724],[-73.96816,40.76705],[-73.96834,40.7668],[-73.96805,40.76668]]],[[[-73.96884,40.76734],[-73.9692,40.76684],[-73.96958,40.767],[-73.96939,40.76724],[-73.96933,40.76722],[-73.96915,40.76746],[-73.96884,40.76734]]],[[[-73.96748,40.76726],[-73.96766,40.76701],[-73.96851,40.76737],[-73.96815,40.76786],[-73.96776,40.7677],[-73.96794,40.76745],[-73.96748,40.76726]]],[[[-73.96839,40.76797],[-73.96875,40.76747],[-73.96921,40.76767],[-73.96903,40.76791],[-73.96939,40.76806],[-73.96921,40.76831],[-73.96839,40.76797]]],[[[-73.96731,40.76832],[-73.96748,40.76808],[-73.96755,40.7681],[-73.96773,40.76785],[-73.96806,40.76799],[-73.96769,40.76849],[-73.96731,40.76832]]],[[[-73.96794,40.76859],[-73.9683,40.76809],[-73.96868,40.76825],[-73.96831,40.76875],[-73.96794,40.76859]]],[[[-73.96694,40.76866],[-73.96711,40.76842],[-73.9676,40.76862],[-73.96724,40.76912],[-73.96693,40.76898],[-73.96711,40.76874],[-73.96694,40.76866]]],[[[-73.96747,40.76921],[-73.96783,40.76872],[-73.96831,40.76892],[-73.96813,40.76917],[-73.96807,40.76914],[-73.96789,40.76939],[-73.96747,40.76921]]],[[[-73.96644,40.7696],[-73.96682,40.7691],[-73.96715,40.76924],[-73.96679,40.76974],[-73.96644,40.7696]]],[[[-73.96701,40.76984],[-73.96738,40.76934],[-73.96777,40.7695],[-73.96758,40.76976],[-73.9678,40.76985],[-73.96762,40.7701],[-73.96701,40.76984]]],[[[-73.966,40.77023],[-73.96636,40.76974],[-73.96668,40.76987],[-73.96632,40.77037],[-73.966,40.77023]]],[[[-73.96656,40.77047],[-73.96692,40.76997],[-73.96712,40.77006],[-73.96674,40.77054],[-73.96656,40.77047]]],[[[-73.96548,40.7705],[-73.96566,40.77026],[-73.96623,40.7705],[-73.96586,40.77099],[-73.96539,40.77079],[-73.96557,40.77054],[-73.96548,40.7705]]],[[[-73.9661,40.7711],[-73.96647,40.7706],[-73.96694,40.7708],[-73.96676,40.77105],[-73.96651,40.77094],[-73.96633,40.77119],[-73.9661,40.7711]]],[[[-73.965,40.77113],[-73.96518,40.77088],[-73.96577,40.77113],[-73.9654,40.77163],[-73.96521,40.77155],[-73.96539,40.77129],[-73.965,40.77113]]],[[[-73.96564,40.77174],[-73.96601,40.77123],[-73.96631,40.77136],[-73.96613,40.77161],[-73.96606,40.77158],[-73.96587,40.77183],[-73.96564,40.77174]]],[[[-73.96469,40.77202],[-73.96491,40.77172],[-73.96524,40.77186],[-73.96488,40.77236],[-73.9646,40.77224],[-73.96474,40.77204],[-73.96469,40.77202]]],[[[-73.96511,40.77246],[-73.96548,40.77196],[-73.96592,40.77214],[-73.96574,40.7724],[-73.96568,40.77237],[-73.9655,40.77262],[-73.96511,40.77246]]],[[[-73.96419,40.77257],[-73.96437,40.77232],[-73.96478,40.7725],[-73.96441,40.773],[-73.96408,40.77286],[-73.96427,40.7726],[-73.96419,40.77257]]],[[[-73.96464,40.77309],[-73.96501,40.77259],[-73.96549,40.7728],[-73.96531,40.77305],[-73.9652,40.773],[-73.96502,40.77325],[-73.96464,40.77309]]],[[[-73.96354,40.77346],[-73.96391,40.77295],[-73.96432,40.77313],[-73.96395,40.77363],[-73.96354,40.77346]]],[[[-73.96418,40.77373],[-73.96455,40.77322],[-73.96506,40.77344],[-73.96487,40.77369],[-73.96498,40.77374],[-73.9648,40.77399],[-73.96418,40.77373]]],[[[-73.96309,40.7741],[-73.96345,40.77359],[-73.96384,40.77375],[-73.96347,40.77426],[-73.96309,40.7741]]],[[[-73.96372,40.77437],[-73.96409,40.77386],[-73.96439,40.77399],[-73.9642,40.77424],[-73.96428,40.77427],[-73.9641,40.77452],[-73.96372,40.77437]]],[[[-73.96261,40.77439],[-73.96279,40.77414],[-73.96338,40.77439],[-73.96301,40.77489],[-73.96259,40.77472],[-73.96277,40.77446],[-73.96261,40.77439]]],[[[-73.96326,40.775],[-73.96362,40.77449],[-73.96407,40.77468],[-73.96389,40.77493],[-73.96384,40.77491],[-73.96366,40.77517],[-73.96326,40.775]]],[[[-73.96206,40.77533],[-73.96225,40.77506],[-73.96241,40.77513],[-73.96259,40.77488],[-73.96292,40.77502],[-73.96255,40.77553],[-73.96206,40.77533]]],[[[-73.96279,40.77563],[-73.96316,40.77512],[-73.96355,40.77529],[-73.96336,40.77554],[-73.96328,40.77551],[-73.96324,40.77557],[-73.96317,40.77554],[-73.96303,40.77574],[-73.96279,40.77563]]],[[[-73.96153,40.77593],[-73.96171,40.77568],[-73.96187,40.77574],[-73.96205,40.77549],[-73.96246,40.77566],[-73.96209,40.77617],[-73.96153,40.77593]]],[[[-73.96232,40.77627],[-73.9627,40.77576],[-73.9631,40.77593],[-73.96273,40.77644],[-73.96232,40.77627]]],[[[-73.96129,40.77645],[-73.96148,40.77618],[-73.96194,40.77638],[-73.96156,40.7769],[-73.96116,40.77673],[-73.96134,40.77647],[-73.96129,40.77645]]],[[[-73.9618,40.77699],[-73.96218,40.77648],[-73.96248,40.7766],[-73.9621,40.77712],[-73.9618,40.77699]]],[[[-73.96077,40.7774],[-73.96116,40.7769],[-73.96146,40.77702],[-73.96109,40.77753],[-73.96077,40.7774]]],[[[-73.96132,40.77763],[-73.96169,40.77712],[-73.96209,40.77729],[-73.9619,40.77754],[-73.96182,40.77751],[-73.96164,40.77776],[-73.96132,40.77763]]],[[[-73.96086,40.77826],[-73.96123,40.77775],[-73.96155,40.77788],[-73.96136,40.77814],[-73.96126,40.7781],[-73.96107,40.77835],[-73.96086,40.77826]]],[[[-73.96002,40.7784],[-73.9602,40.77815],[-73.96054,40.7783],[-73.96018,40.77879],[-73.9599,40.77868],[-73.96008,40.77843],[-73.96002,40.7784]]],[[[-73.96041,40.7789],[-73.96078,40.7784],[-73.96113,40.77854],[-73.96094,40.7788],[-73.96078,40.77873],[-73.9606,40.77898],[-73.96041,40.7789]]],[[[-73.95931,40.77927],[-73.95949,40.77902],[-73.95972,40.77911],[-73.95991,40.77886],[-73.96008,40.77893],[-73.95971,40.77943],[-73.95931,40.77927]]],[[[-73.95995,40.77953],[-73.96031,40.77903],[-73.96061,40.77916],[-73.96042,40.77941],[-73.96034,40.77937],[-73.96016,40.77962],[-73.95995,40.77953]]],[[[-73.95904,40.77963],[-73.95921,40.77939],[-73.9596,40.77956],[-73.95924,40.78006],[-73.95892,40.77993],[-73.95912,40.77966],[-73.95904,40.77963]]],[[[-73.95948,40.78016],[-73.95985,40.77966],[-73.96039,40.77989],[-73.96016,40.78021],[-73.96,40.78015],[-73.95987,40.78033],[-73.95948,40.78016]]],[[[-73.95844,40.78023],[-73.95862,40.77997],[-73.95914,40.78019],[-73.95877,40.78071],[-73.95841,40.78056],[-73.9586,40.7803],[-73.95844,40.78023]]],[[[-73.95901,40.78081],[-73.95939,40.7803],[-73.96009,40.78059],[-73.95971,40.78111],[-73.95901,40.78081]]]]}},{"type":"Feature","properties":{"std_name":"Meatpacking District","std_geoid":"0","pen":"politicians","std_note":null},"geometry":{"type":"MultiPolygon","coordinates":[[[[-74.00329,40.73907],[-74.00357,40.73882],[-74.00378,40.73883],[-74.00377,40.73927],[-74.00329,40.73907]]],[[[-74.00815,40.7393],[-74.00819,40.73884],[-74.00952,40.73884],[-74.00948,40.7393],[-74.00815,40.7393]]],[[[-74.00654,40.73883],[-74.00799,40.73883],[-74.00795,40.73931],[-74.00653,40.73931],[-74.00654,40.73883]]],[[[-74.00556,40.73933],[-74.00563,40.73883],[-74.00637,40.73883],[-74.00636,40.73932],[-74.00556,40.73933]]],[[[-74.00394,40.73934],[-74.00395,40.73883],[-74.00532,40.73883],[-74.00525,40.73933],[-74.00394,40.73934]]],[[[-74.00431,40.73952],[-74.00522,40.73951],[-74.00516,40.73988],[-74.00431,40.73952]]],[[[-74.0058,40.73951],[-74.00612,40.73963],[-74.00576,40.74013],[-74.00547,40.74001],[-74.00554,40.73951],[-74.0058,40.73951]]],[[[-74.00663,40.7395],[-74.00793,40.73949],[-74.00787,40.74019],[-74.00654,40.73963],[-74.00663,40.7395]]],[[[-74.00806,40.74028],[-74.00814,40.73944],[-74.0094,40.73944],[-74.00939,40.7396],[-74.00887,40.74016],[-74.0088,40.74059],[-74.00806,40.74028]]],[[[-74.00275,40.7397],[-74.00312,40.7392],[-74.00514,40.74006],[-74.00504,40.74068],[-74.00275,40.7397]]],[[[-74.00537,40.74068],[-74.00543,40.74017],[-74.00566,40.74027],[-74.00537,40.74068]]],[[[-74.00607,40.74027],[-74.00644,40.73976],[-74.00779,40.74033],[-74.00742,40.74083],[-74.00607,40.74027]]],[[[-74.00764,40.74093],[-74.00801,40.74042],[-74.00886,40.74078],[-74.00878,40.74109],[-74.0086,40.74134],[-74.00764,40.74093]]],[[[-74.00561,40.74091],[-74.00597,40.7404],[-74.00732,40.74097],[-74.00696,40.74148],[-74.00561,40.74091]]],[[[-74.00222,40.74045],[-74.0026,40.73993],[-74.005,40.74094],[-74.00495,40.74127],[-74.00476,40.74152],[-74.00222,40.74045]]],[[[-74.00718,40.74157],[-74.00754,40.74107],[-74.00851,40.74147],[-74.00814,40.74198],[-74.00718,40.74157]]],[[[-74.00175,40.74109],[-74.00212,40.74058],[-74.00467,40.74165],[-74.00429,40.74216],[-74.00175,40.74109]]],[[[-74.00845,40.74211],[-74.00864,40.74184],[-74.00858,40.74216],[-74.00845,40.74211]]],[[[-74.00506,40.74166],[-74.00546,40.74112],[-74.008,40.74219],[-74.0076,40.74273],[-74.00506,40.74166]]],[[[-74.00132,40.74168],[-74.00165,40.74122],[-74.00421,40.74229],[-74.00387,40.74275],[-74.00132,40.74168]]],[[[-74.00459,40.74229],[-74.00498,40.74177],[-74.00752,40.74284],[-74.00715,40.74335],[-74.00459,40.74229]]],[[[-74.00744,40.74349],[-74.00781,40.74296],[-74.00842,40.74322],[-74.0083,40.74385],[-74.00744,40.74349]]],[[[-74.00417,40.74288],[-74.0045,40.74241],[-74.00704,40.74348],[-74.00671,40.74394],[-74.00417,40.74288]]]]}},{"type":"Feature","properties":{"std_name":"MetroTech","std_geoid":"0","pen":"politicians","std_note":null},"geometry":{"type":"MultiPolygon","coordinates":[[[[-73.97801,40.68451],[-73.97791,40.68439],[-73.97805,40.68444],[-73.97801,40.68451]]],[[[-73.97405,40.68372],[-73.97397,40.68326],[-73.97622,40.68374],[-73.97735,40.6842],[-73.97782,40.68487],[-73.97785,40.685],[-73.97534,40.68529],[-73.97506,40.68394],[-73.97405,40.68372]]],[[[-73.97927,40.68629],[-73.97864,40.68542],[-73.98012,40.686],[-73.97978,40.68649],[-73.97927,40.68629]]],[[[-73.97814,40.68541],[-73.97816,40.68539],[-73.97896,40.68645],[-73.97898,40.68662],[-73.97832,40.68669],[-73.97814,40.68541]]],[[[-73.97808,40.68672],[-73.97742,40.6868],[-73.97713,40.68531],[-73.97787,40.68523],[-73.97808,40.68672]]],[[[-73.97835,40.68692],[-73.979,40.68685],[-73.9791,40.68753],[-73.97863,40.68756],[-73.97865,40.68769],[-73.97847,40.6877],[-73.97835,40.68692]]],[[[-73.97917,40.68683],[-73.97926,40.68682],[-73.98045,40.68844],[-73.98028,40.68854],[-73.97936,40.68818],[-73.97917,40.68683]]],[[[-73.9772,40.68969],[-73.97716,40.68953],[-73.97729,40.68952],[-73.97729,40.68948],[-73.97738,40.68947],[-73.97739,40.68942],[-73.97748,40.68941],[-73.97746,40.68969],[-73.97782,40.68965],[-73.97784,40.68972],[-73.9772,40.68969]]],[[[-73.978,40.68967],[-73.97825,40.68966],[-73.97826,40.68952],[-73.97847,40.6895],[-73.9785,40.68974],[-73.97801,40.68972],[-73.978,40.68967]]],[[[-73.97895,40.68913],[-73.97892,40.68896],[-73.97856,40.68899],[-73.97855,40.68894],[-73.97891,40.68891],[-73.9789,40.68879],[-73.97853,40.68882],[-73.97853,40.68877],[-73.97889,40.68874],[-73.97887,40.68859],[-73.97896,40.68859],[-73.97894,40.68845],[-73.97906,40.68828],[-73.97922,40.68834],[-73.97942,40.68977],[-73.97867,40.68974],[-73.97858,40.68916],[-73.97895,40.68913]]],[[[-73.97959,40.68978],[-73.9794,40.68841],[-73.98017,40.68872],[-73.98033,40.68981],[-73.97959,40.68978]]],[[[-73.98051,40.68982],[-73.98035,40.68878],[-73.98076,40.68894],[-73.98121,40.68985],[-73.98051,40.68982]]],[[[-73.98179,40.69123],[-73.9819,40.69121],[-73.98195,40.69132],[-73.98168,40.69166],[-73.98163,40.69129],[-73.98178,40.69128],[-73.98181,40.69124],[-73.98179,40.69123]]],[[[-73.97907,40.6918],[-73.97881,40.68993],[-73.97944,40.68996],[-73.97953,40.69059],[-73.9797,40.69058],[-73.97961,40.68996],[-73.98126,40.69003],[-73.98152,40.69185],[-73.98149,40.69189],[-73.97907,40.6918]]],[[[-73.98191,40.69164],[-73.98203,40.69149],[-73.98227,40.69198],[-73.98189,40.69196],[-73.98191,40.69164]]],[[[-73.98233,40.69112],[-73.98316,40.6901],[-73.98341,40.69011],[-73.98331,40.69201],[-73.98277,40.69199],[-73.98233,40.69112]]],[[[-73.98351,40.69203],[-73.98358,40.69065],[-73.984,40.69067],[-73.984,40.69055],[-73.98433,40.69057],[-73.98425,40.69205],[-73.98351,40.69203]]],[[[-73.98445,40.69206],[-73.98449,40.69124],[-73.98522,40.6913],[-73.98518,40.69209],[-73.98445,40.69206]]],[[[-73.98538,40.69209],[-73.98541,40.69147],[-73.9862,40.69153],[-73.98617,40.69212],[-73.98538,40.69209]]],[[[-73.98638,40.69213],[-73.98642,40.69143],[-73.98647,40.69143],[-73.98658,40.69147],[-73.98657,40.69154],[-73.98677,40.69161],[-73.98677,40.6917],[-73.98719,40.69172],[-73.98717,40.69216],[-73.98638,40.69213]]],[[[-73.98744,40.69217],[-73.98745,40.69194],[-73.98766,40.69195],[-73.98765,40.69218],[-73.98744,40.69217]]],[[[-73.98204,40.69241],[-73.98206,40.69211],[-73.98233,40.69212],[-73.98248,40.69243],[-73.98247,40.69262],[-73.98217,40.69261],[-73.98218,40.69242],[-73.98204,40.69241]]],[[[-73.98325,40.69306],[-73.98281,40.69214],[-73.98329,40.69216],[-73.98325,40.69306]]],[[[-73.98261,40.69353],[-73.98261,40.69349],[-73.98252,40.69349],[-73.98256,40.69275],[-73.98265,40.69275],[-73.98304,40.69354],[-73.98261,40.69353]]],[[[-73.98344,40.69342],[-73.9835,40.69217],[-73.98425,40.6922],[-73.98418,40.69358],[-73.9835,40.69356],[-73.98344,40.69342]]],[[[-73.98437,40.69357],[-73.98444,40.69221],[-73.98517,40.69223],[-73.9851,40.69359],[-73.98437,40.69357]]],[[[-73.98531,40.69363],[-73.98538,40.69224],[-73.98618,40.69227],[-73.9861,40.69365],[-73.98531,40.69363]]],[[[-73.98631,40.69367],[-73.98637,40.69229],[-73.98715,40.69232],[-73.98709,40.69369],[-73.98631,40.69367]]],[[[-73.98256,40.69442],[-73.98259,40.69373],[-73.98314,40.69375],[-73.98321,40.69388],[-73.98318,40.69444],[-73.98256,40.69442]]],[[[-73.98337,40.69475],[-73.98339,40.69426],[-73.98365,40.69476],[-73.98337,40.69475]]],[[[-73.98409,40.69479],[-73.9836,40.69381],[-73.98413,40.69383],[-73.98409,40.69479]]],[[[-73.98431,40.69479],[-73.98435,40.69381],[-73.9851,40.69384],[-73.98505,40.69481],[-73.98431,40.69479]]],[[[-73.98524,40.6948],[-73.98529,40.69383],[-73.98609,40.69386],[-73.98603,40.69483],[-73.98524,40.6948]]],[[[-73.98624,40.69484],[-73.98629,40.69386],[-73.98707,40.69389],[-73.98702,40.69487],[-73.98624,40.69484]]],[[[-73.98731,40.6949],[-73.98743,40.69233],[-73.98811,40.69235],[-73.98807,40.69326],[-73.98825,40.69327],[-73.98829,40.69235],[-73.98863,40.69236],[-73.98861,40.6931],[-73.98865,40.6931],[-73.98856,40.69494],[-73.98731,40.6949]]],[[[-73.98334,40.69551],[-73.98336,40.69491],[-73.98372,40.69492],[-73.98406,40.69561],[-73.98405,40.69584],[-73.98369,40.69582],[-73.9837,40.69552],[-73.98334,40.69551]]],[[[-73.9843,40.69517],[-73.98431,40.69495],[-73.98504,40.69497],[-73.98499,40.69587],[-73.98465,40.69585],[-73.9843,40.69517]]],[[[-73.9852,40.69587],[-73.98525,40.69497],[-73.98701,40.69504],[-73.98697,40.69593],[-73.9852,40.69587]]],[[[-73.98725,40.69595],[-73.9873,40.69505],[-73.98852,40.69509],[-73.98848,40.696],[-73.98725,40.69595]]]]}},{"type":"Feature","properties":{"std_name":"Montague Street","std_geoid":"0","pen":"politicians","std_note":null},"geometry":{"type":"MultiPolygon","coordinates":[[[[-73.99236,40.69419],[-73.99104,40.69382],[-73.99115,40.69356],[-73.99155,40.69367],[-73.99167,40.6934],[-73.99175,40.69343],[-73.99162,40.69369],[-73.99215,40.69384],[-73.99232,40.69388],[-73.99245,40.69362],[-73.99262,40.69367],[-73.99236,40.69419]]],[[[-73.99421,40.6947],[-73.99258,40.69424],[-73.99271,40.69397],[-73.99434,40.69444],[-73.99421,40.6947]]],[[[-73.99084,40.69451],[-73.99067,40.6939],[-73.99228,40.69434],[-73.99204,40.69485],[-73.99084,40.69451]]],[[[-73.99402,40.69511],[-73.99287,40.69479],[-73.99275,40.69504],[-73.99267,40.69502],[-73.99279,40.69476],[-73.99238,40.69465],[-73.9925,40.6944],[-73.99414,40.69485],[-73.99402,40.69511]]],[[[-73.99579,40.69512],[-73.99442,40.69474],[-73.99455,40.69448],[-73.99488,40.6946],[-73.99489,40.69458],[-73.99566,40.69479],[-73.99579,40.69453],[-73.99605,40.69461],[-73.99579,40.69512]]],[[[-73.99598,40.69517],[-73.9961,40.69492],[-73.99645,40.69502],[-73.99633,40.69527],[-73.99598,40.69517]]],[[[-73.99424,40.69514],[-73.99434,40.69491],[-73.99555,40.69524],[-73.99542,40.6955],[-73.99435,40.6952],[-73.99437,40.69517],[-73.99424,40.69514]]]]}},{"type":"Feature","properties":{"std_name":"Morris Park BID","std_geoid":"0","pen":"politicians","std_note":null},"geometry":{"type":"MultiPolygon","coordinates":[[[[-73.86681,40.84467],[-73.86755,40.84451],[-73.86768,40.84477],[-73.8669,40.84493],[-73.86681,40.84467]]],[[[-73.86625,40.84508],[-73.86607,40.8446],[-73.86624,40.84456],[-73.86631,40.84477],[-73.86665,40.8447],[-73.86675,40.84498],[-73.86625,40.84508]]],[[[-73.86542,40.84481],[-73.86576,40.84474],[-73.86591,40.84515],[-73.86526,40.84528],[-73.86515,40.845],[-73.86547,40.84494],[-73.86542,40.84481]]],[[[-73.86701,40.84518],[-73.86772,40.84503],[-73.86779,40.84523],[-73.86743,40.8453],[-73.86746,40.84537],[-73.86711,40.84544],[-73.86701,40.84518]]],[[[-73.86426,40.84519],[-73.86496,40.84505],[-73.86506,40.84533],[-73.86436,40.84547],[-73.86426,40.84519]]],[[[-73.86639,40.84551],[-73.86632,40.84532],[-73.86685,40.84521],[-73.86694,40.84548],[-73.86678,40.84551],[-73.86676,40.84544],[-73.86639,40.84551]]],[[[-73.86341,40.84537],[-73.8641,40.84522],[-73.8642,40.8455],[-73.86351,40.84565],[-73.86341,40.84537]]],[[[-73.86254,40.84555],[-73.86321,40.84541],[-73.86331,40.84569],[-73.86264,40.84582],[-73.86254,40.84555]]],[[[-73.86578,40.84586],[-73.86573,40.84572],[-73.86544,40.84579],[-73.86534,40.84553],[-73.866,40.84539],[-73.86614,40.84578],[-73.86578,40.84586]]],[[[-73.86167,40.84573],[-73.86234,40.84559],[-73.86244,40.84586],[-73.86177,40.846],[-73.86167,40.84573]]],[[[-73.86366,40.84608],[-73.86359,40.84588],[-73.86428,40.84574],[-73.86438,40.84601],[-73.86403,40.84608],[-73.86401,40.84601],[-73.86366,40.84608]]],[[[-73.86447,40.84572],[-73.86514,40.84558],[-73.86523,40.84583],[-73.86491,40.8459],[-73.86498,40.8461],[-73.86463,40.84617],[-73.86447,40.84572]]],[[[-73.86273,40.84606],[-73.86339,40.84592],[-73.86349,40.84619],[-73.86282,40.84633],[-73.86273,40.84606]]],[[[-73.85934,40.84621],[-73.86124,40.84582],[-73.86128,40.84594],[-73.8615,40.84587],[-73.86156,40.84604],[-73.85949,40.84647],[-73.85934,40.84621]]],[[[-73.86213,40.84654],[-73.86208,40.84645],[-73.86194,40.84648],[-73.86185,40.84625],[-73.86252,40.84611],[-73.86262,40.84637],[-73.86228,40.84644],[-73.86232,40.84654],[-73.86199,40.84662],[-73.86198,40.8466],[-73.86213,40.84654]]],[[[-73.86131,40.84666],[-73.86124,40.84653],[-73.86101,40.84661],[-73.86095,40.84644],[-73.86165,40.84629],[-73.86174,40.84652],[-73.86131,40.84666]]],[[[-73.86049,40.84654],[-73.86075,40.84649],[-73.86081,40.84666],[-73.8606,40.84673],[-73.86049,40.84654]]],[[[-73.85857,40.84627],[-73.85895,40.8461],[-73.85924,40.84661],[-73.8587,40.84686],[-73.85866,40.84681],[-73.8589,40.8467],[-73.85857,40.84627]]],[[[-73.85978,40.84692],[-73.85966,40.84671],[-73.86033,40.84657],[-73.86045,40.84678],[-73.86013,40.84688],[-73.8601,40.84682],[-73.85978,40.84692]]],[[[-73.85771,40.84698],[-73.85835,40.84669],[-73.85854,40.84694],[-73.8579,40.84722],[-73.85771,40.84698]]],[[[-73.85888,40.84708],[-73.85937,40.84686],[-73.85952,40.84712],[-73.85907,40.84732],[-73.85888,40.84708]]],[[[-73.85709,40.84759],[-73.8569,40.84734],[-73.85722,40.8472],[-73.85738,40.84741],[-73.85741,40.8474],[-73.85738,40.84735],[-73.85767,40.84722],[-73.85773,40.8473],[-73.85709,40.84759]]],[[[-73.85807,40.84745],[-73.8587,40.84716],[-73.85874,40.84722],[-73.85859,40.84729],[-73.85873,40.84747],[-73.85825,40.84769],[-73.85807,40.84745]]],[[[-73.85609,40.8477],[-73.85672,40.84742],[-73.85692,40.84768],[-73.85629,40.84796],[-73.85609,40.8477]]],[[[-73.85727,40.84781],[-73.8579,40.84753],[-73.85794,40.84758],[-73.8577,40.84768],[-73.85785,40.84787],[-73.85746,40.84805],[-73.85727,40.84781]]],[[[-73.85528,40.84807],[-73.85591,40.84779],[-73.85611,40.84804],[-73.85548,40.84832],[-73.85528,40.84807]]],[[[-73.85645,40.84817],[-73.85708,40.84788],[-73.85727,40.84813],[-73.85664,40.84842],[-73.85645,40.84817]]],[[[-73.85448,40.84844],[-73.85511,40.84815],[-73.85531,40.8484],[-73.85468,40.84869],[-73.85448,40.84844]]],[[[-73.85565,40.84854],[-73.85628,40.84826],[-73.85647,40.84849],[-73.85584,40.84878],[-73.85565,40.84854]]],[[[-73.85367,40.84879],[-73.8543,40.84851],[-73.85449,40.84877],[-73.85387,40.84905],[-73.85367,40.84879]]],[[[-73.85512,40.84926],[-73.85484,40.8489],[-73.85547,40.84862],[-73.85566,40.84886],[-73.8554,40.84898],[-73.85549,40.84909],[-73.85512,40.84926]]],[[[-73.85286,40.84916],[-73.8535,40.84888],[-73.85369,40.84912],[-73.85304,40.84941],[-73.85286,40.84916]]],[[[-73.85403,40.84926],[-73.85466,40.84898],[-73.85485,40.84923],[-73.85422,40.84951],[-73.85403,40.84926]]],[[[-73.85137,40.84864],[-73.85199,40.84836],[-73.85287,40.84949],[-73.85225,40.84977],[-73.85137,40.84864]]],[[[-73.85323,40.84963],[-73.85385,40.84935],[-73.85404,40.84959],[-73.85342,40.84987],[-73.85323,40.84963]]],[[[-73.85243,40.85],[-73.85304,40.84972],[-73.85308,40.84977],[-73.85247,40.85004],[-73.85243,40.85]]],[[[-73.85125,40.8499],[-73.85187,40.84961],[-73.85206,40.84985],[-73.85144,40.85014],[-73.85125,40.8499]]],[[[-73.8516,40.85037],[-73.85224,40.85008],[-73.85242,40.85032],[-73.85178,40.85061],[-73.8516,40.85037]]],[[[-73.85099,40.85063],[-73.85133,40.85048],[-73.85197,40.85131],[-73.85164,40.85146],[-73.85099,40.85063]]]]}},{"type":"Feature","properties":{"std_name":"Myrtle Avenue","std_geoid":"0","pen":"politicians","std_note":null},"geometry":{"type":"MultiPolygon","coordinates":[[[[-73.90857,40.69976],[-73.90929,40.69904],[-73.90988,40.69936],[-73.91,40.69923],[-73.91003,40.69931],[-73.91024,40.69929],[-73.91029,40.69923],[-73.91077,40.6995],[-73.90857,40.69976]]],[[[-73.90724,40.6999],[-73.90752,40.69963],[-73.90766,40.69971],[-73.9077,40.69964],[-73.90807,40.69959],[-73.90831,40.69974],[-73.90825,40.69979],[-73.90724,40.6999]]],[[[-73.90603,40.69992],[-73.90633,40.69963],[-73.90652,40.69974],[-73.90658,40.6997],[-73.90667,40.69975],[-73.90675,40.69967],[-73.90703,40.69984],[-73.90692,40.69995],[-73.90624,40.70004],[-73.90603,40.69992]]],[[[-73.90896,40.69991],[-73.90938,40.69987],[-73.90919,40.70006],[-73.90896,40.69991]]],[[[-73.90936,40.70014],[-73.90969,40.69982],[-73.91073,40.69971],[-73.91035,40.70009],[-73.91011,40.69994],[-73.90991,40.70013],[-73.90965,40.69997],[-73.90943,40.70019],[-73.90936,40.70014]]],[[[-73.90392,40.7003],[-73.90429,40.69992],[-73.90439,40.69997],[-73.90472,40.69994],[-73.90485,40.69979],[-73.90503,40.6999],[-73.90525,40.69968],[-73.90573,40.69996],[-73.90556,40.70012],[-73.90392,40.7003]]],[[[-73.90337,40.70017],[-73.90359,40.69994],[-73.90388,40.70011],[-73.90365,40.70033],[-73.90337,40.70017]]],[[[-73.9027,40.70039],[-73.90296,40.70013],[-73.90335,40.70036],[-73.9027,40.70039]]],[[[-73.89964,40.70006],[-73.89998,40.69972],[-73.90052,40.70008],[-73.9002,40.7004],[-73.89964,40.70006]]],[[[-73.90158,40.7004],[-73.90185,40.70012],[-73.90202,40.70022],[-73.90209,40.70018],[-73.90237,40.70016],[-73.90251,40.70025],[-73.90275,40.70001],[-73.90281,40.70005],[-73.90246,40.7004],[-73.90158,40.7004]]],[[[-73.90042,40.70041],[-73.90068,40.70016],[-73.9008,40.70023],[-73.90097,40.70017],[-73.90112,40.70016],[-73.90117,40.70011],[-73.90145,40.70027],[-73.90131,40.70041],[-73.90042,40.70041]]],[[[-73.9088,40.70043],[-73.90853,40.70026],[-73.90846,40.70032],[-73.90817,40.70016],[-73.90835,40.69999],[-73.90861,40.69996],[-73.90903,40.70022],[-73.9088,40.70043]]],[[[-73.89932,40.70043],[-73.89951,40.70022],[-73.89986,40.70042],[-73.89968,40.70042],[-73.89932,40.70043]]],[[[-73.89818,40.70043],[-73.89841,40.7002],[-73.89863,40.70022],[-73.89872,40.70019],[-73.89879,40.70022],[-73.89887,40.70014],[-73.8992,40.7003],[-73.89908,40.70043],[-73.89818,40.70043]]],[[[-73.89697,40.7005],[-73.89765,40.69981],[-73.89793,40.69997],[-73.89776,40.70014],[-73.89805,40.70031],[-73.89793,40.70043],[-73.89697,40.7005]]],[[[-73.89616,40.70033],[-73.89646,40.7003],[-73.8965,40.70025],[-73.89657,40.70029],[-73.89662,40.70024],[-73.89684,40.70036],[-73.89667,40.70053],[-73.8962,40.70057],[-73.89616,40.70033]]],[[[-73.9055,40.70045],[-73.90567,40.70029],[-73.9062,40.70024],[-73.90647,40.7004],[-73.90627,40.7006],[-73.90597,40.70045],[-73.90578,40.70062],[-73.9055,40.70045]]],[[[-73.90396,40.70047],[-73.90456,40.70045],[-73.90421,40.70064],[-73.90396,40.70047]]],[[[-73.90701,40.70014],[-73.90802,40.70003],[-73.90736,40.70069],[-73.9068,40.70034],[-73.90701,40.70014]]],[[[-73.89467,40.7007],[-73.89527,40.70011],[-73.89541,40.70036],[-73.89594,40.70032],[-73.89597,40.70059],[-73.89467,40.7007]]],[[[-73.89855,40.70078],[-73.89848,40.70063],[-73.8991,40.70063],[-73.89862,40.70076],[-73.89855,40.70078]]],[[[-73.90085,40.70088],[-73.90081,40.70078],[-73.90048,40.70087],[-73.90037,40.7006],[-73.90131,40.7006],[-73.90147,40.7007],[-73.90085,40.70088]]],[[[-73.90505,40.70035],[-73.90536,40.70032],[-73.90474,40.70094],[-73.90441,40.70074],[-73.90505,40.70035]]],[[[-73.89658,40.70103],[-73.89644,40.70074],[-73.89784,40.70063],[-73.8983,40.70063],[-73.8984,40.70082],[-73.89806,40.70092],[-73.89799,40.70076],[-73.89785,40.7008],[-73.89793,40.70096],[-73.89779,40.70099],[-73.8977,40.7008],[-73.89694,40.70098],[-73.89691,40.70093],[-73.89658,40.70103]]],[[[-73.89619,40.70077],[-73.89631,40.701],[-73.89483,40.70113],[-73.89474,40.70089],[-73.89619,40.70077]]],[[[-73.89994,40.70094],[-73.89991,40.70087],[-73.89923,40.70106],[-73.89911,40.70081],[-73.89976,40.70061],[-73.9001,40.70062],[-73.90028,40.70105],[-73.89995,40.70114],[-73.89987,40.701],[-73.89991,40.70099],[-73.89989,40.70096],[-73.89994,40.70094]]],[[[-73.90265,40.70085],[-73.90256,40.70083],[-73.90238,40.70102],[-73.90167,40.7006],[-73.9031,40.70058],[-73.90361,40.70053],[-73.904,40.70076],[-73.90373,40.70091],[-73.90356,40.70074],[-73.90294,40.70092],[-73.90269,40.7012],[-73.90245,40.70106],[-73.90265,40.70085]]]]}},{"type":"Feature","properties":{"std_name":"Myrtle Avenue Brooklyn Partnership","std_geoid":"0","pen":"politicians","std_note":null},"geometry":{"type":"MultiPolygon","coordinates":[[[[-73.96893,40.69301],[-73.96888,40.6928],[-73.96936,40.69275],[-73.96937,40.69282],[-73.96962,40.69279],[-73.96967,40.69304],[-73.96893,40.69301]]],[[[-73.96995,40.69305],[-73.9699,40.69283],[-73.97034,40.69278],[-73.97033,40.69285],[-73.97065,40.69281],[-73.9707,40.69308],[-73.96995,40.69305]]],[[[-73.97098,40.69309],[-73.97095,40.69293],[-73.97137,40.69288],[-73.97138,40.69294],[-73.97169,40.6929],[-73.97173,40.69311],[-73.97098,40.69309]]],[[[-73.96787,40.69286],[-73.96861,40.69277],[-73.96867,40.69304],[-73.96793,40.69313],[-73.96787,40.69286]]],[[[-73.97197,40.69312],[-73.97192,40.69289],[-73.97228,40.69285],[-73.97227,40.69292],[-73.97268,40.69287],[-73.97269,40.69293],[-73.97257,40.69294],[-73.97258,40.69298],[-73.9727,40.69298],[-73.97273,40.69315],[-73.97197,40.69312]]],[[[-73.97293,40.69298],[-73.97326,40.69294],[-73.97326,40.69296],[-73.97348,40.69294],[-73.97348,40.69298],[-73.97367,40.69295],[-73.97372,40.69319],[-73.97297,40.69317],[-73.97293,40.69298]]],[[[-73.96731,40.69292],[-73.96768,40.69288],[-73.96773,40.69315],[-73.967,40.69324],[-73.96697,40.69307],[-73.96726,40.69304],[-73.96724,40.69298],[-73.96732,40.69297],[-73.96731,40.69292]]],[[[-73.97396,40.6932],[-73.97327,40.68975],[-73.97712,40.68989],[-73.97751,40.69168],[-73.97763,40.69167],[-73.97766,40.69182],[-73.97738,40.69181],[-73.97769,40.69334],[-73.97396,40.6932]]],[[[-73.96595,40.69312],[-73.96618,40.69309],[-73.96617,40.69303],[-73.9663,40.69302],[-73.96631,40.69307],[-73.96639,40.69306],[-73.9664,40.69311],[-73.96669,40.69308],[-73.96673,40.69327],[-73.966,40.69336],[-73.96595,40.69312]]],[[[-73.97816,40.69263],[-73.97809,40.69229],[-73.978,40.6923],[-73.97804,40.69198],[-73.97881,40.692],[-73.97901,40.6934],[-73.97793,40.69335],[-73.97779,40.69267],[-73.97816,40.69263]]],[[[-73.97928,40.6934],[-73.97925,40.69319],[-73.98018,40.69323],[-73.98019,40.693],[-73.98112,40.69304],[-73.98111,40.69285],[-73.98131,40.69288],[-73.98133,40.69301],[-73.98166,40.69302],[-73.98164,40.69349],[-73.97928,40.6934]]],[[[-73.96949,40.6935],[-73.96948,40.69345],[-73.96902,40.69347],[-73.96896,40.69321],[-73.96972,40.69324],[-73.96976,40.69347],[-73.96949,40.6935]]],[[[-73.98261,40.69353],[-73.98261,40.69349],[-73.98183,40.6935],[-73.98186,40.69299],[-73.98254,40.69301],[-73.98256,40.69275],[-73.98265,40.69275],[-73.98304,40.69354],[-73.98261,40.69353]]],[[[-73.97281,40.69359],[-73.97238,40.69363],[-73.97238,40.69357],[-73.97224,40.69359],[-73.97224,40.69352],[-73.97205,40.69356],[-73.972,40.69331],[-73.97276,40.69334],[-73.97281,40.69359]]],[[[-73.96797,40.69333],[-73.9687,40.69324],[-73.96872,40.69331],[-73.96834,40.69336],[-73.96839,40.69361],[-73.96803,40.69365],[-73.96797,40.69333]]],[[[-73.96237,40.6937],[-73.96222,40.69296],[-73.96294,40.69288],[-73.96283,40.69233],[-73.96365,40.69224],[-73.96386,40.69332],[-73.96394,40.69331],[-73.96392,40.69324],[-73.96566,40.69304],[-73.96571,40.69331],[-73.96237,40.6937]]],[[[-73.97008,40.69371],[-73.96998,40.69323],[-73.97075,40.69326],[-73.9708,40.69352],[-73.97043,40.69356],[-73.97044,40.69363],[-73.97038,40.69363],[-73.97039,40.69367],[-73.97008,40.69371]]],[[[-73.96604,40.69354],[-73.96676,40.69345],[-73.96681,40.69368],[-73.96609,40.69377],[-73.96604,40.69354]]],[[[-73.97112,40.69377],[-73.97102,40.69327],[-73.97177,40.69331],[-73.9718,40.69349],[-73.97157,40.69352],[-73.97157,40.69358],[-73.97138,40.69361],[-73.97141,40.69374],[-73.97112,40.69377]]],[[[-73.96512,40.69365],[-73.96584,40.69356],[-73.96588,40.6938],[-73.96516,40.69388],[-73.96512,40.69365]]],[[[-73.96117,40.69392],[-73.96102,40.69324],[-73.96158,40.69317],[-73.96161,40.6933],[-73.96199,40.69326],[-73.9621,40.69381],[-73.96117,40.69392]]],[[[-73.96751,40.69394],[-73.96745,40.69363],[-73.96708,40.69367],[-73.96703,40.69342],[-73.96776,40.69334],[-73.96787,40.6939],[-73.96751,40.69394]]],[[[-73.96418,40.69376],[-73.96491,40.69367],[-73.96495,40.69388],[-73.96468,40.69391],[-73.9647,40.69399],[-73.96424,40.69404],[-73.96418,40.69376]]],[[[-73.96325,40.69385],[-73.96399,40.69377],[-73.96404,40.69406],[-73.96331,40.69414],[-73.96325,40.69385]]],[[[-73.96233,40.69396],[-73.96305,40.69388],[-73.96311,40.69417],[-73.96239,40.69425],[-73.96233,40.69396]]],[[[-73.97615,40.69433],[-73.97599,40.69347],[-73.97772,40.69354],[-73.97785,40.6942],[-73.97615,40.69433]]],[[[-73.96121,40.69409],[-73.96213,40.69399],[-73.96218,40.69423],[-73.96126,40.69434],[-73.96121,40.69409]]],[[[-73.98256,40.69442],[-73.98259,40.69373],[-73.98314,40.69375],[-73.98321,40.69388],[-73.98318,40.69444],[-73.98256,40.69442]]],[[[-73.98043,40.69575],[-73.98027,40.6947],[-73.9802,40.69451],[-73.98003,40.6943],[-73.9794,40.69376],[-73.97932,40.6936],[-73.98242,40.69372],[-73.98235,40.69525],[-73.98203,40.69524],[-73.98203,40.69533],[-73.98172,40.69532],[-73.9817,40.69575],[-73.98131,40.69578],[-73.98074,40.69595],[-73.98053,40.69588],[-73.98043,40.69575]]],[[[-73.97332,40.69339],[-73.97574,40.69346],[-73.97624,40.69597],[-73.97362,40.69587],[-73.97317,40.69364],[-73.97321,40.69349],[-73.97332,40.69339]]],[[[-73.97803,40.69383],[-73.97797,40.69354],[-73.97905,40.69358],[-73.97909,40.69374],[-73.9792,40.6939],[-73.97984,40.69444],[-73.98,40.69468],[-73.98019,40.69595],[-73.98016,40.69595],[-73.98009,40.69606],[-73.97988,40.69615],[-73.97838,40.69608],[-73.97813,40.69485],[-73.97817,40.69474],[-73.9783,40.69465],[-73.97826,40.69444],[-73.97848,40.69385],[-73.97803,40.69383]]]]}},{"type":"Feature","properties":{"std_name":"New Dorp Lane","std_geoid":"0","pen":"politicians","std_note":null},"geometry":{"type":"MultiPolygon","coordinates":[[[[-74.10998,40.57049],[-74.11042,40.57005],[-74.11073,40.57022],[-74.11052,40.57044],[-74.11211,40.57128],[-74.1119,40.57151],[-74.10998,40.57049]]],[[[-74.10962,40.57086],[-74.10984,40.57063],[-74.11149,40.57151],[-74.11129,40.57175],[-74.10962,40.57086]]],[[[-74.11208,40.57161],[-74.11229,40.57138],[-74.11422,40.57241],[-74.114,40.57263],[-74.11208,40.57161]]],[[[-74.11406,40.57266],[-74.11454,40.57214],[-74.11456,40.57215],[-74.11406,40.57266]]],[[[-74.11144,40.57183],[-74.11166,40.5716],[-74.11343,40.57255],[-74.11322,40.57277],[-74.11144,40.57183]]],[[[-74.11712,40.57285],[-74.11776,40.57219],[-74.11794,40.57229],[-74.11799,40.57223],[-74.11806,40.57227],[-74.11811,40.57221],[-74.11838,40.57236],[-74.11745,40.57304],[-74.11712,40.57285]]],[[[-74.1142,40.57274],[-74.11445,40.57248],[-74.11474,40.57264],[-74.11483,40.57255],[-74.11512,40.57271],[-74.11479,40.57306],[-74.1142,40.57274]]],[[[-74.11494,40.57314],[-74.11529,40.57277],[-74.11559,40.57294],[-74.11549,40.57304],[-74.11577,40.57321],[-74.11553,40.57345],[-74.11494,40.57314]]],[[[-74.11797,40.57334],[-74.11891,40.57266],[-74.1192,40.57282],[-74.11899,40.57305],[-74.11883,40.57296],[-74.1185,40.57322],[-74.11824,40.57349],[-74.11797,40.57334]]],[[[-74.11566,40.57353],[-74.11607,40.57311],[-74.11643,40.57332],[-74.11673,40.57306],[-74.11681,40.57313],[-74.11703,40.57297],[-74.11732,40.57313],[-74.11631,40.57386],[-74.11566,40.57353]]],[[[-74.11644,40.57396],[-74.11753,40.57317],[-74.11776,40.5733],[-74.11667,40.57409],[-74.11644,40.57396]]],[[[-74.11537,40.57391],[-74.11509,40.57375],[-74.1148,40.57395],[-74.11463,40.57386],[-74.11484,40.57364],[-74.11337,40.57286],[-74.11358,40.57263],[-74.11616,40.57398],[-74.11552,40.57433],[-74.1151,40.57411],[-74.11537,40.57391]]],[[[-74.11685,40.57415],[-74.11784,40.57343],[-74.1181,40.57357],[-74.11774,40.57388],[-74.11803,40.57404],[-74.11756,40.57453],[-74.11685,40.57415]]],[[[-74.11771,40.57459],[-74.11796,40.57434],[-74.11825,40.5745],[-74.1184,40.57434],[-74.11869,40.5745],[-74.11829,40.57492],[-74.11771,40.57459]]],[[[-74.11565,40.57503],[-74.11617,40.57465],[-74.11647,40.57481],[-74.11617,40.57503],[-74.1161,40.57497],[-74.11586,40.57515],[-74.11565,40.57503]]],[[[-74.1176,40.57528],[-74.1174,40.57517],[-74.11756,40.57499],[-74.11683,40.5746],[-74.11666,40.57478],[-74.11628,40.57457],[-74.1167,40.57426],[-74.11817,40.57505],[-74.118,40.57523],[-74.11788,40.57516],[-74.1178,40.57525],[-74.11769,40.57519],[-74.1176,40.57528]]],[[[-74.11844,40.575],[-74.11867,40.57476],[-74.11925,40.57509],[-74.11903,40.57531],[-74.11844,40.575]]],[[[-74.11916,40.57539],[-74.1194,40.57515],[-74.11999,40.5755],[-74.11977,40.57572],[-74.11916,40.57539]]],[[[-74.11891,40.57574],[-74.11843,40.57546],[-74.11847,40.57542],[-74.11818,40.57526],[-74.11831,40.57512],[-74.11931,40.57567],[-74.11932,40.57565],[-74.11952,40.57579],[-74.11934,40.57594],[-74.11906,40.57607],[-74.11875,40.57591],[-74.11891,40.57574]]],[[[-74.11215,40.57691],[-74.11546,40.57453],[-74.11629,40.57406],[-74.11635,40.57409],[-74.11638,40.57407],[-74.11657,40.57418],[-74.11484,40.57544],[-74.1148,40.57542],[-74.11246,40.57709],[-74.11215,40.57691]]]]}},{"type":"Feature","properties":{"std_name":"NoHo NY","std_geoid":"0","pen":"politicians","std_note":null},"geometry":{"type":"MultiPolygon","coordinates":[[[[-73.99459,40.72581],[-73.9949,40.72514],[-73.99507,40.72519],[-73.99459,40.72581]]],[[[-73.9948,40.72593],[-73.99533,40.72526],[-73.99562,40.72532],[-73.99503,40.72603],[-73.9948,40.72593]]],[[[-73.99419,40.72613],[-73.99438,40.72591],[-73.99446,40.72595],[-73.99429,40.72618],[-73.99419,40.72613]]],[[[-73.99521,40.72612],[-73.99582,40.72538],[-73.99651,40.72555],[-73.99579,40.72641],[-73.99521,40.72612]]],[[[-73.99388,40.72644],[-73.9941,40.72618],[-73.99421,40.72624],[-73.99401,40.72651],[-73.99388,40.72644]]],[[[-73.99603,40.72653],[-73.99681,40.7256],[-73.9974,40.72589],[-73.99663,40.72683],[-73.99603,40.72653]]],[[[-73.9943,40.72665],[-73.9945,40.72637],[-73.99496,40.72659],[-73.99474,40.72686],[-73.9943,40.72665]]],[[[-73.99513,40.72656],[-73.99508,40.72653],[-73.99505,40.72657],[-73.99458,40.72633],[-73.99475,40.72609],[-73.99568,40.72654],[-73.99522,40.72707],[-73.99485,40.72689],[-73.99513,40.72656]]],[[[-73.99338,40.72708],[-73.99359,40.72686],[-73.99366,40.7269],[-73.99386,40.72668],[-73.99388,40.72669],[-73.99353,40.72716],[-73.99338,40.72708]]],[[[-73.99415,40.72681],[-73.99458,40.727],[-73.99418,40.72746],[-73.99381,40.72728],[-73.99415,40.72681]]],[[[-73.99433,40.72752],[-73.99471,40.72706],[-73.99508,40.72724],[-73.9947,40.72771],[-73.99433,40.72752]]],[[[-73.99253,40.72747],[-73.99272,40.72726],[-73.99284,40.72736],[-73.99304,40.72713],[-73.99339,40.72731],[-73.99304,40.72772],[-73.99253,40.72747]]],[[[-73.99591,40.72665],[-73.9965,40.72694],[-73.99557,40.72809],[-73.99497,40.7278],[-73.99591,40.72665]]],[[[-73.99419,40.72829],[-73.99338,40.72788],[-73.99374,40.72748],[-73.9941,40.72766],[-73.99383,40.72797],[-73.99389,40.728],[-73.99408,40.72778],[-73.99405,40.72777],[-73.99413,40.72768],[-73.99453,40.72788],[-73.99419,40.72829]]],[[[-73.99484,40.72795],[-73.99545,40.72822],[-73.99505,40.72871],[-73.99446,40.72841],[-73.99484,40.72795]]],[[[-73.99394,40.72898],[-73.99429,40.72854],[-73.99489,40.72883],[-73.99454,40.72928],[-73.99394,40.72898]]],[[[-73.99168,40.72862],[-73.99174,40.72849],[-73.99176,40.72851],[-73.99191,40.72834],[-73.9918,40.72829],[-73.99188,40.72819],[-73.99178,40.72813],[-73.99182,40.72809],[-73.99194,40.72815],[-73.99191,40.72819],[-73.992,40.72824],[-73.99224,40.72795],[-73.99234,40.72799],[-73.99258,40.7277],[-73.99293,40.72788],[-73.99172,40.72935],[-73.99141,40.7292],[-73.9915,40.72908],[-73.99144,40.72906],[-73.99176,40.72867],[-73.99168,40.72862]]],[[[-73.99318,40.72803],[-73.99401,40.72843],[-73.99297,40.72973],[-73.99214,40.72932],[-73.99318,40.72803]]],[[[-73.99344,40.72958],[-73.99378,40.72916],[-73.99437,40.72945],[-73.99404,40.72987],[-73.99344,40.72958]]],[[[-73.99293,40.73016],[-73.99329,40.72973],[-73.99387,40.73002],[-73.99352,40.73045],[-73.99293,40.73016]]]]}},{"type":"Feature","properties":{"std_name":"North Flatbush","std_geoid":"0","pen":"politicians","std_note":null},"geometry":{"type":"MultiPolygon","coordinates":[[[[-73.97083,40.67588],[-73.97119,40.67572],[-73.97158,40.67625],[-73.97092,40.67612],[-73.97097,40.67596],[-73.97083,40.67588]]],[[[-73.97206,40.67637],[-73.97158,40.67572],[-73.97167,40.67558],[-73.97199,40.67571],[-73.97194,40.67577],[-73.97188,40.6758],[-73.97202,40.67599],[-73.97216,40.67593],[-73.97224,40.67581],[-73.9724,40.67587],[-73.97229,40.67603],[-73.97238,40.67607],[-73.97233,40.67616],[-73.97236,40.67617],[-73.97219,40.67642],[-73.97206,40.67637]]],[[[-73.9714,40.67688],[-73.97145,40.67672],[-73.97149,40.67672],[-73.97162,40.67661],[-73.97167,40.67646],[-73.97175,40.67648],[-73.9723,40.67724],[-73.97226,40.67735],[-73.97191,40.67727],[-73.97196,40.67716],[-73.97177,40.67695],[-73.9714,40.67688]]],[[[-73.97288,40.67749],[-73.97255,40.67703],[-73.97225,40.67662],[-73.97306,40.67694],[-73.97291,40.67716],[-73.97339,40.67732],[-73.97319,40.67761],[-73.97288,40.67749]]],[[[-73.97253,40.67786],[-73.97249,40.6778],[-73.97243,40.67782],[-73.97234,40.6778],[-73.97243,40.67757],[-73.97256,40.6776],[-73.9732,40.67849],[-73.97275,40.67839],[-73.97283,40.67828],[-73.97268,40.67819],[-73.9727,40.67816],[-73.97262,40.67814],[-73.97258,40.67807],[-73.97259,40.67801],[-73.97249,40.67788],[-73.97253,40.67786]]],[[[-73.97368,40.67862],[-73.97322,40.67797],[-73.97331,40.67784],[-73.97407,40.67814],[-73.97372,40.67863],[-73.97368,40.67862]]],[[[-73.97364,40.67941],[-73.97351,40.67934],[-73.97348,40.67936],[-73.97343,40.6793],[-73.9734,40.67931],[-73.97325,40.67914],[-73.97316,40.67918],[-73.97322,40.67909],[-73.97318,40.67903],[-73.97314,40.67905],[-73.97309,40.67903],[-73.97321,40.67868],[-73.97336,40.67871],[-73.97401,40.6796],[-73.9736,40.67952],[-73.97364,40.67941]]],[[[-73.9745,40.67973],[-73.97407,40.67913],[-73.97387,40.67886],[-73.97457,40.67913],[-73.97446,40.67926],[-73.97469,40.67954],[-73.97471,40.6795],[-73.975,40.67962],[-73.97484,40.67986],[-73.9745,40.67973]]],[[[-73.97382,40.68022],[-73.97396,40.67981],[-73.97421,40.67987],[-73.97454,40.68032],[-73.97442,40.68063],[-73.97419,40.68058],[-73.97424,40.68045],[-73.97412,40.68042],[-73.97414,40.68036],[-73.97408,40.68027],[-73.97382,40.68022]]],[[[-73.97466,40.68068],[-73.9747,40.68055],[-73.97481,40.68071],[-73.97466,40.68068]]],[[[-73.97486,40.68022],[-73.97501,40.67999],[-73.97536,40.68013],[-73.97525,40.68029],[-73.97537,40.68038],[-73.97535,40.68041],[-73.97549,40.68046],[-73.97548,40.68048],[-73.97574,40.68058],[-73.97557,40.68084],[-73.97521,40.6807],[-73.97486,40.68022]]],[[[-73.97451,40.68107],[-73.97459,40.68085],[-73.97498,40.68094],[-73.97553,40.68169],[-73.97485,40.68155],[-73.97494,40.68131],[-73.97475,40.6812],[-73.97478,40.68113],[-73.97451,40.68107]]],[[[-73.97602,40.68182],[-73.97539,40.68094],[-73.97599,40.68117],[-73.97588,40.68133],[-73.97595,40.68138],[-73.97606,40.6812],[-73.97614,40.68123],[-73.97601,40.68143],[-73.97621,40.68158],[-73.97638,40.68165],[-73.9763,40.68177],[-73.97635,40.68179],[-73.97631,40.68184],[-73.97659,40.68195],[-73.97654,40.68202],[-73.97602,40.68182]]],[[[-73.97636,40.68229],[-73.9762,40.68207],[-73.97644,40.68216],[-73.97636,40.68229]]],[[[-73.97683,40.68293],[-73.97649,40.68248],[-73.97665,40.68224],[-73.97686,40.68232],[-73.97674,40.6825],[-73.97687,40.68255],[-73.97685,40.68258],[-73.97695,40.68266],[-73.9771,40.6827],[-73.97725,40.68247],[-73.97744,40.68255],[-73.9771,40.68304],[-73.97683,40.68293]]],[[[-73.97404,40.68239],[-73.97411,40.68219],[-73.97448,40.68227],[-73.97462,40.68188],[-73.97459,40.68181],[-73.97464,40.68169],[-73.97569,40.68191],[-73.97702,40.68374],[-73.97618,40.68342],[-73.97449,40.68305],[-73.97437,40.68276],[-73.97439,40.68246],[-73.97404,40.68239]]],[[[-73.97758,40.68396],[-73.97701,40.68318],[-73.97851,40.68376],[-73.97821,40.6842],[-73.97758,40.68396]]]]}},{"type":"Feature","properties":{"std_name":"Park Slope 5th Avenue","std_geoid":"0","pen":"politicians","std_note":null},"geometry":{"type":"MultiPolygon","coordinates":[[[[-73.99087,40.66318],[-73.99104,40.66302],[-73.99114,40.66308],[-73.9913,40.66292],[-73.99149,40.66303],[-73.99103,40.66346],[-73.99084,40.66334],[-73.99095,40.66323],[-73.99087,40.66318]]],[[[-73.99127,40.66361],[-73.99171,40.66317],[-73.992,40.66334],[-73.99154,40.66378],[-73.99127,40.66361]]],[[[-73.99037,40.66365],[-73.98961,40.6631],[-73.98893,40.66244],[-73.98897,40.6624],[-73.99007,40.66308],[-73.98988,40.66326],[-73.99036,40.66358],[-73.99042,40.66362],[-73.99053,40.66352],[-73.9906,40.66356],[-73.9907,40.66347],[-73.9909,40.6636],[-73.99068,40.66381],[-73.99037,40.66365]]],[[[-73.99092,40.66395],[-73.99114,40.66373],[-73.99128,40.66382],[-73.99106,40.66403],[-73.99092,40.66395]]],[[[-73.98963,40.66428],[-73.98958,40.66426],[-73.98947,40.66438],[-73.98931,40.6643],[-73.98911,40.66453],[-73.98907,40.66452],[-73.98927,40.66428],[-73.98879,40.66404],[-73.9889,40.66391],[-73.98888,40.6639],[-73.98929,40.66351],[-73.99032,40.66415],[-73.98973,40.66484],[-73.9895,40.66473],[-73.98968,40.66452],[-73.98961,40.66449],[-73.98972,40.66437],[-73.9896,40.66431],[-73.98963,40.66428]]],[[[-73.99062,40.66527],[-73.99,40.66496],[-73.99055,40.6643],[-73.99085,40.66448],[-73.99064,40.66469],[-73.99059,40.66467],[-73.99052,40.66474],[-73.99136,40.66517],[-73.99128,40.66526],[-73.99082,40.66504],[-73.99062,40.66527]]],[[[-73.98871,40.66519],[-73.98899,40.66486],[-73.98923,40.66498],[-73.98933,40.66485],[-73.98962,40.66499],[-73.98924,40.66545],[-73.98871,40.66519]]],[[[-73.98989,40.66511],[-73.99018,40.66524],[-73.98998,40.66547],[-73.99006,40.66551],[-73.98986,40.66574],[-73.98949,40.66557],[-73.98989,40.66511]]],[[[-73.98845,40.6659],[-73.98882,40.66546],[-73.98912,40.6656],[-73.98874,40.66605],[-73.98845,40.6659]]],[[[-73.98954,40.66611],[-73.98935,40.66633],[-73.98899,40.66615],[-73.98937,40.6657],[-73.99003,40.66603],[-73.98989,40.66621],[-73.99003,40.66629],[-73.99,40.66633],[-73.98954,40.66611]]],[[[-73.98793,40.6665],[-73.98831,40.66605],[-73.98861,40.66619],[-73.98823,40.66664],[-73.98793,40.6665]]],[[[-73.9885,40.66677],[-73.98888,40.6663],[-73.98917,40.66645],[-73.98881,40.66692],[-73.9885,40.66677]]],[[[-73.98738,40.66704],[-73.98756,40.66683],[-73.98763,40.66686],[-73.98781,40.66665],[-73.9881,40.66679],[-73.98774,40.66722],[-73.98738,40.66704]]],[[[-73.98799,40.66734],[-73.98834,40.66692],[-73.98864,40.66706],[-73.98846,40.66727],[-73.98841,40.66725],[-73.98822,40.66746],[-73.98799,40.66734]]],[[[-73.9873,40.66723],[-73.98762,40.66739],[-73.98723,40.66786],[-73.98696,40.66773],[-73.98721,40.66744],[-73.98715,40.66741],[-73.9873,40.66723]]],[[[-73.98784,40.66751],[-73.98816,40.66764],[-73.98778,40.6681],[-73.98748,40.66795],[-73.98784,40.66751]]],[[[-73.98652,40.66834],[-73.9869,40.66789],[-73.98712,40.668],[-73.98675,40.66846],[-73.98652,40.66834]]],[[[-73.98699,40.66857],[-73.98736,40.66812],[-73.98765,40.66826],[-73.98747,40.66848],[-73.98756,40.66853],[-73.98737,40.66876],[-73.98699,40.66857]]],[[[-73.98625,40.66905],[-73.9853,40.66858],[-73.98548,40.66836],[-73.98613,40.66869],[-73.98632,40.66846],[-73.98662,40.66861],[-73.98625,40.66905]]],[[[-73.98684,40.66871],[-73.98715,40.66885],[-73.9868,40.66928],[-73.98649,40.66912],[-73.98684,40.66871]]],[[[-73.98566,40.66934],[-73.98538,40.6692],[-73.9852,40.66941],[-73.9848,40.66922],[-73.98496,40.66902],[-73.98491,40.66899],[-73.98474,40.66919],[-73.98436,40.66901],[-73.98474,40.66855],[-73.9861,40.66922],[-73.98573,40.66967],[-73.98549,40.66955],[-73.98566,40.66934]]],[[[-73.98688,40.67023],[-73.98598,40.66979],[-73.98635,40.66933],[-73.98756,40.66993],[-73.98736,40.67017],[-73.98706,40.67002],[-73.98688,40.67023]]],[[[-73.98493,40.67011],[-73.98532,40.66967],[-73.9856,40.66981],[-73.98523,40.67025],[-73.98493,40.67011]]],[[[-73.98547,40.67038],[-73.98585,40.66991],[-73.98615,40.67006],[-73.98596,40.67029],[-73.9859,40.67026],[-73.98571,40.67049],[-73.98547,40.67038]]],[[[-73.9844,40.67071],[-73.98461,40.67045],[-73.98471,40.6705],[-73.98487,40.67029],[-73.98512,40.67042],[-73.98474,40.67088],[-73.9844,40.67071]]],[[[-73.98497,40.67097],[-73.98535,40.67052],[-73.98559,40.67064],[-73.98526,40.67104],[-73.98528,40.67104],[-73.98523,40.6711],[-73.98497,40.67097]]],[[[-73.98394,40.67132],[-73.9843,40.67087],[-73.9846,40.67102],[-73.98424,40.67147],[-73.98394,40.67132]]],[[[-73.98447,40.67157],[-73.98483,40.67112],[-73.98513,40.67127],[-73.98476,40.67172],[-73.98447,40.67157]]],[[[-73.98359,40.67169],[-73.98378,40.67146],[-73.98409,40.67161],[-73.9837,40.67208],[-73.98344,40.67195],[-73.98363,40.67172],[-73.98359,40.67169]]],[[[-73.98336,40.67211],[-73.9836,40.67221],[-73.98323,40.67266],[-73.98305,40.67257],[-73.98323,40.67236],[-73.98318,40.67233],[-73.98336,40.67211]]],[[[-73.98521,40.67274],[-73.98498,40.67268],[-73.98394,40.67217],[-73.98433,40.67171],[-73.98616,40.67262],[-73.98578,40.67308],[-73.98525,40.67282],[-73.98521,40.67274]]],[[[-73.98248,40.67318],[-73.98268,40.67294],[-73.98274,40.67297],[-73.98291,40.67276],[-73.9831,40.67285],[-73.98273,40.6733],[-73.98248,40.67318]]],[[[-73.98293,40.67339],[-73.98331,40.67293],[-73.98361,40.67308],[-73.98342,40.67331],[-73.98337,40.67329],[-73.98319,40.67352],[-73.98293,40.67339]]],[[[-73.98347,40.67275],[-73.98384,40.67231],[-73.98491,40.67284],[-73.98499,40.67291],[-73.9851,40.67294],[-73.98599,40.67338],[-73.98563,40.67381],[-73.98347,40.67275]]],[[[-73.98233,40.67331],[-73.98262,40.67343],[-73.98225,40.67389],[-73.98196,40.67375],[-73.98233,40.67331]]],[[[-73.98245,40.67397],[-73.98283,40.67352],[-73.98317,40.67369],[-73.98302,40.67387],[-73.98314,40.67393],[-73.9831,40.67398],[-73.98302,40.67394],[-73.98284,40.67416],[-73.98245,40.67397]]],[[[-73.98144,40.67435],[-73.98183,40.67387],[-73.98212,40.67402],[-73.98173,40.67449],[-73.98144,40.67435]]],[[[-73.98192,40.67459],[-73.98232,40.67412],[-73.98263,40.67427],[-73.98224,40.67475],[-73.98192,40.67459]]],[[[-73.98098,40.67492],[-73.98111,40.67472],[-73.98132,40.67482],[-73.98151,40.67458],[-73.98161,40.67463],[-73.98127,40.67504],[-73.98098,40.67492]]],[[[-73.98148,40.67513],[-73.98181,40.67472],[-73.98211,40.67486],[-73.98182,40.67525],[-73.98148,40.67513]]],[[[-73.98058,40.67557],[-73.98089,40.67509],[-73.98115,40.6752],[-73.98085,40.67567],[-73.98058,40.67557]]],[[[-73.98106,40.67575],[-73.98138,40.67528],[-73.98168,40.67539],[-73.98136,40.67587],[-73.98106,40.67575]]],[[[-73.98013,40.67616],[-73.9804,40.6757],[-73.98073,40.67584],[-73.98043,40.67628],[-73.98013,40.67616]]],[[[-73.98065,40.67637],[-73.98097,40.67591],[-73.98126,40.67603],[-73.98113,40.67622],[-73.98129,40.67628],[-73.98142,40.67609],[-73.9815,40.67612],[-73.98137,40.67631],[-73.98145,40.67634],[-73.9814,40.67641],[-73.98116,40.67632],[-73.98102,40.67651],[-73.98065,40.67637]]],[[[-73.9797,40.67683],[-73.97985,40.67661],[-73.9799,40.67663],[-73.98005,40.6764],[-73.98028,40.67649],[-73.97998,40.67694],[-73.9797,40.67683]]],[[[-73.98021,40.67703],[-73.98051,40.67657],[-73.98083,40.67669],[-73.98067,40.67692],[-73.98062,40.67697],[-73.98056,40.67694],[-73.98044,40.67712],[-73.98021,40.67703]]],[[[-73.97925,40.67746],[-73.9796,40.67699],[-73.97987,40.67709],[-73.97953,40.67758],[-73.97925,40.67746]]],[[[-73.97978,40.67766],[-73.9801,40.67718],[-73.98036,40.67728],[-73.98021,40.67752],[-73.98024,40.67753],[-73.98008,40.67778],[-73.97978,40.67766]]],[[[-73.9789,40.67794],[-73.97913,40.67759],[-73.97945,40.67772],[-73.97905,40.6783],[-73.9788,40.6782],[-73.97896,40.67796],[-73.9789,40.67794]]],[[[-73.97934,40.67829],[-73.97967,40.67781],[-73.97996,40.67792],[-73.97976,40.67821],[-73.9797,40.67818],[-73.97956,40.67838],[-73.97934,40.67829]]],[[[-73.97828,40.67881],[-73.97845,40.67857],[-73.97851,40.6786],[-73.97869,40.67835],[-73.97894,40.67845],[-73.9786,40.67894],[-73.97828,40.67881]]],[[[-73.97793,40.67947],[-73.97811,40.67923],[-73.97789,40.67914],[-73.97805,40.67891],[-73.97852,40.67908],[-73.97818,40.67957],[-73.97793,40.67947]]],[[[-73.97847,40.67956],[-73.97924,40.67844],[-73.97952,40.67856],[-73.97941,40.67873],[-73.97947,40.67875],[-73.97942,40.67883],[-73.97972,40.67895],[-73.97958,40.67918],[-73.97951,40.67915],[-73.9791,40.67979],[-73.97847,40.67956]]],[[[-73.9775,40.6801],[-73.97784,40.67962],[-73.97808,40.67972],[-73.97775,40.6802],[-73.9775,40.6801]]],[[[-73.97805,40.6802],[-73.97838,40.67974],[-73.97875,40.67988],[-73.97858,40.68014],[-73.9785,40.68011],[-73.97836,40.68031],[-73.97805,40.6802]]],[[[-73.9774,40.68026],[-73.97765,40.68035],[-73.97739,40.68074],[-73.97714,40.68065],[-73.9774,40.68026]]],[[[-73.97762,40.68083],[-73.97795,40.68035],[-73.97812,40.68041],[-73.97795,40.68065],[-73.97811,40.68072],[-73.97794,40.68096],[-73.97762,40.68083]]],[[[-73.97665,40.68124],[-73.97682,40.68099],[-73.97689,40.68102],[-73.97705,40.68079],[-73.97729,40.68088],[-73.97697,40.68136],[-73.97665,40.68124]]],[[[-73.97719,40.68146],[-73.97753,40.68098],[-73.97778,40.68108],[-73.97747,40.68157],[-73.97719,40.68146]]],[[[-73.97631,40.68177],[-73.97654,40.6814],[-73.97686,40.68153],[-73.97659,40.68194],[-73.97632,40.68184],[-73.97636,40.68178],[-73.97631,40.68177]]],[[[-73.97678,40.68209],[-73.9771,40.68161],[-73.97734,40.6817],[-73.97718,40.68194],[-73.97724,40.68197],[-73.97708,40.6822],[-73.97678,40.68209]]]]}},{"type":"Feature","properties":{"std_name":"Pitkin Avenue","std_geoid":"0","pen":"politicians","std_note":null},"geometry":{"type":"MultiPolygon","coordinates":[[[[-73.91924,40.66832],[-73.91919,40.6681],[-73.91955,40.66807],[-73.91953,40.668],[-73.91945,40.66801],[-73.9194,40.66781],[-73.91935,40.66781],[-73.9193,40.66761],[-73.91927,40.66762],[-73.91913,40.66708],[-73.91948,40.66703],[-73.9198,40.66825],[-73.91924,40.66832]]],[[[-73.91776,40.66614],[-73.91846,40.66604],[-73.91905,40.66836],[-73.91833,40.66846],[-73.91776,40.66614]]],[[[-73.91737,40.66834],[-73.91805,40.66824],[-73.91811,40.6685],[-73.91743,40.6686],[-73.91737,40.66834]]],[[[-73.91636,40.66848],[-73.91707,40.66837],[-73.91713,40.66863],[-73.91642,40.66873],[-73.91636,40.66848]]],[[[-73.91546,40.66861],[-73.91614,40.66851],[-73.9162,40.66876],[-73.91551,40.66886],[-73.91546,40.66861]]],[[[-73.91487,40.66864],[-73.9152,40.66859],[-73.91529,40.66891],[-73.9146,40.669],[-73.91454,40.66876],[-73.91489,40.66871],[-73.91487,40.66864]]],[[[-73.91368,40.66915],[-73.91347,40.66835],[-73.91382,40.6683],[-73.91396,40.66883],[-73.91431,40.66878],[-73.91438,40.66905],[-73.91368,40.66915]]],[[[-73.91656,40.66923],[-73.9165,40.66897],[-73.9172,40.66885],[-73.91724,40.66912],[-73.91699,40.66916],[-73.91699,40.6692],[-73.91691,40.66921],[-73.9169,40.66918],[-73.91656,40.66923]]],[[[-73.91749,40.66881],[-73.91817,40.6687],[-73.91824,40.66897],[-73.9176,40.66925],[-73.91749,40.66881]]],[[[-73.91263,40.66903],[-73.91334,40.66893],[-73.9134,40.66918],[-73.91269,40.66928],[-73.91263,40.66903]]],[[[-73.91556,40.66909],[-73.91627,40.669],[-73.91632,40.66923],[-73.91562,40.66933],[-73.91556,40.66909]]],[[[-73.91173,40.66942],[-73.91167,40.6692],[-73.91202,40.66915],[-73.91198,40.66902],[-73.91237,40.66897],[-73.91246,40.66931],[-73.91173,40.66942]]],[[[-73.91465,40.66922],[-73.91536,40.66912],[-73.9154,40.6693],[-73.91505,40.66935],[-73.91507,40.66941],[-73.91471,40.66946],[-73.91465,40.66922]]],[[[-73.91084,40.66956],[-73.91055,40.66841],[-73.9109,40.66836],[-73.91093,40.66845],[-73.91127,40.6684],[-73.91131,40.66858],[-73.91097,40.66863],[-73.91098,40.6687],[-73.91117,40.66943],[-73.9115,40.66938],[-73.91153,40.66946],[-73.91084,40.66956]]],[[[-73.91374,40.66937],[-73.91444,40.66926],[-73.9145,40.6695],[-73.9138,40.66961],[-73.91374,40.66937]]],[[[-73.91038,40.66887],[-73.91059,40.66961],[-73.9099,40.6697],[-73.90987,40.66959],[-73.90995,40.66958],[-73.90991,40.66942],[-73.91017,40.66938],[-73.91005,40.66891],[-73.91038,40.66887]]],[[[-73.91344,40.66941],[-73.9135,40.66965],[-73.91281,40.66975],[-73.91275,40.66951],[-73.91344,40.66941]]],[[[-73.9089,40.66957],[-73.90959,40.66947],[-73.90965,40.66974],[-73.90897,40.66984],[-73.9089,40.66957]]],[[[-73.91219,40.66983],[-73.91185,40.66988],[-73.91179,40.66965],[-73.91253,40.66955],[-73.91262,40.66992],[-73.91223,40.66998],[-73.91219,40.66983]]],[[[-73.90805,40.66998],[-73.90799,40.66971],[-73.9085,40.66964],[-73.90853,40.66975],[-73.9087,40.66973],[-73.90874,40.66988],[-73.90805,40.66998]]],[[[-73.90715,40.67011],[-73.9071,40.66989],[-73.90726,40.66988],[-73.90725,40.66982],[-73.90774,40.66976],[-73.9078,40.67002],[-73.90715,40.67011]]],[[[-73.90901,40.67009],[-73.9097,40.66998],[-73.90977,40.67023],[-73.90907,40.67033],[-73.90901,40.67009]]],[[[-73.90808,40.67021],[-73.90879,40.67011],[-73.90886,40.67037],[-73.90815,40.67047],[-73.90808,40.67021]]],[[[-73.90723,40.67034],[-73.90788,40.67025],[-73.90794,40.67051],[-73.90762,40.67056],[-73.90766,40.67069],[-73.90733,40.67074],[-73.90723,40.67034]]],[[[-73.9109,40.66979],[-73.91158,40.66969],[-73.91166,40.67],[-73.91132,40.67005],[-73.9115,40.67078],[-73.91116,40.67083],[-73.9109,40.66979]]],[[[-73.91035,40.67016],[-73.91,40.6702],[-73.90994,40.66994],[-73.91063,40.66985],[-73.9109,40.6709],[-73.91056,40.67095],[-73.91035,40.67016]]]]}},{"type":"Feature","properties":{"std_name":"SoHo Broadway","std_geoid":"0","pen":"politicians","std_note":null},"geometry":{"type":"MultiPolygon","coordinates":[[[[-74.00111,40.71939],[-74.00136,40.7192],[-74.0017,40.71944],[-74.00137,40.71984],[-74.00097,40.71966],[-74.00117,40.71942],[-74.00111,40.71939]]],[[[-74.00157,40.71996],[-74.00189,40.71958],[-74.00205,40.7197],[-74.00195,40.7198],[-74.00209,40.71987],[-74.00189,40.72011],[-74.00157,40.71996]]],[[[-74.00016,40.72021],[-74.0004,40.71993],[-74.00065,40.72004],[-74.0009,40.71975],[-74.00129,40.71993],[-74.00064,40.7207],[-74.00031,40.72055],[-74.00048,40.72036],[-74.00016,40.72021]]],[[[-74.0008,40.72087],[-74.00149,40.72005],[-74.0018,40.7202],[-74.00164,40.72039],[-74.00178,40.72045],[-74.00171,40.72044],[-74.00165,40.72048],[-74.00191,40.7206],[-74.00162,40.72095],[-74.00135,40.72082],[-74.00115,40.72105],[-74.0008,40.72087]]],[[[-73.99969,40.72129],[-73.99937,40.72113],[-73.99947,40.72102],[-73.9998,40.72118],[-74.0,40.72094],[-73.99967,40.72078],[-73.99987,40.72054],[-74.00052,40.72085],[-73.99983,40.72166],[-73.99949,40.72152],[-73.99969,40.72129]]],[[[-74.00002,40.72178],[-74.0007,40.72097],[-74.00135,40.72128],[-74.00114,40.72154],[-74.00083,40.72138],[-74.00077,40.72145],[-74.00108,40.7216],[-74.00066,40.7221],[-74.00002,40.72178]]],[[[-73.99809,40.72265],[-73.99854,40.72212],[-73.99885,40.72227],[-73.99889,40.72223],[-73.99858,40.72208],[-73.99882,40.72179],[-73.99914,40.72193],[-73.99936,40.72167],[-73.99969,40.72181],[-73.99875,40.72293],[-73.99809,40.72265]]],[[[-73.99971,40.7232],[-73.9994,40.72304],[-73.99928,40.72319],[-73.99895,40.72303],[-73.99989,40.72192],[-74.0003,40.72212],[-74.00019,40.72224],[-74.00042,40.72235],[-73.99971,40.7232]]],[[[-73.99707,40.72387],[-73.99778,40.72302],[-73.99802,40.72313],[-73.99826,40.72285],[-73.99867,40.72302],[-73.99773,40.72414],[-73.99707,40.72387]]],[[[-73.99793,40.72425],[-73.99887,40.72314],[-73.99934,40.72337],[-73.99919,40.72355],[-73.99935,40.72363],[-73.99877,40.72432],[-73.99857,40.72422],[-73.99836,40.72446],[-73.99793,40.72425]]],[[[-73.99602,40.72509],[-73.99698,40.72396],[-73.99765,40.72424],[-73.99677,40.72527],[-73.99602,40.72509]]],[[[-73.99703,40.72532],[-73.99785,40.72435],[-73.99848,40.72465],[-73.99766,40.72562],[-73.99703,40.72532]]]]}},{"type":"Feature","properties":{"std_name":"South Shore","std_geoid":"0","pen":"politicians","std_note":null},"geometry":{"type":"MultiPolygon","coordinates":[[[[-74.17617,40.54054],[-74.17593,40.54059],[-74.17577,40.54033],[-74.1761,40.54021],[-74.17614,40.54027],[-74.17654,40.54013],[-74.17617,40.53996],[-74.1772,40.53959],[-74.17714,40.53984],[-74.17716,40.54007],[-74.17728,40.54046],[-74.17633,40.54065],[-74.17617,40.54054]]],[[[-74.17741,40.54055],[-74.17726,40.54012],[-74.17773,40.54016],[-74.17776,40.5404],[-74.17789,40.54045],[-74.17836,40.54036],[-74.17839,40.54032],[-74.18033,40.53995],[-74.18122,40.53974],[-74.18269,40.53931],[-74.18356,40.53901],[-74.18366,40.53922],[-74.18225,40.53968],[-74.1809,40.54005],[-74.17824,40.54057],[-74.17815,40.54054],[-74.17766,40.54063],[-74.17792,40.54075],[-74.17738,40.54084],[-74.17741,40.54055]]],[[[-74.17601,40.54077],[-74.17598,40.5407],[-74.17612,40.54067],[-74.17615,40.54075],[-74.17724,40.54058],[-74.17724,40.54081],[-74.17587,40.54097],[-74.17601,40.54094],[-74.17591,40.54079],[-74.17601,40.54077]]],[[[-74.17843,40.54197],[-74.17819,40.54147],[-74.17805,40.54105],[-74.17806,40.54086],[-74.17816,40.54068],[-74.17902,40.54108],[-74.17888,40.54126],[-74.17913,40.54139],[-74.17902,40.54153],[-74.17861,40.54131],[-74.17867,40.54148],[-74.17863,40.54149],[-74.17876,40.54175],[-74.17879,40.54175],[-74.1788,40.54178],[-74.17874,40.54186],[-74.17843,40.54197]]],[[[-74.17756,40.54121],[-74.17766,40.54122],[-74.17774,40.54128],[-74.17807,40.54203],[-74.17781,40.54211],[-74.17785,40.54236],[-74.1775,40.54233],[-74.17754,40.54202],[-74.17747,40.54167],[-74.17755,40.54166],[-74.17748,40.54127],[-74.17756,40.54121]]],[[[-74.17849,40.54207],[-74.17886,40.54191],[-74.17917,40.54207],[-74.17904,40.54216],[-74.17928,40.54244],[-74.17909,40.54262],[-74.17897,40.54263],[-74.17889,40.54259],[-74.17849,40.54207]]],[[[-74.17701,40.54175],[-74.17678,40.54131],[-74.17693,40.54128],[-74.17685,40.54096],[-74.17728,40.54091],[-74.17724,40.5413],[-74.1773,40.54158],[-74.17734,40.54157],[-74.1774,40.54179],[-74.17743,40.54229],[-74.17739,40.54251],[-74.17724,40.54281],[-74.17666,40.54185],[-74.17701,40.54175]]],[[[-74.1643,40.5432],[-74.1633,40.54214],[-74.16273,40.54154],[-74.16304,40.54141],[-74.16325,40.54163],[-74.1635,40.54149],[-74.16404,40.54205],[-74.16376,40.5422],[-74.16378,40.54222],[-74.16382,40.5422],[-74.16399,40.54236],[-74.16423,40.54224],[-74.1643,40.54232],[-74.16388,40.54255],[-74.16399,40.54267],[-74.16441,40.54243],[-74.16466,40.5427],[-74.1643,40.5432]]],[[[-74.16587,40.54186],[-74.16607,40.54175],[-74.16611,40.54192],[-74.16589,40.54194],[-74.16594,40.5422],[-74.16581,40.54229],[-74.16595,40.54239],[-74.16548,40.54277],[-74.1659,40.54306],[-74.1657,40.54319],[-74.16575,40.54323],[-74.16484,40.54369],[-74.16439,40.5433],[-74.16493,40.54263],[-74.16587,40.54186]]],[[[-74.16352,40.5437],[-74.16347,40.54365],[-74.16187,40.54203],[-74.16253,40.54166],[-74.16413,40.54338],[-74.16352,40.5437]]],[[[-74.1655,40.54428],[-74.16545,40.54423],[-74.1654,40.54427],[-74.1652,40.5441],[-74.16526,40.54407],[-74.16496,40.54381],[-74.16538,40.54359],[-74.16572,40.54384],[-74.16742,40.543],[-74.16894,40.54241],[-74.17071,40.54186],[-74.17097,40.54198],[-74.16996,40.54226],[-74.16997,40.54232],[-74.16858,40.54279],[-74.16763,40.54317],[-74.16768,40.54328],[-74.16959,40.54246],[-74.16997,40.54234],[-74.16997,40.54241],[-74.16963,40.54252],[-74.1677,40.54334],[-74.16786,40.54372],[-74.16666,40.544],[-74.16677,40.54427],[-74.1656,40.54454],[-74.1655,40.54428]]],[[[-74.16566,40.5447],[-74.16615,40.54458],[-74.16626,40.54485],[-74.16609,40.54489],[-74.1662,40.54516],[-74.16586,40.54528],[-74.16566,40.5447]]],[[[-74.1651,40.54558],[-74.16508,40.54551],[-74.16466,40.54557],[-74.16458,40.5452],[-74.16458,40.54508],[-74.16466,40.54492],[-74.16531,40.54458],[-74.1656,40.54538],[-74.1651,40.54558]]],[[[-74.15933,40.54592],[-74.15908,40.54543],[-74.15961,40.54508],[-74.15959,40.54505],[-74.16073,40.54435],[-74.16182,40.54407],[-74.16326,40.54385],[-74.16007,40.54557],[-74.16004,40.54553],[-74.15933,40.54592]]],[[[-74.15861,40.54562],[-74.1589,40.54546],[-74.15916,40.54598],[-74.15895,40.54608],[-74.15891,40.54593],[-74.15861,40.54562]]],[[[-74.15898,40.54633],[-74.15921,40.54621],[-74.15923,40.54629],[-74.15926,40.54644],[-74.1592,40.54657],[-74.15909,40.54666],[-74.15898,40.54633]]],[[[-74.15764,40.54701],[-74.15877,40.54643],[-74.15886,40.5468],[-74.15864,40.54686],[-74.15764,40.54701]]],[[[-74.15673,40.54661],[-74.1585,40.54583],[-74.15863,40.54601],[-74.1587,40.54621],[-74.15706,40.54704],[-74.15673,40.54661]]],[[[-74.15936,40.54609],[-74.16358,40.54382],[-74.16381,40.54404],[-74.16387,40.54401],[-74.16393,40.54406],[-74.16397,40.54404],[-74.16368,40.54377],[-74.16424,40.54347],[-74.16505,40.54421],[-74.16508,40.5442],[-74.16525,40.54435],[-74.16522,40.54436],[-74.16526,40.54441],[-74.16437,40.54488],[-74.16457,40.54466],[-74.15944,40.5473],[-74.15909,40.54686],[-74.15939,40.54663],[-74.15944,40.54651],[-74.15936,40.54609]]],[[[-74.15869,40.54697],[-74.15898,40.54689],[-74.15922,40.5472],[-74.1576,40.54806],[-74.1572,40.54724],[-74.15787,40.54707],[-74.15869,40.54697]]],[[[-74.15272,40.54933],[-74.15255,40.54877],[-74.15291,40.54872],[-74.15298,40.54898],[-74.15324,40.54894],[-74.15331,40.54922],[-74.15272,40.54933]]],[[[-74.15139,40.54901],[-74.15133,40.54883],[-74.15171,40.54877],[-74.15176,40.54891],[-74.15238,40.54881],[-74.15252,40.54934],[-74.1518,40.54936],[-74.15154,40.5494],[-74.15123,40.54952],[-74.1509,40.54977],[-74.15086,40.54976],[-74.1507,40.5491],[-74.15121,40.54905],[-74.15139,40.54901]]],[[[-74.15324,40.54937],[-74.15356,40.54926],[-74.15377,40.54982],[-74.15297,40.55023],[-74.15277,40.54944],[-74.15324,40.54937]]],[[[-74.15193,40.54948],[-74.15259,40.54946],[-74.15272,40.54999],[-74.15236,40.55019],[-74.15214,40.55027],[-74.15196,40.54983],[-74.15193,40.54948]]],[[[-74.15146,40.54954],[-74.15175,40.54948],[-74.15179,40.54984],[-74.15196,40.55031],[-74.15177,40.55037],[-74.15137,40.55058],[-74.15093,40.54995],[-74.15105,40.5498],[-74.1513,40.54962],[-74.15146,40.54954]]],[[[-74.14982,40.54943],[-74.15058,40.5492],[-74.15075,40.54994],[-74.15056,40.55027],[-74.15005,40.55079],[-74.14981,40.55032],[-74.15018,40.5502],[-74.15004,40.55003],[-74.14992,40.5498],[-74.15,40.54978],[-74.14982,40.54943]]],[[[-74.15251,40.5503],[-74.15277,40.55016],[-74.15283,40.55042],[-74.15213,40.5507],[-74.15176,40.55092],[-74.15158,40.55065],[-74.15193,40.55048],[-74.15251,40.5503]]],[[[-74.14944,40.55063],[-74.14981,40.55051],[-74.14998,40.55085],[-74.14976,40.55104],[-74.14944,40.55063]]],[[[-74.15079,40.5502],[-74.15125,40.55088],[-74.1504,40.55122],[-74.15025,40.55082],[-74.15079,40.5502]]],[[[-74.14811,40.55132],[-74.14859,40.55118],[-74.14862,40.55121],[-74.14894,40.55111],[-74.1489,40.55103],[-74.14944,40.55088],[-74.14963,40.55115],[-74.14927,40.55141],[-74.1489,40.55159],[-74.14821,40.55159],[-74.14811,40.55132]]],[[[-74.15072,40.55186],[-74.15066,40.55173],[-74.15063,40.55174],[-74.15046,40.55135],[-74.15127,40.55102],[-74.15136,40.55116],[-74.15127,40.55119],[-74.15129,40.55122],[-74.15142,40.55116],[-74.15389,40.54992],[-74.15398,40.55014],[-74.15167,40.55131],[-74.15097,40.55162],[-74.15104,40.55178],[-74.15072,40.55186]],[[-74.15119,40.55126],[-74.15118,40.55123],[-74.15108,40.55127],[-74.15109,40.5513],[-74.15119,40.55126]]],[[[-74.14803,40.55241],[-74.14795,40.55222],[-74.14758,40.55227],[-74.1476,40.55169],[-74.1488,40.5517],[-74.14898,40.55167],[-74.14921,40.55157],[-74.14935,40.55182],[-74.14967,40.55166],[-74.14963,40.55161],[-74.14959,40.55167],[-74.14936,40.55178],[-74.14923,40.55156],[-74.14951,40.55141],[-74.15013,40.55092],[-74.15049,40.55178],[-74.14943,40.55211],[-74.14864,40.55231],[-74.14803,40.55241]]]]}},{"type":"Feature","properties":{"std_name":"Southern Boulevard","std_geoid":"0","pen":"politicians","std_note":null},"geometry":{"type":"MultiPolygon","coordinates":[[[[-73.89197,40.82076],[-73.89233,40.8203],[-73.89292,40.82065],[-73.89272,40.82084],[-73.89199,40.82082],[-73.89197,40.82076]]],[[[-73.89122,40.82298],[-73.8912,40.8227],[-73.89105,40.82271],[-73.89101,40.82205],[-73.89091,40.82205],[-73.8909,40.82188],[-73.89101,40.82188],[-73.891,40.8218],[-73.89082,40.82181],[-73.8908,40.82141],[-73.89045,40.82142],[-73.89043,40.82111],[-73.89121,40.82111],[-73.89137,40.82117],[-73.89146,40.82126],[-73.89149,40.82137],[-73.89158,40.82296],[-73.89122,40.82298]]],[[[-73.89339,40.82323],[-73.89377,40.82321],[-73.89378,40.8235],[-73.89307,40.8239],[-73.89303,40.82345],[-73.89328,40.82344],[-73.8934,40.82338],[-73.89339,40.82323]]],[[[-73.89209,40.82443],[-73.89183,40.82125],[-73.89187,40.82117],[-73.89196,40.82112],[-73.89232,40.82111],[-73.89239,40.82249],[-73.89242,40.82249],[-73.89246,40.82381],[-73.89284,40.8238],[-73.89285,40.82402],[-73.89209,40.82443]]],[[[-73.89334,40.82412],[-73.89369,40.8241],[-73.89371,40.82437],[-73.89334,40.82437],[-73.89334,40.82444],[-73.89306,40.82444],[-73.89306,40.82428],[-73.89322,40.82419],[-73.89334,40.82412]]],[[[-73.89128,40.82406],[-73.89128,40.8239],[-73.89064,40.82392],[-73.89064,40.82387],[-73.89098,40.82385],[-73.89096,40.82358],[-73.89099,40.82358],[-73.89098,40.8235],[-73.89128,40.82348],[-73.89126,40.8232],[-73.89166,40.82318],[-73.89172,40.82458],[-73.89097,40.82497],[-73.89096,40.82468],[-73.89103,40.82467],[-73.89111,40.82456],[-73.89108,40.82407],[-73.89128,40.82406]]],[[[-73.89164,40.82644],[-73.89138,40.82644],[-73.89139,40.82551],[-73.89131,40.8255],[-73.89175,40.825],[-73.89173,40.82669],[-73.89165,40.82669],[-73.89164,40.82644]]],[[[-73.89208,40.82477],[-73.89284,40.82438],[-73.89284,40.82472],[-73.89245,40.82472],[-73.89245,40.8267],[-73.89211,40.8267],[-73.89208,40.82477]]]]}},{"type":"Feature","properties":{"std_name":"Steinway Street","std_geoid":"0","pen":"politicians","std_note":null},"geometry":{"type":"MultiPolygon","coordinates":[[[[-73.92055,40.7564],[-73.92163,40.75505],[-73.92192,40.75519],[-73.92083,40.75653],[-73.92055,40.7564]]],[[[-73.92108,40.75664],[-73.92218,40.7553],[-73.92245,40.75543],[-73.92199,40.75599],[-73.92229,40.75613],[-73.92196,40.75653],[-73.92166,40.75639],[-73.92152,40.75657],[-73.92182,40.7567],[-73.92164,40.75691],[-73.92108,40.75664]]],[[[-73.91887,40.75846],[-73.91999,40.75708],[-73.91971,40.75694],[-73.9201,40.75647],[-73.92067,40.75674],[-73.91895,40.75884],[-73.91878,40.75876],[-73.91898,40.75851],[-73.91887,40.75846]]],[[[-73.9192,40.75894],[-73.9209,40.75685],[-73.92117,40.75697],[-73.91966,40.75884],[-73.91951,40.75877],[-73.91932,40.759],[-73.9192,40.75894]]],[[[-73.91669,40.76102],[-73.91688,40.76079],[-73.91696,40.76082],[-73.91834,40.75913],[-73.91849,40.75921],[-73.91868,40.75898],[-73.9188,40.75903],[-73.91704,40.76118],[-73.91669,40.76102]]],[[[-73.91728,40.7613],[-73.91903,40.75915],[-73.91928,40.75927],[-73.91909,40.7595],[-73.91912,40.75951],[-73.9183,40.7605],[-73.91836,40.76053],[-73.91813,40.76081],[-73.91807,40.76078],[-73.91775,40.76119],[-73.91789,40.76126],[-73.91771,40.7615],[-73.91728,40.7613]]],[[[-73.91531,40.7627],[-73.91525,40.76237],[-73.91527,40.76234],[-73.91558,40.76249],[-73.91568,40.76237],[-73.91537,40.76223],[-73.91546,40.76212],[-73.91577,40.76226],[-73.91644,40.76147],[-73.91613,40.76132],[-73.91632,40.76111],[-73.9169,40.76138],[-73.915,40.76369],[-73.91496,40.76368],[-73.91531,40.7627]]],[[[-73.91522,40.76382],[-73.91711,40.76151],[-73.91738,40.76164],[-73.91714,40.76194],[-73.91744,40.76209],[-73.91734,40.7622],[-73.91705,40.76206],[-73.91563,40.76377],[-73.91547,40.7637],[-73.91534,40.76387],[-73.91522,40.76382]]],[[[-73.91339,40.7652],[-73.91451,40.76383],[-73.91481,40.76396],[-73.91368,40.76533],[-73.91339,40.7652]]],[[[-73.91407,40.76552],[-73.91389,40.76544],[-73.91504,40.76406],[-73.91564,40.76431],[-73.91544,40.76455],[-73.91514,40.76442],[-73.91423,40.76552],[-73.91411,40.76547],[-73.91407,40.76552]]]]}},{"type":"Feature","properties":{"std_name":"Sunnyside Shines","std_geoid":"0","pen":"politicians","std_note":null},"geometry":{"type":"MultiPolygon","coordinates":[[[[-73.92217,40.74071],[-73.92225,40.7403],[-73.92263,40.74034],[-73.92259,40.74053],[-73.92217,40.74071]]],[[[-73.9211,40.74118],[-73.92117,40.74084],[-73.9215,40.74089],[-73.92155,40.74067],[-73.92189,40.74071],[-73.92186,40.74086],[-73.9211,40.74118]]],[[[-73.92015,40.74117],[-73.92021,40.7409],[-73.92092,40.74099],[-73.92086,40.74126],[-73.92015,40.74117]]],[[[-73.92133,40.74132],[-73.92181,40.7411],[-73.92176,40.74137],[-73.92133,40.74132]]],[[[-73.92213,40.74094],[-73.92289,40.74061],[-73.9227,40.74147],[-73.92203,40.74138],[-73.92213,40.74094]]],[[[-73.92007,40.74165],[-73.92013,40.74139],[-73.92054,40.74144],[-73.92007,40.74165]]],[[[-73.921,40.74176],[-73.92105,40.74149],[-73.92172,40.74158],[-73.92166,40.74185],[-73.921,40.74176]]],[[[-73.91903,40.74205],[-73.91912,40.74156],[-73.91984,40.74164],[-73.91981,40.74175],[-73.91939,40.74194],[-73.91903,40.74205]]],[[[-73.91802,40.74237],[-73.91807,40.7421],[-73.91842,40.74211],[-73.91846,40.74194],[-73.91883,40.74198],[-73.9188,40.74213],[-73.91802,40.74237]]],[[[-73.91515,40.74249],[-73.9152,40.74222],[-73.91591,40.7423],[-73.91586,40.74258],[-73.91515,40.74249]]],[[[-73.91608,40.74258],[-73.91613,40.74232],[-73.91681,40.7424],[-73.91675,40.74266],[-73.91608,40.74258]]],[[[-73.91705,40.74269],[-73.91711,40.74236],[-73.91718,40.74237],[-73.91718,40.7424],[-73.91744,40.74232],[-73.91744,40.74224],[-73.91752,40.74225],[-73.9175,40.74213],[-73.91761,40.74215],[-73.9176,40.74218],[-73.91783,40.74219],[-73.91778,40.74243],[-73.91705,40.74269]]],[[[-73.91745,40.74275],[-73.91773,40.74266],[-73.9177,40.74278],[-73.91745,40.74275]]],[[[-73.91797,40.74259],[-73.91875,40.74235],[-73.91863,40.74289],[-73.91793,40.7428],[-73.91797,40.74259]]],[[[-73.91898,40.74227],[-73.91978,40.74199],[-73.91972,40.74226],[-73.91938,40.74222],[-73.91923,40.74266],[-73.91962,40.7427],[-73.91956,40.743],[-73.91886,40.74292],[-73.91898,40.74227]]],[[[-73.91593,40.74299],[-73.91597,40.74279],[-73.91649,40.74285],[-73.91603,40.743],[-73.91593,40.74299]]],[[[-73.92082,40.74155],[-73.92076,40.74188],[-73.92035,40.74205],[-73.92026,40.74253],[-73.92033,40.74253],[-73.92028,40.7428],[-73.92056,40.74284],[-73.9205,40.74311],[-73.9198,40.74302],[-73.92001,40.74189],[-73.92082,40.74155]]],[[[-73.92071,40.74311],[-73.92077,40.74284],[-73.92144,40.74293],[-73.92138,40.7432],[-73.92071,40.74311]]],[[[-73.92168,40.74323],[-73.92174,40.74296],[-73.92207,40.743],[-73.92211,40.74283],[-73.92244,40.74288],[-73.92235,40.74331],[-73.92168,40.74323]]],[[[-73.91499,40.74331],[-73.91506,40.74303],[-73.91569,40.7431],[-73.91499,40.74331]]],[[[-73.92257,40.74333],[-73.92262,40.74306],[-73.92333,40.74315],[-73.92327,40.74342],[-73.92257,40.74333]]],[[[-73.91597,40.74323],[-73.91618,40.74315],[-73.91667,40.74321],[-73.91661,40.74348],[-73.91593,40.74341],[-73.91597,40.74323]]],[[[-73.92349,40.74345],[-73.92355,40.74318],[-73.92426,40.74327],[-73.92421,40.74353],[-73.92349,40.74345]]],[[[-73.91687,40.74352],[-73.91693,40.74325],[-73.91761,40.74333],[-73.91755,40.7436],[-73.91687,40.74352]]],[[[-73.92442,40.74355],[-73.9245,40.74315],[-73.92521,40.74324],[-73.92513,40.74364],[-73.92442,40.74355]]],[[[-73.91781,40.74347],[-73.91784,40.74334],[-73.91854,40.74343],[-73.91849,40.7437],[-73.91808,40.74365],[-73.91811,40.7435],[-73.91781,40.74347]]],[[[-73.92535,40.74366],[-73.92541,40.7434],[-73.92576,40.74344],[-73.92582,40.74317],[-73.92617,40.74321],[-73.92606,40.74375],[-73.92535,40.74366]]],[[[-73.91871,40.74374],[-73.91878,40.74347],[-73.91947,40.74355],[-73.91941,40.74383],[-73.91871,40.74374]]],[[[-73.92635,40.74377],[-73.92651,40.74297],[-73.92715,40.74305],[-73.92698,40.74385],[-73.92635,40.74377]]],[[[-73.9196,40.74396],[-73.91968,40.74357],[-73.92039,40.74366],[-73.92035,40.74388],[-73.91999,40.74384],[-73.91995,40.74401],[-73.9196,40.74396]]],[[[-73.92057,40.74394],[-73.92063,40.74367],[-73.92129,40.74376],[-73.92123,40.74403],[-73.92057,40.74394]]],[[[-73.92239,40.74416],[-73.92245,40.74389],[-73.92317,40.74398],[-73.92311,40.74424],[-73.92239,40.74416]]],[[[-73.92145,40.74429],[-73.92156,40.74378],[-73.92223,40.74386],[-73.9222,40.744],[-73.92185,40.74395],[-73.92177,40.74433],[-73.92145,40.74429]]],[[[-73.9234,40.74401],[-73.92411,40.74409],[-73.92405,40.74436],[-73.92335,40.74426],[-73.9234,40.74401]]],[[[-73.92498,40.74444],[-73.92427,40.74436],[-73.92432,40.7441],[-73.92503,40.7442],[-73.92498,40.74444]]],[[[-73.92519,40.74447],[-73.92524,40.74423],[-73.92595,40.74431],[-73.92575,40.74532],[-73.92539,40.74527],[-73.92554,40.74451],[-73.92519,40.74447]]],[[[-73.92604,40.74534],[-73.92624,40.74433],[-73.92688,40.74441],[-73.92675,40.74501],[-73.9264,40.74496],[-73.92632,40.74538],[-73.92604,40.74534]]]]}},{"type":"Feature","properties":{"std_name":"Sunset Park","std_geoid":"0","pen":"politicians","std_note":null},"geometry":{"type":"MultiPolygon","coordinates":[[[[-74.01715,40.63721],[-74.01755,40.63681],[-74.0183,40.63707],[-74.01841,40.63714],[-74.01789,40.63765],[-74.01715,40.63721]]],[[[-74.01812,40.63779],[-74.01856,40.63737],[-74.01884,40.63754],[-74.01839,40.63796],[-74.01812,40.63779]]],[[[-74.01702,40.63804],[-74.01746,40.63762],[-74.01774,40.63779],[-74.0173,40.63821],[-74.01702,40.63804]]],[[[-74.01753,40.63835],[-74.01797,40.63793],[-74.0182,40.63807],[-74.01802,40.63824],[-74.01807,40.63827],[-74.01781,40.63852],[-74.01753,40.63835]]],[[[-74.01644,40.6386],[-74.01687,40.63818],[-74.01715,40.63835],[-74.01672,40.63877],[-74.01644,40.6386]]],[[[-74.0174,40.63848],[-74.01768,40.63866],[-74.01724,40.63908],[-74.01696,40.63891],[-74.0174,40.63848]]],[[[-74.01607,40.63895],[-74.01629,40.63874],[-74.01657,40.63891],[-74.01613,40.63933],[-74.01591,40.63919],[-74.01613,40.63898],[-74.01607,40.63895]]],[[[-74.0168,40.63906],[-74.01709,40.63922],[-74.01665,40.63964],[-74.01637,40.63947],[-74.0168,40.63906]]],[[[-74.01355,40.63875],[-74.01399,40.63832],[-74.01594,40.63951],[-74.01551,40.63993],[-74.01355,40.63875]]],[[[-74.01618,40.63965],[-74.01648,40.63981],[-74.01604,40.64024],[-74.01576,40.64007],[-74.01618,40.63965]]],[[[-74.01509,40.63991],[-74.01538,40.64007],[-74.01493,40.64049],[-74.01465,40.64032],[-74.01509,40.63991]]],[[[-74.01516,40.64063],[-74.01561,40.6402],[-74.01589,40.64037],[-74.01544,40.6408],[-74.01516,40.64063]]],[[[-74.0145,40.64047],[-74.01479,40.64063],[-74.01435,40.64105],[-74.01407,40.64088],[-74.0145,40.64047]]],[[[-74.0146,40.6412],[-74.01502,40.64077],[-74.01531,40.64095],[-74.01488,40.64136],[-74.0146,40.6412]]],[[[-74.01349,40.64144],[-74.01379,40.64116],[-74.01384,40.64119],[-74.01398,40.64106],[-74.01421,40.64119],[-74.01377,40.64162],[-74.01349,40.64144]]],[[[-74.014,40.64174],[-74.01445,40.64132],[-74.01468,40.64146],[-74.01451,40.64161],[-74.01457,40.64165],[-74.01428,40.64192],[-74.014,40.64174]]],[[[-74.01333,40.64159],[-74.01362,40.64175],[-74.0132,40.64218],[-74.01296,40.64204],[-74.01301,40.64199],[-74.01296,40.64196],[-74.01333,40.64159]]],[[[-74.01342,40.64231],[-74.01387,40.64189],[-74.01415,40.64206],[-74.0137,40.64249],[-74.01342,40.64231]]],[[[-74.0123,40.64255],[-74.01251,40.64234],[-74.01257,40.64238],[-74.01279,40.64216],[-74.01304,40.64231],[-74.01262,40.64274],[-74.0123,40.64255]]],[[[-74.01284,40.64287],[-74.01327,40.64245],[-74.0135,40.64259],[-74.01328,40.6428],[-74.01334,40.64283],[-74.01312,40.64304],[-74.01284,40.64287]]],[[[-74.0118,40.64281],[-74.01203,40.64259],[-74.01248,40.64288],[-74.01203,40.64331],[-74.01162,40.64306],[-74.01185,40.64284],[-74.0118,40.64281]]],[[[-74.01225,40.64345],[-74.01269,40.64302],[-74.01303,40.64322],[-74.01281,40.64343],[-74.01275,40.6434],[-74.01253,40.64361],[-74.01225,40.64345]]],[[[-74.01115,40.64369],[-74.01138,40.64348],[-74.01144,40.64352],[-74.01166,40.6433],[-74.01188,40.64343],[-74.01144,40.64387],[-74.01115,40.64369]]],[[[-74.01168,40.644],[-74.01211,40.64357],[-74.01257,40.64384],[-74.01235,40.64405],[-74.01218,40.64395],[-74.01196,40.64417],[-74.01168,40.644]]],[[[-74.01058,40.64425],[-74.01102,40.64383],[-74.0113,40.644],[-74.01086,40.64441],[-74.01058,40.64425]]],[[[-74.0111,40.64454],[-74.01152,40.64414],[-74.0118,40.6443],[-74.01138,40.64471],[-74.0111,40.64454]]],[[[-74.01044,40.64438],[-74.01072,40.64454],[-74.01027,40.64498],[-74.00999,40.64481],[-74.01044,40.64438]]],[[[-74.01095,40.64469],[-74.01124,40.64486],[-74.01079,40.64529],[-74.01051,40.64512],[-74.01095,40.64469]]],[[[-74.0097,40.6451],[-74.00985,40.64495],[-74.01013,40.64511],[-74.00969,40.64554],[-74.00944,40.64539],[-74.00973,40.64511],[-74.0097,40.6451]]],[[[-74.01036,40.64524],[-74.01065,40.64541],[-74.0102,40.64585],[-74.00992,40.64568],[-74.01036,40.64524]]],[[[-74.00888,40.64597],[-74.00933,40.64554],[-74.00955,40.64568],[-74.0091,40.6461],[-74.00888,40.64597]]],[[[-74.00978,40.64582],[-74.01007,40.64598],[-74.00964,40.64639],[-74.00936,40.64622],[-74.00978,40.64582]]],[[[-74.00826,40.6465],[-74.00853,40.64622],[-74.00859,40.64626],[-74.00875,40.64609],[-74.00898,40.64623],[-74.00855,40.64667],[-74.00826,40.6465]]],[[[-74.00877,40.64679],[-74.00921,40.64637],[-74.00942,40.6465],[-74.00927,40.64666],[-74.00932,40.6467],[-74.00904,40.64696],[-74.00877,40.64679]]],[[[-74.00766,40.64706],[-74.00812,40.64662],[-74.0084,40.64679],[-74.00794,40.64723],[-74.00766,40.64706]]],[[[-74.00818,40.64735],[-74.00862,40.64693],[-74.0089,40.6471],[-74.00846,40.64752],[-74.00818,40.64735]]],[[[-74.00713,40.64764],[-74.00737,40.64743],[-74.0073,40.64739],[-74.00751,40.64719],[-74.0078,40.64737],[-74.00735,40.64777],[-74.00713,40.64764]]],[[[-74.00804,40.64749],[-74.00832,40.64766],[-74.00787,40.64808],[-74.0076,40.64791],[-74.00804,40.64749]]],[[[-74.00692,40.64775],[-74.0072,40.64792],[-74.00677,40.64833],[-74.00649,40.64816],[-74.00692,40.64775]]],[[[-74.00702,40.64846],[-74.00746,40.64805],[-74.00768,40.64818],[-74.00746,40.6484],[-74.00752,40.64843],[-74.0073,40.64864],[-74.00702,40.64846]]],[[[-74.00645,40.64901],[-74.00689,40.64859],[-74.00717,40.64877],[-74.00673,40.64918],[-74.00645,40.64901]]],[[[-74.00628,40.64918],[-74.00651,40.64931],[-74.00607,40.64974],[-74.00585,40.6496],[-74.00628,40.64918]]],[[[-74.00086,40.64752],[-74.00245,40.64597],[-74.00664,40.6485],[-74.00504,40.65004],[-74.00086,40.64752]]],[[[-74.00525,40.65016],[-74.0057,40.64973],[-74.00598,40.64991],[-74.00554,40.65034],[-74.00525,40.65016]]],[[[-74.00423,40.65045],[-74.00466,40.65002],[-74.00488,40.65015],[-74.00445,40.65058],[-74.00423,40.65045]]],[[[-74.00468,40.65072],[-74.00514,40.6503],[-74.00541,40.65046],[-74.00495,40.65088],[-74.00468,40.65072]]],[[[-74.00358,40.65098],[-74.00403,40.65055],[-74.00431,40.65071],[-74.00387,40.65115],[-74.00358,40.65098]]],[[[-74.00411,40.65126],[-74.00455,40.65086],[-74.00481,40.65101],[-74.00439,40.65144],[-74.00411,40.65126]]],[[[-74.00327,40.65115],[-74.00338,40.65104],[-74.00373,40.65126],[-74.0035,40.65147],[-74.00322,40.6513],[-74.00334,40.65119],[-74.00327,40.65115]]],[[[-74.00395,40.65141],[-74.00418,40.65155],[-74.00396,40.65177],[-74.00373,40.65163],[-74.00395,40.65141]]]]}},{"type":"Feature","properties":{"std_name":"Westchester Square","std_geoid":"0","pen":"politicians","std_note":null},"geometry":{"type":"MultiPolygon","coordinates":[[[[-73.84255,40.83921],[-73.84315,40.83872],[-73.84372,40.83907],[-73.84305,40.83963],[-73.84255,40.83921]]],[[[-73.84267,40.83984],[-73.84253,40.83975],[-73.84268,40.83964],[-73.84286,40.83979],[-73.84255,40.84004],[-73.84248,40.83998],[-73.84267,40.83984]]],[[[-73.84356,40.83972],[-73.84368,40.83952],[-73.84421,40.83991],[-73.84388,40.84017],[-73.84387,40.84042],[-73.84351,40.84042],[-73.84351,40.83989],[-73.84356,40.83972]]],[[[-73.8405,40.8406],[-73.84045,40.84021],[-73.84086,40.8403],[-73.84087,40.84027],[-73.84152,40.84009],[-73.84185,40.84025],[-73.84222,40.83997],[-73.84243,40.84014],[-73.84221,40.84033],[-73.8405,40.8406]]],[[[-73.84209,40.84112],[-73.84179,40.84106],[-73.84172,40.84113],[-73.84164,40.84103],[-73.84202,40.84083],[-73.84263,40.84117],[-73.84219,40.84135],[-73.842,40.84119],[-73.84209,40.84112]]],[[[-73.84349,40.84061],[-73.84385,40.84061],[-73.84444,40.84104],[-73.84431,40.84115],[-73.84457,40.84133],[-73.844,40.84181],[-73.84373,40.8416],[-73.84356,40.84133],[-73.8435,40.84114],[-73.84349,40.84061]]],[[[-73.84354,40.84245],[-73.84307,40.84203],[-73.84253,40.84231],[-73.84244,40.84217],[-73.84271,40.84203],[-73.84229,40.84143],[-73.84275,40.84124],[-73.84295,40.84136],[-73.84333,40.84168],[-73.84348,40.84188],[-73.84392,40.84225],[-73.84354,40.84245]]],[[[-73.84597,40.84263],[-73.84448,40.84201],[-73.84418,40.84189],[-73.8446,40.84154],[-73.84486,40.84172],[-73.84474,40.84182],[-73.84517,40.84199],[-73.84515,40.842],[-73.84549,40.84213],[-73.84552,40.84212],[-73.84584,40.84236],[-73.84603,40.84221],[-73.84628,40.84239],[-73.84597,40.84263]]],[[[-73.84829,40.8427],[-73.84841,40.8426],[-73.84853,40.84268],[-73.84859,40.84263],[-73.84865,40.84268],[-73.84884,40.84253],[-73.84923,40.84282],[-73.84855,40.84289],[-73.84829,40.8427]]],[[[-73.8442,40.84299],[-73.84396,40.84272],[-73.84383,40.84281],[-73.84363,40.84259],[-73.84407,40.84236],[-73.84425,40.84251],[-73.84452,40.84283],[-73.8442,40.84299]]],[[[-73.84735,40.84299],[-73.84761,40.84279],[-73.84783,40.84295],[-73.84808,40.84276],[-73.84825,40.84288],[-73.84818,40.84294],[-73.84739,40.84302],[-73.84735,40.84299]]],[[[-73.84614,40.84273],[-73.84642,40.84251],[-73.84707,40.84299],[-73.84697,40.84306],[-73.84669,40.84303],[-73.84614,40.84273]]],[[[-73.8445,40.84238],[-73.84455,40.84235],[-73.84574,40.84284],[-73.84524,40.84323],[-73.8445,40.84238]]],[[[-73.84443,40.84303],[-73.84461,40.84294],[-73.845,40.84339],[-73.84469,40.84355],[-73.8445,40.84333],[-73.84461,40.84327],[-73.84452,40.84315],[-73.84454,40.84314],[-73.84443,40.84303]]],[[[-73.84825,40.84319],[-73.84992,40.843],[-73.84996,40.84319],[-73.84957,40.84323],[-73.84968,40.84361],[-73.8485,40.84381],[-73.84825,40.84319]]],[[[-73.84481,40.84367],[-73.84511,40.84351],[-73.84553,40.84396],[-73.84522,40.84412],[-73.84481,40.84367]]],[[[-73.84628,40.84434],[-73.84535,40.84335],[-73.84589,40.84293],[-73.84633,40.84319],[-73.84667,40.8433],[-73.84695,40.84333],[-73.84765,40.84326],[-73.84768,40.84329],[-73.84726,40.84361],[-73.847,40.84341],[-73.84648,40.84379],[-73.84674,40.844],[-73.84628,40.84434]]],[[[-73.84532,40.84423],[-73.84564,40.84407],[-73.84603,40.84448],[-73.84548,40.84487],[-73.84524,40.8446],[-73.84551,40.84443],[-73.84532,40.84423]]]]}},{"type":"Feature","properties":{"std_name":"West Shore","std_geoid":"0","pen":"politicians","std_note":null},"geometry":{"type":"MultiPolygon","coordinates":[[[[-74.1945,40.60114],[-74.19506,40.6008],[-74.1958,40.60157],[-74.19538,40.60195],[-74.19521,40.60184],[-74.1945,40.60114]]],[[[-74.196,40.60885],[-74.19565,40.60885],[-74.19513,40.60893],[-74.19462,40.60904],[-74.1936,40.609],[-74.19347,40.60897],[-74.19336,40.60887],[-74.19325,40.60865],[-74.19322,40.60851],[-74.19328,40.60818],[-74.1934,40.60806],[-74.19391,40.60788],[-74.19424,40.60761],[-74.19502,40.60717],[-74.19535,40.60707],[-74.19569,40.60706],[-74.19569,40.60684],[-74.19566,40.60678],[-74.19558,40.60676],[-74.19546,40.60678],[-74.19558,40.60686],[-74.19553,40.60694],[-74.19502,40.60707],[-74.19473,40.6072],[-74.19403,40.60763],[-74.19391,40.60773],[-74.19334,40.60797],[-74.19315,40.60808],[-74.19306,40.60817],[-74.19285,40.60792],[-74.19278,40.60789],[-74.19267,40.60791],[-74.19242,40.60803],[-74.19211,40.60798],[-74.19186,40.60801],[-74.19133,40.60653],[-74.19122,40.60668],[-74.19096,40.60722],[-74.19085,40.60732],[-74.19065,40.60726],[-74.19051,40.60714],[-74.19043,40.60695],[-74.1904,40.60668],[-74.19034,40.60664],[-74.19024,40.60663],[-74.18953,40.6069],[-74.18941,40.60699],[-74.1892,40.60736],[-74.18917,40.6075],[-74.18925,40.60764],[-74.18927,40.60795],[-74.18924,40.60809],[-74.18908,40.60815],[-74.18875,40.60814],[-74.18875,40.6068],[-74.19057,40.60595],[-74.18963,40.60435],[-74.18937,40.60384],[-74.18969,40.60247],[-74.19027,40.6025],[-74.19028,40.60246],[-74.19218,40.60197],[-74.19318,40.60167],[-74.19435,40.60122],[-74.19513,40.60197],[-74.19587,40.60243],[-74.19588,40.60235],[-74.19598,40.60233],[-74.1955,40.60202],[-74.19589,40.60166],[-74.19599,40.60175],[-74.19612,40.60168],[-74.19566,40.60123],[-74.19628,40.60085],[-74.19621,40.60079],[-74.1956,40.60116],[-74.19508,40.60062],[-74.19188,40.59752],[-74.19197,40.59735],[-74.192,40.59737],[-74.19195,40.59741],[-74.19196,40.59744],[-74.19203,40.59739],[-74.19219,40.59754],[-74.1923,40.59752],[-74.1926,40.59765],[-74.19275,40.59764],[-74.19288,40.59769],[-74.19299,40.59783],[-74.19328,40.59795],[-74.19343,40.59796],[-74.19405,40.59787],[-74.19424,40.59802],[-74.19437,40.59799],[-74.19455,40.598],[-74.19464,40.59809],[-74.1948,40.59817],[-74.19481,40.59825],[-74.19474,40.59829],[-74.1947,40.59836],[-74.19485,40.59843],[-74.19535,40.5985],[-74.19669,40.59882],[-74.19717,40.59887],[-74.19722,40.59892],[-74.19712,40.59904],[-74.19709,40.59921],[-74.19714,40.59942],[-74.1971,40.59982],[-74.19719,40.60008],[-74.19718,40.60024],[-74.19712,40.60033],[-74.19711,40.6004],[-74.1969,40.6005],[-74.19686,40.60069],[-74.19675,40.60089],[-74.19648,40.60105],[-74.1967,40.60126],[-74.19662,40.60142],[-74.19641,40.60138],[-74.1962,40.60179],[-74.19674,40.60191],[-74.19647,40.602],[-74.19646,40.60205],[-74.19656,40.60211],[-74.1965,40.60221],[-74.19617,40.60209],[-74.19596,40.60237],[-74.19606,40.60242],[-74.19613,40.60251],[-74.19628,40.60258],[-74.19627,40.60262],[-74.19618,40.60268],[-74.19602,40.60295],[-74.19598,40.60329],[-74.196,40.60335],[-74.19607,40.60342],[-74.19621,40.60342],[-74.19625,40.60347],[-74.19617,40.60355],[-74.19593,40.60352],[-74.19591,40.60355],[-74.19601,40.60359],[-74.19619,40.60394],[-74.19679,40.60527],[-74.19674,40.60529],[-74.19682,40.60542],[-74.19747,40.60576],[-74.19758,40.60593],[-74.19763,40.60627],[-74.19758,40.60627],[-74.19765,40.60631],[-74.19778,40.60655],[-74.19796,40.60676],[-74.19812,40.60686],[-74.19836,40.60694],[-74.19849,40.60721],[-74.19843,40.60739],[-74.19842,40.60774],[-74.19837,40.60784],[-74.1984,40.60793],[-74.19835,40.60836],[-74.19819,40.60879],[-74.19787,40.60942],[-74.1975,40.60977],[-74.19744,40.60979],[-74.19724,40.60949],[-74.19672,40.60908],[-74.1964,40.60894],[-74.196,40.60885]]],[[[-74.18488,40.61056],[-74.18373,40.61017],[-74.18403,40.60965],[-74.18422,40.60913],[-74.18438,40.60919],[-74.18448,40.60927],[-74.18478,40.61012],[-74.18637,40.61006],[-74.18657,40.60988],[-74.18668,40.60984],[-74.18681,40.60989],[-74.18688,40.61008],[-74.18695,40.61014],[-74.18718,40.61018],[-74.1874,40.61016],[-74.1875,40.61012],[-74.18756,40.61005],[-74.1876,40.60963],[-74.18756,40.60959],[-74.18734,40.60959],[-74.1873,40.60955],[-74.18731,40.60951],[-74.18742,40.60944],[-74.1877,40.60945],[-74.18775,40.60942],[-74.18777,40.60936],[-74.18762,40.60928],[-74.18757,40.60921],[-74.18757,40.60913],[-74.1876,40.60907],[-74.18791,40.60917],[-74.18808,40.60911],[-74.18815,40.609],[-74.18816,40.60891],[-74.18805,40.60864],[-74.18798,40.60831],[-74.188,40.60813],[-74.18809,40.60807],[-74.18824,40.60806],[-74.18843,40.60812],[-74.18853,40.60819],[-74.18855,40.60995],[-74.18865,40.61144],[-74.18488,40.61056]]],[[[-74.19333,40.6133],[-74.18959,40.61247],[-74.18952,40.6132],[-74.18827,40.61306],[-74.18885,40.61184],[-74.18873,40.61037],[-74.18872,40.60822],[-74.18998,40.60825],[-74.1908,40.60818],[-74.19169,40.60815],[-74.1934,40.6131],[-74.19333,40.6133]]],[[[-74.18327,40.61073],[-74.18359,40.61038],[-74.18476,40.61075],[-74.18867,40.61165],[-74.18868,40.6118],[-74.18784,40.61355],[-74.18764,40.6143],[-74.18114,40.61246],[-74.18167,40.61198],[-74.18295,40.61103],[-74.18327,40.61073]]],[[[-74.18007,40.61408],[-74.18105,40.61259],[-74.18133,40.61267],[-74.18071,40.61405],[-74.18052,40.61397],[-74.17964,40.61511],[-74.17993,40.61522],[-74.17938,40.61612],[-74.17919,40.61599],[-74.1796,40.61492],[-74.18007,40.61408]]]]}},{"type":"Feature","properties":{"std_name":"White Plains Road","std_geoid":"0","pen":"politicians","std_note":null},"geometry":{"type":"MultiPolygon","coordinates":[[[[-73.86719,40.8536],[-73.86723,40.85248],[-73.8676,40.85249],[-73.86756,40.8536],[-73.86719,40.8536]]],[[[-73.86792,40.85361],[-73.86795,40.8525],[-73.86823,40.85251],[-73.86821,40.85313],[-73.86829,40.85313],[-73.86828,40.85361],[-73.86792,40.85361]]],[[[-73.86788,40.85442],[-73.8679,40.85374],[-73.86828,40.85375],[-73.86826,40.85436],[-73.86788,40.85442]]],[[[-73.86716,40.85442],[-73.86719,40.85372],[-73.86756,40.85373],[-73.86753,40.85443],[-73.86716,40.85442]]],[[[-73.86779,40.85657],[-73.86785,40.85458],[-73.86824,40.85452],[-73.86819,40.85627],[-73.86856,40.85627],[-73.86855,40.85655],[-73.86779,40.85657]]],[[[-73.8671,40.85657],[-73.86715,40.85457],[-73.86753,40.85458],[-73.86747,40.85656],[-73.8671,40.85657]]]]}},{"type":"Feature","properties":{"std_name":"Woodhaven","std_geoid":"0","pen":"politicians","std_note":null},"geometry":{"type":"MultiPolygon","coordinates":[[[[-73.8665,40.69102],[-73.86786,40.69085],[-73.86787,40.69088],[-73.8675,40.69094],[-73.86755,40.69119],[-73.86658,40.69134],[-73.8665,40.69102]]],[[[-73.86569,40.69147],[-73.8656,40.69106],[-73.86568,40.69105],[-73.86568,40.69108],[-73.8659,40.69105],[-73.86592,40.69113],[-73.86633,40.69108],[-73.86639,40.69135],[-73.86569,40.69147]]],[[[-73.86475,40.69136],[-73.86545,40.69124],[-73.86551,40.69151],[-73.86481,40.69163],[-73.86475,40.69136]]],[[[-73.86394,40.69177],[-73.86387,40.6915],[-73.86423,40.69146],[-73.86422,40.69143],[-73.86432,40.69142],[-73.86438,40.69164],[-73.86462,40.69161],[-73.86463,40.69166],[-73.86394,40.69177]]],[[[-73.86616,40.69197],[-73.86611,40.69184],[-73.86582,40.6919],[-73.86572,40.69166],[-73.86711,40.69141],[-73.86718,40.69169],[-73.86723,40.69177],[-73.86616,40.69197]]],[[[-73.86543,40.69182],[-73.86496,40.69189],[-73.86493,40.69179],[-73.86556,40.69169],[-73.86566,40.69197],[-73.86549,40.692],[-73.86543,40.69182]]],[[[-73.86231,40.69171],[-73.86366,40.69154],[-73.86373,40.69181],[-73.86222,40.69204],[-73.86216,40.69177],[-73.86231,40.69175],[-73.86231,40.69171]]],[[[-73.86431,40.69216],[-73.86422,40.69191],[-73.86479,40.69182],[-73.86487,40.69207],[-73.86431,40.69216]]],[[[-73.86344,40.69204],[-73.86406,40.69195],[-73.86411,40.69209],[-73.86393,40.69212],[-73.86396,40.69222],[-73.86354,40.69232],[-73.86344,40.69204]]],[[[-73.8597,40.69206],[-73.86149,40.69182],[-73.8615,40.69187],[-73.86159,40.69186],[-73.86158,40.69181],[-73.86176,40.69179],[-73.86178,40.69185],[-73.86195,40.69183],[-73.86202,40.69209],[-73.85979,40.69238],[-73.85911,40.69243],[-73.85903,40.69219],[-73.8597,40.69206]]],[[[-73.86265,40.69246],[-73.86255,40.6922],[-73.86328,40.69208],[-73.86337,40.69236],[-73.86302,40.69244],[-73.863,40.69238],[-73.86265,40.69246]]],[[[-73.85811,40.69225],[-73.85846,40.69218],[-73.85848,40.69224],[-73.85884,40.69216],[-73.85894,40.69245],[-73.85819,40.69249],[-73.85811,40.69225]]],[[[-73.85729,40.69254],[-73.8572,40.69229],[-73.85754,40.69222],[-73.85757,40.69229],[-73.85791,40.69222],[-73.85801,40.6925],[-73.85729,40.69254]]],[[[-73.85627,40.69233],[-73.85662,40.69226],[-73.85663,40.69231],[-73.85699,40.69224],[-73.8571,40.69255],[-73.85636,40.69259],[-73.85627,40.69233]]],[[[-73.85571,40.69211],[-73.85599,40.69206],[-73.85618,40.6926],[-73.8556,40.69263],[-73.85551,40.69238],[-73.85579,40.69233],[-73.85571,40.69211]]],[[[-73.86151,40.69259],[-73.86117,40.69266],[-73.86107,40.69241],[-73.86237,40.69223],[-73.86246,40.6925],[-73.86154,40.69267],[-73.86151,40.69259]]],[[[-73.85477,40.69253],[-73.85474,40.69243],[-73.85494,40.69239],[-73.85496,40.69244],[-73.8553,40.69237],[-73.8554,40.69265],[-73.8547,40.69273],[-73.85464,40.69256],[-73.85477,40.69253]]],[[[-73.85875,40.69293],[-73.85874,40.69289],[-73.85839,40.69295],[-73.85831,40.69268],[-73.85904,40.69264],[-73.85911,40.6929],[-73.85875,40.69293]]],[[[-73.85782,40.69295],[-73.85756,40.69297],[-73.8575,40.69271],[-73.85811,40.69267],[-73.85819,40.69295],[-73.85784,40.69301],[-73.85782,40.69295]]],[[[-73.85987,40.69304],[-73.85983,40.69288],[-73.85969,40.6929],[-73.85967,40.69284],[-73.85932,40.6929],[-73.85924,40.6926],[-73.8598,40.69256],[-73.8608,40.69244],[-73.86089,40.69267],[-73.85992,40.69289],[-73.85996,40.69303],[-73.85987,40.69304]]],[[[-73.85661,40.69277],[-73.85733,40.69273],[-73.85738,40.69296],[-73.85668,40.69305],[-73.85661,40.69277]]],[[[-73.85577,40.69307],[-73.85571,40.69283],[-73.85644,40.69278],[-73.85649,40.69302],[-73.85613,40.69307],[-73.85612,40.69303],[-73.85577,40.69307]]],[[[-73.85482,40.69291],[-73.85552,40.69284],[-73.85558,40.69308],[-73.85488,40.69317],[-73.85482,40.69291]]],[[[-73.85351,40.69277],[-73.8541,40.69257],[-73.85412,40.69264],[-73.85444,40.69257],[-73.85451,40.69279],[-73.85419,40.69284],[-73.85329,40.69317],[-73.85319,40.69288],[-73.85353,40.6928],[-73.85351,40.69277]]],[[[-73.85396,40.69312],[-73.85464,40.69295],[-73.85471,40.69326],[-73.85432,40.6933],[-73.85433,40.69336],[-73.85402,40.6934],[-73.85396,40.69312]]],[[[-73.85305,40.693],[-73.85314,40.69322],[-73.85244,40.69346],[-73.85231,40.69321],[-73.85272,40.69313],[-73.8527,40.69308],[-73.85305,40.693]]],[[[-73.85121,40.69353],[-73.85167,40.69341],[-73.85184,40.69371],[-73.85138,40.69387],[-73.85121,40.69353]]],[[[-73.85252,40.69364],[-73.85378,40.69318],[-73.85384,40.69345],[-73.85367,40.69347],[-73.85368,40.69354],[-73.85347,40.69357],[-73.85349,40.69364],[-73.85291,40.69374],[-73.85295,40.69388],[-73.85265,40.69393],[-73.85252,40.69364]]],[[[-73.8504,40.69387],[-73.85105,40.6937],[-73.85117,40.69395],[-73.85052,40.69413],[-73.8504,40.69387]]],[[[-73.85118,40.69414],[-73.85189,40.69388],[-73.85201,40.69409],[-73.8512,40.69419],[-73.85118,40.69414]]],[[[-73.84953,40.69407],[-73.84986,40.69398],[-73.84989,40.69404],[-73.85021,40.69395],[-73.85033,40.6942],[-73.84965,40.69433],[-73.84953,40.69407]]],[[[-73.84861,40.69428],[-73.84928,40.69408],[-73.84942,40.69438],[-73.84872,40.69452],[-73.84861,40.69428]]],[[[-73.84768,40.69444],[-73.84801,40.69434],[-73.84803,40.69439],[-73.84837,40.69428],[-73.84849,40.69454],[-73.8478,40.69469],[-73.84768,40.69444]]],[[[-73.84684,40.69435],[-73.84733,40.69422],[-73.84758,40.69473],[-73.84707,40.69484],[-73.84684,40.69435]]],[[[-73.84929,40.69485],[-73.84923,40.69459],[-73.85098,40.69421],[-73.85107,40.69463],[-73.84929,40.69485]]],[[[-73.84713,40.69501],[-73.84766,40.6949],[-73.84774,40.69507],[-73.84744,40.69515],[-73.84759,40.6955],[-73.84741,40.69555],[-73.84713,40.69501]]],[[[-73.84881,40.69588],[-73.84855,40.69495],[-73.84799,40.6951],[-73.84788,40.69487],[-73.84906,40.69464],[-73.84915,40.69504],[-73.84866,40.69511],[-73.84887,40.69587],[-73.84881,40.69588]]]]}},{"type":"Feature","properties":{"std_name":"Hudson Yards Hells Kitchen Alliance","std_geoid":"0","pen":"politicians","std_note":null},"geometry":{"type":"MultiPolygon","coordinates":[[[[-73.99788,40.7515],[-73.99824,40.75102],[-74.00077,40.75208],[-74.00043,40.75255],[-73.99788,40.7515]]],[[[-73.99852,40.75417],[-73.9968,40.75345],[-73.99654,40.75334],[-73.9969,40.75285],[-73.99889,40.75369],[-73.99873,40.75395],[-73.9987,40.75393],[-73.99852,40.75417]]],[[[-74.00024,40.75332],[-74.00107,40.75219],[-74.00363,40.75327],[-74.0028,40.7544],[-74.00024,40.75332]]],[[[-73.99495,40.75441],[-73.9953,40.75393],[-73.99562,40.75406],[-73.99526,40.75455],[-73.99495,40.75441]]],[[[-73.99983,40.75392],[-74.0002,40.75342],[-74.00273,40.75449],[-74.00237,40.75499],[-73.99983,40.75392]]],[[[-73.99937,40.75455],[-73.99973,40.75405],[-74.0009,40.75454],[-74.00049,40.75502],[-73.99937,40.75455]]],[[[-73.99665,40.75432],[-73.99702,40.75382],[-73.99893,40.75463],[-73.99856,40.75513],[-73.99665,40.75432]]],[[[-73.99459,40.7549],[-73.99485,40.75455],[-73.99518,40.75469],[-73.99483,40.75517],[-73.99461,40.75508],[-73.9947,40.75495],[-73.99459,40.7549]]],[[[-74.00066,40.75509],[-74.00106,40.75461],[-74.00227,40.75512],[-74.00191,40.75562],[-74.00066,40.75509]]],[[[-73.99886,40.75525],[-73.99922,40.75476],[-74.00032,40.75522],[-73.99992,40.7557],[-73.99886,40.75525]]],[[[-73.99555,40.75466],[-73.99591,40.75417],[-73.99847,40.75526],[-73.99811,40.75575],[-73.99555,40.75466]]],[[[-73.99404,40.75565],[-73.9944,40.75516],[-73.99473,40.7553],[-73.99437,40.75579],[-73.99404,40.75565]]],[[[-73.99841,40.75587],[-73.99877,40.75538],[-73.99981,40.75583],[-73.99943,40.75629],[-73.99841,40.75587]]],[[[-74.00009,40.75577],[-74.00049,40.75529],[-74.00175,40.75582],[-74.00139,40.75632],[-74.00009,40.75577]]],[[[-73.99511,40.75529],[-73.99546,40.75479],[-73.998,40.75586],[-73.99764,40.75635],[-73.99511,40.75529]]],[[[-73.99373,40.75608],[-73.99395,40.75578],[-73.99428,40.75592],[-73.99392,40.7564],[-73.99372,40.75631],[-73.99385,40.75613],[-73.99373,40.75608]]],[[[-73.99959,40.75636],[-73.99998,40.7559],[-74.00034,40.75605],[-73.99992,40.7565],[-73.99959,40.75636]]],[[[-74.00008,40.75657],[-74.00049,40.75611],[-74.00129,40.75645],[-74.00094,40.75693],[-74.00008,40.75657]]],[[[-73.99467,40.75591],[-73.99502,40.75541],[-73.99755,40.75648],[-73.99719,40.75697],[-73.99467,40.75591]]],[[[-73.99324,40.75676],[-73.99337,40.75658],[-73.99349,40.75663],[-73.99363,40.75645],[-73.99383,40.75653],[-73.99347,40.75701],[-73.99327,40.75693],[-73.99336,40.75681],[-73.99324,40.75676]]],[[[-73.99797,40.75648],[-73.99831,40.75601],[-74.00084,40.75707],[-74.0005,40.75755],[-73.99797,40.75648]]],[[[-73.99422,40.75652],[-73.99457,40.75604],[-73.99711,40.75711],[-73.99676,40.75758],[-73.99422,40.75652]]],[[[-73.99752,40.7571],[-73.99787,40.75662],[-74.0004,40.75769],[-74.00004,40.75817],[-73.99752,40.7571]]],[[[-73.99377,40.75714],[-73.99412,40.75666],[-73.99666,40.75773],[-73.99631,40.75821],[-73.99377,40.75714]]],[[[-73.99131,40.75741],[-73.99149,40.75716],[-73.99268,40.75766],[-73.99289,40.75782],[-73.99257,40.75825],[-73.99121,40.75768],[-73.99138,40.75744],[-73.99131,40.75741]]],[[[-73.99707,40.75772],[-73.99741,40.75724],[-73.99992,40.7583],[-73.99958,40.75878],[-73.99707,40.75772]]],[[[-73.99585,40.75883],[-73.99435,40.75819],[-73.99426,40.75831],[-73.99323,40.75787],[-73.99367,40.75728],[-73.9962,40.75834],[-73.99585,40.75883]]],[[[-73.99413,40.75891],[-73.99326,40.75854],[-73.99287,40.75838],[-73.99314,40.758],[-73.99441,40.75853],[-73.99413,40.75891]]],[[[-73.99662,40.75833],[-73.99697,40.75786],[-73.99948,40.75892],[-73.99913,40.75939],[-73.99662,40.75833]]],[[[-73.99413,40.75891],[-73.99448,40.75844],[-73.99575,40.75897],[-73.9954,40.75944],[-73.99413,40.75891]]],[[[-73.99616,40.75896],[-73.99651,40.75848],[-73.99905,40.75953],[-73.9987,40.76002],[-73.99616,40.75896]]],[[[-73.99571,40.75957],[-73.99606,40.7591],[-73.99859,40.76016],[-73.99824,40.76064],[-73.99571,40.75957]]]]}}]}