{"type":"FeatureCollection","features":[{"type":"Feature","properties":{"std_name":"Brooklyn S13","std_geoid":"BKS13","pen":"politicians","std_note":null},"geometry":{"type":"Polygon","coordinates":[[[-73.98372,40.59582],[-73.97818,40.59246],[-73.97731,40.59198],[-73.97651,40.59145],[-73.97422,40.59011],[-73.97434,40.58794],[-73.96052,40.58945],[-73.96035,40.58731],[-73.96032,40.58651],[-73.96034,40.58597],[-73.96015,40.58358],[-73.96005,40.58327],[-73.95911,40.58286],[-73.95724,40.58304],[-73.95703,40.58304],[-73.95646,40.58266],[-73.95604,40.58274],[-73.95602,40.58256],[-73.95592,40.58245],[-73.95494,40.58197],[-73.95505,40.58183],[-73.95507,40.58168],[-73.95471,40.58062],[-73.95444,40.5796],[-73.95403,40.5774],[-73.95397,40.57732],[-73.95365,40.57582],[-73.95429,40.57573],[-73.95413,40.57433],[-73.9544,40.57437],[-73.95514,40.57437],[-73.95621,40.57427],[-73.95637,40.57417],[-73.9563,40.57383],[-73.95635,40.5738],[-73.95639,40.57382],[-73.95647,40.57414],[-73.95657,40.57417],[-73.9572,40.57419],[-73.95794,40.57414],[-73.95865,40.57405],[-73.95897,40.57395],[-73.95894,40.57347],[-73.95899,40.57343],[-73.95903,40.57345],[-73.95907,40.57385],[-73.9591,40.57386],[-73.95939,40.57391],[-73.95983,40.57393],[-73.96091,40.57387],[-73.96211,40.57371],[-73.96602,40.57339],[-73.9672,40.57333],[-73.96739,40.57326],[-73.96744,40.57321],[-73.96736,40.57304],[-73.96743,40.57299],[-73.96753,40.57319],[-73.96819,40.57318],[-73.96885,40.57306],[-73.96945,40.57286],[-73.96947,40.57282],[-73.96921,40.57234],[-73.96925,40.5723],[-73.96928,40.5723],[-73.96956,40.57281],[-73.96976,40.57285],[-73.97021,40.57285],[-73.97085,40.57277],[-73.97133,40.57264],[-73.97138,40.57251],[-73.97114,40.57205],[-73.97114,40.57196],[-73.97118,40.57194],[-73.97122,40.57196],[-73.97152,40.57258],[-73.97161,40.57263],[-73.9725,40.57258],[-73.97293,40.57247],[-73.97335,40.57232],[-73.97336,40.57226],[-73.97323,40.57191],[-73.97321,40.57167],[-73.97325,40.57163],[-73.97333,40.57168],[-73.97345,40.57227],[-73.97373,40.57229],[-73.97441,40.57224],[-73.97485,40.57216],[-73.97529,40.57205],[-73.97547,40.57197],[-73.97541,40.57142],[-73.97546,40.57142],[-73.97548,40.57145],[-73.97552,40.57169],[-73.97568,40.57196],[-73.97593,40.57202],[-73.97622,40.57202],[-73.97713,40.5719],[-73.97766,40.57173],[-73.97757,40.57125],[-73.9776,40.57119],[-73.97767,40.57117],[-73.97805,40.5712],[-73.97808,40.57123],[-73.97772,40.57125],[-73.9777,40.57132],[-73.97775,40.57168],[-73.97781,40.57176],[-73.978,40.57183],[-73.97845,40.57189],[-73.97872,40.57189],[-73.9791,40.57184],[-73.97946,40.57174],[-73.97985,40.57154],[-73.97986,40.57148],[-73.97981,40.5714],[-73.97972,40.57135],[-73.97942,40.5713],[-73.97939,40.57126],[-73.97944,40.57122],[-73.97975,40.57125],[-73.97996,40.57144],[-73.98001,40.5717],[-73.9801,40.57173],[-73.98065,40.57174],[-73.98104,40.57168],[-73.98184,40.57147],[-73.98204,40.57148],[-73.98199,40.57135],[-73.98192,40.57132],[-73.9816,40.57131],[-73.98154,40.57127],[-73.98157,40.57125],[-73.98195,40.57124],[-73.98203,40.57128],[-73.9821,40.57135],[-73.98218,40.57156],[-73.98249,40.57157],[-73.98308,40.57151],[-73.98367,40.57141],[-73.9834,40.57017],[-73.98306,40.57021],[-73.98304,40.57015],[-73.98339,40.57009],[-73.98327,40.56954],[-73.98336,40.56953],[-73.98349,40.57009],[-73.98382,40.57005],[-73.98384,40.57011],[-73.98349,40.57016],[-73.98376,40.5714],[-73.98645,40.57115],[-73.98647,40.57108],[-73.98651,40.57108],[-73.98655,40.57113],[-73.98804,40.57099],[-73.98862,40.5709],[-73.98858,40.5707],[-73.98863,40.5707],[-73.98866,40.57073],[-73.98872,40.57088],[-73.99026,40.57071],[-73.99077,40.5706],[-73.99072,40.57026],[-73.99079,40.57025],[-73.99086,40.5706],[-73.99119,40.57061],[-73.99273,40.57043],[-73.99297,40.57037],[-73.99295,40.57024],[-73.99298,40.5702],[-73.99301,40.57021],[-73.99305,40.57034],[-73.99316,40.57038],[-73.99402,40.57041],[-73.99494,40.57035],[-73.99514,40.57031],[-73.99514,40.57007],[-73.99519,40.57002],[-73.99525,40.5701],[-73.99529,40.57032],[-73.99576,40.57039],[-73.99719,40.57035],[-73.99732,40.57032],[-73.99736,40.57028],[-73.99737,40.57014],[-73.99742,40.57014],[-73.99745,40.57029],[-73.99767,40.57037],[-73.998,40.57045],[-73.99847,40.5705],[-73.99961,40.57047],[-73.99966,40.57038],[-73.99973,40.57041],[-73.99972,40.57047],[-73.99975,40.5705],[-74.00106,40.5704],[-74.00167,40.57031],[-74.00201,40.57021],[-74.00206,40.57015],[-74.00198,40.5696],[-74.00209,40.56959],[-74.00223,40.57061],[-74.00249,40.57174],[-74.00283,40.57205],[-74.00303,40.57219],[-74.00336,40.57228],[-74.0036,40.57226],[-74.00373,40.57229],[-74.00384,40.57236],[-74.00389,40.57249],[-74.00396,40.57255],[-74.00421,40.57272],[-74.0044,40.5728],[-74.00667,40.57339],[-74.00871,40.57376],[-74.01007,40.57383],[-74.01116,40.57417],[-74.01202,40.57489],[-74.01232,40.57565],[-74.01243,40.57627],[-74.01246,40.57668],[-74.0128,40.57749],[-74.01298,40.57772],[-74.01303,40.57786],[-74.01303,40.57791],[-74.01275,40.57856],[-74.01235,40.57922],[-74.01202,40.57961],[-74.01176,40.57985],[-74.01133,40.58018],[-74.01086,40.58046],[-74.01054,40.58061],[-74.01006,40.58071],[-74.00959,40.58086],[-74.0092,40.58105],[-74.00843,40.58149],[-74.00796,40.58168],[-74.00745,40.5818],[-74.00605,40.58198],[-74.00484,40.58185],[-74.00398,40.58172],[-74.00294,40.58143],[-74.00221,40.58137],[-74.00124,40.58143],[-74.00063,40.5813],[-74.00026,40.58125],[-73.99976,40.58127],[-73.99872,40.58149],[-73.99832,40.58149],[-73.99812,40.58145],[-73.99796,40.58129],[-73.9979,40.58108],[-73.99799,40.58077],[-73.99795,40.58068],[-73.99785,40.58061],[-73.99183,40.57925],[-73.9914,40.57924],[-73.99107,40.57933],[-73.99036,40.57942],[-73.98958,40.57919],[-73.98945,40.57906],[-73.98899,40.57884],[-73.98843,40.57882],[-73.98814,40.57887],[-73.98798,40.57895],[-73.98761,40.57903],[-73.98762,40.57906],[-73.98785,40.579],[-73.98787,40.57903],[-73.98745,40.57913],[-73.98744,40.57911],[-73.9876,40.57907],[-73.98759,40.57904],[-73.98739,40.57909],[-73.98738,40.57914],[-73.9867,40.57981],[-73.98702,40.58002],[-73.98617,40.58095],[-73.98589,40.58114],[-73.98605,40.58172],[-73.98684,40.58123],[-73.98695,40.58114],[-73.98721,40.58083],[-73.98735,40.58061],[-73.98757,40.58003],[-73.98775,40.57986],[-73.98801,40.57967],[-73.98812,40.57968],[-73.9889,40.58001],[-73.98914,40.58021],[-73.98954,40.58042],[-73.9897,40.58042],[-73.98996,40.58066],[-73.99119,40.58103],[-73.99163,40.58108],[-73.99174,40.5812],[-73.99168,40.58138],[-73.99173,40.58149],[-73.99183,40.5815],[-73.99186,40.58162],[-73.99183,40.58174],[-73.9917,40.58186],[-73.99034,40.58422],[-73.99034,40.58445],[-73.99026,40.58462],[-73.99098,40.58435],[-73.99267,40.58359],[-73.99289,40.58342],[-73.99307,40.58335],[-73.99315,40.58327],[-73.9937,40.58298],[-73.99419,40.58277],[-73.99469,40.58262],[-73.99491,40.58247],[-73.99515,40.58242],[-73.9954,40.58223],[-73.99559,40.58222],[-73.99606,40.58213],[-73.99622,40.5822],[-73.99673,40.58225],[-73.9974,40.58243],[-73.99781,40.58261],[-74.00018,40.58307],[-74.00031,40.58318],[-74.00042,40.58355],[-74.00044,40.58405],[-74.00036,40.58419],[-73.99986,40.58454],[-73.99963,40.58463],[-73.99934,40.58486],[-73.99898,40.58502],[-73.99879,40.58515],[-73.9986,40.58523],[-73.99809,40.58536],[-73.99809,40.58547],[-73.99929,40.58555],[-73.99947,40.58569],[-73.99971,40.58569],[-73.9997,40.58575],[-73.99953,40.58576],[-73.99963,40.58607],[-73.99957,40.58624],[-73.99936,40.58638],[-73.99897,40.58643],[-73.99878,40.58648],[-73.99815,40.58653],[-73.99417,40.58838],[-73.99424,40.58844],[-73.9956,40.58784],[-73.99566,40.58794],[-73.99408,40.58869],[-73.99422,40.58887],[-73.99331,40.58958],[-73.99154,40.59039],[-73.99036,40.59143],[-73.9852,40.5964],[-73.98506,40.59567],[-73.98372,40.59582]]]}},{"type":"Feature","properties":{"std_name":"Bronx 8","std_geoid":"BX08","pen":"politicians","std_note":null},"geometry":{"type":"Polygon","coordinates":[[[-73.89663,40.91142],[-73.89655,40.90751],[-73.89636,40.9032],[-73.89697,40.90061],[-73.89707,40.90008],[-73.89716,40.89937],[-73.89709,40.89859],[-73.89643,40.89366],[-73.89676,40.89265],[-73.89728,40.89171],[-73.89777,40.89051],[-73.89936,40.88725],[-73.89978,40.88653],[-73.89596,40.88583],[-73.89508,40.88564],[-73.89468,40.88552],[-73.89453,40.88559],[-73.89292,40.88531],[-73.89289,40.88526],[-73.88759,40.88426],[-73.88705,40.88435],[-73.88704,40.88404],[-73.88711,40.88367],[-73.88712,40.8832],[-73.88715,40.88312],[-73.88723,40.88305],[-73.88717,40.88258],[-73.88707,40.88248],[-73.88741,40.88248],[-73.88781,40.88244],[-73.88836,40.88227],[-73.88998,40.88023],[-73.89105,40.87934],[-73.89141,40.87897],[-73.89779,40.87086],[-73.89934,40.86923],[-73.89953,40.8689],[-73.89965,40.86855],[-73.89997,40.86802],[-73.90151,40.8684],[-73.90236,40.8687],[-73.90319,40.86915],[-73.90375,40.8696],[-73.90442,40.87036],[-73.90449,40.87058],[-73.90443,40.87225],[-73.90447,40.87242],[-73.90452,40.8725],[-73.90468,40.87262],[-73.90571,40.87314],[-73.9067,40.8734],[-73.90856,40.87378],[-73.90973,40.87464],[-73.91065,40.87398],[-73.91126,40.87432],[-73.91167,40.87449],[-73.9135,40.87502],[-73.91351,40.87504],[-73.91365,40.87506],[-73.91407,40.87518],[-73.91407,40.87521],[-73.91572,40.87571],[-73.91726,40.87581],[-73.91776,40.87566],[-73.91784,40.87574],[-73.91799,40.8758],[-73.91825,40.87582],[-73.91828,40.87586],[-73.91833,40.87584],[-73.91908,40.87606],[-73.91978,40.87642],[-73.91978,40.8765],[-73.91997,40.87655],[-73.92007,40.87663],[-73.92005,40.87666],[-73.92015,40.87672],[-73.92026,40.87695],[-73.92207,40.87857],[-73.92223,40.87865],[-73.92249,40.87871],[-73.92249,40.87874],[-73.92259,40.87878],[-73.92274,40.87891],[-73.92287,40.87895],[-73.92309,40.87891],[-73.92316,40.87893],[-73.9233,40.87891],[-73.92359,40.87895],[-73.92364,40.87882],[-73.92368,40.87883],[-73.92368,40.87887],[-73.92363,40.87896],[-73.92452,40.87906],[-73.92458,40.879],[-73.92466,40.87902],[-73.92468,40.87896],[-73.92478,40.8789],[-73.9249,40.87889],[-73.92381,40.88032],[-73.92183,40.88451],[-73.92039,40.88765],[-73.91888,40.89161],[-73.918,40.89401],[-73.91782,40.89442],[-73.91782,40.89454],[-73.91791,40.89468],[-73.91763,40.89494],[-73.91694,40.89664],[-73.91671,40.89738],[-73.91672,40.89749],[-73.91667,40.89753],[-73.91518,40.90158],[-73.91523,40.9017],[-73.91543,40.90181],[-73.91501,40.90308],[-73.91459,40.90412],[-73.91429,40.90409],[-73.91418,40.90414],[-73.91287,40.90754],[-73.91293,40.90763],[-73.91308,40.90774],[-73.91311,40.90784],[-73.913,40.90792],[-73.91273,40.90799],[-73.91265,40.90807],[-73.91234,40.90906],[-73.91236,40.90914],[-73.91227,40.90923],[-73.91158,40.91214],[-73.9115,40.91217],[-73.91149,40.91223],[-73.91154,40.9123],[-73.91143,40.91282],[-73.91155,40.91307],[-73.91165,40.91342],[-73.9115,40.91377],[-73.91133,40.91389],[-73.91121,40.91405],[-73.91124,40.91414],[-73.91111,40.91437],[-73.91092,40.91456],[-73.91072,40.91466],[-73.91033,40.91553],[-73.91011,40.9154],[-73.90851,40.915],[-73.90246,40.91296],[-73.9006,40.91261],[-73.8981,40.91179],[-73.89725,40.91166],[-73.89663,40.91142]]]}},{"type":"Feature","properties":{"std_name":"Staten Island 1","std_geoid":"SI01","pen":"politicians","std_note":null},"geometry":{"type":"Polygon","coordinates":[[[-74.08257,40.64832],[-74.08212,40.64828],[-74.08142,40.6485],[-74.08073,40.64827],[-74.08052,40.64825],[-74.07981,40.64838],[-74.07923,40.64819],[-74.079,40.64814],[-74.07709,40.6472],[-74.07699,40.64721],[-74.07683,40.64708],[-74.07651,40.64697],[-74.07599,40.64655],[-74.07445,40.64507],[-74.07408,40.64508],[-74.07396,40.64519],[-74.07359,40.645],[-74.0735,40.64508],[-74.07376,40.64531],[-74.0738,40.64529],[-74.07383,40.64531],[-74.07378,40.64536],[-74.07386,40.64542],[-74.07334,40.64578],[-74.07325,40.6457],[-74.07349,40.64555],[-74.07342,40.64549],[-74.07369,40.64531],[-74.07346,40.64511],[-74.07324,40.64496],[-74.07306,40.64515],[-74.07303,40.64513],[-74.0732,40.64494],[-74.07301,40.64484],[-74.07306,40.64481],[-74.07343,40.645],[-74.07327,40.64492],[-74.07335,40.64485],[-74.07312,40.64471],[-74.07293,40.64486],[-74.07288,40.64484],[-74.0728,40.64491],[-74.07259,40.64479],[-74.0727,40.64465],[-74.0726,40.64474],[-74.07256,40.64472],[-74.07261,40.64468],[-74.07257,40.64469],[-74.07253,40.64467],[-74.07258,40.64462],[-74.07262,40.64465],[-74.07267,40.64462],[-74.07253,40.64456],[-74.07259,40.64453],[-74.07272,40.64462],[-74.07279,40.64455],[-74.07275,40.64452],[-74.07278,40.64449],[-74.0727,40.64444],[-74.07233,40.6446],[-74.07169,40.64505],[-74.07166,40.64503],[-74.07168,40.645],[-74.07231,40.64458],[-74.07226,40.64455],[-74.07216,40.64458],[-74.07202,40.64441],[-74.07211,40.64436],[-74.0721,40.64434],[-74.07229,40.64427],[-74.07218,40.64411],[-74.07186,40.6442],[-74.07176,40.64401],[-74.07206,40.6439],[-74.072,40.64378],[-74.07179,40.64382],[-74.07177,40.64377],[-74.07165,40.64379],[-74.07159,40.64359],[-74.07163,40.64358],[-74.0716,40.64346],[-74.07136,40.6435],[-74.07134,40.64346],[-74.07149,40.64343],[-74.07148,40.64329],[-74.07098,40.64339],[-74.07094,40.64335],[-74.07097,40.64333],[-74.07096,40.64331],[-74.07126,40.64326],[-74.07127,40.6433],[-74.07144,40.64327],[-74.07142,40.64319],[-74.07114,40.64325],[-74.07113,40.64321],[-74.0715,40.64313],[-74.07148,40.64281],[-74.07165,40.6428],[-74.07165,40.64268],[-74.0717,40.64268],[-74.0717,40.6428],[-74.07218,40.64271],[-74.07211,40.64246],[-74.07037,40.64269],[-74.07033,40.64253],[-74.07324,40.64218],[-74.07314,40.64185],[-74.07025,40.64221],[-74.07019,40.64201],[-74.07309,40.64164],[-74.07289,40.64092],[-74.07196,40.641],[-74.07198,40.64101],[-74.07181,40.64103],[-74.07181,40.64112],[-74.07002,40.64128],[-74.06998,40.64107],[-74.07178,40.64093],[-74.07181,40.64089],[-74.07285,40.6408],[-74.07278,40.64053],[-74.07308,40.64051],[-74.07309,40.63862],[-74.07293,40.63859],[-74.07293,40.63844],[-74.07301,40.63841],[-74.07293,40.63841],[-74.07292,40.63838],[-74.07267,40.63838],[-74.07259,40.6383],[-74.07261,40.63823],[-74.07239,40.63825],[-74.07238,40.63816],[-74.07261,40.63814],[-74.07257,40.63787],[-74.07348,40.63779],[-74.07346,40.63765],[-74.07353,40.63764],[-74.07349,40.63723],[-74.07054,40.63747],[-74.07049,40.63716],[-74.07053,40.63713],[-74.07342,40.63689],[-74.07337,40.63661],[-74.0721,40.63673],[-74.07209,40.63665],[-74.07336,40.63654],[-74.07283,40.63367],[-74.07333,40.63206],[-74.07298,40.63031],[-74.06802,40.62879],[-74.06813,40.62854],[-74.07291,40.63],[-74.07293,40.62996],[-74.07251,40.62777],[-74.07246,40.62771],[-74.07246,40.62764],[-74.0724,40.62763],[-74.07229,40.62715],[-74.07271,40.6271],[-74.07278,40.62705],[-74.07278,40.62693],[-74.07271,40.62687],[-74.07226,40.62461],[-74.07123,40.62309],[-74.07106,40.62279],[-74.07092,40.62266],[-74.07072,40.62258],[-74.07059,40.62238],[-74.07057,40.62228],[-74.07045,40.62209],[-74.07034,40.62198],[-74.07024,40.62179],[-74.07009,40.62161],[-74.07003,40.62145],[-74.06998,40.62142],[-74.0699,40.62144],[-74.06988,40.62141],[-74.0699,40.62135],[-74.06977,40.62127],[-74.06976,40.62121],[-74.06946,40.62109],[-74.06669,40.61909],[-74.06666,40.61902],[-74.06649,40.6189],[-74.06596,40.61936],[-74.06591,40.61932],[-74.06641,40.61886],[-74.0662,40.61872],[-74.06557,40.61927],[-74.06545,40.6192],[-74.06668,40.61807],[-74.06642,40.61787],[-74.06605,40.6182],[-74.0657,40.61796],[-74.06547,40.61811],[-74.06496,40.61777],[-74.06436,40.61825],[-74.06426,40.61817],[-74.0651,40.61751],[-74.06444,40.61706],[-74.06401,40.6174],[-74.06391,40.61733],[-74.06433,40.61699],[-74.0642,40.6169],[-74.06387,40.61686],[-74.06376,40.6168],[-74.06373,40.61673],[-74.06377,40.6166],[-74.06356,40.61644],[-74.06288,40.61574],[-74.06183,40.61479],[-74.06144,40.61438],[-74.06104,40.61359],[-74.06081,40.61303],[-74.06074,40.61305],[-74.06065,40.61281],[-74.06067,40.61258],[-74.06061,40.61231],[-74.0605,40.6121],[-74.06034,40.6119],[-74.05985,40.6121],[-74.06005,40.61272],[-74.06,40.61273],[-74.06002,40.61276],[-74.0602,40.61279],[-74.06,40.61278],[-74.05977,40.61206],[-74.06027,40.61182],[-74.06008,40.61183],[-74.0599,40.61175],[-74.05953,40.61171],[-74.05945,40.61167],[-74.05927,40.61149],[-74.0589,40.611],[-74.05893,40.61094],[-74.05912,40.61082],[-74.05909,40.61063],[-74.05858,40.61005],[-74.05848,40.61001],[-74.05848,40.60993],[-74.05833,40.60977],[-74.05776,40.60933],[-74.05716,40.60874],[-74.05686,40.60806],[-74.06517,40.60421],[-74.0643,40.6031],[-74.06398,40.60261],[-74.06351,40.60215],[-74.06551,40.60272],[-74.06914,40.60404],[-74.07198,40.60516],[-74.07298,40.60547],[-74.074,40.60573],[-74.07543,40.60599],[-74.07657,40.60612],[-74.08155,40.60629],[-74.08281,40.60641],[-74.08355,40.60655],[-74.08543,40.60702],[-74.09045,40.60909],[-74.09306,40.61012],[-74.09446,40.61049],[-74.09556,40.61062],[-74.09777,40.61062],[-74.10549,40.61034],[-74.10723,40.61025],[-74.10834,40.61023],[-74.11001,40.61034],[-74.11048,40.61042],[-74.11264,40.61097],[-74.11327,40.6111],[-74.11393,40.61118],[-74.11509,40.61121],[-74.11567,40.61118],[-74.11687,40.61097],[-74.12135,40.60977],[-74.12351,40.60923],[-74.12453,40.60902],[-74.12651,40.60866],[-74.12875,40.60839],[-74.13094,40.60821],[-74.14288,40.60759],[-74.14355,40.60757],[-74.14456,40.60762],[-74.1455,40.60773],[-74.14628,40.60789],[-74.14724,40.60814],[-74.1484,40.60856],[-74.1491,40.60888],[-74.15019,40.6095],[-74.15317,40.61176],[-74.15793,40.61546],[-74.15987,40.61681],[-74.16163,40.61793],[-74.16235,40.61834],[-74.16484,40.61957],[-74.16808,40.62094],[-74.16889,40.62115],[-74.16954,40.62127],[-74.17181,40.62154],[-74.17236,40.62164],[-74.17327,40.62184],[-74.17361,40.62195],[-74.1746,40.62236],[-74.1752,40.62271],[-74.1761,40.62341],[-74.17828,40.62545],[-74.17888,40.62593],[-74.17994,40.6266],[-74.1819,40.62776],[-74.18369,40.62874],[-74.19556,40.63502],[-74.19543,40.63518],[-74.19531,40.63523],[-74.19531,40.63529],[-74.19519,40.63542],[-74.19522,40.63551],[-74.19518,40.63555],[-74.19522,40.63563],[-74.1952,40.63571],[-74.19449,40.63645],[-74.19454,40.63652],[-74.19442,40.63658],[-74.19445,40.6368],[-74.19454,40.63707],[-74.19462,40.63709],[-74.19468,40.63703],[-74.19473,40.63704],[-74.19479,40.63713],[-74.19474,40.63727],[-74.19462,40.63739],[-74.19442,40.63742],[-74.19437,40.63739],[-74.19434,40.63732],[-74.19424,40.63734],[-74.19397,40.63731],[-74.19377,40.63737],[-74.19358,40.63747],[-74.19372,40.63757],[-74.18652,40.64339],[-74.18623,40.64319],[-74.1861,40.64327],[-74.18606,40.64345],[-74.18598,40.64351],[-74.18591,40.64363],[-74.18557,40.6438],[-74.1855,40.64382],[-74.1853,40.64377],[-74.18511,40.64381],[-74.18509,40.64384],[-74.18511,40.64387],[-74.18525,40.64394],[-74.18514,40.64397],[-74.18498,40.64407],[-74.18489,40.64407],[-74.18484,40.64413],[-74.18477,40.64405],[-74.18475,40.64394],[-74.18466,40.64391],[-74.18459,40.64379],[-74.18447,40.64377],[-74.18442,40.64365],[-74.18418,40.64358],[-74.18411,40.64353],[-74.18406,40.64332],[-74.18419,40.64317],[-74.18424,40.64323],[-74.18433,40.64323],[-74.18431,40.6432],[-74.18436,40.64317],[-74.18433,40.64312],[-74.18437,40.6431],[-74.18421,40.64312],[-74.1842,40.64301],[-74.18415,40.64295],[-74.18395,40.64249],[-74.18373,40.64231],[-74.18373,40.64227],[-74.18365,40.64224],[-74.18361,40.64232],[-74.18364,40.6424],[-74.18381,40.64261],[-74.18379,40.64272],[-74.18394,40.64288],[-74.18403,40.6431],[-74.1839,40.64326],[-74.18385,40.64327],[-74.18347,40.64295],[-74.18333,40.64291],[-74.18324,40.64296],[-74.18346,40.64334],[-74.18346,40.64347],[-74.18338,40.64352],[-74.18338,40.64359],[-74.18348,40.6437],[-74.18354,40.64385],[-74.18353,40.64388],[-74.1838,40.64443],[-74.18367,40.64461],[-74.18329,40.64468],[-74.18318,40.64473],[-74.18289,40.6448],[-74.18222,40.64475],[-74.1819,40.64468],[-74.18167,40.64471],[-74.1813,40.64459],[-74.18118,40.64459],[-74.18109,40.64463],[-74.18096,40.64481],[-74.18087,40.64485],[-74.18081,40.64482],[-74.18079,40.64458],[-74.18053,40.64448],[-74.18048,40.64428],[-74.18004,40.64429],[-74.18005,40.64437],[-74.17991,40.64438],[-74.17997,40.64527],[-74.1799,40.64527],[-74.17988,40.64511],[-74.17984,40.64511],[-74.17985,40.64516],[-74.17977,40.64517],[-74.17973,40.64438],[-74.17933,40.6444],[-74.1793,40.64458],[-74.17933,40.64472],[-74.17928,40.64486],[-74.17934,40.64498],[-74.17925,40.64504],[-74.17915,40.64501],[-74.17907,40.64465],[-74.17906,40.64407],[-74.179,40.64372],[-74.17904,40.64339],[-74.17911,40.6433],[-74.17934,40.64323],[-74.1794,40.64313],[-74.17937,40.64305],[-74.17944,40.64301],[-74.17939,40.6428],[-74.1796,40.64215],[-74.17959,40.64192],[-74.17956,40.64192],[-74.17953,40.64215],[-74.17932,40.64273],[-74.1793,40.64289],[-74.17924,40.64297],[-74.17919,40.64299],[-74.17904,40.64295],[-74.17879,40.6425],[-74.17864,40.64257],[-74.17848,40.64252],[-74.17837,40.64228],[-74.17826,40.64213],[-74.17824,40.64218],[-74.17837,40.64255],[-74.17834,40.64259],[-74.17829,40.6426],[-74.17811,40.64253],[-74.17801,40.64254],[-74.17793,40.64263],[-74.17781,40.6426],[-74.17776,40.64285],[-74.17769,40.64295],[-74.17746,40.64304],[-74.17739,40.64301],[-74.17721,40.64312],[-74.17713,40.64309],[-74.17715,40.64301],[-74.17706,40.64306],[-74.17682,40.64286],[-74.1767,40.64242],[-74.17668,40.64247],[-74.17636,40.64233],[-74.17669,40.64255],[-74.17672,40.64297],[-74.17671,40.64328],[-74.17667,40.64339],[-74.17658,40.64343],[-74.1765,40.64341],[-74.17634,40.64346],[-74.17598,40.64346],[-74.17578,40.64342],[-74.17571,40.64338],[-74.17566,40.64331],[-74.1756,40.64331],[-74.17548,40.64346],[-74.17551,40.64369],[-74.17559,40.64378],[-74.17548,40.64391],[-74.17547,40.64412],[-74.17549,40.64417],[-74.17555,40.64418],[-74.17571,40.64457],[-74.17568,40.64471],[-74.17556,40.64462],[-74.17547,40.64465],[-74.17538,40.64479],[-74.1753,40.64508],[-74.1749,40.64515],[-74.17459,40.64502],[-74.17452,40.64504],[-74.17445,40.64512],[-74.17437,40.64514],[-74.17406,40.64503],[-74.17294,40.6442],[-74.17288,40.64401],[-74.173,40.64383],[-74.17303,40.64371],[-74.173,40.64359],[-74.17285,40.64345],[-74.17272,40.6435],[-74.17245,40.64342],[-74.17236,40.64326],[-74.17242,40.6432],[-74.17255,40.64319],[-74.17249,40.64315],[-74.17255,40.64314],[-74.17257,40.64307],[-74.17272,40.643],[-74.17272,40.64295],[-74.17257,40.64299],[-74.17254,40.64289],[-74.17244,40.64281],[-74.17233,40.64286],[-74.17196,40.64286],[-74.17175,40.64309],[-74.17151,40.64313],[-74.17142,40.64304],[-74.17149,40.64298],[-74.17143,40.64297],[-74.17134,40.64286],[-74.17186,40.64252],[-74.17175,40.64252],[-74.17185,40.64238],[-74.1718,40.64231],[-74.17172,40.64228],[-74.17177,40.6422],[-74.1717,40.64214],[-74.17167,40.64204],[-74.17172,40.64194],[-74.1716,40.64187],[-74.17156,40.64188],[-74.17148,40.6417],[-74.17145,40.64145],[-74.17149,40.64141],[-74.17149,40.64125],[-74.1716,40.64115],[-74.17159,40.64103],[-74.17202,40.64099],[-74.17239,40.64079],[-74.17251,40.64068],[-74.17294,40.64058],[-74.173,40.64052],[-74.17298,40.64049],[-74.1728,40.64061],[-74.17246,40.64067],[-74.17231,40.6408],[-74.17206,40.64094],[-74.17157,40.64101],[-74.17155,40.64107],[-74.17157,40.64115],[-74.17146,40.64121],[-74.17144,40.64136],[-74.17139,40.64142],[-74.17137,40.64209],[-74.17133,40.64209],[-74.17115,40.6424],[-74.17118,40.6424],[-74.17105,40.64259],[-74.17099,40.64257],[-74.17128,40.64211],[-74.17121,40.64207],[-74.17119,40.64174],[-74.17029,40.64178],[-74.17008,40.64209],[-74.16915,40.64187],[-74.16906,40.64213],[-74.1684,40.64199],[-74.16824,40.64194],[-74.1682,40.64187],[-74.16813,40.64183],[-74.16802,40.64184],[-74.16774,40.64173],[-74.16758,40.64184],[-74.16677,40.64158],[-74.16672,40.64148],[-74.16653,40.64142],[-74.16648,40.64143],[-74.16622,40.64242],[-74.1661,40.64241],[-74.16632,40.64144],[-74.16612,40.64137],[-74.16605,40.6413],[-74.1658,40.64122],[-74.16563,40.64121],[-74.16544,40.64228],[-74.16494,40.64221],[-74.16519,40.64064],[-74.16473,40.64039],[-74.16457,40.64142],[-74.16441,40.6414],[-74.1646,40.64032],[-74.16417,40.63999],[-74.164,40.64107],[-74.16386,40.64105],[-74.16405,40.63995],[-74.16385,40.63989],[-74.16345,40.63986],[-74.16325,40.64096],[-74.16287,40.64094],[-74.16286,40.64103],[-74.16281,40.64104],[-74.16207,40.64079],[-74.16207,40.64073],[-74.16168,40.64061],[-74.16228,40.63877],[-74.16182,40.63865],[-74.16145,40.63943],[-74.1613,40.63939],[-74.16166,40.63866],[-74.16124,40.6386],[-74.16116,40.63869],[-74.1609,40.63939],[-74.16074,40.63935],[-74.16106,40.63868],[-74.16108,40.63857],[-74.16089,40.63854],[-74.16081,40.63863],[-74.16076,40.63862],[-74.16075,40.63852],[-74.16035,40.63844],[-74.15995,40.63994],[-74.15986,40.63993],[-74.16021,40.63861],[-74.16022,40.63834],[-74.16017,40.63856],[-74.16006,40.63872],[-74.15986,40.63873],[-74.15973,40.63858],[-74.15972,40.63845],[-74.15964,40.63841],[-74.15958,40.63799],[-74.15945,40.63793],[-74.15932,40.63781],[-74.15923,40.6378],[-74.15916,40.63785],[-74.15906,40.63804],[-74.15899,40.63858],[-74.15903,40.63858],[-74.15901,40.63882],[-74.1589,40.63882],[-74.15893,40.63826],[-74.15865,40.63825],[-74.15863,40.63813],[-74.15815,40.63811],[-74.15815,40.63797],[-74.15789,40.63797],[-74.15784,40.63887],[-74.15773,40.63888],[-74.15777,40.63796],[-74.15719,40.63795],[-74.1571,40.63928],[-74.15698,40.63928],[-74.15707,40.63795],[-74.15637,40.63791],[-74.15637,40.63795],[-74.1561,40.63794],[-74.15611,40.63753],[-74.1557,40.63752],[-74.15562,40.63847],[-74.15549,40.63847],[-74.15555,40.63778],[-74.15559,40.63779],[-74.15559,40.63773],[-74.15483,40.63772],[-74.15476,40.6392],[-74.15469,40.63919],[-74.15478,40.63772],[-74.1546,40.63734],[-74.15438,40.63719],[-74.15425,40.63717],[-74.15341,40.63727],[-74.15328,40.63727],[-74.15292,40.63714],[-74.1528,40.63713],[-74.1527,40.63719],[-74.15273,40.63757],[-74.1527,40.63764],[-74.15222,40.63769],[-74.1523,40.63827],[-74.15214,40.63829],[-74.15205,40.63767],[-74.1512,40.63773],[-74.15126,40.63849],[-74.1514,40.6394],[-74.15125,40.63941],[-74.15113,40.6385],[-74.15056,40.63856],[-74.15039,40.63834],[-74.15031,40.63828],[-74.15011,40.63827],[-74.14997,40.63815],[-74.14979,40.63789],[-74.14968,40.63752],[-74.14946,40.63741],[-74.14936,40.63742],[-74.14931,40.63753],[-74.14945,40.63789],[-74.14942,40.63829],[-74.14932,40.63839],[-74.14928,40.63857],[-74.14919,40.63867],[-74.14888,40.63871],[-74.14856,40.63744],[-74.14853,40.63745],[-74.14852,40.63755],[-74.14878,40.63888],[-74.14761,40.63904],[-74.1475,40.63891],[-74.14602,40.63909],[-74.14606,40.63923],[-74.14519,40.63938],[-74.14484,40.63935],[-74.14467,40.6393],[-74.14459,40.6392],[-74.14409,40.63897],[-74.14402,40.6389],[-74.14386,40.63889],[-74.14375,40.63896],[-74.14384,40.63909],[-74.14382,40.63921],[-74.14357,40.63923],[-74.14349,40.63933],[-74.14342,40.63947],[-74.14345,40.63948],[-74.14336,40.63971],[-74.14326,40.63971],[-74.14294,40.63963],[-74.14286,40.63957],[-74.14258,40.63953],[-74.14239,40.63964],[-74.14232,40.63979],[-74.1424,40.6402],[-74.14238,40.64025],[-74.1423,40.64031],[-74.14215,40.64034],[-74.14205,40.6403],[-74.14156,40.64037],[-74.14148,40.64009],[-74.14129,40.64015],[-74.14119,40.64039],[-74.14102,40.64051],[-74.14076,40.64059],[-74.13994,40.64073],[-74.1393,40.64081],[-74.13926,40.64074],[-74.1392,40.64075],[-74.13918,40.64085],[-74.13758,40.641],[-74.13744,40.64105],[-74.13734,40.64115],[-74.13737,40.6413],[-74.135,40.64179],[-74.135,40.64176],[-74.13435,40.64189],[-74.1343,40.64175],[-74.1335,40.64172],[-74.13347,40.6416],[-74.13342,40.64155],[-74.13323,40.64146],[-74.13299,40.64142],[-74.13283,40.64142],[-74.13256,40.64153],[-74.13252,40.64159],[-74.13242,40.64162],[-74.1324,40.6417],[-74.13126,40.6416],[-74.13146,40.64131],[-74.13108,40.64103],[-74.13074,40.64094],[-74.13018,40.64072],[-74.12968,40.64139],[-74.12949,40.64135],[-74.12998,40.64073],[-74.12988,40.64069],[-74.12992,40.64063],[-74.12931,40.64034],[-74.12923,40.64048],[-74.12893,40.64041],[-74.12892,40.6405],[-74.12899,40.64119],[-74.12891,40.64119],[-74.12881,40.64023],[-74.12813,40.64025],[-74.12811,40.64014],[-74.12753,40.64016],[-74.1274,40.63997],[-74.12739,40.63983],[-74.12724,40.63977],[-74.12715,40.63931],[-74.12703,40.63932],[-74.12712,40.63986],[-74.12705,40.64024],[-74.12645,40.64038],[-74.12622,40.64034],[-74.12607,40.64025],[-74.1262,40.64126],[-74.12634,40.64125],[-74.12637,40.64133],[-74.12564,40.64142],[-74.12563,40.64134],[-74.12613,40.64126],[-74.126,40.64023],[-74.12558,40.64015],[-74.1247,40.64024],[-74.12416,40.64013],[-74.12364,40.64034],[-74.12354,40.64041],[-74.12355,40.64049],[-74.12341,40.64059],[-74.12286,40.64082],[-74.12265,40.64063],[-74.1226,40.6406],[-74.12257,40.64062],[-74.12291,40.64102],[-74.12283,40.64129],[-74.12278,40.64134],[-74.12272,40.64135],[-74.12276,40.64143],[-74.12271,40.64143],[-74.1227,40.64135],[-74.12196,40.64145],[-74.1219,40.6414],[-74.12184,40.64141],[-74.12187,40.64156],[-74.12195,40.64155],[-74.12194,40.64151],[-74.12198,40.6415],[-74.12199,40.64155],[-74.12185,40.64158],[-74.12181,40.64141],[-74.12176,40.64142],[-74.12178,40.64159],[-74.12156,40.64162],[-74.12176,40.64157],[-74.12172,40.64143],[-74.12145,40.6415],[-74.12139,40.64149],[-74.12133,40.64161],[-74.12131,40.6416],[-74.12137,40.64148],[-74.12131,40.64145],[-74.12119,40.64168],[-74.12117,40.64167],[-74.12128,40.64143],[-74.12121,40.6414],[-74.1211,40.64161],[-74.12108,40.64161],[-74.12118,40.64138],[-74.12071,40.64105],[-74.11993,40.6412],[-74.11997,40.64131],[-74.11961,40.64138],[-74.11996,40.64221],[-74.11985,40.64224],[-74.11953,40.64147],[-74.11947,40.64148],[-74.11943,40.64142],[-74.1191,40.64147],[-74.11948,40.64236],[-74.1194,40.64238],[-74.119,40.64146],[-74.11862,40.64153],[-74.11869,40.6418],[-74.11865,40.64181],[-74.11888,40.64239],[-74.1189,40.64238],[-74.11896,40.6425],[-74.11884,40.64254],[-74.11864,40.64204],[-74.11858,40.642],[-74.1184,40.64153],[-74.11816,40.64159],[-74.11821,40.64175],[-74.11801,40.64181],[-74.11816,40.64213],[-74.11805,40.64216],[-74.11792,40.64183],[-74.11786,40.64184],[-74.11773,40.6418],[-74.11763,40.64162],[-74.11746,40.64164],[-74.11729,40.64159],[-74.11711,40.64166],[-74.11751,40.64242],[-74.11742,40.64245],[-74.11714,40.6419],[-74.11672,40.64203],[-74.11722,40.64303],[-74.11715,40.64305],[-74.11667,40.64211],[-74.1163,40.6422],[-74.11633,40.64227],[-74.1163,40.64228],[-74.11675,40.64316],[-74.11667,40.64319],[-74.11625,40.64235],[-74.11622,40.64235],[-74.11614,40.64222],[-74.11572,40.64235],[-74.11623,40.64331],[-74.11615,40.64333],[-74.11565,40.64237],[-74.11535,40.64247],[-74.11512,40.64278],[-74.11481,40.64298],[-74.11478,40.64296],[-74.1138,40.64361],[-74.11404,40.64404],[-74.11395,40.64414],[-74.11289,40.64453],[-74.11285,40.64447],[-74.11386,40.64408],[-74.11387,40.64404],[-74.11365,40.64369],[-74.11343,40.64382],[-74.11333,40.64372],[-74.11181,40.64461],[-74.1119,40.64471],[-74.11116,40.6451],[-74.11112,40.64505],[-74.11177,40.64471],[-74.11173,40.64466],[-74.11092,40.64508],[-74.10974,40.64546],[-74.10886,40.64558],[-74.10472,40.64556],[-74.10465,40.64563],[-74.1044,40.64567],[-74.10434,40.64572],[-74.10412,40.64574],[-74.10399,40.64562],[-74.10376,40.64561],[-74.10365,40.64565],[-74.10307,40.64564],[-74.10232,40.64554],[-74.10168,40.64541],[-74.10163,40.64549],[-74.1017,40.64554],[-74.10162,40.64553],[-74.10158,40.64551],[-74.10164,40.6454],[-74.10061,40.64513],[-74.10013,40.64506],[-74.0988,40.64505],[-74.0985,40.64537],[-74.09605,40.64537],[-74.09469,40.64556],[-74.09363,40.64584],[-74.09299,40.64597],[-74.09301,40.64608],[-74.09136,40.6467],[-74.08992,40.64718],[-74.0894,40.64731],[-74.08836,40.64791],[-74.08824,40.6479],[-74.08767,40.64824],[-74.08634,40.6487],[-74.08571,40.64888],[-74.08523,40.64893],[-74.08484,40.64889],[-74.08402,40.6486],[-74.08257,40.64832]]]}},{"type":"Feature","properties":{"std_name":"Manhattan 11","std_geoid":"MN11","pen":"politicians","std_note":null},"geometry":{"type":"MultiPolygon","coordinates":[[[[-73.9338,40.81835],[-73.93383,40.81559],[-73.93395,40.81559],[-73.93394,40.81521],[-73.934,40.81472],[-73.93397,40.81457],[-73.93401,40.81448],[-73.93386,40.81448],[-73.93393,40.81335],[-73.93404,40.81234],[-73.93428,40.81082],[-73.93434,40.80993],[-73.93434,40.80956],[-73.93412,40.80866],[-73.93356,40.8076],[-73.93308,40.80703],[-73.93116,40.80497],[-73.93031,40.80379],[-73.92997,40.8032],[-73.93004,40.80311],[-73.92979,40.80266],[-73.92945,40.80191],[-73.92935,40.80167],[-73.92921,40.80115],[-73.92903,40.80108],[-73.9289,40.79986],[-73.92904,40.79676],[-73.92928,40.79585],[-73.92987,40.79504],[-73.92981,40.79498],[-73.92983,40.79495],[-73.92992,40.79495],[-73.93007,40.7947],[-73.93011,40.79471],[-73.9302,40.79459],[-73.93267,40.79325],[-73.93348,40.79277],[-73.93517,40.79161],[-73.93527,40.79153],[-73.93519,40.79147],[-73.93547,40.79126],[-73.93554,40.79132],[-73.93583,40.79109],[-73.93708,40.78937],[-73.93614,40.78895],[-73.93613,40.78893],[-73.93622,40.7888],[-73.93715,40.78917],[-73.93782,40.78769],[-73.93812,40.78718],[-73.93983,40.78526],[-73.94247,40.7839],[-73.94316,40.78341],[-73.94354,40.78288],[-73.94363,40.78296],[-73.94376,40.78283],[-73.95578,40.78791],[-73.95344,40.79109],[-73.9446,40.80323],[-73.94613,40.80388],[-73.94569,40.80451],[-73.9443,40.80639],[-73.94275,40.80574],[-73.93487,40.81653],[-73.93413,40.81773],[-73.9338,40.81835]]],[[[-73.92134,40.80085],[-73.92103,40.80027],[-73.92058,40.79967],[-73.92031,40.79938],[-73.91899,40.79877],[-73.91663,40.79786],[-73.91545,40.79706],[-73.91444,40.79567],[-73.9138,40.79451],[-73.91378,40.79384],[-73.91514,40.79201],[-73.91536,40.79184],[-73.91552,40.79178],[-73.91631,40.79112],[-73.91617,40.79101],[-73.91687,40.79036],[-73.91711,40.79047],[-73.91812,40.79004],[-73.91856,40.7897],[-73.91859,40.78947],[-73.91851,40.78943],[-73.92189,40.7857],[-73.922,40.78576],[-73.92219,40.78551],[-73.92285,40.78356],[-73.92306,40.78334],[-73.92401,40.78266],[-73.92412,40.78252],[-73.92425,40.78249],[-73.92448,40.78232],[-73.92467,40.78224],[-73.92488,40.78222],[-73.92506,40.78222],[-73.92524,40.78227],[-73.92539,40.78227],[-73.92572,40.78218],[-73.92732,40.78109],[-73.9281,40.78092],[-73.92849,40.78101],[-73.93064,40.78226],[-73.93105,40.7824],[-73.93267,40.78269],[-73.93502,40.78301],[-73.93541,40.78339],[-73.93581,40.78371],[-73.93598,40.78394],[-73.93607,40.78422],[-73.93605,40.78451],[-73.936,40.78468],[-73.93592,40.78481],[-73.93571,40.78568],[-73.93313,40.78871],[-73.9327,40.78918],[-73.9324,40.78972],[-73.93224,40.78969],[-73.93148,40.79048],[-73.93084,40.79099],[-73.93073,40.79096],[-73.92972,40.79137],[-73.92872,40.79094],[-73.92859,40.79097],[-73.92807,40.79082],[-73.92692,40.79079],[-73.92642,40.79069],[-73.9261,40.79073],[-73.92606,40.79083],[-73.92609,40.79109],[-73.92604,40.79118],[-73.92605,40.79127],[-73.92615,40.79155],[-73.92616,40.79172],[-73.92655,40.79183],[-73.92657,40.79186],[-73.92651,40.7919],[-73.92615,40.79185],[-73.92593,40.79188],[-73.92559,40.79182],[-73.92561,40.7919],[-73.92617,40.7919],[-73.92643,40.79196],[-73.92674,40.79193],[-73.9267,40.79183],[-73.92664,40.79179],[-73.92651,40.79177],[-73.92637,40.79166],[-73.92633,40.7915],[-73.92634,40.79125],[-73.92649,40.79102],[-73.92657,40.79098],[-73.9267,40.79097],[-73.92711,40.79102],[-73.92738,40.791],[-73.92744,40.79096],[-73.92787,40.79095],[-73.92791,40.79104],[-73.92789,40.79109],[-73.92732,40.79174],[-73.92723,40.79179],[-73.92714,40.79193],[-73.9278,40.792],[-73.92827,40.79233],[-73.92834,40.79292],[-73.92832,40.7931],[-73.92735,40.79446],[-73.92724,40.79478],[-73.92698,40.79533],[-73.92694,40.7955],[-73.92689,40.79625],[-73.92695,40.79671],[-73.92712,40.7972],[-73.92719,40.79735],[-73.92767,40.79722],[-73.92771,40.7973],[-73.92738,40.79738],[-73.92737,40.79735],[-73.9272,40.79739],[-73.92722,40.79742],[-73.92728,40.79741],[-73.92744,40.79771],[-73.92748,40.79812],[-73.92726,40.79892],[-73.92688,40.79994],[-73.9267,40.80015],[-73.92725,40.80039],[-73.92711,40.80056],[-73.92707,40.80054],[-73.92717,40.80041],[-73.92667,40.80018],[-73.92655,40.80032],[-73.92674,40.8004],[-73.92654,40.80033],[-73.9265,40.80037],[-73.92668,40.80045],[-73.92655,40.8006],[-73.92685,40.80074],[-73.92683,40.80077],[-73.92687,40.80078],[-73.927,40.80064],[-73.92705,40.80065],[-73.92689,40.80084],[-73.92651,40.80066],[-73.92578,40.80173],[-73.92549,40.80196],[-73.92528,40.802],[-73.92436,40.80199],[-73.92263,40.80187],[-73.92191,40.8015],[-73.92134,40.80085]]]]}},{"type":"Feature","properties":{"std_name":"QW 6","std_geoid":"QW06","pen":"politicians","std_note":null},"geometry":{"type":"Polygon","coordinates":[[[-73.82606,40.7154],[-73.82721,40.71507],[-73.8299,40.71442],[-73.8315,40.71399],[-73.83327,40.71304],[-73.83357,40.71292],[-73.8359,40.71164],[-73.83611,40.71183],[-73.83704,40.71131],[-73.83771,40.71104],[-73.83952,40.7105],[-73.83972,40.7104],[-73.84069,40.71015],[-73.84134,40.70995],[-73.84315,40.70922],[-73.84382,40.70891],[-73.84454,40.70866],[-73.84567,40.70841],[-73.84666,40.70832],[-73.84762,40.70833],[-73.84877,40.70844],[-73.84933,40.70839],[-73.8511,40.7079],[-73.85472,40.70677],[-73.85471,40.70521],[-73.85411,40.70443],[-73.85392,40.70422],[-73.85371,40.70392],[-73.85306,40.70314],[-73.85252,40.70229],[-73.85529,40.7026],[-73.85535,40.70301],[-73.85543,40.70332],[-73.85539,40.70335],[-73.85544,40.70349],[-73.8556,40.70373],[-73.85592,40.704],[-73.85823,40.70559],[-73.8586,40.70595],[-73.85883,40.70624],[-73.85908,40.70671],[-73.85924,40.70727],[-73.85964,40.71042],[-73.85978,40.71123],[-73.85978,40.71163],[-73.85964,40.71349],[-73.85964,40.71398],[-73.85975,40.71439],[-73.86004,40.71493],[-73.86302,40.71771],[-73.86524,40.71998],[-73.86548,40.72028],[-73.86731,40.72229],[-73.86877,40.72382],[-73.86929,40.72444],[-73.86971,40.72515],[-73.87085,40.72748],[-73.87146,40.72933],[-73.87509,40.73067],[-73.87055,40.73204],[-73.86447,40.73401],[-73.86182,40.73477],[-73.85629,40.73643],[-73.85505,40.73672],[-73.8534,40.737],[-73.85244,40.7372],[-73.8513,40.73751],[-73.84956,40.73811],[-73.84859,40.7385],[-73.84751,40.73901],[-73.84721,40.73864],[-73.84689,40.73867],[-73.84675,40.73865],[-73.84591,40.73831],[-73.84566,40.73812],[-73.84547,40.73787],[-73.84538,40.73761],[-73.84534,40.73728],[-73.84504,40.7361],[-73.84489,40.73591],[-73.84468,40.73511],[-73.84429,40.7342],[-73.84372,40.73323],[-73.84285,40.73207],[-73.84055,40.72984],[-73.83982,40.72904],[-73.8392,40.72827],[-73.83925,40.72815],[-73.83821,40.72637],[-73.83777,40.72543],[-73.83749,40.72513],[-73.83697,40.72406],[-73.83656,40.72337],[-73.83555,40.72197],[-73.83413,40.72023],[-73.83232,40.71833],[-73.83185,40.71791],[-73.83138,40.71755],[-73.83102,40.71733],[-73.83068,40.71718],[-73.83043,40.71696],[-73.82976,40.71672],[-73.82808,40.71627],[-73.82696,40.71594],[-73.8264,40.71566],[-73.82606,40.7154]]]}},{"type":"Feature","properties":{"std_name":"Bronx 10","std_geoid":"BX10","pen":"politicians","std_note":null},"geometry":{"type":"MultiPolygon","coordinates":[[[[-73.81971,40.88214],[-73.81958,40.88212],[-73.81938,40.88216],[-73.81926,40.88213],[-73.81926,40.88209],[-73.81941,40.882],[-73.81969,40.88193],[-73.81979,40.88165],[-73.81973,40.88158],[-73.81943,40.88143],[-73.81912,40.88137],[-73.81912,40.88132],[-73.81916,40.88128],[-73.81946,40.88122],[-73.81963,40.88106],[-73.82006,40.88101],[-73.8201,40.88095],[-73.82024,40.88049],[-73.82021,40.88036],[-73.82014,40.8803],[-73.82013,40.88018],[-73.82026,40.87993],[-73.82005,40.87984],[-73.82002,40.87978],[-73.82034,40.8794],[-73.82031,40.87837],[-73.82022,40.87821],[-73.82021,40.87813],[-73.82041,40.87798],[-73.82072,40.87786],[-73.82089,40.87765],[-73.82106,40.87757],[-73.82095,40.87732],[-73.82098,40.87701],[-73.82111,40.87686],[-73.82116,40.8767],[-73.82112,40.8766],[-73.82086,40.87628],[-73.8207,40.87619],[-73.82057,40.87602],[-73.82044,40.87604],[-73.8204,40.87609],[-73.82059,40.87677],[-73.82077,40.87724],[-73.82068,40.87725],[-73.82057,40.8772],[-73.82026,40.87694],[-73.82004,40.87686],[-73.81998,40.8768],[-73.81998,40.87658],[-73.81994,40.87652],[-73.81985,40.87647],[-73.81976,40.87638],[-73.81976,40.87626],[-73.81981,40.87616],[-73.81992,40.87609],[-73.82022,40.87572],[-73.82022,40.87548],[-73.82027,40.87535],[-73.82036,40.87527],[-73.8207,40.87511],[-73.82089,40.87509],[-73.82118,40.87514],[-73.82135,40.87532],[-73.82165,40.87515],[-73.82158,40.87501],[-73.82143,40.87487],[-73.82125,40.87481],[-73.8206,40.87476],[-73.82048,40.87478],[-73.8203,40.87489],[-73.82024,40.87464],[-73.81991,40.87422],[-73.81955,40.87426],[-73.81918,40.87448],[-73.81923,40.87407],[-73.81929,40.87403],[-73.81948,40.87399],[-73.81991,40.87403],[-73.81995,40.87383],[-73.8197,40.87368],[-73.81949,40.87372],[-73.81943,40.87379],[-73.81931,40.87384],[-73.81918,40.87383],[-73.81906,40.87375],[-73.81895,40.87372],[-73.81895,40.87367],[-73.81897,40.87361],[-73.81929,40.8734],[-73.81995,40.87341],[-73.82007,40.87344],[-73.82013,40.87348],[-73.82024,40.87378],[-73.82015,40.87393],[-73.82016,40.87401],[-73.82034,40.87419],[-73.82035,40.87428],[-73.82043,40.87438],[-73.82073,40.87448],[-73.82076,40.87438],[-73.82067,40.8742],[-73.82075,40.87414],[-73.82081,40.87417],[-73.82091,40.8743],[-73.8214,40.87444],[-73.8221,40.87477],[-73.8219,40.87373],[-73.82156,40.87416],[-73.82127,40.87418],[-73.82096,40.87403],[-73.82049,40.87362],[-73.82047,40.87355],[-73.82048,40.87351],[-73.82078,40.8734],[-73.82115,40.87303],[-73.82137,40.873],[-73.8215,40.87303],[-73.82164,40.87312],[-73.82195,40.87268],[-73.82189,40.87263],[-73.82156,40.87254],[-73.82148,40.87257],[-73.82146,40.87277],[-73.82138,40.87287],[-73.8212,40.87289],[-73.82109,40.87287],[-73.82102,40.87282],[-73.82103,40.87272],[-73.82123,40.87228],[-73.82131,40.87222],[-73.82158,40.87215],[-73.82176,40.87204],[-73.82187,40.87189],[-73.82196,40.87167],[-73.822,40.87131],[-73.82189,40.87102],[-73.8219,40.87087],[-73.82197,40.87066],[-73.82196,40.87052],[-73.82179,40.87025],[-73.82161,40.87013],[-73.82141,40.87013],[-73.82135,40.87016],[-73.82124,40.87031],[-73.82118,40.87034],[-73.82101,40.87032],[-73.82094,40.87019],[-73.82089,40.87016],[-73.82086,40.87002],[-73.82087,40.86987],[-73.82091,40.86974],[-73.82069,40.86967],[-73.82062,40.86962],[-73.82059,40.8694],[-73.82048,40.86933],[-73.82025,40.86927],[-73.82,40.86899],[-73.81927,40.86919],[-73.81893,40.86904],[-73.81861,40.86852],[-73.81773,40.86793],[-73.81728,40.86732],[-73.8171,40.86776],[-73.81713,40.86804],[-73.81734,40.86834],[-73.81779,40.86828],[-73.81817,40.86844],[-73.81864,40.86883],[-73.81883,40.86948],[-73.81833,40.86988],[-73.81816,40.8693],[-73.81775,40.86901],[-73.81723,40.86901],[-73.81659,40.86939],[-73.81629,40.86967],[-73.81612,40.87016],[-73.81584,40.87039],[-73.81562,40.86993],[-73.81538,40.86961],[-73.81553,40.86924],[-73.81525,40.86819],[-73.81489,40.86812],[-73.8145,40.86817],[-73.81438,40.86794],[-73.81579,40.86576],[-73.81641,40.86515],[-73.817,40.86446],[-73.81684,40.86431],[-73.81662,40.86418],[-73.81574,40.86494],[-73.81517,40.8656],[-73.81509,40.86524],[-73.81522,40.86444],[-73.81502,40.86417],[-73.81488,40.86392],[-73.81493,40.86368],[-73.81524,40.86324],[-73.8151,40.86306],[-73.81641,40.86118],[-73.81673,40.86125],[-73.81683,40.86123],[-73.8169,40.86116],[-73.81689,40.86108],[-73.81696,40.86096],[-73.81704,40.8609],[-73.81719,40.86085],[-73.81736,40.86085],[-73.81765,40.86101],[-73.81801,40.86108],[-73.81829,40.86104],[-73.81852,40.8609],[-73.81862,40.86075],[-73.81865,40.86059],[-73.81858,40.86027],[-73.81848,40.86001],[-73.81844,40.85983],[-73.81849,40.85964],[-73.81857,40.85951],[-73.81879,40.85939],[-73.81954,40.85932],[-73.82024,40.85936],[-73.82031,40.85933],[-73.82027,40.85916],[-73.82055,40.85906],[-73.8211,40.85911],[-73.82157,40.85921],[-73.82177,40.85921],[-73.82197,40.85928],[-73.82199,40.8594],[-73.82161,40.85955],[-73.8216,40.85964],[-73.82169,40.85978],[-73.82181,40.85981],[-73.82201,40.8598],[-73.82224,40.85979],[-73.82235,40.85973],[-73.82241,40.8598],[-73.82214,40.85999],[-73.82201,40.85993],[-73.82193,40.85996],[-73.82192,40.86005],[-73.82197,40.86014],[-73.82217,40.86016],[-73.82246,40.86007],[-73.82264,40.86005],[-73.82278,40.86012],[-73.82272,40.86018],[-73.82241,40.86032],[-73.82229,40.86035],[-73.82215,40.86033],[-73.82201,40.86038],[-73.82194,40.86048],[-73.82182,40.86056],[-73.82166,40.8606],[-73.82159,40.86055],[-73.82169,40.86024],[-73.82169,40.86009],[-73.82144,40.85978],[-73.8214,40.85963],[-73.8214,40.85947],[-73.82145,40.85939],[-73.82138,40.85936],[-73.82124,40.85936],[-73.82111,40.85932],[-73.82099,40.85933],[-73.82094,40.85938],[-73.82093,40.85947],[-73.82101,40.85964],[-73.82097,40.85975],[-73.821,40.85999],[-73.82094,40.86001],[-73.82085,40.85998],[-73.82067,40.85981],[-73.82052,40.85975],[-73.81999,40.85987],[-73.81998,40.85994],[-73.82022,40.86005],[-73.82046,40.86031],[-73.82047,40.86047],[-73.82033,40.86076],[-73.82034,40.86084],[-73.82031,40.86103],[-73.82017,40.86118],[-73.81951,40.86147],[-73.81938,40.8618],[-73.81887,40.86225],[-73.81885,40.86238],[-73.81895,40.86247],[-73.81946,40.86208],[-73.82024,40.86159],[-73.82157,40.86105],[-73.82471,40.85997],[-73.82555,40.85974],[-73.82715,40.85923],[-73.83,40.85821],[-73.82992,40.85618],[-73.82908,40.85568],[-73.8286,40.85572],[-73.82723,40.85335],[-73.82722,40.85325],[-73.82738,40.85282],[-73.82694,40.85301],[-73.82676,40.85301],[-73.82718,40.85171],[-73.82688,40.85167],[-73.82719,40.85065],[-73.82728,40.85004],[-73.82729,40.84973],[-73.82725,40.84911],[-73.8272,40.84881],[-73.82698,40.84809],[-73.82672,40.84754],[-73.82646,40.84711],[-73.82601,40.84614],[-73.82573,40.84622],[-73.82551,40.84556],[-73.82549,40.84557],[-73.82558,40.84586],[-73.82549,40.84584],[-73.82496,40.84611],[-73.8211,40.8482],[-73.82048,40.8485],[-73.82014,40.84802],[-73.8163,40.84857],[-73.81514,40.84908],[-73.81529,40.84896],[-73.81534,40.84885],[-73.81532,40.84858],[-73.81545,40.84851],[-73.81552,40.84843],[-73.81553,40.8483],[-73.81563,40.84818],[-73.8157,40.84816],[-73.81576,40.84818],[-73.81587,40.84809],[-73.8159,40.84801],[-73.8159,40.84782],[-73.81586,40.84778],[-73.81563,40.84771],[-73.8156,40.84766],[-73.81588,40.84768],[-73.81597,40.84765],[-73.8161,40.84751],[-73.81617,40.84702],[-73.81615,40.84665],[-73.81611,40.84645],[-73.81572,40.84629],[-73.81546,40.8466],[-73.81463,40.84714],[-73.81467,40.8472],[-73.81465,40.84722],[-73.81451,40.84711],[-73.81461,40.84713],[-73.81533,40.84667],[-73.8155,40.84651],[-73.81547,40.8465],[-73.81556,40.84641],[-73.81558,40.84642],[-73.8157,40.84629],[-73.81551,40.84632],[-73.81507,40.84654],[-73.815,40.84654],[-73.81492,40.84648],[-73.81366,40.84721],[-73.81371,40.84726],[-73.81369,40.84727],[-73.81356,40.84715],[-73.81364,40.84719],[-73.81491,40.84647],[-73.81466,40.84621],[-73.81447,40.84623],[-73.81442,40.84619],[-73.81466,40.84597],[-73.8146,40.84591],[-73.81509,40.8456],[-73.81503,40.8455],[-73.81421,40.84601],[-73.81399,40.84583],[-73.81319,40.84623],[-73.81314,40.84617],[-73.81382,40.8458],[-73.81401,40.84567],[-73.81402,40.84563],[-73.81348,40.84597],[-73.81346,40.84595],[-73.81403,40.84559],[-73.81395,40.84552],[-73.81369,40.84566],[-73.81394,40.84551],[-73.81386,40.84542],[-73.81373,40.84549],[-73.81371,40.84546],[-73.81384,40.8454],[-73.81381,40.84535],[-73.81363,40.84528],[-73.81336,40.84585],[-73.81329,40.84595],[-73.81321,40.84592],[-73.81328,40.84594],[-73.81331,40.8459],[-73.81362,40.84528],[-73.81346,40.84521],[-73.81326,40.84523],[-73.8128,40.8463],[-73.81285,40.84632],[-73.81272,40.84629],[-73.81279,40.84629],[-73.81324,40.84524],[-73.8131,40.84517],[-73.81288,40.84513],[-73.81286,40.84517],[-73.81316,40.84521],[-73.81299,40.84522],[-73.81286,40.84519],[-73.81234,40.84654],[-73.81241,40.84656],[-73.81228,40.84654],[-73.81233,40.84654],[-73.81284,40.84518],[-73.81261,40.84513],[-73.81261,40.84511],[-73.81285,40.84516],[-73.81286,40.84513],[-73.81265,40.84505],[-73.81263,40.845],[-73.81254,40.84498],[-73.81244,40.84524],[-73.81255,40.84526],[-73.81254,40.84528],[-73.81246,40.84526],[-73.81196,40.84648],[-73.81203,40.8465],[-73.81204,40.84653],[-73.81192,40.84653],[-73.81188,40.84659],[-73.81244,40.84674],[-73.81188,40.84662],[-73.81184,40.84671],[-73.8117,40.84668],[-73.81234,40.84513],[-73.81266,40.84421],[-73.81278,40.84423],[-73.81271,40.84447],[-73.81278,40.84426],[-73.81282,40.84426],[-73.81276,40.84447],[-73.81299,40.84452],[-73.81298,40.84455],[-73.8127,40.84449],[-73.81265,40.84466],[-73.8129,40.84471],[-73.81291,40.84466],[-73.81311,40.84468],[-73.81309,40.84473],[-73.81305,40.84472],[-73.81304,40.84474],[-73.81312,40.84479],[-73.81309,40.84485],[-73.81266,40.84475],[-73.81268,40.84469],[-73.81264,40.84468],[-73.81255,40.84495],[-73.81263,40.84497],[-73.8127,40.84492],[-73.81285,40.84492],[-73.81345,40.84496],[-73.81355,40.84497],[-73.81355,40.84504],[-73.81368,40.84506],[-73.81379,40.84498],[-73.81404,40.84491],[-73.81417,40.84478],[-73.81418,40.84474],[-73.81386,40.84482],[-73.81387,40.84484],[-73.81375,40.84487],[-73.81374,40.84484],[-73.8137,40.84485],[-73.81369,40.84483],[-73.81389,40.84477],[-73.81419,40.84473],[-73.81418,40.84468],[-73.81412,40.84456],[-73.81404,40.8445],[-73.81388,40.84445],[-73.81366,40.84444],[-73.81357,40.84439],[-73.81347,40.84426],[-73.81336,40.84389],[-73.8134,40.84375],[-73.81348,40.84365],[-73.81413,40.84357],[-73.81453,40.84345],[-73.81477,40.84346],[-73.815,40.8435],[-73.81511,40.8437],[-73.81522,40.84408],[-73.81555,40.84426],[-73.81559,40.84438],[-73.81567,40.84443],[-73.81616,40.84443],[-73.81631,40.8444],[-73.81632,40.84436],[-73.81625,40.84428],[-73.81626,40.84418],[-73.81632,40.84411],[-73.81644,40.84406],[-73.81651,40.84408],[-73.81655,40.84413],[-73.81661,40.84409],[-73.81674,40.84414],[-73.81699,40.84409],[-73.81709,40.84415],[-73.81709,40.84426],[-73.8175,40.84437],[-73.81824,40.84434],[-73.81818,40.84424],[-73.81819,40.84411],[-73.81808,40.84413],[-73.81793,40.84425],[-73.81769,40.84427],[-73.81756,40.84425],[-73.81743,40.84418],[-73.81719,40.84392],[-73.81669,40.84397],[-73.81663,40.84394],[-73.81661,40.84383],[-73.81644,40.84367],[-73.81637,40.84352],[-73.81635,40.84333],[-73.8162,40.84307],[-73.81615,40.84301],[-73.81591,40.84287],[-73.81572,40.84254],[-73.81517,40.84258],[-73.81517,40.84255],[-73.8157,40.84252],[-73.81562,40.84246],[-73.81542,40.84239],[-73.81541,40.84233],[-73.81555,40.84216],[-73.81558,40.84184],[-73.81553,40.84165],[-73.81533,40.84149],[-73.81526,40.84126],[-73.81523,40.84123],[-73.81476,40.84141],[-73.81473,40.84138],[-73.81522,40.8412],[-73.81523,40.84101],[-73.81509,40.8407],[-73.81505,40.84054],[-73.8149,40.84056],[-73.81491,40.84053],[-73.81505,40.84052],[-73.81497,40.84008],[-73.81481,40.8398],[-73.81437,40.83987],[-73.8148,40.83979],[-73.81477,40.83976],[-73.8147,40.83976],[-73.81472,40.83959],[-73.81432,40.83965],[-73.81431,40.83962],[-73.81472,40.83957],[-73.8147,40.83945],[-73.81478,40.83908],[-73.81539,40.83885],[-73.81543,40.83878],[-73.81555,40.83879],[-73.81567,40.8387],[-73.81585,40.83866],[-73.81596,40.83857],[-73.81626,40.83826],[-73.81634,40.83808],[-73.81629,40.83793],[-73.81645,40.83777],[-73.81648,40.8377],[-73.81636,40.83683],[-73.8163,40.8367],[-73.81616,40.83659],[-73.8162,40.83645],[-73.81606,40.83603],[-73.81585,40.8359],[-73.81557,40.83598],[-73.8155,40.83595],[-73.81554,40.8359],[-73.81568,40.83589],[-73.81606,40.83577],[-73.81607,40.8356],[-73.81601,40.83551],[-73.81557,40.83553],[-73.81561,40.83548],[-73.81596,40.83543],[-73.81608,40.83536],[-73.81611,40.83521],[-73.81609,40.83506],[-73.816,40.83498],[-73.81609,40.83468],[-73.81608,40.83459],[-73.81601,40.83448],[-73.81566,40.83449],[-73.8157,40.83446],[-73.81599,40.8344],[-73.81603,40.83435],[-73.81604,40.83417],[-73.81599,40.83392],[-73.81589,40.83393],[-73.81599,40.8339],[-73.81594,40.83368],[-73.81581,40.83348],[-73.81573,40.8335],[-73.8157,40.83346],[-73.81578,40.83341],[-73.81582,40.8333],[-73.81574,40.83292],[-73.81564,40.8328],[-73.81566,40.83274],[-73.81549,40.8323],[-73.81537,40.8322],[-73.81529,40.83188],[-73.81512,40.83171],[-73.81503,40.83168],[-73.81512,40.83161],[-73.81505,40.83146],[-73.81498,40.83142],[-73.81495,40.83119],[-73.81488,40.83103],[-73.81485,40.83101],[-73.81449,40.83117],[-73.81447,40.83114],[-73.81484,40.83099],[-73.81476,40.83082],[-73.81452,40.83062],[-73.81391,40.83092],[-73.8139,40.83091],[-73.81451,40.83061],[-73.81441,40.8305],[-73.81429,40.83051],[-73.81431,40.83036],[-73.81386,40.83056],[-73.8143,40.83035],[-73.81416,40.83021],[-73.8139,40.83007],[-73.81382,40.82997],[-73.81387,40.82986],[-73.8137,40.82993],[-73.81367,40.82989],[-73.81389,40.82982],[-73.81389,40.82978],[-73.81383,40.82964],[-73.8137,40.82955],[-73.81358,40.82961],[-73.81357,40.82959],[-73.81369,40.82953],[-73.81361,40.82938],[-73.81355,40.82934],[-73.81346,40.82939],[-73.81338,40.82939],[-73.81339,40.82932],[-73.81346,40.82929],[-73.8135,40.82922],[-73.81339,40.82902],[-73.8132,40.82893],[-73.81299,40.82898],[-73.8129,40.82895],[-73.81299,40.82888],[-73.81318,40.8288],[-73.81316,40.82878],[-73.81305,40.8288],[-73.81306,40.82876],[-73.81315,40.82872],[-73.81313,40.82869],[-73.81304,40.82867],[-73.81294,40.8287],[-73.81284,40.82865],[-73.8128,40.82859],[-73.81287,40.82837],[-73.81275,40.82825],[-73.81107,40.82829],[-73.81002,40.82825],[-73.80993,40.82819],[-73.80998,40.82791],[-73.8101,40.82782],[-73.81019,40.82788],[-73.8103,40.82799],[-73.81105,40.82798],[-73.81105,40.82784],[-73.81025,40.82783],[-73.81025,40.8278],[-73.81004,40.82778],[-73.81028,40.82778],[-73.81028,40.82782],[-73.81182,40.82783],[-73.81107,40.82784],[-73.81107,40.82798],[-73.81159,40.828],[-73.81188,40.82798],[-73.81233,40.82786],[-73.81264,40.82784],[-73.8127,40.8278],[-73.81273,40.82774],[-73.81265,40.82756],[-73.81328,40.82722],[-73.81355,40.82694],[-73.81385,40.8268],[-73.81389,40.82674],[-73.81389,40.82666],[-73.81372,40.82652],[-73.81368,40.82643],[-73.81372,40.82627],[-73.81292,40.82638],[-73.81292,40.82635],[-73.81373,40.82626],[-73.81382,40.82616],[-73.81399,40.82607],[-73.81404,40.82596],[-73.81395,40.82573],[-73.81342,40.82593],[-73.81394,40.82572],[-73.8138,40.82558],[-73.81379,40.82549],[-73.81384,40.82539],[-73.8138,40.8253],[-73.81334,40.82517],[-73.81211,40.82555],[-73.81294,40.82524],[-73.81328,40.82516],[-73.81312,40.82507],[-73.81308,40.82494],[-73.81319,40.82484],[-73.81336,40.82475],[-73.81404,40.82448],[-73.814,40.82425],[-73.81393,40.82414],[-73.81378,40.824],[-73.81327,40.82397],[-73.81319,40.82414],[-73.81308,40.82416],[-73.81286,40.82428],[-73.81281,40.82434],[-73.81278,40.82444],[-73.81282,40.82462],[-73.81281,40.82473],[-73.81273,40.82478],[-73.81264,40.82471],[-73.8125,40.82453],[-73.81232,40.82441],[-73.81202,40.82433],[-73.81177,40.82434],[-73.81159,40.82449],[-73.81164,40.8246],[-73.81161,40.82461],[-73.81156,40.82451],[-73.81122,40.82459],[-73.81119,40.82463],[-73.8112,40.82479],[-73.81114,40.82478],[-73.8111,40.82472],[-73.81103,40.82471],[-73.81098,40.8248],[-73.81085,40.82487],[-73.81087,40.82511],[-73.81078,40.82511],[-73.81076,40.8249],[-73.81041,40.82502],[-73.8103,40.82516],[-73.81006,40.82514],[-73.80965,40.82528],[-73.80944,40.82549],[-73.80925,40.82564],[-73.8092,40.82581],[-73.80909,40.82587],[-73.80878,40.8258],[-73.80847,40.82586],[-73.80828,40.8258],[-73.808,40.82579],[-73.80798,40.82583],[-73.80795,40.82583],[-73.80796,40.82578],[-73.80783,40.82577],[-73.80776,40.82579],[-73.80771,40.82589],[-73.80767,40.8259],[-73.80764,40.82583],[-73.80735,40.82563],[-73.80723,40.82546],[-73.80698,40.82539],[-73.807,40.82532],[-73.80697,40.82524],[-73.80682,40.825],[-73.80673,40.82468],[-73.80669,40.82464],[-73.80656,40.82461],[-73.80657,40.82458],[-73.80672,40.82454],[-73.80678,40.82445],[-73.80675,40.82431],[-73.80671,40.82426],[-73.80654,40.82423],[-73.80652,40.8242],[-73.80653,40.82417],[-73.80673,40.82413],[-73.80679,40.82399],[-73.80675,40.82383],[-73.80646,40.8238],[-73.80651,40.82376],[-73.80666,40.82373],[-73.80669,40.82368],[-73.80666,40.82342],[-73.8066,40.82334],[-73.80651,40.82329],[-73.80626,40.82334],[-73.80624,40.82331],[-73.80646,40.82322],[-73.80651,40.82315],[-73.80638,40.82289],[-73.8063,40.82284],[-73.80605,40.82291],[-73.80597,40.82291],[-73.80595,40.82288],[-73.80615,40.82282],[-73.80622,40.82274],[-73.80621,40.82261],[-73.80586,40.8219],[-73.80582,40.82177],[-73.80585,40.82155],[-73.80596,40.82143],[-73.80599,40.82082],[-73.80573,40.82018],[-73.80462,40.81903],[-73.80441,40.81883],[-73.80405,40.81857],[-73.80348,40.81828],[-73.80313,40.81824],[-73.80267,40.81824],[-73.80262,40.81827],[-73.80259,40.81842],[-73.80252,40.81853],[-73.80247,40.81854],[-73.8023,40.81848],[-73.8022,40.81854],[-73.80208,40.81856],[-73.80205,40.81855],[-73.80204,40.81847],[-73.80188,40.81836],[-73.80139,40.81822],[-73.80112,40.81811],[-73.80081,40.81809],[-73.80071,40.81805],[-73.80059,40.81794],[-73.80057,40.8177],[-73.80032,40.81756],[-73.7985,40.81691],[-73.79813,40.81681],[-73.79795,40.81662],[-73.79759,40.81651],[-73.79738,40.81576],[-73.79771,40.81551],[-73.79812,40.8157],[-73.79864,40.81546],[-73.79903,40.81554],[-73.79995,40.81445],[-73.80011,40.81402],[-73.80049,40.81387],[-73.80092,40.81376],[-73.80132,40.81326],[-73.80146,40.81294],[-73.80175,40.81287],[-73.80143,40.81242],[-73.80137,40.81244],[-73.80134,40.81239],[-73.8014,40.81236],[-73.80176,40.81286],[-73.80217,40.81276],[-73.80243,40.81258],[-73.80259,40.81251],[-73.80286,40.81245],[-73.80305,40.81245],[-73.80332,40.8125],[-73.80347,40.81256],[-73.80361,40.81252],[-73.80365,40.81261],[-73.80352,40.81292],[-73.80362,40.81296],[-73.80374,40.81279],[-73.80378,40.81281],[-73.80361,40.81304],[-73.80424,40.81365],[-73.80436,40.81361],[-73.80415,40.81373],[-73.80423,40.81366],[-73.80356,40.81304],[-73.80361,40.81297],[-73.80351,40.81294],[-73.80339,40.81313],[-73.80325,40.8132],[-73.80324,40.8133],[-73.80346,40.81333],[-73.80345,40.81335],[-73.80323,40.81332],[-73.80322,40.81336],[-73.80346,40.8134],[-73.80397,40.81397],[-73.80409,40.81395],[-73.80443,40.81429],[-73.80453,40.81425],[-73.80443,40.81432],[-73.80404,40.81396],[-73.80396,40.81399],[-73.80343,40.81342],[-73.80322,40.81337],[-73.8032,40.81351],[-73.80352,40.81395],[-73.80418,40.81459],[-73.80431,40.81459],[-73.80439,40.81454],[-73.80443,40.81458],[-73.80433,40.8146],[-73.80447,40.81489],[-73.80472,40.81523],[-73.80503,40.81551],[-73.80511,40.81564],[-73.80585,40.81601],[-73.80596,40.81604],[-73.8062,40.81629],[-73.80628,40.81627],[-73.80642,40.81651],[-73.80655,40.81661],[-73.80658,40.81659],[-73.80631,40.81615],[-73.80612,40.81595],[-73.80545,40.8155],[-73.80538,40.81548],[-73.80508,40.8152],[-73.80455,40.81463],[-73.80454,40.81461],[-73.80466,40.81454],[-73.80468,40.81457],[-73.80459,40.81462],[-73.80528,40.81538],[-73.8061,40.81592],[-73.80633,40.81614],[-73.80661,40.81658],[-73.80671,40.81655],[-73.80672,40.81658],[-73.80658,40.81662],[-73.80661,40.81666],[-73.80693,40.81657],[-73.80654,40.81589],[-73.80694,40.81656],[-73.80705,40.81653],[-73.80695,40.81621],[-73.80677,40.81598],[-73.80663,40.81568],[-73.80658,40.81573],[-73.8064,40.8157],[-73.80641,40.81566],[-73.80656,40.81569],[-73.80662,40.81567],[-73.80659,40.81562],[-73.80635,40.81553],[-73.80567,40.81521],[-73.80532,40.81478],[-73.80517,40.81369],[-73.80519,40.81314],[-73.80505,40.81289],[-73.8048,40.81273],[-73.80439,40.81223],[-73.80421,40.81216],[-73.8039,40.81214],[-73.80361,40.81194],[-73.80335,40.81163],[-73.80317,40.81127],[-73.80273,40.81063],[-73.80253,40.81048],[-73.80224,40.8102],[-73.80205,40.81016],[-73.80136,40.81071],[-73.80116,40.81059],[-73.80101,40.81071],[-73.80124,40.81048],[-73.80147,40.81014],[-73.80011,40.80971],[-73.79854,40.80959],[-73.79376,40.80745],[-73.79229,40.80685],[-73.79166,40.80688],[-73.79149,40.80694],[-73.7914,40.807],[-73.79131,40.8071],[-73.7913,40.80717],[-73.79136,40.80726],[-73.79159,40.80741],[-73.79152,40.80749],[-73.79144,40.8075],[-73.79086,40.80734],[-73.79074,40.80697],[-73.79073,40.80659],[-73.79043,40.80633],[-73.79025,40.80602],[-73.79012,40.80577],[-73.79006,40.80541],[-73.79015,40.80508],[-73.79028,40.80482],[-73.79066,40.80449],[-73.79104,40.80426],[-73.79169,40.80412],[-73.79206,40.8041],[-73.79225,40.804],[-73.79285,40.80417],[-73.79339,40.8042],[-73.79351,40.80426],[-73.79359,40.80437],[-73.79366,40.80439],[-73.79401,40.80464],[-73.79401,40.80483],[-73.79452,40.805],[-73.7948,40.80536],[-73.79505,40.80561],[-73.79532,40.80584],[-73.79578,40.80616],[-73.79584,40.80617],[-73.79601,40.80592],[-73.79619,40.806],[-73.79621,40.80597],[-73.7965,40.8061],[-73.79637,40.80628],[-73.79703,40.80635],[-73.79792,40.80671],[-73.79885,40.80718],[-73.80054,40.8084],[-73.80131,40.80878],[-73.80145,40.80887],[-73.80145,40.80891],[-73.80167,40.80902],[-73.80222,40.80914],[-73.80278,40.80912],[-73.80359,40.80876],[-73.80368,40.80859],[-73.80373,40.80853],[-73.80381,40.80851],[-73.80393,40.80853],[-73.80405,40.80875],[-73.80468,40.80923],[-73.80502,40.80944],[-73.80506,40.80936],[-73.80512,40.8094],[-73.80504,40.80946],[-73.80567,40.8098],[-73.80621,40.81005],[-73.80714,40.81066],[-73.80759,40.81127],[-73.80823,40.81189],[-73.80894,40.81241],[-73.80933,40.81264],[-73.80992,40.81293],[-73.81027,40.813],[-73.8105,40.81296],[-73.8106,40.81294],[-73.81067,40.81276],[-73.81078,40.81277],[-73.81083,40.81285],[-73.8109,40.81289],[-73.81108,40.81288],[-73.81125,40.81299],[-73.81157,40.81305],[-73.81177,40.81304],[-73.81185,40.81294],[-73.81194,40.81303],[-73.81277,40.81316],[-73.81313,40.81333],[-73.81347,40.81339],[-73.8136,40.81333],[-73.81358,40.81336],[-73.8136,40.81339],[-73.81355,40.81343],[-73.8137,40.81353],[-73.81389,40.81359],[-73.81416,40.81352],[-73.81443,40.81352],[-73.81446,40.81296],[-73.81437,40.81296],[-73.81437,40.81294],[-73.8145,40.81291],[-73.81453,40.81295],[-73.81462,40.81297],[-73.8145,40.81296],[-73.81448,40.81352],[-73.81502,40.81354],[-73.81566,40.81351],[-73.81576,40.81357],[-73.81588,40.81377],[-73.8162,40.81385],[-73.81648,40.81385],[-73.81668,40.8138],[-73.81675,40.81371],[-73.81737,40.81357],[-73.81736,40.81338],[-73.81739,40.81357],[-73.81792,40.81354],[-73.81794,40.8133],[-73.81798,40.8133],[-73.81796,40.81354],[-73.81804,40.81353],[-73.81808,40.81352],[-73.81808,40.81347],[-73.8182,40.81349],[-73.81874,40.81343],[-73.81947,40.81324],[-73.81982,40.81318],[-73.82007,40.81304],[-73.82011,40.81286],[-73.82039,40.81284],[-73.82041,40.81297],[-73.82048,40.81302],[-73.82056,40.81302],[-73.82049,40.81284],[-73.82045,40.81285],[-73.8204,40.81277],[-73.82046,40.81276],[-73.82044,40.81271],[-73.82029,40.81245],[-73.82024,40.81243],[-73.82107,40.8122],[-73.82108,40.81223],[-73.82032,40.81244],[-73.82042,40.81264],[-73.82113,40.81245],[-73.82044,40.81266],[-73.82048,40.81275],[-73.82053,40.81274],[-73.82056,40.81281],[-73.82053,40.81283],[-73.82059,40.81302],[-73.82118,40.81295],[-73.82125,40.8129],[-73.82122,40.81285],[-73.82141,40.81287],[-73.82139,40.81284],[-73.82146,40.81282],[-73.82142,40.8127],[-73.82152,40.81285],[-73.82162,40.81283],[-73.82169,40.81277],[-73.82166,40.81267],[-73.8217,40.81266],[-73.82176,40.81277],[-73.82197,40.81275],[-73.82211,40.8127],[-73.82209,40.81263],[-73.82213,40.81262],[-73.82218,40.81268],[-73.82228,40.81266],[-73.82213,40.81237],[-73.82217,40.81235],[-73.82231,40.81266],[-73.82264,40.81258],[-73.82273,40.81251],[-73.82308,40.81245],[-73.82339,40.81236],[-73.82345,40.81232],[-73.82347,40.81219],[-73.82356,40.81228],[-73.82362,40.81228],[-73.82406,40.81217],[-73.82454,40.81199],[-73.82459,40.8119],[-73.8246,40.81177],[-73.82471,40.8117],[-73.82479,40.81172],[-73.82487,40.81185],[-73.82506,40.81183],[-73.82481,40.81144],[-73.82493,40.81154],[-73.82492,40.81157],[-73.82508,40.81182],[-73.82524,40.81176],[-73.82488,40.81127],[-73.82492,40.81126],[-73.82527,40.81175],[-73.82549,40.81166],[-73.82521,40.81122],[-73.82523,40.81121],[-73.82551,40.81165],[-73.82565,40.81159],[-73.82533,40.81104],[-73.82536,40.81103],[-73.82567,40.81158],[-73.82577,40.81155],[-73.8256,40.81124],[-73.82563,40.81123],[-73.8255,40.81103],[-73.82554,40.81102],[-73.82581,40.81153],[-73.82593,40.81149],[-73.82577,40.81122],[-73.8258,40.81121],[-73.82596,40.81147],[-73.82608,40.81141],[-73.82613,40.8113],[-73.82631,40.81128],[-73.82725,40.81144],[-73.82803,40.81145],[-73.8286,40.81139],[-73.82916,40.81127],[-73.82969,40.81108],[-73.83018,40.81084],[-73.83048,40.81065],[-73.83096,40.81027],[-73.83138,40.80986],[-73.83162,40.80957],[-73.83184,40.80926],[-73.83217,40.80816],[-73.8322,40.80773],[-73.83209,40.80731],[-73.83191,40.80702],[-73.83158,40.80667],[-73.83165,40.80616],[-73.8314,40.80517],[-73.83161,40.80503],[-73.83162,40.80494],[-73.83301,40.80497],[-73.83406,40.80511],[-73.83507,40.80536],[-73.83589,40.80566],[-73.83691,40.80593],[-73.83716,40.80604],[-73.83744,40.8062],[-73.83805,40.80701],[-73.83807,40.80709],[-73.83804,40.80743],[-73.83807,40.80768],[-73.83824,40.80818],[-73.83838,40.80841],[-73.83848,40.80849],[-73.83854,40.80871],[-73.83889,40.80932],[-73.83892,40.80942],[-73.83919,40.80974],[-73.83945,40.81024],[-73.83957,40.81037],[-73.83997,40.81101],[-73.84009,40.81127],[-73.84026,40.81144],[-73.8403,40.81157],[-73.84026,40.81203],[-73.84033,40.81231],[-73.8404,40.8124],[-73.84043,40.81254],[-73.84029,40.81286],[-73.84033,40.81314],[-73.84027,40.81328],[-73.84002,40.81362],[-73.83987,40.81378],[-73.83966,40.81392],[-73.83963,40.81401],[-73.83965,40.81422],[-73.83959,40.81433],[-73.83957,40.81449],[-73.83953,40.81518],[-73.83962,40.81538],[-73.8396,40.81561],[-73.83954,40.81582],[-73.83959,40.81599],[-73.83973,40.81623],[-73.83975,40.8165],[-73.83983,40.81662],[-73.83997,40.8167],[-73.84019,40.81719],[-73.84007,40.81755],[-73.8401,40.81774],[-73.84002,40.81798],[-73.83921,40.81889],[-73.83893,40.819],[-73.83879,40.81953],[-73.83868,40.81959],[-73.83881,40.81974],[-73.83906,40.8198],[-73.83905,40.81998],[-73.839,40.82016],[-73.839,40.8207],[-73.83893,40.82133],[-73.83901,40.82195],[-73.83892,40.82204],[-73.83888,40.82214],[-73.83891,40.82222],[-73.83907,40.82225],[-73.83906,40.82232],[-73.83901,40.82238],[-73.83906,40.8224],[-73.83905,40.82269],[-73.83921,40.82288],[-73.83945,40.82292],[-73.83953,40.82304],[-73.83946,40.82316],[-73.8395,40.82322],[-73.83945,40.82327],[-73.83958,40.82343],[-73.83963,40.82369],[-73.83961,40.82386],[-73.83974,40.82411],[-73.84004,40.82423],[-73.84013,40.82432],[-73.84027,40.82476],[-73.84067,40.82548],[-73.84111,40.82615],[-73.84114,40.82635],[-73.84132,40.82676],[-73.84146,40.82696],[-73.84194,40.82789],[-73.84222,40.82834],[-73.84233,40.82907],[-73.84223,40.82983],[-73.84189,40.83071],[-73.84085,40.83175],[-73.84075,40.83178],[-73.84024,40.8322],[-73.83943,40.83298],[-73.83918,40.83316],[-73.839,40.83338],[-73.83885,40.83369],[-73.83881,40.83396],[-73.83893,40.83443],[-73.83897,40.83501],[-73.83904,40.83529],[-73.83905,40.83558],[-73.83909,40.83572],[-73.83923,40.83674],[-73.83919,40.83711],[-73.83926,40.8372],[-73.83922,40.83739],[-73.83929,40.83783],[-73.83929,40.83804],[-73.83916,40.83846],[-73.83919,40.83871],[-73.83936,40.8388],[-73.83959,40.8388],[-73.83972,40.83957],[-73.8403,40.83952],[-73.84027,40.83921],[-73.84016,40.83907],[-73.84011,40.83885],[-73.84003,40.83886],[-73.84003,40.83895],[-73.84001,40.83884],[-73.8401,40.83883],[-73.84007,40.83875],[-73.84014,40.83861],[-73.83996,40.83829],[-73.84,40.83825],[-73.83992,40.83782],[-73.83985,40.83782],[-73.83984,40.8379],[-73.83983,40.83769],[-73.83985,40.83779],[-73.83992,40.83778],[-73.83995,40.83758],[-73.83989,40.83699],[-73.83984,40.83689],[-73.83984,40.83612],[-73.83975,40.83613],[-73.83976,40.8363],[-73.83973,40.83613],[-73.83969,40.8361],[-73.83967,40.83613],[-73.83966,40.83607],[-73.83983,40.83605],[-73.83982,40.83602],[-73.83971,40.83602],[-73.83982,40.836],[-73.83982,40.83596],[-73.83972,40.83596],[-73.83981,40.83594],[-73.83981,40.83589],[-73.83976,40.83589],[-73.83981,40.83587],[-73.8398,40.83581],[-73.83965,40.83583],[-73.83968,40.83606],[-73.8396,40.83567],[-73.83966,40.8358],[-73.8398,40.83579],[-73.83979,40.83574],[-73.83966,40.83574],[-73.83979,40.83573],[-73.83978,40.83568],[-73.83968,40.83568],[-73.83978,40.83566],[-73.83979,40.83562],[-73.84,40.83566],[-73.84849,40.83452],[-73.85168,40.8342],[-73.85207,40.83563],[-73.85309,40.84105],[-73.85334,40.84247],[-73.84806,40.84307],[-73.84749,40.84356],[-73.84491,40.84543],[-73.84429,40.84468],[-73.84328,40.84354],[-73.84146,40.84096],[-73.84124,40.8406],[-73.83937,40.84088],[-73.83839,40.84068],[-73.83825,40.8413],[-73.8378,40.84273],[-73.83715,40.84459],[-73.83671,40.84606],[-73.83647,40.84715],[-73.83634,40.84864],[-73.83629,40.84971],[-73.83614,40.85104],[-73.83599,40.8518],[-73.83586,40.85225],[-73.83552,40.85302],[-73.83536,40.85332],[-73.83458,40.85443],[-73.83393,40.85513],[-73.83284,40.85604],[-73.83193,40.85669],[-73.83111,40.85752],[-73.82812,40.86118],[-73.82892,40.86221],[-73.83056,40.86474],[-73.83071,40.86481],[-73.8309,40.86513],[-73.83269,40.86855],[-73.83372,40.87077],[-73.83395,40.87133],[-73.83427,40.87243],[-73.83447,40.87341],[-73.83444,40.87488],[-73.83449,40.87607],[-73.83425,40.87702],[-73.83405,40.87758],[-73.83348,40.87863],[-73.8326,40.87966],[-73.83203,40.88023],[-73.83138,40.8808],[-73.83084,40.88122],[-73.83007,40.88175],[-73.82837,40.8827],[-73.82651,40.88359],[-73.82586,40.88388],[-73.82487,40.88425],[-73.82337,40.88473],[-73.81983,40.88567],[-73.81979,40.8856],[-73.81958,40.88415],[-73.81934,40.88356],[-73.81946,40.88326],[-73.81959,40.88315],[-73.81975,40.88283],[-73.81977,40.88264],[-73.81957,40.88249],[-73.81956,40.88243],[-73.81969,40.88231],[-73.81973,40.88223],[-73.81971,40.88214]],[[-73.81937,40.86594],[-73.8191,40.8652],[-73.81812,40.86557],[-73.81799,40.86609],[-73.81937,40.86594]]],[[[-73.79019,40.85861],[-73.79005,40.85848],[-73.78992,40.85853],[-73.78972,40.85856],[-73.78934,40.85856],[-73.78898,40.85847],[-73.78891,40.8582],[-73.7889,40.85799],[-73.7888,40.85771],[-73.78878,40.85742],[-73.78818,40.85751],[-73.78818,40.85753],[-73.78804,40.85756],[-73.78803,40.85751],[-73.78878,40.8574],[-73.78871,40.85705],[-73.78881,40.8568],[-73.78878,40.85671],[-73.7889,40.85657],[-73.78876,40.85632],[-73.78862,40.85628],[-73.78858,40.85616],[-73.78854,40.85616],[-73.78847,40.85587],[-73.78836,40.85563],[-73.78843,40.85533],[-73.78842,40.85519],[-73.78855,40.85515],[-73.7885,40.85505],[-73.78834,40.85503],[-73.78829,40.85482],[-73.78842,40.85473],[-73.78842,40.85457],[-73.78848,40.85445],[-73.78848,40.8544],[-73.78835,40.85415],[-73.78756,40.85438],[-73.78736,40.85442],[-73.78735,40.85439],[-73.78835,40.85413],[-73.78832,40.8541],[-73.7882,40.85413],[-73.78817,40.85409],[-73.78769,40.85419],[-73.78731,40.85421],[-73.7872,40.85418],[-73.78713,40.85404],[-73.78691,40.85408],[-73.78691,40.85406],[-73.78713,40.85402],[-73.78721,40.85395],[-73.78793,40.85374],[-73.78801,40.85366],[-73.78801,40.85357],[-73.78796,40.85347],[-73.78761,40.85311],[-73.78716,40.85276],[-73.78708,40.8528],[-73.78706,40.85278],[-73.78714,40.85273],[-73.78694,40.85258],[-73.78678,40.85256],[-73.78677,40.85245],[-73.78642,40.85214],[-73.78588,40.85179],[-73.78566,40.8518],[-73.78545,40.85166],[-73.78529,40.85162],[-73.78481,40.85175],[-73.78433,40.85178],[-73.78413,40.85183],[-73.78412,40.85181],[-73.78431,40.85177],[-73.78403,40.85161],[-73.78398,40.85153],[-73.78387,40.85156],[-73.78386,40.85153],[-73.78397,40.85151],[-73.78396,40.85149],[-73.78358,40.85157],[-73.78354,40.85154],[-73.78338,40.85159],[-73.78353,40.85152],[-73.78344,40.8514],[-73.7836,40.85132],[-73.78435,40.8511],[-73.78448,40.85107],[-73.7846,40.8511],[-73.78452,40.85089],[-73.78445,40.8509],[-73.78443,40.85086],[-73.7845,40.85085],[-73.78445,40.85077],[-73.78427,40.85077],[-73.78408,40.85063],[-73.78385,40.85071],[-73.78384,40.85069],[-73.78407,40.85063],[-73.78402,40.85058],[-73.78401,40.85048],[-73.78426,40.85025],[-73.7842,40.85006],[-73.78353,40.84922],[-73.78345,40.84918],[-73.78318,40.84922],[-73.78304,40.84907],[-73.78245,40.84934],[-73.78222,40.84917],[-73.78209,40.84925],[-73.78207,40.84923],[-73.78219,40.84914],[-73.78216,40.84912],[-73.78157,40.84943],[-73.78154,40.8494],[-73.78214,40.8491],[-73.78194,40.84893],[-73.78183,40.84896],[-73.7817,40.84885],[-73.78162,40.8489],[-73.78169,40.84884],[-73.78161,40.84877],[-73.78153,40.84886],[-73.78151,40.84884],[-73.78159,40.84875],[-73.78157,40.84873],[-73.78154,40.84873],[-73.78146,40.84881],[-73.78143,40.8488],[-73.78151,40.84872],[-73.78149,40.84858],[-73.78204,40.84844],[-73.782,40.84834],[-73.78202,40.84834],[-73.78206,40.84845],[-73.78179,40.84853],[-73.7818,40.84855],[-73.78207,40.84847],[-73.7821,40.8484],[-73.78256,40.84828],[-73.78262,40.84824],[-73.78267,40.84814],[-73.78155,40.8484],[-73.78153,40.84834],[-73.78138,40.84838],[-73.78139,40.84842],[-73.78111,40.84852],[-73.78108,40.84849],[-73.7813,40.84842],[-73.78132,40.84839],[-73.78098,40.84846],[-73.78101,40.84842],[-73.78131,40.84835],[-73.7813,40.84832],[-73.7811,40.84832],[-73.78111,40.84829],[-73.78135,40.84829],[-73.78137,40.84833],[-73.78173,40.84823],[-73.78183,40.84825],[-73.78264,40.84807],[-73.7825,40.84791],[-73.78158,40.84804],[-73.78148,40.84788],[-73.7815,40.84768],[-73.78143,40.84746],[-73.78152,40.84731],[-73.78184,40.84714],[-73.78183,40.84707],[-73.78205,40.84699],[-73.7821,40.84691],[-73.78221,40.84686],[-73.78216,40.84664],[-73.78113,40.84683],[-73.78114,40.84685],[-73.78107,40.84687],[-73.78106,40.84685],[-73.78064,40.84692],[-73.78068,40.84706],[-73.78046,40.8471],[-73.7804,40.84693],[-73.78106,40.8468],[-73.78115,40.84625],[-73.78119,40.84625],[-73.78111,40.84675],[-73.78169,40.84664],[-73.78172,40.84641],[-73.78174,40.84641],[-73.78171,40.84666],[-73.7811,40.84677],[-73.78109,40.8468],[-73.78216,40.84661],[-73.78214,40.84658],[-73.78233,40.84655],[-73.78229,40.84646],[-73.78251,40.84641],[-73.78236,40.84598],[-73.78258,40.84594],[-73.7825,40.84566],[-73.78309,40.84552],[-73.78315,40.84531],[-73.78311,40.84531],[-73.78307,40.84551],[-73.78258,40.8456],[-73.78242,40.84568],[-73.78182,40.84576],[-73.78238,40.84567],[-73.78251,40.84562],[-73.7825,40.8456],[-73.78305,40.8455],[-73.78309,40.84517],[-73.78306,40.84509],[-73.78191,40.84536],[-73.78184,40.84549],[-73.78182,40.84548],[-73.78189,40.84533],[-73.78307,40.84506],[-73.78313,40.84518],[-73.78311,40.84529],[-73.78315,40.8453],[-73.78322,40.84506],[-73.7831,40.84499],[-73.78298,40.84468],[-73.78337,40.84444],[-73.78332,40.84435],[-73.78306,40.84437],[-73.78301,40.84417],[-73.78327,40.84407],[-73.78309,40.84387],[-73.7835,40.84373],[-73.78348,40.84368],[-73.78299,40.84379],[-73.78289,40.84389],[-73.78291,40.84394],[-73.78055,40.84447],[-73.78058,40.8445],[-73.78053,40.84453],[-73.77993,40.84388],[-73.77998,40.84386],[-73.78053,40.84445],[-73.78056,40.84445],[-73.78037,40.84398],[-73.7804,40.84397],[-73.78058,40.84443],[-73.78106,40.84433],[-73.78088,40.84386],[-73.78091,40.84386],[-73.78109,40.84432],[-73.78155,40.84422],[-73.78135,40.84371],[-73.78138,40.8437],[-73.78158,40.84421],[-73.78201,40.84411],[-73.7818,40.84358],[-73.78183,40.84358],[-73.78204,40.8441],[-73.78244,40.84401],[-73.78222,40.84345],[-73.78225,40.84344],[-73.78247,40.844],[-73.78282,40.84392],[-73.78257,40.84329],[-73.78261,40.84329],[-73.78278,40.84375],[-73.78309,40.84369],[-73.78287,40.84312],[-73.7829,40.84312],[-73.78313,40.8437],[-73.78281,40.84378],[-73.78284,40.84389],[-73.78298,40.84377],[-73.78347,40.84365],[-73.78319,40.84287],[-73.78305,40.8429],[-73.78325,40.84347],[-73.78321,40.84348],[-73.78301,40.8429],[-73.78291,40.84292],[-73.78289,40.84287],[-73.78314,40.84282],[-73.78312,40.84277],[-73.78292,40.84281],[-73.7829,40.84278],[-73.78312,40.84274],[-73.78289,40.84249],[-73.78273,40.84252],[-73.78282,40.84276],[-73.78278,40.84277],[-73.78271,40.84253],[-73.7823,40.84261],[-73.78244,40.84304],[-73.78241,40.84305],[-73.78227,40.84261],[-73.7818,40.8427],[-73.78197,40.84322],[-73.78193,40.84323],[-73.78177,40.8427],[-73.78125,40.8428],[-73.78143,40.84337],[-73.78139,40.84338],[-73.78122,40.8428],[-73.78067,40.84291],[-73.78086,40.8435],[-73.78083,40.84351],[-73.78064,40.84291],[-73.7803,40.84297],[-73.78029,40.84378],[-73.78023,40.84378],[-73.78023,40.84288],[-73.78029,40.84288],[-73.78029,40.84295],[-73.78286,40.84248],[-73.78272,40.84245],[-73.78231,40.84252],[-73.7823,40.84249],[-73.78243,40.84247],[-73.78241,40.84245],[-73.7806,40.84279],[-73.78059,40.84275],[-73.78237,40.84243],[-73.78234,40.84234],[-73.78215,40.84236],[-73.78233,40.84232],[-73.78231,40.84222],[-73.78216,40.84228],[-73.78163,40.84235],[-73.78162,40.84233],[-73.78231,40.84221],[-73.78233,40.8421],[-73.78237,40.84207],[-73.78233,40.84192],[-73.78229,40.84193],[-73.78231,40.84198],[-73.78228,40.84199],[-73.78227,40.84195],[-73.78145,40.84217],[-73.78144,40.84214],[-73.78232,40.8419],[-73.78227,40.84179],[-73.78204,40.84184],[-73.78226,40.84178],[-73.78224,40.84174],[-73.78202,40.84179],[-73.78224,40.84173],[-73.78217,40.84169],[-73.78188,40.84173],[-73.78187,40.84169],[-73.78141,40.84177],[-73.78142,40.84181],[-73.7813,40.84179],[-73.78132,40.84186],[-73.78127,40.84187],[-73.78134,40.842],[-73.78131,40.842],[-73.78125,40.84188],[-73.78113,40.84191],[-73.7812,40.84204],[-73.78117,40.84205],[-73.7811,40.84192],[-73.78098,40.84195],[-73.78105,40.84208],[-73.78102,40.84209],[-73.78096,40.84196],[-73.78085,40.84199],[-73.78092,40.84212],[-73.78089,40.84213],[-73.78081,40.842],[-73.7807,40.84203],[-73.78076,40.84218],[-73.78072,40.84219],[-73.78066,40.84204],[-73.78053,40.84208],[-73.78059,40.84221],[-73.78056,40.84221],[-73.7805,40.84209],[-73.78044,40.84211],[-73.78046,40.84215],[-73.78039,40.84216],[-73.78035,40.84211],[-73.78043,40.84249],[-73.7803,40.84251],[-73.7802,40.84205],[-73.78033,40.84203],[-73.78034,40.8421],[-73.78038,40.84209],[-73.78126,40.84184],[-73.78124,40.84177],[-73.78185,40.84165],[-73.78184,40.8414],[-73.7818,40.84128],[-73.78166,40.84112],[-73.78084,40.84128],[-73.78093,40.84155],[-73.78089,40.84155],[-73.7808,40.84126],[-73.78165,40.8411],[-73.78161,40.84101],[-73.78139,40.84104],[-73.78161,40.841],[-73.7816,40.84095],[-73.78137,40.84098],[-73.78159,40.84094],[-73.78154,40.84078],[-73.78142,40.84071],[-73.78149,40.84062],[-73.78145,40.84051],[-73.78154,40.84042],[-73.78154,40.84039],[-73.78149,40.84021],[-73.78125,40.84026],[-73.78149,40.8402],[-73.78136,40.83973],[-73.78118,40.83975],[-73.78136,40.83971],[-73.78134,40.83948],[-73.78114,40.83949],[-73.78134,40.83947],[-73.78133,40.83929],[-73.78157,40.83854],[-73.78172,40.83822],[-73.782,40.83802],[-73.78188,40.83765],[-73.78238,40.83732],[-73.78273,40.83749],[-73.78291,40.83732],[-73.78289,40.83716],[-73.7828,40.83692],[-73.7827,40.83684],[-73.78268,40.83648],[-73.78282,40.83634],[-73.78303,40.83635],[-73.78338,40.83691],[-73.78366,40.83681],[-73.7841,40.83673],[-73.78431,40.83681],[-73.78448,40.83702],[-73.78492,40.83684],[-73.78488,40.83679],[-73.78498,40.83675],[-73.78508,40.83688],[-73.78498,40.83693],[-73.78494,40.83688],[-73.7845,40.83706],[-73.78485,40.83747],[-73.78513,40.83745],[-73.78564,40.83706],[-73.78583,40.83721],[-73.78579,40.83723],[-73.78565,40.83713],[-73.78517,40.83747],[-73.78528,40.83776],[-73.78558,40.83793],[-73.7855,40.83848],[-73.78555,40.83873],[-73.78553,40.8388],[-73.78574,40.83923],[-73.78593,40.83943],[-73.78615,40.83959],[-73.78627,40.83959],[-73.78653,40.83972],[-73.7873,40.83967],[-73.78733,40.8397],[-73.78741,40.83968],[-73.78734,40.83971],[-73.78749,40.83999],[-73.78749,40.84005],[-73.78745,40.84007],[-73.78764,40.84053],[-73.78736,40.84059],[-73.78749,40.84084],[-73.78818,40.84071],[-73.78814,40.84066],[-73.78809,40.8405],[-73.78816,40.84049],[-73.78821,40.84065],[-73.78819,40.84066],[-73.78825,40.84075],[-73.78752,40.84088],[-73.78758,40.84093],[-73.78779,40.84089],[-73.78786,40.84108],[-73.78761,40.84114],[-73.78761,40.8412],[-73.78784,40.84147],[-73.78812,40.84146],[-73.78825,40.84153],[-73.78837,40.8415],[-73.78826,40.84154],[-73.78825,40.84162],[-73.7882,40.84169],[-73.78802,40.84178],[-73.78805,40.84185],[-73.78829,40.84179],[-73.7883,40.8418],[-73.78806,40.84187],[-73.78823,40.8422],[-73.78838,40.84238],[-73.78852,40.84241],[-73.78884,40.84235],[-73.78853,40.84243],[-73.78872,40.84266],[-73.78876,40.84266],[-73.78879,40.84272],[-73.78876,40.84275],[-73.78884,40.843],[-73.78906,40.84324],[-73.78962,40.84311],[-73.78966,40.84323],[-73.78979,40.84321],[-73.78978,40.84317],[-73.78984,40.84317],[-73.78985,40.84323],[-73.78992,40.84322],[-73.78988,40.84305],[-73.78993,40.84304],[-73.79,40.84331],[-73.78995,40.84331],[-73.78993,40.84324],[-73.78986,40.84325],[-73.78989,40.84338],[-73.78973,40.84341],[-73.78975,40.84345],[-73.7899,40.84342],[-73.78991,40.84344],[-73.78976,40.84347],[-73.7898,40.84359],[-73.78934,40.84368],[-73.78933,40.84379],[-73.78936,40.84384],[-73.78942,40.84384],[-73.78946,40.84395],[-73.78934,40.84399],[-73.78947,40.84429],[-73.7896,40.8445],[-73.78993,40.84492],[-73.79002,40.84493],[-73.7902,40.84519],[-73.7905,40.84549],[-73.79067,40.84574],[-73.79099,40.84565],[-73.79102,40.8457],[-73.7907,40.84579],[-73.79096,40.84623],[-73.79091,40.84625],[-73.79097,40.84636],[-73.79149,40.84625],[-73.7915,40.84628],[-73.79113,40.84636],[-73.79112,40.84643],[-73.79118,40.84656],[-73.79141,40.84655],[-73.79143,40.84658],[-73.79132,40.84661],[-73.79148,40.8468],[-73.79179,40.84673],[-73.7918,40.84677],[-73.79137,40.84689],[-73.79138,40.84695],[-73.79149,40.84696],[-73.79144,40.84731],[-73.79177,40.84723],[-73.79192,40.84723],[-73.79192,40.84726],[-73.79175,40.84727],[-73.79143,40.84736],[-73.79142,40.84748],[-73.79152,40.84746],[-73.79154,40.84754],[-73.79127,40.8476],[-73.79133,40.84806],[-73.79161,40.84803],[-73.79162,40.84805],[-73.79134,40.84809],[-73.79136,40.84823],[-73.79131,40.8484],[-73.79123,40.8485],[-73.79124,40.84855],[-73.79106,40.84873],[-73.79111,40.84881],[-73.79104,40.84874],[-73.79102,40.84881],[-73.79092,40.84887],[-73.79101,40.84899],[-73.79098,40.849],[-73.79089,40.84889],[-73.79025,40.84918],[-73.78976,40.84953],[-73.78986,40.84997],[-73.79065,40.84984],[-73.79093,40.84978],[-73.79091,40.84975],[-73.79095,40.84974],[-73.79099,40.84983],[-73.78987,40.84999],[-73.79002,40.85032],[-73.79025,40.85028],[-73.79024,40.85024],[-73.79028,40.85022],[-73.79026,40.85016],[-73.79036,40.85014],[-73.79041,40.85027],[-73.79014,40.85033],[-73.79015,40.85036],[-73.79023,40.85037],[-73.79005,40.8504],[-73.79012,40.85037],[-73.79012,40.85033],[-73.79002,40.85035],[-73.79004,40.85045],[-73.78992,40.85061],[-73.79102,40.85041],[-73.79102,40.85043],[-73.78993,40.85063],[-73.79003,40.85077],[-73.79007,40.85093],[-73.79025,40.8509],[-73.79007,40.85094],[-73.79009,40.85098],[-73.79027,40.85096],[-73.79009,40.85099],[-73.79012,40.85119],[-73.78951,40.8513],[-73.78956,40.85149],[-73.78966,40.85149],[-73.78979,40.85146],[-73.78978,40.85144],[-73.78971,40.85145],[-73.78967,40.85134],[-73.78977,40.85132],[-73.78981,40.85145],[-73.79006,40.85141],[-73.79002,40.85126],[-73.79005,40.85126],[-73.79009,40.85141],[-73.79035,40.85137],[-73.7903,40.85123],[-73.79034,40.85122],[-73.79038,40.85136],[-73.79082,40.85129],[-73.79078,40.85115],[-73.79082,40.85115],[-73.79086,40.85128],[-73.79099,40.85126],[-73.79099,40.85129],[-73.79087,40.85131],[-73.79089,40.8514],[-73.79086,40.85141],[-73.79083,40.85131],[-73.79039,40.85139],[-73.79041,40.85149],[-73.79039,40.85149],[-73.79035,40.85139],[-73.79009,40.85143],[-73.79012,40.85151],[-73.79007,40.85152],[-73.79005,40.85144],[-73.78966,40.8515],[-73.78973,40.85169],[-73.79015,40.85161],[-73.79017,40.85166],[-73.79089,40.85155],[-73.79092,40.85164],[-73.7902,40.85175],[-73.79022,40.85184],[-73.79025,40.85183],[-73.79023,40.85176],[-73.79046,40.85172],[-73.79046,40.85177],[-73.79027,40.85181],[-73.79029,40.85183],[-73.7903,40.85197],[-73.79008,40.85203],[-73.79016,40.85225],[-73.79024,40.85223],[-73.79016,40.85204],[-73.7902,40.85203],[-73.79027,40.85222],[-73.79053,40.85216],[-73.79045,40.85199],[-73.79051,40.85198],[-73.79057,40.85215],[-73.79081,40.8521],[-73.79074,40.85193],[-73.79058,40.85198],[-73.79056,40.85194],[-73.79079,40.85186],[-73.79082,40.8519],[-73.79076,40.85192],[-73.79079,40.85191],[-73.79085,40.85209],[-73.79111,40.85201],[-73.79107,40.85187],[-73.79101,40.85186],[-73.79117,40.85182],[-73.79118,40.85184],[-73.7911,40.85186],[-73.79119,40.85202],[-73.79146,40.85195],[-73.7914,40.85178],[-73.79132,40.85178],[-73.79152,40.85173],[-73.79152,40.85175],[-73.79143,40.85178],[-73.7915,40.85193],[-73.79177,40.85187],[-73.79173,40.85176],[-73.79248,40.85152],[-73.79249,40.85155],[-73.79177,40.85177],[-73.7918,40.85186],[-73.79205,40.8518],[-73.79206,40.85183],[-73.79017,40.85228],[-73.79114,40.85206],[-73.79121,40.8522],[-73.79133,40.85217],[-73.79121,40.85222],[-73.79123,40.85226],[-73.79136,40.85223],[-73.79124,40.85228],[-73.79318,40.85181],[-73.79309,40.85158],[-73.79312,40.85158],[-73.79322,40.85183],[-73.79315,40.85184],[-73.79325,40.85192],[-73.79324,40.85193],[-73.79313,40.85185],[-73.79125,40.8523],[-73.79138,40.8526],[-73.79341,40.85211],[-73.79338,40.85203],[-73.79341,40.85202],[-73.79351,40.85226],[-73.79348,40.85227],[-73.79342,40.85214],[-73.79139,40.85263],[-73.79145,40.85277],[-73.79042,40.85302],[-73.7905,40.85319],[-73.79077,40.85312],[-73.79079,40.85316],[-73.79101,40.85312],[-73.79101,40.85303],[-73.79103,40.85311],[-73.79145,40.85301],[-73.79139,40.85284],[-73.79144,40.85282],[-73.7915,40.853],[-73.7917,40.85296],[-73.79163,40.85278],[-73.79166,40.85278],[-73.79173,40.85295],[-73.79196,40.8529],[-73.79189,40.85272],[-73.79192,40.85271],[-73.79199,40.85289],[-73.79222,40.85283],[-73.79215,40.85266],[-73.79218,40.85265],[-73.79225,40.85282],[-73.79249,40.85277],[-73.79242,40.85259],[-73.79244,40.85259],[-73.79251,40.85276],[-73.79283,40.85268],[-73.79276,40.85251],[-73.79282,40.85249],[-73.7929,40.8527],[-73.79081,40.8532],[-73.79086,40.85332],[-73.79111,40.85326],[-73.79127,40.85371],[-73.79252,40.85341],[-73.79239,40.85306],[-73.79241,40.85305],[-73.79256,40.8534],[-73.79298,40.8533],[-73.79285,40.85295],[-73.79288,40.85294],[-73.79304,40.85337],[-73.79301,40.85338],[-73.793,40.85333],[-73.79127,40.85373],[-73.79129,40.85384],[-73.79106,40.85392],[-73.79246,40.8536],[-73.79249,40.85367],[-73.79246,40.85368],[-73.79244,40.85363],[-73.79107,40.85394],[-73.79158,40.85389],[-73.79172,40.85392],[-73.79179,40.85399],[-73.79251,40.8539],[-73.79251,40.85385],[-73.79254,40.85385],[-73.79257,40.85402],[-73.79253,40.85402],[-73.79252,40.85392],[-73.79179,40.854],[-73.79192,40.85422],[-73.79134,40.85444],[-73.79129,40.85458],[-73.79187,40.85542],[-73.79208,40.85565],[-73.7925,40.85579],[-73.79249,40.85595],[-73.79231,40.85607],[-73.79212,40.85601],[-73.79202,40.85618],[-73.79257,40.85621],[-73.79257,40.85623],[-73.79264,40.85624],[-73.79265,40.8562],[-73.79271,40.85619],[-73.79269,40.85634],[-73.79312,40.85637],[-73.79316,40.85635],[-73.79315,40.85647],[-73.79311,40.85646],[-73.79312,40.8564],[-73.79262,40.85636],[-73.79263,40.85625],[-73.79201,40.85623],[-73.79199,40.85637],[-73.79194,40.85641],[-73.79207,40.85641],[-73.79209,40.85648],[-73.79201,40.85654],[-73.79191,40.85652],[-73.7919,40.85655],[-73.79305,40.85673],[-73.79307,40.85668],[-73.79309,40.85669],[-73.79306,40.85682],[-73.79303,40.85681],[-73.79305,40.85675],[-73.79189,40.85657],[-73.79186,40.85667],[-73.79183,40.85667],[-73.79196,40.85672],[-73.79182,40.85668],[-73.79179,40.85672],[-73.79193,40.85677],[-73.79179,40.85673],[-73.79171,40.85685],[-73.79186,40.85679],[-73.79188,40.85682],[-73.79174,40.85687],[-73.79182,40.8569],[-73.79187,40.85698],[-73.7922,40.85715],[-73.79237,40.85691],[-73.79243,40.85693],[-73.79222,40.85715],[-73.79283,40.85744],[-73.79295,40.85699],[-73.79301,40.857],[-73.79288,40.85748],[-73.79186,40.857],[-73.79268,40.85742],[-73.79261,40.85751],[-73.79258,40.85749],[-73.79264,40.85742],[-73.79211,40.85717],[-73.79189,40.85744],[-73.79247,40.85772],[-73.79254,40.85762],[-73.79257,40.85764],[-73.7924,40.85785],[-73.79237,40.85783],[-73.79244,40.85774],[-73.79174,40.85739],[-73.79176,40.85737],[-73.79187,40.85743],[-73.79209,40.85716],[-73.79184,40.85703],[-73.7916,40.85738],[-73.79129,40.85726],[-73.79094,40.85755],[-73.79132,40.85771],[-73.79164,40.85788],[-73.79176,40.85776],[-73.79179,40.85778],[-73.79144,40.85815],[-73.79141,40.85814],[-73.79162,40.8579],[-73.79093,40.85757],[-73.79079,40.85775],[-73.79044,40.85792],[-73.79024,40.85815],[-73.79006,40.85846],[-73.79016,40.85854],[-73.79019,40.85861]]]]}},{"type":"Feature","properties":{"std_name":"Bronx 6","std_geoid":"BX06","pen":"politicians","std_note":null},"geometry":{"type":"Polygon","coordinates":[[[-73.87185,40.84376],[-73.87253,40.84075],[-73.87313,40.83834],[-73.87333,40.83765],[-73.87377,40.83636],[-73.87508,40.83642],[-73.87723,40.83658],[-73.87863,40.83684],[-73.87965,40.83713],[-73.88072,40.83752],[-73.8817,40.83799],[-73.88611,40.84047],[-73.88618,40.84011],[-73.8866,40.83928],[-73.88814,40.83986],[-73.88869,40.83916],[-73.88942,40.83942],[-73.89538,40.84294],[-73.89482,40.84368],[-73.89964,40.84423],[-73.90033,40.84299],[-73.90151,40.84337],[-73.90094,40.84438],[-73.90269,40.84458],[-73.9001,40.84921],[-73.89601,40.8556],[-73.89322,40.85987],[-73.89138,40.8617],[-73.89067,40.86132],[-73.88988,40.8623],[-73.88927,40.86292],[-73.88895,40.86321],[-73.88801,40.86389],[-73.88309,40.8666],[-73.88268,40.86609],[-73.88274,40.86605],[-73.88269,40.866],[-73.88263,40.86586],[-73.88343,40.86547],[-73.88361,40.86529],[-73.88376,40.86506],[-73.88384,40.86476],[-73.8838,40.8645],[-73.88371,40.86429],[-73.88219,40.86246],[-73.88187,40.86212],[-73.88119,40.86168],[-73.88056,40.8612],[-73.88035,40.86057],[-73.88083,40.85818],[-73.88081,40.85795],[-73.88069,40.85762],[-73.88072,40.85739],[-73.88059,40.85674],[-73.88186,40.85223],[-73.88244,40.85034],[-73.88257,40.84854],[-73.88274,40.84789],[-73.8826,40.84771],[-73.87893,40.84521],[-73.87745,40.84416],[-73.87716,40.84409],[-73.87724,40.84401],[-73.87798,40.8428],[-73.8768,40.84238],[-73.8768,40.8423],[-73.87459,40.84152],[-73.87427,40.84214],[-73.87401,40.84254],[-73.87306,40.84324],[-73.87185,40.84376]]]}},{"type":"Feature","properties":{"std_name":"Manhattan 1","std_geoid":"MN01","pen":"politicians","std_note":null},"geometry":{"type":"MultiPolygon","coordinates":[[[[-74.01114,40.72581],[-74.01081,40.72579],[-74.0063,40.72255],[-74.00523,40.72174],[-74.00393,40.72085],[-73.99931,40.71755],[-74.00014,40.7162],[-74.00079,40.71529],[-74.00053,40.71517],[-74.00045,40.71437],[-74.00046,40.71411],[-74.00026,40.71368],[-74.00089,40.71302],[-74.00087,40.71157],[-74.00079,40.71131],[-74.00071,40.71119],[-74.00051,40.71098],[-74.00147,40.70975],[-73.99919,40.70795],[-73.99952,40.70776],[-73.99949,40.70772],[-73.99954,40.70769],[-73.99961,40.70776],[-73.99995,40.70759],[-73.99997,40.70751],[-74.00023,40.70735],[-74.00119,40.70686],[-74.00113,40.7068],[-74.00123,40.70674],[-74.00116,40.70666],[-74.00118,40.70663],[-74.00098,40.70642],[-74.00141,40.70618],[-74.00058,40.70543],[-74.00144,40.70487],[-74.00206,40.70542],[-74.00216,40.70536],[-74.00257,40.70552],[-74.00269,40.70545],[-74.00236,40.70516],[-74.00242,40.70513],[-74.00197,40.70474],[-74.00217,40.70461],[-74.00233,40.70475],[-74.00243,40.70468],[-74.00249,40.70473],[-74.00239,40.7048],[-74.00332,40.70563],[-74.00363,40.70543],[-74.00361,40.70541],[-74.00356,40.70544],[-74.00288,40.70483],[-74.00297,40.70477],[-74.00358,40.7053],[-74.00365,40.70538],[-74.00362,40.7054],[-74.00364,40.70542],[-74.00383,40.7053],[-74.00395,40.7054],[-74.00438,40.70511],[-74.00427,40.70501],[-74.00459,40.70479],[-74.0035,40.7038],[-74.00372,40.70365],[-74.00481,40.70464],[-74.00519,40.70442],[-74.00511,40.70435],[-74.00508,40.70437],[-74.00493,40.70421],[-74.005,40.70417],[-74.00521,40.70441],[-74.00535,40.70431],[-74.00416,40.70323],[-74.00421,40.7032],[-74.00412,40.70311],[-74.00427,40.70302],[-74.00435,40.70305],[-74.0048,40.70348],[-74.00521,40.70382],[-74.00559,40.70408],[-74.00566,40.7041],[-74.00602,40.70387],[-74.00614,40.70398],[-74.0066,40.70369],[-74.00548,40.70271],[-74.00553,40.70269],[-74.00543,40.70267],[-74.0053,40.70256],[-74.00549,40.70243],[-74.00561,40.70253],[-74.00559,40.70261],[-74.00554,40.70265],[-74.00556,40.70266],[-74.00568,40.70258],[-74.00679,40.70357],[-74.00752,40.70312],[-74.00771,40.70288],[-74.00913,40.70201],[-74.00931,40.70195],[-74.0087,40.70114],[-74.00776,40.70155],[-74.00759,40.70133],[-74.00854,40.70092],[-74.00835,40.70067],[-74.00862,40.70055],[-74.0096,40.70187],[-74.01117,40.70148],[-74.0111,40.70127],[-74.01129,40.70125],[-74.01121,40.70104],[-74.01113,40.70106],[-74.01107,40.70091],[-74.01111,40.7009],[-74.01109,40.70085],[-74.01102,40.70074],[-74.01096,40.70057],[-74.01092,40.70057],[-74.01095,40.70054],[-74.01088,40.70046],[-74.0109,40.70045],[-74.01079,40.70023],[-74.0108,40.70021],[-74.01085,40.70024],[-74.01115,40.7009],[-74.01136,40.70085],[-74.0113,40.7006],[-74.01133,40.70057],[-74.01138,40.70057],[-74.0115,40.70082],[-74.01173,40.70077],[-74.01161,40.70049],[-74.01163,40.70046],[-74.01173,40.70048],[-74.01185,40.70074],[-74.01209,40.70068],[-74.01186,40.70011],[-74.01196,40.70004],[-74.01209,40.70009],[-74.01239,40.70062],[-74.01259,40.70057],[-74.01252,40.70015],[-74.01261,40.70011],[-74.01268,40.70015],[-74.01283,40.70035],[-74.01291,40.70052],[-74.01311,40.70051],[-74.01308,40.7001],[-74.01301,40.69982],[-74.01304,40.69977],[-74.01311,40.69977],[-74.01315,40.69984],[-74.0132,40.70024],[-74.01327,40.7005],[-74.01349,40.70048],[-74.01348,40.70026],[-74.01353,40.70011],[-74.01359,40.70008],[-74.01367,40.70013],[-74.01361,40.70025],[-74.01357,40.70023],[-74.01356,40.7003],[-74.01353,40.70031],[-74.01356,40.70031],[-74.01356,40.70037],[-74.01353,40.70038],[-74.01356,40.70038],[-74.01356,40.70044],[-74.01352,40.70046],[-74.01358,40.70046],[-74.01359,40.7005],[-74.01355,40.7005],[-74.01358,40.70064],[-74.01351,40.70065],[-74.01356,40.70094],[-74.01395,40.70099],[-74.01422,40.70011],[-74.01431,40.70013],[-74.01415,40.70058],[-74.01429,40.70064],[-74.01458,40.70031],[-74.01463,40.7002],[-74.01467,40.70021],[-74.01432,40.70066],[-74.01464,40.70082],[-74.01507,40.70032],[-74.0151,40.70033],[-74.01467,40.70083],[-74.01502,40.70099],[-74.01514,40.70084],[-74.01614,40.70165],[-74.01715,40.70271],[-74.01749,40.70315],[-74.01765,40.70349],[-74.01768,40.70371],[-74.01765,40.70401],[-74.01757,40.70418],[-74.01779,40.70423],[-74.01786,40.70408],[-74.01775,40.70405],[-74.01782,40.70394],[-74.01784,40.70396],[-74.01781,40.70403],[-74.01791,40.70405],[-74.01795,40.70398],[-74.01784,40.70424],[-74.01845,40.70416],[-74.01867,40.70444],[-74.01752,40.70458],[-74.01748,40.70467],[-74.01772,40.70468],[-74.01802,40.70465],[-74.01807,40.70464],[-74.01811,40.70455],[-74.01889,40.70473],[-74.01893,40.70477],[-74.01934,40.70609],[-74.01912,40.70698],[-74.01907,40.70701],[-74.01895,40.707],[-74.01888,40.70709],[-74.0188,40.70713],[-74.01863,40.70714],[-74.01855,40.70711],[-74.01857,40.70708],[-74.01864,40.70711],[-74.01865,40.70708],[-74.01876,40.70708],[-74.01875,40.70705],[-74.01885,40.70697],[-74.01865,40.70702],[-74.01856,40.70691],[-74.01854,40.70692],[-74.01819,40.70782],[-74.01866,40.70792],[-74.01865,40.70795],[-74.01883,40.708],[-74.01886,40.70805],[-74.01811,40.71103],[-74.01777,40.71283],[-74.01772,40.71284],[-74.01772,40.71278],[-74.0178,40.71235],[-74.01662,40.71216],[-74.01654,40.71246],[-74.01662,40.71265],[-74.01662,40.71276],[-74.01654,40.71296],[-74.01639,40.7131],[-74.01632,40.71341],[-74.01754,40.71361],[-74.01767,40.71307],[-74.01772,40.71307],[-74.01671,40.71862],[-74.01663,40.71867],[-74.015,40.71845],[-74.01498,40.71852],[-74.01495,40.71854],[-74.01321,40.71832],[-74.01291,40.71971],[-74.01345,40.71978],[-74.01339,40.72004],[-74.01452,40.72019],[-74.01451,40.72027],[-74.01457,40.72027],[-74.01452,40.72053],[-74.01415,40.72048],[-74.01416,40.72043],[-74.01409,40.72042],[-74.01408,40.72047],[-74.014,40.72047],[-74.01396,40.72046],[-74.01397,40.72041],[-74.01387,40.72041],[-74.01386,40.72045],[-74.01368,40.72043],[-74.01369,40.72039],[-74.01364,40.72038],[-74.01364,40.72042],[-74.01355,40.72041],[-74.01355,40.72037],[-74.01351,40.72036],[-74.0135,40.7204],[-74.01297,40.72033],[-74.01287,40.72083],[-74.01324,40.72089],[-74.01308,40.72155],[-74.01301,40.72156],[-74.01254,40.7215],[-74.01165,40.72587],[-74.01196,40.72598],[-74.01232,40.72603],[-74.01516,40.72632],[-74.0152,40.72636],[-74.01517,40.72658],[-74.01158,40.72617],[-74.01114,40.72581]]],[[[-74.01675,40.69334],[-74.0154,40.69307],[-74.01535,40.69322],[-74.01541,40.69324],[-74.01539,40.6933],[-74.01517,40.69326],[-74.01519,40.6932],[-74.01525,40.69321],[-74.01531,40.69305],[-74.01526,40.69304],[-74.01513,40.69318],[-74.01517,40.6932],[-74.01513,40.69324],[-74.01494,40.69314],[-74.01498,40.69311],[-74.01504,40.69314],[-74.01516,40.69302],[-74.01422,40.69282],[-74.01344,40.69212],[-74.0125,40.6923],[-74.01252,40.69234],[-74.0124,40.69251],[-74.0123,40.69257],[-74.01204,40.6926],[-74.01181,40.69248],[-74.01176,40.69226],[-74.0119,40.69209],[-74.0122,40.69204],[-74.01241,40.69213],[-74.01246,40.69221],[-74.01333,40.69202],[-74.01326,40.69192],[-74.01319,40.69196],[-74.01291,40.69169],[-74.01293,40.69168],[-74.01286,40.6916],[-74.0129,40.69158],[-74.01282,40.6915],[-74.01263,40.69141],[-74.01261,40.69136],[-74.01255,40.69139],[-74.01253,40.69143],[-74.01252,40.6914],[-74.01203,40.6915],[-74.01202,40.69146],[-74.0126,40.69133],[-74.01253,40.69115],[-74.01218,40.69114],[-74.01219,40.69108],[-74.01183,40.69106],[-74.01183,40.69101],[-74.0122,40.69103],[-74.01221,40.69079],[-74.01208,40.69078],[-74.01205,40.69074],[-74.01197,40.69077],[-74.01198,40.69061],[-74.01205,40.69061],[-74.01206,40.69055],[-74.01213,40.69053],[-74.01214,40.69045],[-74.01223,40.69046],[-74.01231,40.68928],[-74.01317,40.68815],[-74.01342,40.68805],[-74.01488,40.68725],[-74.01605,40.68734],[-74.01705,40.68688],[-74.01672,40.68645],[-74.01665,40.68642],[-74.01515,40.68652],[-74.01514,40.68644],[-74.01667,40.68631],[-74.01727,40.68569],[-74.01753,40.68536],[-74.01762,40.68541],[-74.01736,40.68575],[-74.01678,40.68635],[-74.01677,40.6864],[-74.01712,40.68684],[-74.02054,40.68527],[-74.02021,40.68483],[-74.01946,40.68515],[-74.0194,40.68509],[-74.02095,40.68438],[-74.02101,40.68445],[-74.02028,40.68481],[-74.02061,40.68524],[-74.02259,40.68436],[-74.02213,40.68377],[-74.02306,40.68292],[-74.02319,40.683],[-74.02237,40.68378],[-74.02276,40.68428],[-74.02314,40.68412],[-74.02354,40.684],[-74.02395,40.68395],[-74.02465,40.68398],[-74.02547,40.68415],[-74.02567,40.68424],[-74.02605,40.68451],[-74.02633,40.6848],[-74.02644,40.68495],[-74.02658,40.68524],[-74.02663,40.68553],[-74.02657,40.68591],[-74.02643,40.68618],[-74.02456,40.68796],[-74.02021,40.69203],[-74.01986,40.69291],[-74.01973,40.69311],[-74.0196,40.69319],[-74.01934,40.69323],[-74.0188,40.69322],[-74.01675,40.69334]]]]}},{"type":"Feature","properties":{"std_name":"Brooklyn S14","std_geoid":"BKS14","pen":"politicians","std_note":null},"geometry":{"type":"Polygon","coordinates":[[[-73.9563,40.65505],[-73.95583,40.65053],[-73.95574,40.64787],[-73.95565,40.64663],[-73.95473,40.64477],[-73.95413,40.63916],[-73.95394,40.63849],[-73.95375,40.63859],[-73.9536,40.63842],[-73.95116,40.63845],[-73.94826,40.63861],[-73.94777,40.634],[-73.94587,40.63412],[-73.94551,40.63079],[-73.94416,40.62951],[-73.94733,40.62917],[-73.94483,40.61605],[-73.94574,40.61536],[-73.94912,40.61305],[-73.95078,40.61164],[-73.95091,40.61163],[-73.9516,40.61138],[-73.95167,40.61131],[-73.95259,40.61111],[-73.9536,40.61095],[-73.96238,40.60999],[-73.96591,40.62865],[-73.97258,40.62792],[-73.97651,40.62729],[-73.97762,40.63315],[-73.97256,40.63371],[-73.97241,40.63299],[-73.96763,40.63524],[-73.96891,40.63976],[-73.97204,40.65049],[-73.97222,40.65105],[-73.97146,40.65114],[-73.9607,40.65534],[-73.95986,40.65563],[-73.9597,40.65484],[-73.9563,40.65505]]]}},{"type":"Feature","properties":{"std_name":"Bronx 1","std_geoid":"BX01","pen":"politicians","std_note":null},"geometry":{"type":"Polygon","coordinates":[[[-73.90129,40.82048],[-73.90301,40.81632],[-73.90306,40.81611],[-73.90347,40.81508],[-73.90447,40.81228],[-73.90418,40.81212],[-73.90342,40.81151],[-73.90308,40.80977],[-73.90303,40.8097],[-73.90224,40.80492],[-73.90219,40.80479],[-73.90232,40.8046],[-73.90229,40.80456],[-73.90245,40.80442],[-73.90252,40.80446],[-73.90293,40.8042],[-73.90288,40.80416],[-73.90271,40.80416],[-73.9029,40.80414],[-73.90306,40.80402],[-73.90297,40.80394],[-73.903,40.80392],[-73.90309,40.804],[-73.90321,40.8039],[-73.90326,40.80393],[-73.90334,40.80386],[-73.90332,40.80378],[-73.90334,40.80377],[-73.90336,40.80386],[-73.9034,40.80387],[-73.90373,40.80377],[-73.90367,40.8037],[-73.90369,40.80369],[-73.90377,40.80375],[-73.90393,40.80363],[-73.90385,40.80357],[-73.90387,40.80356],[-73.90395,40.80362],[-73.90407,40.80352],[-73.90402,40.80347],[-73.9041,40.80342],[-73.90415,40.80346],[-73.90453,40.80317],[-73.90495,40.80272],[-73.90511,40.80246],[-73.90549,40.80209],[-73.90552,40.80202],[-73.90601,40.80155],[-73.90606,40.80158],[-73.9062,40.80149],[-73.90652,40.80118],[-73.90639,40.80109],[-73.90645,40.80104],[-73.90659,40.80111],[-73.90681,40.80089],[-73.9067,40.80082],[-73.90747,40.8],[-73.90763,40.79993],[-73.90794,40.79963],[-73.90802,40.79964],[-73.90807,40.79957],[-73.90779,40.79949],[-73.90766,40.79942],[-73.90768,40.79939],[-73.90785,40.79947],[-73.9081,40.79954],[-73.90817,40.79946],[-73.90796,40.79928],[-73.90803,40.79924],[-73.90842,40.79944],[-73.90855,40.79931],[-73.90826,40.79909],[-73.90824,40.79903],[-73.9083,40.79896],[-73.90964,40.79794],[-73.90967,40.79796],[-73.90979,40.79787],[-73.90985,40.7979],[-73.90995,40.79783],[-73.91013,40.79759],[-73.91047,40.79733],[-73.91071,40.7972],[-73.91089,40.79702],[-73.9111,40.79689],[-73.91162,40.79664],[-73.91189,40.79663],[-73.91209,40.79666],[-73.91224,40.79671],[-73.91372,40.79679],[-73.91513,40.79736],[-73.91617,40.79783],[-73.91905,40.79899],[-73.92024,40.79961],[-73.92044,40.7998],[-73.92078,40.80028],[-73.92133,40.80128],[-73.92204,40.80188],[-73.92293,40.80237],[-73.92359,40.80252],[-73.92423,40.80255],[-73.92666,40.80241],[-73.92763,40.8027],[-73.92751,40.80293],[-73.92731,40.80321],[-73.92744,40.80328],[-73.92728,40.80351],[-73.92765,40.80399],[-73.92837,40.80403],[-73.92848,40.80419],[-73.92873,40.8041],[-73.93005,40.8059],[-73.93054,40.80647],[-73.93052,40.80659],[-73.93116,40.80713],[-73.93192,40.80794],[-73.93228,40.80836],[-73.93253,40.80882],[-73.93264,40.80938],[-73.93259,40.81005],[-73.93286,40.81012],[-73.93287,40.81041],[-73.93269,40.81058],[-73.93268,40.8108],[-73.93257,40.81089],[-73.93263,40.8119],[-73.93248,40.81342],[-73.93237,40.81503],[-73.93234,40.81763],[-73.93239,40.8195],[-73.93058,40.81935],[-73.9301,40.81927],[-73.92518,40.81801],[-73.92403,40.81929],[-73.92265,40.82049],[-73.92195,40.82103],[-73.92114,40.82156],[-73.92067,40.82184],[-73.9204,40.82206],[-73.91757,40.82388],[-73.91189,40.82214],[-73.91182,40.82204],[-73.91159,40.82213],[-73.9107,40.82232],[-73.90991,40.82255],[-73.90646,40.82172],[-73.90566,40.82156],[-73.90129,40.82048]]]}},{"type":"Feature","properties":{"std_name":"QW 4","std_geoid":"QW04","pen":"politicians","std_note":null},"geometry":{"type":"Polygon","coordinates":[[[-73.84751,40.73901],[-73.84859,40.7385],[-73.84956,40.73811],[-73.8513,40.73751],[-73.85244,40.7372],[-73.8534,40.737],[-73.85505,40.73672],[-73.85629,40.73643],[-73.86182,40.73477],[-73.86447,40.73401],[-73.87055,40.73204],[-73.87628,40.73031],[-73.87969,40.72901],[-73.88049,40.72882],[-73.88131,40.72868],[-73.88501,40.72837],[-73.88559,40.72827],[-73.8857,40.72873],[-73.88629,40.7306],[-73.8877,40.73429],[-73.88838,40.73576],[-73.88967,40.73832],[-73.89005,40.73897],[-73.89127,40.74143],[-73.89169,40.74214],[-73.89218,40.74287],[-73.89344,40.74496],[-73.89445,40.74654],[-73.86751,40.74938],[-73.86112,40.75002],[-73.8519,40.75275],[-73.8505,40.75012],[-73.85443,40.74885],[-73.85405,40.74816],[-73.85378,40.7478],[-73.85361,40.7475],[-73.85012,40.74072],[-73.84965,40.74061],[-73.8478,40.74005],[-73.84758,40.73972],[-73.84778,40.73934],[-73.84751,40.73901]]]}},{"type":"Feature","properties":{"std_name":"QE 12","std_geoid":"QE12","pen":"politicians","std_note":null},"geometry":{"type":"Polygon","coordinates":[[[-73.80168,40.66632],[-73.80141,40.66736],[-73.80125,40.6685],[-73.80118,40.6691],[-73.80113,40.67055],[-73.80113,40.67129],[-73.80119,40.67242],[-73.8014,40.67356],[-73.80168,40.67438],[-73.80323,40.67768],[-73.8041,40.67942],[-73.80661,40.68468],[-73.80734,40.68613],[-73.81102,40.69262],[-73.81224,40.69483],[-73.81407,40.69789],[-73.81492,40.69942],[-73.81552,40.70061],[-73.8171,40.70403],[-73.81524,40.7042],[-73.81444,40.7044],[-73.79562,40.70975],[-73.79473,40.71001],[-73.79304,40.71071],[-73.79022,40.71172],[-73.78941,40.712],[-73.78901,40.71207],[-73.7889,40.71223],[-73.78871,40.71232],[-73.7886,40.71234],[-73.78853,40.71229],[-73.78844,40.71214],[-73.78843,40.71198],[-73.78785,40.71181],[-73.78658,40.71197],[-73.77357,40.71512],[-73.76733,40.71729],[-73.76664,40.71765],[-73.76447,40.71889],[-73.76197,40.72],[-73.76031,40.72065],[-73.75944,40.72106],[-73.7547,40.71471],[-73.75401,40.71383],[-73.75371,40.71332],[-73.75121,40.70731],[-73.74485,40.69314],[-73.74624,40.69128],[-73.74857,40.6878],[-73.74945,40.68667],[-73.75009,40.68592],[-73.75103,40.68422],[-73.7518,40.6824],[-73.75226,40.68149],[-73.75268,40.68087],[-73.75485,40.67793],[-73.75523,40.67729],[-73.75582,40.67575],[-73.75618,40.67337],[-73.75636,40.67243],[-73.75648,40.67149],[-73.75641,40.67037],[-73.75644,40.66967],[-73.75672,40.66856],[-73.757,40.66774],[-73.75732,40.66704],[-73.75763,40.66645],[-73.75796,40.66596],[-73.77017,40.66732],[-73.77229,40.66745],[-73.77445,40.66747],[-73.77615,40.66744],[-73.78032,40.66718],[-73.78366,40.66692],[-73.78692,40.66659],[-73.78948,40.66637],[-73.79306,40.66619],[-73.79529,40.66616],[-73.79699,40.66617],[-73.80168,40.66632]]]}},{"type":"Feature","properties":{"std_name":"Manhattan 10","std_geoid":"MN10","pen":"politicians","std_note":null},"geometry":{"type":"Polygon","coordinates":[[[-73.93445,40.83598],[-73.93475,40.83559],[-73.93481,40.83543],[-73.93492,40.83523],[-73.93499,40.83475],[-73.93495,40.83471],[-73.93503,40.83439],[-73.93513,40.83334],[-73.93512,40.8329],[-73.93517,40.83287],[-73.93509,40.83186],[-73.93494,40.8306],[-73.93483,40.82981],[-73.93476,40.8297],[-73.93469,40.82942],[-73.93471,40.82934],[-73.93468,40.82931],[-73.93466,40.82918],[-73.93471,40.82916],[-73.93465,40.8291],[-73.93466,40.82897],[-73.9346,40.82868],[-73.9346,40.82821],[-73.93459,40.82816],[-73.93457,40.82816],[-73.93452,40.82791],[-73.93442,40.82704],[-73.93448,40.82704],[-73.93436,40.82582],[-73.93429,40.8245],[-73.93415,40.82303],[-73.93397,40.81973],[-73.93383,40.81972],[-73.9338,40.81835],[-73.93413,40.81773],[-73.93487,40.81653],[-73.93621,40.81467],[-73.94275,40.80574],[-73.9443,40.80639],[-73.94524,40.80514],[-73.94613,40.80388],[-73.9446,40.80323],[-73.94923,40.79687],[-73.95786,40.80052],[-73.95848,40.80067],[-73.95965,40.80116],[-73.95825,40.80311],[-73.9582,40.80389],[-73.95825,40.80471],[-73.95818,40.8056],[-73.95772,40.80629],[-73.95497,40.81006],[-73.95358,40.80948],[-73.95308,40.81009],[-73.9521,40.81144],[-73.95035,40.81316],[-73.94963,40.8141],[-73.9492,40.81472],[-73.94868,40.81569],[-73.94608,40.82126],[-73.94516,40.82088],[-73.94292,40.82326],[-73.94384,40.82365],[-73.93973,40.8293],[-73.93967,40.82949],[-73.93967,40.82962],[-73.93981,40.83],[-73.93974,40.8301],[-73.93963,40.83016],[-73.94017,40.83038],[-73.9399,40.83095],[-73.93941,40.8315],[-73.93911,40.83217],[-73.93877,40.83266],[-73.93849,40.833],[-73.93807,40.83337],[-73.93496,40.83576],[-73.9348,40.83611],[-73.93445,40.83598]]]}},{"type":"Feature","properties":{"std_name":"Brooklyn S11","std_geoid":"BKS11","pen":"politicians","std_note":null},"geometry":{"type":"Polygon","coordinates":[[[-73.97399,40.61403],[-73.9724,40.60565],[-73.97218,40.60419],[-73.97235,40.60335],[-73.97324,40.59698],[-73.98506,40.59567],[-73.9852,40.5964],[-73.99036,40.59143],[-73.99154,40.59039],[-73.99331,40.58958],[-73.99422,40.58887],[-73.99533,40.58833],[-73.99556,40.58828],[-73.99513,40.58848],[-73.99515,40.58851],[-73.99506,40.58856],[-73.9951,40.58859],[-73.99796,40.58727],[-73.99798,40.58731],[-73.99555,40.58842],[-73.99488,40.58877],[-73.99535,40.58933],[-74.00011,40.58695],[-74.00011,40.58656],[-74.00017,40.5865],[-74.00032,40.58645],[-74.00043,40.58654],[-74.00043,40.58669],[-74.00049,40.58704],[-74.00038,40.58713],[-73.99788,40.58834],[-73.99793,40.5884],[-73.99802,40.58843],[-73.99867,40.5892],[-73.99924,40.58894],[-73.99946,40.58923],[-73.99838,40.58977],[-73.99842,40.58981],[-73.99884,40.58963],[-73.99887,40.58967],[-73.99844,40.58986],[-73.99855,40.59002],[-73.99878,40.59023],[-73.99878,40.59031],[-73.99869,40.59033],[-73.99859,40.59023],[-73.99853,40.59021],[-73.99844,40.59024],[-73.99776,40.59095],[-73.99711,40.59128],[-73.99712,40.59145],[-73.99719,40.59161],[-73.99723,40.59165],[-73.99806,40.59121],[-73.99813,40.59129],[-73.99728,40.59171],[-73.99755,40.59192],[-73.99856,40.59149],[-73.99917,40.59115],[-73.99957,40.59109],[-73.99986,40.59113],[-74.00004,40.5912],[-74.00017,40.59133],[-74.00023,40.59148],[-74.00023,40.59153],[-74.00006,40.59171],[-73.99901,40.59234],[-73.99903,40.59242],[-73.9993,40.59256],[-73.99935,40.59262],[-73.99945,40.59283],[-73.99948,40.59297],[-73.99897,40.59331],[-73.99839,40.59353],[-73.99854,40.5936],[-74.00031,40.5928],[-74.00106,40.59254],[-74.00164,40.59348],[-74.00193,40.59389],[-74.00184,40.59398],[-74.00219,40.59436],[-74.00255,40.59491],[-74.00282,40.59526],[-74.00346,40.59592],[-74.00553,40.59754],[-74.00922,40.59984],[-74.01118,40.60084],[-74.01237,40.60135],[-74.013,40.60156],[-74.01478,40.60208],[-74.01582,40.60229],[-74.01688,40.60244],[-74.01759,40.6025],[-74.01799,40.60249],[-74.01829,40.60245],[-74.01832,40.60242],[-74.01914,40.60261],[-74.01913,40.60265],[-74.01943,40.60287],[-74.01823,40.60411],[-74.01818,40.60425],[-74.01812,40.60432],[-74.01751,40.60485],[-74.01747,40.60497],[-74.0155,40.60684],[-74.01702,40.60765],[-73.99718,40.62671],[-73.99655,40.62634],[-73.99586,40.626],[-73.99473,40.62561],[-73.97497,40.61367],[-73.97489,40.61319],[-73.97427,40.61385],[-73.97423,40.61394],[-73.97412,40.61401],[-73.97399,40.61403]]]}},{"type":"Feature","properties":{"std_name":"Bronx 11","std_geoid":"BX11","pen":"politicians","std_note":null},"geometry":{"type":"Polygon","coordinates":[[[-73.82834,40.86089],[-73.83111,40.85752],[-73.83193,40.85669],[-73.83284,40.85604],[-73.83393,40.85513],[-73.83458,40.85443],[-73.83536,40.85332],[-73.83552,40.85302],[-73.83586,40.85225],[-73.83599,40.8518],[-73.83614,40.85104],[-73.83629,40.84971],[-73.83634,40.84864],[-73.83647,40.84715],[-73.83671,40.84606],[-73.83715,40.84459],[-73.8378,40.84273],[-73.83825,40.8413],[-73.83839,40.84068],[-73.83937,40.84088],[-73.84124,40.8406],[-73.84146,40.84096],[-73.84328,40.84354],[-73.84429,40.84468],[-73.84491,40.84543],[-73.84749,40.84356],[-73.84806,40.84307],[-73.86347,40.84131],[-73.86546,40.84086],[-73.86725,40.84034],[-73.86831,40.84],[-73.86921,40.8396],[-73.87028,40.83962],[-73.87277,40.83975],[-73.87185,40.84376],[-73.87096,40.84433],[-73.86941,40.84725],[-73.86889,40.84811],[-73.86956,40.84802],[-73.86952,40.84869],[-73.86823,40.85091],[-73.86844,40.85149],[-73.86872,40.85242],[-73.86986,40.85558],[-73.8699,40.85587],[-73.86989,40.85597],[-73.86927,40.85669],[-73.86819,40.85806],[-73.86839,40.8581],[-73.8686,40.85808],[-73.8689,40.85777],[-73.86955,40.85773],[-73.87089,40.85727],[-73.871,40.85728],[-73.87108,40.85738],[-73.87058,40.8614],[-73.87039,40.86405],[-73.87039,40.86484],[-73.87054,40.86967],[-73.86654,40.8697],[-73.85745,40.86953],[-73.8566,40.87043],[-73.85603,40.87123],[-73.85555,40.87181],[-73.85364,40.8733],[-73.8486,40.87167],[-73.84793,40.87134],[-73.83578,40.86502],[-73.8316,40.86264],[-73.83089,40.86221],[-73.82973,40.86195],[-73.82951,40.86184],[-73.82834,40.86089]]]}},{"type":"Feature","properties":{"std_name":"Brooklyn N03","std_geoid":"BKN03","pen":"politicians","std_note":null},"geometry":{"type":"Polygon","coordinates":[[[-73.91805,40.68721],[-73.91639,40.67891],[-73.9163,40.67858],[-73.91646,40.67665],[-73.94824,40.6784],[-73.95206,40.67859],[-73.95299,40.67872],[-73.95829,40.67983],[-73.95825,40.67999],[-73.9584,40.6808],[-73.96029,40.69035],[-73.96109,40.69401],[-73.96175,40.69685],[-73.96194,40.69791],[-73.9619,40.69819],[-73.95702,40.69897],[-73.94193,40.70073],[-73.93522,40.69699],[-73.9297,40.69386],[-73.91805,40.68721]]]}},{"type":"Feature","properties":{"std_name":"QW 2","std_geoid":"QW02","pen":"politicians","std_note":null},"geometry":{"type":"Polygon","coordinates":[[[-73.89792,40.75424],[-73.89809,40.75407],[-73.89807,40.75385],[-73.89747,40.75273],[-73.89736,40.75243],[-73.89729,40.7521],[-73.89726,40.75194],[-73.89742,40.75154],[-73.89673,40.75052],[-73.89616,40.74933],[-73.8957,40.74857],[-73.89344,40.74496],[-73.89218,40.74287],[-73.89169,40.74214],[-73.89127,40.74143],[-73.89005,40.73897],[-73.88967,40.73832],[-73.88876,40.73654],[-73.8877,40.73429],[-73.88852,40.73453],[-73.8891,40.73459],[-73.89175,40.73448],[-73.89233,40.73447],[-73.89278,40.7345],[-73.89371,40.73466],[-73.89441,40.7349],[-73.89492,40.73501],[-73.89603,40.73502],[-73.89651,40.7351],[-73.89691,40.73509],[-73.89831,40.73519],[-73.89879,40.73518],[-73.89923,40.73511],[-73.89963,40.735],[-73.9001,40.73482],[-73.90041,40.73465],[-73.90066,40.73442],[-73.90518,40.72896],[-73.90717,40.72739],[-73.91257,40.72324],[-73.91385,40.7229],[-73.91623,40.72219],[-73.91655,40.72201],[-73.92007,40.72274],[-73.92053,40.72294],[-73.92028,40.72366],[-73.92067,40.72376],[-73.92109,40.72381],[-73.92138,40.72391],[-73.92167,40.72406],[-73.92229,40.72418],[-73.92246,40.72417],[-73.92269,40.72424],[-73.9229,40.72426],[-73.92419,40.72428],[-73.92465,40.72439],[-73.9249,40.72451],[-73.92552,40.72489],[-73.92656,40.72567],[-73.92723,40.72641],[-73.92722,40.72646],[-73.92785,40.727],[-73.92811,40.72726],[-73.92856,40.72784],[-73.92854,40.72788],[-73.92861,40.72792],[-73.92866,40.72789],[-73.92923,40.72826],[-73.93044,40.72856],[-73.93119,40.72864],[-73.9313,40.72873],[-73.93453,40.7291],[-73.93589,40.72947],[-73.93645,40.72967],[-73.93725,40.73013],[-73.93804,40.73051],[-73.93911,40.73138],[-73.93941,40.73193],[-73.9395,40.7322],[-73.93941,40.73224],[-73.93991,40.73328],[-73.94003,40.73325],[-73.94017,40.73349],[-73.94002,40.73354],[-73.9401,40.73375],[-73.94007,40.73376],[-73.94034,40.7342],[-73.94045,40.73443],[-73.94086,40.73507],[-73.94162,40.7358],[-73.94162,40.73584],[-73.94224,40.73618],[-73.94359,40.73672],[-73.94594,40.73751],[-73.94591,40.73757],[-73.94578,40.73756],[-73.94546,40.73775],[-73.94501,40.73789],[-73.94478,40.738],[-73.94464,40.73814],[-73.94448,40.73811],[-73.94258,40.73882],[-73.9428,40.73886],[-73.94256,40.73902],[-73.94215,40.73908],[-73.94146,40.73925],[-73.94078,40.73992],[-73.94051,40.74011],[-73.94036,40.74034],[-73.94056,40.74042],[-73.94028,40.7408],[-73.93911,40.74262],[-73.93867,40.74253],[-73.93859,40.74293],[-73.94002,40.74321],[-73.94015,40.74283],[-73.93965,40.74273],[-73.94119,40.74029],[-73.94159,40.73986],[-73.94165,40.73986],[-73.94184,40.73969],[-73.94203,40.73966],[-73.94209,40.73959],[-73.94238,40.73943],[-73.9426,40.7394],[-73.94279,40.73919],[-73.9427,40.73913],[-73.94271,40.73912],[-73.9429,40.739],[-73.94329,40.73901],[-73.94353,40.73892],[-73.94382,40.73887],[-73.94392,40.73884],[-73.94397,40.73878],[-73.94434,40.73865],[-73.94524,40.73836],[-73.94548,40.73821],[-73.94715,40.7379],[-73.95039,40.73903],[-73.95138,40.73934],[-73.95192,40.73949],[-73.9522,40.73954],[-73.95222,40.7395],[-73.9538,40.73982],[-73.95549,40.73978],[-73.95682,40.73961],[-73.95706,40.73963],[-73.95741,40.73956],[-73.95758,40.73951],[-73.95766,40.73943],[-73.95978,40.73851],[-73.96007,40.73848],[-73.96013,40.73844],[-73.96015,40.73835],[-73.96029,40.73824],[-73.96073,40.73808],[-73.96217,40.73827],[-73.96213,40.73845],[-73.96247,40.73863],[-73.96261,40.7388],[-73.96262,40.73903],[-73.96243,40.73967],[-73.96221,40.74001],[-73.96159,40.74],[-73.96145,40.74034],[-73.96164,40.74036],[-73.96163,40.74046],[-73.96129,40.74043],[-73.96127,40.74054],[-73.96185,40.74072],[-73.96191,40.74087],[-73.96189,40.74098],[-73.9618,40.7411],[-73.96146,40.74114],[-73.96122,40.74111],[-73.96108,40.7417],[-73.96112,40.7418],[-73.96127,40.74183],[-73.96129,40.7418],[-73.96136,40.74181],[-73.96136,40.74184],[-73.96134,40.74188],[-73.96111,40.74183],[-73.96117,40.74189],[-73.96155,40.74199],[-73.96119,40.74264],[-73.9611,40.74278],[-73.96097,40.74275],[-73.96065,40.74339],[-73.96052,40.7435],[-73.96029,40.74356],[-73.95978,40.7435],[-73.95972,40.74369],[-73.9598,40.74371],[-73.95975,40.7439],[-73.96051,40.74405],[-73.96052,40.74402],[-73.96067,40.74405],[-73.96065,40.74413],[-73.96012,40.74403],[-73.96011,40.74406],[-73.95992,40.74403],[-73.95993,40.74399],[-73.95963,40.74393],[-73.95936,40.74421],[-73.9594,40.74423],[-73.95939,40.74428],[-73.95946,40.74429],[-73.95947,40.74427],[-73.95971,40.74431],[-73.95973,40.74427],[-73.96016,40.74437],[-73.96013,40.74444],[-73.96001,40.74442],[-73.96003,40.74437],[-73.9598,40.74433],[-73.95979,40.74436],[-73.95954,40.74431],[-73.95952,40.74435],[-73.95923,40.74431],[-73.95903,40.74444],[-73.95885,40.74447],[-73.95878,40.74456],[-73.95919,40.74462],[-73.95922,40.74455],[-73.95942,40.74459],[-73.95946,40.74465],[-73.95937,40.74471],[-73.95876,40.74459],[-73.95864,40.74495],[-73.95965,40.74514],[-73.95965,40.74522],[-73.95849,40.74499],[-73.95845,40.74512],[-73.95927,40.74533],[-73.95934,40.74543],[-73.95932,40.74554],[-73.95921,40.74568],[-73.95906,40.74575],[-73.95895,40.74577],[-73.95857,40.74569],[-73.9584,40.74572],[-73.95837,40.74583],[-73.95838,40.74595],[-73.95899,40.74606],[-73.95865,40.74654],[-73.95867,40.74664],[-73.9584,40.7469],[-73.95832,40.74707],[-73.95679,40.74884],[-73.95485,40.74804],[-73.95473,40.74802],[-73.95468,40.74813],[-73.95471,40.74815],[-73.95465,40.74823],[-73.95432,40.7481],[-73.95439,40.74802],[-73.95465,40.74813],[-73.95471,40.74801],[-73.95318,40.74773],[-73.95305,40.74809],[-73.95478,40.74843],[-73.95632,40.74908],[-73.95638,40.74903],[-73.95649,40.74911],[-73.95626,40.74933],[-73.95613,40.74926],[-73.95576,40.7496],[-73.9562,40.74967],[-73.95612,40.74976],[-73.95546,40.74967],[-73.95535,40.75001],[-73.95522,40.74999],[-73.95523,40.74994],[-73.95513,40.74993],[-73.9552,40.74968],[-73.95507,40.74963],[-73.95452,40.75059],[-73.95465,40.75083],[-73.95394,40.75175],[-73.95399,40.75179],[-73.95368,40.75205],[-73.95364,40.75204],[-73.95297,40.75275],[-73.95301,40.75278],[-73.95266,40.75311],[-73.95217,40.7537],[-73.95208,40.75376],[-73.95137,40.75452],[-73.95102,40.75509],[-73.95088,40.75517],[-73.95081,40.75526],[-73.94911,40.75452],[-73.94878,40.75489],[-73.94384,40.75253],[-73.93744,40.74974],[-73.93733,40.74963],[-73.9373,40.74952],[-73.93738,40.74947],[-73.9374,40.74892],[-73.93683,40.74839],[-73.93539,40.74941],[-73.93394,40.75027],[-73.93152,40.75115],[-73.92463,40.75164],[-73.92255,40.75158],[-73.92161,40.75137],[-73.92101,40.75097],[-73.92071,40.75047],[-73.92054,40.74975],[-73.91526,40.75085],[-73.91314,40.75097],[-73.90984,40.75164],[-73.91035,40.75275],[-73.91067,40.753],[-73.91023,40.75298],[-73.90691,40.75328],[-73.89792,40.75424]]]}},{"type":"Feature","properties":{"std_name":"Manhattan 2","std_geoid":"MN02","pen":"politicians","std_note":null},"geometry":{"type":"Polygon","coordinates":[[[-74.0087,40.74236],[-73.99171,40.73522],[-73.99075,40.73484],[-73.9899,40.73443],[-73.98987,40.73353],[-73.99003,40.73276],[-73.99039,40.73129],[-73.99051,40.73056],[-73.99136,40.72778],[-73.99136,40.72756],[-73.99353,40.72163],[-73.99481,40.71846],[-73.99543,40.71728],[-73.99606,40.71623],[-73.99859,40.7171],[-73.99931,40.71755],[-74.00393,40.72085],[-74.00523,40.72174],[-74.0063,40.72255],[-74.01081,40.72579],[-74.01114,40.72581],[-74.01158,40.72617],[-74.01517,40.72658],[-74.01512,40.72679],[-74.01154,40.72645],[-74.01138,40.72823],[-74.01439,40.72846],[-74.01434,40.72862],[-74.01422,40.72952],[-74.01409,40.73066],[-74.01404,40.73069],[-74.01116,40.73045],[-74.01094,40.73302],[-74.014,40.73307],[-74.014,40.73333],[-74.0109,40.7333],[-74.0109,40.73335],[-74.0108,40.73338],[-74.01074,40.73342],[-74.01073,40.73348],[-74.01076,40.73354],[-74.01087,40.73359],[-74.01083,40.73401],[-74.01202,40.73406],[-74.012,40.73434],[-74.01081,40.73428],[-74.01064,40.73605],[-74.01068,40.73606],[-74.01067,40.7361],[-74.01073,40.7362],[-74.01066,40.7363],[-74.01065,40.73635],[-74.01062,40.73635],[-74.01048,40.73806],[-74.01109,40.73809],[-74.01107,40.7383],[-74.01114,40.73839],[-74.01045,40.73836],[-74.01039,40.73917],[-74.01139,40.73922],[-74.01158,40.73926],[-74.01159,40.73948],[-74.01163,40.73951],[-74.01163,40.73956],[-74.01156,40.73956],[-74.01153,40.73987],[-74.01159,40.73987],[-74.01161,40.73971],[-74.01237,40.73975],[-74.01235,40.73979],[-74.01229,40.73979],[-74.01229,40.7399],[-74.01236,40.73994],[-74.01235,40.74002],[-74.01227,40.74003],[-74.01226,40.74014],[-74.01233,40.74016],[-74.01231,40.74019],[-74.01158,40.74016],[-74.01159,40.73997],[-74.01151,40.73997],[-74.01146,40.74058],[-74.01216,40.74061],[-74.01215,40.74067],[-74.01266,40.7407],[-74.01266,40.74075],[-74.01147,40.74069],[-74.01137,40.74072],[-74.00963,40.74065],[-74.0095,40.74073],[-74.00952,40.74081],[-74.00946,40.7409],[-74.00941,40.74115],[-74.00958,40.74117],[-74.00958,40.74121],[-74.01216,40.74149],[-74.01212,40.74176],[-74.00952,40.74149],[-74.00945,40.74189],[-74.00928,40.74188],[-74.00917,40.74242],[-74.0087,40.74236]]]}},{"type":"Feature","properties":{"std_name":"Bronx 2","std_geoid":"BX02","pen":"politicians","std_note":null},"geometry":{"type":"Polygon","coordinates":[[[-73.89385,40.82734],[-73.89293,40.82679],[-73.88998,40.82681],[-73.8879,40.82674],[-73.88569,40.82788],[-73.88503,40.82819],[-73.88479,40.82824],[-73.88378,40.82827],[-73.88439,40.82682],[-73.88461,40.82528],[-73.88465,40.82382],[-73.88429,40.82272],[-73.88379,40.82193],[-73.88245,40.81927],[-73.87806,40.81618],[-73.87663,40.81571],[-73.87673,40.81539],[-73.87446,40.81465],[-73.8725,40.81389],[-73.87239,40.81397],[-73.87233,40.81392],[-73.87244,40.81385],[-73.87219,40.81367],[-73.8721,40.81374],[-73.87204,40.81369],[-73.87213,40.81362],[-73.8718,40.81331],[-73.87166,40.81325],[-73.87096,40.81215],[-73.87057,40.81209],[-73.87047,40.81146],[-73.87055,40.81124],[-73.86811,40.80675],[-73.86846,40.80594],[-73.86979,40.80413],[-73.87152,40.80187],[-73.87161,40.80191],[-73.8717,40.80181],[-73.8716,40.80175],[-73.87175,40.80155],[-73.87238,40.80129],[-73.87247,40.80079],[-73.87224,40.80076],[-73.87235,40.80017],[-73.87298,40.80025],[-73.87288,40.80084],[-73.87263,40.80079],[-73.87259,40.80106],[-73.87271,40.80117],[-73.87355,40.80085],[-73.87468,40.80098],[-73.87473,40.80126],[-73.87527,40.8014],[-73.87586,40.80146],[-73.87593,40.80108],[-73.87814,40.80132],[-73.87808,40.80167],[-73.87799,40.80166],[-73.87797,40.80171],[-73.87806,40.80219],[-73.87791,40.80227],[-73.87811,40.80237],[-73.87817,40.80255],[-73.87823,40.80265],[-73.87843,40.8027],[-73.87921,40.8028],[-73.87963,40.80274],[-73.88005,40.80276],[-73.88092,40.80256],[-73.88245,40.80235],[-73.88243,40.80227],[-73.88252,40.80225],[-73.88254,40.80234],[-73.8837,40.80216],[-73.88384,40.80211],[-73.88394,40.80203],[-73.88396,40.80197],[-73.88378,40.80193],[-73.88369,40.80195],[-73.88368,40.80188],[-73.88372,40.80186],[-73.88377,40.80187],[-73.88378,40.80192],[-73.88397,40.80196],[-73.88399,40.8019],[-73.88505,40.80213],[-73.88515,40.80226],[-73.88527,40.80228],[-73.88537,40.80226],[-73.8854,40.8023],[-73.88533,40.80235],[-73.88528,40.80234],[-73.88526,40.8023],[-73.88516,40.80227],[-73.88526,40.80241],[-73.8856,40.80257],[-73.88591,40.8028],[-73.88616,40.80318],[-73.88672,40.80353],[-73.88727,40.80395],[-73.88738,40.80411],[-73.88725,40.80419],[-73.8874,40.80437],[-73.88753,40.8044],[-73.88771,40.80461],[-73.88763,40.80467],[-73.88796,40.805],[-73.88859,40.80479],[-73.88883,40.80485],[-73.88928,40.80518],[-73.88944,40.80544],[-73.88941,40.80558],[-73.88922,40.80585],[-73.89,40.80489],[-73.89015,40.80496],[-73.88937,40.80593],[-73.88954,40.80581],[-73.88981,40.80588],[-73.88996,40.80571],[-73.89006,40.8057],[-73.89044,40.80579],[-73.89058,40.80587],[-73.8915,40.80593],[-73.89144,40.80566],[-73.89179,40.80562],[-73.89198,40.80638],[-73.89271,40.80634],[-73.89253,40.80566],[-73.89227,40.8057],[-73.89216,40.8053],[-73.89127,40.80501],[-73.89128,40.80498],[-73.8917,40.80512],[-73.89173,40.80505],[-73.89187,40.80509],[-73.89183,40.80517],[-73.8922,40.80528],[-73.8923,40.80566],[-73.89257,40.80562],[-73.89275,40.80634],[-73.89316,40.80631],[-73.89331,40.80634],[-73.89338,40.8063],[-73.89372,40.80625],[-73.89422,40.80627],[-73.89463,40.80623],[-73.89457,40.80605],[-73.89473,40.80603],[-73.89478,40.80621],[-73.89485,40.80621],[-73.89473,40.80574],[-73.89484,40.80572],[-73.8951,40.80686],[-73.89529,40.80684],[-73.89546,40.8066],[-73.89551,40.8066],[-73.89528,40.80577],[-73.89531,40.80577],[-73.89541,40.80596],[-73.89559,40.80658],[-73.89572,40.80656],[-73.89567,40.80629],[-73.89575,40.80628],[-73.89583,40.80645],[-73.89584,40.80654],[-73.89598,40.80652],[-73.89588,40.80606],[-73.89579,40.80583],[-73.89587,40.80581],[-73.89611,40.8065],[-73.89622,40.80648],[-73.8962,40.80624],[-73.89623,40.80621],[-73.89709,40.80612],[-73.89715,40.80609],[-73.89717,40.80605],[-73.89726,40.80604],[-73.89731,40.80608],[-73.89739,40.80622],[-73.8975,40.80621],[-73.89748,40.806],[-73.89741,40.8058],[-73.89749,40.80579],[-73.89764,40.8062],[-73.89776,40.80619],[-73.89773,40.80597],[-73.8978,40.80596],[-73.89787,40.80618],[-73.89801,40.80617],[-73.89799,40.80593],[-73.89787,40.80553],[-73.89794,40.80552],[-73.89816,40.80614],[-73.89829,40.8061],[-73.89827,40.80586],[-73.89812,40.80576],[-73.89813,40.80565],[-73.89819,40.80562],[-73.89823,40.80557],[-73.89821,40.80555],[-73.89829,40.80554],[-73.89853,40.80543],[-73.89902,40.80536],[-73.89906,40.80533],[-73.89912,40.80534],[-73.89951,40.80524],[-73.89954,40.80525],[-73.8997,40.80522],[-73.89974,40.80517],[-73.90053,40.80501],[-73.90097,40.80488],[-73.90126,40.80488],[-73.9018,40.80479],[-73.90205,40.80478],[-73.90212,40.80484],[-73.90218,40.80495],[-73.90222,40.80495],[-73.90303,40.8097],[-73.90308,40.80977],[-73.90342,40.81151],[-73.90418,40.81212],[-73.90447,40.81228],[-73.90347,40.81508],[-73.90306,40.81611],[-73.90301,40.81632],[-73.89757,40.82942],[-73.89385,40.82734]]]}},{"type":"Feature","properties":{"std_name":"Bronx 7","std_geoid":"BX07","pen":"politicians","std_note":null},"geometry":{"type":"Polygon","coordinates":[[[-73.87519,40.87158],[-73.87619,40.87048],[-73.87694,40.86995],[-73.88134,40.86759],[-73.88505,40.8655],[-73.88801,40.86389],[-73.88895,40.86321],[-73.88927,40.86292],[-73.88988,40.8623],[-73.89067,40.86132],[-73.89138,40.8617],[-73.89177,40.86187],[-73.89285,40.86183],[-73.89482,40.86207],[-73.89694,40.86244],[-73.89798,40.8624],[-73.89841,40.8623],[-73.89944,40.86212],[-73.89996,40.86235],[-73.90108,40.86276],[-73.90163,40.86205],[-73.90212,40.86133],[-73.90254,40.86058],[-73.90391,40.85837],[-73.9068,40.85937],[-73.90726,40.85935],[-73.90777,40.85961],[-73.90957,40.85759],[-73.9098,40.85761],[-73.91021,40.85829],[-73.91031,40.85841],[-73.91072,40.85871],[-73.91328,40.85962],[-73.91334,40.85972],[-73.91404,40.85994],[-73.91416,40.85996],[-73.91444,40.85978],[-73.91467,40.85971],[-73.91576,40.86064],[-73.91487,40.86169],[-73.91481,40.86171],[-73.91472,40.86185],[-73.91482,40.8619],[-73.91467,40.86198],[-73.91461,40.86205],[-73.91462,40.8621],[-73.91341,40.86337],[-73.91276,40.86303],[-73.91227,40.86363],[-73.9128,40.8639],[-73.91275,40.86395],[-73.91253,40.8638],[-73.91268,40.86402],[-73.91091,40.86594],[-73.91056,40.86642],[-73.91044,40.86653],[-73.91036,40.8667],[-73.91036,40.86688],[-73.91017,40.86719],[-73.9095,40.86883],[-73.90927,40.86955],[-73.90894,40.87102],[-73.90865,40.87139],[-73.90893,40.87216],[-73.90951,40.87298],[-73.91019,40.87364],[-73.91065,40.87398],[-73.91027,40.87427],[-73.90973,40.87464],[-73.90856,40.87378],[-73.9067,40.8734],[-73.90571,40.87314],[-73.90468,40.87262],[-73.90452,40.8725],[-73.90444,40.87233],[-73.90449,40.87058],[-73.90442,40.87036],[-73.90375,40.8696],[-73.90319,40.86915],[-73.90236,40.8687],[-73.90151,40.8684],[-73.89997,40.86802],[-73.89965,40.86855],[-73.89953,40.8689],[-73.89934,40.86923],[-73.89779,40.87086],[-73.89141,40.87897],[-73.89105,40.87934],[-73.88998,40.88023],[-73.88836,40.88227],[-73.88781,40.88244],[-73.88741,40.88248],[-73.88707,40.88248],[-73.88717,40.88258],[-73.88723,40.88305],[-73.88715,40.88312],[-73.88712,40.8832],[-73.88711,40.88367],[-73.88704,40.88404],[-73.88705,40.88435],[-73.88683,40.88434],[-73.88662,40.88427],[-73.88516,40.88363],[-73.88453,40.88331],[-73.88422,40.8832],[-73.88368,40.88316],[-73.88275,40.8834],[-73.88209,40.88313],[-73.88124,40.88271],[-73.87996,40.88439],[-73.87815,40.88687],[-73.87804,40.88712],[-73.878,40.88745],[-73.87792,40.88741],[-73.87784,40.88709],[-73.87783,40.88677],[-73.87761,40.88452],[-73.87773,40.88345],[-73.87813,40.88215],[-73.8747,40.88155],[-73.87479,40.88008],[-73.87495,40.87995],[-73.87192,40.88024],[-73.87187,40.88033],[-73.87084,40.88045],[-73.87068,40.88046],[-73.87015,40.88035],[-73.87161,40.87692],[-73.87255,40.87518],[-73.87519,40.87158]]]}},{"type":"Feature","properties":{"std_name":"QE 13","std_geoid":"QE13","pen":"politicians","std_note":null},"geometry":{"type":"Polygon","coordinates":[[[-73.747,40.63735],[-73.74688,40.63775],[-73.7468,40.6378],[-73.74677,40.63786],[-73.74679,40.63788],[-73.74462,40.63945],[-73.74451,40.63986],[-73.74399,40.64125],[-73.7476,40.64485],[-73.74791,40.64511],[-73.74841,40.64546],[-73.76418,40.65442],[-73.7667,40.6558],[-73.76721,40.65586],[-73.76739,40.65584],[-73.76812,40.65561],[-73.76833,40.6556],[-73.769,40.65568],[-73.76899,40.65571],[-73.76974,40.65595],[-73.77029,40.65623],[-73.77211,40.65748],[-73.77448,40.6589],[-73.77612,40.65974],[-73.77704,40.6601],[-73.77831,40.6604],[-73.7788,40.66056],[-73.7829,40.66239],[-73.78394,40.66278],[-73.78503,40.66342],[-73.78751,40.66383],[-73.79641,40.66502],[-73.79982,40.66526],[-73.80122,40.66528],[-73.80203,40.66525],[-73.80168,40.66632],[-73.79699,40.66617],[-73.79529,40.66616],[-73.79306,40.66619],[-73.78948,40.66637],[-73.78692,40.66659],[-73.78366,40.66692],[-73.78032,40.66718],[-73.77615,40.66744],[-73.77445,40.66747],[-73.77229,40.66745],[-73.77017,40.66732],[-73.75796,40.66596],[-73.75763,40.66645],[-73.75732,40.66704],[-73.757,40.66774],[-73.75672,40.66856],[-73.75644,40.66967],[-73.75641,40.67037],[-73.75648,40.67149],[-73.75636,40.67243],[-73.75618,40.67337],[-73.75582,40.67575],[-73.75523,40.67729],[-73.75485,40.67793],[-73.75268,40.68087],[-73.75226,40.68149],[-73.7518,40.6824],[-73.75103,40.68422],[-73.75009,40.68592],[-73.74945,40.68667],[-73.74857,40.6878],[-73.74624,40.69128],[-73.74485,40.69314],[-73.75121,40.70731],[-73.75371,40.71332],[-73.75401,40.71383],[-73.7547,40.71471],[-73.75944,40.72106],[-73.75577,40.72364],[-73.75409,40.72469],[-73.75469,40.72511],[-73.755,40.72529],[-73.75591,40.72571],[-73.75661,40.72621],[-73.7567,40.72623],[-73.75528,40.72672],[-73.75442,40.72704],[-73.75297,40.72771],[-73.75184,40.72833],[-73.75048,40.72922],[-73.74981,40.72975],[-73.74672,40.73248],[-73.74555,40.7334],[-73.74472,40.73401],[-73.74295,40.73546],[-73.74152,40.73686],[-73.73987,40.73887],[-73.73933,40.73947],[-73.73901,40.73975],[-73.73816,40.74038],[-73.73437,40.74235],[-73.73375,40.74275],[-73.73242,40.74369],[-73.73106,40.74489],[-73.72993,40.74619],[-73.72907,40.74739],[-73.72872,40.7482],[-73.72849,40.74904],[-73.72825,40.74969],[-73.72788,40.75039],[-73.72771,40.75063],[-73.72709,40.75134],[-73.72641,40.75192],[-73.72603,40.75217],[-73.72384,40.75346],[-73.72327,40.75395],[-73.72265,40.7546],[-73.72241,40.75492],[-73.72207,40.7555],[-73.7218,40.75607],[-73.72146,40.75666],[-73.72097,40.75729],[-73.72032,40.7579],[-73.71956,40.75845],[-73.71897,40.75878],[-73.71832,40.75908],[-73.71767,40.75931],[-73.71685,40.75953],[-73.71613,40.75966],[-73.71498,40.75978],[-73.71352,40.75984],[-73.71245,40.75924],[-73.70783,40.75622],[-73.70527,40.75477],[-73.70273,40.75325],[-73.70163,40.75249],[-73.70135,40.75078],[-73.70117,40.74892],[-73.7009,40.74713],[-73.70078,40.74504],[-73.70058,40.74318],[-73.70029,40.74101],[-73.70001,40.73932],[-73.70002,40.73924],[-73.70032,40.73897],[-73.70081,40.73844],[-73.70147,40.73751],[-73.70206,40.73644],[-73.70331,40.73456],[-73.70394,40.73353],[-73.70648,40.72971],[-73.70766,40.72783],[-73.7105,40.72723],[-73.71588,40.72654],[-73.71829,40.72604],[-73.72567,40.72404],[-73.72648,40.72375],[-73.72816,40.72308],[-73.72914,40.72276],[-73.72976,40.72248],[-73.73033,40.72216],[-73.72918,40.71917],[-73.72736,40.71239],[-73.72697,40.71071],[-73.72689,40.70998],[-73.72705,40.7095],[-73.72673,40.70215],[-73.72678,40.70199],[-73.72665,40.70111],[-73.72654,40.69898],[-73.7265,40.69689],[-73.7262,40.68898],[-73.72593,40.68631],[-73.7258,40.68435],[-73.72591,40.68266],[-73.72563,40.67959],[-73.72629,40.67706],[-73.72756,40.67416],[-73.72754,40.67393],[-73.72788,40.6708],[-73.728,40.66941],[-73.72817,40.66872],[-73.72824,40.66802],[-73.72822,40.66731],[-73.72827,40.66643],[-73.72822,40.66591],[-73.72811,40.66535],[-73.72786,40.66507],[-73.72787,40.6647],[-73.72781,40.66461],[-73.72777,40.66406],[-73.72783,40.66398],[-73.72782,40.66312],[-73.72833,40.66304],[-73.72815,40.66245],[-73.72805,40.6624],[-73.72793,40.66175],[-73.72721,40.66042],[-73.72644,40.65916],[-73.72557,40.65673],[-73.7255,40.65552],[-73.72498,40.65425],[-73.72506,40.65351],[-73.7251,40.65235],[-73.72523,40.652],[-73.7265,40.65166],[-73.73029,40.65037],[-73.73051,40.65031],[-73.73207,40.65009],[-73.73514,40.64973],[-73.73904,40.6482],[-73.74144,40.64689],[-73.74144,40.64609],[-73.74166,40.6422],[-73.74205,40.64147],[-73.74142,40.6405],[-73.74227,40.64012],[-73.74126,40.6389],[-73.73947,40.63571],[-73.73996,40.63514],[-73.74,40.63531],[-73.74067,40.63521],[-73.74067,40.63519],[-73.74077,40.63516],[-73.74076,40.63513],[-73.74075,40.63516],[-73.74053,40.6352],[-73.74053,40.63517],[-73.74042,40.63518],[-73.74042,40.63514],[-73.74097,40.63505],[-73.74099,40.6351],[-73.7409,40.63509],[-73.74091,40.63513],[-73.7408,40.63515],[-73.74077,40.63512],[-73.74079,40.63516],[-73.74102,40.63516],[-73.74165,40.63505],[-73.74164,40.63501],[-73.7417,40.635],[-73.74168,40.63496],[-73.74144,40.63496],[-73.74171,40.63493],[-73.74177,40.63493],[-73.74171,40.63496],[-73.74172,40.635],[-73.74177,40.63499],[-73.74179,40.63502],[-73.742,40.63498],[-73.74231,40.63504],[-73.74247,40.63512],[-73.74255,40.63529],[-73.74244,40.63537],[-73.74237,40.63555],[-73.74242,40.63557],[-73.74239,40.63563],[-73.74244,40.63564],[-73.74255,40.63544],[-73.74259,40.63545],[-73.74244,40.63571],[-73.7424,40.6357],[-73.74243,40.63566],[-73.74238,40.63564],[-73.74237,40.6357],[-73.74231,40.63569],[-73.74208,40.6361],[-73.74176,40.63644],[-73.74173,40.63643],[-73.74144,40.6367],[-73.74124,40.63693],[-73.74113,40.63716],[-73.74096,40.6373],[-73.74113,40.63771],[-73.7413,40.6379],[-73.74138,40.63794],[-73.74149,40.63795],[-73.74189,40.63812],[-73.74273,40.63827],[-73.74334,40.63817],[-73.74397,40.63788],[-73.74404,40.63799],[-73.74352,40.63889],[-73.74356,40.63894],[-73.74373,40.63902],[-73.74385,40.63896],[-73.74403,40.63865],[-73.74396,40.63862],[-73.74404,40.63844],[-73.74409,40.63844],[-73.74422,40.63802],[-73.74451,40.63758],[-73.7446,40.63754],[-73.74473,40.63738],[-73.74473,40.63733],[-73.74468,40.63731],[-73.7447,40.63729],[-73.74467,40.63729],[-73.7448,40.63708],[-73.74484,40.63709],[-73.74471,40.63731],[-73.74473,40.63731],[-73.74481,40.6372],[-73.74489,40.63717],[-73.74519,40.63719],[-73.74592,40.63677],[-73.74629,40.63644],[-73.74661,40.63658],[-73.74679,40.63678],[-73.74677,40.63689],[-73.74645,40.63726],[-73.74614,40.63743],[-73.74604,40.63752],[-73.74597,40.63752],[-73.74527,40.63792],[-73.74524,40.63799],[-73.74517,40.63804],[-73.74516,40.63811],[-73.74533,40.63837],[-73.74538,40.63829],[-73.74567,40.63812],[-73.74551,40.63794],[-73.74644,40.63743],[-73.7469,40.63693],[-73.747,40.63689],[-73.74705,40.63696],[-73.747,40.63713],[-73.74712,40.63715],[-73.74714,40.63706],[-73.74716,40.63706],[-73.74715,40.63713],[-73.74713,40.63722],[-73.7471,40.63721],[-73.74712,40.63716],[-73.74699,40.63715],[-73.747,40.63735]]]}},{"type":"Feature","properties":{"std_name":"Brooklyn N05","std_geoid":"BKN05","pen":"politicians","std_note":null},"geometry":{"type":"Polygon","coordinates":[[[-73.86842,40.69472],[-73.86868,40.69403],[-73.86859,40.69388],[-73.86806,40.69118],[-73.86746,40.6884],[-73.8666,40.68527],[-73.86631,40.68325],[-73.86602,40.68192],[-73.86499,40.68213],[-73.8641,40.68237],[-73.86329,40.67908],[-73.86235,40.67916],[-73.86039,40.67125],[-73.85763,40.67166],[-73.85685,40.6686],[-73.85612,40.66551],[-73.85568,40.66387],[-73.85843,40.66345],[-73.85812,40.66204],[-73.85762,40.66012],[-73.85851,40.6599],[-73.86036,40.65965],[-73.86175,40.65894],[-73.86317,40.65828],[-73.8627,40.65762],[-73.863,40.65749],[-73.863,40.65726],[-73.86307,40.65721],[-73.86313,40.65721],[-73.86312,40.65716],[-73.86316,40.65709],[-73.86328,40.65694],[-73.86318,40.65683],[-73.86304,40.65674],[-73.863,40.65665],[-73.86306,40.65647],[-73.863,40.65636],[-73.86307,40.65633],[-73.86317,40.65641],[-73.8632,40.65636],[-73.86305,40.65611],[-73.86264,40.65567],[-73.86173,40.6553],[-73.86099,40.65521],[-73.86058,40.65468],[-73.86304,40.65321],[-73.86578,40.65171],[-73.86938,40.64978],[-73.87019,40.64932],[-73.87132,40.64859],[-73.87218,40.64795],[-73.87282,40.64742],[-73.87347,40.64682],[-73.87922,40.65459],[-73.87927,40.65457],[-73.87933,40.65462],[-73.87964,40.6545],[-73.87972,40.65438],[-73.87924,40.65374],[-73.87911,40.65371],[-73.87676,40.65056],[-73.87672,40.65032],[-73.8739,40.64637],[-73.87458,40.64561],[-73.87495,40.64514],[-73.87531,40.64466],[-73.87596,40.64364],[-73.87683,40.64212],[-73.87797,40.63981],[-73.87868,40.64054],[-73.87865,40.64107],[-73.87919,40.64165],[-73.88179,40.64395],[-73.88495,40.6468],[-73.88768,40.64919],[-73.88909,40.65031],[-73.89137,40.65236],[-73.89246,40.65371],[-73.89355,40.6552],[-73.89761,40.65345],[-73.898,40.6538],[-73.89814,40.65404],[-73.8986,40.65583],[-73.89904,40.65737],[-73.89881,40.65741],[-73.89922,40.65911],[-73.90042,40.66381],[-73.90167,40.66841],[-73.90229,40.67094],[-73.90266,40.6722],[-73.90347,40.67551],[-73.90346,40.67604],[-73.90335,40.67711],[-73.90332,40.67787],[-73.90339,40.67804],[-73.90358,40.67888],[-73.90349,40.6789],[-73.90405,40.67922],[-73.90262,40.68066],[-73.90025,40.67942],[-73.89975,40.67951],[-73.8997,40.67954],[-73.8989,40.67956],[-73.89827,40.67973],[-73.89786,40.67988],[-73.89749,40.68007],[-73.89738,40.68017],[-73.8971,40.68048],[-73.89696,40.6807],[-73.89687,40.68088],[-73.89675,40.68149],[-73.89658,40.68157],[-73.89653,40.682],[-73.89642,40.68248],[-73.89629,40.68276],[-73.896,40.6832],[-73.89531,40.68408],[-73.89417,40.68528],[-73.89252,40.68342],[-73.89166,40.68404],[-73.89015,40.685],[-73.88963,40.68424],[-73.88909,40.68464],[-73.88808,40.68529],[-73.88452,40.68668],[-73.88378,40.68786],[-73.87951,40.69115],[-73.87402,40.69419],[-73.86892,40.69515],[-73.86842,40.69472]]]}},{"type":"Feature","properties":{"std_name":"Brooklyn S18","std_geoid":"BKS18","pen":"politicians","std_note":null},"geometry":{"type":"MultiPolygon","coordinates":[[[[-73.898,40.6538],[-73.89761,40.65345],[-73.89355,40.6552],[-73.89246,40.65371],[-73.89137,40.65236],[-73.88909,40.65031],[-73.88768,40.64919],[-73.88495,40.6468],[-73.88179,40.64395],[-73.87919,40.64165],[-73.87865,40.64107],[-73.87868,40.64054],[-73.87797,40.63981],[-73.87842,40.63891],[-73.87856,40.63904],[-73.87853,40.63911],[-73.87863,40.63922],[-73.87862,40.63937],[-73.87884,40.63947],[-73.87911,40.63976],[-73.87917,40.63989],[-73.87931,40.64007],[-73.87951,40.64021],[-73.87989,40.64036],[-73.87989,40.64052],[-73.87995,40.6406],[-73.8801,40.64065],[-73.88013,40.64073],[-73.88016,40.64074],[-73.88017,40.6409],[-73.88026,40.64097],[-73.88029,40.64099],[-73.88048,40.64098],[-73.88048,40.64112],[-73.88074,40.64157],[-73.88059,40.64146],[-73.88046,40.64146],[-73.88046,40.64142],[-73.88039,40.6414],[-73.88029,40.6414],[-73.8801,40.64157],[-73.88003,40.64172],[-73.88002,40.64188],[-73.88007,40.642],[-73.88028,40.64212],[-73.88032,40.64212],[-73.88037,40.64206],[-73.88054,40.64206],[-73.88068,40.64211],[-73.88078,40.6422],[-73.88099,40.64222],[-73.88113,40.64229],[-73.88139,40.64235],[-73.88157,40.6425],[-73.88163,40.64273],[-73.88175,40.64291],[-73.8821,40.64326],[-73.88224,40.64345],[-73.88224,40.64353],[-73.88215,40.64366],[-73.88215,40.64374],[-73.8827,40.64405],[-73.88302,40.64418],[-73.88325,40.64444],[-73.88342,40.64452],[-73.8836,40.64446],[-73.8837,40.64435],[-73.88387,40.64433],[-73.884,40.64437],[-73.88413,40.64429],[-73.88432,40.6441],[-73.88481,40.64395],[-73.88558,40.64404],[-73.88574,40.64418],[-73.88601,40.6445],[-73.88601,40.64457],[-73.88673,40.64513],[-73.8868,40.64524],[-73.8872,40.6456],[-73.88722,40.64568],[-73.88727,40.64571],[-73.88728,40.64576],[-73.88743,40.64594],[-73.88736,40.64599],[-73.88739,40.64608],[-73.88745,40.6461],[-73.88746,40.64616],[-73.88753,40.64618],[-73.88764,40.64633],[-73.88767,40.6465],[-73.88764,40.64659],[-73.88767,40.64666],[-73.88766,40.64672],[-73.88773,40.64714],[-73.88757,40.64727],[-73.88752,40.64742],[-73.88762,40.64752],[-73.88765,40.64762],[-73.88762,40.6477],[-73.88764,40.6478],[-73.88771,40.64787],[-73.88807,40.6479],[-73.88815,40.64787],[-73.88843,40.64801],[-73.88864,40.64802],[-73.88878,40.6482],[-73.88881,40.64834],[-73.88888,40.64836],[-73.88925,40.64875],[-73.88953,40.64888],[-73.88993,40.64924],[-73.89009,40.64933],[-73.89022,40.64938],[-73.89034,40.64935],[-73.89014,40.64917],[-73.89035,40.64903],[-73.89054,40.64921],[-73.89066,40.64924],[-73.89082,40.64936],[-73.89096,40.64937],[-73.89105,40.64931],[-73.89121,40.64912],[-73.89108,40.64879],[-73.89087,40.64855],[-73.89051,40.64825],[-73.89024,40.64792],[-73.88945,40.64717],[-73.88935,40.64703],[-73.88947,40.64696],[-73.88948,40.64691],[-73.8888,40.64605],[-73.88876,40.64607],[-73.88931,40.64675],[-73.88941,40.64689],[-73.88941,40.64694],[-73.88919,40.64708],[-73.88913,40.64709],[-73.88904,40.64705],[-73.88905,40.64708],[-73.88899,40.64716],[-73.8889,40.64722],[-73.88878,40.64719],[-73.88869,40.6471],[-73.88861,40.64708],[-73.88858,40.64711],[-73.88864,40.64719],[-73.88864,40.64722],[-73.88858,40.64733],[-73.88852,40.64736],[-73.88844,40.64736],[-73.8883,40.64716],[-73.8882,40.64714],[-73.88819,40.64677],[-73.88831,40.64672],[-73.88845,40.64673],[-73.88854,40.64679],[-73.88854,40.64682],[-73.88853,40.64686],[-73.88845,40.6469],[-73.88845,40.64694],[-73.88854,40.64697],[-73.88864,40.64691],[-73.88864,40.64679],[-73.8886,40.64671],[-73.8885,40.64666],[-73.88808,40.64662],[-73.88806,40.64653],[-73.88809,40.64621],[-73.88829,40.64604],[-73.88826,40.64606],[-73.88822,40.64602],[-73.88826,40.64601],[-73.88821,40.646],[-73.888,40.64603],[-73.88787,40.64591],[-73.88774,40.64574],[-73.88775,40.64571],[-73.88763,40.64563],[-73.88741,40.64533],[-73.88751,40.64532],[-73.88752,40.64527],[-73.88792,40.64507],[-73.88801,40.64515],[-73.88808,40.64516],[-73.88796,40.64503],[-73.88791,40.645],[-73.88774,40.64504],[-73.88734,40.64522],[-73.8872,40.64508],[-73.88717,40.64498],[-73.88709,40.64492],[-73.88706,40.64477],[-73.88698,40.64468],[-73.88691,40.64447],[-73.88678,40.64445],[-73.88679,40.64452],[-73.88663,40.64435],[-73.88655,40.64431],[-73.88658,40.64429],[-73.88654,40.64423],[-73.88642,40.64418],[-73.88631,40.64401],[-73.88623,40.64395],[-73.88624,40.64382],[-73.88614,40.64379],[-73.88603,40.64366],[-73.88585,40.64365],[-73.88551,40.64347],[-73.88519,40.64337],[-73.88469,40.64312],[-73.88374,40.64245],[-73.88311,40.64187],[-73.8819,40.64083],[-73.88079,40.63976],[-73.88077,40.63958],[-73.88055,40.63916],[-73.87954,40.63822],[-73.87935,40.63818],[-73.87912,40.63827],[-73.87908,40.6383],[-73.87905,40.63844],[-73.87897,40.63846],[-73.87887,40.63844],[-73.8787,40.63834],[-73.87953,40.63674],[-73.88012,40.63581],[-73.88086,40.63483],[-73.88133,40.63426],[-73.88255,40.633],[-73.88345,40.63223],[-73.88348,40.6321],[-73.88416,40.63148],[-73.88441,40.6312],[-73.8846,40.63088],[-73.88471,40.63053],[-73.88474,40.63019],[-73.88471,40.62968],[-73.88486,40.62947],[-73.88504,40.62939],[-73.88526,40.62937],[-73.88593,40.62956],[-73.88651,40.62959],[-73.8869,40.62953],[-73.88731,40.6294],[-73.88805,40.62904],[-73.88837,40.62892],[-73.89335,40.6257],[-73.89424,40.62508],[-73.89491,40.62453],[-73.89536,40.62408],[-73.89576,40.6236],[-73.89626,40.6229],[-73.89646,40.62302],[-73.9029,40.62588],[-73.9037,40.62622],[-73.90413,40.62631],[-73.91633,40.63204],[-73.91662,40.63201],[-73.91688,40.63193],[-73.91716,40.63173],[-73.91734,40.63166],[-73.91746,40.63154],[-73.91752,40.63134],[-73.91732,40.63101],[-73.91535,40.62999],[-73.90396,40.62483],[-73.90386,40.62494],[-73.90387,40.62497],[-73.90546,40.62577],[-73.90541,40.62578],[-73.90533,40.62586],[-73.9054,40.62577],[-73.90321,40.62467],[-73.90312,40.62474],[-73.90321,40.62464],[-73.90315,40.62461],[-73.90307,40.62471],[-73.90312,40.62462],[-73.90263,40.62437],[-73.90255,40.62444],[-73.90263,40.62435],[-73.90313,40.6246],[-73.90317,40.62456],[-73.9032,40.62457],[-73.90327,40.62448],[-73.90269,40.62421],[-73.90283,40.62405],[-73.90272,40.62405],[-73.90242,40.62446],[-73.90229,40.62441],[-73.9024,40.62444],[-73.90271,40.62402],[-73.90262,40.62398],[-73.90272,40.62402],[-73.90275,40.62398],[-73.90264,40.62392],[-73.90285,40.62399],[-73.90287,40.62396],[-73.90274,40.6239],[-73.90275,40.62388],[-73.90292,40.62395],[-73.90298,40.62379],[-73.90294,40.62362],[-73.90282,40.62348],[-73.90273,40.62344],[-73.90261,40.62343],[-73.90242,40.62349],[-73.90234,40.62347],[-73.90222,40.62318],[-73.90197,40.62291],[-73.90173,40.6229],[-73.90138,40.62278],[-73.90118,40.62268],[-73.90099,40.62254],[-73.90094,40.62247],[-73.90093,40.62232],[-73.90082,40.62214],[-73.90091,40.62206],[-73.90091,40.62198],[-73.90076,40.62178],[-73.9007,40.62163],[-73.90059,40.6216],[-73.90055,40.62164],[-73.90047,40.6216],[-73.90036,40.62161],[-73.89991,40.62175],[-73.89966,40.6218],[-73.89935,40.62175],[-73.89897,40.62183],[-73.89873,40.62182],[-73.89857,40.62178],[-73.89812,40.62185],[-73.89764,40.62177],[-73.89745,40.62169],[-73.89705,40.62168],[-73.89692,40.62166],[-73.89722,40.62077],[-73.89733,40.62022],[-73.89742,40.61926],[-73.8974,40.6188],[-73.89721,40.61642],[-73.89713,40.61464],[-73.89714,40.61276],[-73.8972,40.61136],[-73.89731,40.6103],[-73.89744,40.60969],[-73.8976,40.60907],[-73.89839,40.60678],[-73.89856,40.60601],[-73.89865,40.6053],[-73.89871,40.60535],[-73.89916,40.60553],[-73.89938,40.60546],[-73.89959,40.60553],[-73.89972,40.60554],[-73.89983,40.6055],[-73.89987,40.60552],[-73.89991,40.60564],[-73.89998,40.60568],[-73.90015,40.60587],[-73.90033,40.60615],[-73.90052,40.60628],[-73.90087,40.60692],[-73.90087,40.60702],[-73.90072,40.6072],[-73.90057,40.60747],[-73.90049,40.60817],[-73.90051,40.60834],[-73.90044,40.60857],[-73.90049,40.60871],[-73.90045,40.60889],[-73.90049,40.60898],[-73.90048,40.60922],[-73.90043,40.60926],[-73.9004,40.60937],[-73.90025,40.60952],[-73.90022,40.60999],[-73.90016,40.61008],[-73.90018,40.61012],[-73.90028,40.61012],[-73.90044,40.61024],[-73.90045,40.6103],[-73.90041,40.61038],[-73.90045,40.61044],[-73.90071,40.61057],[-73.90092,40.61078],[-73.90103,40.61082],[-73.9011,40.61089],[-73.90108,40.61094],[-73.90111,40.61099],[-73.90135,40.61109],[-73.90144,40.61133],[-73.90142,40.61139],[-73.90136,40.61137],[-73.90131,40.61143],[-73.90133,40.61172],[-73.90153,40.6118],[-73.90161,40.61186],[-73.90199,40.61175],[-73.90229,40.61196],[-73.90249,40.61186],[-73.90246,40.61184],[-73.90249,40.61181],[-73.90119,40.61056],[-73.90133,40.61048],[-73.90134,40.6105],[-73.90125,40.61058],[-73.90254,40.61183],[-73.90265,40.61178],[-73.90236,40.61198],[-73.90241,40.61202],[-73.90272,40.61183],[-73.90264,40.61191],[-73.90293,40.61216],[-73.90304,40.6121],[-73.90292,40.61219],[-73.90263,40.61193],[-73.90242,40.61203],[-73.90256,40.61216],[-73.90271,40.61225],[-73.90587,40.61506],[-73.90591,40.61504],[-73.90573,40.61488],[-73.90589,40.615],[-73.906,40.61493],[-73.90603,40.61495],[-73.90593,40.61499],[-73.90597,40.61502],[-73.90588,40.61508],[-73.90697,40.61606],[-73.90696,40.61611],[-73.90715,40.616],[-73.90717,40.61601],[-73.90674,40.6163],[-73.90681,40.61636],[-73.90726,40.61609],[-73.90727,40.61611],[-73.90708,40.61622],[-73.90723,40.61635],[-73.90741,40.61624],[-73.90744,40.61626],[-73.90702,40.61653],[-73.90711,40.61661],[-73.90753,40.61634],[-73.90754,40.61636],[-73.90724,40.61655],[-73.90729,40.61661],[-73.90734,40.61659],[-73.90748,40.61671],[-73.90759,40.61663],[-73.90768,40.6167],[-73.90755,40.61678],[-73.90762,40.61685],[-73.90759,40.61687],[-73.90762,40.6169],[-73.90765,40.61688],[-73.90772,40.61694],[-73.90781,40.61692],[-73.90795,40.61703],[-73.90795,40.61707],[-73.90773,40.61721],[-73.90778,40.61726],[-73.90772,40.61731],[-73.90778,40.61737],[-73.90814,40.61715],[-73.90839,40.61739],[-73.9086,40.61727],[-73.90879,40.61744],[-73.90887,40.61739],[-73.90863,40.61717],[-73.90866,40.61715],[-73.90884,40.61731],[-73.90907,40.61716],[-73.90835,40.61653],[-73.90837,40.61652],[-73.90879,40.61687],[-73.90914,40.61663],[-73.90914,40.61653],[-73.90811,40.61567],[-73.90799,40.61575],[-73.90797,40.61574],[-73.90816,40.6156],[-73.90817,40.61561],[-73.90812,40.61565],[-73.90918,40.61652],[-73.90917,40.61665],[-73.90881,40.61689],[-73.90896,40.61699],[-73.90943,40.61667],[-73.90945,40.61669],[-73.90964,40.61658],[-73.9096,40.61639],[-73.90901,40.61577],[-73.90865,40.61548],[-73.90857,40.61544],[-73.90841,40.61544],[-73.90834,40.61537],[-73.90786,40.61521],[-73.90741,40.61475],[-73.9073,40.61481],[-73.90687,40.61426],[-73.90674,40.6143],[-73.90544,40.61301],[-73.90536,40.61307],[-73.90505,40.6129],[-73.90509,40.61286],[-73.90496,40.61279],[-73.90491,40.61282],[-73.90424,40.61236],[-73.90437,40.61223],[-73.90429,40.61216],[-73.90429,40.61201],[-73.90421,40.61196],[-73.90411,40.61204],[-73.90404,40.612],[-73.90407,40.61198],[-73.90412,40.61201],[-73.90416,40.61197],[-73.9041,40.61193],[-73.90414,40.6119],[-73.90351,40.61141],[-73.90331,40.61155],[-73.90328,40.61152],[-73.90349,40.61139],[-73.90334,40.61127],[-73.90314,40.61097],[-73.90286,40.61088],[-73.90275,40.61093],[-73.90263,40.61081],[-73.90268,40.61075],[-73.90239,40.61048],[-73.90232,40.6105],[-73.90226,40.61042],[-73.90221,40.61034],[-73.90222,40.61026],[-73.90227,40.61025],[-73.90221,40.60955],[-73.90207,40.60955],[-73.90215,40.60904],[-73.9021,40.60904],[-73.90196,40.60862],[-73.90196,40.6084],[-73.90201,40.60835],[-73.90197,40.60828],[-73.90188,40.60781],[-73.90191,40.60781],[-73.90188,40.60735],[-73.90191,40.60735],[-73.9019,40.60723],[-73.90187,40.60723],[-73.90168,40.60609],[-73.90171,40.6061],[-73.9017,40.60587],[-73.90166,40.60586],[-73.90164,40.60576],[-73.90178,40.60567],[-73.90181,40.60567],[-73.9019,40.60573],[-73.90524,40.60491],[-73.90529,40.60493],[-73.90539,40.60523],[-73.90534,40.60532],[-73.90542,40.60554],[-73.90561,40.6059],[-73.90597,40.60638],[-73.90623,40.60635],[-73.90754,40.60637],[-73.90811,40.60627],[-73.90822,40.60637],[-73.90837,40.6064],[-73.90845,40.60662],[-73.90864,40.60666],[-73.90883,40.60656],[-73.90879,40.60646],[-73.90881,40.60646],[-73.90866,40.60613],[-73.90851,40.60588],[-73.90853,40.60588],[-73.90849,40.60577],[-73.90847,40.60578],[-73.90843,40.60573],[-73.90846,40.60572],[-73.90839,40.60565],[-73.90842,40.60565],[-73.90836,40.60556],[-73.90838,40.60555],[-73.90836,40.60551],[-73.90831,40.60549],[-73.90824,40.60532],[-73.90805,40.60538],[-73.90803,40.60536],[-73.9084,40.60524],[-73.90842,40.60527],[-73.9083,40.60531],[-73.90841,40.60551],[-73.90839,40.60552],[-73.9084,40.60555],[-73.90843,40.60554],[-73.90847,40.60563],[-73.90849,40.60563],[-73.90866,40.60606],[-73.90873,40.60615],[-73.90879,40.60633],[-73.90877,40.60633],[-73.90878,40.60636],[-73.90884,40.60646],[-73.90893,40.60647],[-73.90885,40.60649],[-73.90889,40.60654],[-73.90906,40.60647],[-73.90919,40.60649],[-73.90927,40.60645],[-73.90934,40.60648],[-73.90985,40.60617],[-73.90981,40.60608],[-73.90985,40.606],[-73.90978,40.60582],[-73.90961,40.60566],[-73.90899,40.60515],[-73.90895,40.60505],[-73.90886,40.60506],[-73.90872,40.60474],[-73.90874,40.60473],[-73.90861,40.60452],[-73.90858,40.60453],[-73.90854,40.60445],[-73.90846,40.60446],[-73.90831,40.60413],[-73.90833,40.60407],[-73.9089,40.60391],[-73.90893,40.60398],[-73.90913,40.60394],[-73.91092,40.60351],[-73.91329,40.60388],[-73.91365,40.60398],[-73.91363,40.60402],[-73.91378,40.60421],[-73.91384,40.60416],[-73.91498,40.6052],[-73.91491,40.60525],[-73.91504,40.60536],[-73.9151,40.60532],[-73.91592,40.60606],[-73.91627,40.60644],[-73.91635,40.60646],[-73.91674,40.60681],[-73.9167,40.60684],[-73.91676,40.60691],[-73.91669,40.60694],[-73.91672,40.60699],[-73.9166,40.60709],[-73.91671,40.60716],[-73.91661,40.60721],[-73.91667,40.60732],[-73.91672,40.60762],[-73.91632,40.60868],[-73.91678,40.60877],[-73.91657,40.60942],[-73.91663,40.60944],[-73.91684,40.60876],[-73.91649,40.6087],[-73.91651,40.60863],[-73.91689,40.60871],[-73.91683,40.60891],[-73.917,40.60894],[-73.91705,40.60881],[-73.91709,40.60882],[-73.91703,40.60897],[-73.91682,40.60893],[-73.91666,40.60944],[-73.91681,40.60947],[-73.9168,40.60949],[-73.9167,40.60947],[-73.91668,40.60955],[-73.91664,40.60955],[-73.91666,40.60946],[-73.91657,40.60944],[-73.91639,40.61009],[-73.91628,40.61011],[-73.91606,40.61043],[-73.91616,40.61052],[-73.91563,40.61088],[-73.91492,40.61127],[-73.915,40.61134],[-73.91489,40.61139],[-73.91482,40.61134],[-73.91465,40.61146],[-73.9145,40.61165],[-73.91458,40.6119],[-73.91486,40.6133],[-73.91476,40.61337],[-73.91479,40.61353],[-73.91487,40.61349],[-73.91493,40.61396],[-73.91386,40.61464],[-73.91408,40.61489],[-73.91418,40.61478],[-73.91423,40.6148],[-73.91411,40.6149],[-73.91422,40.61493],[-73.91434,40.61494],[-73.9145,40.61487],[-73.91467,40.61468],[-73.91478,40.61468],[-73.91642,40.61357],[-73.9164,40.61355],[-73.91591,40.61385],[-73.91596,40.61382],[-73.91573,40.61362],[-73.91577,40.61354],[-73.91575,40.61362],[-73.91597,40.61381],[-73.91625,40.61363],[-73.91588,40.61333],[-73.91576,40.6134],[-73.91575,40.61338],[-73.91597,40.61324],[-73.91598,40.61325],[-73.91589,40.61331],[-73.91626,40.61361],[-73.91639,40.61353],[-73.91634,40.61348],[-73.9164,40.61345],[-73.91599,40.61288],[-73.91587,40.61291],[-73.916,40.61286],[-73.91642,40.61345],[-73.91646,40.61342],[-73.91651,40.61347],[-73.91647,40.61349],[-73.9165,40.61352],[-73.91663,40.61344],[-73.91573,40.61183],[-73.91675,40.61118],[-73.91659,40.61109],[-73.91665,40.61109],[-73.91672,40.61104],[-73.91667,40.61101],[-73.91683,40.61112],[-73.91805,40.61028],[-73.91811,40.61021],[-73.9181,40.61012],[-73.91773,40.60978],[-73.91787,40.60933],[-73.91782,40.60932],[-73.9177,40.60967],[-73.91768,40.60966],[-73.91796,40.60879],[-73.91798,40.60879],[-73.91782,40.6093],[-73.91787,40.60931],[-73.91803,40.60885],[-73.91856,40.6085],[-73.9181,40.60809],[-73.91801,40.60815],[-73.91819,40.60802],[-73.91812,40.60808],[-73.91857,40.60849],[-73.91889,40.60829],[-73.91901,40.60827],[-73.91825,40.60759],[-73.91814,40.60765],[-73.91836,40.6075],[-73.91841,40.60754],[-73.91831,40.60761],[-73.91902,40.60826],[-73.91935,40.60804],[-73.91838,40.60717],[-73.91827,40.60724],[-73.91825,40.60723],[-73.9185,40.60707],[-73.9184,40.60715],[-73.91937,40.60803],[-73.9195,40.60797],[-73.91952,40.60774],[-73.91924,40.60739],[-73.91905,40.60722],[-73.91868,40.60697],[-73.91858,40.60677],[-73.91702,40.60538],[-73.91712,40.60531],[-73.9156,40.60394],[-73.9155,40.60391],[-73.91542,40.60395],[-73.91477,40.60336],[-73.91489,40.60329],[-73.91443,40.60286],[-73.914,40.60279],[-73.91389,40.6027],[-73.9138,40.60287],[-73.91382,40.60289],[-73.91369,40.60285],[-73.91379,40.60287],[-73.91386,40.60269],[-73.91364,40.60252],[-73.91333,40.60276],[-73.91349,40.6029],[-73.91347,40.60291],[-73.9133,40.60277],[-73.91366,40.60247],[-73.9135,40.60237],[-73.91327,40.60255],[-73.91339,40.60263],[-73.9132,40.60279],[-73.91318,40.60277],[-73.91336,40.60264],[-73.91326,40.60257],[-73.91302,40.60275],[-73.913,40.60274],[-73.91348,40.60235],[-73.9133,40.60225],[-73.91312,40.60222],[-73.91274,40.60271],[-73.91271,40.60269],[-73.91285,40.60251],[-73.91272,40.60245],[-73.91275,40.60242],[-73.91289,40.60248],[-73.9131,40.60221],[-73.91227,40.60214],[-73.91158,40.60214],[-73.91158,40.60222],[-73.91231,40.60228],[-73.91254,40.60236],[-73.91253,40.60239],[-73.91226,40.60229],[-73.91225,40.60232],[-73.91165,40.60228],[-73.91158,40.60229],[-73.91154,40.60244],[-73.91244,40.60257],[-73.9125,40.60252],[-73.91261,40.60253],[-73.91257,40.60268],[-73.91259,40.60255],[-73.91252,40.60254],[-73.91249,40.60267],[-73.91248,40.60259],[-73.91152,40.60246],[-73.91097,40.60242],[-73.91094,40.6025],[-73.91095,40.60236],[-73.91089,40.60236],[-73.91089,40.60249],[-73.91087,40.60249],[-73.91088,40.60234],[-73.91099,40.60235],[-73.91098,40.6024],[-73.91151,40.60244],[-73.91152,40.6024],[-73.91154,40.60222],[-73.91094,40.60215],[-73.91092,40.60221],[-73.91094,40.60213],[-73.91155,40.60221],[-73.91156,40.60216],[-73.91076,40.60203],[-73.91075,40.60244],[-73.90904,40.6026],[-73.90904,40.60268],[-73.90902,40.60252],[-73.90905,40.60258],[-73.91071,40.60242],[-73.91071,40.60214],[-73.90943,40.6022],[-73.90942,40.60227],[-73.90941,40.60219],[-73.91072,40.60211],[-73.91073,40.60202],[-73.91029,40.60195],[-73.9098,40.60204],[-73.90941,40.60193],[-73.90919,40.60179],[-73.90905,40.60162],[-73.90894,40.60161],[-73.90889,40.60161],[-73.90884,40.60169],[-73.90848,40.60181],[-73.90845,40.60185],[-73.90849,40.60192],[-73.90822,40.60206],[-73.90797,40.60209],[-73.90798,40.60214],[-73.90794,40.60216],[-73.9078,40.60214],[-73.90774,40.60217],[-73.90766,40.60222],[-73.90771,40.60226],[-73.90768,40.60229],[-73.90741,40.60232],[-73.90731,40.60225],[-73.90722,40.60225],[-73.90701,40.60241],[-73.9067,40.60239],[-73.90657,40.60234],[-73.90644,40.60244],[-73.9062,40.60248],[-73.90611,40.60246],[-73.90581,40.60253],[-73.90578,40.60257],[-73.90571,40.60256],[-73.90562,40.60263],[-73.90551,40.60261],[-73.90539,40.60265],[-73.90497,40.60257],[-73.9049,40.6026],[-73.90457,40.60253],[-73.90413,40.60262],[-73.90393,40.60273],[-73.90369,40.60264],[-73.90367,40.6026],[-73.90336,40.60255],[-73.90333,40.60246],[-73.9032,40.60265],[-73.90302,40.60261],[-73.9029,40.60264],[-73.90284,40.60276],[-73.90275,40.60275],[-73.90258,40.60279],[-73.90242,40.60293],[-73.90226,40.60296],[-73.90209,40.60304],[-73.90201,40.60311],[-73.90186,40.60311],[-73.90165,40.60316],[-73.90143,40.60327],[-73.90114,40.6033],[-73.90098,40.60325],[-73.90087,40.60329],[-73.90051,40.60328],[-73.90028,40.60338],[-73.89983,40.60334],[-73.8992,40.60357],[-73.89892,40.60364],[-73.89917,40.60304],[-73.89957,40.60241],[-73.90015,40.60178],[-73.90088,40.60114],[-73.90124,40.60088],[-73.90207,40.60037],[-73.90276,40.60004],[-73.90466,40.59931],[-73.90525,40.59901],[-73.90585,40.59865],[-73.90647,40.59818],[-73.90702,40.59767],[-73.90757,40.59699],[-73.90788,40.59651],[-73.90818,40.59583],[-73.90836,40.59525],[-73.90847,40.59466],[-73.90849,40.59407],[-73.90835,40.59314],[-73.90812,40.59215],[-73.90806,40.59131],[-73.90811,40.59066],[-73.90817,40.59033],[-73.90836,40.58968],[-73.90866,40.58905],[-73.90884,40.58874],[-73.90905,40.58844],[-73.90953,40.58788],[-73.90981,40.58762],[-73.9104,40.58713],[-73.91105,40.58671],[-73.91178,40.58631],[-73.91192,40.58643],[-73.91197,40.5867],[-73.91196,40.58679],[-73.91188,40.58705],[-73.91181,40.58699],[-73.91168,40.58704],[-73.91158,40.58726],[-73.91187,40.58812],[-73.91191,40.58847],[-73.91186,40.58889],[-73.91169,40.58925],[-73.91172,40.5893],[-73.91169,40.58935],[-73.9117,40.58954],[-73.91173,40.58959],[-73.9117,40.58961],[-73.91168,40.58977],[-73.91172,40.58986],[-73.91169,40.58987],[-73.91172,40.58995],[-73.91157,40.59017],[-73.9116,40.59027],[-73.91159,40.59055],[-73.91149,40.59111],[-73.91151,40.59129],[-73.9116,40.59143],[-73.91159,40.59149],[-73.9117,40.59171],[-73.91172,40.59186],[-73.91168,40.59194],[-73.91174,40.59221],[-73.91179,40.59233],[-73.91188,40.59236],[-73.91186,40.59243],[-73.91193,40.59262],[-73.91189,40.59276],[-73.91189,40.59289],[-73.91202,40.5931],[-73.91198,40.59324],[-73.91204,40.59335],[-73.91201,40.59364],[-73.91207,40.59386],[-73.91199,40.59429],[-73.91204,40.59451],[-73.91219,40.5947],[-73.91227,40.59496],[-73.9124,40.59513],[-73.9124,40.59526],[-73.91258,40.59555],[-73.91304,40.59595],[-73.91306,40.59603],[-73.9132,40.59618],[-73.91321,40.59625],[-73.91328,40.59633],[-73.9133,40.59648],[-73.91343,40.59663],[-73.91344,40.59675],[-73.9136,40.59692],[-73.91366,40.59702],[-73.91365,40.5971],[-73.914,40.5972],[-73.91419,40.59736],[-73.91425,40.59746],[-73.91423,40.59752],[-73.91434,40.59755],[-73.91438,40.59759],[-73.91436,40.59769],[-73.91449,40.59794],[-73.91456,40.59799],[-73.91458,40.59806],[-73.91469,40.59816],[-73.91487,40.59823],[-73.91487,40.59831],[-73.91512,40.59869],[-73.91513,40.59878],[-73.91529,40.59891],[-73.91538,40.59894],[-73.91544,40.59904],[-73.91563,40.59918],[-73.91578,40.59923],[-73.91585,40.59931],[-73.91595,40.59931],[-73.91604,40.59938],[-73.91621,40.59945],[-73.91657,40.59955],[-73.91665,40.59963],[-73.91672,40.59963],[-73.91677,40.59969],[-73.91688,40.59974],[-73.91686,40.59979],[-73.9169,40.59984],[-73.91707,40.59984],[-73.91716,40.59987],[-73.91717,40.59993],[-73.91726,40.59989],[-73.91757,40.60002],[-73.91771,40.6001],[-73.91768,40.60022],[-73.91784,40.6004],[-73.9179,40.60042],[-73.91795,40.60038],[-73.91806,40.60045],[-73.91813,40.60044],[-73.91814,40.60051],[-73.91824,40.60054],[-73.91833,40.60064],[-73.91859,40.6008],[-73.91869,40.60077],[-73.91884,40.60082],[-73.91891,40.60087],[-73.91907,40.60088],[-73.91918,40.60093],[-73.91912,40.60096],[-73.91925,40.60101],[-73.9193,40.60099],[-73.91931,40.60094],[-73.91936,40.60093],[-73.9193,40.6009],[-73.9194,40.6009],[-73.91948,40.60098],[-73.91974,40.60098],[-73.91978,40.60102],[-73.91975,40.60105],[-73.91979,40.60107],[-73.9199,40.60103],[-73.92004,40.60112],[-73.92017,40.60109],[-73.9201,40.60121],[-73.92018,40.60128],[-73.92027,40.60132],[-73.92031,40.60127],[-73.92038,40.60126],[-73.92066,40.60141],[-73.92068,40.60146],[-73.92095,40.60153],[-73.92096,40.60158],[-73.92104,40.6016],[-73.92112,40.60167],[-73.92125,40.60165],[-73.92131,40.60171],[-73.9214,40.6017],[-73.92143,40.60173],[-73.92136,40.60181],[-73.92152,40.60192],[-73.92156,40.60186],[-73.92164,40.60184],[-73.92168,40.60177],[-73.92179,40.60182],[-73.92195,40.60172],[-73.922,40.60176],[-73.92209,40.60173],[-73.92218,40.60176],[-73.92244,40.60167],[-73.92245,40.60164],[-73.92239,40.6016],[-73.92244,40.60156],[-73.9226,40.60161],[-73.92267,40.60159],[-73.92273,40.60151],[-73.92297,40.60135],[-73.92301,40.60123],[-73.92316,40.60116],[-73.92318,40.60109],[-73.92324,40.60108],[-73.92327,40.60098],[-73.92337,40.60089],[-73.92337,40.60087],[-73.92331,40.60086],[-73.92331,40.60082],[-73.92338,40.60078],[-73.92346,40.60058],[-73.92356,40.60059],[-73.92362,40.60053],[-73.92358,40.60041],[-73.92362,40.60035],[-73.92372,40.6003],[-73.92374,40.6002],[-73.92393,40.59987],[-73.92393,40.59982],[-73.924,40.59973],[-73.92418,40.59965],[-73.92431,40.59966],[-73.9243,40.59971],[-73.92436,40.59974],[-73.92443,40.5997],[-73.92457,40.59972],[-73.92462,40.59979],[-73.92477,40.59979],[-73.92505,40.5999],[-73.92519,40.60004],[-73.92531,40.60008],[-73.92542,40.60018],[-73.92573,40.60034],[-73.92584,40.60047],[-73.92628,40.60062],[-73.92684,40.60106],[-73.9272,40.60125],[-73.92736,40.60138],[-73.92747,40.60155],[-73.92799,40.6019],[-73.92813,40.60195],[-73.92832,40.60222],[-73.92865,40.60225],[-73.92879,40.60221],[-73.92895,40.60251],[-73.92921,40.60257],[-73.92951,40.60271],[-73.92963,40.6029],[-73.92965,40.60301],[-73.92962,40.60319],[-73.92948,40.60331],[-73.92942,40.60332],[-73.92937,40.60342],[-73.92901,40.60369],[-73.92904,40.60377],[-73.92916,40.60383],[-73.92918,40.60391],[-73.92927,40.60399],[-73.92942,40.604],[-73.92957,40.60387],[-73.92987,40.60374],[-73.93006,40.60381],[-73.9301,40.60398],[-73.93014,40.60403],[-73.93019,40.60402],[-73.93028,40.60387],[-73.93038,40.60378],[-73.93057,40.60373],[-73.93075,40.60376],[-73.931,40.60394],[-73.93121,40.60382],[-73.9313,40.60369],[-73.93154,40.60347],[-73.93173,40.60325],[-73.93196,40.60312],[-73.93209,40.60285],[-73.93212,40.60269],[-73.93206,40.60265],[-73.93183,40.60264],[-73.93176,40.6026],[-73.93168,40.60238],[-73.93149,40.60211],[-73.93103,40.60167],[-73.93073,40.60159],[-73.93032,40.60129],[-73.93034,40.6012],[-73.93031,40.60117],[-73.93025,40.60117],[-73.93014,40.60126],[-73.92965,40.6012],[-73.9295,40.60103],[-73.92934,40.60097],[-73.92932,40.6009],[-73.92941,40.60076],[-73.92927,40.6008],[-73.92937,40.60065],[-73.92933,40.60055],[-73.92923,40.60049],[-73.92889,40.60047],[-73.92875,40.6004],[-73.92865,40.60039],[-73.92863,40.60041],[-73.92865,40.60057],[-73.92861,40.60059],[-73.92862,40.60062],[-73.92859,40.60061],[-73.92839,40.60052],[-73.92839,40.60046],[-73.92844,40.60041],[-73.92838,40.60035],[-73.92828,40.60034],[-73.92817,40.60038],[-73.92785,40.60032],[-73.92783,40.60023],[-73.92773,40.60015],[-73.9276,40.60016],[-73.92732,40.59999],[-73.92726,40.59992],[-73.9272,40.59991],[-73.92719,40.59988],[-73.92723,40.59985],[-73.92716,40.59983],[-73.92694,40.59958],[-73.9265,40.59936],[-73.92632,40.59913],[-73.92624,40.59911],[-73.92594,40.5989],[-73.92586,40.5988],[-73.92556,40.59858],[-73.92529,40.59845],[-73.92505,40.59828],[-73.92474,40.59791],[-73.92416,40.59748],[-73.92393,40.59724],[-73.92365,40.5971],[-73.92348,40.59685],[-73.9229,40.59645],[-73.92277,40.59628],[-73.92255,40.5961],[-73.92246,40.59588],[-73.92235,40.59574],[-73.92233,40.59565],[-73.92221,40.59546],[-73.92189,40.59513],[-73.92183,40.59512],[-73.92178,40.59503],[-73.92166,40.59504],[-73.92149,40.59494],[-73.92123,40.59488],[-73.92083,40.59487],[-73.92062,40.59479],[-73.92032,40.59472],[-73.92017,40.59455],[-73.91989,40.59438],[-73.91976,40.59426],[-73.91904,40.59377],[-73.91886,40.59358],[-73.91867,40.59333],[-73.91823,40.59314],[-73.91796,40.59291],[-73.91767,40.59251],[-73.91743,40.59228],[-73.91735,40.5921],[-73.91728,40.59205],[-73.91726,40.59198],[-73.91704,40.5919],[-73.91691,40.59174],[-73.91698,40.59167],[-73.9169,40.59166],[-73.91682,40.59151],[-73.9166,40.59134],[-73.91655,40.59117],[-73.91656,40.59109],[-73.91653,40.59108],[-73.91646,40.59111],[-73.91637,40.59104],[-73.91628,40.59103],[-73.91606,40.59082],[-73.91591,40.59079],[-73.91585,40.59073],[-73.9157,40.5907],[-73.91564,40.59062],[-73.91551,40.59059],[-73.91533,40.59047],[-73.9151,40.59042],[-73.91489,40.59023],[-73.91494,40.59016],[-73.91486,40.59007],[-73.91469,40.58995],[-73.91454,40.58994],[-73.91458,40.58988],[-73.91453,40.58972],[-73.91458,40.58964],[-73.91457,40.58944],[-73.91463,40.58942],[-73.91462,40.58933],[-73.91457,40.58938],[-73.91451,40.58938],[-73.91446,40.58926],[-73.91438,40.58924],[-73.91425,40.58934],[-73.91421,40.58922],[-73.91423,40.58908],[-73.91434,40.58889],[-73.91455,40.58874],[-73.91635,40.58792],[-73.91646,40.58782],[-73.91657,40.58781],[-73.91725,40.58748],[-73.91747,40.58733],[-73.91776,40.58707],[-73.91798,40.58678],[-73.91809,40.58657],[-73.91819,40.58661],[-73.92957,40.59682],[-73.92813,40.59778],[-73.92992,40.59944],[-73.93355,40.60269],[-73.93426,40.60223],[-73.93843,40.60597],[-73.9381,40.6062],[-73.93789,40.60659],[-73.93835,40.607],[-73.93849,40.60692],[-73.93905,40.60743],[-73.93901,40.6076],[-73.94383,40.61192],[-73.94406,40.61199],[-73.94733,40.62917],[-73.94416,40.62951],[-73.94551,40.63079],[-73.94455,40.63107],[-73.94357,40.63099],[-73.94167,40.63121],[-73.94071,40.63137],[-73.94002,40.63151],[-73.93903,40.63177],[-73.93801,40.63209],[-73.93759,40.63227],[-73.93704,40.63251],[-73.93521,40.63341],[-73.92608,40.63816],[-73.92465,40.63898],[-73.92333,40.6399],[-73.92155,40.64134],[-73.91593,40.64577],[-73.90623,40.65205],[-73.90128,40.65536],[-73.90062,40.65602],[-73.90043,40.65626],[-73.90012,40.65675],[-73.89979,40.65751],[-73.89964,40.65798],[-73.89956,40.65847],[-73.89957,40.65896],[-73.89922,40.65911],[-73.89881,40.65741],[-73.89904,40.65737],[-73.8986,40.65583],[-73.89814,40.65404],[-73.898,40.6538]]],[[[-73.9199,40.5996],[-73.91998,40.59954],[-73.91967,40.59952],[-73.91946,40.5996],[-73.91916,40.59961],[-73.91913,40.59958],[-73.91906,40.59959],[-73.91893,40.59956],[-73.91894,40.59951],[-73.91889,40.59946],[-73.91882,40.59949],[-73.91866,40.59947],[-73.91859,40.59944],[-73.91846,40.59927],[-73.91852,40.59927],[-73.91844,40.59917],[-73.91835,40.59916],[-73.91819,40.59908],[-73.91706,40.59847],[-73.91672,40.59835],[-73.91657,40.59826],[-73.91636,40.59824],[-73.91626,40.59816],[-73.91619,40.5978],[-73.91602,40.59751],[-73.91591,40.59741],[-73.91582,40.59739],[-73.91586,40.59737],[-73.91583,40.59731],[-73.91566,40.59715],[-73.91554,40.59708],[-73.91542,40.59686],[-73.91507,40.59649],[-73.91492,40.59637],[-73.9148,40.59632],[-73.91473,40.59622],[-73.9146,40.59618],[-73.91442,40.59605],[-73.91435,40.59588],[-73.91401,40.5954],[-73.91382,40.59504],[-73.9137,40.5949],[-73.9136,40.59485],[-73.91352,40.59485],[-73.91338,40.59472],[-73.91326,40.59434],[-73.91318,40.59422],[-73.91308,40.59416],[-73.91306,40.59407],[-73.91311,40.59395],[-73.91309,40.59378],[-73.91312,40.59359],[-73.91309,40.59348],[-73.91321,40.59331],[-73.91316,40.59319],[-73.91323,40.59299],[-73.91316,40.59267],[-73.91322,40.59248],[-73.91326,40.59223],[-73.91319,40.59211],[-73.91293,40.59209],[-73.91295,40.59205],[-73.9131,40.59199],[-73.91346,40.5919],[-73.91412,40.5916],[-73.91439,40.59151],[-73.91479,40.59151],[-73.9152,40.59162],[-73.91524,40.59159],[-73.91525,40.59165],[-73.91552,40.59178],[-73.91596,40.59211],[-73.91596,40.59217],[-73.91605,40.5922],[-73.9161,40.59233],[-73.91601,40.59243],[-73.91626,40.59258],[-73.91625,40.59266],[-73.91637,40.59275],[-73.91644,40.59313],[-73.91705,40.59389],[-73.91753,40.59434],[-73.91788,40.59472],[-73.91812,40.59488],[-73.91838,40.59498],[-73.91853,40.59516],[-73.91875,40.59519],[-73.91883,40.59527],[-73.91879,40.59531],[-73.9188,40.59533],[-73.91891,40.59538],[-73.91899,40.59535],[-73.91901,40.59545],[-73.91989,40.59599],[-73.92,40.59599],[-73.92006,40.59603],[-73.92006,40.59609],[-73.9202,40.59618],[-73.92028,40.59622],[-73.92036,40.5962],[-73.92058,40.59636],[-73.92076,40.59632],[-73.92083,40.59633],[-73.92086,40.59656],[-73.9209,40.59661],[-73.92103,40.59669],[-73.9212,40.59686],[-73.92131,40.59688],[-73.92145,40.59706],[-73.92162,40.59714],[-73.92168,40.59727],[-73.92182,40.59733],[-73.92176,40.59744],[-73.92186,40.5978],[-73.92209,40.59814],[-73.9222,40.59816],[-73.92227,40.59838],[-73.92226,40.59847],[-73.92213,40.59866],[-73.92163,40.59906],[-73.92089,40.59943],[-73.92086,40.59946],[-73.92088,40.59952],[-73.92085,40.59954],[-73.92066,40.5995],[-73.92031,40.59952],[-73.92024,40.59959],[-73.92009,40.59957],[-73.91993,40.59962],[-73.9199,40.5996]]],[[[-73.91519,40.58629],[-73.91482,40.58628],[-73.91455,40.5862],[-73.91445,40.58624],[-73.91383,40.58603],[-73.91367,40.58605],[-73.91364,40.58611],[-73.9135,40.5861],[-73.91307,40.58593],[-73.91283,40.58575],[-73.91385,40.58523],[-73.91436,40.58501],[-73.91508,40.58474],[-73.91583,40.58453],[-73.9159,40.58463],[-73.91707,40.58574],[-73.91703,40.58577],[-73.91703,40.58586],[-73.91698,40.58589],[-73.91675,40.58591],[-73.91621,40.58605],[-73.91594,40.58615],[-73.91578,40.58612],[-73.91566,40.58622],[-73.91528,40.58625],[-73.91519,40.58629]]]]}},{"type":"Feature","properties":{"std_name":"QE 8","std_geoid":"QE08","pen":"politicians","std_note":null},"geometry":{"type":"Polygon","coordinates":[[[-73.7567,40.72623],[-73.75661,40.72621],[-73.75591,40.72571],[-73.755,40.72529],[-73.75469,40.72511],[-73.75409,40.72469],[-73.75577,40.72364],[-73.7595,40.72103],[-73.76031,40.72065],[-73.76197,40.72],[-73.76447,40.71889],[-73.76664,40.71765],[-73.76733,40.71729],[-73.77357,40.71512],[-73.78535,40.71228],[-73.78616,40.71206],[-73.787,40.7119],[-73.78785,40.71181],[-73.78843,40.71198],[-73.78844,40.71214],[-73.78853,40.71229],[-73.7886,40.71234],[-73.78871,40.71232],[-73.7889,40.71223],[-73.78901,40.71207],[-73.78941,40.712],[-73.79022,40.71172],[-73.79304,40.71071],[-73.79473,40.71001],[-73.79562,40.70975],[-73.81444,40.7044],[-73.81524,40.7042],[-73.8171,40.70403],[-73.81829,40.7063],[-73.81955,40.70843],[-73.82045,40.70977],[-73.82082,40.71017],[-73.82176,40.71104],[-73.82289,40.71193],[-73.8232,40.71221],[-73.82364,40.71267],[-73.82385,40.71293],[-73.82429,40.71387],[-73.82472,40.71451],[-73.8256,40.71551],[-73.82589,40.71594],[-73.8262,40.71663],[-73.8263,40.71711],[-73.82633,40.7174],[-73.82629,40.71799],[-73.82622,40.71834],[-73.82628,40.71857],[-73.82617,40.71911],[-73.82614,40.71938],[-73.82617,40.71993],[-73.82621,40.7202],[-73.82637,40.72073],[-73.82662,40.72124],[-73.82769,40.72289],[-73.82846,40.72379],[-73.82905,40.72433],[-73.82965,40.72478],[-73.83105,40.72569],[-73.83172,40.72622],[-73.83202,40.72654],[-73.83233,40.72695],[-73.83286,40.72789],[-73.83583,40.73362],[-73.83613,40.73424],[-73.83636,40.73501],[-73.83654,40.73704],[-73.83674,40.7386],[-73.83756,40.74147],[-73.83768,40.74198],[-73.83772,40.74237],[-73.83768,40.7433],[-73.83676,40.7434],[-73.83592,40.74343],[-73.83586,40.74323],[-73.83297,40.74259],[-73.83116,40.74234],[-73.83129,40.74026],[-73.8313,40.73956],[-73.83143,40.73914],[-73.83054,40.73752],[-73.82947,40.73702],[-73.82809,40.73708],[-73.82795,40.73782],[-73.82794,40.73849],[-73.82759,40.73849],[-73.82687,40.73863],[-73.82635,40.73884],[-73.82585,40.73912],[-73.82559,40.73945],[-73.82543,40.73949],[-73.82497,40.73944],[-73.82495,40.73957],[-73.82481,40.73963],[-73.82537,40.74223],[-73.82302,40.74148],[-73.81891,40.74009],[-73.81594,40.73913],[-73.815,40.73893],[-73.81407,40.73878],[-73.81322,40.7387],[-73.80658,40.73845],[-73.79822,40.73817],[-73.79729,40.73819],[-73.7964,40.73828],[-73.79534,40.73849],[-73.78037,40.74259],[-73.7786,40.74291],[-73.77362,40.74363],[-73.77241,40.74388],[-73.77138,40.74425],[-73.76937,40.74522],[-73.76858,40.74552],[-73.76773,40.74578],[-73.76698,40.74422],[-73.76688,40.74409],[-73.76649,40.74375],[-73.76557,40.74326],[-73.7626,40.73709],[-73.76249,40.73673],[-73.76246,40.73655],[-73.76249,40.73618],[-73.76273,40.73526],[-73.7625,40.73473],[-73.76471,40.73409],[-73.7637,40.73286],[-73.76564,40.73253],[-73.76529,40.73211],[-73.76435,40.73115],[-73.76328,40.73024],[-73.76234,40.72954],[-73.76161,40.72905],[-73.76024,40.72831],[-73.75832,40.72736],[-73.75787,40.72711],[-73.7567,40.72623]]]}},{"type":"Feature","properties":{"std_name":"Brooklyn N02","std_geoid":"BKN02","pen":"politicians","std_note":null},"geometry":{"type":"Polygon","coordinates":[[[-73.96929,40.70709],[-73.96839,40.70683],[-73.96762,40.70496],[-73.96721,40.70426],[-73.96387,40.70154],[-73.96218,40.70022],[-73.96284,40.69804],[-73.9619,40.69819],[-73.96194,40.69791],[-73.96175,40.69685],[-73.96109,40.69401],[-73.96029,40.69035],[-73.9584,40.6808],[-73.95825,40.67999],[-73.95829,40.67983],[-73.96753,40.68177],[-73.96748,40.68159],[-73.96768,40.68096],[-73.97621,40.68273],[-73.97657,40.68283],[-73.97667,40.68297],[-73.97876,40.68377],[-73.98046,40.68122],[-73.98285,40.68215],[-73.98242,40.68278],[-73.98437,40.68354],[-73.9848,40.68291],[-73.987,40.68377],[-73.98656,40.68439],[-73.98871,40.68522],[-73.98913,40.68459],[-73.99393,40.68645],[-73.99236,40.68969],[-73.99777,40.69119],[-73.99951,40.69165],[-74.00063,40.69203],[-74.00069,40.69191],[-74.00077,40.6919],[-74.00179,40.69218],[-74.0017,40.69238],[-74.00174,40.69241],[-74.00401,40.69321],[-74.00345,40.69405],[-74.00127,40.6933],[-74.00096,40.69407],[-74.00301,40.69478],[-74.0024,40.69571],[-74.00027,40.69497],[-73.99941,40.69636],[-73.99952,40.69657],[-74.00049,40.69693],[-74.00043,40.69705],[-73.99959,40.69678],[-73.99953,40.69688],[-73.99959,40.6969],[-73.99955,40.69695],[-73.99941,40.69689],[-73.9995,40.69673],[-73.99947,40.6967],[-73.99918,40.69689],[-73.999,40.69681],[-73.99894,40.69694],[-73.99887,40.69692],[-73.99876,40.69712],[-74.00105,40.69791],[-74.00049,40.69876],[-73.99838,40.69806],[-73.99802,40.69876],[-74.00002,40.69947],[-73.99947,40.70032],[-73.9975,40.69964],[-73.99737,40.69963],[-73.99716,40.69979],[-73.99718,40.70011],[-73.99724,40.70014],[-73.9967,40.70088],[-73.99682,40.70099],[-73.99753,40.70123],[-73.99776,40.70136],[-73.9978,40.70132],[-73.99814,40.70152],[-73.99619,40.70338],[-73.99514,40.70297],[-73.99505,40.70313],[-73.99545,40.70328],[-73.99529,40.70355],[-73.9948,40.70329],[-73.99466,40.70343],[-73.995,40.70365],[-73.99488,40.70379],[-73.99493,40.70377],[-73.99503,40.70381],[-73.99488,40.70401],[-73.99477,40.70395],[-73.99471,40.704],[-73.99479,40.70407],[-73.9947,40.70416],[-73.99478,40.70425],[-73.99457,40.70438],[-73.99386,40.70456],[-73.99381,40.70454],[-73.99377,40.70445],[-73.99359,40.70451],[-73.99363,40.7046],[-73.99351,40.70462],[-73.99269,40.70463],[-73.99251,40.70469],[-73.99213,40.70469],[-73.99212,40.7044],[-73.99186,40.70409],[-73.99142,40.704],[-73.99095,40.70403],[-73.99071,40.70435],[-73.99055,40.70442],[-73.99023,40.70493],[-73.99009,40.70494],[-73.98949,40.70481],[-73.98935,40.70473],[-73.98899,40.70469],[-73.9887,40.70456],[-73.9883,40.70454],[-73.98829,40.70507],[-73.98796,40.70513],[-73.98727,40.70518],[-73.98686,40.70516],[-73.98669,40.70508],[-73.98662,40.70498],[-73.98653,40.70498],[-73.98643,40.70507],[-73.98643,40.70535],[-73.98474,40.70554],[-73.98344,40.70564],[-73.98341,40.70547],[-73.98337,40.70546],[-73.98309,40.70548],[-73.98309,40.70551],[-73.98274,40.70557],[-73.98275,40.70553],[-73.98246,40.70551],[-73.98242,40.70582],[-73.98102,40.7059],[-73.98102,40.7058],[-73.9823,40.70574],[-73.98233,40.70555],[-73.98093,40.70537],[-73.98091,40.70591],[-73.98074,40.70586],[-73.98022,40.70585],[-73.98024,40.70576],[-73.97956,40.70574],[-73.97956,40.70577],[-73.97933,40.70577],[-73.97928,40.70579],[-73.97927,40.70592],[-73.97921,40.70591],[-73.97918,40.70597],[-73.97905,40.70597],[-73.97893,40.70592],[-73.97906,40.70595],[-73.97924,40.70555],[-73.97896,40.7055],[-73.97887,40.70587],[-73.97882,40.70586],[-73.97893,40.7055],[-73.97874,40.70546],[-73.97864,40.70583],[-73.9786,40.70582],[-73.97868,40.70545],[-73.97865,40.70559],[-73.97847,40.70556],[-73.97843,40.70568],[-73.97846,40.70568],[-73.97845,40.70572],[-73.97842,40.70571],[-73.97839,40.70583],[-73.97842,40.70584],[-73.97841,40.70587],[-73.97838,40.70587],[-73.97839,40.70597],[-73.97885,40.70607],[-73.97834,40.706],[-73.97837,40.70597],[-73.97835,40.70583],[-73.97837,40.70583],[-73.97839,40.70567],[-73.97842,40.70568],[-73.97845,40.70556],[-73.97843,40.70556],[-73.97859,40.70498],[-73.97853,40.70488],[-73.97844,40.70487],[-73.97816,40.70453],[-73.97818,40.70447],[-73.97802,40.70429],[-73.97736,40.70418],[-73.97734,40.70423],[-73.97721,40.70421],[-73.97751,40.7032],[-73.97736,40.70314],[-73.9773,40.70319],[-73.97714,40.70301],[-73.97624,40.70478],[-73.97596,40.70472],[-73.97693,40.7028],[-73.97664,40.7025],[-73.97616,40.70217],[-73.97553,40.70304],[-73.97533,40.70295],[-73.97601,40.70195],[-73.9755,40.70176],[-73.9754,40.70191],[-73.97455,40.70159],[-73.9758,40.69975],[-73.97579,40.69965],[-73.97575,40.69959],[-73.97556,40.69952],[-73.97536,40.69958],[-73.97432,40.70119],[-73.97412,40.70131],[-73.97389,40.70109],[-73.97376,40.70108],[-73.97293,40.70029],[-73.97257,40.70008],[-73.97239,40.70017],[-73.97262,40.70047],[-73.97298,40.70081],[-73.97327,40.70105],[-73.97333,40.70105],[-73.97352,40.70123],[-73.97354,40.70133],[-73.97376,40.70153],[-73.97319,40.70167],[-73.97288,40.70142],[-73.97285,40.70143],[-73.97114,40.69992],[-73.97098,40.69986],[-73.97078,40.69998],[-73.97081,40.7001],[-73.97254,40.70164],[-73.97251,40.70166],[-73.97332,40.70241],[-73.97284,40.70273],[-73.96983,40.70025],[-73.96949,40.70052],[-73.97284,40.70335],[-73.97267,40.7035],[-73.96925,40.70136],[-73.96893,40.70162],[-73.96899,40.70175],[-73.97231,40.70384],[-73.97216,40.70397],[-73.97146,40.70351],[-73.9711,40.70346],[-73.97093,40.70362],[-73.97102,40.70382],[-73.97466,40.70607],[-73.97439,40.70633],[-73.97348,40.70569],[-73.97255,40.7062],[-73.9733,40.7067],[-73.97463,40.70768],[-73.97424,40.70802],[-73.97311,40.70714],[-73.97122,40.70579],[-73.9711,40.70585],[-73.971,40.70683],[-73.97106,40.70695],[-73.97276,40.70883],[-73.97232,40.70908],[-73.97067,40.70726],[-73.97054,40.70732],[-73.97026,40.70689],[-73.97049,40.7054],[-73.97017,40.70536],[-73.97018,40.70493],[-73.96762,40.70335],[-73.96752,40.70344],[-73.96748,40.70395],[-73.9693,40.70509],[-73.96924,40.70599],[-73.96929,40.70709]]]}},{"type":"Feature","properties":{"std_name":"Manhattan 3","std_geoid":"MN03","pen":"politicians","std_note":null},"geometry":{"type":"Polygon","coordinates":[[[-73.9899,40.73443],[-73.98034,40.73044],[-73.97627,40.72869],[-73.97567,40.72846],[-73.97205,40.72688],[-73.97163,40.72663],[-73.97177,40.72583],[-73.97182,40.72581],[-73.97208,40.72447],[-73.97315,40.72002],[-73.97362,40.71846],[-73.97444,40.71625],[-73.97489,40.71515],[-73.97605,40.7126],[-73.97643,40.71191],[-73.97671,40.71154],[-73.97706,40.7112],[-73.97772,40.71071],[-73.97808,40.71053],[-73.97826,40.7105],[-73.98034,40.71036],[-73.98033,40.71029],[-73.98129,40.71022],[-73.98125,40.70983],[-73.98839,40.70913],[-73.9885,40.70918],[-73.98864,40.70991],[-73.98874,40.70997],[-73.98946,40.70989],[-73.99374,40.70925],[-73.99414,40.70923],[-73.99518,40.70903],[-73.99728,40.70873],[-73.99808,40.70851],[-73.99853,40.70833],[-73.99881,40.7082],[-73.99919,40.70795],[-74.00147,40.70975],[-74.00051,40.71098],[-74.00071,40.71119],[-74.00079,40.71131],[-74.00087,40.71157],[-74.00089,40.71302],[-74.00026,40.71368],[-74.00046,40.71411],[-74.00045,40.71437],[-74.00053,40.71517],[-74.00079,40.71529],[-74.00014,40.7162],[-73.99931,40.71755],[-73.99859,40.7171],[-73.99606,40.71623],[-73.99543,40.71728],[-73.99481,40.71846],[-73.99353,40.72163],[-73.99136,40.72756],[-73.99136,40.72778],[-73.99051,40.73056],[-73.99039,40.73129],[-73.99003,40.73276],[-73.98987,40.73353],[-73.9899,40.73443]]]}},{"type":"Feature","properties":{"std_name":"Staten Island 3","std_geoid":"SI03","pen":"politicians","std_note":null},"geometry":{"type":"Polygon","coordinates":[[[-74.20073,40.57932],[-74.1993,40.57912],[-74.19763,40.57914],[-74.19177,40.57662],[-74.19046,40.57668],[-74.18998,40.57449],[-74.1899,40.57328],[-74.18998,40.57231],[-74.19007,40.57176],[-74.19025,40.57106],[-74.1892,40.57093],[-74.18925,40.57134],[-74.18909,40.57219],[-74.18901,40.57325],[-74.18904,40.57388],[-74.18922,40.57532],[-74.18918,40.57553],[-74.1861,40.57253],[-74.18428,40.57123],[-74.18307,40.57104],[-74.18123,40.56968],[-74.17931,40.56906],[-74.17795,40.56398],[-74.17758,40.56376],[-74.17659,40.56324],[-74.17489,40.56283],[-74.17349,40.56227],[-74.17185,40.56152],[-74.1711,40.56129],[-74.16983,40.56109],[-74.16592,40.56029],[-74.16555,40.56064],[-74.165,40.56145],[-74.16439,40.56562],[-74.16256,40.56673],[-74.15015,40.57127],[-74.14724,40.57146],[-74.14699,40.57201],[-74.1458,40.57185],[-74.13379,40.5733],[-74.13293,40.57345],[-74.13195,40.57374],[-74.12765,40.57523],[-74.1273,40.57578],[-74.12709,40.57637],[-74.12666,40.57628],[-74.12535,40.5759],[-74.1235,40.57581],[-74.12318,40.57575],[-74.12276,40.57557],[-74.12173,40.57491],[-74.12185,40.57465],[-74.12183,40.57422],[-74.12139,40.57298],[-74.12134,40.57268],[-74.12139,40.57209],[-74.12145,40.57178],[-74.12163,40.5715],[-74.12217,40.57094],[-74.12279,40.57043],[-74.12345,40.56992],[-74.1249,40.56895],[-74.12309,40.56797],[-74.1143,40.56268],[-74.11211,40.56551],[-74.11014,40.56431],[-74.10558,40.56199],[-74.10485,40.5616],[-74.103,40.56047],[-74.10226,40.56011],[-74.10174,40.55991],[-74.10279,40.55869],[-74.10573,40.5562],[-74.10646,40.55528],[-74.10891,40.55342],[-74.10885,40.55301],[-74.10929,40.55261],[-74.10925,40.55258],[-74.10945,40.55238],[-74.1095,40.55241],[-74.10963,40.55229],[-74.11275,40.55144],[-74.11165,40.55038],[-74.11253,40.54986],[-74.11368,40.55095],[-74.11497,40.55022],[-74.11676,40.54899],[-74.11957,40.55163],[-74.11961,40.55179],[-74.11946,40.55222],[-74.12402,40.55523],[-74.1273,40.5573],[-74.13042,40.55444],[-74.13178,40.55349],[-74.13456,40.55126],[-74.13607,40.55043],[-74.1377,40.54938],[-74.13865,40.54849],[-74.13746,40.54731],[-74.13586,40.54645],[-74.13641,40.54625],[-74.13649,40.54607],[-74.13646,40.54598],[-74.13652,40.54591],[-74.13697,40.54597],[-74.13706,40.54596],[-74.13702,40.54588],[-74.1371,40.54595],[-74.13713,40.54593],[-74.13706,40.54586],[-74.13718,40.54579],[-74.13626,40.54496],[-74.13613,40.54504],[-74.13612,40.54502],[-74.13638,40.54485],[-74.1364,40.54487],[-74.13628,40.54495],[-74.13719,40.54578],[-74.13751,40.54558],[-74.13673,40.5448],[-74.13661,40.54486],[-74.13659,40.54485],[-74.13687,40.54468],[-74.13689,40.5447],[-74.13675,40.54478],[-74.13742,40.54547],[-74.13742,40.54544],[-74.1375,40.54542],[-74.13753,40.54545],[-74.13745,40.54549],[-74.13788,40.54589],[-74.13795,40.546],[-74.13822,40.54579],[-74.13841,40.54561],[-74.13869,40.54544],[-74.13882,40.54526],[-74.13887,40.54513],[-74.13869,40.54499],[-74.13874,40.54495],[-74.13872,40.54493],[-74.1381,40.5445],[-74.13804,40.54455],[-74.13762,40.54425],[-74.13776,40.54414],[-74.13778,40.54416],[-74.13768,40.54426],[-74.13803,40.54451],[-74.1381,40.54446],[-74.13876,40.54493],[-74.13902,40.54472],[-74.13799,40.54399],[-74.13789,40.54407],[-74.13787,40.54405],[-74.13804,40.5439],[-74.13807,40.54392],[-74.13801,40.54397],[-74.13903,40.5447],[-74.13954,40.5443],[-74.13943,40.54422],[-74.13911,40.54447],[-74.13915,40.54451],[-74.13903,40.54443],[-74.13909,40.54446],[-74.13942,40.54421],[-74.13929,40.54412],[-74.13897,40.54438],[-74.13891,40.54433],[-74.13897,40.54435],[-74.13916,40.5442],[-74.13925,40.54412],[-74.1392,40.54409],[-74.13922,40.54407],[-74.13908,40.54397],[-74.13884,40.54417],[-74.1389,40.54423],[-74.13888,40.54424],[-74.13873,40.54413],[-74.13883,40.54416],[-74.13908,40.54396],[-74.13883,40.54379],[-74.13854,40.54404],[-74.13859,40.5441],[-74.13842,40.54398],[-74.13851,40.54402],[-74.13882,40.54378],[-74.13854,40.54359],[-74.13845,40.54368],[-74.13846,40.54372],[-74.13836,40.54365],[-74.13821,40.54377],[-74.13828,40.54387],[-74.13815,40.54377],[-74.13837,40.5436],[-74.13844,40.54364],[-74.13853,40.54358],[-74.13851,40.54356],[-74.13844,40.54362],[-74.13841,40.5436],[-74.13848,40.54354],[-74.13845,40.54352],[-74.13837,40.54358],[-74.13834,40.54355],[-74.13852,40.5434],[-74.13856,40.54342],[-74.13846,40.54351],[-74.13849,40.54353],[-74.13859,40.54345],[-74.13862,40.54347],[-74.13853,40.54354],[-74.13957,40.54427],[-74.13984,40.54405],[-74.13895,40.54341],[-74.13891,40.54343],[-74.13871,40.54329],[-74.13891,40.54313],[-74.13893,40.54315],[-74.13877,40.54329],[-74.13886,40.54337],[-74.13904,40.54323],[-74.13906,40.54325],[-74.13894,40.54334],[-74.13898,40.54338],[-74.13968,40.54389],[-74.13986,40.54374],[-74.13989,40.54375],[-74.1397,40.54391],[-74.13987,40.54403],[-74.14004,40.54388],[-74.13999,40.54385],[-74.14001,40.54383],[-74.14031,40.54405],[-74.14036,40.54402],[-74.14039,40.54403],[-74.14046,40.54393],[-74.14031,40.54383],[-74.14033,40.5438],[-74.14023,40.54383],[-74.14028,40.54377],[-74.13935,40.5431],[-74.13924,40.54318],[-74.13922,40.54317],[-74.13941,40.54302],[-74.13943,40.54304],[-74.13939,40.54309],[-74.14023,40.5437],[-74.1403,40.54364],[-74.14013,40.54351],[-74.14029,40.54339],[-74.13946,40.54279],[-74.13939,40.54284],[-74.13936,40.54283],[-74.13954,40.54268],[-74.13956,40.5427],[-74.13948,40.54277],[-74.14031,40.54337],[-74.14063,40.54311],[-74.13976,40.54248],[-74.13966,40.54256],[-74.13963,40.54254],[-74.13986,40.54236],[-74.13989,40.54238],[-74.13977,40.54246],[-74.14065,40.54309],[-74.14085,40.54294],[-74.14104,40.54309],[-74.14109,40.54305],[-74.14097,40.54296],[-74.14098,40.54295],[-74.14126,40.54315],[-74.14132,40.54309],[-74.14039,40.54242],[-74.14044,40.54238],[-74.14041,40.54236],[-74.14029,40.54246],[-74.14017,40.54237],[-74.14034,40.54223],[-74.14036,40.54225],[-74.14021,40.54237],[-74.14029,40.54242],[-74.14041,40.54233],[-74.14048,40.54238],[-74.14043,40.54242],[-74.1413,40.54306],[-74.14133,40.54309],[-74.14141,40.54302],[-74.14108,40.54279],[-74.14116,40.54272],[-74.14107,40.54265],[-74.14108,40.54264],[-74.1413,40.54277],[-74.14133,40.54275],[-74.14112,40.5426],[-74.14114,40.54259],[-74.14125,40.54266],[-74.14134,40.54259],[-74.14129,40.5426],[-74.14122,40.54256],[-74.14125,40.54253],[-74.14057,40.54205],[-74.14046,40.54213],[-74.14026,40.54196],[-74.1403,40.54193],[-74.1405,40.54206],[-74.14068,40.54191],[-74.1407,40.54192],[-74.14059,40.54202],[-74.14062,40.54206],[-74.14135,40.54258],[-74.14146,40.54248],[-74.14128,40.54235],[-74.14129,40.54234],[-74.14148,40.54247],[-74.14153,40.54243],[-74.14135,40.54229],[-74.14155,40.54241],[-74.1418,40.5422],[-74.14089,40.54157],[-74.14085,40.54156],[-74.14066,40.54171],[-74.14064,40.54169],[-74.14096,40.54143],[-74.14098,40.54145],[-74.14089,40.54154],[-74.14181,40.54219],[-74.14185,40.54215],[-74.14187,40.54217],[-74.14167,40.54234],[-74.14186,40.54236],[-74.14213,40.54224],[-74.14223,40.54231],[-74.14229,40.54226],[-74.1423,40.54221],[-74.14223,40.54214],[-74.14218,40.54202],[-74.14235,40.54168],[-74.14234,40.54151],[-74.14246,40.54139],[-74.14248,40.54133],[-74.1424,40.5412],[-74.1422,40.54096],[-74.1422,40.54089],[-74.14227,40.54081],[-74.14204,40.54065],[-74.14203,40.54059],[-74.14207,40.54051],[-74.14199,40.5404],[-74.14191,40.54036],[-74.1419,40.54022],[-74.14178,40.54009],[-74.14179,40.54005],[-74.14186,40.54003],[-74.14189,40.53999],[-74.14184,40.53975],[-74.14189,40.53969],[-74.14198,40.53966],[-74.142,40.53957],[-74.14173,40.53934],[-74.14176,40.53928],[-74.14189,40.53921],[-74.14222,40.53914],[-74.1423,40.53907],[-74.14224,40.53903],[-74.14234,40.53895],[-74.14177,40.53854],[-74.14227,40.53814],[-74.14187,40.53844],[-74.14184,40.53842],[-74.14223,40.53811],[-74.14208,40.538],[-74.14217,40.53793],[-74.14122,40.53725],[-74.14107,40.53737],[-74.14104,40.53735],[-74.1413,40.53714],[-74.14132,40.53715],[-74.14124,40.53723],[-74.14219,40.53792],[-74.14239,40.53775],[-74.14158,40.53709],[-74.14173,40.53704],[-74.14305,40.53724],[-74.14354,40.53724],[-74.1437,40.53721],[-74.14399,40.53701],[-74.14418,40.53679],[-74.14428,40.53664],[-74.1443,40.53653],[-74.14456,40.53595],[-74.14474,40.5358],[-74.14536,40.53586],[-74.14602,40.53555],[-74.14595,40.53543],[-74.146,40.53539],[-74.14626,40.53554],[-74.14702,40.53532],[-74.14794,40.53492],[-74.14922,40.53424],[-74.14978,40.53389],[-74.14972,40.53349],[-74.14976,40.53342],[-74.14986,40.5333],[-74.1503,40.53292],[-74.15022,40.5329],[-74.15027,40.53286],[-74.15032,40.53291],[-74.1507,40.53255],[-74.15112,40.53274],[-74.15145,40.5326],[-74.15176,40.5324],[-74.15176,40.53237],[-74.15168,40.53228],[-74.15185,40.53216],[-74.15209,40.53218],[-74.15246,40.53207],[-74.15413,40.53072],[-74.15405,40.53059],[-74.15408,40.53059],[-74.15421,40.53067],[-74.15438,40.53053],[-74.15435,40.53048],[-74.15454,40.5303],[-74.15464,40.53033],[-74.1547,40.53025],[-74.1545,40.5301],[-74.15454,40.53006],[-74.15493,40.53023],[-74.15527,40.53],[-74.15565,40.52964],[-74.15547,40.52948],[-74.1555,40.52944],[-74.15573,40.5296],[-74.15599,40.52942],[-74.15633,40.52911],[-74.15643,40.529],[-74.15645,40.52893],[-74.15613,40.52865],[-74.15619,40.52861],[-74.15667,40.52899],[-74.15677,40.52902],[-74.15702,40.52898],[-74.15721,40.52884],[-74.1579,40.52853],[-74.15826,40.5283],[-74.15795,40.52809],[-74.15797,40.52807],[-74.15833,40.52828],[-74.15868,40.5281],[-74.1589,40.52794],[-74.15917,40.52767],[-74.15928,40.52751],[-74.15939,40.52743],[-74.1597,40.5273],[-74.15988,40.52737],[-74.16006,40.52734],[-74.16023,40.52753],[-74.1603,40.52756],[-74.16158,40.52701],[-74.16227,40.52719],[-74.16313,40.52676],[-74.16372,40.52635],[-74.16394,40.52634],[-74.1646,40.52615],[-74.16475,40.52608],[-74.16503,40.52583],[-74.16531,40.52565],[-74.16613,40.52532],[-74.16884,40.52359],[-74.16945,40.52333],[-74.17,40.52305],[-74.17022,40.52301],[-74.17049,40.52308],[-74.17089,40.52346],[-74.17109,40.52355],[-74.17133,40.52355],[-74.17202,40.52333],[-74.17343,40.52257],[-74.17601,40.52088],[-74.17762,40.51933],[-74.17755,40.51927],[-74.17758,40.51923],[-74.17779,40.51936],[-74.17827,40.51992],[-74.17832,40.51995],[-74.17886,40.52004],[-74.17924,40.51998],[-74.17927,40.52001],[-74.1793,40.52016],[-74.17939,40.52028],[-74.17981,40.52055],[-74.18049,40.52062],[-74.18104,40.52071],[-74.18116,40.52069],[-74.18182,40.52048],[-74.18192,40.52042],[-74.18204,40.52043],[-74.18234,40.52035],[-74.18264,40.52023],[-74.18315,40.51987],[-74.18326,40.51985],[-74.18342,40.51989],[-74.18381,40.51975],[-74.18404,40.51962],[-74.18429,40.51958],[-74.18483,40.51934],[-74.18589,40.51864],[-74.18657,40.51812],[-74.18798,40.51685],[-74.18849,40.51634],[-74.18895,40.5158],[-74.18927,40.51534],[-74.18884,40.51509],[-74.18945,40.51535],[-74.18959,40.51536],[-74.18971,40.51532],[-74.19158,40.51334],[-74.19179,40.51305],[-74.19202,40.51288],[-74.19221,40.51279],[-74.19344,40.51157],[-74.1938,40.51112],[-74.1941,40.51064],[-74.19521,40.50998],[-74.19593,40.50986],[-74.19622,40.50986],[-74.1965,40.50992],[-74.19692,40.51013],[-74.19798,40.51087],[-74.19861,40.5112],[-74.19908,40.51135],[-74.19956,40.51139],[-74.19967,40.51143],[-74.19971,40.51147],[-74.20004,40.51268],[-74.1999,40.51272],[-74.19893,40.51278],[-74.19907,40.51308],[-74.19919,40.51309],[-74.19929,40.513],[-74.19959,40.51301],[-74.19996,40.51293],[-74.20046,40.51303],[-74.20083,40.51303],[-74.20268,40.51274],[-74.2048,40.51229],[-74.20498,40.51229],[-74.2052,40.51233],[-74.20536,40.51232],[-74.20757,40.51186],[-74.2082,40.51164],[-74.20861,40.51146],[-74.20917,40.51115],[-74.20969,40.5108],[-74.20928,40.51048],[-74.20922,40.51052],[-74.20919,40.5105],[-74.20932,40.5104],[-74.20936,40.51042],[-74.2093,40.51046],[-74.20971,40.51078],[-74.20985,40.51067],[-74.21013,40.51042],[-74.21052,40.50999],[-74.21084,40.50954],[-74.21111,40.50904],[-74.21131,40.50891],[-74.2118,40.5083],[-74.21179,40.50817],[-74.21189,40.50818],[-74.21199,40.5081],[-74.21223,40.50781],[-74.21227,40.50774],[-74.21227,40.50767],[-74.21241,40.50763],[-74.21263,40.50736],[-74.21338,40.50677],[-74.21353,40.50659],[-74.21353,40.5064],[-74.21386,40.50661],[-74.21434,40.50652],[-74.21482,40.50626],[-74.21511,40.50606],[-74.21566,40.50562],[-74.21591,40.50537],[-74.21614,40.50511],[-74.21642,40.50469],[-74.21735,40.50364],[-74.21753,40.50338],[-74.21758,40.50334],[-74.21795,40.50336],[-74.21829,40.50318],[-74.21902,40.503],[-74.21977,40.50274],[-74.22004,40.50272],[-74.22064,40.50275],[-74.22127,40.50265],[-74.22166,40.50254],[-74.22184,40.50254],[-74.22211,40.5026],[-74.22247,40.5025],[-74.22272,40.50253],[-74.22305,40.50248],[-74.22336,40.50231],[-74.22368,40.5023],[-74.22399,40.50222],[-74.22444,40.50196],[-74.225,40.50177],[-74.22521,40.50177],[-74.22549,40.50184],[-74.22662,40.50222],[-74.22702,40.50229],[-74.22729,40.5023],[-74.22795,40.50224],[-74.22844,40.50226],[-74.22972,40.50209],[-74.23033,40.50186],[-74.23034,40.5018],[-74.2304,40.50191],[-74.23054,40.50195],[-74.23114,40.50185],[-74.23215,40.5015],[-74.23305,40.5011],[-74.23321,40.5011],[-74.2336,40.50091],[-74.23526,40.50061],[-74.23573,40.5004],[-74.23595,40.50034],[-74.23643,40.50008],[-74.23647,40.50011],[-74.23679,40.5],[-74.23701,40.49986],[-74.2374,40.4995],[-74.23769,40.49917],[-74.23767,40.49912],[-74.23775,40.4991],[-74.23777,40.49918],[-74.23799,40.49917],[-74.23851,40.4989],[-74.23967,40.4977],[-74.23988,40.49757],[-74.23998,40.49757],[-74.24025,40.49764],[-74.24064,40.49761],[-74.24096,40.49764],[-74.24162,40.49761],[-74.24217,40.4975],[-74.24251,40.49761],[-74.24278,40.49764],[-74.24341,40.49758],[-74.24397,40.49758],[-74.24433,40.49755],[-74.24466,40.49745],[-74.24549,40.49704],[-74.24591,40.49679],[-74.24631,40.49644],[-74.24676,40.49613],[-74.24749,40.49612],[-74.24803,40.49619],[-74.24872,40.49637],[-74.24917,40.49657],[-74.24956,40.49686],[-74.25085,40.49801],[-74.25098,40.49829],[-74.25103,40.49873],[-74.2511,40.49893],[-74.25117,40.49899],[-74.25147,40.49919],[-74.2526,40.49964],[-74.253,40.49995],[-74.25323,40.50022],[-74.25336,40.50041],[-74.25385,40.50164],[-74.25406,40.50195],[-74.25427,40.50216],[-74.25523,40.50393],[-74.25531,40.50414],[-74.25537,40.50455],[-74.25531,40.50654],[-74.25539,40.50701],[-74.25558,40.50758],[-74.25559,40.50771],[-74.25554,40.50784],[-74.25545,40.50803],[-74.25525,40.50824],[-74.25504,40.5084],[-74.2549,40.50843],[-74.25463,40.50867],[-74.25473,40.50872],[-74.25498,40.50877],[-74.25497,40.50881],[-74.25472,40.50874],[-74.25462,40.50868],[-74.25449,40.5088],[-74.25435,40.50879],[-74.25412,40.50899],[-74.25404,40.50895],[-74.254,40.50897],[-74.25398,40.50902],[-74.25411,40.50917],[-74.25404,40.50925],[-74.25431,40.50938],[-74.25435,40.50933],[-74.25439,40.50934],[-74.25431,40.50941],[-74.25402,40.50927],[-74.25389,40.50942],[-74.25373,40.50938],[-74.25369,40.50943],[-74.25369,40.50948],[-74.25457,40.50988],[-74.25462,40.50981],[-74.25465,40.50983],[-74.25453,40.50997],[-74.2545,40.50996],[-74.25455,40.5099],[-74.25365,40.50947],[-74.2535,40.5096],[-74.25348,40.50967],[-74.25332,40.50986],[-74.25315,40.51039],[-74.25306,40.51106],[-74.25326,40.51109],[-74.25306,40.51107],[-74.25301,40.51119],[-74.25302,40.51129],[-74.25308,40.51139],[-74.25343,40.51164],[-74.25349,40.5116],[-74.25346,40.51163],[-74.25349,40.51165],[-74.25353,40.51162],[-74.2535,40.51166],[-74.25353,40.51168],[-74.2535,40.5117],[-74.25309,40.51141],[-74.25304,40.51143],[-74.253,40.51186],[-74.25302,40.51194],[-74.2531,40.51204],[-74.25309,40.51212],[-74.25217,40.51278],[-74.25195,40.513],[-74.25193,40.51321],[-74.25214,40.51355],[-74.25213,40.51371],[-74.25176,40.51404],[-74.25149,40.51421],[-74.25135,40.51439],[-74.2511,40.51445],[-74.25055,40.51472],[-74.25005,40.51511],[-74.25004,40.51518],[-74.25056,40.51572],[-74.25046,40.51577],[-74.2502,40.51551],[-74.25028,40.51546],[-74.25016,40.51536],[-74.24989,40.51552],[-74.25048,40.51612],[-74.25054,40.51609],[-74.25056,40.51611],[-74.25042,40.51619],[-74.25039,40.51616],[-74.25045,40.51613],[-74.24936,40.51501],[-74.24928,40.51505],[-74.24936,40.51513],[-74.24934,40.51514],[-74.24926,40.51506],[-74.24922,40.51508],[-74.24963,40.51555],[-74.2495,40.51565],[-74.24953,40.51568],[-74.24951,40.51569],[-74.24994,40.51614],[-74.2499,40.51616],[-74.24943,40.51569],[-74.24906,40.5159],[-74.24903,40.51588],[-74.24865,40.51611],[-74.24884,40.51631],[-74.24868,40.51618],[-74.24862,40.51622],[-74.24876,40.51636],[-74.24874,40.51636],[-74.24855,40.51617],[-74.24851,40.51623],[-74.2486,40.51631],[-74.24828,40.51649],[-74.24895,40.51719],[-74.24938,40.51695],[-74.24941,40.51698],[-74.24851,40.51748],[-74.24849,40.51745],[-74.24892,40.51721],[-74.24752,40.51574],[-74.24693,40.51607],[-74.24687,40.51604],[-74.24659,40.51607],[-74.24644,40.51597],[-74.24613,40.51614],[-74.24617,40.51616],[-74.2463,40.51614],[-74.24653,40.51638],[-74.2466,40.51636],[-74.24675,40.5165],[-74.24651,40.51667],[-74.247,40.51718],[-74.24697,40.5172],[-74.24648,40.51669],[-74.24638,40.51674],[-74.24656,40.51695],[-74.24654,40.51696],[-74.24635,40.51675],[-74.24521,40.51729],[-74.24567,40.51779],[-74.2456,40.51786],[-74.24571,40.51798],[-74.24563,40.51808],[-74.24557,40.51809],[-74.24531,40.51803],[-74.24509,40.51807],[-74.24486,40.51816],[-74.24451,40.51842],[-74.2443,40.51852],[-74.24419,40.51851],[-74.244,40.51844],[-74.24382,40.51833],[-74.24365,40.51829],[-74.24282,40.51831],[-74.24264,40.51824],[-74.24232,40.51833],[-74.24209,40.51849],[-74.24187,40.51874],[-74.24126,40.51918],[-74.24109,40.51935],[-74.24103,40.51954],[-74.24087,40.51949],[-74.24076,40.51932],[-74.2406,40.51921],[-74.24049,40.51919],[-74.2404,40.51928],[-74.24024,40.51952],[-74.2401,40.51987],[-74.23992,40.52001],[-74.23985,40.52],[-74.23982,40.52009],[-74.23992,40.52011],[-74.23992,40.52016],[-74.24003,40.52031],[-74.24056,40.52045],[-74.24073,40.52057],[-74.24094,40.52075],[-74.24092,40.52081],[-74.24097,40.52089],[-74.24117,40.52106],[-74.24122,40.52103],[-74.24124,40.52095],[-74.24133,40.52089],[-74.24189,40.52098],[-74.24293,40.52123],[-74.2429,40.52142],[-74.24259,40.52206],[-74.24258,40.5222],[-74.24271,40.52266],[-74.24276,40.52273],[-74.24275,40.5228],[-74.24262,40.52295],[-74.24261,40.52308],[-74.24269,40.52315],[-74.24274,40.52327],[-74.24276,40.5237],[-74.24282,40.5238],[-74.2428,40.52401],[-74.24299,40.52425],[-74.24311,40.52451],[-74.24336,40.52482],[-74.24349,40.52486],[-74.24361,40.52484],[-74.24397,40.52491],[-74.24397,40.525],[-74.24334,40.52585],[-74.24307,40.52669],[-74.24303,40.52707],[-74.24283,40.52742],[-74.24283,40.52751],[-74.24295,40.52773],[-74.24284,40.528],[-74.24289,40.52805],[-74.24289,40.5282],[-74.24261,40.52842],[-74.24251,40.52845],[-74.24253,40.52853],[-74.24248,40.52866],[-74.24242,40.52873],[-74.24241,40.52883],[-74.24246,40.52895],[-74.24238,40.52903],[-74.24219,40.52944],[-74.24217,40.5297],[-74.24225,40.52982],[-74.24202,40.53006],[-74.24182,40.53042],[-74.24171,40.53054],[-74.24155,40.53087],[-74.24151,40.53104],[-74.24153,40.53147],[-74.24172,40.53161],[-74.24167,40.53192],[-74.24181,40.53256],[-74.24218,40.53258],[-74.24228,40.53339],[-74.24207,40.53348],[-74.24196,40.53363],[-74.24202,40.53377],[-74.24199,40.53407],[-74.24205,40.53435],[-74.24212,40.53443],[-74.2422,40.53459],[-74.24237,40.53473],[-74.24258,40.53477],[-74.24257,40.5349],[-74.24278,40.53513],[-74.24286,40.53526],[-74.24286,40.53535],[-74.24299,40.53542],[-74.24301,40.53547],[-74.24314,40.53558],[-74.24326,40.53561],[-74.24335,40.5358],[-74.24361,40.536],[-74.24366,40.53607],[-74.24387,40.53618],[-74.24412,40.5362],[-74.244,40.53636],[-74.24398,40.53646],[-74.24398,40.53655],[-74.24415,40.53688],[-74.24426,40.53693],[-74.24448,40.53691],[-74.24459,40.53693],[-74.24473,40.53688],[-74.2448,40.53675],[-74.24494,40.53666],[-74.24521,40.53677],[-74.24534,40.53691],[-74.24536,40.53701],[-74.24526,40.53715],[-74.24496,40.53724],[-74.2448,40.53739],[-74.24459,40.53771],[-74.24449,40.5378],[-74.24443,40.53802],[-74.24447,40.53816],[-74.24468,40.53834],[-74.24466,40.53843],[-74.24468,40.5385],[-74.2449,40.53869],[-74.24511,40.53894],[-74.24532,40.53938],[-74.2453,40.53944],[-74.24539,40.53955],[-74.24536,40.53964],[-74.24543,40.5398],[-74.24543,40.54039],[-74.24548,40.54063],[-74.2456,40.54095],[-74.24582,40.54105],[-74.24599,40.54128],[-74.24626,40.54193],[-74.24649,40.54221],[-74.24676,40.54237],[-74.24686,40.54251],[-74.24768,40.54313],[-74.24792,40.54305],[-74.24803,40.54309],[-74.24771,40.54352],[-74.24762,40.54351],[-74.24614,40.5457],[-74.24364,40.54767],[-74.2436,40.54764],[-74.24337,40.54781],[-74.2434,40.54784],[-74.24336,40.54787],[-74.2433,40.54783],[-74.24358,40.54762],[-74.24294,40.54711],[-74.24267,40.54701],[-74.2422,40.54695],[-74.2418,40.547],[-74.24039,40.54766],[-74.23939,40.54836],[-74.23929,40.54851],[-74.23915,40.54856],[-74.23902,40.54873],[-74.23877,40.54894],[-74.23853,40.54902],[-74.23837,40.54914],[-74.23815,40.54939],[-74.23776,40.54997],[-74.23762,40.55012],[-74.23746,40.5502],[-74.23723,40.55021],[-74.23713,40.55026],[-74.23688,40.5503],[-74.23669,40.55039],[-74.2365,40.55043],[-74.23641,40.55051],[-74.23629,40.55069],[-74.23628,40.55086],[-74.23616,40.55143],[-74.23629,40.55175],[-74.23651,40.55203],[-74.2365,40.55221],[-74.2364,40.55234],[-74.2349,40.55301],[-74.23467,40.55294],[-74.23452,40.55294],[-74.23435,40.55284],[-74.23415,40.55278],[-74.23398,40.55263],[-74.23378,40.55251],[-74.23351,40.55247],[-74.23332,40.55251],[-74.23292,40.55282],[-74.2327,40.55293],[-74.23229,40.55336],[-74.23197,40.55396],[-74.23193,40.55415],[-74.23122,40.55486],[-74.23099,40.55515],[-74.23084,40.55545],[-74.23071,40.55556],[-74.23056,40.55556],[-74.23042,40.55546],[-74.23025,40.55539],[-74.22979,40.55552],[-74.22932,40.55549],[-74.22925,40.55557],[-74.22925,40.55561],[-74.22935,40.55575],[-74.22925,40.55587],[-74.22914,40.55587],[-74.22907,40.55596],[-74.22905,40.55611],[-74.22872,40.5563],[-74.22847,40.55631],[-74.22833,40.55639],[-74.22811,40.55636],[-74.22801,40.55627],[-74.2277,40.55618],[-74.22744,40.55604],[-74.22724,40.55604],[-74.22677,40.55611],[-74.22658,40.55616],[-74.22654,40.55623],[-74.2264,40.55626],[-74.22633,40.55622],[-74.22611,40.55625],[-74.22607,40.55621],[-74.2239,40.5559],[-74.22386,40.5561],[-74.22344,40.55605],[-74.22347,40.55595],[-74.22376,40.55598],[-74.22379,40.55588],[-74.22316,40.55579],[-74.22311,40.55574],[-74.2231,40.55564],[-74.223,40.55558],[-74.22297,40.5555],[-74.22257,40.55541],[-74.22237,40.55549],[-74.22201,40.5554],[-74.2218,40.55542],[-74.22157,40.55565],[-74.22145,40.55553],[-74.22146,40.55545],[-74.22143,40.55538],[-74.2213,40.55537],[-74.22121,40.55543],[-74.22118,40.55568],[-74.22105,40.5557],[-74.22098,40.55591],[-74.22087,40.55594],[-74.22055,40.55589],[-74.22042,40.55571],[-74.22041,40.55564],[-74.2203,40.5556],[-74.22027,40.5555],[-74.22018,40.55543],[-74.22018,40.55521],[-74.22011,40.55493],[-74.21992,40.5547],[-74.21974,40.55461],[-74.2196,40.55465],[-74.21953,40.55472],[-74.21918,40.55476],[-74.21908,40.55485],[-74.21909,40.55493],[-74.21926,40.55516],[-74.2192,40.55539],[-74.21921,40.55546],[-74.21931,40.55551],[-74.21934,40.55569],[-74.21929,40.5558],[-74.21922,40.5558],[-74.21918,40.55575],[-74.21918,40.55553],[-74.21908,40.55551],[-74.21896,40.55486],[-74.21891,40.55478],[-74.21878,40.55467],[-74.21859,40.55467],[-74.21853,40.55474],[-74.21857,40.55482],[-74.21854,40.55493],[-74.21882,40.55587],[-74.21875,40.55589],[-74.2188,40.55596],[-74.21875,40.55603],[-74.21867,40.55605],[-74.21842,40.55573],[-74.21827,40.55569],[-74.21817,40.5556],[-74.21812,40.55551],[-74.21807,40.55529],[-74.21791,40.5551],[-74.21775,40.55501],[-74.21719,40.55516],[-74.21604,40.55554],[-74.21474,40.55624],[-74.21502,40.55676],[-74.21499,40.55679],[-74.21462,40.55691],[-74.21458,40.5569],[-74.21448,40.55669],[-74.21434,40.55673],[-74.21423,40.55656],[-74.21412,40.55662],[-74.21396,40.55666],[-74.21387,40.55659],[-74.21389,40.55651],[-74.21376,40.5564],[-74.21363,40.55651],[-74.2134,40.55656],[-74.21327,40.55662],[-74.21314,40.55705],[-74.21294,40.55721],[-74.21278,40.55723],[-74.21264,40.55729],[-74.21263,40.55734],[-74.21268,40.55747],[-74.21267,40.55765],[-74.21252,40.5578],[-74.21227,40.55797],[-74.212,40.55838],[-74.21176,40.55912],[-74.21178,40.55919],[-74.21193,40.55924],[-74.21197,40.5593],[-74.21188,40.5596],[-74.21118,40.56045],[-74.21117,40.56073],[-74.2113,40.56086],[-74.21134,40.56123],[-74.21131,40.56135],[-74.21119,40.56154],[-74.2111,40.56191],[-74.2111,40.56213],[-74.21111,40.56225],[-74.21134,40.56292],[-74.21138,40.56349],[-74.21096,40.56429],[-74.21074,40.56523],[-74.21062,40.56552],[-74.21048,40.56576],[-74.21033,40.5661],[-74.21011,40.56641],[-74.20954,40.56751],[-74.20952,40.56761],[-74.20957,40.56779],[-74.20953,40.56793],[-74.20939,40.56796],[-74.20932,40.56803],[-74.20924,40.56841],[-74.20906,40.56858],[-74.20887,40.56891],[-74.20884,40.56909],[-74.20889,40.56923],[-74.20888,40.56948],[-74.20893,40.56962],[-74.20876,40.56981],[-74.20862,40.56986],[-74.20846,40.57018],[-74.20826,40.57029],[-74.20802,40.57052],[-74.20801,40.57062],[-74.20817,40.57072],[-74.20784,40.57261],[-74.20726,40.57411],[-74.20708,40.57427],[-74.20708,40.57437],[-74.20723,40.57449],[-74.20709,40.5746],[-74.20707,40.57474],[-74.20727,40.57515],[-74.20728,40.57525],[-74.20711,40.57536],[-74.20697,40.57553],[-74.20687,40.57568],[-74.20681,40.57592],[-74.20685,40.57616],[-74.20689,40.57622],[-74.2071,40.57628],[-74.20709,40.57631],[-74.20704,40.57641],[-74.20694,40.57647],[-74.20693,40.57654],[-74.20683,40.57652],[-74.2067,40.57654],[-74.20661,40.57661],[-74.20656,40.57671],[-74.20653,40.5769],[-74.20669,40.57699],[-74.20671,40.57704],[-74.20682,40.57712],[-74.20682,40.57715],[-74.20669,40.57726],[-74.20664,40.5774],[-74.2065,40.57741],[-74.2064,40.57752],[-74.20632,40.57754],[-74.20623,40.57774],[-74.20615,40.57807],[-74.20617,40.57816],[-74.20598,40.57845],[-74.20592,40.57862],[-74.20596,40.57931],[-74.20355,40.58],[-74.20073,40.57932]]]}},{"type":"Feature","properties":{"std_name":"Bronx 9","std_geoid":"BX09","pen":"politicians","std_note":null},"geometry":{"type":"Polygon","coordinates":[[[-73.84,40.83566],[-73.83961,40.83561],[-73.8397,40.83558],[-73.83969,40.83551],[-73.8396,40.83552],[-73.83967,40.83549],[-73.83966,40.83546],[-73.83958,40.83547],[-73.83966,40.83544],[-73.83965,40.83538],[-73.83957,40.8354],[-73.83956,40.83538],[-73.83964,40.83536],[-73.83963,40.83532],[-73.83955,40.83532],[-73.83962,40.8353],[-73.8396,40.83524],[-73.83953,40.83524],[-73.83962,40.83523],[-73.83961,40.83518],[-73.83951,40.83517],[-73.8396,40.83516],[-73.83959,40.83511],[-73.83951,40.8351],[-73.83959,40.83509],[-73.83958,40.83503],[-73.8395,40.83504],[-73.83946,40.83501],[-73.83957,40.83498],[-73.83956,40.83493],[-73.83948,40.83493],[-73.83955,40.83491],[-73.83955,40.83486],[-73.83946,40.83485],[-73.83962,40.83483],[-73.83962,40.8348],[-73.83948,40.83482],[-73.83961,40.83478],[-73.8396,40.83475],[-73.83946,40.83475],[-73.8396,40.83473],[-73.8396,40.8347],[-73.83946,40.83472],[-73.83941,40.8346],[-73.83959,40.83456],[-73.83953,40.83437],[-73.83959,40.83404],[-73.83992,40.83332],[-73.84018,40.83304],[-73.84182,40.83173],[-73.84221,40.83155],[-73.84235,40.8313],[-73.84253,40.83112],[-73.84276,40.83082],[-73.8427,40.83075],[-73.84294,40.83012],[-73.84305,40.8301],[-73.84309,40.83002],[-73.8431,40.82996],[-73.84302,40.82996],[-73.84305,40.82976],[-73.84311,40.82979],[-73.84304,40.82931],[-73.84303,40.82893],[-73.8429,40.82857],[-73.84272,40.82828],[-73.84265,40.82791],[-73.84257,40.82774],[-73.84253,40.82753],[-73.84248,40.82748],[-73.84246,40.82737],[-73.84232,40.82718],[-73.84208,40.82654],[-73.84203,40.82655],[-73.8417,40.82577],[-73.84175,40.82576],[-73.8412,40.82482],[-73.84107,40.82453],[-73.84101,40.82424],[-73.84087,40.82415],[-73.84045,40.82335],[-73.84042,40.82327],[-73.84043,40.82311],[-73.84047,40.82308],[-73.84013,40.82242],[-73.84011,40.8223],[-73.84002,40.82219],[-73.84003,40.82207],[-73.83996,40.822],[-73.83999,40.82192],[-73.83983,40.82157],[-73.83991,40.82115],[-73.83986,40.82101],[-73.83988,40.8209],[-73.83998,40.82079],[-73.83999,40.82068],[-73.84005,40.82061],[-73.8401,40.82032],[-73.84006,40.82023],[-73.83997,40.82018],[-73.84,40.81993],[-73.84015,40.81982],[-73.84029,40.81981],[-73.84023,40.81974],[-73.84029,40.81963],[-73.84037,40.81958],[-73.84052,40.81954],[-73.84062,40.81955],[-73.8407,40.81948],[-73.84081,40.81944],[-73.84084,40.81936],[-73.84092,40.81934],[-73.84104,40.81923],[-73.84129,40.81916],[-73.84157,40.81894],[-73.84188,40.81885],[-73.84199,40.81877],[-73.84213,40.81846],[-73.84214,40.81826],[-73.84209,40.81806],[-73.84238,40.81749],[-73.8428,40.81694],[-73.84289,40.81673],[-73.84306,40.81656],[-73.84304,40.81638],[-73.84315,40.81627],[-73.84317,40.81605],[-73.84345,40.8157],[-73.84358,40.81547],[-73.84374,40.81532],[-73.84377,40.81514],[-73.84418,40.81436],[-73.84418,40.81419],[-73.84439,40.81365],[-73.84487,40.81275],[-73.84521,40.81189],[-73.84528,40.81178],[-73.84537,40.81175],[-73.84547,40.81176],[-73.84577,40.81158],[-73.84591,40.81133],[-73.84617,40.81068],[-73.84689,40.81052],[-73.8472,40.81058],[-73.84747,40.8109],[-73.84758,40.81128],[-73.8477,40.81146],[-73.84821,40.81246],[-73.84876,40.8129],[-73.84939,40.81324],[-73.85005,40.81349],[-73.85041,40.81358],[-73.8506,40.81393],[-73.85159,40.8143],[-73.85179,40.8143],[-73.85198,40.81434],[-73.85219,40.81429],[-73.85244,40.8143],[-73.85239,40.81442],[-73.85225,40.81447],[-73.85226,40.81449],[-73.85243,40.81446],[-73.85253,40.81452],[-73.85262,40.81452],[-73.8528,40.81444],[-73.85295,40.81457],[-73.85301,40.81458],[-73.85289,40.81448],[-73.85284,40.81434],[-73.85265,40.81434],[-73.85267,40.81424],[-73.85265,40.81418],[-73.85267,40.81411],[-73.85262,40.81406],[-73.85266,40.81396],[-73.85298,40.81387],[-73.85295,40.81385],[-73.85295,40.81373],[-73.85288,40.81371],[-73.85291,40.81369],[-73.85337,40.81359],[-73.85374,40.81365],[-73.85435,40.81386],[-73.85484,40.81409],[-73.85515,40.81437],[-73.85532,40.81441],[-73.85538,40.81429],[-73.85532,40.81416],[-73.85505,40.81407],[-73.85471,40.81384],[-73.85443,40.81372],[-73.85347,40.81348],[-73.85313,40.81354],[-73.85256,40.81374],[-73.85206,40.81373],[-73.85136,40.81355],[-73.8512,40.81355],[-73.85099,40.81348],[-73.85028,40.81303],[-73.84965,40.81275],[-73.84937,40.81254],[-73.84915,40.8123],[-73.84903,40.81212],[-73.84906,40.81191],[-73.84924,40.8115],[-73.84934,40.8114],[-73.84938,40.81129],[-73.84938,40.81123],[-73.84925,40.81112],[-73.84917,40.81092],[-73.84925,40.81078],[-73.84942,40.81059],[-73.84953,40.81028],[-73.84971,40.81014],[-73.8498,40.81003],[-73.84983,40.80982],[-73.84991,40.80966],[-73.84977,40.80967],[-73.84976,40.80965],[-73.84992,40.80963],[-73.85002,40.80933],[-73.85002,40.80925],[-73.84985,40.80925],[-73.85004,40.80922],[-73.84998,40.80903],[-73.84997,40.80888],[-73.84975,40.80891],[-73.84973,40.80888],[-73.84996,40.80883],[-73.84995,40.80871],[-73.84956,40.80874],[-73.84955,40.80872],[-73.84995,40.80869],[-73.84997,40.80858],[-73.84988,40.80848],[-73.8499,40.80841],[-73.84987,40.80834],[-73.84979,40.80831],[-73.84973,40.8082],[-73.84961,40.80812],[-73.84876,40.80834],[-73.84871,40.80824],[-73.84952,40.80806],[-73.84945,40.80802],[-73.84945,40.80795],[-73.84939,40.80788],[-73.84878,40.80764],[-73.84842,40.80737],[-73.84828,40.80685],[-73.8484,40.80652],[-73.84838,40.80636],[-73.84828,40.80624],[-73.84811,40.80613],[-73.84763,40.80601],[-73.84754,40.80593],[-73.84749,40.80545],[-73.84753,40.80533],[-73.84767,40.80517],[-73.8479,40.805],[-73.84808,40.80492],[-73.8484,40.80486],[-73.84856,40.80479],[-73.84865,40.8047],[-73.8487,40.80473],[-73.8487,40.80486],[-73.84874,40.8049],[-73.8488,40.8049],[-73.84884,40.8048],[-73.84895,40.80476],[-73.84903,40.8048],[-73.84921,40.80502],[-73.84933,40.80505],[-73.84932,40.80466],[-73.84941,40.80467],[-73.84943,40.80506],[-73.84982,40.80509],[-73.84998,40.80506],[-73.85006,40.80487],[-73.85015,40.80453],[-73.8502,40.80451],[-73.85092,40.80448],[-73.85119,40.80449],[-73.85148,40.8046],[-73.85205,40.8046],[-73.85407,40.80446],[-73.8546,40.80455],[-73.8548,40.80455],[-73.85539,40.80446],[-73.85585,40.80451],[-73.85605,40.80459],[-73.85663,40.80483],[-73.85662,40.80487],[-73.85658,40.80493],[-73.8564,40.80495],[-73.85593,40.80472],[-73.85581,40.80468],[-73.85569,40.80468],[-73.85561,40.8047],[-73.85556,40.80478],[-73.8556,40.80506],[-73.85613,40.80528],[-73.85652,40.80524],[-73.85688,40.80529],[-73.85695,40.80527],[-73.85712,40.80533],[-73.85724,40.80531],[-73.85722,40.80524],[-73.85713,40.80519],[-73.85668,40.805],[-73.85667,40.80495],[-73.85683,40.80491],[-73.85813,40.80547],[-73.85889,40.80589],[-73.85891,40.80595],[-73.85883,40.80599],[-73.85851,40.80582],[-73.85844,40.80595],[-73.85831,40.806],[-73.85831,40.80607],[-73.85838,40.80615],[-73.85839,40.80641],[-73.8585,40.80642],[-73.85852,40.80664],[-73.85861,40.8067],[-73.85893,40.80667],[-73.85902,40.80661],[-73.85908,40.80648],[-73.85908,40.80641],[-73.85886,40.80604],[-73.85888,40.80599],[-73.85897,40.80597],[-73.8592,40.80627],[-73.85937,40.80668],[-73.8594,40.80753],[-73.85938,40.80757],[-73.85926,40.80754],[-73.85922,40.80703],[-73.85916,40.80688],[-73.85908,40.80684],[-73.85867,40.80683],[-73.85839,40.80826],[-73.85877,40.80923],[-73.85895,40.81027],[-73.85908,40.80998],[-73.85947,40.80991],[-73.85955,40.80982],[-73.85967,40.80981],[-73.86013,40.80961],[-73.86003,40.80949],[-73.85996,40.80948],[-73.85992,40.8094],[-73.85975,40.80928],[-73.85954,40.80902],[-73.85933,40.809],[-73.85941,40.80886],[-73.85932,40.80821],[-73.85939,40.80816],[-73.85945,40.80819],[-73.85961,40.80878],[-73.85982,40.80911],[-73.85997,40.80926],[-73.86024,40.80945],[-73.86066,40.80963],[-73.86265,40.81001],[-73.8644,40.81028],[-73.86766,40.81058],[-73.86869,40.81185],[-73.86977,40.81342],[-73.87078,40.81449],[-73.87172,40.81492],[-73.87652,40.81613],[-73.87663,40.81571],[-73.87806,40.81618],[-73.88245,40.81927],[-73.88379,40.82193],[-73.88429,40.82272],[-73.88465,40.82382],[-73.88461,40.82528],[-73.88439,40.82682],[-73.88378,40.82827],[-73.88479,40.82824],[-73.88503,40.82819],[-73.88579,40.82782],[-73.88542,40.83012],[-73.88528,40.83064],[-73.8851,40.83115],[-73.8845,40.83223],[-73.88425,40.83259],[-73.88298,40.83404],[-73.88194,40.83546],[-73.88121,40.83678],[-73.88072,40.83752],[-73.87935,40.83703],[-73.87863,40.83684],[-73.87789,40.83669],[-73.87723,40.83658],[-73.87508,40.83642],[-73.87377,40.83636],[-73.87333,40.83765],[-73.87277,40.83975],[-73.87028,40.83962],[-73.86921,40.8396],[-73.86831,40.84],[-73.86725,40.84034],[-73.86546,40.84086],[-73.86347,40.84131],[-73.85334,40.84247],[-73.85309,40.84105],[-73.85207,40.83563],[-73.85168,40.8342],[-73.84849,40.83452],[-73.84,40.83566]]]}},{"type":"Feature","properties":{"std_name":"QE 7","std_geoid":"QE07","pen":"politicians","std_note":null},"geometry":{"type":"MultiPolygon","coordinates":[[[[-73.84002,40.76423],[-73.8397,40.76529],[-73.83958,40.76525],[-73.83913,40.76599],[-73.83953,40.76614],[-73.83954,40.76621],[-73.8397,40.76639],[-73.83973,40.76673],[-73.83969,40.76682],[-73.83956,40.76692],[-73.8395,40.76702],[-73.83959,40.76711],[-73.83975,40.76712],[-73.83979,40.76705],[-73.83987,40.76709],[-73.83994,40.76706],[-73.83994,40.767],[-73.83988,40.76695],[-73.8399,40.76682],[-73.84001,40.76662],[-73.84022,40.76653],[-73.84027,40.76646],[-73.84031,40.76629],[-73.84087,40.76621],[-73.84084,40.76615],[-73.84086,40.76614],[-73.84089,40.76621],[-73.84102,40.76619],[-73.84101,40.76612],[-73.84108,40.76611],[-73.84108,40.76617],[-73.84106,40.76618],[-73.84121,40.76615],[-73.8412,40.76608],[-73.84124,40.76608],[-73.84123,40.76615],[-73.84172,40.76604],[-73.84166,40.76597],[-73.84171,40.76596],[-73.84174,40.76604],[-73.84196,40.76599],[-73.84197,40.76593],[-73.84187,40.76595],[-73.84186,40.76593],[-73.84232,40.76582],[-73.84236,40.76584],[-73.84227,40.76586],[-73.84232,40.76591],[-73.84251,40.76587],[-73.84247,40.76579],[-73.84252,40.76578],[-73.84254,40.76586],[-73.84268,40.76583],[-73.84296,40.76585],[-73.84337,40.76573],[-73.84347,40.76565],[-73.8436,40.76564],[-73.84371,40.76568],[-73.84395,40.76549],[-73.84449,40.76546],[-73.84491,40.76553],[-73.84528,40.76567],[-73.84603,40.76604],[-73.84614,40.76612],[-73.8462,40.7662],[-73.84652,40.7663],[-73.84685,40.76626],[-73.84723,40.76631],[-73.84781,40.76677],[-73.84821,40.76763],[-73.84857,40.76809],[-73.84824,40.76824],[-73.84817,40.7684],[-73.84821,40.76852],[-73.84837,40.76864],[-73.84859,40.76864],[-73.84865,40.76869],[-73.84875,40.76871],[-73.849,40.76915],[-73.84882,40.76948],[-73.84851,40.76966],[-73.84847,40.76973],[-73.84859,40.77062],[-73.84867,40.77076],[-73.84891,40.77098],[-73.84913,40.77106],[-73.84934,40.77119],[-73.84949,40.77133],[-73.84961,40.77148],[-73.84977,40.7718],[-73.84982,40.77186],[-73.84993,40.77189],[-73.84994,40.77193],[-73.8503,40.77194],[-73.85028,40.77193],[-73.85029,40.77189],[-73.85031,40.7719],[-73.85034,40.77174],[-73.85038,40.77175],[-73.85037,40.77182],[-73.85126,40.77187],[-73.85127,40.7718],[-73.8513,40.77181],[-73.85127,40.77199],[-73.85124,40.77198],[-73.85125,40.77189],[-73.85036,40.77183],[-73.85033,40.77202],[-73.8503,40.77201],[-73.8503,40.77197],[-73.84995,40.77196],[-73.84995,40.77206],[-73.84987,40.77218],[-73.85004,40.77218],[-73.85004,40.77222],[-73.84984,40.77223],[-73.84973,40.77241],[-73.84957,40.77256],[-73.84919,40.7731],[-73.84898,40.77356],[-73.84896,40.77374],[-73.84921,40.77455],[-73.84922,40.77464],[-73.84916,40.775],[-73.84894,40.77556],[-73.849,40.77568],[-73.84912,40.77579],[-73.84903,40.77729],[-73.84896,40.77796],[-73.84897,40.77804],[-73.84903,40.77809],[-73.84937,40.77817],[-73.84949,40.77832],[-73.84954,40.77843],[-73.84975,40.77841],[-73.84974,40.77846],[-73.84954,40.77846],[-73.84945,40.77858],[-73.84946,40.77866],[-73.84976,40.77872],[-73.8498,40.77877],[-73.84993,40.77877],[-73.84993,40.7788],[-73.8498,40.77879],[-73.84978,40.77911],[-73.84957,40.77919],[-73.84958,40.77941],[-73.84964,40.77948],[-73.84975,40.77948],[-73.84974,40.7794],[-73.85007,40.77935],[-73.85013,40.77937],[-73.85011,40.7793],[-73.85097,40.77911],[-73.85095,40.77907],[-73.85148,40.77896],[-73.85149,40.77899],[-73.85101,40.77912],[-73.85108,40.7793],[-73.85095,40.77929],[-73.85095,40.77933],[-73.85074,40.77935],[-73.85074,40.77932],[-73.85016,40.77943],[-73.85014,40.77939],[-73.85011,40.7794],[-73.85012,40.77943],[-73.84979,40.7795],[-73.84982,40.77963],[-73.85235,40.77948],[-73.85232,40.77917],[-73.85236,40.77917],[-73.85239,40.77953],[-73.85236,40.7795],[-73.84982,40.77965],[-73.84984,40.77978],[-73.84969,40.77986],[-73.84957,40.77988],[-73.84955,40.77999],[-73.84973,40.78],[-73.84974,40.78004],[-73.85031,40.78004],[-73.85037,40.78004],[-73.85038,40.78001],[-73.85045,40.78003],[-73.85046,40.77989],[-73.85048,40.77989],[-73.85048,40.77996],[-73.85162,40.77994],[-73.85164,40.77987],[-73.85169,40.77987],[-73.85167,40.78004],[-73.85162,40.78003],[-73.85162,40.77996],[-73.85049,40.77998],[-73.85048,40.78005],[-73.85042,40.78008],[-73.85037,40.78008],[-73.85037,40.78006],[-73.84949,40.78007],[-73.8495,40.78011],[-73.84959,40.78023],[-73.84962,40.78055],[-73.84968,40.78059],[-73.84978,40.7806],[-73.84982,40.78064],[-73.84981,40.78087],[-73.84989,40.78109],[-73.85094,40.78108],[-73.85094,40.78112],[-73.84989,40.78112],[-73.84984,40.7816],[-73.84919,40.78164],[-73.84923,40.7817],[-73.84949,40.78175],[-73.84955,40.78184],[-73.84949,40.78197],[-73.84927,40.78212],[-73.84924,40.7822],[-73.84926,40.78227],[-73.84952,40.78236],[-73.85023,40.78242],[-73.85028,40.78246],[-73.85036,40.7824],[-73.8505,40.78235],[-73.85116,40.78237],[-73.85123,40.7824],[-73.85192,40.78235],[-73.85315,40.78232],[-73.85322,40.78206],[-73.85332,40.78203],[-73.85368,40.78199],[-73.85414,40.78199],[-73.85485,40.78194],[-73.85528,40.78198],[-73.85539,40.78208],[-73.85545,40.78314],[-73.85573,40.78316],[-73.85573,40.78319],[-73.85582,40.78319],[-73.85588,40.78331],[-73.85587,40.7832],[-73.85593,40.7832],[-73.85593,40.78332],[-73.85618,40.78334],[-73.85645,40.78332],[-73.85644,40.78316],[-73.85668,40.78315],[-73.85665,40.78298],[-73.85662,40.78298],[-73.8566,40.78289],[-73.85665,40.78289],[-73.85665,40.78294],[-73.85668,40.78294],[-73.85672,40.78321],[-73.85684,40.78337],[-73.85734,40.78337],[-73.85749,40.78345],[-73.85761,40.78361],[-73.85808,40.78372],[-73.85817,40.78402],[-73.85813,40.78419],[-73.85805,40.78425],[-73.85789,40.78429],[-73.85783,40.78444],[-73.85785,40.78451],[-73.85794,40.7845],[-73.858,40.78465],[-73.85797,40.78466],[-73.85798,40.78468],[-73.85831,40.78497],[-73.85853,40.78523],[-73.85899,40.7852],[-73.85906,40.78543],[-73.85909,40.78544],[-73.85899,40.7851],[-73.85904,40.78509],[-73.85911,40.78544],[-73.85953,40.78553],[-73.85952,40.78556],[-73.85907,40.78547],[-73.85909,40.78553],[-73.85899,40.78549],[-73.85894,40.78557],[-73.85907,40.7856],[-73.85914,40.7857],[-73.85901,40.7858],[-73.85912,40.78585],[-73.8591,40.78588],[-73.85901,40.78583],[-73.85903,40.78593],[-73.85899,40.786],[-73.85859,40.78615],[-73.85857,40.78628],[-73.85869,40.78646],[-73.85868,40.78653],[-73.85843,40.7868],[-73.85813,40.78705],[-73.85798,40.78706],[-73.85773,40.78696],[-73.85754,40.78693],[-73.85723,40.78672],[-73.85701,40.78665],[-73.85681,40.78667],[-73.85663,40.78673],[-73.85652,40.78695],[-73.85636,40.78698],[-73.8562,40.78715],[-73.85616,40.78724],[-73.85617,40.78749],[-73.85599,40.78758],[-73.85594,40.78768],[-73.8554,40.78767],[-73.85523,40.78774],[-73.8548,40.78778],[-73.8545,40.78773],[-73.8543,40.78774],[-73.85345,40.78783],[-73.85323,40.78789],[-73.85284,40.78821],[-73.85284,40.78834],[-73.85289,40.78835],[-73.85354,40.78836],[-73.85438,40.78832],[-73.85463,40.78842],[-73.8548,40.78862],[-73.85477,40.78904],[-73.85456,40.78967],[-73.85447,40.79026],[-73.85355,40.79068],[-73.85309,40.79084],[-73.85275,40.79101],[-73.85266,40.79111],[-73.85266,40.79126],[-73.85286,40.79153],[-73.85317,40.79184],[-73.85374,40.79229],[-73.85378,40.79242],[-73.85366,40.79286],[-73.85363,40.7931],[-73.85373,40.79394],[-73.85369,40.79402],[-73.85353,40.79414],[-73.85304,40.79426],[-73.85277,40.79439],[-73.85264,40.79454],[-73.85262,40.79475],[-73.85266,40.79492],[-73.85263,40.79494],[-73.85256,40.79489],[-73.85249,40.79467],[-73.85243,40.79461],[-73.85159,40.79409],[-73.85097,40.79386],[-73.85001,40.7936],[-73.84934,40.79337],[-73.84906,40.79336],[-73.84893,40.79341],[-73.84885,40.7935],[-73.84888,40.79365],[-73.84902,40.79392],[-73.84908,40.79415],[-73.84903,40.79434],[-73.84878,40.79454],[-73.84877,40.79462],[-73.84888,40.79513],[-73.84881,40.79529],[-73.84871,40.79542],[-73.84856,40.7955],[-73.84782,40.79578],[-73.84661,40.79603],[-73.84632,40.79616],[-73.84624,40.79616],[-73.84597,40.79602],[-73.84558,40.79602],[-73.8456,40.79585],[-73.84551,40.79577],[-73.84528,40.79545],[-73.84498,40.79527],[-73.84489,40.79511],[-73.8446,40.79491],[-73.84438,40.79487],[-73.84391,40.79487],[-73.84355,40.79491],[-73.84343,40.79495],[-73.84334,40.79502],[-73.84336,40.79535],[-73.84335,40.79547],[-73.84331,40.7955],[-73.84318,40.79543],[-73.84311,40.79526],[-73.84304,40.79521],[-73.8429,40.79518],[-73.84285,40.79521],[-73.84289,40.79539],[-73.84328,40.79617],[-73.84321,40.79619],[-73.84281,40.79542],[-73.84226,40.79558],[-73.84292,40.7969],[-73.84287,40.79692],[-73.84217,40.79561],[-73.84209,40.79564],[-73.8419,40.79562],[-73.84178,40.79554],[-73.84169,40.79541],[-73.84159,40.7954],[-73.84143,40.79549],[-73.84136,40.79562],[-73.84136,40.79586],[-73.84149,40.79598],[-73.84149,40.79601],[-73.84134,40.7961],[-73.84129,40.79617],[-73.8413,40.79622],[-73.8406,40.79681],[-73.84014,40.79688],[-73.84044,40.79764],[-73.8404,40.79765],[-73.84042,40.79768],[-73.83923,40.79789],[-73.83921,40.79784],[-73.83842,40.79834],[-73.83843,40.79838],[-73.8379,40.79851],[-73.83787,40.79844],[-73.83839,40.7983],[-73.83919,40.79778],[-73.84026,40.79759],[-73.83997,40.79691],[-73.83904,40.79705],[-73.8384,40.79676],[-73.83736,40.79426],[-73.8373,40.79422],[-73.83706,40.79385],[-73.83713,40.7937],[-73.83663,40.79252],[-73.83654,40.79207],[-73.83653,40.79174],[-73.83672,40.79158],[-73.83694,40.79147],[-73.83742,40.79139],[-73.83752,40.79132],[-73.83753,40.79115],[-73.83765,40.79104],[-73.83751,40.79083],[-73.83756,40.79073],[-73.8375,40.79046],[-73.83703,40.7905],[-73.83703,40.79047],[-73.83682,40.79047],[-73.83681,40.79043],[-73.83702,40.79043],[-73.83701,40.79041],[-73.83737,40.7904],[-73.83737,40.79044],[-73.83748,40.79043],[-73.83739,40.79031],[-73.83741,40.7902],[-73.83739,40.78982],[-73.83726,40.7897],[-73.83724,40.7895],[-73.83718,40.78943],[-73.83728,40.78901],[-73.83714,40.78937],[-73.83717,40.78953],[-73.83713,40.78956],[-73.83702,40.78957],[-73.8368,40.7895],[-73.83638,40.78946],[-73.8359,40.78956],[-73.83566,40.78957],[-73.83555,40.78952],[-73.83547,40.78928],[-73.83533,40.78921],[-73.83498,40.78916],[-73.83428,40.78911],[-73.83414,40.78907],[-73.83402,40.78892],[-73.834,40.78871],[-73.8339,40.78858],[-73.83381,40.78852],[-73.83347,40.78846],[-73.83326,40.78853],[-73.83293,40.78852],[-73.83279,40.78858],[-73.83251,40.78862],[-73.83212,40.78877],[-73.83194,40.78894],[-73.83174,40.78923],[-73.83157,40.78926],[-73.83144,40.78918],[-73.83149,40.78924],[-73.83186,40.78934],[-73.83195,40.78941],[-73.83215,40.79004],[-73.83207,40.79024],[-73.83186,40.79056],[-73.8318,40.79088],[-73.83174,40.79101],[-73.83137,40.79137],[-73.83103,40.79155],[-73.83066,40.79165],[-73.83049,40.79165],[-73.83009,40.79155],[-73.82978,40.79162],[-73.82912,40.7919],[-73.82854,40.79234],[-73.82837,40.7924],[-73.82928,40.79289],[-73.82931,40.79294],[-73.82923,40.79302],[-73.82829,40.79251],[-73.8282,40.79263],[-73.82803,40.79272],[-73.82793,40.79288],[-73.82781,40.7932],[-73.82778,40.79342],[-73.82782,40.79371],[-73.82792,40.79401],[-73.82789,40.79434],[-73.82798,40.79451],[-73.82797,40.79479],[-73.82807,40.79483],[-73.82801,40.79489],[-73.82801,40.79493],[-73.8282,40.79513],[-73.82833,40.79548],[-73.82841,40.79561],[-73.82849,40.79567],[-73.82862,40.79568],[-73.82863,40.79584],[-73.8287,40.79592],[-73.82878,40.79592],[-73.82875,40.79607],[-73.82881,40.79618],[-73.82898,40.79621],[-73.82913,40.79629],[-73.82925,40.7965],[-73.82929,40.79667],[-73.82945,40.79678],[-73.82946,40.79682],[-73.8294,40.79683],[-73.82929,40.79677],[-73.82925,40.79674],[-73.82921,40.79664],[-73.82906,40.79656],[-73.8288,40.79656],[-73.82848,40.79661],[-73.82814,40.79675],[-73.82759,40.79676],[-73.82742,40.79679],[-73.82729,40.79689],[-73.82728,40.79696],[-73.82717,40.79693],[-73.82703,40.79703],[-73.82697,40.79713],[-73.827,40.79727],[-73.8271,40.79736],[-73.82719,40.79751],[-73.82717,40.79762],[-73.82703,40.79772],[-73.82674,40.7978],[-73.82658,40.79776],[-73.82631,40.79749],[-73.82615,40.79742],[-73.82594,40.79737],[-73.82576,40.79737],[-73.82556,40.79739],[-73.82551,40.79744],[-73.82547,40.79738],[-73.82533,40.79731],[-73.82514,40.79734],[-73.82491,40.79747],[-73.82404,40.79808],[-73.82401,40.79813],[-73.82403,40.7982],[-73.82395,40.79823],[-73.82403,40.79836],[-73.82401,40.79837],[-73.82386,40.79815],[-73.82367,40.79823],[-73.82355,40.79831],[-73.82349,40.79839],[-73.82351,40.79844],[-73.82343,40.79841],[-73.82368,40.79877],[-73.82364,40.79878],[-73.82341,40.79842],[-73.8234,40.79845],[-73.82325,40.79847],[-73.82311,40.79861],[-73.82314,40.79868],[-73.8231,40.79868],[-73.82331,40.79896],[-73.82327,40.79898],[-73.82305,40.79866],[-73.823,40.79864],[-73.8226,40.7989],[-73.82254,40.79896],[-73.82278,40.79932],[-73.82274,40.79933],[-73.82252,40.79899],[-73.82241,40.79909],[-73.82262,40.79941],[-73.82259,40.79942],[-73.82239,40.79911],[-73.8219,40.79973],[-73.82162,40.79999],[-73.82098,40.80048],[-73.82079,40.80056],[-73.82043,40.80063],[-73.82053,40.80101],[-73.8205,40.80101],[-73.8204,40.80064],[-73.81995,40.80085],[-73.81991,40.80089],[-73.81991,40.80098],[-73.81983,40.80099],[-73.81974,40.8009],[-73.81952,40.80083],[-73.81928,40.80067],[-73.81885,40.80031],[-73.8174,40.7993],[-73.81714,40.79918],[-73.81652,40.79902],[-73.81603,40.79853],[-73.81368,40.79755],[-73.81363,40.79744],[-73.81375,40.79715],[-73.8137,40.79708],[-73.81342,40.79769],[-73.81335,40.79767],[-73.81349,40.79735],[-73.81338,40.79731],[-73.81349,40.79706],[-73.81328,40.79711],[-73.81325,40.79721],[-73.81316,40.7972],[-73.81305,40.79746],[-73.81293,40.79743],[-73.81304,40.79718],[-73.81288,40.79717],[-73.81286,40.79728],[-73.81281,40.79728],[-73.81278,40.79735],[-73.81269,40.7977],[-73.81255,40.79805],[-73.81249,40.79809],[-73.81224,40.79813],[-73.81179,40.79803],[-73.81176,40.79778],[-73.81182,40.79746],[-73.81161,40.79737],[-73.8102,40.79716],[-73.8099,40.79707],[-73.80926,40.79696],[-73.80879,40.7968],[-73.80768,40.79667],[-73.80745,40.7966],[-73.80704,40.79655],[-73.80636,40.79639],[-73.80627,40.79682],[-73.80623,40.79682],[-73.80633,40.79639],[-73.80627,40.7964],[-73.80623,40.7965],[-73.80589,40.79647],[-73.80563,40.79637],[-73.8054,40.79617],[-73.80537,40.79617],[-73.80535,40.79632],[-73.8053,40.79632],[-73.80534,40.79616],[-73.80513,40.79618],[-73.805,40.79614],[-73.80467,40.79617],[-73.80465,40.79636],[-73.80463,40.79637],[-73.80466,40.79643],[-73.80463,40.79644],[-73.80459,40.79637],[-73.80463,40.79635],[-73.80465,40.79616],[-73.80458,40.79614],[-73.80435,40.79621],[-73.80427,40.79664],[-73.80424,40.79664],[-73.80424,40.79645],[-73.80427,40.79645],[-73.80431,40.79621],[-73.80417,40.79623],[-73.80412,40.79653],[-73.80409,40.79653],[-73.80414,40.79623],[-73.80401,40.79627],[-73.80396,40.79656],[-73.80393,40.79656],[-73.80397,40.79628],[-73.80385,40.79633],[-73.80382,40.79663],[-73.80377,40.79663],[-73.80382,40.79634],[-73.80364,40.79641],[-73.80361,40.79668],[-73.80358,40.79668],[-73.80361,40.79642],[-73.80346,40.7965],[-73.80343,40.79665],[-73.80335,40.79671],[-73.80301,40.79671],[-73.80298,40.79669],[-73.80296,40.79641],[-73.80264,40.79634],[-73.80262,40.79637],[-73.80258,40.7963],[-73.80226,40.79626],[-73.80178,40.79632],[-73.80175,40.79651],[-73.80172,40.79651],[-73.80176,40.79632],[-73.80141,40.79638],[-73.80101,40.79652],[-73.80096,40.79639],[-73.80086,40.79633],[-73.80066,40.79635],[-73.80062,40.79643],[-73.8005,40.79629],[-73.80039,40.79626],[-73.80037,40.79634],[-73.80029,40.79632],[-73.80032,40.79625],[-73.80026,40.79626],[-73.8002,40.79627],[-73.80012,40.79663],[-73.80008,40.79663],[-73.80013,40.79649],[-73.80006,40.79648],[-73.80008,40.79643],[-73.80013,40.79643],[-73.80018,40.79627],[-73.79983,40.79618],[-73.79968,40.79617],[-73.79965,40.79621],[-73.79968,40.79632],[-73.79961,40.79633],[-73.79951,40.79624],[-73.79938,40.79617],[-73.79932,40.79609],[-73.79869,40.79595],[-73.79859,40.7959],[-73.79838,40.79572],[-73.79811,40.79561],[-73.7979,40.79556],[-73.79767,40.79594],[-73.7977,40.79595],[-73.79767,40.79599],[-73.79758,40.79597],[-73.79764,40.79593],[-73.79787,40.79555],[-73.7975,40.79546],[-73.79724,40.79545],[-73.79725,40.79534],[-73.79674,40.79521],[-73.79652,40.79559],[-73.79654,40.79561],[-73.79643,40.79574],[-73.79641,40.79573],[-73.79647,40.79564],[-73.79644,40.79563],[-73.79649,40.79559],[-73.79671,40.7952],[-73.7965,40.79512],[-73.79596,40.795],[-73.79534,40.79498],[-73.79519,40.79501],[-73.79509,40.79507],[-73.79506,40.79505],[-73.79506,40.79495],[-73.79495,40.79491],[-73.79477,40.79488],[-73.79461,40.79493],[-73.79443,40.79481],[-73.79445,40.79478],[-73.79455,40.79481],[-73.79458,40.79476],[-73.79439,40.79444],[-73.79438,40.79418],[-73.79445,40.79405],[-73.79461,40.79391],[-73.79459,40.79357],[-73.7947,40.79328],[-73.79478,40.79294],[-73.79471,40.79267],[-73.7949,40.79255],[-73.79494,40.79248],[-73.79498,40.79189],[-73.79495,40.79177],[-73.79487,40.79164],[-73.79478,40.7913],[-73.79375,40.78906],[-73.79373,40.78904],[-73.79364,40.78906],[-73.79338,40.78948],[-73.79341,40.78954],[-73.79338,40.78958],[-73.79324,40.78953],[-73.79333,40.78947],[-73.79362,40.789],[-73.79336,40.78896],[-73.79302,40.78883],[-73.79281,40.78878],[-73.79259,40.7888],[-73.79235,40.78891],[-73.79206,40.78909],[-73.79192,40.78926],[-73.79163,40.78949],[-73.79028,40.79032],[-73.78989,40.79037],[-73.78931,40.79038],[-73.78835,40.79033],[-73.78799,40.79035],[-73.7875,40.79031],[-73.78568,40.79034],[-73.78384,40.79064],[-73.78318,40.79087],[-73.78253,40.79128],[-73.78252,40.79135],[-73.78441,40.79168],[-73.7844,40.79172],[-73.78434,40.79175],[-73.78227,40.79137],[-73.78175,40.79113],[-73.78123,40.79148],[-73.78108,40.79168],[-73.7809,40.79219],[-73.78078,40.79299],[-73.78078,40.79319],[-73.78085,40.79325],[-73.78084,40.79328],[-73.78159,40.79346],[-73.78164,40.79331],[-73.78168,40.79332],[-73.78161,40.79345],[-73.78166,40.79348],[-73.78164,40.79353],[-73.78082,40.79332],[-73.78081,40.79335],[-73.78072,40.79333],[-73.7807,40.79365],[-73.78079,40.79404],[-73.78101,40.79438],[-73.78153,40.79472],[-73.78181,40.7948],[-73.7819,40.7949],[-73.78258,40.79488],[-73.78311,40.79491],[-73.78332,40.79476],[-73.78326,40.79492],[-73.78317,40.79498],[-73.78311,40.79499],[-73.78237,40.79496],[-73.782,40.79498],[-73.78182,40.79508],[-73.78173,40.79543],[-73.78166,40.79556],[-73.78154,40.79566],[-73.7799,40.79624],[-73.7798,40.79621],[-73.77945,40.79658],[-73.77947,40.79661],[-73.77943,40.79666],[-73.77936,40.79669],[-73.77928,40.79667],[-73.77927,40.79664],[-73.77871,40.7966],[-73.77852,40.79668],[-73.77827,40.79673],[-73.77752,40.79664],[-73.77687,40.79645],[-73.77618,40.7961],[-73.77505,40.79508],[-73.77472,40.79486],[-73.77437,40.7945],[-73.77415,40.79414],[-73.77401,40.79403],[-73.77404,40.79395],[-73.77402,40.79377],[-73.77394,40.79352],[-73.77376,40.79316],[-73.77375,40.79304],[-73.77363,40.79275],[-73.7732,40.79224],[-73.77288,40.792],[-73.77236,40.79154],[-73.77227,40.79104],[-73.77224,40.79066],[-73.77225,40.79048],[-73.77213,40.79018],[-73.77203,40.79006],[-73.77178,40.7899],[-73.77174,40.78983],[-73.77175,40.78969],[-73.77167,40.78959],[-73.77088,40.78878],[-73.77063,40.78846],[-73.77082,40.78798],[-73.77174,40.78746],[-73.77199,40.78736],[-73.77228,40.78731],[-73.77379,40.78683],[-73.77397,40.78678],[-73.77427,40.78676],[-73.77435,40.78677],[-73.77439,40.78681],[-73.77439,40.78686],[-73.7742,40.78696],[-73.77423,40.78707],[-73.77432,40.78708],[-73.77445,40.78718],[-73.77502,40.78739],[-73.77629,40.78851],[-73.77634,40.78849],[-73.77505,40.78719],[-73.77486,40.78708],[-73.77481,40.78697],[-73.77474,40.78693],[-73.77463,40.78692],[-73.77445,40.78668],[-73.77426,40.78665],[-73.7741,40.7863],[-73.77408,40.78592],[-73.77161,40.783],[-73.77061,40.78208],[-73.7756,40.77932],[-73.77584,40.77861],[-73.77678,40.77841],[-73.77948,40.77766],[-73.78655,40.77556],[-73.78827,40.77508],[-73.79164,40.77424],[-73.79271,40.77379],[-73.79217,40.77098],[-73.79344,40.7616],[-73.79344,40.76076],[-73.79238,40.75307],[-73.79343,40.75334],[-73.79458,40.75356],[-73.79482,40.74842],[-73.79446,40.74544],[-73.79446,40.74497],[-73.79454,40.74451],[-73.79483,40.74399],[-73.79501,40.74374],[-73.79543,40.74326],[-73.79614,40.74257],[-73.79723,40.7417],[-73.79728,40.74045],[-73.79726,40.74021],[-73.79718,40.73999],[-73.79641,40.73859],[-73.79629,40.73855],[-73.79672,40.73842],[-73.79644,40.73844],[-73.7964,40.73828],[-73.79729,40.73819],[-73.79822,40.73817],[-73.80941,40.73855],[-73.81322,40.7387],[-73.81407,40.73878],[-73.815,40.73893],[-73.81594,40.73913],[-73.81891,40.74009],[-73.82302,40.74148],[-73.82537,40.74223],[-73.82481,40.73963],[-73.82495,40.73957],[-73.82497,40.73944],[-73.82543,40.73949],[-73.82559,40.73945],[-73.82585,40.73912],[-73.82635,40.73884],[-73.82687,40.73863],[-73.82759,40.73849],[-73.82794,40.73849],[-73.82795,40.73782],[-73.82809,40.73708],[-73.82947,40.73702],[-73.83054,40.73752],[-73.83143,40.73914],[-73.8313,40.73956],[-73.83129,40.74026],[-73.83116,40.74234],[-73.83297,40.74259],[-73.83586,40.74323],[-73.83595,40.74373],[-73.83568,40.74485],[-73.83544,40.74552],[-73.8347,40.74689],[-73.83493,40.74698],[-73.83507,40.74707],[-73.83514,40.74716],[-73.83485,40.74779],[-73.83473,40.74829],[-73.83471,40.74863],[-73.83471,40.74891],[-73.83479,40.74946],[-73.83508,40.75015],[-73.83555,40.75088],[-73.83778,40.75413],[-73.83799,40.75452],[-73.84068,40.75358],[-73.84072,40.75377],[-73.84078,40.75389],[-73.84069,40.75414],[-73.84069,40.75433],[-73.84077,40.7546],[-73.84073,40.75481],[-73.84075,40.75494],[-73.84066,40.75521],[-73.84038,40.75547],[-73.83975,40.75592],[-73.83955,40.75624],[-73.83951,40.75642],[-73.83906,40.75667],[-73.83912,40.75683],[-73.84114,40.75601],[-73.84324,40.75534],[-73.84363,40.75616],[-73.84585,40.76046],[-73.84455,40.76129],[-73.84372,40.76174],[-73.8424,40.76221],[-73.84185,40.7623],[-73.84133,40.7623],[-73.84018,40.76205],[-73.83925,40.76191],[-73.83983,40.76298],[-73.83998,40.76344],[-73.84002,40.76367],[-73.84002,40.76423]]],[[[-73.83993,40.76535],[-73.8397,40.76529],[-73.83989,40.76509],[-73.84054,40.76411],[-73.84063,40.76402],[-73.84199,40.76363],[-73.84244,40.7645],[-73.84261,40.76468],[-73.84212,40.7649],[-73.84053,40.76539],[-73.84047,40.7653],[-73.84017,40.76531],[-73.83993,40.76535]]]]}},{"type":"Feature","properties":{"std_name":"Manhattan 8","std_geoid":"MN08","pen":"politicians","std_note":null},"geometry":{"type":"MultiPolygon","coordinates":[[[[-73.95578,40.78791],[-73.94376,40.78283],[-73.94363,40.78296],[-73.94354,40.78288],[-73.94365,40.78266],[-73.94388,40.78153],[-73.94387,40.78127],[-73.9436,40.78016],[-73.94321,40.77932],[-73.943,40.77964],[-73.94278,40.77951],[-73.94272,40.77954],[-73.94263,40.77932],[-73.94271,40.77921],[-73.94254,40.77909],[-73.94289,40.77861],[-73.94266,40.77812],[-73.94244,40.77732],[-73.94233,40.77724],[-73.94236,40.77716],[-73.94216,40.77705],[-73.94207,40.77692],[-73.942,40.77619],[-73.94208,40.77596],[-73.9424,40.77573],[-73.94259,40.77522],[-73.94293,40.77468],[-73.94366,40.77384],[-73.94488,40.77257],[-73.9464,40.77127],[-73.94866,40.76886],[-73.94937,40.76788],[-73.95007,40.76703],[-73.95122,40.76577],[-73.95442,40.76218],[-73.95878,40.75827],[-73.97301,40.76428],[-73.95578,40.78791]]],[[[-73.9418,40.76905],[-73.94286,40.7683],[-73.94381,40.76722],[-73.94484,40.76582],[-73.94662,40.76386],[-73.94943,40.76055],[-73.95033,40.75986],[-73.95126,40.75881],[-73.95149,40.75867],[-73.95178,40.7584],[-73.95209,40.75799],[-73.95218,40.75783],[-73.95221,40.75758],[-73.95254,40.7571],[-73.95322,40.75643],[-73.95507,40.7548],[-73.9552,40.75477],[-73.95692,40.75296],[-73.95791,40.75211],[-73.95861,40.75161],[-73.95903,40.75139],[-73.95903,40.7513],[-73.95956,40.75081],[-73.9599,40.75056],[-73.96039,40.75026],[-73.96091,40.7498],[-73.96104,40.74974],[-73.96117,40.74977],[-73.96133,40.7496],[-73.96154,40.74972],[-73.96139,40.74988],[-73.96144,40.74995],[-73.96144,40.75001],[-73.96135,40.75009],[-73.96111,40.7506],[-73.96069,40.7512],[-73.96001,40.75183],[-73.9595,40.75296],[-73.95902,40.7536],[-73.95893,40.75356],[-73.95846,40.75395],[-73.95566,40.7571],[-73.9555,40.75733],[-73.95366,40.75948],[-73.95332,40.75975],[-73.95339,40.7598],[-73.95312,40.76005],[-73.95298,40.75996],[-73.95209,40.76086],[-73.95163,40.76168],[-73.95094,40.76257],[-73.95073,40.76276],[-73.94997,40.76365],[-73.9492,40.76427],[-73.94909,40.76426],[-73.9477,40.76602],[-73.94655,40.76737],[-73.94591,40.76821],[-73.94585,40.76825],[-73.94584,40.76832],[-73.94575,40.7683],[-73.9457,40.76833],[-73.94548,40.76862],[-73.94563,40.76869],[-73.94556,40.7688],[-73.9454,40.76873],[-73.94538,40.76876],[-73.94525,40.76877],[-73.94516,40.76912],[-73.94472,40.76973],[-73.94472,40.76979],[-73.94456,40.76989],[-73.94427,40.77014],[-73.944,40.77029],[-73.9432,40.77099],[-73.94258,40.7717],[-73.94213,40.77203],[-73.94137,40.77231],[-73.94089,40.77237],[-73.94057,40.77261],[-73.94027,40.77295],[-73.94018,40.77296],[-73.94008,40.77293],[-73.94001,40.77284],[-73.94018,40.77256],[-73.94028,40.7723],[-73.94028,40.77171],[-73.9402,40.77113],[-73.94023,40.77085],[-73.94036,40.7705],[-73.94083,40.76991],[-73.94112,40.76941],[-73.94126,40.76931],[-73.9418,40.76905]]]]}},{"type":"Feature","properties":{"std_name":"QW 3","std_geoid":"QW03","pen":"politicians","std_note":null},"geometry":{"type":"Polygon","coordinates":[[[-73.86275,40.76676],[-73.86272,40.76667],[-73.86216,40.76619],[-73.86217,40.76605],[-73.86124,40.76496],[-73.85975,40.76288],[-73.85949,40.76256],[-73.85941,40.76248],[-73.85922,40.76248],[-73.85908,40.76252],[-73.85892,40.76241],[-73.85899,40.76225],[-73.85898,40.76217],[-73.85892,40.76212],[-73.85879,40.76228],[-73.85867,40.76252],[-73.85865,40.76251],[-73.85877,40.76227],[-73.85889,40.76213],[-73.85884,40.76211],[-73.85871,40.76223],[-73.85869,40.76222],[-73.85884,40.76206],[-73.85862,40.76194],[-73.85765,40.76308],[-73.85842,40.76345],[-73.8585,40.76338],[-73.85834,40.76356],[-73.8584,40.76348],[-73.85764,40.7631],[-73.85684,40.764],[-73.85696,40.76407],[-73.85667,40.76393],[-73.8568,40.76398],[-73.85758,40.76307],[-73.85669,40.76264],[-73.85659,40.76272],[-73.85678,40.76251],[-73.85671,40.76262],[-73.8576,40.76305],[-73.85818,40.7624],[-73.85661,40.76165],[-73.85663,40.76163],[-73.85819,40.76237],[-73.85859,40.76192],[-73.85712,40.76119],[-73.85627,40.7609],[-73.85538,40.76067],[-73.85521,40.76081],[-73.85533,40.76066],[-73.8553,40.76065],[-73.85478,40.75985],[-73.85383,40.75943],[-73.85344,40.75917],[-73.85292,40.75871],[-73.85266,40.7584],[-73.85247,40.75812],[-73.85219,40.75757],[-73.85217,40.75746],[-73.85198,40.75711],[-73.85187,40.75666],[-73.85186,40.75633],[-73.85213,40.75475],[-73.85216,40.75338],[-73.8519,40.75275],[-73.86112,40.75002],[-73.86751,40.74938],[-73.89445,40.74654],[-73.89616,40.74933],[-73.89673,40.75052],[-73.89742,40.75154],[-73.89726,40.75194],[-73.89729,40.7521],[-73.89736,40.75243],[-73.89747,40.75273],[-73.89807,40.75385],[-73.89809,40.75407],[-73.89792,40.75424],[-73.89824,40.75431],[-73.89837,40.75437],[-73.89856,40.7546],[-73.89867,40.75482],[-73.89912,40.75531],[-73.89926,40.75554],[-73.89977,40.75666],[-73.89985,40.75711],[-73.89985,40.75756],[-73.89972,40.75816],[-73.89957,40.75855],[-73.89736,40.76185],[-73.89641,40.76315],[-73.89608,40.76347],[-73.89542,40.76395],[-73.89507,40.76433],[-73.89499,40.76445],[-73.89496,40.76467],[-73.89461,40.76571],[-73.8945,40.76592],[-73.89432,40.76615],[-73.8935,40.76595],[-73.89144,40.76607],[-73.89184,40.76623],[-73.89029,40.76635],[-73.88882,40.7666],[-73.88771,40.76684],[-73.88603,40.76728],[-73.8844,40.76784],[-73.88318,40.76835],[-73.88166,40.7691],[-73.87961,40.77023],[-73.87855,40.77077],[-73.87781,40.77107],[-73.87705,40.77132],[-73.87602,40.77155],[-73.87518,40.77168],[-73.87381,40.77177],[-73.87328,40.77177],[-73.87224,40.7717],[-73.87143,40.77158],[-73.87071,40.77139],[-73.86963,40.77101],[-73.86889,40.77065],[-73.86728,40.76965],[-73.86607,40.7688],[-73.86509,40.76802],[-73.8634,40.76646],[-73.86275,40.76676]]]}},{"type":"Feature","properties":{"std_name":"Manhattan 7","std_geoid":"MN07","pen":"politicians","std_note":null},"geometry":{"type":"Polygon","coordinates":[[[-73.96108,40.8018],[-73.95848,40.80067],[-73.95817,40.80058],[-73.98168,40.76839],[-73.98186,40.76842],[-73.98204,40.76841],[-73.98209,40.76889],[-73.98431,40.76985],[-73.98476,40.76923],[-73.99333,40.77283],[-73.99394,40.77318],[-73.99386,40.77327],[-73.99377,40.77348],[-73.99341,40.7738],[-73.99336,40.77393],[-73.99262,40.77497],[-73.99258,40.77496],[-73.99247,40.77502],[-73.9924,40.77502],[-73.99227,40.77512],[-73.99206,40.7755],[-73.99233,40.77547],[-73.99239,40.77556],[-73.99093,40.77757],[-73.9904,40.77759],[-73.98887,40.77969],[-73.98887,40.77971],[-73.98922,40.7797],[-73.98941,40.77974],[-73.98975,40.77967],[-73.99004,40.77971],[-73.99034,40.77966],[-73.99062,40.77968],[-73.99096,40.77964],[-73.99124,40.77967],[-73.99136,40.77959],[-73.99155,40.77957],[-73.99142,40.77976],[-73.98889,40.77988],[-73.98894,40.77996],[-73.98892,40.78023],[-73.98823,40.78123],[-73.98821,40.78123],[-73.98804,40.78159],[-73.9881,40.7816],[-73.98808,40.78165],[-73.98802,40.78163],[-73.98792,40.78183],[-73.98547,40.78536],[-73.98617,40.78607],[-73.98646,40.78592],[-73.98707,40.78519],[-73.98712,40.78521],[-73.9865,40.78595],[-73.98616,40.78612],[-73.98613,40.78624],[-73.98603,40.78623],[-73.9861,40.78606],[-73.98543,40.78541],[-73.98508,40.78592],[-73.9852,40.78597],[-73.98517,40.78601],[-73.98522,40.78603],[-73.98525,40.78596],[-73.98528,40.78598],[-73.98524,40.78604],[-73.98568,40.78622],[-73.98572,40.78618],[-73.98577,40.7862],[-73.98568,40.78631],[-73.98564,40.78629],[-73.98567,40.78624],[-73.98516,40.78602],[-73.98513,40.78606],[-73.98502,40.78601],[-73.98466,40.78653],[-73.98574,40.78657],[-73.98589,40.78643],[-73.98595,40.78649],[-73.98581,40.78662],[-73.98462,40.78659],[-73.98054,40.79246],[-73.97929,40.79418],[-73.97629,40.79844],[-73.97578,40.79916],[-73.97576,40.79926],[-73.97554,40.79953],[-73.97467,40.80081],[-73.97414,40.80152],[-73.97377,40.80205],[-73.97372,40.80217],[-73.97354,40.80236],[-73.97321,40.80283],[-73.97205,40.80453],[-73.97182,40.80472],[-73.97161,40.8051],[-73.97111,40.80579],[-73.9667,40.80417],[-73.96108,40.8018]]]}},{"type":"Feature","properties":{"std_name":"Brooklyn S12","std_geoid":"BKS12","pen":"politicians","std_note":null},"geometry":{"type":"Polygon","coordinates":[[[-73.9714,40.64826],[-73.96891,40.63976],[-73.96763,40.63524],[-73.97241,40.63299],[-73.97256,40.63371],[-73.97762,40.63315],[-73.97651,40.62729],[-73.97258,40.62792],[-73.96591,40.62865],[-73.96238,40.60999],[-73.9674,40.60946],[-73.97299,40.60881],[-73.97399,40.61403],[-73.97412,40.61401],[-73.97423,40.61394],[-73.97427,40.61385],[-73.97489,40.61319],[-73.97497,40.61367],[-73.99473,40.62561],[-73.99586,40.626],[-73.99655,40.62634],[-74.00163,40.62935],[-74.00377,40.63071],[-74.00662,40.63238],[-74.00931,40.634],[-74.00989,40.63431],[-74.0105,40.63458],[-73.99702,40.64754],[-73.99605,40.64834],[-73.98906,40.64412],[-73.98835,40.64456],[-73.98181,40.64713],[-73.97527,40.64783],[-73.97327,40.64758],[-73.97304,40.64764],[-73.9723,40.64794],[-73.9714,40.64826]]]}},{"type":"Feature","properties":{"std_name":"Brooklyn S07","std_geoid":"BKS07","pen":"politicians","std_note":null},"geometry":{"type":"Polygon","coordinates":[[[-73.98017,40.66115],[-73.98023,40.66105],[-73.98021,40.66092],[-73.98012,40.66082],[-73.98,40.66076],[-73.97976,40.66074],[-73.97958,40.66085],[-73.97516,40.65872],[-73.97448,40.65834],[-73.97437,40.65819],[-73.97412,40.65769],[-73.97379,40.65639],[-73.9714,40.64826],[-73.9723,40.64794],[-73.97304,40.64764],[-73.97327,40.64758],[-73.97527,40.64783],[-73.98181,40.64713],[-73.98835,40.64456],[-73.98906,40.64412],[-73.99605,40.64834],[-73.99702,40.64754],[-74.0105,40.63458],[-74.01324,40.6354],[-74.01607,40.63614],[-74.01931,40.6371],[-74.01955,40.6372],[-74.01976,40.63722],[-74.0206,40.63777],[-74.02116,40.63828],[-74.02141,40.63858],[-74.02165,40.63909],[-74.02297,40.63993],[-74.02311,40.64],[-74.02332,40.6398],[-74.02347,40.63957],[-74.02355,40.63932],[-74.02572,40.64063],[-74.0261,40.64027],[-74.03231,40.64404],[-74.03227,40.64407],[-74.03198,40.64389],[-74.0319,40.64389],[-74.03052,40.64527],[-74.02908,40.6444],[-74.029,40.64447],[-74.02915,40.64458],[-74.02886,40.64487],[-74.02882,40.64484],[-74.02909,40.64458],[-74.0285,40.64418],[-74.02823,40.64444],[-74.02819,40.64441],[-74.02846,40.64416],[-74.02821,40.64402],[-74.02775,40.64451],[-74.02703,40.6452],[-74.02605,40.64626],[-74.02974,40.64849],[-74.02939,40.6488],[-74.02572,40.64662],[-74.02538,40.64691],[-74.02507,40.64673],[-74.02461,40.64715],[-74.0263,40.64817],[-74.02622,40.64825],[-74.02488,40.64741],[-74.02468,40.64761],[-74.02435,40.6474],[-74.02415,40.64762],[-74.02513,40.64832],[-74.02497,40.64861],[-74.02554,40.64978],[-74.02484,40.6506],[-74.02521,40.65082],[-74.02542,40.65062],[-74.02605,40.65099],[-74.02587,40.65116],[-74.02593,40.6512],[-74.02578,40.65133],[-74.02569,40.65132],[-74.02553,40.65148],[-74.02491,40.65111],[-74.0251,40.65089],[-74.02477,40.65069],[-74.02452,40.65094],[-74.02449,40.65092],[-74.02424,40.65113],[-74.0255,40.65184],[-74.02542,40.65193],[-74.02418,40.65119],[-74.02382,40.65135],[-74.02365,40.65126],[-74.02359,40.65132],[-74.02306,40.65097],[-74.02285,40.65117],[-74.02537,40.65272],[-74.02523,40.65283],[-74.02272,40.6513],[-74.02262,40.65131],[-74.02154,40.65067],[-74.02134,40.65085],[-74.02128,40.65082],[-74.02125,40.65083],[-74.02128,40.65089],[-74.02139,40.65097],[-74.02136,40.651],[-74.02124,40.65093],[-74.02119,40.65098],[-74.02113,40.65094],[-74.02105,40.6511],[-74.02234,40.65191],[-74.02225,40.65198],[-74.02098,40.65116],[-74.0209,40.65125],[-74.02381,40.65304],[-74.02359,40.65322],[-74.02353,40.6531],[-74.02333,40.65294],[-74.02294,40.65288],[-74.02285,40.65274],[-74.02196,40.65222],[-74.02187,40.65222],[-74.02162,40.65232],[-74.02123,40.6527],[-74.02119,40.65284],[-74.0232,40.6541],[-74.02306,40.65423],[-74.0221,40.65359],[-74.02188,40.65355],[-74.02163,40.65365],[-74.02128,40.65397],[-74.02124,40.65413],[-74.02115,40.65421],[-74.02182,40.65466],[-74.02164,40.65488],[-74.02089,40.65443],[-74.02064,40.65444],[-74.0206,40.65441],[-74.0206,40.65429],[-74.02047,40.65422],[-74.02024,40.65422],[-74.02002,40.65417],[-74.01962,40.65417],[-74.01942,40.654],[-74.01919,40.65402],[-74.01924,40.65394],[-74.01918,40.65389],[-74.01897,40.65387],[-74.01873,40.65347],[-74.01862,40.65349],[-74.01812,40.65389],[-74.02026,40.65512],[-74.02005,40.65534],[-74.01787,40.65406],[-74.01715,40.65478],[-74.01747,40.65493],[-74.01742,40.65499],[-74.0198,40.65649],[-74.01971,40.65658],[-74.01727,40.65519],[-74.01692,40.65548],[-74.01665,40.65534],[-74.01639,40.65562],[-74.01911,40.65737],[-74.01861,40.65785],[-74.01585,40.65621],[-74.01544,40.65663],[-74.01774,40.6581],[-74.01767,40.65819],[-74.01787,40.65831],[-74.01769,40.65845],[-74.01749,40.65834],[-74.01751,40.65827],[-74.01505,40.65695],[-74.01442,40.65761],[-74.01746,40.65945],[-74.01554,40.66076],[-74.014,40.65981],[-74.01366,40.66003],[-74.01184,40.65891],[-74.01142,40.65933],[-74.01111,40.65971],[-74.01402,40.66153],[-74.01316,40.66198],[-74.01265,40.66198],[-74.01023,40.66046],[-74.0086,40.65952],[-74.00746,40.66056],[-74.01037,40.6624],[-74.01046,40.66264],[-74.00955,40.66327],[-74.00868,40.66337],[-74.00616,40.66185],[-74.00569,40.66227],[-74.00428,40.66144],[-74.00415,40.66156],[-74.00512,40.66214],[-74.00514,40.66218],[-74.00562,40.66249],[-74.00578,40.66258],[-74.00586,40.66257],[-74.00623,40.66279],[-74.00592,40.66311],[-74.00423,40.66218],[-74.00381,40.66191],[-74.00349,40.66224],[-74.00455,40.66282],[-74.00461,40.66272],[-74.00454,40.66268],[-74.00473,40.6625],[-74.00536,40.66287],[-74.00516,40.66305],[-74.00506,40.66299],[-74.00497,40.66307],[-74.00519,40.6632],[-74.00524,40.66316],[-74.00525,40.66311],[-74.00519,40.66307],[-74.00538,40.66288],[-74.006,40.66326],[-74.0058,40.66344],[-74.0057,40.66338],[-74.00561,40.66346],[-74.00772,40.66472],[-74.00767,40.66479],[-74.00764,40.6648],[-74.00731,40.6646],[-74.00725,40.66469],[-74.00732,40.66473],[-74.00713,40.66492],[-74.00652,40.66455],[-74.00671,40.66436],[-74.0068,40.66442],[-74.00688,40.66434],[-74.00663,40.66419],[-74.00654,40.66426],[-74.00664,40.66432],[-74.00645,40.66451],[-74.00584,40.66414],[-74.00603,40.66396],[-74.00612,40.66401],[-74.0062,40.66393],[-74.00605,40.66384],[-74.00599,40.66389],[-74.00592,40.66385],[-74.0059,40.66388],[-74.00581,40.66387],[-74.00576,40.66392],[-74.00578,40.66399],[-74.00575,40.66401],[-74.00582,40.66405],[-74.00576,40.66411],[-74.00589,40.66419],[-74.00575,40.66433],[-74.00574,40.66438],[-74.00577,40.6644],[-74.00574,40.66442],[-74.00585,40.6645],[-74.00582,40.66453],[-74.00564,40.66453],[-74.00565,40.6639],[-74.0043,40.66309],[-74.00427,40.66312],[-74.00363,40.66273],[-74.0034,40.66299],[-74.00459,40.66374],[-74.00432,40.66405],[-74.00528,40.66466],[-74.00486,40.66506],[-74.00114,40.6629],[-74.00094,40.66308],[-74.00083,40.66301],[-74.00049,40.66331],[-74.00054,40.66333],[-74.00003,40.66382],[-74.0001,40.66386],[-73.99953,40.6644],[-74.00292,40.66646],[-74.00224,40.66679],[-74.00162,40.66677],[-74.00121,40.66702],[-74.00146,40.66717],[-74.00069,40.66755],[-73.99998,40.66745],[-73.99903,40.66844],[-73.99905,40.66885],[-73.99895,40.66897],[-73.99903,40.66901],[-73.99918,40.6683],[-73.99924,40.66831],[-73.99908,40.66904],[-73.99866,40.66951],[-73.99891,40.66965],[-73.99892,40.6698],[-73.99856,40.67134],[-73.99877,40.6716],[-73.99862,40.67183],[-73.99696,40.66923],[-73.99687,40.66925],[-73.99404,40.66785],[-73.98017,40.66115]]]}},{"type":"Feature","properties":{"std_name":"Manhattan 6","std_geoid":"MN06","pen":"politicians","std_note":null},"geometry":{"type":"Polygon","coordinates":[[[-73.96163,40.75515],[-73.96219,40.7545],[-73.96223,40.75452],[-73.9629,40.75377],[-73.96287,40.75374],[-73.96316,40.75341],[-73.96532,40.75105],[-73.96837,40.74743],[-73.96823,40.74737],[-73.96894,40.74652],[-73.969,40.7465],[-73.96988,40.74544],[-73.96997,40.7455],[-73.97034,40.74505],[-73.97033,40.74502],[-73.97051,40.74482],[-73.97079,40.74441],[-73.97094,40.74447],[-73.97111,40.7442],[-73.9707,40.74399],[-73.97076,40.74394],[-73.97117,40.74411],[-73.97136,40.74384],[-73.97121,40.74377],[-73.97128,40.74365],[-73.97124,40.74364],[-73.97119,40.74371],[-73.97109,40.74366],[-73.97127,40.74339],[-73.97135,40.74342],[-73.97131,40.74352],[-73.97136,40.74354],[-73.97189,40.74272],[-73.97174,40.74266],[-73.97196,40.74234],[-73.97229,40.74072],[-73.97218,40.74071],[-73.97216,40.74068],[-73.97224,40.74041],[-73.9722,40.7404],[-73.97222,40.74031],[-73.97227,40.74031],[-73.97225,40.74029],[-73.97231,40.74002],[-73.97244,40.74002],[-73.97266,40.73922],[-73.97261,40.73749],[-73.97258,40.73749],[-73.97257,40.73726],[-73.97259,40.73726],[-73.97261,40.73717],[-73.97259,40.73677],[-73.97249,40.7358],[-73.97287,40.73577],[-73.97441,40.73641],[-73.97446,40.73629],[-73.97403,40.73613],[-73.97405,40.7361],[-73.97447,40.73628],[-73.9745,40.73606],[-73.97414,40.73596],[-73.97415,40.73593],[-73.9745,40.73604],[-73.97451,40.7358],[-73.97449,40.73588],[-73.97445,40.73587],[-73.97446,40.73583],[-73.97425,40.73578],[-73.97447,40.7358],[-73.97447,40.73567],[-73.97415,40.73567],[-73.97342,40.73537],[-73.97344,40.73534],[-73.97306,40.73518],[-73.97281,40.73552],[-73.97293,40.73561],[-73.97276,40.73551],[-73.973,40.73519],[-73.97296,40.73517],[-73.97293,40.73521],[-73.97289,40.73518],[-73.97286,40.73521],[-73.97284,40.7352],[-73.97295,40.73507],[-73.97297,40.73508],[-73.97295,40.73511],[-73.973,40.73513],[-73.97297,40.73516],[-73.973,40.73517],[-73.97304,40.73513],[-73.9733,40.73524],[-73.97332,40.7352],[-73.97327,40.73512],[-73.9733,40.73504],[-73.97337,40.73499],[-73.97352,40.73498],[-73.97354,40.73494],[-73.97444,40.73532],[-73.97396,40.73342],[-73.97389,40.73331],[-73.97387,40.73331],[-73.97386,40.73322],[-73.97381,40.73325],[-73.97378,40.7332],[-73.97368,40.73321],[-73.97374,40.73314],[-73.97387,40.73309],[-73.97387,40.73307],[-73.97341,40.73128],[-73.97301,40.73082],[-73.97196,40.73],[-73.97163,40.72956],[-73.97148,40.72925],[-73.97142,40.729],[-73.97141,40.72872],[-73.97156,40.7277],[-73.97157,40.72765],[-73.97165,40.72764],[-73.97169,40.72741],[-73.97154,40.72739],[-73.97149,40.72735],[-73.97163,40.72663],[-73.97205,40.72688],[-73.97567,40.72846],[-73.97627,40.72869],[-73.98034,40.73044],[-73.98878,40.73397],[-73.98653,40.73705],[-73.98752,40.73746],[-73.9871,40.73805],[-73.98729,40.73813],[-73.98685,40.73871],[-73.9873,40.7389],[-73.98704,40.73927],[-73.98665,40.7391],[-73.98647,40.73936],[-73.98523,40.73884],[-73.97972,40.7464],[-73.98296,40.74776],[-73.98067,40.75091],[-73.98022,40.75152],[-73.97699,40.75016],[-73.96819,40.76223],[-73.95878,40.75827],[-73.95907,40.75794],[-73.95918,40.75786],[-73.95966,40.75726],[-73.95966,40.75721],[-73.96036,40.75627],[-73.96066,40.75592],[-73.96163,40.75515]]]}},{"type":"Feature","properties":{"std_name":"Brooklyn S06","std_geoid":"BKS06","pen":"politicians","std_note":null},"geometry":{"type":"Polygon","coordinates":[[[-74.00174,40.69241],[-74.0017,40.69238],[-74.00179,40.69218],[-74.00077,40.6919],[-74.00069,40.69191],[-74.00063,40.69203],[-73.99951,40.69165],[-73.99777,40.69119],[-73.99236,40.68969],[-73.99393,40.68645],[-73.98913,40.68459],[-73.98871,40.68522],[-73.98656,40.68439],[-73.987,40.68377],[-73.9848,40.68291],[-73.98437,40.68354],[-73.98242,40.68278],[-73.98285,40.68215],[-73.98046,40.68122],[-73.97876,40.68377],[-73.97667,40.68297],[-73.97657,40.68283],[-73.97621,40.68273],[-73.97396,40.68227],[-73.97439,40.68105],[-73.97398,40.68098],[-73.9741,40.68065],[-73.97514,40.68087],[-73.97105,40.67524],[-73.97125,40.67498],[-73.97141,40.6746],[-73.97148,40.6741],[-73.97144,40.6737],[-73.9713,40.67332],[-73.9712,40.67313],[-73.97088,40.67271],[-73.97041,40.67265],[-73.97085,40.67186],[-73.97182,40.67063],[-73.97965,40.66124],[-73.97993,40.66127],[-73.98017,40.66115],[-73.99404,40.66785],[-73.99687,40.66925],[-73.99696,40.66923],[-73.99862,40.67183],[-73.99893,40.67141],[-73.99931,40.67077],[-74.0003,40.66872],[-74.00106,40.66895],[-74.00142,40.66836],[-74.00222,40.66858],[-74.00289,40.66735],[-74.00319,40.66726],[-74.00369,40.66743],[-74.00363,40.66757],[-74.0051,40.66798],[-74.00547,40.66795],[-74.00553,40.6679],[-74.00586,40.66799],[-74.00597,40.66788],[-74.006,40.66789],[-74.00626,40.66734],[-74.00623,40.66734],[-74.00677,40.66619],[-74.00683,40.66621],[-74.00687,40.66613],[-74.00682,40.66607],[-74.00687,40.66602],[-74.00695,40.66604],[-74.00697,40.6661],[-74.00688,40.66613],[-74.00684,40.66621],[-74.0069,40.66622],[-74.00475,40.67072],[-74.00544,40.67092],[-74.00662,40.66862],[-74.0068,40.66859],[-74.00755,40.66705],[-74.0078,40.66716],[-74.00709,40.66859],[-74.00985,40.66852],[-74.01154,40.66509],[-74.01575,40.66457],[-74.0169,40.66485],[-74.01744,40.66527],[-74.01789,40.66585],[-74.01858,40.67039],[-74.01876,40.67108],[-74.01934,40.67162],[-74.01888,40.6716],[-74.01751,40.67103],[-74.01669,40.66544],[-74.01658,40.66504],[-74.01649,40.66493],[-74.01603,40.66486],[-74.01594,40.66547],[-74.01228,40.66573],[-74.01088,40.6686],[-74.01036,40.66864],[-74.01034,40.66908],[-74.01056,40.66919],[-74.01091,40.66919],[-74.01087,40.66971],[-74.01154,40.66978],[-74.01162,40.67011],[-74.01151,40.67041],[-74.01163,40.67058],[-74.01406,40.66971],[-74.01425,40.66973],[-74.01424,40.66981],[-74.01175,40.67066],[-74.01187,40.67082],[-74.01208,40.67093],[-74.0124,40.67094],[-74.01262,40.67084],[-74.01355,40.67126],[-74.01371,40.67118],[-74.01394,40.67118],[-74.01427,40.67138],[-74.01508,40.67069],[-74.0152,40.67075],[-74.01387,40.67188],[-74.01423,40.67213],[-74.0156,40.67097],[-74.01569,40.67104],[-74.01429,40.67224],[-74.01423,40.67221],[-74.01298,40.67333],[-74.01336,40.67359],[-74.01512,40.67216],[-74.01632,40.67291],[-74.01458,40.67441],[-74.01496,40.67468],[-74.01817,40.67194],[-74.0188,40.67225],[-74.01727,40.67361],[-74.01775,40.67405],[-74.01789,40.67397],[-74.01794,40.67388],[-74.01801,40.67391],[-74.01796,40.67399],[-74.01792,40.67398],[-74.0178,40.6741],[-74.01814,40.67436],[-74.01818,40.67446],[-74.01805,40.67477],[-74.01802,40.67501],[-74.01792,40.67508],[-74.01799,40.67513],[-74.01783,40.67526],[-74.01815,40.67547],[-74.0182,40.67544],[-74.0183,40.67546],[-74.01841,40.67537],[-74.01832,40.6753],[-74.01827,40.67535],[-74.01818,40.67529],[-74.01839,40.67511],[-74.01848,40.67516],[-74.01843,40.67521],[-74.01852,40.67527],[-74.01876,40.67506],[-74.01883,40.67505],[-74.01888,40.67509],[-74.01888,40.67512],[-74.01841,40.67552],[-74.01848,40.6756],[-74.01854,40.67577],[-74.0185,40.67584],[-74.01842,40.67588],[-74.01802,40.67589],[-74.01789,40.67616],[-74.01788,40.67637],[-74.01791,40.67651],[-74.01798,40.67652],[-74.01798,40.67657],[-74.01911,40.67655],[-74.01912,40.67662],[-74.01977,40.67661],[-74.01995,40.6771],[-74.01908,40.67714],[-74.01914,40.67772],[-74.01922,40.67778],[-74.01918,40.67783],[-74.01908,40.67783],[-74.01904,40.67788],[-74.01843,40.67791],[-74.01841,40.67841],[-74.0186,40.6784],[-74.01863,40.67837],[-74.01866,40.67839],[-74.01895,40.67838],[-74.01898,40.67835],[-74.01902,40.67838],[-74.01947,40.67836],[-74.01954,40.6783],[-74.01966,40.67839],[-74.01955,40.67848],[-74.01943,40.6784],[-74.01928,40.6784],[-74.01925,40.67843],[-74.01921,40.67841],[-74.01906,40.67842],[-74.01903,40.67844],[-74.01899,40.67842],[-74.01885,40.67842],[-74.01882,40.67845],[-74.01863,40.67843],[-74.0186,40.67846],[-74.01841,40.67844],[-74.01842,40.67855],[-74.01825,40.67855],[-74.01828,40.67873],[-74.01838,40.67874],[-74.01858,40.67898],[-74.01946,40.67893],[-74.01954,40.67897],[-74.01955,40.67903],[-74.01928,40.67965],[-74.01893,40.67984],[-74.01899,40.6799],[-74.01773,40.68066],[-74.01765,40.6806],[-74.01757,40.68065],[-74.01747,40.68061],[-74.0152,40.68198],[-74.01532,40.68211],[-74.01282,40.68362],[-74.01262,40.68347],[-74.01212,40.68296],[-74.01213,40.68291],[-74.01411,40.68171],[-74.01361,40.68122],[-74.01387,40.68101],[-74.01302,40.68041],[-74.00967,40.68327],[-74.01077,40.68436],[-74.01178,40.68376],[-74.01218,40.6841],[-74.00835,40.6864],[-74.00816,40.68617],[-74.00798,40.68628],[-74.00783,40.68624],[-74.00772,40.68626],[-74.00702,40.68653],[-74.00644,40.68629],[-74.00588,40.6862],[-74.00563,40.68678],[-74.00783,40.68739],[-74.00742,40.68821],[-74.005,40.68761],[-74.00459,40.68822],[-74.00678,40.68883],[-74.00636,40.68967],[-74.00382,40.68893],[-74.00341,40.68961],[-74.00576,40.69024],[-74.00534,40.69109],[-74.00196,40.69014],[-74.00185,40.69039],[-74.00096,40.69013],[-74.0007,40.69061],[-74.00479,40.69176],[-74.00441,40.69253],[-74.00197,40.69184],[-74.00174,40.69241]]]}},{"type":"Feature","properties":{"std_name":"QW 9","std_geoid":"QW09","pen":"politicians","std_note":null},"geometry":{"type":"Polygon","coordinates":[[[-73.8171,40.70403],[-73.81552,40.70061],[-73.81492,40.69942],[-73.81407,40.69789],[-73.81224,40.69483],[-73.81063,40.69195],[-73.81354,40.69121],[-73.84409,40.68253],[-73.84583,40.68211],[-73.84671,40.68186],[-73.84844,40.68129],[-73.85398,40.67968],[-73.86235,40.67916],[-73.86329,40.67908],[-73.8641,40.68237],[-73.86499,40.68213],[-73.86602,40.68192],[-73.86631,40.68325],[-73.8666,40.68527],[-73.86746,40.6884],[-73.86806,40.69118],[-73.86859,40.69388],[-73.86868,40.69403],[-73.86842,40.69472],[-73.86456,40.69552],[-73.85744,40.69691],[-73.85657,40.69706],[-73.85277,40.69756],[-73.85263,40.69765],[-73.85261,40.69781],[-73.85262,40.69811],[-73.85271,40.69841],[-73.85329,40.69929],[-73.85378,40.69991],[-73.85443,40.7006],[-73.8541,40.70051],[-73.85071,40.7002],[-73.84914,40.69828],[-73.84502,40.69936],[-73.84276,40.70066],[-73.84237,40.70083],[-73.84156,40.7011],[-73.83948,40.70269],[-73.83856,40.7033],[-73.83696,40.70421],[-73.83733,40.70485],[-73.83807,40.70596],[-73.83814,40.70627],[-73.83808,40.70658],[-73.83715,40.70796],[-73.83828,40.70841],[-73.83743,40.70962],[-73.83694,40.70942],[-73.83631,40.70884],[-73.83405,40.71003],[-73.8359,40.71164],[-73.83357,40.71292],[-73.83327,40.71304],[-73.8315,40.71399],[-73.8299,40.71442],[-73.82721,40.71507],[-73.8256,40.71551],[-73.82472,40.71451],[-73.82429,40.71387],[-73.82385,40.71293],[-73.82364,40.71267],[-73.8232,40.71221],[-73.82289,40.71193],[-73.82176,40.71104],[-73.82082,40.71017],[-73.82045,40.70977],[-73.81955,40.70843],[-73.81829,40.7063],[-73.8171,40.70403]]]}},{"type":"Feature","properties":{"std_name":"QW 5","std_geoid":"QW05","pen":"politicians","std_note":null},"geometry":{"type":"Polygon","coordinates":[[[-73.8877,40.73429],[-73.88629,40.7306],[-73.8857,40.72873],[-73.88559,40.72827],[-73.88501,40.72837],[-73.88131,40.72868],[-73.88009,40.72891],[-73.87969,40.72901],[-73.87628,40.73031],[-73.87509,40.73067],[-73.87146,40.72933],[-73.87085,40.72748],[-73.86971,40.72515],[-73.86929,40.72444],[-73.86877,40.72382],[-73.86731,40.72229],[-73.86548,40.72028],[-73.86524,40.71998],[-73.86302,40.71771],[-73.86004,40.71493],[-73.85993,40.71476],[-73.85975,40.71439],[-73.85964,40.71398],[-73.85964,40.71349],[-73.85978,40.71163],[-73.85978,40.71123],[-73.85964,40.71042],[-73.85924,40.70727],[-73.85914,40.70687],[-73.85901,40.70655],[-73.85883,40.70624],[-73.8586,40.70595],[-73.85823,40.70559],[-73.85592,40.704],[-73.8556,40.70373],[-73.85544,40.70349],[-73.85539,40.70335],[-73.85543,40.70332],[-73.85535,40.70301],[-73.85529,40.7026],[-73.8553,40.70199],[-73.85723,40.70165],[-73.85728,40.70121],[-73.85827,40.70122],[-73.85893,40.70132],[-73.8582,40.70291],[-73.85889,40.70262],[-73.85922,40.70253],[-73.85978,40.70245],[-73.86013,40.70242],[-73.86094,40.70248],[-73.86241,40.70275],[-73.86279,40.70279],[-73.86357,40.70282],[-73.86449,40.7028],[-73.86524,40.7027],[-73.86594,40.70254],[-73.86662,40.70232],[-73.86686,40.70221],[-73.8673,40.70196],[-73.8677,40.70166],[-73.86802,40.70132],[-73.86819,40.70109],[-73.86833,40.70082],[-73.86887,40.69902],[-73.86915,40.69858],[-73.86948,40.69826],[-73.8699,40.69798],[-73.87057,40.69769],[-73.86892,40.69515],[-73.87402,40.69419],[-73.87951,40.69115],[-73.88378,40.68786],[-73.88452,40.68668],[-73.88808,40.68529],[-73.88909,40.68464],[-73.88963,40.68424],[-73.89015,40.685],[-73.89166,40.68404],[-73.89252,40.68342],[-73.89417,40.68528],[-73.89531,40.68408],[-73.89578,40.6835],[-73.89629,40.68276],[-73.89647,40.68234],[-73.90116,40.68788],[-73.90042,40.68818],[-73.90189,40.69108],[-73.9014,40.69159],[-73.90279,40.69242],[-73.9058,40.69413],[-73.90491,40.69507],[-73.9048,40.69515],[-73.90426,40.6957],[-73.91103,40.69953],[-73.91181,40.69994],[-73.91068,40.70105],[-73.9129,40.70236],[-73.91181,40.70343],[-73.92189,40.7094],[-73.92075,40.71053],[-73.92122,40.71079],[-73.92155,40.71104],[-73.92223,40.71286],[-73.92314,40.71339],[-73.92404,40.71401],[-73.92406,40.71411],[-73.92368,40.71408],[-73.92405,40.71487],[-73.92412,40.71514],[-73.92382,40.71544],[-73.92353,40.71562],[-73.92279,40.7158],[-73.92233,40.71608],[-73.92064,40.71577],[-73.92057,40.716],[-73.9206,40.71604],[-73.92224,40.71638],[-73.92248,40.71695],[-73.92279,40.71753],[-73.92347,40.71813],[-73.92344,40.71816],[-73.92355,40.71832],[-73.92365,40.71861],[-73.92394,40.71904],[-73.92397,40.71924],[-73.92397,40.71971],[-73.92395,40.71984],[-73.92384,40.71991],[-73.92388,40.71998],[-73.92384,40.72015],[-73.92408,40.72069],[-73.92423,40.72089],[-73.92417,40.72117],[-73.92424,40.72143],[-73.92452,40.72166],[-73.92457,40.72177],[-73.92465,40.72184],[-73.92491,40.72196],[-73.92514,40.72227],[-73.92515,40.72234],[-73.92474,40.72308],[-73.92453,40.72354],[-73.92434,40.7236],[-73.923,40.72367],[-73.92243,40.72361],[-73.9223,40.72362],[-73.92225,40.72368],[-73.92214,40.72371],[-73.92164,40.72358],[-73.92125,40.72341],[-73.92073,40.72331],[-73.92058,40.72352],[-73.92043,40.72355],[-73.92037,40.72368],[-73.92028,40.72366],[-73.92053,40.72294],[-73.92007,40.72274],[-73.91655,40.72201],[-73.91623,40.72219],[-73.91385,40.7229],[-73.91257,40.72324],[-73.90717,40.72739],[-73.90518,40.72896],[-73.90061,40.73448],[-73.90026,40.73474],[-73.89963,40.735],[-73.89902,40.73515],[-73.89831,40.73519],[-73.89691,40.73509],[-73.89651,40.7351],[-73.89603,40.73502],[-73.8951,40.73502],[-73.89458,40.73495],[-73.89347,40.7346],[-73.89278,40.7345],[-73.89233,40.73447],[-73.89175,40.73448],[-73.8891,40.73459],[-73.88852,40.73453],[-73.8877,40.73429]]]}},{"type":"Feature","properties":{"std_name":"Brooklyn N08","std_geoid":"BKN08","pen":"politicians","std_note":null},"geometry":{"type":"Polygon","coordinates":[[[-73.96753,40.68177],[-73.95299,40.67872],[-73.95206,40.67859],[-73.94824,40.6784],[-73.92182,40.67694],[-73.92275,40.6671],[-73.92872,40.6645],[-73.92835,40.66865],[-73.95527,40.67012],[-73.95797,40.67066],[-73.96132,40.67141],[-73.96258,40.67164],[-73.96275,40.67179],[-73.96373,40.672],[-73.96569,40.67259],[-73.96674,40.67284],[-73.96775,40.67302],[-73.96836,40.67307],[-73.96866,40.67307],[-73.96877,40.67294],[-73.96894,40.67289],[-73.96888,40.67298],[-73.96877,40.67333],[-73.96872,40.67393],[-73.96884,40.67441],[-73.96908,40.67484],[-73.96928,40.67508],[-73.96955,40.67528],[-73.96981,40.67542],[-73.97009,40.6755],[-73.97056,40.67549],[-73.97084,40.67539],[-73.97105,40.67524],[-73.97514,40.68087],[-73.9741,40.68065],[-73.97398,40.68098],[-73.97439,40.68105],[-73.97396,40.68227],[-73.96768,40.68096],[-73.96748,40.68159],[-73.96753,40.68177]]]}},{"type":"Feature","properties":{"std_name":"Brooklyn N04","std_geoid":"BKN04","pen":"politicians","std_note":null},"geometry":{"type":"Polygon","coordinates":[[[-73.89647,40.68234],[-73.89658,40.68157],[-73.89675,40.68149],[-73.89687,40.68088],[-73.89696,40.6807],[-73.8971,40.68048],[-73.89738,40.68017],[-73.89749,40.68007],[-73.89786,40.67988],[-73.89827,40.67973],[-73.8989,40.67956],[-73.8997,40.67954],[-73.89975,40.67951],[-73.90025,40.67942],[-73.90262,40.68066],[-73.90405,40.67922],[-73.91077,40.68309],[-73.92207,40.68949],[-73.9297,40.69386],[-73.93522,40.69699],[-73.94193,40.70073],[-73.93837,40.70154],[-73.93395,40.70267],[-73.92658,40.70556],[-73.92609,40.70568],[-73.92189,40.7094],[-73.91181,40.70343],[-73.9129,40.70236],[-73.91068,40.70105],[-73.91181,40.69994],[-73.91103,40.69953],[-73.90426,40.6957],[-73.9048,40.69515],[-73.90491,40.69507],[-73.9058,40.69413],[-73.90279,40.69242],[-73.9014,40.69159],[-73.90189,40.69108],[-73.90042,40.68818],[-73.90116,40.68788],[-73.89647,40.68234]]]}},{"type":"Feature","properties":{"std_name":"Manhattan 4","std_geoid":"MN04","pen":"politicians","std_note":null},"geometry":{"type":"Polygon","coordinates":[[[-73.99394,40.77318],[-73.99333,40.77283],[-73.98476,40.76923],[-73.98431,40.76985],[-73.98209,40.76889],[-73.98204,40.76841],[-73.98179,40.76841],[-73.98163,40.76837],[-73.98148,40.76824],[-73.98143,40.76808],[-73.98151,40.76789],[-73.98171,40.76775],[-73.9819,40.76771],[-73.98211,40.76774],[-73.9971,40.74721],[-73.99142,40.7448],[-73.99684,40.73736],[-74.0087,40.74236],[-74.00917,40.74242],[-74.00909,40.74289],[-74.00962,40.74295],[-74.00957,40.74326],[-74.01212,40.74352],[-74.01215,40.74356],[-74.01209,40.7439],[-74.01202,40.74394],[-74.00951,40.74368],[-74.00944,40.74397],[-74.0089,40.74392],[-74.00873,40.74488],[-74.00961,40.745],[-74.00956,40.74529],[-74.00992,40.74533],[-74.01,40.74496],[-74.00987,40.74492],[-74.01017,40.74494],[-74.01016,40.74496],[-74.01004,40.74496],[-74.00997,40.74532],[-74.01047,40.74539],[-74.01055,40.74501],[-74.01042,40.74498],[-74.01076,40.74501],[-74.01059,40.74502],[-74.01053,40.74538],[-74.0111,40.74545],[-74.01117,40.74508],[-74.01104,40.74505],[-74.01139,40.74507],[-74.01123,40.74508],[-74.01115,40.74545],[-74.01174,40.74552],[-74.0118,40.74515],[-74.01167,40.74511],[-74.01184,40.74513],[-74.01178,40.7456],[-74.01172,40.74594],[-74.01168,40.74598],[-74.01056,40.74587],[-74.01055,40.7459],[-74.00946,40.74575],[-74.00936,40.74634],[-74.01153,40.74657],[-74.01159,40.7466],[-74.01153,40.74697],[-74.01148,40.74699],[-74.00924,40.74676],[-74.00914,40.74736],[-74.00956,40.7474],[-74.00955,40.74734],[-74.00996,40.74738],[-74.00996,40.74741],[-74.00991,40.74741],[-74.0099,40.74744],[-74.01136,40.74759],[-74.01141,40.74763],[-74.01135,40.74798],[-74.0113,40.74801],[-74.00906,40.74779],[-74.00895,40.74841],[-74.00907,40.7484],[-74.00942,40.74843],[-74.00952,40.74845],[-74.00952,40.74847],[-74.01117,40.74865],[-74.01122,40.74868],[-74.01115,40.74903],[-74.01111,40.74905],[-74.00995,40.74893],[-74.00956,40.74994],[-74.00973,40.74996],[-74.01075,40.75029],[-74.01081,40.75032],[-74.01076,40.75041],[-74.00954,40.75],[-74.00952,40.75011],[-74.00925,40.74999],[-74.00871,40.75143],[-74.00873,40.75147],[-74.00853,40.75188],[-74.00914,40.7521],[-74.00913,40.75212],[-74.00865,40.75194],[-74.00911,40.75214],[-74.00906,40.75221],[-74.00893,40.75214],[-74.00891,40.75216],[-74.00859,40.75203],[-74.00858,40.75204],[-74.00934,40.75236],[-74.00933,40.75237],[-74.00848,40.75202],[-74.00843,40.75216],[-74.00882,40.75232],[-74.0088,40.75234],[-74.00885,40.75234],[-74.00987,40.75276],[-74.00985,40.75279],[-74.00989,40.7528],[-74.00991,40.75278],[-74.00999,40.75282],[-74.00992,40.75291],[-74.00997,40.75293],[-74.00992,40.753],[-74.00979,40.75295],[-74.00989,40.75281],[-74.00879,40.75235],[-74.00869,40.75249],[-74.00835,40.75235],[-74.00762,40.75428],[-74.00774,40.75434],[-74.0076,40.75453],[-74.00747,40.75448],[-74.00728,40.75474],[-74.00741,40.75479],[-74.00727,40.75499],[-74.00714,40.75493],[-74.00542,40.75732],[-74.00521,40.75723],[-74.0048,40.75781],[-74.00528,40.75803],[-74.00503,40.75836],[-74.00696,40.75916],[-74.007,40.75923],[-74.00651,40.75989],[-74.00632,40.75984],[-74.0045,40.75908],[-74.00421,40.7595],[-74.00391,40.75938],[-74.00381,40.75951],[-74.00425,40.7597],[-74.00415,40.75984],[-74.00432,40.75991],[-74.00427,40.75996],[-74.00413,40.75986],[-74.00411,40.75989],[-74.00367,40.75971],[-74.00357,40.75985],[-74.00393,40.76],[-74.00313,40.76108],[-74.00279,40.76093],[-74.00234,40.76154],[-74.00455,40.76249],[-74.00456,40.76252],[-74.00445,40.76266],[-74.0044,40.76267],[-74.0022,40.76173],[-74.00153,40.76264],[-74.00376,40.76358],[-74.00361,40.76378],[-74.00139,40.76285],[-74.00097,40.76342],[-74.00315,40.76433],[-74.00295,40.76462],[-74.00306,40.76467],[-74.00316,40.76461],[-74.00322,40.76464],[-74.00315,40.76474],[-74.00309,40.76474],[-73.99993,40.76341],[-73.99962,40.76356],[-73.99915,40.76421],[-74.00227,40.76553],[-74.00229,40.76556],[-74.00202,40.76589],[-73.99888,40.76457],[-73.99858,40.765],[-73.9986,40.76507],[-73.99869,40.76514],[-73.99869,40.76521],[-73.99863,40.76526],[-73.99844,40.76532],[-73.99827,40.76555],[-74.00157,40.76698],[-74.00139,40.76723],[-74.00131,40.76725],[-73.99807,40.76587],[-73.99738,40.76682],[-74.00063,40.7682],[-74.00065,40.76825],[-74.00045,40.7685],[-74.00039,40.7685],[-73.99716,40.76713],[-73.99646,40.7681],[-73.99973,40.76947],[-73.99974,40.76951],[-73.99956,40.76975],[-73.99947,40.76976],[-73.99707,40.76873],[-73.99703,40.7688],[-73.99715,40.76885],[-73.99701,40.76903],[-73.99689,40.76898],[-73.99657,40.76942],[-73.99903,40.77046],[-73.99876,40.77083],[-73.99631,40.7698],[-73.99588,40.7704],[-73.99602,40.77045],[-73.9959,40.77061],[-73.99577,40.77055],[-73.99542,40.77103],[-73.99576,40.77116],[-73.99571,40.77123],[-73.9958,40.77128],[-73.99582,40.77126],[-73.996,40.77131],[-73.9959,40.77145],[-73.99585,40.7715],[-73.99579,40.77148],[-73.99583,40.77142],[-73.99573,40.77138],[-73.99575,40.77135],[-73.99562,40.77134],[-73.99531,40.7712],[-73.99512,40.77145],[-73.99496,40.77145],[-73.99493,40.77152],[-73.99501,40.77161],[-73.99498,40.77166],[-73.99711,40.77255],[-73.99691,40.77283],[-73.99477,40.77193],[-73.99445,40.77238],[-73.99546,40.7728],[-73.99554,40.77267],[-73.99645,40.77306],[-73.99636,40.77318],[-73.99623,40.77313],[-73.99614,40.77325],[-73.99656,40.77341],[-73.99669,40.7735],[-73.99434,40.77252],[-73.99425,40.77253],[-73.99416,40.77249],[-73.99383,40.77293],[-73.99396,40.77294],[-73.99401,40.77288],[-73.99412,40.77292],[-73.99414,40.7729],[-73.9943,40.77297],[-73.99428,40.77299],[-73.99438,40.77304],[-73.99429,40.77316],[-73.99502,40.77348],[-73.99509,40.77339],[-73.99501,40.77336],[-73.99505,40.7733],[-73.99624,40.77379],[-73.9962,40.77385],[-73.99611,40.77382],[-73.99606,40.77389],[-73.99613,40.77391],[-73.9961,40.77395],[-73.99618,40.77399],[-73.9961,40.77409],[-73.99394,40.77318]]]}},{"type":"Feature","properties":{"std_name":"Brooklyn N17","std_geoid":"BKN17","pen":"politicians","std_note":null},"geometry":{"type":"Polygon","coordinates":[[[-73.90755,40.65119],[-73.91593,40.64577],[-73.92155,40.64134],[-73.92333,40.6399],[-73.92465,40.63898],[-73.92559,40.63842],[-73.93521,40.63341],[-73.93704,40.63251],[-73.93801,40.63209],[-73.93955,40.63163],[-73.94103,40.63131],[-73.94167,40.63121],[-73.94357,40.63099],[-73.94455,40.63107],[-73.94551,40.63079],[-73.94587,40.63412],[-73.94777,40.634],[-73.94826,40.63861],[-73.95116,40.63845],[-73.9536,40.63842],[-73.95375,40.63859],[-73.95394,40.63849],[-73.95413,40.63916],[-73.95473,40.64477],[-73.95565,40.64663],[-73.95574,40.64787],[-73.95583,40.65053],[-73.9563,40.65505],[-73.93764,40.65617],[-73.9309,40.65661],[-73.9316,40.66323],[-73.92439,40.66638],[-73.9241,40.66604],[-73.91314,40.65622],[-73.91106,40.65432],[-73.91093,40.65417],[-73.91067,40.65401],[-73.90755,40.65119]]]}},{"type":"Feature","properties":{"std_name":"QW 1","std_geoid":"QW01","pen":"politicians","std_note":null},"geometry":{"type":"MultiPolygon","coordinates":[[[[-73.90647,40.79018],[-73.90251,40.78947],[-73.9024,40.78955],[-73.90206,40.78949],[-73.90203,40.78941],[-73.9017,40.78932],[-73.90077,40.78914],[-73.90033,40.78901],[-73.90011,40.78885],[-73.89962,40.7884],[-73.89783,40.78718],[-73.89726,40.78675],[-73.89694,40.78662],[-73.89651,40.78607],[-73.89638,40.78613],[-73.8964,40.78616],[-73.89635,40.78618],[-73.8963,40.78612],[-73.89635,40.7861],[-73.89637,40.78612],[-73.8965,40.78606],[-73.89638,40.78591],[-73.89622,40.78602],[-73.89604,40.7858],[-73.89624,40.78574],[-73.89614,40.78561],[-73.89601,40.78567],[-73.89603,40.78569],[-73.89598,40.78571],[-73.89593,40.78565],[-73.89598,40.78563],[-73.896,40.78566],[-73.89613,40.78559],[-73.89583,40.78522],[-73.89683,40.78443],[-73.89676,40.7844],[-73.89672,40.78435],[-73.89679,40.78432],[-73.89686,40.7844],[-73.89708,40.78425],[-73.89697,40.78416],[-73.89875,40.78278],[-73.90115,40.78271],[-73.90172,40.78213],[-73.90192,40.78205],[-73.90218,40.78178],[-73.90251,40.78111],[-73.90258,40.78081],[-73.90268,40.78059],[-73.90268,40.78035],[-73.90258,40.78029],[-73.90234,40.78019],[-73.90218,40.78036],[-73.90215,40.78078],[-73.90204,40.7812],[-73.90129,40.78186],[-73.90122,40.78182],[-73.90073,40.78198],[-73.90035,40.78207],[-73.90035,40.78216],[-73.89948,40.78217],[-73.89865,40.782],[-73.89719,40.78281],[-73.89711,40.78272],[-73.89468,40.78409],[-73.89455,40.78408],[-73.89444,40.78413],[-73.89445,40.7842],[-73.89438,40.78424],[-73.89427,40.78421],[-73.89429,40.78412],[-73.89437,40.7841],[-73.89443,40.78412],[-73.89454,40.78407],[-73.89453,40.78402],[-73.89456,40.78397],[-73.89606,40.78316],[-73.896,40.78309],[-73.89594,40.78308],[-73.89592,40.78303],[-73.89584,40.78301],[-73.89579,40.78295],[-73.89573,40.78293],[-73.89571,40.78289],[-73.89562,40.78286],[-73.89558,40.78279],[-73.89543,40.78272],[-73.89477,40.78225],[-73.89542,40.78172],[-73.89536,40.78166],[-73.89462,40.78227],[-73.8946,40.78225],[-73.89524,40.78173],[-73.89521,40.78172],[-73.89524,40.78169],[-73.89527,40.78171],[-73.89535,40.78165],[-73.89533,40.78163],[-73.89534,40.78159],[-73.89528,40.78154],[-73.89519,40.78162],[-73.89514,40.78172],[-73.89501,40.78179],[-73.89498,40.78185],[-73.89489,40.78189],[-73.89442,40.7823],[-73.89434,40.78233],[-73.89425,40.78243],[-73.89416,40.78247],[-73.89382,40.78238],[-73.89375,40.78231],[-73.89342,40.7821],[-73.89333,40.782],[-73.89324,40.78198],[-73.89319,40.78192],[-73.89306,40.78185],[-73.89231,40.78247],[-73.8923,40.78253],[-73.89281,40.78291],[-73.89275,40.78297],[-73.89165,40.78219],[-73.89172,40.78214],[-73.89214,40.78243],[-73.89224,40.78241],[-73.89301,40.7818],[-73.89228,40.7813],[-73.89211,40.7814],[-73.89208,40.78137],[-73.89225,40.78125],[-73.89222,40.78121],[-73.89214,40.78119],[-73.89203,40.78108],[-73.89193,40.78104],[-73.8919,40.78098],[-73.89192,40.78093],[-73.89187,40.78089],[-73.89176,40.78091],[-73.89167,40.78085],[-73.89165,40.78072],[-73.89159,40.78065],[-73.89159,40.78058],[-73.89167,40.78052],[-73.89177,40.78038],[-73.89185,40.78035],[-73.89194,40.78024],[-73.89202,40.78021],[-73.89213,40.78008],[-73.89227,40.78001],[-73.8923,40.77994],[-73.89239,40.77991],[-73.89247,40.7798],[-73.89253,40.77977],[-73.8925,40.7797],[-73.89254,40.77955],[-73.89248,40.77951],[-73.89236,40.77955],[-73.8921,40.77953],[-73.89182,40.77959],[-73.89167,40.77949],[-73.89151,40.7791],[-73.8913,40.77892],[-73.8912,40.77856],[-73.89252,40.7774],[-73.8925,40.77736],[-73.89225,40.7772],[-73.89286,40.77716],[-73.89423,40.77815],[-73.89656,40.77625],[-73.89356,40.77412],[-73.89324,40.77394],[-73.89289,40.77381],[-73.88942,40.77305],[-73.88904,40.77092],[-73.88873,40.76892],[-73.88842,40.76881],[-73.88822,40.76859],[-73.88771,40.76684],[-73.88882,40.7666],[-73.89029,40.76635],[-73.89184,40.76623],[-73.89144,40.76607],[-73.8935,40.76595],[-73.89432,40.76615],[-73.8945,40.76592],[-73.89461,40.76571],[-73.89496,40.76467],[-73.89499,40.76445],[-73.89507,40.76433],[-73.89542,40.76395],[-73.89608,40.76347],[-73.89641,40.76315],[-73.89736,40.76185],[-73.89941,40.75881],[-73.89968,40.7583],[-73.89979,40.7579],[-73.89986,40.75734],[-73.89982,40.75689],[-73.89973,40.75654],[-73.89956,40.75624],[-73.89926,40.75554],[-73.89912,40.75531],[-73.89867,40.75482],[-73.89856,40.7546],[-73.89837,40.75437],[-73.89824,40.75431],[-73.89792,40.75424],[-73.90691,40.75328],[-73.91023,40.75298],[-73.91067,40.753],[-73.91035,40.75275],[-73.90984,40.75164],[-73.91314,40.75097],[-73.91526,40.75085],[-73.92054,40.74975],[-73.92071,40.75047],[-73.92101,40.75097],[-73.92161,40.75137],[-73.92255,40.75158],[-73.92463,40.75164],[-73.93152,40.75115],[-73.93394,40.75027],[-73.93539,40.74941],[-73.93683,40.74839],[-73.9374,40.74892],[-73.93738,40.74947],[-73.9373,40.74952],[-73.93733,40.74963],[-73.93744,40.74974],[-73.94384,40.75253],[-73.94878,40.75489],[-73.94911,40.75452],[-73.95081,40.75526],[-73.94596,40.76129],[-73.94581,40.76145],[-73.94571,40.76149],[-73.94471,40.76288],[-73.9435,40.7645],[-73.94131,40.76692],[-73.94046,40.76753],[-73.94035,40.76765],[-73.93984,40.76799],[-73.93953,40.76806],[-73.93937,40.76816],[-73.93896,40.76796],[-73.9382,40.76873],[-73.93758,40.76892],[-73.93681,40.7689],[-73.93669,40.76913],[-73.93671,40.76925],[-73.9364,40.76947],[-73.93617,40.76952],[-73.93574,40.76937],[-73.93524,40.76968],[-73.9349,40.77004],[-73.93469,40.77043],[-73.93515,40.77054],[-73.93501,40.77116],[-73.93494,40.77116],[-73.9349,40.77127],[-73.93453,40.77118],[-73.93449,40.77131],[-73.93486,40.77138],[-73.93487,40.77135],[-73.93495,40.77137],[-73.93493,40.77144],[-73.93484,40.77142],[-73.93484,40.7714],[-73.93448,40.77132],[-73.93444,40.77146],[-73.93483,40.77158],[-73.93481,40.77173],[-73.93747,40.77253],[-73.93781,40.77356],[-73.93786,40.77409],[-73.93765,40.77509],[-73.93705,40.77587],[-73.93638,40.77692],[-73.93609,40.77718],[-73.93585,40.77721],[-73.93508,40.77794],[-73.93474,40.77808],[-73.93391,40.77812],[-73.93277,40.77792],[-73.93272,40.77803],[-73.93179,40.77787],[-73.93105,40.77744],[-73.93107,40.77726],[-73.93063,40.77659],[-73.92988,40.77622],[-73.92861,40.77659],[-73.92828,40.7769],[-73.92632,40.77824],[-73.92565,40.77843],[-73.92482,40.77876],[-73.92423,40.7791],[-73.92319,40.78025],[-73.92296,40.78044],[-73.92263,40.78056],[-73.9221,40.78085],[-73.91909,40.78337],[-73.91819,40.78393],[-73.91774,40.78408],[-73.91725,40.78414],[-73.91717,40.78419],[-73.91718,40.78455],[-73.91683,40.78519],[-73.91575,40.78611],[-73.91542,40.78606],[-73.91526,40.78619],[-73.91559,40.78643],[-73.91424,40.78786],[-73.9126,40.78938],[-73.91223,40.78918],[-73.91207,40.78934],[-73.91195,40.7894],[-73.91208,40.78952],[-73.91177,40.78972],[-73.91162,40.78959],[-73.91125,40.78974],[-73.91113,40.79011],[-73.90986,40.79095],[-73.90678,40.79038],[-73.90647,40.79018]]],[[[-73.88885,40.79871],[-73.8886,40.79865],[-73.88859,40.79871],[-73.88821,40.79867],[-73.88825,40.79858],[-73.88839,40.79857],[-73.88823,40.79824],[-73.88794,40.79834],[-73.88756,40.79837],[-73.88713,40.79828],[-73.88665,40.79804],[-73.88531,40.79706],[-73.8847,40.7965],[-73.88423,40.79614],[-73.88395,40.79582],[-73.88376,40.79571],[-73.88362,40.79567],[-73.88373,40.79588],[-73.88372,40.79594],[-73.88366,40.79597],[-73.8832,40.79554],[-73.88283,40.79546],[-73.88241,40.79525],[-73.8821,40.79516],[-73.88166,40.79507],[-73.88129,40.79505],[-73.88061,40.79495],[-73.8798,40.79489],[-73.87908,40.79473],[-73.87837,40.79452],[-73.87789,40.79432],[-73.8769,40.79378],[-73.87627,40.79337],[-73.87583,40.79315],[-73.87555,40.79292],[-73.87539,40.79271],[-73.87507,40.79242],[-73.87449,40.79206],[-73.87415,40.79188],[-73.87389,40.79185],[-73.87362,40.79177],[-73.87288,40.79145],[-73.87222,40.79104],[-73.87175,40.79066],[-73.87134,40.79022],[-73.87121,40.79004],[-73.87102,40.78939],[-73.87101,40.78919],[-73.87095,40.78895],[-73.87098,40.78888],[-73.87095,40.78861],[-73.87079,40.78803],[-73.87081,40.7879],[-73.87137,40.78727],[-73.87163,40.7868],[-73.87211,40.78647],[-73.87227,40.78642],[-73.87279,40.78608],[-73.87287,40.78598],[-73.87277,40.78594],[-73.87281,40.7859],[-73.87288,40.78596],[-73.87309,40.78585],[-73.87351,40.78575],[-73.87532,40.78588],[-73.87653,40.78584],[-73.87737,40.78569],[-73.87794,40.78551],[-73.87831,40.78536],[-73.88537,40.78667],[-73.88577,40.78668],[-73.88596,40.78675],[-73.88613,40.78671],[-73.88692,40.78673],[-73.88715,40.78683],[-73.88728,40.78681],[-73.8877,40.78687],[-73.88831,40.78701],[-73.88857,40.78716],[-73.88905,40.78737],[-73.8894,40.78779],[-73.88961,40.7882],[-73.8898,40.78865],[-73.88988,40.78901],[-73.89013,40.78964],[-73.8903,40.78988],[-73.89057,40.79011],[-73.8908,40.79021],[-73.89092,40.79023],[-73.89116,40.79017],[-73.8914,40.79019],[-73.89161,40.79016],[-73.89177,40.79022],[-73.89197,40.79024],[-73.89218,40.79039],[-73.89282,40.79282],[-73.89262,40.79384],[-73.89179,40.79678],[-73.89139,40.79714],[-73.89127,40.7973],[-73.89073,40.79766],[-73.89081,40.79779],[-73.89087,40.79783],[-73.8908,40.79786],[-73.89071,40.7977],[-73.89062,40.79775],[-73.89083,40.79801],[-73.8908,40.79802],[-73.89061,40.79777],[-73.89017,40.79796],[-73.89012,40.79789],[-73.89005,40.7979],[-73.88921,40.7978],[-73.88886,40.79787],[-73.88835,40.79814],[-73.88831,40.79818],[-73.88851,40.79824],[-73.88846,40.79829],[-73.88856,40.79835],[-73.88851,40.79844],[-73.88839,40.79838],[-73.88851,40.79859],[-73.889,40.79868],[-73.88898,40.79875],[-73.88884,40.79875],[-73.88885,40.79871]]]]}},{"type":"Feature","properties":{"std_name":"QE 14","std_geoid":"QE14","pen":"politicians","std_note":null},"geometry":{"type":"MultiPolygon","coordinates":[[[[-73.76698,40.61431],[-73.76631,40.6142],[-73.76617,40.61405],[-73.76598,40.61393],[-73.76584,40.61392],[-73.76555,40.61384],[-73.76553,40.61382],[-73.76546,40.61384],[-73.7654,40.61379],[-73.7653,40.61382],[-73.76516,40.61375],[-73.76502,40.61348],[-73.76504,40.61338],[-73.76513,40.61331],[-73.76515,40.61309],[-73.76511,40.6127],[-73.76512,40.61248],[-73.76498,40.61233],[-73.7651,40.6122],[-73.76509,40.61207],[-73.76506,40.61204],[-73.7645,40.61182],[-73.76414,40.61177],[-73.76366,40.61175],[-73.76324,40.61168],[-73.76257,40.61142],[-73.7623,40.61136],[-73.76172,40.61185],[-73.76024,40.61082],[-73.76077,40.61018],[-73.76087,40.6102],[-73.76178,40.60915],[-73.76155,40.60903],[-73.7614,40.60924],[-73.75998,40.61088],[-73.75949,40.61082],[-73.75972,40.61015],[-73.7596,40.61017],[-73.75946,40.61034],[-73.7592,40.61037],[-73.75842,40.61028],[-73.75819,40.61031],[-73.75753,40.61027],[-73.75732,40.61029],[-73.75728,40.61026],[-73.75666,40.61021],[-73.75656,40.61014],[-73.75648,40.61018],[-73.75607,40.61024],[-73.75599,40.6102],[-73.75596,40.61028],[-73.75587,40.61031],[-73.75579,40.61028],[-73.75565,40.61009],[-73.75561,40.61008],[-73.7556,40.6101],[-73.75581,40.61037],[-73.75587,40.61039],[-73.7557,40.61037],[-73.75576,40.61036],[-73.75556,40.61012],[-73.7554,40.61012],[-73.75518,40.61016],[-73.755,40.61013],[-73.75485,40.61023],[-73.75473,40.61041],[-73.75346,40.61052],[-73.75009,40.61164],[-73.74912,40.61179],[-73.74822,40.61201],[-73.74799,40.61231],[-73.74761,40.612],[-73.74722,40.61218],[-73.74692,40.61173],[-73.74686,40.61157],[-73.74576,40.61199],[-73.74537,40.6112],[-73.74457,40.61012],[-73.74387,40.60889],[-73.74338,40.60818],[-73.74311,40.60772],[-73.7434,40.60747],[-73.74121,40.60552],[-73.74029,40.6046],[-73.73921,40.60404],[-73.7384,40.60312],[-73.73839,40.6028],[-73.73823,40.60257],[-73.73837,40.59834],[-73.73836,40.5976],[-73.73865,40.59732],[-73.73863,40.59728],[-73.73856,40.59726],[-73.73849,40.59736],[-73.73872,40.59695],[-73.73858,40.59725],[-73.73863,40.59727],[-73.73879,40.59698],[-73.73907,40.59717],[-73.73938,40.59724],[-73.73963,40.59721],[-73.73993,40.59705],[-73.74008,40.59689],[-73.74012,40.59673],[-73.74,40.59654],[-73.73981,40.59646],[-73.7398,40.59643],[-73.74004,40.59628],[-73.7401,40.59621],[-73.74039,40.59618],[-73.74039,40.59624],[-73.74028,40.59641],[-73.74036,40.59677],[-73.74044,40.59684],[-73.7406,40.59687],[-73.74061,40.59697],[-73.74064,40.597],[-73.741,40.59693],[-73.74101,40.5969],[-73.74096,40.59691],[-73.74096,40.59688],[-73.74108,40.59682],[-73.74129,40.59681],[-73.74136,40.59684],[-73.74144,40.59694],[-73.74157,40.5969],[-73.74166,40.59681],[-73.7418,40.59677],[-73.74183,40.5967],[-73.74178,40.5966],[-73.74151,40.59653],[-73.74052,40.59657],[-73.7405,40.59654],[-73.74059,40.5964],[-73.74062,40.59627],[-73.74055,40.59612],[-73.74051,40.59612],[-73.74048,40.59607],[-73.74041,40.59609],[-73.7403,40.59607],[-73.74029,40.59604],[-73.73993,40.59606],[-73.73981,40.59627],[-73.73958,40.59638],[-73.73953,40.59654],[-73.73961,40.59676],[-73.73946,40.59688],[-73.7395,40.59702],[-73.7397,40.59692],[-73.73988,40.59677],[-73.73973,40.59657],[-73.73965,40.59657],[-73.73975,40.59654],[-73.73991,40.59677],[-73.7398,40.59688],[-73.73951,40.59704],[-73.7394,40.59705],[-73.73893,40.59688],[-73.7394,40.59703],[-73.73945,40.59703],[-73.73944,40.5969],[-73.73933,40.59691],[-73.73911,40.5968],[-73.73912,40.59678],[-73.73895,40.59676],[-73.73886,40.59678],[-73.73838,40.59712],[-73.73841,40.59684],[-73.73841,40.59592],[-73.73799,40.59456],[-73.7384,40.59448],[-73.73845,40.59445],[-73.73849,40.59435],[-73.73853,40.59444],[-73.73877,40.59453],[-73.73878,40.59436],[-73.73882,40.59436],[-73.73879,40.59453],[-73.739,40.59459],[-73.7392,40.59459],[-73.73929,40.59453],[-73.73929,40.59445],[-73.73936,40.59452],[-73.73956,40.59456],[-73.73955,40.59443],[-73.73959,40.59443],[-73.73957,40.59456],[-73.73962,40.59458],[-73.7397,40.59459],[-73.73968,40.5945],[-73.73996,40.5945],[-73.73995,40.59464],[-73.73999,40.59463],[-73.74005,40.59461],[-73.74009,40.59453],[-73.74014,40.59451],[-73.74014,40.59458],[-73.74021,40.59463],[-73.74063,40.59472],[-73.74079,40.59465],[-73.74084,40.5946],[-73.74085,40.5945],[-73.7409,40.59449],[-73.7409,40.59461],[-73.74132,40.59479],[-73.74162,40.59479],[-73.74165,40.59475],[-73.74166,40.59465],[-73.7417,40.59464],[-73.74174,40.59468],[-73.74174,40.59473],[-73.7418,40.59477],[-73.74223,40.59491],[-73.74243,40.59487],[-73.74239,40.59473],[-73.74276,40.59474],[-73.7428,40.59481],[-73.74291,40.59483],[-73.74313,40.59479],[-73.74335,40.5948],[-73.74347,40.59473],[-73.74346,40.59461],[-73.74348,40.59459],[-73.74353,40.59465],[-73.74359,40.59466],[-73.74462,40.59466],[-73.74589,40.59439],[-73.74666,40.5943],[-73.74684,40.59422],[-73.74692,40.59412],[-73.74742,40.59405],[-73.74754,40.59395],[-73.74793,40.59378],[-73.7481,40.59363],[-73.74851,40.59355],[-73.74895,40.59341],[-73.74951,40.59308],[-73.75023,40.59271],[-73.75074,40.59234],[-73.75133,40.59161],[-73.75156,40.59142],[-73.75188,40.5913],[-73.75307,40.59111],[-73.75354,40.59095],[-73.75396,40.5909],[-73.75454,40.59094],[-73.75528,40.59086],[-73.75595,40.59087],[-73.75645,40.59103],[-73.75676,40.59107],[-73.75789,40.59136],[-73.75886,40.59148],[-73.75938,40.5915],[-73.75995,40.59162],[-73.76055,40.59164],[-73.76134,40.59173],[-73.76295,40.59161],[-73.76354,40.59147],[-73.76567,40.59113],[-73.76633,40.59097],[-73.76735,40.59086],[-73.76797,40.59073],[-73.76813,40.59074],[-73.76829,40.59083],[-73.76873,40.59087],[-73.76996,40.59073],[-73.77088,40.59055],[-73.77153,40.59058],[-73.77242,40.59046],[-73.77354,40.5904],[-73.77376,40.59036],[-73.7741,40.59039],[-73.77441,40.59028],[-73.77529,40.59026],[-73.77593,40.59018],[-73.77584,40.59032],[-73.77645,40.59018],[-73.77654,40.5901],[-73.77666,40.59007],[-73.7772,40.5901],[-73.77761,40.59005],[-73.77918,40.58959],[-73.77942,40.58958],[-73.77986,40.58965],[-73.78043,40.5896],[-73.78142,40.58927],[-73.78179,40.58925],[-73.78234,40.5891],[-73.78289,40.589],[-73.7835,40.58876],[-73.78453,40.58848],[-73.78551,40.58833],[-73.78631,40.58815],[-73.78721,40.58802],[-73.78768,40.58792],[-73.78842,40.58765],[-73.7886,40.58748],[-73.78878,40.58745],[-73.78901,40.5875],[-73.78923,40.58762],[-73.78945,40.58762],[-73.7904,40.58746],[-73.79111,40.58727],[-73.79148,40.5873],[-73.792,40.58721],[-73.79252,40.58704],[-73.79338,40.58694],[-73.79377,40.58679],[-73.79397,40.58681],[-73.79434,40.58676],[-73.79472,40.58665],[-73.79494,40.58653],[-73.79523,40.58648],[-73.79573,40.58645],[-73.79588,40.5864],[-73.79602,40.58632],[-73.79634,40.58638],[-73.7967,40.58637],[-73.79882,40.58589],[-73.79974,40.58577],[-73.80045,40.58558],[-73.80092,40.58541],[-73.80134,40.58541],[-73.80184,40.58535],[-73.8033,40.58489],[-73.8035,40.58492],[-73.80361,40.585],[-73.80378,40.58501],[-73.80431,40.58491],[-73.80477,40.58475],[-73.80562,40.58451],[-73.80597,40.58454],[-73.80652,40.58446],[-73.80692,40.58431],[-73.80784,40.58401],[-73.8085,40.58404],[-73.80887,40.58402],[-73.80951,40.58382],[-73.81132,40.58372],[-73.81352,40.58347],[-73.81502,40.58302],[-73.81544,40.58285],[-73.81655,40.58257],[-73.81731,40.58233],[-73.81838,40.58208],[-73.81887,40.58193],[-73.81929,40.58177],[-73.82134,40.58126],[-73.82223,40.58112],[-73.82265,40.58094],[-73.82398,40.58048],[-73.82474,40.58026],[-73.82496,40.58014],[-73.8267,40.57966],[-73.82717,40.57944],[-73.82878,40.57904],[-73.82946,40.5788],[-73.83017,40.57875],[-73.8309,40.5785],[-73.83146,40.57842],[-73.83227,40.57813],[-73.8327,40.57803],[-73.83387,40.57765],[-73.83455,40.57733],[-73.83576,40.57681],[-73.83623,40.57666],[-73.83766,40.57601],[-73.83778,40.57592],[-73.83826,40.57579],[-73.83861,40.57564],[-73.84378,40.57389],[-73.84527,40.57332],[-73.84616,40.57303],[-73.84995,40.57159],[-73.85128,40.57117],[-73.8522,40.57075],[-73.85312,40.57051],[-73.85358,40.57034],[-73.85397,40.57031],[-73.8541,40.57026],[-73.85423,40.57014],[-73.85472,40.56994],[-73.85493,40.5699],[-73.85506,40.56981],[-73.85551,40.56966],[-73.85597,40.56952],[-73.85612,40.56951],[-73.85646,40.56934],[-73.85713,40.56913],[-73.85728,40.56902],[-73.85778,40.56886],[-73.85827,40.56862],[-73.85923,40.56826],[-73.85969,40.56813],[-73.86022,40.56792],[-73.86203,40.56711],[-73.86255,40.56681],[-73.86287,40.56683],[-73.86309,40.5676],[-73.86317,40.56774],[-73.86431,40.56739],[-73.86534,40.56879],[-73.86447,40.56914],[-73.86634,40.57238],[-73.86663,40.57306],[-73.86449,40.57354],[-73.86361,40.57382],[-73.86341,40.57411],[-73.86399,40.57506],[-73.8628,40.57593],[-73.86288,40.57606],[-73.85306,40.58126],[-73.85044,40.58213],[-73.84861,40.58219],[-73.84521,40.58158],[-73.8393,40.58186],[-73.83918,40.58217],[-73.83899,40.58248],[-73.83885,40.58258],[-73.83868,40.58266],[-73.83871,40.5827],[-73.83854,40.58273],[-73.83855,40.58279],[-73.83848,40.5828],[-73.83847,40.58274],[-73.8383,40.58276],[-73.83829,40.58271],[-73.83584,40.58288],[-73.83123,40.58412],[-73.83123,40.58416],[-73.82923,40.5847],[-73.82922,40.58467],[-73.82852,40.58485],[-73.82826,40.58575],[-73.82817,40.58592],[-73.82804,40.58605],[-73.82785,40.58614],[-73.82669,40.58649],[-73.82476,40.58704],[-73.82481,40.58715],[-73.82474,40.58705],[-73.82326,40.58747],[-73.82294,40.58749],[-73.82264,40.5874],[-73.82146,40.58677],[-73.8193,40.58789],[-73.81884,40.58825],[-73.81828,40.58846],[-73.81742,40.58892],[-73.81747,40.58904],[-73.81764,40.58929],[-73.81761,40.58927],[-73.81742,40.58936],[-73.81737,40.58926],[-73.81717,40.58937],[-73.81692,40.58931],[-73.81674,40.58932],[-73.81658,40.58943],[-73.81642,40.58945],[-73.8163,40.58957],[-73.81624,40.58955],[-73.81597,40.58969],[-73.81582,40.58971],[-73.81525,40.58999],[-73.81517,40.59007],[-73.815,40.59033],[-73.81475,40.59059],[-73.81448,40.59068],[-73.81422,40.59062],[-73.81406,40.59062],[-73.81363,40.59079],[-73.81341,40.59092],[-73.81326,40.59105],[-73.81359,40.5917],[-73.81355,40.59171],[-73.81323,40.59107],[-73.81313,40.59125],[-73.81274,40.5913],[-73.81249,40.59139],[-73.81224,40.59133],[-73.8117,40.59159],[-73.81157,40.59169],[-73.81151,40.59178],[-73.81151,40.59196],[-73.81157,40.59215],[-73.8115,40.59219],[-73.81157,40.59283],[-73.81149,40.5929],[-73.81143,40.59226],[-73.81133,40.59175],[-73.81101,40.59177],[-73.81095,40.59182],[-73.81089,40.59196],[-73.81091,40.59206],[-73.81082,40.59209],[-73.81095,40.5925],[-73.81139,40.59244],[-73.81141,40.59287],[-73.81107,40.59302],[-73.81103,40.59299],[-73.81137,40.59286],[-73.81137,40.5927],[-73.81075,40.59279],[-73.81137,40.59268],[-73.81136,40.59246],[-73.81095,40.59252],[-73.81094,40.59255],[-73.81081,40.59209],[-73.81019,40.59224],[-73.81007,40.59222],[-73.8099,40.59227],[-73.81004,40.59308],[-73.8099,40.59308],[-73.80978,40.5924],[-73.80973,40.5924],[-73.80976,40.59265],[-73.8098,40.59265],[-73.80981,40.59271],[-73.80974,40.59269],[-73.80971,40.59244],[-73.80963,40.5925],[-73.80951,40.59278],[-73.80953,40.59301],[-73.8097,40.59353],[-73.80961,40.59358],[-73.80951,40.59357],[-73.80935,40.59337],[-73.80917,40.5934],[-73.80904,40.59336],[-73.80832,40.59297],[-73.80794,40.59284],[-73.80687,40.59226],[-73.80665,40.59226],[-73.80603,40.59201],[-73.80594,40.59188],[-73.8059,40.59136],[-73.80579,40.5911],[-73.80579,40.59079],[-73.80578,40.59076],[-73.80573,40.59076],[-73.8057,40.5908],[-73.80571,40.59105],[-73.80583,40.59174],[-73.80582,40.59186],[-73.80566,40.59185],[-73.80476,40.59145],[-73.80434,40.59131],[-73.80427,40.59135],[-73.80423,40.59143],[-73.80417,40.59185],[-73.80701,40.59305],[-73.80731,40.59307],[-73.80766,40.5933],[-73.80782,40.59337],[-73.80805,40.59365],[-73.80789,40.59377],[-73.80781,40.59391],[-73.8078,40.59402],[-73.80798,40.59416],[-73.80789,40.59419],[-73.8079,40.5943],[-73.80778,40.5944],[-73.80773,40.59449],[-73.80753,40.59461],[-73.80744,40.59476],[-73.80745,40.59487],[-73.80731,40.59496],[-73.80711,40.59528],[-73.80697,40.59533],[-73.80687,40.59541],[-73.80604,40.59555],[-73.80541,40.59529],[-73.80536,40.5953],[-73.80531,40.59524],[-73.80485,40.59506],[-73.80464,40.59491],[-73.80464,40.59482],[-73.80449,40.59475],[-73.80426,40.59445],[-73.80411,40.59432],[-73.80404,40.59418],[-73.80401,40.59377],[-73.80404,40.59355],[-73.80413,40.59351],[-73.80403,40.59321],[-73.80391,40.59309],[-73.80375,40.59299],[-73.80381,40.59289],[-73.80369,40.59289],[-73.80362,40.59294],[-73.80328,40.59276],[-73.80303,40.59258],[-73.80244,40.59264],[-73.80249,40.59329],[-73.80238,40.59329],[-73.80251,40.59395],[-73.80314,40.59385],[-73.80314,40.59376],[-73.80318,40.59395],[-73.80314,40.59387],[-73.80251,40.59397],[-73.80257,40.59427],[-73.80324,40.59419],[-73.80322,40.59409],[-73.80324,40.59409],[-73.80329,40.59428],[-73.80326,40.59429],[-73.80324,40.5942],[-73.80282,40.59426],[-73.80283,40.59429],[-73.80272,40.5943],[-73.80272,40.59427],[-73.8026,40.59429],[-73.80271,40.59431],[-73.80258,40.59432],[-73.80259,40.59438],[-73.80234,40.5944],[-73.80235,40.5945],[-73.80277,40.59448],[-73.80278,40.59456],[-73.80304,40.59454],[-73.80319,40.59466],[-73.80347,40.5945],[-73.80342,40.59445],[-73.80344,40.59443],[-73.80351,40.59451],[-73.8032,40.59468],[-73.80338,40.59487],[-73.80366,40.59473],[-73.80372,40.59482],[-73.80365,40.59475],[-73.80338,40.59489],[-73.8032,40.59487],[-73.8032,40.59494],[-73.80338,40.59495],[-73.8032,40.59495],[-73.80321,40.59501],[-73.80339,40.59501],[-73.80321,40.59503],[-73.80321,40.59515],[-73.80331,40.59517],[-73.80364,40.59513],[-73.8039,40.59499],[-73.80365,40.59515],[-73.80331,40.59518],[-73.80359,40.59516],[-73.80368,40.5952],[-73.80428,40.59588],[-73.80433,40.59599],[-73.80471,40.59639],[-73.80486,40.59673],[-73.80509,40.59677],[-73.8051,40.59661],[-73.80513,40.59661],[-73.80515,40.59672],[-73.80521,40.59673],[-73.80522,40.59677],[-73.8052,40.59689],[-73.80525,40.5969],[-73.80525,40.59695],[-73.8052,40.59694],[-73.80524,40.59696],[-73.80525,40.59703],[-73.80521,40.59704],[-73.80522,40.59719],[-73.80519,40.59719],[-73.80516,40.59676],[-73.80514,40.59682],[-73.80488,40.59675],[-73.80511,40.59715],[-73.80485,40.59742],[-73.80475,40.59755],[-73.80471,40.59767],[-73.80444,40.59772],[-73.80393,40.59794],[-73.80388,40.59806],[-73.80385,40.59806],[-73.80385,40.5981],[-73.8038,40.59808],[-73.80371,40.59811],[-73.80368,40.59818],[-73.80365,40.59816],[-73.80359,40.59819],[-73.80356,40.59829],[-73.80352,40.59829],[-73.80345,40.5984],[-73.80339,40.59841],[-73.80343,40.59845],[-73.80338,40.59852],[-73.80326,40.59855],[-73.80298,40.59884],[-73.80266,40.59894],[-73.80236,40.59893],[-73.80199,40.59885],[-73.80167,40.5989],[-73.80123,40.59912],[-73.80095,40.59915],[-73.80095,40.59918],[-73.80089,40.5992],[-73.80092,40.59939],[-73.80088,40.59939],[-73.80086,40.59921],[-73.80078,40.59919],[-73.80078,40.59916],[-73.8005,40.5992],[-73.80051,40.59933],[-73.80047,40.59933],[-73.80045,40.59918],[-73.79916,40.59926],[-73.7992,40.59937],[-73.79919,40.59942],[-73.79914,40.59942],[-73.79914,40.59926],[-73.79869,40.59926],[-73.79857,40.5992],[-73.79843,40.59917],[-73.79811,40.59925],[-73.79811,40.5993],[-73.79562,40.59944],[-73.79554,40.59947],[-73.79555,40.5995],[-73.79495,40.59942],[-73.79457,40.59942],[-73.79421,40.59948],[-73.79388,40.5996],[-73.79355,40.59978],[-73.79331,40.59997],[-73.79291,40.59999],[-73.79277,40.59994],[-73.79274,40.6],[-73.79262,40.60001],[-73.7926,40.60005],[-73.79233,40.59995],[-73.79228,40.60002],[-73.79221,40.60001],[-73.79211,40.60009],[-73.79203,40.60022],[-73.79154,40.60035],[-73.79135,40.60048],[-73.79105,40.60072],[-73.79067,40.6011],[-73.7904,40.60115],[-73.79025,40.60124],[-73.79,40.60143],[-73.78985,40.6016],[-73.7894,40.60197],[-73.78786,40.60311],[-73.78777,40.60314],[-73.78762,40.60312],[-73.78727,40.60324],[-73.7865,40.60325],[-73.78635,40.60319],[-73.7863,40.60316],[-73.78631,40.60312],[-73.78617,40.60307],[-73.78618,40.60303],[-73.78647,40.6028],[-73.78651,40.60276],[-73.78647,40.60272],[-73.78659,40.60265],[-73.78663,40.60268],[-73.78716,40.60233],[-73.78766,40.60137],[-73.78793,40.601],[-73.78807,40.60085],[-73.7885,40.60054],[-73.78922,40.60011],[-73.78928,40.60002],[-73.78953,40.59997],[-73.78958,40.59989],[-73.7898,40.59972],[-73.79003,40.59939],[-73.79028,40.59928],[-73.79034,40.59919],[-73.79034,40.59895],[-73.79043,40.59865],[-73.79093,40.59741],[-73.79103,40.5973],[-73.79107,40.5972],[-73.7911,40.59695],[-73.79107,40.59685],[-73.7911,40.59679],[-73.79106,40.59652],[-73.79099,40.59639],[-73.79093,40.59596],[-73.79104,40.59552],[-73.79086,40.59501],[-73.79071,40.59488],[-73.79065,40.59478],[-73.79042,40.59475],[-73.79046,40.59496],[-73.79057,40.59495],[-73.79071,40.59609],[-73.79081,40.59609],[-73.79059,40.59611],[-73.79068,40.59609],[-73.79054,40.59498],[-73.79043,40.59499],[-73.79041,40.59486],[-73.79032,40.59486],[-73.79041,40.59483],[-73.79038,40.59475],[-73.79015,40.59477],[-73.79032,40.59605],[-73.79042,40.59605],[-73.79018,40.59607],[-73.79028,40.59605],[-73.79013,40.59482],[-73.79011,40.59477],[-73.78991,40.59481],[-73.78987,40.59472],[-73.7899,40.59482],[-73.78985,40.59472],[-73.78979,40.59473],[-73.78981,40.59484],[-73.78978,40.59473],[-73.78974,40.59474],[-73.78967,40.59484],[-73.78971,40.59484],[-73.78987,40.5962],[-73.79,40.59621],[-73.7897,40.59623],[-73.78984,40.59621],[-73.78967,40.59486],[-73.78946,40.595],[-73.7894,40.59495],[-73.78942,40.59504],[-73.78938,40.59518],[-73.78917,40.59519],[-73.78919,40.59528],[-73.78914,40.59534],[-73.78911,40.59547],[-73.78912,40.59557],[-73.78922,40.59569],[-73.78911,40.59588],[-73.78914,40.59593],[-73.78911,40.59599],[-73.78916,40.59608],[-73.78921,40.59636],[-73.78927,40.59645],[-73.7892,40.59678],[-73.78926,40.59694],[-73.78921,40.59714],[-73.7891,40.59742],[-73.78919,40.5976],[-73.78919,40.59779],[-73.78917,40.59788],[-73.78907,40.59802],[-73.78873,40.59833],[-73.78861,40.59833],[-73.78843,40.59847],[-73.78822,40.59855],[-73.78818,40.59863],[-73.78775,40.59897],[-73.78756,40.59918],[-73.78732,40.5993],[-73.78717,40.59944],[-73.7871,40.59944],[-73.78697,40.5996],[-73.78702,40.59967],[-73.78695,40.59969],[-73.78685,40.59985],[-73.78662,40.60002],[-73.78597,40.60032],[-73.78579,40.60057],[-73.78607,40.60067],[-73.78609,40.60063],[-73.78614,40.60065],[-73.78611,40.60071],[-73.78578,40.60059],[-73.78564,40.6008],[-73.78598,40.60092],[-73.78594,40.60098],[-73.78589,40.60096],[-73.78592,40.60092],[-73.78563,40.60082],[-73.78557,40.60099],[-73.78558,40.60119],[-73.78554,40.60134],[-73.78539,40.60152],[-73.78528,40.60158],[-73.78494,40.60165],[-73.78448,40.6018],[-73.7838,40.60224],[-73.78351,40.60256],[-73.78334,40.60313],[-73.78317,40.60347],[-73.78313,40.60376],[-73.78313,40.60381],[-73.7832,40.6039],[-73.78333,40.60393],[-73.78348,40.60405],[-73.78364,40.60431],[-73.78361,40.60436],[-73.78363,40.60442],[-73.78381,40.60459],[-73.78395,40.60482],[-73.78393,40.60493],[-73.78385,40.60498],[-73.78373,40.60515],[-73.78367,40.60526],[-73.78367,40.60532],[-73.78349,40.6055],[-73.78338,40.60552],[-73.7834,40.60558],[-73.78332,40.60559],[-73.78327,40.60563],[-73.78323,40.6057],[-73.78325,40.60574],[-73.78318,40.60584],[-73.78294,40.60605],[-73.7828,40.60613],[-73.78279,40.60618],[-73.78265,40.60628],[-73.78259,40.60637],[-73.78249,40.6064],[-73.78225,40.60658],[-73.78188,40.60702],[-73.78151,40.6074],[-73.78041,40.60843],[-73.7794,40.60923],[-73.77881,40.60955],[-73.77857,40.60964],[-73.77798,40.60976],[-73.77728,40.60985],[-73.77693,40.60984],[-73.77627,40.60965],[-73.77535,40.60974],[-73.77515,40.60967],[-73.77492,40.60952],[-73.77422,40.60889],[-73.77413,40.60875],[-73.77413,40.6087],[-73.77422,40.6086],[-73.77449,40.60844],[-73.77466,40.60845],[-73.77481,40.6084],[-73.7747,40.60817],[-73.77431,40.60786],[-73.77422,40.60764],[-73.77425,40.60753],[-73.77433,40.60746],[-73.77446,40.60742],[-73.7746,40.60742],[-73.77464,40.60745],[-73.77467,40.60765],[-73.77482,40.60784],[-73.77485,40.60802],[-73.77524,40.60855],[-73.77554,40.60881],[-73.7756,40.60896],[-73.77592,40.60921],[-73.77597,40.60922],[-73.77601,40.60919],[-73.77534,40.60852],[-73.77495,40.60807],[-73.77491,40.60785],[-73.77474,40.60761],[-73.77473,40.60745],[-73.77459,40.6073],[-73.77455,40.60712],[-73.77463,40.60678],[-73.77458,40.60653],[-73.77472,40.60633],[-73.77483,40.60598],[-73.77491,40.60563],[-73.77489,40.60526],[-73.77516,40.60463],[-73.77519,40.6045],[-73.77513,40.6044],[-73.77479,40.60442],[-73.7747,40.60439],[-73.77469,40.60432],[-73.77477,40.6042],[-73.77491,40.60411],[-73.7751,40.6041],[-73.7753,40.60417],[-73.77538,40.60416],[-73.77588,40.60347],[-73.77602,40.60309],[-73.77605,40.60275],[-73.776,40.60273],[-73.77587,40.60278],[-73.77582,40.60283],[-73.77576,40.60301],[-73.77569,40.60304],[-73.77559,40.60304],[-73.7756,40.60294],[-73.77569,40.60281],[-73.77606,40.60251],[-73.77619,40.60249],[-73.77635,40.60252],[-73.77648,40.60245],[-73.77658,40.60232],[-73.77663,40.60221],[-73.77657,40.60219],[-73.77651,40.60221],[-73.77649,40.60217],[-73.77673,40.60199],[-73.777,40.60169],[-73.77737,40.60145],[-73.77751,40.60129],[-73.77762,40.60124],[-73.77769,40.60108],[-73.7778,40.60097],[-73.77808,40.6008],[-73.77837,40.60084],[-73.77808,40.6007],[-73.77808,40.60051],[-73.77818,40.60039],[-73.77835,40.60037],[-73.77871,40.60047],[-73.77931,40.60057],[-73.7799,40.60075],[-73.78011,40.60073],[-73.78035,40.60058],[-73.78069,40.60022],[-73.78074,40.60012],[-73.78073,40.60006],[-73.78081,40.59995],[-73.78117,40.59977],[-73.78143,40.59955],[-73.78159,40.5993],[-73.78191,40.59911],[-73.78201,40.59891],[-73.78199,40.59868],[-73.78194,40.59853],[-73.78183,40.59834],[-73.7815,40.59802],[-73.78136,40.59797],[-73.78133,40.59775],[-73.78093,40.59749],[-73.7806,40.59731],[-73.78042,40.59729],[-73.78018,40.59721],[-73.78014,40.59715],[-73.78017,40.5969],[-73.78005,40.59686],[-73.77997,40.59709],[-73.77973,40.59729],[-73.77972,40.59735],[-73.77904,40.59765],[-73.77898,40.59772],[-73.779,40.59778],[-73.77877,40.59797],[-73.77871,40.59795],[-73.77862,40.59798],[-73.77849,40.5981],[-73.77823,40.59818],[-73.77806,40.59836],[-73.77781,40.59848],[-73.77742,40.59881],[-73.77737,40.59891],[-73.7773,40.59935],[-73.7772,40.59958],[-73.77699,40.59979],[-73.77662,40.60049],[-73.77635,40.60093],[-73.77632,40.60104],[-73.77619,40.60111],[-73.77617,40.60116],[-73.77601,40.60132],[-73.776,40.60139],[-73.7756,40.60165],[-73.77539,40.60165],[-73.77497,40.60174],[-73.77486,40.60157],[-73.77488,40.60134],[-73.77471,40.60104],[-73.77474,40.60096],[-73.77462,40.60097],[-73.77462,40.601],[-73.77448,40.60099],[-73.7746,40.60093],[-73.77462,40.60096],[-73.77475,40.60095],[-73.77476,40.60085],[-73.77464,40.60084],[-73.77476,40.60083],[-73.77474,40.60074],[-73.7746,40.60054],[-73.77458,40.60042],[-73.77446,40.60034],[-73.77442,40.60024],[-73.77424,40.60013],[-73.77423,40.60003],[-73.77412,40.59988],[-73.77411,40.59976],[-73.77417,40.59961],[-73.77411,40.59959],[-73.77418,40.5993],[-73.77412,40.59925],[-73.77422,40.59901],[-73.77416,40.59898],[-73.77406,40.59887],[-73.77384,40.59876],[-73.77374,40.59867],[-73.7737,40.59832],[-73.77372,40.59824],[-73.77359,40.59812],[-73.77349,40.59808],[-73.77323,40.59805],[-73.77315,40.59799],[-73.77307,40.59789],[-73.77301,40.59787],[-73.77274,40.59791],[-73.77255,40.59789],[-73.77198,40.59792],[-73.77168,40.59799],[-73.77111,40.59831],[-73.77095,40.59829],[-73.77079,40.5982],[-73.77063,40.59818],[-73.77051,40.5981],[-73.77037,40.59809],[-73.76981,40.59812],[-73.76948,40.59826],[-73.76853,40.59792],[-73.76812,40.59782],[-73.76794,40.59814],[-73.76814,40.59824],[-73.76827,40.59833],[-73.7689,40.5984],[-73.76889,40.59844],[-73.76893,40.59847],[-73.76898,40.59845],[-73.76904,40.59851],[-73.76926,40.5985],[-73.7697,40.59864],[-73.77002,40.59878],[-73.77034,40.59898],[-73.77045,40.59898],[-73.7706,40.59887],[-73.77073,40.59881],[-73.77093,40.59886],[-73.77104,40.59898],[-73.77106,40.59923],[-73.77114,40.59934],[-73.77116,40.59942],[-73.77108,40.5997],[-73.77114,40.60016],[-73.77111,40.60024],[-73.77111,40.60055],[-73.77094,40.60115],[-73.77074,40.60154],[-73.77075,40.60163],[-73.77085,40.60172],[-73.77084,40.60181],[-73.77074,40.60195],[-73.77065,40.60185],[-73.77062,40.60187],[-73.77028,40.60249],[-73.77019,40.60275],[-73.77029,40.60282],[-73.7704,40.60294],[-73.77034,40.60305],[-73.77016,40.60309],[-73.77022,40.60314],[-73.7703,40.60331],[-73.77047,40.60392],[-73.7705,40.60423],[-73.77046,40.60448],[-73.77056,40.60471],[-73.77057,40.60484],[-73.77044,40.60499],[-73.77016,40.60512],[-73.77012,40.60523],[-73.77001,40.60534],[-73.77006,40.60566],[-73.76987,40.60605],[-73.76984,40.60628],[-73.76985,40.60643],[-73.76999,40.60686],[-73.77002,40.60722],[-73.76977,40.60754],[-73.76983,40.60776],[-73.76978,40.60793],[-73.7696,40.60811],[-73.7695,40.60829],[-73.76929,40.60837],[-73.76922,40.60845],[-73.76922,40.60855],[-73.76915,40.60863],[-73.76894,40.60913],[-73.769,40.60939],[-73.76918,40.6097],[-73.76982,40.61009],[-73.77026,40.61025],[-73.7704,40.61018],[-73.77059,40.61016],[-73.77074,40.6103],[-73.77086,40.61036],[-73.77099,40.61039],[-73.77112,40.61036],[-73.77125,40.61039],[-73.77185,40.61082],[-73.77195,40.61104],[-73.77199,40.61125],[-73.77213,40.61145],[-73.77223,40.6115],[-73.77253,40.61147],[-73.77308,40.6113],[-73.77326,40.61121],[-73.7734,40.61109],[-73.77338,40.61099],[-73.7729,40.61023],[-73.77288,40.61016],[-73.77296,40.61015],[-73.77355,40.611],[-73.77377,40.61126],[-73.77381,40.61141],[-73.77382,40.61164],[-73.77394,40.61212],[-73.77399,40.61209],[-73.77413,40.61182],[-73.77417,40.61183],[-73.77404,40.61211],[-73.77399,40.61245],[-73.77384,40.61291],[-73.7735,40.61358],[-73.77339,40.61368],[-73.77321,40.61367],[-73.77309,40.61359],[-73.77297,40.61356],[-73.77217,40.61385],[-73.77174,40.61396],[-73.77124,40.61394],[-73.77108,40.61399],[-73.77092,40.61397],[-73.77073,40.61403],[-73.7702,40.61406],[-73.76964,40.61403],[-73.76947,40.61398],[-73.76933,40.61397],[-73.76896,40.61404],[-73.76835,40.61423],[-73.76812,40.61419],[-73.7676,40.61422],[-73.76698,40.61431]]],[[[-73.91193,40.56581],[-73.9119,40.56511],[-73.91186,40.565],[-73.91149,40.56511],[-73.91134,40.56507],[-73.91107,40.56505],[-73.9108,40.56511],[-73.9108,40.56504],[-73.91056,40.56501],[-73.91033,40.56502],[-73.91031,40.565],[-73.91032,40.56497],[-73.91017,40.56492],[-73.9101,40.56496],[-73.91008,40.56492],[-73.9101,40.56482],[-73.91004,40.56479],[-73.90977,40.56531],[-73.90972,40.56529],[-73.91062,40.56381],[-73.90981,40.5615],[-73.90835,40.56075],[-73.90951,40.56076],[-73.90928,40.557],[-73.9088,40.55483],[-73.91626,40.55197],[-73.91781,40.55128],[-73.91867,40.551],[-73.91948,40.55062],[-73.92642,40.54816],[-73.92884,40.5525],[-73.9291,40.55309],[-73.93119,40.55702],[-73.93178,40.5579],[-73.92878,40.55993],[-73.92767,40.56051],[-73.92616,40.56155],[-73.9253,40.56181],[-73.92421,40.562],[-73.92329,40.56209],[-73.92279,40.56207],[-73.92108,40.56208],[-73.92037,40.56222],[-73.9202,40.56253],[-73.92024,40.56254],[-73.92026,40.56261],[-73.92012,40.56264],[-73.9201,40.56257],[-73.92018,40.56252],[-73.92033,40.56223],[-73.9191,40.56247],[-73.91766,40.56283],[-73.9168,40.56319],[-73.91519,40.56409],[-73.91455,40.56435],[-73.91387,40.56461],[-73.91324,40.56466],[-73.91313,40.56464],[-73.9122,40.56505],[-73.91216,40.56497],[-73.91188,40.56499],[-73.91193,40.56511],[-73.91195,40.56581],[-73.91215,40.56578],[-73.91216,40.56584],[-73.91174,40.56587],[-73.91174,40.56581],[-73.91193,40.56581]]],[[[-73.81966,40.61573],[-73.81769,40.61493],[-73.81653,40.61495],[-73.81659,40.61474],[-73.81655,40.61447],[-73.81643,40.61428],[-73.81623,40.61423],[-73.81583,40.61434],[-73.8157,40.61434],[-73.81555,40.61431],[-73.81507,40.61448],[-73.81496,40.61446],[-73.81472,40.6145],[-73.81444,40.61475],[-73.81421,40.6147],[-73.81408,40.61456],[-73.81416,40.61429],[-73.81441,40.6141],[-73.81468,40.61398],[-73.81487,40.61401],[-73.81486,40.6143],[-73.81504,40.61431],[-73.81536,40.61417],[-73.8155,40.61404],[-73.81536,40.61393],[-73.81537,40.61383],[-73.815,40.61358],[-73.8148,40.61319],[-73.81504,40.61298],[-73.81524,40.61298],[-73.81529,40.61307],[-73.81528,40.6132],[-73.81547,40.61334],[-73.81561,40.61333],[-73.81572,40.61327],[-73.81578,40.6131],[-73.81589,40.61302],[-73.81599,40.61301],[-73.81616,40.61294],[-73.81604,40.61276],[-73.81603,40.61237],[-73.81586,40.61202],[-73.81589,40.61189],[-73.81582,40.6116],[-73.81564,40.6112],[-73.8156,40.61067],[-73.8154,40.61038],[-73.81504,40.61072],[-73.81461,40.61093],[-73.8145,40.61106],[-73.8145,40.61074],[-73.81521,40.60982],[-73.81492,40.60906],[-73.81477,40.60885],[-73.81476,40.60846],[-73.81487,40.60802],[-73.815,40.60783],[-73.81496,40.60764],[-73.81506,40.60732],[-73.81523,40.60705],[-73.81562,40.6067],[-73.81574,40.60647],[-73.81546,40.60643],[-73.81553,40.60616],[-73.81558,40.60617],[-73.81553,40.60641],[-73.81571,40.60644],[-73.81573,40.60635],[-73.81581,40.60637],[-73.81596,40.60626],[-73.81601,40.60614],[-73.81596,40.60614],[-73.81597,40.60607],[-73.81589,40.60603],[-73.81589,40.60593],[-73.81594,40.60593],[-73.81599,40.60573],[-73.81609,40.60574],[-73.81643,40.60522],[-73.81739,40.60516],[-73.81725,40.60394],[-73.81772,40.60222],[-73.81831,40.60134],[-73.81849,40.59939],[-73.81899,40.59826],[-73.81928,40.59753],[-73.81974,40.59752],[-73.82038,40.59657],[-73.82053,40.59614],[-73.82045,40.59575],[-73.8206,40.5956],[-73.82062,40.59535],[-73.82067,40.5952],[-73.82093,40.59511],[-73.8212,40.59478],[-73.82136,40.59469],[-73.82223,40.59486],[-73.82264,40.5949],[-73.82368,40.5949],[-73.8248,40.59508],[-73.82565,40.59496],[-73.8259,40.59486],[-73.82625,40.59495],[-73.82836,40.59479],[-73.82914,40.59481],[-73.82937,40.59472],[-73.82972,40.59464],[-73.83048,40.59459],[-73.83136,40.59463],[-73.83241,40.59462],[-73.83305,40.59481],[-73.83382,40.59495],[-73.83466,40.59517],[-73.83485,40.59554],[-73.83469,40.5959],[-73.83446,40.59623],[-73.8344,40.59646],[-73.8342,40.59666],[-73.83387,40.59679],[-73.83352,40.59698],[-73.83336,40.59724],[-73.83291,40.59746],[-73.83215,40.59768],[-73.83239,40.5978],[-73.83154,40.59795],[-73.83126,40.59789],[-73.83108,40.59779],[-73.83076,40.59745],[-73.83063,40.59743],[-73.8305,40.5975],[-73.8305,40.59762],[-73.83039,40.59773],[-73.83027,40.5978],[-73.83005,40.59781],[-73.82985,40.59787],[-73.82976,40.59799],[-73.82948,40.59813],[-73.82935,40.59808],[-73.82927,40.59798],[-73.82921,40.59783],[-73.8291,40.59776],[-73.82874,40.59776],[-73.82857,40.59768],[-73.82832,40.59764],[-73.82806,40.59768],[-73.82785,40.59792],[-73.82785,40.598],[-73.82722,40.59833],[-73.82713,40.59843],[-73.8271,40.59852],[-73.82717,40.59861],[-73.8271,40.59869],[-73.827,40.59867],[-73.8269,40.59871],[-73.82684,40.5988],[-73.82668,40.59895],[-73.82629,40.59921],[-73.82618,40.59938],[-73.82608,40.59945],[-73.82598,40.59947],[-73.82585,40.59944],[-73.82591,40.59928],[-73.82591,40.59911],[-73.82572,40.59875],[-73.82557,40.59855],[-73.82535,40.59838],[-73.82508,40.59821],[-73.82481,40.59814],[-73.82465,40.59815],[-73.82448,40.5982],[-73.82432,40.59831],[-73.82396,40.59888],[-73.82452,40.59895],[-73.82474,40.5984],[-73.82477,40.59839],[-73.82449,40.59911],[-73.82453,40.59913],[-73.82439,40.5991],[-73.82447,40.59911],[-73.82452,40.59897],[-73.82408,40.59891],[-73.82411,40.59899],[-73.82422,40.59907],[-73.82417,40.5993],[-73.82407,40.59929],[-73.82379,40.59985],[-73.82377,40.60004],[-73.82317,40.59998],[-73.82318,40.60008],[-73.82312,40.60008],[-73.82315,40.59998],[-73.82303,40.59993],[-73.823,40.60005],[-73.82304,40.60007],[-73.82293,40.60006],[-73.82298,40.60004],[-73.823,40.59993],[-73.82258,40.59989],[-73.82256,40.59994],[-73.82236,40.59992],[-73.82216,40.59987],[-73.82211,40.59982],[-73.82194,40.5998],[-73.8218,40.59986],[-73.82169,40.59995],[-73.82147,40.59999],[-73.82148,40.60005],[-73.82173,40.60008],[-73.82172,40.60013],[-73.82235,40.60018],[-73.82234,40.60023],[-73.82248,40.60024],[-73.82249,40.6002],[-73.82261,40.60021],[-73.82261,40.60019],[-73.82315,40.60026],[-73.82331,40.60027],[-73.82332,40.60023],[-73.82444,40.60034],[-73.82441,40.60059],[-73.82445,40.6008],[-73.8243,40.60079],[-73.8243,40.60085],[-73.82414,40.60089],[-73.82399,40.601],[-73.82388,40.60125],[-73.82351,40.60155],[-73.82345,40.60176],[-73.82362,40.60203],[-73.82358,40.60227],[-73.82323,40.6023],[-73.82305,40.60234],[-73.82294,40.60258],[-73.82277,40.6042],[-73.82278,40.60453],[-73.8229,40.60469],[-73.82282,40.60494],[-73.82272,40.60495],[-73.82259,40.60509],[-73.82253,40.60524],[-73.82254,40.60543],[-73.82247,40.60552],[-73.82248,40.60558],[-73.8226,40.60569],[-73.8229,40.60585],[-73.82236,40.60647],[-73.82225,40.60642],[-73.82211,40.60647],[-73.82174,40.60672],[-73.82168,40.60682],[-73.82126,40.607],[-73.8212,40.6071],[-73.82126,40.60714],[-73.82117,40.60725],[-73.82119,40.60728],[-73.82108,40.60738],[-73.82089,40.60764],[-73.8209,40.60778],[-73.82003,40.60892],[-73.81994,40.60934],[-73.81998,40.60956],[-73.81981,40.60983],[-73.81962,40.61048],[-73.82052,40.61195],[-73.82043,40.61199],[-73.82043,40.61207],[-73.82058,40.61223],[-73.82076,40.61229],[-73.82088,40.61226],[-73.82098,40.612],[-73.82108,40.6119],[-73.82099,40.61169],[-73.82111,40.61143],[-73.82126,40.61131],[-73.82128,40.6111],[-73.82121,40.6109],[-73.82106,40.61076],[-73.82063,40.61053],[-73.82055,40.61043],[-73.82049,40.61022],[-73.82056,40.60995],[-73.82075,40.60962],[-73.82086,40.60923],[-73.82115,40.60906],[-73.8212,40.60889],[-73.82138,40.60855],[-73.82161,40.60848],[-73.82176,40.60862],[-73.82168,40.60872],[-73.82183,40.60896],[-73.82169,40.60913],[-73.82167,40.60923],[-73.8218,40.6094],[-73.82186,40.60987],[-73.8221,40.61016],[-73.82233,40.61029],[-73.82254,40.61023],[-73.82274,40.61033],[-73.82289,40.61034],[-73.82319,40.61094],[-73.82335,40.61115],[-73.82353,40.61132],[-73.82382,40.6115],[-73.8238,40.61213],[-73.82235,40.61426],[-73.82157,40.61491],[-73.82128,40.61573],[-73.82082,40.61558],[-73.81966,40.61573]]],[[[-73.89076,40.56822],[-73.89029,40.56817],[-73.89016,40.56823],[-73.89002,40.56809],[-73.88963,40.56798],[-73.88959,40.56794],[-73.88879,40.56793],[-73.8884,40.56808],[-73.88837,40.56814],[-73.88834,40.56807],[-73.88806,40.56802],[-73.88747,40.56813],[-73.88688,40.56835],[-73.88686,40.56838],[-73.88655,40.56847],[-73.88537,40.56686],[-73.89554,40.56402],[-73.89613,40.56536],[-73.89582,40.56562],[-73.89543,40.56615],[-73.89533,40.56634],[-73.89542,40.56659],[-73.89562,40.56688],[-73.89566,40.56706],[-73.89549,40.56706],[-73.89538,40.567],[-73.89531,40.56702],[-73.89413,40.56782],[-73.89345,40.56824],[-73.89314,40.5684],[-73.89261,40.56859],[-73.89249,40.56853],[-73.89146,40.56842],[-73.89076,40.56822]]]]}},{"type":"Feature","properties":{"std_name":"Manhattan 9","std_geoid":"MN09","pen":"politicians","std_note":null},"geometry":{"type":"Polygon","coordinates":[[[-73.94593,40.83281],[-73.93963,40.83016],[-73.93974,40.8301],[-73.93981,40.83],[-73.93967,40.82962],[-73.93967,40.82949],[-73.93973,40.8293],[-73.94384,40.82365],[-73.94292,40.82326],[-73.94516,40.82088],[-73.94608,40.82126],[-73.94868,40.81569],[-73.9492,40.81472],[-73.94963,40.8141],[-73.95035,40.81316],[-73.9521,40.81144],[-73.95308,40.81009],[-73.95358,40.80948],[-73.95497,40.81006],[-73.95772,40.80629],[-73.95818,40.8056],[-73.95825,40.80471],[-73.9582,40.80389],[-73.95825,40.80311],[-73.95965,40.80116],[-73.96108,40.8018],[-73.9667,40.80417],[-73.97111,40.80579],[-73.96892,40.80863],[-73.96885,40.80875],[-73.96856,40.80907],[-73.96842,40.80939],[-73.96812,40.80981],[-73.96813,40.80984],[-73.96788,40.8102],[-73.96788,40.81024],[-73.96762,40.81058],[-73.96762,40.81063],[-73.9674,40.81102],[-73.967,40.81155],[-73.96663,40.81215],[-73.96511,40.81428],[-73.96414,40.81577],[-73.9634,40.81668],[-73.96203,40.81809],[-73.96,40.82038],[-73.95981,40.8203],[-73.95913,40.82117],[-73.95926,40.82124],[-73.9593,40.82119],[-73.95943,40.82125],[-73.95915,40.82157],[-73.95903,40.82151],[-73.95923,40.82128],[-73.95909,40.82121],[-73.95882,40.82152],[-73.95894,40.82157],[-73.95875,40.82181],[-73.959,40.82241],[-73.95911,40.82245],[-73.95923,40.82229],[-73.95991,40.82257],[-73.9596,40.82299],[-73.95893,40.82271],[-73.95905,40.82254],[-73.95887,40.82245],[-73.95865,40.8219],[-73.95853,40.82184],[-73.9582,40.82228],[-73.95813,40.82253],[-73.95794,40.82277],[-73.95823,40.82289],[-73.95814,40.82302],[-73.95948,40.82358],[-73.95956,40.82369],[-73.95726,40.82712],[-73.95695,40.827],[-73.95632,40.82794],[-73.9562,40.8279],[-73.95622,40.82787],[-73.95504,40.82741],[-73.9547,40.82792],[-73.95454,40.82786],[-73.95422,40.82831],[-73.95399,40.82854],[-73.95359,40.8291],[-73.95298,40.83009],[-73.95132,40.83245],[-73.9511,40.83281],[-73.95094,40.83329],[-73.95066,40.83364],[-73.95042,40.83405],[-73.95016,40.8344],[-73.94978,40.83446],[-73.94942,40.83436],[-73.94891,40.83407],[-73.94829,40.83386],[-73.94593,40.83281]]]}},{"type":"Feature","properties":{"std_name":"Brooklyn S10","std_geoid":"BKS10","pen":"politicians","std_note":null},"geometry":{"type":"Polygon","coordinates":[[[-74.03231,40.64404],[-74.0261,40.64027],[-74.02572,40.64063],[-74.02355,40.63932],[-74.02347,40.63957],[-74.02332,40.6398],[-74.02311,40.64],[-74.02297,40.63993],[-74.02165,40.63909],[-74.02141,40.63858],[-74.02116,40.63828],[-74.0206,40.63777],[-74.01976,40.63722],[-74.01955,40.6372],[-74.01931,40.6371],[-74.01607,40.63614],[-74.01324,40.6354],[-74.0105,40.63458],[-74.00989,40.63431],[-74.00931,40.634],[-74.00662,40.63238],[-74.00377,40.63071],[-74.00163,40.62935],[-73.99718,40.62671],[-74.01702,40.60765],[-74.0155,40.60684],[-74.01747,40.60497],[-74.01751,40.60485],[-74.01812,40.60432],[-74.01818,40.60425],[-74.01823,40.60411],[-74.01943,40.60287],[-74.01975,40.60308],[-74.02025,40.60332],[-74.02054,40.60344],[-74.02102,40.60356],[-74.02931,40.6046],[-74.03005,40.60476],[-74.03102,40.60525],[-74.0318,40.60578],[-74.03213,40.6059],[-74.03271,40.60633],[-74.03359,40.60708],[-74.03427,40.60772],[-74.03443,40.60793],[-74.03465,40.60833],[-74.03496,40.60866],[-74.0353,40.60889],[-74.03568,40.60903],[-74.03604,40.6093],[-74.03611,40.60939],[-74.0363,40.60981],[-74.03656,40.61059],[-74.03686,40.61113],[-74.03728,40.61162],[-74.03873,40.61294],[-74.03921,40.61344],[-74.03982,40.61433],[-74.04023,40.61503],[-74.04048,40.61563],[-74.04073,40.61705],[-74.04138,40.61999],[-74.04153,40.62027],[-74.04162,40.62056],[-74.04162,40.62094],[-74.04158,40.62128],[-74.04167,40.62209],[-74.04175,40.62246],[-74.04169,40.6228],[-74.04171,40.62331],[-74.04186,40.62381],[-74.04189,40.62441],[-74.04168,40.62538],[-74.04143,40.62807],[-74.04128,40.62902],[-74.04109,40.62973],[-74.0411,40.63001],[-74.04106,40.63019],[-74.04094,40.63045],[-74.04075,40.63069],[-74.03929,40.63389],[-74.03681,40.63898],[-74.03876,40.63959],[-74.03869,40.63974],[-74.03672,40.63914],[-74.0362,40.64001],[-74.03571,40.64064],[-74.03598,40.64094],[-74.03635,40.64114],[-74.03673,40.64146],[-74.03678,40.64154],[-74.03674,40.64163],[-74.03445,40.64383],[-74.03454,40.64388],[-74.03407,40.64431],[-74.03284,40.64356],[-74.03262,40.64377],[-74.03231,40.64357],[-74.03224,40.64364],[-74.03254,40.64383],[-74.03231,40.64404]]]}},{"type":"Feature","properties":{"std_name":"Bronx 5","std_geoid":"BX05","pen":"politicians","std_note":null},"geometry":{"type":"Polygon","coordinates":[[[-73.89138,40.8617],[-73.89322,40.85987],[-73.89395,40.85878],[-73.9001,40.84921],[-73.90269,40.84458],[-73.90483,40.8448],[-73.90665,40.84492],[-73.91081,40.84513],[-73.91338,40.84519],[-73.91729,40.8451],[-73.92354,40.84476],[-73.92445,40.84517],[-73.92455,40.84526],[-73.9273,40.84651],[-73.92694,40.84692],[-73.92688,40.84704],[-73.92683,40.84729],[-73.92663,40.84739],[-73.9263,40.84787],[-73.92603,40.84807],[-73.92594,40.84827],[-73.92577,40.84842],[-73.92465,40.84979],[-73.92445,40.85009],[-73.92422,40.85057],[-73.92409,40.85074],[-73.92385,40.85118],[-73.92395,40.85122],[-73.92256,40.85319],[-73.92174,40.85422],[-73.92154,40.85412],[-73.92134,40.85432],[-73.92152,40.85451],[-73.9208,40.85538],[-73.92037,40.85517],[-73.9203,40.85525],[-73.92057,40.85551],[-73.92053,40.85569],[-73.92029,40.85585],[-73.92031,40.85593],[-73.91957,40.85684],[-73.91811,40.85831],[-73.91776,40.85871],[-73.91721,40.85893],[-73.91581,40.86047],[-73.91576,40.86064],[-73.91467,40.85971],[-73.91444,40.85978],[-73.91416,40.85996],[-73.91404,40.85994],[-73.91334,40.85972],[-73.91328,40.85962],[-73.91072,40.85871],[-73.91031,40.85841],[-73.91021,40.85829],[-73.9098,40.85761],[-73.90957,40.85759],[-73.90777,40.85961],[-73.90726,40.85935],[-73.9068,40.85937],[-73.90391,40.85837],[-73.90254,40.86058],[-73.90212,40.86133],[-73.90163,40.86205],[-73.90108,40.86276],[-73.89996,40.86235],[-73.89944,40.86212],[-73.89841,40.8623],[-73.89798,40.8624],[-73.89694,40.86244],[-73.89482,40.86207],[-73.89285,40.86183],[-73.89177,40.86187],[-73.89138,40.8617]]]}},{"type":"Feature","properties":{"std_name":"Brooklyn S15","std_geoid":"BKS15","pen":"politicians","std_note":null},"geometry":{"type":"Polygon","coordinates":[[[-73.91809,40.58657],[-73.91813,40.58651],[-73.91806,40.58644],[-73.91811,40.58645],[-73.91818,40.5864],[-73.91826,40.5864],[-73.91855,40.5863],[-73.91871,40.58619],[-73.91889,40.58613],[-73.91919,40.58596],[-73.91923,40.58601],[-73.91933,40.58601],[-73.91943,40.58611],[-73.91951,40.58611],[-73.91961,40.58617],[-73.91998,40.58606],[-73.92014,40.58606],[-73.92018,40.58599],[-73.92005,40.58599],[-73.92017,40.58597],[-73.92017,40.58594],[-73.92025,40.58596],[-73.9202,40.58598],[-73.92022,40.58603],[-73.9204,40.58609],[-73.92055,40.58601],[-73.92082,40.586],[-73.92082,40.58596],[-73.92087,40.58592],[-73.92073,40.58578],[-73.9207,40.5858],[-73.92067,40.58577],[-73.92074,40.58573],[-73.92076,40.58575],[-73.92074,40.58577],[-73.92089,40.5859],[-73.92093,40.58587],[-73.9209,40.58583],[-73.92099,40.58577],[-73.92088,40.5856],[-73.92091,40.58559],[-73.92101,40.58575],[-73.92108,40.58573],[-73.92147,40.58575],[-73.92151,40.58578],[-73.92176,40.5858],[-73.92178,40.58573],[-73.92184,40.58578],[-73.9219,40.58569],[-73.92195,40.58571],[-73.92185,40.58584],[-73.92212,40.58581],[-73.9223,40.58602],[-73.92235,40.58602],[-73.92272,40.586],[-73.92296,40.58589],[-73.92313,40.58596],[-73.92334,40.586],[-73.92354,40.58598],[-73.9237,40.58594],[-73.92386,40.58586],[-73.9239,40.5858],[-73.92404,40.5859],[-73.92407,40.58588],[-73.92401,40.5858],[-73.92402,40.58577],[-73.9243,40.58568],[-73.92432,40.58571],[-73.92468,40.58564],[-73.92476,40.58563],[-73.92486,40.58571],[-73.92499,40.58571],[-73.9252,40.58581],[-73.92522,40.58588],[-73.92528,40.5859],[-73.92547,40.58609],[-73.92542,40.5862],[-73.92554,40.58619],[-73.92571,40.5864],[-73.92571,40.58647],[-73.92579,40.58646],[-73.926,40.58663],[-73.92598,40.58668],[-73.92608,40.58668],[-73.92629,40.58684],[-73.9263,40.5869],[-73.92637,40.58687],[-73.92657,40.58705],[-73.9265,40.5871],[-73.9267,40.5872],[-73.92674,40.58719],[-73.92684,40.58729],[-73.92678,40.58733],[-73.92707,40.58757],[-73.92713,40.58754],[-73.92694,40.58737],[-73.92697,40.58735],[-73.92719,40.58756],[-73.92714,40.58755],[-73.9271,40.58759],[-73.92721,40.58772],[-73.92765,40.58747],[-73.92768,40.58736],[-73.92767,40.58748],[-73.92725,40.58775],[-73.92732,40.58785],[-73.92726,40.58788],[-73.92736,40.58802],[-73.92795,40.58766],[-73.92787,40.58759],[-73.92792,40.58755],[-73.92808,40.5877],[-73.92803,40.58773],[-73.92796,40.58767],[-73.92737,40.58804],[-73.92744,40.58815],[-73.92739,40.58818],[-73.9274,40.58821],[-73.9275,40.58822],[-73.9279,40.58798],[-73.9279,40.58795],[-73.92802,40.58807],[-73.92792,40.588],[-73.92756,40.58824],[-73.92752,40.58823],[-73.92753,40.58825],[-73.92745,40.5883],[-73.92749,40.58832],[-73.92743,40.58837],[-73.92755,40.58851],[-73.92763,40.58846],[-73.92776,40.58866],[-73.92663,40.58938],[-73.92665,40.58941],[-73.92483,40.59055],[-73.92395,40.59114],[-73.9242,40.59136],[-73.9246,40.5912],[-73.92476,40.59104],[-73.92589,40.59035],[-73.92816,40.58883],[-73.92836,40.58897],[-73.92842,40.58893],[-73.92822,40.58878],[-73.92836,40.58887],[-73.92867,40.58864],[-73.92863,40.58857],[-73.92876,40.58867],[-73.9287,40.58864],[-73.92839,40.58886],[-73.92847,40.58893],[-73.92838,40.58898],[-73.92844,40.58903],[-73.92862,40.58912],[-73.92891,40.58892],[-73.92886,40.58887],[-73.92888,40.58885],[-73.92895,40.58891],[-73.92863,40.58913],[-73.92873,40.58915],[-73.92913,40.58888],[-73.92926,40.58893],[-73.92924,40.58895],[-73.92913,40.5889],[-73.92885,40.58909],[-73.92882,40.58913],[-73.92884,40.58915],[-73.92876,40.58915],[-73.92888,40.58921],[-73.92885,40.58923],[-73.92892,40.58926],[-73.92906,40.5893],[-73.92908,40.58926],[-73.92965,40.58936],[-73.92998,40.58952],[-73.93001,40.58946],[-73.92975,40.58932],[-73.92936,40.58925],[-73.92937,40.58922],[-73.92977,40.58929],[-73.93003,40.58943],[-73.93058,40.58989],[-73.93055,40.58991],[-73.93039,40.58977],[-73.93034,40.58981],[-73.93023,40.58969],[-73.93027,40.58965],[-73.93016,40.58956],[-73.9301,40.58961],[-73.93031,40.58982],[-73.93038,40.58994],[-73.9303,40.59004],[-73.93057,40.59002],[-73.93055,40.58996],[-73.93059,40.58995],[-73.93063,40.59025],[-73.93059,40.59025],[-73.93057,40.59004],[-73.93047,40.59006],[-73.93053,40.59031],[-73.93065,40.59029],[-73.93067,40.59059],[-73.93063,40.59059],[-73.93063,40.59033],[-73.93053,40.59033],[-73.93047,40.59086],[-73.9305,40.59093],[-73.93062,40.59092],[-73.93063,40.59062],[-73.93065,40.59062],[-73.93064,40.59094],[-73.93049,40.59095],[-73.93046,40.591],[-73.9307,40.59102],[-73.93046,40.59103],[-73.93045,40.59108],[-73.93073,40.59109],[-73.93051,40.59109],[-73.93044,40.59112],[-73.93037,40.59121],[-73.93043,40.59125],[-73.93053,40.59119],[-73.93052,40.59121],[-73.9306,40.59119],[-73.9306,40.59148],[-73.93056,40.5915],[-73.93057,40.59123],[-73.93053,40.59123],[-73.93047,40.59127],[-73.9305,40.5913],[-73.93041,40.59173],[-73.93046,40.59172],[-73.93057,40.59153],[-73.93061,40.59154],[-73.93047,40.59175],[-73.93045,40.59225],[-73.93042,40.59225],[-73.93044,40.59175],[-73.9304,40.59176],[-73.9303,40.5923],[-73.93036,40.5923],[-73.93037,40.59224],[-73.93039,40.59225],[-73.93036,40.59248],[-73.93034,40.59246],[-73.93036,40.59231],[-73.9303,40.59231],[-73.93029,40.59245],[-73.9302,40.59238],[-73.93018,40.59241],[-73.93035,40.59255],[-73.93027,40.59262],[-73.93033,40.59255],[-73.93019,40.59245],[-73.93002,40.59268],[-73.93012,40.59273],[-73.9301,40.59276],[-73.93019,40.59267],[-73.93021,40.59268],[-73.93011,40.5928],[-73.92999,40.59273],[-73.92996,40.59282],[-73.92991,40.59285],[-73.93007,40.5929],[-73.9301,40.59287],[-73.93005,40.593],[-73.93006,40.59292],[-73.92989,40.59287],[-73.92983,40.5929],[-73.92971,40.59312],[-73.92998,40.59316],[-73.93002,40.59305],[-73.93004,40.59306],[-73.92996,40.59331],[-73.92994,40.59331],[-73.92998,40.59317],[-73.92974,40.59314],[-73.92982,40.59337],[-73.93004,40.59335],[-73.9298,40.59339],[-73.92978,40.59344],[-73.92985,40.59353],[-73.92986,40.59378],[-73.93002,40.59409],[-73.93022,40.59397],[-73.93005,40.5936],[-73.93008,40.5936],[-73.93023,40.59393],[-73.93046,40.59381],[-73.93052,40.59388],[-73.93036,40.59398],[-73.93057,40.59419],[-73.93055,40.5942],[-73.9303,40.59394],[-73.93004,40.5941],[-73.93043,40.5944],[-73.93061,40.59448],[-73.93076,40.59438],[-73.9306,40.59422],[-73.93062,40.5942],[-73.93083,40.59441],[-73.93081,40.59443],[-73.93077,40.59439],[-73.93066,40.59446],[-73.93077,40.59449],[-73.93083,40.59443],[-73.93094,40.59446],[-73.93126,40.59424],[-73.93122,40.59418],[-73.93133,40.59428],[-73.93128,40.59426],[-73.93095,40.59447],[-73.93137,40.59453],[-73.93159,40.5945],[-73.93162,40.59437],[-73.93174,40.59437],[-73.93174,40.59428],[-73.93176,40.59428],[-73.93176,40.59438],[-73.93163,40.59438],[-73.93161,40.5945],[-73.93137,40.59455],[-73.93085,40.59445],[-73.93078,40.5945],[-73.93102,40.59462],[-73.93114,40.59464],[-73.9317,40.59471],[-73.93193,40.59469],[-73.93217,40.59486],[-73.93231,40.59492],[-73.93245,40.59491],[-73.93237,40.5948],[-73.93241,40.59482],[-73.93256,40.59476],[-73.93258,40.59479],[-73.93244,40.59484],[-73.93248,40.59492],[-73.93267,40.59491],[-73.93283,40.5948],[-73.93268,40.59424],[-73.9326,40.59411],[-73.93235,40.59387],[-73.93191,40.59309],[-73.93183,40.59299],[-73.93176,40.59283],[-73.93167,40.59285],[-73.93176,40.59304],[-73.93171,40.59305],[-73.93153,40.59269],[-73.93163,40.59283],[-73.93174,40.59279],[-73.93167,40.59264],[-73.93156,40.59255],[-73.93149,40.5923],[-73.93143,40.59223],[-73.93144,40.59217],[-73.93131,40.59216],[-73.93114,40.59201],[-73.93136,40.59193],[-73.9314,40.5918],[-73.93101,40.59193],[-73.93099,40.59182],[-73.93115,40.59183],[-73.93115,40.59186],[-73.93135,40.59179],[-73.9313,40.59169],[-73.93141,40.59164],[-73.93143,40.5916],[-73.93105,40.59173],[-73.93108,40.5916],[-73.9311,40.5916],[-73.93108,40.59169],[-73.93123,40.59164],[-73.93131,40.59136],[-73.93125,40.59164],[-73.93142,40.59159],[-73.93145,40.59157],[-73.93142,40.59151],[-73.93149,40.59148],[-73.93148,40.59143],[-73.93154,40.59135],[-73.93148,40.59135],[-73.93147,40.5914],[-73.93143,40.59124],[-73.93146,40.59124],[-73.93148,40.59134],[-73.93155,40.59134],[-73.93156,40.59129],[-73.93155,40.5912],[-73.93143,40.59114],[-73.9314,40.59081],[-73.93142,40.59061],[-73.93134,40.59062],[-73.93113,40.58955],[-73.93121,40.58953],[-73.93109,40.58933],[-73.93101,40.58931],[-73.93089,40.58921],[-73.9307,40.58894],[-73.93069,40.58882],[-73.93062,40.58885],[-73.93057,40.58878],[-73.93009,40.58899],[-73.93007,40.58895],[-73.93059,40.58875],[-73.93053,40.58868],[-73.93065,40.58867],[-73.93064,40.58862],[-73.93055,40.58863],[-73.9304,40.58847],[-73.92974,40.58864],[-73.92973,40.58861],[-73.93039,40.58844],[-73.93036,40.5884],[-73.93036,40.58828],[-73.93026,40.58823],[-73.9297,40.58761],[-73.92972,40.58756],[-73.93135,40.58733],[-73.93137,40.58717],[-73.9313,40.58705],[-73.93128,40.58689],[-73.93118,40.5868],[-73.93105,40.58681],[-73.93106,40.58691],[-73.93081,40.58692],[-73.93081,40.5869],[-73.92964,40.58703],[-73.93082,40.58688],[-73.93083,40.58691],[-73.93102,40.58689],[-73.93101,40.58683],[-73.93053,40.58686],[-73.92967,40.58696],[-73.92956,40.58704],[-73.92919,40.58709],[-73.92857,40.58706],[-73.9283,40.58692],[-73.92814,40.58678],[-73.92811,40.5867],[-73.92808,40.5867],[-73.92806,40.58657],[-73.92812,40.58633],[-73.92804,40.58632],[-73.92804,40.58629],[-73.92811,40.58629],[-73.92815,40.58618],[-73.92792,40.58614],[-73.92793,40.58609],[-73.92816,40.58611],[-73.92817,40.58617],[-73.9282,40.58613],[-73.92828,40.58611],[-73.92816,40.58586],[-73.92786,40.58592],[-73.92774,40.58605],[-73.92737,40.58601],[-73.92734,40.58604],[-73.92753,40.58626],[-73.92759,40.58625],[-73.9276,40.5864],[-73.92752,40.5864],[-73.92751,40.58627],[-73.92728,40.58604],[-73.92737,40.58596],[-73.9273,40.58587],[-73.92721,40.58581],[-73.92711,40.5858],[-73.92676,40.5856],[-73.92669,40.58555],[-73.92666,40.58547],[-73.92638,40.5853],[-73.92631,40.58536],[-73.9266,40.58553],[-73.92655,40.58558],[-73.92549,40.58502],[-73.92553,40.58498],[-73.92628,40.58535],[-73.92635,40.58528],[-73.92618,40.58518],[-73.92621,40.58516],[-73.92552,40.58483],[-73.92531,40.58464],[-73.92526,40.58468],[-73.92503,40.58471],[-73.92455,40.58461],[-73.9245,40.58466],[-73.9241,40.58466],[-73.92398,40.58472],[-73.92374,40.58474],[-73.92373,40.58477],[-73.92345,40.58482],[-73.92303,40.58477],[-73.92272,40.58467],[-73.92119,40.58465],[-73.92111,40.58464],[-73.92101,40.58458],[-73.92073,40.58467],[-73.92029,40.58466],[-73.9202,40.58463],[-73.92015,40.58467],[-73.91998,40.58467],[-73.9198,40.58479],[-73.91965,40.58483],[-73.91958,40.58491],[-73.91923,40.58493],[-73.91911,40.58497],[-73.91903,40.58506],[-73.91884,40.58504],[-73.9189,40.58509],[-73.91886,40.5851],[-73.91887,40.58515],[-73.91884,40.58513],[-73.91885,40.58517],[-73.9188,40.58522],[-73.91842,40.58537],[-73.91825,40.58542],[-73.91827,40.58533],[-73.91824,40.58532],[-73.91816,40.58536],[-73.91816,40.58542],[-73.91813,40.58545],[-73.91794,40.58547],[-73.91767,40.58561],[-73.91753,40.58563],[-73.91736,40.58558],[-73.91732,40.5856],[-73.91736,40.58562],[-73.91732,40.58568],[-73.91713,40.58569],[-73.91707,40.58571],[-73.91707,40.58574],[-73.9159,40.58463],[-73.91575,40.58442],[-73.91714,40.58408],[-73.91831,40.58389],[-73.91986,40.58374],[-73.92116,40.58369],[-73.9235,40.58376],[-73.92796,40.58421],[-73.92998,40.58423],[-73.92963,40.5834],[-73.93043,40.58325],[-73.93067,40.58316],[-73.93081,40.58307],[-73.93089,40.58293],[-73.93086,40.58287],[-73.93073,40.58285],[-73.93074,40.58276],[-73.93092,40.58278],[-73.93096,40.58273],[-73.93171,40.58281],[-73.93172,40.58288],[-73.9318,40.5829],[-73.93184,40.58295],[-73.93178,40.58304],[-73.93194,40.58311],[-73.93198,40.58311],[-73.93193,40.58287],[-73.93238,40.58292],[-73.93237,40.58296],[-73.93201,40.58293],[-73.93199,40.58294],[-73.93202,40.58311],[-73.9326,40.58292],[-73.93282,40.58295],[-73.93304,40.58294],[-73.93349,40.58306],[-73.93349,40.58296],[-73.93421,40.58298],[-73.93421,40.58309],[-73.93437,40.58311],[-73.93438,40.58314],[-73.93456,40.58317],[-73.93456,40.58302],[-73.93528,40.5831],[-73.93528,40.58324],[-73.93569,40.58328],[-73.93572,40.58325],[-73.93572,40.58315],[-73.93568,40.58315],[-73.93567,40.58302],[-73.93582,40.58302],[-73.93583,40.58315],[-73.93576,40.58316],[-73.93577,40.58328],[-73.93613,40.58331],[-73.93621,40.5833],[-73.93625,40.58325],[-73.93629,40.583],[-73.93613,40.58298],[-73.93613,40.58301],[-73.9361,40.58301],[-73.9361,40.58295],[-73.93657,40.58296],[-73.93656,40.58299],[-73.93635,40.58298],[-73.93635,40.583],[-73.9363,40.583],[-73.93632,40.58318],[-73.93654,40.58316],[-73.93658,40.58324],[-73.93697,40.58323],[-73.93699,40.58302],[-73.93663,40.58297],[-73.93706,40.58298],[-73.93705,40.58308],[-73.93763,40.5831],[-73.93705,40.5831],[-73.93703,40.58313],[-73.93703,40.58302],[-73.93701,40.58302],[-73.93701,40.58323],[-73.93705,40.58324],[-73.93708,40.58333],[-73.93712,40.58335],[-73.9373,40.58335],[-73.93732,40.58329],[-73.93783,40.58329],[-73.93789,40.58334],[-73.93812,40.58334],[-73.93809,40.58312],[-73.93824,40.58312],[-73.93826,40.58328],[-73.93833,40.58334],[-73.93855,40.58334],[-73.93848,40.58318],[-73.93867,40.58316],[-73.93863,40.58307],[-73.93879,40.58307],[-73.93878,40.58309],[-73.93867,40.58308],[-73.9387,40.58316],[-73.9393,40.58317],[-73.9393,40.58333],[-73.93983,40.58333],[-73.93983,40.58317],[-73.93986,40.58317],[-73.93986,40.58333],[-73.94058,40.58333],[-73.94057,40.58309],[-73.94011,40.58308],[-73.94068,40.58307],[-73.94059,40.58309],[-73.94059,40.58321],[-73.94063,40.58321],[-73.94064,40.58333],[-73.9407,40.58333],[-73.9407,40.5833],[-73.94092,40.5833],[-73.9409,40.58309],[-73.94074,40.58308],[-73.94103,40.58307],[-73.94091,40.58309],[-73.94093,40.5833],[-73.94116,40.5833],[-73.9411,40.58309],[-73.9412,40.58309],[-73.94115,40.58311],[-73.94121,40.5833],[-73.94126,40.58334],[-73.94144,40.58334],[-73.94149,40.58353],[-73.94154,40.58352],[-73.94157,40.58361],[-73.94255,40.58351],[-73.94202,40.58311],[-73.94215,40.58311],[-73.9427,40.58351],[-73.94305,40.58349],[-73.94256,40.58313],[-73.94269,40.58312],[-73.9432,40.58349],[-73.94354,40.58347],[-73.94309,40.58313],[-73.94323,40.58313],[-73.94369,40.58347],[-73.94407,40.58347],[-73.94364,40.58315],[-73.94377,40.58314],[-73.94423,40.58348],[-73.94462,40.5835],[-73.94417,40.58316],[-73.94432,40.58316],[-73.94478,40.58351],[-73.94517,40.58352],[-73.94471,40.58317],[-73.94485,40.58316],[-73.94535,40.58353],[-73.94573,40.58354],[-73.94527,40.58318],[-73.94538,40.58318],[-73.9459,40.58355],[-73.94629,40.58357],[-73.9458,40.58319],[-73.94592,40.58319],[-73.94643,40.58356],[-73.94679,40.58355],[-73.94632,40.58321],[-73.94645,40.58321],[-73.94692,40.58355],[-73.94727,40.58353],[-73.94682,40.58319],[-73.94701,40.58319],[-73.94747,40.58353],[-73.94837,40.58349],[-73.95349,40.58299],[-73.9533,40.582],[-73.9497,40.58232],[-73.94274,40.581],[-73.93381,40.58113],[-73.93381,40.58121],[-73.93513,40.58118],[-73.93514,40.5813],[-73.93511,40.5813],[-73.9351,40.58121],[-73.93376,40.58123],[-73.93376,40.58119],[-73.9334,40.58122],[-73.9334,40.58116],[-73.93376,40.58118],[-73.93376,40.58113],[-73.933,40.58114],[-73.933,40.58128],[-73.93297,40.58128],[-73.93296,40.58115],[-73.93291,40.58115],[-73.93291,40.58128],[-73.93287,40.58129],[-73.93287,40.58115],[-73.93281,40.58115],[-73.9327,40.58127],[-73.93258,40.58126],[-73.9325,40.58115],[-73.93202,40.57954],[-73.93181,40.57896],[-73.93183,40.57868],[-73.93169,40.57818],[-73.93164,40.57817],[-73.93106,40.57627],[-73.93106,40.57616],[-73.9315,40.57566],[-73.93334,40.57557],[-73.93486,40.57553],[-73.9349,40.57549],[-73.93489,40.57522],[-73.935,40.57523],[-73.935,40.57544],[-73.93508,40.57551],[-73.93576,40.57573],[-73.93623,40.57584],[-73.93647,40.57586],[-73.9366,40.57577],[-73.93667,40.57543],[-73.93671,40.57542],[-73.93676,40.57543],[-73.9368,40.57554],[-73.93683,40.57556],[-73.94251,40.57537],[-73.94254,40.57544],[-73.94248,40.57549],[-73.94256,40.57556],[-73.94364,40.57577],[-73.94428,40.5758],[-73.94451,40.57577],[-73.94463,40.57569],[-73.94455,40.57529],[-73.9446,40.57524],[-73.94464,40.57526],[-73.9447,40.57548],[-73.94474,40.57551],[-73.94527,40.57557],[-73.94572,40.57556],[-73.94604,40.57547],[-73.94618,40.5753],[-73.94621,40.5752],[-73.94595,40.57521],[-73.94592,40.5752],[-73.94592,40.57512],[-73.94896,40.57478],[-73.94992,40.57455],[-73.95019,40.57456],[-73.95133,40.57442],[-73.95208,40.5744],[-73.95254,40.57422],[-73.95276,40.57421],[-73.95312,40.57429],[-73.95374,40.5743],[-73.95393,40.57424],[-73.95399,40.57427],[-73.95403,40.57409],[-73.95408,40.57407],[-73.95411,40.5741],[-73.9541,40.57429],[-73.95413,40.57433],[-73.95429,40.57573],[-73.95365,40.57582],[-73.95397,40.57732],[-73.95403,40.5774],[-73.95444,40.5796],[-73.95471,40.58062],[-73.95507,40.58168],[-73.95505,40.58183],[-73.95494,40.58197],[-73.95592,40.58245],[-73.95602,40.58256],[-73.95604,40.58274],[-73.95646,40.58266],[-73.95703,40.58304],[-73.95724,40.58304],[-73.95911,40.58286],[-73.96005,40.58327],[-73.96015,40.58358],[-73.96034,40.58597],[-73.96032,40.58651],[-73.96035,40.58731],[-73.96052,40.58945],[-73.97434,40.58794],[-73.97422,40.59011],[-73.97651,40.59145],[-73.97731,40.59198],[-73.97818,40.59246],[-73.98372,40.59582],[-73.97324,40.59698],[-73.97235,40.60335],[-73.97218,40.60419],[-73.9724,40.60565],[-73.97299,40.60881],[-73.9674,40.60946],[-73.9663,40.60956],[-73.9536,40.61095],[-73.95259,40.61111],[-73.95167,40.61131],[-73.9516,40.61138],[-73.95091,40.61163],[-73.95078,40.61164],[-73.94912,40.61305],[-73.94574,40.61536],[-73.94483,40.61605],[-73.94406,40.61199],[-73.94383,40.61192],[-73.93901,40.6076],[-73.93905,40.60743],[-73.93849,40.60692],[-73.93835,40.607],[-73.93789,40.60659],[-73.9381,40.6062],[-73.93843,40.60597],[-73.93426,40.60223],[-73.93355,40.60269],[-73.92992,40.59944],[-73.92813,40.59778],[-73.92957,40.59682],[-73.91819,40.58661],[-73.91809,40.58657]]]}},{"type":"Feature","properties":{"std_name":"Staten Island 2","std_geoid":"SI02","pen":"politicians","std_note":null},"geometry":{"type":"Polygon","coordinates":[[[-74.19569,40.63502],[-74.19556,40.63502],[-74.18369,40.62874],[-74.1819,40.62776],[-74.17994,40.6266],[-74.17888,40.62593],[-74.17828,40.62545],[-74.1761,40.62341],[-74.1752,40.62271],[-74.1746,40.62236],[-74.17361,40.62195],[-74.17327,40.62184],[-74.17236,40.62164],[-74.17181,40.62154],[-74.16954,40.62127],[-74.16889,40.62115],[-74.16808,40.62094],[-74.16484,40.61957],[-74.16235,40.61834],[-74.16163,40.61793],[-74.15987,40.61681],[-74.15793,40.61546],[-74.15317,40.61176],[-74.15019,40.6095],[-74.14887,40.60877],[-74.14789,40.60836],[-74.14724,40.60814],[-74.14628,40.60789],[-74.1455,40.60773],[-74.14456,40.60762],[-74.14355,40.60757],[-74.14288,40.60759],[-74.13094,40.60821],[-74.12875,40.60839],[-74.12651,40.60866],[-74.12453,40.60902],[-74.12351,40.60923],[-74.12135,40.60977],[-74.11687,40.61097],[-74.11567,40.61118],[-74.11509,40.61121],[-74.11393,40.61118],[-74.11327,40.6111],[-74.11264,40.61097],[-74.11048,40.61042],[-74.11001,40.61034],[-74.1089,40.61025],[-74.10723,40.61025],[-74.10549,40.61034],[-74.09777,40.61062],[-74.09593,40.61064],[-74.09482,40.61055],[-74.09411,40.61041],[-74.09306,40.61012],[-74.09045,40.60909],[-74.08543,40.60702],[-74.08355,40.60655],[-74.08281,40.60641],[-74.08155,40.60629],[-74.07657,40.60612],[-74.07543,40.60599],[-74.074,40.60573],[-74.07298,40.60547],[-74.07198,40.60516],[-74.06914,40.60404],[-74.06551,40.60272],[-74.06351,40.60215],[-74.0633,40.60197],[-74.06171,40.60178],[-74.06189,40.60156],[-74.06196,40.60124],[-74.06108,40.59982],[-74.06376,40.59893],[-74.06206,40.59685],[-74.06056,40.59491],[-74.06182,40.59419],[-74.06279,40.59342],[-74.06304,40.59331],[-74.06316,40.59331],[-74.06336,40.59291],[-74.06445,40.59214],[-74.06534,40.59143],[-74.06663,40.59034],[-74.06939,40.58761],[-74.07144,40.58506],[-74.07176,40.58479],[-74.07237,40.58439],[-74.07275,40.58406],[-74.07412,40.58272],[-74.07525,40.58152],[-74.07915,40.57805],[-74.08036,40.57728],[-74.08244,40.57611],[-74.08546,40.57433],[-74.08813,40.57283],[-74.08853,40.57256],[-74.08877,40.57237],[-74.08946,40.57168],[-74.08946,40.57161],[-74.09028,40.57078],[-74.09204,40.56889],[-74.09275,40.5681],[-74.09277,40.56794],[-74.09387,40.56841],[-74.10127,40.57228],[-74.10427,40.57381],[-74.10471,40.57401],[-74.10524,40.57309],[-74.1031,40.572],[-74.10393,40.57094],[-74.10392,40.57034],[-74.10439,40.57029],[-74.10484,40.5702],[-74.10527,40.57004],[-74.10565,40.56985],[-74.10598,40.56961],[-74.10616,40.56944],[-74.10662,40.56892],[-74.1066,40.56878],[-74.10307,40.56712],[-74.09763,40.56448],[-74.10174,40.55991],[-74.10226,40.56011],[-74.103,40.56047],[-74.10485,40.5616],[-74.10558,40.56199],[-74.11014,40.56431],[-74.11211,40.56551],[-74.1143,40.56268],[-74.12309,40.56797],[-74.1249,40.56895],[-74.12345,40.56992],[-74.12279,40.57043],[-74.12217,40.57094],[-74.12163,40.5715],[-74.12145,40.57178],[-74.12139,40.57209],[-74.12134,40.57268],[-74.12139,40.57298],[-74.12183,40.57422],[-74.12185,40.57465],[-74.12173,40.57491],[-74.12276,40.57557],[-74.12318,40.57575],[-74.1235,40.57581],[-74.12535,40.5759],[-74.12666,40.57628],[-74.12709,40.57637],[-74.1273,40.57578],[-74.12765,40.57523],[-74.13272,40.5735],[-74.13379,40.5733],[-74.1458,40.57185],[-74.14699,40.57201],[-74.14724,40.57146],[-74.15015,40.57127],[-74.16256,40.56673],[-74.16439,40.56562],[-74.165,40.56145],[-74.16555,40.56064],[-74.16592,40.56029],[-74.16983,40.56109],[-74.17068,40.56121],[-74.17139,40.56136],[-74.17185,40.56152],[-74.17349,40.56227],[-74.17489,40.56283],[-74.17659,40.56324],[-74.17758,40.56376],[-74.17795,40.56398],[-74.17931,40.56906],[-74.18123,40.56968],[-74.18307,40.57104],[-74.18428,40.57123],[-74.1861,40.57253],[-74.18918,40.57553],[-74.18922,40.57532],[-74.18904,40.57388],[-74.18901,40.57325],[-74.18909,40.57219],[-74.18925,40.57134],[-74.1892,40.57093],[-74.19025,40.57106],[-74.19007,40.57176],[-74.18998,40.57231],[-74.1899,40.57328],[-74.18998,40.57449],[-74.19046,40.57668],[-74.19177,40.57662],[-74.19763,40.57914],[-74.1993,40.57912],[-74.20073,40.57932],[-74.20355,40.58],[-74.20596,40.57931],[-74.20596,40.58005],[-74.20601,40.58025],[-74.20599,40.58041],[-74.20592,40.58047],[-74.20589,40.58056],[-74.20576,40.58066],[-74.20577,40.58081],[-74.20572,40.58097],[-74.20542,40.58107],[-74.20539,40.58114],[-74.20529,40.5812],[-74.20527,40.58137],[-74.20508,40.5816],[-74.20507,40.58166],[-74.20512,40.58172],[-74.20512,40.58178],[-74.20507,40.58191],[-74.20513,40.58207],[-74.20509,40.58221],[-74.20497,40.58256],[-74.20486,40.58267],[-74.20477,40.58269],[-74.20476,40.58276],[-74.20471,40.5828],[-74.20475,40.58295],[-74.2047,40.58301],[-74.20475,40.58309],[-74.20474,40.58318],[-74.20462,40.58321],[-74.2045,40.58357],[-74.2044,40.58371],[-74.2044,40.58385],[-74.20447,40.58404],[-74.20463,40.58432],[-74.20442,40.58452],[-74.20436,40.58463],[-74.20444,40.58505],[-74.20441,40.58513],[-74.20441,40.58552],[-74.20432,40.5856],[-74.20435,40.58568],[-74.20434,40.58575],[-74.20414,40.58584],[-74.20412,40.5859],[-74.20427,40.58611],[-74.20425,40.58631],[-74.2042,40.58641],[-74.20427,40.58732],[-74.20438,40.58756],[-74.20439,40.58793],[-74.20454,40.58799],[-74.20458,40.58822],[-74.2045,40.58834],[-74.20427,40.58848],[-74.20426,40.58863],[-74.20418,40.58867],[-74.20413,40.58877],[-74.20412,40.58888],[-74.2042,40.58909],[-74.20432,40.58914],[-74.20457,40.58872],[-74.20471,40.58877],[-74.20444,40.58922],[-74.20465,40.58929],[-74.20441,40.58971],[-74.2042,40.58964],[-74.20386,40.59025],[-74.2037,40.5902],[-74.20394,40.58981],[-74.20389,40.58979],[-74.20266,40.59072],[-74.20253,40.59065],[-74.20238,40.59064],[-74.20228,40.59069],[-74.20201,40.5909],[-74.20247,40.59084],[-74.20259,40.59088],[-74.20305,40.59114],[-74.20296,40.59123],[-74.20245,40.59095],[-74.20203,40.591],[-74.20212,40.59125],[-74.20207,40.59132],[-74.2019,40.59139],[-74.20183,40.59154],[-74.20184,40.59164],[-74.202,40.59178],[-74.2023,40.59147],[-74.20229,40.59151],[-74.20232,40.59152],[-74.20228,40.59152],[-74.20202,40.59179],[-74.20206,40.59181],[-74.20201,40.59186],[-74.20194,40.59182],[-74.20175,40.59202],[-74.20182,40.59205],[-74.20178,40.5921],[-74.20172,40.59205],[-74.2013,40.59253],[-74.20093,40.59287],[-74.20075,40.59275],[-74.20047,40.59281],[-74.20043,40.59284],[-74.20041,40.59298],[-74.20033,40.5931],[-74.20004,40.59329],[-74.19974,40.59356],[-74.19949,40.59387],[-74.19936,40.59409],[-74.19949,40.59424],[-74.19948,40.59432],[-74.1994,40.59441],[-74.19902,40.59468],[-74.19887,40.59494],[-74.1988,40.59495],[-74.19873,40.59501],[-74.19863,40.59523],[-74.19863,40.59539],[-74.19856,40.59555],[-74.1984,40.59579],[-74.19825,40.59591],[-74.19801,40.59626],[-74.19795,40.59647],[-74.19764,40.59678],[-74.19751,40.5968],[-74.19752,40.59736],[-74.19746,40.59744],[-74.19745,40.59756],[-74.1975,40.59772],[-74.19738,40.59781],[-74.19731,40.59806],[-74.19742,40.5982],[-74.19744,40.59846],[-74.19838,40.60086],[-74.19876,40.60171],[-74.19918,40.60236],[-74.20015,40.60368],[-74.20139,40.60464],[-74.20222,40.60597],[-74.20282,40.60827],[-74.20274,40.60883],[-74.20267,40.60983],[-74.2023,40.61188],[-74.20244,40.61328],[-74.20045,40.61633],[-74.20059,40.61703],[-74.20076,40.61705],[-74.20083,40.61709],[-74.20091,40.6178],[-74.20087,40.61788],[-74.2009,40.618],[-74.20087,40.6181],[-74.20078,40.61811],[-74.2007,40.61798],[-74.20054,40.618],[-74.20044,40.61808],[-74.20036,40.61823],[-74.20035,40.61834],[-74.20052,40.61863],[-74.20077,40.61874],[-74.20084,40.6188],[-74.20082,40.61886],[-74.2007,40.61895],[-74.20068,40.61917],[-74.20082,40.61957],[-74.20096,40.61977],[-74.20098,40.61991],[-74.20104,40.6201],[-74.20098,40.62017],[-74.20099,40.62032],[-74.20107,40.62038],[-74.20077,40.62039],[-74.20051,40.6203],[-74.20046,40.62035],[-74.2005,40.62046],[-74.20043,40.6205],[-74.20044,40.62054],[-74.20053,40.62057],[-74.20087,40.62059],[-74.20088,40.62066],[-74.20099,40.62078],[-74.201,40.62089],[-74.20112,40.62107],[-74.20126,40.62155],[-74.20129,40.62159],[-74.20143,40.62161],[-74.2014,40.62165],[-74.20131,40.62166],[-74.20123,40.62207],[-74.20123,40.62219],[-74.20132,40.62252],[-74.20128,40.62269],[-74.20155,40.6227],[-74.20163,40.62312],[-74.20162,40.62335],[-74.20158,40.6235],[-74.20152,40.62354],[-74.20134,40.62355],[-74.20134,40.62359],[-74.20141,40.62366],[-74.2014,40.62374],[-74.20108,40.62408],[-74.20114,40.62447],[-74.20098,40.62536],[-74.20106,40.62556],[-74.20106,40.6259],[-74.2011,40.626],[-74.20118,40.62611],[-74.20121,40.62611],[-74.20122,40.62605],[-74.20142,40.62607],[-74.20099,40.62934],[-74.2008,40.62933],[-74.20075,40.62959],[-74.20062,40.62959],[-74.20048,40.62966],[-74.20043,40.62982],[-74.20041,40.63025],[-74.20073,40.63028],[-74.20077,40.63025],[-74.2008,40.63027],[-74.20079,40.63035],[-74.20075,40.63037],[-74.20072,40.63032],[-74.2004,40.63029],[-74.20032,40.63082],[-74.20018,40.63133],[-74.20036,40.63138],[-74.20043,40.63136],[-74.2004,40.63146],[-74.20035,40.63147],[-74.20035,40.63141],[-74.20017,40.63136],[-74.20014,40.63148],[-74.20002,40.63162],[-74.19958,40.63194],[-74.19869,40.6327],[-74.1985,40.6328],[-74.19834,40.63296],[-74.1984,40.63308],[-74.19834,40.63314],[-74.19816,40.63323],[-74.19796,40.63327],[-74.19769,40.63311],[-74.19759,40.63308],[-74.19746,40.63322],[-74.19729,40.63329],[-74.19729,40.63341],[-74.19723,40.6335],[-74.19729,40.63374],[-74.19719,40.63388],[-74.19711,40.63396],[-74.19689,40.63395],[-74.19677,40.63403],[-74.19663,40.63404],[-74.19647,40.63414],[-74.1964,40.63423],[-74.19633,40.63453],[-74.19618,40.63463],[-74.1962,40.63473],[-74.19603,40.63488],[-74.19603,40.635],[-74.19588,40.63507],[-74.19569,40.63502]]]}},{"type":"Feature","properties":{"std_name":"Manhattan 12","std_geoid":"MN12","pen":"politicians","std_note":null},"geometry":{"type":"Polygon","coordinates":[[[-73.93445,40.83598],[-73.9348,40.83611],[-73.93496,40.83576],[-73.9373,40.83398],[-73.93818,40.83328],[-73.93849,40.833],[-73.93877,40.83266],[-73.93903,40.83229],[-73.93936,40.8316],[-73.93956,40.83131],[-73.9399,40.83095],[-73.94017,40.83038],[-73.94593,40.83281],[-73.94829,40.83386],[-73.94891,40.83407],[-73.94942,40.83436],[-73.94978,40.83446],[-73.95016,40.8344],[-73.94998,40.83488],[-73.94989,40.83528],[-73.94974,40.83563],[-73.94968,40.83592],[-73.94969,40.83611],[-73.94962,40.83623],[-73.94955,40.8366],[-73.94946,40.83671],[-73.94928,40.83674],[-73.9493,40.83677],[-73.94948,40.83681],[-73.94954,40.83688],[-73.94915,40.83793],[-73.94893,40.83864],[-73.94856,40.83956],[-73.94843,40.83986],[-73.94823,40.84012],[-73.94797,40.84065],[-73.94738,40.84194],[-73.94717,40.84216],[-73.94694,40.84262],[-73.94646,40.84325],[-73.94612,40.84389],[-73.94608,40.8446],[-73.94616,40.84513],[-73.94622,40.84526],[-73.94617,40.84539],[-73.94628,40.84569],[-73.94644,40.84589],[-73.94647,40.84588],[-73.94648,40.84592],[-73.94645,40.84592],[-73.94652,40.846],[-73.94635,40.84616],[-73.94635,40.84624],[-73.94647,40.84653],[-73.94664,40.84668],[-73.94672,40.84682],[-73.94682,40.84713],[-73.94681,40.84729],[-73.9467,40.8475],[-73.94664,40.84794],[-73.94662,40.84828],[-73.94668,40.84884],[-73.94664,40.84891],[-73.94673,40.84927],[-73.94686,40.84943],[-73.94685,40.84954],[-73.94697,40.84982],[-73.94695,40.84989],[-73.947,40.84996],[-73.94696,40.84999],[-73.94703,40.85004],[-73.94695,40.8501],[-73.94702,40.85013],[-73.94702,40.8502],[-73.94705,40.85022],[-73.94693,40.85053],[-73.94652,40.85097],[-73.94637,40.85097],[-73.94632,40.85092],[-73.94635,40.85087],[-73.94628,40.85084],[-73.94617,40.85096],[-73.9462,40.85103],[-73.94616,40.85105],[-73.94612,40.85097],[-73.94608,40.85098],[-73.94614,40.85109],[-73.94612,40.85117],[-73.94577,40.85117],[-73.94573,40.85123],[-73.94565,40.85121],[-73.94545,40.85143],[-73.9454,40.85142],[-73.94539,40.85145],[-73.94525,40.85149],[-73.94527,40.85157],[-73.94515,40.85159],[-73.94498,40.85173],[-73.94469,40.85182],[-73.94467,40.85192],[-73.9445,40.85196],[-73.94451,40.85189],[-73.94442,40.8519],[-73.9444,40.85189],[-73.94441,40.85185],[-73.94433,40.85182],[-73.94421,40.85193],[-73.9442,40.85202],[-73.94401,40.852],[-73.94396,40.85212],[-73.94388,40.85217],[-73.94348,40.85228],[-73.94303,40.85263],[-73.94261,40.85307],[-73.94247,40.85317],[-73.94187,40.85387],[-73.94183,40.85399],[-73.94158,40.85435],[-73.94141,40.85468],[-73.94131,40.8548],[-73.94123,40.85501],[-73.941,40.85536],[-73.94101,40.85542],[-73.94096,40.85552],[-73.94086,40.85562],[-73.94075,40.85585],[-73.94069,40.85585],[-73.94049,40.8562],[-73.94029,40.85664],[-73.94015,40.85683],[-73.94009,40.85686],[-73.93995,40.85707],[-73.93978,40.85723],[-73.93968,40.85729],[-73.93928,40.85786],[-73.93922,40.85789],[-73.93911,40.85804],[-73.93891,40.85841],[-73.93844,40.85907],[-73.93831,40.85938],[-73.93785,40.85983],[-73.93753,40.8601],[-73.93759,40.86015],[-73.93758,40.8602],[-73.93714,40.86078],[-73.93704,40.86106],[-73.93681,40.86126],[-73.93681,40.86136],[-73.93648,40.86193],[-73.93559,40.86297],[-73.93443,40.8645],[-73.93436,40.86473],[-73.93423,40.86481],[-73.93402,40.86504],[-73.93402,40.8652],[-73.93395,40.86535],[-73.93379,40.86543],[-73.93357,40.86577],[-73.93357,40.86584],[-73.93344,40.86599],[-73.9334,40.86614],[-73.93332,40.86624],[-73.93326,40.86624],[-73.93313,40.86643],[-73.93266,40.86724],[-73.9329,40.86729],[-73.93284,40.86742],[-73.93265,40.86736],[-73.93266,40.86733],[-73.9326,40.86731],[-73.93243,40.86757],[-73.93235,40.86798],[-73.93237,40.86806],[-73.93227,40.86856],[-73.93249,40.86868],[-73.93263,40.86846],[-73.93265,40.86847],[-73.93252,40.86872],[-73.93231,40.86863],[-73.93225,40.86864],[-73.93231,40.86892],[-73.93257,40.86898],[-73.93257,40.86904],[-73.9325,40.86913],[-73.93229,40.8692],[-73.93219,40.86937],[-73.93247,40.86948],[-73.93235,40.86976],[-73.93227,40.86973],[-73.93236,40.86951],[-73.93213,40.86942],[-73.93206,40.86958],[-73.93205,40.86964],[-73.9321,40.86976],[-73.9322,40.86984],[-73.93221,40.8701],[-73.93205,40.87058],[-73.93203,40.87076],[-73.93191,40.87113],[-73.93147,40.8718],[-73.93138,40.87211],[-73.93122,40.87234],[-73.93106,40.87267],[-73.93085,40.87289],[-73.92998,40.87434],[-73.92986,40.87442],[-73.92918,40.87556],[-73.92901,40.87574],[-73.92815,40.87652],[-73.92797,40.87662],[-73.92753,40.87671],[-73.9269,40.87722],[-73.92648,40.87762],[-73.92641,40.87762],[-73.9263,40.87757],[-73.92631,40.87745],[-73.92644,40.87733],[-73.92644,40.87722],[-73.92634,40.87712],[-73.92619,40.87706],[-73.92587,40.87706],[-73.92555,40.8771],[-73.92518,40.87726],[-73.92508,40.8774],[-73.92503,40.87737],[-73.92483,40.87742],[-73.92457,40.87743],[-73.92382,40.87726],[-73.92355,40.8773],[-73.92329,40.87726],[-73.92312,40.87719],[-73.92292,40.87703],[-73.9228,40.87701],[-73.92281,40.87698],[-73.92267,40.87692],[-73.9226,40.87692],[-73.92259,40.87687],[-73.92254,40.87687],[-73.9224,40.87678],[-73.92238,40.87676],[-73.92238,40.87637],[-73.92244,40.87569],[-73.92259,40.87532],[-73.92267,40.87498],[-73.92266,40.87464],[-73.92258,40.8743],[-73.92234,40.87387],[-73.92198,40.8735],[-73.92164,40.87327],[-73.92112,40.87303],[-73.9206,40.87299],[-73.92029,40.8731],[-73.92013,40.87319],[-73.91999,40.87335],[-73.91996,40.87341],[-73.91994,40.87358],[-73.91991,40.87361],[-73.91979,40.87361],[-73.91979,40.87365],[-73.91996,40.87368],[-73.91999,40.87384],[-73.92013,40.87392],[-73.92014,40.87391],[-73.9202,40.87396],[-73.92021,40.87394],[-73.92024,40.87396],[-73.92022,40.87398],[-73.9205,40.87416],[-73.92054,40.87415],[-73.92063,40.87423],[-73.92077,40.87418],[-73.9208,40.87419],[-73.92081,40.87422],[-73.92066,40.87428],[-73.9207,40.87439],[-73.92082,40.87462],[-73.92092,40.87475],[-73.92092,40.8748],[-73.92111,40.87501],[-73.92118,40.87514],[-73.9211,40.87529],[-73.9209,40.87547],[-73.92066,40.87539],[-73.92053,40.87541],[-73.92048,40.87534],[-73.9197,40.87499],[-73.91927,40.87485],[-73.91886,40.87464],[-73.91886,40.87459],[-73.91906,40.8744],[-73.91919,40.8742],[-73.91924,40.87405],[-73.91927,40.87368],[-73.91929,40.87365],[-73.91916,40.87361],[-73.9191,40.87347],[-73.91892,40.87341],[-73.91896,40.87334],[-73.91893,40.87332],[-73.91878,40.87334],[-73.9187,40.87328],[-73.91872,40.87325],[-73.9186,40.87329],[-73.9185,40.87319],[-73.91841,40.8732],[-73.9184,40.87323],[-73.91842,40.87327],[-73.91861,40.87337],[-73.91863,40.87344],[-73.9186,40.8735],[-73.91847,40.87357],[-73.91841,40.87355],[-73.91841,40.87364],[-73.9182,40.87375],[-73.91812,40.87384],[-73.91806,40.87385],[-73.91793,40.87398],[-73.91758,40.87455],[-73.9175,40.87452],[-73.91789,40.87396],[-73.91787,40.8739],[-73.91774,40.87401],[-73.91759,40.87404],[-73.9174,40.87416],[-73.91698,40.87433],[-73.91671,40.87435],[-73.91634,40.87452],[-73.9161,40.8745],[-73.91568,40.87453],[-73.91522,40.87449],[-73.91359,40.87403],[-73.9131,40.87385],[-73.91261,40.87376],[-73.91229,40.87363],[-73.91143,40.87318],[-73.91117,40.87298],[-73.91096,40.87262],[-73.91076,40.87245],[-73.91065,40.8723],[-73.91054,40.87206],[-73.91055,40.87202],[-73.91043,40.87149],[-73.91043,40.87138],[-73.91054,40.87129],[-73.91058,40.87118],[-73.91072,40.87095],[-73.91068,40.87087],[-73.91076,40.87057],[-73.91075,40.87026],[-73.91088,40.86974],[-73.91088,40.86966],[-73.91085,40.86965],[-73.91092,40.86958],[-73.91095,40.86945],[-73.91092,40.86944],[-73.91106,40.86941],[-73.91135,40.86952],[-73.91147,40.86945],[-73.91146,40.86938],[-73.91103,40.86916],[-73.91113,40.86897],[-73.91113,40.86892],[-73.91115,40.86888],[-73.91128,40.86885],[-73.91133,40.8688],[-73.91133,40.86868],[-73.91148,40.86841],[-73.91151,40.86828],[-73.91171,40.8681],[-73.91175,40.86794],[-73.91181,40.86788],[-73.91181,40.86781],[-73.91191,40.8677],[-73.91185,40.86767],[-73.91273,40.86661],[-73.91255,40.86651],[-73.91392,40.86475],[-73.91431,40.86463],[-73.91492,40.86458],[-73.91454,40.86441],[-73.91441,40.86417],[-73.91509,40.86445],[-73.91543,40.86442],[-73.91545,40.86433],[-73.91563,40.86431],[-73.91566,40.86435],[-73.9159,40.86431],[-73.91593,40.8642],[-73.91587,40.86413],[-73.91558,40.86407],[-73.91536,40.86408],[-73.9152,40.86395],[-73.91518,40.86368],[-73.91536,40.86355],[-73.91548,40.86335],[-73.91545,40.86321],[-73.91535,40.86316],[-73.91541,40.86309],[-73.91539,40.86308],[-73.91552,40.86291],[-73.91557,40.86293],[-73.91562,40.86288],[-73.91567,40.8629],[-73.91611,40.86249],[-73.9168,40.86198],[-73.91705,40.86189],[-73.91729,40.86168],[-73.9175,40.86136],[-73.91783,40.86104],[-73.91782,40.86095],[-73.91792,40.86083],[-73.91788,40.8608],[-73.91843,40.86022],[-73.91836,40.8602],[-73.91839,40.86008],[-73.91845,40.85999],[-73.91861,40.85986],[-73.91862,40.85978],[-73.91869,40.85973],[-73.91872,40.85964],[-73.9188,40.85956],[-73.91878,40.85955],[-73.9195,40.85879],[-73.9204,40.85916],[-73.92046,40.8591],[-73.91985,40.85884],[-73.91977,40.85879],[-73.92048,40.8591],[-73.92043,40.85917],[-73.92065,40.85926],[-73.92107,40.85994],[-73.92127,40.86019],[-73.92136,40.86021],[-73.92159,40.86007],[-73.92169,40.85984],[-73.9217,40.85969],[-73.92174,40.85967],[-73.92165,40.85955],[-73.92173,40.85956],[-73.92174,40.85958],[-73.92183,40.85956],[-73.92184,40.85952],[-73.92178,40.8595],[-73.92178,40.85944],[-73.92173,40.85939],[-73.92185,40.85938],[-73.92179,40.85935],[-73.92186,40.85929],[-73.92187,40.85918],[-73.92181,40.85914],[-73.92182,40.85912],[-73.92158,40.85906],[-73.9213,40.85888],[-73.92139,40.8589],[-73.92137,40.85888],[-73.92126,40.85885],[-73.92126,40.85872],[-73.9211,40.85862],[-73.92112,40.85859],[-73.92107,40.85855],[-73.92112,40.85845],[-73.92107,40.85842],[-73.92106,40.85832],[-73.92109,40.8583],[-73.92094,40.85828],[-73.92091,40.85822],[-73.92094,40.85812],[-73.92062,40.85802],[-73.92048,40.85823],[-73.92035,40.8582],[-73.92036,40.85816],[-73.92047,40.8582],[-73.92048,40.85817],[-73.92043,40.85815],[-73.92049,40.85817],[-73.92051,40.85814],[-73.92048,40.85811],[-73.92052,40.85813],[-73.92056,40.85806],[-73.92052,40.85805],[-73.92058,40.85801],[-73.92054,40.858],[-73.92057,40.85796],[-73.92053,40.85795],[-73.92057,40.85796],[-73.9206,40.8579],[-73.92056,40.85788],[-73.92077,40.85794],[-73.92078,40.8579],[-73.92072,40.85788],[-73.92076,40.85781],[-73.92071,40.85778],[-73.92068,40.85782],[-73.9207,40.85778],[-73.92063,40.8578],[-73.92069,40.85777],[-73.92067,40.85774],[-73.92071,40.8577],[-73.92074,40.8577],[-73.92072,40.85777],[-73.92086,40.8578],[-73.92082,40.85781],[-73.92091,40.85784],[-73.92092,40.85782],[-73.92101,40.85784],[-73.92099,40.85778],[-73.92095,40.85781],[-73.92082,40.85775],[-73.92084,40.85772],[-73.92096,40.85778],[-73.92099,40.85776],[-73.92098,40.85774],[-73.92086,40.85771],[-73.92094,40.85772],[-73.92096,40.85769],[-73.92089,40.85766],[-73.92091,40.85762],[-73.92081,40.85761],[-73.92077,40.85765],[-73.92078,40.85757],[-73.92072,40.85763],[-73.9207,40.85762],[-73.92076,40.85756],[-73.92098,40.85761],[-73.921,40.85759],[-73.92095,40.85756],[-73.92101,40.85758],[-73.92103,40.85756],[-73.9209,40.85749],[-73.921,40.85748],[-73.92105,40.85738],[-73.92116,40.85744],[-73.92107,40.85752],[-73.92112,40.85754],[-73.92122,40.85752],[-73.9213,40.85742],[-73.92152,40.85735],[-73.92159,40.85726],[-73.92156,40.85709],[-73.9217,40.85702],[-73.92189,40.85698],[-73.92204,40.85685],[-73.92207,40.85678],[-73.92216,40.85677],[-73.92217,40.85674],[-73.92211,40.85672],[-73.92217,40.85666],[-73.92238,40.85658],[-73.92237,40.85628],[-73.92234,40.85625],[-73.92237,40.85622],[-73.92238,40.85598],[-73.92234,40.85568],[-73.92206,40.85605],[-73.9217,40.85667],[-73.92152,40.8566],[-73.92176,40.8563],[-73.92182,40.85633],[-73.92216,40.85589],[-73.92228,40.85565],[-73.92342,40.85423],[-73.92444,40.85284],[-73.92522,40.85174],[-73.92626,40.85018],[-73.92972,40.84523],[-73.93015,40.84445],[-73.93089,40.84254],[-73.93296,40.83879],[-73.93391,40.83713],[-73.9342,40.83657],[-73.93445,40.83598]]]}},{"type":"Feature","properties":{"std_name":"Brooklyn N09","std_geoid":"BKN09","pen":"politicians","std_note":null},"geometry":{"type":"Polygon","coordinates":[[[-73.92872,40.6645],[-73.9316,40.66323],[-73.9309,40.65661],[-73.93764,40.65617],[-73.9597,40.65484],[-73.95986,40.65563],[-73.96188,40.65488],[-73.96246,40.65829],[-73.96307,40.66221],[-73.963,40.66244],[-73.96292,40.66258],[-73.96245,40.66318],[-73.96096,40.66329],[-73.96258,40.67164],[-73.96132,40.67141],[-73.95797,40.67066],[-73.95527,40.67012],[-73.92835,40.66865],[-73.92872,40.6645]]]}},{"type":"Feature","properties":{"std_name":"Brooklyn N16","std_geoid":"BKN16","pen":"politicians","std_note":null},"geometry":{"type":"Polygon","coordinates":[[[-73.91077,40.68309],[-73.90349,40.6789],[-73.90358,40.67888],[-73.90339,40.67804],[-73.90332,40.67787],[-73.90335,40.67711],[-73.90346,40.67604],[-73.90347,40.67551],[-73.90266,40.6722],[-73.90229,40.67094],[-73.90167,40.66841],[-73.90042,40.66381],[-73.89922,40.65911],[-73.89957,40.65896],[-73.89956,40.65847],[-73.89964,40.65798],[-73.89979,40.65751],[-73.90012,40.65675],[-73.90043,40.65626],[-73.90062,40.65602],[-73.90105,40.65557],[-73.90154,40.65517],[-73.90755,40.65119],[-73.91067,40.65401],[-73.91093,40.65417],[-73.91106,40.65432],[-73.91314,40.65622],[-73.9241,40.66604],[-73.92439,40.66638],[-73.92275,40.6671],[-73.92182,40.67694],[-73.91646,40.67665],[-73.9163,40.67858],[-73.91639,40.67891],[-73.91805,40.68721],[-73.91077,40.68309]]]}},{"type":"Feature","properties":{"std_name":"Bronx 3","std_geoid":"BX03","pen":"politicians","std_note":null},"geometry":{"type":"Polygon","coordinates":[[[-73.88072,40.83752],[-73.88121,40.83678],[-73.88194,40.83546],[-73.88298,40.83404],[-73.88425,40.83259],[-73.8845,40.83223],[-73.8851,40.83115],[-73.88528,40.83064],[-73.88542,40.83012],[-73.88579,40.82782],[-73.8879,40.82674],[-73.88998,40.82681],[-73.89293,40.82679],[-73.89385,40.82734],[-73.89757,40.82942],[-73.90129,40.82048],[-73.90566,40.82156],[-73.90646,40.82172],[-73.90991,40.82255],[-73.9107,40.82232],[-73.91159,40.82213],[-73.91182,40.82204],[-73.91189,40.82214],[-73.91757,40.82388],[-73.91609,40.82484],[-73.91661,40.82499],[-73.91217,40.8279],[-73.91166,40.82875],[-73.91139,40.82914],[-73.9074,40.83623],[-73.90598,40.83851],[-73.90538,40.83977],[-73.90269,40.84458],[-73.90094,40.84438],[-73.90151,40.84337],[-73.90033,40.84299],[-73.89964,40.84423],[-73.89482,40.84368],[-73.89538,40.84294],[-73.88942,40.83942],[-73.88869,40.83916],[-73.88814,40.83986],[-73.8866,40.83928],[-73.88618,40.84011],[-73.88611,40.84047],[-73.8817,40.83799],[-73.88072,40.83752]]]}},{"type":"Feature","properties":{"std_name":"QE 11","std_geoid":"QE11","pen":"politicians","std_note":null},"geometry":{"type":"Polygon","coordinates":[[[-73.71352,40.75984],[-73.71498,40.75978],[-73.71613,40.75966],[-73.71685,40.75953],[-73.71767,40.75931],[-73.71832,40.75908],[-73.71897,40.75878],[-73.71956,40.75845],[-73.71998,40.75816],[-73.72063,40.75762],[-73.72111,40.75711],[-73.72146,40.75666],[-73.72161,40.7564],[-73.7218,40.75607],[-73.72207,40.7555],[-73.72241,40.75492],[-73.72265,40.7546],[-73.72327,40.75395],[-73.72384,40.75346],[-73.72603,40.75217],[-73.72641,40.75192],[-73.72709,40.75134],[-73.72738,40.75103],[-73.72788,40.75039],[-73.72825,40.74969],[-73.72849,40.74904],[-73.72872,40.7482],[-73.72907,40.74739],[-73.72915,40.74727],[-73.72993,40.74619],[-73.73063,40.74536],[-73.73106,40.74489],[-73.73227,40.74382],[-73.73375,40.74275],[-73.73437,40.74235],[-73.73816,40.74038],[-73.73901,40.73975],[-73.73933,40.73947],[-73.73987,40.73887],[-73.74152,40.73686],[-73.74295,40.73546],[-73.74472,40.73401],[-73.74555,40.7334],[-73.74672,40.73248],[-73.74981,40.72975],[-73.75048,40.72922],[-73.75184,40.72833],[-73.75297,40.72771],[-73.75442,40.72704],[-73.75528,40.72672],[-73.7567,40.72623],[-73.75787,40.72711],[-73.75832,40.72736],[-73.76024,40.72831],[-73.76161,40.72905],[-73.76234,40.72954],[-73.76328,40.73024],[-73.76435,40.73115],[-73.76529,40.73211],[-73.76564,40.73253],[-73.7637,40.73286],[-73.76471,40.73409],[-73.7625,40.73473],[-73.76273,40.73526],[-73.76249,40.73618],[-73.76246,40.73655],[-73.76249,40.73673],[-73.7626,40.73709],[-73.76557,40.74326],[-73.76649,40.74375],[-73.76688,40.74409],[-73.76698,40.74422],[-73.76773,40.74578],[-73.76858,40.74552],[-73.76937,40.74522],[-73.77138,40.74425],[-73.77241,40.74388],[-73.77362,40.74363],[-73.7786,40.74291],[-73.78037,40.74259],[-73.79534,40.73849],[-73.79589,40.73838],[-73.7964,40.73828],[-73.79644,40.73844],[-73.79672,40.73842],[-73.79629,40.73855],[-73.79641,40.73859],[-73.79718,40.73999],[-73.79726,40.74021],[-73.79728,40.74045],[-73.79723,40.7417],[-73.79614,40.74257],[-73.79543,40.74326],[-73.79501,40.74374],[-73.79483,40.74399],[-73.79454,40.74451],[-73.79446,40.74497],[-73.79446,40.74544],[-73.79482,40.74842],[-73.79458,40.75356],[-73.79343,40.75334],[-73.79238,40.75307],[-73.79344,40.76076],[-73.79344,40.7616],[-73.79217,40.77098],[-73.79271,40.77379],[-73.79164,40.77424],[-73.78827,40.77508],[-73.78655,40.77556],[-73.77948,40.77766],[-73.77678,40.77841],[-73.77584,40.77861],[-73.7756,40.77932],[-73.77061,40.78208],[-73.7693,40.78078],[-73.76858,40.77988],[-73.76834,40.77963],[-73.76816,40.77964],[-73.76813,40.77959],[-73.76823,40.7795],[-73.7682,40.77944],[-73.76716,40.77978],[-73.76721,40.77987],[-73.767,40.77993],[-73.76707,40.78007],[-73.76702,40.78009],[-73.76693,40.77992],[-73.76696,40.7799],[-73.76689,40.77978],[-73.76678,40.77981],[-73.76676,40.77978],[-73.76709,40.77967],[-73.76714,40.77974],[-73.76816,40.7794],[-73.76779,40.77875],[-73.7676,40.7783],[-73.76762,40.77799],[-73.76709,40.77684],[-73.76633,40.77584],[-73.76614,40.77547],[-73.766,40.77507],[-73.76573,40.7746],[-73.7651,40.7738],[-73.76469,40.77334],[-73.76418,40.77283],[-73.76126,40.7704],[-73.76061,40.76977],[-73.76044,40.76949],[-73.7596,40.76872],[-73.75937,40.76864],[-73.75894,40.76833],[-73.75881,40.76818],[-73.75884,40.76804],[-73.75883,40.76777],[-73.75864,40.76736],[-73.75842,40.7672],[-73.75802,40.76708],[-73.75787,40.76695],[-73.75761,40.76697],[-73.75752,40.76711],[-73.75739,40.76717],[-73.75735,40.76707],[-73.75703,40.76682],[-73.75693,40.7668],[-73.75641,40.76651],[-73.75651,40.76637],[-73.7565,40.76634],[-73.75629,40.76634],[-73.75602,40.76646],[-73.75588,40.76641],[-73.75547,40.76637],[-73.75494,40.76609],[-73.75426,40.76553],[-73.7541,40.76535],[-73.75402,40.76531],[-73.75388,40.76535],[-73.75377,40.7653],[-73.7538,40.76507],[-73.75356,40.76487],[-73.75341,40.76469],[-73.75331,40.76464],[-73.75312,40.76443],[-73.75297,40.76434],[-73.75265,40.7642],[-73.75269,40.76413],[-73.75219,40.76383],[-73.75205,40.76362],[-73.75178,40.7629],[-73.7515,40.76236],[-73.75105,40.7619],[-73.75104,40.76184],[-73.75108,40.7618],[-73.75107,40.76176],[-73.7509,40.76166],[-73.75073,40.76174],[-73.75057,40.76168],[-73.75041,40.76151],[-73.74999,40.76134],[-73.74915,40.76119],[-73.74861,40.76093],[-73.74846,40.76083],[-73.74823,40.7605],[-73.74779,40.76014],[-73.74773,40.76004],[-73.74754,40.75986],[-73.74717,40.75962],[-73.74673,40.75944],[-73.74643,40.75922],[-73.74629,40.75906],[-73.74634,40.7587],[-73.7463,40.75857],[-73.74641,40.75847],[-73.74638,40.75839],[-73.74642,40.75821],[-73.74637,40.75804],[-73.74623,40.75792],[-73.74628,40.7578],[-73.74621,40.75771],[-73.74613,40.75768],[-73.74598,40.75774],[-73.74583,40.75785],[-73.74576,40.75784],[-73.74546,40.75755],[-73.74527,40.75746],[-73.74516,40.75732],[-73.74494,40.75718],[-73.74486,40.75703],[-73.74477,40.75701],[-73.74464,40.75689],[-73.74464,40.7567],[-73.74469,40.75664],[-73.74466,40.75656],[-73.74456,40.75656],[-73.74454,40.75663],[-73.74458,40.75691],[-73.74487,40.7572],[-73.74509,40.75734],[-73.74528,40.75752],[-73.74537,40.75754],[-73.74576,40.75791],[-73.74584,40.75792],[-73.74605,40.75781],[-73.74616,40.75791],[-73.7462,40.758],[-73.74631,40.75805],[-73.74627,40.75843],[-73.7461,40.75863],[-73.74606,40.75876],[-73.74616,40.75902],[-73.74636,40.75929],[-73.74655,40.75945],[-73.74709,40.75968],[-73.74749,40.75998],[-73.74765,40.76022],[-73.74816,40.76073],[-73.74825,40.76084],[-73.74821,40.76091],[-73.74824,40.76103],[-73.74823,40.76132],[-73.74837,40.76156],[-73.74848,40.76165],[-73.74887,40.7618],[-73.74914,40.76186],[-73.74936,40.76184],[-73.74938,40.76178],[-73.74934,40.7617],[-73.74933,40.76156],[-73.74928,40.76148],[-73.74917,40.76141],[-73.74917,40.76138],[-73.75004,40.76158],[-73.75019,40.76164],[-73.75057,40.76192],[-73.75064,40.76206],[-73.75111,40.76241],[-73.75142,40.76276],[-73.75151,40.76295],[-73.75157,40.76316],[-73.75156,40.76332],[-73.7517,40.76365],[-73.75222,40.76417],[-73.75225,40.76427],[-73.7524,40.76435],[-73.75251,40.76453],[-73.75274,40.76458],[-73.75305,40.76482],[-73.75321,40.76513],[-73.75348,40.76546],[-73.75371,40.76567],[-73.7538,40.76584],[-73.75402,40.76604],[-73.75415,40.7663],[-73.75436,40.76646],[-73.75464,40.76693],[-73.75489,40.76718],[-73.75507,40.76753],[-73.75508,40.76766],[-73.75496,40.76799],[-73.75487,40.76812],[-73.75483,40.76832],[-73.75486,40.7684],[-73.75479,40.76845],[-73.7547,40.76862],[-73.75449,40.76866],[-73.75439,40.76875],[-73.75444,40.76878],[-73.75467,40.76877],[-73.75471,40.7688],[-73.75473,40.769],[-73.75468,40.76925],[-73.75471,40.76974],[-73.75476,40.7699],[-73.75487,40.77003],[-73.75521,40.77068],[-73.75533,40.771],[-73.75551,40.77095],[-73.75553,40.77099],[-73.75534,40.77102],[-73.7555,40.77128],[-73.75557,40.77153],[-73.75542,40.77164],[-73.75508,40.77171],[-73.75512,40.77183],[-73.75507,40.77184],[-73.75506,40.77172],[-73.75438,40.77204],[-73.75357,40.77269],[-73.75341,40.77296],[-73.75337,40.77321],[-73.75368,40.77397],[-73.75384,40.77422],[-73.75396,40.77431],[-73.7541,40.77471],[-73.75414,40.77504],[-73.75419,40.77513],[-73.75427,40.77518],[-73.75424,40.77527],[-73.75442,40.77555],[-73.75466,40.77584],[-73.7548,40.7759],[-73.75489,40.77619],[-73.75514,40.77641],[-73.75519,40.7765],[-73.75518,40.77654],[-73.75502,40.77664],[-73.75486,40.7769],[-73.75487,40.77698],[-73.75498,40.77704],[-73.75489,40.77717],[-73.75481,40.77762],[-73.75542,40.77764],[-73.75542,40.77758],[-73.75552,40.77758],[-73.75552,40.7777],[-73.75542,40.7777],[-73.75542,40.77765],[-73.75481,40.77764],[-73.75469,40.77768],[-73.75456,40.77778],[-73.75448,40.7779],[-73.75465,40.77799],[-73.75444,40.77813],[-73.7543,40.77841],[-73.75426,40.77863],[-73.75411,40.77902],[-73.75413,40.77938],[-73.75393,40.77976],[-73.75301,40.78087],[-73.753,40.78129],[-73.75246,40.78178],[-73.75081,40.78289],[-73.75029,40.78248],[-73.74707,40.78055],[-73.74412,40.77864],[-73.74152,40.7771],[-73.74076,40.77669],[-73.74008,40.77621],[-73.73938,40.77601],[-73.73912,40.7757],[-73.73886,40.77557],[-73.7377,40.77479],[-73.73688,40.77433],[-73.73389,40.77253],[-73.73129,40.77082],[-73.72954,40.76977],[-73.72686,40.76809],[-73.72379,40.76624],[-73.72153,40.76482],[-73.72098,40.76476],[-73.72081,40.76465],[-73.72071,40.76453],[-73.72021,40.76419],[-73.71658,40.76178],[-73.71352,40.75984]]]}},{"type":"Feature","properties":{"std_name":"Bronx 12","std_geoid":"BX12","pen":"politicians","std_note":null},"geometry":{"type":"Polygon","coordinates":[[[-73.79386,40.88364],[-73.79417,40.88299],[-73.79938,40.88435],[-73.80329,40.88542],[-73.80551,40.88609],[-73.80592,40.886],[-73.80636,40.88595],[-73.80693,40.88593],[-73.80764,40.88595],[-73.80834,40.88604],[-73.81027,40.88645],[-73.81141,40.88664],[-73.8121,40.88672],[-73.81357,40.88678],[-73.81443,40.88677],[-73.81548,40.88669],[-73.81671,40.88648],[-73.824,40.88454],[-73.82487,40.88425],[-73.82586,40.88388],[-73.82651,40.88359],[-73.82837,40.8827],[-73.83007,40.88175],[-73.83084,40.88122],[-73.83138,40.8808],[-73.83203,40.88023],[-73.8326,40.87966],[-73.83348,40.87863],[-73.83405,40.87758],[-73.83425,40.87702],[-73.83449,40.87607],[-73.83444,40.87488],[-73.83447,40.87341],[-73.83427,40.87243],[-73.83395,40.87133],[-73.83372,40.87077],[-73.83269,40.86855],[-73.83071,40.86481],[-73.83056,40.86474],[-73.82892,40.86221],[-73.82812,40.86118],[-73.82834,40.86089],[-73.82951,40.86184],[-73.82973,40.86195],[-73.83089,40.86221],[-73.8316,40.86264],[-73.83578,40.86502],[-73.84793,40.87134],[-73.8486,40.87167],[-73.85364,40.8733],[-73.85555,40.87181],[-73.85603,40.87123],[-73.8566,40.87043],[-73.85745,40.86953],[-73.86654,40.8697],[-73.87054,40.86967],[-73.87056,40.87151],[-73.87203,40.87151],[-73.87519,40.87158],[-73.87255,40.87518],[-73.87161,40.87692],[-73.87015,40.88035],[-73.87068,40.88046],[-73.87084,40.88045],[-73.87187,40.88033],[-73.87192,40.88024],[-73.87495,40.87995],[-73.87479,40.88008],[-73.8747,40.88155],[-73.87813,40.88215],[-73.87773,40.88345],[-73.87761,40.88452],[-73.87787,40.88725],[-73.87792,40.88741],[-73.878,40.88745],[-73.87819,40.88805],[-73.87919,40.89031],[-73.88027,40.89228],[-73.88039,40.89269],[-73.88042,40.8929],[-73.8804,40.89331],[-73.88014,40.89506],[-73.88004,40.89522],[-73.87712,40.89547],[-73.87683,40.89619],[-73.87644,40.89687],[-73.87593,40.89749],[-73.87522,40.89815],[-73.87471,40.89851],[-73.87393,40.89896],[-73.87337,40.8992],[-73.87206,40.89971],[-73.87144,40.89999],[-73.87084,40.90031],[-73.86996,40.90083],[-73.86916,40.90143],[-73.86848,40.90207],[-73.8682,40.90236],[-73.8679,40.90294],[-73.86566,40.90224],[-73.86305,40.90151],[-73.8628,40.90154],[-73.86224,40.90127],[-73.8618,40.90112],[-73.86156,40.90106],[-73.86134,40.90111],[-73.85947,40.90052],[-73.85908,40.90101],[-73.85924,40.9011],[-73.85942,40.90139],[-73.85938,40.90157],[-73.85921,40.90155],[-73.85903,40.90144],[-73.85886,40.90171],[-73.85946,40.90193],[-73.85958,40.90244],[-73.85926,40.90267],[-73.8591,40.90264],[-73.85873,40.90229],[-73.8584,40.90221],[-73.85816,40.90231],[-73.85816,40.9026],[-73.85797,40.90285],[-73.85775,40.90279],[-73.85756,40.90292],[-73.85711,40.90365],[-73.85717,40.90408],[-73.85699,40.90458],[-73.8571,40.90471],[-73.85719,40.90469],[-73.85736,40.90473],[-73.85743,40.90484],[-73.85718,40.90529],[-73.85705,40.90529],[-73.85665,40.90506],[-73.85636,40.9051],[-73.85601,40.90531],[-73.85601,40.90548],[-73.8565,40.90556],[-73.85692,40.90597],[-73.85681,40.90616],[-73.85656,40.90626],[-73.85596,40.90622],[-73.8558,40.90626],[-73.85553,40.90638],[-73.85514,40.90687],[-73.85424,40.90703],[-73.85374,40.90779],[-73.85383,40.90797],[-73.85423,40.90802],[-73.85471,40.90801],[-73.85491,40.90835],[-73.85459,40.90894],[-73.85392,40.90947],[-73.8536,40.90961],[-73.85335,40.91004],[-73.85296,40.91035],[-73.85277,40.91041],[-73.85258,40.91031],[-73.85266,40.91002],[-73.85246,40.90986],[-73.85227,40.90985],[-73.85178,40.91016],[-73.85149,40.91027],[-73.85145,40.91045],[-73.85107,40.91037],[-73.85348,40.90753],[-73.85228,40.90708],[-73.85092,40.90662],[-73.85017,40.90751],[-73.84864,40.90681],[-73.84708,40.90616],[-73.84538,40.90566],[-73.84482,40.90553],[-73.84493,40.90466],[-73.84489,40.90419],[-73.84139,40.90417],[-73.84113,40.9035],[-73.84106,40.90321],[-73.84087,40.90186],[-73.84078,40.90163],[-73.84065,40.9014],[-73.83925,40.8995],[-73.83919,40.89935],[-73.83917,40.89904],[-73.83921,40.89881],[-73.83966,40.89789],[-73.83965,40.89733],[-73.83839,40.89407],[-73.83804,40.89414],[-73.83631,40.8936],[-73.83526,40.89339],[-73.83357,40.89281],[-73.83268,40.8926],[-73.83185,40.89235],[-73.83096,40.89203],[-73.82866,40.89137],[-73.82722,40.89091],[-73.82268,40.88962],[-73.82249,40.8901],[-73.82326,40.88999],[-73.82337,40.89108],[-73.82285,40.89121],[-73.81949,40.89029],[-73.81828,40.88985],[-73.81661,40.88943],[-73.81602,40.88932],[-73.81574,40.8892],[-73.81517,40.88904],[-73.81127,40.8881],[-73.8099,40.88774],[-73.80872,40.88748],[-73.80756,40.88711],[-73.80291,40.88603],[-73.80192,40.88571],[-73.7993,40.88507],[-73.79386,40.88364]]]}},{"type":"Feature","properties":{"std_name":"QE 10","std_geoid":"QE10","pen":"politicians","std_note":null},"geometry":{"type":"MultiPolygon","coordinates":[[[[-73.80119,40.67242],[-73.80113,40.67055],[-73.80118,40.6691],[-73.80134,40.66777],[-73.80153,40.66684],[-73.80203,40.66525],[-73.803,40.66522],[-73.80432,40.66512],[-73.80414,40.66507],[-73.8061,40.66483],[-73.80647,40.66385],[-73.80737,40.66067],[-73.80769,40.66045],[-73.80789,40.66055],[-73.81156,40.66124],[-73.81184,40.66124],[-73.81197,40.6613],[-73.81201,40.66132],[-73.812,40.66146],[-73.81166,40.66261],[-73.8115,40.66286],[-73.81117,40.66318],[-73.81177,40.66293],[-73.81282,40.66272],[-73.81389,40.66257],[-73.81497,40.66247],[-73.81792,40.66296],[-73.82305,40.66355],[-73.82426,40.66352],[-73.82584,40.66339],[-73.82949,40.66382],[-73.83203,40.66484],[-73.83212,40.66503],[-73.83248,40.66497],[-73.83029,40.6604],[-73.82991,40.65967],[-73.82931,40.6589],[-73.8286,40.6572],[-73.82807,40.65527],[-73.8269,40.65035],[-73.82896,40.65008],[-73.82945,40.65004],[-73.82987,40.65043],[-73.83001,40.65092],[-73.83038,40.65115],[-73.83053,40.65133],[-73.8307,40.6514],[-73.83094,40.65163],[-73.83099,40.65177],[-73.8311,40.65226],[-73.83133,40.65275],[-73.83129,40.65348],[-73.83156,40.6536],[-73.83161,40.65375],[-73.83158,40.65381],[-73.83118,40.65417],[-73.8312,40.65419],[-73.83043,40.65483],[-73.83016,40.655],[-73.83013,40.65503],[-73.83017,40.65501],[-73.83021,40.65503],[-73.83018,40.65506],[-73.83013,40.65504],[-73.83008,40.65514],[-73.82917,40.65586],[-73.82904,40.65602],[-73.82901,40.65611],[-73.82911,40.65612],[-73.82919,40.65607],[-73.82967,40.6556],[-73.82985,40.65564],[-73.83015,40.65566],[-73.83031,40.65562],[-73.83044,40.65552],[-73.83058,40.65532],[-73.83056,40.65515],[-73.83055,40.65536],[-73.83053,40.65536],[-73.83054,40.65491],[-73.83057,40.65514],[-73.83056,40.65489],[-73.8306,40.65481],[-73.83134,40.65417],[-73.83145,40.6541],[-73.83147,40.65412],[-73.83171,40.65393],[-73.83195,40.65403],[-73.832,40.654],[-73.83205,40.65405],[-73.83212,40.65427],[-73.832,40.65444],[-73.83216,40.65451],[-73.83222,40.65446],[-73.83217,40.65453],[-73.83205,40.65448],[-73.8319,40.65463],[-73.83186,40.65461],[-73.83149,40.65498],[-73.83141,40.65519],[-73.83136,40.65547],[-73.83116,40.65592],[-73.83093,40.65603],[-73.83075,40.65607],[-73.83021,40.65634],[-73.83008,40.65647],[-73.83009,40.65651],[-73.83003,40.65657],[-73.82993,40.65657],[-73.8298,40.65649],[-73.82955,40.65642],[-73.82938,40.65651],[-73.82926,40.65661],[-73.82924,40.65666],[-73.82931,40.65693],[-73.8291,40.65713],[-73.82897,40.65721],[-73.82901,40.65743],[-73.82918,40.6578],[-73.82932,40.65788],[-73.82951,40.65791],[-73.82965,40.65809],[-73.83013,40.6584],[-73.83012,40.65845],[-73.83005,40.65849],[-73.82985,40.65847],[-73.82971,40.6585],[-73.82963,40.65856],[-73.8296,40.65866],[-73.82975,40.65895],[-73.82993,40.65918],[-73.83001,40.65955],[-73.83015,40.65981],[-73.83018,40.65976],[-73.83012,40.65964],[-73.83001,40.65916],[-73.82983,40.65896],[-73.8297,40.65866],[-73.82971,40.6586],[-73.82979,40.65857],[-73.83,40.65859],[-73.8302,40.65851],[-73.83024,40.65843],[-73.83024,40.65835],[-73.83001,40.65818],[-73.82983,40.65812],[-73.82963,40.65785],[-73.82951,40.6578],[-73.82937,40.65779],[-73.82922,40.65771],[-73.82906,40.65744],[-73.82909,40.65733],[-73.82935,40.6571],[-73.8295,40.65691],[-73.82946,40.65669],[-73.8295,40.65665],[-73.8299,40.65673],[-73.83009,40.65674],[-73.83019,40.65669],[-73.83039,40.65644],[-73.83051,40.65634],[-73.83107,40.65614],[-73.83127,40.656],[-73.83144,40.65577],[-73.83147,40.65555],[-73.83155,40.65542],[-73.83155,40.65524],[-73.83161,40.65519],[-73.83175,40.65496],[-73.83185,40.65489],[-73.83218,40.65489],[-73.83277,40.65679],[-73.8329,40.65748],[-73.83278,40.65755],[-73.83208,40.65613],[-73.83194,40.65617],[-73.8326,40.65783],[-73.83201,40.65808],[-73.8311,40.65823],[-73.83113,40.65832],[-73.83127,40.65836],[-73.83338,40.65805],[-73.83306,40.65669],[-73.83257,40.65503],[-73.83217,40.65335],[-73.83127,40.65007],[-73.8318,40.64994],[-73.83572,40.64938],[-73.83622,40.65107],[-73.83654,40.6527],[-73.83805,40.65771],[-73.83827,40.65938],[-73.83879,40.66109],[-73.83806,40.66201],[-73.83874,40.66245],[-73.83998,40.6619],[-73.83973,40.66095],[-73.83979,40.66049],[-73.83896,40.65757],[-73.83855,40.65589],[-73.83845,40.65581],[-73.83681,40.64925],[-73.83739,40.64912],[-73.83659,40.64589],[-73.83633,40.64532],[-73.84001,40.64514],[-73.84009,40.64506],[-73.8403,40.64501],[-73.84058,40.64486],[-73.84089,40.64497],[-73.846,40.64457],[-73.84951,40.64413],[-73.85183,40.64586],[-73.8521,40.64621],[-73.85229,40.64659],[-73.85239,40.64698],[-73.85242,40.64739],[-73.85234,40.64768],[-73.85226,40.64786],[-73.85208,40.64812],[-73.85194,40.64858],[-73.85159,40.6491],[-73.8515,40.64913],[-73.85144,40.64911],[-73.85138,40.64915],[-73.85139,40.64917],[-73.85134,40.64918],[-73.85129,40.64909],[-73.85114,40.64907],[-73.85091,40.64917],[-73.85093,40.64941],[-73.8509,40.64948],[-73.85083,40.64952],[-73.85081,40.64956],[-73.85078,40.64981],[-73.85061,40.64979],[-73.85058,40.64986],[-73.85061,40.65023],[-73.85059,40.65034],[-73.85052,40.65038],[-73.85038,40.65027],[-73.85044,40.65037],[-73.85042,40.65048],[-73.85024,40.65054],[-73.85016,40.65066],[-73.84985,40.65083],[-73.84969,40.65088],[-73.84968,40.65092],[-73.84943,40.65093],[-73.84926,40.65103],[-73.84921,40.65113],[-73.84922,40.65117],[-73.84933,40.65129],[-73.8494,40.65143],[-73.8495,40.6515],[-73.84964,40.65153],[-73.84992,40.65166],[-73.85012,40.65167],[-73.85024,40.65158],[-73.85045,40.6516],[-73.8507,40.6515],[-73.85078,40.65153],[-73.85121,40.65137],[-73.85149,40.6512],[-73.85179,40.65082],[-73.85206,40.6508],[-73.85231,40.6506],[-73.85251,40.65055],[-73.85322,40.65065],[-73.85403,40.65066],[-73.85439,40.65081],[-73.85515,40.65104],[-73.85544,40.6512],[-73.85549,40.65128],[-73.85572,40.65125],[-73.85592,40.65131],[-73.85616,40.65149],[-73.85628,40.65165],[-73.85632,40.65184],[-73.85633,40.65213],[-73.85638,40.65223],[-73.85652,40.65235],[-73.85658,40.65262],[-73.85671,40.6528],[-73.85691,40.65295],[-73.85705,40.65297],[-73.85719,40.65293],[-73.8573,40.65284],[-73.85752,40.65282],[-73.85772,40.65273],[-73.85828,40.65299],[-73.85852,40.65331],[-73.85857,40.65373],[-73.85876,40.65403],[-73.85876,40.65416],[-73.859,40.65429],[-73.85915,40.6544],[-73.85927,40.65464],[-73.85931,40.65497],[-73.85967,40.65519],[-73.85996,40.65549],[-73.86073,40.65605],[-73.86084,40.65617],[-73.86106,40.65625],[-73.86136,40.65641],[-73.86135,40.65648],[-73.8614,40.65658],[-73.86136,40.65659],[-73.86099,40.65654],[-73.86067,40.65658],[-73.86062,40.65646],[-73.86062,40.65664],[-73.86044,40.6567],[-73.86045,40.65673],[-73.86052,40.65677],[-73.86045,40.65684],[-73.86031,40.6569],[-73.86021,40.65701],[-73.86016,40.65701],[-73.86011,40.65681],[-73.86007,40.65678],[-73.86003,40.65682],[-73.86006,40.65697],[-73.85983,40.65698],[-73.85996,40.65705],[-73.86007,40.65705],[-73.85994,40.65722],[-73.85992,40.65721],[-73.85981,40.65732],[-73.85979,40.65743],[-73.85994,40.65772],[-73.85971,40.65784],[-73.85957,40.65804],[-73.85956,40.6582],[-73.85964,40.65846],[-73.85989,40.65859],[-73.86026,40.65863],[-73.86031,40.65878],[-73.8602,40.65886],[-73.86023,40.6589],[-73.86045,40.6588],[-73.86039,40.65862],[-73.86051,40.65856],[-73.86051,40.6585],[-73.86057,40.65847],[-73.86063,40.6585],[-73.86072,40.65842],[-73.86092,40.65835],[-73.86098,40.65838],[-73.86098,40.65852],[-73.86086,40.65872],[-73.86062,40.65883],[-73.86049,40.65899],[-73.86048,40.65918],[-73.86061,40.65933],[-73.86072,40.6593],[-73.86079,40.65923],[-73.86086,40.659],[-73.86102,40.65891],[-73.86125,40.65872],[-73.86132,40.65851],[-73.86127,40.65827],[-73.86125,40.65822],[-73.86096,40.65806],[-73.86054,40.65809],[-73.86039,40.65824],[-73.86011,40.65833],[-73.85977,40.65828],[-73.85978,40.65824],[-73.86002,40.65811],[-73.86004,40.65803],[-73.8602,40.65799],[-73.86021,40.65791],[-73.86037,40.65789],[-73.86045,40.65784],[-73.86058,40.65784],[-73.86041,40.65776],[-73.86041,40.65761],[-73.86031,40.65742],[-73.86034,40.65725],[-73.86037,40.65721],[-73.86061,40.65716],[-73.86062,40.65721],[-73.86066,40.65717],[-73.86066,40.6571],[-73.86075,40.65708],[-73.86088,40.65691],[-73.86128,40.657],[-73.86161,40.657],[-73.86164,40.65715],[-73.86163,40.65769],[-73.86167,40.65798],[-73.8617,40.65802],[-73.8627,40.65762],[-73.86317,40.65828],[-73.86175,40.65894],[-73.86036,40.65965],[-73.85851,40.6599],[-73.85762,40.66012],[-73.85812,40.66204],[-73.85843,40.66345],[-73.85568,40.66387],[-73.85612,40.66551],[-73.85685,40.6686],[-73.85763,40.67166],[-73.86039,40.67125],[-73.86235,40.67916],[-73.85398,40.67968],[-73.84844,40.68129],[-73.84671,40.68186],[-73.84583,40.68211],[-73.84409,40.68253],[-73.81354,40.69121],[-73.81063,40.69195],[-73.80734,40.68613],[-73.80661,40.68468],[-73.8041,40.67942],[-73.80323,40.67768],[-73.80168,40.67438],[-73.80159,40.67412],[-73.8014,40.67356],[-73.8013,40.67312],[-73.80119,40.67242]]],[[[-73.85722,40.65028],[-73.86001,40.65397],[-73.86099,40.65521],[-73.86076,40.65521],[-73.86045,40.65507],[-73.85979,40.65448],[-73.85976,40.6541],[-73.85941,40.65386],[-73.85944,40.65364],[-73.85934,40.65356],[-73.85925,40.65325],[-73.85905,40.65311],[-73.85901,40.653],[-73.85898,40.65268],[-73.85855,40.65236],[-73.85783,40.65156],[-73.85732,40.65124],[-73.8573,40.65106],[-73.85696,40.65059],[-73.85715,40.6505],[-73.8572,40.65043],[-73.85722,40.65028]]],[[[-73.83033,40.65513],[-73.83041,40.65516],[-73.83041,40.65522],[-73.83027,40.65543],[-73.83,40.65555],[-73.82989,40.65552],[-73.82995,40.65542],[-73.83033,40.65513]]]]}},{"type":"Feature","properties":{"std_name":"Manhattan 5","std_geoid":"MN05","pen":"politicians","std_note":null},"geometry":{"type":"Polygon","coordinates":[[[-73.97623,40.76567],[-73.96819,40.76223],[-73.97699,40.75016],[-73.98022,40.75152],[-73.98067,40.75091],[-73.98296,40.74776],[-73.97972,40.7464],[-73.98523,40.73884],[-73.98647,40.73936],[-73.98665,40.7391],[-73.98704,40.73927],[-73.9873,40.7389],[-73.98685,40.73871],[-73.98729,40.73813],[-73.9871,40.73805],[-73.98752,40.73746],[-73.98653,40.73705],[-73.98878,40.73397],[-73.9899,40.73443],[-73.99075,40.73484],[-73.99171,40.73522],[-73.99684,40.73736],[-73.99142,40.7448],[-73.9971,40.74721],[-73.98211,40.76774],[-73.98195,40.76771],[-73.98179,40.76771],[-73.98163,40.76779],[-73.98151,40.76789],[-73.97623,40.76567]]]}},{"type":"Feature","properties":{"std_name":"Bronx 4","std_geoid":"BX04","pen":"politicians","std_note":null},"geometry":{"type":"Polygon","coordinates":[[[-73.90269,40.84458],[-73.90538,40.83977],[-73.90598,40.83851],[-73.9074,40.83623],[-73.91139,40.82914],[-73.91166,40.82875],[-73.91217,40.8279],[-73.91661,40.82499],[-73.91609,40.82484],[-73.9204,40.82206],[-73.92067,40.82184],[-73.92114,40.82156],[-73.92195,40.82103],[-73.92265,40.82049],[-73.92403,40.81929],[-73.92518,40.81801],[-73.9301,40.81927],[-73.93058,40.81935],[-73.93239,40.8195],[-73.93247,40.82158],[-73.93277,40.82546],[-73.93282,40.82561],[-73.93306,40.82809],[-73.93348,40.83122],[-73.93355,40.83151],[-73.93361,40.83279],[-73.93356,40.83299],[-73.9335,40.83312],[-73.93346,40.83364],[-73.9332,40.83477],[-73.93314,40.83519],[-73.933,40.83568],[-73.93266,40.83647],[-73.93236,40.83699],[-73.93187,40.83764],[-73.93096,40.83925],[-73.93081,40.83943],[-73.93075,40.83962],[-73.93052,40.83993],[-73.93043,40.84023],[-73.93048,40.84046],[-73.9304,40.84061],[-73.93037,40.84062],[-73.92959,40.84208],[-73.92958,40.84228],[-73.92938,40.84247],[-73.92919,40.84282],[-73.92918,40.8432],[-73.92862,40.84468],[-73.92827,40.84498],[-73.92805,40.84546],[-73.92787,40.8456],[-73.92767,40.84603],[-73.92763,40.84602],[-73.92746,40.84619],[-73.9273,40.84651],[-73.92455,40.84526],[-73.92445,40.84517],[-73.92354,40.84476],[-73.91729,40.8451],[-73.91338,40.84519],[-73.91081,40.84513],[-73.90665,40.84492],[-73.90483,40.8448],[-73.90269,40.84458]]]}},{"type":"Feature","properties":{"std_name":"Brooklyn N01","std_geoid":"BKN01","pen":"politicians","std_note":null},"geometry":{"type":"Polygon","coordinates":[[[-73.92406,40.71411],[-73.92404,40.71401],[-73.92314,40.71339],[-73.92223,40.71286],[-73.92155,40.71104],[-73.92122,40.71079],[-73.92075,40.71053],[-73.92189,40.7094],[-73.92609,40.70568],[-73.92658,40.70556],[-73.93395,40.70267],[-73.93837,40.70154],[-73.94193,40.70073],[-73.95702,40.69897],[-73.96284,40.69804],[-73.96218,40.70022],[-73.96387,40.70154],[-73.96721,40.70426],[-73.96762,40.70496],[-73.96839,40.70683],[-73.96929,40.70709],[-73.96985,40.708],[-73.96994,40.70931],[-73.96961,40.71016],[-73.9696,40.71029],[-73.96968,40.71034],[-73.96998,40.7104],[-73.97009,40.71047],[-73.97,40.71054],[-73.96968,40.71051],[-73.96962,40.71067],[-73.9698,40.71074],[-73.96978,40.7108],[-73.96941,40.71095],[-73.96938,40.71102],[-73.96982,40.71121],[-73.9697,40.71122],[-73.96931,40.7111],[-73.96923,40.71125],[-73.96929,40.71128],[-73.96923,40.71144],[-73.96914,40.71146],[-73.96886,40.71223],[-73.96881,40.71225],[-73.96886,40.71228],[-73.96883,40.7124],[-73.96894,40.71243],[-73.9688,40.71274],[-73.96873,40.71272],[-73.96868,40.71285],[-73.9685,40.7128],[-73.96847,40.71282],[-73.96845,40.71292],[-73.96857,40.71295],[-73.9685,40.7131],[-73.96884,40.71322],[-73.96801,40.71512],[-73.96736,40.71648],[-73.96729,40.71652],[-73.96724,40.71659],[-73.96726,40.71667],[-73.96711,40.7169],[-73.96727,40.71699],[-73.9666,40.71797],[-73.96718,40.71828],[-73.96731,40.71831],[-73.96718,40.71848],[-73.96707,40.71844],[-73.96715,40.71832],[-73.96656,40.71802],[-73.96653,40.71803],[-73.96635,40.7183],[-73.96624,40.71825],[-73.96608,40.7184],[-73.96613,40.71844],[-73.96615,40.7185],[-73.96588,40.71876],[-73.96634,40.71902],[-73.96637,40.71899],[-73.96663,40.71913],[-73.96654,40.71922],[-73.96632,40.71911],[-73.96637,40.71906],[-73.96586,40.71877],[-73.9657,40.71892],[-73.96563,40.71893],[-73.96553,40.7189],[-73.96515,40.71927],[-73.96529,40.71936],[-73.9654,40.71956],[-73.96555,40.71966],[-73.96539,40.71995],[-73.96537,40.72009],[-73.96514,40.72034],[-73.96501,40.72029],[-73.96491,40.72033],[-73.96446,40.72006],[-73.96436,40.72016],[-73.96448,40.72023],[-73.9644,40.7203],[-73.96468,40.72047],[-73.96459,40.72054],[-73.96435,40.7204],[-73.96409,40.72076],[-73.96505,40.72136],[-73.96489,40.72148],[-73.964,40.72094],[-73.96354,40.72157],[-73.96344,40.72156],[-73.96297,40.72203],[-73.96276,40.7224],[-73.96207,40.72388],[-73.96247,40.72413],[-73.96247,40.72417],[-73.96237,40.72421],[-73.96201,40.72399],[-73.96189,40.72411],[-73.96166,40.72486],[-73.96211,40.72515],[-73.9619,40.72532],[-73.96154,40.72511],[-73.96116,40.72526],[-73.96043,40.72511],[-73.96037,40.72505],[-73.95833,40.72441],[-73.95804,40.72443],[-73.95794,40.72465],[-73.95795,40.72504],[-73.95835,40.7252],[-73.95843,40.7254],[-73.96012,40.72532],[-73.96029,40.72595],[-73.96106,40.72584],[-73.96162,40.72587],[-73.96165,40.7262],[-73.96162,40.72666],[-73.9615,40.72675],[-73.96142,40.72736],[-73.96114,40.7281],[-73.96105,40.72847],[-73.96101,40.72852],[-73.961,40.72877],[-73.96106,40.72878],[-73.96107,40.72922],[-73.96114,40.72942],[-73.9612,40.72942],[-73.96135,40.73016],[-73.96128,40.73016],[-73.96143,40.73097],[-73.96172,40.73157],[-73.96191,40.73165],[-73.96226,40.73292],[-73.96353,40.73284],[-73.96359,40.73293],[-73.96368,40.73293],[-73.96367,40.73281],[-73.96404,40.73277],[-73.96407,40.73279],[-73.96409,40.73293],[-73.96407,40.73296],[-73.96366,40.733],[-73.9623,40.73311],[-73.96234,40.73339],[-73.96231,40.73353],[-73.96236,40.73371],[-73.96229,40.73405],[-73.96209,40.73451],[-73.96191,40.73475],[-73.96176,40.73489],[-73.96157,40.73518],[-73.96047,40.7364],[-73.95983,40.73706],[-73.95919,40.73754],[-73.95838,40.7381],[-73.95772,40.73849],[-73.95692,40.73889],[-73.95466,40.73913],[-73.95416,40.73911],[-73.95292,40.73893],[-73.95199,40.73875],[-73.95193,40.7387],[-73.95188,40.73871],[-73.95046,40.73831],[-73.94812,40.7374],[-73.94809,40.73747],[-73.94716,40.73715],[-73.94684,40.737],[-73.94662,40.73692],[-73.94652,40.73693],[-73.94644,40.73678],[-73.9472,40.73536],[-73.94707,40.7344],[-73.9466,40.73444],[-73.94674,40.73529],[-73.94676,40.73526],[-73.94693,40.73531],[-73.94663,40.73587],[-73.94644,40.73581],[-73.94625,40.73617],[-73.94617,40.7362],[-73.94587,40.7361],[-73.94557,40.73661],[-73.94552,40.73659],[-73.94555,40.73654],[-73.94542,40.7365],[-73.94536,40.73655],[-73.94521,40.73651],[-73.94522,40.73644],[-73.94508,40.73639],[-73.94506,40.73644],[-73.945,40.73644],[-73.94525,40.73589],[-73.94519,40.73548],[-73.94503,40.73543],[-73.94496,40.73563],[-73.94477,40.73599],[-73.94452,40.73624],[-73.94454,40.73626],[-73.94452,40.73628],[-73.94439,40.73626],[-73.94321,40.73579],[-73.94239,40.73543],[-73.94174,40.73495],[-73.94179,40.73489],[-73.94161,40.73469],[-73.94155,40.73473],[-73.94115,40.73415],[-73.941,40.73379],[-73.94116,40.73375],[-73.94104,40.73349],[-73.94093,40.73351],[-73.94082,40.73325],[-73.94073,40.73329],[-73.94057,40.73306],[-73.94068,40.73302],[-73.94037,40.73221],[-73.93981,40.73115],[-73.93975,40.73107],[-73.93892,40.73038],[-73.93856,40.73013],[-73.9381,40.72973],[-73.93809,40.72975],[-73.93693,40.72911],[-73.93493,40.72854],[-73.93423,40.72843],[-73.93423,40.72839],[-73.9335,40.7283],[-73.93326,40.72824],[-73.93302,40.72821],[-73.93291,40.72823],[-73.93241,40.72815],[-73.93235,40.72818],[-73.932,40.72815],[-73.93168,40.72803],[-73.9308,40.72785],[-73.93033,40.7278],[-73.92966,40.72754],[-73.92963,40.7276],[-73.92958,40.72761],[-73.92924,40.7274],[-73.92927,40.72737],[-73.92849,40.72661],[-73.92805,40.72607],[-73.92794,40.72588],[-73.92787,40.72585],[-73.9278,40.72493],[-73.9272,40.72365],[-73.92561,40.72006],[-73.92482,40.72027],[-73.92471,40.72],[-73.92475,40.71999],[-73.92453,40.71967],[-73.92454,40.71934],[-73.9247,40.71869],[-73.92482,40.71849],[-73.92493,40.71841],[-73.92616,40.7181],[-73.92638,40.71808],[-73.92838,40.71758],[-73.92847,40.71763],[-73.92867,40.71766],[-73.92879,40.71773],[-73.92888,40.71772],[-73.92912,40.71753],[-73.92919,40.71741],[-73.92957,40.71722],[-73.92971,40.71705],[-73.9295,40.71657],[-73.9295,40.7165],[-73.92932,40.71611],[-73.92934,40.71594],[-73.92947,40.71572],[-73.93149,40.71521],[-73.93179,40.71518],[-73.93208,40.71506],[-73.93223,40.71494],[-73.93223,40.71485],[-73.93214,40.71468],[-73.93175,40.71474],[-73.93124,40.71372],[-73.93145,40.71344],[-73.93165,40.71334],[-73.9326,40.71308],[-73.93265,40.71304],[-73.93203,40.71159],[-73.93338,40.71123],[-73.93328,40.71098],[-73.9319,40.71134],[-73.93093,40.70917],[-73.93078,40.7091],[-73.93076,40.70897],[-73.93054,40.70877],[-73.9305,40.70868],[-73.93036,40.70872],[-73.93038,40.7088],[-73.93025,40.70893],[-73.93155,40.71186],[-73.93086,40.71206],[-73.9308,40.7121],[-73.93078,40.71216],[-73.93086,40.71222],[-73.93161,40.71204],[-73.93183,40.71251],[-73.93184,40.71263],[-73.93181,40.71269],[-73.93173,40.71275],[-73.93053,40.71306],[-73.93042,40.71317],[-73.93105,40.71461],[-73.93085,40.7149],[-73.92992,40.71515],[-73.9299,40.71512],[-73.92931,40.71528],[-73.92925,40.71533],[-73.92844,40.71553],[-73.9289,40.71657],[-73.92888,40.71668],[-73.92877,40.71681],[-73.92821,40.71711],[-73.92595,40.71769],[-73.92473,40.71794],[-73.9246,40.71795],[-73.92449,40.71791],[-73.92412,40.71768],[-73.92359,40.71727],[-73.92335,40.71697],[-73.92317,40.71648],[-73.92312,40.71648],[-73.92306,40.71634],[-73.92361,40.7161],[-73.92359,40.71603],[-73.92431,40.71585],[-73.92483,40.71528],[-73.92489,40.71527],[-73.92476,40.71498],[-73.92456,40.71475],[-73.92443,40.71436],[-73.92435,40.71431],[-73.92434,40.71412],[-73.92406,40.71411]]]}}]}